collected_at,service,pod,timestamp,level,trace_id,span_id,thread,logger,message
2026-07-23T00:05:14.699575+00:00,customers-service,customers-service-68b57f7b8c-2hfs9,2026-07-23T00:05:11.509779+00:00,DEBUG,7868bcf9c2d4eee7,7868bcf9c2d4eee7,nio-8080-exec-5,o.s.web.servlet.DispatcherServlet,Completed 200 OK
2026-07-23T00:05:14.699575+00:00,customers-service,customers-service-68b57f7b8c-2hfs9,2026-07-23T00:05:03.482113+00:00,DEBUG,101c8650173ccc4f,101c8650173ccc4f,nio-8080-exec-8,o.s.web.servlet.DispatcherServlet,Completed 200 OK
2026-07-23T00:05:14.699575+00:00,customers-service,customers-service-68b57f7b8c-2hfs9,2026-07-23T00:05:00.725206+00:00,DEBUG,b2689c2556f9746f,b2689c2556f9746f,nio-8080-exec-6,o.s.web.servlet.DispatcherServlet,Completed 200 OK
2026-07-23T00:05:14.699575+00:00,customers-service,customers-service-68b57f7b8c-2hfs9,2026-07-23T00:04:55.254179+00:00,DEBUG,9677441a8dc47a25,9677441a8dc47a25,nio-8080-exec-7,o.s.web.servlet.DispatcherServlet,Completed 200 OK
2026-07-23T00:05:14.699575+00:00,customers-service,customers-service-68b57f7b8c-2hfs9,2026-07-23T00:04:44.468320+00:00,DEBUG,bd43faddf10d220e,bd43faddf10d220e,nio-8080-exec-2,o.s.web.servlet.DispatcherServlet,Completed 200 OK
2026-07-23T00:05:14.699575+00:00,customers-service,customers-service-68b57f7b8c-2hfs9,2026-07-23T00:04:42.461971+00:00,DEBUG,632931f45a4eca0b,632931f45a4eca0b,nio-8080-exec-1,o.s.web.servlet.DispatcherServlet,Completed 200 OK
2026-07-23T00:05:14.699575+00:00,customers-service,customers-service-68b57f7b8c-2hfs9,2026-07-23T00:04:40.204847+00:00,DEBUG,dc38310e2736d07d,dc38310e2736d07d,nio-8080-exec-3,o.s.web.servlet.DispatcherServlet,Completed 200 OK
2026-07-23T00:05:14.699575+00:00,customers-service,customers-service-68b57f7b8c-2hfs9,2026-07-23T00:04:29.671517+00:00,DEBUG,2427527cbc36915e,2427527cbc36915e,io-8080-exec-10,o.s.web.servlet.DispatcherServlet,Completed 200 OK
2026-07-23T00:05:14.699575+00:00,customers-service,customers-service-68b57f7b8c-2hfs9,2026-07-23T00:04:23.879464+00:00,DEBUG,c5ec70a60de85305,c5ec70a60de85305,nio-8080-exec-9,o.s.web.servlet.DispatcherServlet,Completed 200 OK
2026-07-23T00:05:14.699575+00:00,customers-service,customers-service-68b57f7b8c-2hfs9,2026-07-23T00:04:21.121456+00:00,DEBUG,c7259e3b07ecc47a,c7259e3b07ecc47a,nio-8080-exec-4,o.s.web.servlet.DispatcherServlet,Completed 200 OK
2026-07-23T00:05:14.699575+00:00,customers-service,customers-service-68b57f7b8c-2hfs9,2026-07-23T00:04:13.346492+00:00,DEBUG,8408fc11c635eada,8408fc11c635eada,nio-8080-exec-5,o.s.web.servlet.DispatcherServlet,Completed 200 OK
2026-07-23T00:05:14.699575+00:00,customers-service,customers-service-68b57f7b8c-r7tfg,2026-07-23T00:05:02.729896+00:00,DEBUG,3103a300ef5e940c,3103a300ef5e940c,nio-8080-exec-1,o.s.web.servlet.DispatcherServlet,Completed 200 OK
2026-07-23T00:05:14.699575+00:00,customers-service,customers-service-68b57f7b8c-r7tfg,2026-07-23T00:05:01.727871+00:00,DEBUG,fe1d23a0152802c4,fe1d23a0152802c4,nio-8080-exec-5,o.s.web.servlet.DispatcherServlet,Completed 200 OK
2026-07-23T00:05:14.699575+00:00,customers-service,customers-service-68b57f7b8c-r7tfg,2026-07-23T00:04:59.471395+00:00,DEBUG,3f3f644fdb134e8e,3f3f644fdb134e8e,nio-8080-exec-6,o.s.web.servlet.DispatcherServlet,Completed 200 OK
2026-07-23T00:05:14.699575+00:00,customers-service,customers-service-68b57f7b8c-r7tfg,2026-07-23T00:04:46.473629+00:00,DEBUG,91d6eebe74d369a6,91d6eebe74d369a6,io-8080-exec-10,o.s.web.servlet.DispatcherServlet,Completed 200 OK
2026-07-23T00:05:14.699575+00:00,customers-service,customers-service-68b57f7b8c-r7tfg,2026-07-23T00:04:43.215432+00:00,DEBUG,75bc9fdb7bba9005,75bc9fdb7bba9005,nio-8080-exec-7,o.s.web.servlet.DispatcherServlet,Completed 200 OK
2026-07-23T00:05:14.699575+00:00,customers-service,customers-service-68b57f7b8c-r7tfg,2026-07-23T00:04:40.455968+00:00,DEBUG,e3e81d92fab39614,e3e81d92fab39614,nio-8080-exec-8,o.s.web.servlet.DispatcherServlet,Completed 200 OK
2026-07-23T00:05:14.699575+00:00,customers-service,customers-service-68b57f7b8c-r7tfg,2026-07-23T00:04:31.677560+00:00,DEBUG,8cee05615fa0aaad,8cee05615fa0aaad,nio-8080-exec-3,o.s.web.servlet.DispatcherServlet,Completed 200 OK
2026-07-23T00:05:14.699575+00:00,customers-service,customers-service-68b57f7b8c-r7tfg,2026-07-23T00:04:28.165305+00:00,DEBUG,b8e50109fbd26fcf,b8e50109fbd26fcf,nio-8080-exec-4,o.s.web.servlet.DispatcherServlet,Completed 200 OK
2026-07-23T00:05:14.699575+00:00,customers-service,customers-service-68b57f7b8c-r7tfg,2026-07-23T00:04:19.114176+00:00,DEBUG,01a496ce13e5793e,01a496ce13e5793e,nio-8080-exec-2,o.s.web.servlet.DispatcherServlet,Completed 200 OK
2026-07-23T00:05:14.699575+00:00,customers-service,customers-service-68b57f7b8c-r7tfg,2026-07-23T00:04:15.352996+00:00,DEBUG,a0da3d1b8fb1dc67,a0da3d1b8fb1dc67,nio-8080-exec-9,o.s.web.servlet.DispatcherServlet,Completed 200 OK
2026-07-23T00:05:14.699575+00:00,customers-service,customers-service-68b57f7b8c-r7tfg,2026-07-23T00:04:11.839651+00:00,DEBUG,214a74ce4f690d58,214a74ce4f690d58,nio-8080-exec-1,o.s.web.servlet.DispatcherServlet,Completed 200 OK
2026-07-23T00:05:14.699575+00:00,customers-service,customers-service-68b57f7b8c-r7tfg,2026-07-23T00:04:10.587002+00:00,DEBUG,f95574616e496a88,87fbdb2b1c2082bd,nio-8080-exec-5,o.s.web.servlet.DispatcherServlet,Completed 200 OK
2026-07-23T00:05:14.699575+00:00,customers-service,customers-service-68b57f7b8c-r7tfg,2026-07-23T00:04:10.586996+00:00,DEBUG,f95574616e496a88,6a47a2483caf5439,nio-8080-exec-5,o.s.web.servlet.DispatcherServlet,"GET ""/owners/1"", parameters={}"
2026-07-23T00:05:14.699575+00:00,customers-service,customers-service-68b57f7b8c-r7tfg,2026-07-23T00:04:10.336761+00:00,DEBUG,28a24267b78473b0,6d2beb82c41b7e03,nio-8080-exec-6,o.s.web.servlet.DispatcherServlet,Completed 200 OK
2026-07-23T00:05:14.699575+00:00,customers-service,customers-service-68b57f7b8c-r7tfg,2026-07-23T00:04:10.336740+00:00,DEBUG,28a24267b78473b0,16feab929c5178c5,nio-8080-exec-6,o.s.web.servlet.DispatcherServlet,"GET ""/owners/1"", parameters={}"
2026-07-23T00:05:14.699575+00:00,customers-service,customers-service-68b57f7b8c-r7tfg,2026-07-23T00:04:10.336735+00:00,DEBUG,dc30ecc2a91b6e7e,e982609dfad8d50b,io-8080-exec-10,o.s.web.servlet.DispatcherServlet,Completed 200 OK
2026-07-23T00:05:14.699575+00:00,customers-service,customers-service-68b57f7b8c-r7tfg,2026-07-23T00:04:10.085675+00:00,DEBUG,dc30ecc2a91b6e7e,cf0a563d9dc46274,io-8080-exec-10,o.s.web.servlet.DispatcherServlet,"GET ""/owners/1"", parameters={}"
2026-07-23T00:05:14.699575+00:00,customers-service,customers-service-68b57f7b8c-r7tfg,2026-07-23T00:04:10.085654+00:00,DEBUG,b54c8cc0bd8a8097,48384d1bbb9efb98,nio-8080-exec-7,o.s.web.servlet.DispatcherServlet,Completed 200 OK
2026-07-23T00:05:14.699575+00:00,customers-service,customers-service-68b57f7b8c-r7tfg,2026-07-23T00:04:10.085651+00:00,DEBUG,b54c8cc0bd8a8097,9757a9b78ca9ab28,nio-8080-exec-7,o.s.web.servlet.DispatcherServlet,"GET ""/owners"", parameters={}"
2026-07-23T00:05:14.699575+00:00,vets-service,vets-service-789bf77578-8z4zb,2026-07-23T00:05:03.243799+00:00,DEBUG,238a9e18ddb9ddd1,238a9e18ddb9ddd1,nio-8080-exec-9,o.s.web.servlet.DispatcherServlet,Completed 200 OK
2026-07-23T00:05:14.699575+00:00,vets-service,vets-service-789bf77578-8z4zb,2026-07-23T00:05:02.239406+00:00,DEBUG,436b30531c01072b,436b30531c01072b,nio-8080-exec-3,o.s.web.servlet.DispatcherServlet,Completed 200 OK
2026-07-23T00:05:14.699575+00:00,vets-service,vets-service-789bf77578-8z4zb,2026-07-23T00:04:54.967599+00:00,DEBUG,d40514b71faa31ca,d40514b71faa31ca,nio-8080-exec-2,o.s.web.servlet.DispatcherServlet,Completed 200 OK
2026-07-23T00:05:14.699575+00:00,vets-service,vets-service-789bf77578-8z4zb,2026-07-23T00:04:48.447518+00:00,DEBUG,63c75e51613e1e06,63c75e51613e1e06,nio-8080-exec-7,o.s.web.servlet.DispatcherServlet,Completed 200 OK
2026-07-23T00:05:14.699575+00:00,vets-service,vets-service-789bf77578-8z4zb,2026-07-23T00:04:46.942770+00:00,DEBUG,98f55783934deeed,98f55783934deeed,nio-8080-exec-5,o.s.web.servlet.DispatcherServlet,Completed 200 OK
2026-07-23T00:05:14.699575+00:00,vets-service,vets-service-789bf77578-8z4zb,2026-07-23T00:04:35.157012+00:00,DEBUG,b12913fe68d43467,b12913fe68d43467,nio-8080-exec-8,o.s.web.servlet.DispatcherServlet,Completed 200 OK
2026-07-23T00:05:14.699575+00:00,vets-service,vets-service-789bf77578-8z4zb,2026-07-23T00:04:33.403542+00:00,DEBUG,405b431b325e3029,405b431b325e3029,nio-8080-exec-4,o.s.web.servlet.DispatcherServlet,Completed 200 OK
2026-07-23T00:05:14.699575+00:00,vets-service,vets-service-789bf77578-8z4zb,2026-07-23T00:04:31.148298+00:00,DEBUG,84e4faddbbdcb985,84e4faddbbdcb985,nio-8080-exec-6,o.s.web.servlet.DispatcherServlet,Completed 200 OK
2026-07-23T00:05:14.699575+00:00,vets-service,vets-service-789bf77578-8z4zb,2026-07-23T00:04:18.360352+00:00,DEBUG,b7259e49f0476ef0,b7259e49f0476ef0,io-8080-exec-10,o.s.web.servlet.DispatcherServlet,Completed 200 OK
2026-07-23T00:05:14.699575+00:00,vets-service,vets-service-789bf77578-8z4zb,2026-07-23T00:04:15.852060+00:00,DEBUG,d0badf1319714b5e,d0badf1319714b5e,nio-8080-exec-1,o.s.web.servlet.DispatcherServlet,Completed 200 OK
2026-07-23T00:05:14.699575+00:00,vets-service,vets-service-789bf77578-8z4zb,2026-07-23T00:04:15.100935+00:00,DEBUG,99d6445a4f3cc66a,99d6445a4f3cc66a,nio-8080-exec-9,o.s.web.servlet.DispatcherServlet,Completed 200 OK
2026-07-23T00:05:14.699575+00:00,vets-service,vets-service-789bf77578-fzs4g,2026-07-23T00:05:02.490433+00:00,DEBUG,804ac35221957919,804ac35221957919,nio-8080-exec-1,o.s.web.servlet.DispatcherServlet,Completed 200 OK
2026-07-23T00:05:14.699575+00:00,vets-service,vets-service-789bf77578-fzs4g,2026-07-23T00:05:00.734242+00:00,DEBUG,a3b20b4ee966702c,a3b20b4ee966702c,nio-8080-exec-9,o.s.web.servlet.DispatcherServlet,Completed 200 OK
2026-07-23T00:05:14.699575+00:00,vets-service,vets-service-789bf77578-fzs4g,2026-07-23T00:04:59.230018+00:00,DEBUG,91219e2f0663c70b,91219e2f0663c70b,nio-8080-exec-7,o.s.web.servlet.DispatcherServlet,Completed 200 OK
2026-07-23T00:05:14.699575+00:00,vets-service,vets-service-789bf77578-fzs4g,2026-07-23T00:04:45.187413+00:00,DEBUG,676d7bdc9bdb7ddc,676d7bdc9bdb7ddc,nio-8080-exec-8,o.s.web.servlet.DispatcherServlet,Completed 200 OK
2026-07-23T00:05:14.699575+00:00,vets-service,vets-service-789bf77578-fzs4g,2026-07-23T00:04:44.434842+00:00,DEBUG,7712dd227baee2fc,7712dd227baee2fc,nio-8080-exec-4,o.s.web.servlet.DispatcherServlet,Completed 200 OK
2026-07-23T00:05:14.699575+00:00,vets-service,vets-service-789bf77578-fzs4g,2026-07-23T00:04:42.680588+00:00,DEBUG,d95b00f31e9dab6e,d95b00f31e9dab6e,io-8080-exec-10,o.s.web.servlet.DispatcherServlet,Completed 200 OK
2026-07-23T00:05:14.699575+00:00,vets-service,vets-service-789bf77578-fzs4g,2026-07-23T00:04:29.642818+00:00,DEBUG,b43405fa9ac5a0b7,b43405fa9ac5a0b7,nio-8080-exec-2,o.s.web.servlet.DispatcherServlet,Completed 200 OK
2026-07-23T00:05:14.699575+00:00,vets-service,vets-service-789bf77578-fzs4g,2026-07-23T00:04:29.391364+00:00,DEBUG,3422c15790ee7969,3422c15790ee7969,nio-8080-exec-6,o.s.web.servlet.DispatcherServlet,Completed 200 OK
2026-07-23T00:05:14.699575+00:00,vets-service,vets-service-789bf77578-fzs4g,2026-07-23T00:04:22.619438+00:00,DEBUG,f0c69345bdc7aac3,f0c69345bdc7aac3,nio-8080-exec-3,o.s.web.servlet.DispatcherServlet,Completed 200 OK
2026-07-23T00:05:14.699575+00:00,vets-service,vets-service-789bf77578-fzs4g,2026-07-23T00:04:14.348216+00:00,DEBUG,501b36e785bae38e,501b36e785bae38e,nio-8080-exec-5,o.s.web.servlet.DispatcherServlet,Completed 200 OK
2026-07-23T00:05:14.699575+00:00,vets-service,vets-service-789bf77578-fzs4g,2026-07-23T00:04:14.097237+00:00,DEBUG,802d804aec79aa6d,802d804aec79aa6d,nio-8080-exec-1,o.s.web.servlet.DispatcherServlet,Completed 200 OK
2026-07-23T00:05:14.699575+00:00,visits-service,visits-service-5bbc99b894-dtlvv,2026-07-23T00:05:06.251578+00:00,DEBUG,98537b2c3cd4d2cf,98537b2c3cd4d2cf,nio-8080-exec-4,o.s.web.servlet.DispatcherServlet,Completed 200 OK
2026-07-23T00:05:14.699575+00:00,visits-service,visits-service-5bbc99b894-dtlvv,2026-07-23T00:05:05.248283+00:00,DEBUG,91645a1896b197a4,91645a1896b197a4,nio-8080-exec-3,o.s.web.servlet.DispatcherServlet,Completed 200 OK
2026-07-23T00:05:14.699575+00:00,visits-service,visits-service-5bbc99b894-dtlvv,2026-07-23T00:05:02.490300+00:00,DEBUG,b6e621db68fd3778,b6e621db68fd3778,nio-8080-exec-5,o.s.web.servlet.DispatcherServlet,Completed 200 OK
2026-07-23T00:05:14.699575+00:00,visits-service,visits-service-5bbc99b894-dtlvv,2026-07-23T00:04:51.456046+00:00,DEBUG,ed4dc3f6d975ec72,ed4dc3f6d975ec72,nio-8080-exec-9,o.s.web.servlet.DispatcherServlet,Completed 200 OK
2026-07-23T00:05:14.699575+00:00,visits-service,visits-service-5bbc99b894-dtlvv,2026-07-23T00:04:49.951021+00:00,DEBUG,2e407975b43a3ea0,2e407975b43a3ea0,io-8080-exec-10,o.s.web.servlet.DispatcherServlet,Completed 200 OK
2026-07-23T00:05:14.699575+00:00,visits-service,visits-service-5bbc99b894-dtlvv,2026-07-23T00:04:42.680528+00:00,DEBUG,5fee650f0accf8fc,5fee650f0accf8fc,nio-8080-exec-2,o.s.web.servlet.DispatcherServlet,Completed 200 OK
2026-07-23T00:05:14.699575+00:00,visits-service,visits-service-5bbc99b894-dtlvv,2026-07-23T00:04:36.410677+00:00,DEBUG,45a76c07960488b0,45a76c07960488b0,nio-8080-exec-1,o.s.web.servlet.DispatcherServlet,Completed 200 OK
2026-07-23T00:05:14.699575+00:00,visits-service,visits-service-5bbc99b894-dtlvv,2026-07-23T00:04:34.155589+00:00,DEBUG,bd2213e343cd613b,bd2213e343cd613b,nio-8080-exec-7,o.s.web.servlet.DispatcherServlet,Completed 200 OK
2026-07-23T00:05:14.699575+00:00,visits-service,visits-service-5bbc99b894-dtlvv,2026-07-23T00:04:22.619508+00:00,DEBUG,21c284dfb4092e50,21c284dfb4092e50,nio-8080-exec-6,o.s.web.servlet.DispatcherServlet,Completed 200 OK
2026-07-23T00:05:14.699575+00:00,visits-service,visits-service-5bbc99b894-dtlvv,2026-07-23T00:04:21.368078+00:00,DEBUG,759b55abf67417af,759b55abf67417af,nio-8080-exec-8,o.s.web.servlet.DispatcherServlet,Completed 200 OK
2026-07-23T00:05:14.699575+00:00,visits-service,visits-service-5bbc99b894-dtlvv,2026-07-23T00:04:18.861377+00:00,DEBUG,a5f108a6a035b5d6,a5f108a6a035b5d6,nio-8080-exec-4,o.s.web.servlet.DispatcherServlet,Completed 200 OK
2026-07-23T00:05:14.699575+00:00,visits-service,visits-service-5bbc99b894-rlpg7,2026-07-23T00:05:12.524156+00:00,DEBUG,9a4cdda444021318,9a4cdda444021318,nio-8080-exec-4,o.s.web.servlet.DispatcherServlet,Completed 200 OK
2026-07-23T00:05:14.699575+00:00,visits-service,visits-service-5bbc99b894-rlpg7,2026-07-23T00:05:07.255348+00:00,DEBUG,3af677edecca17d5,3af677edecca17d5,io-8080-exec-10,o.s.web.servlet.DispatcherServlet,Completed 200 OK
2026-07-23T00:05:14.699575+00:00,visits-service,visits-service-5bbc99b894-rlpg7,2026-07-23T00:05:06.753439+00:00,DEBUG,a57f3086ac34bf91,a57f3086ac34bf91,nio-8080-exec-8,o.s.web.servlet.DispatcherServlet,Completed 200 OK
2026-07-23T00:05:14.699575+00:00,visits-service,visits-service-5bbc99b894-rlpg7,2026-07-23T00:04:57.223221+00:00,DEBUG,b2ef040b233ced1e,b2ef040b233ced1e,nio-8080-exec-9,o.s.web.servlet.DispatcherServlet,Completed 200 OK
2026-07-23T00:05:14.699575+00:00,visits-service,visits-service-5bbc99b894-rlpg7,2026-07-23T00:04:52.460001+00:00,DEBUG,efab1c4d42692643,efab1c4d42692643,nio-8080-exec-6,o.s.web.servlet.DispatcherServlet,Completed 200 OK
2026-07-23T00:05:14.699575+00:00,visits-service,visits-service-5bbc99b894-rlpg7,2026-07-23T00:04:46.942836+00:00,DEBUG,dcb1e75399ac0f3a,dcb1e75399ac0f3a,nio-8080-exec-7,o.s.web.servlet.DispatcherServlet,Completed 200 OK
2026-07-23T00:05:14.699575+00:00,visits-service,visits-service-5bbc99b894-rlpg7,2026-07-23T00:04:41.426426+00:00,DEBUG,b38fb6afc7c16d15,b38fb6afc7c16d15,nio-8080-exec-1,o.s.web.servlet.DispatcherServlet,Completed 200 OK
2026-07-23T00:05:14.699575+00:00,visits-service,visits-service-5bbc99b894-rlpg7,2026-07-23T00:04:37.413706+00:00,DEBUG,8908bfc47e90c8da,8908bfc47e90c8da,nio-8080-exec-5,o.s.web.servlet.DispatcherServlet,Completed 200 OK
2026-07-23T00:05:14.699575+00:00,visits-service,visits-service-5bbc99b894-rlpg7,2026-07-23T00:04:26.884432+00:00,DEBUG,a3f3db3fb08e9ee8,a3f3db3fb08e9ee8,nio-8080-exec-3,o.s.web.servlet.DispatcherServlet,Completed 200 OK
2026-07-23T00:05:14.699575+00:00,visits-service,visits-service-5bbc99b894-rlpg7,2026-07-23T00:04:26.132591+00:00,DEBUG,a0d42a6256a976b2,a0d42a6256a976b2,nio-8080-exec-4,o.s.web.servlet.DispatcherServlet,Completed 200 OK
2026-07-23T00:05:14.699575+00:00,visits-service,visits-service-5bbc99b894-rlpg7,2026-07-23T00:04:22.369362+00:00,DEBUG,5a8bcbe7bccf501e,5a8bcbe7bccf501e,nio-8080-exec-2,o.s.web.servlet.DispatcherServlet,Completed 200 OK
2026-07-23T00:05:14.699575+00:00,visits-service,visits-service-5bbc99b894-rlpg7,2026-07-23T00:04:11.337438+00:00,DEBUG,8f99e10a5b135efb,2659f063c40fc024,io-8080-exec-10,o.s.web.servlet.DispatcherServlet,Completed 200 OK
2026-07-23T00:05:14.699575+00:00,visits-service,visits-service-5bbc99b894-rlpg7,2026-07-23T00:04:11.337434+00:00,DEBUG,8f99e10a5b135efb,2659f063c40fc024,io-8080-exec-10,o.s.web.servlet.DispatcherServlet,"GET ""/owners/1/pets/1/visits"", parameters={}"
2026-07-23T00:05:14.699575+00:00,visits-service,visits-service-5bbc99b894-rlpg7,2026-07-23T00:04:10.335257+00:00,DEBUG,473ce26856ed04e2,473ce26856ed04e2,nio-8080-exec-8,o.s.web.servlet.DispatcherServlet,Completed 200 OK
2026-07-23T00:06:17.073380+00:00,customers-service,customers-service-68b57f7b8c-2hfs9,2026-07-23T00:06:13.819773+00:00,DEBUG,0f305251ecafe562,0f305251ecafe562,nio-8080-exec-4,o.s.web.servlet.DispatcherServlet,Completed 200 OK
2026-07-23T00:06:17.073380+00:00,customers-service,customers-service-68b57f7b8c-2hfs9,2026-07-23T00:06:06.045139+00:00,DEBUG,0dad37e5f3faf0a0,0dad37e5f3faf0a0,nio-8080-exec-5,o.s.web.servlet.DispatcherServlet,Completed 200 OK
2026-07-23T00:06:17.073380+00:00,customers-service,customers-service-68b57f7b8c-2hfs9,2026-07-23T00:06:02.000270+00:00,DEBUG,e7f3ee657535974d,e7f3ee657535974d,nio-8080-exec-8,o.s.web.servlet.DispatcherServlet,Completed 200 OK
2026-07-23T00:06:17.073380+00:00,customers-service,customers-service-68b57f7b8c-2hfs9,2026-07-23T00:05:57.485904+00:00,DEBUG,a1d737e4e375d98c,a1d737e4e375d98c,nio-8080-exec-6,o.s.web.servlet.DispatcherServlet,Completed 200 OK
2026-07-23T00:06:17.073380+00:00,customers-service,customers-service-68b57f7b8c-2hfs9,2026-07-23T00:05:46.953343+00:00,DEBUG,619c3aadad049729,619c3aadad049729,nio-8080-exec-7,o.s.web.servlet.DispatcherServlet,Completed 200 OK
2026-07-23T00:06:17.073380+00:00,customers-service,customers-service-68b57f7b8c-2hfs9,2026-07-23T00:05:44.694706+00:00,DEBUG,951fcdcef235235e,951fcdcef235235e,nio-8080-exec-2,o.s.web.servlet.DispatcherServlet,Completed 200 OK
2026-07-23T00:06:17.073380+00:00,customers-service,customers-service-68b57f7b8c-2hfs9,2026-07-23T00:05:42.437885+00:00,DEBUG,7766d33241165943,7766d33241165943,nio-8080-exec-1,o.s.web.servlet.DispatcherServlet,Completed 200 OK
2026-07-23T00:06:17.073380+00:00,customers-service,customers-service-68b57f7b8c-2hfs9,2026-07-23T00:05:30.816000+00:00,DEBUG,9e88935b895dba3e,9e88935b895dba3e,nio-8080-exec-3,o.s.web.servlet.DispatcherServlet,Completed 200 OK
2026-07-23T00:06:17.073380+00:00,customers-service,customers-service-68b57f7b8c-2hfs9,2026-07-23T00:05:26.553275+00:00,DEBUG,2b3320f3a1895cfb,2b3320f3a1895cfb,io-8080-exec-10,o.s.web.servlet.DispatcherServlet,Completed 200 OK
2026-07-23T00:06:17.073380+00:00,customers-service,customers-service-68b57f7b8c-2hfs9,2026-07-23T00:05:23.545805+00:00,DEBUG,d7d2628df4ada2ee,d7d2628df4ada2ee,nio-8080-exec-9,o.s.web.servlet.DispatcherServlet,Completed 200 OK
2026-07-23T00:06:17.073380+00:00,customers-service,customers-service-68b57f7b8c-2hfs9,2026-07-23T00:05:15.773876+00:00,DEBUG,e1e072ae1789ffdd,e1e072ae1789ffdd,nio-8080-exec-4,o.s.web.servlet.DispatcherServlet,Completed 200 OK
2026-07-23T00:06:17.073380+00:00,customers-service,customers-service-68b57f7b8c-r7tfg,2026-07-23T00:06:15.825265+00:00,DEBUG,4307eeec1ae2d378,e1698fc39dfd30fb,nio-8080-exec-7,o.s.web.servlet.DispatcherServlet,Completed 200 OK
2026-07-23T00:06:17.073380+00:00,customers-service,customers-service-68b57f7b8c-r7tfg,2026-07-23T00:06:15.825000+00:00,DEBUG,4307eeec1ae2d378,7549900cd390be21,nio-8080-exec-7,o.s.web.servlet.DispatcherServlet,"GET ""/owners/1"", parameters={}"
2026-07-23T00:06:17.073380+00:00,customers-service,customers-service-68b57f7b8c-r7tfg,2026-07-23T00:06:15.073470+00:00,DEBUG,f8a191c6f2e3059d,2e249d2aea7f9f42,io-8080-exec-10,o.s.web.servlet.DispatcherServlet,Completed 200 OK
2026-07-23T00:06:17.073380+00:00,customers-service,customers-service-68b57f7b8c-r7tfg,2026-07-23T00:06:15.073449+00:00,DEBUG,f8a191c6f2e3059d,57ae0dcc1d41defc,io-8080-exec-10,o.s.web.servlet.DispatcherServlet,"GET ""/owners"", parameters={}"
2026-07-23T00:06:17.073380+00:00,customers-service,customers-service-68b57f7b8c-r7tfg,2026-07-23T00:06:15.073446+00:00,DEBUG,c78b85471433261b,62503cf341a590b4,nio-8080-exec-4,o.s.web.servlet.DispatcherServlet,Completed 200 OK
2026-07-23T00:06:17.073380+00:00,customers-service,customers-service-68b57f7b8c-r7tfg,2026-07-23T00:06:14.823046+00:00,DEBUG,c78b85471433261b,35f4b081410c98e8,nio-8080-exec-4,o.s.web.servlet.DispatcherServlet,"GET ""/owners"", parameters={}"
2026-07-23T00:06:17.073380+00:00,customers-service,customers-service-68b57f7b8c-r7tfg,2026-07-23T00:06:14.823029+00:00,DEBUG,f5e6ac68af43e777,9f820c0953b1c152,nio-8080-exec-3,o.s.web.servlet.DispatcherServlet,Completed 200 OK
2026-07-23T00:06:17.073380+00:00,customers-service,customers-service-68b57f7b8c-r7tfg,2026-07-23T00:06:14.823024+00:00,DEBUG,f5e6ac68af43e777,90d551e1270a3024,nio-8080-exec-3,o.s.web.servlet.DispatcherServlet,"GET ""/owners/1"", parameters={}"
2026-07-23T00:06:17.073380+00:00,customers-service,customers-service-68b57f7b8c-r7tfg,2026-07-23T00:06:14.321774+00:00,DEBUG,d0b0a074e0b3cf49,80ce44ec35fdd289,nio-8080-exec-1,o.s.web.servlet.DispatcherServlet,Completed 200 OK
2026-07-23T00:06:17.073380+00:00,customers-service,customers-service-68b57f7b8c-r7tfg,2026-07-23T00:06:14.321770+00:00,DEBUG,d0b0a074e0b3cf49,9b72cdfb62497918,nio-8080-exec-1,o.s.web.servlet.DispatcherServlet,"GET ""/owners/1"", parameters={}"
2026-07-23T00:06:17.073380+00:00,customers-service,customers-service-68b57f7b8c-r7tfg,2026-07-23T00:06:14.070629+00:00,DEBUG,8ceb5588c9e36e0f,41525ae8aa614887,nio-8080-exec-2,o.s.web.servlet.DispatcherServlet,Completed 200 OK
2026-07-23T00:06:17.073380+00:00,customers-service,customers-service-68b57f7b8c-r7tfg,2026-07-23T00:06:14.070622+00:00,DEBUG,8ceb5588c9e36e0f,55cd9b8b0ca622c6,nio-8080-exec-2,o.s.web.servlet.DispatcherServlet,"GET ""/owners/1"", parameters={}"
2026-07-23T00:06:17.073380+00:00,customers-service,customers-service-68b57f7b8c-r7tfg,2026-07-23T00:06:13.819779+00:00,DEBUG,f0ce01ebfe8d1f7c,cc31af186c2f0863,nio-8080-exec-9,o.s.web.servlet.DispatcherServlet,Completed 200 OK
2026-07-23T00:06:17.073380+00:00,customers-service,customers-service-68b57f7b8c-r7tfg,2026-07-23T00:06:13.819773+00:00,DEBUG,f0ce01ebfe8d1f7c,fdabac6d2ac2ec27,nio-8080-exec-9,o.s.web.servlet.DispatcherServlet,"GET ""/owners/1"", parameters={}"
2026-07-23T00:06:17.073380+00:00,customers-service,customers-service-68b57f7b8c-r7tfg,2026-07-23T00:06:13.568497+00:00,DEBUG,2ac98049846b5bc4,be62048b6e2d7e2c,nio-8080-exec-5,o.s.web.servlet.DispatcherServlet,Completed 200 OK
2026-07-23T00:06:17.073380+00:00,customers-service,customers-service-68b57f7b8c-r7tfg,2026-07-23T00:06:13.568491+00:00,DEBUG,2ac98049846b5bc4,64a0c0a069ab9a47,nio-8080-exec-5,o.s.web.servlet.DispatcherServlet,"GET ""/owners/1"", parameters={}"
2026-07-23T00:06:17.073380+00:00,customers-service,customers-service-68b57f7b8c-r7tfg,2026-07-23T00:06:12.816563+00:00,DEBUG,19b62c6c4922d26e,9de154cb30763f54,nio-8080-exec-6,o.s.web.servlet.DispatcherServlet,Completed 200 OK
2026-07-23T00:06:17.073380+00:00,customers-service,customers-service-68b57f7b8c-r7tfg,2026-07-23T00:06:12.816539+00:00,DEBUG,19b62c6c4922d26e,92df51da74f8e15b,nio-8080-exec-6,o.s.web.servlet.DispatcherServlet,"GET ""/owners/1"", parameters={}"
2026-07-23T00:06:17.073380+00:00,customers-service,customers-service-68b57f7b8c-r7tfg,2026-07-23T00:06:12.816512+00:00,DEBUG,f70d51383a623bb4,370a9611c46fc088,nio-8080-exec-8,o.s.web.servlet.DispatcherServlet,Completed 200 OK
2026-07-23T00:06:17.073380+00:00,customers-service,customers-service-68b57f7b8c-r7tfg,2026-07-23T00:06:12.816506+00:00,DEBUG,f70d51383a623bb4,605564c97a64a234,nio-8080-exec-8,o.s.web.servlet.DispatcherServlet,"GET ""/owners/1"", parameters={}"
2026-07-23T00:06:17.073380+00:00,customers-service,customers-service-68b57f7b8c-r7tfg,2026-07-23T00:06:12.566292+00:00,DEBUG,ff1d9fe5f6f4bb17,9277b1f1b160331d,nio-8080-exec-7,o.s.web.servlet.DispatcherServlet,Completed 200 OK
2026-07-23T00:06:17.073380+00:00,customers-service,customers-service-68b57f7b8c-r7tfg,2026-07-23T00:06:12.566286+00:00,DEBUG,ff1d9fe5f6f4bb17,b053123047186254,nio-8080-exec-7,o.s.web.servlet.DispatcherServlet,"GET ""/owners/1"", parameters={}"
2026-07-23T00:06:17.073380+00:00,customers-service,customers-service-68b57f7b8c-r7tfg,2026-07-23T00:06:12.316081+00:00,DEBUG,2cbb9432f138867a,5682552f6fe9634e,io-8080-exec-10,o.s.web.servlet.DispatcherServlet,Completed 200 OK
2026-07-23T00:06:17.073380+00:00,customers-service,customers-service-68b57f7b8c-r7tfg,2026-07-23T00:06:12.316077+00:00,DEBUG,2cbb9432f138867a,624fe1ff7d372045,io-8080-exec-10,o.s.web.servlet.DispatcherServlet,"GET ""/owners/1"", parameters={}"
2026-07-23T00:06:17.073380+00:00,customers-service,customers-service-68b57f7b8c-r7tfg,2026-07-23T00:06:12.065073+00:00,DEBUG,a80cf3d24d6caf7e,71908aaa137e924f,nio-8080-exec-4,o.s.web.servlet.DispatcherServlet,Completed 200 OK
2026-07-23T00:06:17.073380+00:00,customers-service,customers-service-68b57f7b8c-r7tfg,2026-07-23T00:06:12.065064+00:00,DEBUG,a80cf3d24d6caf7e,7c71273a7b48e3af,nio-8080-exec-4,o.s.web.servlet.DispatcherServlet,"GET ""/owners/1"", parameters={}"
2026-07-23T00:06:17.073380+00:00,customers-service,customers-service-68b57f7b8c-r7tfg,2026-07-23T00:06:11.814258+00:00,DEBUG,d33ef8f26932a8b1,dc2e93f18a7529cc,nio-8080-exec-3,o.s.web.servlet.DispatcherServlet,Completed 200 OK
2026-07-23T00:06:17.073380+00:00,customers-service,customers-service-68b57f7b8c-r7tfg,2026-07-23T00:06:11.814245+00:00,DEBUG,d33ef8f26932a8b1,bd401b9bbddcb04d,nio-8080-exec-3,o.s.web.servlet.DispatcherServlet,"GET ""/owners"", parameters={}"
2026-07-23T00:06:17.073380+00:00,customers-service,customers-service-68b57f7b8c-r7tfg,2026-07-23T00:06:11.061255+00:00,DEBUG,1dece62d6a9d1d89,2092b37fa657861f,nio-8080-exec-1,o.s.web.servlet.DispatcherServlet,Completed 200 OK
2026-07-23T00:06:17.073380+00:00,customers-service,customers-service-68b57f7b8c-r7tfg,2026-07-23T00:06:11.061228+00:00,DEBUG,1dece62d6a9d1d89,5f696abd32d4a855,nio-8080-exec-1,o.s.web.servlet.DispatcherServlet,"GET ""/owners"", parameters={}"
2026-07-23T00:06:17.073380+00:00,customers-service,customers-service-68b57f7b8c-r7tfg,2026-07-23T00:06:11.061222+00:00,DEBUG,6bdcc0969787bac4,2c5bf1cbf0b332e3,nio-8080-exec-2,o.s.web.servlet.DispatcherServlet,Completed 200 OK
2026-07-23T00:06:17.073380+00:00,customers-service,customers-service-68b57f7b8c-r7tfg,2026-07-23T00:06:10.810361+00:00,DEBUG,6bdcc0969787bac4,7da3f88ace6e26dc,nio-8080-exec-2,o.s.web.servlet.DispatcherServlet,"GET ""/owners"", parameters={}"
2026-07-23T00:06:17.073380+00:00,customers-service,customers-service-68b57f7b8c-r7tfg,2026-07-23T00:06:10.810331+00:00,DEBUG,cc1104ff21524535,b8433cbd2e55e6ab,nio-8080-exec-9,o.s.web.servlet.DispatcherServlet,Completed 200 OK
2026-07-23T00:06:17.073380+00:00,customers-service,customers-service-68b57f7b8c-r7tfg,2026-07-23T00:06:10.810324+00:00,DEBUG,cc1104ff21524535,b5d48fc255b0505f,nio-8080-exec-9,o.s.web.servlet.DispatcherServlet,"GET ""/owners"", parameters={}"
2026-07-23T00:06:17.073380+00:00,customers-service,customers-service-68b57f7b8c-r7tfg,2026-07-23T00:06:10.559213+00:00,DEBUG,f89d3ba6223c8bc1,99aeb89375a58902,nio-8080-exec-5,o.s.web.servlet.DispatcherServlet,Completed 200 OK
2026-07-23T00:06:17.073380+00:00,customers-service,customers-service-68b57f7b8c-r7tfg,2026-07-23T00:06:10.559110+00:00,DEBUG,f89d3ba6223c8bc1,bb7113cfb6b4d009,nio-8080-exec-5,o.s.web.servlet.DispatcherServlet,"GET ""/owners/1"", parameters={}"
2026-07-23T00:06:17.073380+00:00,customers-service,customers-service-68b57f7b8c-r7tfg,2026-07-23T00:06:10.307959+00:00,DEBUG,395effbdf7043837,fa158afdcb11b1cc,nio-8080-exec-6,o.s.web.servlet.DispatcherServlet,Completed 200 OK
2026-07-23T00:06:17.073380+00:00,customers-service,customers-service-68b57f7b8c-r7tfg,2026-07-23T00:06:10.307955+00:00,DEBUG,395effbdf7043837,9ac6b2b1f9007707,nio-8080-exec-6,o.s.web.servlet.DispatcherServlet,"GET ""/owners"", parameters={}"
2026-07-23T00:06:17.073380+00:00,customers-service,customers-service-68b57f7b8c-r7tfg,2026-07-23T00:06:09.306200+00:00,DEBUG,267aed2fbabbac3d,5ff8e28f3d22402b,nio-8080-exec-8,o.s.web.servlet.DispatcherServlet,Completed 200 OK
2026-07-23T00:06:17.073380+00:00,customers-service,customers-service-68b57f7b8c-r7tfg,2026-07-23T00:06:09.306195+00:00,DEBUG,267aed2fbabbac3d,85aa2865e2be741a,nio-8080-exec-8,o.s.web.servlet.DispatcherServlet,"GET ""/owners"", parameters={}"
2026-07-23T00:06:17.073380+00:00,customers-service,customers-service-68b57f7b8c-r7tfg,2026-07-23T00:06:09.054637+00:00,DEBUG,f7386da5cfc8d4f1,dff4ed291aaf330c,nio-8080-exec-7,o.s.web.servlet.DispatcherServlet,Completed 200 OK
2026-07-23T00:06:17.073380+00:00,customers-service,customers-service-68b57f7b8c-r7tfg,2026-07-23T00:06:09.054623+00:00,DEBUG,f7386da5cfc8d4f1,c46029a624930585,nio-8080-exec-7,o.s.web.servlet.DispatcherServlet,"GET ""/owners"", parameters={}"
2026-07-23T00:06:17.073380+00:00,customers-service,customers-service-68b57f7b8c-r7tfg,2026-07-23T00:06:08.552315+00:00,DEBUG,e71822993757ffe6,da5b3a062ccd465e,io-8080-exec-10,o.s.web.servlet.DispatcherServlet,Completed 200 OK
2026-07-23T00:06:17.073380+00:00,customers-service,customers-service-68b57f7b8c-r7tfg,2026-07-23T00:06:08.301107+00:00,DEBUG,e71822993757ffe6,3f9731a95b303883,io-8080-exec-10,o.s.web.servlet.DispatcherServlet,"GET ""/owners/1"", parameters={}"
2026-07-23T00:06:17.073380+00:00,customers-service,customers-service-68b57f7b8c-r7tfg,2026-07-23T00:06:08.301058+00:00,DEBUG,4f9b70223f3e4c2e,8d6385f651ac362c,nio-8080-exec-4,o.s.web.servlet.DispatcherServlet,Completed 200 OK
2026-07-23T00:06:17.073380+00:00,customers-service,customers-service-68b57f7b8c-r7tfg,2026-07-23T00:06:08.301050+00:00,DEBUG,4f9b70223f3e4c2e,85286ce6225445d2,nio-8080-exec-4,o.s.web.servlet.DispatcherServlet,"GET ""/owners/1"", parameters={}"
2026-07-23T00:06:17.073380+00:00,customers-service,customers-service-68b57f7b8c-r7tfg,2026-07-23T00:06:08.050663+00:00,DEBUG,206fa3b87e3ad6b3,ab749b8a87e844ea,nio-8080-exec-3,o.s.web.servlet.DispatcherServlet,Completed 200 OK
2026-07-23T00:06:17.073380+00:00,customers-service,customers-service-68b57f7b8c-r7tfg,2026-07-23T00:06:08.050641+00:00,DEBUG,206fa3b87e3ad6b3,456ba8b248671103,nio-8080-exec-3,o.s.web.servlet.DispatcherServlet,"GET ""/owners"", parameters={}"
2026-07-23T00:06:17.073380+00:00,customers-service,customers-service-68b57f7b8c-r7tfg,2026-07-23T00:06:08.050637+00:00,DEBUG,bfd11bbe747c711c,a33d63697e1e5ff9,nio-8080-exec-1,o.s.web.servlet.DispatcherServlet,Completed 200 OK
2026-07-23T00:06:17.073380+00:00,customers-service,customers-service-68b57f7b8c-r7tfg,2026-07-23T00:06:07.800318+00:00,DEBUG,bfd11bbe747c711c,2971468cba918079,nio-8080-exec-1,o.s.web.servlet.DispatcherServlet,"GET ""/owners/1"", parameters={}"
2026-07-23T00:06:17.073380+00:00,customers-service,customers-service-68b57f7b8c-r7tfg,2026-07-23T00:06:07.299186+00:00,DEBUG,971e8676e32a94cc,5b6969df86bc6ac7,nio-8080-exec-2,o.s.web.servlet.DispatcherServlet,Completed 200 OK
2026-07-23T00:06:17.073380+00:00,customers-service,customers-service-68b57f7b8c-r7tfg,2026-07-23T00:06:07.299180+00:00,DEBUG,971e8676e32a94cc,821cde7f100fe564,nio-8080-exec-2,o.s.web.servlet.DispatcherServlet,"GET ""/owners/1"", parameters={}"
2026-07-23T00:06:17.073380+00:00,customers-service,customers-service-68b57f7b8c-r7tfg,2026-07-23T00:06:06.797985+00:00,DEBUG,3615e518f2bd89a3,7e9cc2f4bd318ec1,nio-8080-exec-9,o.s.web.servlet.DispatcherServlet,Completed 200 OK
2026-07-23T00:06:17.073380+00:00,customers-service,customers-service-68b57f7b8c-r7tfg,2026-07-23T00:06:06.797934+00:00,DEBUG,3615e518f2bd89a3,cff64a3ff1befcd7,nio-8080-exec-9,o.s.web.servlet.DispatcherServlet,"GET ""/owners/1"", parameters={}"
2026-07-23T00:06:17.073380+00:00,customers-service,customers-service-68b57f7b8c-r7tfg,2026-07-23T00:06:06.797919+00:00,DEBUG,160025c408500b2d,49093b020c822d26,nio-8080-exec-5,o.s.web.servlet.DispatcherServlet,Completed 200 OK
2026-07-23T00:06:17.073380+00:00,customers-service,customers-service-68b57f7b8c-r7tfg,2026-07-23T00:06:06.797915+00:00,DEBUG,160025c408500b2d,b6b1e20c7214a5ec,nio-8080-exec-5,o.s.web.servlet.DispatcherServlet,"GET ""/owners"", parameters={}"
2026-07-23T00:06:17.073380+00:00,customers-service,customers-service-68b57f7b8c-r7tfg,2026-07-23T00:06:04.257970+00:00,DEBUG,925cc6feec9501e5,9ccd93c6d1244675,nio-8080-exec-6,o.s.web.servlet.DispatcherServlet,Completed 200 OK
2026-07-23T00:06:17.073380+00:00,customers-service,customers-service-68b57f7b8c-r7tfg,2026-07-23T00:06:04.257963+00:00,DEBUG,925cc6feec9501e5,4eba53c5e86ee5f5,nio-8080-exec-6,o.s.web.servlet.DispatcherServlet,"GET ""/owners"", parameters={}"
2026-07-23T00:06:17.073380+00:00,customers-service,customers-service-68b57f7b8c-r7tfg,2026-07-23T00:06:04.007345+00:00,DEBUG,8c07b0132c010d01,83a536b84b88c3cd,nio-8080-exec-8,o.s.web.servlet.DispatcherServlet,Completed 200 OK
2026-07-23T00:06:17.073380+00:00,customers-service,customers-service-68b57f7b8c-r7tfg,2026-07-23T00:06:04.007210+00:00,DEBUG,8c07b0132c010d01,c8d52230153da60a,nio-8080-exec-8,o.s.web.servlet.DispatcherServlet,"GET ""/owners/1"", parameters={}"
2026-07-23T00:06:17.073380+00:00,customers-service,customers-service-68b57f7b8c-r7tfg,2026-07-23T00:06:04.007178+00:00,DEBUG,3ea13b7c160d2b23,3ea13b7c160d2b23,nio-8080-exec-7,o.s.web.servlet.DispatcherServlet,Completed 200 OK
2026-07-23T00:06:17.073380+00:00,customers-service,customers-service-68b57f7b8c-r7tfg,2026-07-23T00:06:03.756067+00:00,DEBUG,c9648089b39437b4,e20767b883c4ec41,io-8080-exec-10,o.s.web.servlet.DispatcherServlet,Completed 200 OK
2026-07-23T00:06:17.073380+00:00,customers-service,customers-service-68b57f7b8c-r7tfg,2026-07-23T00:06:03.504580+00:00,DEBUG,c9648089b39437b4,c0548a6f3530b844,io-8080-exec-10,o.s.web.servlet.DispatcherServlet,"GET ""/owners/1"", parameters={}"
2026-07-23T00:06:17.073380+00:00,customers-service,customers-service-68b57f7b8c-r7tfg,2026-07-23T00:06:03.254453+00:00,DEBUG,aa8f118587fa58fc,6eb45fa95962f25f,nio-8080-exec-4,o.s.web.servlet.DispatcherServlet,Completed 200 OK
2026-07-23T00:06:17.073380+00:00,customers-service,customers-service-68b57f7b8c-r7tfg,2026-07-23T00:06:03.254411+00:00,DEBUG,aa8f118587fa58fc,1160b46e6c52121b,nio-8080-exec-4,o.s.web.servlet.DispatcherServlet,"GET ""/owners"", parameters={}"
2026-07-23T00:06:17.073380+00:00,customers-service,customers-service-68b57f7b8c-r7tfg,2026-07-23T00:06:03.003064+00:00,DEBUG,dc58dbd3ad625b75,ac4967413961da4c,nio-8080-exec-3,o.s.web.servlet.DispatcherServlet,Completed 200 OK
2026-07-23T00:06:17.073380+00:00,customers-service,customers-service-68b57f7b8c-r7tfg,2026-07-23T00:06:03.003059+00:00,DEBUG,dc58dbd3ad625b75,e76242fa4414567f,nio-8080-exec-3,o.s.web.servlet.DispatcherServlet,"GET ""/owners/1"", parameters={}"
2026-07-23T00:06:17.073380+00:00,customers-service,customers-service-68b57f7b8c-r7tfg,2026-07-23T00:06:02.752138+00:00,DEBUG,1c302a6a3f8bd143,9380ba4b9a6c266a,nio-8080-exec-1,o.s.web.servlet.DispatcherServlet,Completed 200 OK
2026-07-23T00:06:17.073380+00:00,customers-service,customers-service-68b57f7b8c-r7tfg,2026-07-23T00:06:02.752119+00:00,DEBUG,f49ea923f89fdb3d,f49ea923f89fdb3d,nio-8080-exec-2,o.s.web.servlet.DispatcherServlet,Completed 200 OK
2026-07-23T00:06:17.073380+00:00,customers-service,customers-service-68b57f7b8c-r7tfg,2026-07-23T00:06:02.751988+00:00,DEBUG,1c302a6a3f8bd143,9e1d124eb2919d78,nio-8080-exec-1,o.s.web.servlet.DispatcherServlet,"GET ""/owners"", parameters={}"
2026-07-23T00:06:17.073380+00:00,customers-service,customers-service-68b57f7b8c-r7tfg,2026-07-23T00:06:02.751981+00:00,DEBUG,769b07cbe642f316,9a70244a937e031f,nio-8080-exec-9,o.s.web.servlet.DispatcherServlet,Completed 200 OK
2026-07-23T00:06:17.073380+00:00,customers-service,customers-service-68b57f7b8c-r7tfg,2026-07-23T00:06:02.501425+00:00,DEBUG,769b07cbe642f316,0627903cf05cd6cc,nio-8080-exec-9,o.s.web.servlet.DispatcherServlet,"GET ""/owners"", parameters={}"
2026-07-23T00:06:17.073380+00:00,customers-service,customers-service-68b57f7b8c-r7tfg,2026-07-23T00:06:02.501396+00:00,DEBUG,7da6159cf635a958,ef8d3f133e59f99f,nio-8080-exec-5,o.s.web.servlet.DispatcherServlet,Completed 200 OK
2026-07-23T00:06:17.073380+00:00,customers-service,customers-service-68b57f7b8c-r7tfg,2026-07-23T00:06:02.501390+00:00,DEBUG,7da6159cf635a958,99309727f164b860,nio-8080-exec-5,o.s.web.servlet.DispatcherServlet,"GET ""/owners"", parameters={}"
2026-07-23T00:06:17.073380+00:00,customers-service,customers-service-68b57f7b8c-r7tfg,2026-07-23T00:06:02.250557+00:00,DEBUG,e2c0b7bb961d87d5,6fa629d68c478dba,nio-8080-exec-6,o.s.web.servlet.DispatcherServlet,Completed 200 OK
2026-07-23T00:06:17.073380+00:00,customers-service,customers-service-68b57f7b8c-r7tfg,2026-07-23T00:06:02.000466+00:00,DEBUG,e2c0b7bb961d87d5,692c15d312e4207e,nio-8080-exec-6,o.s.web.servlet.DispatcherServlet,"GET ""/owners"", parameters={}"
2026-07-23T00:06:17.073380+00:00,customers-service,customers-service-68b57f7b8c-r7tfg,2026-07-23T00:06:02.000435+00:00,DEBUG,8a67b19f5a3433ef,14b266f86d00372b,nio-8080-exec-8,o.s.web.servlet.DispatcherServlet,Completed 200 OK
2026-07-23T00:06:17.073380+00:00,customers-service,customers-service-68b57f7b8c-r7tfg,2026-07-23T00:06:02.000428+00:00,DEBUG,8a67b19f5a3433ef,72ef8d23cdf240e6,nio-8080-exec-8,o.s.web.servlet.DispatcherServlet,"GET ""/owners/1"", parameters={}"
2026-07-23T00:06:17.073380+00:00,customers-service,customers-service-68b57f7b8c-r7tfg,2026-07-23T00:06:01.499003+00:00,DEBUG,daa922e7164936c4,e3efc37e4afde651,nio-8080-exec-7,o.s.web.servlet.DispatcherServlet,Completed 200 OK
2026-07-23T00:06:17.073380+00:00,customers-service,customers-service-68b57f7b8c-r7tfg,2026-07-23T00:06:01.498999+00:00,DEBUG,daa922e7164936c4,f8019fb4e3f5190f,nio-8080-exec-7,o.s.web.servlet.DispatcherServlet,"GET ""/owners"", parameters={}"
2026-07-23T00:06:17.073380+00:00,customers-service,customers-service-68b57f7b8c-r7tfg,2026-07-23T00:06:01.248164+00:00,DEBUG,ad6decf3fe13163f,639f90e283494f38,io-8080-exec-10,o.s.web.servlet.DispatcherServlet,Completed 200 OK
2026-07-23T00:06:17.073380+00:00,customers-service,customers-service-68b57f7b8c-r7tfg,2026-07-23T00:06:00.997968+00:00,DEBUG,ad6decf3fe13163f,ae0ce11bc7cd1e8e,io-8080-exec-10,o.s.web.servlet.DispatcherServlet,"GET ""/owners/1"", parameters={}"
2026-07-23T00:06:17.073380+00:00,customers-service,customers-service-68b57f7b8c-r7tfg,2026-07-23T00:06:00.747431+00:00,DEBUG,c4bf473f009179e2,640422600fb530eb,nio-8080-exec-4,o.s.web.servlet.DispatcherServlet,Completed 200 OK
2026-07-23T00:06:17.073380+00:00,customers-service,customers-service-68b57f7b8c-r7tfg,2026-07-23T00:06:00.747404+00:00,DEBUG,c4bf473f009179e2,a5a8ce01143bcdfa,nio-8080-exec-4,o.s.web.servlet.DispatcherServlet,"GET ""/owners"", parameters={}"
2026-07-23T00:06:17.073380+00:00,customers-service,customers-service-68b57f7b8c-r7tfg,2026-07-23T00:06:00.747400+00:00,DEBUG,bfe5e02c871ac8d7,57edd43838402a20,nio-8080-exec-3,o.s.web.servlet.DispatcherServlet,Completed 200 OK
2026-07-23T00:06:17.073380+00:00,customers-service,customers-service-68b57f7b8c-r7tfg,2026-07-23T00:06:00.496345+00:00,DEBUG,bfe5e02c871ac8d7,2e79052325dc6e7f,nio-8080-exec-3,o.s.web.servlet.DispatcherServlet,"GET ""/owners"", parameters={}"
2026-07-23T00:06:17.073380+00:00,customers-service,customers-service-68b57f7b8c-r7tfg,2026-07-23T00:06:00.496325+00:00,DEBUG,b5ef6445b83ebff5,b5ef6445b83ebff5,nio-8080-exec-2,o.s.web.servlet.DispatcherServlet,Completed 200 OK
2026-07-23T00:06:17.073380+00:00,customers-service,customers-service-68b57f7b8c-r7tfg,2026-07-23T00:06:00.245335+00:00,DEBUG,840eae7aa119198c,10cca3cb3f23efa0,nio-8080-exec-1,o.s.web.servlet.DispatcherServlet,Completed 200 OK
2026-07-23T00:06:17.073380+00:00,customers-service,customers-service-68b57f7b8c-r7tfg,2026-07-23T00:06:00.245292+00:00,DEBUG,840eae7aa119198c,f606d5da7644a3e9,nio-8080-exec-1,o.s.web.servlet.DispatcherServlet,"GET ""/owners"", parameters={}"
2026-07-23T00:06:17.073380+00:00,customers-service,customers-service-68b57f7b8c-r7tfg,2026-07-23T00:06:00.245285+00:00,DEBUG,20959c077af2ef28,c474731af3eb488e,nio-8080-exec-9,o.s.web.servlet.DispatcherServlet,Completed 200 OK
2026-07-23T00:06:17.073380+00:00,customers-service,customers-service-68b57f7b8c-r7tfg,2026-07-23T00:05:59.994296+00:00,DEBUG,20959c077af2ef28,d93e7c957f823a65,nio-8080-exec-9,o.s.web.servlet.DispatcherServlet,"GET ""/owners"", parameters={}"
2026-07-23T00:06:17.073380+00:00,customers-service,customers-service-68b57f7b8c-r7tfg,2026-07-23T00:05:59.743747+00:00,DEBUG,2a8557e2d4d605e5,14ab38c99658a113,nio-8080-exec-5,o.s.web.servlet.DispatcherServlet,Completed 200 OK
2026-07-23T00:06:17.073380+00:00,customers-service,customers-service-68b57f7b8c-r7tfg,2026-07-23T00:05:59.492861+00:00,DEBUG,2a8557e2d4d605e5,68acfcee33a01679,nio-8080-exec-5,o.s.web.servlet.DispatcherServlet,"GET ""/owners/1"", parameters={}"
2026-07-23T00:06:17.073380+00:00,customers-service,customers-service-68b57f7b8c-r7tfg,2026-07-23T00:05:59.492810+00:00,DEBUG,5d580b386570b92e,170ec7b3f268be25,nio-8080-exec-6,o.s.web.servlet.DispatcherServlet,Completed 200 OK
2026-07-23T00:06:17.073380+00:00,customers-service,customers-service-68b57f7b8c-r7tfg,2026-07-23T00:05:59.492797+00:00,DEBUG,5d580b386570b92e,136d5fab5da5af3d,nio-8080-exec-6,o.s.web.servlet.DispatcherServlet,"GET ""/owners"", parameters={}"
2026-07-23T00:06:17.073380+00:00,customers-service,customers-service-68b57f7b8c-r7tfg,2026-07-23T00:05:59.241883+00:00,DEBUG,7016fd18c31e7bb2,bd4fbd5e5c6b9e27,nio-8080-exec-8,o.s.web.servlet.DispatcherServlet,Completed 200 OK
2026-07-23T00:06:17.073380+00:00,customers-service,customers-service-68b57f7b8c-r7tfg,2026-07-23T00:05:59.241866+00:00,DEBUG,85f1d0c874e56ef0,9702c1f7111a6b2a,nio-8080-exec-7,o.s.web.servlet.DispatcherServlet,Completed 200 OK
2026-07-23T00:06:17.073380+00:00,customers-service,customers-service-68b57f7b8c-r7tfg,2026-07-23T00:05:59.241863+00:00,DEBUG,7016fd18c31e7bb2,515df7dc9f695a50,nio-8080-exec-8,o.s.web.servlet.DispatcherServlet,"GET ""/owners"", parameters={}"
2026-07-23T00:06:17.073380+00:00,customers-service,customers-service-68b57f7b8c-r7tfg,2026-07-23T00:05:58.991480+00:00,DEBUG,85f1d0c874e56ef0,b26e0349f69a96ea,nio-8080-exec-7,o.s.web.servlet.DispatcherServlet,"GET ""/owners"", parameters={}"
2026-07-23T00:06:17.073380+00:00,customers-service,customers-service-68b57f7b8c-r7tfg,2026-07-23T00:05:58.991450+00:00,DEBUG,d26d7a489615cb19,08d1700d740ca2ca,io-8080-exec-10,o.s.web.servlet.DispatcherServlet,Completed 200 OK
2026-07-23T00:06:17.073380+00:00,customers-service,customers-service-68b57f7b8c-r7tfg,2026-07-23T00:05:58.991444+00:00,DEBUG,d26d7a489615cb19,450e829874027167,io-8080-exec-10,o.s.web.servlet.DispatcherServlet,"GET ""/owners/1"", parameters={}"
2026-07-23T00:06:17.073380+00:00,customers-service,customers-service-68b57f7b8c-r7tfg,2026-07-23T00:05:58.740855+00:00,DEBUG,015ba79e0e782fc9,ad922e2b7406f500,nio-8080-exec-4,o.s.web.servlet.DispatcherServlet,Completed 200 OK
2026-07-23T00:06:17.073380+00:00,customers-service,customers-service-68b57f7b8c-r7tfg,2026-07-23T00:05:58.740820+00:00,DEBUG,015ba79e0e782fc9,58bf5f23da47d08f,nio-8080-exec-4,o.s.web.servlet.DispatcherServlet,"GET ""/owners"", parameters={}"
2026-07-23T00:06:17.073380+00:00,customers-service,customers-service-68b57f7b8c-r7tfg,2026-07-23T00:05:58.740814+00:00,DEBUG,2c2fa15b99bfcd85,558e583eb378c76c,nio-8080-exec-3,o.s.web.servlet.DispatcherServlet,Completed 200 OK
2026-07-23T00:06:17.073380+00:00,customers-service,customers-service-68b57f7b8c-r7tfg,2026-07-23T00:05:58.490113+00:00,DEBUG,2c2fa15b99bfcd85,b5ef7fdf968291d7,nio-8080-exec-3,o.s.web.servlet.DispatcherServlet,"GET ""/owners"", parameters={}"
2026-07-23T00:06:17.073380+00:00,customers-service,customers-service-68b57f7b8c-r7tfg,2026-07-23T00:05:58.490061+00:00,DEBUG,0d834d48c25c6e65,bb4186ab149b1367,nio-8080-exec-2,o.s.web.servlet.DispatcherServlet,Completed 200 OK
2026-07-23T00:06:17.073380+00:00,customers-service,customers-service-68b57f7b8c-r7tfg,2026-07-23T00:05:58.490052+00:00,DEBUG,0d834d48c25c6e65,35067aaea78d4f18,nio-8080-exec-2,o.s.web.servlet.DispatcherServlet,"GET ""/owners"", parameters={}"
2026-07-23T00:06:17.073380+00:00,customers-service,customers-service-68b57f7b8c-r7tfg,2026-07-23T00:05:57.987427+00:00,DEBUG,46c8e98bc2d852c6,34eed1ea706d9448,nio-8080-exec-1,o.s.web.servlet.DispatcherServlet,Completed 200 OK
2026-07-23T00:06:17.073380+00:00,customers-service,customers-service-68b57f7b8c-r7tfg,2026-07-23T00:05:57.987419+00:00,DEBUG,46c8e98bc2d852c6,4c40abcde4520197,nio-8080-exec-1,o.s.web.servlet.DispatcherServlet,"GET ""/owners/1"", parameters={}"
2026-07-23T00:06:17.073380+00:00,customers-service,customers-service-68b57f7b8c-r7tfg,2026-07-23T00:05:57.736003+00:00,DEBUG,27313ab4bd58ad8e,728ee68b3e3c78b9,nio-8080-exec-9,o.s.web.servlet.DispatcherServlet,Completed 200 OK
2026-07-23T00:06:17.073380+00:00,customers-service,customers-service-68b57f7b8c-r7tfg,2026-07-23T00:05:57.735972+00:00,DEBUG,27313ab4bd58ad8e,a46b06a8e8f8ea0a,nio-8080-exec-9,o.s.web.servlet.DispatcherServlet,"GET ""/owners/1"", parameters={}"
2026-07-23T00:06:17.073380+00:00,customers-service,customers-service-68b57f7b8c-r7tfg,2026-07-23T00:05:57.735965+00:00,DEBUG,d839ce030442a1a0,1cfbdd7aff8369a6,nio-8080-exec-5,o.s.web.servlet.DispatcherServlet,Completed 200 OK
2026-07-23T00:06:17.073380+00:00,customers-service,customers-service-68b57f7b8c-r7tfg,2026-07-23T00:05:57.485699+00:00,DEBUG,d839ce030442a1a0,b4a4361dbad3f301,nio-8080-exec-5,o.s.web.servlet.DispatcherServlet,"GET ""/owners/1"", parameters={}"
2026-07-23T00:06:17.073380+00:00,customers-service,customers-service-68b57f7b8c-r7tfg,2026-07-23T00:05:57.234382+00:00,DEBUG,effb128e32f739dc,ac8fe5ef2a23bc0c,nio-8080-exec-6,o.s.web.servlet.DispatcherServlet,Completed 200 OK
2026-07-23T00:06:17.073380+00:00,customers-service,customers-service-68b57f7b8c-r7tfg,2026-07-23T00:05:56.983107+00:00,DEBUG,effb128e32f739dc,ffd62c33230de676,nio-8080-exec-6,o.s.web.servlet.DispatcherServlet,"GET ""/owners/1"", parameters={}"
2026-07-23T00:06:17.073380+00:00,customers-service,customers-service-68b57f7b8c-r7tfg,2026-07-23T00:05:56.732518+00:00,DEBUG,a825d7fc46d04da1,4e5ccae910079108,nio-8080-exec-8,o.s.web.servlet.DispatcherServlet,Completed 200 OK
2026-07-23T00:06:17.073380+00:00,customers-service,customers-service-68b57f7b8c-r7tfg,2026-07-23T00:05:56.732491+00:00,DEBUG,a825d7fc46d04da1,77c757a64e2a61af,nio-8080-exec-8,o.s.web.servlet.DispatcherServlet,"GET ""/owners/1"", parameters={}"
2026-07-23T00:06:17.073380+00:00,customers-service,customers-service-68b57f7b8c-r7tfg,2026-07-23T00:05:56.732485+00:00,DEBUG,7a276cac7df2ea08,32896598bf92a83b,nio-8080-exec-7,o.s.web.servlet.DispatcherServlet,Completed 200 OK
2026-07-23T00:06:17.073380+00:00,customers-service,customers-service-68b57f7b8c-r7tfg,2026-07-23T00:05:56.481721+00:00,DEBUG,7a276cac7df2ea08,79874616a56866e8,nio-8080-exec-7,o.s.web.servlet.DispatcherServlet,"GET ""/owners/1"", parameters={}"
2026-07-23T00:06:17.073380+00:00,customers-service,customers-service-68b57f7b8c-r7tfg,2026-07-23T00:05:56.481674+00:00,DEBUG,d86d1efe07c737f0,21ee6f4e53d26908,io-8080-exec-10,o.s.web.servlet.DispatcherServlet,Completed 200 OK
2026-07-23T00:06:17.073380+00:00,customers-service,customers-service-68b57f7b8c-r7tfg,2026-07-23T00:05:56.481667+00:00,DEBUG,d86d1efe07c737f0,26b18c8354c9c652,io-8080-exec-10,o.s.web.servlet.DispatcherServlet,"GET ""/owners/1"", parameters={}"
2026-07-23T00:06:17.073380+00:00,customers-service,customers-service-68b57f7b8c-r7tfg,2026-07-23T00:05:55.979940+00:00,DEBUG,c8314ade7c624a82,fed1b2fc9c689c49,nio-8080-exec-4,o.s.web.servlet.DispatcherServlet,Completed 200 OK
2026-07-23T00:06:17.073380+00:00,customers-service,customers-service-68b57f7b8c-r7tfg,2026-07-23T00:05:55.979935+00:00,DEBUG,c8314ade7c624a82,17a776a0c0c47b15,nio-8080-exec-4,o.s.web.servlet.DispatcherServlet,"GET ""/owners/1"", parameters={}"
2026-07-23T00:06:17.073380+00:00,customers-service,customers-service-68b57f7b8c-r7tfg,2026-07-23T00:05:55.479131+00:00,DEBUG,c49c7b86cb3456b6,df47c5496f17baad,nio-8080-exec-3,o.s.web.servlet.DispatcherServlet,Completed 200 OK
2026-07-23T00:06:17.073380+00:00,customers-service,customers-service-68b57f7b8c-r7tfg,2026-07-23T00:05:55.479128+00:00,DEBUG,c49c7b86cb3456b6,bc2431ddf9d347bd,nio-8080-exec-3,o.s.web.servlet.DispatcherServlet,"GET ""/owners"", parameters={}"
2026-07-23T00:06:17.073380+00:00,customers-service,customers-service-68b57f7b8c-r7tfg,2026-07-23T00:05:55.228079+00:00,DEBUG,650c0d7b465f52f6,8bb8b08ef67ba37f,nio-8080-exec-2,o.s.web.servlet.DispatcherServlet,Completed 200 OK
2026-07-23T00:06:17.073380+00:00,customers-service,customers-service-68b57f7b8c-r7tfg,2026-07-23T00:05:55.228076+00:00,DEBUG,650c0d7b465f52f6,89ed882136ac1b97,nio-8080-exec-2,o.s.web.servlet.DispatcherServlet,"GET ""/owners"", parameters={}"
2026-07-23T00:06:17.073380+00:00,customers-service,customers-service-68b57f7b8c-r7tfg,2026-07-23T00:05:54.726451+00:00,DEBUG,503f8f592db77107,51389227f88ec7bb,nio-8080-exec-1,o.s.web.servlet.DispatcherServlet,Completed 200 OK
2026-07-23T00:06:17.073380+00:00,customers-service,customers-service-68b57f7b8c-r7tfg,2026-07-23T00:05:54.475310+00:00,DEBUG,503f8f592db77107,3dd394f802adea23,nio-8080-exec-1,o.s.web.servlet.DispatcherServlet,"GET ""/owners/1"", parameters={}"
2026-07-23T00:06:17.073380+00:00,customers-service,customers-service-68b57f7b8c-r7tfg,2026-07-23T00:05:54.224409+00:00,DEBUG,9179f2dfa9170e55,5145365d10655626,nio-8080-exec-9,o.s.web.servlet.DispatcherServlet,Completed 200 OK
2026-07-23T00:06:17.073380+00:00,customers-service,customers-service-68b57f7b8c-r7tfg,2026-07-23T00:05:54.224406+00:00,DEBUG,9179f2dfa9170e55,68f6c19cd9a2adc5,nio-8080-exec-9,o.s.web.servlet.DispatcherServlet,"GET ""/owners"", parameters={}"
2026-07-23T00:06:17.073380+00:00,customers-service,customers-service-68b57f7b8c-r7tfg,2026-07-23T00:05:53.974217+00:00,DEBUG,7be5b012fcb2c454,92bec9fd50ae0bee,nio-8080-exec-5,o.s.web.servlet.DispatcherServlet,Completed 200 OK
2026-07-23T00:06:17.073380+00:00,customers-service,customers-service-68b57f7b8c-r7tfg,2026-07-23T00:05:53.974213+00:00,DEBUG,7be5b012fcb2c454,6e4f8d4247062581,nio-8080-exec-5,o.s.web.servlet.DispatcherServlet,"GET ""/owners/1"", parameters={}"
2026-07-23T00:06:17.073380+00:00,customers-service,customers-service-68b57f7b8c-r7tfg,2026-07-23T00:05:53.723583+00:00,DEBUG,a1ea2472141c248c,e4a5cd563d1f7453,nio-8080-exec-6,o.s.web.servlet.DispatcherServlet,Completed 200 OK
2026-07-23T00:06:17.073380+00:00,customers-service,customers-service-68b57f7b8c-r7tfg,2026-07-23T00:05:53.723577+00:00,DEBUG,a1ea2472141c248c,094d5630e1ccdfff,nio-8080-exec-6,o.s.web.servlet.DispatcherServlet,"GET ""/owners"", parameters={}"
2026-07-23T00:06:17.073380+00:00,customers-service,customers-service-68b57f7b8c-r7tfg,2026-07-23T00:05:53.472863+00:00,DEBUG,256e721a9c89c073,6c124e99cf1fdbc4,nio-8080-exec-8,o.s.web.servlet.DispatcherServlet,Completed 200 OK
2026-07-23T00:06:17.073380+00:00,customers-service,customers-service-68b57f7b8c-r7tfg,2026-07-23T00:05:53.472842+00:00,DEBUG,0d342fa6b60ee001,1ba18f29a05a80ea,nio-8080-exec-7,o.s.web.servlet.DispatcherServlet,Completed 200 OK
2026-07-23T00:06:17.073380+00:00,customers-service,customers-service-68b57f7b8c-r7tfg,2026-07-23T00:05:53.472837+00:00,DEBUG,256e721a9c89c073,5e48ea5104050da3,nio-8080-exec-8,o.s.web.servlet.DispatcherServlet,"GET ""/owners"", parameters={}"
2026-07-23T00:06:17.073380+00:00,customers-service,customers-service-68b57f7b8c-r7tfg,2026-07-23T00:05:53.222287+00:00,DEBUG,0d342fa6b60ee001,fa187bd9c6af588b,nio-8080-exec-7,o.s.web.servlet.DispatcherServlet,"GET ""/owners"", parameters={}"
2026-07-23T00:06:17.073380+00:00,customers-service,customers-service-68b57f7b8c-r7tfg,2026-07-23T00:05:52.971960+00:00,DEBUG,068f470b39793a10,c36d64457a9263e3,io-8080-exec-10,o.s.web.servlet.DispatcherServlet,Completed 200 OK
2026-07-23T00:06:17.073380+00:00,customers-service,customers-service-68b57f7b8c-r7tfg,2026-07-23T00:05:52.971954+00:00,DEBUG,068f470b39793a10,2bc0b948d8f0dcd9,io-8080-exec-10,o.s.web.servlet.DispatcherServlet,"GET ""/owners/1"", parameters={}"
2026-07-23T00:06:17.073380+00:00,customers-service,customers-service-68b57f7b8c-r7tfg,2026-07-23T00:05:52.720604+00:00,DEBUG,6a8ad807b70a22e5,5953dc2a0a475172,nio-8080-exec-4,o.s.web.servlet.DispatcherServlet,Completed 200 OK
2026-07-23T00:06:17.073380+00:00,customers-service,customers-service-68b57f7b8c-r7tfg,2026-07-23T00:05:52.720601+00:00,DEBUG,6a8ad807b70a22e5,921580f0ce1b817b,nio-8080-exec-4,o.s.web.servlet.DispatcherServlet,"GET ""/owners/1"", parameters={}"
2026-07-23T00:06:17.073380+00:00,customers-service,customers-service-68b57f7b8c-r7tfg,2026-07-23T00:05:51.215723+00:00,DEBUG,493cb86789114bb5,714b72565d09d28e,nio-8080-exec-3,o.s.web.servlet.DispatcherServlet,Completed 200 OK
2026-07-23T00:06:17.073380+00:00,customers-service,customers-service-68b57f7b8c-r7tfg,2026-07-23T00:05:51.215717+00:00,DEBUG,493cb86789114bb5,62c75b41cbafa705,nio-8080-exec-3,o.s.web.servlet.DispatcherServlet,"GET ""/owners/1"", parameters={}"
2026-07-23T00:06:17.073380+00:00,customers-service,customers-service-68b57f7b8c-r7tfg,2026-07-23T00:05:50.965719+00:00,DEBUG,0f4f3e5ec327be41,1c2e0c40c8a69d6b,nio-8080-exec-2,o.s.web.servlet.DispatcherServlet,Completed 200 OK
2026-07-23T00:06:17.073380+00:00,customers-service,customers-service-68b57f7b8c-r7tfg,2026-07-23T00:05:50.965711+00:00,DEBUG,0f4f3e5ec327be41,6ef808cca3d8f95c,nio-8080-exec-2,o.s.web.servlet.DispatcherServlet,"GET ""/owners/1"", parameters={}"
2026-07-23T00:06:17.073380+00:00,customers-service,customers-service-68b57f7b8c-r7tfg,2026-07-23T00:05:50.714541+00:00,DEBUG,dd89eeb3b188b3cf,53b4a91ae848b076,nio-8080-exec-1,o.s.web.servlet.DispatcherServlet,Completed 200 OK
2026-07-23T00:06:17.073380+00:00,customers-service,customers-service-68b57f7b8c-r7tfg,2026-07-23T00:05:50.714498+00:00,DEBUG,dd89eeb3b188b3cf,77018968e6570414,nio-8080-exec-1,o.s.web.servlet.DispatcherServlet,"GET ""/owners/1"", parameters={}"
2026-07-23T00:06:17.073380+00:00,customers-service,customers-service-68b57f7b8c-r7tfg,2026-07-23T00:05:50.714482+00:00,DEBUG,3d92fc8a05a8f952,8f2987dc4e791d53,nio-8080-exec-9,o.s.web.servlet.DispatcherServlet,Completed 200 OK
2026-07-23T00:06:17.073380+00:00,customers-service,customers-service-68b57f7b8c-r7tfg,2026-07-23T00:05:50.714478+00:00,DEBUG,3d92fc8a05a8f952,99eb74ac5b805b9a,nio-8080-exec-9,o.s.web.servlet.DispatcherServlet,"GET ""/owners/1"", parameters={}"
2026-07-23T00:06:17.073380+00:00,customers-service,customers-service-68b57f7b8c-r7tfg,2026-07-23T00:05:50.463994+00:00,DEBUG,04921c41993aba8f,bed79924552a0b9c,nio-8080-exec-5,o.s.web.servlet.DispatcherServlet,Completed 200 OK
2026-07-23T00:06:17.073380+00:00,customers-service,customers-service-68b57f7b8c-r7tfg,2026-07-23T00:05:50.463987+00:00,DEBUG,04921c41993aba8f,f6e43948af81cdec,nio-8080-exec-5,o.s.web.servlet.DispatcherServlet,"GET ""/owners/1"", parameters={}"
2026-07-23T00:06:17.073380+00:00,customers-service,customers-service-68b57f7b8c-r7tfg,2026-07-23T00:05:50.213838+00:00,DEBUG,4dd91b6e28ec777d,ea413cb54c791a7e,nio-8080-exec-6,o.s.web.servlet.DispatcherServlet,Completed 200 OK
2026-07-23T00:06:17.073380+00:00,customers-service,customers-service-68b57f7b8c-r7tfg,2026-07-23T00:05:50.213831+00:00,DEBUG,4dd91b6e28ec777d,212d6e4a7d6a0e42,nio-8080-exec-6,o.s.web.servlet.DispatcherServlet,"GET ""/owners/1"", parameters={}"
2026-07-23T00:06:17.073380+00:00,customers-service,customers-service-68b57f7b8c-r7tfg,2026-07-23T00:05:49.962795+00:00,DEBUG,f24704e3bc2ce6f4,d2facca38a7d18c2,nio-8080-exec-8,o.s.web.servlet.DispatcherServlet,Completed 200 OK
2026-07-23T00:06:17.073380+00:00,customers-service,customers-service-68b57f7b8c-r7tfg,2026-07-23T00:05:49.962790+00:00,DEBUG,f24704e3bc2ce6f4,7781e0b0e2c90be2,nio-8080-exec-8,o.s.web.servlet.DispatcherServlet,"GET ""/owners/1"", parameters={}"
2026-07-23T00:06:17.073380+00:00,customers-service,customers-service-68b57f7b8c-r7tfg,2026-07-23T00:05:49.461909+00:00,DEBUG,d8e568612e7c9a25,79900e0c3bb7b5a8,nio-8080-exec-7,o.s.web.servlet.DispatcherServlet,Completed 200 OK
2026-07-23T00:06:17.073380+00:00,customers-service,customers-service-68b57f7b8c-r7tfg,2026-07-23T00:05:49.461819+00:00,DEBUG,d8e568612e7c9a25,9c44f1bd46f2296e,nio-8080-exec-7,o.s.web.servlet.DispatcherServlet,"GET ""/owners"", parameters={}"
2026-07-23T00:06:17.073380+00:00,customers-service,customers-service-68b57f7b8c-r7tfg,2026-07-23T00:05:49.211783+00:00,DEBUG,318b1a942382c595,381302ad7b2688cc,io-8080-exec-10,o.s.web.servlet.DispatcherServlet,Completed 200 OK
2026-07-23T00:06:17.073380+00:00,customers-service,customers-service-68b57f7b8c-r7tfg,2026-07-23T00:05:49.211777+00:00,DEBUG,318b1a942382c595,b79ead42601d60fd,io-8080-exec-10,o.s.web.servlet.DispatcherServlet,"GET ""/owners"", parameters={}"
2026-07-23T00:06:17.073380+00:00,customers-service,customers-service-68b57f7b8c-r7tfg,2026-07-23T00:05:48.960745+00:00,DEBUG,0a464b22983d0c9e,0a464b22983d0c9e,nio-8080-exec-4,o.s.web.servlet.DispatcherServlet,Completed 200 OK
2026-07-23T00:06:17.073380+00:00,customers-service,customers-service-68b57f7b8c-r7tfg,2026-07-23T00:05:48.709833+00:00,DEBUG,723c02835f7f08af,7477ce1bce0ae81b,nio-8080-exec-3,o.s.web.servlet.DispatcherServlet,Completed 200 OK
2026-07-23T00:06:17.073380+00:00,customers-service,customers-service-68b57f7b8c-r7tfg,2026-07-23T00:05:48.709826+00:00,DEBUG,723c02835f7f08af,86488ab0ca083b17,nio-8080-exec-3,o.s.web.servlet.DispatcherServlet,"GET ""/owners/1"", parameters={}"
2026-07-23T00:06:17.073380+00:00,customers-service,customers-service-68b57f7b8c-r7tfg,2026-07-23T00:05:48.458071+00:00,DEBUG,c71183cb04988ad9,71526162492559d4,nio-8080-exec-2,o.s.web.servlet.DispatcherServlet,Completed 200 OK
2026-07-23T00:06:17.073380+00:00,customers-service,customers-service-68b57f7b8c-r7tfg,2026-07-23T00:05:48.206935+00:00,DEBUG,c71183cb04988ad9,44a5a85c3f6cbb78,nio-8080-exec-2,o.s.web.servlet.DispatcherServlet,"GET ""/owners"", parameters={}"
2026-07-23T00:06:17.073380+00:00,customers-service,customers-service-68b57f7b8c-r7tfg,2026-07-23T00:05:47.955562+00:00,DEBUG,544799b3c88a3af4,c309cc35142ea1d3,nio-8080-exec-1,o.s.web.servlet.DispatcherServlet,Completed 200 OK
2026-07-23T00:06:17.073380+00:00,customers-service,customers-service-68b57f7b8c-r7tfg,2026-07-23T00:05:47.955557+00:00,DEBUG,544799b3c88a3af4,97e1fe36d9dcb7c2,nio-8080-exec-1,o.s.web.servlet.DispatcherServlet,"GET ""/owners/1"", parameters={}"
2026-07-23T00:06:17.073380+00:00,customers-service,customers-service-68b57f7b8c-r7tfg,2026-07-23T00:05:47.705745+00:00,DEBUG,93141267bd2a33d9,b08c5da570d3f696,nio-8080-exec-9,o.s.web.servlet.DispatcherServlet,Completed 200 OK
2026-07-23T00:06:17.073380+00:00,customers-service,customers-service-68b57f7b8c-r7tfg,2026-07-23T00:05:47.705618+00:00,DEBUG,93141267bd2a33d9,1e7b460d2e277c1b,nio-8080-exec-9,o.s.web.servlet.DispatcherServlet,"GET ""/owners/1"", parameters={}"
2026-07-23T00:06:17.073380+00:00,customers-service,customers-service-68b57f7b8c-r7tfg,2026-07-23T00:05:47.705590+00:00,DEBUG,720aad481344cb32,5e1b79bc976c5488,nio-8080-exec-5,o.s.web.servlet.DispatcherServlet,Completed 200 OK
2026-07-23T00:06:17.073380+00:00,customers-service,customers-service-68b57f7b8c-r7tfg,2026-07-23T00:05:47.705584+00:00,DEBUG,720aad481344cb32,21a7e735ef75848e,nio-8080-exec-5,o.s.web.servlet.DispatcherServlet,"GET ""/owners/1"", parameters={}"
2026-07-23T00:06:17.073380+00:00,customers-service,customers-service-68b57f7b8c-r7tfg,2026-07-23T00:05:47.203747+00:00,DEBUG,aa3447fbf91dbbda,980da0671f23203f,nio-8080-exec-6,o.s.web.servlet.DispatcherServlet,Completed 200 OK
2026-07-23T00:06:17.073380+00:00,customers-service,customers-service-68b57f7b8c-r7tfg,2026-07-23T00:05:47.203742+00:00,DEBUG,aa3447fbf91dbbda,849ff8b3ad4ded4f,nio-8080-exec-6,o.s.web.servlet.DispatcherServlet,"GET ""/owners"", parameters={}"
2026-07-23T00:06:17.073380+00:00,customers-service,customers-service-68b57f7b8c-r7tfg,2026-07-23T00:05:46.953246+00:00,DEBUG,94731749d617cbaf,8c940044937c4f0f,nio-8080-exec-8,o.s.web.servlet.DispatcherServlet,Completed 200 OK
2026-07-23T00:06:17.073380+00:00,customers-service,customers-service-68b57f7b8c-r7tfg,2026-07-23T00:05:46.953206+00:00,DEBUG,94731749d617cbaf,fe8683a027812124,nio-8080-exec-8,o.s.web.servlet.DispatcherServlet,"GET ""/owners/1"", parameters={}"
2026-07-23T00:06:17.073380+00:00,customers-service,customers-service-68b57f7b8c-r7tfg,2026-07-23T00:05:46.953199+00:00,DEBUG,a0f2a4a2376ef121,12db4c52bd5b9a1a,nio-8080-exec-7,o.s.web.servlet.DispatcherServlet,Completed 200 OK
2026-07-23T00:06:17.073380+00:00,customers-service,customers-service-68b57f7b8c-r7tfg,2026-07-23T00:05:46.702337+00:00,DEBUG,a0f2a4a2376ef121,b0c75df85cef334c,nio-8080-exec-7,o.s.web.servlet.DispatcherServlet,"GET ""/owners"", parameters={}"
2026-07-23T00:06:17.073380+00:00,customers-service,customers-service-68b57f7b8c-r7tfg,2026-07-23T00:05:45.699359+00:00,DEBUG,abf46550fcb28e3f,b32a03d35f22ae30,io-8080-exec-10,o.s.web.servlet.DispatcherServlet,Completed 200 OK
2026-07-23T00:06:17.073380+00:00,customers-service,customers-service-68b57f7b8c-r7tfg,2026-07-23T00:05:45.699351+00:00,DEBUG,abf46550fcb28e3f,98d67ae6d4de1fb6,io-8080-exec-10,o.s.web.servlet.DispatcherServlet,"GET ""/owners/1"", parameters={}"
2026-07-23T00:06:17.073380+00:00,customers-service,customers-service-68b57f7b8c-r7tfg,2026-07-23T00:05:45.448527+00:00,DEBUG,eb5e68aa5fe528c1,3bffd8e74c6b41dc,nio-8080-exec-4,o.s.web.servlet.DispatcherServlet,Completed 200 OK
2026-07-23T00:06:17.073380+00:00,customers-service,customers-service-68b57f7b8c-r7tfg,2026-07-23T00:05:45.448504+00:00,DEBUG,82953546360cae5a,82953546360cae5a,nio-8080-exec-3,o.s.web.servlet.DispatcherServlet,Completed 200 OK
2026-07-23T00:06:17.073380+00:00,customers-service,customers-service-68b57f7b8c-r7tfg,2026-07-23T00:05:45.448468+00:00,DEBUG,eb5e68aa5fe528c1,cbe0d01ffb2dcdcd,nio-8080-exec-4,o.s.web.servlet.DispatcherServlet,"GET ""/owners"", parameters={}"
2026-07-23T00:06:17.073380+00:00,customers-service,customers-service-68b57f7b8c-r7tfg,2026-07-23T00:05:45.196538+00:00,DEBUG,69d48a738602e458,a62b241b10c7d539,nio-8080-exec-2,o.s.web.servlet.DispatcherServlet,Completed 200 OK
2026-07-23T00:06:17.073380+00:00,customers-service,customers-service-68b57f7b8c-r7tfg,2026-07-23T00:05:45.196533+00:00,DEBUG,69d48a738602e458,187cfaf3df190a34,nio-8080-exec-2,o.s.web.servlet.DispatcherServlet,"GET ""/owners/1"", parameters={}"
2026-07-23T00:06:17.073380+00:00,customers-service,customers-service-68b57f7b8c-r7tfg,2026-07-23T00:05:44.945501+00:00,DEBUG,5dd13ae8bdf43418,261de2c5a3bfc23e,nio-8080-exec-1,o.s.web.servlet.DispatcherServlet,Completed 200 OK
2026-07-23T00:06:17.073380+00:00,customers-service,customers-service-68b57f7b8c-r7tfg,2026-07-23T00:05:44.694605+00:00,DEBUG,5dd13ae8bdf43418,a1c1209831c9cd2b,nio-8080-exec-1,o.s.web.servlet.DispatcherServlet,"GET ""/owners"", parameters={}"
2026-07-23T00:06:17.073380+00:00,customers-service,customers-service-68b57f7b8c-r7tfg,2026-07-23T00:05:44.444517+00:00,DEBUG,aef185a18c33493b,fe3e9b5a771b1e13,nio-8080-exec-9,o.s.web.servlet.DispatcherServlet,Completed 200 OK
2026-07-23T00:06:17.073380+00:00,customers-service,customers-service-68b57f7b8c-r7tfg,2026-07-23T00:05:44.193688+00:00,DEBUG,aef185a18c33493b,7a7dfe9794c3ce44,nio-8080-exec-9,o.s.web.servlet.DispatcherServlet,"GET ""/owners"", parameters={}"
2026-07-23T00:06:17.073380+00:00,customers-service,customers-service-68b57f7b8c-r7tfg,2026-07-23T00:05:43.942199+00:00,DEBUG,872aa7ef4dd4499f,e9b8b0b9975f9c63,nio-8080-exec-5,o.s.web.servlet.DispatcherServlet,Completed 200 OK
2026-07-23T00:06:17.073380+00:00,customers-service,customers-service-68b57f7b8c-r7tfg,2026-07-23T00:05:43.691517+00:00,DEBUG,ca097a8a64624763,10142a3090b31833,nio-8080-exec-6,o.s.web.servlet.DispatcherServlet,Completed 200 OK
2026-07-23T00:06:17.073380+00:00,customers-service,customers-service-68b57f7b8c-r7tfg,2026-07-23T00:05:43.691514+00:00,DEBUG,ca097a8a64624763,e307f9ff208f5d99,nio-8080-exec-6,o.s.web.servlet.DispatcherServlet,"GET ""/owners/1"", parameters={}"
2026-07-23T00:06:17.073380+00:00,customers-service,customers-service-68b57f7b8c-r7tfg,2026-07-23T00:05:43.441197+00:00,DEBUG,872aa7ef4dd4499f,aa0b8a5a3f3f7801,nio-8080-exec-5,o.s.web.servlet.DispatcherServlet,"GET ""/owners"", parameters={}"
2026-07-23T00:06:17.073380+00:00,customers-service,customers-service-68b57f7b8c-r7tfg,2026-07-23T00:05:43.441191+00:00,DEBUG,63dd588d5170d5bc,c0a51f73a4eba4d5,nio-8080-exec-8,o.s.web.servlet.DispatcherServlet,Completed 200 OK
2026-07-23T00:06:17.073380+00:00,customers-service,customers-service-68b57f7b8c-r7tfg,2026-07-23T00:05:42.939452+00:00,DEBUG,a7de5d020cdb4492,5d27647ba60d1ef8,nio-8080-exec-7,o.s.web.servlet.DispatcherServlet,Completed 200 OK
2026-07-23T00:06:17.073380+00:00,customers-service,customers-service-68b57f7b8c-r7tfg,2026-07-23T00:05:42.939443+00:00,DEBUG,63dd588d5170d5bc,edcfdfbbd5b73c41,nio-8080-exec-8,o.s.web.servlet.DispatcherServlet,"GET ""/owners"", parameters={}"
2026-07-23T00:06:17.073380+00:00,customers-service,customers-service-68b57f7b8c-r7tfg,2026-07-23T00:05:42.688786+00:00,DEBUG,51887de57c76eec4,51887de57c76eec4,io-8080-exec-10,o.s.web.servlet.DispatcherServlet,Completed 200 OK
2026-07-23T00:06:17.073380+00:00,customers-service,customers-service-68b57f7b8c-r7tfg,2026-07-23T00:05:42.688767+00:00,DEBUG,a7de5d020cdb4492,1477d36a93a29ef5,nio-8080-exec-7,o.s.web.servlet.DispatcherServlet,"GET ""/owners/1"", parameters={}"
2026-07-23T00:06:17.073380+00:00,customers-service,customers-service-68b57f7b8c-r7tfg,2026-07-23T00:05:42.437894+00:00,DEBUG,5de833c834b47914,4ab7a36b8405ac21,nio-8080-exec-3,o.s.web.servlet.DispatcherServlet,Completed 200 OK
2026-07-23T00:06:17.073380+00:00,customers-service,customers-service-68b57f7b8c-r7tfg,2026-07-23T00:05:42.437879+00:00,DEBUG,be4ac2d0509f9737,464f48a6d39d00d1,nio-8080-exec-4,o.s.web.servlet.DispatcherServlet,Completed 200 OK
2026-07-23T00:06:17.073380+00:00,customers-service,customers-service-68b57f7b8c-r7tfg,2026-07-23T00:05:42.437874+00:00,DEBUG,5de833c834b47914,f5d6f618b4cb5365,nio-8080-exec-3,o.s.web.servlet.DispatcherServlet,"GET ""/owners/1"", parameters={}"
2026-07-23T00:06:17.073380+00:00,customers-service,customers-service-68b57f7b8c-r7tfg,2026-07-23T00:05:42.187316+00:00,DEBUG,d0676fde019e7b35,543d3e4a770e3522,nio-8080-exec-2,o.s.web.servlet.DispatcherServlet,Completed 200 OK
2026-07-23T00:06:17.073380+00:00,customers-service,customers-service-68b57f7b8c-r7tfg,2026-07-23T00:05:41.936589+00:00,DEBUG,be4ac2d0509f9737,8a67d80ca7fc30f7,nio-8080-exec-4,o.s.web.servlet.DispatcherServlet,"GET ""/owners"", parameters={}"
2026-07-23T00:06:17.073380+00:00,customers-service,customers-service-68b57f7b8c-r7tfg,2026-07-23T00:05:41.686083+00:00,DEBUG,d0676fde019e7b35,039ba27b8176d824,nio-8080-exec-2,o.s.web.servlet.DispatcherServlet,"GET ""/owners"", parameters={}"
2026-07-23T00:06:17.073380+00:00,customers-service,customers-service-68b57f7b8c-r7tfg,2026-07-23T00:05:41.686058+00:00,DEBUG,9a144473a33c3edc,6193d1879f794a5e,nio-8080-exec-1,o.s.web.servlet.DispatcherServlet,Completed 200 OK
2026-07-23T00:06:17.073380+00:00,customers-service,customers-service-68b57f7b8c-r7tfg,2026-07-23T00:05:41.686053+00:00,DEBUG,27a2e4cfd4770a54,e753b6f65f4d58c3,nio-8080-exec-9,o.s.web.servlet.DispatcherServlet,Completed 200 OK
2026-07-23T00:06:17.073380+00:00,customers-service,customers-service-68b57f7b8c-r7tfg,2026-07-23T00:05:41.435147+00:00,DEBUG,27a2e4cfd4770a54,9e1d7a0ab241dbb0,nio-8080-exec-9,o.s.web.servlet.DispatcherServlet,"GET ""/owners/1"", parameters={}"
2026-07-23T00:06:17.073380+00:00,customers-service,customers-service-68b57f7b8c-r7tfg,2026-07-23T00:05:41.184998+00:00,DEBUG,9a144473a33c3edc,20c5fde0e47cb35b,nio-8080-exec-1,o.s.web.servlet.DispatcherServlet,"GET ""/owners"", parameters={}"
2026-07-23T00:06:17.073380+00:00,customers-service,customers-service-68b57f7b8c-r7tfg,2026-07-23T00:05:40.935012+00:00,DEBUG,8db277ef411003a5,76b033c6119f66f2,nio-8080-exec-6,o.s.web.servlet.DispatcherServlet,Completed 200 OK
2026-07-23T00:06:17.073380+00:00,customers-service,customers-service-68b57f7b8c-r7tfg,2026-07-23T00:05:40.934979+00:00,DEBUG,2e25bfcda156d00a,6c3613e29ce2615f,nio-8080-exec-5,o.s.web.servlet.DispatcherServlet,Completed 200 OK
2026-07-23T00:06:17.073380+00:00,customers-service,customers-service-68b57f7b8c-r7tfg,2026-07-23T00:05:40.934919+00:00,DEBUG,2e25bfcda156d00a,534537d67a6569b3,nio-8080-exec-5,o.s.web.servlet.DispatcherServlet,"GET ""/owners/1"", parameters={}"
2026-07-23T00:06:17.073380+00:00,customers-service,customers-service-68b57f7b8c-r7tfg,2026-07-23T00:05:40.684529+00:00,DEBUG,8db277ef411003a5,9c6ed260cb74957e,nio-8080-exec-6,o.s.web.servlet.DispatcherServlet,"GET ""/owners/1"", parameters={}"
2026-07-23T00:06:17.073380+00:00,customers-service,customers-service-68b57f7b8c-r7tfg,2026-07-23T00:05:40.684503+00:00,DEBUG,565e1211e6e1ce0d,7fed0fef510ccab8,nio-8080-exec-8,o.s.web.servlet.DispatcherServlet,Completed 200 OK
2026-07-23T00:06:17.073380+00:00,customers-service,customers-service-68b57f7b8c-r7tfg,2026-07-23T00:05:40.684470+00:00,DEBUG,4e373ac4ccdd26d6,fe5c284c315d6fcb,io-8080-exec-10,o.s.web.servlet.DispatcherServlet,Completed 200 OK
2026-07-23T00:06:17.073380+00:00,customers-service,customers-service-68b57f7b8c-r7tfg,2026-07-23T00:05:40.684445+00:00,DEBUG,09ef21e4c4a0fa21,dfe0d60bff863254,nio-8080-exec-7,o.s.web.servlet.DispatcherServlet,Completed 200 OK
2026-07-23T00:06:17.073380+00:00,customers-service,customers-service-68b57f7b8c-r7tfg,2026-07-23T00:05:40.684357+00:00,DEBUG,a6d877d5247e1e6b,a13945eb051b2e41,nio-8080-exec-3,o.s.web.servlet.DispatcherServlet,Completed 200 OK
2026-07-23T00:06:17.073380+00:00,customers-service,customers-service-68b57f7b8c-r7tfg,2026-07-23T00:05:40.684351+00:00,DEBUG,4e373ac4ccdd26d6,0309ff5907ec1c43,io-8080-exec-10,o.s.web.servlet.DispatcherServlet,"GET ""/owners/1"", parameters={}"
2026-07-23T00:06:17.073380+00:00,customers-service,customers-service-68b57f7b8c-r7tfg,2026-07-23T00:05:40.433790+00:00,DEBUG,09ef21e4c4a0fa21,1947f5e1377556d1,nio-8080-exec-7,o.s.web.servlet.DispatcherServlet,"GET ""/owners/1"", parameters={}"
2026-07-23T00:06:17.073380+00:00,customers-service,customers-service-68b57f7b8c-r7tfg,2026-07-23T00:05:40.183407+00:00,DEBUG,565e1211e6e1ce0d,9e6e05d2c5743df3,nio-8080-exec-8,o.s.web.servlet.DispatcherServlet,"GET ""/owners"", parameters={}"
2026-07-23T00:06:17.073380+00:00,customers-service,customers-service-68b57f7b8c-r7tfg,2026-07-23T00:05:40.183404+00:00,DEBUG,a6d877d5247e1e6b,b72216715f423201,nio-8080-exec-3,o.s.web.servlet.DispatcherServlet,"GET ""/owners"", parameters={}"
2026-07-23T00:06:17.073380+00:00,customers-service,customers-service-68b57f7b8c-r7tfg,2026-07-23T00:05:39.682573+00:00,DEBUG,a814c2cb448e27f0,8046c61e656ae3bf,nio-8080-exec-4,o.s.web.servlet.DispatcherServlet,Completed 200 OK
2026-07-23T00:06:17.073380+00:00,customers-service,customers-service-68b57f7b8c-r7tfg,2026-07-23T00:05:39.682567+00:00,DEBUG,a814c2cb448e27f0,725edece43c23717,nio-8080-exec-4,o.s.web.servlet.DispatcherServlet,"GET ""/owners/1"", parameters={}"
2026-07-23T00:06:17.073380+00:00,customers-service,customers-service-68b57f7b8c-r7tfg,2026-07-23T00:05:39.432176+00:00,DEBUG,529d0f1534de940e,3e05ef04cd0e1385,nio-8080-exec-2,o.s.web.servlet.DispatcherServlet,Completed 200 OK
2026-07-23T00:06:17.073380+00:00,customers-service,customers-service-68b57f7b8c-r7tfg,2026-07-23T00:05:39.432107+00:00,DEBUG,529d0f1534de940e,a946bc79f4c4de3f,nio-8080-exec-2,o.s.web.servlet.DispatcherServlet,"GET ""/owners"", parameters={}"
2026-07-23T00:06:17.073380+00:00,customers-service,customers-service-68b57f7b8c-r7tfg,2026-07-23T00:05:39.181156+00:00,DEBUG,2037375785e0a5de,546c43afca04a6ad,nio-8080-exec-9,o.s.web.servlet.DispatcherServlet,Completed 200 OK
2026-07-23T00:06:17.073380+00:00,customers-service,customers-service-68b57f7b8c-r7tfg,2026-07-23T00:05:39.181149+00:00,DEBUG,2037375785e0a5de,aeb664b8b631711f,nio-8080-exec-9,o.s.web.servlet.DispatcherServlet,"GET ""/owners/1"", parameters={}"
2026-07-23T00:06:17.073380+00:00,customers-service,customers-service-68b57f7b8c-r7tfg,2026-07-23T00:05:38.679934+00:00,DEBUG,3d69a669534de430,a70dbb2d3e20a6d3,nio-8080-exec-1,o.s.web.servlet.DispatcherServlet,Completed 200 OK
2026-07-23T00:06:17.073380+00:00,customers-service,customers-service-68b57f7b8c-r7tfg,2026-07-23T00:05:38.679930+00:00,DEBUG,3d69a669534de430,cfd61721d626de9f,nio-8080-exec-1,o.s.web.servlet.DispatcherServlet,"GET ""/owners/1"", parameters={}"
2026-07-23T00:06:17.073380+00:00,customers-service,customers-service-68b57f7b8c-r7tfg,2026-07-23T00:05:37.927043+00:00,DEBUG,7808028f478d4e88,573fe838db0a7b2d,nio-8080-exec-5,o.s.web.servlet.DispatcherServlet,Completed 200 OK
2026-07-23T00:06:17.073380+00:00,customers-service,customers-service-68b57f7b8c-r7tfg,2026-07-23T00:05:37.927038+00:00,DEBUG,7808028f478d4e88,35a520b6a786c42d,nio-8080-exec-5,o.s.web.servlet.DispatcherServlet,"GET ""/owners/1"", parameters={}"
2026-07-23T00:06:17.073380+00:00,customers-service,customers-service-68b57f7b8c-r7tfg,2026-07-23T00:05:37.426121+00:00,DEBUG,f071293fdbacf7da,af60cecf42537e11,nio-8080-exec-6,o.s.web.servlet.DispatcherServlet,Completed 200 OK
2026-07-23T00:06:17.073380+00:00,customers-service,customers-service-68b57f7b8c-r7tfg,2026-07-23T00:05:37.426115+00:00,DEBUG,f071293fdbacf7da,20cded2ff3f7070f,nio-8080-exec-6,o.s.web.servlet.DispatcherServlet,"GET ""/owners/1"", parameters={}"
2026-07-23T00:06:17.073380+00:00,customers-service,customers-service-68b57f7b8c-r7tfg,2026-07-23T00:05:37.175423+00:00,DEBUG,e46a5f1943848117,88432f615ef66bf9,io-8080-exec-10,o.s.web.servlet.DispatcherServlet,Completed 200 OK
2026-07-23T00:06:17.073380+00:00,customers-service,customers-service-68b57f7b8c-r7tfg,2026-07-23T00:05:37.175404+00:00,DEBUG,e46a5f1943848117,47da1a1d98e9ea21,io-8080-exec-10,o.s.web.servlet.DispatcherServlet,"GET ""/owners"", parameters={}"
2026-07-23T00:06:17.073380+00:00,customers-service,customers-service-68b57f7b8c-r7tfg,2026-07-23T00:05:36.925220+00:00,DEBUG,b86d58adcdbc48e0,ddcd7366ea92ad74,nio-8080-exec-7,o.s.web.servlet.DispatcherServlet,Completed 200 OK
2026-07-23T00:06:17.073380+00:00,customers-service,customers-service-68b57f7b8c-r7tfg,2026-07-23T00:05:36.925215+00:00,DEBUG,b86d58adcdbc48e0,4567be809906db14,nio-8080-exec-7,o.s.web.servlet.DispatcherServlet,"GET ""/owners/1"", parameters={}"
2026-07-23T00:06:17.073380+00:00,customers-service,customers-service-68b57f7b8c-r7tfg,2026-07-23T00:05:36.424197+00:00,DEBUG,c5b0f4b15581e5fd,2fce1ea432ab2be1,nio-8080-exec-8,o.s.web.servlet.DispatcherServlet,Completed 200 OK
2026-07-23T00:06:17.073380+00:00,customers-service,customers-service-68b57f7b8c-r7tfg,2026-07-23T00:05:36.424191+00:00,DEBUG,c5b0f4b15581e5fd,fe6bdaa300bc492c,nio-8080-exec-8,o.s.web.servlet.DispatcherServlet,"GET ""/owners"", parameters={}"
2026-07-23T00:06:17.073380+00:00,customers-service,customers-service-68b57f7b8c-r7tfg,2026-07-23T00:05:36.173089+00:00,DEBUG,5d4209c1b60c95a6,b391468181400129,nio-8080-exec-3,o.s.web.servlet.DispatcherServlet,Completed 200 OK
2026-07-23T00:06:17.073380+00:00,customers-service,customers-service-68b57f7b8c-r7tfg,2026-07-23T00:05:36.173085+00:00,DEBUG,5d4209c1b60c95a6,af9d8ff6831304d3,nio-8080-exec-3,o.s.web.servlet.DispatcherServlet,"GET ""/owners/1"", parameters={}"
2026-07-23T00:06:17.073380+00:00,customers-service,customers-service-68b57f7b8c-r7tfg,2026-07-23T00:05:35.922346+00:00,DEBUG,0f07cdc3bd73656e,32fe5673ffaba7ce,nio-8080-exec-4,o.s.web.servlet.DispatcherServlet,Completed 200 OK
2026-07-23T00:06:17.073380+00:00,customers-service,customers-service-68b57f7b8c-r7tfg,2026-07-23T00:05:35.922342+00:00,DEBUG,0f07cdc3bd73656e,11d55216c7d7feb7,nio-8080-exec-4,o.s.web.servlet.DispatcherServlet,"GET ""/owners/1"", parameters={}"
2026-07-23T00:06:17.073380+00:00,customers-service,customers-service-68b57f7b8c-r7tfg,2026-07-23T00:05:35.420568+00:00,DEBUG,f8e22ea1c03e4218,c320a6b9a4e4ee00,nio-8080-exec-2,o.s.web.servlet.DispatcherServlet,Completed 200 OK
2026-07-23T00:06:17.073380+00:00,customers-service,customers-service-68b57f7b8c-r7tfg,2026-07-23T00:05:35.420560+00:00,DEBUG,f8e22ea1c03e4218,b42e5e7ec854e5d3,nio-8080-exec-2,o.s.web.servlet.DispatcherServlet,"GET ""/owners/1"", parameters={}"
2026-07-23T00:06:17.073380+00:00,customers-service,customers-service-68b57f7b8c-r7tfg,2026-07-23T00:05:35.169286+00:00,DEBUG,d4f28045cdce548e,ce047dd92097f262,nio-8080-exec-9,o.s.web.servlet.DispatcherServlet,Completed 200 OK
2026-07-23T00:06:17.073380+00:00,customers-service,customers-service-68b57f7b8c-r7tfg,2026-07-23T00:05:35.169279+00:00,DEBUG,d4f28045cdce548e,84f5d07cccee9535,nio-8080-exec-9,o.s.web.servlet.DispatcherServlet,"GET ""/owners/1"", parameters={}"
2026-07-23T00:06:17.073380+00:00,customers-service,customers-service-68b57f7b8c-r7tfg,2026-07-23T00:05:34.917979+00:00,DEBUG,f393524109074f51,a1bef1f66729a3ce,nio-8080-exec-1,o.s.web.servlet.DispatcherServlet,Completed 200 OK
2026-07-23T00:06:17.073380+00:00,customers-service,customers-service-68b57f7b8c-r7tfg,2026-07-23T00:05:34.667489+00:00,DEBUG,f393524109074f51,bf0cb506b9656629,nio-8080-exec-1,o.s.web.servlet.DispatcherServlet,"GET ""/owners/1"", parameters={}"
2026-07-23T00:06:17.073380+00:00,customers-service,customers-service-68b57f7b8c-r7tfg,2026-07-23T00:05:34.667476+00:00,DEBUG,590ee17abf23f41b,2a827d9bde75eb69,nio-8080-exec-5,o.s.web.servlet.DispatcherServlet,Completed 200 OK
2026-07-23T00:06:17.073380+00:00,customers-service,customers-service-68b57f7b8c-r7tfg,2026-07-23T00:05:34.667471+00:00,DEBUG,590ee17abf23f41b,18da6106bf9a1491,nio-8080-exec-5,o.s.web.servlet.DispatcherServlet,"GET ""/owners/1"", parameters={}"
2026-07-23T00:06:17.073380+00:00,customers-service,customers-service-68b57f7b8c-r7tfg,2026-07-23T00:05:34.166572+00:00,DEBUG,c6f953fb3f60905a,43bfb9c4bf029658,nio-8080-exec-6,o.s.web.servlet.DispatcherServlet,Completed 200 OK
2026-07-23T00:06:17.073380+00:00,customers-service,customers-service-68b57f7b8c-r7tfg,2026-07-23T00:05:34.166565+00:00,DEBUG,c6f953fb3f60905a,e559c055510bed19,nio-8080-exec-6,o.s.web.servlet.DispatcherServlet,"GET ""/owners/1"", parameters={}"
2026-07-23T00:06:17.073380+00:00,customers-service,customers-service-68b57f7b8c-r7tfg,2026-07-23T00:05:33.915501+00:00,DEBUG,5930105d5492526f,e0f3373c1e5b6e52,io-8080-exec-10,o.s.web.servlet.DispatcherServlet,Completed 200 OK
2026-07-23T00:06:17.073380+00:00,customers-service,customers-service-68b57f7b8c-r7tfg,2026-07-23T00:05:33.915287+00:00,DEBUG,5930105d5492526f,489d030b2cd72aa9,io-8080-exec-10,o.s.web.servlet.DispatcherServlet,"GET ""/owners"", parameters={}"
2026-07-23T00:06:17.073380+00:00,customers-service,customers-service-68b57f7b8c-r7tfg,2026-07-23T00:05:33.915262+00:00,DEBUG,4ce83d301dcf164b,4ce83d301dcf164b,nio-8080-exec-7,o.s.web.servlet.DispatcherServlet,Completed 200 OK
2026-07-23T00:06:17.073380+00:00,customers-service,customers-service-68b57f7b8c-r7tfg,2026-07-23T00:05:33.915232+00:00,DEBUG,3750f9de9acb7114,030a66ab5a6fd193,nio-8080-exec-8,o.s.web.servlet.DispatcherServlet,Completed 200 OK
2026-07-23T00:06:17.073380+00:00,customers-service,customers-service-68b57f7b8c-r7tfg,2026-07-23T00:05:33.664241+00:00,DEBUG,3750f9de9acb7114,a81551f1c1a4fb44,nio-8080-exec-8,o.s.web.servlet.DispatcherServlet,"GET ""/owners/1"", parameters={}"
2026-07-23T00:06:17.073380+00:00,customers-service,customers-service-68b57f7b8c-r7tfg,2026-07-23T00:05:33.664210+00:00,DEBUG,1d1225a3a6adf3da,ada2678147231b3f,nio-8080-exec-3,o.s.web.servlet.DispatcherServlet,Completed 200 OK
2026-07-23T00:06:17.073380+00:00,customers-service,customers-service-68b57f7b8c-r7tfg,2026-07-23T00:05:33.664204+00:00,DEBUG,1d1225a3a6adf3da,e7b7fc9668553d0f,nio-8080-exec-3,o.s.web.servlet.DispatcherServlet,"GET ""/owners/1"", parameters={}"
2026-07-23T00:06:17.073380+00:00,customers-service,customers-service-68b57f7b8c-r7tfg,2026-07-23T00:05:33.413743+00:00,DEBUG,dfc9e8b3f71229ac,68663eee0cf95d8f,nio-8080-exec-4,o.s.web.servlet.DispatcherServlet,Completed 200 OK
2026-07-23T00:06:17.073380+00:00,customers-service,customers-service-68b57f7b8c-r7tfg,2026-07-23T00:05:33.163200+00:00,DEBUG,dfc9e8b3f71229ac,00b238eddf6ceec2,nio-8080-exec-4,o.s.web.servlet.DispatcherServlet,"GET ""/owners/1"", parameters={}"
2026-07-23T00:06:17.073380+00:00,customers-service,customers-service-68b57f7b8c-r7tfg,2026-07-23T00:05:33.163181+00:00,DEBUG,2698463cc53f3423,0a8b18b3060bc3b4,nio-8080-exec-2,o.s.web.servlet.DispatcherServlet,Completed 200 OK
2026-07-23T00:06:17.073380+00:00,customers-service,customers-service-68b57f7b8c-r7tfg,2026-07-23T00:05:33.163177+00:00,DEBUG,2698463cc53f3423,ed871cec80d1ff6e,nio-8080-exec-2,o.s.web.servlet.DispatcherServlet,"GET ""/owners/1"", parameters={}"
2026-07-23T00:06:17.073380+00:00,customers-service,customers-service-68b57f7b8c-r7tfg,2026-07-23T00:05:32.913106+00:00,DEBUG,704f8708407f55b8,7e7b83a976bc8df8,nio-8080-exec-9,o.s.web.servlet.DispatcherServlet,Completed 200 OK
2026-07-23T00:06:17.073380+00:00,customers-service,customers-service-68b57f7b8c-r7tfg,2026-07-23T00:05:32.913089+00:00,DEBUG,704f8708407f55b8,f7378b66339d4678,nio-8080-exec-9,o.s.web.servlet.DispatcherServlet,"GET ""/owners"", parameters={}"
2026-07-23T00:06:17.073380+00:00,customers-service,customers-service-68b57f7b8c-r7tfg,2026-07-23T00:05:32.913085+00:00,DEBUG,60355425bddaa5b9,f5531eda6506cd1b,nio-8080-exec-1,o.s.web.servlet.DispatcherServlet,Completed 200 OK
2026-07-23T00:06:17.073380+00:00,customers-service,customers-service-68b57f7b8c-r7tfg,2026-07-23T00:05:32.662978+00:00,DEBUG,60355425bddaa5b9,e584066eaaf85d0f,nio-8080-exec-1,o.s.web.servlet.DispatcherServlet,"GET ""/owners"", parameters={}"
2026-07-23T00:06:17.073380+00:00,customers-service,customers-service-68b57f7b8c-r7tfg,2026-07-23T00:05:32.662939+00:00,DEBUG,7de0bf22865b0147,5ea1260a0321c45f,nio-8080-exec-5,o.s.web.servlet.DispatcherServlet,Completed 200 OK
2026-07-23T00:06:17.073380+00:00,customers-service,customers-service-68b57f7b8c-r7tfg,2026-07-23T00:05:32.662932+00:00,DEBUG,7de0bf22865b0147,b8e2856217e4380c,nio-8080-exec-5,o.s.web.servlet.DispatcherServlet,"GET ""/owners"", parameters={}"
2026-07-23T00:06:17.073380+00:00,customers-service,customers-service-68b57f7b8c-r7tfg,2026-07-23T00:05:32.412592+00:00,DEBUG,37111cb53d181fbb,6713e3f8df81c410,nio-8080-exec-6,o.s.web.servlet.DispatcherServlet,Completed 200 OK
2026-07-23T00:06:17.073380+00:00,customers-service,customers-service-68b57f7b8c-r7tfg,2026-07-23T00:05:31.066313+00:00,DEBUG,37111cb53d181fbb,a8953585edd19dd0,nio-8080-exec-6,o.s.web.servlet.DispatcherServlet,"GET ""/owners"", parameters={}"
2026-07-23T00:06:17.073380+00:00,customers-service,customers-service-68b57f7b8c-r7tfg,2026-07-23T00:05:30.816192+00:00,DEBUG,1f33c0d3a126c06e,88ae7440e5ae5683,io-8080-exec-10,o.s.web.servlet.DispatcherServlet,Completed 200 OK
2026-07-23T00:06:17.073380+00:00,customers-service,customers-service-68b57f7b8c-r7tfg,2026-07-23T00:05:30.565372+00:00,DEBUG,1f33c0d3a126c06e,da9457a4acd5a273,io-8080-exec-10,o.s.web.servlet.DispatcherServlet,"GET ""/owners/1"", parameters={}"
2026-07-23T00:06:17.073380+00:00,customers-service,customers-service-68b57f7b8c-r7tfg,2026-07-23T00:05:30.565345+00:00,DEBUG,ad4748c04216c7bb,7f4d46306e68f3c3,nio-8080-exec-7,o.s.web.servlet.DispatcherServlet,Completed 200 OK
2026-07-23T00:06:17.073380+00:00,customers-service,customers-service-68b57f7b8c-r7tfg,2026-07-23T00:05:30.565338+00:00,DEBUG,ad4748c04216c7bb,7ac6b9d1a3776054,nio-8080-exec-7,o.s.web.servlet.DispatcherServlet,"GET ""/owners"", parameters={}"
2026-07-23T00:06:17.073380+00:00,customers-service,customers-service-68b57f7b8c-r7tfg,2026-07-23T00:05:30.314428+00:00,DEBUG,6688f5284aa9fe21,1a714e1c5c190381,nio-8080-exec-8,o.s.web.servlet.DispatcherServlet,Completed 200 OK
2026-07-23T00:06:17.073380+00:00,customers-service,customers-service-68b57f7b8c-r7tfg,2026-07-23T00:05:30.314412+00:00,DEBUG,6688f5284aa9fe21,d5cc6e48d1ed0c25,nio-8080-exec-8,o.s.web.servlet.DispatcherServlet,"GET ""/owners"", parameters={}"
2026-07-23T00:06:17.073380+00:00,customers-service,customers-service-68b57f7b8c-r7tfg,2026-07-23T00:05:30.314408+00:00,DEBUG,6cc7d09bb0937766,ecee7547cced8fbe,nio-8080-exec-3,o.s.web.servlet.DispatcherServlet,Completed 200 OK
2026-07-23T00:06:17.073380+00:00,customers-service,customers-service-68b57f7b8c-r7tfg,2026-07-23T00:05:30.063649+00:00,DEBUG,6cc7d09bb0937766,ca079b9e9ce6ce99,nio-8080-exec-3,o.s.web.servlet.DispatcherServlet,"GET ""/owners"", parameters={}"
2026-07-23T00:06:17.073380+00:00,customers-service,customers-service-68b57f7b8c-r7tfg,2026-07-23T00:05:30.063629+00:00,DEBUG,e304a4566cf4f329,27d55fd7dd1e677f,nio-8080-exec-4,o.s.web.servlet.DispatcherServlet,Completed 200 OK
2026-07-23T00:06:17.073380+00:00,customers-service,customers-service-68b57f7b8c-r7tfg,2026-07-23T00:05:30.063599+00:00,DEBUG,e304a4566cf4f329,97f31bbeee59ba33,nio-8080-exec-4,o.s.web.servlet.DispatcherServlet,"GET ""/owners"", parameters={}"
2026-07-23T00:06:17.073380+00:00,customers-service,customers-service-68b57f7b8c-r7tfg,2026-07-23T00:05:29.561803+00:00,DEBUG,f8aa68ae3d005e55,8f776d9c48f76e4d,nio-8080-exec-2,o.s.web.servlet.DispatcherServlet,Completed 200 OK
2026-07-23T00:06:17.073380+00:00,customers-service,customers-service-68b57f7b8c-r7tfg,2026-07-23T00:05:29.561795+00:00,DEBUG,f8aa68ae3d005e55,2bb82bdc5094ae92,nio-8080-exec-2,o.s.web.servlet.DispatcherServlet,"GET ""/owners/1"", parameters={}"
2026-07-23T00:06:17.073380+00:00,customers-service,customers-service-68b57f7b8c-r7tfg,2026-07-23T00:05:29.311193+00:00,DEBUG,5e586bb42f917c1c,5e586bb42f917c1c,nio-8080-exec-9,o.s.web.servlet.DispatcherServlet,Completed 200 OK
2026-07-23T00:06:17.073380+00:00,customers-service,customers-service-68b57f7b8c-r7tfg,2026-07-23T00:05:29.311150+00:00,DEBUG,05fec290ab67a5e1,110346b3a23dcb62,nio-8080-exec-1,o.s.web.servlet.DispatcherServlet,Completed 200 OK
2026-07-23T00:06:17.073380+00:00,customers-service,customers-service-68b57f7b8c-r7tfg,2026-07-23T00:05:29.061113+00:00,DEBUG,05fec290ab67a5e1,feb44c1a0896ee9c,nio-8080-exec-1,o.s.web.servlet.DispatcherServlet,"GET ""/owners/1"", parameters={}"
2026-07-23T00:06:17.073380+00:00,customers-service,customers-service-68b57f7b8c-r7tfg,2026-07-23T00:05:28.810087+00:00,DEBUG,358df7a299bbcae1,954203548e4cc3e7,nio-8080-exec-5,o.s.web.servlet.DispatcherServlet,Completed 200 OK
2026-07-23T00:06:17.073380+00:00,customers-service,customers-service-68b57f7b8c-r7tfg,2026-07-23T00:05:28.810048+00:00,DEBUG,358df7a299bbcae1,061968cafa518823,nio-8080-exec-5,o.s.web.servlet.DispatcherServlet,"GET ""/owners"", parameters={}"
2026-07-23T00:06:17.073380+00:00,customers-service,customers-service-68b57f7b8c-r7tfg,2026-07-23T00:05:28.810041+00:00,DEBUG,625e5ae5ae4aadb0,635a9a5029281d69,nio-8080-exec-6,o.s.web.servlet.DispatcherServlet,Completed 200 OK
2026-07-23T00:06:17.073380+00:00,customers-service,customers-service-68b57f7b8c-r7tfg,2026-07-23T00:05:28.559205+00:00,DEBUG,625e5ae5ae4aadb0,829a92e43802ae89,nio-8080-exec-6,o.s.web.servlet.DispatcherServlet,"GET ""/owners/1"", parameters={}"
2026-07-23T00:06:17.073380+00:00,customers-service,customers-service-68b57f7b8c-r7tfg,2026-07-23T00:05:28.559177+00:00,DEBUG,12829a0c6554dceb,798995c56e01e9ba,io-8080-exec-10,o.s.web.servlet.DispatcherServlet,Completed 200 OK
2026-07-23T00:06:17.073380+00:00,customers-service,customers-service-68b57f7b8c-r7tfg,2026-07-23T00:05:28.559170+00:00,DEBUG,12829a0c6554dceb,ff2b912951bf7048,io-8080-exec-10,o.s.web.servlet.DispatcherServlet,"GET ""/owners/1"", parameters={}"
2026-07-23T00:06:17.073380+00:00,customers-service,customers-service-68b57f7b8c-r7tfg,2026-07-23T00:05:27.807636+00:00,DEBUG,37e641cd6f9dff3e,10b255792489cf83,nio-8080-exec-7,o.s.web.servlet.DispatcherServlet,Completed 200 OK
2026-07-23T00:06:17.073380+00:00,customers-service,customers-service-68b57f7b8c-r7tfg,2026-07-23T00:05:27.556463+00:00,DEBUG,37e641cd6f9dff3e,a0d2f1bd620e39e3,nio-8080-exec-7,o.s.web.servlet.DispatcherServlet,"GET ""/owners/1"", parameters={}"
2026-07-23T00:06:17.073380+00:00,customers-service,customers-service-68b57f7b8c-r7tfg,2026-07-23T00:05:26.804066+00:00,DEBUG,fee772d07e9d1f2f,8dfc89fcb790201e,nio-8080-exec-8,o.s.web.servlet.DispatcherServlet,Completed 200 OK
2026-07-23T00:06:17.073380+00:00,customers-service,customers-service-68b57f7b8c-r7tfg,2026-07-23T00:05:26.804039+00:00,DEBUG,fee772d07e9d1f2f,d36585ab3d828803,nio-8080-exec-8,o.s.web.servlet.DispatcherServlet,"GET ""/owners/1"", parameters={}"
2026-07-23T00:06:17.073380+00:00,customers-service,customers-service-68b57f7b8c-r7tfg,2026-07-23T00:05:26.804034+00:00,DEBUG,a9a608c51e483c3e,adc2e101cf86084f,nio-8080-exec-3,o.s.web.servlet.DispatcherServlet,Completed 200 OK
2026-07-23T00:06:17.073380+00:00,customers-service,customers-service-68b57f7b8c-r7tfg,2026-07-23T00:05:26.553061+00:00,DEBUG,a9a608c51e483c3e,0a2722e0b525cc55,nio-8080-exec-3,o.s.web.servlet.DispatcherServlet,"GET ""/owners"", parameters={}"
2026-07-23T00:06:17.073380+00:00,customers-service,customers-service-68b57f7b8c-r7tfg,2026-07-23T00:05:25.801263+00:00,DEBUG,543fce4d31255fe0,bb52c4921e3222d1,nio-8080-exec-4,o.s.web.servlet.DispatcherServlet,Completed 200 OK
2026-07-23T00:06:17.073380+00:00,customers-service,customers-service-68b57f7b8c-r7tfg,2026-07-23T00:05:25.551112+00:00,DEBUG,543fce4d31255fe0,7160630467bb93d6,nio-8080-exec-4,o.s.web.servlet.DispatcherServlet,"GET ""/owners/1"", parameters={}"
2026-07-23T00:06:17.073380+00:00,customers-service,customers-service-68b57f7b8c-r7tfg,2026-07-23T00:05:25.300514+00:00,DEBUG,a6309d753ee767b8,92868b1d4f1a8ad6,nio-8080-exec-2,o.s.web.servlet.DispatcherServlet,Completed 200 OK
2026-07-23T00:06:17.073380+00:00,customers-service,customers-service-68b57f7b8c-r7tfg,2026-07-23T00:05:25.300508+00:00,DEBUG,a6309d753ee767b8,57acd03d64a9bc0c,nio-8080-exec-2,o.s.web.servlet.DispatcherServlet,"GET ""/owners/1"", parameters={}"
2026-07-23T00:06:17.073380+00:00,customers-service,customers-service-68b57f7b8c-r7tfg,2026-07-23T00:05:24.799496+00:00,DEBUG,b2a33dca22da91a8,fe9d6cfc8755d901,nio-8080-exec-9,o.s.web.servlet.DispatcherServlet,Completed 200 OK
2026-07-23T00:06:17.073380+00:00,customers-service,customers-service-68b57f7b8c-r7tfg,2026-07-23T00:05:24.799493+00:00,DEBUG,b2a33dca22da91a8,52d50aca948ddc14,nio-8080-exec-9,o.s.web.servlet.DispatcherServlet,"GET ""/owners/1"", parameters={}"
2026-07-23T00:06:17.073380+00:00,customers-service,customers-service-68b57f7b8c-r7tfg,2026-07-23T00:05:24.297618+00:00,DEBUG,8a6a63f8f6133db3,fbcfc6769fe7d7f5,nio-8080-exec-1,o.s.web.servlet.DispatcherServlet,Completed 200 OK
2026-07-23T00:06:17.073380+00:00,customers-service,customers-service-68b57f7b8c-r7tfg,2026-07-23T00:05:24.047090+00:00,DEBUG,8a6a63f8f6133db3,beb237b6f738a7da,nio-8080-exec-1,o.s.web.servlet.DispatcherServlet,"GET ""/owners/1"", parameters={}"
2026-07-23T00:06:17.073380+00:00,customers-service,customers-service-68b57f7b8c-r7tfg,2026-07-23T00:05:24.047068+00:00,DEBUG,c3ae58db0715317e,c0a6250853ef7e17,nio-8080-exec-5,o.s.web.servlet.DispatcherServlet,Completed 200 OK
2026-07-23T00:06:17.073380+00:00,customers-service,customers-service-68b57f7b8c-r7tfg,2026-07-23T00:05:24.047033+00:00,DEBUG,c3ae58db0715317e,4bfad160b133fadf,nio-8080-exec-5,o.s.web.servlet.DispatcherServlet,"GET ""/owners/1"", parameters={}"
2026-07-23T00:06:17.073380+00:00,customers-service,customers-service-68b57f7b8c-r7tfg,2026-07-23T00:05:23.295205+00:00,DEBUG,0bd992e78c74d213,bc85dfcf81932960,nio-8080-exec-6,o.s.web.servlet.DispatcherServlet,Completed 200 OK
2026-07-23T00:06:17.073380+00:00,customers-service,customers-service-68b57f7b8c-r7tfg,2026-07-23T00:05:23.295199+00:00,DEBUG,0bd992e78c74d213,661e7f11868e3aee,nio-8080-exec-6,o.s.web.servlet.DispatcherServlet,"GET ""/owners/1"", parameters={}"
2026-07-23T00:06:17.073380+00:00,customers-service,customers-service-68b57f7b8c-r7tfg,2026-07-23T00:05:22.794021+00:00,DEBUG,c597f3fe6197e993,ff42a4a657088b80,io-8080-exec-10,o.s.web.servlet.DispatcherServlet,Completed 200 OK
2026-07-23T00:06:17.073380+00:00,customers-service,customers-service-68b57f7b8c-r7tfg,2026-07-23T00:05:22.794013+00:00,DEBUG,c597f3fe6197e993,ac1a2544aebd0a69,io-8080-exec-10,o.s.web.servlet.DispatcherServlet,"GET ""/owners/1"", parameters={}"
2026-07-23T00:06:17.073380+00:00,customers-service,customers-service-68b57f7b8c-r7tfg,2026-07-23T00:05:22.543773+00:00,DEBUG,d315244b0c133828,1168ffed9f15becb,nio-8080-exec-7,o.s.web.servlet.DispatcherServlet,Completed 200 OK
2026-07-23T00:06:17.073380+00:00,customers-service,customers-service-68b57f7b8c-r7tfg,2026-07-23T00:05:22.543767+00:00,DEBUG,d315244b0c133828,2a6e8873f18407a5,nio-8080-exec-7,o.s.web.servlet.DispatcherServlet,"GET ""/owners/1"", parameters={}"
2026-07-23T00:06:17.073380+00:00,customers-service,customers-service-68b57f7b8c-r7tfg,2026-07-23T00:05:22.293491+00:00,DEBUG,ccd8ee496486a4b2,c0f10765ee47f981,nio-8080-exec-8,o.s.web.servlet.DispatcherServlet,Completed 200 OK
2026-07-23T00:06:17.073380+00:00,customers-service,customers-service-68b57f7b8c-r7tfg,2026-07-23T00:05:22.293486+00:00,DEBUG,ccd8ee496486a4b2,6a305dc070cf53b2,nio-8080-exec-8,o.s.web.servlet.DispatcherServlet,"GET ""/owners/1"", parameters={}"
2026-07-23T00:06:17.073380+00:00,customers-service,customers-service-68b57f7b8c-r7tfg,2026-07-23T00:05:21.792552+00:00,DEBUG,835dc2e532f0d6dc,835dc2e532f0d6dc,nio-8080-exec-3,o.s.web.servlet.DispatcherServlet,Completed 200 OK
2026-07-23T00:06:17.073380+00:00,customers-service,customers-service-68b57f7b8c-r7tfg,2026-07-23T00:05:21.541371+00:00,DEBUG,fffe430f1d14c9f3,198317a83550608c,nio-8080-exec-4,o.s.web.servlet.DispatcherServlet,Completed 200 OK
2026-07-23T00:06:17.073380+00:00,customers-service,customers-service-68b57f7b8c-r7tfg,2026-07-23T00:05:21.541340+00:00,DEBUG,fffe430f1d14c9f3,3d192295610a0a6b,nio-8080-exec-4,o.s.web.servlet.DispatcherServlet,"GET ""/owners/1"", parameters={}"
2026-07-23T00:06:17.073380+00:00,customers-service,customers-service-68b57f7b8c-r7tfg,2026-07-23T00:05:21.290880+00:00,DEBUG,7cbcb6a8bad0ef55,b833eda097433f94,nio-8080-exec-2,o.s.web.servlet.DispatcherServlet,Completed 200 OK
2026-07-23T00:06:17.073380+00:00,customers-service,customers-service-68b57f7b8c-r7tfg,2026-07-23T00:05:21.290877+00:00,DEBUG,7cbcb6a8bad0ef55,4989b28a62cfd604,nio-8080-exec-2,o.s.web.servlet.DispatcherServlet,"GET ""/owners"", parameters={}"
2026-07-23T00:06:17.073380+00:00,customers-service,customers-service-68b57f7b8c-r7tfg,2026-07-23T00:05:21.039875+00:00,DEBUG,ca2790e6a062a950,1160a82cd80dba3e,nio-8080-exec-9,o.s.web.servlet.DispatcherServlet,Completed 200 OK
2026-07-23T00:06:17.073380+00:00,customers-service,customers-service-68b57f7b8c-r7tfg,2026-07-23T00:05:21.039869+00:00,DEBUG,ca2790e6a062a950,3927e3111f696018,nio-8080-exec-9,o.s.web.servlet.DispatcherServlet,"GET ""/owners/1"", parameters={}"
2026-07-23T00:06:17.073380+00:00,customers-service,customers-service-68b57f7b8c-r7tfg,2026-07-23T00:05:20.788893+00:00,DEBUG,7e1049b7d8765db6,fd10ad1d49169c92,nio-8080-exec-1,o.s.web.servlet.DispatcherServlet,Completed 200 OK
2026-07-23T00:06:17.073380+00:00,customers-service,customers-service-68b57f7b8c-r7tfg,2026-07-23T00:05:20.788870+00:00,DEBUG,7e1049b7d8765db6,6148a520191957bf,nio-8080-exec-1,o.s.web.servlet.DispatcherServlet,"GET ""/owners/1"", parameters={}"
2026-07-23T00:06:17.073380+00:00,customers-service,customers-service-68b57f7b8c-r7tfg,2026-07-23T00:05:20.788844+00:00,DEBUG,19971a0af728e17c,7ca387f06c2bd4ee,nio-8080-exec-5,o.s.web.servlet.DispatcherServlet,Completed 200 OK
2026-07-23T00:06:17.073380+00:00,customers-service,customers-service-68b57f7b8c-r7tfg,2026-07-23T00:05:20.788840+00:00,DEBUG,19971a0af728e17c,8c9d681c20bcf063,nio-8080-exec-5,o.s.web.servlet.DispatcherServlet,"GET ""/owners"", parameters={}"
2026-07-23T00:06:17.073380+00:00,customers-service,customers-service-68b57f7b8c-r7tfg,2026-07-23T00:05:20.287703+00:00,DEBUG,c0b1ba1598cccfb3,39d93ed1c42c49dd,nio-8080-exec-6,o.s.web.servlet.DispatcherServlet,Completed 200 OK
2026-07-23T00:06:17.073380+00:00,customers-service,customers-service-68b57f7b8c-r7tfg,2026-07-23T00:05:20.287616+00:00,DEBUG,c0b1ba1598cccfb3,bf80bb62690cd7aa,nio-8080-exec-6,o.s.web.servlet.DispatcherServlet,"GET ""/owners/1"", parameters={}"
2026-07-23T00:06:17.073380+00:00,customers-service,customers-service-68b57f7b8c-r7tfg,2026-07-23T00:05:20.287596+00:00,DEBUG,89ef908ba9e1a1d6,d1034d24dab425fa,io-8080-exec-10,o.s.web.servlet.DispatcherServlet,Completed 200 OK
2026-07-23T00:06:17.073380+00:00,customers-service,customers-service-68b57f7b8c-r7tfg,2026-07-23T00:05:20.287591+00:00,DEBUG,89ef908ba9e1a1d6,d38911b810157966,io-8080-exec-10,o.s.web.servlet.DispatcherServlet,"GET ""/owners/1"", parameters={}"
2026-07-23T00:06:17.073380+00:00,customers-service,customers-service-68b57f7b8c-r7tfg,2026-07-23T00:05:20.036675+00:00,DEBUG,5a7e8bc2b0170a33,f7f417ddad4af4a8,nio-8080-exec-7,o.s.web.servlet.DispatcherServlet,Completed 200 OK
2026-07-23T00:06:17.073380+00:00,customers-service,customers-service-68b57f7b8c-r7tfg,2026-07-23T00:05:20.036669+00:00,DEBUG,5a7e8bc2b0170a33,d02644d075485ff5,nio-8080-exec-7,o.s.web.servlet.DispatcherServlet,"GET ""/owners/1"", parameters={}"
2026-07-23T00:06:17.073380+00:00,customers-service,customers-service-68b57f7b8c-r7tfg,2026-07-23T00:05:19.785888+00:00,DEBUG,1b6ddbb5db992907,53f5af2488514808,nio-8080-exec-8,o.s.web.servlet.DispatcherServlet,Completed 200 OK
2026-07-23T00:06:17.073380+00:00,customers-service,customers-service-68b57f7b8c-r7tfg,2026-07-23T00:05:19.785879+00:00,DEBUG,1b6ddbb5db992907,dbfc7059f66eb482,nio-8080-exec-8,o.s.web.servlet.DispatcherServlet,"GET ""/owners/1"", parameters={}"
2026-07-23T00:06:17.073380+00:00,customers-service,customers-service-68b57f7b8c-r7tfg,2026-07-23T00:05:19.535480+00:00,DEBUG,f2b1906ed3e2f46f,fd81bf1aa5bf5f48,nio-8080-exec-3,o.s.web.servlet.DispatcherServlet,Completed 200 OK
2026-07-23T00:06:17.073380+00:00,customers-service,customers-service-68b57f7b8c-r7tfg,2026-07-23T00:05:19.535473+00:00,DEBUG,f2b1906ed3e2f46f,c106dd29bcbb4070,nio-8080-exec-3,o.s.web.servlet.DispatcherServlet,"GET ""/owners/1"", parameters={}"
2026-07-23T00:06:17.073380+00:00,customers-service,customers-service-68b57f7b8c-r7tfg,2026-07-23T00:05:19.285338+00:00,DEBUG,b28df66d0e50bcc1,17df1d810ae27430,nio-8080-exec-4,o.s.web.servlet.DispatcherServlet,Completed 200 OK
2026-07-23T00:06:17.073380+00:00,customers-service,customers-service-68b57f7b8c-r7tfg,2026-07-23T00:05:19.285331+00:00,DEBUG,b28df66d0e50bcc1,2589f4a0ef28002d,nio-8080-exec-4,o.s.web.servlet.DispatcherServlet,"GET ""/owners/1"", parameters={}"
2026-07-23T00:06:17.073380+00:00,customers-service,customers-service-68b57f7b8c-r7tfg,2026-07-23T00:05:19.034972+00:00,DEBUG,445f67db85e4bf8b,4e01cc38bf82e0ac,nio-8080-exec-2,o.s.web.servlet.DispatcherServlet,Completed 200 OK
2026-07-23T00:06:17.073380+00:00,customers-service,customers-service-68b57f7b8c-r7tfg,2026-07-23T00:05:19.034967+00:00,DEBUG,445f67db85e4bf8b,38479fac2960aebb,nio-8080-exec-2,o.s.web.servlet.DispatcherServlet,"GET ""/owners/1"", parameters={}"
2026-07-23T00:06:17.073380+00:00,customers-service,customers-service-68b57f7b8c-r7tfg,2026-07-23T00:05:18.783967+00:00,DEBUG,4f49b6a874b6dbd8,fe525bde82131037,nio-8080-exec-9,o.s.web.servlet.DispatcherServlet,Completed 200 OK
2026-07-23T00:06:17.073380+00:00,customers-service,customers-service-68b57f7b8c-r7tfg,2026-07-23T00:05:18.783942+00:00,DEBUG,4f49b6a874b6dbd8,6477d42e3ce36114,nio-8080-exec-9,o.s.web.servlet.DispatcherServlet,"GET ""/owners"", parameters={}"
2026-07-23T00:06:17.073380+00:00,customers-service,customers-service-68b57f7b8c-r7tfg,2026-07-23T00:05:18.533844+00:00,DEBUG,495b67fa13323e43,604706ab9da868e7,nio-8080-exec-1,o.s.web.servlet.DispatcherServlet,Completed 200 OK
2026-07-23T00:06:17.073380+00:00,customers-service,customers-service-68b57f7b8c-r7tfg,2026-07-23T00:05:18.283463+00:00,DEBUG,495b67fa13323e43,80b30b58a2bef5cd,nio-8080-exec-1,o.s.web.servlet.DispatcherServlet,"GET ""/owners"", parameters={}"
2026-07-23T00:06:17.073380+00:00,customers-service,customers-service-68b57f7b8c-r7tfg,2026-07-23T00:05:18.283432+00:00,DEBUG,fd8029733a242b45,07d25d65b9a969f8,nio-8080-exec-5,o.s.web.servlet.DispatcherServlet,Completed 200 OK
2026-07-23T00:06:17.073380+00:00,customers-service,customers-service-68b57f7b8c-r7tfg,2026-07-23T00:05:18.283427+00:00,DEBUG,fd8029733a242b45,5c0e9224e05f5f2c,nio-8080-exec-5,o.s.web.servlet.DispatcherServlet,"GET ""/owners"", parameters={}"
2026-07-23T00:06:17.073380+00:00,customers-service,customers-service-68b57f7b8c-r7tfg,2026-07-23T00:05:18.032196+00:00,DEBUG,a0ca3c009b67230c,bc5b344a10e04465,nio-8080-exec-6,o.s.web.servlet.DispatcherServlet,Completed 200 OK
2026-07-23T00:06:17.073380+00:00,customers-service,customers-service-68b57f7b8c-r7tfg,2026-07-23T00:05:17.780961+00:00,DEBUG,a0ca3c009b67230c,dd0f3603e248e2a4,nio-8080-exec-6,o.s.web.servlet.DispatcherServlet,"GET ""/owners"", parameters={}"
2026-07-23T00:06:17.073380+00:00,customers-service,customers-service-68b57f7b8c-r7tfg,2026-07-23T00:05:17.780944+00:00,DEBUG,0e156c37397b6edf,0e156c37397b6edf,io-8080-exec-10,o.s.web.servlet.DispatcherServlet,Completed 200 OK
2026-07-23T00:06:17.073380+00:00,customers-service,customers-service-68b57f7b8c-r7tfg,2026-07-23T00:05:17.529981+00:00,DEBUG,7284bf1223209f9a,67e8b1a2df18d199,nio-8080-exec-7,o.s.web.servlet.DispatcherServlet,Completed 200 OK
2026-07-23T00:06:17.073380+00:00,customers-service,customers-service-68b57f7b8c-r7tfg,2026-07-23T00:05:17.529951+00:00,DEBUG,7284bf1223209f9a,35a25ea9e0400469,nio-8080-exec-7,o.s.web.servlet.DispatcherServlet,"GET ""/owners/1"", parameters={}"
2026-07-23T00:06:17.073380+00:00,customers-service,customers-service-68b57f7b8c-r7tfg,2026-07-23T00:05:17.529945+00:00,DEBUG,b405fddf325112ab,514882bdbba02456,nio-8080-exec-8,o.s.web.servlet.DispatcherServlet,Completed 200 OK
2026-07-23T00:06:17.073380+00:00,customers-service,customers-service-68b57f7b8c-r7tfg,2026-07-23T00:05:17.278944+00:00,DEBUG,b405fddf325112ab,7889920295d0d697,nio-8080-exec-8,o.s.web.servlet.DispatcherServlet,"GET ""/owners"", parameters={}"
2026-07-23T00:06:17.073380+00:00,customers-service,customers-service-68b57f7b8c-r7tfg,2026-07-23T00:05:17.278919+00:00,DEBUG,4eb74add96766487,02c0b5e94dce5910,nio-8080-exec-3,o.s.web.servlet.DispatcherServlet,Completed 200 OK
2026-07-23T00:06:17.073380+00:00,customers-service,customers-service-68b57f7b8c-r7tfg,2026-07-23T00:05:17.278912+00:00,DEBUG,4eb74add96766487,10cabbf1786d2c71,nio-8080-exec-3,o.s.web.servlet.DispatcherServlet,"GET ""/owners/1"", parameters={}"
2026-07-23T00:06:17.073380+00:00,customers-service,customers-service-68b57f7b8c-r7tfg,2026-07-23T00:05:14.520683+00:00,DEBUG,56e2787ecad3976f,13cd37fb16357f58,nio-8080-exec-4,o.s.web.servlet.DispatcherServlet,Completed 200 OK
2026-07-23T00:06:17.073380+00:00,customers-service,customers-service-68b57f7b8c-r7tfg,2026-07-23T00:05:14.520677+00:00,DEBUG,56e2787ecad3976f,88fbc68396d3e06d,nio-8080-exec-4,o.s.web.servlet.DispatcherServlet,"GET ""/owners"", parameters={}"
2026-07-23T00:06:17.073380+00:00,customers-service,customers-service-68b57f7b8c-r7tfg,2026-07-23T00:05:14.269389+00:00,DEBUG,1fa6a84d22fc4309,1fa6a84d22fc4309,nio-8080-exec-2,o.s.web.servlet.DispatcherServlet,Completed 200 OK
2026-07-23T00:06:17.073380+00:00,vets-service,vets-service-789bf77578-8z4zb,2026-07-23T00:06:16.219908+00:00,DEBUG,50b4112e69d0bdf2,a71b8aae6df4cd59,nio-8080-exec-5,o.s.web.servlet.DispatcherServlet,Completed 200 OK
2026-07-23T00:06:17.073380+00:00,vets-service,vets-service-789bf77578-8z4zb,2026-07-23T00:06:16.219904+00:00,DEBUG,50b4112e69d0bdf2,de816a9ea98de4fa,nio-8080-exec-5,o.s.web.servlet.DispatcherServlet,"GET ""/vets"", parameters={}"
2026-07-23T00:06:17.073380+00:00,vets-service,vets-service-789bf77578-8z4zb,2026-07-23T00:06:14.966634+00:00,DEBUG,1c23200cc4dd9b7f,1c23200cc4dd9b7f,nio-8080-exec-7,o.s.web.servlet.DispatcherServlet,Completed 200 OK
2026-07-23T00:06:17.073380+00:00,vets-service,vets-service-789bf77578-8z4zb,2026-07-23T00:06:14.214316+00:00,DEBUG,97722004e7d3dfa3,223b46fdbf600cab,nio-8080-exec-8,o.s.web.servlet.DispatcherServlet,Completed 200 OK
2026-07-23T00:06:17.073380+00:00,vets-service,vets-service-789bf77578-8z4zb,2026-07-23T00:06:14.214312+00:00,DEBUG,97722004e7d3dfa3,de2129af57d73fd6,nio-8080-exec-8,o.s.web.servlet.DispatcherServlet,"GET ""/vets"", parameters={}"
2026-07-23T00:06:17.073380+00:00,vets-service,vets-service-789bf77578-8z4zb,2026-07-23T00:06:13.712700+00:00,DEBUG,9f51de3e362f00fa,868968a47f0ed333,nio-8080-exec-4,o.s.web.servlet.DispatcherServlet,Completed 200 OK
2026-07-23T00:06:17.073380+00:00,vets-service,vets-service-789bf77578-8z4zb,2026-07-23T00:06:13.712697+00:00,DEBUG,9f51de3e362f00fa,78890d525176be47,nio-8080-exec-4,o.s.web.servlet.DispatcherServlet,"GET ""/vets"", parameters={}"
2026-07-23T00:06:17.073380+00:00,vets-service,vets-service-789bf77578-8z4zb,2026-07-23T00:06:13.210620+00:00,DEBUG,3616e95b893fd362,9783502c335ff787,nio-8080-exec-6,o.s.web.servlet.DispatcherServlet,Completed 200 OK
2026-07-23T00:06:17.073380+00:00,vets-service,vets-service-789bf77578-8z4zb,2026-07-23T00:06:12.959442+00:00,DEBUG,3616e95b893fd362,e89df09f13f2e79b,nio-8080-exec-6,o.s.web.servlet.DispatcherServlet,"GET ""/vets"", parameters={}"
2026-07-23T00:06:17.073380+00:00,vets-service,vets-service-789bf77578-8z4zb,2026-07-23T00:06:12.206126+00:00,DEBUG,8be551943c156c74,774b8c72b4b945e5,io-8080-exec-10,o.s.web.servlet.DispatcherServlet,Completed 200 OK
2026-07-23T00:06:17.073380+00:00,vets-service,vets-service-789bf77578-8z4zb,2026-07-23T00:06:12.206122+00:00,DEBUG,8be551943c156c74,3d04f687536d3c2a,io-8080-exec-10,o.s.web.servlet.DispatcherServlet,"GET ""/vets"", parameters={}"
2026-07-23T00:06:17.073380+00:00,vets-service,vets-service-789bf77578-8z4zb,2026-07-23T00:06:11.955270+00:00,DEBUG,ecb49bb302056441,5998c49ea386906e,nio-8080-exec-1,o.s.web.servlet.DispatcherServlet,Completed 200 OK
2026-07-23T00:06:17.073380+00:00,vets-service,vets-service-789bf77578-8z4zb,2026-07-23T00:06:11.955266+00:00,DEBUG,ecb49bb302056441,48b6e194151a8d4b,nio-8080-exec-1,o.s.web.servlet.DispatcherServlet,"GET ""/vets"", parameters={}"
2026-07-23T00:06:17.073380+00:00,vets-service,vets-service-789bf77578-8z4zb,2026-07-23T00:06:11.454775+00:00,DEBUG,40568978d2e64d49,deb6a80f794770e8,nio-8080-exec-9,o.s.web.servlet.DispatcherServlet,Completed 200 OK
2026-07-23T00:06:17.073380+00:00,vets-service,vets-service-789bf77578-8z4zb,2026-07-23T00:06:11.454771+00:00,DEBUG,40568978d2e64d49,2ad5c236d5a5b399,nio-8080-exec-9,o.s.web.servlet.DispatcherServlet,"GET ""/vets"", parameters={}"
2026-07-23T00:06:17.073380+00:00,vets-service,vets-service-789bf77578-8z4zb,2026-07-23T00:06:10.200954+00:00,DEBUG,4bddcc33e6ce79d2,8bb5243425037080,nio-8080-exec-3,o.s.web.servlet.DispatcherServlet,Completed 200 OK
2026-07-23T00:06:17.073380+00:00,vets-service,vets-service-789bf77578-8z4zb,2026-07-23T00:06:09.949664+00:00,DEBUG,4bddcc33e6ce79d2,574f4a63edcbe574,nio-8080-exec-3,o.s.web.servlet.DispatcherServlet,"GET ""/vets"", parameters={}"
2026-07-23T00:06:17.073380+00:00,vets-service,vets-service-789bf77578-8z4zb,2026-07-23T00:06:09.698875+00:00,DEBUG,ea6ebbed9937bfe3,eba2588e777cad76,nio-8080-exec-2,o.s.web.servlet.DispatcherServlet,Completed 200 OK
2026-07-23T00:06:17.073380+00:00,vets-service,vets-service-789bf77578-8z4zb,2026-07-23T00:06:09.698850+00:00,DEBUG,ea6ebbed9937bfe3,8781a504d79044cc,nio-8080-exec-2,o.s.web.servlet.DispatcherServlet,"GET ""/vets"", parameters={}"
2026-07-23T00:06:17.073380+00:00,vets-service,vets-service-789bf77578-8z4zb,2026-07-23T00:06:09.698846+00:00,DEBUG,1375031aa67fce40,815eb7bafd0e2b9b,nio-8080-exec-5,o.s.web.servlet.DispatcherServlet,Completed 200 OK
2026-07-23T00:06:17.073380+00:00,vets-service,vets-service-789bf77578-8z4zb,2026-07-23T00:06:09.447849+00:00,DEBUG,1375031aa67fce40,250817f1fe0d2023,nio-8080-exec-5,o.s.web.servlet.DispatcherServlet,"GET ""/vets"", parameters={}"
2026-07-23T00:06:17.073380+00:00,vets-service,vets-service-789bf77578-8z4zb,2026-07-23T00:06:09.447819+00:00,DEBUG,aa3cbb7a616acd22,8afc1d773734a792,nio-8080-exec-7,o.s.web.servlet.DispatcherServlet,Completed 200 OK
2026-07-23T00:06:17.073380+00:00,vets-service,vets-service-789bf77578-8z4zb,2026-07-23T00:06:09.447815+00:00,DEBUG,aa3cbb7a616acd22,cc681de7db87bcaf,nio-8080-exec-7,o.s.web.servlet.DispatcherServlet,"GET ""/vets"", parameters={}"
2026-07-23T00:06:17.073380+00:00,vets-service,vets-service-789bf77578-8z4zb,2026-07-23T00:06:08.945221+00:00,DEBUG,6110df4e5496af20,d3da3bdb1a782d67,nio-8080-exec-8,o.s.web.servlet.DispatcherServlet,Completed 200 OK
2026-07-23T00:06:17.073380+00:00,vets-service,vets-service-789bf77578-8z4zb,2026-07-23T00:06:08.945217+00:00,DEBUG,6110df4e5496af20,c2a2873910006e2b,nio-8080-exec-8,o.s.web.servlet.DispatcherServlet,"GET ""/vets"", parameters={}"
2026-07-23T00:06:17.073380+00:00,vets-service,vets-service-789bf77578-8z4zb,2026-07-23T00:06:08.694232+00:00,DEBUG,0848aa0be3c0e2fc,51dd1043a240e4d2,nio-8080-exec-4,o.s.web.servlet.DispatcherServlet,Completed 200 OK
2026-07-23T00:06:17.073380+00:00,vets-service,vets-service-789bf77578-8z4zb,2026-07-23T00:06:08.694228+00:00,DEBUG,0848aa0be3c0e2fc,f2c8b0332bd4424b,nio-8080-exec-4,o.s.web.servlet.DispatcherServlet,"GET ""/vets"", parameters={}"
2026-07-23T00:06:17.073380+00:00,vets-service,vets-service-789bf77578-8z4zb,2026-07-23T00:06:07.690103+00:00,DEBUG,0365e8f3156aaecb,ebbd94505d9e41cb,nio-8080-exec-6,o.s.web.servlet.DispatcherServlet,Completed 200 OK
2026-07-23T00:06:17.073380+00:00,vets-service,vets-service-789bf77578-8z4zb,2026-07-23T00:06:07.690079+00:00,DEBUG,0365e8f3156aaecb,f1c3e5e0e410b737,nio-8080-exec-6,o.s.web.servlet.DispatcherServlet,"GET ""/vets"", parameters={}"
2026-07-23T00:06:17.073380+00:00,vets-service,vets-service-789bf77578-8z4zb,2026-07-23T00:06:07.690075+00:00,DEBUG,e5e895f713e9790d,b00b5c175fac6975,io-8080-exec-10,o.s.web.servlet.DispatcherServlet,Completed 200 OK
2026-07-23T00:06:17.073380+00:00,vets-service,vets-service-789bf77578-8z4zb,2026-07-23T00:06:07.438807+00:00,DEBUG,e5e895f713e9790d,6bdbb3d2038dbae7,io-8080-exec-10,o.s.web.servlet.DispatcherServlet,"GET ""/vets"", parameters={}"
2026-07-23T00:06:17.073380+00:00,vets-service,vets-service-789bf77578-8z4zb,2026-07-23T00:06:07.188481+00:00,DEBUG,93ad73b178965619,c9bb267ee90fbcb0,nio-8080-exec-1,o.s.web.servlet.DispatcherServlet,Completed 200 OK
2026-07-23T00:06:17.073380+00:00,vets-service,vets-service-789bf77578-8z4zb,2026-07-23T00:06:06.937569+00:00,DEBUG,93ad73b178965619,d59153c0d97dd9b0,nio-8080-exec-1,o.s.web.servlet.DispatcherServlet,"GET ""/vets"", parameters={}"
2026-07-23T00:06:17.073380+00:00,vets-service,vets-service-789bf77578-8z4zb,2026-07-23T00:06:06.686748+00:00,DEBUG,c9e749a7cd8a92c8,0812cdedef0c40b4,nio-8080-exec-9,o.s.web.servlet.DispatcherServlet,Completed 200 OK
2026-07-23T00:06:17.073380+00:00,vets-service,vets-service-789bf77578-8z4zb,2026-07-23T00:06:06.436683+00:00,DEBUG,c9e749a7cd8a92c8,654c76c146482f43,nio-8080-exec-9,o.s.web.servlet.DispatcherServlet,"GET ""/vets"", parameters={}"
2026-07-23T00:06:17.073380+00:00,vets-service,vets-service-789bf77578-8z4zb,2026-07-23T00:06:06.436656+00:00,DEBUG,3aa9e26c1bf2d5d4,125f1f0e1b49efe0,nio-8080-exec-3,o.s.web.servlet.DispatcherServlet,Completed 200 OK
2026-07-23T00:06:17.073380+00:00,vets-service,vets-service-789bf77578-8z4zb,2026-07-23T00:06:06.436652+00:00,DEBUG,3aa9e26c1bf2d5d4,bff2bd7194c52995,nio-8080-exec-3,o.s.web.servlet.DispatcherServlet,"GET ""/vets"", parameters={}"
2026-07-23T00:06:17.073380+00:00,vets-service,vets-service-789bf77578-8z4zb,2026-07-23T00:06:06.186501+00:00,DEBUG,816fb01883de3311,373011462c32aed9,nio-8080-exec-2,o.s.web.servlet.DispatcherServlet,Completed 200 OK
2026-07-23T00:06:17.073380+00:00,vets-service,vets-service-789bf77578-8z4zb,2026-07-23T00:06:06.186478+00:00,DEBUG,816fb01883de3311,54dd8ed899ca1ad6,nio-8080-exec-2,o.s.web.servlet.DispatcherServlet,"GET ""/vets"", parameters={}"
2026-07-23T00:06:17.073380+00:00,vets-service,vets-service-789bf77578-8z4zb,2026-07-23T00:06:06.186475+00:00,DEBUG,a8cdd4f608ef64e6,765883641ac06b7f,nio-8080-exec-5,o.s.web.servlet.DispatcherServlet,Completed 200 OK
2026-07-23T00:06:17.073380+00:00,vets-service,vets-service-789bf77578-8z4zb,2026-07-23T00:06:05.935465+00:00,DEBUG,a8cdd4f608ef64e6,3ad3c733c1a69284,nio-8080-exec-5,o.s.web.servlet.DispatcherServlet,"GET ""/vets"", parameters={}"
2026-07-23T00:06:17.073380+00:00,vets-service,vets-service-789bf77578-8z4zb,2026-07-23T00:06:05.935441+00:00,DEBUG,2b5e2a28cedddaeb,fa2935b4f2254b42,nio-8080-exec-7,o.s.web.servlet.DispatcherServlet,Completed 200 OK
2026-07-23T00:06:17.073380+00:00,vets-service,vets-service-789bf77578-8z4zb,2026-07-23T00:06:05.935437+00:00,DEBUG,2b5e2a28cedddaeb,b7d26749982cc4b6,nio-8080-exec-7,o.s.web.servlet.DispatcherServlet,"GET ""/vets"", parameters={}"
2026-07-23T00:06:17.073380+00:00,vets-service,vets-service-789bf77578-8z4zb,2026-07-23T00:06:04.680367+00:00,DEBUG,3f8f58f06ee5a370,3f8f58f06ee5a370,nio-8080-exec-8,o.s.web.servlet.DispatcherServlet,Completed 200 OK
2026-07-23T00:06:17.073380+00:00,vets-service,vets-service-789bf77578-8z4zb,2026-07-23T00:06:04.429071+00:00,DEBUG,c230d9855cb66243,0ca3965f90ffdb31,nio-8080-exec-4,o.s.web.servlet.DispatcherServlet,Completed 200 OK
2026-07-23T00:06:17.073380+00:00,vets-service,vets-service-789bf77578-8z4zb,2026-07-23T00:06:04.177992+00:00,DEBUG,c230d9855cb66243,7823806733aa5617,nio-8080-exec-4,o.s.web.servlet.DispatcherServlet,"GET ""/vets"", parameters={}"
2026-07-23T00:06:17.073380+00:00,vets-service,vets-service-789bf77578-8z4zb,2026-07-23T00:06:03.426130+00:00,DEBUG,4d58dd1616144dca,0a950f5b8c008d48,nio-8080-exec-6,o.s.web.servlet.DispatcherServlet,Completed 200 OK
2026-07-23T00:06:17.073380+00:00,vets-service,vets-service-789bf77578-8z4zb,2026-07-23T00:06:03.426107+00:00,DEBUG,4d58dd1616144dca,d00df6579e38953f,nio-8080-exec-6,o.s.web.servlet.DispatcherServlet,"GET ""/vets"", parameters={}"
2026-07-23T00:06:17.073380+00:00,vets-service,vets-service-789bf77578-8z4zb,2026-07-23T00:06:03.426054+00:00,DEBUG,36e588f412e9ad8e,36e588f412e9ad8e,io-8080-exec-10,o.s.web.servlet.DispatcherServlet,Completed 200 OK
2026-07-23T00:06:17.073380+00:00,vets-service,vets-service-789bf77578-8z4zb,2026-07-23T00:06:02.422711+00:00,DEBUG,0aa357ca1d5117ec,6a07facdaf703720,nio-8080-exec-1,o.s.web.servlet.DispatcherServlet,Completed 200 OK
2026-07-23T00:06:17.073380+00:00,vets-service,vets-service-789bf77578-8z4zb,2026-07-23T00:06:02.422707+00:00,DEBUG,0aa357ca1d5117ec,afea1fcb5d50eb04,nio-8080-exec-1,o.s.web.servlet.DispatcherServlet,"GET ""/vets"", parameters={}"
2026-07-23T00:06:17.073380+00:00,vets-service,vets-service-789bf77578-8z4zb,2026-07-23T00:06:01.671261+00:00,DEBUG,c578f3df275be6fe,062fded1042e488a,nio-8080-exec-9,o.s.web.servlet.DispatcherServlet,Completed 200 OK
2026-07-23T00:06:17.073380+00:00,vets-service,vets-service-789bf77578-8z4zb,2026-07-23T00:06:01.420067+00:00,DEBUG,c578f3df275be6fe,fb671df02bb4e66d,nio-8080-exec-9,o.s.web.servlet.DispatcherServlet,"GET ""/vets"", parameters={}"
2026-07-23T00:06:17.073380+00:00,vets-service,vets-service-789bf77578-8z4zb,2026-07-23T00:06:01.169243+00:00,DEBUG,1a823bbd5aabb417,c1f1e7ff192325fe,nio-8080-exec-3,o.s.web.servlet.DispatcherServlet,Completed 200 OK
2026-07-23T00:06:17.073380+00:00,vets-service,vets-service-789bf77578-8z4zb,2026-07-23T00:06:00.918205+00:00,DEBUG,1a823bbd5aabb417,a197350c68e56631,nio-8080-exec-3,o.s.web.servlet.DispatcherServlet,"GET ""/vets"", parameters={}"
2026-07-23T00:06:17.073380+00:00,vets-service,vets-service-789bf77578-8z4zb,2026-07-23T00:06:00.918179+00:00,DEBUG,20a8603419cb9793,0b85d40a38aca921,nio-8080-exec-2,o.s.web.servlet.DispatcherServlet,Completed 200 OK
2026-07-23T00:06:17.073380+00:00,vets-service,vets-service-789bf77578-8z4zb,2026-07-23T00:06:00.918175+00:00,DEBUG,20a8603419cb9793,82779ec3d7d8295f,nio-8080-exec-2,o.s.web.servlet.DispatcherServlet,"GET ""/vets"", parameters={}"
2026-07-23T00:06:17.073380+00:00,vets-service,vets-service-789bf77578-8z4zb,2026-07-23T00:05:59.414489+00:00,DEBUG,7478411f7b0144a9,cc4475653855d9aa,nio-8080-exec-5,o.s.web.servlet.DispatcherServlet,Completed 200 OK
2026-07-23T00:06:17.073380+00:00,vets-service,vets-service-789bf77578-8z4zb,2026-07-23T00:05:59.414485+00:00,DEBUG,7478411f7b0144a9,32ec51c512b26269,nio-8080-exec-5,o.s.web.servlet.DispatcherServlet,"GET ""/vets"", parameters={}"
2026-07-23T00:06:17.073380+00:00,vets-service,vets-service-789bf77578-8z4zb,2026-07-23T00:05:59.164298+00:00,DEBUG,539ae04484b6a5c1,e49e6c386e0859bb,nio-8080-exec-7,o.s.web.servlet.DispatcherServlet,Completed 200 OK
2026-07-23T00:06:17.073380+00:00,vets-service,vets-service-789bf77578-8z4zb,2026-07-23T00:05:59.164294+00:00,DEBUG,539ae04484b6a5c1,4841bfa8758d17ac,nio-8080-exec-7,o.s.web.servlet.DispatcherServlet,"GET ""/vets"", parameters={}"
2026-07-23T00:06:17.073380+00:00,vets-service,vets-service-789bf77578-8z4zb,2026-07-23T00:05:58.412226+00:00,DEBUG,987822b56027b093,fba3d49da1d51942,nio-8080-exec-8,o.s.web.servlet.DispatcherServlet,Completed 200 OK
2026-07-23T00:06:17.073380+00:00,vets-service,vets-service-789bf77578-8z4zb,2026-07-23T00:05:58.412201+00:00,DEBUG,987822b56027b093,82a4f4225784f4cc,nio-8080-exec-8,o.s.web.servlet.DispatcherServlet,"GET ""/vets"", parameters={}"
2026-07-23T00:06:17.073380+00:00,vets-service,vets-service-789bf77578-8z4zb,2026-07-23T00:05:58.412197+00:00,DEBUG,9ab9bb88cbe0759a,34b88aaeaea8a99c,nio-8080-exec-4,o.s.web.servlet.DispatcherServlet,Completed 200 OK
2026-07-23T00:06:17.073380+00:00,vets-service,vets-service-789bf77578-8z4zb,2026-07-23T00:05:58.161550+00:00,DEBUG,9ab9bb88cbe0759a,534be3e2a992c449,nio-8080-exec-4,o.s.web.servlet.DispatcherServlet,"GET ""/vets"", parameters={}"
2026-07-23T00:06:17.073380+00:00,vets-service,vets-service-789bf77578-8z4zb,2026-07-23T00:05:57.911150+00:00,DEBUG,c0246c79039135a2,23d53fa196c0893b,nio-8080-exec-6,o.s.web.servlet.DispatcherServlet,Completed 200 OK
2026-07-23T00:06:17.073380+00:00,vets-service,vets-service-789bf77578-8z4zb,2026-07-23T00:05:57.910996+00:00,DEBUG,c0246c79039135a2,bd294d577ebf6a30,nio-8080-exec-6,o.s.web.servlet.DispatcherServlet,"GET ""/vets"", parameters={}"
2026-07-23T00:06:17.073380+00:00,vets-service,vets-service-789bf77578-8z4zb,2026-07-23T00:05:57.408709+00:00,DEBUG,6fbfe11ffa0e402c,ab1d4af407c2beb6,io-8080-exec-10,o.s.web.servlet.DispatcherServlet,Completed 200 OK
2026-07-23T00:06:17.073380+00:00,vets-service,vets-service-789bf77578-8z4zb,2026-07-23T00:05:57.157547+00:00,DEBUG,6fbfe11ffa0e402c,b841a4941b60a127,io-8080-exec-10,o.s.web.servlet.DispatcherServlet,"GET ""/vets"", parameters={}"
2026-07-23T00:06:17.073380+00:00,vets-service,vets-service-789bf77578-8z4zb,2026-07-23T00:05:56.906142+00:00,DEBUG,8fb75a7553d53ab8,e44509ef93fafd60,nio-8080-exec-1,o.s.web.servlet.DispatcherServlet,Completed 200 OK
2026-07-23T00:06:17.073380+00:00,vets-service,vets-service-789bf77578-8z4zb,2026-07-23T00:05:56.655629+00:00,DEBUG,8fb75a7553d53ab8,7b437f1d163083f6,nio-8080-exec-1,o.s.web.servlet.DispatcherServlet,"GET ""/vets"", parameters={}"
2026-07-23T00:06:17.073380+00:00,vets-service,vets-service-789bf77578-8z4zb,2026-07-23T00:05:56.154749+00:00,DEBUG,720f1944ed805808,c78efe5a76714efb,nio-8080-exec-9,o.s.web.servlet.DispatcherServlet,Completed 200 OK
2026-07-23T00:06:17.073380+00:00,vets-service,vets-service-789bf77578-8z4zb,2026-07-23T00:05:56.154745+00:00,DEBUG,720f1944ed805808,3a510dafc052c2cc,nio-8080-exec-9,o.s.web.servlet.DispatcherServlet,"GET ""/vets"", parameters={}"
2026-07-23T00:06:17.073380+00:00,vets-service,vets-service-789bf77578-8z4zb,2026-07-23T00:05:55.903733+00:00,DEBUG,f195eaf8058effcf,d1dd0b0bba28b59e,nio-8080-exec-3,o.s.web.servlet.DispatcherServlet,Completed 200 OK
2026-07-23T00:06:17.073380+00:00,vets-service,vets-service-789bf77578-8z4zb,2026-07-23T00:05:55.903730+00:00,DEBUG,f195eaf8058effcf,95987e350cf00c84,nio-8080-exec-3,o.s.web.servlet.DispatcherServlet,"GET ""/vets"", parameters={}"
2026-07-23T00:06:17.073380+00:00,vets-service,vets-service-789bf77578-8z4zb,2026-07-23T00:05:55.652271+00:00,DEBUG,425737f699d9f62c,1e9819ee97271aa9,nio-8080-exec-2,o.s.web.servlet.DispatcherServlet,Completed 200 OK
2026-07-23T00:06:17.073380+00:00,vets-service,vets-service-789bf77578-8z4zb,2026-07-23T00:05:55.652267+00:00,DEBUG,425737f699d9f62c,800776c0d8a02d2d,nio-8080-exec-2,o.s.web.servlet.DispatcherServlet,"GET ""/vets"", parameters={}"
2026-07-23T00:06:17.073380+00:00,vets-service,vets-service-789bf77578-8z4zb,2026-07-23T00:05:55.151206+00:00,DEBUG,162897baebcb9846,162897baebcb9846,nio-8080-exec-5,o.s.web.servlet.DispatcherServlet,Completed 200 OK
2026-07-23T00:06:17.073380+00:00,vets-service,vets-service-789bf77578-8z4zb,2026-07-23T00:05:54.650717+00:00,DEBUG,75eebc9c87adee5f,6c814e5aa60f60d2,nio-8080-exec-7,o.s.web.servlet.DispatcherServlet,Completed 200 OK
2026-07-23T00:06:17.073380+00:00,vets-service,vets-service-789bf77578-8z4zb,2026-07-23T00:05:54.650712+00:00,DEBUG,75eebc9c87adee5f,3842bd7314ed8127,nio-8080-exec-7,o.s.web.servlet.DispatcherServlet,"GET ""/vets"", parameters={}"
2026-07-23T00:06:17.073380+00:00,vets-service,vets-service-789bf77578-8z4zb,2026-07-23T00:05:54.150184+00:00,DEBUG,decfafe81a1c7429,05a145e19902d959,nio-8080-exec-8,o.s.web.servlet.DispatcherServlet,Completed 200 OK
2026-07-23T00:06:17.073380+00:00,vets-service,vets-service-789bf77578-8z4zb,2026-07-23T00:05:53.899131+00:00,DEBUG,decfafe81a1c7429,1ad9a0117786c0bf,nio-8080-exec-8,o.s.web.servlet.DispatcherServlet,"GET ""/vets"", parameters={}"
2026-07-23T00:06:17.073380+00:00,vets-service,vets-service-789bf77578-8z4zb,2026-07-23T00:05:53.648419+00:00,DEBUG,f417d07c6a4f499b,2b9e0884650f2c85,nio-8080-exec-4,o.s.web.servlet.DispatcherServlet,Completed 200 OK
2026-07-23T00:06:17.073380+00:00,vets-service,vets-service-789bf77578-8z4zb,2026-07-23T00:05:53.648414+00:00,DEBUG,f417d07c6a4f499b,57a1a6a01654831b,nio-8080-exec-4,o.s.web.servlet.DispatcherServlet,"GET ""/vets"", parameters={}"
2026-07-23T00:06:17.073380+00:00,vets-service,vets-service-789bf77578-8z4zb,2026-07-23T00:05:53.397864+00:00,DEBUG,f112eccd0923696e,e6de9b545dcd825b,nio-8080-exec-6,o.s.web.servlet.DispatcherServlet,Completed 200 OK
2026-07-23T00:06:17.073380+00:00,vets-service,vets-service-789bf77578-8z4zb,2026-07-23T00:05:53.397859+00:00,DEBUG,f112eccd0923696e,d08fe168169d5d0a,nio-8080-exec-6,o.s.web.servlet.DispatcherServlet,"GET ""/vets"", parameters={}"
2026-07-23T00:06:17.073380+00:00,vets-service,vets-service-789bf77578-8z4zb,2026-07-23T00:05:52.896900+00:00,DEBUG,7da89d514bb5f3d9,ac78c7fc5b487c0b,io-8080-exec-10,o.s.web.servlet.DispatcherServlet,Completed 200 OK
2026-07-23T00:06:17.073380+00:00,vets-service,vets-service-789bf77578-8z4zb,2026-07-23T00:05:52.896896+00:00,DEBUG,7da89d514bb5f3d9,ca677cbb1f072c36,io-8080-exec-10,o.s.web.servlet.DispatcherServlet,"GET ""/vets"", parameters={}"
2026-07-23T00:06:17.073380+00:00,vets-service,vets-service-789bf77578-8z4zb,2026-07-23T00:05:52.646561+00:00,DEBUG,3af3fbb86eb32836,bd5f02589773e8cb,nio-8080-exec-1,o.s.web.servlet.DispatcherServlet,Completed 200 OK
2026-07-23T00:06:17.073380+00:00,vets-service,vets-service-789bf77578-8z4zb,2026-07-23T00:05:52.646557+00:00,DEBUG,3af3fbb86eb32836,069ac31b70769bc8,nio-8080-exec-1,o.s.web.servlet.DispatcherServlet,"GET ""/vets"", parameters={}"
2026-07-23T00:06:17.073380+00:00,vets-service,vets-service-789bf77578-8z4zb,2026-07-23T00:05:52.396427+00:00,DEBUG,e45bc6c8fd313be1,f5779d498ad538ae,nio-8080-exec-9,o.s.web.servlet.DispatcherServlet,Completed 200 OK
2026-07-23T00:06:17.073380+00:00,vets-service,vets-service-789bf77578-8z4zb,2026-07-23T00:05:52.145230+00:00,DEBUG,e45bc6c8fd313be1,ef49ff4c6ce65aea,nio-8080-exec-9,o.s.web.servlet.DispatcherServlet,"GET ""/vets"", parameters={}"
2026-07-23T00:06:17.073380+00:00,vets-service,vets-service-789bf77578-8z4zb,2026-07-23T00:05:51.895063+00:00,DEBUG,e2d4cf8108bd831a,60f8048dbd32924d,nio-8080-exec-3,o.s.web.servlet.DispatcherServlet,Completed 200 OK
2026-07-23T00:06:17.073380+00:00,vets-service,vets-service-789bf77578-8z4zb,2026-07-23T00:05:51.895059+00:00,DEBUG,e2d4cf8108bd831a,dc1a5816726b4c3a,nio-8080-exec-3,o.s.web.servlet.DispatcherServlet,"GET ""/vets"", parameters={}"
2026-07-23T00:06:17.073380+00:00,vets-service,vets-service-789bf77578-8z4zb,2026-07-23T00:05:50.390905+00:00,DEBUG,7ebd3671fa5724fc,e8bf62aba2311ac1,nio-8080-exec-2,o.s.web.servlet.DispatcherServlet,Completed 200 OK
2026-07-23T00:06:17.073380+00:00,vets-service,vets-service-789bf77578-8z4zb,2026-07-23T00:05:50.390901+00:00,DEBUG,7ebd3671fa5724fc,b1c62b05aa8e22e1,nio-8080-exec-2,o.s.web.servlet.DispatcherServlet,"GET ""/vets"", parameters={}"
2026-07-23T00:06:17.073380+00:00,vets-service,vets-service-789bf77578-8z4zb,2026-07-23T00:05:50.139935+00:00,DEBUG,740f9ebe8d4ae6a8,2d80ee36a644bdb3,nio-8080-exec-5,o.s.web.servlet.DispatcherServlet,Completed 200 OK
2026-07-23T00:06:17.073380+00:00,vets-service,vets-service-789bf77578-8z4zb,2026-07-23T00:05:49.888786+00:00,DEBUG,740f9ebe8d4ae6a8,3c4bf96e5e0ab1ad,nio-8080-exec-5,o.s.web.servlet.DispatcherServlet,"GET ""/vets"", parameters={}"
2026-07-23T00:06:17.073380+00:00,vets-service,vets-service-789bf77578-8z4zb,2026-07-23T00:05:49.637668+00:00,DEBUG,cb459936ccddee25,294097495439617c,nio-8080-exec-7,o.s.web.servlet.DispatcherServlet,Completed 200 OK
2026-07-23T00:06:17.073380+00:00,vets-service,vets-service-789bf77578-8z4zb,2026-07-23T00:05:49.386463+00:00,DEBUG,cb459936ccddee25,3ba4286a5382ffe5,nio-8080-exec-7,o.s.web.servlet.DispatcherServlet,"GET ""/vets"", parameters={}"
2026-07-23T00:06:17.073380+00:00,vets-service,vets-service-789bf77578-8z4zb,2026-07-23T00:05:49.135450+00:00,DEBUG,cb0e46a836237e8a,cb0e46a836237e8a,nio-8080-exec-8,o.s.web.servlet.DispatcherServlet,Completed 200 OK
2026-07-23T00:06:17.073380+00:00,vets-service,vets-service-789bf77578-8z4zb,2026-07-23T00:05:48.885170+00:00,DEBUG,5931a4a817c9591b,ff18f06104599aa3,nio-8080-exec-4,o.s.web.servlet.DispatcherServlet,Completed 200 OK
2026-07-23T00:06:17.073380+00:00,vets-service,vets-service-789bf77578-8z4zb,2026-07-23T00:05:48.885166+00:00,DEBUG,5931a4a817c9591b,a0408b6c2daccc15,nio-8080-exec-4,o.s.web.servlet.DispatcherServlet,"GET ""/vets"", parameters={}"
2026-07-23T00:06:17.073380+00:00,vets-service,vets-service-789bf77578-8z4zb,2026-07-23T00:05:48.383249+00:00,DEBUG,1677f0e103e67104,1677f0e103e67104,nio-8080-exec-6,o.s.web.servlet.DispatcherServlet,Completed 200 OK
2026-07-23T00:06:17.073380+00:00,vets-service,vets-service-789bf77578-8z4zb,2026-07-23T00:05:47.379181+00:00,DEBUG,a91be898a666c747,7c1f49810b9d7803,io-8080-exec-10,o.s.web.servlet.DispatcherServlet,Completed 200 OK
2026-07-23T00:06:17.073380+00:00,vets-service,vets-service-789bf77578-8z4zb,2026-07-23T00:05:47.128043+00:00,DEBUG,a91be898a666c747,3f959caf8b227815,io-8080-exec-10,o.s.web.servlet.DispatcherServlet,"GET ""/vets"", parameters={}"
2026-07-23T00:06:17.073380+00:00,vets-service,vets-service-789bf77578-8z4zb,2026-07-23T00:05:46.877173+00:00,DEBUG,f5c7e15dad9a60c7,9194ce67c2b5a751,nio-8080-exec-1,o.s.web.servlet.DispatcherServlet,Completed 200 OK
2026-07-23T00:06:17.073380+00:00,vets-service,vets-service-789bf77578-8z4zb,2026-07-23T00:05:46.877149+00:00,DEBUG,f5c7e15dad9a60c7,2a0c9447ab859351,nio-8080-exec-1,o.s.web.servlet.DispatcherServlet,"GET ""/vets"", parameters={}"
2026-07-23T00:06:17.073380+00:00,vets-service,vets-service-789bf77578-8z4zb,2026-07-23T00:05:46.877145+00:00,DEBUG,011935d00c1d19b6,aef3d89aaa05e3a1,nio-8080-exec-9,o.s.web.servlet.DispatcherServlet,Completed 200 OK
2026-07-23T00:06:17.073380+00:00,vets-service,vets-service-789bf77578-8z4zb,2026-07-23T00:05:46.626243+00:00,DEBUG,011935d00c1d19b6,b741a044c8f7fa62,nio-8080-exec-9,o.s.web.servlet.DispatcherServlet,"GET ""/vets"", parameters={}"
2026-07-23T00:06:17.073380+00:00,vets-service,vets-service-789bf77578-8z4zb,2026-07-23T00:05:46.376026+00:00,DEBUG,d9004998f5d9b364,08d3adaf8fecd0e7,nio-8080-exec-3,o.s.web.servlet.DispatcherServlet,Completed 200 OK
2026-07-23T00:06:17.073380+00:00,vets-service,vets-service-789bf77578-8z4zb,2026-07-23T00:05:46.125376+00:00,DEBUG,d9004998f5d9b364,dcf6928cac4133d8,nio-8080-exec-3,o.s.web.servlet.DispatcherServlet,"GET ""/vets"", parameters={}"
2026-07-23T00:06:17.073380+00:00,vets-service,vets-service-789bf77578-8z4zb,2026-07-23T00:05:45.874212+00:00,DEBUG,c72040d25e25eec5,d7ed0293fb6ee700,nio-8080-exec-2,o.s.web.servlet.DispatcherServlet,Completed 200 OK
2026-07-23T00:06:17.073380+00:00,vets-service,vets-service-789bf77578-8z4zb,2026-07-23T00:05:45.874208+00:00,DEBUG,c72040d25e25eec5,181a198f2a5c2ada,nio-8080-exec-2,o.s.web.servlet.DispatcherServlet,"GET ""/vets"", parameters={}"
2026-07-23T00:06:17.073380+00:00,vets-service,vets-service-789bf77578-8z4zb,2026-07-23T00:05:45.123363+00:00,DEBUG,ef14852517f55c44,7e7f4c7912ba9494,nio-8080-exec-5,o.s.web.servlet.DispatcherServlet,Completed 200 OK
2026-07-23T00:06:17.073380+00:00,vets-service,vets-service-789bf77578-8z4zb,2026-07-23T00:05:44.872628+00:00,DEBUG,ef14852517f55c44,644af77187873159,nio-8080-exec-5,o.s.web.servlet.DispatcherServlet,"GET ""/vets"", parameters={}"
2026-07-23T00:06:17.073380+00:00,vets-service,vets-service-789bf77578-8z4zb,2026-07-23T00:05:43.870865+00:00,DEBUG,5fdc422885c1abaf,fa5a18a431766a9d,nio-8080-exec-7,o.s.web.servlet.DispatcherServlet,Completed 200 OK
2026-07-23T00:06:17.073380+00:00,vets-service,vets-service-789bf77578-8z4zb,2026-07-23T00:05:43.619365+00:00,DEBUG,5fdc422885c1abaf,2ce163d633ec739b,nio-8080-exec-7,o.s.web.servlet.DispatcherServlet,"GET ""/vets"", parameters={}"
2026-07-23T00:06:17.073380+00:00,vets-service,vets-service-789bf77578-8z4zb,2026-07-23T00:05:43.368117+00:00,DEBUG,d3ad9c77367ece32,1a674fd88a1dfd35,nio-8080-exec-8,o.s.web.servlet.DispatcherServlet,Completed 200 OK
2026-07-23T00:06:17.073380+00:00,vets-service,vets-service-789bf77578-8z4zb,2026-07-23T00:05:43.117427+00:00,DEBUG,98c29c021459fe2b,d64b7187b07fae58,nio-8080-exec-4,o.s.web.servlet.DispatcherServlet,Completed 200 OK
2026-07-23T00:06:17.073380+00:00,vets-service,vets-service-789bf77578-8z4zb,2026-07-23T00:05:42.866531+00:00,DEBUG,d3ad9c77367ece32,bfcf66ed9d8a142b,nio-8080-exec-8,o.s.web.servlet.DispatcherServlet,"GET ""/vets"", parameters={}"
2026-07-23T00:06:17.073380+00:00,vets-service,vets-service-789bf77578-8z4zb,2026-07-23T00:05:42.866527+00:00,DEBUG,7c334e083cc0fc90,eb73e252a68f1783,nio-8080-exec-6,o.s.web.servlet.DispatcherServlet,Completed 200 OK
2026-07-23T00:06:17.073380+00:00,vets-service,vets-service-789bf77578-8z4zb,2026-07-23T00:05:42.615901+00:00,DEBUG,98c29c021459fe2b,d387a56c7120e45f,nio-8080-exec-4,o.s.web.servlet.DispatcherServlet,"GET ""/vets"", parameters={}"
2026-07-23T00:06:17.073380+00:00,vets-service,vets-service-789bf77578-8z4zb,2026-07-23T00:05:42.364441+00:00,DEBUG,7c334e083cc0fc90,4d9ed0db24079240,nio-8080-exec-6,o.s.web.servlet.DispatcherServlet,"GET ""/vets"", parameters={}"
2026-07-23T00:06:17.073380+00:00,vets-service,vets-service-789bf77578-8z4zb,2026-07-23T00:05:42.113631+00:00,DEBUG,613e60ed423376e8,563259e7c3ea9398,io-8080-exec-10,o.s.web.servlet.DispatcherServlet,Completed 200 OK
2026-07-23T00:06:17.073380+00:00,vets-service,vets-service-789bf77578-8z4zb,2026-07-23T00:05:41.863539+00:00,DEBUG,613e60ed423376e8,968f39414f161c1e,io-8080-exec-10,o.s.web.servlet.DispatcherServlet,"GET ""/vets"", parameters={}"
2026-07-23T00:06:17.073380+00:00,vets-service,vets-service-789bf77578-8z4zb,2026-07-23T00:05:41.613390+00:00,DEBUG,7d1adf321acec3c5,4d10a21d7363121d,nio-8080-exec-1,o.s.web.servlet.DispatcherServlet,Completed 200 OK
2026-07-23T00:06:17.073380+00:00,vets-service,vets-service-789bf77578-8z4zb,2026-07-23T00:05:41.362823+00:00,DEBUG,7d1adf321acec3c5,cb8de3e8b21e454e,nio-8080-exec-1,o.s.web.servlet.DispatcherServlet,"GET ""/vets"", parameters={}"
2026-07-23T00:06:17.073380+00:00,vets-service,vets-service-789bf77578-8z4zb,2026-07-23T00:05:40.360219+00:00,DEBUG,833dc2924c0a6dd9,437a16ad0889ab50,nio-8080-exec-9,o.s.web.servlet.DispatcherServlet,Completed 200 OK
2026-07-23T00:06:17.073380+00:00,vets-service,vets-service-789bf77578-8z4zb,2026-07-23T00:05:40.110071+00:00,DEBUG,833dc2924c0a6dd9,34710d4d18c4459d,nio-8080-exec-9,o.s.web.servlet.DispatcherServlet,"GET ""/vets"", parameters={}"
2026-07-23T00:06:17.073380+00:00,vets-service,vets-service-789bf77578-8z4zb,2026-07-23T00:05:39.859251+00:00,DEBUG,58e0d2a16ae872af,f64829f1feb4d587,nio-8080-exec-3,o.s.web.servlet.DispatcherServlet,Completed 200 OK
2026-07-23T00:06:17.073380+00:00,vets-service,vets-service-789bf77578-8z4zb,2026-07-23T00:05:39.859247+00:00,DEBUG,58e0d2a16ae872af,3104a511d2868a0d,nio-8080-exec-3,o.s.web.servlet.DispatcherServlet,"GET ""/vets"", parameters={}"
2026-07-23T00:06:17.073380+00:00,vets-service,vets-service-789bf77578-8z4zb,2026-07-23T00:05:38.858050+00:00,DEBUG,bbabc479f32dc7a2,ea67b94bfd0114a8,nio-8080-exec-2,o.s.web.servlet.DispatcherServlet,Completed 200 OK
2026-07-23T00:06:17.073380+00:00,vets-service,vets-service-789bf77578-8z4zb,2026-07-23T00:05:38.858046+00:00,DEBUG,bbabc479f32dc7a2,6e1be7b5c3e77278,nio-8080-exec-2,o.s.web.servlet.DispatcherServlet,"GET ""/vets"", parameters={}"
2026-07-23T00:06:17.073380+00:00,vets-service,vets-service-789bf77578-8z4zb,2026-07-23T00:05:38.607280+00:00,DEBUG,bbe4b28a9e85fc65,379c8fc2127bb6ad,nio-8080-exec-5,o.s.web.servlet.DispatcherServlet,Completed 200 OK
2026-07-23T00:06:17.073380+00:00,vets-service,vets-service-789bf77578-8z4zb,2026-07-23T00:05:38.607276+00:00,DEBUG,bbe4b28a9e85fc65,cbd77bfc20e58b44,nio-8080-exec-5,o.s.web.servlet.DispatcherServlet,"GET ""/vets"", parameters={}"
2026-07-23T00:06:17.073380+00:00,vets-service,vets-service-789bf77578-8z4zb,2026-07-23T00:05:38.356141+00:00,DEBUG,4f9bb1a0107df9c3,255895fd7028147f,nio-8080-exec-7,o.s.web.servlet.DispatcherServlet,Completed 200 OK
2026-07-23T00:06:17.073380+00:00,vets-service,vets-service-789bf77578-8z4zb,2026-07-23T00:05:38.356139+00:00,DEBUG,4f9bb1a0107df9c3,f72dae8ac5ba0e19,nio-8080-exec-7,o.s.web.servlet.DispatcherServlet,"GET ""/vets"", parameters={}"
2026-07-23T00:06:17.073380+00:00,vets-service,vets-service-789bf77578-8z4zb,2026-07-23T00:05:37.854260+00:00,DEBUG,d704914dd1c9b945,9179d8901b82b872,nio-8080-exec-8,o.s.web.servlet.DispatcherServlet,Completed 200 OK
2026-07-23T00:06:17.073380+00:00,vets-service,vets-service-789bf77578-8z4zb,2026-07-23T00:05:37.854236+00:00,DEBUG,d704914dd1c9b945,b44913f931f0019b,nio-8080-exec-8,o.s.web.servlet.DispatcherServlet,"GET ""/vets"", parameters={}"
2026-07-23T00:06:17.073380+00:00,vets-service,vets-service-789bf77578-8z4zb,2026-07-23T00:05:37.854232+00:00,DEBUG,520dc2c87325bc49,e25461aef609c209,nio-8080-exec-4,o.s.web.servlet.DispatcherServlet,Completed 200 OK
2026-07-23T00:06:17.073380+00:00,vets-service,vets-service-789bf77578-8z4zb,2026-07-23T00:05:37.603754+00:00,DEBUG,520dc2c87325bc49,0f1dad13ef75467b,nio-8080-exec-4,o.s.web.servlet.DispatcherServlet,"GET ""/vets"", parameters={}"
2026-07-23T00:06:17.073380+00:00,vets-service,vets-service-789bf77578-8z4zb,2026-07-23T00:05:37.353554+00:00,DEBUG,c30abc791e78df09,6a1733f9f3305a06,nio-8080-exec-6,o.s.web.servlet.DispatcherServlet,Completed 200 OK
2026-07-23T00:06:17.073380+00:00,vets-service,vets-service-789bf77578-8z4zb,2026-07-23T00:05:37.353549+00:00,DEBUG,c30abc791e78df09,9bdc1625a51d623a,nio-8080-exec-6,o.s.web.servlet.DispatcherServlet,"GET ""/vets"", parameters={}"
2026-07-23T00:06:17.073380+00:00,vets-service,vets-service-789bf77578-8z4zb,2026-07-23T00:05:35.850312+00:00,DEBUG,10b5c06df6a692ce,8b7f5b6f55477586,io-8080-exec-10,o.s.web.servlet.DispatcherServlet,Completed 200 OK
2026-07-23T00:06:17.073380+00:00,vets-service,vets-service-789bf77578-8z4zb,2026-07-23T00:05:35.850308+00:00,DEBUG,10b5c06df6a692ce,8308010ce02f72cf,io-8080-exec-10,o.s.web.servlet.DispatcherServlet,"GET ""/vets"", parameters={}"
2026-07-23T00:06:17.073380+00:00,vets-service,vets-service-789bf77578-8z4zb,2026-07-23T00:05:35.600183+00:00,DEBUG,881b589742e67fca,0cb58ce33f445dbf,nio-8080-exec-1,o.s.web.servlet.DispatcherServlet,Completed 200 OK
2026-07-23T00:06:17.073380+00:00,vets-service,vets-service-789bf77578-8z4zb,2026-07-23T00:05:35.600179+00:00,DEBUG,881b589742e67fca,46a158c7e0ce59c4,nio-8080-exec-1,o.s.web.servlet.DispatcherServlet,"GET ""/vets"", parameters={}"
2026-07-23T00:06:17.073380+00:00,vets-service,vets-service-789bf77578-8z4zb,2026-07-23T00:05:35.097714+00:00,DEBUG,ab8df10e48e49b9d,ab8df10e48e49b9d,nio-8080-exec-9,o.s.web.servlet.DispatcherServlet,Completed 200 OK
2026-07-23T00:06:17.073380+00:00,vets-service,vets-service-789bf77578-8z4zb,2026-07-23T00:05:34.595465+00:00,DEBUG,58d86a68e089f762,6550e9d8d958832a,nio-8080-exec-3,o.s.web.servlet.DispatcherServlet,Completed 200 OK
2026-07-23T00:06:17.073380+00:00,vets-service,vets-service-789bf77578-8z4zb,2026-07-23T00:05:34.344359+00:00,DEBUG,58d86a68e089f762,fed9f812d2ffa176,nio-8080-exec-3,o.s.web.servlet.DispatcherServlet,"GET ""/vets"", parameters={}"
2026-07-23T00:06:17.073380+00:00,vets-service,vets-service-789bf77578-8z4zb,2026-07-23T00:05:34.344335+00:00,DEBUG,84105aee9c3948f1,d9794d0a6b49850b,nio-8080-exec-2,o.s.web.servlet.DispatcherServlet,Completed 200 OK
2026-07-23T00:06:17.073380+00:00,vets-service,vets-service-789bf77578-8z4zb,2026-07-23T00:05:34.344331+00:00,DEBUG,84105aee9c3948f1,0241690eca5de6ac,nio-8080-exec-2,o.s.web.servlet.DispatcherServlet,"GET ""/vets"", parameters={}"
2026-07-23T00:06:17.073380+00:00,vets-service,vets-service-789bf77578-8z4zb,2026-07-23T00:05:33.592180+00:00,DEBUG,eb9ff97d921f53ae,2683a07504230966,nio-8080-exec-5,o.s.web.servlet.DispatcherServlet,Completed 200 OK
2026-07-23T00:06:17.073380+00:00,vets-service,vets-service-789bf77578-8z4zb,2026-07-23T00:05:33.341043+00:00,DEBUG,4c52b07a5d8e3913,4c52b07a5d8e3913,nio-8080-exec-7,o.s.web.servlet.DispatcherServlet,Completed 200 OK
2026-07-23T00:06:17.073380+00:00,vets-service,vets-service-789bf77578-8z4zb,2026-07-23T00:05:33.341015+00:00,DEBUG,eb9ff97d921f53ae,697fefe1063c2aa8,nio-8080-exec-5,o.s.web.servlet.DispatcherServlet,"GET ""/vets"", parameters={}"
2026-07-23T00:06:17.073380+00:00,vets-service,vets-service-789bf77578-8z4zb,2026-07-23T00:05:33.340997+00:00,DEBUG,f7fe18c441726ebc,f7fe18c441726ebc,nio-8080-exec-8,o.s.web.servlet.DispatcherServlet,Completed 200 OK
2026-07-23T00:06:17.073380+00:00,vets-service,vets-service-789bf77578-8z4zb,2026-07-23T00:05:32.337312+00:00,DEBUG,3741d82b279da710,c92919ad0025eace,nio-8080-exec-4,o.s.web.servlet.DispatcherServlet,Completed 200 OK
2026-07-23T00:06:17.073380+00:00,vets-service,vets-service-789bf77578-8z4zb,2026-07-23T00:05:32.337308+00:00,DEBUG,3741d82b279da710,9735e654fc5b201c,nio-8080-exec-4,o.s.web.servlet.DispatcherServlet,"GET ""/vets"", parameters={}"
2026-07-23T00:06:17.073380+00:00,vets-service,vets-service-789bf77578-8z4zb,2026-07-23T00:05:30.832128+00:00,DEBUG,314ee8d17aeae090,e6512a4208bd7089,nio-8080-exec-6,o.s.web.servlet.DispatcherServlet,Completed 200 OK
2026-07-23T00:06:17.073380+00:00,vets-service,vets-service-789bf77578-8z4zb,2026-07-23T00:05:30.832102+00:00,DEBUG,314ee8d17aeae090,db0f6f12dd798557,nio-8080-exec-6,o.s.web.servlet.DispatcherServlet,"GET ""/vets"", parameters={}"
2026-07-23T00:06:17.073380+00:00,vets-service,vets-service-789bf77578-8z4zb,2026-07-23T00:05:30.832098+00:00,DEBUG,c91d84782fe468df,a1de568f1bb4e2f8,io-8080-exec-10,o.s.web.servlet.DispatcherServlet,Completed 200 OK
2026-07-23T00:06:17.073380+00:00,vets-service,vets-service-789bf77578-8z4zb,2026-07-23T00:05:30.580838+00:00,DEBUG,c91d84782fe468df,2280884669af3bf7,io-8080-exec-10,o.s.web.servlet.DispatcherServlet,"GET ""/vets"", parameters={}"
2026-07-23T00:06:17.073380+00:00,vets-service,vets-service-789bf77578-8z4zb,2026-07-23T00:05:29.326009+00:00,DEBUG,ebac2c81c1433ad2,56f1b9c9248ffbd3,nio-8080-exec-1,o.s.web.servlet.DispatcherServlet,Completed 200 OK
2026-07-23T00:06:17.073380+00:00,vets-service,vets-service-789bf77578-8z4zb,2026-07-23T00:05:29.326005+00:00,DEBUG,ebac2c81c1433ad2,0964192d53b961b7,nio-8080-exec-1,o.s.web.servlet.DispatcherServlet,"GET ""/vets"", parameters={}"
2026-07-23T00:06:17.073380+00:00,vets-service,vets-service-789bf77578-8z4zb,2026-07-23T00:05:29.075268+00:00,DEBUG,20fec60da73efc9b,e386400e0bc2af27,nio-8080-exec-9,o.s.web.servlet.DispatcherServlet,Completed 200 OK
2026-07-23T00:06:17.073380+00:00,vets-service,vets-service-789bf77578-8z4zb,2026-07-23T00:05:28.824396+00:00,DEBUG,20fec60da73efc9b,1530ccf40b714abb,nio-8080-exec-9,o.s.web.servlet.DispatcherServlet,"GET ""/vets"", parameters={}"
2026-07-23T00:06:17.073380+00:00,vets-service,vets-service-789bf77578-8z4zb,2026-07-23T00:05:26.818177+00:00,DEBUG,d8283bd782ebe27b,8102ac99aa0cac97,nio-8080-exec-3,o.s.web.servlet.DispatcherServlet,Completed 200 OK
2026-07-23T00:06:17.073380+00:00,vets-service,vets-service-789bf77578-8z4zb,2026-07-23T00:05:26.818175+00:00,DEBUG,d8283bd782ebe27b,ad69c63585f3f1c1,nio-8080-exec-3,o.s.web.servlet.DispatcherServlet,"GET ""/vets"", parameters={}"
2026-07-23T00:06:17.073380+00:00,vets-service,vets-service-789bf77578-8z4zb,2026-07-23T00:05:26.065746+00:00,DEBUG,0f83102d8640e3b1,e4a0db61a7636470,nio-8080-exec-2,o.s.web.servlet.DispatcherServlet,Completed 200 OK
2026-07-23T00:06:17.073380+00:00,vets-service,vets-service-789bf77578-8z4zb,2026-07-23T00:05:26.065742+00:00,DEBUG,0f83102d8640e3b1,b724896e2a0c32a8,nio-8080-exec-2,o.s.web.servlet.DispatcherServlet,"GET ""/vets"", parameters={}"
2026-07-23T00:06:17.073380+00:00,vets-service,vets-service-789bf77578-8z4zb,2026-07-23T00:05:25.814863+00:00,DEBUG,9619118a9dcf90e1,89ed68d219ba41e0,nio-8080-exec-7,o.s.web.servlet.DispatcherServlet,Completed 200 OK
2026-07-23T00:06:17.073380+00:00,vets-service,vets-service-789bf77578-8z4zb,2026-07-23T00:05:25.814860+00:00,DEBUG,9619118a9dcf90e1,ecd7630e3ea270e4,nio-8080-exec-7,o.s.web.servlet.DispatcherServlet,"GET ""/vets"", parameters={}"
2026-07-23T00:06:17.073380+00:00,vets-service,vets-service-789bf77578-8z4zb,2026-07-23T00:05:25.564340+00:00,DEBUG,ea9c7580d24bf77e,01723457d41849c5,nio-8080-exec-5,o.s.web.servlet.DispatcherServlet,Completed 200 OK
2026-07-23T00:06:17.073380+00:00,vets-service,vets-service-789bf77578-8z4zb,2026-07-23T00:05:25.564336+00:00,DEBUG,ea9c7580d24bf77e,1b1af0a857a23924,nio-8080-exec-5,o.s.web.servlet.DispatcherServlet,"GET ""/vets"", parameters={}"
2026-07-23T00:06:17.073380+00:00,vets-service,vets-service-789bf77578-8z4zb,2026-07-23T00:05:25.313619+00:00,DEBUG,f484dcaaa0033504,c620b32759e2796f,nio-8080-exec-8,o.s.web.servlet.DispatcherServlet,Completed 200 OK
2026-07-23T00:06:17.073380+00:00,vets-service,vets-service-789bf77578-8z4zb,2026-07-23T00:05:25.313615+00:00,DEBUG,f484dcaaa0033504,a59fada80d48a204,nio-8080-exec-8,o.s.web.servlet.DispatcherServlet,"GET ""/vets"", parameters={}"
2026-07-23T00:06:17.073380+00:00,vets-service,vets-service-789bf77578-8z4zb,2026-07-23T00:05:24.561143+00:00,DEBUG,2a8509097ff8d887,e77bca5b2eac0cfa,nio-8080-exec-4,o.s.web.servlet.DispatcherServlet,Completed 200 OK
2026-07-23T00:06:17.073380+00:00,vets-service,vets-service-789bf77578-8z4zb,2026-07-23T00:05:24.561139+00:00,DEBUG,2a8509097ff8d887,63cc6db920f9ca1d,nio-8080-exec-4,o.s.web.servlet.DispatcherServlet,"GET ""/vets"", parameters={}"
2026-07-23T00:06:17.073380+00:00,vets-service,vets-service-789bf77578-8z4zb,2026-07-23T00:05:24.059274+00:00,DEBUG,1a537fa2b7237da6,8f1f7c01330024c4,nio-8080-exec-6,o.s.web.servlet.DispatcherServlet,Completed 200 OK
2026-07-23T00:06:17.073380+00:00,vets-service,vets-service-789bf77578-8z4zb,2026-07-23T00:05:24.059270+00:00,DEBUG,1a537fa2b7237da6,602db1654eaf0e03,nio-8080-exec-6,o.s.web.servlet.DispatcherServlet,"GET ""/vets"", parameters={}"
2026-07-23T00:06:17.073380+00:00,vets-service,vets-service-789bf77578-8z4zb,2026-07-23T00:05:23.558310+00:00,DEBUG,a559171f7de61924,200891542b2f9117,io-8080-exec-10,o.s.web.servlet.DispatcherServlet,Completed 200 OK
2026-07-23T00:06:17.073380+00:00,vets-service,vets-service-789bf77578-8z4zb,2026-07-23T00:05:23.558306+00:00,DEBUG,a559171f7de61924,1cb6d33b67ecfadd,io-8080-exec-10,o.s.web.servlet.DispatcherServlet,"GET ""/vets"", parameters={}"
2026-07-23T00:06:17.073380+00:00,vets-service,vets-service-789bf77578-8z4zb,2026-07-23T00:05:23.057663+00:00,DEBUG,45ce576b8b7e5b6e,210f6555725e9286,nio-8080-exec-1,o.s.web.servlet.DispatcherServlet,Completed 200 OK
2026-07-23T00:06:17.073380+00:00,vets-service,vets-service-789bf77578-8z4zb,2026-07-23T00:05:22.806398+00:00,DEBUG,45ce576b8b7e5b6e,b4ec320921f42fb6,nio-8080-exec-1,o.s.web.servlet.DispatcherServlet,"GET ""/vets"", parameters={}"
2026-07-23T00:06:17.073380+00:00,vets-service,vets-service-789bf77578-8z4zb,2026-07-23T00:05:22.806377+00:00,DEBUG,1bfb52b564362f37,adbf942d9e490c3f,nio-8080-exec-9,o.s.web.servlet.DispatcherServlet,Completed 200 OK
2026-07-23T00:06:17.073380+00:00,vets-service,vets-service-789bf77578-8z4zb,2026-07-23T00:05:22.806375+00:00,DEBUG,1bfb52b564362f37,c693c714b8312da0,nio-8080-exec-9,o.s.web.servlet.DispatcherServlet,"GET ""/vets"", parameters={}"
2026-07-23T00:06:17.073380+00:00,vets-service,vets-service-789bf77578-8z4zb,2026-07-23T00:05:22.555938+00:00,DEBUG,3ebf0ff87545d9cf,6c54bd6c50dd26f9,nio-8080-exec-3,o.s.web.servlet.DispatcherServlet,Completed 200 OK
2026-07-23T00:06:17.073380+00:00,vets-service,vets-service-789bf77578-8z4zb,2026-07-23T00:05:22.555934+00:00,DEBUG,3ebf0ff87545d9cf,07cbda4469d7c2e2,nio-8080-exec-3,o.s.web.servlet.DispatcherServlet,"GET ""/vets"", parameters={}"
2026-07-23T00:06:17.073380+00:00,vets-service,vets-service-789bf77578-8z4zb,2026-07-23T00:05:22.305311+00:00,DEBUG,09eb906f5b5d8ef5,936fe444222305f0,nio-8080-exec-2,o.s.web.servlet.DispatcherServlet,Completed 200 OK
2026-07-23T00:06:17.073380+00:00,vets-service,vets-service-789bf77578-8z4zb,2026-07-23T00:05:22.305310+00:00,DEBUG,09eb906f5b5d8ef5,bdb803a16be5dd8f,nio-8080-exec-2,o.s.web.servlet.DispatcherServlet,"GET ""/vets"", parameters={}"
2026-07-23T00:06:17.073380+00:00,vets-service,vets-service-789bf77578-8z4zb,2026-07-23T00:05:21.303472+00:00,DEBUG,e2cc62025e668b51,266fc3e1c15d80d4,nio-8080-exec-7,o.s.web.servlet.DispatcherServlet,Completed 200 OK
2026-07-23T00:06:17.073380+00:00,vets-service,vets-service-789bf77578-8z4zb,2026-07-23T00:05:21.052521+00:00,DEBUG,e2cc62025e668b51,11e5439b756d7399,nio-8080-exec-7,o.s.web.servlet.DispatcherServlet,"GET ""/vets"", parameters={}"
2026-07-23T00:06:17.073380+00:00,vets-service,vets-service-789bf77578-8z4zb,2026-07-23T00:05:19.798632+00:00,DEBUG,1bb843c64ce4b0d5,04863acc5d4f91f1,nio-8080-exec-5,o.s.web.servlet.DispatcherServlet,Completed 200 OK
2026-07-23T00:06:17.073380+00:00,vets-service,vets-service-789bf77578-8z4zb,2026-07-23T00:05:19.798628+00:00,DEBUG,1bb843c64ce4b0d5,f1c76b6650d03c24,nio-8080-exec-5,o.s.web.servlet.DispatcherServlet,"GET ""/vets"", parameters={}"
2026-07-23T00:06:17.073380+00:00,vets-service,vets-service-789bf77578-8z4zb,2026-07-23T00:05:19.045454+00:00,DEBUG,2a6c80fa792e1208,923afd98cc1470d9,nio-8080-exec-8,o.s.web.servlet.DispatcherServlet,Completed 200 OK
2026-07-23T00:06:17.073380+00:00,vets-service,vets-service-789bf77578-8z4zb,2026-07-23T00:05:19.045450+00:00,DEBUG,2a6c80fa792e1208,92046c6364970a1d,nio-8080-exec-8,o.s.web.servlet.DispatcherServlet,"GET ""/vets"", parameters={}"
2026-07-23T00:06:17.073380+00:00,vets-service,vets-service-789bf77578-8z4zb,2026-07-23T00:05:18.292326+00:00,DEBUG,fbeccf2cea017279,fbeccf2cea017279,nio-8080-exec-4,o.s.web.servlet.DispatcherServlet,Completed 200 OK
2026-07-23T00:06:17.073380+00:00,vets-service,vets-service-789bf77578-8z4zb,2026-07-23T00:05:18.292294+00:00,DEBUG,714f35eba66a4fc1,3501f88f3cc6aeac,nio-8080-exec-6,o.s.web.servlet.DispatcherServlet,Completed 200 OK
2026-07-23T00:06:17.073380+00:00,vets-service,vets-service-789bf77578-8z4zb,2026-07-23T00:05:18.041592+00:00,DEBUG,714f35eba66a4fc1,5e3ba9dca5590457,nio-8080-exec-6,o.s.web.servlet.DispatcherServlet,"GET ""/vets"", parameters={}"
2026-07-23T00:06:17.073380+00:00,vets-service,vets-service-789bf77578-8z4zb,2026-07-23T00:05:17.790601+00:00,DEBUG,499eef02c0379238,499eef02c0379238,io-8080-exec-10,o.s.web.servlet.DispatcherServlet,Completed 200 OK
2026-07-23T00:06:17.073380+00:00,vets-service,vets-service-789bf77578-8z4zb,2026-07-23T00:05:15.032321+00:00,DEBUG,449682cca23d4a0e,449682cca23d4a0e,nio-8080-exec-1,o.s.web.servlet.DispatcherServlet,Completed 200 OK
2026-07-23T00:06:17.073380+00:00,vets-service,vets-service-789bf77578-fzs4g,2026-07-23T00:06:14.464505+00:00,DEBUG,59ebf7ebce59d91a,59ebf7ebce59d91a,nio-8080-exec-6,o.s.web.servlet.DispatcherServlet,Completed 200 OK
2026-07-23T00:06:17.073380+00:00,vets-service,vets-service-789bf77578-fzs4g,2026-07-23T00:06:03.181489+00:00,DEBUG,f5af54d807316a61,f5af54d807316a61,nio-8080-exec-3,o.s.web.servlet.DispatcherServlet,Completed 200 OK
2026-07-23T00:06:17.073380+00:00,vets-service,vets-service-789bf77578-fzs4g,2026-07-23T00:06:02.680579+00:00,DEBUG,79d684207e78a339,79d684207e78a339,nio-8080-exec-5,o.s.web.servlet.DispatcherServlet,Completed 200 OK
2026-07-23T00:06:17.073380+00:00,vets-service,vets-service-789bf77578-fzs4g,2026-07-23T00:05:59.421435+00:00,DEBUG,a426b1fffb887eae,a426b1fffb887eae,nio-8080-exec-1,o.s.web.servlet.DispatcherServlet,Completed 200 OK
2026-07-23T00:06:17.073380+00:00,vets-service,vets-service-789bf77578-fzs4g,2026-07-23T00:05:47.635854+00:00,DEBUG,ef85dfc89ffa8d6b,ef85dfc89ffa8d6b,nio-8080-exec-9,o.s.web.servlet.DispatcherServlet,Completed 200 OK
2026-07-23T00:06:17.073380+00:00,vets-service,vets-service-789bf77578-fzs4g,2026-07-23T00:05:44.375150+00:00,DEBUG,8a663cb176290a75,8a663cb176290a75,nio-8080-exec-7,o.s.web.servlet.DispatcherServlet,Completed 200 OK
2026-07-23T00:06:17.073380+00:00,vets-service,vets-service-789bf77578-fzs4g,2026-07-23T00:05:42.619539+00:00,DEBUG,808947aece3b82e5,808947aece3b82e5,nio-8080-exec-8,o.s.web.servlet.DispatcherServlet,Completed 200 OK
2026-07-23T00:06:17.073380+00:00,vets-service,vets-service-789bf77578-fzs4g,2026-07-23T00:05:31.836156+00:00,DEBUG,5b8419770ed14168,5b8419770ed14168,nio-8080-exec-4,o.s.web.servlet.DispatcherServlet,Completed 200 OK
2026-07-23T00:06:17.073380+00:00,vets-service,vets-service-789bf77578-fzs4g,2026-07-23T00:05:29.326177+00:00,DEBUG,203135b88642c0a3,203135b88642c0a3,io-8080-exec-10,o.s.web.servlet.DispatcherServlet,Completed 200 OK
2026-07-23T00:06:17.073380+00:00,vets-service,vets-service-789bf77578-fzs4g,2026-07-23T00:05:22.555906+00:00,DEBUG,88be44a351eb7afa,88be44a351eb7afa,nio-8080-exec-2,o.s.web.servlet.DispatcherServlet,Completed 200 OK
2026-07-23T00:06:17.073380+00:00,vets-service,vets-service-789bf77578-fzs4g,2026-07-23T00:05:16.286950+00:00,DEBUG,dd9960fc253864f9,dd9960fc253864f9,nio-8080-exec-6,o.s.web.servlet.DispatcherServlet,Completed 200 OK
2026-07-23T00:06:17.073380+00:00,vets-service,vets-service-789bf77578-fzs4g,2026-07-23T00:05:14.280118+00:00,DEBUG,4de9adf591f0d150,4de9adf591f0d150,nio-8080-exec-3,o.s.web.servlet.DispatcherServlet,Completed 200 OK
2026-07-23T00:06:17.073380+00:00,visits-service,visits-service-5bbc99b894-dtlvv,2026-07-23T00:06:07.692909+00:00,DEBUG,bb2afee5f9475db5,bb2afee5f9475db5,nio-8080-exec-8,o.s.web.servlet.DispatcherServlet,Completed 200 OK
2026-07-23T00:06:17.073380+00:00,visits-service,visits-service-5bbc99b894-dtlvv,2026-07-23T00:06:06.439105+00:00,DEBUG,3a03c8cea200902e,3a03c8cea200902e,nio-8080-exec-4,o.s.web.servlet.DispatcherServlet,Completed 200 OK
2026-07-23T00:06:17.073380+00:00,visits-service,visits-service-5bbc99b894-dtlvv,2026-07-23T00:06:02.680620+00:00,DEBUG,edf679187dab438f,edf679187dab438f,nio-8080-exec-3,o.s.web.servlet.DispatcherServlet,Completed 200 OK
2026-07-23T00:06:17.073380+00:00,visits-service,visits-service-5bbc99b894-dtlvv,2026-07-23T00:05:52.149426+00:00,DEBUG,246595e309ab2813,246595e309ab2813,nio-8080-exec-5,o.s.web.servlet.DispatcherServlet,Completed 200 OK
2026-07-23T00:06:17.073380+00:00,visits-service,visits-service-5bbc99b894-dtlvv,2026-07-23T00:05:51.396888+00:00,DEBUG,92a45887a39c2ede,92a45887a39c2ede,nio-8080-exec-9,o.s.web.servlet.DispatcherServlet,Completed 200 OK
2026-07-23T00:06:17.073380+00:00,visits-service,visits-service-5bbc99b894-dtlvv,2026-07-23T00:05:42.619421+00:00,DEBUG,e57c714618b7d410,e57c714618b7d410,io-8080-exec-10,o.s.web.servlet.DispatcherServlet,Completed 200 OK
2026-07-23T00:06:17.073380+00:00,visits-service,visits-service-5bbc99b894-dtlvv,2026-07-23T00:05:36.601380+00:00,DEBUG,8a798a7492a7a2fb,8a798a7492a7a2fb,nio-8080-exec-2,o.s.web.servlet.DispatcherServlet,Completed 200 OK
2026-07-23T00:06:17.073380+00:00,visits-service,visits-service-5bbc99b894-dtlvv,2026-07-23T00:05:36.351200+00:00,DEBUG,c274235486d4b380,c274235486d4b380,nio-8080-exec-1,o.s.web.servlet.DispatcherServlet,Completed 200 OK
2026-07-23T00:06:17.073380+00:00,visits-service,visits-service-5bbc99b894-dtlvv,2026-07-23T00:05:22.555744+00:00,DEBUG,902df9e44c44b1ec,902df9e44c44b1ec,nio-8080-exec-7,o.s.web.servlet.DispatcherServlet,Completed 200 OK
2026-07-23T00:06:17.073380+00:00,visits-service,visits-service-5bbc99b894-dtlvv,2026-07-23T00:05:21.303649+00:00,DEBUG,c2de6da0274139f0,c2de6da0274139f0,nio-8080-exec-6,o.s.web.servlet.DispatcherServlet,Completed 200 OK
2026-07-23T00:06:17.073380+00:00,visits-service,visits-service-5bbc99b894-dtlvv,2026-07-23T00:05:20.801345+00:00,DEBUG,5cdef125ee3f9c3b,5cdef125ee3f9c3b,nio-8080-exec-8,o.s.web.servlet.DispatcherServlet,Completed 200 OK
2026-07-23T00:06:17.073380+00:00,visits-service,visits-service-5bbc99b894-rlpg7,2026-07-23T00:06:15.969493+00:00,DEBUG,ef4fd3d5e68cb454,fc5eebe6249c78f0,nio-8080-exec-1,o.s.web.servlet.DispatcherServlet,Completed 200 OK
2026-07-23T00:06:17.073380+00:00,visits-service,visits-service-5bbc99b894-rlpg7,2026-07-23T00:06:15.969489+00:00,DEBUG,ef4fd3d5e68cb454,fc5eebe6249c78f0,nio-8080-exec-1,o.s.web.servlet.DispatcherServlet,"GET ""/owners/1/pets/1/visits"", parameters={}"
2026-07-23T00:06:17.073380+00:00,visits-service,visits-service-5bbc99b894-rlpg7,2026-07-23T00:06:15.718914+00:00,DEBUG,12c97121cfef9a23,80478121a396c5d5,nio-8080-exec-3,o.s.web.servlet.DispatcherServlet,Completed 200 OK
2026-07-23T00:06:17.073380+00:00,visits-service,visits-service-5bbc99b894-rlpg7,2026-07-23T00:06:15.718911+00:00,DEBUG,12c97121cfef9a23,80478121a396c5d5,nio-8080-exec-3,o.s.web.servlet.DispatcherServlet,"GET ""/owners/1/pets/1/visits"", parameters={}"
2026-07-23T00:06:17.073380+00:00,visits-service,visits-service-5bbc99b894-rlpg7,2026-07-23T00:06:15.468301+00:00,DEBUG,6f1fb0154e02e092,606a779a90b7b91b,nio-8080-exec-5,o.s.web.servlet.DispatcherServlet,Completed 200 OK
2026-07-23T00:06:17.073380+00:00,visits-service,visits-service-5bbc99b894-rlpg7,2026-07-23T00:06:15.468297+00:00,DEBUG,6f1fb0154e02e092,606a779a90b7b91b,nio-8080-exec-5,o.s.web.servlet.DispatcherServlet,"GET ""/owners/1/pets/1/visits"", parameters={}"
2026-07-23T00:06:17.073380+00:00,visits-service,visits-service-5bbc99b894-rlpg7,2026-07-23T00:06:15.217431+00:00,DEBUG,88e0a15bbec4b546,4b730c4fe451cbec,nio-8080-exec-4,o.s.web.servlet.DispatcherServlet,Completed 200 OK
2026-07-23T00:06:17.073380+00:00,visits-service,visits-service-5bbc99b894-rlpg7,2026-07-23T00:06:15.217427+00:00,DEBUG,88e0a15bbec4b546,4b730c4fe451cbec,nio-8080-exec-4,o.s.web.servlet.DispatcherServlet,"GET ""/owners/1/pets/1/visits"", parameters={}"
2026-07-23T00:06:17.073380+00:00,visits-service,visits-service-5bbc99b894-rlpg7,2026-07-23T00:06:14.715707+00:00,DEBUG,8dce5d93c5d4a485,8dce5d93c5d4a485,nio-8080-exec-2,o.s.web.servlet.DispatcherServlet,Completed 200 OK
2026-07-23T00:06:17.073380+00:00,visits-service,visits-service-5bbc99b894-rlpg7,2026-07-23T00:06:14.715662+00:00,DEBUG,c931015b60ca5cf7,b20a798befb7248d,io-8080-exec-10,o.s.web.servlet.DispatcherServlet,Completed 200 OK
2026-07-23T00:06:17.073380+00:00,visits-service,visits-service-5bbc99b894-rlpg7,2026-07-23T00:06:14.715658+00:00,DEBUG,c931015b60ca5cf7,b20a798befb7248d,io-8080-exec-10,o.s.web.servlet.DispatcherServlet,"GET ""/owners/1/pets/1/visits"", parameters={}"
2026-07-23T00:06:17.073380+00:00,visits-service,visits-service-5bbc99b894-rlpg7,2026-07-23T00:06:13.461747+00:00,DEBUG,f254fcce84ececb4,9d31ca42609fc629,nio-8080-exec-8,o.s.web.servlet.DispatcherServlet,Completed 200 OK
2026-07-23T00:06:17.073380+00:00,visits-service,visits-service-5bbc99b894-rlpg7,2026-07-23T00:06:13.461743+00:00,DEBUG,f254fcce84ececb4,9d31ca42609fc629,nio-8080-exec-8,o.s.web.servlet.DispatcherServlet,"GET ""/owners/1/pets/1/visits"", parameters={}"
2026-07-23T00:06:17.073380+00:00,visits-service,visits-service-5bbc99b894-rlpg7,2026-07-23T00:06:13.210508+00:00,DEBUG,bd647c68af6a137c,2266819d68ec82ad,nio-8080-exec-9,o.s.web.servlet.DispatcherServlet,Completed 200 OK
2026-07-23T00:06:17.073380+00:00,visits-service,visits-service-5bbc99b894-rlpg7,2026-07-23T00:06:13.210503+00:00,DEBUG,bd647c68af6a137c,2266819d68ec82ad,nio-8080-exec-9,o.s.web.servlet.DispatcherServlet,"GET ""/owners/1/pets/1/visits"", parameters={}"
2026-07-23T00:06:17.073380+00:00,visits-service,visits-service-5bbc99b894-rlpg7,2026-07-23T00:06:11.454682+00:00,DEBUG,531b8b48a62b53df,c2a5a6b0ec0fd756,nio-8080-exec-6,o.s.web.servlet.DispatcherServlet,Completed 200 OK
2026-07-23T00:06:17.073380+00:00,visits-service,visits-service-5bbc99b894-rlpg7,2026-07-23T00:06:11.454678+00:00,DEBUG,531b8b48a62b53df,c2a5a6b0ec0fd756,nio-8080-exec-6,o.s.web.servlet.DispatcherServlet,"GET ""/owners/1/pets/1/visits"", parameters={}"
2026-07-23T00:06:17.073380+00:00,visits-service,visits-service-5bbc99b894-rlpg7,2026-07-23T00:06:11.204163+00:00,DEBUG,2514bce0d8b030f1,6e7c719563b8aa21,nio-8080-exec-7,o.s.web.servlet.DispatcherServlet,Completed 200 OK
2026-07-23T00:06:17.073380+00:00,visits-service,visits-service-5bbc99b894-rlpg7,2026-07-23T00:06:11.204160+00:00,DEBUG,2514bce0d8b030f1,6e7c719563b8aa21,nio-8080-exec-7,o.s.web.servlet.DispatcherServlet,"GET ""/owners/1/pets/1/visits"", parameters={}"
2026-07-23T00:06:17.073380+00:00,visits-service,visits-service-5bbc99b894-rlpg7,2026-07-23T00:06:10.452060+00:00,DEBUG,19dfa6db7852be6d,964adc4ca67fdb41,nio-8080-exec-1,o.s.web.servlet.DispatcherServlet,Completed 200 OK
2026-07-23T00:06:17.073380+00:00,visits-service,visits-service-5bbc99b894-rlpg7,2026-07-23T00:06:10.452055+00:00,DEBUG,19dfa6db7852be6d,964adc4ca67fdb41,nio-8080-exec-1,o.s.web.servlet.DispatcherServlet,"GET ""/owners/1/pets/1/visits"", parameters={}"
2026-07-23T00:06:17.073380+00:00,visits-service,visits-service-5bbc99b894-rlpg7,2026-07-23T00:06:09.949503+00:00,DEBUG,b2b6e11f20aa6a7a,f0dc4603ba2f0e8b,nio-8080-exec-3,o.s.web.servlet.DispatcherServlet,Completed 200 OK
2026-07-23T00:06:17.073380+00:00,visits-service,visits-service-5bbc99b894-rlpg7,2026-07-23T00:06:09.949499+00:00,DEBUG,b2b6e11f20aa6a7a,f0dc4603ba2f0e8b,nio-8080-exec-3,o.s.web.servlet.DispatcherServlet,"GET ""/owners/1/pets/1/visits"", parameters={}"
2026-07-23T00:06:17.073380+00:00,visits-service,visits-service-5bbc99b894-rlpg7,2026-07-23T00:06:08.445866+00:00,DEBUG,7755a9034a572412,708b200216ed41d0,nio-8080-exec-5,o.s.web.servlet.DispatcherServlet,Completed 200 OK
2026-07-23T00:06:17.073380+00:00,visits-service,visits-service-5bbc99b894-rlpg7,2026-07-23T00:06:08.445862+00:00,DEBUG,7755a9034a572412,708b200216ed41d0,nio-8080-exec-5,o.s.web.servlet.DispatcherServlet,"GET ""/owners/1/pets/1/visits"", parameters={}"
2026-07-23T00:06:17.073380+00:00,visits-service,visits-service-5bbc99b894-rlpg7,2026-07-23T00:06:07.442444+00:00,DEBUG,7239495825bdfceb,7239495825bdfceb,nio-8080-exec-4,o.s.web.servlet.DispatcherServlet,Completed 200 OK
2026-07-23T00:06:17.073380+00:00,visits-service,visits-service-5bbc99b894-rlpg7,2026-07-23T00:06:07.191122+00:00,DEBUG,1953aa3990ce0f24,51f6691fb05ce4fc,nio-8080-exec-2,o.s.web.servlet.DispatcherServlet,Completed 200 OK
2026-07-23T00:06:17.073380+00:00,visits-service,visits-service-5bbc99b894-rlpg7,2026-07-23T00:06:07.191118+00:00,DEBUG,1953aa3990ce0f24,51f6691fb05ce4fc,nio-8080-exec-2,o.s.web.servlet.DispatcherServlet,"GET ""/owners/1/pets/1/visits"", parameters={}"
2026-07-23T00:06:17.073380+00:00,visits-service,visits-service-5bbc99b894-rlpg7,2026-07-23T00:06:06.940602+00:00,DEBUG,dbe33f671fe11002,dbe33f671fe11002,io-8080-exec-10,o.s.web.servlet.DispatcherServlet,Completed 200 OK
2026-07-23T00:06:17.073380+00:00,visits-service,visits-service-5bbc99b894-rlpg7,2026-07-23T00:06:05.687463+00:00,DEBUG,7baf163a98bfbb86,a6d9669d174fc57a,nio-8080-exec-8,o.s.web.servlet.DispatcherServlet,Completed 200 OK
2026-07-23T00:06:17.073380+00:00,visits-service,visits-service-5bbc99b894-rlpg7,2026-07-23T00:06:05.687459+00:00,DEBUG,7baf163a98bfbb86,a6d9669d174fc57a,nio-8080-exec-8,o.s.web.servlet.DispatcherServlet,"GET ""/owners/1/pets/1/visits"", parameters={}"
2026-07-23T00:06:17.073380+00:00,visits-service,visits-service-5bbc99b894-rlpg7,2026-07-23T00:06:05.437196+00:00,DEBUG,576a1637e258f0a7,a1869c71f8b48d76,nio-8080-exec-9,o.s.web.servlet.DispatcherServlet,Completed 200 OK
2026-07-23T00:06:17.073380+00:00,visits-service,visits-service-5bbc99b894-rlpg7,2026-07-23T00:06:05.437192+00:00,DEBUG,576a1637e258f0a7,a1869c71f8b48d76,nio-8080-exec-9,o.s.web.servlet.DispatcherServlet,"GET ""/owners/1/pets/1/visits"", parameters={}"
2026-07-23T00:06:17.073380+00:00,visits-service,visits-service-5bbc99b894-rlpg7,2026-07-23T00:06:04.934866+00:00,DEBUG,cd4f3707fc90bd03,7566f72cce813934,nio-8080-exec-6,o.s.web.servlet.DispatcherServlet,Completed 200 OK
2026-07-23T00:06:17.073380+00:00,visits-service,visits-service-5bbc99b894-rlpg7,2026-07-23T00:06:04.934862+00:00,DEBUG,cd4f3707fc90bd03,7566f72cce813934,nio-8080-exec-6,o.s.web.servlet.DispatcherServlet,"GET ""/owners/1/pets/1/visits"", parameters={}"
2026-07-23T00:06:17.073380+00:00,visits-service,visits-service-5bbc99b894-rlpg7,2026-07-23T00:06:04.683903+00:00,DEBUG,ed724c6923299569,5b96d95ad5a53787,nio-8080-exec-7,o.s.web.servlet.DispatcherServlet,Completed 200 OK
2026-07-23T00:06:17.073380+00:00,visits-service,visits-service-5bbc99b894-rlpg7,2026-07-23T00:06:04.683898+00:00,DEBUG,ed724c6923299569,5b96d95ad5a53787,nio-8080-exec-7,o.s.web.servlet.DispatcherServlet,"GET ""/owners/1/pets/1/visits"", parameters={}"
2026-07-23T00:06:17.073380+00:00,visits-service,visits-service-5bbc99b894-rlpg7,2026-07-23T00:06:02.931194+00:00,DEBUG,62cb05a2dda8326d,ea8c95f28f991791,nio-8080-exec-1,o.s.web.servlet.DispatcherServlet,Completed 200 OK
2026-07-23T00:06:17.073380+00:00,visits-service,visits-service-5bbc99b894-rlpg7,2026-07-23T00:06:02.931190+00:00,DEBUG,62cb05a2dda8326d,ea8c95f28f991791,nio-8080-exec-1,o.s.web.servlet.DispatcherServlet,"GET ""/owners/1/pets/1/visits"", parameters={}"
2026-07-23T00:06:17.073380+00:00,visits-service,visits-service-5bbc99b894-rlpg7,2026-07-23T00:06:02.680536+00:00,DEBUG,2717a825d6b9360c,75093b08c9c551f5,nio-8080-exec-3,o.s.web.servlet.DispatcherServlet,Completed 200 OK
2026-07-23T00:06:17.073380+00:00,visits-service,visits-service-5bbc99b894-rlpg7,2026-07-23T00:06:02.680532+00:00,DEBUG,2717a825d6b9360c,75093b08c9c551f5,nio-8080-exec-3,o.s.web.servlet.DispatcherServlet,"GET ""/owners/1/pets/1/visits"", parameters={}"
2026-07-23T00:06:17.073380+00:00,visits-service,visits-service-5bbc99b894-rlpg7,2026-07-23T00:06:02.179792+00:00,DEBUG,f54fd769c833ad95,04d8e77d2815d149,nio-8080-exec-5,o.s.web.servlet.DispatcherServlet,Completed 200 OK
2026-07-23T00:06:17.073380+00:00,visits-service,visits-service-5bbc99b894-rlpg7,2026-07-23T00:06:02.179788+00:00,DEBUG,f54fd769c833ad95,04d8e77d2815d149,nio-8080-exec-5,o.s.web.servlet.DispatcherServlet,"GET ""/owners/1/pets/1/visits"", parameters={}"
2026-07-23T00:06:17.073380+00:00,visits-service,visits-service-5bbc99b894-rlpg7,2026-07-23T00:05:59.421481+00:00,DEBUG,b0adc617d9896373,b0adc617d9896373,nio-8080-exec-4,o.s.web.servlet.DispatcherServlet,Completed 200 OK
2026-07-23T00:06:17.073380+00:00,visits-service,visits-service-5bbc99b894-rlpg7,2026-07-23T00:05:57.163447+00:00,DEBUG,4d63d97fea5d2b01,3793aefe50aa500b,nio-8080-exec-2,o.s.web.servlet.DispatcherServlet,Completed 200 OK
2026-07-23T00:06:17.073380+00:00,visits-service,visits-service-5bbc99b894-rlpg7,2026-07-23T00:05:57.163444+00:00,DEBUG,4d63d97fea5d2b01,3793aefe50aa500b,nio-8080-exec-2,o.s.web.servlet.DispatcherServlet,"GET ""/owners/1/pets/1/visits"", parameters={}"
2026-07-23T00:06:17.073380+00:00,visits-service,visits-service-5bbc99b894-rlpg7,2026-07-23T00:05:56.662400+00:00,DEBUG,b9d12e7aa3e4b55f,5e03593d596460ed,io-8080-exec-10,o.s.web.servlet.DispatcherServlet,Completed 200 OK
2026-07-23T00:06:17.073380+00:00,visits-service,visits-service-5bbc99b894-rlpg7,2026-07-23T00:05:56.662396+00:00,DEBUG,b9d12e7aa3e4b55f,5e03593d596460ed,io-8080-exec-10,o.s.web.servlet.DispatcherServlet,"GET ""/owners/1/pets/1/visits"", parameters={}"
2026-07-23T00:06:17.073380+00:00,visits-service,visits-service-5bbc99b894-rlpg7,2026-07-23T00:05:55.408853+00:00,DEBUG,99379d8711a92f90,79b72399cbceafc9,nio-8080-exec-8,o.s.web.servlet.DispatcherServlet,Completed 200 OK
2026-07-23T00:06:17.073380+00:00,visits-service,visits-service-5bbc99b894-rlpg7,2026-07-23T00:05:55.408849+00:00,DEBUG,99379d8711a92f90,79b72399cbceafc9,nio-8080-exec-8,o.s.web.servlet.DispatcherServlet,"GET ""/owners/1/pets/1/visits"", parameters={}"
2026-07-23T00:06:17.073380+00:00,visits-service,visits-service-5bbc99b894-rlpg7,2026-07-23T00:05:54.907503+00:00,DEBUG,a2bf4de511421ce3,40ad62dd955bfbef,nio-8080-exec-9,o.s.web.servlet.DispatcherServlet,Completed 200 OK
2026-07-23T00:06:17.073380+00:00,visits-service,visits-service-5bbc99b894-rlpg7,2026-07-23T00:05:54.907497+00:00,DEBUG,a2bf4de511421ce3,40ad62dd955bfbef,nio-8080-exec-9,o.s.web.servlet.DispatcherServlet,"GET ""/owners/1/pets/1/visits"", parameters={}"
2026-07-23T00:06:17.073380+00:00,visits-service,visits-service-5bbc99b894-rlpg7,2026-07-23T00:05:53.151690+00:00,DEBUG,cf23eeb824229f54,15f397779cbdfe2a,nio-8080-exec-6,o.s.web.servlet.DispatcherServlet,Completed 200 OK
2026-07-23T00:06:17.073380+00:00,visits-service,visits-service-5bbc99b894-rlpg7,2026-07-23T00:05:53.151686+00:00,DEBUG,cf23eeb824229f54,15f397779cbdfe2a,nio-8080-exec-6,o.s.web.servlet.DispatcherServlet,"GET ""/owners/1/pets/1/visits"", parameters={}"
2026-07-23T00:06:17.073380+00:00,visits-service,visits-service-5bbc99b894-rlpg7,2026-07-23T00:05:52.651355+00:00,DEBUG,3e6a7f5c2e32cb55,de29f34acee9a130,nio-8080-exec-7,o.s.web.servlet.DispatcherServlet,Completed 200 OK
2026-07-23T00:06:17.073380+00:00,visits-service,visits-service-5bbc99b894-rlpg7,2026-07-23T00:05:52.651351+00:00,DEBUG,3e6a7f5c2e32cb55,de29f34acee9a130,nio-8080-exec-7,o.s.web.servlet.DispatcherServlet,"GET ""/owners/1/pets/1/visits"", parameters={}"
2026-07-23T00:06:17.073380+00:00,visits-service,visits-service-5bbc99b894-rlpg7,2026-07-23T00:05:52.400223+00:00,DEBUG,c6229a311b2c8ba0,8bed8a6f12e1b7da,nio-8080-exec-1,o.s.web.servlet.DispatcherServlet,Completed 200 OK
2026-07-23T00:06:17.073380+00:00,visits-service,visits-service-5bbc99b894-rlpg7,2026-07-23T00:05:52.400196+00:00,DEBUG,c6229a311b2c8ba0,8bed8a6f12e1b7da,nio-8080-exec-1,o.s.web.servlet.DispatcherServlet,"GET ""/owners/1/pets/1/visits"", parameters={}"
2026-07-23T00:06:17.073380+00:00,visits-service,visits-service-5bbc99b894-rlpg7,2026-07-23T00:05:52.400172+00:00,DEBUG,a62968004694451c,a62968004694451c,nio-8080-exec-3,o.s.web.servlet.DispatcherServlet,Completed 200 OK
2026-07-23T00:06:17.073380+00:00,visits-service,visits-service-5bbc99b894-rlpg7,2026-07-23T00:05:51.146217+00:00,DEBUG,506dcf0dd3b06e68,76b3ba019ecdbde6,nio-8080-exec-5,o.s.web.servlet.DispatcherServlet,Completed 200 OK
2026-07-23T00:06:17.073380+00:00,visits-service,visits-service-5bbc99b894-rlpg7,2026-07-23T00:05:51.146213+00:00,DEBUG,506dcf0dd3b06e68,76b3ba019ecdbde6,nio-8080-exec-5,o.s.web.servlet.DispatcherServlet,"GET ""/owners/1/pets/1/visits"", parameters={}"
2026-07-23T00:06:17.073380+00:00,visits-service,visits-service-5bbc99b894-rlpg7,2026-07-23T00:05:50.644927+00:00,DEBUG,94550f3f8dc7d752,f548524ad73d9a1b,nio-8080-exec-4,o.s.web.servlet.DispatcherServlet,Completed 200 OK
2026-07-23T00:06:17.073380+00:00,visits-service,visits-service-5bbc99b894-rlpg7,2026-07-23T00:05:50.394061+00:00,DEBUG,94550f3f8dc7d752,f548524ad73d9a1b,nio-8080-exec-4,o.s.web.servlet.DispatcherServlet,"GET ""/owners/1/pets/1/visits"", parameters={}"
2026-07-23T00:06:17.073380+00:00,visits-service,visits-service-5bbc99b894-rlpg7,2026-07-23T00:05:49.642507+00:00,DEBUG,52e901c4088e0d32,b2d028c842f10069,nio-8080-exec-2,o.s.web.servlet.DispatcherServlet,Completed 200 OK
2026-07-23T00:06:17.073380+00:00,visits-service,visits-service-5bbc99b894-rlpg7,2026-07-23T00:05:49.642503+00:00,DEBUG,52e901c4088e0d32,b2d028c842f10069,nio-8080-exec-2,o.s.web.servlet.DispatcherServlet,"GET ""/owners/1/pets/1/visits"", parameters={}"
2026-07-23T00:06:17.073380+00:00,visits-service,visits-service-5bbc99b894-rlpg7,2026-07-23T00:05:49.140175+00:00,DEBUG,cf88413b1a2a2c22,c3f0abf25db84645,io-8080-exec-10,o.s.web.servlet.DispatcherServlet,Completed 200 OK
2026-07-23T00:06:17.073380+00:00,visits-service,visits-service-5bbc99b894-rlpg7,2026-07-23T00:05:49.140171+00:00,DEBUG,cf88413b1a2a2c22,c3f0abf25db84645,io-8080-exec-10,o.s.web.servlet.DispatcherServlet,"GET ""/owners/1/pets/1/visits"", parameters={}"
2026-07-23T00:06:17.073380+00:00,visits-service,visits-service-5bbc99b894-rlpg7,2026-07-23T00:05:48.137426+00:00,DEBUG,d1e127b6003ac3ff,8355baf432e3fa4c,nio-8080-exec-8,o.s.web.servlet.DispatcherServlet,Completed 200 OK
2026-07-23T00:06:17.073380+00:00,visits-service,visits-service-5bbc99b894-rlpg7,2026-07-23T00:05:48.137422+00:00,DEBUG,d1e127b6003ac3ff,8355baf432e3fa4c,nio-8080-exec-8,o.s.web.servlet.DispatcherServlet,"GET ""/owners/1/pets/1/visits"", parameters={}"
2026-07-23T00:06:17.073380+00:00,visits-service,visits-service-5bbc99b894-rlpg7,2026-07-23T00:05:47.886086+00:00,DEBUG,a9c7f34d0996e029,f96a96d69b95cc99,nio-8080-exec-9,o.s.web.servlet.DispatcherServlet,Completed 200 OK
2026-07-23T00:06:17.073380+00:00,visits-service,visits-service-5bbc99b894-rlpg7,2026-07-23T00:05:47.886082+00:00,DEBUG,a9c7f34d0996e029,f96a96d69b95cc99,nio-8080-exec-9,o.s.web.servlet.DispatcherServlet,"GET ""/owners/1/pets/1/visits"", parameters={}"
2026-07-23T00:06:17.073380+00:00,visits-service,visits-service-5bbc99b894-rlpg7,2026-07-23T00:05:47.134784+00:00,DEBUG,b6dc548badcc1d4c,96dc24fb2128ad2b,nio-8080-exec-6,o.s.web.servlet.DispatcherServlet,Completed 200 OK
2026-07-23T00:06:17.073380+00:00,visits-service,visits-service-5bbc99b894-rlpg7,2026-07-23T00:05:47.134780+00:00,DEBUG,b6dc548badcc1d4c,96dc24fb2128ad2b,nio-8080-exec-6,o.s.web.servlet.DispatcherServlet,"GET ""/owners/1/pets/1/visits"", parameters={}"
2026-07-23T00:06:17.073380+00:00,visits-service,visits-service-5bbc99b894-rlpg7,2026-07-23T00:05:46.883903+00:00,DEBUG,061e2255aa18d81a,061e2255aa18d81a,nio-8080-exec-7,o.s.web.servlet.DispatcherServlet,Completed 200 OK
2026-07-23T00:06:17.073380+00:00,visits-service,visits-service-5bbc99b894-rlpg7,2026-07-23T00:05:46.632604+00:00,DEBUG,73584795e79045b9,88f9769b401430a8,nio-8080-exec-1,o.s.web.servlet.DispatcherServlet,Completed 200 OK
2026-07-23T00:06:17.073380+00:00,visits-service,visits-service-5bbc99b894-rlpg7,2026-07-23T00:05:46.632600+00:00,DEBUG,73584795e79045b9,88f9769b401430a8,nio-8080-exec-1,o.s.web.servlet.DispatcherServlet,"GET ""/owners/1/pets/1/visits"", parameters={}"
2026-07-23T00:06:17.073380+00:00,visits-service,visits-service-5bbc99b894-rlpg7,2026-07-23T00:05:45.378664+00:00,DEBUG,5adcc06935d3d90e,63057e6a43f6e1f6,nio-8080-exec-3,o.s.web.servlet.DispatcherServlet,Completed 200 OK
2026-07-23T00:06:17.073380+00:00,visits-service,visits-service-5bbc99b894-rlpg7,2026-07-23T00:05:45.378660+00:00,DEBUG,5adcc06935d3d90e,63057e6a43f6e1f6,nio-8080-exec-3,o.s.web.servlet.DispatcherServlet,"GET ""/owners/1/pets/1/visits"", parameters={}"
2026-07-23T00:06:17.073380+00:00,visits-service,visits-service-5bbc99b894-rlpg7,2026-07-23T00:05:45.127199+00:00,DEBUG,616d4616d5f652e2,2b7297be3ae2107d,nio-8080-exec-5,o.s.web.servlet.DispatcherServlet,Completed 200 OK
2026-07-23T00:06:17.073380+00:00,visits-service,visits-service-5bbc99b894-rlpg7,2026-07-23T00:05:45.127196+00:00,DEBUG,616d4616d5f652e2,2b7297be3ae2107d,nio-8080-exec-5,o.s.web.servlet.DispatcherServlet,"GET ""/owners/1/pets/1/visits"", parameters={}"
2026-07-23T00:06:17.073380+00:00,visits-service,visits-service-5bbc99b894-rlpg7,2026-07-23T00:05:44.625403+00:00,DEBUG,859da3e67dd26b4e,5d3b1afe1774dbb3,nio-8080-exec-4,o.s.web.servlet.DispatcherServlet,Completed 200 OK
2026-07-23T00:06:17.073380+00:00,visits-service,visits-service-5bbc99b894-rlpg7,2026-07-23T00:05:44.625400+00:00,DEBUG,859da3e67dd26b4e,5d3b1afe1774dbb3,nio-8080-exec-4,o.s.web.servlet.DispatcherServlet,"GET ""/owners/1/pets/1/visits"", parameters={}"
2026-07-23T00:06:17.073380+00:00,visits-service,visits-service-5bbc99b894-rlpg7,2026-07-23T00:05:44.375060+00:00,DEBUG,0e41a28099017225,6b6994040f20b53c,nio-8080-exec-2,o.s.web.servlet.DispatcherServlet,Completed 200 OK
2026-07-23T00:06:17.073380+00:00,visits-service,visits-service-5bbc99b894-rlpg7,2026-07-23T00:05:44.375029+00:00,DEBUG,0e41a28099017225,6b6994040f20b53c,nio-8080-exec-2,o.s.web.servlet.DispatcherServlet,"GET ""/owners/1/pets/1/visits"", parameters={}"
2026-07-23T00:06:17.073380+00:00,visits-service,visits-service-5bbc99b894-rlpg7,2026-07-23T00:05:44.375023+00:00,DEBUG,2159652cd089a371,7b5806c360cfb276,io-8080-exec-10,o.s.web.servlet.DispatcherServlet,Completed 200 OK
2026-07-23T00:06:17.073380+00:00,visits-service,visits-service-5bbc99b894-rlpg7,2026-07-23T00:05:44.123800+00:00,DEBUG,2159652cd089a371,7b5806c360cfb276,io-8080-exec-10,o.s.web.servlet.DispatcherServlet,"GET ""/owners/1/pets/1/visits"", parameters={}"
2026-07-23T00:06:17.073380+00:00,visits-service,visits-service-5bbc99b894-rlpg7,2026-07-23T00:05:43.873715+00:00,DEBUG,f7006245749ab5cc,f7006245749ab5cc,nio-8080-exec-8,o.s.web.servlet.DispatcherServlet,Completed 200 OK
2026-07-23T00:06:17.073380+00:00,visits-service,visits-service-5bbc99b894-rlpg7,2026-07-23T00:05:43.622390+00:00,DEBUG,14c8e4156a599e72,d40e257a32bde5cb,nio-8080-exec-9,o.s.web.servlet.DispatcherServlet,Completed 200 OK
2026-07-23T00:06:17.073380+00:00,visits-service,visits-service-5bbc99b894-rlpg7,2026-07-23T00:05:43.622386+00:00,DEBUG,14c8e4156a599e72,d40e257a32bde5cb,nio-8080-exec-9,o.s.web.servlet.DispatcherServlet,"GET ""/owners/1/pets/1/visits"", parameters={}"
2026-07-23T00:06:17.073380+00:00,visits-service,visits-service-5bbc99b894-rlpg7,2026-07-23T00:05:39.358567+00:00,DEBUG,a4652858b53bbd8e,4f5d6d114739530f,nio-8080-exec-6,o.s.web.servlet.DispatcherServlet,Completed 200 OK
2026-07-23T00:06:17.073380+00:00,visits-service,visits-service-5bbc99b894-rlpg7,2026-07-23T00:05:39.358562+00:00,DEBUG,a4652858b53bbd8e,4f5d6d114739530f,nio-8080-exec-6,o.s.web.servlet.DispatcherServlet,"GET ""/owners/1/pets/1/visits"", parameters={}"
2026-07-23T00:06:17.073380+00:00,visits-service,visits-service-5bbc99b894-rlpg7,2026-07-23T00:05:39.108460+00:00,DEBUG,c21b39768aab989b,15c817ab4bb43d17,nio-8080-exec-7,o.s.web.servlet.DispatcherServlet,Completed 200 OK
2026-07-23T00:06:17.073380+00:00,visits-service,visits-service-5bbc99b894-rlpg7,2026-07-23T00:05:39.108456+00:00,DEBUG,c21b39768aab989b,15c817ab4bb43d17,nio-8080-exec-7,o.s.web.servlet.DispatcherServlet,"GET ""/owners/1/pets/1/visits"", parameters={}"
2026-07-23T00:06:17.073380+00:00,visits-service,visits-service-5bbc99b894-rlpg7,2026-07-23T00:05:38.356023+00:00,DEBUG,ffc7ece43b33bd1c,24f82a85221ce27f,nio-8080-exec-1,o.s.web.servlet.DispatcherServlet,Completed 200 OK
2026-07-23T00:06:17.073380+00:00,visits-service,visits-service-5bbc99b894-rlpg7,2026-07-23T00:05:38.105638+00:00,DEBUG,ffc7ece43b33bd1c,24f82a85221ce27f,nio-8080-exec-1,o.s.web.servlet.DispatcherServlet,"GET ""/owners/1/pets/1/visits"", parameters={}"
2026-07-23T00:06:17.073380+00:00,visits-service,visits-service-5bbc99b894-rlpg7,2026-07-23T00:05:37.353456+00:00,DEBUG,7bd8069ceb81a2f8,7bd8069ceb81a2f8,nio-8080-exec-3,o.s.web.servlet.DispatcherServlet,Completed 200 OK
2026-07-23T00:06:17.073380+00:00,visits-service,visits-service-5bbc99b894-rlpg7,2026-07-23T00:05:36.851922+00:00,DEBUG,5e5aa865a4b09228,7e1b11828b1439a8,nio-8080-exec-5,o.s.web.servlet.DispatcherServlet,Completed 200 OK
2026-07-23T00:06:17.073380+00:00,visits-service,visits-service-5bbc99b894-rlpg7,2026-07-23T00:05:36.851918+00:00,DEBUG,5e5aa865a4b09228,7e1b11828b1439a8,nio-8080-exec-5,o.s.web.servlet.DispatcherServlet,"GET ""/owners/1/pets/1/visits"", parameters={}"
2026-07-23T00:06:17.073380+00:00,visits-service,visits-service-5bbc99b894-rlpg7,2026-07-23T00:05:36.601492+00:00,DEBUG,fd0bd46936084fc7,44cf3765cd1c1876,nio-8080-exec-4,o.s.web.servlet.DispatcherServlet,Completed 200 OK
2026-07-23T00:06:17.073380+00:00,visits-service,visits-service-5bbc99b894-rlpg7,2026-07-23T00:05:36.601489+00:00,DEBUG,fd0bd46936084fc7,44cf3765cd1c1876,nio-8080-exec-4,o.s.web.servlet.DispatcherServlet,"GET ""/owners/1/pets/1/visits"", parameters={}"
2026-07-23T00:06:17.073380+00:00,visits-service,visits-service-5bbc99b894-rlpg7,2026-07-23T00:05:36.100594+00:00,DEBUG,e57e17f9b4e0dce9,f6c221648979aab4,nio-8080-exec-2,o.s.web.servlet.DispatcherServlet,Completed 200 OK
2026-07-23T00:06:17.073380+00:00,visits-service,visits-service-5bbc99b894-rlpg7,2026-07-23T00:05:36.100589+00:00,DEBUG,e57e17f9b4e0dce9,f6c221648979aab4,nio-8080-exec-2,o.s.web.servlet.DispatcherServlet,"GET ""/owners/1/pets/1/visits"", parameters={}"
2026-07-23T00:06:17.073380+00:00,visits-service,visits-service-5bbc99b894-rlpg7,2026-07-23T00:05:35.349115+00:00,DEBUG,a0fae694fdd8ee40,2c3799699dc457b9,io-8080-exec-10,o.s.web.servlet.DispatcherServlet,Completed 200 OK
2026-07-23T00:06:17.073380+00:00,visits-service,visits-service-5bbc99b894-rlpg7,2026-07-23T00:05:35.349111+00:00,DEBUG,a0fae694fdd8ee40,2c3799699dc457b9,io-8080-exec-10,o.s.web.servlet.DispatcherServlet,"GET ""/owners/1/pets/1/visits"", parameters={}"
2026-07-23T00:06:17.073380+00:00,visits-service,visits-service-5bbc99b894-rlpg7,2026-07-23T00:05:35.097773+00:00,DEBUG,5018fcc3de4105c9,5e0639eecf8040cf,nio-8080-exec-8,o.s.web.servlet.DispatcherServlet,Completed 200 OK
2026-07-23T00:06:17.073380+00:00,visits-service,visits-service-5bbc99b894-rlpg7,2026-07-23T00:05:34.846596+00:00,DEBUG,5018fcc3de4105c9,5e0639eecf8040cf,nio-8080-exec-8,o.s.web.servlet.DispatcherServlet,"GET ""/owners/1/pets/1/visits"", parameters={}"
2026-07-23T00:06:17.073380+00:00,visits-service,visits-service-5bbc99b894-rlpg7,2026-07-23T00:05:32.086314+00:00,DEBUG,4fa534c4ca93ddf5,9415df24cb45cdd1,nio-8080-exec-9,o.s.web.servlet.DispatcherServlet,Completed 200 OK
2026-07-23T00:06:17.073380+00:00,visits-service,visits-service-5bbc99b894-rlpg7,2026-07-23T00:05:32.086311+00:00,DEBUG,4fa534c4ca93ddf5,9415df24cb45cdd1,nio-8080-exec-9,o.s.web.servlet.DispatcherServlet,"GET ""/owners/1/pets/1/visits"", parameters={}"
2026-07-23T00:06:17.073380+00:00,visits-service,visits-service-5bbc99b894-rlpg7,2026-07-23T00:05:31.836103+00:00,DEBUG,6a75c10b9656dee7,9ed95ba89a73e6d9,nio-8080-exec-6,o.s.web.servlet.DispatcherServlet,Completed 200 OK
2026-07-23T00:06:17.073380+00:00,visits-service,visits-service-5bbc99b894-rlpg7,2026-07-23T00:05:31.836099+00:00,DEBUG,6a75c10b9656dee7,9ed95ba89a73e6d9,nio-8080-exec-6,o.s.web.servlet.DispatcherServlet,"GET ""/owners/1/pets/1/visits"", parameters={}"
2026-07-23T00:06:17.073380+00:00,visits-service,visits-service-5bbc99b894-rlpg7,2026-07-23T00:05:30.330664+00:00,DEBUG,0f90411372b44b0c,5eee1b51731def93,nio-8080-exec-7,o.s.web.servlet.DispatcherServlet,Completed 200 OK
2026-07-23T00:06:17.073380+00:00,visits-service,visits-service-5bbc99b894-rlpg7,2026-07-23T00:05:30.330660+00:00,DEBUG,0f90411372b44b0c,5eee1b51731def93,nio-8080-exec-7,o.s.web.servlet.DispatcherServlet,"GET ""/owners/1/pets/1/visits"", parameters={}"
2026-07-23T00:06:17.073380+00:00,visits-service,visits-service-5bbc99b894-rlpg7,2026-07-23T00:05:30.079479+00:00,DEBUG,03ab479fe523bceb,a6d0f680e4908959,nio-8080-exec-1,o.s.web.servlet.DispatcherServlet,Completed 200 OK
2026-07-23T00:06:17.073380+00:00,visits-service,visits-service-5bbc99b894-rlpg7,2026-07-23T00:05:30.079474+00:00,DEBUG,03ab479fe523bceb,a6d0f680e4908959,nio-8080-exec-1,o.s.web.servlet.DispatcherServlet,"GET ""/owners/1/pets/1/visits"", parameters={}"
2026-07-23T00:06:17.073380+00:00,visits-service,visits-service-5bbc99b894-rlpg7,2026-07-23T00:05:29.075225+00:00,DEBUG,c57bdbc712640018,d27638a4df41fdea,nio-8080-exec-3,o.s.web.servlet.DispatcherServlet,Completed 200 OK
2026-07-23T00:06:17.073380+00:00,visits-service,visits-service-5bbc99b894-rlpg7,2026-07-23T00:05:29.075221+00:00,DEBUG,c57bdbc712640018,d27638a4df41fdea,nio-8080-exec-3,o.s.web.servlet.DispatcherServlet,"GET ""/owners/1/pets/1/visits"", parameters={}"
2026-07-23T00:06:17.073380+00:00,visits-service,visits-service-5bbc99b894-rlpg7,2026-07-23T00:05:28.824337+00:00,DEBUG,82269bc38d416b0e,b5c54c4fb7280711,nio-8080-exec-5,o.s.web.servlet.DispatcherServlet,Completed 200 OK
2026-07-23T00:06:17.073380+00:00,visits-service,visits-service-5bbc99b894-rlpg7,2026-07-23T00:05:28.824332+00:00,DEBUG,82269bc38d416b0e,b5c54c4fb7280711,nio-8080-exec-5,o.s.web.servlet.DispatcherServlet,"GET ""/owners/1/pets/1/visits"", parameters={}"
2026-07-23T00:06:17.073380+00:00,visits-service,visits-service-5bbc99b894-rlpg7,2026-07-23T00:05:28.323658+00:00,DEBUG,5045383c17c3d5ed,ae4ee5fcef80085f,nio-8080-exec-4,o.s.web.servlet.DispatcherServlet,Completed 200 OK
2026-07-23T00:06:17.073380+00:00,visits-service,visits-service-5bbc99b894-rlpg7,2026-07-23T00:05:28.323631+00:00,DEBUG,5045383c17c3d5ed,ae4ee5fcef80085f,nio-8080-exec-4,o.s.web.servlet.DispatcherServlet,"GET ""/owners/1/pets/1/visits"", parameters={}"
2026-07-23T00:06:17.073380+00:00,visits-service,visits-service-5bbc99b894-rlpg7,2026-07-23T00:05:28.323607+00:00,DEBUG,4917e3cfbc307788,adb80920af5aba0b,nio-8080-exec-2,o.s.web.servlet.DispatcherServlet,Completed 200 OK
2026-07-23T00:06:17.073380+00:00,visits-service,visits-service-5bbc99b894-rlpg7,2026-07-23T00:05:28.323603+00:00,DEBUG,4917e3cfbc307788,adb80920af5aba0b,nio-8080-exec-2,o.s.web.servlet.DispatcherServlet,"GET ""/owners/1/pets/1/visits"", parameters={}"
2026-07-23T00:06:17.073380+00:00,visits-service,visits-service-5bbc99b894-rlpg7,2026-07-23T00:05:28.072246+00:00,DEBUG,d8f728a1058a596a,d8f728a1058a596a,io-8080-exec-10,o.s.web.servlet.DispatcherServlet,Completed 200 OK
2026-07-23T00:06:17.073380+00:00,visits-service,visits-service-5bbc99b894-rlpg7,2026-07-23T00:05:28.072204+00:00,DEBUG,85a65ada044abbf8,229cd6a882d7215a,nio-8080-exec-8,o.s.web.servlet.DispatcherServlet,Completed 200 OK
2026-07-23T00:06:17.073380+00:00,visits-service,visits-service-5bbc99b894-rlpg7,2026-07-23T00:05:28.072201+00:00,DEBUG,85a65ada044abbf8,229cd6a882d7215a,nio-8080-exec-8,o.s.web.servlet.DispatcherServlet,"GET ""/owners/1/pets/1/visits"", parameters={}"
2026-07-23T00:06:17.073380+00:00,visits-service,visits-service-5bbc99b894-rlpg7,2026-07-23T00:05:27.821083+00:00,DEBUG,f355afc96ac08f3f,d3559ae6ee3e4b7e,nio-8080-exec-9,o.s.web.servlet.DispatcherServlet,Completed 200 OK
2026-07-23T00:06:17.073380+00:00,visits-service,visits-service-5bbc99b894-rlpg7,2026-07-23T00:05:27.821081+00:00,DEBUG,f355afc96ac08f3f,d3559ae6ee3e4b7e,nio-8080-exec-9,o.s.web.servlet.DispatcherServlet,"GET ""/owners/1/pets/1/visits"", parameters={}"
2026-07-23T00:06:17.073380+00:00,visits-service,visits-service-5bbc99b894-rlpg7,2026-07-23T00:05:27.319219+00:00,DEBUG,1d9d758e8bfc3952,edead173d9eccd3c,nio-8080-exec-6,o.s.web.servlet.DispatcherServlet,Completed 200 OK
2026-07-23T00:06:17.073380+00:00,visits-service,visits-service-5bbc99b894-rlpg7,2026-07-23T00:05:27.319177+00:00,DEBUG,1d9d758e8bfc3952,edead173d9eccd3c,nio-8080-exec-6,o.s.web.servlet.DispatcherServlet,"GET ""/owners/1/pets/1/visits"", parameters={}"
2026-07-23T00:06:17.073380+00:00,visits-service,visits-service-5bbc99b894-rlpg7,2026-07-23T00:05:27.319151+00:00,DEBUG,a6c8f5d7deb5530d,ba4049df6b1c92ca,nio-8080-exec-7,o.s.web.servlet.DispatcherServlet,Completed 200 OK
2026-07-23T00:06:17.073380+00:00,visits-service,visits-service-5bbc99b894-rlpg7,2026-07-23T00:05:27.319143+00:00,DEBUG,a6c8f5d7deb5530d,ba4049df6b1c92ca,nio-8080-exec-7,o.s.web.servlet.DispatcherServlet,"GET ""/owners/1/pets/1/visits"", parameters={}"
2026-07-23T00:06:17.073380+00:00,visits-service,visits-service-5bbc99b894-rlpg7,2026-07-23T00:05:27.068780+00:00,DEBUG,28d5ad70d24de81d,fa79475b8e1674e3,nio-8080-exec-1,o.s.web.servlet.DispatcherServlet,Completed 200 OK
2026-07-23T00:06:17.073380+00:00,visits-service,visits-service-5bbc99b894-rlpg7,2026-07-23T00:05:27.068776+00:00,DEBUG,28d5ad70d24de81d,fa79475b8e1674e3,nio-8080-exec-1,o.s.web.servlet.DispatcherServlet,"GET ""/owners/1/pets/1/visits"", parameters={}"
2026-07-23T00:06:17.073380+00:00,visits-service,visits-service-5bbc99b894-rlpg7,2026-07-23T00:05:26.818231+00:00,DEBUG,a475b76ede90f023,66d25637d25f4299,nio-8080-exec-3,o.s.web.servlet.DispatcherServlet,Completed 200 OK
2026-07-23T00:06:17.073380+00:00,visits-service,visits-service-5bbc99b894-rlpg7,2026-07-23T00:05:26.818162+00:00,DEBUG,b387d155c3b0b927,b387d155c3b0b927,nio-8080-exec-5,o.s.web.servlet.DispatcherServlet,Completed 200 OK
2026-07-23T00:06:17.073380+00:00,visits-service,visits-service-5bbc99b894-rlpg7,2026-07-23T00:05:26.818134+00:00,DEBUG,a475b76ede90f023,66d25637d25f4299,nio-8080-exec-3,o.s.web.servlet.DispatcherServlet,"GET ""/owners/1/pets/1/visits"", parameters={}"
2026-07-23T00:06:17.073380+00:00,visits-service,visits-service-5bbc99b894-rlpg7,2026-07-23T00:05:26.316036+00:00,DEBUG,6f50cd1570eec727,6712ac9e15179528,nio-8080-exec-4,o.s.web.servlet.DispatcherServlet,Completed 200 OK
2026-07-23T00:06:17.073380+00:00,visits-service,visits-service-5bbc99b894-rlpg7,2026-07-23T00:05:26.316032+00:00,DEBUG,6f50cd1570eec727,6712ac9e15179528,nio-8080-exec-4,o.s.web.servlet.DispatcherServlet,"GET ""/owners/1/pets/1/visits"", parameters={}"
2026-07-23T00:06:17.073380+00:00,visits-service,visits-service-5bbc99b894-rlpg7,2026-07-23T00:05:25.063141+00:00,DEBUG,3df84a29fa6ad47d,af621d1394950f30,nio-8080-exec-2,o.s.web.servlet.DispatcherServlet,Completed 200 OK
2026-07-23T00:06:17.073380+00:00,visits-service,visits-service-5bbc99b894-rlpg7,2026-07-23T00:05:25.063137+00:00,DEBUG,3df84a29fa6ad47d,af621d1394950f30,nio-8080-exec-2,o.s.web.servlet.DispatcherServlet,"GET ""/owners/1/pets/1/visits"", parameters={}"
2026-07-23T00:06:17.073380+00:00,visits-service,visits-service-5bbc99b894-rlpg7,2026-07-23T00:05:24.561319+00:00,DEBUG,cd6f5ce61892e62d,5fa5ed77c55b0bde,io-8080-exec-10,o.s.web.servlet.DispatcherServlet,Completed 200 OK
2026-07-23T00:06:17.073380+00:00,visits-service,visits-service-5bbc99b894-rlpg7,2026-07-23T00:05:24.561316+00:00,DEBUG,cd6f5ce61892e62d,5fa5ed77c55b0bde,io-8080-exec-10,o.s.web.servlet.DispatcherServlet,"GET ""/owners/1/pets/1/visits"", parameters={}"
2026-07-23T00:06:17.073380+00:00,visits-service,visits-service-5bbc99b894-rlpg7,2026-07-23T00:05:24.310587+00:00,DEBUG,37ac6994a1784cb5,3fdb5b687ab846b9,nio-8080-exec-8,o.s.web.servlet.DispatcherServlet,Completed 200 OK
2026-07-23T00:06:17.073380+00:00,visits-service,visits-service-5bbc99b894-rlpg7,2026-07-23T00:05:24.310583+00:00,DEBUG,37ac6994a1784cb5,3fdb5b687ab846b9,nio-8080-exec-8,o.s.web.servlet.DispatcherServlet,"GET ""/owners/1/pets/1/visits"", parameters={}"
2026-07-23T00:06:17.073380+00:00,visits-service,visits-service-5bbc99b894-rlpg7,2026-07-23T00:05:23.809119+00:00,DEBUG,c188f62fcaed62ad,84950c428ddf0402,nio-8080-exec-9,o.s.web.servlet.DispatcherServlet,Completed 200 OK
2026-07-23T00:06:17.073380+00:00,visits-service,visits-service-5bbc99b894-rlpg7,2026-07-23T00:05:23.809115+00:00,DEBUG,c188f62fcaed62ad,84950c428ddf0402,nio-8080-exec-9,o.s.web.servlet.DispatcherServlet,"GET ""/owners/1/pets/1/visits"", parameters={}"
2026-07-23T00:06:17.073380+00:00,visits-service,visits-service-5bbc99b894-rlpg7,2026-07-23T00:05:22.305269+00:00,DEBUG,df2c75cb91a9e66f,df2c75cb91a9e66f,nio-8080-exec-6,o.s.web.servlet.DispatcherServlet,Completed 200 OK
2026-07-23T00:06:17.073380+00:00,visits-service,visits-service-5bbc99b894-rlpg7,2026-07-23T00:05:22.055049+00:00,DEBUG,3961b404ac3a333b,ab6294b1a6ae5d36,nio-8080-exec-7,o.s.web.servlet.DispatcherServlet,Completed 200 OK
2026-07-23T00:06:17.073380+00:00,visits-service,visits-service-5bbc99b894-rlpg7,2026-07-23T00:05:22.055045+00:00,DEBUG,3961b404ac3a333b,ab6294b1a6ae5d36,nio-8080-exec-7,o.s.web.servlet.DispatcherServlet,"GET ""/owners/1/pets/1/visits"", parameters={}"
2026-07-23T00:06:17.073380+00:00,visits-service,visits-service-5bbc99b894-rlpg7,2026-07-23T00:05:20.299698+00:00,DEBUG,deb41564c1fdeeac,51a19da8c0203b58,nio-8080-exec-1,o.s.web.servlet.DispatcherServlet,Completed 200 OK
2026-07-23T00:06:17.073380+00:00,visits-service,visits-service-5bbc99b894-rlpg7,2026-07-23T00:05:20.299694+00:00,DEBUG,deb41564c1fdeeac,51a19da8c0203b58,nio-8080-exec-1,o.s.web.servlet.DispatcherServlet,"GET ""/owners/1/pets/1/visits"", parameters={}"
2026-07-23T00:06:17.073380+00:00,visits-service,visits-service-5bbc99b894-rlpg7,2026-07-23T00:05:19.296651+00:00,DEBUG,a733f38af0e9b008,64524eaa6d716172,nio-8080-exec-5,o.s.web.servlet.DispatcherServlet,Completed 200 OK
2026-07-23T00:06:17.073380+00:00,visits-service,visits-service-5bbc99b894-rlpg7,2026-07-23T00:05:19.296646+00:00,DEBUG,a733f38af0e9b008,64524eaa6d716172,nio-8080-exec-5,o.s.web.servlet.DispatcherServlet,"GET ""/owners/1/pets/1/visits"", parameters={}"
2026-07-23T00:06:17.073380+00:00,visits-service,visits-service-5bbc99b894-rlpg7,2026-07-23T00:05:18.543330+00:00,DEBUG,d8de271b4484e1fb,e1220a4c825e81a2,nio-8080-exec-3,o.s.web.servlet.DispatcherServlet,Completed 200 OK
2026-07-23T00:06:17.073380+00:00,visits-service,visits-service-5bbc99b894-rlpg7,2026-07-23T00:05:18.543325+00:00,DEBUG,d8de271b4484e1fb,e1220a4c825e81a2,nio-8080-exec-3,o.s.web.servlet.DispatcherServlet,"GET ""/owners/1/pets/1/visits"", parameters={}"
2026-07-23T00:06:17.073380+00:00,visits-service,visits-service-5bbc99b894-rlpg7,2026-07-23T00:05:12.524156+00:00,DEBUG,9a4cdda444021318,9a4cdda444021318,nio-8080-exec-4,o.s.web.servlet.DispatcherServlet,Completed 200 OK
2026-07-23T00:07:17.071644+00:00,customers-service,customers-service-68b57f7b8c-2hfs9,2026-07-23T00:07:16.128487+00:00,DEBUG,06375efe1d2d00b8,06375efe1d2d00b8,nio-8080-exec-9,o.s.web.servlet.DispatcherServlet,Completed 200 OK
2026-07-23T00:07:17.071644+00:00,customers-service,customers-service-68b57f7b8c-2hfs9,2026-07-23T00:07:07.178283+00:00,DEBUG,2a26a301aa500aea,2a26a301aa500aea,nio-8080-exec-4,o.s.web.servlet.DispatcherServlet,Completed 200 OK
2026-07-23T00:07:17.071644+00:00,customers-service,customers-service-68b57f7b8c-2hfs9,2026-07-23T00:07:04.418800+00:00,DEBUG,dee1f9344e663e55,dee1f9344e663e55,nio-8080-exec-5,o.s.web.servlet.DispatcherServlet,Completed 200 OK
2026-07-23T00:07:17.071644+00:00,customers-service,customers-service-68b57f7b8c-2hfs9,2026-07-23T00:06:59.904226+00:00,DEBUG,f6fe88bf78efc053,f6fe88bf78efc053,nio-8080-exec-8,o.s.web.servlet.DispatcherServlet,Completed 200 OK
2026-07-23T00:07:17.071644+00:00,customers-service,customers-service-68b57f7b8c-2hfs9,2026-07-23T00:06:49.375071+00:00,DEBUG,718b34f8ba452a88,718b34f8ba452a88,nio-8080-exec-6,o.s.web.servlet.DispatcherServlet,Completed 200 OK
2026-07-23T00:07:17.071644+00:00,customers-service,customers-service-68b57f7b8c-2hfs9,2026-07-23T00:06:47.117187+00:00,DEBUG,5297850594a0ce33,5297850594a0ce33,nio-8080-exec-7,o.s.web.servlet.DispatcherServlet,Completed 200 OK
2026-07-23T00:07:17.071644+00:00,customers-service,customers-service-68b57f7b8c-2hfs9,2026-07-23T00:06:45.112711+00:00,DEBUG,800bd3baf2f071be,800bd3baf2f071be,nio-8080-exec-2,o.s.web.servlet.DispatcherServlet,Completed 200 OK
2026-07-23T00:07:17.071644+00:00,customers-service,customers-service-68b57f7b8c-2hfs9,2026-07-23T00:06:33.124152+00:00,DEBUG,7e12022a04ac08ee,7e12022a04ac08ee,nio-8080-exec-1,o.s.web.servlet.DispatcherServlet,Completed 200 OK
2026-07-23T00:07:17.071644+00:00,customers-service,customers-service-68b57f7b8c-2hfs9,2026-07-23T00:06:28.863461+00:00,DEBUG,ce72fbd45e080a4f,ce72fbd45e080a4f,nio-8080-exec-3,o.s.web.servlet.DispatcherServlet,Completed 200 OK
2026-07-23T00:07:17.071644+00:00,customers-service,customers-service-68b57f7b8c-2hfs9,2026-07-23T00:06:25.854456+00:00,DEBUG,10719676924372cd,10719676924372cd,io-8080-exec-10,o.s.web.servlet.DispatcherServlet,Completed 200 OK
2026-07-23T00:07:17.071644+00:00,customers-service,customers-service-68b57f7b8c-2hfs9,2026-07-23T00:06:18.082563+00:00,DEBUG,c30235ad61d6d470,c30235ad61d6d470,nio-8080-exec-9,o.s.web.servlet.DispatcherServlet,Completed 200 OK
2026-07-23T00:07:17.071644+00:00,customers-service,customers-service-68b57f7b8c-2hfs9,2026-07-23T00:06:13.819773+00:00,DEBUG,0f305251ecafe562,0f305251ecafe562,nio-8080-exec-4,o.s.web.servlet.DispatcherServlet,Completed 200 OK
2026-07-23T00:07:17.071644+00:00,customers-service,customers-service-68b57f7b8c-r7tfg,2026-07-23T00:07:16.630264+00:00,DEBUG,b0547a10e882cebd,3632c4628909e4e2,nio-8080-exec-5,o.s.web.servlet.DispatcherServlet,Completed 200 OK
2026-07-23T00:07:17.071644+00:00,customers-service,customers-service-68b57f7b8c-r7tfg,2026-07-23T00:07:16.630181+00:00,DEBUG,b0547a10e882cebd,0d42a90f39236753,nio-8080-exec-5,o.s.web.servlet.DispatcherServlet,"GET ""/owners/1"", parameters={}"
2026-07-23T00:07:17.071644+00:00,customers-service,customers-service-68b57f7b8c-r7tfg,2026-07-23T00:07:16.128719+00:00,DEBUG,3fc6d0ac5e99c5bf,bacad19c1285078c,nio-8080-exec-6,o.s.web.servlet.DispatcherServlet,Completed 200 OK
2026-07-23T00:07:17.071644+00:00,customers-service,customers-service-68b57f7b8c-r7tfg,2026-07-23T00:07:16.128715+00:00,DEBUG,3fc6d0ac5e99c5bf,ba9c7e23cc592b4b,nio-8080-exec-6,o.s.web.servlet.DispatcherServlet,"GET ""/owners/1"", parameters={}"
2026-07-23T00:07:17.071644+00:00,customers-service,customers-service-68b57f7b8c-r7tfg,2026-07-23T00:07:15.626363+00:00,DEBUG,0d66ec2d84e712e7,0da4deafb2ddebde,nio-8080-exec-8,o.s.web.servlet.DispatcherServlet,Completed 200 OK
2026-07-23T00:07:17.071644+00:00,customers-service,customers-service-68b57f7b8c-r7tfg,2026-07-23T00:07:15.626357+00:00,DEBUG,0d66ec2d84e712e7,fcccf142893644c8,nio-8080-exec-8,o.s.web.servlet.DispatcherServlet,"GET ""/owners"", parameters={}"
2026-07-23T00:07:17.071644+00:00,customers-service,customers-service-68b57f7b8c-r7tfg,2026-07-23T00:07:15.124902+00:00,DEBUG,0c85ebf417505a2d,e1b22d99f7d7f0c4,nio-8080-exec-7,o.s.web.servlet.DispatcherServlet,Completed 200 OK
2026-07-23T00:07:17.071644+00:00,customers-service,customers-service-68b57f7b8c-r7tfg,2026-07-23T00:07:15.124897+00:00,DEBUG,0c85ebf417505a2d,a342a17592ddb2dc,nio-8080-exec-7,o.s.web.servlet.DispatcherServlet,"GET ""/owners"", parameters={}"
2026-07-23T00:07:17.071644+00:00,customers-service,customers-service-68b57f7b8c-r7tfg,2026-07-23T00:07:14.874096+00:00,DEBUG,690e7c23f6dbc4d0,63c27ec6c50700f7,io-8080-exec-10,o.s.web.servlet.DispatcherServlet,Completed 200 OK
2026-07-23T00:07:17.071644+00:00,customers-service,customers-service-68b57f7b8c-r7tfg,2026-07-23T00:07:14.874082+00:00,DEBUG,690e7c23f6dbc4d0,8185d80b1eea0f8b,io-8080-exec-10,o.s.web.servlet.DispatcherServlet,"GET ""/owners"", parameters={}"
2026-07-23T00:07:17.071644+00:00,customers-service,customers-service-68b57f7b8c-r7tfg,2026-07-23T00:07:14.623530+00:00,DEBUG,a084ddd178cb9dbc,271ebef2563b4038,nio-8080-exec-3,o.s.web.servlet.DispatcherServlet,Completed 200 OK
2026-07-23T00:07:17.071644+00:00,customers-service,customers-service-68b57f7b8c-r7tfg,2026-07-23T00:07:14.623526+00:00,DEBUG,a084ddd178cb9dbc,19f247a7a5644dd4,nio-8080-exec-3,o.s.web.servlet.DispatcherServlet,"GET ""/owners"", parameters={}"
2026-07-23T00:07:17.071644+00:00,customers-service,customers-service-68b57f7b8c-r7tfg,2026-07-23T00:07:14.373385+00:00,DEBUG,5ea852eb436bce06,c16533f493c1c560,nio-8080-exec-4,o.s.web.servlet.DispatcherServlet,Completed 200 OK
2026-07-23T00:07:17.071644+00:00,customers-service,customers-service-68b57f7b8c-r7tfg,2026-07-23T00:07:14.373374+00:00,DEBUG,5ea852eb436bce06,3b99971fd76590c8,nio-8080-exec-4,o.s.web.servlet.DispatcherServlet,"GET ""/owners"", parameters={}"
2026-07-23T00:07:17.071644+00:00,customers-service,customers-service-68b57f7b8c-r7tfg,2026-07-23T00:07:14.122547+00:00,DEBUG,bb8bb527b8860d7b,5388f86f4e838bae,nio-8080-exec-1,o.s.web.servlet.DispatcherServlet,Completed 200 OK
2026-07-23T00:07:17.071644+00:00,customers-service,customers-service-68b57f7b8c-r7tfg,2026-07-23T00:07:14.122519+00:00,DEBUG,bb8bb527b8860d7b,97a6bd2985248516,nio-8080-exec-1,o.s.web.servlet.DispatcherServlet,"GET ""/owners"", parameters={}"
2026-07-23T00:07:17.071644+00:00,customers-service,customers-service-68b57f7b8c-r7tfg,2026-07-23T00:07:14.122513+00:00,DEBUG,cb5bc2da1712f059,b0e411cf76eb722f,nio-8080-exec-9,o.s.web.servlet.DispatcherServlet,Completed 200 OK
2026-07-23T00:07:17.071644+00:00,customers-service,customers-service-68b57f7b8c-r7tfg,2026-07-23T00:07:13.871671+00:00,DEBUG,cb5bc2da1712f059,3c6c2d4632ebbd48,nio-8080-exec-9,o.s.web.servlet.DispatcherServlet,"GET ""/owners"", parameters={}"
2026-07-23T00:07:17.071644+00:00,customers-service,customers-service-68b57f7b8c-r7tfg,2026-07-23T00:07:13.620536+00:00,DEBUG,9ee03501a8f8a0af,d0faf4a92da6300d,nio-8080-exec-2,o.s.web.servlet.DispatcherServlet,Completed 200 OK
2026-07-23T00:07:17.071644+00:00,customers-service,customers-service-68b57f7b8c-r7tfg,2026-07-23T00:07:13.369212+00:00,DEBUG,9ee03501a8f8a0af,83730cffd6d994e0,nio-8080-exec-2,o.s.web.servlet.DispatcherServlet,"GET ""/owners"", parameters={}"
2026-07-23T00:07:17.071644+00:00,customers-service,customers-service-68b57f7b8c-r7tfg,2026-07-23T00:07:12.867613+00:00,DEBUG,a967f3af77cd8ee1,bd64cbb894c757e7,nio-8080-exec-5,o.s.web.servlet.DispatcherServlet,Completed 200 OK
2026-07-23T00:07:17.071644+00:00,customers-service,customers-service-68b57f7b8c-r7tfg,2026-07-23T00:07:12.867606+00:00,DEBUG,a967f3af77cd8ee1,c6a61f672229c0d9,nio-8080-exec-5,o.s.web.servlet.DispatcherServlet,"GET ""/owners"", parameters={}"
2026-07-23T00:07:17.071644+00:00,customers-service,customers-service-68b57f7b8c-r7tfg,2026-07-23T00:07:10.688500+00:00,DEBUG,9a5c11dd4fa1ccbe,215605c0676c781d,nio-8080-exec-6,o.s.web.servlet.DispatcherServlet,Completed 200 OK
2026-07-23T00:07:17.071644+00:00,customers-service,customers-service-68b57f7b8c-r7tfg,2026-07-23T00:07:10.688356+00:00,DEBUG,9a5c11dd4fa1ccbe,052f54e8c7c9310d,nio-8080-exec-6,o.s.web.servlet.DispatcherServlet,"GET ""/owners/1"", parameters={}"
2026-07-23T00:07:17.071644+00:00,customers-service,customers-service-68b57f7b8c-r7tfg,2026-07-23T00:07:10.688326+00:00,DEBUG,aba8bb73384dc74e,e9fadbb410b3669c,nio-8080-exec-8,o.s.web.servlet.DispatcherServlet,Completed 200 OK
2026-07-23T00:07:17.071644+00:00,customers-service,customers-service-68b57f7b8c-r7tfg,2026-07-23T00:07:10.688320+00:00,DEBUG,aba8bb73384dc74e,69b4ac829f246702,nio-8080-exec-8,o.s.web.servlet.DispatcherServlet,"GET ""/owners/1"", parameters={}"
2026-07-23T00:07:17.071644+00:00,customers-service,customers-service-68b57f7b8c-r7tfg,2026-07-23T00:07:10.437626+00:00,DEBUG,4ae5958d5751d563,ba46683a6a1bd3c9,nio-8080-exec-7,o.s.web.servlet.DispatcherServlet,Completed 200 OK
2026-07-23T00:07:17.071644+00:00,customers-service,customers-service-68b57f7b8c-r7tfg,2026-07-23T00:07:10.186629+00:00,DEBUG,4ae5958d5751d563,14eeb2f098b7c602,nio-8080-exec-7,o.s.web.servlet.DispatcherServlet,"GET ""/owners"", parameters={}"
2026-07-23T00:07:17.071644+00:00,customers-service,customers-service-68b57f7b8c-r7tfg,2026-07-23T00:07:09.936314+00:00,DEBUG,7490d607804f636b,8a200632a07efc23,io-8080-exec-10,o.s.web.servlet.DispatcherServlet,Completed 200 OK
2026-07-23T00:07:17.071644+00:00,customers-service,customers-service-68b57f7b8c-r7tfg,2026-07-23T00:07:09.936309+00:00,DEBUG,7490d607804f636b,1caa5d94f75a4b57,io-8080-exec-10,o.s.web.servlet.DispatcherServlet,"GET ""/owners/1"", parameters={}"
2026-07-23T00:07:17.071644+00:00,customers-service,customers-service-68b57f7b8c-r7tfg,2026-07-23T00:07:09.686193+00:00,DEBUG,8cb5e963e9db535e,4fc3ac8f2b49394e,nio-8080-exec-3,o.s.web.servlet.DispatcherServlet,Completed 200 OK
2026-07-23T00:07:17.071644+00:00,customers-service,customers-service-68b57f7b8c-r7tfg,2026-07-23T00:07:09.686173+00:00,DEBUG,8cb5e963e9db535e,a01426c495e00af3,nio-8080-exec-3,o.s.web.servlet.DispatcherServlet,"GET ""/owners/1"", parameters={}"
2026-07-23T00:07:17.071644+00:00,customers-service,customers-service-68b57f7b8c-r7tfg,2026-07-23T00:07:09.686153+00:00,DEBUG,ccebce0703225900,ddc43487ba3876a5,nio-8080-exec-4,o.s.web.servlet.DispatcherServlet,Completed 200 OK
2026-07-23T00:07:17.071644+00:00,customers-service,customers-service-68b57f7b8c-r7tfg,2026-07-23T00:07:09.686149+00:00,DEBUG,ccebce0703225900,24a908a4cf16b8b0,nio-8080-exec-4,o.s.web.servlet.DispatcherServlet,"GET ""/owners"", parameters={}"
2026-07-23T00:07:17.071644+00:00,customers-service,customers-service-68b57f7b8c-r7tfg,2026-07-23T00:07:09.435977+00:00,DEBUG,9ed2645bff243c59,2859ee3fadc85b25,nio-8080-exec-1,o.s.web.servlet.DispatcherServlet,Completed 200 OK
2026-07-23T00:07:17.071644+00:00,customers-service,customers-service-68b57f7b8c-r7tfg,2026-07-23T00:07:09.435971+00:00,DEBUG,9ed2645bff243c59,57a8665003e7b054,nio-8080-exec-1,o.s.web.servlet.DispatcherServlet,"GET ""/owners"", parameters={}"
2026-07-23T00:07:17.071644+00:00,customers-service,customers-service-68b57f7b8c-r7tfg,2026-07-23T00:07:09.185266+00:00,DEBUG,6acc349c2ba17106,736c7e9aa2bd590d,nio-8080-exec-9,o.s.web.servlet.DispatcherServlet,Completed 200 OK
2026-07-23T00:07:17.071644+00:00,customers-service,customers-service-68b57f7b8c-r7tfg,2026-07-23T00:07:09.185090+00:00,DEBUG,6acc349c2ba17106,ace175a471acc76f,nio-8080-exec-9,o.s.web.servlet.DispatcherServlet,"GET ""/owners/1"", parameters={}"
2026-07-23T00:07:17.071644+00:00,customers-service,customers-service-68b57f7b8c-r7tfg,2026-07-23T00:07:09.185054+00:00,DEBUG,90b4cc37dc6459bc,e945dd9e963ce016,nio-8080-exec-2,o.s.web.servlet.DispatcherServlet,Completed 200 OK
2026-07-23T00:07:17.071644+00:00,customers-service,customers-service-68b57f7b8c-r7tfg,2026-07-23T00:07:09.185046+00:00,DEBUG,90b4cc37dc6459bc,f6750d4bd51582ae,nio-8080-exec-2,o.s.web.servlet.DispatcherServlet,"GET ""/owners/1"", parameters={}"
2026-07-23T00:07:17.071644+00:00,customers-service,customers-service-68b57f7b8c-r7tfg,2026-07-23T00:07:08.934266+00:00,DEBUG,a180cc8e55ea242b,79bd3c11679d55fa,nio-8080-exec-5,o.s.web.servlet.DispatcherServlet,Completed 200 OK
2026-07-23T00:07:17.071644+00:00,customers-service,customers-service-68b57f7b8c-r7tfg,2026-07-23T00:07:08.934254+00:00,DEBUG,a180cc8e55ea242b,34a0a63fb81744b8,nio-8080-exec-5,o.s.web.servlet.DispatcherServlet,"GET ""/owners"", parameters={}"
2026-07-23T00:07:17.071644+00:00,customers-service,customers-service-68b57f7b8c-r7tfg,2026-07-23T00:07:08.683746+00:00,DEBUG,e04c4177bd4a7cab,21b15533db457625,nio-8080-exec-6,o.s.web.servlet.DispatcherServlet,Completed 200 OK
2026-07-23T00:07:17.071644+00:00,customers-service,customers-service-68b57f7b8c-r7tfg,2026-07-23T00:07:08.683743+00:00,DEBUG,e04c4177bd4a7cab,bd053ed2d5db6fff,nio-8080-exec-6,o.s.web.servlet.DispatcherServlet,"GET ""/owners"", parameters={}"
2026-07-23T00:07:17.071644+00:00,customers-service,customers-service-68b57f7b8c-r7tfg,2026-07-23T00:07:08.432833+00:00,DEBUG,803382b8b36ed5ba,af04f19ea606b6d9,nio-8080-exec-8,o.s.web.servlet.DispatcherServlet,Completed 200 OK
2026-07-23T00:07:17.071644+00:00,customers-service,customers-service-68b57f7b8c-r7tfg,2026-07-23T00:07:08.432814+00:00,DEBUG,803382b8b36ed5ba,3b2de7358f19975a,nio-8080-exec-8,o.s.web.servlet.DispatcherServlet,"GET ""/owners"", parameters={}"
2026-07-23T00:07:17.071644+00:00,customers-service,customers-service-68b57f7b8c-r7tfg,2026-07-23T00:07:08.182379+00:00,DEBUG,5cdb5abecbc7526f,51a5ff78b165cb42,nio-8080-exec-7,o.s.web.servlet.DispatcherServlet,Completed 200 OK
2026-07-23T00:07:17.071644+00:00,customers-service,customers-service-68b57f7b8c-r7tfg,2026-07-23T00:07:08.182342+00:00,DEBUG,5cdb5abecbc7526f,7922f598f084ed99,nio-8080-exec-7,o.s.web.servlet.DispatcherServlet,"GET ""/owners/1"", parameters={}"
2026-07-23T00:07:17.071644+00:00,customers-service,customers-service-68b57f7b8c-r7tfg,2026-07-23T00:07:08.182299+00:00,DEBUG,496ea3d4f9b32954,9c65bc51df9ce4b4,io-8080-exec-10,o.s.web.servlet.DispatcherServlet,Completed 200 OK
2026-07-23T00:07:17.071644+00:00,customers-service,customers-service-68b57f7b8c-r7tfg,2026-07-23T00:07:08.182288+00:00,DEBUG,496ea3d4f9b32954,c42a921e391de3b8,io-8080-exec-10,o.s.web.servlet.DispatcherServlet,"GET ""/owners"", parameters={}"
2026-07-23T00:07:17.071644+00:00,customers-service,customers-service-68b57f7b8c-r7tfg,2026-07-23T00:07:07.931199+00:00,DEBUG,1f031dcdb8fb73ec,8c48a108061f7620,nio-8080-exec-3,o.s.web.servlet.DispatcherServlet,Completed 200 OK
2026-07-23T00:07:17.071644+00:00,customers-service,customers-service-68b57f7b8c-r7tfg,2026-07-23T00:07:07.931193+00:00,DEBUG,1f031dcdb8fb73ec,ddf3b84557032d3d,nio-8080-exec-3,o.s.web.servlet.DispatcherServlet,"GET ""/owners/1"", parameters={}"
2026-07-23T00:07:17.071644+00:00,customers-service,customers-service-68b57f7b8c-r7tfg,2026-07-23T00:07:07.680105+00:00,DEBUG,f0dcbd0b30ca9488,7821ed186cbb78d4,nio-8080-exec-4,o.s.web.servlet.DispatcherServlet,Completed 200 OK
2026-07-23T00:07:17.071644+00:00,customers-service,customers-service-68b57f7b8c-r7tfg,2026-07-23T00:07:07.680097+00:00,DEBUG,f0dcbd0b30ca9488,88d06139243c0823,nio-8080-exec-4,o.s.web.servlet.DispatcherServlet,"GET ""/owners/1"", parameters={}"
2026-07-23T00:07:17.071644+00:00,customers-service,customers-service-68b57f7b8c-r7tfg,2026-07-23T00:07:07.428943+00:00,DEBUG,739613da0b7f1b77,10b4667bf246c502,nio-8080-exec-1,o.s.web.servlet.DispatcherServlet,Completed 200 OK
2026-07-23T00:07:17.071644+00:00,customers-service,customers-service-68b57f7b8c-r7tfg,2026-07-23T00:07:07.178449+00:00,DEBUG,739613da0b7f1b77,d89715fcfa4a3d54,nio-8080-exec-1,o.s.web.servlet.DispatcherServlet,"GET ""/owners"", parameters={}"
2026-07-23T00:07:17.071644+00:00,customers-service,customers-service-68b57f7b8c-r7tfg,2026-07-23T00:07:07.178437+00:00,DEBUG,3f1217e70abb590d,cdcd61d3f2c7ae56,nio-8080-exec-9,o.s.web.servlet.DispatcherServlet,Completed 200 OK
2026-07-23T00:07:17.071644+00:00,customers-service,customers-service-68b57f7b8c-r7tfg,2026-07-23T00:07:07.178413+00:00,DEBUG,3f1217e70abb590d,50b1424b96bb957d,nio-8080-exec-9,o.s.web.servlet.DispatcherServlet,"GET ""/owners"", parameters={}"
2026-07-23T00:07:17.071644+00:00,customers-service,customers-service-68b57f7b8c-r7tfg,2026-07-23T00:07:06.424785+00:00,DEBUG,1e788395e2c383c1,1e788395e2c383c1,nio-8080-exec-2,o.s.web.servlet.DispatcherServlet,Completed 200 OK
2026-07-23T00:07:17.071644+00:00,customers-service,customers-service-68b57f7b8c-r7tfg,2026-07-23T00:07:06.424736+00:00,DEBUG,22edfe8a3abe2583,955eac909492dead,nio-8080-exec-5,o.s.web.servlet.DispatcherServlet,Completed 200 OK
2026-07-23T00:07:17.071644+00:00,customers-service,customers-service-68b57f7b8c-r7tfg,2026-07-23T00:07:06.174459+00:00,DEBUG,22edfe8a3abe2583,62be0ff7bc7ee12a,nio-8080-exec-5,o.s.web.servlet.DispatcherServlet,"GET ""/owners"", parameters={}"
2026-07-23T00:07:17.071644+00:00,customers-service,customers-service-68b57f7b8c-r7tfg,2026-07-23T00:07:06.174442+00:00,DEBUG,da405d5b3d6c12bd,850701825679bef8,nio-8080-exec-6,o.s.web.servlet.DispatcherServlet,Completed 200 OK
2026-07-23T00:07:17.071644+00:00,customers-service,customers-service-68b57f7b8c-r7tfg,2026-07-23T00:07:06.174438+00:00,DEBUG,da405d5b3d6c12bd,2c15488ab2ccbef7,nio-8080-exec-6,o.s.web.servlet.DispatcherServlet,"GET ""/owners"", parameters={}"
2026-07-23T00:07:17.071644+00:00,customers-service,customers-service-68b57f7b8c-r7tfg,2026-07-23T00:07:05.672675+00:00,DEBUG,5d209d9af10dddfc,150e5825c4f83601,nio-8080-exec-8,o.s.web.servlet.DispatcherServlet,Completed 200 OK
2026-07-23T00:07:17.071644+00:00,customers-service,customers-service-68b57f7b8c-r7tfg,2026-07-23T00:07:05.672655+00:00,DEBUG,5d209d9af10dddfc,1d1f235b3dd89907,nio-8080-exec-8,o.s.web.servlet.DispatcherServlet,"GET ""/owners/1"", parameters={}"
2026-07-23T00:07:17.071644+00:00,customers-service,customers-service-68b57f7b8c-r7tfg,2026-07-23T00:07:05.672629+00:00,DEBUG,a277a9acd6174aed,103828a19617d71a,nio-8080-exec-7,o.s.web.servlet.DispatcherServlet,Completed 200 OK
2026-07-23T00:07:17.071644+00:00,customers-service,customers-service-68b57f7b8c-r7tfg,2026-07-23T00:07:05.672624+00:00,DEBUG,a277a9acd6174aed,88bf1eb3e3b97c17,nio-8080-exec-7,o.s.web.servlet.DispatcherServlet,"GET ""/owners"", parameters={}"
2026-07-23T00:07:17.071644+00:00,customers-service,customers-service-68b57f7b8c-r7tfg,2026-07-23T00:07:05.422078+00:00,DEBUG,638acb3be44fedc1,c2b4e369430be8dc,io-8080-exec-10,o.s.web.servlet.DispatcherServlet,Completed 200 OK
2026-07-23T00:07:17.071644+00:00,customers-service,customers-service-68b57f7b8c-r7tfg,2026-07-23T00:07:05.421990+00:00,DEBUG,638acb3be44fedc1,f490e086776424bd,io-8080-exec-10,o.s.web.servlet.DispatcherServlet,"GET ""/owners"", parameters={}"
2026-07-23T00:07:17.071644+00:00,customers-service,customers-service-68b57f7b8c-r7tfg,2026-07-23T00:07:05.421979+00:00,DEBUG,298da0e69b797859,40986843e15b528f,nio-8080-exec-3,o.s.web.servlet.DispatcherServlet,Completed 200 OK
2026-07-23T00:07:17.071644+00:00,customers-service,customers-service-68b57f7b8c-r7tfg,2026-07-23T00:07:05.170799+00:00,DEBUG,05d26fb214c29596,05d26fb214c29596,nio-8080-exec-4,o.s.web.servlet.DispatcherServlet,Completed 200 OK
2026-07-23T00:07:17.071644+00:00,customers-service,customers-service-68b57f7b8c-r7tfg,2026-07-23T00:07:05.170752+00:00,DEBUG,298da0e69b797859,d7ff5cfd4226068e,nio-8080-exec-3,o.s.web.servlet.DispatcherServlet,"GET ""/owners"", parameters={}"
2026-07-23T00:07:17.071644+00:00,customers-service,customers-service-68b57f7b8c-r7tfg,2026-07-23T00:07:05.170736+00:00,DEBUG,979551c1e635ba1d,0e5ec92641f8378b,nio-8080-exec-1,o.s.web.servlet.DispatcherServlet,Completed 200 OK
2026-07-23T00:07:17.071644+00:00,customers-service,customers-service-68b57f7b8c-r7tfg,2026-07-23T00:07:05.170734+00:00,DEBUG,979551c1e635ba1d,a33e685b3b0cf316,nio-8080-exec-1,o.s.web.servlet.DispatcherServlet,"GET ""/owners"", parameters={}"
2026-07-23T00:07:17.071644+00:00,customers-service,customers-service-68b57f7b8c-r7tfg,2026-07-23T00:07:04.167725+00:00,DEBUG,603475a689ea9da6,b91440f0d9f3c971,nio-8080-exec-9,o.s.web.servlet.DispatcherServlet,Completed 200 OK
2026-07-23T00:07:17.071644+00:00,customers-service,customers-service-68b57f7b8c-r7tfg,2026-07-23T00:07:04.167663+00:00,DEBUG,603475a689ea9da6,31939feb87618ac8,nio-8080-exec-9,o.s.web.servlet.DispatcherServlet,"GET ""/owners/1"", parameters={}"
2026-07-23T00:07:17.071644+00:00,customers-service,customers-service-68b57f7b8c-r7tfg,2026-07-23T00:07:04.167649+00:00,DEBUG,d69a136b5c4ef558,2648895e8d16b92e,nio-8080-exec-2,o.s.web.servlet.DispatcherServlet,Completed 200 OK
2026-07-23T00:07:17.071644+00:00,customers-service,customers-service-68b57f7b8c-r7tfg,2026-07-23T00:07:04.167645+00:00,DEBUG,d69a136b5c4ef558,607d6cf2d9d67d31,nio-8080-exec-2,o.s.web.servlet.DispatcherServlet,"GET ""/owners"", parameters={}"
2026-07-23T00:07:17.071644+00:00,customers-service,customers-service-68b57f7b8c-r7tfg,2026-07-23T00:07:03.916560+00:00,DEBUG,9d7560fd7b4d7907,9d3eef75ad337ed1,nio-8080-exec-5,o.s.web.servlet.DispatcherServlet,Completed 200 OK
2026-07-23T00:07:17.071644+00:00,customers-service,customers-service-68b57f7b8c-r7tfg,2026-07-23T00:07:03.916556+00:00,DEBUG,9d7560fd7b4d7907,3cc5c14395d34097,nio-8080-exec-5,o.s.web.servlet.DispatcherServlet,"GET ""/owners"", parameters={}"
2026-07-23T00:07:17.071644+00:00,customers-service,customers-service-68b57f7b8c-r7tfg,2026-07-23T00:07:03.415355+00:00,DEBUG,3cfa1dac7cd2138f,22aee7787d08620a,nio-8080-exec-6,o.s.web.servlet.DispatcherServlet,Completed 200 OK
2026-07-23T00:07:17.071644+00:00,customers-service,customers-service-68b57f7b8c-r7tfg,2026-07-23T00:07:03.164220+00:00,DEBUG,3cfa1dac7cd2138f,276644e242ffbb47,nio-8080-exec-6,o.s.web.servlet.DispatcherServlet,"GET ""/owners"", parameters={}"
2026-07-23T00:07:17.071644+00:00,customers-service,customers-service-68b57f7b8c-r7tfg,2026-07-23T00:07:03.164203+00:00,DEBUG,a7d3dcfabd781ded,c041c9bd1f6d077e,nio-8080-exec-8,o.s.web.servlet.DispatcherServlet,Completed 200 OK
2026-07-23T00:07:17.071644+00:00,customers-service,customers-service-68b57f7b8c-r7tfg,2026-07-23T00:07:03.164200+00:00,DEBUG,a7d3dcfabd781ded,eee8351f112b28d7,nio-8080-exec-8,o.s.web.servlet.DispatcherServlet,"GET ""/owners"", parameters={}"
2026-07-23T00:07:17.071644+00:00,customers-service,customers-service-68b57f7b8c-r7tfg,2026-07-23T00:07:02.914108+00:00,DEBUG,00ac343b7a83ec13,00ac343b7a83ec13,nio-8080-exec-7,o.s.web.servlet.DispatcherServlet,Completed 200 OK
2026-07-23T00:07:17.071644+00:00,customers-service,customers-service-68b57f7b8c-r7tfg,2026-07-23T00:07:02.914068+00:00,DEBUG,d4048316b3df6d65,c52ede8839600d6e,io-8080-exec-10,o.s.web.servlet.DispatcherServlet,Completed 200 OK
2026-07-23T00:07:17.071644+00:00,customers-service,customers-service-68b57f7b8c-r7tfg,2026-07-23T00:07:02.663238+00:00,DEBUG,d4048316b3df6d65,69a6e3e5e616bdf8,io-8080-exec-10,o.s.web.servlet.DispatcherServlet,"GET ""/owners"", parameters={}"
2026-07-23T00:07:17.071644+00:00,customers-service,customers-service-68b57f7b8c-r7tfg,2026-07-23T00:07:02.412666+00:00,DEBUG,a96304f0bf9af34e,0973044a4288cf72,nio-8080-exec-4,o.s.web.servlet.DispatcherServlet,Completed 200 OK
2026-07-23T00:07:17.071644+00:00,customers-service,customers-service-68b57f7b8c-r7tfg,2026-07-23T00:07:02.161880+00:00,DEBUG,a96304f0bf9af34e,2e623326dd5794d8,nio-8080-exec-4,o.s.web.servlet.DispatcherServlet,"GET ""/owners/1"", parameters={}"
2026-07-23T00:07:17.071644+00:00,customers-service,customers-service-68b57f7b8c-r7tfg,2026-07-23T00:07:02.161853+00:00,DEBUG,4569342db76a732e,ac148a22de8e52a1,nio-8080-exec-3,o.s.web.servlet.DispatcherServlet,Completed 200 OK
2026-07-23T00:07:17.071644+00:00,customers-service,customers-service-68b57f7b8c-r7tfg,2026-07-23T00:07:02.161847+00:00,DEBUG,4569342db76a732e,df35edb71da823ff,nio-8080-exec-3,o.s.web.servlet.DispatcherServlet,"GET ""/owners/1"", parameters={}"
2026-07-23T00:07:17.071644+00:00,customers-service,customers-service-68b57f7b8c-r7tfg,2026-07-23T00:07:01.911407+00:00,DEBUG,caced5015a2d6401,878b4e58d7ece0f4,nio-8080-exec-1,o.s.web.servlet.DispatcherServlet,Completed 200 OK
2026-07-23T00:07:17.071644+00:00,customers-service,customers-service-68b57f7b8c-r7tfg,2026-07-23T00:07:01.911400+00:00,DEBUG,caced5015a2d6401,69c2604b5642361d,nio-8080-exec-1,o.s.web.servlet.DispatcherServlet,"GET ""/owners"", parameters={}"
2026-07-23T00:07:17.071644+00:00,customers-service,customers-service-68b57f7b8c-r7tfg,2026-07-23T00:07:01.660975+00:00,DEBUG,1f87bd10615361d6,d1944a9c729fc8d9,nio-8080-exec-9,o.s.web.servlet.DispatcherServlet,Completed 200 OK
2026-07-23T00:07:17.071644+00:00,customers-service,customers-service-68b57f7b8c-r7tfg,2026-07-23T00:07:01.660891+00:00,DEBUG,1f87bd10615361d6,a31574192d020584,nio-8080-exec-9,o.s.web.servlet.DispatcherServlet,"GET ""/owners"", parameters={}"
2026-07-23T00:07:17.071644+00:00,customers-service,customers-service-68b57f7b8c-r7tfg,2026-07-23T00:07:01.409213+00:00,DEBUG,32e1f9a87bead018,7ae12e49acb4d94b,nio-8080-exec-2,o.s.web.servlet.DispatcherServlet,Completed 200 OK
2026-07-23T00:07:17.071644+00:00,customers-service,customers-service-68b57f7b8c-r7tfg,2026-07-23T00:07:01.409163+00:00,DEBUG,32e1f9a87bead018,caec850c9796c3ec,nio-8080-exec-2,o.s.web.servlet.DispatcherServlet,"GET ""/owners"", parameters={}"
2026-07-23T00:07:17.071644+00:00,customers-service,customers-service-68b57f7b8c-r7tfg,2026-07-23T00:07:00.907016+00:00,DEBUG,cf084c806f7f77af,60c1589f16330365,nio-8080-exec-5,o.s.web.servlet.DispatcherServlet,Completed 200 OK
2026-07-23T00:07:17.071644+00:00,customers-service,customers-service-68b57f7b8c-r7tfg,2026-07-23T00:07:00.655776+00:00,DEBUG,cf084c806f7f77af,6d011ed501318d3c,nio-8080-exec-5,o.s.web.servlet.DispatcherServlet,"GET ""/owners"", parameters={}"
2026-07-23T00:07:17.071644+00:00,customers-service,customers-service-68b57f7b8c-r7tfg,2026-07-23T00:07:00.655750+00:00,DEBUG,0ad4b9845a75b6c1,02afc65dcc138d88,nio-8080-exec-6,o.s.web.servlet.DispatcherServlet,Completed 200 OK
2026-07-23T00:07:17.071644+00:00,customers-service,customers-service-68b57f7b8c-r7tfg,2026-07-23T00:07:00.655746+00:00,DEBUG,0ad4b9845a75b6c1,fc8f13858bcee7cd,nio-8080-exec-6,o.s.web.servlet.DispatcherServlet,"GET ""/owners/1"", parameters={}"
2026-07-23T00:07:17.071644+00:00,customers-service,customers-service-68b57f7b8c-r7tfg,2026-07-23T00:07:00.405175+00:00,DEBUG,ecd1a448f74fcbd4,6998a46b71c53746,nio-8080-exec-8,o.s.web.servlet.DispatcherServlet,Completed 200 OK
2026-07-23T00:07:17.071644+00:00,customers-service,customers-service-68b57f7b8c-r7tfg,2026-07-23T00:07:00.405168+00:00,DEBUG,ecd1a448f74fcbd4,742401789cd0580f,nio-8080-exec-8,o.s.web.servlet.DispatcherServlet,"GET ""/owners"", parameters={}"
2026-07-23T00:07:17.071644+00:00,customers-service,customers-service-68b57f7b8c-r7tfg,2026-07-23T00:06:59.653080+00:00,DEBUG,a8652c4a00d2a864,9160576293d545f7,nio-8080-exec-7,o.s.web.servlet.DispatcherServlet,Completed 200 OK
2026-07-23T00:07:17.071644+00:00,customers-service,customers-service-68b57f7b8c-r7tfg,2026-07-23T00:06:59.653077+00:00,DEBUG,a8652c4a00d2a864,77d3a61e4b67cdd4,nio-8080-exec-7,o.s.web.servlet.DispatcherServlet,"GET ""/owners/1"", parameters={}"
2026-07-23T00:07:17.071644+00:00,customers-service,customers-service-68b57f7b8c-r7tfg,2026-07-23T00:06:58.651039+00:00,DEBUG,87e6508e20d067d7,caef5c505530a1bb,io-8080-exec-10,o.s.web.servlet.DispatcherServlet,Completed 200 OK
2026-07-23T00:07:17.071644+00:00,customers-service,customers-service-68b57f7b8c-r7tfg,2026-07-23T00:06:58.651031+00:00,DEBUG,87e6508e20d067d7,a8ce4259e5c761c3,io-8080-exec-10,o.s.web.servlet.DispatcherServlet,"GET ""/owners/1"", parameters={}"
2026-07-23T00:07:17.071644+00:00,customers-service,customers-service-68b57f7b8c-r7tfg,2026-07-23T00:06:58.148789+00:00,DEBUG,dc3cee0d38ca1679,e6c92e544dec1f43,nio-8080-exec-4,o.s.web.servlet.DispatcherServlet,Completed 200 OK
2026-07-23T00:07:17.071644+00:00,customers-service,customers-service-68b57f7b8c-r7tfg,2026-07-23T00:06:58.148779+00:00,DEBUG,dc3cee0d38ca1679,1ac939ea501e79c0,nio-8080-exec-4,o.s.web.servlet.DispatcherServlet,"GET ""/owners"", parameters={}"
2026-07-23T00:07:17.071644+00:00,customers-service,customers-service-68b57f7b8c-r7tfg,2026-07-23T00:06:57.898193+00:00,DEBUG,2fb1f5abc368ebad,f0ff2ae28118514e,nio-8080-exec-3,o.s.web.servlet.DispatcherServlet,Completed 200 OK
2026-07-23T00:07:17.071644+00:00,customers-service,customers-service-68b57f7b8c-r7tfg,2026-07-23T00:06:57.898176+00:00,DEBUG,2fb1f5abc368ebad,57d40b684fa2c83f,nio-8080-exec-3,o.s.web.servlet.DispatcherServlet,"GET ""/owners/1"", parameters={}"
2026-07-23T00:07:17.071644+00:00,customers-service,customers-service-68b57f7b8c-r7tfg,2026-07-23T00:06:57.898172+00:00,DEBUG,fd67a680bd92c8dc,dbeeabbdf8554f63,nio-8080-exec-1,o.s.web.servlet.DispatcherServlet,Completed 200 OK
2026-07-23T00:07:17.071644+00:00,customers-service,customers-service-68b57f7b8c-r7tfg,2026-07-23T00:06:57.647889+00:00,DEBUG,fd67a680bd92c8dc,7097cd7bc85580b5,nio-8080-exec-1,o.s.web.servlet.DispatcherServlet,"GET ""/owners/1"", parameters={}"
2026-07-23T00:07:17.071644+00:00,customers-service,customers-service-68b57f7b8c-r7tfg,2026-07-23T00:06:57.647873+00:00,DEBUG,a0b2457330162619,ea06971247de959c,nio-8080-exec-9,o.s.web.servlet.DispatcherServlet,Completed 200 OK
2026-07-23T00:07:17.071644+00:00,customers-service,customers-service-68b57f7b8c-r7tfg,2026-07-23T00:06:57.647869+00:00,DEBUG,a0b2457330162619,dd9acd02405315c2,nio-8080-exec-9,o.s.web.servlet.DispatcherServlet,"GET ""/owners"", parameters={}"
2026-07-23T00:07:17.071644+00:00,customers-service,customers-service-68b57f7b8c-r7tfg,2026-07-23T00:06:57.397696+00:00,DEBUG,cbcf875464250893,cccf89d183d8dfbe,nio-8080-exec-2,o.s.web.servlet.DispatcherServlet,Completed 200 OK
2026-07-23T00:07:17.071644+00:00,customers-service,customers-service-68b57f7b8c-r7tfg,2026-07-23T00:06:57.146350+00:00,DEBUG,cbcf875464250893,324e6e0361ccaf93,nio-8080-exec-2,o.s.web.servlet.DispatcherServlet,"GET ""/owners"", parameters={}"
2026-07-23T00:07:17.071644+00:00,customers-service,customers-service-68b57f7b8c-r7tfg,2026-07-23T00:06:56.895061+00:00,DEBUG,47b6d971399be89e,6dd96e15aafac839,nio-8080-exec-5,o.s.web.servlet.DispatcherServlet,Completed 200 OK
2026-07-23T00:07:17.071644+00:00,customers-service,customers-service-68b57f7b8c-r7tfg,2026-07-23T00:06:56.895044+00:00,DEBUG,47b6d971399be89e,3c82898aec48e6cf,nio-8080-exec-5,o.s.web.servlet.DispatcherServlet,"GET ""/owners"", parameters={}"
2026-07-23T00:07:17.071644+00:00,customers-service,customers-service-68b57f7b8c-r7tfg,2026-07-23T00:06:56.895041+00:00,DEBUG,ea9fdef24df0e1d9,6e2d7e55bc0e1b90,nio-8080-exec-6,o.s.web.servlet.DispatcherServlet,Completed 200 OK
2026-07-23T00:07:17.071644+00:00,customers-service,customers-service-68b57f7b8c-r7tfg,2026-07-23T00:06:56.644171+00:00,DEBUG,ea9fdef24df0e1d9,d3d3355c392969d6,nio-8080-exec-6,o.s.web.servlet.DispatcherServlet,"GET ""/owners"", parameters={}"
2026-07-23T00:07:17.071644+00:00,customers-service,customers-service-68b57f7b8c-r7tfg,2026-07-23T00:06:56.393434+00:00,DEBUG,5b4d61b31695a2b8,17fd68f3c53fbf29,nio-8080-exec-8,o.s.web.servlet.DispatcherServlet,Completed 200 OK
2026-07-23T00:07:17.071644+00:00,customers-service,customers-service-68b57f7b8c-r7tfg,2026-07-23T00:06:56.393412+00:00,DEBUG,5b4d61b31695a2b8,b21876dbd3b17874,nio-8080-exec-8,o.s.web.servlet.DispatcherServlet,"GET ""/owners"", parameters={}"
2026-07-23T00:07:17.071644+00:00,customers-service,customers-service-68b57f7b8c-r7tfg,2026-07-23T00:06:56.393402+00:00,DEBUG,69d3753454c7a651,d5db753432f985e1,nio-8080-exec-7,o.s.web.servlet.DispatcherServlet,Completed 200 OK
2026-07-23T00:07:17.071644+00:00,customers-service,customers-service-68b57f7b8c-r7tfg,2026-07-23T00:06:56.143063+00:00,DEBUG,69d3753454c7a651,61044dea6f2817bb,nio-8080-exec-7,o.s.web.servlet.DispatcherServlet,"GET ""/owners"", parameters={}"
2026-07-23T00:07:17.071644+00:00,customers-service,customers-service-68b57f7b8c-r7tfg,2026-07-23T00:06:56.143023+00:00,DEBUG,cfc66ace63045813,622555193bed02f6,io-8080-exec-10,o.s.web.servlet.DispatcherServlet,Completed 200 OK
2026-07-23T00:07:17.071644+00:00,customers-service,customers-service-68b57f7b8c-r7tfg,2026-07-23T00:06:56.142996+00:00,DEBUG,cfc66ace63045813,889156961d51aa05,io-8080-exec-10,o.s.web.servlet.DispatcherServlet,"GET ""/owners/1"", parameters={}"
2026-07-23T00:07:17.071644+00:00,customers-service,customers-service-68b57f7b8c-r7tfg,2026-07-23T00:06:55.391623+00:00,DEBUG,720eaa9c6fa5bd24,6129d55aa812bae0,nio-8080-exec-4,o.s.web.servlet.DispatcherServlet,Completed 200 OK
2026-07-23T00:07:17.071644+00:00,customers-service,customers-service-68b57f7b8c-r7tfg,2026-07-23T00:06:55.140980+00:00,DEBUG,720eaa9c6fa5bd24,fcbe69996d01e5d0,nio-8080-exec-4,o.s.web.servlet.DispatcherServlet,"GET ""/owners"", parameters={}"
2026-07-23T00:07:17.071644+00:00,customers-service,customers-service-68b57f7b8c-r7tfg,2026-07-23T00:06:55.140948+00:00,DEBUG,7a4fef1259f0dc65,bc913451f38cddd0,nio-8080-exec-3,o.s.web.servlet.DispatcherServlet,Completed 200 OK
2026-07-23T00:07:17.071644+00:00,customers-service,customers-service-68b57f7b8c-r7tfg,2026-07-23T00:06:55.140942+00:00,DEBUG,7a4fef1259f0dc65,b9c798e79b763edc,nio-8080-exec-3,o.s.web.servlet.DispatcherServlet,"GET ""/owners"", parameters={}"
2026-07-23T00:07:17.071644+00:00,customers-service,customers-service-68b57f7b8c-r7tfg,2026-07-23T00:06:54.640108+00:00,DEBUG,17f8c7c02e1331ec,31dfc2984f4ebaa4,nio-8080-exec-1,o.s.web.servlet.DispatcherServlet,Completed 200 OK
2026-07-23T00:07:17.071644+00:00,customers-service,customers-service-68b57f7b8c-r7tfg,2026-07-23T00:06:54.640102+00:00,DEBUG,17f8c7c02e1331ec,e70ded0266a8d684,nio-8080-exec-1,o.s.web.servlet.DispatcherServlet,"GET ""/owners"", parameters={}"
2026-07-23T00:07:17.071644+00:00,customers-service,customers-service-68b57f7b8c-r7tfg,2026-07-23T00:06:54.388970+00:00,DEBUG,f54504f960f132b4,47eb4ded283fceff,nio-8080-exec-9,o.s.web.servlet.DispatcherServlet,Completed 200 OK
2026-07-23T00:07:17.071644+00:00,customers-service,customers-service-68b57f7b8c-r7tfg,2026-07-23T00:06:54.137951+00:00,DEBUG,f54504f960f132b4,943613a8d127c3e6,nio-8080-exec-9,o.s.web.servlet.DispatcherServlet,"GET ""/owners/1"", parameters={}"
2026-07-23T00:07:17.071644+00:00,customers-service,customers-service-68b57f7b8c-r7tfg,2026-07-23T00:06:53.887600+00:00,DEBUG,8642b44aad4833ea,e28dce82861dd65a,nio-8080-exec-2,o.s.web.servlet.DispatcherServlet,Completed 200 OK
2026-07-23T00:07:17.071644+00:00,customers-service,customers-service-68b57f7b8c-r7tfg,2026-07-23T00:06:53.887568+00:00,DEBUG,8642b44aad4833ea,1ad51338db832429,nio-8080-exec-2,o.s.web.servlet.DispatcherServlet,"GET ""/owners/1"", parameters={}"
2026-07-23T00:07:17.071644+00:00,customers-service,customers-service-68b57f7b8c-r7tfg,2026-07-23T00:06:53.887559+00:00,DEBUG,775c041696dba5e5,85aa8f1e7743b858,nio-8080-exec-5,o.s.web.servlet.DispatcherServlet,Completed 200 OK
2026-07-23T00:07:17.071644+00:00,customers-service,customers-service-68b57f7b8c-r7tfg,2026-07-23T00:06:53.636519+00:00,DEBUG,775c041696dba5e5,737bbe31809080bf,nio-8080-exec-5,o.s.web.servlet.DispatcherServlet,"GET ""/owners/1"", parameters={}"
2026-07-23T00:07:17.071644+00:00,customers-service,customers-service-68b57f7b8c-r7tfg,2026-07-23T00:06:53.385948+00:00,DEBUG,1819f8b023d08f96,d2a8ffc3fd6e199a,nio-8080-exec-6,o.s.web.servlet.DispatcherServlet,Completed 200 OK
2026-07-23T00:07:17.071644+00:00,customers-service,customers-service-68b57f7b8c-r7tfg,2026-07-23T00:06:53.385906+00:00,DEBUG,1819f8b023d08f96,3fcb9db08c7e1a72,nio-8080-exec-6,o.s.web.servlet.DispatcherServlet,"GET ""/owners/1"", parameters={}"
2026-07-23T00:07:17.071644+00:00,customers-service,customers-service-68b57f7b8c-r7tfg,2026-07-23T00:06:53.385901+00:00,DEBUG,b8a3b415607fb3a8,0a8f2f02b29228d9,nio-8080-exec-8,o.s.web.servlet.DispatcherServlet,Completed 200 OK
2026-07-23T00:07:17.071644+00:00,customers-service,customers-service-68b57f7b8c-r7tfg,2026-07-23T00:06:53.135704+00:00,DEBUG,b8a3b415607fb3a8,d38ac5770226d2b0,nio-8080-exec-8,o.s.web.servlet.DispatcherServlet,"GET ""/owners"", parameters={}"
2026-07-23T00:07:17.071644+00:00,customers-service,customers-service-68b57f7b8c-r7tfg,2026-07-23T00:06:52.884672+00:00,DEBUG,3e9c30c348713a0b,cc70a8def450a325,nio-8080-exec-7,o.s.web.servlet.DispatcherServlet,Completed 200 OK
2026-07-23T00:07:17.071644+00:00,customers-service,customers-service-68b57f7b8c-r7tfg,2026-07-23T00:06:52.884667+00:00,DEBUG,3e9c30c348713a0b,9f48d45c5a8f4f6c,nio-8080-exec-7,o.s.web.servlet.DispatcherServlet,"GET ""/owners/1"", parameters={}"
2026-07-23T00:07:17.071644+00:00,customers-service,customers-service-68b57f7b8c-r7tfg,2026-07-23T00:06:52.633569+00:00,DEBUG,6e4d6c67f47c270e,a4b41954d31e5970,io-8080-exec-10,o.s.web.servlet.DispatcherServlet,Completed 200 OK
2026-07-23T00:07:17.071644+00:00,customers-service,customers-service-68b57f7b8c-r7tfg,2026-07-23T00:06:52.633564+00:00,DEBUG,6e4d6c67f47c270e,ac78e16e5669230b,io-8080-exec-10,o.s.web.servlet.DispatcherServlet,"GET ""/owners"", parameters={}"
2026-07-23T00:07:17.071644+00:00,customers-service,customers-service-68b57f7b8c-r7tfg,2026-07-23T00:06:52.382989+00:00,DEBUG,9069fd50333d6aba,0fba560f52848390,nio-8080-exec-4,o.s.web.servlet.DispatcherServlet,Completed 200 OK
2026-07-23T00:07:17.071644+00:00,customers-service,customers-service-68b57f7b8c-r7tfg,2026-07-23T00:06:52.132718+00:00,DEBUG,9069fd50333d6aba,c3912e449a24c07b,nio-8080-exec-4,o.s.web.servlet.DispatcherServlet,"GET ""/owners/1"", parameters={}"
2026-07-23T00:07:17.071644+00:00,customers-service,customers-service-68b57f7b8c-r7tfg,2026-07-23T00:06:52.132693+00:00,DEBUG,d7baf097f1942766,b006324cb6a0fada,nio-8080-exec-3,o.s.web.servlet.DispatcherServlet,Completed 200 OK
2026-07-23T00:07:17.071644+00:00,customers-service,customers-service-68b57f7b8c-r7tfg,2026-07-23T00:06:52.132665+00:00,DEBUG,d7baf097f1942766,70ebe42ba02b7201,nio-8080-exec-3,o.s.web.servlet.DispatcherServlet,"GET ""/owners/1"", parameters={}"
2026-07-23T00:07:17.071644+00:00,customers-service,customers-service-68b57f7b8c-r7tfg,2026-07-23T00:06:52.132659+00:00,DEBUG,3c4cef00c847014e,1ffc2cfbfbc93453,nio-8080-exec-1,o.s.web.servlet.DispatcherServlet,Completed 200 OK
2026-07-23T00:07:17.071644+00:00,customers-service,customers-service-68b57f7b8c-r7tfg,2026-07-23T00:06:51.882227+00:00,DEBUG,3c4cef00c847014e,0efa7bddfb8eaeff,nio-8080-exec-1,o.s.web.servlet.DispatcherServlet,"GET ""/owners"", parameters={}"
2026-07-23T00:07:17.071644+00:00,customers-service,customers-service-68b57f7b8c-r7tfg,2026-07-23T00:06:51.380499+00:00,DEBUG,df5b7532589a5673,df5b7532589a5673,nio-8080-exec-9,o.s.web.servlet.DispatcherServlet,Completed 200 OK
2026-07-23T00:07:17.071644+00:00,customers-service,customers-service-68b57f7b8c-r7tfg,2026-07-23T00:06:51.129835+00:00,DEBUG,9451c201f988e8f5,55d348ea52770b07,nio-8080-exec-2,o.s.web.servlet.DispatcherServlet,Completed 200 OK
2026-07-23T00:07:17.071644+00:00,customers-service,customers-service-68b57f7b8c-r7tfg,2026-07-23T00:06:51.129791+00:00,DEBUG,9451c201f988e8f5,8d4891310ba6d079,nio-8080-exec-2,o.s.web.servlet.DispatcherServlet,"GET ""/owners"", parameters={}"
2026-07-23T00:07:17.071644+00:00,customers-service,customers-service-68b57f7b8c-r7tfg,2026-07-23T00:06:51.129782+00:00,DEBUG,27f97674c442e8c7,b982ccecd2aff352,nio-8080-exec-5,o.s.web.servlet.DispatcherServlet,Completed 200 OK
2026-07-23T00:07:17.071644+00:00,customers-service,customers-service-68b57f7b8c-r7tfg,2026-07-23T00:06:50.879715+00:00,DEBUG,27f97674c442e8c7,7fa26fddc26459cb,nio-8080-exec-5,o.s.web.servlet.DispatcherServlet,"GET ""/owners"", parameters={}"
2026-07-23T00:07:17.071644+00:00,customers-service,customers-service-68b57f7b8c-r7tfg,2026-07-23T00:06:50.879669+00:00,DEBUG,17c7c7b6ad93ba3a,f7878ada416d396a,nio-8080-exec-6,o.s.web.servlet.DispatcherServlet,Completed 200 OK
2026-07-23T00:07:17.071644+00:00,customers-service,customers-service-68b57f7b8c-r7tfg,2026-07-23T00:06:50.879661+00:00,DEBUG,17c7c7b6ad93ba3a,bcbba6e6300d29a5,nio-8080-exec-6,o.s.web.servlet.DispatcherServlet,"GET ""/owners/1"", parameters={}"
2026-07-23T00:07:17.071644+00:00,customers-service,customers-service-68b57f7b8c-r7tfg,2026-07-23T00:06:50.629011+00:00,DEBUG,abbc41098f7d26e1,06b265d835447168,nio-8080-exec-8,o.s.web.servlet.DispatcherServlet,Completed 200 OK
2026-07-23T00:07:17.071644+00:00,customers-service,customers-service-68b57f7b8c-r7tfg,2026-07-23T00:06:50.629004+00:00,DEBUG,abbc41098f7d26e1,931f77cdf5bad52b,nio-8080-exec-8,o.s.web.servlet.DispatcherServlet,"GET ""/owners"", parameters={}"
2026-07-23T00:07:17.071644+00:00,customers-service,customers-service-68b57f7b8c-r7tfg,2026-07-23T00:06:50.378244+00:00,DEBUG,cf2dbb8805f91d6b,f07f016f3055100e,nio-8080-exec-7,o.s.web.servlet.DispatcherServlet,Completed 200 OK
2026-07-23T00:07:17.071644+00:00,customers-service,customers-service-68b57f7b8c-r7tfg,2026-07-23T00:06:50.378192+00:00,DEBUG,cf2dbb8805f91d6b,51319a32ec2e21b6,nio-8080-exec-7,o.s.web.servlet.DispatcherServlet,"GET ""/owners/1"", parameters={}"
2026-07-23T00:07:17.071644+00:00,customers-service,customers-service-68b57f7b8c-r7tfg,2026-07-23T00:06:50.378165+00:00,DEBUG,c2e7e62b4c2e2dee,7751fe363b116a43,io-8080-exec-10,o.s.web.servlet.DispatcherServlet,Completed 200 OK
2026-07-23T00:07:17.071644+00:00,customers-service,customers-service-68b57f7b8c-r7tfg,2026-07-23T00:06:50.378159+00:00,DEBUG,c2e7e62b4c2e2dee,f6cc3249a26945f6,io-8080-exec-10,o.s.web.servlet.DispatcherServlet,"GET ""/owners/1"", parameters={}"
2026-07-23T00:07:17.071644+00:00,customers-service,customers-service-68b57f7b8c-r7tfg,2026-07-23T00:06:50.127026+00:00,DEBUG,1df83fc106ea49c6,20d7685729c65573,nio-8080-exec-4,o.s.web.servlet.DispatcherServlet,Completed 200 OK
2026-07-23T00:07:17.071644+00:00,customers-service,customers-service-68b57f7b8c-r7tfg,2026-07-23T00:06:49.876184+00:00,DEBUG,1df83fc106ea49c6,b7805131204bc3af,nio-8080-exec-4,o.s.web.servlet.DispatcherServlet,"GET ""/owners"", parameters={}"
2026-07-23T00:07:17.071644+00:00,customers-service,customers-service-68b57f7b8c-r7tfg,2026-07-23T00:06:49.625258+00:00,DEBUG,0b8482c1adca3fca,bfd616b29374a405,nio-8080-exec-3,o.s.web.servlet.DispatcherServlet,Completed 200 OK
2026-07-23T00:07:17.071644+00:00,customers-service,customers-service-68b57f7b8c-r7tfg,2026-07-23T00:06:49.625253+00:00,DEBUG,0b8482c1adca3fca,f77eb78ff4eadfce,nio-8080-exec-3,o.s.web.servlet.DispatcherServlet,"GET ""/owners"", parameters={}"
2026-07-23T00:07:17.071644+00:00,customers-service,customers-service-68b57f7b8c-r7tfg,2026-07-23T00:06:49.375156+00:00,DEBUG,14d1e81c46d58230,4a696e25712ba8c7,nio-8080-exec-1,o.s.web.servlet.DispatcherServlet,Completed 200 OK
2026-07-23T00:07:17.071644+00:00,customers-service,customers-service-68b57f7b8c-r7tfg,2026-07-23T00:06:49.375150+00:00,DEBUG,14d1e81c46d58230,d43024cbb8c56992,nio-8080-exec-1,o.s.web.servlet.DispatcherServlet,"GET ""/owners/1"", parameters={}"
2026-07-23T00:07:17.071644+00:00,customers-service,customers-service-68b57f7b8c-r7tfg,2026-07-23T00:06:48.872835+00:00,DEBUG,61aebedc7493ec29,4da0c475d25a79fc,nio-8080-exec-9,o.s.web.servlet.DispatcherServlet,Completed 200 OK
2026-07-23T00:07:17.071644+00:00,customers-service,customers-service-68b57f7b8c-r7tfg,2026-07-23T00:06:48.872831+00:00,DEBUG,61aebedc7493ec29,5c080020562408d6,nio-8080-exec-9,o.s.web.servlet.DispatcherServlet,"GET ""/owners/1"", parameters={}"
2026-07-23T00:07:17.071644+00:00,customers-service,customers-service-68b57f7b8c-r7tfg,2026-07-23T00:06:48.621833+00:00,DEBUG,e19429ee20bc81cb,e928301dcda67112,nio-8080-exec-2,o.s.web.servlet.DispatcherServlet,Completed 200 OK
2026-07-23T00:07:17.071644+00:00,customers-service,customers-service-68b57f7b8c-r7tfg,2026-07-23T00:06:48.621820+00:00,DEBUG,e19429ee20bc81cb,b81cbf3accc852fe,nio-8080-exec-2,o.s.web.servlet.DispatcherServlet,"GET ""/owners"", parameters={}"
2026-07-23T00:07:17.071644+00:00,customers-service,customers-service-68b57f7b8c-r7tfg,2026-07-23T00:06:47.869620+00:00,DEBUG,da8570a45bd0e186,da8570a45bd0e186,nio-8080-exec-5,o.s.web.servlet.DispatcherServlet,Completed 200 OK
2026-07-23T00:07:17.071644+00:00,customers-service,customers-service-68b57f7b8c-r7tfg,2026-07-23T00:06:47.368689+00:00,DEBUG,c3540d4630b5cadb,68a1512482acda42,nio-8080-exec-6,o.s.web.servlet.DispatcherServlet,Completed 200 OK
2026-07-23T00:07:17.071644+00:00,customers-service,customers-service-68b57f7b8c-r7tfg,2026-07-23T00:06:47.368682+00:00,DEBUG,c3540d4630b5cadb,919cc181fe0f72a9,nio-8080-exec-6,o.s.web.servlet.DispatcherServlet,"GET ""/owners/1"", parameters={}"
2026-07-23T00:07:17.071644+00:00,customers-service,customers-service-68b57f7b8c-r7tfg,2026-07-23T00:06:46.615530+00:00,DEBUG,1acfe7bd25c20b09,25ffd6f86fe83d75,nio-8080-exec-8,o.s.web.servlet.DispatcherServlet,Completed 200 OK
2026-07-23T00:07:17.071644+00:00,customers-service,customers-service-68b57f7b8c-r7tfg,2026-07-23T00:06:46.615493+00:00,DEBUG,1acfe7bd25c20b09,635575217bf779c9,nio-8080-exec-8,o.s.web.servlet.DispatcherServlet,"GET ""/owners"", parameters={}"
2026-07-23T00:07:17.071644+00:00,customers-service,customers-service-68b57f7b8c-r7tfg,2026-07-23T00:06:46.615487+00:00,DEBUG,63c634b88b73f966,2b027cdd92006c87,nio-8080-exec-7,o.s.web.servlet.DispatcherServlet,Completed 200 OK
2026-07-23T00:07:17.071644+00:00,customers-service,customers-service-68b57f7b8c-r7tfg,2026-07-23T00:06:46.365277+00:00,DEBUG,63c634b88b73f966,df3835ae97e26822,nio-8080-exec-7,o.s.web.servlet.DispatcherServlet,"GET ""/owners"", parameters={}"
2026-07-23T00:07:17.071644+00:00,customers-service,customers-service-68b57f7b8c-r7tfg,2026-07-23T00:06:46.365261+00:00,DEBUG,0e2a2fd379431300,11068f5aba92d90c,io-8080-exec-10,o.s.web.servlet.DispatcherServlet,Completed 200 OK
2026-07-23T00:07:17.071644+00:00,customers-service,customers-service-68b57f7b8c-r7tfg,2026-07-23T00:06:46.365257+00:00,DEBUG,0e2a2fd379431300,5a4ee357f2501e46,io-8080-exec-10,o.s.web.servlet.DispatcherServlet,"GET ""/owners"", parameters={}"
2026-07-23T00:07:17.071644+00:00,customers-service,customers-service-68b57f7b8c-r7tfg,2026-07-23T00:06:46.114741+00:00,DEBUG,30a7247637ee618c,2f3083d045b976b4,nio-8080-exec-4,o.s.web.servlet.DispatcherServlet,Completed 200 OK
2026-07-23T00:07:17.071644+00:00,customers-service,customers-service-68b57f7b8c-r7tfg,2026-07-23T00:06:45.863534+00:00,DEBUG,30a7247637ee618c,674ff4e12687a784,nio-8080-exec-4,o.s.web.servlet.DispatcherServlet,"GET ""/owners"", parameters={}"
2026-07-23T00:07:17.071644+00:00,customers-service,customers-service-68b57f7b8c-r7tfg,2026-07-23T00:06:45.863514+00:00,DEBUG,4244f1bf93f24b64,487fdba263bd3c17,nio-8080-exec-3,o.s.web.servlet.DispatcherServlet,Completed 200 OK
2026-07-23T00:07:17.071644+00:00,customers-service,customers-service-68b57f7b8c-r7tfg,2026-07-23T00:06:45.863511+00:00,DEBUG,4244f1bf93f24b64,23b0883dde937981,nio-8080-exec-3,o.s.web.servlet.DispatcherServlet,"GET ""/owners"", parameters={}"
2026-07-23T00:07:17.071644+00:00,customers-service,customers-service-68b57f7b8c-r7tfg,2026-07-23T00:06:45.613412+00:00,DEBUG,5066b7d1d8c27e34,8b1939417962ab54,nio-8080-exec-1,o.s.web.servlet.DispatcherServlet,Completed 200 OK
2026-07-23T00:07:17.071644+00:00,customers-service,customers-service-68b57f7b8c-r7tfg,2026-07-23T00:06:45.363336+00:00,DEBUG,5066b7d1d8c27e34,9399cd99bcf878b0,nio-8080-exec-1,o.s.web.servlet.DispatcherServlet,"GET ""/owners"", parameters={}"
2026-07-23T00:07:17.071644+00:00,customers-service,customers-service-68b57f7b8c-r7tfg,2026-07-23T00:06:45.363314+00:00,DEBUG,164108ce09d0371b,1814d9067e820ada,nio-8080-exec-9,o.s.web.servlet.DispatcherServlet,Completed 200 OK
2026-07-23T00:07:17.071644+00:00,customers-service,customers-service-68b57f7b8c-r7tfg,2026-07-23T00:06:45.363254+00:00,DEBUG,1e3df838ae715c14,1e3df838ae715c14,nio-8080-exec-2,o.s.web.servlet.DispatcherServlet,Completed 200 OK
2026-07-23T00:07:17.071644+00:00,customers-service,customers-service-68b57f7b8c-r7tfg,2026-07-23T00:06:45.363220+00:00,DEBUG,164108ce09d0371b,f44b8736f1c7899b,nio-8080-exec-9,o.s.web.servlet.DispatcherServlet,"GET ""/owners"", parameters={}"
2026-07-23T00:07:17.071644+00:00,customers-service,customers-service-68b57f7b8c-r7tfg,2026-07-23T00:06:45.112479+00:00,DEBUG,3c5adfe0caa5c7a5,f5df7900ff1ed255,nio-8080-exec-5,o.s.web.servlet.DispatcherServlet,Completed 200 OK
2026-07-23T00:07:17.071644+00:00,customers-service,customers-service-68b57f7b8c-r7tfg,2026-07-23T00:06:45.112370+00:00,DEBUG,3c5adfe0caa5c7a5,4b01aea773107fbd,nio-8080-exec-5,o.s.web.servlet.DispatcherServlet,"GET ""/owners/1"", parameters={}"
2026-07-23T00:07:17.071644+00:00,customers-service,customers-service-68b57f7b8c-r7tfg,2026-07-23T00:06:44.861994+00:00,DEBUG,96ba40e69f2138cb,11f3a30417dfe7fd,nio-8080-exec-6,o.s.web.servlet.DispatcherServlet,Completed 200 OK
2026-07-23T00:07:17.071644+00:00,customers-service,customers-service-68b57f7b8c-r7tfg,2026-07-23T00:06:44.861986+00:00,DEBUG,96ba40e69f2138cb,1c78387005bfc4e3,nio-8080-exec-6,o.s.web.servlet.DispatcherServlet,"GET ""/owners/1"", parameters={}"
2026-07-23T00:07:17.071644+00:00,customers-service,customers-service-68b57f7b8c-r7tfg,2026-07-23T00:06:44.360322+00:00,DEBUG,9e4b308df4d72d35,b599715c9c1734e6,nio-8080-exec-8,o.s.web.servlet.DispatcherServlet,Completed 200 OK
2026-07-23T00:07:17.071644+00:00,customers-service,customers-service-68b57f7b8c-r7tfg,2026-07-23T00:06:44.360259+00:00,DEBUG,9e4b308df4d72d35,105c26b2fe20efb5,nio-8080-exec-8,o.s.web.servlet.DispatcherServlet,"GET ""/owners/1"", parameters={}"
2026-07-23T00:07:17.071644+00:00,customers-service,customers-service-68b57f7b8c-r7tfg,2026-07-23T00:06:44.360231+00:00,DEBUG,dd2b43c04912e312,c62006eeaf37f58c,nio-8080-exec-7,o.s.web.servlet.DispatcherServlet,Completed 200 OK
2026-07-23T00:07:17.071644+00:00,customers-service,customers-service-68b57f7b8c-r7tfg,2026-07-23T00:06:44.360225+00:00,DEBUG,dd2b43c04912e312,6ff6fa027577da99,nio-8080-exec-7,o.s.web.servlet.DispatcherServlet,"GET ""/owners/1"", parameters={}"
2026-07-23T00:07:17.071644+00:00,customers-service,customers-service-68b57f7b8c-r7tfg,2026-07-23T00:06:43.858739+00:00,DEBUG,21adf7e77b567cf9,1e363b8a49046377,io-8080-exec-10,o.s.web.servlet.DispatcherServlet,Completed 200 OK
2026-07-23T00:07:17.071644+00:00,customers-service,customers-service-68b57f7b8c-r7tfg,2026-07-23T00:06:43.858729+00:00,DEBUG,21adf7e77b567cf9,18104c4b8d347d73,io-8080-exec-10,o.s.web.servlet.DispatcherServlet,"GET ""/owners"", parameters={}"
2026-07-23T00:07:17.071644+00:00,customers-service,customers-service-68b57f7b8c-r7tfg,2026-07-23T00:06:43.607444+00:00,DEBUG,ddeeae90ce20b40a,aa59b328b37e6725,nio-8080-exec-4,o.s.web.servlet.DispatcherServlet,Completed 200 OK
2026-07-23T00:07:17.071644+00:00,customers-service,customers-service-68b57f7b8c-r7tfg,2026-07-23T00:06:43.607441+00:00,DEBUG,ddeeae90ce20b40a,e2e507c23b67fc78,nio-8080-exec-4,o.s.web.servlet.DispatcherServlet,"GET ""/owners"", parameters={}"
2026-07-23T00:07:17.071644+00:00,customers-service,customers-service-68b57f7b8c-r7tfg,2026-07-23T00:06:43.107197+00:00,DEBUG,5ce37362537727c5,6ee783ce85d75c1b,nio-8080-exec-3,o.s.web.servlet.DispatcherServlet,Completed 200 OK
2026-07-23T00:07:17.071644+00:00,customers-service,customers-service-68b57f7b8c-r7tfg,2026-07-23T00:06:43.107189+00:00,DEBUG,5ce37362537727c5,1ca105425d039ebe,nio-8080-exec-3,o.s.web.servlet.DispatcherServlet,"GET ""/owners/1"", parameters={}"
2026-07-23T00:07:17.071644+00:00,customers-service,customers-service-68b57f7b8c-r7tfg,2026-07-23T00:06:42.856899+00:00,DEBUG,fffc223ffcfa5140,8baa9f36b8cef1e5,nio-8080-exec-1,o.s.web.servlet.DispatcherServlet,Completed 200 OK
2026-07-23T00:07:17.071644+00:00,customers-service,customers-service-68b57f7b8c-r7tfg,2026-07-23T00:06:42.856892+00:00,DEBUG,fffc223ffcfa5140,e16b5b18d20c9745,nio-8080-exec-1,o.s.web.servlet.DispatcherServlet,"GET ""/owners/1"", parameters={}"
2026-07-23T00:07:17.071644+00:00,customers-service,customers-service-68b57f7b8c-r7tfg,2026-07-23T00:06:42.605392+00:00,DEBUG,d10fadaa76f97829,6685b80017785624,nio-8080-exec-2,o.s.web.servlet.DispatcherServlet,Completed 200 OK
2026-07-23T00:07:17.071644+00:00,customers-service,customers-service-68b57f7b8c-r7tfg,2026-07-23T00:06:42.605363+00:00,DEBUG,d10fadaa76f97829,52585e6f962d45a1,nio-8080-exec-2,o.s.web.servlet.DispatcherServlet,"GET ""/owners/1"", parameters={}"
2026-07-23T00:07:17.071644+00:00,customers-service,customers-service-68b57f7b8c-r7tfg,2026-07-23T00:06:42.605357+00:00,DEBUG,4946263ada5f1b95,b6b490b1c39f1dec,nio-8080-exec-9,o.s.web.servlet.DispatcherServlet,Completed 200 OK
2026-07-23T00:07:17.071644+00:00,customers-service,customers-service-68b57f7b8c-r7tfg,2026-07-23T00:06:42.354033+00:00,DEBUG,4946263ada5f1b95,bf960e73732cddee,nio-8080-exec-9,o.s.web.servlet.DispatcherServlet,"GET ""/owners"", parameters={}"
2026-07-23T00:07:17.071644+00:00,customers-service,customers-service-68b57f7b8c-r7tfg,2026-07-23T00:06:42.354017+00:00,DEBUG,14f973d4cb8179a4,f08185758facb8ed,nio-8080-exec-5,o.s.web.servlet.DispatcherServlet,Completed 200 OK
2026-07-23T00:07:17.071644+00:00,customers-service,customers-service-68b57f7b8c-r7tfg,2026-07-23T00:06:42.354013+00:00,DEBUG,14f973d4cb8179a4,bc1cf139d81a874c,nio-8080-exec-5,o.s.web.servlet.DispatcherServlet,"GET ""/owners/1"", parameters={}"
2026-07-23T00:07:17.071644+00:00,customers-service,customers-service-68b57f7b8c-r7tfg,2026-07-23T00:06:41.852655+00:00,DEBUG,ecbe3544c8b1a13d,fbabea7b0d715bc2,nio-8080-exec-6,o.s.web.servlet.DispatcherServlet,Completed 200 OK
2026-07-23T00:07:17.071644+00:00,customers-service,customers-service-68b57f7b8c-r7tfg,2026-07-23T00:06:41.852648+00:00,DEBUG,ecbe3544c8b1a13d,b2260eb6e2ddabbc,nio-8080-exec-6,o.s.web.servlet.DispatcherServlet,"GET ""/owners/1"", parameters={}"
2026-07-23T00:07:17.071644+00:00,customers-service,customers-service-68b57f7b8c-r7tfg,2026-07-23T00:06:41.351160+00:00,DEBUG,3301619525aeabb3,92d080657c5f06a3,nio-8080-exec-8,o.s.web.servlet.DispatcherServlet,Completed 200 OK
2026-07-23T00:07:17.071644+00:00,customers-service,customers-service-68b57f7b8c-r7tfg,2026-07-23T00:06:41.351153+00:00,DEBUG,3301619525aeabb3,4ed273974327debf,nio-8080-exec-8,o.s.web.servlet.DispatcherServlet,"GET ""/owners/1"", parameters={}"
2026-07-23T00:07:17.071644+00:00,customers-service,customers-service-68b57f7b8c-r7tfg,2026-07-23T00:06:40.849324+00:00,DEBUG,0b8668d4a3938893,bd5a538aa9ae664a,nio-8080-exec-7,o.s.web.servlet.DispatcherServlet,Completed 200 OK
2026-07-23T00:07:17.071644+00:00,customers-service,customers-service-68b57f7b8c-r7tfg,2026-07-23T00:06:40.849318+00:00,DEBUG,0b8668d4a3938893,1313b95a9eb59a41,nio-8080-exec-7,o.s.web.servlet.DispatcherServlet,"GET ""/owners/1"", parameters={}"
2026-07-23T00:07:17.071644+00:00,customers-service,customers-service-68b57f7b8c-r7tfg,2026-07-23T00:06:40.598377+00:00,DEBUG,69ef2d7b53023bfe,c821b7ff9fd2876f,io-8080-exec-10,o.s.web.servlet.DispatcherServlet,Completed 200 OK
2026-07-23T00:07:17.071644+00:00,customers-service,customers-service-68b57f7b8c-r7tfg,2026-07-23T00:06:40.598370+00:00,DEBUG,69ef2d7b53023bfe,78bba8c640d29a40,io-8080-exec-10,o.s.web.servlet.DispatcherServlet,"GET ""/owners"", parameters={}"
2026-07-23T00:07:17.071644+00:00,customers-service,customers-service-68b57f7b8c-r7tfg,2026-07-23T00:06:40.347381+00:00,DEBUG,ff1835754b3f99ae,cc980f2fe8035e92,nio-8080-exec-4,o.s.web.servlet.DispatcherServlet,Completed 200 OK
2026-07-23T00:07:17.071644+00:00,customers-service,customers-service-68b57f7b8c-r7tfg,2026-07-23T00:06:40.347375+00:00,DEBUG,ff1835754b3f99ae,89db87879b855f3b,nio-8080-exec-4,o.s.web.servlet.DispatcherServlet,"GET ""/owners"", parameters={}"
2026-07-23T00:07:17.071644+00:00,customers-service,customers-service-68b57f7b8c-r7tfg,2026-07-23T00:06:40.096378+00:00,DEBUG,ef31c5de079dcfa0,90cf2b1bfe001336,nio-8080-exec-3,o.s.web.servlet.DispatcherServlet,Completed 200 OK
2026-07-23T00:07:17.071644+00:00,customers-service,customers-service-68b57f7b8c-r7tfg,2026-07-23T00:06:39.845174+00:00,DEBUG,ef31c5de079dcfa0,b0ccb1517f20f5c9,nio-8080-exec-3,o.s.web.servlet.DispatcherServlet,"GET ""/owners"", parameters={}"
2026-07-23T00:07:17.071644+00:00,customers-service,customers-service-68b57f7b8c-r7tfg,2026-07-23T00:06:39.594136+00:00,DEBUG,45df1e5aefd3b1cc,2e119419c3f2b969,nio-8080-exec-1,o.s.web.servlet.DispatcherServlet,Completed 200 OK
2026-07-23T00:07:17.071644+00:00,customers-service,customers-service-68b57f7b8c-r7tfg,2026-07-23T00:06:39.594131+00:00,DEBUG,45df1e5aefd3b1cc,067cdec073c1a99e,nio-8080-exec-1,o.s.web.servlet.DispatcherServlet,"GET ""/owners/1"", parameters={}"
2026-07-23T00:07:17.071644+00:00,customers-service,customers-service-68b57f7b8c-r7tfg,2026-07-23T00:06:39.343173+00:00,DEBUG,ca692dc8e882a069,29e5b4a1cd0a0e34,nio-8080-exec-2,o.s.web.servlet.DispatcherServlet,Completed 200 OK
2026-07-23T00:07:17.071644+00:00,customers-service,customers-service-68b57f7b8c-r7tfg,2026-07-23T00:06:39.343168+00:00,DEBUG,ca692dc8e882a069,166ec1bc76d17b27,nio-8080-exec-2,o.s.web.servlet.DispatcherServlet,"GET ""/owners/1"", parameters={}"
2026-07-23T00:07:17.071644+00:00,customers-service,customers-service-68b57f7b8c-r7tfg,2026-07-23T00:06:37.637378+00:00,DEBUG,bd77cf6695bb36cb,d82c3a6f184170ca,nio-8080-exec-9,o.s.web.servlet.DispatcherServlet,Completed 200 OK
2026-07-23T00:07:17.071644+00:00,customers-service,customers-service-68b57f7b8c-r7tfg,2026-07-23T00:06:37.637373+00:00,DEBUG,bd77cf6695bb36cb,8d52784957148c98,nio-8080-exec-9,o.s.web.servlet.DispatcherServlet,"GET ""/owners"", parameters={}"
2026-07-23T00:07:17.071644+00:00,customers-service,customers-service-68b57f7b8c-r7tfg,2026-07-23T00:06:37.386592+00:00,DEBUG,55086a1bf2db3dad,2f6fc040c1a52111,nio-8080-exec-5,o.s.web.servlet.DispatcherServlet,Completed 200 OK
2026-07-23T00:07:17.071644+00:00,customers-service,customers-service-68b57f7b8c-r7tfg,2026-07-23T00:06:37.386587+00:00,DEBUG,55086a1bf2db3dad,bab0204fa727a681,nio-8080-exec-5,o.s.web.servlet.DispatcherServlet,"GET ""/owners"", parameters={}"
2026-07-23T00:07:17.071644+00:00,customers-service,customers-service-68b57f7b8c-r7tfg,2026-07-23T00:06:37.135883+00:00,DEBUG,e6a7e3285cdc1da6,0b6b8115d96520ad,nio-8080-exec-6,o.s.web.servlet.DispatcherServlet,Completed 200 OK
2026-07-23T00:07:17.071644+00:00,customers-service,customers-service-68b57f7b8c-r7tfg,2026-07-23T00:06:37.135791+00:00,DEBUG,e6a7e3285cdc1da6,8c06a7d8285a3549,nio-8080-exec-6,o.s.web.servlet.DispatcherServlet,"GET ""/owners/1"", parameters={}"
2026-07-23T00:07:17.071644+00:00,customers-service,customers-service-68b57f7b8c-r7tfg,2026-07-23T00:06:37.135764+00:00,DEBUG,46058ccbd5ef2f6e,fd880d02f1e81f07,nio-8080-exec-8,o.s.web.servlet.DispatcherServlet,Completed 200 OK
2026-07-23T00:07:17.071644+00:00,customers-service,customers-service-68b57f7b8c-r7tfg,2026-07-23T00:06:37.135759+00:00,DEBUG,46058ccbd5ef2f6e,fbf7948f700bdf53,nio-8080-exec-8,o.s.web.servlet.DispatcherServlet,"GET ""/owners"", parameters={}"
2026-07-23T00:07:17.071644+00:00,customers-service,customers-service-68b57f7b8c-r7tfg,2026-07-23T00:06:36.885345+00:00,DEBUG,bacb1fb0bef8b7e8,af1cb35b2d0a1605,nio-8080-exec-7,o.s.web.servlet.DispatcherServlet,Completed 200 OK
2026-07-23T00:07:17.071644+00:00,customers-service,customers-service-68b57f7b8c-r7tfg,2026-07-23T00:06:36.885339+00:00,DEBUG,bacb1fb0bef8b7e8,924896260d596f62,nio-8080-exec-7,o.s.web.servlet.DispatcherServlet,"GET ""/owners/1"", parameters={}"
2026-07-23T00:07:17.071644+00:00,customers-service,customers-service-68b57f7b8c-r7tfg,2026-07-23T00:06:36.634155+00:00,DEBUG,a3f5c7bb9ea62f69,2f718c07f957995c,io-8080-exec-10,o.s.web.servlet.DispatcherServlet,Completed 200 OK
2026-07-23T00:07:17.071644+00:00,customers-service,customers-service-68b57f7b8c-r7tfg,2026-07-23T00:06:36.634141+00:00,DEBUG,a3f5c7bb9ea62f69,83014da14f10c4f6,io-8080-exec-10,o.s.web.servlet.DispatcherServlet,"GET ""/owners/1"", parameters={}"
2026-07-23T00:07:17.071644+00:00,customers-service,customers-service-68b57f7b8c-r7tfg,2026-07-23T00:06:36.634123+00:00,DEBUG,712fbb61d4096d2d,fab952a4d311a47f,nio-8080-exec-4,o.s.web.servlet.DispatcherServlet,Completed 200 OK
2026-07-23T00:07:17.071644+00:00,customers-service,customers-service-68b57f7b8c-r7tfg,2026-07-23T00:06:36.634119+00:00,DEBUG,712fbb61d4096d2d,f9afaaa0ef55964c,nio-8080-exec-4,o.s.web.servlet.DispatcherServlet,"GET ""/owners/1"", parameters={}"
2026-07-23T00:07:17.071644+00:00,customers-service,customers-service-68b57f7b8c-r7tfg,2026-07-23T00:06:36.383869+00:00,DEBUG,9e26b293f3a9ad50,cf01b7f554d625b6,nio-8080-exec-3,o.s.web.servlet.DispatcherServlet,Completed 200 OK
2026-07-23T00:07:17.071644+00:00,customers-service,customers-service-68b57f7b8c-r7tfg,2026-07-23T00:06:36.383864+00:00,DEBUG,9e26b293f3a9ad50,fc8f979d882cf646,nio-8080-exec-3,o.s.web.servlet.DispatcherServlet,"GET ""/owners/1"", parameters={}"
2026-07-23T00:07:17.071644+00:00,customers-service,customers-service-68b57f7b8c-r7tfg,2026-07-23T00:06:36.132812+00:00,DEBUG,c487ee93867d883b,af50653488f6ca38,nio-8080-exec-1,o.s.web.servlet.DispatcherServlet,Completed 200 OK
2026-07-23T00:07:17.071644+00:00,customers-service,customers-service-68b57f7b8c-r7tfg,2026-07-23T00:06:36.132808+00:00,DEBUG,c487ee93867d883b,9d823b7bd12c07d1,nio-8080-exec-1,o.s.web.servlet.DispatcherServlet,"GET ""/owners"", parameters={}"
2026-07-23T00:07:17.071644+00:00,customers-service,customers-service-68b57f7b8c-r7tfg,2026-07-23T00:06:35.380041+00:00,DEBUG,373aec7fb83a9c07,e14b9828b36761a2,nio-8080-exec-2,o.s.web.servlet.DispatcherServlet,Completed 200 OK
2026-07-23T00:07:17.071644+00:00,customers-service,customers-service-68b57f7b8c-r7tfg,2026-07-23T00:06:35.380021+00:00,DEBUG,373aec7fb83a9c07,5ab895e3bea0c5ae,nio-8080-exec-2,o.s.web.servlet.DispatcherServlet,"GET ""/owners/1"", parameters={}"
2026-07-23T00:07:17.071644+00:00,customers-service,customers-service-68b57f7b8c-r7tfg,2026-07-23T00:06:35.380016+00:00,DEBUG,d3dc0e0878f09c5d,91c650d073a31f38,nio-8080-exec-9,o.s.web.servlet.DispatcherServlet,Completed 200 OK
2026-07-23T00:07:17.071644+00:00,customers-service,customers-service-68b57f7b8c-r7tfg,2026-07-23T00:06:35.129511+00:00,DEBUG,d3dc0e0878f09c5d,8bf3c11a3168d416,nio-8080-exec-9,o.s.web.servlet.DispatcherServlet,"GET ""/owners"", parameters={}"
2026-07-23T00:07:17.071644+00:00,customers-service,customers-service-68b57f7b8c-r7tfg,2026-07-23T00:06:35.129492+00:00,DEBUG,7f917dd1e8373328,7f917dd1e8373328,nio-8080-exec-5,o.s.web.servlet.DispatcherServlet,Completed 200 OK
2026-07-23T00:07:17.071644+00:00,customers-service,customers-service-68b57f7b8c-r7tfg,2026-07-23T00:06:34.879448+00:00,DEBUG,66f6d3db8ac490a6,76aab7db268561b7,nio-8080-exec-6,o.s.web.servlet.DispatcherServlet,Completed 200 OK
2026-07-23T00:07:17.071644+00:00,customers-service,customers-service-68b57f7b8c-r7tfg,2026-07-23T00:06:34.879439+00:00,DEBUG,66f6d3db8ac490a6,ad322e5000381b9b,nio-8080-exec-6,o.s.web.servlet.DispatcherServlet,"GET ""/owners"", parameters={}"
2026-07-23T00:07:17.071644+00:00,customers-service,customers-service-68b57f7b8c-r7tfg,2026-07-23T00:06:34.628219+00:00,DEBUG,f3b5c4ee8434391a,d54b72b149f8d000,nio-8080-exec-8,o.s.web.servlet.DispatcherServlet,Completed 200 OK
2026-07-23T00:07:17.071644+00:00,customers-service,customers-service-68b57f7b8c-r7tfg,2026-07-23T00:06:34.628216+00:00,DEBUG,f3b5c4ee8434391a,ad139186ccfc875f,nio-8080-exec-8,o.s.web.servlet.DispatcherServlet,"GET ""/owners/1"", parameters={}"
2026-07-23T00:07:17.071644+00:00,customers-service,customers-service-68b57f7b8c-r7tfg,2026-07-23T00:06:34.377258+00:00,DEBUG,4c9e94b9c2e04cd4,5532e6285426ddbf,nio-8080-exec-7,o.s.web.servlet.DispatcherServlet,Completed 200 OK
2026-07-23T00:07:17.071644+00:00,customers-service,customers-service-68b57f7b8c-r7tfg,2026-07-23T00:06:34.377223+00:00,DEBUG,4c9e94b9c2e04cd4,c75a279df20128ea,nio-8080-exec-7,o.s.web.servlet.DispatcherServlet,"GET ""/owners/1"", parameters={}"
2026-07-23T00:07:17.071644+00:00,customers-service,customers-service-68b57f7b8c-r7tfg,2026-07-23T00:06:34.377217+00:00,DEBUG,b72dd32d8485829f,31621154ff27f1cc,io-8080-exec-10,o.s.web.servlet.DispatcherServlet,Completed 200 OK
2026-07-23T00:07:17.071644+00:00,customers-service,customers-service-68b57f7b8c-r7tfg,2026-07-23T00:06:34.126592+00:00,DEBUG,b72dd32d8485829f,c61d32ab3140b454,io-8080-exec-10,o.s.web.servlet.DispatcherServlet,"GET ""/owners/1"", parameters={}"
2026-07-23T00:07:17.071644+00:00,customers-service,customers-service-68b57f7b8c-r7tfg,2026-07-23T00:06:34.126576+00:00,DEBUG,26527678385e0f38,0f2148ac32a5bcb2,nio-8080-exec-4,o.s.web.servlet.DispatcherServlet,Completed 200 OK
2026-07-23T00:07:17.071644+00:00,customers-service,customers-service-68b57f7b8c-r7tfg,2026-07-23T00:06:34.126573+00:00,DEBUG,26527678385e0f38,977e1f80ebba7d5a,nio-8080-exec-4,o.s.web.servlet.DispatcherServlet,"GET ""/owners/1"", parameters={}"
2026-07-23T00:07:17.071644+00:00,customers-service,customers-service-68b57f7b8c-r7tfg,2026-07-23T00:06:33.876526+00:00,DEBUG,7cc49ebb31435abc,59ed08f3f341c639,nio-8080-exec-3,o.s.web.servlet.DispatcherServlet,Completed 200 OK
2026-07-23T00:07:17.071644+00:00,customers-service,customers-service-68b57f7b8c-r7tfg,2026-07-23T00:06:33.876472+00:00,DEBUG,7cc49ebb31435abc,0fabb8e642473e72,nio-8080-exec-3,o.s.web.servlet.DispatcherServlet,"GET ""/owners/1"", parameters={}"
2026-07-23T00:07:17.071644+00:00,customers-service,customers-service-68b57f7b8c-r7tfg,2026-07-23T00:06:33.876466+00:00,DEBUG,6a314dd87ed216d0,a4ceec26448b4b05,nio-8080-exec-1,o.s.web.servlet.DispatcherServlet,Completed 200 OK
2026-07-23T00:07:17.071644+00:00,customers-service,customers-service-68b57f7b8c-r7tfg,2026-07-23T00:06:33.625364+00:00,DEBUG,6a314dd87ed216d0,00570d08cdd97c2c,nio-8080-exec-1,o.s.web.servlet.DispatcherServlet,"GET ""/owners"", parameters={}"
2026-07-23T00:07:17.071644+00:00,customers-service,customers-service-68b57f7b8c-r7tfg,2026-07-23T00:06:33.625283+00:00,DEBUG,334edd213716a8a2,35a688ebed48a2b6,nio-8080-exec-2,o.s.web.servlet.DispatcherServlet,Completed 200 OK
2026-07-23T00:07:17.071644+00:00,customers-service,customers-service-68b57f7b8c-r7tfg,2026-07-23T00:06:33.625275+00:00,DEBUG,334edd213716a8a2,db3686df8d5fa079,nio-8080-exec-2,o.s.web.servlet.DispatcherServlet,"GET ""/owners/1"", parameters={}"
2026-07-23T00:07:17.071644+00:00,customers-service,customers-service-68b57f7b8c-r7tfg,2026-07-23T00:06:33.375059+00:00,DEBUG,6ae61ed01da687b9,16b962868d20324a,nio-8080-exec-9,o.s.web.servlet.DispatcherServlet,Completed 200 OK
2026-07-23T00:07:17.071644+00:00,customers-service,customers-service-68b57f7b8c-r7tfg,2026-07-23T00:06:33.374890+00:00,DEBUG,6ae61ed01da687b9,4130230068075e5b,nio-8080-exec-9,o.s.web.servlet.DispatcherServlet,"GET ""/owners/1"", parameters={}"
2026-07-23T00:07:17.071644+00:00,customers-service,customers-service-68b57f7b8c-r7tfg,2026-07-23T00:06:33.374884+00:00,DEBUG,eb3a0a2c3d2cbac6,f886d0437a571265,nio-8080-exec-5,o.s.web.servlet.DispatcherServlet,Completed 200 OK
2026-07-23T00:07:17.071644+00:00,customers-service,customers-service-68b57f7b8c-r7tfg,2026-07-23T00:06:33.124066+00:00,DEBUG,eb3a0a2c3d2cbac6,ee0117085295b2f9,nio-8080-exec-5,o.s.web.servlet.DispatcherServlet,"GET ""/owners"", parameters={}"
2026-07-23T00:07:17.071644+00:00,customers-service,customers-service-68b57f7b8c-r7tfg,2026-07-23T00:06:33.124048+00:00,DEBUG,768295e39fd61324,c6da684bbbc8381a,nio-8080-exec-6,o.s.web.servlet.DispatcherServlet,Completed 200 OK
2026-07-23T00:07:17.071644+00:00,customers-service,customers-service-68b57f7b8c-r7tfg,2026-07-23T00:06:33.124023+00:00,DEBUG,768295e39fd61324,0d7662e9d3c2b63d,nio-8080-exec-6,o.s.web.servlet.DispatcherServlet,"GET ""/owners/1"", parameters={}"
2026-07-23T00:07:17.071644+00:00,customers-service,customers-service-68b57f7b8c-r7tfg,2026-07-23T00:06:32.873969+00:00,DEBUG,6315098c7ae93897,2ef90466a2354a23,nio-8080-exec-8,o.s.web.servlet.DispatcherServlet,Completed 200 OK
2026-07-23T00:07:17.071644+00:00,customers-service,customers-service-68b57f7b8c-r7tfg,2026-07-23T00:06:32.873963+00:00,DEBUG,6315098c7ae93897,af080abd16428204,nio-8080-exec-8,o.s.web.servlet.DispatcherServlet,"GET ""/owners/1"", parameters={}"
2026-07-23T00:07:17.071644+00:00,customers-service,customers-service-68b57f7b8c-r7tfg,2026-07-23T00:06:32.623493+00:00,DEBUG,eb65318e62605522,c67e067be3d29a92,nio-8080-exec-7,o.s.web.servlet.DispatcherServlet,Completed 200 OK
2026-07-23T00:07:17.071644+00:00,customers-service,customers-service-68b57f7b8c-r7tfg,2026-07-23T00:06:32.623428+00:00,DEBUG,eb65318e62605522,c17a4ffbe4b77a40,nio-8080-exec-7,o.s.web.servlet.DispatcherServlet,"GET ""/owners"", parameters={}"
2026-07-23T00:07:17.071644+00:00,customers-service,customers-service-68b57f7b8c-r7tfg,2026-07-23T00:06:32.372694+00:00,DEBUG,35e00ca9db1c4658,3a0744823a41d06a,io-8080-exec-10,o.s.web.servlet.DispatcherServlet,Completed 200 OK
2026-07-23T00:07:17.071644+00:00,customers-service,customers-service-68b57f7b8c-r7tfg,2026-07-23T00:06:32.372665+00:00,DEBUG,35e00ca9db1c4658,2c7b0ef239fa1381,io-8080-exec-10,o.s.web.servlet.DispatcherServlet,"GET ""/owners/1"", parameters={}"
2026-07-23T00:07:17.071644+00:00,customers-service,customers-service-68b57f7b8c-r7tfg,2026-07-23T00:06:32.372659+00:00,DEBUG,2cdd4bd30818cfc9,47de28dcd9070942,nio-8080-exec-4,o.s.web.servlet.DispatcherServlet,Completed 200 OK
2026-07-23T00:07:17.071644+00:00,customers-service,customers-service-68b57f7b8c-r7tfg,2026-07-23T00:06:32.121638+00:00,DEBUG,2cdd4bd30818cfc9,20806b66e2c636c7,nio-8080-exec-4,o.s.web.servlet.DispatcherServlet,"GET ""/owners"", parameters={}"
2026-07-23T00:07:17.071644+00:00,customers-service,customers-service-68b57f7b8c-r7tfg,2026-07-23T00:06:32.121623+00:00,DEBUG,29914d0bcdb46087,873108b7a52bdeab,nio-8080-exec-3,o.s.web.servlet.DispatcherServlet,Completed 200 OK
2026-07-23T00:07:17.071644+00:00,customers-service,customers-service-68b57f7b8c-r7tfg,2026-07-23T00:06:32.121620+00:00,DEBUG,29914d0bcdb46087,015eaeeebbd7e2d3,nio-8080-exec-3,o.s.web.servlet.DispatcherServlet,"GET ""/owners"", parameters={}"
2026-07-23T00:07:17.071644+00:00,customers-service,customers-service-68b57f7b8c-r7tfg,2026-07-23T00:06:31.871554+00:00,DEBUG,8fc56e2212775bd0,8fc56e2212775bd0,nio-8080-exec-1,o.s.web.servlet.DispatcherServlet,Completed 200 OK
2026-07-23T00:07:17.071644+00:00,customers-service,customers-service-68b57f7b8c-r7tfg,2026-07-23T00:06:31.369843+00:00,DEBUG,eadd2048d32e67fb,d4e04eaf51eea25f,nio-8080-exec-2,o.s.web.servlet.DispatcherServlet,Completed 200 OK
2026-07-23T00:07:17.071644+00:00,customers-service,customers-service-68b57f7b8c-r7tfg,2026-07-23T00:06:31.369810+00:00,DEBUG,eadd2048d32e67fb,2f8c9c8d27fed311,nio-8080-exec-2,o.s.web.servlet.DispatcherServlet,"GET ""/owners/1"", parameters={}"
2026-07-23T00:07:17.071644+00:00,customers-service,customers-service-68b57f7b8c-r7tfg,2026-07-23T00:06:31.369803+00:00,DEBUG,4444d75d27c93412,85a20c6592a701ba,nio-8080-exec-9,o.s.web.servlet.DispatcherServlet,Completed 200 OK
2026-07-23T00:07:17.071644+00:00,customers-service,customers-service-68b57f7b8c-r7tfg,2026-07-23T00:06:31.118652+00:00,DEBUG,4444d75d27c93412,5c1af51c8797652b,nio-8080-exec-9,o.s.web.servlet.DispatcherServlet,"GET ""/owners/1"", parameters={}"
2026-07-23T00:07:17.071644+00:00,customers-service,customers-service-68b57f7b8c-r7tfg,2026-07-23T00:06:31.118627+00:00,DEBUG,01259b2b500e1b77,757c2ed4a70c0fb5,nio-8080-exec-5,o.s.web.servlet.DispatcherServlet,Completed 200 OK
2026-07-23T00:07:17.071644+00:00,customers-service,customers-service-68b57f7b8c-r7tfg,2026-07-23T00:06:31.118621+00:00,DEBUG,01259b2b500e1b77,32894037cadb8c69,nio-8080-exec-5,o.s.web.servlet.DispatcherServlet,"GET ""/owners/1"", parameters={}"
2026-07-23T00:07:17.071644+00:00,customers-service,customers-service-68b57f7b8c-r7tfg,2026-07-23T00:06:30.868341+00:00,DEBUG,89e7ad29cad3a928,852a900f1d797104,nio-8080-exec-6,o.s.web.servlet.DispatcherServlet,Completed 200 OK
2026-07-23T00:07:17.071644+00:00,customers-service,customers-service-68b57f7b8c-r7tfg,2026-07-23T00:06:30.868322+00:00,DEBUG,89e7ad29cad3a928,50bf59e551e1e7ce,nio-8080-exec-6,o.s.web.servlet.DispatcherServlet,"GET ""/owners"", parameters={}"
2026-07-23T00:07:17.071644+00:00,customers-service,customers-service-68b57f7b8c-r7tfg,2026-07-23T00:06:30.868318+00:00,DEBUG,3db7ebe204fa47cc,ff9133b630da872f,nio-8080-exec-8,o.s.web.servlet.DispatcherServlet,Completed 200 OK
2026-07-23T00:07:17.071644+00:00,customers-service,customers-service-68b57f7b8c-r7tfg,2026-07-23T00:06:30.617735+00:00,DEBUG,3db7ebe204fa47cc,41855bbffe8568da,nio-8080-exec-8,o.s.web.servlet.DispatcherServlet,"GET ""/owners/1"", parameters={}"
2026-07-23T00:07:17.071644+00:00,customers-service,customers-service-68b57f7b8c-r7tfg,2026-07-23T00:06:30.367097+00:00,DEBUG,f4cf2e235d6ef2f5,cdd6faa1468da1e9,nio-8080-exec-7,o.s.web.servlet.DispatcherServlet,Completed 200 OK
2026-07-23T00:07:17.071644+00:00,customers-service,customers-service-68b57f7b8c-r7tfg,2026-07-23T00:06:30.367090+00:00,DEBUG,f4cf2e235d6ef2f5,2957a90d9065c2d2,nio-8080-exec-7,o.s.web.servlet.DispatcherServlet,"GET ""/owners/1"", parameters={}"
2026-07-23T00:07:17.071644+00:00,customers-service,customers-service-68b57f7b8c-r7tfg,2026-07-23T00:06:30.116698+00:00,DEBUG,7fda1b454c0572f9,3facc8ca1781942a,io-8080-exec-10,o.s.web.servlet.DispatcherServlet,Completed 200 OK
2026-07-23T00:07:17.071644+00:00,customers-service,customers-service-68b57f7b8c-r7tfg,2026-07-23T00:06:30.116691+00:00,DEBUG,7fda1b454c0572f9,98476ab04dc2a401,io-8080-exec-10,o.s.web.servlet.DispatcherServlet,"GET ""/owners"", parameters={}"
2026-07-23T00:07:17.071644+00:00,customers-service,customers-service-68b57f7b8c-r7tfg,2026-07-23T00:06:29.865819+00:00,DEBUG,54b8d6f075efa5df,f11a1cd71bee1bb2,nio-8080-exec-4,o.s.web.servlet.DispatcherServlet,Completed 200 OK
2026-07-23T00:07:17.071644+00:00,customers-service,customers-service-68b57f7b8c-r7tfg,2026-07-23T00:06:29.865792+00:00,DEBUG,54b8d6f075efa5df,ab87f969d391109a,nio-8080-exec-4,o.s.web.servlet.DispatcherServlet,"GET ""/owners"", parameters={}"
2026-07-23T00:07:17.071644+00:00,customers-service,customers-service-68b57f7b8c-r7tfg,2026-07-23T00:06:29.865787+00:00,DEBUG,33337f15eca05ee2,46f776c7ce2b4043,nio-8080-exec-3,o.s.web.servlet.DispatcherServlet,Completed 200 OK
2026-07-23T00:07:17.071644+00:00,customers-service,customers-service-68b57f7b8c-r7tfg,2026-07-23T00:06:29.614991+00:00,DEBUG,33337f15eca05ee2,a6307771ba1af3c1,nio-8080-exec-3,o.s.web.servlet.DispatcherServlet,"GET ""/owners/1"", parameters={}"
2026-07-23T00:07:17.071644+00:00,customers-service,customers-service-68b57f7b8c-r7tfg,2026-07-23T00:06:29.614948+00:00,DEBUG,83209a9b0f4be541,1acf246d013a83cb,nio-8080-exec-1,o.s.web.servlet.DispatcherServlet,Completed 200 OK
2026-07-23T00:07:17.071644+00:00,customers-service,customers-service-68b57f7b8c-r7tfg,2026-07-23T00:06:29.614944+00:00,DEBUG,83209a9b0f4be541,eca09b59ab42174b,nio-8080-exec-1,o.s.web.servlet.DispatcherServlet,"GET ""/owners/1"", parameters={}"
2026-07-23T00:07:17.071644+00:00,customers-service,customers-service-68b57f7b8c-r7tfg,2026-07-23T00:06:29.364786+00:00,DEBUG,32e03c0df789be0f,ef952e5fa3b71e90,nio-8080-exec-2,o.s.web.servlet.DispatcherServlet,Completed 200 OK
2026-07-23T00:07:17.071644+00:00,customers-service,customers-service-68b57f7b8c-r7tfg,2026-07-23T00:06:29.364779+00:00,DEBUG,32e03c0df789be0f,ec3b517b8f7cfca4,nio-8080-exec-2,o.s.web.servlet.DispatcherServlet,"GET ""/owners"", parameters={}"
2026-07-23T00:07:17.071644+00:00,customers-service,customers-service-68b57f7b8c-r7tfg,2026-07-23T00:06:28.863495+00:00,DEBUG,30d8a065cf85dd4f,86d0ee46510ae158,nio-8080-exec-9,o.s.web.servlet.DispatcherServlet,Completed 200 OK
2026-07-23T00:07:17.071644+00:00,customers-service,customers-service-68b57f7b8c-r7tfg,2026-07-23T00:06:28.863476+00:00,DEBUG,30d8a065cf85dd4f,246bfff9bac86f1e,nio-8080-exec-9,o.s.web.servlet.DispatcherServlet,"GET ""/owners"", parameters={}"
2026-07-23T00:07:17.071644+00:00,customers-service,customers-service-68b57f7b8c-r7tfg,2026-07-23T00:06:28.863470+00:00,DEBUG,7a5b453726d448d1,c898669df08ec485,nio-8080-exec-5,o.s.web.servlet.DispatcherServlet,Completed 200 OK
2026-07-23T00:07:17.071644+00:00,customers-service,customers-service-68b57f7b8c-r7tfg,2026-07-23T00:06:28.613169+00:00,DEBUG,7a5b453726d448d1,eca994c2b2f7d2e4,nio-8080-exec-5,o.s.web.servlet.DispatcherServlet,"GET ""/owners"", parameters={}"
2026-07-23T00:07:17.071644+00:00,customers-service,customers-service-68b57f7b8c-r7tfg,2026-07-23T00:06:28.613110+00:00,DEBUG,e361271c9eb58393,6480041223023b17,nio-8080-exec-6,o.s.web.servlet.DispatcherServlet,Completed 200 OK
2026-07-23T00:07:17.071644+00:00,customers-service,customers-service-68b57f7b8c-r7tfg,2026-07-23T00:06:28.613093+00:00,DEBUG,e361271c9eb58393,0b3d91d56fc52891,nio-8080-exec-6,o.s.web.servlet.DispatcherServlet,"GET ""/owners/1"", parameters={}"
2026-07-23T00:07:17.071644+00:00,customers-service,customers-service-68b57f7b8c-r7tfg,2026-07-23T00:06:28.362540+00:00,DEBUG,b5d40553ac09419d,cd2bc2f8a687852b,nio-8080-exec-8,o.s.web.servlet.DispatcherServlet,Completed 200 OK
2026-07-23T00:07:17.071644+00:00,customers-service,customers-service-68b57f7b8c-r7tfg,2026-07-23T00:06:28.111809+00:00,DEBUG,b5d40553ac09419d,81e7941a09266d34,nio-8080-exec-8,o.s.web.servlet.DispatcherServlet,"GET ""/owners"", parameters={}"
2026-07-23T00:07:17.071644+00:00,customers-service,customers-service-68b57f7b8c-r7tfg,2026-07-23T00:06:28.111781+00:00,DEBUG,654a5871816d216b,b2d259036237f33c,nio-8080-exec-7,o.s.web.servlet.DispatcherServlet,Completed 200 OK
2026-07-23T00:07:17.071644+00:00,customers-service,customers-service-68b57f7b8c-r7tfg,2026-07-23T00:06:28.111775+00:00,DEBUG,654a5871816d216b,3316e8f947c79bc0,nio-8080-exec-7,o.s.web.servlet.DispatcherServlet,"GET ""/owners/1"", parameters={}"
2026-07-23T00:07:17.071644+00:00,customers-service,customers-service-68b57f7b8c-r7tfg,2026-07-23T00:06:27.861089+00:00,DEBUG,579e74f266833c84,9128b6a6b134d390,io-8080-exec-10,o.s.web.servlet.DispatcherServlet,Completed 200 OK
2026-07-23T00:07:17.071644+00:00,customers-service,customers-service-68b57f7b8c-r7tfg,2026-07-23T00:06:27.861065+00:00,DEBUG,579e74f266833c84,51ca8d35757b145e,io-8080-exec-10,o.s.web.servlet.DispatcherServlet,"GET ""/owners/1"", parameters={}"
2026-07-23T00:07:17.071644+00:00,customers-service,customers-service-68b57f7b8c-r7tfg,2026-07-23T00:06:27.861060+00:00,DEBUG,cb336aa242659cdc,75e0f2ee78dd39f7,nio-8080-exec-4,o.s.web.servlet.DispatcherServlet,Completed 200 OK
2026-07-23T00:07:17.071644+00:00,customers-service,customers-service-68b57f7b8c-r7tfg,2026-07-23T00:06:27.610445+00:00,DEBUG,cb336aa242659cdc,1b74b44433beaee1,nio-8080-exec-4,o.s.web.servlet.DispatcherServlet,"GET ""/owners"", parameters={}"
2026-07-23T00:07:17.071644+00:00,customers-service,customers-service-68b57f7b8c-r7tfg,2026-07-23T00:06:27.359962+00:00,DEBUG,868ea70c57999b3e,4077c83f3c38e296,nio-8080-exec-3,o.s.web.servlet.DispatcherServlet,Completed 200 OK
2026-07-23T00:07:17.071644+00:00,customers-service,customers-service-68b57f7b8c-r7tfg,2026-07-23T00:06:27.359937+00:00,DEBUG,868ea70c57999b3e,1df90a5041281c2b,nio-8080-exec-3,o.s.web.servlet.DispatcherServlet,"GET ""/owners"", parameters={}"
2026-07-23T00:07:17.071644+00:00,customers-service,customers-service-68b57f7b8c-r7tfg,2026-07-23T00:06:27.359932+00:00,DEBUG,6402b160837f6f05,7257bcdf80b0cb1d,nio-8080-exec-1,o.s.web.servlet.DispatcherServlet,Completed 200 OK
2026-07-23T00:07:17.071644+00:00,customers-service,customers-service-68b57f7b8c-r7tfg,2026-07-23T00:06:27.109048+00:00,DEBUG,6402b160837f6f05,18be201f37d31d94,nio-8080-exec-1,o.s.web.servlet.DispatcherServlet,"GET ""/owners"", parameters={}"
2026-07-23T00:07:17.071644+00:00,customers-service,customers-service-68b57f7b8c-r7tfg,2026-07-23T00:06:26.858272+00:00,DEBUG,459c374f9be4dcfd,fe9aeadea2e2a850,nio-8080-exec-2,o.s.web.servlet.DispatcherServlet,Completed 200 OK
2026-07-23T00:07:17.071644+00:00,customers-service,customers-service-68b57f7b8c-r7tfg,2026-07-23T00:06:26.858238+00:00,DEBUG,459c374f9be4dcfd,b74813d528a790a5,nio-8080-exec-2,o.s.web.servlet.DispatcherServlet,"GET ""/owners"", parameters={}"
2026-07-23T00:07:17.071644+00:00,customers-service,customers-service-68b57f7b8c-r7tfg,2026-07-23T00:06:26.858232+00:00,DEBUG,a0985cc0df0f468c,dde6b5eeca5b9d29,nio-8080-exec-9,o.s.web.servlet.DispatcherServlet,Completed 200 OK
2026-07-23T00:07:17.071644+00:00,customers-service,customers-service-68b57f7b8c-r7tfg,2026-07-23T00:06:26.607188+00:00,DEBUG,a0985cc0df0f468c,a72076c81d561e5f,nio-8080-exec-9,o.s.web.servlet.DispatcherServlet,"GET ""/owners"", parameters={}"
2026-07-23T00:07:17.071644+00:00,customers-service,customers-service-68b57f7b8c-r7tfg,2026-07-23T00:06:26.607157+00:00,DEBUG,4bde7a833fe6abf0,6a48b78b68e5dceb,nio-8080-exec-5,o.s.web.servlet.DispatcherServlet,Completed 200 OK
2026-07-23T00:07:17.071644+00:00,customers-service,customers-service-68b57f7b8c-r7tfg,2026-07-23T00:06:26.607149+00:00,DEBUG,4bde7a833fe6abf0,fbeafc3ce3afb363,nio-8080-exec-5,o.s.web.servlet.DispatcherServlet,"GET ""/owners/1"", parameters={}"
2026-07-23T00:07:17.071644+00:00,customers-service,customers-service-68b57f7b8c-r7tfg,2026-07-23T00:06:26.355826+00:00,DEBUG,15b78c72dae4d9d5,08713717273d67ae,nio-8080-exec-6,o.s.web.servlet.DispatcherServlet,Completed 200 OK
2026-07-23T00:07:17.071644+00:00,customers-service,customers-service-68b57f7b8c-r7tfg,2026-07-23T00:06:26.355822+00:00,DEBUG,15b78c72dae4d9d5,1f3f616edb3362a3,nio-8080-exec-6,o.s.web.servlet.DispatcherServlet,"GET ""/owners"", parameters={}"
2026-07-23T00:07:17.071644+00:00,customers-service,customers-service-68b57f7b8c-r7tfg,2026-07-23T00:06:25.352674+00:00,DEBUG,dbcadb0f226b633b,42c148d1a59cf089,nio-8080-exec-8,o.s.web.servlet.DispatcherServlet,Completed 200 OK
2026-07-23T00:07:17.071644+00:00,customers-service,customers-service-68b57f7b8c-r7tfg,2026-07-23T00:06:25.352670+00:00,DEBUG,dbcadb0f226b633b,6ad44b40b7f5d968,nio-8080-exec-8,o.s.web.servlet.DispatcherServlet,"GET ""/owners"", parameters={}"
2026-07-23T00:07:17.071644+00:00,customers-service,customers-service-68b57f7b8c-r7tfg,2026-07-23T00:06:25.101977+00:00,DEBUG,efcf76b39ac3a1cd,b84bb2165452df43,nio-8080-exec-7,o.s.web.servlet.DispatcherServlet,Completed 200 OK
2026-07-23T00:07:17.071644+00:00,customers-service,customers-service-68b57f7b8c-r7tfg,2026-07-23T00:06:25.101972+00:00,DEBUG,efcf76b39ac3a1cd,33a0398ec3b077cc,nio-8080-exec-7,o.s.web.servlet.DispatcherServlet,"GET ""/owners"", parameters={}"
2026-07-23T00:07:17.071644+00:00,customers-service,customers-service-68b57f7b8c-r7tfg,2026-07-23T00:06:24.850796+00:00,DEBUG,1438c5202978e7c5,691738224511bf4a,io-8080-exec-10,o.s.web.servlet.DispatcherServlet,Completed 200 OK
2026-07-23T00:07:17.071644+00:00,customers-service,customers-service-68b57f7b8c-r7tfg,2026-07-23T00:06:24.850786+00:00,DEBUG,1438c5202978e7c5,88d0d19fa984a967,io-8080-exec-10,o.s.web.servlet.DispatcherServlet,"GET ""/owners/1"", parameters={}"
2026-07-23T00:07:17.071644+00:00,customers-service,customers-service-68b57f7b8c-r7tfg,2026-07-23T00:06:24.600505+00:00,DEBUG,7dc12abd783d9d0f,46edf7b0c096dd2e,nio-8080-exec-4,o.s.web.servlet.DispatcherServlet,Completed 200 OK
2026-07-23T00:07:17.071644+00:00,customers-service,customers-service-68b57f7b8c-r7tfg,2026-07-23T00:06:24.600501+00:00,DEBUG,7dc12abd783d9d0f,1b1cdd7ecdac54ac,nio-8080-exec-4,o.s.web.servlet.DispatcherServlet,"GET ""/owners"", parameters={}"
2026-07-23T00:07:17.071644+00:00,customers-service,customers-service-68b57f7b8c-r7tfg,2026-07-23T00:06:24.099082+00:00,DEBUG,098e15d9e93e5fe7,098e15d9e93e5fe7,nio-8080-exec-3,o.s.web.servlet.DispatcherServlet,Completed 200 OK
2026-07-23T00:07:17.071644+00:00,customers-service,customers-service-68b57f7b8c-r7tfg,2026-07-23T00:06:23.597389+00:00,DEBUG,9d5093badef868ce,02a839ea5a298539,nio-8080-exec-1,o.s.web.servlet.DispatcherServlet,Completed 200 OK
2026-07-23T00:07:17.071644+00:00,customers-service,customers-service-68b57f7b8c-r7tfg,2026-07-23T00:06:23.597383+00:00,DEBUG,9d5093badef868ce,3bb48ab87d8ca138,nio-8080-exec-1,o.s.web.servlet.DispatcherServlet,"GET ""/owners"", parameters={}"
2026-07-23T00:07:17.071644+00:00,customers-service,customers-service-68b57f7b8c-r7tfg,2026-07-23T00:06:23.346422+00:00,DEBUG,a42cf5c701893b44,7929c1344f71ff12,nio-8080-exec-2,o.s.web.servlet.DispatcherServlet,Completed 200 OK
2026-07-23T00:07:17.071644+00:00,customers-service,customers-service-68b57f7b8c-r7tfg,2026-07-23T00:06:23.095684+00:00,DEBUG,a42cf5c701893b44,41fb565d1e1d842f,nio-8080-exec-2,o.s.web.servlet.DispatcherServlet,"GET ""/owners"", parameters={}"
2026-07-23T00:07:17.071644+00:00,customers-service,customers-service-68b57f7b8c-r7tfg,2026-07-23T00:06:22.344875+00:00,DEBUG,141dd8bbda322c8a,3b58617022f12e2e,nio-8080-exec-9,o.s.web.servlet.DispatcherServlet,Completed 200 OK
2026-07-23T00:07:17.071644+00:00,customers-service,customers-service-68b57f7b8c-r7tfg,2026-07-23T00:06:22.344852+00:00,DEBUG,141dd8bbda322c8a,8aa134eb31e1b8a2,nio-8080-exec-9,o.s.web.servlet.DispatcherServlet,"GET ""/owners/1"", parameters={}"
2026-07-23T00:07:17.071644+00:00,customers-service,customers-service-68b57f7b8c-r7tfg,2026-07-23T00:06:22.344826+00:00,DEBUG,1edd3d8ef338b86e,5f0f911e3763e649,nio-8080-exec-5,o.s.web.servlet.DispatcherServlet,Completed 200 OK
2026-07-23T00:07:17.071644+00:00,customers-service,customers-service-68b57f7b8c-r7tfg,2026-07-23T00:06:22.344821+00:00,DEBUG,1edd3d8ef338b86e,76a04d368bf6744b,nio-8080-exec-5,o.s.web.servlet.DispatcherServlet,"GET ""/owners/1"", parameters={}"
2026-07-23T00:07:17.071644+00:00,customers-service,customers-service-68b57f7b8c-r7tfg,2026-07-23T00:06:22.093870+00:00,DEBUG,98c62f96052f6b7a,54006dd25cd31c4a,nio-8080-exec-6,o.s.web.servlet.DispatcherServlet,Completed 200 OK
2026-07-23T00:07:17.071644+00:00,customers-service,customers-service-68b57f7b8c-r7tfg,2026-07-23T00:06:22.093865+00:00,DEBUG,98c62f96052f6b7a,da89f38fd0e4c5ce,nio-8080-exec-6,o.s.web.servlet.DispatcherServlet,"GET ""/owners/1"", parameters={}"
2026-07-23T00:07:17.071644+00:00,customers-service,customers-service-68b57f7b8c-r7tfg,2026-07-23T00:06:21.843415+00:00,DEBUG,eae43576dff533dd,2bed0776b9552203,nio-8080-exec-8,o.s.web.servlet.DispatcherServlet,Completed 200 OK
2026-07-23T00:07:17.071644+00:00,customers-service,customers-service-68b57f7b8c-r7tfg,2026-07-23T00:06:21.843409+00:00,DEBUG,eae43576dff533dd,f8bf2632132bb303,nio-8080-exec-8,o.s.web.servlet.DispatcherServlet,"GET ""/owners/1"", parameters={}"
2026-07-23T00:07:17.071644+00:00,customers-service,customers-service-68b57f7b8c-r7tfg,2026-07-23T00:06:21.342039+00:00,DEBUG,9174681415460c95,8b0ccd7c41ec57ad,nio-8080-exec-7,o.s.web.servlet.DispatcherServlet,Completed 200 OK
2026-07-23T00:07:17.071644+00:00,customers-service,customers-service-68b57f7b8c-r7tfg,2026-07-23T00:06:21.341935+00:00,DEBUG,9174681415460c95,f761c78e0ddac41d,nio-8080-exec-7,o.s.web.servlet.DispatcherServlet,"GET ""/owners/1"", parameters={}"
2026-07-23T00:07:17.071644+00:00,customers-service,customers-service-68b57f7b8c-r7tfg,2026-07-23T00:06:21.341919+00:00,DEBUG,3ca4cb515d3b7029,ac6f23adf334de9a,io-8080-exec-10,o.s.web.servlet.DispatcherServlet,Completed 200 OK
2026-07-23T00:07:17.071644+00:00,customers-service,customers-service-68b57f7b8c-r7tfg,2026-07-23T00:06:21.341916+00:00,DEBUG,3ca4cb515d3b7029,4c6182f44c89a4d9,io-8080-exec-10,o.s.web.servlet.DispatcherServlet,"GET ""/owners/1"", parameters={}"
2026-07-23T00:07:17.071644+00:00,customers-service,customers-service-68b57f7b8c-r7tfg,2026-07-23T00:06:21.091359+00:00,DEBUG,ddf227da5c5ff241,c2f72c9f9840f12b,nio-8080-exec-4,o.s.web.servlet.DispatcherServlet,Completed 200 OK
2026-07-23T00:07:17.071644+00:00,customers-service,customers-service-68b57f7b8c-r7tfg,2026-07-23T00:06:21.091334+00:00,DEBUG,ddf227da5c5ff241,cf698dbc62f8cfaa,nio-8080-exec-4,o.s.web.servlet.DispatcherServlet,"GET ""/owners"", parameters={}"
2026-07-23T00:07:17.071644+00:00,customers-service,customers-service-68b57f7b8c-r7tfg,2026-07-23T00:06:21.091326+00:00,DEBUG,b066cf6dc4768f29,b33e033313cdb271,nio-8080-exec-3,o.s.web.servlet.DispatcherServlet,Completed 200 OK
2026-07-23T00:07:17.071644+00:00,customers-service,customers-service-68b57f7b8c-r7tfg,2026-07-23T00:06:20.840595+00:00,DEBUG,b066cf6dc4768f29,6e854c9fdffab51a,nio-8080-exec-3,o.s.web.servlet.DispatcherServlet,"GET ""/owners"", parameters={}"
2026-07-23T00:07:17.071644+00:00,customers-service,customers-service-68b57f7b8c-r7tfg,2026-07-23T00:06:20.338741+00:00,DEBUG,8df489d5232d5ced,3eb1772471fa217c,nio-8080-exec-1,o.s.web.servlet.DispatcherServlet,Completed 200 OK
2026-07-23T00:07:17.071644+00:00,customers-service,customers-service-68b57f7b8c-r7tfg,2026-07-23T00:06:20.338734+00:00,DEBUG,8df489d5232d5ced,f396fc27bf453c8e,nio-8080-exec-1,o.s.web.servlet.DispatcherServlet,"GET ""/owners/1"", parameters={}"
2026-07-23T00:07:17.071644+00:00,customers-service,customers-service-68b57f7b8c-r7tfg,2026-07-23T00:06:20.088068+00:00,DEBUG,ff5934b091fdb0ea,ff5934b091fdb0ea,nio-8080-exec-2,o.s.web.servlet.DispatcherServlet,Completed 200 OK
2026-07-23T00:07:17.071644+00:00,customers-service,customers-service-68b57f7b8c-r7tfg,2026-07-23T00:06:19.587681+00:00,DEBUG,29fd13c912b1a32e,bd36c801d0058301,nio-8080-exec-9,o.s.web.servlet.DispatcherServlet,Completed 200 OK
2026-07-23T00:07:17.071644+00:00,customers-service,customers-service-68b57f7b8c-r7tfg,2026-07-23T00:06:19.587678+00:00,DEBUG,29fd13c912b1a32e,177c87555e5faa48,nio-8080-exec-9,o.s.web.servlet.DispatcherServlet,"GET ""/owners"", parameters={}"
2026-07-23T00:07:17.071644+00:00,customers-service,customers-service-68b57f7b8c-r7tfg,2026-07-23T00:06:19.087524+00:00,DEBUG,616b714389562257,51f16aa54574ea32,nio-8080-exec-5,o.s.web.servlet.DispatcherServlet,Completed 200 OK
2026-07-23T00:07:17.071644+00:00,customers-service,customers-service-68b57f7b8c-r7tfg,2026-07-23T00:06:19.087517+00:00,DEBUG,616b714389562257,4ac04cc51542ed28,nio-8080-exec-5,o.s.web.servlet.DispatcherServlet,"GET ""/owners/1"", parameters={}"
2026-07-23T00:07:17.071644+00:00,customers-service,customers-service-68b57f7b8c-r7tfg,2026-07-23T00:06:18.835914+00:00,DEBUG,e9f23ae8401010bb,5c4efb0960e2a115,nio-8080-exec-6,o.s.web.servlet.DispatcherServlet,Completed 200 OK
2026-07-23T00:07:17.071644+00:00,customers-service,customers-service-68b57f7b8c-r7tfg,2026-07-23T00:06:18.835896+00:00,DEBUG,e9f23ae8401010bb,f4abd4f888b257b7,nio-8080-exec-6,o.s.web.servlet.DispatcherServlet,"GET ""/owners"", parameters={}"
2026-07-23T00:07:17.071644+00:00,customers-service,customers-service-68b57f7b8c-r7tfg,2026-07-23T00:06:18.835874+00:00,DEBUG,6c8196d5c09f3039,a3a8f3006e07cb02,nio-8080-exec-8,o.s.web.servlet.DispatcherServlet,Completed 200 OK
2026-07-23T00:07:17.071644+00:00,customers-service,customers-service-68b57f7b8c-r7tfg,2026-07-23T00:06:18.835870+00:00,DEBUG,6c8196d5c09f3039,083de3fc304aee20,nio-8080-exec-8,o.s.web.servlet.DispatcherServlet,"GET ""/owners"", parameters={}"
2026-07-23T00:07:17.071644+00:00,customers-service,customers-service-68b57f7b8c-r7tfg,2026-07-23T00:06:18.333891+00:00,DEBUG,2599ae7b3d96adc0,c6a16c33ad135eaa,nio-8080-exec-7,o.s.web.servlet.DispatcherServlet,Completed 200 OK
2026-07-23T00:07:17.071644+00:00,customers-service,customers-service-68b57f7b8c-r7tfg,2026-07-23T00:06:18.333864+00:00,DEBUG,2599ae7b3d96adc0,53f4d3b3db3f5e5d,nio-8080-exec-7,o.s.web.servlet.DispatcherServlet,"GET ""/owners/1"", parameters={}"
2026-07-23T00:07:17.071644+00:00,customers-service,customers-service-68b57f7b8c-r7tfg,2026-07-23T00:06:18.333779+00:00,DEBUG,3222d5f48c2c240a,1653cb79e6d13740,io-8080-exec-10,o.s.web.servlet.DispatcherServlet,Completed 200 OK
2026-07-23T00:07:17.071644+00:00,customers-service,customers-service-68b57f7b8c-r7tfg,2026-07-23T00:06:18.333765+00:00,DEBUG,3222d5f48c2c240a,cec04170cf38d75c,io-8080-exec-10,o.s.web.servlet.DispatcherServlet,"GET ""/owners"", parameters={}"
2026-07-23T00:07:17.071644+00:00,customers-service,customers-service-68b57f7b8c-r7tfg,2026-07-23T00:06:17.832612+00:00,DEBUG,ee23b4baedee53ac,64a151059323f792,nio-8080-exec-4,o.s.web.servlet.DispatcherServlet,Completed 200 OK
2026-07-23T00:07:17.071644+00:00,customers-service,customers-service-68b57f7b8c-r7tfg,2026-07-23T00:06:17.832555+00:00,DEBUG,ee23b4baedee53ac,b656c19d934682cd,nio-8080-exec-4,o.s.web.servlet.DispatcherServlet,"GET ""/owners/1"", parameters={}"
2026-07-23T00:07:17.071644+00:00,customers-service,customers-service-68b57f7b8c-r7tfg,2026-07-23T00:06:17.832521+00:00,DEBUG,0f721832177aedc4,6c5891f4f610e74f,nio-8080-exec-3,o.s.web.servlet.DispatcherServlet,Completed 200 OK
2026-07-23T00:07:17.071644+00:00,customers-service,customers-service-68b57f7b8c-r7tfg,2026-07-23T00:06:17.832514+00:00,DEBUG,0f721832177aedc4,72a303df674a7696,nio-8080-exec-3,o.s.web.servlet.DispatcherServlet,"GET ""/owners/1"", parameters={}"
2026-07-23T00:07:17.071644+00:00,customers-service,customers-service-68b57f7b8c-r7tfg,2026-07-23T00:06:17.078799+00:00,DEBUG,3a5bfe690ab60cc5,b959f67adafdaeb4,nio-8080-exec-1,o.s.web.servlet.DispatcherServlet,Completed 200 OK
2026-07-23T00:07:17.071644+00:00,customers-service,customers-service-68b57f7b8c-r7tfg,2026-07-23T00:06:17.078795+00:00,DEBUG,3a5bfe690ab60cc5,be429f970042212d,nio-8080-exec-1,o.s.web.servlet.DispatcherServlet,"GET ""/owners"", parameters={}"
2026-07-23T00:07:17.071644+00:00,customers-service,customers-service-68b57f7b8c-r7tfg,2026-07-23T00:06:16.828118+00:00,DEBUG,3ce88e5cf1880e82,ff1bc321bb3bbe68,nio-8080-exec-2,o.s.web.servlet.DispatcherServlet,Completed 200 OK
2026-07-23T00:07:17.071644+00:00,customers-service,customers-service-68b57f7b8c-r7tfg,2026-07-23T00:06:16.828105+00:00,DEBUG,3ce88e5cf1880e82,119a1ed30a246588,nio-8080-exec-2,o.s.web.servlet.DispatcherServlet,"GET ""/owners/1"", parameters={}"
2026-07-23T00:07:17.071644+00:00,customers-service,customers-service-68b57f7b8c-r7tfg,2026-07-23T00:06:16.828096+00:00,DEBUG,9482238443007a72,9482238443007a72,nio-8080-exec-9,o.s.web.servlet.DispatcherServlet,Completed 200 OK
2026-07-23T00:07:17.071644+00:00,customers-service,customers-service-68b57f7b8c-r7tfg,2026-07-23T00:06:16.828040+00:00,DEBUG,07e2bf4f2d1e5f34,f473f1cb68d76aa3,nio-8080-exec-5,o.s.web.servlet.DispatcherServlet,Completed 200 OK
2026-07-23T00:07:17.071644+00:00,customers-service,customers-service-68b57f7b8c-r7tfg,2026-07-23T00:06:16.828037+00:00,DEBUG,07e2bf4f2d1e5f34,6eb64594676cbd81,nio-8080-exec-5,o.s.web.servlet.DispatcherServlet,"GET ""/owners/1"", parameters={}"
2026-07-23T00:07:17.071644+00:00,customers-service,customers-service-68b57f7b8c-r7tfg,2026-07-23T00:06:16.577573+00:00,DEBUG,46d04f1a839afe4f,6c0a15353d9d8d15,nio-8080-exec-6,o.s.web.servlet.DispatcherServlet,Completed 200 OK
2026-07-23T00:07:17.071644+00:00,customers-service,customers-service-68b57f7b8c-r7tfg,2026-07-23T00:06:16.327342+00:00,DEBUG,46d04f1a839afe4f,3788f9e3f935e37e,nio-8080-exec-6,o.s.web.servlet.DispatcherServlet,"GET ""/owners"", parameters={}"
2026-07-23T00:07:17.071644+00:00,customers-service,customers-service-68b57f7b8c-r7tfg,2026-07-23T00:06:16.327325+00:00,DEBUG,1c242d180c70b70e,9ee38c5c30f416a7,nio-8080-exec-8,o.s.web.servlet.DispatcherServlet,Completed 200 OK
2026-07-23T00:07:17.071644+00:00,customers-service,customers-service-68b57f7b8c-r7tfg,2026-07-23T00:06:16.327308+00:00,DEBUG,1c242d180c70b70e,7ce5d42979dd8465,nio-8080-exec-8,o.s.web.servlet.DispatcherServlet,"GET ""/owners"", parameters={}"
2026-07-23T00:07:17.071644+00:00,customers-service,customers-service-68b57f7b8c-r7tfg,2026-07-23T00:06:15.825265+00:00,DEBUG,4307eeec1ae2d378,e1698fc39dfd30fb,nio-8080-exec-7,o.s.web.servlet.DispatcherServlet,Completed 200 OK
2026-07-23T00:07:17.071644+00:00,customers-service,customers-service-68b57f7b8c-r7tfg,2026-07-23T00:06:15.825000+00:00,DEBUG,4307eeec1ae2d378,7549900cd390be21,nio-8080-exec-7,o.s.web.servlet.DispatcherServlet,"GET ""/owners/1"", parameters={}"
2026-07-23T00:07:17.071644+00:00,customers-service,customers-service-68b57f7b8c-r7tfg,2026-07-23T00:06:15.073470+00:00,DEBUG,f8a191c6f2e3059d,2e249d2aea7f9f42,io-8080-exec-10,o.s.web.servlet.DispatcherServlet,Completed 200 OK
2026-07-23T00:07:17.071644+00:00,customers-service,customers-service-68b57f7b8c-r7tfg,2026-07-23T00:06:15.073449+00:00,DEBUG,f8a191c6f2e3059d,57ae0dcc1d41defc,io-8080-exec-10,o.s.web.servlet.DispatcherServlet,"GET ""/owners"", parameters={}"
2026-07-23T00:07:17.071644+00:00,customers-service,customers-service-68b57f7b8c-r7tfg,2026-07-23T00:06:15.073446+00:00,DEBUG,c78b85471433261b,62503cf341a590b4,nio-8080-exec-4,o.s.web.servlet.DispatcherServlet,Completed 200 OK
2026-07-23T00:07:17.071644+00:00,customers-service,customers-service-68b57f7b8c-r7tfg,2026-07-23T00:06:14.823046+00:00,DEBUG,c78b85471433261b,35f4b081410c98e8,nio-8080-exec-4,o.s.web.servlet.DispatcherServlet,"GET ""/owners"", parameters={}"
2026-07-23T00:07:17.071644+00:00,customers-service,customers-service-68b57f7b8c-r7tfg,2026-07-23T00:06:14.823029+00:00,DEBUG,f5e6ac68af43e777,9f820c0953b1c152,nio-8080-exec-3,o.s.web.servlet.DispatcherServlet,Completed 200 OK
2026-07-23T00:07:17.071644+00:00,customers-service,customers-service-68b57f7b8c-r7tfg,2026-07-23T00:06:14.823024+00:00,DEBUG,f5e6ac68af43e777,90d551e1270a3024,nio-8080-exec-3,o.s.web.servlet.DispatcherServlet,"GET ""/owners/1"", parameters={}"
2026-07-23T00:07:17.071644+00:00,customers-service,customers-service-68b57f7b8c-r7tfg,2026-07-23T00:06:14.321774+00:00,DEBUG,d0b0a074e0b3cf49,80ce44ec35fdd289,nio-8080-exec-1,o.s.web.servlet.DispatcherServlet,Completed 200 OK
2026-07-23T00:07:17.071644+00:00,customers-service,customers-service-68b57f7b8c-r7tfg,2026-07-23T00:06:14.321770+00:00,DEBUG,d0b0a074e0b3cf49,9b72cdfb62497918,nio-8080-exec-1,o.s.web.servlet.DispatcherServlet,"GET ""/owners/1"", parameters={}"
2026-07-23T00:07:17.071644+00:00,customers-service,customers-service-68b57f7b8c-r7tfg,2026-07-23T00:06:14.070629+00:00,DEBUG,8ceb5588c9e36e0f,41525ae8aa614887,nio-8080-exec-2,o.s.web.servlet.DispatcherServlet,Completed 200 OK
2026-07-23T00:07:17.071644+00:00,customers-service,customers-service-68b57f7b8c-r7tfg,2026-07-23T00:06:14.070622+00:00,DEBUG,8ceb5588c9e36e0f,55cd9b8b0ca622c6,nio-8080-exec-2,o.s.web.servlet.DispatcherServlet,"GET ""/owners/1"", parameters={}"
2026-07-23T00:07:17.071644+00:00,customers-service,customers-service-68b57f7b8c-r7tfg,2026-07-23T00:06:13.819779+00:00,DEBUG,f0ce01ebfe8d1f7c,cc31af186c2f0863,nio-8080-exec-9,o.s.web.servlet.DispatcherServlet,Completed 200 OK
2026-07-23T00:07:17.071644+00:00,customers-service,customers-service-68b57f7b8c-r7tfg,2026-07-23T00:06:13.819773+00:00,DEBUG,f0ce01ebfe8d1f7c,fdabac6d2ac2ec27,nio-8080-exec-9,o.s.web.servlet.DispatcherServlet,"GET ""/owners/1"", parameters={}"
2026-07-23T00:07:17.071644+00:00,customers-service,customers-service-68b57f7b8c-r7tfg,2026-07-23T00:06:13.568497+00:00,DEBUG,2ac98049846b5bc4,be62048b6e2d7e2c,nio-8080-exec-5,o.s.web.servlet.DispatcherServlet,Completed 200 OK
2026-07-23T00:07:17.071644+00:00,customers-service,customers-service-68b57f7b8c-r7tfg,2026-07-23T00:06:13.568491+00:00,DEBUG,2ac98049846b5bc4,64a0c0a069ab9a47,nio-8080-exec-5,o.s.web.servlet.DispatcherServlet,"GET ""/owners/1"", parameters={}"
2026-07-23T00:07:17.071644+00:00,customers-service,customers-service-68b57f7b8c-r7tfg,2026-07-23T00:06:12.816563+00:00,DEBUG,19b62c6c4922d26e,9de154cb30763f54,nio-8080-exec-6,o.s.web.servlet.DispatcherServlet,Completed 200 OK
2026-07-23T00:07:17.071644+00:00,customers-service,customers-service-68b57f7b8c-r7tfg,2026-07-23T00:06:12.816539+00:00,DEBUG,19b62c6c4922d26e,92df51da74f8e15b,nio-8080-exec-6,o.s.web.servlet.DispatcherServlet,"GET ""/owners/1"", parameters={}"
2026-07-23T00:07:17.071644+00:00,customers-service,customers-service-68b57f7b8c-r7tfg,2026-07-23T00:06:12.816512+00:00,DEBUG,f70d51383a623bb4,370a9611c46fc088,nio-8080-exec-8,o.s.web.servlet.DispatcherServlet,Completed 200 OK
2026-07-23T00:07:17.071644+00:00,customers-service,customers-service-68b57f7b8c-r7tfg,2026-07-23T00:06:12.816506+00:00,DEBUG,f70d51383a623bb4,605564c97a64a234,nio-8080-exec-8,o.s.web.servlet.DispatcherServlet,"GET ""/owners/1"", parameters={}"
2026-07-23T00:07:17.071644+00:00,customers-service,customers-service-68b57f7b8c-r7tfg,2026-07-23T00:06:12.566292+00:00,DEBUG,ff1d9fe5f6f4bb17,9277b1f1b160331d,nio-8080-exec-7,o.s.web.servlet.DispatcherServlet,Completed 200 OK
2026-07-23T00:07:17.071644+00:00,customers-service,customers-service-68b57f7b8c-r7tfg,2026-07-23T00:06:12.566286+00:00,DEBUG,ff1d9fe5f6f4bb17,b053123047186254,nio-8080-exec-7,o.s.web.servlet.DispatcherServlet,"GET ""/owners/1"", parameters={}"
2026-07-23T00:07:17.071644+00:00,vets-service,vets-service-789bf77578-8z4zb,2026-07-23T00:07:17.164086+00:00,DEBUG,5ea82a2aa465540c,44ebab0f7456c21a,nio-8080-exec-6,o.s.web.servlet.DispatcherServlet,Completed 200 OK
2026-07-23T00:07:17.071644+00:00,vets-service,vets-service-789bf77578-8z4zb,2026-07-23T00:07:16.913835+00:00,DEBUG,5ea82a2aa465540c,c850acf3d2f9d689,nio-8080-exec-6,o.s.web.servlet.DispatcherServlet,"GET ""/vets"", parameters={}"
2026-07-23T00:07:17.071644+00:00,vets-service,vets-service-789bf77578-8z4zb,2026-07-23T00:07:16.412539+00:00,DEBUG,695a1cb5f9995831,553cb8be017a5669,nio-8080-exec-1,o.s.web.servlet.DispatcherServlet,Completed 200 OK
2026-07-23T00:07:17.071644+00:00,vets-service,vets-service-789bf77578-8z4zb,2026-07-23T00:07:16.412535+00:00,DEBUG,695a1cb5f9995831,04c3227186b8d421,nio-8080-exec-1,o.s.web.servlet.DispatcherServlet,"GET ""/vets"", parameters={}"
2026-07-23T00:07:17.071644+00:00,vets-service,vets-service-789bf77578-8z4zb,2026-07-23T00:07:15.910525+00:00,DEBUG,0f1fcf68fa760836,f77b7bfc5c9940ac,io-8080-exec-10,o.s.web.servlet.DispatcherServlet,Completed 200 OK
2026-07-23T00:07:17.071644+00:00,vets-service,vets-service-789bf77578-8z4zb,2026-07-23T00:07:15.910521+00:00,DEBUG,0f1fcf68fa760836,8787ed8d557a7b35,io-8080-exec-10,o.s.web.servlet.DispatcherServlet,"GET ""/vets"", parameters={}"
2026-07-23T00:07:17.071644+00:00,vets-service,vets-service-789bf77578-8z4zb,2026-07-23T00:07:15.659421+00:00,DEBUG,d5a5c1cd6dbcddbd,c3e7addd5674eefd,nio-8080-exec-9,o.s.web.servlet.DispatcherServlet,Completed 200 OK
2026-07-23T00:07:17.071644+00:00,vets-service,vets-service-789bf77578-8z4zb,2026-07-23T00:07:15.407912+00:00,DEBUG,d5a5c1cd6dbcddbd,d66c6d89ad036190,nio-8080-exec-9,o.s.web.servlet.DispatcherServlet,"GET ""/vets"", parameters={}"
2026-07-23T00:07:17.071644+00:00,vets-service,vets-service-789bf77578-8z4zb,2026-07-23T00:07:15.156638+00:00,DEBUG,ea2e565df39737a2,ea2e565df39737a2,nio-8080-exec-2,o.s.web.servlet.DispatcherServlet,Completed 200 OK
2026-07-23T00:07:17.071644+00:00,vets-service,vets-service-789bf77578-8z4zb,2026-07-23T00:07:14.404090+00:00,DEBUG,ee91ff3a4ad38108,3a51d08b7ec82bae,nio-8080-exec-3,o.s.web.servlet.DispatcherServlet,Completed 200 OK
2026-07-23T00:07:17.071644+00:00,vets-service,vets-service-789bf77578-8z4zb,2026-07-23T00:07:14.404086+00:00,DEBUG,ee91ff3a4ad38108,7594c14d0f13af46,nio-8080-exec-3,o.s.web.servlet.DispatcherServlet,"GET ""/vets"", parameters={}"
2026-07-23T00:07:17.071644+00:00,vets-service,vets-service-789bf77578-8z4zb,2026-07-23T00:07:13.903815+00:00,DEBUG,e6aed05ef6af7b58,b2dd5dead8a5e684,nio-8080-exec-5,o.s.web.servlet.DispatcherServlet,Completed 200 OK
2026-07-23T00:07:17.071644+00:00,vets-service,vets-service-789bf77578-8z4zb,2026-07-23T00:07:13.652760+00:00,DEBUG,e6aed05ef6af7b58,2a06724d7581a606,nio-8080-exec-5,o.s.web.servlet.DispatcherServlet,"GET ""/vets"", parameters={}"
2026-07-23T00:07:17.071644+00:00,vets-service,vets-service-789bf77578-8z4zb,2026-07-23T00:07:13.151470+00:00,DEBUG,65ff94b1f688c9c3,3dfcbab95a7b882a,nio-8080-exec-7,o.s.web.servlet.DispatcherServlet,Completed 200 OK
2026-07-23T00:07:17.071644+00:00,vets-service,vets-service-789bf77578-8z4zb,2026-07-23T00:07:13.151466+00:00,DEBUG,65ff94b1f688c9c3,76010671f62b55f1,nio-8080-exec-7,o.s.web.servlet.DispatcherServlet,"GET ""/vets"", parameters={}"
2026-07-23T00:07:17.071644+00:00,vets-service,vets-service-789bf77578-8z4zb,2026-07-23T00:07:12.649329+00:00,DEBUG,da6cb79dea3569cc,34982c6ad3e39eb6,nio-8080-exec-8,o.s.web.servlet.DispatcherServlet,Completed 200 OK
2026-07-23T00:07:17.071644+00:00,vets-service,vets-service-789bf77578-8z4zb,2026-07-23T00:07:12.649326+00:00,DEBUG,da6cb79dea3569cc,24e7b40f91d92639,nio-8080-exec-8,o.s.web.servlet.DispatcherServlet,"GET ""/vets"", parameters={}"
2026-07-23T00:07:17.071644+00:00,vets-service,vets-service-789bf77578-8z4zb,2026-07-23T00:07:11.647455+00:00,DEBUG,6b3b401aeccec8cb,179718b9b957546a,nio-8080-exec-4,o.s.web.servlet.DispatcherServlet,Completed 200 OK
2026-07-23T00:07:17.071644+00:00,vets-service,vets-service-789bf77578-8z4zb,2026-07-23T00:07:11.396600+00:00,DEBUG,6b3b401aeccec8cb,34d110e23b82129e,nio-8080-exec-4,o.s.web.servlet.DispatcherServlet,"GET ""/vets"", parameters={}"
2026-07-23T00:07:17.071644+00:00,vets-service,vets-service-789bf77578-8z4zb,2026-07-23T00:07:09.891125+00:00,DEBUG,9840a2c5e7c55e2a,7cb61b74afa73585,nio-8080-exec-6,o.s.web.servlet.DispatcherServlet,Completed 200 OK
2026-07-23T00:07:17.071644+00:00,vets-service,vets-service-789bf77578-8z4zb,2026-07-23T00:07:09.891124+00:00,DEBUG,9840a2c5e7c55e2a,5de2b4caab637fdf,nio-8080-exec-6,o.s.web.servlet.DispatcherServlet,"GET ""/vets"", parameters={}"
2026-07-23T00:07:17.071644+00:00,vets-service,vets-service-789bf77578-8z4zb,2026-07-23T00:07:08.386321+00:00,DEBUG,8031dfc306b60d0f,cebf7fba9435b001,nio-8080-exec-1,o.s.web.servlet.DispatcherServlet,Completed 200 OK
2026-07-23T00:07:17.071644+00:00,vets-service,vets-service-789bf77578-8z4zb,2026-07-23T00:07:08.386317+00:00,DEBUG,8031dfc306b60d0f,6a216263e4f6b4e3,nio-8080-exec-1,o.s.web.servlet.DispatcherServlet,"GET ""/vets"", parameters={}"
2026-07-23T00:07:17.071644+00:00,vets-service,vets-service-789bf77578-8z4zb,2026-07-23T00:07:07.633196+00:00,DEBUG,f23dab51c288ac1e,bd2a7459e7011e5c,io-8080-exec-10,o.s.web.servlet.DispatcherServlet,Completed 200 OK
2026-07-23T00:07:17.071644+00:00,vets-service,vets-service-789bf77578-8z4zb,2026-07-23T00:07:07.633191+00:00,DEBUG,f23dab51c288ac1e,5ca14ff7667da86e,io-8080-exec-10,o.s.web.servlet.DispatcherServlet,"GET ""/vets"", parameters={}"
2026-07-23T00:07:17.071644+00:00,vets-service,vets-service-789bf77578-8z4zb,2026-07-23T00:07:07.382075+00:00,DEBUG,572c23b8ea5561bc,429ee0449293b963,nio-8080-exec-9,o.s.web.servlet.DispatcherServlet,Completed 200 OK
2026-07-23T00:07:17.071644+00:00,vets-service,vets-service-789bf77578-8z4zb,2026-07-23T00:07:07.382071+00:00,DEBUG,572c23b8ea5561bc,c32bb8dcf2592bd6,nio-8080-exec-9,o.s.web.servlet.DispatcherServlet,"GET ""/vets"", parameters={}"
2026-07-23T00:07:17.071644+00:00,vets-service,vets-service-789bf77578-8z4zb,2026-07-23T00:07:06.880203+00:00,DEBUG,2719a9e1c71ceed7,e7d89a46c8481cba,nio-8080-exec-2,o.s.web.servlet.DispatcherServlet,Completed 200 OK
2026-07-23T00:07:17.071644+00:00,vets-service,vets-service-789bf77578-8z4zb,2026-07-23T00:07:06.880162+00:00,DEBUG,f65b3600cb15c83a,f65b3600cb15c83a,nio-8080-exec-3,o.s.web.servlet.DispatcherServlet,Completed 200 OK
2026-07-23T00:07:17.071644+00:00,vets-service,vets-service-789bf77578-8z4zb,2026-07-23T00:07:06.880134+00:00,DEBUG,2719a9e1c71ceed7,5a7b019c1b6f3cc1,nio-8080-exec-2,o.s.web.servlet.DispatcherServlet,"GET ""/vets"", parameters={}"
2026-07-23T00:07:17.071644+00:00,vets-service,vets-service-789bf77578-8z4zb,2026-07-23T00:07:05.876656+00:00,DEBUG,da8f30950fc75c8e,9f81acf275246958,nio-8080-exec-5,o.s.web.servlet.DispatcherServlet,Completed 200 OK
2026-07-23T00:07:17.071644+00:00,vets-service,vets-service-789bf77578-8z4zb,2026-07-23T00:07:05.876645+00:00,DEBUG,da8f30950fc75c8e,00d54f5a643b83ab,nio-8080-exec-5,o.s.web.servlet.DispatcherServlet,"GET ""/vets"", parameters={}"
2026-07-23T00:07:17.071644+00:00,vets-service,vets-service-789bf77578-8z4zb,2026-07-23T00:07:05.625361+00:00,DEBUG,4420d70baea569e5,e6634bfdd7b4ee36,nio-8080-exec-7,o.s.web.servlet.DispatcherServlet,Completed 200 OK
2026-07-23T00:07:17.071644+00:00,vets-service,vets-service-789bf77578-8z4zb,2026-07-23T00:07:05.625358+00:00,DEBUG,4420d70baea569e5,e2ae00a7913993f5,nio-8080-exec-7,o.s.web.servlet.DispatcherServlet,"GET ""/vets"", parameters={}"
2026-07-23T00:07:17.071644+00:00,vets-service,vets-service-789bf77578-8z4zb,2026-07-23T00:07:05.374370+00:00,DEBUG,0ef6c069622cad5f,32caee40f9696402,nio-8080-exec-8,o.s.web.servlet.DispatcherServlet,Completed 200 OK
2026-07-23T00:07:17.071644+00:00,vets-service,vets-service-789bf77578-8z4zb,2026-07-23T00:07:05.374368+00:00,DEBUG,0ef6c069622cad5f,12c81c43ba01270d,nio-8080-exec-8,o.s.web.servlet.DispatcherServlet,"GET ""/vets"", parameters={}"
2026-07-23T00:07:17.071644+00:00,vets-service,vets-service-789bf77578-8z4zb,2026-07-23T00:07:04.370735+00:00,DEBUG,ff08c24200528697,5afd4b4d1d775e09,nio-8080-exec-4,o.s.web.servlet.DispatcherServlet,Completed 200 OK
2026-07-23T00:07:17.071644+00:00,vets-service,vets-service-789bf77578-8z4zb,2026-07-23T00:07:04.370732+00:00,DEBUG,ff08c24200528697,7b0594d582e223ba,nio-8080-exec-4,o.s.web.servlet.DispatcherServlet,"GET ""/vets"", parameters={}"
2026-07-23T00:07:17.071644+00:00,vets-service,vets-service-789bf77578-8z4zb,2026-07-23T00:07:03.367980+00:00,DEBUG,ade755989015cfab,7a97b87e949c941b,nio-8080-exec-6,o.s.web.servlet.DispatcherServlet,Completed 200 OK
2026-07-23T00:07:17.071644+00:00,vets-service,vets-service-789bf77578-8z4zb,2026-07-23T00:07:03.367880+00:00,DEBUG,ade755989015cfab,2f6c9d2bb04b0fa1,nio-8080-exec-6,o.s.web.servlet.DispatcherServlet,"GET ""/vets"", parameters={}"
2026-07-23T00:07:17.071644+00:00,vets-service,vets-service-789bf77578-8z4zb,2026-07-23T00:07:03.367855+00:00,DEBUG,40c55433c3e7ae0b,40c55433c3e7ae0b,nio-8080-exec-1,o.s.web.servlet.DispatcherServlet,Completed 200 OK
2026-07-23T00:07:17.071644+00:00,vets-service,vets-service-789bf77578-8z4zb,2026-07-23T00:07:01.863007+00:00,DEBUG,2a3680f4d2f4fac3,1c8845d0bc1bddfd,io-8080-exec-10,o.s.web.servlet.DispatcherServlet,Completed 200 OK
2026-07-23T00:07:17.071644+00:00,vets-service,vets-service-789bf77578-8z4zb,2026-07-23T00:07:01.863003+00:00,DEBUG,2a3680f4d2f4fac3,cc7c0b816e7c08f1,io-8080-exec-10,o.s.web.servlet.DispatcherServlet,"GET ""/vets"", parameters={}"
2026-07-23T00:07:17.071644+00:00,vets-service,vets-service-789bf77578-8z4zb,2026-07-23T00:07:00.859270+00:00,DEBUG,375d585b451f9bda,9b1eb4213d78c0f8,nio-8080-exec-9,o.s.web.servlet.DispatcherServlet,Completed 200 OK
2026-07-23T00:07:17.071644+00:00,vets-service,vets-service-789bf77578-8z4zb,2026-07-23T00:07:00.859267+00:00,DEBUG,375d585b451f9bda,1d2ec80ff9ff57d5,nio-8080-exec-9,o.s.web.servlet.DispatcherServlet,"GET ""/vets"", parameters={}"
2026-07-23T00:07:17.071644+00:00,vets-service,vets-service-789bf77578-8z4zb,2026-07-23T00:07:00.608492+00:00,DEBUG,f2466e9e5273715c,ea85d3df3bf41474,nio-8080-exec-3,o.s.web.servlet.DispatcherServlet,Completed 200 OK
2026-07-23T00:07:17.071644+00:00,vets-service,vets-service-789bf77578-8z4zb,2026-07-23T00:07:00.608488+00:00,DEBUG,f2466e9e5273715c,8ff3f45b8b2003cc,nio-8080-exec-3,o.s.web.servlet.DispatcherServlet,"GET ""/vets"", parameters={}"
2026-07-23T00:07:17.071644+00:00,vets-service,vets-service-789bf77578-8z4zb,2026-07-23T00:07:00.106782+00:00,DEBUG,b9326e8f47c2734b,518adeaf45b7572d,nio-8080-exec-2,o.s.web.servlet.DispatcherServlet,Completed 200 OK
2026-07-23T00:07:17.071644+00:00,vets-service,vets-service-789bf77578-8z4zb,2026-07-23T00:07:00.106778+00:00,DEBUG,b9326e8f47c2734b,c87e7be135764dab,nio-8080-exec-2,o.s.web.servlet.DispatcherServlet,"GET ""/vets"", parameters={}"
2026-07-23T00:07:17.071644+00:00,vets-service,vets-service-789bf77578-8z4zb,2026-07-23T00:06:59.604276+00:00,DEBUG,5426234a012fd2c4,2a3cd8de009d1a71,nio-8080-exec-5,o.s.web.servlet.DispatcherServlet,Completed 200 OK
2026-07-23T00:07:17.071644+00:00,vets-service,vets-service-789bf77578-8z4zb,2026-07-23T00:06:59.604269+00:00,DEBUG,5426234a012fd2c4,b481c07514220c0e,nio-8080-exec-5,o.s.web.servlet.DispatcherServlet,"GET ""/vets"", parameters={}"
2026-07-23T00:07:17.071644+00:00,vets-service,vets-service-789bf77578-8z4zb,2026-07-23T00:06:58.853313+00:00,DEBUG,7dd1fc4b6c625c6c,f1e12dbd10a97915,nio-8080-exec-7,o.s.web.servlet.DispatcherServlet,Completed 200 OK
2026-07-23T00:07:17.071644+00:00,vets-service,vets-service-789bf77578-8z4zb,2026-07-23T00:06:58.853310+00:00,DEBUG,7dd1fc4b6c625c6c,3622d231ef659a33,nio-8080-exec-7,o.s.web.servlet.DispatcherServlet,"GET ""/vets"", parameters={}"
2026-07-23T00:07:17.071644+00:00,vets-service,vets-service-789bf77578-8z4zb,2026-07-23T00:06:57.849918+00:00,DEBUG,0d8522b155a02554,16ddb4a6ac7a03ac,nio-8080-exec-8,o.s.web.servlet.DispatcherServlet,Completed 200 OK
2026-07-23T00:07:17.071644+00:00,vets-service,vets-service-789bf77578-8z4zb,2026-07-23T00:06:57.599381+00:00,DEBUG,0d8522b155a02554,06cbd56f9647a7fe,nio-8080-exec-8,o.s.web.servlet.DispatcherServlet,"GET ""/vets"", parameters={}"
2026-07-23T00:07:17.071644+00:00,vets-service,vets-service-789bf77578-8z4zb,2026-07-23T00:06:57.349278+00:00,DEBUG,c7254422bfa4ee03,7f08c0ad2a24d305,nio-8080-exec-4,o.s.web.servlet.DispatcherServlet,Completed 200 OK
2026-07-23T00:07:17.071644+00:00,vets-service,vets-service-789bf77578-8z4zb,2026-07-23T00:06:57.097888+00:00,DEBUG,c7254422bfa4ee03,ab9f398f0075cd97,nio-8080-exec-4,o.s.web.servlet.DispatcherServlet,"GET ""/vets"", parameters={}"
2026-07-23T00:07:17.071644+00:00,vets-service,vets-service-789bf77578-8z4zb,2026-07-23T00:06:56.596864+00:00,DEBUG,2778087fe1e04486,ca0ae1ccc73506c7,nio-8080-exec-6,o.s.web.servlet.DispatcherServlet,Completed 200 OK
2026-07-23T00:07:17.071644+00:00,vets-service,vets-service-789bf77578-8z4zb,2026-07-23T00:06:56.596860+00:00,DEBUG,2778087fe1e04486,305e6dc90e55ce90,nio-8080-exec-6,o.s.web.servlet.DispatcherServlet,"GET ""/vets"", parameters={}"
2026-07-23T00:07:17.071644+00:00,vets-service,vets-service-789bf77578-8z4zb,2026-07-23T00:06:55.592056+00:00,DEBUG,0526b490d017ffa7,1a5c7af5af315914,nio-8080-exec-1,o.s.web.servlet.DispatcherServlet,Completed 200 OK
2026-07-23T00:07:17.071644+00:00,vets-service,vets-service-789bf77578-8z4zb,2026-07-23T00:06:55.341293+00:00,DEBUG,0526b490d017ffa7,31c47dbda02b66cc,nio-8080-exec-1,o.s.web.servlet.DispatcherServlet,"GET ""/vets"", parameters={}"
2026-07-23T00:07:17.071644+00:00,vets-service,vets-service-789bf77578-8z4zb,2026-07-23T00:06:55.341269+00:00,DEBUG,1075c044e207b55f,846be12eb15bb391,io-8080-exec-10,o.s.web.servlet.DispatcherServlet,Completed 200 OK
2026-07-23T00:07:17.071644+00:00,vets-service,vets-service-789bf77578-8z4zb,2026-07-23T00:06:55.341265+00:00,DEBUG,1075c044e207b55f,bee27e7b095efc5b,io-8080-exec-10,o.s.web.servlet.DispatcherServlet,"GET ""/vets"", parameters={}"
2026-07-23T00:07:17.071644+00:00,vets-service,vets-service-789bf77578-8z4zb,2026-07-23T00:06:55.090365+00:00,DEBUG,bb2d06a15c171f2f,bb2d06a15c171f2f,nio-8080-exec-9,o.s.web.servlet.DispatcherServlet,Completed 200 OK
2026-07-23T00:07:17.071644+00:00,vets-service,vets-service-789bf77578-8z4zb,2026-07-23T00:06:54.086879+00:00,DEBUG,4d123871aca870fc,fbae1d5e125139a2,nio-8080-exec-3,o.s.web.servlet.DispatcherServlet,Completed 200 OK
2026-07-23T00:07:17.071644+00:00,vets-service,vets-service-789bf77578-8z4zb,2026-07-23T00:06:54.086875+00:00,DEBUG,4d123871aca870fc,d831356812b81ca0,nio-8080-exec-3,o.s.web.servlet.DispatcherServlet,"GET ""/vets"", parameters={}"
2026-07-23T00:07:17.071644+00:00,vets-service,vets-service-789bf77578-8z4zb,2026-07-23T00:06:52.081784+00:00,DEBUG,e8b1ff13316bf058,65752ae9d3fc6ed2,nio-8080-exec-2,o.s.web.servlet.DispatcherServlet,Completed 200 OK
2026-07-23T00:07:17.071644+00:00,vets-service,vets-service-789bf77578-8z4zb,2026-07-23T00:06:52.081780+00:00,DEBUG,e8b1ff13316bf058,49326ce42f753cdd,nio-8080-exec-2,o.s.web.servlet.DispatcherServlet,"GET ""/vets"", parameters={}"
2026-07-23T00:07:17.071644+00:00,vets-service,vets-service-789bf77578-8z4zb,2026-07-23T00:06:51.830447+00:00,DEBUG,4a9d3532a72a9a3b,be3ef89c7439dde0,nio-8080-exec-5,o.s.web.servlet.DispatcherServlet,Completed 200 OK
2026-07-23T00:07:17.071644+00:00,vets-service,vets-service-789bf77578-8z4zb,2026-07-23T00:06:51.830444+00:00,DEBUG,4a9d3532a72a9a3b,8b55bd360bba7a07,nio-8080-exec-5,o.s.web.servlet.DispatcherServlet,"GET ""/vets"", parameters={}"
2026-07-23T00:07:17.071644+00:00,vets-service,vets-service-789bf77578-8z4zb,2026-07-23T00:06:51.579586+00:00,DEBUG,ad2bf4b0f8bb57b5,e0b816dfa7856363,nio-8080-exec-7,o.s.web.servlet.DispatcherServlet,Completed 200 OK
2026-07-23T00:07:17.071644+00:00,vets-service,vets-service-789bf77578-8z4zb,2026-07-23T00:06:51.579583+00:00,DEBUG,ad2bf4b0f8bb57b5,f2fb46a9ad84739a,nio-8080-exec-7,o.s.web.servlet.DispatcherServlet,"GET ""/vets"", parameters={}"
2026-07-23T00:07:17.071644+00:00,vets-service,vets-service-789bf77578-8z4zb,2026-07-23T00:06:51.328667+00:00,DEBUG,18d5339500116643,18d5339500116643,nio-8080-exec-8,o.s.web.servlet.DispatcherServlet,Completed 200 OK
2026-07-23T00:07:17.071644+00:00,vets-service,vets-service-789bf77578-8z4zb,2026-07-23T00:06:50.325285+00:00,DEBUG,5649d66156ef992c,3b85782058cdff78,nio-8080-exec-4,o.s.web.servlet.DispatcherServlet,Completed 200 OK
2026-07-23T00:07:17.071644+00:00,vets-service,vets-service-789bf77578-8z4zb,2026-07-23T00:06:50.325281+00:00,DEBUG,5649d66156ef992c,6804eeeaf4b8f59e,nio-8080-exec-4,o.s.web.servlet.DispatcherServlet,"GET ""/vets"", parameters={}"
2026-07-23T00:07:17.071644+00:00,vets-service,vets-service-789bf77578-8z4zb,2026-07-23T00:06:50.074445+00:00,DEBUG,24cc6a1736f81868,b0084820ed92ab11,nio-8080-exec-6,o.s.web.servlet.DispatcherServlet,Completed 200 OK
2026-07-23T00:07:17.071644+00:00,vets-service,vets-service-789bf77578-8z4zb,2026-07-23T00:06:50.074441+00:00,DEBUG,24cc6a1736f81868,2cb1417b8c7cdcba,nio-8080-exec-6,o.s.web.servlet.DispatcherServlet,"GET ""/vets"", parameters={}"
2026-07-23T00:07:17.071644+00:00,vets-service,vets-service-789bf77578-8z4zb,2026-07-23T00:06:49.072304+00:00,DEBUG,94f384b7dd95c665,a032bbf8ee66b464,nio-8080-exec-1,o.s.web.servlet.DispatcherServlet,Completed 200 OK
2026-07-23T00:07:17.071644+00:00,vets-service,vets-service-789bf77578-8z4zb,2026-07-23T00:06:48.821170+00:00,DEBUG,94f384b7dd95c665,3fab8735b9f48c5d,nio-8080-exec-1,o.s.web.servlet.DispatcherServlet,"GET ""/vets"", parameters={}"
2026-07-23T00:07:17.071644+00:00,vets-service,vets-service-789bf77578-8z4zb,2026-07-23T00:06:48.570524+00:00,DEBUG,503a7e3a43e3b260,b20b9c25aef4bce7,io-8080-exec-10,o.s.web.servlet.DispatcherServlet,Completed 200 OK
2026-07-23T00:07:17.071644+00:00,vets-service,vets-service-789bf77578-8z4zb,2026-07-23T00:06:48.570519+00:00,DEBUG,503a7e3a43e3b260,8f58ce0c812e834c,io-8080-exec-10,o.s.web.servlet.DispatcherServlet,"GET ""/vets"", parameters={}"
2026-07-23T00:07:17.071644+00:00,vets-service,vets-service-789bf77578-8z4zb,2026-07-23T00:06:48.319796+00:00,DEBUG,1bd2c10f289a060b,1bd2c10f289a060b,nio-8080-exec-9,o.s.web.servlet.DispatcherServlet,Completed 200 OK
2026-07-23T00:07:17.071644+00:00,vets-service,vets-service-789bf77578-8z4zb,2026-07-23T00:06:48.319742+00:00,DEBUG,3fb03e38a17ecd0d,dc8c1c01357dfc85,nio-8080-exec-3,o.s.web.servlet.DispatcherServlet,Completed 200 OK
2026-07-23T00:07:17.071644+00:00,vets-service,vets-service-789bf77578-8z4zb,2026-07-23T00:06:48.319739+00:00,DEBUG,3fb03e38a17ecd0d,7e2d3a4e1f86b4a9,nio-8080-exec-3,o.s.web.servlet.DispatcherServlet,"GET ""/vets"", parameters={}"
2026-07-23T00:07:17.071644+00:00,vets-service,vets-service-789bf77578-8z4zb,2026-07-23T00:06:47.567689+00:00,DEBUG,f277c93389d4bb1f,d0e28747b8be88ec,nio-8080-exec-2,o.s.web.servlet.DispatcherServlet,Completed 200 OK
2026-07-23T00:07:17.071644+00:00,vets-service,vets-service-789bf77578-8z4zb,2026-07-23T00:06:47.567685+00:00,DEBUG,f277c93389d4bb1f,c844aa04e135a7f8,nio-8080-exec-2,o.s.web.servlet.DispatcherServlet,"GET ""/vets"", parameters={}"
2026-07-23T00:07:17.071644+00:00,vets-service,vets-service-789bf77578-8z4zb,2026-07-23T00:06:47.316442+00:00,DEBUG,10a7d77c58dd2ec3,ffb6eb9ff0020327,nio-8080-exec-5,o.s.web.servlet.DispatcherServlet,Completed 200 OK
2026-07-23T00:07:17.071644+00:00,vets-service,vets-service-789bf77578-8z4zb,2026-07-23T00:06:47.065353+00:00,DEBUG,10a7d77c58dd2ec3,1378d01707771e40,nio-8080-exec-5,o.s.web.servlet.DispatcherServlet,"GET ""/vets"", parameters={}"
2026-07-23T00:07:17.071644+00:00,vets-service,vets-service-789bf77578-8z4zb,2026-07-23T00:06:47.065327+00:00,DEBUG,3e53c9bce12afcb4,bc5bcd4c0ec217c9,nio-8080-exec-7,o.s.web.servlet.DispatcherServlet,Completed 200 OK
2026-07-23T00:07:17.071644+00:00,vets-service,vets-service-789bf77578-8z4zb,2026-07-23T00:06:47.065323+00:00,DEBUG,3e53c9bce12afcb4,16eff3d1b3921163,nio-8080-exec-7,o.s.web.servlet.DispatcherServlet,"GET ""/vets"", parameters={}"
2026-07-23T00:07:17.071644+00:00,vets-service,vets-service-789bf77578-8z4zb,2026-07-23T00:06:43.555248+00:00,DEBUG,32c4ef93e9fbd910,83c61a03aa44541f,nio-8080-exec-8,o.s.web.servlet.DispatcherServlet,Completed 200 OK
2026-07-23T00:07:17.071644+00:00,vets-service,vets-service-789bf77578-8z4zb,2026-07-23T00:06:43.304681+00:00,DEBUG,32c4ef93e9fbd910,8b603285fb04ba2a,nio-8080-exec-8,o.s.web.servlet.DispatcherServlet,"GET ""/vets"", parameters={}"
2026-07-23T00:07:17.071644+00:00,vets-service,vets-service-789bf77578-8z4zb,2026-07-23T00:06:43.054560+00:00,DEBUG,9a589981ec59d493,e42dff8060846492,nio-8080-exec-4,o.s.web.servlet.DispatcherServlet,Completed 200 OK
2026-07-23T00:07:17.071644+00:00,vets-service,vets-service-789bf77578-8z4zb,2026-07-23T00:06:42.804428+00:00,DEBUG,9a589981ec59d493,11cba72ffbb27e95,nio-8080-exec-4,o.s.web.servlet.DispatcherServlet,"GET ""/vets"", parameters={}"
2026-07-23T00:07:17.071644+00:00,vets-service,vets-service-789bf77578-8z4zb,2026-07-23T00:06:42.052005+00:00,DEBUG,cccd3fd16c6769af,060e20088b79a14c,nio-8080-exec-6,o.s.web.servlet.DispatcherServlet,Completed 200 OK
2026-07-23T00:07:17.071644+00:00,vets-service,vets-service-789bf77578-8z4zb,2026-07-23T00:06:42.051981+00:00,DEBUG,cccd3fd16c6769af,b5b502556682a6e4,nio-8080-exec-6,o.s.web.servlet.DispatcherServlet,"GET ""/vets"", parameters={}"
2026-07-23T00:07:17.071644+00:00,vets-service,vets-service-789bf77578-8z4zb,2026-07-23T00:06:42.051970+00:00,DEBUG,279e8d8b0fc1ea9e,f76a5a40ccaf1ae6,nio-8080-exec-1,o.s.web.servlet.DispatcherServlet,Completed 200 OK
2026-07-23T00:07:17.071644+00:00,vets-service,vets-service-789bf77578-8z4zb,2026-07-23T00:06:41.801741+00:00,DEBUG,279e8d8b0fc1ea9e,72975f1982f90f6c,nio-8080-exec-1,o.s.web.servlet.DispatcherServlet,"GET ""/vets"", parameters={}"
2026-07-23T00:07:17.071644+00:00,vets-service,vets-service-789bf77578-8z4zb,2026-07-23T00:06:41.551472+00:00,DEBUG,25cccd128ce738c4,4364eee17160b59f,io-8080-exec-10,o.s.web.servlet.DispatcherServlet,Completed 200 OK
2026-07-23T00:07:17.071644+00:00,vets-service,vets-service-789bf77578-8z4zb,2026-07-23T00:06:41.551469+00:00,DEBUG,25cccd128ce738c4,76f5288b4d3e6ac7,io-8080-exec-10,o.s.web.servlet.DispatcherServlet,"GET ""/vets"", parameters={}"
2026-07-23T00:07:17.071644+00:00,vets-service,vets-service-789bf77578-8z4zb,2026-07-23T00:06:41.300969+00:00,DEBUG,2e1220f74f27e5b0,874fc8b4e36e1e2c,nio-8080-exec-9,o.s.web.servlet.DispatcherServlet,Completed 200 OK
2026-07-23T00:07:17.071644+00:00,vets-service,vets-service-789bf77578-8z4zb,2026-07-23T00:06:41.300966+00:00,DEBUG,2e1220f74f27e5b0,aafd2b319ef07f49,nio-8080-exec-9,o.s.web.servlet.DispatcherServlet,"GET ""/vets"", parameters={}"
2026-07-23T00:07:17.071644+00:00,vets-service,vets-service-789bf77578-8z4zb,2026-07-23T00:06:40.799684+00:00,DEBUG,a0c88b5957148a58,2a3ef94d41796808,nio-8080-exec-3,o.s.web.servlet.DispatcherServlet,Completed 200 OK
2026-07-23T00:07:17.071644+00:00,vets-service,vets-service-789bf77578-8z4zb,2026-07-23T00:06:40.799679+00:00,DEBUG,a0c88b5957148a58,b45426c7f08bddfa,nio-8080-exec-3,o.s.web.servlet.DispatcherServlet,"GET ""/vets"", parameters={}"
2026-07-23T00:07:17.071644+00:00,vets-service,vets-service-789bf77578-8z4zb,2026-07-23T00:06:40.046274+00:00,DEBUG,2434a39de01ab1f7,0212a979ecf2b2f2,nio-8080-exec-2,o.s.web.servlet.DispatcherServlet,Completed 200 OK
2026-07-23T00:07:17.071644+00:00,vets-service,vets-service-789bf77578-8z4zb,2026-07-23T00:06:40.046270+00:00,DEBUG,2434a39de01ab1f7,5dfa2d50eaa29259,nio-8080-exec-2,o.s.web.servlet.DispatcherServlet,"GET ""/vets"", parameters={}"
2026-07-23T00:07:17.071644+00:00,vets-service,vets-service-789bf77578-8z4zb,2026-07-23T00:06:37.287406+00:00,DEBUG,812d25b49647f70a,a19645489320ac0f,nio-8080-exec-5,o.s.web.servlet.DispatcherServlet,Completed 200 OK
2026-07-23T00:07:17.071644+00:00,vets-service,vets-service-789bf77578-8z4zb,2026-07-23T00:06:37.287402+00:00,DEBUG,812d25b49647f70a,d071076bd4f4adbf,nio-8080-exec-5,o.s.web.servlet.DispatcherServlet,"GET ""/vets"", parameters={}"
2026-07-23T00:07:17.071644+00:00,vets-service,vets-service-789bf77578-8z4zb,2026-07-23T00:06:36.284390+00:00,DEBUG,7615d2821ec530dd,66ad8aef47b804ec,nio-8080-exec-7,o.s.web.servlet.DispatcherServlet,Completed 200 OK
2026-07-23T00:07:17.071644+00:00,vets-service,vets-service-789bf77578-8z4zb,2026-07-23T00:06:36.033341+00:00,DEBUG,7615d2821ec530dd,a770c57da6806afe,nio-8080-exec-7,o.s.web.servlet.DispatcherServlet,"GET ""/vets"", parameters={}"
2026-07-23T00:07:17.071644+00:00,vets-service,vets-service-789bf77578-8z4zb,2026-07-23T00:06:35.782566+00:00,DEBUG,9c608ee057550f5e,9c608ee057550f5e,nio-8080-exec-8,o.s.web.servlet.DispatcherServlet,Completed 200 OK
2026-07-23T00:07:17.071644+00:00,vets-service,vets-service-789bf77578-8z4zb,2026-07-23T00:06:35.029260+00:00,DEBUG,d3be1e98ae0cf73c,d3be1e98ae0cf73c,nio-8080-exec-4,o.s.web.servlet.DispatcherServlet,Completed 200 OK
2026-07-23T00:07:17.071644+00:00,vets-service,vets-service-789bf77578-8z4zb,2026-07-23T00:06:33.776308+00:00,DEBUG,9a1ff155f59a8d3f,7b3e73f597fb2320,nio-8080-exec-6,o.s.web.servlet.DispatcherServlet,Completed 200 OK
2026-07-23T00:07:17.071644+00:00,vets-service,vets-service-789bf77578-8z4zb,2026-07-23T00:06:33.776304+00:00,DEBUG,9a1ff155f59a8d3f,c3eef8b54b3a55f0,nio-8080-exec-6,o.s.web.servlet.DispatcherServlet,"GET ""/vets"", parameters={}"
2026-07-23T00:07:17.071644+00:00,vets-service,vets-service-789bf77578-8z4zb,2026-07-23T00:06:33.275420+00:00,DEBUG,6349a877e2830eb6,6349a877e2830eb6,nio-8080-exec-1,o.s.web.servlet.DispatcherServlet,Completed 200 OK
2026-07-23T00:07:17.071644+00:00,vets-service,vets-service-789bf77578-8z4zb,2026-07-23T00:06:32.773345+00:00,DEBUG,7661b4c38ae791fb,02e333bb4c2642f0,io-8080-exec-10,o.s.web.servlet.DispatcherServlet,Completed 200 OK
2026-07-23T00:07:17.071644+00:00,vets-service,vets-service-789bf77578-8z4zb,2026-07-23T00:06:32.773340+00:00,DEBUG,7661b4c38ae791fb,2f22125417167b1d,io-8080-exec-10,o.s.web.servlet.DispatcherServlet,"GET ""/vets"", parameters={}"
2026-07-23T00:07:17.071644+00:00,vets-service,vets-service-789bf77578-8z4zb,2026-07-23T00:06:32.521987+00:00,DEBUG,78c098fd90fdb7f5,96c4b31ac488c30b,nio-8080-exec-9,o.s.web.servlet.DispatcherServlet,Completed 200 OK
2026-07-23T00:07:17.071644+00:00,vets-service,vets-service-789bf77578-8z4zb,2026-07-23T00:06:32.521983+00:00,DEBUG,78c098fd90fdb7f5,a178c69b98e9ebfd,nio-8080-exec-9,o.s.web.servlet.DispatcherServlet,"GET ""/vets"", parameters={}"
2026-07-23T00:07:17.071644+00:00,vets-service,vets-service-789bf77578-8z4zb,2026-07-23T00:06:31.267454+00:00,DEBUG,07af96dbfb3c3333,525dde5f42e98513,nio-8080-exec-3,o.s.web.servlet.DispatcherServlet,Completed 200 OK
2026-07-23T00:07:17.071644+00:00,vets-service,vets-service-789bf77578-8z4zb,2026-07-23T00:06:31.017208+00:00,DEBUG,07af96dbfb3c3333,9ea4e33e4789cc5c,nio-8080-exec-3,o.s.web.servlet.DispatcherServlet,"GET ""/vets"", parameters={}"
2026-07-23T00:07:17.071644+00:00,vets-service,vets-service-789bf77578-8z4zb,2026-07-23T00:06:30.264451+00:00,DEBUG,c6a70b4c57434b50,1a43019c3790efc6,nio-8080-exec-2,o.s.web.servlet.DispatcherServlet,Completed 200 OK
2026-07-23T00:07:17.071644+00:00,vets-service,vets-service-789bf77578-8z4zb,2026-07-23T00:06:30.014002+00:00,DEBUG,c6a70b4c57434b50,5b0df1ace2a7601e,nio-8080-exec-2,o.s.web.servlet.DispatcherServlet,"GET ""/vets"", parameters={}"
2026-07-23T00:07:17.071644+00:00,vets-service,vets-service-789bf77578-8z4zb,2026-07-23T00:06:29.261740+00:00,DEBUG,3a1780da61c7dfbc,83f2ad42c3c3552c,nio-8080-exec-5,o.s.web.servlet.DispatcherServlet,Completed 200 OK
2026-07-23T00:07:17.071644+00:00,vets-service,vets-service-789bf77578-8z4zb,2026-07-23T00:06:29.261733+00:00,DEBUG,3a1780da61c7dfbc,d1bc0b26fe291b2d,nio-8080-exec-5,o.s.web.servlet.DispatcherServlet,"GET ""/vets"", parameters={}"
2026-07-23T00:07:17.071644+00:00,vets-service,vets-service-789bf77578-8z4zb,2026-07-23T00:06:28.510073+00:00,DEBUG,1a4033eb626fcee8,afa1b505c4bcbf80,nio-8080-exec-7,o.s.web.servlet.DispatcherServlet,Completed 200 OK
2026-07-23T00:07:17.071644+00:00,vets-service,vets-service-789bf77578-8z4zb,2026-07-23T00:06:28.258918+00:00,DEBUG,1a4033eb626fcee8,9273230f22f95044,nio-8080-exec-7,o.s.web.servlet.DispatcherServlet,"GET ""/vets"", parameters={}"
2026-07-23T00:07:17.071644+00:00,vets-service,vets-service-789bf77578-8z4zb,2026-07-23T00:06:26.754972+00:00,DEBUG,0fa5d69fa1148b86,1b0da8283928844d,nio-8080-exec-8,o.s.web.servlet.DispatcherServlet,Completed 200 OK
2026-07-23T00:07:17.071644+00:00,vets-service,vets-service-789bf77578-8z4zb,2026-07-23T00:06:26.754971+00:00,DEBUG,0fa5d69fa1148b86,f19f0f7f806d6b59,nio-8080-exec-8,o.s.web.servlet.DispatcherServlet,"GET ""/vets"", parameters={}"
2026-07-23T00:07:17.071644+00:00,vets-service,vets-service-789bf77578-8z4zb,2026-07-23T00:06:26.503917+00:00,DEBUG,a0e00d45b926379a,9c3b210622110160,nio-8080-exec-4,o.s.web.servlet.DispatcherServlet,Completed 200 OK
2026-07-23T00:07:17.071644+00:00,vets-service,vets-service-789bf77578-8z4zb,2026-07-23T00:06:26.503913+00:00,DEBUG,a0e00d45b926379a,59f3f504fbfd3acf,nio-8080-exec-4,o.s.web.servlet.DispatcherServlet,"GET ""/vets"", parameters={}"
2026-07-23T00:07:17.071644+00:00,vets-service,vets-service-789bf77578-8z4zb,2026-07-23T00:06:26.001095+00:00,DEBUG,59a29ec4551436be,7cfa0372b4ae08f3,nio-8080-exec-6,o.s.web.servlet.DispatcherServlet,Completed 200 OK
2026-07-23T00:07:17.071644+00:00,vets-service,vets-service-789bf77578-8z4zb,2026-07-23T00:06:25.750197+00:00,DEBUG,59a29ec4551436be,605411380c5d3574,nio-8080-exec-6,o.s.web.servlet.DispatcherServlet,"GET ""/vets"", parameters={}"
2026-07-23T00:07:17.071644+00:00,vets-service,vets-service-789bf77578-8z4zb,2026-07-23T00:06:24.747261+00:00,DEBUG,c93ef075b1bb76ba,cee1394fdc0b6c37,nio-8080-exec-1,o.s.web.servlet.DispatcherServlet,Completed 200 OK
2026-07-23T00:07:17.071644+00:00,vets-service,vets-service-789bf77578-8z4zb,2026-07-23T00:06:24.747257+00:00,DEBUG,c93ef075b1bb76ba,9d2f805a93c9ca7b,nio-8080-exec-1,o.s.web.servlet.DispatcherServlet,"GET ""/vets"", parameters={}"
2026-07-23T00:07:17.071644+00:00,vets-service,vets-service-789bf77578-8z4zb,2026-07-23T00:06:24.496623+00:00,DEBUG,aadedb1b57276b87,2a00a8de0ff224e3,io-8080-exec-10,o.s.web.servlet.DispatcherServlet,Completed 200 OK
2026-07-23T00:07:17.071644+00:00,vets-service,vets-service-789bf77578-8z4zb,2026-07-23T00:06:24.496621+00:00,DEBUG,aadedb1b57276b87,292746745f9dbc86,io-8080-exec-10,o.s.web.servlet.DispatcherServlet,"GET ""/vets"", parameters={}"
2026-07-23T00:07:17.071644+00:00,vets-service,vets-service-789bf77578-8z4zb,2026-07-23T00:06:24.245277+00:00,DEBUG,decbecf6cdb12912,583072e1c6027023,nio-8080-exec-9,o.s.web.servlet.DispatcherServlet,Completed 200 OK
2026-07-23T00:07:17.071644+00:00,vets-service,vets-service-789bf77578-8z4zb,2026-07-23T00:06:24.245273+00:00,DEBUG,decbecf6cdb12912,fbde1bdb5f34a705,nio-8080-exec-9,o.s.web.servlet.DispatcherServlet,"GET ""/vets"", parameters={}"
2026-07-23T00:07:17.071644+00:00,vets-service,vets-service-789bf77578-8z4zb,2026-07-23T00:06:23.492453+00:00,DEBUG,a1b1f0aac9e295dc,390826525adc62db,nio-8080-exec-3,o.s.web.servlet.DispatcherServlet,Completed 200 OK
2026-07-23T00:07:17.071644+00:00,vets-service,vets-service-789bf77578-8z4zb,2026-07-23T00:06:23.492427+00:00,DEBUG,a1b1f0aac9e295dc,11ae3bd534ecf726,nio-8080-exec-3,o.s.web.servlet.DispatcherServlet,"GET ""/vets"", parameters={}"
2026-07-23T00:07:17.071644+00:00,vets-service,vets-service-789bf77578-8z4zb,2026-07-23T00:06:23.492423+00:00,DEBUG,b5679e3f093f91ec,3edd9b2b32efbf6d,nio-8080-exec-2,o.s.web.servlet.DispatcherServlet,Completed 200 OK
2026-07-23T00:07:17.071644+00:00,vets-service,vets-service-789bf77578-8z4zb,2026-07-23T00:06:23.241310+00:00,DEBUG,b5679e3f093f91ec,f25b82e9dff1aa89,nio-8080-exec-2,o.s.web.servlet.DispatcherServlet,"GET ""/vets"", parameters={}"
2026-07-23T00:07:17.071644+00:00,vets-service,vets-service-789bf77578-8z4zb,2026-07-23T00:06:23.241264+00:00,DEBUG,be72c3e1c9c11d45,a7d3fcd24dd8edcf,nio-8080-exec-5,o.s.web.servlet.DispatcherServlet,Completed 200 OK
2026-07-23T00:07:17.071644+00:00,vets-service,vets-service-789bf77578-8z4zb,2026-07-23T00:06:23.241261+00:00,DEBUG,be72c3e1c9c11d45,dbacf03b7cf4eda8,nio-8080-exec-5,o.s.web.servlet.DispatcherServlet,"GET ""/vets"", parameters={}"
2026-07-23T00:07:17.071644+00:00,vets-service,vets-service-789bf77578-8z4zb,2026-07-23T00:06:22.990835+00:00,DEBUG,02252d519e485fba,f9841e77e70a65b0,nio-8080-exec-7,o.s.web.servlet.DispatcherServlet,Completed 200 OK
2026-07-23T00:07:17.071644+00:00,vets-service,vets-service-789bf77578-8z4zb,2026-07-23T00:06:22.990831+00:00,DEBUG,02252d519e485fba,9e2774a553d6a102,nio-8080-exec-7,o.s.web.servlet.DispatcherServlet,"GET ""/vets"", parameters={}"
2026-07-23T00:07:17.071644+00:00,vets-service,vets-service-789bf77578-8z4zb,2026-07-23T00:06:22.237413+00:00,DEBUG,ce55120b7f8bc1b8,d1278cef972de490,nio-8080-exec-8,o.s.web.servlet.DispatcherServlet,Completed 200 OK
2026-07-23T00:07:17.071644+00:00,vets-service,vets-service-789bf77578-8z4zb,2026-07-23T00:06:21.986068+00:00,DEBUG,ce55120b7f8bc1b8,8b7cbf2151d8fc77,nio-8080-exec-8,o.s.web.servlet.DispatcherServlet,"GET ""/vets"", parameters={}"
2026-07-23T00:07:17.071644+00:00,vets-service,vets-service-789bf77578-8z4zb,2026-07-23T00:06:21.234493+00:00,DEBUG,b6b4efc84a0e502d,953d935c3435b0d6,nio-8080-exec-4,o.s.web.servlet.DispatcherServlet,Completed 200 OK
2026-07-23T00:07:17.071644+00:00,vets-service,vets-service-789bf77578-8z4zb,2026-07-23T00:06:20.983397+00:00,DEBUG,b6b4efc84a0e502d,515c85f0e4a798a2,nio-8080-exec-4,o.s.web.servlet.DispatcherServlet,"GET ""/vets"", parameters={}"
2026-07-23T00:07:17.071644+00:00,vets-service,vets-service-789bf77578-8z4zb,2026-07-23T00:06:20.231474+00:00,DEBUG,1e53bd7ff38cd462,1cd6da5198f6fa38,nio-8080-exec-6,o.s.web.servlet.DispatcherServlet,Completed 200 OK
2026-07-23T00:07:17.071644+00:00,vets-service,vets-service-789bf77578-8z4zb,2026-07-23T00:06:20.231456+00:00,DEBUG,1e53bd7ff38cd462,d28d2166b0402e91,nio-8080-exec-6,o.s.web.servlet.DispatcherServlet,"GET ""/vets"", parameters={}"
2026-07-23T00:07:17.071644+00:00,vets-service,vets-service-789bf77578-8z4zb,2026-07-23T00:06:19.981492+00:00,DEBUG,917ab3bed23b6188,977e9d80f3cccb7e,nio-8080-exec-1,o.s.web.servlet.DispatcherServlet,Completed 200 OK
2026-07-23T00:07:17.071644+00:00,vets-service,vets-service-789bf77578-8z4zb,2026-07-23T00:06:19.981463+00:00,DEBUG,1919d289bdf997c6,1919d289bdf997c6,io-8080-exec-10,o.s.web.servlet.DispatcherServlet,Completed 200 OK
2026-07-23T00:07:17.071644+00:00,vets-service,vets-service-789bf77578-8z4zb,2026-07-23T00:06:19.981436+00:00,DEBUG,917ab3bed23b6188,20145171feb30b69,nio-8080-exec-1,o.s.web.servlet.DispatcherServlet,"GET ""/vets"", parameters={}"
2026-07-23T00:07:17.071644+00:00,vets-service,vets-service-789bf77578-8z4zb,2026-07-23T00:06:19.730558+00:00,DEBUG,7689eb06b496c33b,e3aecad9ef98af61,nio-8080-exec-9,o.s.web.servlet.DispatcherServlet,Completed 200 OK
2026-07-23T00:07:17.071644+00:00,vets-service,vets-service-789bf77578-8z4zb,2026-07-23T00:06:19.730554+00:00,DEBUG,7689eb06b496c33b,2c002393be43a4a5,nio-8080-exec-9,o.s.web.servlet.DispatcherServlet,"GET ""/vets"", parameters={}"
2026-07-23T00:07:17.071644+00:00,vets-service,vets-service-789bf77578-8z4zb,2026-07-23T00:06:19.480304+00:00,DEBUG,c5aac3bb2fe0f755,8aa0013eaac82291,nio-8080-exec-3,o.s.web.servlet.DispatcherServlet,Completed 200 OK
2026-07-23T00:07:17.071644+00:00,vets-service,vets-service-789bf77578-8z4zb,2026-07-23T00:06:19.480300+00:00,DEBUG,c5aac3bb2fe0f755,811b3afcba7ffc06,nio-8080-exec-3,o.s.web.servlet.DispatcherServlet,"GET ""/vets"", parameters={}"
2026-07-23T00:07:17.071644+00:00,vets-service,vets-service-789bf77578-8z4zb,2026-07-23T00:06:18.226333+00:00,DEBUG,351541d1d449bab1,351541d1d449bab1,nio-8080-exec-2,o.s.web.servlet.DispatcherServlet,Completed 200 OK
2026-07-23T00:07:17.071644+00:00,vets-service,vets-service-789bf77578-8z4zb,2026-07-23T00:06:16.219908+00:00,DEBUG,50b4112e69d0bdf2,a71b8aae6df4cd59,nio-8080-exec-5,o.s.web.servlet.DispatcherServlet,Completed 200 OK
2026-07-23T00:07:17.071644+00:00,vets-service,vets-service-789bf77578-8z4zb,2026-07-23T00:06:16.219904+00:00,DEBUG,50b4112e69d0bdf2,de816a9ea98de4fa,nio-8080-exec-5,o.s.web.servlet.DispatcherServlet,"GET ""/vets"", parameters={}"
2026-07-23T00:07:17.071644+00:00,vets-service,vets-service-789bf77578-8z4zb,2026-07-23T00:06:14.966634+00:00,DEBUG,1c23200cc4dd9b7f,1c23200cc4dd9b7f,nio-8080-exec-7,o.s.web.servlet.DispatcherServlet,Completed 200 OK
2026-07-23T00:07:17.071644+00:00,vets-service,vets-service-789bf77578-8z4zb,2026-07-23T00:06:14.214316+00:00,DEBUG,97722004e7d3dfa3,223b46fdbf600cab,nio-8080-exec-8,o.s.web.servlet.DispatcherServlet,Completed 200 OK
2026-07-23T00:07:17.071644+00:00,vets-service,vets-service-789bf77578-8z4zb,2026-07-23T00:06:14.214312+00:00,DEBUG,97722004e7d3dfa3,de2129af57d73fd6,nio-8080-exec-8,o.s.web.servlet.DispatcherServlet,"GET ""/vets"", parameters={}"
2026-07-23T00:07:17.071644+00:00,vets-service,vets-service-789bf77578-8z4zb,2026-07-23T00:06:13.712700+00:00,DEBUG,9f51de3e362f00fa,868968a47f0ed333,nio-8080-exec-4,o.s.web.servlet.DispatcherServlet,Completed 200 OK
2026-07-23T00:07:17.071644+00:00,vets-service,vets-service-789bf77578-8z4zb,2026-07-23T00:06:13.712697+00:00,DEBUG,9f51de3e362f00fa,78890d525176be47,nio-8080-exec-4,o.s.web.servlet.DispatcherServlet,"GET ""/vets"", parameters={}"
2026-07-23T00:07:17.071644+00:00,vets-service,vets-service-789bf77578-8z4zb,2026-07-23T00:06:13.210620+00:00,DEBUG,3616e95b893fd362,9783502c335ff787,nio-8080-exec-6,o.s.web.servlet.DispatcherServlet,Completed 200 OK
2026-07-23T00:07:17.071644+00:00,vets-service,vets-service-789bf77578-8z4zb,2026-07-23T00:06:12.959442+00:00,DEBUG,3616e95b893fd362,e89df09f13f2e79b,nio-8080-exec-6,o.s.web.servlet.DispatcherServlet,"GET ""/vets"", parameters={}"
2026-07-23T00:07:17.071644+00:00,vets-service,vets-service-789bf77578-fzs4g,2026-07-23T00:07:14.404225+00:00,DEBUG,4331af670cadf7e3,4331af670cadf7e3,nio-8080-exec-2,o.s.web.servlet.DispatcherServlet,Completed 200 OK
2026-07-23T00:07:17.071644+00:00,vets-service,vets-service-789bf77578-fzs4g,2026-07-23T00:07:05.374247+00:00,DEBUG,b7b41c2eb2fe70f8,b7b41c2eb2fe70f8,nio-8080-exec-6,o.s.web.servlet.DispatcherServlet,Completed 200 OK
2026-07-23T00:07:17.071644+00:00,vets-service,vets-service-789bf77578-fzs4g,2026-07-23T00:07:02.615255+00:00,DEBUG,660319a224999497,660319a224999497,nio-8080-exec-3,o.s.web.servlet.DispatcherServlet,Completed 200 OK
2026-07-23T00:07:17.071644+00:00,vets-service,vets-service-789bf77578-fzs4g,2026-07-23T00:06:59.353697+00:00,DEBUG,7d3f59ccf42ada29,7d3f59ccf42ada29,nio-8080-exec-5,o.s.web.servlet.DispatcherServlet,Completed 200 OK
2026-07-23T00:07:17.071644+00:00,vets-service,vets-service-789bf77578-fzs4g,2026-07-23T00:06:49.573050+00:00,DEBUG,468759bcb4b38f19,468759bcb4b38f19,nio-8080-exec-1,o.s.web.servlet.DispatcherServlet,Completed 200 OK
2026-07-23T00:07:17.071644+00:00,vets-service,vets-service-789bf77578-fzs4g,2026-07-23T00:06:44.307526+00:00,DEBUG,66a0e6b47ab8deef,66a0e6b47ab8deef,nio-8080-exec-9,o.s.web.servlet.DispatcherServlet,Completed 200 OK
2026-07-23T00:07:17.071644+00:00,vets-service,vets-service-789bf77578-fzs4g,2026-07-23T00:06:42.553442+00:00,DEBUG,766fe42780167479,766fe42780167479,nio-8080-exec-7,o.s.web.servlet.DispatcherServlet,Completed 200 OK
2026-07-23T00:07:17.071644+00:00,vets-service,vets-service-789bf77578-fzs4g,2026-07-23T00:06:34.277612+00:00,DEBUG,12c5eb35e9e18cd9,12c5eb35e9e18cd9,nio-8080-exec-8,o.s.web.servlet.DispatcherServlet,Completed 200 OK
2026-07-23T00:07:17.071644+00:00,vets-service,vets-service-789bf77578-fzs4g,2026-07-23T00:06:29.261786+00:00,DEBUG,7b5fff3821a26cd4,7b5fff3821a26cd4,nio-8080-exec-4,o.s.web.servlet.DispatcherServlet,Completed 200 OK
2026-07-23T00:07:17.071644+00:00,vets-service,vets-service-789bf77578-fzs4g,2026-07-23T00:06:22.488308+00:00,DEBUG,2157d20c143d39d1,2157d20c143d39d1,io-8080-exec-10,o.s.web.servlet.DispatcherServlet,Completed 200 OK
2026-07-23T00:07:17.071644+00:00,vets-service,vets-service-789bf77578-fzs4g,2026-07-23T00:06:18.477572+00:00,DEBUG,6733b8e449e72e01,6733b8e449e72e01,nio-8080-exec-2,o.s.web.servlet.DispatcherServlet,Completed 200 OK
2026-07-23T00:07:17.071644+00:00,vets-service,vets-service-789bf77578-fzs4g,2026-07-23T00:06:14.464505+00:00,DEBUG,59ebf7ebce59d91a,59ebf7ebce59d91a,nio-8080-exec-6,o.s.web.servlet.DispatcherServlet,Completed 200 OK
2026-07-23T00:07:17.071644+00:00,visits-service,visits-service-5bbc99b894-dtlvv,2026-07-23T00:07:09.891072+00:00,DEBUG,770973aa9c84af56,770973aa9c84af56,nio-8080-exec-6,o.s.web.servlet.DispatcherServlet,Completed 200 OK
2026-07-23T00:07:17.071644+00:00,visits-service,visits-service-5bbc99b894-dtlvv,2026-07-23T00:07:06.378366+00:00,DEBUG,fa14cf7d0a0dd568,fa14cf7d0a0dd568,nio-8080-exec-8,o.s.web.servlet.DispatcherServlet,Completed 200 OK
2026-07-23T00:07:17.071644+00:00,visits-service,visits-service-5bbc99b894-dtlvv,2026-07-23T00:07:02.615301+00:00,DEBUG,c58b78827e446316,c58b78827e446316,nio-8080-exec-4,o.s.web.servlet.DispatcherServlet,Completed 200 OK
2026-07-23T00:07:17.071644+00:00,visits-service,visits-service-5bbc99b894-dtlvv,2026-07-23T00:06:54.336940+00:00,DEBUG,7f14cdd4ea77f991,7f14cdd4ea77f991,nio-8080-exec-3,o.s.web.servlet.DispatcherServlet,Completed 200 OK
2026-07-23T00:07:17.071644+00:00,visits-service,visits-service-5bbc99b894-dtlvv,2026-07-23T00:06:51.328717+00:00,DEBUG,4f48524a24eaa73c,4f48524a24eaa73c,nio-8080-exec-5,o.s.web.servlet.DispatcherServlet,Completed 200 OK
2026-07-23T00:07:17.071644+00:00,visits-service,visits-service-5bbc99b894-dtlvv,2026-07-23T00:06:42.553494+00:00,DEBUG,3a8d7ef03f28b4fa,3a8d7ef03f28b4fa,nio-8080-exec-9,o.s.web.servlet.DispatcherServlet,Completed 200 OK
2026-07-23T00:07:17.071644+00:00,visits-service,visits-service-5bbc99b894-dtlvv,2026-07-23T00:06:38.791945+00:00,DEBUG,8594f08cd22cda9d,8594f08cd22cda9d,io-8080-exec-10,o.s.web.servlet.DispatcherServlet,Completed 200 OK
2026-07-23T00:07:17.071644+00:00,visits-service,visits-service-5bbc99b894-dtlvv,2026-07-23T00:06:36.284508+00:00,DEBUG,7dc5e57366fd0780,7dc5e57366fd0780,nio-8080-exec-2,o.s.web.servlet.DispatcherServlet,Completed 200 OK
2026-07-23T00:07:17.071644+00:00,visits-service,visits-service-5bbc99b894-dtlvv,2026-07-23T00:06:23.241469+00:00,DEBUG,336a679bc18a9060,336a679bc18a9060,nio-8080-exec-1,o.s.web.servlet.DispatcherServlet,Completed 200 OK
2026-07-23T00:07:17.071644+00:00,visits-service,visits-service-5bbc99b894-dtlvv,2026-07-23T00:06:22.488450+00:00,DEBUG,d1331f655eb8ee5c,d1331f655eb8ee5c,nio-8080-exec-7,o.s.web.servlet.DispatcherServlet,Completed 200 OK
2026-07-23T00:07:17.071644+00:00,visits-service,visits-service-5bbc99b894-dtlvv,2026-07-23T00:06:21.234753+00:00,DEBUG,fe7d990e609a4cbb,fe7d990e609a4cbb,nio-8080-exec-6,o.s.web.servlet.DispatcherServlet,Completed 200 OK
2026-07-23T00:07:17.071644+00:00,visits-service,visits-service-5bbc99b894-rlpg7,2026-07-23T00:07:17.163929+00:00,DEBUG,b8d1273837c24de2,b8d1273837c24de2,io-8080-exec-10,o.s.web.servlet.DispatcherServlet,Completed 200 OK
2026-07-23T00:07:17.071644+00:00,visits-service,visits-service-5bbc99b894-rlpg7,2026-07-23T00:07:16.913753+00:00,DEBUG,02197c5cf0049a7f,e3e12a95cd71f532,nio-8080-exec-8,o.s.web.servlet.DispatcherServlet,Completed 200 OK
2026-07-23T00:07:17.071644+00:00,visits-service,visits-service-5bbc99b894-rlpg7,2026-07-23T00:07:16.913748+00:00,DEBUG,02197c5cf0049a7f,e3e12a95cd71f532,nio-8080-exec-8,o.s.web.servlet.DispatcherServlet,"GET ""/owners/1/pets/1/visits"", parameters={}"
2026-07-23T00:07:17.071644+00:00,visits-service,visits-service-5bbc99b894-rlpg7,2026-07-23T00:07:16.412596+00:00,DEBUG,53cbe60108f7f6ff,fd860aea466dd17d,nio-8080-exec-9,o.s.web.servlet.DispatcherServlet,Completed 200 OK
2026-07-23T00:07:17.071644+00:00,visits-service,visits-service-5bbc99b894-rlpg7,2026-07-23T00:07:16.412594+00:00,DEBUG,53cbe60108f7f6ff,fd860aea466dd17d,nio-8080-exec-9,o.s.web.servlet.DispatcherServlet,"GET ""/owners/1/pets/1/visits"", parameters={}"
2026-07-23T00:07:17.071644+00:00,visits-service,visits-service-5bbc99b894-rlpg7,2026-07-23T00:07:15.910574+00:00,DEBUG,2d1c861b7a72a58f,b70501c59970f691,nio-8080-exec-6,o.s.web.servlet.DispatcherServlet,Completed 200 OK
2026-07-23T00:07:17.071644+00:00,visits-service,visits-service-5bbc99b894-rlpg7,2026-07-23T00:07:15.910572+00:00,DEBUG,2d1c861b7a72a58f,b70501c59970f691,nio-8080-exec-6,o.s.web.servlet.DispatcherServlet,"GET ""/owners/1/pets/1/visits"", parameters={}"
2026-07-23T00:07:17.071644+00:00,visits-service,visits-service-5bbc99b894-rlpg7,2026-07-23T00:07:15.407843+00:00,DEBUG,aa3439932c53a1d6,d800eb3cf62e7234,nio-8080-exec-7,o.s.web.servlet.DispatcherServlet,Completed 200 OK
2026-07-23T00:07:17.071644+00:00,visits-service,visits-service-5bbc99b894-rlpg7,2026-07-23T00:07:15.407839+00:00,DEBUG,aa3439932c53a1d6,d800eb3cf62e7234,nio-8080-exec-7,o.s.web.servlet.DispatcherServlet,"GET ""/owners/1/pets/1/visits"", parameters={}"
2026-07-23T00:07:17.071644+00:00,visits-service,visits-service-5bbc99b894-rlpg7,2026-07-23T00:07:14.905641+00:00,DEBUG,c81937065bb9e5da,3347a2eb7202eddd,nio-8080-exec-1,o.s.web.servlet.DispatcherServlet,Completed 200 OK
2026-07-23T00:07:17.071644+00:00,visits-service,visits-service-5bbc99b894-rlpg7,2026-07-23T00:07:14.905637+00:00,DEBUG,c81937065bb9e5da,3347a2eb7202eddd,nio-8080-exec-1,o.s.web.servlet.DispatcherServlet,"GET ""/owners/1/pets/1/visits"", parameters={}"
2026-07-23T00:07:17.071644+00:00,visits-service,visits-service-5bbc99b894-rlpg7,2026-07-23T00:07:13.652816+00:00,DEBUG,20b801ed2fab72b5,92806799cd64061b,nio-8080-exec-3,o.s.web.servlet.DispatcherServlet,Completed 200 OK
2026-07-23T00:07:17.071644+00:00,visits-service,visits-service-5bbc99b894-rlpg7,2026-07-23T00:07:13.652815+00:00,DEBUG,20b801ed2fab72b5,92806799cd64061b,nio-8080-exec-3,o.s.web.servlet.DispatcherServlet,"GET ""/owners/1/pets/1/visits"", parameters={}"
2026-07-23T00:07:17.071644+00:00,visits-service,visits-service-5bbc99b894-rlpg7,2026-07-23T00:07:13.151525+00:00,DEBUG,93243cf707ea43bc,018b30803648ce45,nio-8080-exec-5,o.s.web.servlet.DispatcherServlet,Completed 200 OK
2026-07-23T00:07:17.071644+00:00,visits-service,visits-service-5bbc99b894-rlpg7,2026-07-23T00:07:13.151522+00:00,DEBUG,93243cf707ea43bc,018b30803648ce45,nio-8080-exec-5,o.s.web.servlet.DispatcherServlet,"GET ""/owners/1/pets/1/visits"", parameters={}"
2026-07-23T00:07:17.071644+00:00,visits-service,visits-service-5bbc99b894-rlpg7,2026-07-23T00:07:12.900156+00:00,DEBUG,939442505f03fb04,7584c3af520bbf09,nio-8080-exec-4,o.s.web.servlet.DispatcherServlet,Completed 200 OK
2026-07-23T00:07:17.071644+00:00,visits-service,visits-service-5bbc99b894-rlpg7,2026-07-23T00:07:12.900151+00:00,DEBUG,939442505f03fb04,7584c3af520bbf09,nio-8080-exec-4,o.s.web.servlet.DispatcherServlet,"GET ""/owners/1/pets/1/visits"", parameters={}"
2026-07-23T00:07:17.071644+00:00,visits-service,visits-service-5bbc99b894-rlpg7,2026-07-23T00:07:12.399161+00:00,DEBUG,f77c39763d18d100,477d8291aab38c62,nio-8080-exec-2,o.s.web.servlet.DispatcherServlet,Completed 200 OK
2026-07-23T00:07:17.071644+00:00,visits-service,visits-service-5bbc99b894-rlpg7,2026-07-23T00:07:12.399157+00:00,DEBUG,f77c39763d18d100,477d8291aab38c62,nio-8080-exec-2,o.s.web.servlet.DispatcherServlet,"GET ""/owners/1/pets/1/visits"", parameters={}"
2026-07-23T00:07:17.071644+00:00,visits-service,visits-service-5bbc99b894-rlpg7,2026-07-23T00:07:12.148903+00:00,DEBUG,da47ef8ce44b5660,c5bb84b8d68d2a31,io-8080-exec-10,o.s.web.servlet.DispatcherServlet,Completed 200 OK
2026-07-23T00:07:17.071644+00:00,visits-service,visits-service-5bbc99b894-rlpg7,2026-07-23T00:07:12.148872+00:00,DEBUG,da47ef8ce44b5660,c5bb84b8d68d2a31,io-8080-exec-10,o.s.web.servlet.DispatcherServlet,"GET ""/owners/1/pets/1/visits"", parameters={}"
2026-07-23T00:07:17.071644+00:00,visits-service,visits-service-5bbc99b894-rlpg7,2026-07-23T00:07:12.148848+00:00,DEBUG,c91583d01e76937b,c740e67fa96ff602,nio-8080-exec-8,o.s.web.servlet.DispatcherServlet,Completed 200 OK
2026-07-23T00:07:17.071644+00:00,visits-service,visits-service-5bbc99b894-rlpg7,2026-07-23T00:07:12.148844+00:00,DEBUG,c91583d01e76937b,c740e67fa96ff602,nio-8080-exec-8,o.s.web.servlet.DispatcherServlet,"GET ""/owners/1/pets/1/visits"", parameters={}"
2026-07-23T00:07:17.071644+00:00,visits-service,visits-service-5bbc99b894-rlpg7,2026-07-23T00:07:11.145562+00:00,DEBUG,ffbfe1cf66d648d5,a103faeb5b4aef0d,nio-8080-exec-9,o.s.web.servlet.DispatcherServlet,Completed 200 OK
2026-07-23T00:07:17.071644+00:00,visits-service,visits-service-5bbc99b894-rlpg7,2026-07-23T00:07:11.145558+00:00,DEBUG,ffbfe1cf66d648d5,a103faeb5b4aef0d,nio-8080-exec-9,o.s.web.servlet.DispatcherServlet,"GET ""/owners/1/pets/1/visits"", parameters={}"
2026-07-23T00:07:17.071644+00:00,visits-service,visits-service-5bbc99b894-rlpg7,2026-07-23T00:07:08.636937+00:00,DEBUG,626163995e9b1684,3aaef396d0d3226e,nio-8080-exec-6,o.s.web.servlet.DispatcherServlet,Completed 200 OK
2026-07-23T00:07:17.071644+00:00,visits-service,visits-service-5bbc99b894-rlpg7,2026-07-23T00:07:08.636933+00:00,DEBUG,626163995e9b1684,3aaef396d0d3226e,nio-8080-exec-6,o.s.web.servlet.DispatcherServlet,"GET ""/owners/1/pets/1/visits"", parameters={}"
2026-07-23T00:07:17.071644+00:00,visits-service,visits-service-5bbc99b894-rlpg7,2026-07-23T00:07:07.884615+00:00,DEBUG,e79ce8720a228684,4f20f55f316f23ee,nio-8080-exec-7,o.s.web.servlet.DispatcherServlet,Completed 200 OK
2026-07-23T00:07:17.071644+00:00,visits-service,visits-service-5bbc99b894-rlpg7,2026-07-23T00:07:07.884611+00:00,DEBUG,e79ce8720a228684,4f20f55f316f23ee,nio-8080-exec-7,o.s.web.servlet.DispatcherServlet,"GET ""/owners/1/pets/1/visits"", parameters={}"
2026-07-23T00:07:17.071644+00:00,visits-service,visits-service-5bbc99b894-rlpg7,2026-07-23T00:07:07.633277+00:00,DEBUG,7931a7a5bc4fda23,b14222a26b6b99e4,nio-8080-exec-1,o.s.web.servlet.DispatcherServlet,Completed 200 OK
2026-07-23T00:07:17.071644+00:00,visits-service,visits-service-5bbc99b894-rlpg7,2026-07-23T00:07:07.633273+00:00,DEBUG,7931a7a5bc4fda23,b14222a26b6b99e4,nio-8080-exec-1,o.s.web.servlet.DispatcherServlet,"GET ""/owners/1/pets/1/visits"", parameters={}"
2026-07-23T00:07:17.071644+00:00,visits-service,visits-service-5bbc99b894-rlpg7,2026-07-23T00:07:07.381918+00:00,DEBUG,bd4324cd2f9ebf1e,bd4324cd2f9ebf1e,nio-8080-exec-3,o.s.web.servlet.DispatcherServlet,Completed 200 OK
2026-07-23T00:07:17.071644+00:00,visits-service,visits-service-5bbc99b894-rlpg7,2026-07-23T00:07:06.880010+00:00,DEBUG,0936efa34983f4c4,0936efa34983f4c4,nio-8080-exec-5,o.s.web.servlet.DispatcherServlet,Completed 200 OK
2026-07-23T00:07:17.071644+00:00,visits-service,visits-service-5bbc99b894-rlpg7,2026-07-23T00:07:05.374415+00:00,DEBUG,d0c4082b7433f7f7,0b98230ca57fae0c,nio-8080-exec-4,o.s.web.servlet.DispatcherServlet,Completed 200 OK
2026-07-23T00:07:17.071644+00:00,visits-service,visits-service-5bbc99b894-rlpg7,2026-07-23T00:07:05.374413+00:00,DEBUG,d0c4082b7433f7f7,0b98230ca57fae0c,nio-8080-exec-4,o.s.web.servlet.DispatcherServlet,"GET ""/owners/1/pets/1/visits"", parameters={}"
2026-07-23T00:07:17.071644+00:00,visits-service,visits-service-5bbc99b894-rlpg7,2026-07-23T00:07:04.621348+00:00,DEBUG,aade53051fa4e3da,26940e2484eb5c81,nio-8080-exec-2,o.s.web.servlet.DispatcherServlet,Completed 200 OK
2026-07-23T00:07:17.071644+00:00,visits-service,visits-service-5bbc99b894-rlpg7,2026-07-23T00:07:04.621344+00:00,DEBUG,aade53051fa4e3da,26940e2484eb5c81,nio-8080-exec-2,o.s.web.servlet.DispatcherServlet,"GET ""/owners/1/pets/1/visits"", parameters={}"
2026-07-23T00:07:17.071644+00:00,visits-service,visits-service-5bbc99b894-rlpg7,2026-07-23T00:07:04.370780+00:00,DEBUG,b02d9ba8dd8b869d,a2b90b2f2cd8a84f,io-8080-exec-10,o.s.web.servlet.DispatcherServlet,Completed 200 OK
2026-07-23T00:07:17.071644+00:00,visits-service,visits-service-5bbc99b894-rlpg7,2026-07-23T00:07:04.370778+00:00,DEBUG,b02d9ba8dd8b869d,a2b90b2f2cd8a84f,io-8080-exec-10,o.s.web.servlet.DispatcherServlet,"GET ""/owners/1/pets/1/visits"", parameters={}"
2026-07-23T00:07:17.071644+00:00,visits-service,visits-service-5bbc99b894-rlpg7,2026-07-23T00:07:03.869881+00:00,DEBUG,ed2cbf500411ab10,a0a0efa2574fef77,nio-8080-exec-8,o.s.web.servlet.DispatcherServlet,Completed 200 OK
2026-07-23T00:07:17.071644+00:00,visits-service,visits-service-5bbc99b894-rlpg7,2026-07-23T00:07:03.619015+00:00,DEBUG,ed2cbf500411ab10,a0a0efa2574fef77,nio-8080-exec-8,o.s.web.servlet.DispatcherServlet,"GET ""/owners/1/pets/1/visits"", parameters={}"
2026-07-23T00:07:17.071644+00:00,visits-service,visits-service-5bbc99b894-rlpg7,2026-07-23T00:07:03.117554+00:00,DEBUG,3c25710a7317dcef,511ccc7fd1716126,nio-8080-exec-9,o.s.web.servlet.DispatcherServlet,Completed 200 OK
2026-07-23T00:07:17.071644+00:00,visits-service,visits-service-5bbc99b894-rlpg7,2026-07-23T00:07:03.117550+00:00,DEBUG,3c25710a7317dcef,511ccc7fd1716126,nio-8080-exec-9,o.s.web.servlet.DispatcherServlet,"GET ""/owners/1/pets/1/visits"", parameters={}"
2026-07-23T00:07:17.071644+00:00,visits-service,visits-service-5bbc99b894-rlpg7,2026-07-23T00:07:02.615334+00:00,DEBUG,5d865a39ba66b847,4d05c0755b13c249,nio-8080-exec-6,o.s.web.servlet.DispatcherServlet,Completed 200 OK
2026-07-23T00:07:17.071644+00:00,visits-service,visits-service-5bbc99b894-rlpg7,2026-07-23T00:07:02.615332+00:00,DEBUG,5d865a39ba66b847,4d05c0755b13c249,nio-8080-exec-6,o.s.web.servlet.DispatcherServlet,"GET ""/owners/1/pets/1/visits"", parameters={}"
2026-07-23T00:07:17.071644+00:00,visits-service,visits-service-5bbc99b894-rlpg7,2026-07-23T00:07:02.113065+00:00,DEBUG,a4adba53cdb0d1f2,00d5aa1f6e47797e,nio-8080-exec-7,o.s.web.servlet.DispatcherServlet,Completed 200 OK
2026-07-23T00:07:17.071644+00:00,visits-service,visits-service-5bbc99b894-rlpg7,2026-07-23T00:07:02.113061+00:00,DEBUG,a4adba53cdb0d1f2,00d5aa1f6e47797e,nio-8080-exec-7,o.s.web.servlet.DispatcherServlet,"GET ""/owners/1/pets/1/visits"", parameters={}"
2026-07-23T00:07:17.071644+00:00,visits-service,visits-service-5bbc99b894-rlpg7,2026-07-23T00:07:01.612782+00:00,DEBUG,26a28dfd7252c22e,0afa780b5697ae9e,nio-8080-exec-1,o.s.web.servlet.DispatcherServlet,Completed 200 OK
2026-07-23T00:07:17.071644+00:00,visits-service,visits-service-5bbc99b894-rlpg7,2026-07-23T00:07:01.612753+00:00,DEBUG,26a28dfd7252c22e,0afa780b5697ae9e,nio-8080-exec-1,o.s.web.servlet.DispatcherServlet,"GET ""/owners/1/pets/1/visits"", parameters={}"
2026-07-23T00:07:17.071644+00:00,visits-service,visits-service-5bbc99b894-rlpg7,2026-07-23T00:07:01.612729+00:00,DEBUG,6afe6cabd0204f06,6afe6cabd0204f06,nio-8080-exec-3,o.s.web.servlet.DispatcherServlet,Completed 200 OK
2026-07-23T00:07:17.071644+00:00,visits-service,visits-service-5bbc99b894-rlpg7,2026-07-23T00:07:01.110496+00:00,DEBUG,667b57a70453569b,bf756bd60b309e82,nio-8080-exec-5,o.s.web.servlet.DispatcherServlet,Completed 200 OK
2026-07-23T00:07:17.071644+00:00,visits-service,visits-service-5bbc99b894-rlpg7,2026-07-23T00:07:00.859354+00:00,DEBUG,667b57a70453569b,bf756bd60b309e82,nio-8080-exec-5,o.s.web.servlet.DispatcherServlet,"GET ""/owners/1/pets/1/visits"", parameters={}"
2026-07-23T00:07:17.071644+00:00,visits-service,visits-service-5bbc99b894-rlpg7,2026-07-23T00:07:00.357465+00:00,DEBUG,f5d877532430a4d4,87cdc8f899729113,nio-8080-exec-4,o.s.web.servlet.DispatcherServlet,Completed 200 OK
2026-07-23T00:07:17.071644+00:00,visits-service,visits-service-5bbc99b894-rlpg7,2026-07-23T00:07:00.357462+00:00,DEBUG,f5d877532430a4d4,87cdc8f899729113,nio-8080-exec-4,o.s.web.servlet.DispatcherServlet,"GET ""/owners/1/pets/1/visits"", parameters={}"
2026-07-23T00:07:17.071644+00:00,visits-service,visits-service-5bbc99b894-rlpg7,2026-07-23T00:06:59.855499+00:00,DEBUG,0a1a1043b19915d0,48ab1735f2186685,nio-8080-exec-2,o.s.web.servlet.DispatcherServlet,Completed 200 OK
2026-07-23T00:07:17.071644+00:00,visits-service,visits-service-5bbc99b894-rlpg7,2026-07-23T00:06:59.855452+00:00,DEBUG,0a1a1043b19915d0,48ab1735f2186685,nio-8080-exec-2,o.s.web.servlet.DispatcherServlet,"GET ""/owners/1/pets/1/visits"", parameters={}"
2026-07-23T00:07:17.071644+00:00,visits-service,visits-service-5bbc99b894-rlpg7,2026-07-23T00:06:59.855428+00:00,DEBUG,66afcf8c004688f8,b34c02ffbd3adccb,io-8080-exec-10,o.s.web.servlet.DispatcherServlet,Completed 200 OK
2026-07-23T00:07:17.071644+00:00,visits-service,visits-service-5bbc99b894-rlpg7,2026-07-23T00:06:59.855424+00:00,DEBUG,66afcf8c004688f8,b34c02ffbd3adccb,io-8080-exec-10,o.s.web.servlet.DispatcherServlet,"GET ""/owners/1/pets/1/visits"", parameters={}"
2026-07-23T00:07:17.071644+00:00,visits-service,visits-service-5bbc99b894-rlpg7,2026-07-23T00:06:59.353743+00:00,DEBUG,cdc8a62726df8358,0dc57c5dcf917807,nio-8080-exec-8,o.s.web.servlet.DispatcherServlet,Completed 200 OK
2026-07-23T00:07:17.071644+00:00,visits-service,visits-service-5bbc99b894-rlpg7,2026-07-23T00:06:59.353740+00:00,DEBUG,cdc8a62726df8358,0dc57c5dcf917807,nio-8080-exec-8,o.s.web.servlet.DispatcherServlet,"GET ""/owners/1/pets/1/visits"", parameters={}"
2026-07-23T00:07:17.071644+00:00,visits-service,visits-service-5bbc99b894-rlpg7,2026-07-23T00:06:59.103488+00:00,DEBUG,c697b6989390d4c9,8b4c92ad7f4334f2,nio-8080-exec-9,o.s.web.servlet.DispatcherServlet,Completed 200 OK
2026-07-23T00:07:17.071644+00:00,visits-service,visits-service-5bbc99b894-rlpg7,2026-07-23T00:06:59.103484+00:00,DEBUG,c697b6989390d4c9,8b4c92ad7f4334f2,nio-8080-exec-9,o.s.web.servlet.DispatcherServlet,"GET ""/owners/1/pets/1/visits"", parameters={}"
2026-07-23T00:07:17.071644+00:00,visits-service,visits-service-5bbc99b894-rlpg7,2026-07-23T00:06:58.100397+00:00,DEBUG,dc48e06555a539dd,07f07cfb1766fc07,nio-8080-exec-6,o.s.web.servlet.DispatcherServlet,Completed 200 OK
2026-07-23T00:07:17.071644+00:00,visits-service,visits-service-5bbc99b894-rlpg7,2026-07-23T00:06:58.100393+00:00,DEBUG,dc48e06555a539dd,07f07cfb1766fc07,nio-8080-exec-6,o.s.web.servlet.DispatcherServlet,"GET ""/owners/1/pets/1/visits"", parameters={}"
2026-07-23T00:07:17.071644+00:00,visits-service,visits-service-5bbc99b894-rlpg7,2026-07-23T00:06:56.345463+00:00,DEBUG,3ca1683eaf9f4739,17c12ddfa8ba6a16,nio-8080-exec-7,o.s.web.servlet.DispatcherServlet,Completed 200 OK
2026-07-23T00:07:17.071644+00:00,visits-service,visits-service-5bbc99b894-rlpg7,2026-07-23T00:06:56.345459+00:00,DEBUG,3ca1683eaf9f4739,17c12ddfa8ba6a16,nio-8080-exec-7,o.s.web.servlet.DispatcherServlet,"GET ""/owners/1/pets/1/visits"", parameters={}"
2026-07-23T00:07:17.071644+00:00,visits-service,visits-service-5bbc99b894-rlpg7,2026-07-23T00:06:56.094496+00:00,DEBUG,432241648f978599,2f4774b9183a8082,nio-8080-exec-1,o.s.web.servlet.DispatcherServlet,Completed 200 OK
2026-07-23T00:07:17.071644+00:00,visits-service,visits-service-5bbc99b894-rlpg7,2026-07-23T00:06:56.094455+00:00,DEBUG,432241648f978599,2f4774b9183a8082,nio-8080-exec-1,o.s.web.servlet.DispatcherServlet,"GET ""/owners/1/pets/1/visits"", parameters={}"
2026-07-23T00:07:17.071644+00:00,visits-service,visits-service-5bbc99b894-rlpg7,2026-07-23T00:06:56.094421+00:00,DEBUG,870f78a7055e2688,eb81a5092243e0d3,nio-8080-exec-3,o.s.web.servlet.DispatcherServlet,Completed 200 OK
2026-07-23T00:07:17.071644+00:00,visits-service,visits-service-5bbc99b894-rlpg7,2026-07-23T00:06:56.094416+00:00,DEBUG,870f78a7055e2688,eb81a5092243e0d3,nio-8080-exec-3,o.s.web.servlet.DispatcherServlet,"GET ""/owners/1/pets/1/visits"", parameters={}"
2026-07-23T00:07:17.071644+00:00,visits-service,visits-service-5bbc99b894-rlpg7,2026-07-23T00:06:54.839270+00:00,DEBUG,5e55153e2c161014,d66af4ca7c8c10ed,nio-8080-exec-5,o.s.web.servlet.DispatcherServlet,Completed 200 OK
2026-07-23T00:07:17.071644+00:00,visits-service,visits-service-5bbc99b894-rlpg7,2026-07-23T00:06:54.839266+00:00,DEBUG,5e55153e2c161014,d66af4ca7c8c10ed,nio-8080-exec-5,o.s.web.servlet.DispatcherServlet,"GET ""/owners/1/pets/1/visits"", parameters={}"
2026-07-23T00:07:17.071644+00:00,visits-service,visits-service-5bbc99b894-rlpg7,2026-07-23T00:06:54.588239+00:00,DEBUG,4e7b001011b8a09c,5b0cdaa76ac74e2d,nio-8080-exec-4,o.s.web.servlet.DispatcherServlet,Completed 200 OK
2026-07-23T00:07:17.071644+00:00,visits-service,visits-service-5bbc99b894-rlpg7,2026-07-23T00:06:54.588235+00:00,DEBUG,4e7b001011b8a09c,5b0cdaa76ac74e2d,nio-8080-exec-4,o.s.web.servlet.DispatcherServlet,"GET ""/owners/1/pets/1/visits"", parameters={}"
2026-07-23T00:07:17.071644+00:00,visits-service,visits-service-5bbc99b894-rlpg7,2026-07-23T00:06:53.585690+00:00,DEBUG,9cee00a45305a88d,7bfb68b8e322003e,nio-8080-exec-2,o.s.web.servlet.DispatcherServlet,Completed 200 OK
2026-07-23T00:07:17.071644+00:00,visits-service,visits-service-5bbc99b894-rlpg7,2026-07-23T00:06:53.585686+00:00,DEBUG,9cee00a45305a88d,7bfb68b8e322003e,nio-8080-exec-2,o.s.web.servlet.DispatcherServlet,"GET ""/owners/1/pets/1/visits"", parameters={}"
2026-07-23T00:07:17.071644+00:00,visits-service,visits-service-5bbc99b894-rlpg7,2026-07-23T00:06:53.084305+00:00,DEBUG,13134a275aa10749,517ef2c7f2d85af1,io-8080-exec-10,o.s.web.servlet.DispatcherServlet,Completed 200 OK
2026-07-23T00:07:17.071644+00:00,visits-service,visits-service-5bbc99b894-rlpg7,2026-07-23T00:06:53.084300+00:00,DEBUG,13134a275aa10749,517ef2c7f2d85af1,io-8080-exec-10,o.s.web.servlet.DispatcherServlet,"GET ""/owners/1/pets/1/visits"", parameters={}"
2026-07-23T00:07:17.071644+00:00,visits-service,visits-service-5bbc99b894-rlpg7,2026-07-23T00:06:52.834197+00:00,DEBUG,b636c8621235cac9,ca7d7a21266fd1ed,nio-8080-exec-8,o.s.web.servlet.DispatcherServlet,Completed 200 OK
2026-07-23T00:07:17.071644+00:00,visits-service,visits-service-5bbc99b894-rlpg7,2026-07-23T00:06:52.834191+00:00,DEBUG,b636c8621235cac9,ca7d7a21266fd1ed,nio-8080-exec-8,o.s.web.servlet.DispatcherServlet,"GET ""/owners/1/pets/1/visits"", parameters={}"
2026-07-23T00:07:17.071644+00:00,visits-service,visits-service-5bbc99b894-rlpg7,2026-07-23T00:06:52.332613+00:00,DEBUG,3a33dd8d1642481d,3a33dd8d1642481d,nio-8080-exec-9,o.s.web.servlet.DispatcherServlet,Completed 200 OK
2026-07-23T00:07:17.071644+00:00,visits-service,visits-service-5bbc99b894-rlpg7,2026-07-23T00:06:51.830498+00:00,DEBUG,02c75bdc6b2e9a7e,12d9a6630b94f2ff,nio-8080-exec-6,o.s.web.servlet.DispatcherServlet,Completed 200 OK
2026-07-23T00:07:17.071644+00:00,visits-service,visits-service-5bbc99b894-rlpg7,2026-07-23T00:06:51.830496+00:00,DEBUG,02c75bdc6b2e9a7e,12d9a6630b94f2ff,nio-8080-exec-6,o.s.web.servlet.DispatcherServlet,"GET ""/owners/1/pets/1/visits"", parameters={}"
2026-07-23T00:07:17.071644+00:00,visits-service,visits-service-5bbc99b894-rlpg7,2026-07-23T00:06:49.573094+00:00,DEBUG,9649a3ad65355f16,38190a9268df8136,nio-8080-exec-7,o.s.web.servlet.DispatcherServlet,Completed 200 OK
2026-07-23T00:07:17.071644+00:00,visits-service,visits-service-5bbc99b894-rlpg7,2026-07-23T00:06:49.573092+00:00,DEBUG,9649a3ad65355f16,38190a9268df8136,nio-8080-exec-7,o.s.web.servlet.DispatcherServlet,"GET ""/owners/1/pets/1/visits"", parameters={}"
2026-07-23T00:07:17.071644+00:00,visits-service,visits-service-5bbc99b894-rlpg7,2026-07-23T00:06:49.322394+00:00,DEBUG,fc8be17311de1ec2,f1c7496d0a9a1c47,nio-8080-exec-1,o.s.web.servlet.DispatcherServlet,Completed 200 OK
2026-07-23T00:07:17.071644+00:00,visits-service,visits-service-5bbc99b894-rlpg7,2026-07-23T00:06:49.322389+00:00,DEBUG,fc8be17311de1ec2,f1c7496d0a9a1c47,nio-8080-exec-1,o.s.web.servlet.DispatcherServlet,"GET ""/owners/1/pets/1/visits"", parameters={}"
2026-07-23T00:07:17.071644+00:00,visits-service,visits-service-5bbc99b894-rlpg7,2026-07-23T00:06:48.319929+00:00,DEBUG,fb3e0a2c83ae3398,15396b6172fd48de,nio-8080-exec-3,o.s.web.servlet.DispatcherServlet,Completed 200 OK
2026-07-23T00:07:17.071644+00:00,visits-service,visits-service-5bbc99b894-rlpg7,2026-07-23T00:06:48.319925+00:00,DEBUG,fb3e0a2c83ae3398,15396b6172fd48de,nio-8080-exec-3,o.s.web.servlet.DispatcherServlet,"GET ""/owners/1/pets/1/visits"", parameters={}"
2026-07-23T00:07:17.071644+00:00,visits-service,visits-service-5bbc99b894-rlpg7,2026-07-23T00:06:48.069100+00:00,DEBUG,15bf15d40615c243,51beb388ab69b5a5,nio-8080-exec-5,o.s.web.servlet.DispatcherServlet,Completed 200 OK
2026-07-23T00:07:17.071644+00:00,visits-service,visits-service-5bbc99b894-rlpg7,2026-07-23T00:06:48.069096+00:00,DEBUG,15bf15d40615c243,51beb388ab69b5a5,nio-8080-exec-5,o.s.web.servlet.DispatcherServlet,"GET ""/owners/1/pets/1/visits"", parameters={}"
2026-07-23T00:07:17.071644+00:00,visits-service,visits-service-5bbc99b894-rlpg7,2026-07-23T00:06:47.819072+00:00,DEBUG,63d4d09e607678d6,91e70fcc66d0394c,nio-8080-exec-4,o.s.web.servlet.DispatcherServlet,Completed 200 OK
2026-07-23T00:07:17.071644+00:00,visits-service,visits-service-5bbc99b894-rlpg7,2026-07-23T00:06:47.819050+00:00,DEBUG,63d4d09e607678d6,91e70fcc66d0394c,nio-8080-exec-4,o.s.web.servlet.DispatcherServlet,"GET ""/owners/1/pets/1/visits"", parameters={}"
2026-07-23T00:07:17.071644+00:00,visits-service,visits-service-5bbc99b894-rlpg7,2026-07-23T00:06:47.819026+00:00,DEBUG,49ecf73461b7d787,34459e4311cb4377,nio-8080-exec-2,o.s.web.servlet.DispatcherServlet,Completed 200 OK
2026-07-23T00:07:17.071644+00:00,visits-service,visits-service-5bbc99b894-rlpg7,2026-07-23T00:06:47.819022+00:00,DEBUG,49ecf73461b7d787,34459e4311cb4377,nio-8080-exec-2,o.s.web.servlet.DispatcherServlet,"GET ""/owners/1/pets/1/visits"", parameters={}"
2026-07-23T00:07:17.071644+00:00,visits-service,visits-service-5bbc99b894-rlpg7,2026-07-23T00:06:46.815142+00:00,DEBUG,3c284ff6c5c9f0c5,3c284ff6c5c9f0c5,io-8080-exec-10,o.s.web.servlet.DispatcherServlet,Completed 200 OK
2026-07-23T00:07:17.071644+00:00,visits-service,visits-service-5bbc99b894-rlpg7,2026-07-23T00:06:46.815087+00:00,DEBUG,3fd17a29367ab14c,e33c01666e4acdd8,nio-8080-exec-8,o.s.web.servlet.DispatcherServlet,Completed 200 OK
2026-07-23T00:07:17.071644+00:00,visits-service,visits-service-5bbc99b894-rlpg7,2026-07-23T00:06:46.815083+00:00,DEBUG,3fd17a29367ab14c,e33c01666e4acdd8,nio-8080-exec-8,o.s.web.servlet.DispatcherServlet,"GET ""/owners/1/pets/1/visits"", parameters={}"
2026-07-23T00:07:17.071644+00:00,visits-service,visits-service-5bbc99b894-rlpg7,2026-07-23T00:06:46.062650+00:00,DEBUG,1c162bfe20ca4d5c,bc084a763bf519dd,nio-8080-exec-9,o.s.web.servlet.DispatcherServlet,Completed 200 OK
2026-07-23T00:07:17.071644+00:00,visits-service,visits-service-5bbc99b894-rlpg7,2026-07-23T00:06:46.062645+00:00,DEBUG,1c162bfe20ca4d5c,bc084a763bf519dd,nio-8080-exec-9,o.s.web.servlet.DispatcherServlet,"GET ""/owners/1/pets/1/visits"", parameters={}"
2026-07-23T00:07:17.071644+00:00,visits-service,visits-service-5bbc99b894-rlpg7,2026-07-23T00:06:45.811658+00:00,DEBUG,e28177a36014b636,e28177a36014b636,nio-8080-exec-6,o.s.web.servlet.DispatcherServlet,Completed 200 OK
2026-07-23T00:07:17.071644+00:00,visits-service,visits-service-5bbc99b894-rlpg7,2026-07-23T00:06:45.561510+00:00,DEBUG,a19ea8f30c649ad8,2ca45d8259248142,nio-8080-exec-7,o.s.web.servlet.DispatcherServlet,Completed 200 OK
2026-07-23T00:07:17.071644+00:00,visits-service,visits-service-5bbc99b894-rlpg7,2026-07-23T00:06:45.561506+00:00,DEBUG,a19ea8f30c649ad8,2ca45d8259248142,nio-8080-exec-7,o.s.web.servlet.DispatcherServlet,"GET ""/owners/1/pets/1/visits"", parameters={}"
2026-07-23T00:07:17.071644+00:00,visits-service,visits-service-5bbc99b894-rlpg7,2026-07-23T00:06:44.808194+00:00,DEBUG,55de4f078b4c00f7,d14841d4cbc6ec30,nio-8080-exec-1,o.s.web.servlet.DispatcherServlet,Completed 200 OK
2026-07-23T00:07:17.071644+00:00,visits-service,visits-service-5bbc99b894-rlpg7,2026-07-23T00:06:44.808189+00:00,DEBUG,55de4f078b4c00f7,d14841d4cbc6ec30,nio-8080-exec-1,o.s.web.servlet.DispatcherServlet,"GET ""/owners/1/pets/1/visits"", parameters={}"
2026-07-23T00:07:17.071644+00:00,visits-service,visits-service-5bbc99b894-rlpg7,2026-07-23T00:06:44.557775+00:00,DEBUG,d68fbd3eedeaa259,0981064afaeb0707,nio-8080-exec-3,o.s.web.servlet.DispatcherServlet,Completed 200 OK
2026-07-23T00:07:17.071644+00:00,visits-service,visits-service-5bbc99b894-rlpg7,2026-07-23T00:06:44.557771+00:00,DEBUG,d68fbd3eedeaa259,0981064afaeb0707,nio-8080-exec-3,o.s.web.servlet.DispatcherServlet,"GET ""/owners/1/pets/1/visits"", parameters={}"
2026-07-23T00:07:17.071644+00:00,visits-service,visits-service-5bbc99b894-rlpg7,2026-07-23T00:06:44.056389+00:00,DEBUG,1dfc5f99ba7faa3f,52acc88fb1e653e5,nio-8080-exec-5,o.s.web.servlet.DispatcherServlet,Completed 200 OK
2026-07-23T00:07:17.071644+00:00,visits-service,visits-service-5bbc99b894-rlpg7,2026-07-23T00:06:44.056385+00:00,DEBUG,1dfc5f99ba7faa3f,52acc88fb1e653e5,nio-8080-exec-5,o.s.web.servlet.DispatcherServlet,"GET ""/owners/1/pets/1/visits"", parameters={}"
2026-07-23T00:07:17.071644+00:00,visits-service,visits-service-5bbc99b894-rlpg7,2026-07-23T00:06:43.805404+00:00,DEBUG,ef30452e767eedd5,47a19d192a470862,nio-8080-exec-4,o.s.web.servlet.DispatcherServlet,Completed 200 OK
2026-07-23T00:07:17.071644+00:00,visits-service,visits-service-5bbc99b894-rlpg7,2026-07-23T00:06:43.805400+00:00,DEBUG,ef30452e767eedd5,47a19d192a470862,nio-8080-exec-4,o.s.web.servlet.DispatcherServlet,"GET ""/owners/1/pets/1/visits"", parameters={}"
2026-07-23T00:07:17.071644+00:00,visits-service,visits-service-5bbc99b894-rlpg7,2026-07-23T00:06:43.304751+00:00,DEBUG,51408674ffd39d92,5f0d0bdbf7695f91,nio-8080-exec-2,o.s.web.servlet.DispatcherServlet,Completed 200 OK
2026-07-23T00:07:17.071644+00:00,visits-service,visits-service-5bbc99b894-rlpg7,2026-07-23T00:06:43.304749+00:00,DEBUG,51408674ffd39d92,5f0d0bdbf7695f91,nio-8080-exec-2,o.s.web.servlet.DispatcherServlet,"GET ""/owners/1/pets/1/visits"", parameters={}"
2026-07-23T00:07:17.071644+00:00,visits-service,visits-service-5bbc99b894-rlpg7,2026-07-23T00:06:41.050581+00:00,DEBUG,3f71311ecef99938,89c79e80511ca60c,io-8080-exec-10,o.s.web.servlet.DispatcherServlet,Completed 200 OK
2026-07-23T00:07:17.071644+00:00,visits-service,visits-service-5bbc99b894-rlpg7,2026-07-23T00:06:41.050577+00:00,DEBUG,3f71311ecef99938,89c79e80511ca60c,io-8080-exec-10,o.s.web.servlet.DispatcherServlet,"GET ""/owners/1/pets/1/visits"", parameters={}"
2026-07-23T00:07:17.071644+00:00,visits-service,visits-service-5bbc99b894-rlpg7,2026-07-23T00:06:40.297534+00:00,DEBUG,15449647a9526f25,a66ee425c16fc8b1,nio-8080-exec-8,o.s.web.servlet.DispatcherServlet,Completed 200 OK
2026-07-23T00:07:17.071644+00:00,visits-service,visits-service-5bbc99b894-rlpg7,2026-07-23T00:06:40.297530+00:00,DEBUG,15449647a9526f25,a66ee425c16fc8b1,nio-8080-exec-8,o.s.web.servlet.DispatcherServlet,"GET ""/owners/1/pets/1/visits"", parameters={}"
2026-07-23T00:07:17.071644+00:00,visits-service,visits-service-5bbc99b894-rlpg7,2026-07-23T00:06:39.795203+00:00,DEBUG,c2ee6c248d5d4472,d298a8fdb7ee1ae1,nio-8080-exec-9,o.s.web.servlet.DispatcherServlet,Completed 200 OK
2026-07-23T00:07:17.071644+00:00,visits-service,visits-service-5bbc99b894-rlpg7,2026-07-23T00:06:39.795198+00:00,DEBUG,c2ee6c248d5d4472,d298a8fdb7ee1ae1,nio-8080-exec-9,o.s.web.servlet.DispatcherServlet,"GET ""/owners/1/pets/1/visits"", parameters={}"
2026-07-23T00:07:17.071644+00:00,visits-service,visits-service-5bbc99b894-rlpg7,2026-07-23T00:06:39.293353+00:00,DEBUG,54cceb152add79f2,a563e2d2949c45c0,nio-8080-exec-6,o.s.web.servlet.DispatcherServlet,Completed 200 OK
2026-07-23T00:07:17.071644+00:00,visits-service,visits-service-5bbc99b894-rlpg7,2026-07-23T00:06:39.293349+00:00,DEBUG,54cceb152add79f2,a563e2d2949c45c0,nio-8080-exec-6,o.s.web.servlet.DispatcherServlet,"GET ""/owners/1/pets/1/visits"", parameters={}"
2026-07-23T00:07:17.071644+00:00,visits-service,visits-service-5bbc99b894-rlpg7,2026-07-23T00:06:39.042338+00:00,DEBUG,b8e1444a0d4ad69b,86a84c86836df5eb,nio-8080-exec-7,o.s.web.servlet.DispatcherServlet,Completed 200 OK
2026-07-23T00:07:17.071644+00:00,visits-service,visits-service-5bbc99b894-rlpg7,2026-07-23T00:06:39.042334+00:00,DEBUG,b8e1444a0d4ad69b,86a84c86836df5eb,nio-8080-exec-7,o.s.web.servlet.DispatcherServlet,"GET ""/owners/1/pets/1/visits"", parameters={}"
2026-07-23T00:07:17.071644+00:00,visits-service,visits-service-5bbc99b894-rlpg7,2026-07-23T00:06:38.791888+00:00,DEBUG,b7a0526944c18101,a35a040fac6139a3,nio-8080-exec-1,o.s.web.servlet.DispatcherServlet,Completed 200 OK
2026-07-23T00:07:17.071644+00:00,visits-service,visits-service-5bbc99b894-rlpg7,2026-07-23T00:06:38.791771+00:00,DEBUG,b7a0526944c18101,a35a040fac6139a3,nio-8080-exec-1,o.s.web.servlet.DispatcherServlet,"GET ""/owners/1/pets/1/visits"", parameters={}"
2026-07-23T00:07:17.071644+00:00,visits-service,visits-service-5bbc99b894-rlpg7,2026-07-23T00:06:37.287656+00:00,DEBUG,c58c7e98e374ab09,c58c7e98e374ab09,nio-8080-exec-3,o.s.web.servlet.DispatcherServlet,Completed 200 OK
2026-07-23T00:07:17.071644+00:00,visits-service,visits-service-5bbc99b894-rlpg7,2026-07-23T00:06:37.036669+00:00,DEBUG,c8895883296309b7,bd88e5ec71cc3cd1,nio-8080-exec-5,o.s.web.servlet.DispatcherServlet,Completed 200 OK
2026-07-23T00:07:17.071644+00:00,visits-service,visits-service-5bbc99b894-rlpg7,2026-07-23T00:06:37.036665+00:00,DEBUG,c8895883296309b7,bd88e5ec71cc3cd1,nio-8080-exec-5,o.s.web.servlet.DispatcherServlet,"GET ""/owners/1/pets/1/visits"", parameters={}"
2026-07-23T00:07:17.071644+00:00,visits-service,visits-service-5bbc99b894-rlpg7,2026-07-23T00:06:36.786564+00:00,DEBUG,4fee494fac343db6,48db3c1979818df5,nio-8080-exec-4,o.s.web.servlet.DispatcherServlet,Completed 200 OK
2026-07-23T00:07:17.071644+00:00,visits-service,visits-service-5bbc99b894-rlpg7,2026-07-23T00:06:36.786560+00:00,DEBUG,4fee494fac343db6,48db3c1979818df5,nio-8080-exec-4,o.s.web.servlet.DispatcherServlet,"GET ""/owners/1/pets/1/visits"", parameters={}"
2026-07-23T00:07:17.071644+00:00,visits-service,visits-service-5bbc99b894-rlpg7,2026-07-23T00:06:36.535392+00:00,DEBUG,ab5a0c31072ad9d6,8c48aa118cd14cef,nio-8080-exec-2,o.s.web.servlet.DispatcherServlet,Completed 200 OK
2026-07-23T00:07:17.071644+00:00,visits-service,visits-service-5bbc99b894-rlpg7,2026-07-23T00:06:36.535388+00:00,DEBUG,ab5a0c31072ad9d6,8c48aa118cd14cef,nio-8080-exec-2,o.s.web.servlet.DispatcherServlet,"GET ""/owners/1/pets/1/visits"", parameters={}"
2026-07-23T00:07:17.071644+00:00,visits-service,visits-service-5bbc99b894-rlpg7,2026-07-23T00:06:35.531372+00:00,DEBUG,2b6283f58bc7d5e9,22cc341221f9f420,io-8080-exec-10,o.s.web.servlet.DispatcherServlet,Completed 200 OK
2026-07-23T00:07:17.071644+00:00,visits-service,visits-service-5bbc99b894-rlpg7,2026-07-23T00:06:35.531368+00:00,DEBUG,2b6283f58bc7d5e9,22cc341221f9f420,io-8080-exec-10,o.s.web.servlet.DispatcherServlet,"GET ""/owners/1/pets/1/visits"", parameters={}"
2026-07-23T00:07:17.071644+00:00,visits-service,visits-service-5bbc99b894-rlpg7,2026-07-23T00:06:32.773240+00:00,DEBUG,83ddf71e81405017,3773275efe5b8038,nio-8080-exec-8,o.s.web.servlet.DispatcherServlet,Completed 200 OK
2026-07-23T00:07:17.071644+00:00,visits-service,visits-service-5bbc99b894-rlpg7,2026-07-23T00:06:32.773236+00:00,DEBUG,83ddf71e81405017,3773275efe5b8038,nio-8080-exec-8,o.s.web.servlet.DispatcherServlet,"GET ""/owners/1/pets/1/visits"", parameters={}"
2026-07-23T00:07:17.071644+00:00,visits-service,visits-service-5bbc99b894-rlpg7,2026-07-23T00:06:31.518366+00:00,DEBUG,90ce42b5b551f019,dbbf3ebfdd3b17c2,nio-8080-exec-9,o.s.web.servlet.DispatcherServlet,Completed 200 OK
2026-07-23T00:07:17.071644+00:00,visits-service,visits-service-5bbc99b894-rlpg7,2026-07-23T00:06:31.518361+00:00,DEBUG,90ce42b5b551f019,dbbf3ebfdd3b17c2,nio-8080-exec-9,o.s.web.servlet.DispatcherServlet,"GET ""/owners/1/pets/1/visits"", parameters={}"
2026-07-23T00:07:17.071644+00:00,visits-service,visits-service-5bbc99b894-rlpg7,2026-07-23T00:06:30.515520+00:00,DEBUG,bd4465a42044511a,bd4465a42044511a,nio-8080-exec-6,o.s.web.servlet.DispatcherServlet,Completed 200 OK
2026-07-23T00:07:17.071644+00:00,visits-service,visits-service-5bbc99b894-rlpg7,2026-07-23T00:06:30.014032+00:00,DEBUG,4419f49b4f7d2090,f9b19bb6d4878d7b,nio-8080-exec-7,o.s.web.servlet.DispatcherServlet,Completed 200 OK
2026-07-23T00:07:17.071644+00:00,visits-service,visits-service-5bbc99b894-rlpg7,2026-07-23T00:06:30.014029+00:00,DEBUG,4419f49b4f7d2090,f9b19bb6d4878d7b,nio-8080-exec-7,o.s.web.servlet.DispatcherServlet,"GET ""/owners/1/pets/1/visits"", parameters={}"
2026-07-23T00:07:17.071644+00:00,visits-service,visits-service-5bbc99b894-rlpg7,2026-07-23T00:06:27.757611+00:00,DEBUG,a12a4d4dd1703791,ec5bddbbb320265d,nio-8080-exec-1,o.s.web.servlet.DispatcherServlet,Completed 200 OK
2026-07-23T00:07:17.071644+00:00,visits-service,visits-service-5bbc99b894-rlpg7,2026-07-23T00:06:27.757606+00:00,DEBUG,a12a4d4dd1703791,ec5bddbbb320265d,nio-8080-exec-1,o.s.web.servlet.DispatcherServlet,"GET ""/owners/1/pets/1/visits"", parameters={}"
2026-07-23T00:07:17.071644+00:00,visits-service,visits-service-5bbc99b894-rlpg7,2026-07-23T00:06:27.006155+00:00,DEBUG,10dd761fda4ac83e,e869a81f23c6de68,nio-8080-exec-3,o.s.web.servlet.DispatcherServlet,Completed 200 OK
2026-07-23T00:07:17.071644+00:00,visits-service,visits-service-5bbc99b894-rlpg7,2026-07-23T00:06:27.006152+00:00,DEBUG,10dd761fda4ac83e,e869a81f23c6de68,nio-8080-exec-3,o.s.web.servlet.DispatcherServlet,"GET ""/owners/1/pets/1/visits"", parameters={}"
2026-07-23T00:07:17.071644+00:00,visits-service,visits-service-5bbc99b894-rlpg7,2026-07-23T00:06:26.754915+00:00,DEBUG,8db592a4cbf76111,8db592a4cbf76111,nio-8080-exec-5,o.s.web.servlet.DispatcherServlet,Completed 200 OK
2026-07-23T00:07:17.071644+00:00,visits-service,visits-service-5bbc99b894-rlpg7,2026-07-23T00:06:26.503969+00:00,DEBUG,470a2f227c8f7e6d,315eae613586af45,nio-8080-exec-4,o.s.web.servlet.DispatcherServlet,Completed 200 OK
2026-07-23T00:07:17.071644+00:00,visits-service,visits-service-5bbc99b894-rlpg7,2026-07-23T00:06:26.503967+00:00,DEBUG,470a2f227c8f7e6d,315eae613586af45,nio-8080-exec-4,o.s.web.servlet.DispatcherServlet,"GET ""/owners/1/pets/1/visits"", parameters={}"
2026-07-23T00:07:17.071644+00:00,visits-service,visits-service-5bbc99b894-rlpg7,2026-07-23T00:06:26.252506+00:00,DEBUG,56234bebcb6737ca,03cd157a34c7a00a,nio-8080-exec-2,o.s.web.servlet.DispatcherServlet,Completed 200 OK
2026-07-23T00:07:17.071644+00:00,visits-service,visits-service-5bbc99b894-rlpg7,2026-07-23T00:06:26.252501+00:00,DEBUG,56234bebcb6737ca,03cd157a34c7a00a,nio-8080-exec-2,o.s.web.servlet.DispatcherServlet,"GET ""/owners/1/pets/1/visits"", parameters={}"
2026-07-23T00:07:17.071644+00:00,visits-service,visits-service-5bbc99b894-rlpg7,2026-07-23T00:06:25.499629+00:00,DEBUG,9029dc0780d8090f,41b00f0499d296bc,io-8080-exec-10,o.s.web.servlet.DispatcherServlet,Completed 200 OK
2026-07-23T00:07:17.071644+00:00,visits-service,visits-service-5bbc99b894-rlpg7,2026-07-23T00:06:25.499626+00:00,DEBUG,9029dc0780d8090f,41b00f0499d296bc,io-8080-exec-10,o.s.web.servlet.DispatcherServlet,"GET ""/owners/1/pets/1/visits"", parameters={}"
2026-07-23T00:07:17.071644+00:00,visits-service,visits-service-5bbc99b894-rlpg7,2026-07-23T00:06:24.998093+00:00,DEBUG,3debbdce1a8da254,c1ee593d1be69f73,nio-8080-exec-8,o.s.web.servlet.DispatcherServlet,Completed 200 OK
2026-07-23T00:07:17.071644+00:00,visits-service,visits-service-5bbc99b894-rlpg7,2026-07-23T00:06:24.998089+00:00,DEBUG,3debbdce1a8da254,c1ee593d1be69f73,nio-8080-exec-8,o.s.web.servlet.DispatcherServlet,"GET ""/owners/1/pets/1/visits"", parameters={}"
2026-07-23T00:07:17.071644+00:00,visits-service,visits-service-5bbc99b894-rlpg7,2026-07-23T00:06:24.496575+00:00,DEBUG,1620bc8c5e26977d,be526d994f64793e,nio-8080-exec-9,o.s.web.servlet.DispatcherServlet,Completed 200 OK
2026-07-23T00:07:17.071644+00:00,visits-service,visits-service-5bbc99b894-rlpg7,2026-07-23T00:06:24.496571+00:00,DEBUG,1620bc8c5e26977d,be526d994f64793e,nio-8080-exec-9,o.s.web.servlet.DispatcherServlet,"GET ""/owners/1/pets/1/visits"", parameters={}"
2026-07-23T00:07:17.071644+00:00,visits-service,visits-service-5bbc99b894-rlpg7,2026-07-23T00:06:23.994303+00:00,DEBUG,7bc1343f7aa65823,6b2d8ff581245230,nio-8080-exec-6,o.s.web.servlet.DispatcherServlet,Completed 200 OK
2026-07-23T00:07:17.071644+00:00,visits-service,visits-service-5bbc99b894-rlpg7,2026-07-23T00:06:23.994299+00:00,DEBUG,7bc1343f7aa65823,6b2d8ff581245230,nio-8080-exec-6,o.s.web.servlet.DispatcherServlet,"GET ""/owners/1/pets/1/visits"", parameters={}"
2026-07-23T00:07:17.071644+00:00,visits-service,visits-service-5bbc99b894-rlpg7,2026-07-23T00:06:22.237298+00:00,DEBUG,2d398d2eaa79d81a,2d398d2eaa79d81a,nio-8080-exec-7,o.s.web.servlet.DispatcherServlet,Completed 200 OK
2026-07-23T00:07:17.071644+00:00,visits-service,visits-service-5bbc99b894-rlpg7,2026-07-23T00:06:21.986211+00:00,DEBUG,5ec805b7035e7d66,471c76d9131a1360,nio-8080-exec-1,o.s.web.servlet.DispatcherServlet,Completed 200 OK
2026-07-23T00:07:17.071644+00:00,visits-service,visits-service-5bbc99b894-rlpg7,2026-07-23T00:06:21.986208+00:00,DEBUG,5ec805b7035e7d66,471c76d9131a1360,nio-8080-exec-1,o.s.web.servlet.DispatcherServlet,"GET ""/owners/1/pets/1/visits"", parameters={}"
2026-07-23T00:07:17.071644+00:00,visits-service,visits-service-5bbc99b894-rlpg7,2026-07-23T00:06:20.983260+00:00,DEBUG,305efff27eebe8e7,499467dd6cdacbf9,nio-8080-exec-3,o.s.web.servlet.DispatcherServlet,Completed 200 OK
2026-07-23T00:07:17.071644+00:00,visits-service,visits-service-5bbc99b894-rlpg7,2026-07-23T00:06:20.983256+00:00,DEBUG,305efff27eebe8e7,499467dd6cdacbf9,nio-8080-exec-3,o.s.web.servlet.DispatcherServlet,"GET ""/owners/1/pets/1/visits"", parameters={}"
2026-07-23T00:07:17.071644+00:00,visits-service,visits-service-5bbc99b894-rlpg7,2026-07-23T00:06:20.733055+00:00,DEBUG,0d4115d00d7a657d,bbdf8f212e7104b9,nio-8080-exec-5,o.s.web.servlet.DispatcherServlet,Completed 200 OK
2026-07-23T00:07:17.071644+00:00,visits-service,visits-service-5bbc99b894-rlpg7,2026-07-23T00:06:20.733051+00:00,DEBUG,0d4115d00d7a657d,bbdf8f212e7104b9,nio-8080-exec-5,o.s.web.servlet.DispatcherServlet,"GET ""/owners/1/pets/1/visits"", parameters={}"
2026-07-23T00:07:17.071644+00:00,visits-service,visits-service-5bbc99b894-rlpg7,2026-07-23T00:06:20.482483+00:00,DEBUG,117c24baeeace75e,73f4f5d7c5e13ec2,nio-8080-exec-4,o.s.web.servlet.DispatcherServlet,Completed 200 OK
2026-07-23T00:07:17.071644+00:00,visits-service,visits-service-5bbc99b894-rlpg7,2026-07-23T00:06:20.482479+00:00,DEBUG,117c24baeeace75e,73f4f5d7c5e13ec2,nio-8080-exec-4,o.s.web.servlet.DispatcherServlet,"GET ""/owners/1/pets/1/visits"", parameters={}"
2026-07-23T00:07:17.071644+00:00,visits-service,visits-service-5bbc99b894-rlpg7,2026-07-23T00:06:18.728456+00:00,DEBUG,2c64593b16d05695,b0cf3d7908fd009e,nio-8080-exec-2,o.s.web.servlet.DispatcherServlet,Completed 200 OK
2026-07-23T00:07:17.071644+00:00,visits-service,visits-service-5bbc99b894-rlpg7,2026-07-23T00:06:18.728453+00:00,DEBUG,2c64593b16d05695,b0cf3d7908fd009e,nio-8080-exec-2,o.s.web.servlet.DispatcherServlet,"GET ""/owners/1/pets/1/visits"", parameters={}"
2026-07-23T00:07:17.071644+00:00,visits-service,visits-service-5bbc99b894-rlpg7,2026-07-23T00:06:18.226276+00:00,DEBUG,6d5667cec4401670,e764a0fb1802041d,io-8080-exec-10,o.s.web.servlet.DispatcherServlet,Completed 200 OK
2026-07-23T00:07:17.071644+00:00,visits-service,visits-service-5bbc99b894-rlpg7,2026-07-23T00:06:18.226273+00:00,DEBUG,6d5667cec4401670,e764a0fb1802041d,io-8080-exec-10,o.s.web.servlet.DispatcherServlet,"GET ""/owners/1/pets/1/visits"", parameters={}"
2026-07-23T00:07:17.071644+00:00,visits-service,visits-service-5bbc99b894-rlpg7,2026-07-23T00:06:17.725717+00:00,DEBUG,d9e5612e517b70f6,15c57b2e283823c1,nio-8080-exec-8,o.s.web.servlet.DispatcherServlet,Completed 200 OK
2026-07-23T00:07:17.071644+00:00,visits-service,visits-service-5bbc99b894-rlpg7,2026-07-23T00:06:17.725714+00:00,DEBUG,d9e5612e517b70f6,15c57b2e283823c1,nio-8080-exec-8,o.s.web.servlet.DispatcherServlet,"GET ""/owners/1/pets/1/visits"", parameters={}"
2026-07-23T00:07:17.071644+00:00,visits-service,visits-service-5bbc99b894-rlpg7,2026-07-23T00:06:17.475455+00:00,DEBUG,fbda0c6107e2c39e,fa1b3929dc6be755,nio-8080-exec-9,o.s.web.servlet.DispatcherServlet,Completed 200 OK
2026-07-23T00:07:17.071644+00:00,visits-service,visits-service-5bbc99b894-rlpg7,2026-07-23T00:06:17.475424+00:00,DEBUG,fbda0c6107e2c39e,fa1b3929dc6be755,nio-8080-exec-9,o.s.web.servlet.DispatcherServlet,"GET ""/owners/1/pets/1/visits"", parameters={}"
2026-07-23T00:07:17.071644+00:00,visits-service,visits-service-5bbc99b894-rlpg7,2026-07-23T00:06:17.475397+00:00,DEBUG,688ecc5ba6b2e250,71636deb14d57f8f,nio-8080-exec-6,o.s.web.servlet.DispatcherServlet,Completed 200 OK
2026-07-23T00:07:17.071644+00:00,visits-service,visits-service-5bbc99b894-rlpg7,2026-07-23T00:06:17.475393+00:00,DEBUG,688ecc5ba6b2e250,71636deb14d57f8f,nio-8080-exec-6,o.s.web.servlet.DispatcherServlet,"GET ""/owners/1/pets/1/visits"", parameters={}"
2026-07-23T00:07:17.071644+00:00,visits-service,visits-service-5bbc99b894-rlpg7,2026-07-23T00:06:16.722101+00:00,DEBUG,47675f8dd458283f,830966da5e091f0e,nio-8080-exec-7,o.s.web.servlet.DispatcherServlet,Completed 200 OK
2026-07-23T00:07:17.071644+00:00,visits-service,visits-service-5bbc99b894-rlpg7,2026-07-23T00:06:16.722097+00:00,DEBUG,47675f8dd458283f,830966da5e091f0e,nio-8080-exec-7,o.s.web.servlet.DispatcherServlet,"GET ""/owners/1/pets/1/visits"", parameters={}"
2026-07-23T00:07:17.071644+00:00,visits-service,visits-service-5bbc99b894-rlpg7,2026-07-23T00:06:15.969493+00:00,DEBUG,ef4fd3d5e68cb454,fc5eebe6249c78f0,nio-8080-exec-1,o.s.web.servlet.DispatcherServlet,Completed 200 OK
2026-07-23T00:07:17.071644+00:00,visits-service,visits-service-5bbc99b894-rlpg7,2026-07-23T00:06:15.969489+00:00,DEBUG,ef4fd3d5e68cb454,fc5eebe6249c78f0,nio-8080-exec-1,o.s.web.servlet.DispatcherServlet,"GET ""/owners/1/pets/1/visits"", parameters={}"
2026-07-23T00:07:17.071644+00:00,visits-service,visits-service-5bbc99b894-rlpg7,2026-07-23T00:06:15.718914+00:00,DEBUG,12c97121cfef9a23,80478121a396c5d5,nio-8080-exec-3,o.s.web.servlet.DispatcherServlet,Completed 200 OK
2026-07-23T00:07:17.071644+00:00,visits-service,visits-service-5bbc99b894-rlpg7,2026-07-23T00:06:15.718911+00:00,DEBUG,12c97121cfef9a23,80478121a396c5d5,nio-8080-exec-3,o.s.web.servlet.DispatcherServlet,"GET ""/owners/1/pets/1/visits"", parameters={}"
2026-07-23T00:07:17.071644+00:00,visits-service,visits-service-5bbc99b894-rlpg7,2026-07-23T00:06:15.468301+00:00,DEBUG,6f1fb0154e02e092,606a779a90b7b91b,nio-8080-exec-5,o.s.web.servlet.DispatcherServlet,Completed 200 OK
2026-07-23T00:07:17.071644+00:00,visits-service,visits-service-5bbc99b894-rlpg7,2026-07-23T00:06:15.468297+00:00,DEBUG,6f1fb0154e02e092,606a779a90b7b91b,nio-8080-exec-5,o.s.web.servlet.DispatcherServlet,"GET ""/owners/1/pets/1/visits"", parameters={}"
2026-07-23T00:07:17.071644+00:00,visits-service,visits-service-5bbc99b894-rlpg7,2026-07-23T00:06:15.217431+00:00,DEBUG,88e0a15bbec4b546,4b730c4fe451cbec,nio-8080-exec-4,o.s.web.servlet.DispatcherServlet,Completed 200 OK
2026-07-23T00:07:17.071644+00:00,visits-service,visits-service-5bbc99b894-rlpg7,2026-07-23T00:06:15.217427+00:00,DEBUG,88e0a15bbec4b546,4b730c4fe451cbec,nio-8080-exec-4,o.s.web.servlet.DispatcherServlet,"GET ""/owners/1/pets/1/visits"", parameters={}"
2026-07-23T00:07:17.071644+00:00,visits-service,visits-service-5bbc99b894-rlpg7,2026-07-23T00:06:14.715707+00:00,DEBUG,8dce5d93c5d4a485,8dce5d93c5d4a485,nio-8080-exec-2,o.s.web.servlet.DispatcherServlet,Completed 200 OK
2026-07-23T00:07:17.071644+00:00,visits-service,visits-service-5bbc99b894-rlpg7,2026-07-23T00:06:14.715662+00:00,DEBUG,c931015b60ca5cf7,b20a798befb7248d,io-8080-exec-10,o.s.web.servlet.DispatcherServlet,Completed 200 OK
2026-07-23T00:07:17.071644+00:00,visits-service,visits-service-5bbc99b894-rlpg7,2026-07-23T00:06:14.715658+00:00,DEBUG,c931015b60ca5cf7,b20a798befb7248d,io-8080-exec-10,o.s.web.servlet.DispatcherServlet,"GET ""/owners/1/pets/1/visits"", parameters={}"
2026-07-23T00:07:17.071644+00:00,visits-service,visits-service-5bbc99b894-rlpg7,2026-07-23T00:06:13.461747+00:00,DEBUG,f254fcce84ececb4,9d31ca42609fc629,nio-8080-exec-8,o.s.web.servlet.DispatcherServlet,Completed 200 OK
2026-07-23T00:07:17.071644+00:00,visits-service,visits-service-5bbc99b894-rlpg7,2026-07-23T00:06:13.461743+00:00,DEBUG,f254fcce84ececb4,9d31ca42609fc629,nio-8080-exec-8,o.s.web.servlet.DispatcherServlet,"GET ""/owners/1/pets/1/visits"", parameters={}"
2026-07-23T00:07:17.071644+00:00,visits-service,visits-service-5bbc99b894-rlpg7,2026-07-23T00:06:13.210508+00:00,DEBUG,bd647c68af6a137c,2266819d68ec82ad,nio-8080-exec-9,o.s.web.servlet.DispatcherServlet,Completed 200 OK
2026-07-23T00:07:17.071644+00:00,visits-service,visits-service-5bbc99b894-rlpg7,2026-07-23T00:06:13.210503+00:00,DEBUG,bd647c68af6a137c,2266819d68ec82ad,nio-8080-exec-9,o.s.web.servlet.DispatcherServlet,"GET ""/owners/1/pets/1/visits"", parameters={}"
2026-07-23T00:08:15.950039+00:00,customers-service,customers-service-68b57f7b8c-2hfs9,2026-07-23T00:08:09.541729+00:00,DEBUG,0c0c85129b3cec31,0c0c85129b3cec31,nio-8080-exec-9,o.s.web.servlet.DispatcherServlet,Completed 200 OK
2026-07-23T00:08:15.950039+00:00,customers-service,customers-service-68b57f7b8c-2hfs9,2026-07-23T00:08:06.781120+00:00,DEBUG,10665e4759b1a7a9,10665e4759b1a7a9,nio-8080-exec-4,o.s.web.servlet.DispatcherServlet,Completed 200 OK
2026-07-23T00:08:15.950039+00:00,customers-service,customers-service-68b57f7b8c-2hfs9,2026-07-23T00:08:02.516920+00:00,DEBUG,b14e3f1fdb2b07b8,b14e3f1fdb2b07b8,nio-8080-exec-5,o.s.web.servlet.DispatcherServlet,Completed 200 OK
2026-07-23T00:08:15.950039+00:00,customers-service,customers-service-68b57f7b8c-2hfs9,2026-07-23T00:08:01.012539+00:00,DEBUG,da3d2a1b9139b7d8,6f97d1231ea3080a,nio-8080-exec-8,o.s.web.servlet.DispatcherServlet,Completed 200 OK
2026-07-23T00:08:15.950039+00:00,customers-service,customers-service-68b57f7b8c-2hfs9,2026-07-23T00:08:01.012521+00:00,DEBUG,da3d2a1b9139b7d8,80f07d92638a9048,nio-8080-exec-8,o.s.web.servlet.DispatcherServlet,"GET ""/owners/1"", parameters={}"
2026-07-23T00:08:15.950039+00:00,customers-service,customers-service-68b57f7b8c-2hfs9,2026-07-23T00:08:01.012517+00:00,DEBUG,f15a2e0375b00721,cb7f5dee7da7ee68,nio-8080-exec-7,o.s.web.servlet.DispatcherServlet,Completed 200 OK
2026-07-23T00:08:15.950039+00:00,customers-service,customers-service-68b57f7b8c-2hfs9,2026-07-23T00:08:00.762297+00:00,DEBUG,f15a2e0375b00721,63a7147738ed8625,nio-8080-exec-7,o.s.web.servlet.DispatcherServlet,"GET ""/owners"", parameters={}"
2026-07-23T00:08:15.950039+00:00,customers-service,customers-service-68b57f7b8c-2hfs9,2026-07-23T00:08:00.261122+00:00,DEBUG,8cf1a45e6d9ae712,e7c1aa99ba572182,nio-8080-exec-6,o.s.web.servlet.DispatcherServlet,Completed 200 OK
2026-07-23T00:08:15.950039+00:00,customers-service,customers-service-68b57f7b8c-2hfs9,2026-07-23T00:08:00.261117+00:00,DEBUG,8cf1a45e6d9ae712,4480c183a755fd7b,nio-8080-exec-6,o.s.web.servlet.DispatcherServlet,"GET ""/owners/1"", parameters={}"
2026-07-23T00:08:15.950039+00:00,customers-service,customers-service-68b57f7b8c-2hfs9,2026-07-23T00:08:00.010383+00:00,DEBUG,bfd440c8ec94db45,2f59b4b77675d188,nio-8080-exec-2,o.s.web.servlet.DispatcherServlet,Completed 200 OK
2026-07-23T00:08:15.950039+00:00,customers-service,customers-service-68b57f7b8c-2hfs9,2026-07-23T00:07:59.759515+00:00,DEBUG,bfd440c8ec94db45,682f5c7e2765d0de,nio-8080-exec-2,o.s.web.servlet.DispatcherServlet,"GET ""/owners/1"", parameters={}"
2026-07-23T00:08:15.950039+00:00,customers-service,customers-service-68b57f7b8c-2hfs9,2026-07-23T00:07:59.508477+00:00,DEBUG,7c95a51b4db601cd,10a6489a13b93923,nio-8080-exec-1,o.s.web.servlet.DispatcherServlet,Completed 200 OK
2026-07-23T00:08:15.950039+00:00,customers-service,customers-service-68b57f7b8c-2hfs9,2026-07-23T00:07:59.508471+00:00,DEBUG,7c95a51b4db601cd,d0552cbfcbbb3409,nio-8080-exec-1,o.s.web.servlet.DispatcherServlet,"GET ""/owners"", parameters={}"
2026-07-23T00:08:15.950039+00:00,customers-service,customers-service-68b57f7b8c-2hfs9,2026-07-23T00:07:59.257332+00:00,DEBUG,dfdc91d0fbb500a6,7f4fbddd347bf189,nio-8080-exec-3,o.s.web.servlet.DispatcherServlet,Completed 200 OK
2026-07-23T00:08:15.950039+00:00,customers-service,customers-service-68b57f7b8c-2hfs9,2026-07-23T00:07:59.257326+00:00,DEBUG,dfdc91d0fbb500a6,3457073688ac9c6b,nio-8080-exec-3,o.s.web.servlet.DispatcherServlet,"GET ""/owners"", parameters={}"
2026-07-23T00:08:15.950039+00:00,customers-service,customers-service-68b57f7b8c-2hfs9,2026-07-23T00:07:59.006208+00:00,DEBUG,0fbd2d13e069b773,fe3876b829f85cd1,io-8080-exec-10,o.s.web.servlet.DispatcherServlet,Completed 200 OK
2026-07-23T00:08:15.950039+00:00,customers-service,customers-service-68b57f7b8c-2hfs9,2026-07-23T00:07:59.006202+00:00,DEBUG,0fbd2d13e069b773,cd5fb9c2145d9bec,io-8080-exec-10,o.s.web.servlet.DispatcherServlet,"GET ""/owners/1"", parameters={}"
2026-07-23T00:08:15.950039+00:00,customers-service,customers-service-68b57f7b8c-2hfs9,2026-07-23T00:07:58.754921+00:00,DEBUG,ac8357d55c43f3eb,5e3748698f9790fc,nio-8080-exec-9,o.s.web.servlet.DispatcherServlet,Completed 200 OK
2026-07-23T00:08:15.950039+00:00,customers-service,customers-service-68b57f7b8c-2hfs9,2026-07-23T00:07:58.754917+00:00,DEBUG,ac8357d55c43f3eb,43ef7803f04258ed,nio-8080-exec-9,o.s.web.servlet.DispatcherServlet,"GET ""/owners"", parameters={}"
2026-07-23T00:08:15.950039+00:00,customers-service,customers-service-68b57f7b8c-2hfs9,2026-07-23T00:07:58.504423+00:00,DEBUG,00862f400f5f0e3c,aa5f5a682d5ced82,nio-8080-exec-4,o.s.web.servlet.DispatcherServlet,Completed 200 OK
2026-07-23T00:08:15.950039+00:00,customers-service,customers-service-68b57f7b8c-2hfs9,2026-07-23T00:07:58.504416+00:00,DEBUG,00862f400f5f0e3c,0b8ec91dd4a425be,nio-8080-exec-4,o.s.web.servlet.DispatcherServlet,"GET ""/owners/1"", parameters={}"
2026-07-23T00:08:15.950039+00:00,customers-service,customers-service-68b57f7b8c-2hfs9,2026-07-23T00:07:58.001604+00:00,DEBUG,d7193fa25a745b80,2fdc141ac6d13cac,nio-8080-exec-5,o.s.web.servlet.DispatcherServlet,Completed 200 OK
2026-07-23T00:08:15.950039+00:00,customers-service,customers-service-68b57f7b8c-2hfs9,2026-07-23T00:07:58.001597+00:00,DEBUG,d7193fa25a745b80,8ba7607ef6e88716,nio-8080-exec-5,o.s.web.servlet.DispatcherServlet,"GET ""/owners/1"", parameters={}"
2026-07-23T00:08:15.950039+00:00,customers-service,customers-service-68b57f7b8c-2hfs9,2026-07-23T00:07:57.499823+00:00,DEBUG,9219add28fd4d997,4afb2dc0407e6daf,nio-8080-exec-8,o.s.web.servlet.DispatcherServlet,Completed 200 OK
2026-07-23T00:08:15.950039+00:00,customers-service,customers-service-68b57f7b8c-2hfs9,2026-07-23T00:07:57.249673+00:00,DEBUG,9219add28fd4d997,307429d4c26b6d6c,nio-8080-exec-8,o.s.web.servlet.DispatcherServlet,"GET ""/owners"", parameters={}"
2026-07-23T00:08:15.950039+00:00,customers-service,customers-service-68b57f7b8c-2hfs9,2026-07-23T00:07:57.249641+00:00,DEBUG,8242cf93539df9ba,2d4efccbed044669,nio-8080-exec-7,o.s.web.servlet.DispatcherServlet,Completed 200 OK
2026-07-23T00:08:15.950039+00:00,customers-service,customers-service-68b57f7b8c-2hfs9,2026-07-23T00:07:57.249635+00:00,DEBUG,8242cf93539df9ba,f500975545fcae0d,nio-8080-exec-7,o.s.web.servlet.DispatcherServlet,"GET ""/owners"", parameters={}"
2026-07-23T00:08:15.950039+00:00,customers-service,customers-service-68b57f7b8c-2hfs9,2026-07-23T00:07:56.245624+00:00,DEBUG,acdd63b21e2b67d5,bfbb6d40bd7e1a72,nio-8080-exec-6,o.s.web.servlet.DispatcherServlet,Completed 200 OK
2026-07-23T00:08:15.950039+00:00,customers-service,customers-service-68b57f7b8c-2hfs9,2026-07-23T00:07:56.245621+00:00,DEBUG,acdd63b21e2b67d5,08c9f6ac711b1cb4,nio-8080-exec-6,o.s.web.servlet.DispatcherServlet,"GET ""/owners/1"", parameters={}"
2026-07-23T00:08:15.950039+00:00,customers-service,customers-service-68b57f7b8c-2hfs9,2026-07-23T00:07:55.995080+00:00,DEBUG,fd6b41f55072a1a8,524b28bd56a5cb4a,nio-8080-exec-2,o.s.web.servlet.DispatcherServlet,Completed 200 OK
2026-07-23T00:08:15.950039+00:00,customers-service,customers-service-68b57f7b8c-2hfs9,2026-07-23T00:07:55.995047+00:00,DEBUG,fd6b41f55072a1a8,4b9783ef401714eb,nio-8080-exec-2,o.s.web.servlet.DispatcherServlet,"GET ""/owners/1"", parameters={}"
2026-07-23T00:08:15.950039+00:00,customers-service,customers-service-68b57f7b8c-2hfs9,2026-07-23T00:07:55.995040+00:00,DEBUG,1b60441c790165de,6fe36b79e793606b,nio-8080-exec-1,o.s.web.servlet.DispatcherServlet,Completed 200 OK
2026-07-23T00:08:15.950039+00:00,customers-service,customers-service-68b57f7b8c-2hfs9,2026-07-23T00:07:55.744507+00:00,DEBUG,1b60441c790165de,3f9b849d5e5e6a43,nio-8080-exec-1,o.s.web.servlet.DispatcherServlet,"GET ""/owners"", parameters={}"
2026-07-23T00:08:15.950039+00:00,customers-service,customers-service-68b57f7b8c-2hfs9,2026-07-23T00:07:55.744479+00:00,DEBUG,a74ad6e0ca08b37c,58f5fe8858714bef,nio-8080-exec-3,o.s.web.servlet.DispatcherServlet,Completed 200 OK
2026-07-23T00:08:15.950039+00:00,customers-service,customers-service-68b57f7b8c-2hfs9,2026-07-23T00:07:55.744471+00:00,DEBUG,a74ad6e0ca08b37c,e5de6af247197f58,nio-8080-exec-3,o.s.web.servlet.DispatcherServlet,"GET ""/owners/1"", parameters={}"
2026-07-23T00:08:15.950039+00:00,customers-service,customers-service-68b57f7b8c-2hfs9,2026-07-23T00:07:55.493860+00:00,DEBUG,1a8f341f984cf48f,07ec70c959a68489,io-8080-exec-10,o.s.web.servlet.DispatcherServlet,Completed 200 OK
2026-07-23T00:08:15.950039+00:00,customers-service,customers-service-68b57f7b8c-2hfs9,2026-07-23T00:07:55.242519+00:00,DEBUG,1a8f341f984cf48f,5700cd28cceffa37,io-8080-exec-10,o.s.web.servlet.DispatcherServlet,"GET ""/owners/1"", parameters={}"
2026-07-23T00:08:15.950039+00:00,customers-service,customers-service-68b57f7b8c-2hfs9,2026-07-23T00:07:54.991360+00:00,DEBUG,71c96bc1e3a4fc71,7ca7ebd34e0f1e4c,nio-8080-exec-9,o.s.web.servlet.DispatcherServlet,Completed 200 OK
2026-07-23T00:08:15.950039+00:00,customers-service,customers-service-68b57f7b8c-2hfs9,2026-07-23T00:07:54.740247+00:00,DEBUG,71c96bc1e3a4fc71,42ae39c9d3735928,nio-8080-exec-9,o.s.web.servlet.DispatcherServlet,"GET ""/owners/1"", parameters={}"
2026-07-23T00:08:15.950039+00:00,customers-service,customers-service-68b57f7b8c-2hfs9,2026-07-23T00:07:54.740220+00:00,DEBUG,c4cc33fff63f876f,a0008cc2ed04c610,nio-8080-exec-4,o.s.web.servlet.DispatcherServlet,Completed 200 OK
2026-07-23T00:08:15.950039+00:00,customers-service,customers-service-68b57f7b8c-2hfs9,2026-07-23T00:07:54.740215+00:00,DEBUG,c4cc33fff63f876f,24d82ba2987895d2,nio-8080-exec-4,o.s.web.servlet.DispatcherServlet,"GET ""/owners/1"", parameters={}"
2026-07-23T00:08:15.950039+00:00,customers-service,customers-service-68b57f7b8c-2hfs9,2026-07-23T00:07:53.988162+00:00,DEBUG,428752edc551b0d5,d3ab119186b7e6d7,nio-8080-exec-5,o.s.web.servlet.DispatcherServlet,Completed 200 OK
2026-07-23T00:08:15.950039+00:00,customers-service,customers-service-68b57f7b8c-2hfs9,2026-07-23T00:07:53.737472+00:00,DEBUG,428752edc551b0d5,894457d50d638b3c,nio-8080-exec-5,o.s.web.servlet.DispatcherServlet,"GET ""/owners/1"", parameters={}"
2026-07-23T00:08:15.950039+00:00,customers-service,customers-service-68b57f7b8c-2hfs9,2026-07-23T00:07:53.737384+00:00,DEBUG,40f3276ec3dfb690,32339d2148743e2e,nio-8080-exec-8,o.s.web.servlet.DispatcherServlet,Completed 200 OK
2026-07-23T00:08:15.950039+00:00,customers-service,customers-service-68b57f7b8c-2hfs9,2026-07-23T00:07:53.737349+00:00,DEBUG,40f3276ec3dfb690,b10661aa4a941652,nio-8080-exec-8,o.s.web.servlet.DispatcherServlet,"GET ""/owners/1"", parameters={}"
2026-07-23T00:08:15.950039+00:00,customers-service,customers-service-68b57f7b8c-2hfs9,2026-07-23T00:07:53.737343+00:00,DEBUG,872fc9c2fa11898a,91c5b142e36e1c37,nio-8080-exec-7,o.s.web.servlet.DispatcherServlet,Completed 200 OK
2026-07-23T00:08:15.950039+00:00,customers-service,customers-service-68b57f7b8c-2hfs9,2026-07-23T00:07:53.486315+00:00,DEBUG,872fc9c2fa11898a,c8f7301cfac40acc,nio-8080-exec-7,o.s.web.servlet.DispatcherServlet,"GET ""/owners"", parameters={}"
2026-07-23T00:08:15.950039+00:00,customers-service,customers-service-68b57f7b8c-2hfs9,2026-07-23T00:07:53.486301+00:00,DEBUG,3d2bee7334ed6905,29222365ead95097,nio-8080-exec-6,o.s.web.servlet.DispatcherServlet,Completed 200 OK
2026-07-23T00:08:15.950039+00:00,customers-service,customers-service-68b57f7b8c-2hfs9,2026-07-23T00:07:53.235007+00:00,DEBUG,3d2bee7334ed6905,1040236c4d627855,nio-8080-exec-6,o.s.web.servlet.DispatcherServlet,"GET ""/owners/1"", parameters={}"
2026-07-23T00:08:15.950039+00:00,customers-service,customers-service-68b57f7b8c-2hfs9,2026-07-23T00:07:53.234986+00:00,DEBUG,bffd9602c8f65cef,73a3968dbca2d71a,nio-8080-exec-2,o.s.web.servlet.DispatcherServlet,Completed 200 OK
2026-07-23T00:08:15.950039+00:00,customers-service,customers-service-68b57f7b8c-2hfs9,2026-07-23T00:07:53.234947+00:00,DEBUG,bffd9602c8f65cef,c45279dceba70c42,nio-8080-exec-2,o.s.web.servlet.DispatcherServlet,"GET ""/owners"", parameters={}"
2026-07-23T00:08:15.950039+00:00,customers-service,customers-service-68b57f7b8c-2hfs9,2026-07-23T00:07:52.984934+00:00,DEBUG,2126f76c613318f5,1b3b612046b6482c,nio-8080-exec-1,o.s.web.servlet.DispatcherServlet,Completed 200 OK
2026-07-23T00:08:15.950039+00:00,customers-service,customers-service-68b57f7b8c-2hfs9,2026-07-23T00:07:52.734383+00:00,DEBUG,2126f76c613318f5,3dda51d8f9c11c8b,nio-8080-exec-1,o.s.web.servlet.DispatcherServlet,"GET ""/owners/1"", parameters={}"
2026-07-23T00:08:15.950039+00:00,customers-service,customers-service-68b57f7b8c-2hfs9,2026-07-23T00:07:52.734367+00:00,DEBUG,2e92f4adfa605d41,93f32a3fcd0a75b3,nio-8080-exec-3,o.s.web.servlet.DispatcherServlet,Completed 200 OK
2026-07-23T00:08:15.950039+00:00,customers-service,customers-service-68b57f7b8c-2hfs9,2026-07-23T00:07:52.734365+00:00,DEBUG,2e92f4adfa605d41,e526b855161ff0a0,nio-8080-exec-3,o.s.web.servlet.DispatcherServlet,"GET ""/owners/1"", parameters={}"
2026-07-23T00:08:15.950039+00:00,customers-service,customers-service-68b57f7b8c-2hfs9,2026-07-23T00:07:52.483885+00:00,DEBUG,6f688cc7a0a4738c,b728abeafde2e6d9,io-8080-exec-10,o.s.web.servlet.DispatcherServlet,Completed 200 OK
2026-07-23T00:08:15.950039+00:00,customers-service,customers-service-68b57f7b8c-2hfs9,2026-07-23T00:07:52.483853+00:00,DEBUG,6f688cc7a0a4738c,b02fe0dd20ff7d79,io-8080-exec-10,o.s.web.servlet.DispatcherServlet,"GET ""/owners/1"", parameters={}"
2026-07-23T00:08:15.950039+00:00,customers-service,customers-service-68b57f7b8c-2hfs9,2026-07-23T00:07:52.483791+00:00,DEBUG,aa4fdb1385cbc4e5,ed8b9b0115808434,nio-8080-exec-9,o.s.web.servlet.DispatcherServlet,Completed 200 OK
2026-07-23T00:08:15.950039+00:00,customers-service,customers-service-68b57f7b8c-2hfs9,2026-07-23T00:07:52.483787+00:00,DEBUG,aa4fdb1385cbc4e5,740ee5fca05f77b9,nio-8080-exec-9,o.s.web.servlet.DispatcherServlet,"GET ""/owners"", parameters={}"
2026-07-23T00:08:15.950039+00:00,customers-service,customers-service-68b57f7b8c-2hfs9,2026-07-23T00:07:52.233763+00:00,DEBUG,c7efc04624a7ec4b,35f319a9c2588420,nio-8080-exec-4,o.s.web.servlet.DispatcherServlet,Completed 200 OK
2026-07-23T00:08:15.950039+00:00,customers-service,customers-service-68b57f7b8c-2hfs9,2026-07-23T00:07:52.233757+00:00,DEBUG,c7efc04624a7ec4b,0fe87affc414babb,nio-8080-exec-4,o.s.web.servlet.DispatcherServlet,"GET ""/owners/1"", parameters={}"
2026-07-23T00:08:15.950039+00:00,customers-service,customers-service-68b57f7b8c-2hfs9,2026-07-23T00:07:51.982834+00:00,DEBUG,443fe681e58e72b8,2d86cd241aa724dc,nio-8080-exec-5,o.s.web.servlet.DispatcherServlet,Completed 200 OK
2026-07-23T00:08:15.950039+00:00,customers-service,customers-service-68b57f7b8c-2hfs9,2026-07-23T00:07:51.982828+00:00,DEBUG,443fe681e58e72b8,0f76682481516bde,nio-8080-exec-5,o.s.web.servlet.DispatcherServlet,"GET ""/owners"", parameters={}"
2026-07-23T00:08:15.950039+00:00,customers-service,customers-service-68b57f7b8c-2hfs9,2026-07-23T00:07:51.731292+00:00,DEBUG,03b8cbe4e8a51bdd,03b8cbe4e8a51bdd,nio-8080-exec-8,o.s.web.servlet.DispatcherServlet,Completed 200 OK
2026-07-23T00:08:15.950039+00:00,customers-service,customers-service-68b57f7b8c-2hfs9,2026-07-23T00:07:51.230178+00:00,DEBUG,46c06924c07cce74,83cc216bc3a37baa,nio-8080-exec-7,o.s.web.servlet.DispatcherServlet,Completed 200 OK
2026-07-23T00:08:15.950039+00:00,customers-service,customers-service-68b57f7b8c-2hfs9,2026-07-23T00:07:51.230162+00:00,DEBUG,46c06924c07cce74,c832b2d18b02353a,nio-8080-exec-7,o.s.web.servlet.DispatcherServlet,"GET ""/owners"", parameters={}"
2026-07-23T00:08:15.950039+00:00,customers-service,customers-service-68b57f7b8c-2hfs9,2026-07-23T00:07:50.478558+00:00,DEBUG,fe86403d3882b61b,f30d92b9110ca701,nio-8080-exec-6,o.s.web.servlet.DispatcherServlet,Completed 200 OK
2026-07-23T00:08:15.950039+00:00,customers-service,customers-service-68b57f7b8c-2hfs9,2026-07-23T00:07:50.478552+00:00,DEBUG,fe86403d3882b61b,0122f46ea85da5be,nio-8080-exec-6,o.s.web.servlet.DispatcherServlet,"GET ""/owners/1"", parameters={}"
2026-07-23T00:08:15.950039+00:00,customers-service,customers-service-68b57f7b8c-2hfs9,2026-07-23T00:07:50.227479+00:00,DEBUG,6b6c4f2785803c2f,3ca2eb94fb4b0a1c,nio-8080-exec-2,o.s.web.servlet.DispatcherServlet,Completed 200 OK
2026-07-23T00:08:15.950039+00:00,customers-service,customers-service-68b57f7b8c-2hfs9,2026-07-23T00:07:50.227474+00:00,DEBUG,6b6c4f2785803c2f,f78875c1d6346309,nio-8080-exec-2,o.s.web.servlet.DispatcherServlet,"GET ""/owners"", parameters={}"
2026-07-23T00:08:15.950039+00:00,customers-service,customers-service-68b57f7b8c-2hfs9,2026-07-23T00:07:49.475936+00:00,DEBUG,ec2b411b43932fed,ec2b411b43932fed,nio-8080-exec-1,o.s.web.servlet.DispatcherServlet,Completed 200 OK
2026-07-23T00:08:15.950039+00:00,customers-service,customers-service-68b57f7b8c-2hfs9,2026-07-23T00:07:49.475878+00:00,DEBUG,70b6b63a76a93143,cc33542094cdc374,nio-8080-exec-3,o.s.web.servlet.DispatcherServlet,Completed 200 OK
2026-07-23T00:08:15.950039+00:00,customers-service,customers-service-68b57f7b8c-2hfs9,2026-07-23T00:07:49.475873+00:00,DEBUG,70b6b63a76a93143,24d3ff24cf797005,nio-8080-exec-3,o.s.web.servlet.DispatcherServlet,"GET ""/owners/1"", parameters={}"
2026-07-23T00:08:15.950039+00:00,customers-service,customers-service-68b57f7b8c-2hfs9,2026-07-23T00:07:49.225729+00:00,DEBUG,1cb8dda1bdae19dd,31d3e0944a9396c8,io-8080-exec-10,o.s.web.servlet.DispatcherServlet,Completed 200 OK
2026-07-23T00:08:15.950039+00:00,customers-service,customers-service-68b57f7b8c-2hfs9,2026-07-23T00:07:49.225723+00:00,DEBUG,1cb8dda1bdae19dd,630ba0a739ff4619,io-8080-exec-10,o.s.web.servlet.DispatcherServlet,"GET ""/owners"", parameters={}"
2026-07-23T00:08:15.950039+00:00,customers-service,customers-service-68b57f7b8c-2hfs9,2026-07-23T00:07:48.974531+00:00,DEBUG,f8da02726715136d,38bd4085d43cd7b0,nio-8080-exec-9,o.s.web.servlet.DispatcherServlet,Completed 200 OK
2026-07-23T00:08:15.950039+00:00,customers-service,customers-service-68b57f7b8c-2hfs9,2026-07-23T00:07:48.974526+00:00,DEBUG,f8da02726715136d,f1b571f52a5b364b,nio-8080-exec-9,o.s.web.servlet.DispatcherServlet,"GET ""/owners/1"", parameters={}"
2026-07-23T00:08:15.950039+00:00,customers-service,customers-service-68b57f7b8c-2hfs9,2026-07-23T00:07:48.724074+00:00,DEBUG,24fe8eb20f29bfa5,863e989a0f4b22be,nio-8080-exec-4,o.s.web.servlet.DispatcherServlet,Completed 200 OK
2026-07-23T00:08:15.950039+00:00,customers-service,customers-service-68b57f7b8c-2hfs9,2026-07-23T00:07:48.724070+00:00,DEBUG,24fe8eb20f29bfa5,c7c671255225e659,nio-8080-exec-4,o.s.web.servlet.DispatcherServlet,"GET ""/owners"", parameters={}"
2026-07-23T00:08:15.950039+00:00,customers-service,customers-service-68b57f7b8c-2hfs9,2026-07-23T00:07:48.473676+00:00,DEBUG,3db9bb18eac0255a,df0bed25e3ecf542,nio-8080-exec-5,o.s.web.servlet.DispatcherServlet,Completed 200 OK
2026-07-23T00:08:15.950039+00:00,customers-service,customers-service-68b57f7b8c-2hfs9,2026-07-23T00:07:48.473666+00:00,DEBUG,3db9bb18eac0255a,88187d34381ab962,nio-8080-exec-5,o.s.web.servlet.DispatcherServlet,"GET ""/owners/1"", parameters={}"
2026-07-23T00:08:15.950039+00:00,customers-service,customers-service-68b57f7b8c-2hfs9,2026-07-23T00:07:48.222710+00:00,DEBUG,7d9c3fa99fb54fca,fec136023c6b821a,nio-8080-exec-8,o.s.web.servlet.DispatcherServlet,Completed 200 OK
2026-07-23T00:08:15.950039+00:00,customers-service,customers-service-68b57f7b8c-2hfs9,2026-07-23T00:07:48.222705+00:00,DEBUG,7d9c3fa99fb54fca,29f24841e5d84d82,nio-8080-exec-8,o.s.web.servlet.DispatcherServlet,"GET ""/owners"", parameters={}"
2026-07-23T00:08:15.950039+00:00,customers-service,customers-service-68b57f7b8c-2hfs9,2026-07-23T00:07:47.972339+00:00,DEBUG,ad88cc3a26b38760,ebb5f84720452ede,nio-8080-exec-7,o.s.web.servlet.DispatcherServlet,Completed 200 OK
2026-07-23T00:08:15.950039+00:00,customers-service,customers-service-68b57f7b8c-2hfs9,2026-07-23T00:07:47.972335+00:00,DEBUG,ad88cc3a26b38760,86032cb5daad9b4f,nio-8080-exec-7,o.s.web.servlet.DispatcherServlet,"GET ""/owners/1"", parameters={}"
2026-07-23T00:08:15.950039+00:00,customers-service,customers-service-68b57f7b8c-2hfs9,2026-07-23T00:07:47.721240+00:00,DEBUG,09ff5d8932dee8ec,9fc28b029b5ca9b2,nio-8080-exec-6,o.s.web.servlet.DispatcherServlet,Completed 200 OK
2026-07-23T00:08:15.950039+00:00,customers-service,customers-service-68b57f7b8c-2hfs9,2026-07-23T00:07:47.721234+00:00,DEBUG,09ff5d8932dee8ec,3076548bde770164,nio-8080-exec-6,o.s.web.servlet.DispatcherServlet,"GET ""/owners"", parameters={}"
2026-07-23T00:08:15.950039+00:00,customers-service,customers-service-68b57f7b8c-2hfs9,2026-07-23T00:07:47.470704+00:00,DEBUG,57d9c5e8b97e74f2,0dc8cba844ae464e,nio-8080-exec-2,o.s.web.servlet.DispatcherServlet,Completed 200 OK
2026-07-23T00:08:15.950039+00:00,customers-service,customers-service-68b57f7b8c-2hfs9,2026-07-23T00:07:47.470659+00:00,DEBUG,57d9c5e8b97e74f2,448faebccd6b703d,nio-8080-exec-2,o.s.web.servlet.DispatcherServlet,"GET ""/owners/1"", parameters={}"
2026-07-23T00:08:15.950039+00:00,customers-service,customers-service-68b57f7b8c-2hfs9,2026-07-23T00:07:47.470628+00:00,DEBUG,f6e525b8f9c1bf3b,f6e525b8f9c1bf3b,nio-8080-exec-1,o.s.web.servlet.DispatcherServlet,Completed 200 OK
2026-07-23T00:08:15.950039+00:00,customers-service,customers-service-68b57f7b8c-2hfs9,2026-07-23T00:07:47.470568+00:00,DEBUG,c5a70bff65292d0a,ebad897daed4c0a8,nio-8080-exec-3,o.s.web.servlet.DispatcherServlet,Completed 200 OK
2026-07-23T00:08:15.950039+00:00,customers-service,customers-service-68b57f7b8c-2hfs9,2026-07-23T00:07:47.470553+00:00,DEBUG,c5a70bff65292d0a,9c90994cc9726592,nio-8080-exec-3,o.s.web.servlet.DispatcherServlet,"GET ""/owners"", parameters={}"
2026-07-23T00:08:15.950039+00:00,customers-service,customers-service-68b57f7b8c-2hfs9,2026-07-23T00:07:47.219547+00:00,DEBUG,0ae76ae495d62b90,710a22ebfaf6f51a,io-8080-exec-10,o.s.web.servlet.DispatcherServlet,Completed 200 OK
2026-07-23T00:08:15.950039+00:00,customers-service,customers-service-68b57f7b8c-2hfs9,2026-07-23T00:07:47.219511+00:00,DEBUG,0ae76ae495d62b90,b46793e0048c94e3,io-8080-exec-10,o.s.web.servlet.DispatcherServlet,"GET ""/owners/1"", parameters={}"
2026-07-23T00:08:15.950039+00:00,customers-service,customers-service-68b57f7b8c-2hfs9,2026-07-23T00:07:47.219502+00:00,DEBUG,f6af9b0fcb40ddb7,4810c999636d2391,nio-8080-exec-9,o.s.web.servlet.DispatcherServlet,Completed 200 OK
2026-07-23T00:08:15.950039+00:00,customers-service,customers-service-68b57f7b8c-2hfs9,2026-07-23T00:07:46.969286+00:00,DEBUG,f6af9b0fcb40ddb7,75dba253adc18265,nio-8080-exec-9,o.s.web.servlet.DispatcherServlet,"GET ""/owners"", parameters={}"
2026-07-23T00:08:15.950039+00:00,customers-service,customers-service-68b57f7b8c-2hfs9,2026-07-23T00:07:46.969133+00:00,DEBUG,c0423c9641aa4308,19efe8e1370eb9af,nio-8080-exec-4,o.s.web.servlet.DispatcherServlet,Completed 200 OK
2026-07-23T00:08:15.950039+00:00,customers-service,customers-service-68b57f7b8c-2hfs9,2026-07-23T00:07:46.969129+00:00,DEBUG,c0423c9641aa4308,6a11ef6246c9ca7d,nio-8080-exec-4,o.s.web.servlet.DispatcherServlet,"GET ""/owners"", parameters={}"
2026-07-23T00:08:15.950039+00:00,customers-service,customers-service-68b57f7b8c-2hfs9,2026-07-23T00:07:46.718257+00:00,DEBUG,c773b187c6c475aa,4e46d2e45248ce79,nio-8080-exec-5,o.s.web.servlet.DispatcherServlet,Completed 200 OK
2026-07-23T00:08:15.950039+00:00,customers-service,customers-service-68b57f7b8c-2hfs9,2026-07-23T00:07:46.468461+00:00,DEBUG,c773b187c6c475aa,f246009f78541e85,nio-8080-exec-5,o.s.web.servlet.DispatcherServlet,"GET ""/owners"", parameters={}"
2026-07-23T00:08:15.950039+00:00,customers-service,customers-service-68b57f7b8c-2hfs9,2026-07-23T00:07:46.468286+00:00,DEBUG,951ffc26d9464da9,27fe0a6a3bb79b5b,nio-8080-exec-8,o.s.web.servlet.DispatcherServlet,Completed 200 OK
2026-07-23T00:08:15.950039+00:00,customers-service,customers-service-68b57f7b8c-2hfs9,2026-07-23T00:07:46.468279+00:00,DEBUG,951ffc26d9464da9,23ecc48afab6aef7,nio-8080-exec-8,o.s.web.servlet.DispatcherServlet,"GET ""/owners/1"", parameters={}"
2026-07-23T00:08:15.950039+00:00,customers-service,customers-service-68b57f7b8c-2hfs9,2026-07-23T00:07:46.217932+00:00,DEBUG,3d32bca453284d2c,ad0edf6691b7da5c,nio-8080-exec-7,o.s.web.servlet.DispatcherServlet,Completed 200 OK
2026-07-23T00:08:15.950039+00:00,customers-service,customers-service-68b57f7b8c-2hfs9,2026-07-23T00:07:46.217923+00:00,DEBUG,3d32bca453284d2c,230decb50a95eb62,nio-8080-exec-7,o.s.web.servlet.DispatcherServlet,"GET ""/owners/1"", parameters={}"
2026-07-23T00:08:15.950039+00:00,customers-service,customers-service-68b57f7b8c-2hfs9,2026-07-23T00:07:44.458077+00:00,DEBUG,723c094af6108e08,b41c4ce2e437041f,nio-8080-exec-6,o.s.web.servlet.DispatcherServlet,Completed 200 OK
2026-07-23T00:08:15.950039+00:00,customers-service,customers-service-68b57f7b8c-2hfs9,2026-07-23T00:07:44.458024+00:00,DEBUG,723c094af6108e08,0532ae57219d40e8,nio-8080-exec-6,o.s.web.servlet.DispatcherServlet,"GET ""/owners/1"", parameters={}"
2026-07-23T00:08:15.950039+00:00,customers-service,customers-service-68b57f7b8c-2hfs9,2026-07-23T00:07:44.457919+00:00,DEBUG,bdc5ade120fcd9be,07afc2ec81f4a36c,nio-8080-exec-2,o.s.web.servlet.DispatcherServlet,Completed 200 OK
2026-07-23T00:08:15.950039+00:00,customers-service,customers-service-68b57f7b8c-2hfs9,2026-07-23T00:07:44.207069+00:00,DEBUG,bdc5ade120fcd9be,2b2be9a44cb20d4d,nio-8080-exec-2,o.s.web.servlet.DispatcherServlet,"GET ""/owners"", parameters={}"
2026-07-23T00:08:15.950039+00:00,customers-service,customers-service-68b57f7b8c-2hfs9,2026-07-23T00:07:43.955910+00:00,DEBUG,5a8ea670c3a74f53,d225c5ce2eee3bf6,nio-8080-exec-1,o.s.web.servlet.DispatcherServlet,Completed 200 OK
2026-07-23T00:08:15.950039+00:00,customers-service,customers-service-68b57f7b8c-2hfs9,2026-07-23T00:07:43.955905+00:00,DEBUG,5a8ea670c3a74f53,2d6a3b423894396b,nio-8080-exec-1,o.s.web.servlet.DispatcherServlet,"GET ""/owners/1"", parameters={}"
2026-07-23T00:08:15.950039+00:00,customers-service,customers-service-68b57f7b8c-2hfs9,2026-07-23T00:07:43.454564+00:00,DEBUG,cf34045732fdd137,50aadeb9a7485e40,nio-8080-exec-3,o.s.web.servlet.DispatcherServlet,Completed 200 OK
2026-07-23T00:08:15.950039+00:00,customers-service,customers-service-68b57f7b8c-2hfs9,2026-07-23T00:07:43.454561+00:00,DEBUG,cf34045732fdd137,5b1a521f6e38a8b5,nio-8080-exec-3,o.s.web.servlet.DispatcherServlet,"GET ""/owners"", parameters={}"
2026-07-23T00:08:15.950039+00:00,customers-service,customers-service-68b57f7b8c-2hfs9,2026-07-23T00:07:43.204087+00:00,DEBUG,f9aba9eb1fd1a643,6687fee4b08d859f,io-8080-exec-10,o.s.web.servlet.DispatcherServlet,Completed 200 OK
2026-07-23T00:08:15.950039+00:00,customers-service,customers-service-68b57f7b8c-2hfs9,2026-07-23T00:07:43.204081+00:00,DEBUG,f9aba9eb1fd1a643,eba1793a5816db28,io-8080-exec-10,o.s.web.servlet.DispatcherServlet,"GET ""/owners"", parameters={}"
2026-07-23T00:08:15.950039+00:00,customers-service,customers-service-68b57f7b8c-2hfs9,2026-07-23T00:07:42.953691+00:00,DEBUG,fff82a14e2843833,64c6b01a32dd9985,nio-8080-exec-9,o.s.web.servlet.DispatcherServlet,Completed 200 OK
2026-07-23T00:08:15.950039+00:00,customers-service,customers-service-68b57f7b8c-2hfs9,2026-07-23T00:07:42.953686+00:00,DEBUG,fff82a14e2843833,7b9a5c55cb4a9f01,nio-8080-exec-9,o.s.web.servlet.DispatcherServlet,"GET ""/owners"", parameters={}"
2026-07-23T00:08:15.950039+00:00,customers-service,customers-service-68b57f7b8c-2hfs9,2026-07-23T00:07:42.451200+00:00,DEBUG,cb4444efbb19d4e7,632d4f6168161189,nio-8080-exec-4,o.s.web.servlet.DispatcherServlet,Completed 200 OK
2026-07-23T00:08:15.950039+00:00,customers-service,customers-service-68b57f7b8c-2hfs9,2026-07-23T00:07:42.451176+00:00,DEBUG,cb4444efbb19d4e7,41955f64b1a20d70,nio-8080-exec-4,o.s.web.servlet.DispatcherServlet,"GET ""/owners"", parameters={}"
2026-07-23T00:08:15.950039+00:00,customers-service,customers-service-68b57f7b8c-2hfs9,2026-07-23T00:07:42.451172+00:00,DEBUG,7b5d85043d140369,2e03c0fad205509f,nio-8080-exec-5,o.s.web.servlet.DispatcherServlet,Completed 200 OK
2026-07-23T00:08:15.950039+00:00,customers-service,customers-service-68b57f7b8c-2hfs9,2026-07-23T00:07:42.200161+00:00,DEBUG,7b5d85043d140369,3320fced947a3bb9,nio-8080-exec-5,o.s.web.servlet.DispatcherServlet,"GET ""/owners"", parameters={}"
2026-07-23T00:08:15.950039+00:00,customers-service,customers-service-68b57f7b8c-2hfs9,2026-07-23T00:07:41.949194+00:00,DEBUG,b7689815a3f239fd,5bc75031842632cf,nio-8080-exec-8,o.s.web.servlet.DispatcherServlet,Completed 200 OK
2026-07-23T00:08:15.950039+00:00,customers-service,customers-service-68b57f7b8c-2hfs9,2026-07-23T00:07:41.698314+00:00,DEBUG,b7689815a3f239fd,dd8f9e0f8c8045f7,nio-8080-exec-8,o.s.web.servlet.DispatcherServlet,"GET ""/owners"", parameters={}"
2026-07-23T00:08:15.950039+00:00,customers-service,customers-service-68b57f7b8c-2hfs9,2026-07-23T00:07:41.447925+00:00,DEBUG,1ecee988d6062114,426ed5de460ca143,nio-8080-exec-7,o.s.web.servlet.DispatcherServlet,Completed 200 OK
2026-07-23T00:08:15.950039+00:00,customers-service,customers-service-68b57f7b8c-2hfs9,2026-07-23T00:07:41.447849+00:00,DEBUG,1ecee988d6062114,81baa1964cb8995e,nio-8080-exec-7,o.s.web.servlet.DispatcherServlet,"GET ""/owners"", parameters={}"
2026-07-23T00:08:15.950039+00:00,customers-service,customers-service-68b57f7b8c-2hfs9,2026-07-23T00:07:41.447844+00:00,DEBUG,31ff169f7fd51311,b9d31d00ea7b020d,nio-8080-exec-6,o.s.web.servlet.DispatcherServlet,Completed 200 OK
2026-07-23T00:08:15.950039+00:00,customers-service,customers-service-68b57f7b8c-2hfs9,2026-07-23T00:07:41.197131+00:00,DEBUG,31ff169f7fd51311,ceaeceddac98c743,nio-8080-exec-6,o.s.web.servlet.DispatcherServlet,"GET ""/owners"", parameters={}"
2026-07-23T00:08:15.950039+00:00,customers-service,customers-service-68b57f7b8c-2hfs9,2026-07-23T00:07:40.946513+00:00,DEBUG,923c98c40340cb54,d58b76272af7dcc2,nio-8080-exec-2,o.s.web.servlet.DispatcherServlet,Completed 200 OK
2026-07-23T00:08:15.950039+00:00,customers-service,customers-service-68b57f7b8c-2hfs9,2026-07-23T00:07:40.946508+00:00,DEBUG,923c98c40340cb54,35194b47bc2376f4,nio-8080-exec-2,o.s.web.servlet.DispatcherServlet,"GET ""/owners/1"", parameters={}"
2026-07-23T00:08:15.950039+00:00,customers-service,customers-service-68b57f7b8c-2hfs9,2026-07-23T00:07:40.445195+00:00,DEBUG,82a4f52deafbca27,0d5b841e53909422,nio-8080-exec-1,o.s.web.servlet.DispatcherServlet,Completed 200 OK
2026-07-23T00:08:15.950039+00:00,customers-service,customers-service-68b57f7b8c-2hfs9,2026-07-23T00:07:40.445192+00:00,DEBUG,82a4f52deafbca27,80ffaa9b86dcba0a,nio-8080-exec-1,o.s.web.servlet.DispatcherServlet,"GET ""/owners/1"", parameters={}"
2026-07-23T00:08:15.950039+00:00,customers-service,customers-service-68b57f7b8c-2hfs9,2026-07-23T00:07:39.693424+00:00,DEBUG,f224ce71fb44eab1,0633c4199903e644,nio-8080-exec-3,o.s.web.servlet.DispatcherServlet,Completed 200 OK
2026-07-23T00:08:15.950039+00:00,customers-service,customers-service-68b57f7b8c-2hfs9,2026-07-23T00:07:39.693422+00:00,DEBUG,f224ce71fb44eab1,ce566bde5a6e28da,nio-8080-exec-3,o.s.web.servlet.DispatcherServlet,"GET ""/owners/1"", parameters={}"
2026-07-23T00:08:15.950039+00:00,customers-service,customers-service-68b57f7b8c-2hfs9,2026-07-23T00:07:39.443112+00:00,DEBUG,9a9380c9101f0243,dd9007a1a51c7f4a,io-8080-exec-10,o.s.web.servlet.DispatcherServlet,Completed 200 OK
2026-07-23T00:08:15.950039+00:00,customers-service,customers-service-68b57f7b8c-2hfs9,2026-07-23T00:07:39.443104+00:00,DEBUG,9a9380c9101f0243,2732f76b8bc85003,io-8080-exec-10,o.s.web.servlet.DispatcherServlet,"GET ""/owners/1"", parameters={}"
2026-07-23T00:08:15.950039+00:00,customers-service,customers-service-68b57f7b8c-2hfs9,2026-07-23T00:07:39.192442+00:00,DEBUG,edc15a6028628ecc,557a0866aebe4ffd,nio-8080-exec-9,o.s.web.servlet.DispatcherServlet,Completed 200 OK
2026-07-23T00:08:15.950039+00:00,customers-service,customers-service-68b57f7b8c-2hfs9,2026-07-23T00:07:39.192436+00:00,DEBUG,edc15a6028628ecc,02896d0a9c4177f5,nio-8080-exec-9,o.s.web.servlet.DispatcherServlet,"GET ""/owners"", parameters={}"
2026-07-23T00:08:15.950039+00:00,customers-service,customers-service-68b57f7b8c-2hfs9,2026-07-23T00:07:38.941507+00:00,DEBUG,8bbe2d4c88f2e25f,3f24f24390ed5fde,nio-8080-exec-4,o.s.web.servlet.DispatcherServlet,Completed 200 OK
2026-07-23T00:08:15.950039+00:00,customers-service,customers-service-68b57f7b8c-2hfs9,2026-07-23T00:07:38.941501+00:00,DEBUG,8bbe2d4c88f2e25f,a7b16d9ecee57153,nio-8080-exec-4,o.s.web.servlet.DispatcherServlet,"GET ""/owners/1"", parameters={}"
2026-07-23T00:08:15.950039+00:00,customers-service,customers-service-68b57f7b8c-2hfs9,2026-07-23T00:07:37.938712+00:00,DEBUG,796399bdb588fbc4,81e27966521e279f,nio-8080-exec-5,o.s.web.servlet.DispatcherServlet,Completed 200 OK
2026-07-23T00:08:15.950039+00:00,customers-service,customers-service-68b57f7b8c-2hfs9,2026-07-23T00:07:37.938706+00:00,DEBUG,796399bdb588fbc4,ac512500505ed543,nio-8080-exec-5,o.s.web.servlet.DispatcherServlet,"GET ""/owners"", parameters={}"
2026-07-23T00:08:15.950039+00:00,customers-service,customers-service-68b57f7b8c-2hfs9,2026-07-23T00:07:37.687858+00:00,DEBUG,32099a882b1d7035,5436f4382e59c275,nio-8080-exec-8,o.s.web.servlet.DispatcherServlet,Completed 200 OK
2026-07-23T00:08:15.950039+00:00,customers-service,customers-service-68b57f7b8c-2hfs9,2026-07-23T00:07:37.687852+00:00,DEBUG,32099a882b1d7035,8e029354e8329900,nio-8080-exec-8,o.s.web.servlet.DispatcherServlet,"GET ""/owners/1"", parameters={}"
2026-07-23T00:08:15.950039+00:00,customers-service,customers-service-68b57f7b8c-2hfs9,2026-07-23T00:07:37.186537+00:00,DEBUG,ffe248914d863e89,57447f17bf4f4783,nio-8080-exec-7,o.s.web.servlet.DispatcherServlet,Completed 200 OK
2026-07-23T00:08:15.950039+00:00,customers-service,customers-service-68b57f7b8c-2hfs9,2026-07-23T00:07:37.186531+00:00,DEBUG,ffe248914d863e89,09bdbbbd4bd59313,nio-8080-exec-7,o.s.web.servlet.DispatcherServlet,"GET ""/owners/1"", parameters={}"
2026-07-23T00:08:15.950039+00:00,customers-service,customers-service-68b57f7b8c-2hfs9,2026-07-23T00:07:36.935098+00:00,DEBUG,06a6bb79262ece8b,84f4abdee8a012eb,nio-8080-exec-6,o.s.web.servlet.DispatcherServlet,Completed 200 OK
2026-07-23T00:08:15.950039+00:00,customers-service,customers-service-68b57f7b8c-2hfs9,2026-07-23T00:07:36.935074+00:00,DEBUG,06a6bb79262ece8b,01282b79748c9305,nio-8080-exec-6,o.s.web.servlet.DispatcherServlet,"GET ""/owners"", parameters={}"
2026-07-23T00:08:15.950039+00:00,customers-service,customers-service-68b57f7b8c-2hfs9,2026-07-23T00:07:36.935070+00:00,DEBUG,b665ae8c353e0212,85dfa55b13098f30,nio-8080-exec-2,o.s.web.servlet.DispatcherServlet,Completed 200 OK
2026-07-23T00:08:15.950039+00:00,customers-service,customers-service-68b57f7b8c-2hfs9,2026-07-23T00:07:36.683956+00:00,DEBUG,b665ae8c353e0212,60bb744367c9b5cb,nio-8080-exec-2,o.s.web.servlet.DispatcherServlet,"GET ""/owners"", parameters={}"
2026-07-23T00:08:15.950039+00:00,customers-service,customers-service-68b57f7b8c-2hfs9,2026-07-23T00:07:36.433697+00:00,DEBUG,4b0aa01dd9007571,4570cfb96ee646a4,nio-8080-exec-1,o.s.web.servlet.DispatcherServlet,Completed 200 OK
2026-07-23T00:08:15.950039+00:00,customers-service,customers-service-68b57f7b8c-2hfs9,2026-07-23T00:07:36.433691+00:00,DEBUG,4b0aa01dd9007571,45431be4eb918037,nio-8080-exec-1,o.s.web.servlet.DispatcherServlet,"GET ""/owners/1"", parameters={}"
2026-07-23T00:08:15.950039+00:00,customers-service,customers-service-68b57f7b8c-2hfs9,2026-07-23T00:07:35.681453+00:00,DEBUG,7952a1d09609f333,8a9a1b9a7dbe3e88,nio-8080-exec-3,o.s.web.servlet.DispatcherServlet,Completed 200 OK
2026-07-23T00:08:15.950039+00:00,customers-service,customers-service-68b57f7b8c-2hfs9,2026-07-23T00:07:35.681416+00:00,DEBUG,7952a1d09609f333,0008184bee110fa2,nio-8080-exec-3,o.s.web.servlet.DispatcherServlet,"GET ""/owners/1"", parameters={}"
2026-07-23T00:08:15.950039+00:00,customers-service,customers-service-68b57f7b8c-2hfs9,2026-07-23T00:07:35.681390+00:00,DEBUG,978f00654a06f75e,978f00654a06f75e,io-8080-exec-10,o.s.web.servlet.DispatcherServlet,Completed 200 OK
2026-07-23T00:08:15.950039+00:00,customers-service,customers-service-68b57f7b8c-2hfs9,2026-07-23T00:07:35.430763+00:00,DEBUG,187c66ffe4dcc3c4,fec817a2c77102fe,nio-8080-exec-9,o.s.web.servlet.DispatcherServlet,Completed 200 OK
2026-07-23T00:08:15.950039+00:00,customers-service,customers-service-68b57f7b8c-2hfs9,2026-07-23T00:07:35.180509+00:00,DEBUG,187c66ffe4dcc3c4,054fa86a5f649127,nio-8080-exec-9,o.s.web.servlet.DispatcherServlet,"GET ""/owners"", parameters={}"
2026-07-23T00:08:15.950039+00:00,customers-service,customers-service-68b57f7b8c-2hfs9,2026-07-23T00:07:35.180494+00:00,DEBUG,3c59cfc259762c57,5ff0933dff295d88,nio-8080-exec-4,o.s.web.servlet.DispatcherServlet,Completed 200 OK
2026-07-23T00:08:15.950039+00:00,customers-service,customers-service-68b57f7b8c-2hfs9,2026-07-23T00:07:35.180490+00:00,DEBUG,3c59cfc259762c57,54b8781ba6a5753a,nio-8080-exec-4,o.s.web.servlet.DispatcherServlet,"GET ""/owners/1"", parameters={}"
2026-07-23T00:08:15.950039+00:00,customers-service,customers-service-68b57f7b8c-2hfs9,2026-07-23T00:07:34.930153+00:00,DEBUG,03915bfc6137452b,de3e8d6689b286cd,nio-8080-exec-5,o.s.web.servlet.DispatcherServlet,Completed 200 OK
2026-07-23T00:08:15.950039+00:00,customers-service,customers-service-68b57f7b8c-2hfs9,2026-07-23T00:07:34.930137+00:00,DEBUG,03915bfc6137452b,14a3ebb64af5b3c3,nio-8080-exec-5,o.s.web.servlet.DispatcherServlet,"GET ""/owners"", parameters={}"
2026-07-23T00:08:15.950039+00:00,customers-service,customers-service-68b57f7b8c-2hfs9,2026-07-23T00:07:34.930102+00:00,DEBUG,5fabc280c2c06ac0,ba763326028ab0ef,nio-8080-exec-8,o.s.web.servlet.DispatcherServlet,Completed 200 OK
2026-07-23T00:08:15.950039+00:00,customers-service,customers-service-68b57f7b8c-2hfs9,2026-07-23T00:07:34.679481+00:00,DEBUG,5fabc280c2c06ac0,36ab1b6deabb28c1,nio-8080-exec-8,o.s.web.servlet.DispatcherServlet,"GET ""/owners"", parameters={}"
2026-07-23T00:08:15.950039+00:00,customers-service,customers-service-68b57f7b8c-2hfs9,2026-07-23T00:07:34.679451+00:00,DEBUG,6cb96b07ce3be567,342b3581c4283534,nio-8080-exec-7,o.s.web.servlet.DispatcherServlet,Completed 200 OK
2026-07-23T00:08:15.950039+00:00,customers-service,customers-service-68b57f7b8c-2hfs9,2026-07-23T00:07:34.679446+00:00,DEBUG,6cb96b07ce3be567,9791080415d1b2c5,nio-8080-exec-7,o.s.web.servlet.DispatcherServlet,"GET ""/owners"", parameters={}"
2026-07-23T00:08:15.950039+00:00,customers-service,customers-service-68b57f7b8c-2hfs9,2026-07-23T00:07:34.177883+00:00,DEBUG,c16cfc08807a0ac9,b79be3bf72fbf694,nio-8080-exec-6,o.s.web.servlet.DispatcherServlet,Completed 200 OK
2026-07-23T00:08:15.950039+00:00,customers-service,customers-service-68b57f7b8c-2hfs9,2026-07-23T00:07:34.177873+00:00,DEBUG,c16cfc08807a0ac9,9cc6713bbf782552,nio-8080-exec-6,o.s.web.servlet.DispatcherServlet,"GET ""/owners/1"", parameters={}"
2026-07-23T00:08:15.950039+00:00,customers-service,customers-service-68b57f7b8c-2hfs9,2026-07-23T00:07:34.177864+00:00,DEBUG,d0c12e666ef95c8b,fdf9789a4978720b,nio-8080-exec-2,o.s.web.servlet.DispatcherServlet,Completed 200 OK
2026-07-23T00:08:15.950039+00:00,customers-service,customers-service-68b57f7b8c-2hfs9,2026-07-23T00:07:34.177860+00:00,DEBUG,d0c12e666ef95c8b,933b816fe2edc9fe,nio-8080-exec-2,o.s.web.servlet.DispatcherServlet,"GET ""/owners"", parameters={}"
2026-07-23T00:08:15.950039+00:00,customers-service,customers-service-68b57f7b8c-2hfs9,2026-07-23T00:07:33.927792+00:00,DEBUG,7d50ec8b0ca2576d,ac796c92a8ddf256,nio-8080-exec-1,o.s.web.servlet.DispatcherServlet,Completed 200 OK
2026-07-23T00:08:15.950039+00:00,customers-service,customers-service-68b57f7b8c-2hfs9,2026-07-23T00:07:33.927757+00:00,DEBUG,7d50ec8b0ca2576d,18f3cc7a877ac29c,nio-8080-exec-1,o.s.web.servlet.DispatcherServlet,"GET ""/owners/1"", parameters={}"
2026-07-23T00:08:15.950039+00:00,customers-service,customers-service-68b57f7b8c-2hfs9,2026-07-23T00:07:33.927750+00:00,DEBUG,308ac5b8617d76e2,bd85e8d26a5a8843,nio-8080-exec-3,o.s.web.servlet.DispatcherServlet,Completed 200 OK
2026-07-23T00:08:15.950039+00:00,customers-service,customers-service-68b57f7b8c-2hfs9,2026-07-23T00:07:33.677297+00:00,DEBUG,308ac5b8617d76e2,ad50fd8b1c7ea281,nio-8080-exec-3,o.s.web.servlet.DispatcherServlet,"GET ""/owners"", parameters={}"
2026-07-23T00:08:15.950039+00:00,customers-service,customers-service-68b57f7b8c-2hfs9,2026-07-23T00:07:33.677269+00:00,DEBUG,2811415935a22559,9ae05a5f79790604,io-8080-exec-10,o.s.web.servlet.DispatcherServlet,Completed 200 OK
2026-07-23T00:08:15.950039+00:00,customers-service,customers-service-68b57f7b8c-2hfs9,2026-07-23T00:07:33.677265+00:00,DEBUG,2811415935a22559,6fcd0784f1e3df99,io-8080-exec-10,o.s.web.servlet.DispatcherServlet,"GET ""/owners"", parameters={}"
2026-07-23T00:08:15.950039+00:00,customers-service,customers-service-68b57f7b8c-2hfs9,2026-07-23T00:07:33.426705+00:00,DEBUG,09be1ff50beb5084,f45163b01e7a559d,nio-8080-exec-9,o.s.web.servlet.DispatcherServlet,Completed 200 OK
2026-07-23T00:08:15.950039+00:00,customers-service,customers-service-68b57f7b8c-2hfs9,2026-07-23T00:07:33.426700+00:00,DEBUG,09be1ff50beb5084,02a81c5d36efa8e4,nio-8080-exec-9,o.s.web.servlet.DispatcherServlet,"GET ""/owners/1"", parameters={}"
2026-07-23T00:08:15.950039+00:00,customers-service,customers-service-68b57f7b8c-2hfs9,2026-07-23T00:07:32.674749+00:00,DEBUG,28949b1bbef0cfb6,ed2389ff1a8c7ffe,nio-8080-exec-4,o.s.web.servlet.DispatcherServlet,Completed 200 OK
2026-07-23T00:08:15.950039+00:00,customers-service,customers-service-68b57f7b8c-2hfs9,2026-07-23T00:07:32.674743+00:00,DEBUG,28949b1bbef0cfb6,758c96732f4f1368,nio-8080-exec-4,o.s.web.servlet.DispatcherServlet,"GET ""/owners"", parameters={}"
2026-07-23T00:08:15.950039+00:00,customers-service,customers-service-68b57f7b8c-2hfs9,2026-07-23T00:07:32.424281+00:00,DEBUG,5dd92d3a16306b5d,28317ae52ae64ce8,nio-8080-exec-5,o.s.web.servlet.DispatcherServlet,Completed 200 OK
2026-07-23T00:08:15.950039+00:00,customers-service,customers-service-68b57f7b8c-2hfs9,2026-07-23T00:07:32.424168+00:00,DEBUG,5dd92d3a16306b5d,18e0b63968f5fad5,nio-8080-exec-5,o.s.web.servlet.DispatcherServlet,"GET ""/owners/1"", parameters={}"
2026-07-23T00:08:15.950039+00:00,customers-service,customers-service-68b57f7b8c-2hfs9,2026-07-23T00:07:32.173932+00:00,DEBUG,9940e536153ebb33,ca78dce69d70e67b,nio-8080-exec-8,o.s.web.servlet.DispatcherServlet,Completed 200 OK
2026-07-23T00:08:15.950039+00:00,customers-service,customers-service-68b57f7b8c-2hfs9,2026-07-23T00:07:32.173923+00:00,DEBUG,9940e536153ebb33,a915e68ecbfee75b,nio-8080-exec-8,o.s.web.servlet.DispatcherServlet,"GET ""/owners"", parameters={}"
2026-07-23T00:08:15.950039+00:00,customers-service,customers-service-68b57f7b8c-2hfs9,2026-07-23T00:07:31.923703+00:00,DEBUG,0db4d2753e645e8d,7f0fdc334b0828e6,nio-8080-exec-7,o.s.web.servlet.DispatcherServlet,Completed 200 OK
2026-07-23T00:08:15.950039+00:00,customers-service,customers-service-68b57f7b8c-2hfs9,2026-07-23T00:07:31.923670+00:00,DEBUG,0db4d2753e645e8d,7af547065eb94357,nio-8080-exec-7,o.s.web.servlet.DispatcherServlet,"GET ""/owners/1"", parameters={}"
2026-07-23T00:08:15.950039+00:00,customers-service,customers-service-68b57f7b8c-2hfs9,2026-07-23T00:07:31.923664+00:00,DEBUG,ab4c423e1d48dc1b,5bb6172ec4781290,nio-8080-exec-6,o.s.web.servlet.DispatcherServlet,Completed 200 OK
2026-07-23T00:08:15.950039+00:00,customers-service,customers-service-68b57f7b8c-2hfs9,2026-07-23T00:07:31.672773+00:00,DEBUG,ab4c423e1d48dc1b,baa3ae19fdfef08e,nio-8080-exec-6,o.s.web.servlet.DispatcherServlet,"GET ""/owners/1"", parameters={}"
2026-07-23T00:08:15.950039+00:00,customers-service,customers-service-68b57f7b8c-2hfs9,2026-07-23T00:07:31.171299+00:00,DEBUG,05d921c40a95270d,05d921c40a95270d,nio-8080-exec-2,o.s.web.servlet.DispatcherServlet,Completed 200 OK
2026-07-23T00:08:15.950039+00:00,customers-service,customers-service-68b57f7b8c-2hfs9,2026-07-23T00:07:31.171270+00:00,DEBUG,78855dd1095fd842,13d7ee7f5ea5060b,nio-8080-exec-1,o.s.web.servlet.DispatcherServlet,Completed 200 OK
2026-07-23T00:08:15.950039+00:00,customers-service,customers-service-68b57f7b8c-2hfs9,2026-07-23T00:07:31.171266+00:00,DEBUG,78855dd1095fd842,d7f62d4e73ad5282,nio-8080-exec-1,o.s.web.servlet.DispatcherServlet,"GET ""/owners"", parameters={}"
2026-07-23T00:08:15.950039+00:00,customers-service,customers-service-68b57f7b8c-2hfs9,2026-07-23T00:07:30.418942+00:00,DEBUG,1a1ba7a94d966ed9,22b86ed6190f3594,nio-8080-exec-3,o.s.web.servlet.DispatcherServlet,Completed 200 OK
2026-07-23T00:08:15.950039+00:00,customers-service,customers-service-68b57f7b8c-2hfs9,2026-07-23T00:07:30.168020+00:00,DEBUG,1a1ba7a94d966ed9,a07be4ff08e00ac1,nio-8080-exec-3,o.s.web.servlet.DispatcherServlet,"GET ""/owners/1"", parameters={}"
2026-07-23T00:08:15.950039+00:00,customers-service,customers-service-68b57f7b8c-2hfs9,2026-07-23T00:07:30.167996+00:00,DEBUG,d1c0cacfc51b45b7,48823a344dc426ec,io-8080-exec-10,o.s.web.servlet.DispatcherServlet,Completed 200 OK
2026-07-23T00:08:15.950039+00:00,customers-service,customers-service-68b57f7b8c-2hfs9,2026-07-23T00:07:30.167991+00:00,DEBUG,d1c0cacfc51b45b7,0713723e86e7aa75,io-8080-exec-10,o.s.web.servlet.DispatcherServlet,"GET ""/owners"", parameters={}"
2026-07-23T00:08:15.950039+00:00,customers-service,customers-service-68b57f7b8c-2hfs9,2026-07-23T00:07:29.917825+00:00,DEBUG,1e983e000547b56b,c2f3d6e2bda9be1b,nio-8080-exec-9,o.s.web.servlet.DispatcherServlet,Completed 200 OK
2026-07-23T00:08:15.950039+00:00,customers-service,customers-service-68b57f7b8c-2hfs9,2026-07-23T00:07:29.917819+00:00,DEBUG,1e983e000547b56b,c9ce77e6c9010ddb,nio-8080-exec-9,o.s.web.servlet.DispatcherServlet,"GET ""/owners"", parameters={}"
2026-07-23T00:08:15.950039+00:00,customers-service,customers-service-68b57f7b8c-2hfs9,2026-07-23T00:07:29.666846+00:00,DEBUG,f53ad01bbdcda5ef,f4557beebed1cf66,nio-8080-exec-4,o.s.web.servlet.DispatcherServlet,Completed 200 OK
2026-07-23T00:08:15.950039+00:00,customers-service,customers-service-68b57f7b8c-2hfs9,2026-07-23T00:07:29.666842+00:00,DEBUG,f53ad01bbdcda5ef,44b316c38e9c5809,nio-8080-exec-4,o.s.web.servlet.DispatcherServlet,"GET ""/owners"", parameters={}"
2026-07-23T00:08:15.950039+00:00,customers-service,customers-service-68b57f7b8c-2hfs9,2026-07-23T00:07:29.416020+00:00,DEBUG,55c9140fdef898ba,b7a964df08ee193e,nio-8080-exec-5,o.s.web.servlet.DispatcherServlet,Completed 200 OK
2026-07-23T00:08:15.950039+00:00,customers-service,customers-service-68b57f7b8c-2hfs9,2026-07-23T00:07:29.416017+00:00,DEBUG,55c9140fdef898ba,49b2d789b3e055f9,nio-8080-exec-5,o.s.web.servlet.DispatcherServlet,"GET ""/owners"", parameters={}"
2026-07-23T00:08:15.950039+00:00,customers-service,customers-service-68b57f7b8c-2hfs9,2026-07-23T00:07:28.414510+00:00,DEBUG,7644e01fa9b92363,f72af8b2b8ef6f62,nio-8080-exec-8,o.s.web.servlet.DispatcherServlet,Completed 200 OK
2026-07-23T00:08:15.950039+00:00,customers-service,customers-service-68b57f7b8c-2hfs9,2026-07-23T00:07:28.414475+00:00,DEBUG,7644e01fa9b92363,592e4a3bb6e9ebf0,nio-8080-exec-8,o.s.web.servlet.DispatcherServlet,"GET ""/owners/1"", parameters={}"
2026-07-23T00:08:15.950039+00:00,customers-service,customers-service-68b57f7b8c-2hfs9,2026-07-23T00:07:28.414348+00:00,DEBUG,4f70880ca1884ea2,7b9edd491e6bb9ce,nio-8080-exec-7,o.s.web.servlet.DispatcherServlet,Completed 200 OK
2026-07-23T00:08:15.950039+00:00,customers-service,customers-service-68b57f7b8c-2hfs9,2026-07-23T00:07:28.414311+00:00,DEBUG,e90bb9022a431ac8,e90bb9022a431ac8,nio-8080-exec-6,o.s.web.servlet.DispatcherServlet,Completed 200 OK
2026-07-23T00:08:15.950039+00:00,customers-service,customers-service-68b57f7b8c-2hfs9,2026-07-23T00:07:28.164067+00:00,DEBUG,4f70880ca1884ea2,52fa6b638949d089,nio-8080-exec-7,o.s.web.servlet.DispatcherServlet,"GET ""/owners"", parameters={}"
2026-07-23T00:08:15.950039+00:00,customers-service,customers-service-68b57f7b8c-2hfs9,2026-07-23T00:07:28.164051+00:00,DEBUG,684f6b85b6a26b47,593487d6b1ba5dcc,nio-8080-exec-2,o.s.web.servlet.DispatcherServlet,Completed 200 OK
2026-07-23T00:08:15.950039+00:00,customers-service,customers-service-68b57f7b8c-2hfs9,2026-07-23T00:07:28.164048+00:00,DEBUG,684f6b85b6a26b47,7991f5f094adbb5e,nio-8080-exec-2,o.s.web.servlet.DispatcherServlet,"GET ""/owners/1"", parameters={}"
2026-07-23T00:08:15.950039+00:00,customers-service,customers-service-68b57f7b8c-2hfs9,2026-07-23T00:07:27.411471+00:00,DEBUG,49c979d25f467b4c,55794c48978c557c,nio-8080-exec-1,o.s.web.servlet.DispatcherServlet,Completed 200 OK
2026-07-23T00:08:15.950039+00:00,customers-service,customers-service-68b57f7b8c-2hfs9,2026-07-23T00:07:27.411467+00:00,DEBUG,49c979d25f467b4c,6670613945c2f45b,nio-8080-exec-1,o.s.web.servlet.DispatcherServlet,"GET ""/owners/1"", parameters={}"
2026-07-23T00:08:15.950039+00:00,customers-service,customers-service-68b57f7b8c-2hfs9,2026-07-23T00:07:27.160966+00:00,DEBUG,b52f269bfcd62f02,28e49e28968dc992,nio-8080-exec-3,o.s.web.servlet.DispatcherServlet,Completed 200 OK
2026-07-23T00:08:15.950039+00:00,customers-service,customers-service-68b57f7b8c-2hfs9,2026-07-23T00:07:27.160958+00:00,DEBUG,b52f269bfcd62f02,28722d23abd1419d,nio-8080-exec-3,o.s.web.servlet.DispatcherServlet,"GET ""/owners/1"", parameters={}"
2026-07-23T00:08:15.950039+00:00,customers-service,customers-service-68b57f7b8c-2hfs9,2026-07-23T00:07:20.645031+00:00,DEBUG,5f5f8dff0a589cd7,5f5f8dff0a589cd7,io-8080-exec-10,o.s.web.servlet.DispatcherServlet,Completed 200 OK
2026-07-23T00:08:15.950039+00:00,customers-service,customers-service-68b57f7b8c-2hfs9,2026-07-23T00:07:16.128487+00:00,DEBUG,06375efe1d2d00b8,06375efe1d2d00b8,nio-8080-exec-9,o.s.web.servlet.DispatcherServlet,Completed 200 OK
2026-07-23T00:08:15.950039+00:00,customers-service,customers-service-68b57f7b8c-r7tfg,2026-07-23T00:08:15.812034+00:00,DEBUG,fe818feddc4ff50e,68aaacf764a2242b,nio-8080-exec-5,o.s.web.servlet.DispatcherServlet,Completed 200 OK
2026-07-23T00:08:15.950039+00:00,customers-service,customers-service-68b57f7b8c-r7tfg,2026-07-23T00:08:15.812027+00:00,DEBUG,fe818feddc4ff50e,4037ab39e2c23fe6,nio-8080-exec-5,o.s.web.servlet.DispatcherServlet,"GET ""/owners/1"", parameters={}"
2026-07-23T00:08:15.950039+00:00,customers-service,customers-service-68b57f7b8c-r7tfg,2026-07-23T00:08:15.561184+00:00,DEBUG,cdf92dc26a302a73,9b7c7e135256e9f6,nio-8080-exec-8,o.s.web.servlet.DispatcherServlet,Completed 200 OK
2026-07-23T00:08:15.950039+00:00,customers-service,customers-service-68b57f7b8c-r7tfg,2026-07-23T00:08:15.561175+00:00,DEBUG,cdf92dc26a302a73,8cb377e32fe05437,nio-8080-exec-8,o.s.web.servlet.DispatcherServlet,"GET ""/owners/1"", parameters={}"
2026-07-23T00:08:15.950039+00:00,customers-service,customers-service-68b57f7b8c-r7tfg,2026-07-23T00:08:15.310688+00:00,DEBUG,84f7942312fd668e,9c7730fea09a7a52,nio-8080-exec-7,o.s.web.servlet.DispatcherServlet,Completed 200 OK
2026-07-23T00:08:15.950039+00:00,customers-service,customers-service-68b57f7b8c-r7tfg,2026-07-23T00:08:15.310354+00:00,DEBUG,84f7942312fd668e,6c7146ebbadd3ff7,nio-8080-exec-7,o.s.web.servlet.DispatcherServlet,"GET ""/owners/1"", parameters={}"
2026-07-23T00:08:15.950039+00:00,customers-service,customers-service-68b57f7b8c-r7tfg,2026-07-23T00:08:15.310319+00:00,DEBUG,b8be080a0093bc46,c713ec6b7c391638,io-8080-exec-10,o.s.web.servlet.DispatcherServlet,Completed 200 OK
2026-07-23T00:08:15.950039+00:00,customers-service,customers-service-68b57f7b8c-r7tfg,2026-07-23T00:08:15.310313+00:00,DEBUG,b8be080a0093bc46,e575b9e0fa8c6906,io-8080-exec-10,o.s.web.servlet.DispatcherServlet,"GET ""/owners"", parameters={}"
2026-07-23T00:08:15.950039+00:00,customers-service,customers-service-68b57f7b8c-r7tfg,2026-07-23T00:08:15.059353+00:00,DEBUG,5b9402e6ac035ad9,ba4ecc5c040cc069,nio-8080-exec-3,o.s.web.servlet.DispatcherServlet,Completed 200 OK
2026-07-23T00:08:15.950039+00:00,customers-service,customers-service-68b57f7b8c-r7tfg,2026-07-23T00:08:14.808523+00:00,DEBUG,5b9402e6ac035ad9,44489d8cd17f2be8,nio-8080-exec-3,o.s.web.servlet.DispatcherServlet,"GET ""/owners"", parameters={}"
2026-07-23T00:08:15.950039+00:00,customers-service,customers-service-68b57f7b8c-r7tfg,2026-07-23T00:08:14.808506+00:00,DEBUG,80f59089a9459388,b5b03a6e6d37224a,nio-8080-exec-4,o.s.web.servlet.DispatcherServlet,Completed 200 OK
2026-07-23T00:08:15.950039+00:00,customers-service,customers-service-68b57f7b8c-r7tfg,2026-07-23T00:08:14.808502+00:00,DEBUG,80f59089a9459388,60c41516796eb58a,nio-8080-exec-4,o.s.web.servlet.DispatcherServlet,"GET ""/owners/1"", parameters={}"
2026-07-23T00:08:15.950039+00:00,customers-service,customers-service-68b57f7b8c-r7tfg,2026-07-23T00:08:14.307533+00:00,DEBUG,d01389f0d2a5773f,801e205a5bc58326,nio-8080-exec-1,o.s.web.servlet.DispatcherServlet,Completed 200 OK
2026-07-23T00:08:15.950039+00:00,customers-service,customers-service-68b57f7b8c-r7tfg,2026-07-23T00:08:14.307525+00:00,DEBUG,d01389f0d2a5773f,a39c53488453612d,nio-8080-exec-1,o.s.web.servlet.DispatcherServlet,"GET ""/owners/1"", parameters={}"
2026-07-23T00:08:15.950039+00:00,customers-service,customers-service-68b57f7b8c-r7tfg,2026-07-23T00:08:14.057146+00:00,DEBUG,d2cbf99a108aac70,b6519fc8f3762362,nio-8080-exec-9,o.s.web.servlet.DispatcherServlet,Completed 200 OK
2026-07-23T00:08:15.950039+00:00,customers-service,customers-service-68b57f7b8c-r7tfg,2026-07-23T00:08:14.057108+00:00,DEBUG,d2cbf99a108aac70,94cf4da9425461f4,nio-8080-exec-9,o.s.web.servlet.DispatcherServlet,"GET ""/owners"", parameters={}"
2026-07-23T00:08:15.950039+00:00,customers-service,customers-service-68b57f7b8c-r7tfg,2026-07-23T00:08:14.057101+00:00,DEBUG,1b92ff85dfbb42dd,8236de5938b0f0e9,nio-8080-exec-2,o.s.web.servlet.DispatcherServlet,Completed 200 OK
2026-07-23T00:08:15.950039+00:00,customers-service,customers-service-68b57f7b8c-r7tfg,2026-07-23T00:08:13.805856+00:00,DEBUG,1b92ff85dfbb42dd,7f7c33f567f2e8d6,nio-8080-exec-2,o.s.web.servlet.DispatcherServlet,"GET ""/owners"", parameters={}"
2026-07-23T00:08:15.950039+00:00,customers-service,customers-service-68b57f7b8c-r7tfg,2026-07-23T00:08:13.805810+00:00,DEBUG,b0c94ab42033d3ad,a54ca69e4a5305ef,nio-8080-exec-6,o.s.web.servlet.DispatcherServlet,Completed 200 OK
2026-07-23T00:08:15.950039+00:00,customers-service,customers-service-68b57f7b8c-r7tfg,2026-07-23T00:08:13.805802+00:00,DEBUG,b0c94ab42033d3ad,43c8beb2c503ab1b,nio-8080-exec-6,o.s.web.servlet.DispatcherServlet,"GET ""/owners/1"", parameters={}"
2026-07-23T00:08:15.950039+00:00,customers-service,customers-service-68b57f7b8c-r7tfg,2026-07-23T00:08:13.554570+00:00,DEBUG,0f7b13a6206cb36e,5fe210bae3be538e,nio-8080-exec-5,o.s.web.servlet.DispatcherServlet,Completed 200 OK
2026-07-23T00:08:15.950039+00:00,customers-service,customers-service-68b57f7b8c-r7tfg,2026-07-23T00:08:13.554563+00:00,DEBUG,0f7b13a6206cb36e,7987dd4d67bb47fb,nio-8080-exec-5,o.s.web.servlet.DispatcherServlet,"GET ""/owners/1"", parameters={}"
2026-07-23T00:08:15.950039+00:00,customers-service,customers-service-68b57f7b8c-r7tfg,2026-07-23T00:08:13.303718+00:00,DEBUG,cfa46b961ceac79a,f2a1e01b25661286,nio-8080-exec-8,o.s.web.servlet.DispatcherServlet,Completed 200 OK
2026-07-23T00:08:15.950039+00:00,customers-service,customers-service-68b57f7b8c-r7tfg,2026-07-23T00:08:13.303712+00:00,DEBUG,cfa46b961ceac79a,6577c059d3645410,nio-8080-exec-8,o.s.web.servlet.DispatcherServlet,"GET ""/owners/1"", parameters={}"
2026-07-23T00:08:15.950039+00:00,customers-service,customers-service-68b57f7b8c-r7tfg,2026-07-23T00:08:12.801326+00:00,DEBUG,e7208b72c1588a97,36c2cf098095f016,nio-8080-exec-7,o.s.web.servlet.DispatcherServlet,Completed 200 OK
2026-07-23T00:08:15.950039+00:00,customers-service,customers-service-68b57f7b8c-r7tfg,2026-07-23T00:08:12.801320+00:00,DEBUG,e7208b72c1588a97,544cc1794f6e647b,nio-8080-exec-7,o.s.web.servlet.DispatcherServlet,"GET ""/owners/1"", parameters={}"
2026-07-23T00:08:15.950039+00:00,customers-service,customers-service-68b57f7b8c-r7tfg,2026-07-23T00:08:12.550750+00:00,DEBUG,df6cbcce2189ca87,e1248667dcb9de05,io-8080-exec-10,o.s.web.servlet.DispatcherServlet,Completed 200 OK
2026-07-23T00:08:15.950039+00:00,customers-service,customers-service-68b57f7b8c-r7tfg,2026-07-23T00:08:12.550744+00:00,DEBUG,df6cbcce2189ca87,9c7d26a51bf3ad5f,io-8080-exec-10,o.s.web.servlet.DispatcherServlet,"GET ""/owners/1"", parameters={}"
2026-07-23T00:08:15.950039+00:00,customers-service,customers-service-68b57f7b8c-r7tfg,2026-07-23T00:08:12.049081+00:00,DEBUG,e95b860a217e4236,1ee83d4b3c37f516,nio-8080-exec-3,o.s.web.servlet.DispatcherServlet,Completed 200 OK
2026-07-23T00:08:15.950039+00:00,customers-service,customers-service-68b57f7b8c-r7tfg,2026-07-23T00:08:12.049077+00:00,DEBUG,e95b860a217e4236,8725c32e048fcfdc,nio-8080-exec-3,o.s.web.servlet.DispatcherServlet,"GET ""/owners/1"", parameters={}"
2026-07-23T00:08:15.950039+00:00,customers-service,customers-service-68b57f7b8c-r7tfg,2026-07-23T00:08:11.797888+00:00,DEBUG,9d2b88bc03fcdcc9,d4bff31fe2e37191,nio-8080-exec-4,o.s.web.servlet.DispatcherServlet,Completed 200 OK
2026-07-23T00:08:15.950039+00:00,customers-service,customers-service-68b57f7b8c-r7tfg,2026-07-23T00:08:11.797811+00:00,DEBUG,9d2b88bc03fcdcc9,cdf380891a9e9ff3,nio-8080-exec-4,o.s.web.servlet.DispatcherServlet,"GET ""/owners/1"", parameters={}"
2026-07-23T00:08:15.950039+00:00,customers-service,customers-service-68b57f7b8c-r7tfg,2026-07-23T00:08:11.797729+00:00,DEBUG,010720440bdc0f24,00fa8f3c29bd2719,nio-8080-exec-1,o.s.web.servlet.DispatcherServlet,Completed 200 OK
2026-07-23T00:08:15.950039+00:00,customers-service,customers-service-68b57f7b8c-r7tfg,2026-07-23T00:08:11.797723+00:00,DEBUG,010720440bdc0f24,0d5a35b7f5972af1,nio-8080-exec-1,o.s.web.servlet.DispatcherServlet,"GET ""/owners/1"", parameters={}"
2026-07-23T00:08:15.950039+00:00,customers-service,customers-service-68b57f7b8c-r7tfg,2026-07-23T00:08:11.547026+00:00,DEBUG,ea8d9de6f37a5a9d,d9cff4cd5ae2d20a,nio-8080-exec-9,o.s.web.servlet.DispatcherServlet,Completed 200 OK
2026-07-23T00:08:15.950039+00:00,customers-service,customers-service-68b57f7b8c-r7tfg,2026-07-23T00:08:11.295658+00:00,DEBUG,ea8d9de6f37a5a9d,aecd13d6c495b41f,nio-8080-exec-9,o.s.web.servlet.DispatcherServlet,"GET ""/owners"", parameters={}"
2026-07-23T00:08:15.950039+00:00,customers-service,customers-service-68b57f7b8c-r7tfg,2026-07-23T00:08:11.295631+00:00,DEBUG,d255be4142ee379b,e7b7f32be4cb92e0,nio-8080-exec-2,o.s.web.servlet.DispatcherServlet,Completed 200 OK
2026-07-23T00:08:15.950039+00:00,customers-service,customers-service-68b57f7b8c-r7tfg,2026-07-23T00:08:11.295625+00:00,DEBUG,d255be4142ee379b,f87fc7de05da63b8,nio-8080-exec-2,o.s.web.servlet.DispatcherServlet,"GET ""/owners"", parameters={}"
2026-07-23T00:08:15.950039+00:00,customers-service,customers-service-68b57f7b8c-r7tfg,2026-07-23T00:08:11.045224+00:00,DEBUG,4e17c886f5a4dadb,c71079dc8badaaaa,nio-8080-exec-6,o.s.web.servlet.DispatcherServlet,Completed 200 OK
2026-07-23T00:08:15.950039+00:00,customers-service,customers-service-68b57f7b8c-r7tfg,2026-07-23T00:08:11.045218+00:00,DEBUG,4e17c886f5a4dadb,108df4f316124bff,nio-8080-exec-6,o.s.web.servlet.DispatcherServlet,"GET ""/owners/1"", parameters={}"
2026-07-23T00:08:15.950039+00:00,customers-service,customers-service-68b57f7b8c-r7tfg,2026-07-23T00:08:10.795029+00:00,DEBUG,308ec2f6bb9c21a4,35614cbbb531496c,nio-8080-exec-5,o.s.web.servlet.DispatcherServlet,Completed 200 OK
2026-07-23T00:08:15.950039+00:00,customers-service,customers-service-68b57f7b8c-r7tfg,2026-07-23T00:08:10.795022+00:00,DEBUG,308ec2f6bb9c21a4,de73d636ef5883c9,nio-8080-exec-5,o.s.web.servlet.DispatcherServlet,"GET ""/owners"", parameters={}"
2026-07-23T00:08:15.950039+00:00,customers-service,customers-service-68b57f7b8c-r7tfg,2026-07-23T00:08:10.544028+00:00,DEBUG,d6b2131fae76595b,e80c9c246e98294f,nio-8080-exec-8,o.s.web.servlet.DispatcherServlet,Completed 200 OK
2026-07-23T00:08:15.950039+00:00,customers-service,customers-service-68b57f7b8c-r7tfg,2026-07-23T00:08:10.543991+00:00,DEBUG,d6b2131fae76595b,3cd34a50e78cceab,nio-8080-exec-8,o.s.web.servlet.DispatcherServlet,"GET ""/owners"", parameters={}"
2026-07-23T00:08:15.950039+00:00,customers-service,customers-service-68b57f7b8c-r7tfg,2026-07-23T00:08:10.543985+00:00,DEBUG,565b282d1a8683eb,d43bdcfe85129464,nio-8080-exec-7,o.s.web.servlet.DispatcherServlet,Completed 200 OK
2026-07-23T00:08:15.950039+00:00,customers-service,customers-service-68b57f7b8c-r7tfg,2026-07-23T00:08:10.293689+00:00,DEBUG,565b282d1a8683eb,c482e8ab012fa07d,nio-8080-exec-7,o.s.web.servlet.DispatcherServlet,"GET ""/owners"", parameters={}"
2026-07-23T00:08:15.950039+00:00,customers-service,customers-service-68b57f7b8c-r7tfg,2026-07-23T00:08:08.788924+00:00,DEBUG,cfad90ab09335a76,51d50c5abff36b34,io-8080-exec-10,o.s.web.servlet.DispatcherServlet,Completed 200 OK
2026-07-23T00:08:15.950039+00:00,customers-service,customers-service-68b57f7b8c-r7tfg,2026-07-23T00:08:08.788860+00:00,DEBUG,cfad90ab09335a76,670721902192f10a,io-8080-exec-10,o.s.web.servlet.DispatcherServlet,"GET ""/owners/1"", parameters={}"
2026-07-23T00:08:15.950039+00:00,customers-service,customers-service-68b57f7b8c-r7tfg,2026-07-23T00:08:08.788824+00:00,DEBUG,e2f43d08c0660696,e2f43d08c0660696,nio-8080-exec-3,o.s.web.servlet.DispatcherServlet,Completed 200 OK
2026-07-23T00:08:15.950039+00:00,customers-service,customers-service-68b57f7b8c-r7tfg,2026-07-23T00:08:08.788752+00:00,DEBUG,2db57b78fb5916db,866a18189f974c83,nio-8080-exec-4,o.s.web.servlet.DispatcherServlet,Completed 200 OK
2026-07-23T00:08:15.950039+00:00,customers-service,customers-service-68b57f7b8c-r7tfg,2026-07-23T00:08:08.788747+00:00,DEBUG,2db57b78fb5916db,3035db5d2fdc8ecf,nio-8080-exec-4,o.s.web.servlet.DispatcherServlet,"GET ""/owners/1"", parameters={}"
2026-07-23T00:08:15.950039+00:00,customers-service,customers-service-68b57f7b8c-r7tfg,2026-07-23T00:08:08.286360+00:00,DEBUG,28e1f63976b8252e,92c4c58a72e24944,nio-8080-exec-1,o.s.web.servlet.DispatcherServlet,Completed 200 OK
2026-07-23T00:08:15.950039+00:00,customers-service,customers-service-68b57f7b8c-r7tfg,2026-07-23T00:08:08.286355+00:00,DEBUG,28e1f63976b8252e,f2c9538d7da2cef1,nio-8080-exec-1,o.s.web.servlet.DispatcherServlet,"GET ""/owners/1"", parameters={}"
2026-07-23T00:08:15.950039+00:00,customers-service,customers-service-68b57f7b8c-r7tfg,2026-07-23T00:08:08.036149+00:00,DEBUG,87ee7e28b8bb5b95,b3f13428e6ad8ed2,nio-8080-exec-9,o.s.web.servlet.DispatcherServlet,Completed 200 OK
2026-07-23T00:08:15.950039+00:00,customers-service,customers-service-68b57f7b8c-r7tfg,2026-07-23T00:08:08.036118+00:00,DEBUG,87ee7e28b8bb5b95,4057cffde4ef5bfc,nio-8080-exec-9,o.s.web.servlet.DispatcherServlet,"GET ""/owners/1"", parameters={}"
2026-07-23T00:08:15.950039+00:00,customers-service,customers-service-68b57f7b8c-r7tfg,2026-07-23T00:08:08.036107+00:00,DEBUG,4480a160b0310880,382ddf97d924e783,nio-8080-exec-2,o.s.web.servlet.DispatcherServlet,Completed 200 OK
2026-07-23T00:08:15.950039+00:00,customers-service,customers-service-68b57f7b8c-r7tfg,2026-07-23T00:08:07.784838+00:00,DEBUG,4480a160b0310880,7c8cfbf41e1dfc3e,nio-8080-exec-2,o.s.web.servlet.DispatcherServlet,"GET ""/owners"", parameters={}"
2026-07-23T00:08:15.950039+00:00,customers-service,customers-service-68b57f7b8c-r7tfg,2026-07-23T00:08:07.784817+00:00,DEBUG,dba05ba9b8b36cec,0cf547df214158f3,nio-8080-exec-6,o.s.web.servlet.DispatcherServlet,Completed 200 OK
2026-07-23T00:08:15.950039+00:00,customers-service,customers-service-68b57f7b8c-r7tfg,2026-07-23T00:08:07.784774+00:00,DEBUG,b94ae243f2e5a85f,b94ae243f2e5a85f,nio-8080-exec-5,o.s.web.servlet.DispatcherServlet,Completed 200 OK
2026-07-23T00:08:15.950039+00:00,customers-service,customers-service-68b57f7b8c-r7tfg,2026-07-23T00:08:07.784741+00:00,DEBUG,dba05ba9b8b36cec,fb6f1025a4d0554b,nio-8080-exec-6,o.s.web.servlet.DispatcherServlet,"GET ""/owners/1"", parameters={}"
2026-07-23T00:08:15.950039+00:00,customers-service,customers-service-68b57f7b8c-r7tfg,2026-07-23T00:08:06.278811+00:00,DEBUG,644c2bb45afe63c5,e2ebcc515a7c01a3,nio-8080-exec-8,o.s.web.servlet.DispatcherServlet,Completed 200 OK
2026-07-23T00:08:15.950039+00:00,customers-service,customers-service-68b57f7b8c-r7tfg,2026-07-23T00:08:06.278802+00:00,DEBUG,644c2bb45afe63c5,a0fab1cf4ba3d363,nio-8080-exec-8,o.s.web.servlet.DispatcherServlet,"GET ""/owners"", parameters={}"
2026-07-23T00:08:15.950039+00:00,customers-service,customers-service-68b57f7b8c-r7tfg,2026-07-23T00:08:05.776564+00:00,DEBUG,a1156d0850f3540d,6b0b2aa085f047d7,nio-8080-exec-7,o.s.web.servlet.DispatcherServlet,Completed 200 OK
2026-07-23T00:08:15.950039+00:00,customers-service,customers-service-68b57f7b8c-r7tfg,2026-07-23T00:08:05.776532+00:00,DEBUG,a1156d0850f3540d,2f426f1498c62081,nio-8080-exec-7,o.s.web.servlet.DispatcherServlet,"GET ""/owners/1"", parameters={}"
2026-07-23T00:08:15.950039+00:00,customers-service,customers-service-68b57f7b8c-r7tfg,2026-07-23T00:08:05.776498+00:00,DEBUG,d6665e182e0b76e4,4650d9c6c01a7f62,io-8080-exec-10,o.s.web.servlet.DispatcherServlet,Completed 200 OK
2026-07-23T00:08:15.950039+00:00,customers-service,customers-service-68b57f7b8c-r7tfg,2026-07-23T00:08:05.776495+00:00,DEBUG,d6665e182e0b76e4,0e64382e336accc0,io-8080-exec-10,o.s.web.servlet.DispatcherServlet,"GET ""/owners/1"", parameters={}"
2026-07-23T00:08:15.950039+00:00,customers-service,customers-service-68b57f7b8c-r7tfg,2026-07-23T00:08:05.526090+00:00,DEBUG,fa577899943d9099,d3ebad0abbd0c8d4,nio-8080-exec-3,o.s.web.servlet.DispatcherServlet,Completed 200 OK
2026-07-23T00:08:15.950039+00:00,customers-service,customers-service-68b57f7b8c-r7tfg,2026-07-23T00:08:05.526068+00:00,DEBUG,fa577899943d9099,b09af65ccc80f79f,nio-8080-exec-3,o.s.web.servlet.DispatcherServlet,"GET ""/owners/1"", parameters={}"
2026-07-23T00:08:15.950039+00:00,customers-service,customers-service-68b57f7b8c-r7tfg,2026-07-23T00:08:05.526051+00:00,DEBUG,c2930641b0c9083b,c2930641b0c9083b,nio-8080-exec-4,o.s.web.servlet.DispatcherServlet,Completed 200 OK
2026-07-23T00:08:15.950039+00:00,customers-service,customers-service-68b57f7b8c-r7tfg,2026-07-23T00:08:05.274897+00:00,DEBUG,fd459596541b6caa,10df0a3675092662,nio-8080-exec-1,o.s.web.servlet.DispatcherServlet,Completed 200 OK
2026-07-23T00:08:15.950039+00:00,customers-service,customers-service-68b57f7b8c-r7tfg,2026-07-23T00:08:05.274892+00:00,DEBUG,fd459596541b6caa,3d68b966c20966d1,nio-8080-exec-1,o.s.web.servlet.DispatcherServlet,"GET ""/owners/1"", parameters={}"
2026-07-23T00:08:15.950039+00:00,customers-service,customers-service-68b57f7b8c-r7tfg,2026-07-23T00:08:05.024242+00:00,DEBUG,ac92d30bcf6912c5,04353d1dbadf00ae,nio-8080-exec-9,o.s.web.servlet.DispatcherServlet,Completed 200 OK
2026-07-23T00:08:15.950039+00:00,customers-service,customers-service-68b57f7b8c-r7tfg,2026-07-23T00:08:05.024235+00:00,DEBUG,ac92d30bcf6912c5,011bb825d31e300b,nio-8080-exec-9,o.s.web.servlet.DispatcherServlet,"GET ""/owners/1"", parameters={}"
2026-07-23T00:08:15.950039+00:00,customers-service,customers-service-68b57f7b8c-r7tfg,2026-07-23T00:08:04.272803+00:00,DEBUG,17141a31cc856e47,2a45a689f90def1b,nio-8080-exec-2,o.s.web.servlet.DispatcherServlet,Completed 200 OK
2026-07-23T00:08:15.950039+00:00,customers-service,customers-service-68b57f7b8c-r7tfg,2026-07-23T00:08:04.272799+00:00,DEBUG,17141a31cc856e47,3f7ceaa20c0ad7b0,nio-8080-exec-2,o.s.web.servlet.DispatcherServlet,"GET ""/owners/1"", parameters={}"
2026-07-23T00:08:15.950039+00:00,customers-service,customers-service-68b57f7b8c-r7tfg,2026-07-23T00:08:03.770939+00:00,DEBUG,af5d8557710217a4,c64f2bafe35479a1,nio-8080-exec-5,o.s.web.servlet.DispatcherServlet,Completed 200 OK
2026-07-23T00:08:15.950039+00:00,customers-service,customers-service-68b57f7b8c-r7tfg,2026-07-23T00:08:03.770935+00:00,DEBUG,af5d8557710217a4,2b94c1faf0b1c1c2,nio-8080-exec-5,o.s.web.servlet.DispatcherServlet,"GET ""/owners/1"", parameters={}"
2026-07-23T00:08:15.950039+00:00,customers-service,customers-service-68b57f7b8c-r7tfg,2026-07-23T00:08:03.519959+00:00,DEBUG,6e287c51726c7579,044250eb5fe1cd67,nio-8080-exec-6,o.s.web.servlet.DispatcherServlet,Completed 200 OK
2026-07-23T00:08:15.950039+00:00,customers-service,customers-service-68b57f7b8c-r7tfg,2026-07-23T00:08:03.519940+00:00,DEBUG,6e287c51726c7579,ce16ac04c2b1a66b,nio-8080-exec-6,o.s.web.servlet.DispatcherServlet,"GET ""/owners"", parameters={}"
2026-07-23T00:08:15.950039+00:00,customers-service,customers-service-68b57f7b8c-r7tfg,2026-07-23T00:08:03.519937+00:00,DEBUG,62bb60370318d816,5fff13cf5dfa8931,nio-8080-exec-8,o.s.web.servlet.DispatcherServlet,Completed 200 OK
2026-07-23T00:08:15.950039+00:00,customers-service,customers-service-68b57f7b8c-r7tfg,2026-07-23T00:08:03.269574+00:00,DEBUG,62bb60370318d816,093b1685d6bc5e2b,nio-8080-exec-8,o.s.web.servlet.DispatcherServlet,"GET ""/owners"", parameters={}"
2026-07-23T00:08:15.950039+00:00,customers-service,customers-service-68b57f7b8c-r7tfg,2026-07-23T00:08:03.018957+00:00,DEBUG,94676b2345658be9,754d393112915519,nio-8080-exec-7,o.s.web.servlet.DispatcherServlet,Completed 200 OK
2026-07-23T00:08:15.950039+00:00,customers-service,customers-service-68b57f7b8c-r7tfg,2026-07-23T00:08:02.767789+00:00,DEBUG,94676b2345658be9,0bd22d8c56657b5e,nio-8080-exec-7,o.s.web.servlet.DispatcherServlet,"GET ""/owners"", parameters={}"
2026-07-23T00:08:15.950039+00:00,customers-service,customers-service-68b57f7b8c-r7tfg,2026-07-23T00:08:02.767711+00:00,DEBUG,40d8c2c771defe70,3a032869131b3f08,io-8080-exec-10,o.s.web.servlet.DispatcherServlet,Completed 200 OK
2026-07-23T00:08:15.950039+00:00,customers-service,customers-service-68b57f7b8c-r7tfg,2026-07-23T00:08:02.767706+00:00,DEBUG,40d8c2c771defe70,6d6c5249137f095f,io-8080-exec-10,o.s.web.servlet.DispatcherServlet,"GET ""/owners"", parameters={}"
2026-07-23T00:08:15.950039+00:00,customers-service,customers-service-68b57f7b8c-r7tfg,2026-07-23T00:08:02.266236+00:00,DEBUG,4c71a47438171490,0ec271feac00daec,nio-8080-exec-3,o.s.web.servlet.DispatcherServlet,Completed 200 OK
2026-07-23T00:08:15.950039+00:00,customers-service,customers-service-68b57f7b8c-r7tfg,2026-07-23T00:08:02.266231+00:00,DEBUG,4c71a47438171490,020d0664e1fe18ce,nio-8080-exec-3,o.s.web.servlet.DispatcherServlet,"GET ""/owners/1"", parameters={}"
2026-07-23T00:08:15.950039+00:00,customers-service,customers-service-68b57f7b8c-r7tfg,2026-07-23T00:08:02.015402+00:00,DEBUG,b0921b4f004c5c9c,43cea5ee3cae0706,nio-8080-exec-4,o.s.web.servlet.DispatcherServlet,Completed 200 OK
2026-07-23T00:08:15.950039+00:00,customers-service,customers-service-68b57f7b8c-r7tfg,2026-07-23T00:08:01.764464+00:00,DEBUG,b0921b4f004c5c9c,efbf9151a1b43f8b,nio-8080-exec-4,o.s.web.servlet.DispatcherServlet,"GET ""/owners/1"", parameters={}"
2026-07-23T00:08:15.950039+00:00,customers-service,customers-service-68b57f7b8c-r7tfg,2026-07-23T00:08:01.513825+00:00,DEBUG,d4502876c664411d,ae55f36058d0d75e,nio-8080-exec-1,o.s.web.servlet.DispatcherServlet,Completed 200 OK
2026-07-23T00:08:15.950039+00:00,customers-service,customers-service-68b57f7b8c-r7tfg,2026-07-23T00:08:01.513818+00:00,DEBUG,d4502876c664411d,0552d131df18fb02,nio-8080-exec-1,o.s.web.servlet.DispatcherServlet,"GET ""/owners/1"", parameters={}"
2026-07-23T00:08:15.950039+00:00,customers-service,customers-service-68b57f7b8c-r7tfg,2026-07-23T00:07:53.737551+00:00,DEBUG,976b2ca6b9d7176c,976b2ca6b9d7176c,nio-8080-exec-9,o.s.web.servlet.DispatcherServlet,Completed 200 OK
2026-07-23T00:08:15.950039+00:00,customers-service,customers-service-68b57f7b8c-r7tfg,2026-07-23T00:07:50.478505+00:00,DEBUG,6bcb34644432caf6,6bcb34644432caf6,nio-8080-exec-2,o.s.web.servlet.DispatcherServlet,Completed 200 OK
2026-07-23T00:08:15.950039+00:00,customers-service,customers-service-68b57f7b8c-r7tfg,2026-07-23T00:07:47.721344+00:00,DEBUG,3624dde11097d9f2,3624dde11097d9f2,nio-8080-exec-5,o.s.web.servlet.DispatcherServlet,Completed 200 OK
2026-07-23T00:08:15.950039+00:00,customers-service,customers-service-68b57f7b8c-r7tfg,2026-07-23T00:07:37.436761+00:00,DEBUG,5cc158d1e6533410,5cc158d1e6533410,nio-8080-exec-6,o.s.web.servlet.DispatcherServlet,Completed 200 OK
2026-07-23T00:08:15.950039+00:00,customers-service,customers-service-68b57f7b8c-r7tfg,2026-07-23T00:07:34.177847+00:00,DEBUG,9dc76d66041a4ab1,9dc76d66041a4ab1,nio-8080-exec-8,o.s.web.servlet.DispatcherServlet,Completed 200 OK
2026-07-23T00:08:15.950039+00:00,customers-service,customers-service-68b57f7b8c-r7tfg,2026-07-23T00:07:26.660052+00:00,DEBUG,4ac58432c2b10a3d,e3cbb75ee44ee907,nio-8080-exec-7,o.s.web.servlet.DispatcherServlet,Completed 200 OK
2026-07-23T00:08:15.950039+00:00,customers-service,customers-service-68b57f7b8c-r7tfg,2026-07-23T00:07:26.660049+00:00,DEBUG,4ac58432c2b10a3d,bbf9f1d85120af61,nio-8080-exec-7,o.s.web.servlet.DispatcherServlet,"GET ""/owners"", parameters={}"
2026-07-23T00:08:15.950039+00:00,customers-service,customers-service-68b57f7b8c-r7tfg,2026-07-23T00:07:26.409375+00:00,DEBUG,8aa09f3334fd929e,8aa09f3334fd929e,io-8080-exec-10,o.s.web.servlet.DispatcherServlet,Completed 200 OK
2026-07-23T00:08:15.950039+00:00,customers-service,customers-service-68b57f7b8c-r7tfg,2026-07-23T00:07:26.158669+00:00,DEBUG,3df6660dcb962612,7c3d4740ce74cf45,nio-8080-exec-3,o.s.web.servlet.DispatcherServlet,Completed 200 OK
2026-07-23T00:08:15.950039+00:00,customers-service,customers-service-68b57f7b8c-r7tfg,2026-07-23T00:07:26.158660+00:00,DEBUG,3df6660dcb962612,286221ad9911e749,nio-8080-exec-3,o.s.web.servlet.DispatcherServlet,"GET ""/owners/1"", parameters={}"
2026-07-23T00:08:15.950039+00:00,customers-service,customers-service-68b57f7b8c-r7tfg,2026-07-23T00:07:25.907592+00:00,DEBUG,0adb4f805317462e,e9f9f021a0f85cd2,nio-8080-exec-4,o.s.web.servlet.DispatcherServlet,Completed 200 OK
2026-07-23T00:08:15.950039+00:00,customers-service,customers-service-68b57f7b8c-r7tfg,2026-07-23T00:07:25.907586+00:00,DEBUG,0adb4f805317462e,93916e23867b5e8a,nio-8080-exec-4,o.s.web.servlet.DispatcherServlet,"GET ""/owners/1"", parameters={}"
2026-07-23T00:08:15.950039+00:00,customers-service,customers-service-68b57f7b8c-r7tfg,2026-07-23T00:07:25.406077+00:00,DEBUG,4888806d85cd4b1c,e0672f0c308ccb29,nio-8080-exec-1,o.s.web.servlet.DispatcherServlet,Completed 200 OK
2026-07-23T00:08:15.950039+00:00,customers-service,customers-service-68b57f7b8c-r7tfg,2026-07-23T00:07:25.406060+00:00,DEBUG,4888806d85cd4b1c,1d7eda6127d92ce9,nio-8080-exec-1,o.s.web.servlet.DispatcherServlet,"GET ""/owners"", parameters={}"
2026-07-23T00:08:15.950039+00:00,customers-service,customers-service-68b57f7b8c-r7tfg,2026-07-23T00:07:25.406056+00:00,DEBUG,0137bb144b7d4fb1,3460b0effc6c99df,nio-8080-exec-9,o.s.web.servlet.DispatcherServlet,Completed 200 OK
2026-07-23T00:08:15.950039+00:00,customers-service,customers-service-68b57f7b8c-r7tfg,2026-07-23T00:07:25.155376+00:00,DEBUG,0137bb144b7d4fb1,2da04c4853083c26,nio-8080-exec-9,o.s.web.servlet.DispatcherServlet,"GET ""/owners/1"", parameters={}"
2026-07-23T00:08:15.950039+00:00,customers-service,customers-service-68b57f7b8c-r7tfg,2026-07-23T00:07:24.905171+00:00,DEBUG,a69974659569b819,f5b1a33102c8cd37,nio-8080-exec-2,o.s.web.servlet.DispatcherServlet,Completed 200 OK
2026-07-23T00:08:15.950039+00:00,customers-service,customers-service-68b57f7b8c-r7tfg,2026-07-23T00:07:24.905146+00:00,DEBUG,a69974659569b819,5d58429d3efd300d,nio-8080-exec-2,o.s.web.servlet.DispatcherServlet,"GET ""/owners/1"", parameters={}"
2026-07-23T00:08:15.950039+00:00,customers-service,customers-service-68b57f7b8c-r7tfg,2026-07-23T00:07:24.905141+00:00,DEBUG,f14378b942e0143e,8ae3cfce1c715f21,nio-8080-exec-5,o.s.web.servlet.DispatcherServlet,Completed 200 OK
2026-07-23T00:08:15.950039+00:00,customers-service,customers-service-68b57f7b8c-r7tfg,2026-07-23T00:07:24.654962+00:00,DEBUG,f14378b942e0143e,07a46337a323e6a9,nio-8080-exec-5,o.s.web.servlet.DispatcherServlet,"GET ""/owners"", parameters={}"
2026-07-23T00:08:15.950039+00:00,customers-service,customers-service-68b57f7b8c-r7tfg,2026-07-23T00:07:24.654934+00:00,DEBUG,93419819e220c5ac,f795a77f582aaaa7,nio-8080-exec-6,o.s.web.servlet.DispatcherServlet,Completed 200 OK
2026-07-23T00:08:15.950039+00:00,customers-service,customers-service-68b57f7b8c-r7tfg,2026-07-23T00:07:24.654928+00:00,DEBUG,93419819e220c5ac,0b2e9f795fd4b190,nio-8080-exec-6,o.s.web.servlet.DispatcherServlet,"GET ""/owners/1"", parameters={}"
2026-07-23T00:08:15.950039+00:00,customers-service,customers-service-68b57f7b8c-r7tfg,2026-07-23T00:07:24.404792+00:00,DEBUG,41c34079f4700b15,1af3de43500ececc,nio-8080-exec-8,o.s.web.servlet.DispatcherServlet,Completed 200 OK
2026-07-23T00:08:15.950039+00:00,customers-service,customers-service-68b57f7b8c-r7tfg,2026-07-23T00:07:24.404782+00:00,DEBUG,41c34079f4700b15,6c455f492281a0ee,nio-8080-exec-8,o.s.web.servlet.DispatcherServlet,"GET ""/owners/1"", parameters={}"
2026-07-23T00:08:15.950039+00:00,customers-service,customers-service-68b57f7b8c-r7tfg,2026-07-23T00:07:23.903618+00:00,DEBUG,6879c62c627baab7,1157f9acc0324216,nio-8080-exec-7,o.s.web.servlet.DispatcherServlet,Completed 200 OK
2026-07-23T00:08:15.950039+00:00,customers-service,customers-service-68b57f7b8c-r7tfg,2026-07-23T00:07:23.903576+00:00,DEBUG,6879c62c627baab7,16ef8e9e1af5befb,nio-8080-exec-7,o.s.web.servlet.DispatcherServlet,"GET ""/owners/1"", parameters={}"
2026-07-23T00:08:15.950039+00:00,customers-service,customers-service-68b57f7b8c-r7tfg,2026-07-23T00:07:23.903569+00:00,DEBUG,5e0b8164892b5d46,00c0469792c519bb,io-8080-exec-10,o.s.web.servlet.DispatcherServlet,Completed 200 OK
2026-07-23T00:08:15.950039+00:00,customers-service,customers-service-68b57f7b8c-r7tfg,2026-07-23T00:07:23.652650+00:00,DEBUG,5e0b8164892b5d46,deac04caebd0be5a,io-8080-exec-10,o.s.web.servlet.DispatcherServlet,"GET ""/owners/1"", parameters={}"
2026-07-23T00:08:15.950039+00:00,customers-service,customers-service-68b57f7b8c-r7tfg,2026-07-23T00:07:23.652630+00:00,DEBUG,5ad6423b93635d1b,22c3c0b3f267d259,nio-8080-exec-3,o.s.web.servlet.DispatcherServlet,Completed 200 OK
2026-07-23T00:08:15.950039+00:00,customers-service,customers-service-68b57f7b8c-r7tfg,2026-07-23T00:07:23.652624+00:00,DEBUG,5ad6423b93635d1b,5c77f781410807fe,nio-8080-exec-3,o.s.web.servlet.DispatcherServlet,"GET ""/owners"", parameters={}"
2026-07-23T00:08:15.950039+00:00,customers-service,customers-service-68b57f7b8c-r7tfg,2026-07-23T00:07:23.402067+00:00,DEBUG,72412097734082d9,943317d0125abf2f,nio-8080-exec-4,o.s.web.servlet.DispatcherServlet,Completed 200 OK
2026-07-23T00:08:15.950039+00:00,customers-service,customers-service-68b57f7b8c-r7tfg,2026-07-23T00:07:23.402062+00:00,DEBUG,72412097734082d9,2da1dabfdf920779,nio-8080-exec-4,o.s.web.servlet.DispatcherServlet,"GET ""/owners/1"", parameters={}"
2026-07-23T00:08:15.950039+00:00,customers-service,customers-service-68b57f7b8c-r7tfg,2026-07-23T00:07:23.151959+00:00,DEBUG,b81305097e6ccb4a,dc03140ac89cdf38,nio-8080-exec-1,o.s.web.servlet.DispatcherServlet,Completed 200 OK
2026-07-23T00:08:15.950039+00:00,customers-service,customers-service-68b57f7b8c-r7tfg,2026-07-23T00:07:23.151952+00:00,DEBUG,b81305097e6ccb4a,7dafb9c872e2c9e2,nio-8080-exec-1,o.s.web.servlet.DispatcherServlet,"GET ""/owners/1"", parameters={}"
2026-07-23T00:08:15.950039+00:00,customers-service,customers-service-68b57f7b8c-r7tfg,2026-07-23T00:07:22.901152+00:00,DEBUG,56986bdbd9f67814,e6e62d82e5933bd0,nio-8080-exec-9,o.s.web.servlet.DispatcherServlet,Completed 200 OK
2026-07-23T00:08:15.950039+00:00,customers-service,customers-service-68b57f7b8c-r7tfg,2026-07-23T00:07:22.651042+00:00,DEBUG,56986bdbd9f67814,a4712142887fb753,nio-8080-exec-9,o.s.web.servlet.DispatcherServlet,"GET ""/owners"", parameters={}"
2026-07-23T00:08:15.950039+00:00,customers-service,customers-service-68b57f7b8c-r7tfg,2026-07-23T00:07:22.651019+00:00,DEBUG,8adf1f3dfc2ce592,8adf1f3dfc2ce592,nio-8080-exec-2,o.s.web.servlet.DispatcherServlet,Completed 200 OK
2026-07-23T00:08:15.950039+00:00,customers-service,customers-service-68b57f7b8c-r7tfg,2026-07-23T00:07:22.400717+00:00,DEBUG,b99f51873a398ff7,0b8e658f7a9f49a9,nio-8080-exec-5,o.s.web.servlet.DispatcherServlet,Completed 200 OK
2026-07-23T00:08:15.950039+00:00,customers-service,customers-service-68b57f7b8c-r7tfg,2026-07-23T00:07:22.400710+00:00,DEBUG,b99f51873a398ff7,978d3390d5cdfa37,nio-8080-exec-5,o.s.web.servlet.DispatcherServlet,"GET ""/owners/1"", parameters={}"
2026-07-23T00:08:15.950039+00:00,customers-service,customers-service-68b57f7b8c-r7tfg,2026-07-23T00:07:21.898132+00:00,DEBUG,189cac67bd664aa6,9b2cd19b9b6df75c,nio-8080-exec-6,o.s.web.servlet.DispatcherServlet,Completed 200 OK
2026-07-23T00:08:15.950039+00:00,customers-service,customers-service-68b57f7b8c-r7tfg,2026-07-23T00:07:21.647554+00:00,DEBUG,189cac67bd664aa6,9d5f9b5fc70f90a3,nio-8080-exec-6,o.s.web.servlet.DispatcherServlet,"GET ""/owners/1"", parameters={}"
2026-07-23T00:08:15.950039+00:00,customers-service,customers-service-68b57f7b8c-r7tfg,2026-07-23T00:07:21.396608+00:00,DEBUG,134c56be0e200bfd,e8f89bdf553685cd,nio-8080-exec-8,o.s.web.servlet.DispatcherServlet,Completed 200 OK
2026-07-23T00:08:15.950039+00:00,customers-service,customers-service-68b57f7b8c-r7tfg,2026-07-23T00:07:21.396603+00:00,DEBUG,134c56be0e200bfd,9d4226f76d33957d,nio-8080-exec-8,o.s.web.servlet.DispatcherServlet,"GET ""/owners"", parameters={}"
2026-07-23T00:08:15.950039+00:00,customers-service,customers-service-68b57f7b8c-r7tfg,2026-07-23T00:07:21.146371+00:00,DEBUG,62927e65942aa9c4,0d7e5050ea486b06,nio-8080-exec-7,o.s.web.servlet.DispatcherServlet,Completed 200 OK
2026-07-23T00:08:15.950039+00:00,customers-service,customers-service-68b57f7b8c-r7tfg,2026-07-23T00:07:21.146365+00:00,DEBUG,62927e65942aa9c4,17248fe7b176fb00,nio-8080-exec-7,o.s.web.servlet.DispatcherServlet,"GET ""/owners/1"", parameters={}"
2026-07-23T00:08:15.950039+00:00,customers-service,customers-service-68b57f7b8c-r7tfg,2026-07-23T00:07:20.644789+00:00,DEBUG,2372a5b6c0f7afee,063d014cfd3bdadd,io-8080-exec-10,o.s.web.servlet.DispatcherServlet,Completed 200 OK
2026-07-23T00:08:15.950039+00:00,customers-service,customers-service-68b57f7b8c-r7tfg,2026-07-23T00:07:20.644782+00:00,DEBUG,2372a5b6c0f7afee,f186662f33445609,io-8080-exec-10,o.s.web.servlet.DispatcherServlet,"GET ""/owners"", parameters={}"
2026-07-23T00:08:15.950039+00:00,customers-service,customers-service-68b57f7b8c-r7tfg,2026-07-23T00:07:20.393836+00:00,DEBUG,f13ded08fc6718bd,72b87dd8b35464ca,nio-8080-exec-3,o.s.web.servlet.DispatcherServlet,Completed 200 OK
2026-07-23T00:08:15.950039+00:00,customers-service,customers-service-68b57f7b8c-r7tfg,2026-07-23T00:07:20.143400+00:00,DEBUG,f13ded08fc6718bd,1d4a741b3aeae364,nio-8080-exec-3,o.s.web.servlet.DispatcherServlet,"GET ""/owners/1"", parameters={}"
2026-07-23T00:08:15.950039+00:00,customers-service,customers-service-68b57f7b8c-r7tfg,2026-07-23T00:07:20.143369+00:00,DEBUG,a011c70717d642df,661d7b91299e32d8,nio-8080-exec-4,o.s.web.servlet.DispatcherServlet,Completed 200 OK
2026-07-23T00:08:15.950039+00:00,customers-service,customers-service-68b57f7b8c-r7tfg,2026-07-23T00:07:20.143363+00:00,DEBUG,a011c70717d642df,76b7a27cba1ab7c0,nio-8080-exec-4,o.s.web.servlet.DispatcherServlet,"GET ""/owners"", parameters={}"
2026-07-23T00:08:15.950039+00:00,customers-service,customers-service-68b57f7b8c-r7tfg,2026-07-23T00:07:19.892784+00:00,DEBUG,79e1510ca1ca2214,8b25cfe1b7d57b68,nio-8080-exec-1,o.s.web.servlet.DispatcherServlet,Completed 200 OK
2026-07-23T00:08:15.950039+00:00,customers-service,customers-service-68b57f7b8c-r7tfg,2026-07-23T00:07:19.892747+00:00,DEBUG,79e1510ca1ca2214,0e3cabf875072ff7,nio-8080-exec-1,o.s.web.servlet.DispatcherServlet,"GET ""/owners"", parameters={}"
2026-07-23T00:08:15.950039+00:00,customers-service,customers-service-68b57f7b8c-r7tfg,2026-07-23T00:07:19.892744+00:00,DEBUG,22f44596f6b28819,208c1bc1857c2e1a,nio-8080-exec-9,o.s.web.servlet.DispatcherServlet,Completed 200 OK
2026-07-23T00:08:15.950039+00:00,customers-service,customers-service-68b57f7b8c-r7tfg,2026-07-23T00:07:19.642442+00:00,DEBUG,22f44596f6b28819,8a16262ce8d2693a,nio-8080-exec-9,o.s.web.servlet.DispatcherServlet,"GET ""/owners"", parameters={}"
2026-07-23T00:08:15.950039+00:00,customers-service,customers-service-68b57f7b8c-r7tfg,2026-07-23T00:07:19.642404+00:00,DEBUG,f2707e18d2560291,3df2fc41f76e7b4b,nio-8080-exec-2,o.s.web.servlet.DispatcherServlet,Completed 200 OK
2026-07-23T00:08:15.950039+00:00,customers-service,customers-service-68b57f7b8c-r7tfg,2026-07-23T00:07:19.642393+00:00,DEBUG,f2707e18d2560291,eb4e7dd86e1c660b,nio-8080-exec-2,o.s.web.servlet.DispatcherServlet,"GET ""/owners/1"", parameters={}"
2026-07-23T00:08:15.950039+00:00,customers-service,customers-service-68b57f7b8c-r7tfg,2026-07-23T00:07:19.391228+00:00,DEBUG,5c72b78f98bd9366,9d0a487b2f873a79,nio-8080-exec-5,o.s.web.servlet.DispatcherServlet,Completed 200 OK
2026-07-23T00:08:15.950039+00:00,customers-service,customers-service-68b57f7b8c-r7tfg,2026-07-23T00:07:19.391167+00:00,DEBUG,5c72b78f98bd9366,45771098c7d2f1dc,nio-8080-exec-5,o.s.web.servlet.DispatcherServlet,"GET ""/owners/1"", parameters={}"
2026-07-23T00:08:15.950039+00:00,customers-service,customers-service-68b57f7b8c-r7tfg,2026-07-23T00:07:19.140037+00:00,DEBUG,f12e3694ac4ec129,f12e3694ac4ec129,nio-8080-exec-6,o.s.web.servlet.DispatcherServlet,Completed 200 OK
2026-07-23T00:08:15.950039+00:00,customers-service,customers-service-68b57f7b8c-r7tfg,2026-07-23T00:07:18.888802+00:00,DEBUG,586d2f82249762f2,f2f6df9df48f65da,nio-8080-exec-8,o.s.web.servlet.DispatcherServlet,Completed 200 OK
2026-07-23T00:08:15.950039+00:00,customers-service,customers-service-68b57f7b8c-r7tfg,2026-07-23T00:07:18.888775+00:00,DEBUG,586d2f82249762f2,16eef3cdf5bc35fc,nio-8080-exec-8,o.s.web.servlet.DispatcherServlet,"GET ""/owners/1"", parameters={}"
2026-07-23T00:08:15.950039+00:00,customers-service,customers-service-68b57f7b8c-r7tfg,2026-07-23T00:07:18.888748+00:00,DEBUG,805b37e4b48cc647,bc943df200d9acc7,nio-8080-exec-7,o.s.web.servlet.DispatcherServlet,Completed 200 OK
2026-07-23T00:08:15.950039+00:00,customers-service,customers-service-68b57f7b8c-r7tfg,2026-07-23T00:07:18.888743+00:00,DEBUG,805b37e4b48cc647,4eb3eda319c4926e,nio-8080-exec-7,o.s.web.servlet.DispatcherServlet,"GET ""/owners"", parameters={}"
2026-07-23T00:08:15.950039+00:00,customers-service,customers-service-68b57f7b8c-r7tfg,2026-07-23T00:07:18.637429+00:00,DEBUG,72c2c57ba32d7f46,f68fb5248398e05c,io-8080-exec-10,o.s.web.servlet.DispatcherServlet,Completed 200 OK
2026-07-23T00:08:15.950039+00:00,customers-service,customers-service-68b57f7b8c-r7tfg,2026-07-23T00:07:18.637424+00:00,DEBUG,72c2c57ba32d7f46,9b580a6f5caa7320,io-8080-exec-10,o.s.web.servlet.DispatcherServlet,"GET ""/owners/1"", parameters={}"
2026-07-23T00:08:15.950039+00:00,customers-service,customers-service-68b57f7b8c-r7tfg,2026-07-23T00:07:18.387437+00:00,DEBUG,167b3eab08b27f13,381212e62aa6ddc7,nio-8080-exec-3,o.s.web.servlet.DispatcherServlet,Completed 200 OK
2026-07-23T00:08:15.950039+00:00,customers-service,customers-service-68b57f7b8c-r7tfg,2026-07-23T00:07:18.387334+00:00,DEBUG,167b3eab08b27f13,8f93c68ff44475c3,nio-8080-exec-3,o.s.web.servlet.DispatcherServlet,"GET ""/owners/1"", parameters={}"
2026-07-23T00:08:15.950039+00:00,customers-service,customers-service-68b57f7b8c-r7tfg,2026-07-23T00:07:18.387298+00:00,DEBUG,24d7f2c35a67869f,c8a2cc3eede3ec35,nio-8080-exec-4,o.s.web.servlet.DispatcherServlet,Completed 200 OK
2026-07-23T00:08:15.950039+00:00,customers-service,customers-service-68b57f7b8c-r7tfg,2026-07-23T00:07:18.387292+00:00,DEBUG,24d7f2c35a67869f,468752599d2e2815,nio-8080-exec-4,o.s.web.servlet.DispatcherServlet,"GET ""/owners"", parameters={}"
2026-07-23T00:08:15.950039+00:00,customers-service,customers-service-68b57f7b8c-r7tfg,2026-07-23T00:07:17.633722+00:00,DEBUG,ed7477b1e0030c2f,8494d9e7a3759a32,nio-8080-exec-1,o.s.web.servlet.DispatcherServlet,Completed 200 OK
2026-07-23T00:08:15.950039+00:00,customers-service,customers-service-68b57f7b8c-r7tfg,2026-07-23T00:07:17.633717+00:00,DEBUG,ed7477b1e0030c2f,9be6bbabeaf9c5cb,nio-8080-exec-1,o.s.web.servlet.DispatcherServlet,"GET ""/owners/1"", parameters={}"
2026-07-23T00:08:15.950039+00:00,customers-service,customers-service-68b57f7b8c-r7tfg,2026-07-23T00:07:17.382623+00:00,DEBUG,a340f6b3fccdecc0,18d4e11c30e2e867,nio-8080-exec-9,o.s.web.servlet.DispatcherServlet,Completed 200 OK
2026-07-23T00:08:15.950039+00:00,customers-service,customers-service-68b57f7b8c-r7tfg,2026-07-23T00:07:17.382620+00:00,DEBUG,a340f6b3fccdecc0,7234f90a1e0e3d0e,nio-8080-exec-9,o.s.web.servlet.DispatcherServlet,"GET ""/owners/1"", parameters={}"
2026-07-23T00:08:15.950039+00:00,customers-service,customers-service-68b57f7b8c-r7tfg,2026-07-23T00:07:17.131752+00:00,DEBUG,9cecb82234396879,502e50cd45d89a9e,nio-8080-exec-2,o.s.web.servlet.DispatcherServlet,Completed 200 OK
2026-07-23T00:08:15.950039+00:00,customers-service,customers-service-68b57f7b8c-r7tfg,2026-07-23T00:07:17.131748+00:00,DEBUG,9cecb82234396879,fd1ef38f5213e8e3,nio-8080-exec-2,o.s.web.servlet.DispatcherServlet,"GET ""/owners/1"", parameters={}"
2026-07-23T00:08:15.950039+00:00,customers-service,customers-service-68b57f7b8c-r7tfg,2026-07-23T00:07:16.630264+00:00,DEBUG,b0547a10e882cebd,3632c4628909e4e2,nio-8080-exec-5,o.s.web.servlet.DispatcherServlet,Completed 200 OK
2026-07-23T00:08:15.950039+00:00,customers-service,customers-service-68b57f7b8c-r7tfg,2026-07-23T00:07:16.630181+00:00,DEBUG,b0547a10e882cebd,0d42a90f39236753,nio-8080-exec-5,o.s.web.servlet.DispatcherServlet,"GET ""/owners/1"", parameters={}"
2026-07-23T00:08:15.950039+00:00,customers-service,customers-service-68b57f7b8c-r7tfg,2026-07-23T00:07:16.128719+00:00,DEBUG,3fc6d0ac5e99c5bf,bacad19c1285078c,nio-8080-exec-6,o.s.web.servlet.DispatcherServlet,Completed 200 OK
2026-07-23T00:08:15.950039+00:00,customers-service,customers-service-68b57f7b8c-r7tfg,2026-07-23T00:07:16.128715+00:00,DEBUG,3fc6d0ac5e99c5bf,ba9c7e23cc592b4b,nio-8080-exec-6,o.s.web.servlet.DispatcherServlet,"GET ""/owners/1"", parameters={}"
2026-07-23T00:08:15.950039+00:00,customers-service,customers-service-68b57f7b8c-r7tfg,2026-07-23T00:07:15.626363+00:00,DEBUG,0d66ec2d84e712e7,0da4deafb2ddebde,nio-8080-exec-8,o.s.web.servlet.DispatcherServlet,Completed 200 OK
2026-07-23T00:08:15.950039+00:00,customers-service,customers-service-68b57f7b8c-r7tfg,2026-07-23T00:07:15.626357+00:00,DEBUG,0d66ec2d84e712e7,fcccf142893644c8,nio-8080-exec-8,o.s.web.servlet.DispatcherServlet,"GET ""/owners"", parameters={}"
2026-07-23T00:08:15.950039+00:00,customers-service,customers-service-68b57f7b8c-r7tfg,2026-07-23T00:07:15.124902+00:00,DEBUG,0c85ebf417505a2d,e1b22d99f7d7f0c4,nio-8080-exec-7,o.s.web.servlet.DispatcherServlet,Completed 200 OK
2026-07-23T00:08:15.950039+00:00,customers-service,customers-service-68b57f7b8c-r7tfg,2026-07-23T00:07:15.124897+00:00,DEBUG,0c85ebf417505a2d,a342a17592ddb2dc,nio-8080-exec-7,o.s.web.servlet.DispatcherServlet,"GET ""/owners"", parameters={}"
2026-07-23T00:08:15.950039+00:00,customers-service,customers-service-68b57f7b8c-r7tfg,2026-07-23T00:07:14.874096+00:00,DEBUG,690e7c23f6dbc4d0,63c27ec6c50700f7,io-8080-exec-10,o.s.web.servlet.DispatcherServlet,Completed 200 OK
2026-07-23T00:08:15.950039+00:00,customers-service,customers-service-68b57f7b8c-r7tfg,2026-07-23T00:07:14.874082+00:00,DEBUG,690e7c23f6dbc4d0,8185d80b1eea0f8b,io-8080-exec-10,o.s.web.servlet.DispatcherServlet,"GET ""/owners"", parameters={}"
2026-07-23T00:08:15.950039+00:00,customers-service,customers-service-68b57f7b8c-r7tfg,2026-07-23T00:07:14.623530+00:00,DEBUG,a084ddd178cb9dbc,271ebef2563b4038,nio-8080-exec-3,o.s.web.servlet.DispatcherServlet,Completed 200 OK
2026-07-23T00:08:15.950039+00:00,customers-service,customers-service-68b57f7b8c-r7tfg,2026-07-23T00:07:14.623526+00:00,DEBUG,a084ddd178cb9dbc,19f247a7a5644dd4,nio-8080-exec-3,o.s.web.servlet.DispatcherServlet,"GET ""/owners"", parameters={}"
2026-07-23T00:08:15.950039+00:00,customers-service,customers-service-68b57f7b8c-r7tfg,2026-07-23T00:07:14.373385+00:00,DEBUG,5ea852eb436bce06,c16533f493c1c560,nio-8080-exec-4,o.s.web.servlet.DispatcherServlet,Completed 200 OK
2026-07-23T00:08:15.950039+00:00,customers-service,customers-service-68b57f7b8c-r7tfg,2026-07-23T00:07:14.373374+00:00,DEBUG,5ea852eb436bce06,3b99971fd76590c8,nio-8080-exec-4,o.s.web.servlet.DispatcherServlet,"GET ""/owners"", parameters={}"
2026-07-23T00:08:15.950039+00:00,customers-service,customers-service-68b57f7b8c-r7tfg,2026-07-23T00:07:14.122547+00:00,DEBUG,bb8bb527b8860d7b,5388f86f4e838bae,nio-8080-exec-1,o.s.web.servlet.DispatcherServlet,Completed 200 OK
2026-07-23T00:08:15.950039+00:00,customers-service,customers-service-68b57f7b8c-r7tfg,2026-07-23T00:07:14.122519+00:00,DEBUG,bb8bb527b8860d7b,97a6bd2985248516,nio-8080-exec-1,o.s.web.servlet.DispatcherServlet,"GET ""/owners"", parameters={}"
2026-07-23T00:08:15.950039+00:00,customers-service,customers-service-68b57f7b8c-r7tfg,2026-07-23T00:07:14.122513+00:00,DEBUG,cb5bc2da1712f059,b0e411cf76eb722f,nio-8080-exec-9,o.s.web.servlet.DispatcherServlet,Completed 200 OK
2026-07-23T00:08:15.950039+00:00,customers-service,customers-service-68b57f7b8c-r7tfg,2026-07-23T00:07:13.871671+00:00,DEBUG,cb5bc2da1712f059,3c6c2d4632ebbd48,nio-8080-exec-9,o.s.web.servlet.DispatcherServlet,"GET ""/owners"", parameters={}"
2026-07-23T00:08:15.950039+00:00,customers-service,customers-service-68b57f7b8c-r7tfg,2026-07-23T00:07:13.620536+00:00,DEBUG,9ee03501a8f8a0af,d0faf4a92da6300d,nio-8080-exec-2,o.s.web.servlet.DispatcherServlet,Completed 200 OK
2026-07-23T00:08:15.950039+00:00,customers-service,customers-service-68b57f7b8c-r7tfg,2026-07-23T00:07:13.369212+00:00,DEBUG,9ee03501a8f8a0af,83730cffd6d994e0,nio-8080-exec-2,o.s.web.servlet.DispatcherServlet,"GET ""/owners"", parameters={}"
2026-07-23T00:08:15.950039+00:00,customers-service,customers-service-68b57f7b8c-r7tfg,2026-07-23T00:07:12.867613+00:00,DEBUG,a967f3af77cd8ee1,bd64cbb894c757e7,nio-8080-exec-5,o.s.web.servlet.DispatcherServlet,Completed 200 OK
2026-07-23T00:08:15.950039+00:00,customers-service,customers-service-68b57f7b8c-r7tfg,2026-07-23T00:07:12.867606+00:00,DEBUG,a967f3af77cd8ee1,c6a61f672229c0d9,nio-8080-exec-5,o.s.web.servlet.DispatcherServlet,"GET ""/owners"", parameters={}"
2026-07-23T00:08:15.950039+00:00,vets-service,vets-service-789bf77578-8z4zb,2026-07-23T00:08:15.087032+00:00,DEBUG,8e65f279891336eb,8e65f279891336eb,nio-8080-exec-4,o.s.web.servlet.DispatcherServlet,Completed 200 OK
2026-07-23T00:08:15.950039+00:00,vets-service,vets-service-789bf77578-8z4zb,2026-07-23T00:08:09.320740+00:00,DEBUG,224b8e245f09269e,224b8e245f09269e,nio-8080-exec-6,o.s.web.servlet.DispatcherServlet,Completed 200 OK
2026-07-23T00:08:15.950039+00:00,vets-service,vets-service-789bf77578-8z4zb,2026-07-23T00:08:03.302189+00:00,DEBUG,d48307a0b839ce8a,d48307a0b839ce8a,nio-8080-exec-1,o.s.web.servlet.DispatcherServlet,Completed 200 OK
2026-07-23T00:08:15.950039+00:00,vets-service,vets-service-789bf77578-8z4zb,2026-07-23T00:07:55.027140+00:00,DEBUG,c28972e0088698e0,c28972e0088698e0,io-8080-exec-10,o.s.web.servlet.DispatcherServlet,Completed 200 OK
2026-07-23T00:08:15.950039+00:00,vets-service,vets-service-789bf77578-8z4zb,2026-07-23T00:07:53.522691+00:00,DEBUG,727184633f0ac9b9,727184633f0ac9b9,nio-8080-exec-9,o.s.web.servlet.DispatcherServlet,Completed 200 OK
2026-07-23T00:08:15.950039+00:00,vets-service,vets-service-789bf77578-8z4zb,2026-07-23T00:07:48.257706+00:00,DEBUG,3a64c043fcee656d,3a64c043fcee656d,nio-8080-exec-2,o.s.web.servlet.DispatcherServlet,Completed 200 OK
2026-07-23T00:08:15.950039+00:00,vets-service,vets-service-789bf77578-8z4zb,2026-07-23T00:07:39.730820+00:00,DEBUG,d318a8f36623532a,9a88f67c0308c654,nio-8080-exec-5,o.s.web.servlet.DispatcherServlet,Completed 200 OK
2026-07-23T00:08:15.950039+00:00,vets-service,vets-service-789bf77578-8z4zb,2026-07-23T00:07:39.480488+00:00,DEBUG,d318a8f36623532a,e92fef80365cffbe,nio-8080-exec-5,o.s.web.servlet.DispatcherServlet,"GET ""/vets"", parameters={}"
2026-07-23T00:08:15.950039+00:00,vets-service,vets-service-789bf77578-8z4zb,2026-07-23T00:07:39.480463+00:00,DEBUG,cbcb7b8e657ae6bf,adccad1d63720e24,nio-8080-exec-3,o.s.web.servlet.DispatcherServlet,Completed 200 OK
2026-07-23T00:08:15.950039+00:00,vets-service,vets-service-789bf77578-8z4zb,2026-07-23T00:07:39.480459+00:00,DEBUG,cbcb7b8e657ae6bf,a5a71b63ab6e696e,nio-8080-exec-3,o.s.web.servlet.DispatcherServlet,"GET ""/vets"", parameters={}"
2026-07-23T00:08:15.950039+00:00,vets-service,vets-service-789bf77578-8z4zb,2026-07-23T00:07:39.229342+00:00,DEBUG,c0ae2ce1dc1f15bd,1174221f591cb097,nio-8080-exec-7,o.s.web.servlet.DispatcherServlet,Completed 200 OK
2026-07-23T00:08:15.950039+00:00,vets-service,vets-service-789bf77578-8z4zb,2026-07-23T00:07:39.229339+00:00,DEBUG,c0ae2ce1dc1f15bd,929ffa43152db085,nio-8080-exec-7,o.s.web.servlet.DispatcherServlet,"GET ""/vets"", parameters={}"
2026-07-23T00:08:15.950039+00:00,vets-service,vets-service-789bf77578-8z4zb,2026-07-23T00:07:38.476072+00:00,DEBUG,30161879b8fac55a,e8e39f638e841ef0,nio-8080-exec-8,o.s.web.servlet.DispatcherServlet,Completed 200 OK
2026-07-23T00:08:15.950039+00:00,vets-service,vets-service-789bf77578-8z4zb,2026-07-23T00:07:38.476068+00:00,DEBUG,30161879b8fac55a,e67a75af84f353a8,nio-8080-exec-8,o.s.web.servlet.DispatcherServlet,"GET ""/vets"", parameters={}"
2026-07-23T00:08:15.950039+00:00,vets-service,vets-service-789bf77578-8z4zb,2026-07-23T00:07:37.974445+00:00,DEBUG,355c686d62aa2a1d,355c686d62aa2a1d,nio-8080-exec-4,o.s.web.servlet.DispatcherServlet,Completed 200 OK
2026-07-23T00:08:15.950039+00:00,vets-service,vets-service-789bf77578-8z4zb,2026-07-23T00:07:37.472890+00:00,DEBUG,d290de737ccbe924,ee6371dafe0e4a80,nio-8080-exec-6,o.s.web.servlet.DispatcherServlet,Completed 200 OK
2026-07-23T00:08:15.950039+00:00,vets-service,vets-service-789bf77578-8z4zb,2026-07-23T00:07:37.472887+00:00,DEBUG,d290de737ccbe924,86e256d4ad8509b5,nio-8080-exec-6,o.s.web.servlet.DispatcherServlet,"GET ""/vets"", parameters={}"
2026-07-23T00:08:15.950039+00:00,vets-service,vets-service-789bf77578-8z4zb,2026-07-23T00:07:37.222451+00:00,DEBUG,114718f93cb31645,5202417d31ee750a,nio-8080-exec-1,o.s.web.servlet.DispatcherServlet,Completed 200 OK
2026-07-23T00:08:15.950039+00:00,vets-service,vets-service-789bf77578-8z4zb,2026-07-23T00:07:37.222447+00:00,DEBUG,114718f93cb31645,c359161492ca8c78,nio-8080-exec-1,o.s.web.servlet.DispatcherServlet,"GET ""/vets"", parameters={}"
2026-07-23T00:08:15.950039+00:00,vets-service,vets-service-789bf77578-8z4zb,2026-07-23T00:07:36.971603+00:00,DEBUG,457e316f6f3e65a4,d8a8556a4a812724,io-8080-exec-10,o.s.web.servlet.DispatcherServlet,Completed 200 OK
2026-07-23T00:08:15.950039+00:00,vets-service,vets-service-789bf77578-8z4zb,2026-07-23T00:07:36.720419+00:00,DEBUG,457e316f6f3e65a4,26d9b50c3d12c6e0,io-8080-exec-10,o.s.web.servlet.DispatcherServlet,"GET ""/vets"", parameters={}"
2026-07-23T00:08:15.950039+00:00,vets-service,vets-service-789bf77578-8z4zb,2026-07-23T00:07:36.469428+00:00,DEBUG,02c6bd2c6e67531b,62352c36151c0ee4,nio-8080-exec-9,o.s.web.servlet.DispatcherServlet,Completed 200 OK
2026-07-23T00:08:15.950039+00:00,vets-service,vets-service-789bf77578-8z4zb,2026-07-23T00:07:36.218122+00:00,DEBUG,02c6bd2c6e67531b,aba86b74c42cfb26,nio-8080-exec-9,o.s.web.servlet.DispatcherServlet,"GET ""/vets"", parameters={}"
2026-07-23T00:08:15.950039+00:00,vets-service,vets-service-789bf77578-8z4zb,2026-07-23T00:07:34.966165+00:00,DEBUG,7457a82dee85bcd8,7457a82dee85bcd8,nio-8080-exec-2,o.s.web.servlet.DispatcherServlet,Completed 200 OK
2026-07-23T00:08:15.950039+00:00,vets-service,vets-service-789bf77578-8z4zb,2026-07-23T00:07:33.962775+00:00,DEBUG,48b06caaaf153d89,a7f014a325b8c4bb,nio-8080-exec-5,o.s.web.servlet.DispatcherServlet,Completed 200 OK
2026-07-23T00:08:15.950039+00:00,vets-service,vets-service-789bf77578-8z4zb,2026-07-23T00:07:33.962771+00:00,DEBUG,48b06caaaf153d89,4b492fadd9f29915,nio-8080-exec-5,o.s.web.servlet.DispatcherServlet,"GET ""/vets"", parameters={}"
2026-07-23T00:08:15.950039+00:00,vets-service,vets-service-789bf77578-8z4zb,2026-07-23T00:07:33.460669+00:00,DEBUG,9a2204d0b195af35,ff9be94f1dc23d85,nio-8080-exec-3,o.s.web.servlet.DispatcherServlet,Completed 200 OK
2026-07-23T00:08:15.950039+00:00,vets-service,vets-service-789bf77578-8z4zb,2026-07-23T00:07:33.460626+00:00,DEBUG,9a2204d0b195af35,b65b2633b31dcece,nio-8080-exec-3,o.s.web.servlet.DispatcherServlet,"GET ""/vets"", parameters={}"
2026-07-23T00:08:15.950039+00:00,vets-service,vets-service-789bf77578-8z4zb,2026-07-23T00:07:33.460605+00:00,DEBUG,be80a644607e0242,be80a644607e0242,nio-8080-exec-7,o.s.web.servlet.DispatcherServlet,Completed 200 OK
2026-07-23T00:08:15.950039+00:00,vets-service,vets-service-789bf77578-8z4zb,2026-07-23T00:07:32.959512+00:00,DEBUG,fd427e5241e99eea,c86d23f9f5437442,nio-8080-exec-8,o.s.web.servlet.DispatcherServlet,Completed 200 OK
2026-07-23T00:08:15.950039+00:00,vets-service,vets-service-789bf77578-8z4zb,2026-07-23T00:07:32.959507+00:00,DEBUG,fd427e5241e99eea,e6f05b3cf797bc99,nio-8080-exec-8,o.s.web.servlet.DispatcherServlet,"GET ""/vets"", parameters={}"
2026-07-23T00:08:15.950039+00:00,vets-service,vets-service-789bf77578-8z4zb,2026-07-23T00:07:31.455038+00:00,DEBUG,0322811e68201700,091e2e8c8b6255b6,nio-8080-exec-4,o.s.web.servlet.DispatcherServlet,Completed 200 OK
2026-07-23T00:08:15.950039+00:00,vets-service,vets-service-789bf77578-8z4zb,2026-07-23T00:07:31.455035+00:00,DEBUG,0322811e68201700,805a0d7e21838cbf,nio-8080-exec-4,o.s.web.servlet.DispatcherServlet,"GET ""/vets"", parameters={}"
2026-07-23T00:08:15.950039+00:00,vets-service,vets-service-789bf77578-8z4zb,2026-07-23T00:07:31.204213+00:00,DEBUG,4179ced991eb5b39,ef54e3859c854a89,nio-8080-exec-6,o.s.web.servlet.DispatcherServlet,Completed 200 OK
2026-07-23T00:08:15.950039+00:00,vets-service,vets-service-789bf77578-8z4zb,2026-07-23T00:07:31.204210+00:00,DEBUG,4179ced991eb5b39,bd128cee2fe6ce2e,nio-8080-exec-6,o.s.web.servlet.DispatcherServlet,"GET ""/vets"", parameters={}"
2026-07-23T00:08:15.950039+00:00,vets-service,vets-service-789bf77578-8z4zb,2026-07-23T00:07:29.951537+00:00,DEBUG,4893d695f87fcba8,f3b9c839530aab84,nio-8080-exec-1,o.s.web.servlet.DispatcherServlet,Completed 200 OK
2026-07-23T00:08:15.950039+00:00,vets-service,vets-service-789bf77578-8z4zb,2026-07-23T00:07:29.951533+00:00,DEBUG,4893d695f87fcba8,1f2eb5f8b3860a00,nio-8080-exec-1,o.s.web.servlet.DispatcherServlet,"GET ""/vets"", parameters={}"
2026-07-23T00:08:15.950039+00:00,vets-service,vets-service-789bf77578-8z4zb,2026-07-23T00:07:29.700427+00:00,DEBUG,5579880175be31fa,f90f7a6b229458a8,io-8080-exec-10,o.s.web.servlet.DispatcherServlet,Completed 200 OK
2026-07-23T00:08:15.950039+00:00,vets-service,vets-service-789bf77578-8z4zb,2026-07-23T00:07:29.700422+00:00,DEBUG,5579880175be31fa,62244cda446d4248,io-8080-exec-10,o.s.web.servlet.DispatcherServlet,"GET ""/vets"", parameters={}"
2026-07-23T00:08:15.950039+00:00,vets-service,vets-service-789bf77578-8z4zb,2026-07-23T00:07:29.449237+00:00,DEBUG,9e3782ac30d0f74e,1a0902608e362660,nio-8080-exec-9,o.s.web.servlet.DispatcherServlet,Completed 200 OK
2026-07-23T00:08:15.950039+00:00,vets-service,vets-service-789bf77578-8z4zb,2026-07-23T00:07:29.449235+00:00,DEBUG,9e3782ac30d0f74e,57ee042f2024543a,nio-8080-exec-9,o.s.web.servlet.DispatcherServlet,"GET ""/vets"", parameters={}"
2026-07-23T00:08:15.950039+00:00,vets-service,vets-service-789bf77578-8z4zb,2026-07-23T00:07:29.198355+00:00,DEBUG,60705ac46a32c240,083298600c6a108a,nio-8080-exec-2,o.s.web.servlet.DispatcherServlet,Completed 200 OK
2026-07-23T00:08:15.950039+00:00,vets-service,vets-service-789bf77578-8z4zb,2026-07-23T00:07:29.198352+00:00,DEBUG,60705ac46a32c240,79f963d8b42eca1a,nio-8080-exec-2,o.s.web.servlet.DispatcherServlet,"GET ""/vets"", parameters={}"
2026-07-23T00:08:15.950039+00:00,vets-service,vets-service-789bf77578-8z4zb,2026-07-23T00:07:28.194577+00:00,DEBUG,7f6464de1cc41def,aa5017f4f5b60f38,nio-8080-exec-5,o.s.web.servlet.DispatcherServlet,Completed 200 OK
2026-07-23T00:08:15.950039+00:00,vets-service,vets-service-789bf77578-8z4zb,2026-07-23T00:07:28.194574+00:00,DEBUG,7f6464de1cc41def,4d4423fc3fcfcbdb,nio-8080-exec-5,o.s.web.servlet.DispatcherServlet,"GET ""/vets"", parameters={}"
2026-07-23T00:08:15.950039+00:00,vets-service,vets-service-789bf77578-8z4zb,2026-07-23T00:07:27.943566+00:00,DEBUG,085dd329f5a8f2a4,4f72f93d3bf211d0,nio-8080-exec-3,o.s.web.servlet.DispatcherServlet,Completed 200 OK
2026-07-23T00:08:15.950039+00:00,vets-service,vets-service-789bf77578-8z4zb,2026-07-23T00:07:27.693081+00:00,DEBUG,085dd329f5a8f2a4,bc5e1330263ed905,nio-8080-exec-3,o.s.web.servlet.DispatcherServlet,"GET ""/vets"", parameters={}"
2026-07-23T00:08:15.950039+00:00,vets-service,vets-service-789bf77578-8z4zb,2026-07-23T00:07:27.442145+00:00,DEBUG,788d977e35d7fd1c,9bdbc95c1f2fbba4,nio-8080-exec-7,o.s.web.servlet.DispatcherServlet,Completed 200 OK
2026-07-23T00:08:15.950039+00:00,vets-service,vets-service-789bf77578-8z4zb,2026-07-23T00:07:27.442142+00:00,DEBUG,788d977e35d7fd1c,9603035f3219463b,nio-8080-exec-7,o.s.web.servlet.DispatcherServlet,"GET ""/vets"", parameters={}"
2026-07-23T00:08:15.950039+00:00,vets-service,vets-service-789bf77578-8z4zb,2026-07-23T00:07:26.939942+00:00,DEBUG,6646fc784e74b1e9,763795887242e9d4,nio-8080-exec-8,o.s.web.servlet.DispatcherServlet,Completed 200 OK
2026-07-23T00:08:15.950039+00:00,vets-service,vets-service-789bf77578-8z4zb,2026-07-23T00:07:26.939941+00:00,DEBUG,6646fc784e74b1e9,ca52705dd0b56d96,nio-8080-exec-8,o.s.web.servlet.DispatcherServlet,"GET ""/vets"", parameters={}"
2026-07-23T00:08:15.950039+00:00,vets-service,vets-service-789bf77578-8z4zb,2026-07-23T00:07:26.689393+00:00,DEBUG,d29dcc0b08ec500c,9df8ea3a051fd8b0,nio-8080-exec-4,o.s.web.servlet.DispatcherServlet,Completed 200 OK
2026-07-23T00:08:15.950039+00:00,vets-service,vets-service-789bf77578-8z4zb,2026-07-23T00:07:26.689389+00:00,DEBUG,d29dcc0b08ec500c,ddc33e43e4d3d471,nio-8080-exec-4,o.s.web.servlet.DispatcherServlet,"GET ""/vets"", parameters={}"
2026-07-23T00:08:15.950039+00:00,vets-service,vets-service-789bf77578-8z4zb,2026-07-23T00:07:26.188771+00:00,DEBUG,d13ea360a4f6ba5e,625818416d47f6f6,nio-8080-exec-6,o.s.web.servlet.DispatcherServlet,Completed 200 OK
2026-07-23T00:08:15.950039+00:00,vets-service,vets-service-789bf77578-8z4zb,2026-07-23T00:07:26.188766+00:00,DEBUG,d13ea360a4f6ba5e,13387eaea3f2a260,nio-8080-exec-6,o.s.web.servlet.DispatcherServlet,"GET ""/vets"", parameters={}"
2026-07-23T00:08:15.950039+00:00,vets-service,vets-service-789bf77578-8z4zb,2026-07-23T00:07:25.687776+00:00,DEBUG,78dac35d730ad5d7,18983f73af13e5d1,nio-8080-exec-1,o.s.web.servlet.DispatcherServlet,Completed 200 OK
2026-07-23T00:08:15.950039+00:00,vets-service,vets-service-789bf77578-8z4zb,2026-07-23T00:07:25.437191+00:00,DEBUG,78dac35d730ad5d7,ff0ca14eadc77cc5,nio-8080-exec-1,o.s.web.servlet.DispatcherServlet,"GET ""/vets"", parameters={}"
2026-07-23T00:08:15.950039+00:00,vets-service,vets-service-789bf77578-8z4zb,2026-07-23T00:07:23.431613+00:00,DEBUG,ce861f9a0f14974f,c5e0ec99201e74c0,io-8080-exec-10,o.s.web.servlet.DispatcherServlet,Completed 200 OK
2026-07-23T00:08:15.950039+00:00,vets-service,vets-service-789bf77578-8z4zb,2026-07-23T00:07:23.180706+00:00,DEBUG,ce861f9a0f14974f,dc72246ab08d16de,io-8080-exec-10,o.s.web.servlet.DispatcherServlet,"GET ""/vets"", parameters={}"
2026-07-23T00:08:15.950039+00:00,vets-service,vets-service-789bf77578-8z4zb,2026-07-23T00:07:22.929390+00:00,DEBUG,b4110aee256ca027,d6f5751f86d70a27,nio-8080-exec-9,o.s.web.servlet.DispatcherServlet,Completed 200 OK
2026-07-23T00:08:15.950039+00:00,vets-service,vets-service-789bf77578-8z4zb,2026-07-23T00:07:22.929386+00:00,DEBUG,b4110aee256ca027,334d095e5db68d4e,nio-8080-exec-9,o.s.web.servlet.DispatcherServlet,"GET ""/vets"", parameters={}"
2026-07-23T00:08:15.950039+00:00,vets-service,vets-service-789bf77578-8z4zb,2026-07-23T00:07:22.678722+00:00,DEBUG,a45817864d78ab3f,be4fa90a96dbc7b7,nio-8080-exec-2,o.s.web.servlet.DispatcherServlet,Completed 200 OK
2026-07-23T00:08:15.950039+00:00,vets-service,vets-service-789bf77578-8z4zb,2026-07-23T00:07:22.678717+00:00,DEBUG,a45817864d78ab3f,ea809a67b753f9cc,nio-8080-exec-2,o.s.web.servlet.DispatcherServlet,"GET ""/vets"", parameters={}"
2026-07-23T00:08:15.950039+00:00,vets-service,vets-service-789bf77578-8z4zb,2026-07-23T00:07:22.427946+00:00,DEBUG,5e09c218503311ca,b2d56c2735ed2fea,nio-8080-exec-5,o.s.web.servlet.DispatcherServlet,Completed 200 OK
2026-07-23T00:08:15.950039+00:00,vets-service,vets-service-789bf77578-8z4zb,2026-07-23T00:07:22.427891+00:00,DEBUG,56b2c6fad3ad249d,56b2c6fad3ad249d,nio-8080-exec-3,o.s.web.servlet.DispatcherServlet,Completed 200 OK
2026-07-23T00:08:15.950039+00:00,vets-service,vets-service-789bf77578-8z4zb,2026-07-23T00:07:22.427876+00:00,DEBUG,5e09c218503311ca,3e4091fb8e292c12,nio-8080-exec-5,o.s.web.servlet.DispatcherServlet,"GET ""/vets"", parameters={}"
2026-07-23T00:08:15.950039+00:00,vets-service,vets-service-789bf77578-8z4zb,2026-07-23T00:07:21.926373+00:00,DEBUG,3f4777ceacbdcaa0,474f37891b5f6c90,nio-8080-exec-7,o.s.web.servlet.DispatcherServlet,Completed 200 OK
2026-07-23T00:08:15.950039+00:00,vets-service,vets-service-789bf77578-8z4zb,2026-07-23T00:07:21.926369+00:00,DEBUG,3f4777ceacbdcaa0,83ab89593b938a15,nio-8080-exec-7,o.s.web.servlet.DispatcherServlet,"GET ""/vets"", parameters={}"
2026-07-23T00:08:15.950039+00:00,vets-service,vets-service-789bf77578-8z4zb,2026-07-23T00:07:21.174621+00:00,DEBUG,6729a2e73b3206c1,8ab4db280e68a4d5,nio-8080-exec-8,o.s.web.servlet.DispatcherServlet,Completed 200 OK
2026-07-23T00:08:15.950039+00:00,vets-service,vets-service-789bf77578-8z4zb,2026-07-23T00:07:21.174617+00:00,DEBUG,6729a2e73b3206c1,9cee73b7fd0eca8a,nio-8080-exec-8,o.s.web.servlet.DispatcherServlet,"GET ""/vets"", parameters={}"
2026-07-23T00:08:15.950039+00:00,vets-service,vets-service-789bf77578-8z4zb,2026-07-23T00:07:18.418353+00:00,DEBUG,02387856eafbfd78,02387856eafbfd78,nio-8080-exec-4,o.s.web.servlet.DispatcherServlet,Completed 200 OK
2026-07-23T00:08:15.950039+00:00,vets-service,vets-service-789bf77578-8z4zb,2026-07-23T00:07:17.164086+00:00,DEBUG,5ea82a2aa465540c,44ebab0f7456c21a,nio-8080-exec-6,o.s.web.servlet.DispatcherServlet,Completed 200 OK
2026-07-23T00:08:15.950039+00:00,vets-service,vets-service-789bf77578-8z4zb,2026-07-23T00:07:16.913835+00:00,DEBUG,5ea82a2aa465540c,c850acf3d2f9d689,nio-8080-exec-6,o.s.web.servlet.DispatcherServlet,"GET ""/vets"", parameters={}"
2026-07-23T00:08:15.950039+00:00,vets-service,vets-service-789bf77578-8z4zb,2026-07-23T00:07:16.412539+00:00,DEBUG,695a1cb5f9995831,553cb8be017a5669,nio-8080-exec-1,o.s.web.servlet.DispatcherServlet,Completed 200 OK
2026-07-23T00:08:15.950039+00:00,vets-service,vets-service-789bf77578-8z4zb,2026-07-23T00:07:16.412535+00:00,DEBUG,695a1cb5f9995831,04c3227186b8d421,nio-8080-exec-1,o.s.web.servlet.DispatcherServlet,"GET ""/vets"", parameters={}"
2026-07-23T00:08:15.950039+00:00,vets-service,vets-service-789bf77578-8z4zb,2026-07-23T00:07:15.910525+00:00,DEBUG,0f1fcf68fa760836,f77b7bfc5c9940ac,io-8080-exec-10,o.s.web.servlet.DispatcherServlet,Completed 200 OK
2026-07-23T00:08:15.950039+00:00,vets-service,vets-service-789bf77578-8z4zb,2026-07-23T00:07:15.910521+00:00,DEBUG,0f1fcf68fa760836,8787ed8d557a7b35,io-8080-exec-10,o.s.web.servlet.DispatcherServlet,"GET ""/vets"", parameters={}"
2026-07-23T00:08:15.950039+00:00,vets-service,vets-service-789bf77578-8z4zb,2026-07-23T00:07:15.659421+00:00,DEBUG,d5a5c1cd6dbcddbd,c3e7addd5674eefd,nio-8080-exec-9,o.s.web.servlet.DispatcherServlet,Completed 200 OK
2026-07-23T00:08:15.950039+00:00,vets-service,vets-service-789bf77578-8z4zb,2026-07-23T00:07:15.407912+00:00,DEBUG,d5a5c1cd6dbcddbd,d66c6d89ad036190,nio-8080-exec-9,o.s.web.servlet.DispatcherServlet,"GET ""/vets"", parameters={}"
2026-07-23T00:08:15.950039+00:00,vets-service,vets-service-789bf77578-8z4zb,2026-07-23T00:07:15.156638+00:00,DEBUG,ea2e565df39737a2,ea2e565df39737a2,nio-8080-exec-2,o.s.web.servlet.DispatcherServlet,Completed 200 OK
2026-07-23T00:08:15.950039+00:00,vets-service,vets-service-789bf77578-8z4zb,2026-07-23T00:07:14.404090+00:00,DEBUG,ee91ff3a4ad38108,3a51d08b7ec82bae,nio-8080-exec-3,o.s.web.servlet.DispatcherServlet,Completed 200 OK
2026-07-23T00:08:15.950039+00:00,vets-service,vets-service-789bf77578-8z4zb,2026-07-23T00:07:14.404086+00:00,DEBUG,ee91ff3a4ad38108,7594c14d0f13af46,nio-8080-exec-3,o.s.web.servlet.DispatcherServlet,"GET ""/vets"", parameters={}"
2026-07-23T00:08:15.950039+00:00,vets-service,vets-service-789bf77578-8z4zb,2026-07-23T00:07:13.903815+00:00,DEBUG,e6aed05ef6af7b58,b2dd5dead8a5e684,nio-8080-exec-5,o.s.web.servlet.DispatcherServlet,Completed 200 OK
2026-07-23T00:08:15.950039+00:00,vets-service,vets-service-789bf77578-8z4zb,2026-07-23T00:07:13.652760+00:00,DEBUG,e6aed05ef6af7b58,2a06724d7581a606,nio-8080-exec-5,o.s.web.servlet.DispatcherServlet,"GET ""/vets"", parameters={}"
2026-07-23T00:08:15.950039+00:00,vets-service,vets-service-789bf77578-8z4zb,2026-07-23T00:07:13.151470+00:00,DEBUG,65ff94b1f688c9c3,3dfcbab95a7b882a,nio-8080-exec-7,o.s.web.servlet.DispatcherServlet,Completed 200 OK
2026-07-23T00:08:15.950039+00:00,vets-service,vets-service-789bf77578-8z4zb,2026-07-23T00:07:13.151466+00:00,DEBUG,65ff94b1f688c9c3,76010671f62b55f1,nio-8080-exec-7,o.s.web.servlet.DispatcherServlet,"GET ""/vets"", parameters={}"
2026-07-23T00:08:15.950039+00:00,vets-service,vets-service-789bf77578-8z4zb,2026-07-23T00:07:12.649329+00:00,DEBUG,da6cb79dea3569cc,34982c6ad3e39eb6,nio-8080-exec-8,o.s.web.servlet.DispatcherServlet,Completed 200 OK
2026-07-23T00:08:15.950039+00:00,vets-service,vets-service-789bf77578-8z4zb,2026-07-23T00:07:12.649326+00:00,DEBUG,da6cb79dea3569cc,24e7b40f91d92639,nio-8080-exec-8,o.s.web.servlet.DispatcherServlet,"GET ""/vets"", parameters={}"
2026-07-23T00:08:15.950039+00:00,vets-service,vets-service-789bf77578-8z4zb,2026-07-23T00:07:11.647455+00:00,DEBUG,6b3b401aeccec8cb,179718b9b957546a,nio-8080-exec-4,o.s.web.servlet.DispatcherServlet,Completed 200 OK
2026-07-23T00:08:15.950039+00:00,vets-service,vets-service-789bf77578-8z4zb,2026-07-23T00:07:11.396600+00:00,DEBUG,6b3b401aeccec8cb,34d110e23b82129e,nio-8080-exec-4,o.s.web.servlet.DispatcherServlet,"GET ""/vets"", parameters={}"
2026-07-23T00:08:15.950039+00:00,vets-service,vets-service-789bf77578-fzs4g,2026-07-23T00:08:14.335408+00:00,DEBUG,3c43f6102835240a,3c43f6102835240a,io-8080-exec-10,o.s.web.servlet.DispatcherServlet,Completed 200 OK
2026-07-23T00:08:15.950039+00:00,vets-service,vets-service-789bf77578-fzs4g,2026-07-23T00:08:14.335384+00:00,DEBUG,58713e11e90b1a12,072b3fb779791382,nio-8080-exec-2,o.s.web.servlet.DispatcherServlet,Completed 200 OK
2026-07-23T00:08:15.950039+00:00,vets-service,vets-service-789bf77578-fzs4g,2026-07-23T00:08:14.335370+00:00,DEBUG,58713e11e90b1a12,e5f13e3688b7fa48,nio-8080-exec-2,o.s.web.servlet.DispatcherServlet,"GET ""/vets"", parameters={}"
2026-07-23T00:08:15.950039+00:00,vets-service,vets-service-789bf77578-fzs4g,2026-07-23T00:08:14.085316+00:00,DEBUG,eaec88fa3f5102ee,75b17beabdd6ae11,nio-8080-exec-6,o.s.web.servlet.DispatcherServlet,Completed 200 OK
2026-07-23T00:08:15.950039+00:00,vets-service,vets-service-789bf77578-fzs4g,2026-07-23T00:08:14.085312+00:00,DEBUG,eaec88fa3f5102ee,dab99db696492e78,nio-8080-exec-6,o.s.web.servlet.DispatcherServlet,"GET ""/vets"", parameters={}"
2026-07-23T00:08:15.950039+00:00,vets-service,vets-service-789bf77578-fzs4g,2026-07-23T00:08:13.333354+00:00,DEBUG,7c7dad91322f682b,8d7a21e0ad7266bf,nio-8080-exec-3,o.s.web.servlet.DispatcherServlet,Completed 200 OK
2026-07-23T00:08:15.950039+00:00,vets-service,vets-service-789bf77578-fzs4g,2026-07-23T00:08:13.333304+00:00,DEBUG,7c7dad91322f682b,04a1312203b9b9c5,nio-8080-exec-3,o.s.web.servlet.DispatcherServlet,"GET ""/vets"", parameters={}"
2026-07-23T00:08:15.950039+00:00,vets-service,vets-service-789bf77578-fzs4g,2026-07-23T00:08:10.575520+00:00,DEBUG,b67af1fd26c607f8,63593fe693b8a40a,nio-8080-exec-5,o.s.web.servlet.DispatcherServlet,Completed 200 OK
2026-07-23T00:08:15.950039+00:00,vets-service,vets-service-789bf77578-fzs4g,2026-07-23T00:08:10.575516+00:00,DEBUG,b67af1fd26c607f8,7e29d7345c603fec,nio-8080-exec-5,o.s.web.servlet.DispatcherServlet,"GET ""/vets"", parameters={}"
2026-07-23T00:08:15.950039+00:00,vets-service,vets-service-789bf77578-fzs4g,2026-07-23T00:08:10.324694+00:00,DEBUG,649b589a03126161,3803f0b9d0e744d2,nio-8080-exec-1,o.s.web.servlet.DispatcherServlet,Completed 200 OK
2026-07-23T00:08:15.950039+00:00,vets-service,vets-service-789bf77578-fzs4g,2026-07-23T00:08:10.324692+00:00,DEBUG,649b589a03126161,d799d1ba23289e30,nio-8080-exec-1,o.s.web.servlet.DispatcherServlet,"GET ""/vets"", parameters={}"
2026-07-23T00:08:15.950039+00:00,vets-service,vets-service-789bf77578-fzs4g,2026-07-23T00:08:10.073360+00:00,DEBUG,2194e9f1b75603a7,d6896b8eba1d47df,nio-8080-exec-9,o.s.web.servlet.DispatcherServlet,Completed 200 OK
2026-07-23T00:08:15.950039+00:00,vets-service,vets-service-789bf77578-fzs4g,2026-07-23T00:08:09.822291+00:00,DEBUG,2194e9f1b75603a7,3d8ca414f1fb0209,nio-8080-exec-9,o.s.web.servlet.DispatcherServlet,"GET ""/vets"", parameters={}"
2026-07-23T00:08:15.950039+00:00,vets-service,vets-service-789bf77578-fzs4g,2026-07-23T00:08:09.571174+00:00,DEBUG,b157fd8a135630cc,9bf716d1d71db3e0,nio-8080-exec-7,o.s.web.servlet.DispatcherServlet,Completed 200 OK
2026-07-23T00:08:15.950039+00:00,vets-service,vets-service-789bf77578-fzs4g,2026-07-23T00:08:09.320735+00:00,DEBUG,b157fd8a135630cc,6309bf145490f8d3,nio-8080-exec-7,o.s.web.servlet.DispatcherServlet,"GET ""/vets"", parameters={}"
2026-07-23T00:08:15.950039+00:00,vets-service,vets-service-789bf77578-fzs4g,2026-07-23T00:08:09.070626+00:00,DEBUG,90e155a60b9ba22a,1dce7ec953435475,nio-8080-exec-8,o.s.web.servlet.DispatcherServlet,Completed 200 OK
2026-07-23T00:08:15.950039+00:00,vets-service,vets-service-789bf77578-fzs4g,2026-07-23T00:08:09.070623+00:00,DEBUG,90e155a60b9ba22a,7aa9b6c026132819,nio-8080-exec-8,o.s.web.servlet.DispatcherServlet,"GET ""/vets"", parameters={}"
2026-07-23T00:08:15.950039+00:00,vets-service,vets-service-789bf77578-fzs4g,2026-07-23T00:08:08.318336+00:00,DEBUG,2ff62638e9815252,fd61ddc0fc45b1ed,nio-8080-exec-4,o.s.web.servlet.DispatcherServlet,Completed 200 OK
2026-07-23T00:08:15.950039+00:00,vets-service,vets-service-789bf77578-fzs4g,2026-07-23T00:08:08.318330+00:00,DEBUG,2ff62638e9815252,9b3f942188b2191a,nio-8080-exec-4,o.s.web.servlet.DispatcherServlet,"GET ""/vets"", parameters={}"
2026-07-23T00:08:15.950039+00:00,vets-service,vets-service-789bf77578-fzs4g,2026-07-23T00:08:08.067273+00:00,DEBUG,44945d2a34e84fa2,762a3164dfa697e4,io-8080-exec-10,o.s.web.servlet.DispatcherServlet,Completed 200 OK
2026-07-23T00:08:15.950039+00:00,vets-service,vets-service-789bf77578-fzs4g,2026-07-23T00:08:08.067271+00:00,DEBUG,44945d2a34e84fa2,ca639c957c623c02,io-8080-exec-10,o.s.web.servlet.DispatcherServlet,"GET ""/vets"", parameters={}"
2026-07-23T00:08:15.950039+00:00,vets-service,vets-service-789bf77578-fzs4g,2026-07-23T00:08:07.816298+00:00,DEBUG,3eed9e3d225a7e1f,9b6dcbc44ba804d4,nio-8080-exec-2,o.s.web.servlet.DispatcherServlet,Completed 200 OK
2026-07-23T00:08:15.950039+00:00,vets-service,vets-service-789bf77578-fzs4g,2026-07-23T00:08:07.816273+00:00,DEBUG,3eed9e3d225a7e1f,77cdc61c5653be35,nio-8080-exec-2,o.s.web.servlet.DispatcherServlet,"GET ""/vets"", parameters={}"
2026-07-23T00:08:15.950039+00:00,vets-service,vets-service-789bf77578-fzs4g,2026-07-23T00:08:07.816269+00:00,DEBUG,574eaf986192005f,7ad96284a1cf05ed,nio-8080-exec-6,o.s.web.servlet.DispatcherServlet,Completed 200 OK
2026-07-23T00:08:15.950039+00:00,vets-service,vets-service-789bf77578-fzs4g,2026-07-23T00:08:07.566186+00:00,DEBUG,574eaf986192005f,b60ed0fa0d0f3d69,nio-8080-exec-6,o.s.web.servlet.DispatcherServlet,"GET ""/vets"", parameters={}"
2026-07-23T00:08:15.950039+00:00,vets-service,vets-service-789bf77578-fzs4g,2026-07-23T00:08:07.566169+00:00,DEBUG,4d39755dce06bf3b,4d39755dce06bf3b,nio-8080-exec-3,o.s.web.servlet.DispatcherServlet,Completed 200 OK
2026-07-23T00:08:15.950039+00:00,vets-service,vets-service-789bf77578-fzs4g,2026-07-23T00:08:07.566115+00:00,DEBUG,10f9f371c55d9d8b,0e163926806ac642,nio-8080-exec-5,o.s.web.servlet.DispatcherServlet,Completed 200 OK
2026-07-23T00:08:15.950039+00:00,vets-service,vets-service-789bf77578-fzs4g,2026-07-23T00:08:07.566113+00:00,DEBUG,10f9f371c55d9d8b,e4b7c2379ae98cd9,nio-8080-exec-5,o.s.web.servlet.DispatcherServlet,"GET ""/vets"", parameters={}"
2026-07-23T00:08:15.950039+00:00,vets-service,vets-service-789bf77578-fzs4g,2026-07-23T00:08:07.315212+00:00,DEBUG,5d4d494e6bb96f90,702913b281b70950,nio-8080-exec-1,o.s.web.servlet.DispatcherServlet,Completed 200 OK
2026-07-23T00:08:15.950039+00:00,vets-service,vets-service-789bf77578-fzs4g,2026-07-23T00:08:07.315183+00:00,DEBUG,5d4d494e6bb96f90,94deb7fa30dd35e4,nio-8080-exec-1,o.s.web.servlet.DispatcherServlet,"GET ""/vets"", parameters={}"
2026-07-23T00:08:15.950039+00:00,vets-service,vets-service-789bf77578-fzs4g,2026-07-23T00:08:07.315180+00:00,DEBUG,c21ab75cefb40dc7,157f26408238396e,nio-8080-exec-9,o.s.web.servlet.DispatcherServlet,Completed 200 OK
2026-07-23T00:08:15.950039+00:00,vets-service,vets-service-789bf77578-fzs4g,2026-07-23T00:08:07.064964+00:00,DEBUG,c21ab75cefb40dc7,d967f1bc633b04d3,nio-8080-exec-9,o.s.web.servlet.DispatcherServlet,"GET ""/vets"", parameters={}"
2026-07-23T00:08:15.950039+00:00,vets-service,vets-service-789bf77578-fzs4g,2026-07-23T00:08:06.814216+00:00,DEBUG,5019105b651869b8,745997c44681d52c,nio-8080-exec-7,o.s.web.servlet.DispatcherServlet,Completed 200 OK
2026-07-23T00:08:15.950039+00:00,vets-service,vets-service-789bf77578-fzs4g,2026-07-23T00:08:06.814213+00:00,DEBUG,5019105b651869b8,ed5e7bf1b10149c9,nio-8080-exec-7,o.s.web.servlet.DispatcherServlet,"GET ""/vets"", parameters={}"
2026-07-23T00:08:15.950039+00:00,vets-service,vets-service-789bf77578-fzs4g,2026-07-23T00:08:05.058429+00:00,DEBUG,6b391b93a0eb176e,2ae98398278afcbd,nio-8080-exec-8,o.s.web.servlet.DispatcherServlet,Completed 200 OK
2026-07-23T00:08:15.950039+00:00,vets-service,vets-service-789bf77578-fzs4g,2026-07-23T00:08:04.807382+00:00,DEBUG,6b391b93a0eb176e,5a3918cab113cabc,nio-8080-exec-8,o.s.web.servlet.DispatcherServlet,"GET ""/vets"", parameters={}"
2026-07-23T00:08:15.950039+00:00,vets-service,vets-service-789bf77578-fzs4g,2026-07-23T00:08:04.556022+00:00,DEBUG,8550171ce8f4531a,857b064a805623f3,nio-8080-exec-4,o.s.web.servlet.DispatcherServlet,Completed 200 OK
2026-07-23T00:08:15.950039+00:00,vets-service,vets-service-789bf77578-fzs4g,2026-07-23T00:08:04.556020+00:00,DEBUG,8550171ce8f4531a,aad65049bc18d6c3,nio-8080-exec-4,o.s.web.servlet.DispatcherServlet,"GET ""/vets"", parameters={}"
2026-07-23T00:08:15.950039+00:00,vets-service,vets-service-789bf77578-fzs4g,2026-07-23T00:08:04.054399+00:00,DEBUG,a104c3c028b080ab,8b9fe95dde3ccff8,io-8080-exec-10,o.s.web.servlet.DispatcherServlet,Completed 200 OK
2026-07-23T00:08:15.950039+00:00,vets-service,vets-service-789bf77578-fzs4g,2026-07-23T00:08:03.804104+00:00,DEBUG,a104c3c028b080ab,61457bd77174dbe4,io-8080-exec-10,o.s.web.servlet.DispatcherServlet,"GET ""/vets"", parameters={}"
2026-07-23T00:08:15.950039+00:00,vets-service,vets-service-789bf77578-fzs4g,2026-07-23T00:08:03.302130+00:00,DEBUG,58351d38dfbc14d7,f2a4e754d16e05dd,nio-8080-exec-2,o.s.web.servlet.DispatcherServlet,Completed 200 OK
2026-07-23T00:08:15.950039+00:00,vets-service,vets-service-789bf77578-fzs4g,2026-07-23T00:08:03.302125+00:00,DEBUG,58351d38dfbc14d7,7604e3f17c1ed60d,nio-8080-exec-2,o.s.web.servlet.DispatcherServlet,"GET ""/vets"", parameters={}"
2026-07-23T00:08:15.950039+00:00,vets-service,vets-service-789bf77578-fzs4g,2026-07-23T00:08:03.051014+00:00,DEBUG,a8e4a04f2b9486f1,c82f1bf1aed66dc9,nio-8080-exec-6,o.s.web.servlet.DispatcherServlet,Completed 200 OK
2026-07-23T00:08:15.950039+00:00,vets-service,vets-service-789bf77578-fzs4g,2026-07-23T00:08:03.051010+00:00,DEBUG,a8e4a04f2b9486f1,f72c521bfa759af1,nio-8080-exec-6,o.s.web.servlet.DispatcherServlet,"GET ""/vets"", parameters={}"
2026-07-23T00:08:15.950039+00:00,vets-service,vets-service-789bf77578-fzs4g,2026-07-23T00:08:02.549652+00:00,DEBUG,6375f6db756d23fb,6375f6db756d23fb,nio-8080-exec-3,o.s.web.servlet.DispatcherServlet,Completed 200 OK
2026-07-23T00:08:15.950039+00:00,vets-service,vets-service-789bf77578-fzs4g,2026-07-23T00:08:02.048157+00:00,DEBUG,0ead83a625f310e8,13886ba11ec4d17d,nio-8080-exec-5,o.s.web.servlet.DispatcherServlet,Completed 200 OK
2026-07-23T00:08:15.950039+00:00,vets-service,vets-service-789bf77578-fzs4g,2026-07-23T00:08:02.048154+00:00,DEBUG,0ead83a625f310e8,179222a87d181164,nio-8080-exec-5,o.s.web.servlet.DispatcherServlet,"GET ""/vets"", parameters={}"
2026-07-23T00:08:15.950039+00:00,vets-service,vets-service-789bf77578-fzs4g,2026-07-23T00:08:01.045237+00:00,DEBUG,9bad11042e7695b3,c990b3944061300e,nio-8080-exec-1,o.s.web.servlet.DispatcherServlet,Completed 200 OK
2026-07-23T00:08:15.950039+00:00,vets-service,vets-service-789bf77578-fzs4g,2026-07-23T00:08:01.045233+00:00,DEBUG,9bad11042e7695b3,db5a1c2d3b2b56d5,nio-8080-exec-1,o.s.web.servlet.DispatcherServlet,"GET ""/vets"", parameters={}"
2026-07-23T00:08:15.950039+00:00,vets-service,vets-service-789bf77578-fzs4g,2026-07-23T00:08:00.543618+00:00,DEBUG,1a4b3b38b498b211,cf7f942b60571b33,nio-8080-exec-9,o.s.web.servlet.DispatcherServlet,Completed 200 OK
2026-07-23T00:08:15.950039+00:00,vets-service,vets-service-789bf77578-fzs4g,2026-07-23T00:08:00.543611+00:00,DEBUG,1a4b3b38b498b211,4e520f1f2d781dba,nio-8080-exec-9,o.s.web.servlet.DispatcherServlet,"GET ""/vets"", parameters={}"
2026-07-23T00:08:15.950039+00:00,vets-service,vets-service-789bf77578-fzs4g,2026-07-23T00:08:00.040816+00:00,DEBUG,060a0bfbcc9df79d,bcb106126312d2a6,nio-8080-exec-7,o.s.web.servlet.DispatcherServlet,Completed 200 OK
2026-07-23T00:08:15.950039+00:00,vets-service,vets-service-789bf77578-fzs4g,2026-07-23T00:07:59.790721+00:00,DEBUG,060a0bfbcc9df79d,0b3dca9379307a0d,nio-8080-exec-7,o.s.web.servlet.DispatcherServlet,"GET ""/vets"", parameters={}"
2026-07-23T00:08:15.950039+00:00,vets-service,vets-service-789bf77578-fzs4g,2026-07-23T00:07:59.288335+00:00,DEBUG,47454f53a6120556,47454f53a6120556,nio-8080-exec-8,o.s.web.servlet.DispatcherServlet,Completed 200 OK
2026-07-23T00:08:15.950039+00:00,vets-service,vets-service-789bf77578-fzs4g,2026-07-23T00:07:58.285635+00:00,DEBUG,e0e52a4ac907c853,e95ac847334b9a56,nio-8080-exec-4,o.s.web.servlet.DispatcherServlet,Completed 200 OK
2026-07-23T00:08:15.950039+00:00,vets-service,vets-service-789bf77578-fzs4g,2026-07-23T00:07:58.285632+00:00,DEBUG,e0e52a4ac907c853,04cf8157a2f92756,nio-8080-exec-4,o.s.web.servlet.DispatcherServlet,"GET ""/vets"", parameters={}"
2026-07-23T00:08:15.950039+00:00,vets-service,vets-service-789bf77578-fzs4g,2026-07-23T00:07:57.533434+00:00,DEBUG,b2eaefc5688e213b,dbf143616e930f17,io-8080-exec-10,o.s.web.servlet.DispatcherServlet,Completed 200 OK
2026-07-23T00:08:15.950039+00:00,vets-service,vets-service-789bf77578-fzs4g,2026-07-23T00:07:57.282170+00:00,DEBUG,b2eaefc5688e213b,65ce76a7de467464,io-8080-exec-10,o.s.web.servlet.DispatcherServlet,"GET ""/vets"", parameters={}"
2026-07-23T00:08:15.950039+00:00,vets-service,vets-service-789bf77578-fzs4g,2026-07-23T00:07:56.780429+00:00,DEBUG,3547df1525143da6,d76a8992da875dd9,nio-8080-exec-2,o.s.web.servlet.DispatcherServlet,Completed 200 OK
2026-07-23T00:08:15.950039+00:00,vets-service,vets-service-789bf77578-fzs4g,2026-07-23T00:07:56.780374+00:00,DEBUG,3547df1525143da6,396e44dc6bbbfe03,nio-8080-exec-2,o.s.web.servlet.DispatcherServlet,"GET ""/vets"", parameters={}"
2026-07-23T00:08:15.950039+00:00,vets-service,vets-service-789bf77578-fzs4g,2026-07-23T00:07:55.527954+00:00,DEBUG,624da383d46572e7,60eda01291e1be91,nio-8080-exec-6,o.s.web.servlet.DispatcherServlet,Completed 200 OK
2026-07-23T00:08:15.950039+00:00,vets-service,vets-service-789bf77578-fzs4g,2026-07-23T00:07:55.527950+00:00,DEBUG,624da383d46572e7,286dcfcb46e2ca5f,nio-8080-exec-6,o.s.web.servlet.DispatcherServlet,"GET ""/vets"", parameters={}"
2026-07-23T00:08:15.950039+00:00,vets-service,vets-service-789bf77578-fzs4g,2026-07-23T00:07:54.525179+00:00,DEBUG,0a987c38e5350760,ca4ec601da10a809,nio-8080-exec-3,o.s.web.servlet.DispatcherServlet,Completed 200 OK
2026-07-23T00:08:15.950039+00:00,vets-service,vets-service-789bf77578-fzs4g,2026-07-23T00:07:54.525153+00:00,DEBUG,0a987c38e5350760,da33696bd2d2e426,nio-8080-exec-3,o.s.web.servlet.DispatcherServlet,"GET ""/vets"", parameters={}"
2026-07-23T00:08:15.950039+00:00,vets-service,vets-service-789bf77578-fzs4g,2026-07-23T00:07:54.525148+00:00,DEBUG,d2628055aeb109cd,152c9334d0870213,nio-8080-exec-5,o.s.web.servlet.DispatcherServlet,Completed 200 OK
2026-07-23T00:08:15.950039+00:00,vets-service,vets-service-789bf77578-fzs4g,2026-07-23T00:07:54.273984+00:00,DEBUG,d2628055aeb109cd,ce60d8796f5cde93,nio-8080-exec-5,o.s.web.servlet.DispatcherServlet,"GET ""/vets"", parameters={}"
2026-07-23T00:08:15.950039+00:00,vets-service,vets-service-789bf77578-fzs4g,2026-07-23T00:07:54.273962+00:00,DEBUG,d0d454250b0d83ed,4578624c9fc33cc0,nio-8080-exec-1,o.s.web.servlet.DispatcherServlet,Completed 200 OK
2026-07-23T00:08:15.950039+00:00,vets-service,vets-service-789bf77578-fzs4g,2026-07-23T00:07:54.273958+00:00,DEBUG,d0d454250b0d83ed,30777a1f500185be,nio-8080-exec-1,o.s.web.servlet.DispatcherServlet,"GET ""/vets"", parameters={}"
2026-07-23T00:08:15.950039+00:00,vets-service,vets-service-789bf77578-fzs4g,2026-07-23T00:07:53.271664+00:00,DEBUG,732d409e7d92e390,9dd0cedb71cbd136,nio-8080-exec-9,o.s.web.servlet.DispatcherServlet,Completed 200 OK
2026-07-23T00:08:15.950039+00:00,vets-service,vets-service-789bf77578-fzs4g,2026-07-23T00:07:53.271661+00:00,DEBUG,732d409e7d92e390,ec8dcfea549d491a,nio-8080-exec-9,o.s.web.servlet.DispatcherServlet,"GET ""/vets"", parameters={}"
2026-07-23T00:08:15.950039+00:00,vets-service,vets-service-789bf77578-fzs4g,2026-07-23T00:07:52.269013+00:00,DEBUG,63cf0db322080816,31d43ba090e83049,nio-8080-exec-7,o.s.web.servlet.DispatcherServlet,Completed 200 OK
2026-07-23T00:08:15.950039+00:00,vets-service,vets-service-789bf77578-fzs4g,2026-07-23T00:07:52.018539+00:00,DEBUG,63cf0db322080816,6041311470f4ed83,nio-8080-exec-7,o.s.web.servlet.DispatcherServlet,"GET ""/vets"", parameters={}"
2026-07-23T00:08:15.950039+00:00,vets-service,vets-service-789bf77578-fzs4g,2026-07-23T00:07:52.018507+00:00,DEBUG,129765f3d23138a2,129765f3d23138a2,nio-8080-exec-8,o.s.web.servlet.DispatcherServlet,Completed 200 OK
2026-07-23T00:08:15.950039+00:00,vets-service,vets-service-789bf77578-fzs4g,2026-07-23T00:07:51.767647+00:00,DEBUG,8238e3f6487562b1,1ed8c2270ff06ada,nio-8080-exec-4,o.s.web.servlet.DispatcherServlet,Completed 200 OK
2026-07-23T00:08:15.950039+00:00,vets-service,vets-service-789bf77578-fzs4g,2026-07-23T00:07:51.767622+00:00,DEBUG,8238e3f6487562b1,3f7d3858cf3805d5,nio-8080-exec-4,o.s.web.servlet.DispatcherServlet,"GET ""/vets"", parameters={}"
2026-07-23T00:08:15.950039+00:00,vets-service,vets-service-789bf77578-fzs4g,2026-07-23T00:07:51.767618+00:00,DEBUG,9539c183b8b761e0,fb08090cd3e8a43f,io-8080-exec-10,o.s.web.servlet.DispatcherServlet,Completed 200 OK
2026-07-23T00:08:15.950039+00:00,vets-service,vets-service-789bf77578-fzs4g,2026-07-23T00:07:51.517212+00:00,DEBUG,9539c183b8b761e0,667d2f43b05e78d2,io-8080-exec-10,o.s.web.servlet.DispatcherServlet,"GET ""/vets"", parameters={}"
2026-07-23T00:08:15.950039+00:00,vets-service,vets-service-789bf77578-fzs4g,2026-07-23T00:07:51.517191+00:00,DEBUG,25a821c3bc4fdab8,644734fd63933d9a,nio-8080-exec-2,o.s.web.servlet.DispatcherServlet,Completed 200 OK
2026-07-23T00:08:15.950039+00:00,vets-service,vets-service-789bf77578-fzs4g,2026-07-23T00:07:51.517187+00:00,DEBUG,25a821c3bc4fdab8,cf02de6d4cbd0a2b,nio-8080-exec-2,o.s.web.servlet.DispatcherServlet,"GET ""/vets"", parameters={}"
2026-07-23T00:08:15.950039+00:00,vets-service,vets-service-789bf77578-fzs4g,2026-07-23T00:07:50.764122+00:00,DEBUG,518227af3ff5476f,72f2eef5ce37dd48,nio-8080-exec-6,o.s.web.servlet.DispatcherServlet,Completed 200 OK
2026-07-23T00:08:15.950039+00:00,vets-service,vets-service-789bf77578-fzs4g,2026-07-23T00:07:50.764117+00:00,DEBUG,518227af3ff5476f,44189aa2e7ad0d2c,nio-8080-exec-6,o.s.web.servlet.DispatcherServlet,"GET ""/vets"", parameters={}"
2026-07-23T00:08:15.950039+00:00,vets-service,vets-service-789bf77578-fzs4g,2026-07-23T00:07:50.262849+00:00,DEBUG,c966516347b89457,c7ae4a22ec06f564,nio-8080-exec-3,o.s.web.servlet.DispatcherServlet,Completed 200 OK
2026-07-23T00:08:15.950039+00:00,vets-service,vets-service-789bf77578-fzs4g,2026-07-23T00:07:50.012020+00:00,DEBUG,c966516347b89457,63181c11c80e3b26,nio-8080-exec-3,o.s.web.servlet.DispatcherServlet,"GET ""/vets"", parameters={}"
2026-07-23T00:08:15.950039+00:00,vets-service,vets-service-789bf77578-fzs4g,2026-07-23T00:07:49.761661+00:00,DEBUG,0c6337409fcbc584,0431080a261d2c93,nio-8080-exec-5,o.s.web.servlet.DispatcherServlet,Completed 200 OK
2026-07-23T00:08:15.950039+00:00,vets-service,vets-service-789bf77578-fzs4g,2026-07-23T00:07:49.761658+00:00,DEBUG,0c6337409fcbc584,1e4e1cea422f8028,nio-8080-exec-5,o.s.web.servlet.DispatcherServlet,"GET ""/vets"", parameters={}"
2026-07-23T00:08:15.950039+00:00,vets-service,vets-service-789bf77578-fzs4g,2026-07-23T00:07:49.511153+00:00,DEBUG,e482a25e124fa70e,4b7a6d585a958be4,nio-8080-exec-1,o.s.web.servlet.DispatcherServlet,Completed 200 OK
2026-07-23T00:08:15.950039+00:00,vets-service,vets-service-789bf77578-fzs4g,2026-07-23T00:07:49.511149+00:00,DEBUG,e482a25e124fa70e,90c3fbf0d2678bce,nio-8080-exec-1,o.s.web.servlet.DispatcherServlet,"GET ""/vets"", parameters={}"
2026-07-23T00:08:15.950039+00:00,vets-service,vets-service-789bf77578-fzs4g,2026-07-23T00:07:46.753564+00:00,DEBUG,b953d4548406b66a,0bed318776a8e26b,nio-8080-exec-9,o.s.web.servlet.DispatcherServlet,Completed 200 OK
2026-07-23T00:08:15.950039+00:00,vets-service,vets-service-789bf77578-fzs4g,2026-07-23T00:07:46.753560+00:00,DEBUG,b953d4548406b66a,8daea188d07d642b,nio-8080-exec-9,o.s.web.servlet.DispatcherServlet,"GET ""/vets"", parameters={}"
2026-07-23T00:08:15.950039+00:00,vets-service,vets-service-789bf77578-fzs4g,2026-07-23T00:07:46.000702+00:00,DEBUG,c9a0be8f1aa9f8dd,834024395ba41ce7,nio-8080-exec-7,o.s.web.servlet.DispatcherServlet,Completed 200 OK
2026-07-23T00:08:15.950039+00:00,vets-service,vets-service-789bf77578-fzs4g,2026-07-23T00:07:46.000698+00:00,DEBUG,c9a0be8f1aa9f8dd,96f6bbe509edfb62,nio-8080-exec-7,o.s.web.servlet.DispatcherServlet,"GET ""/vets"", parameters={}"
2026-07-23T00:08:15.950039+00:00,vets-service,vets-service-789bf77578-fzs4g,2026-07-23T00:07:44.494393+00:00,DEBUG,0e98252f60a608c8,3cfbbf62cd1299a1,nio-8080-exec-8,o.s.web.servlet.DispatcherServlet,Completed 200 OK
2026-07-23T00:08:15.950039+00:00,vets-service,vets-service-789bf77578-fzs4g,2026-07-23T00:07:44.494389+00:00,DEBUG,0e98252f60a608c8,b1575e6e5de6dd22,nio-8080-exec-8,o.s.web.servlet.DispatcherServlet,"GET ""/vets"", parameters={}"
2026-07-23T00:08:15.950039+00:00,vets-service,vets-service-789bf77578-fzs4g,2026-07-23T00:07:44.243028+00:00,DEBUG,ec26b631ed71a350,ec26b631ed71a350,nio-8080-exec-4,o.s.web.servlet.DispatcherServlet,Completed 200 OK
2026-07-23T00:08:15.950039+00:00,vets-service,vets-service-789bf77578-fzs4g,2026-07-23T00:07:43.992882+00:00,DEBUG,31ced31f9ea73611,bf0b5177ff3e7895,io-8080-exec-10,o.s.web.servlet.DispatcherServlet,Completed 200 OK
2026-07-23T00:08:15.950039+00:00,vets-service,vets-service-789bf77578-fzs4g,2026-07-23T00:07:43.992878+00:00,DEBUG,31ced31f9ea73611,2740837129254546,io-8080-exec-10,o.s.web.servlet.DispatcherServlet,"GET ""/vets"", parameters={}"
2026-07-23T00:08:15.950039+00:00,vets-service,vets-service-789bf77578-fzs4g,2026-07-23T00:07:42.488255+00:00,DEBUG,a37d42edc790ca3d,a37d42edc790ca3d,nio-8080-exec-2,o.s.web.servlet.DispatcherServlet,Completed 200 OK
2026-07-23T00:08:15.950039+00:00,vets-service,vets-service-789bf77578-fzs4g,2026-07-23T00:07:42.237313+00:00,DEBUG,d2a2f142cbeac20a,7fce8f0a1c26a712,nio-8080-exec-6,o.s.web.servlet.DispatcherServlet,Completed 200 OK
2026-07-23T00:08:15.950039+00:00,vets-service,vets-service-789bf77578-fzs4g,2026-07-23T00:07:42.237309+00:00,DEBUG,d2a2f142cbeac20a,a7b04f158a71eeec,nio-8080-exec-6,o.s.web.servlet.DispatcherServlet,"GET ""/vets"", parameters={}"
2026-07-23T00:08:15.950039+00:00,vets-service,vets-service-789bf77578-fzs4g,2026-07-23T00:07:41.736192+00:00,DEBUG,aa158fe36f19a41f,f824c7f273e97515,nio-8080-exec-3,o.s.web.servlet.DispatcherServlet,Completed 200 OK
2026-07-23T00:08:15.950039+00:00,vets-service,vets-service-789bf77578-fzs4g,2026-07-23T00:07:41.736188+00:00,DEBUG,aa158fe36f19a41f,4aa7fcd95ab1ed05,nio-8080-exec-3,o.s.web.servlet.DispatcherServlet,"GET ""/vets"", parameters={}"
2026-07-23T00:08:15.950039+00:00,vets-service,vets-service-789bf77578-fzs4g,2026-07-23T00:07:41.485363+00:00,DEBUG,b2d0eae4418e1f2a,4fe9b2f59dc231cf,nio-8080-exec-5,o.s.web.servlet.DispatcherServlet,Completed 200 OK
2026-07-23T00:08:15.950039+00:00,vets-service,vets-service-789bf77578-fzs4g,2026-07-23T00:07:41.235071+00:00,DEBUG,b2d0eae4418e1f2a,4be9e54dd2204a20,nio-8080-exec-5,o.s.web.servlet.DispatcherServlet,"GET ""/vets"", parameters={}"
2026-07-23T00:08:15.950039+00:00,vets-service,vets-service-789bf77578-fzs4g,2026-07-23T00:07:41.235048+00:00,DEBUG,89ca321cc0781534,74586884f2c97cb0,nio-8080-exec-1,o.s.web.servlet.DispatcherServlet,Completed 200 OK
2026-07-23T00:08:15.950039+00:00,vets-service,vets-service-789bf77578-fzs4g,2026-07-23T00:07:41.235045+00:00,DEBUG,89ca321cc0781534,45fbf3f419695e9e,nio-8080-exec-1,o.s.web.servlet.DispatcherServlet,"GET ""/vets"", parameters={}"
2026-07-23T00:08:15.950039+00:00,vets-service,vets-service-789bf77578-fzs4g,2026-07-23T00:07:40.733493+00:00,DEBUG,6686a2383ed1a832,4b91ba01e4a570d3,nio-8080-exec-9,o.s.web.servlet.DispatcherServlet,Completed 200 OK
2026-07-23T00:08:15.950039+00:00,vets-service,vets-service-789bf77578-fzs4g,2026-07-23T00:07:40.733489+00:00,DEBUG,6686a2383ed1a832,536320677bab09ea,nio-8080-exec-9,o.s.web.servlet.DispatcherServlet,"GET ""/vets"", parameters={}"
2026-07-23T00:08:15.950039+00:00,vets-service,vets-service-789bf77578-fzs4g,2026-07-23T00:07:36.469594+00:00,DEBUG,b1a49938b4886128,b1a49938b4886128,nio-8080-exec-7,o.s.web.servlet.DispatcherServlet,Completed 200 OK
2026-07-23T00:08:15.950039+00:00,vets-service,vets-service-789bf77578-fzs4g,2026-07-23T00:07:29.449107+00:00,DEBUG,7354369a0907f7e7,7354369a0907f7e7,nio-8080-exec-8,o.s.web.servlet.DispatcherServlet,Completed 200 OK
2026-07-23T00:08:15.950039+00:00,vets-service,vets-service-789bf77578-fzs4g,2026-07-23T00:07:22.678909+00:00,DEBUG,5d29646e2cc7af7e,5d29646e2cc7af7e,nio-8080-exec-4,o.s.web.servlet.DispatcherServlet,Completed 200 OK
2026-07-23T00:08:15.950039+00:00,vets-service,vets-service-789bf77578-fzs4g,2026-07-23T00:07:20.924340+00:00,DEBUG,0718c34382a9fdf6,0718c34382a9fdf6,io-8080-exec-10,o.s.web.servlet.DispatcherServlet,Completed 200 OK
2026-07-23T00:08:15.950039+00:00,vets-service,vets-service-789bf77578-fzs4g,2026-07-23T00:07:14.404225+00:00,DEBUG,4331af670cadf7e3,4331af670cadf7e3,nio-8080-exec-2,o.s.web.servlet.DispatcherServlet,Completed 200 OK
2026-07-23T00:08:15.950039+00:00,visits-service,visits-service-5bbc99b894-dtlvv,2026-07-23T00:08:16.090345+00:00,DEBUG,6010b46be5dcb20b,255cb1cb9799db24,io-8080-exec-10,o.s.web.servlet.DispatcherServlet,Completed 200 OK
2026-07-23T00:08:15.950039+00:00,visits-service,visits-service-5bbc99b894-dtlvv,2026-07-23T00:08:16.090341+00:00,DEBUG,6010b46be5dcb20b,255cb1cb9799db24,io-8080-exec-10,o.s.web.servlet.DispatcherServlet,"GET ""/owners/1/pets/1/visits"", parameters={}"
2026-07-23T00:08:15.950039+00:00,visits-service,visits-service-5bbc99b894-dtlvv,2026-07-23T00:08:15.588712+00:00,DEBUG,ea5d97ec9656eb09,0153d02f171cc2b7,nio-8080-exec-2,o.s.web.servlet.DispatcherServlet,Completed 200 OK
2026-07-23T00:08:15.950039+00:00,visits-service,visits-service-5bbc99b894-dtlvv,2026-07-23T00:08:15.588709+00:00,DEBUG,ea5d97ec9656eb09,0153d02f171cc2b7,nio-8080-exec-2,o.s.web.servlet.DispatcherServlet,"GET ""/owners/1/pets/1/visits"", parameters={}"
2026-07-23T00:08:15.950039+00:00,visits-service,visits-service-5bbc99b894-dtlvv,2026-07-23T00:08:15.337944+00:00,DEBUG,0af7e54c0ae80ffa,37a401d65c14d82c,nio-8080-exec-1,o.s.web.servlet.DispatcherServlet,Completed 200 OK
2026-07-23T00:08:15.950039+00:00,visits-service,visits-service-5bbc99b894-dtlvv,2026-07-23T00:08:15.337896+00:00,DEBUG,0af7e54c0ae80ffa,37a401d65c14d82c,nio-8080-exec-1,o.s.web.servlet.DispatcherServlet,"GET ""/owners/1/pets/1/visits"", parameters={}"
2026-07-23T00:08:15.950039+00:00,visits-service,visits-service-5bbc99b894-dtlvv,2026-07-23T00:08:13.834374+00:00,DEBUG,c48da077162ac529,2bc7a2d5ec315658,nio-8080-exec-7,o.s.web.servlet.DispatcherServlet,Completed 200 OK
2026-07-23T00:08:15.950039+00:00,visits-service,visits-service-5bbc99b894-dtlvv,2026-07-23T00:08:13.834369+00:00,DEBUG,c48da077162ac529,2bc7a2d5ec315658,nio-8080-exec-7,o.s.web.servlet.DispatcherServlet,"GET ""/owners/1/pets/1/visits"", parameters={}"
2026-07-23T00:08:15.950039+00:00,visits-service,visits-service-5bbc99b894-dtlvv,2026-07-23T00:08:13.082196+00:00,DEBUG,8425594e6b8daac0,60ef1de45884a8aa,nio-8080-exec-6,o.s.web.servlet.DispatcherServlet,Completed 200 OK
2026-07-23T00:08:15.950039+00:00,visits-service,visits-service-5bbc99b894-dtlvv,2026-07-23T00:08:13.082191+00:00,DEBUG,8425594e6b8daac0,60ef1de45884a8aa,nio-8080-exec-6,o.s.web.servlet.DispatcherServlet,"GET ""/owners/1/pets/1/visits"", parameters={}"
2026-07-23T00:08:15.950039+00:00,visits-service,visits-service-5bbc99b894-dtlvv,2026-07-23T00:08:12.580617+00:00,DEBUG,cdb46f04f03ab45b,c9a73172d3de79c3,nio-8080-exec-8,o.s.web.servlet.DispatcherServlet,Completed 200 OK
2026-07-23T00:08:15.950039+00:00,visits-service,visits-service-5bbc99b894-dtlvv,2026-07-23T00:08:12.580613+00:00,DEBUG,cdb46f04f03ab45b,c9a73172d3de79c3,nio-8080-exec-8,o.s.web.servlet.DispatcherServlet,"GET ""/owners/1/pets/1/visits"", parameters={}"
2026-07-23T00:08:15.950039+00:00,visits-service,visits-service-5bbc99b894-dtlvv,2026-07-23T00:08:12.330458+00:00,DEBUG,91756d2920235a2f,91756d2920235a2f,nio-8080-exec-4,o.s.web.servlet.DispatcherServlet,Completed 200 OK
2026-07-23T00:08:15.950039+00:00,visits-service,visits-service-5bbc99b894-dtlvv,2026-07-23T00:08:11.828987+00:00,DEBUG,956c4b53f5946cc0,57c66dc6d899e9c6,nio-8080-exec-3,o.s.web.servlet.DispatcherServlet,Completed 200 OK
2026-07-23T00:08:15.950039+00:00,visits-service,visits-service-5bbc99b894-dtlvv,2026-07-23T00:08:11.828983+00:00,DEBUG,956c4b53f5946cc0,57c66dc6d899e9c6,nio-8080-exec-3,o.s.web.servlet.DispatcherServlet,"GET ""/owners/1/pets/1/visits"", parameters={}"
2026-07-23T00:08:15.950039+00:00,visits-service,visits-service-5bbc99b894-dtlvv,2026-07-23T00:08:11.077476+00:00,DEBUG,4147fad9708710d8,bbaf63b3f05d905a,nio-8080-exec-5,o.s.web.servlet.DispatcherServlet,Completed 200 OK
2026-07-23T00:08:15.950039+00:00,visits-service,visits-service-5bbc99b894-dtlvv,2026-07-23T00:08:11.077443+00:00,DEBUG,4147fad9708710d8,bbaf63b3f05d905a,nio-8080-exec-5,o.s.web.servlet.DispatcherServlet,"GET ""/owners/1/pets/1/visits"", parameters={}"
2026-07-23T00:08:15.950039+00:00,visits-service,visits-service-5bbc99b894-dtlvv,2026-07-23T00:08:11.077415+00:00,DEBUG,bb28105849acf7b3,e4917575065f8212,nio-8080-exec-9,o.s.web.servlet.DispatcherServlet,Completed 200 OK
2026-07-23T00:08:15.950039+00:00,visits-service,visits-service-5bbc99b894-dtlvv,2026-07-23T00:08:11.077410+00:00,DEBUG,bb28105849acf7b3,e4917575065f8212,nio-8080-exec-9,o.s.web.servlet.DispatcherServlet,"GET ""/owners/1/pets/1/visits"", parameters={}"
2026-07-23T00:08:15.950039+00:00,visits-service,visits-service-5bbc99b894-dtlvv,2026-07-23T00:08:10.826321+00:00,DEBUG,ad19d2508ccf25f9,ccb1c1baa5a1e993,io-8080-exec-10,o.s.web.servlet.DispatcherServlet,Completed 200 OK
2026-07-23T00:08:15.950039+00:00,visits-service,visits-service-5bbc99b894-dtlvv,2026-07-23T00:08:10.826317+00:00,DEBUG,ad19d2508ccf25f9,ccb1c1baa5a1e993,io-8080-exec-10,o.s.web.servlet.DispatcherServlet,"GET ""/owners/1/pets/1/visits"", parameters={}"
2026-07-23T00:08:15.950039+00:00,visits-service,visits-service-5bbc99b894-dtlvv,2026-07-23T00:08:10.324650+00:00,DEBUG,e6109bf50a0d8710,358c5a601558e172,nio-8080-exec-2,o.s.web.servlet.DispatcherServlet,Completed 200 OK
2026-07-23T00:08:15.950039+00:00,visits-service,visits-service-5bbc99b894-dtlvv,2026-07-23T00:08:10.324646+00:00,DEBUG,e6109bf50a0d8710,358c5a601558e172,nio-8080-exec-2,o.s.web.servlet.DispatcherServlet,"GET ""/owners/1/pets/1/visits"", parameters={}"
2026-07-23T00:08:15.950039+00:00,visits-service,visits-service-5bbc99b894-dtlvv,2026-07-23T00:08:10.073452+00:00,DEBUG,18780f573f56c016,5372ae9b8465d460,nio-8080-exec-1,o.s.web.servlet.DispatcherServlet,Completed 200 OK
2026-07-23T00:08:15.950039+00:00,visits-service,visits-service-5bbc99b894-dtlvv,2026-07-23T00:08:10.073450+00:00,DEBUG,18780f573f56c016,5372ae9b8465d460,nio-8080-exec-1,o.s.web.servlet.DispatcherServlet,"GET ""/owners/1/pets/1/visits"", parameters={}"
2026-07-23T00:08:15.950039+00:00,visits-service,visits-service-5bbc99b894-dtlvv,2026-07-23T00:08:08.318485+00:00,DEBUG,6b2004857d715e1c,5154a261b59ee160,nio-8080-exec-7,o.s.web.servlet.DispatcherServlet,Completed 200 OK
2026-07-23T00:08:15.950039+00:00,visits-service,visits-service-5bbc99b894-dtlvv,2026-07-23T00:08:08.067271+00:00,DEBUG,6b2004857d715e1c,5154a261b59ee160,nio-8080-exec-7,o.s.web.servlet.DispatcherServlet,"GET ""/owners/1/pets/1/visits"", parameters={}"
2026-07-23T00:08:15.950039+00:00,visits-service,visits-service-5bbc99b894-dtlvv,2026-07-23T00:08:06.313395+00:00,DEBUG,dd8d44b2e008f1bf,dd8d44b2e008f1bf,nio-8080-exec-6,o.s.web.servlet.DispatcherServlet,Completed 200 OK
2026-07-23T00:08:15.950039+00:00,visits-service,visits-service-5bbc99b894-dtlvv,2026-07-23T00:08:06.062345+00:00,DEBUG,6b8d3c9b13915af1,7b3c8cd6f7d4ec22,nio-8080-exec-8,o.s.web.servlet.DispatcherServlet,Completed 200 OK
2026-07-23T00:08:15.950039+00:00,visits-service,visits-service-5bbc99b894-dtlvv,2026-07-23T00:08:06.062340+00:00,DEBUG,6b8d3c9b13915af1,7b3c8cd6f7d4ec22,nio-8080-exec-8,o.s.web.servlet.DispatcherServlet,"GET ""/owners/1/pets/1/visits"", parameters={}"
2026-07-23T00:08:15.950039+00:00,visits-service,visits-service-5bbc99b894-dtlvv,2026-07-23T00:08:05.560576+00:00,DEBUG,58770e8c035dcd8c,59eef542a5266645,nio-8080-exec-4,o.s.web.servlet.DispatcherServlet,Completed 200 OK
2026-07-23T00:08:15.950039+00:00,visits-service,visits-service-5bbc99b894-dtlvv,2026-07-23T00:08:05.560572+00:00,DEBUG,58770e8c035dcd8c,59eef542a5266645,nio-8080-exec-4,o.s.web.servlet.DispatcherServlet,"GET ""/owners/1/pets/1/visits"", parameters={}"
2026-07-23T00:08:15.950039+00:00,visits-service,visits-service-5bbc99b894-dtlvv,2026-07-23T00:08:05.309647+00:00,DEBUG,e7cb4ed817ee4de6,fedbb94938788ebe,nio-8080-exec-3,o.s.web.servlet.DispatcherServlet,Completed 200 OK
2026-07-23T00:08:15.950039+00:00,visits-service,visits-service-5bbc99b894-dtlvv,2026-07-23T00:08:05.309623+00:00,DEBUG,e7cb4ed817ee4de6,fedbb94938788ebe,nio-8080-exec-3,o.s.web.servlet.DispatcherServlet,"GET ""/owners/1/pets/1/visits"", parameters={}"
2026-07-23T00:08:15.950039+00:00,visits-service,visits-service-5bbc99b894-dtlvv,2026-07-23T00:08:05.309597+00:00,DEBUG,3617b15aef168531,96343197eaa13469,nio-8080-exec-5,o.s.web.servlet.DispatcherServlet,Completed 200 OK
2026-07-23T00:08:15.950039+00:00,visits-service,visits-service-5bbc99b894-dtlvv,2026-07-23T00:08:05.309592+00:00,DEBUG,3617b15aef168531,96343197eaa13469,nio-8080-exec-5,o.s.web.servlet.DispatcherServlet,"GET ""/owners/1/pets/1/visits"", parameters={}"
2026-07-23T00:08:15.950039+00:00,visits-service,visits-service-5bbc99b894-dtlvv,2026-07-23T00:08:04.807484+00:00,DEBUG,00ca50963b9c2fab,3ed41bdeacf14a82,nio-8080-exec-9,o.s.web.servlet.DispatcherServlet,Completed 200 OK
2026-07-23T00:08:15.950039+00:00,visits-service,visits-service-5bbc99b894-dtlvv,2026-07-23T00:08:04.807482+00:00,DEBUG,00ca50963b9c2fab,3ed41bdeacf14a82,nio-8080-exec-9,o.s.web.servlet.DispatcherServlet,"GET ""/owners/1/pets/1/visits"", parameters={}"
2026-07-23T00:08:15.950039+00:00,visits-service,visits-service-5bbc99b894-dtlvv,2026-07-23T00:08:03.804057+00:00,DEBUG,3899d0f5cce7d9b0,1f399cc3abc8088a,io-8080-exec-10,o.s.web.servlet.DispatcherServlet,Completed 200 OK
2026-07-23T00:08:15.950039+00:00,visits-service,visits-service-5bbc99b894-dtlvv,2026-07-23T00:08:03.804054+00:00,DEBUG,3899d0f5cce7d9b0,1f399cc3abc8088a,io-8080-exec-10,o.s.web.servlet.DispatcherServlet,"GET ""/owners/1/pets/1/visits"", parameters={}"
2026-07-23T00:08:15.950039+00:00,visits-service,visits-service-5bbc99b894-dtlvv,2026-07-23T00:08:02.549723+00:00,DEBUG,9e53eac2579ff14b,4953774ab59d1d5c,nio-8080-exec-2,o.s.web.servlet.DispatcherServlet,Completed 200 OK
2026-07-23T00:08:15.950039+00:00,visits-service,visits-service-5bbc99b894-dtlvv,2026-07-23T00:08:02.549706+00:00,DEBUG,9e53eac2579ff14b,4953774ab59d1d5c,nio-8080-exec-2,o.s.web.servlet.DispatcherServlet,"GET ""/owners/1/pets/1/visits"", parameters={}"
2026-07-23T00:08:15.950039+00:00,visits-service,visits-service-5bbc99b894-dtlvv,2026-07-23T00:08:02.549688+00:00,DEBUG,e87cbf221df47255,e87cbf221df47255,nio-8080-exec-1,o.s.web.servlet.DispatcherServlet,Completed 200 OK
2026-07-23T00:08:15.950039+00:00,visits-service,visits-service-5bbc99b894-dtlvv,2026-07-23T00:08:02.299117+00:00,DEBUG,06b00adc29fd10d7,887e9cc7a502ab74,nio-8080-exec-7,o.s.web.servlet.DispatcherServlet,Completed 200 OK
2026-07-23T00:08:15.950039+00:00,visits-service,visits-service-5bbc99b894-dtlvv,2026-07-23T00:08:02.299114+00:00,DEBUG,06b00adc29fd10d7,887e9cc7a502ab74,nio-8080-exec-7,o.s.web.servlet.DispatcherServlet,"GET ""/owners/1/pets/1/visits"", parameters={}"
2026-07-23T00:08:15.950039+00:00,visits-service,visits-service-5bbc99b894-dtlvv,2026-07-23T00:08:01.797487+00:00,DEBUG,e130a4e1386f32be,3ffdd7e88b28c96f,nio-8080-exec-6,o.s.web.servlet.DispatcherServlet,Completed 200 OK
2026-07-23T00:08:15.950039+00:00,visits-service,visits-service-5bbc99b894-dtlvv,2026-07-23T00:08:01.797483+00:00,DEBUG,e130a4e1386f32be,3ffdd7e88b28c96f,nio-8080-exec-6,o.s.web.servlet.DispatcherServlet,"GET ""/owners/1/pets/1/visits"", parameters={}"
2026-07-23T00:08:15.950039+00:00,visits-service,visits-service-5bbc99b894-dtlvv,2026-07-23T00:08:01.295835+00:00,DEBUG,233ca73e8c75b588,69665a7f9f647bfd,nio-8080-exec-8,o.s.web.servlet.DispatcherServlet,Completed 200 OK
2026-07-23T00:08:15.950039+00:00,visits-service,visits-service-5bbc99b894-dtlvv,2026-07-23T00:08:01.295831+00:00,DEBUG,233ca73e8c75b588,69665a7f9f647bfd,nio-8080-exec-8,o.s.web.servlet.DispatcherServlet,"GET ""/owners/1/pets/1/visits"", parameters={}"
2026-07-23T00:08:15.950039+00:00,visits-service,visits-service-5bbc99b894-dtlvv,2026-07-23T00:08:01.045287+00:00,DEBUG,0ae70b3c90b38bc5,2192a1c869693dfa,nio-8080-exec-4,o.s.web.servlet.DispatcherServlet,Completed 200 OK
2026-07-23T00:08:15.950039+00:00,visits-service,visits-service-5bbc99b894-dtlvv,2026-07-23T00:08:01.045285+00:00,DEBUG,0ae70b3c90b38bc5,2192a1c869693dfa,nio-8080-exec-4,o.s.web.servlet.DispatcherServlet,"GET ""/owners/1/pets/1/visits"", parameters={}"
2026-07-23T00:08:15.950039+00:00,visits-service,visits-service-5bbc99b894-dtlvv,2026-07-23T00:08:00.292041+00:00,DEBUG,3526b4da2bc15197,eca03150b06f09dd,nio-8080-exec-3,o.s.web.servlet.DispatcherServlet,Completed 200 OK
2026-07-23T00:08:15.950039+00:00,visits-service,visits-service-5bbc99b894-dtlvv,2026-07-23T00:08:00.292036+00:00,DEBUG,3526b4da2bc15197,eca03150b06f09dd,nio-8080-exec-3,o.s.web.servlet.DispatcherServlet,"GET ""/owners/1/pets/1/visits"", parameters={}"
2026-07-23T00:08:15.950039+00:00,visits-service,visits-service-5bbc99b894-dtlvv,2026-07-23T00:07:59.288258+00:00,DEBUG,c4b16474cb190c8b,63437c5c2d861404,nio-8080-exec-5,o.s.web.servlet.DispatcherServlet,Completed 200 OK
2026-07-23T00:08:15.950039+00:00,visits-service,visits-service-5bbc99b894-dtlvv,2026-07-23T00:07:59.288253+00:00,DEBUG,c4b16474cb190c8b,63437c5c2d861404,nio-8080-exec-5,o.s.web.servlet.DispatcherServlet,"GET ""/owners/1/pets/1/visits"", parameters={}"
2026-07-23T00:08:15.950039+00:00,visits-service,visits-service-5bbc99b894-dtlvv,2026-07-23T00:07:59.038092+00:00,DEBUG,e5048d4a80319566,54cfc4ce15ce6609,nio-8080-exec-9,o.s.web.servlet.DispatcherServlet,Completed 200 OK
2026-07-23T00:08:15.950039+00:00,visits-service,visits-service-5bbc99b894-dtlvv,2026-07-23T00:07:59.038088+00:00,DEBUG,e5048d4a80319566,54cfc4ce15ce6609,nio-8080-exec-9,o.s.web.servlet.DispatcherServlet,"GET ""/owners/1/pets/1/visits"", parameters={}"
2026-07-23T00:08:15.950039+00:00,visits-service,visits-service-5bbc99b894-dtlvv,2026-07-23T00:07:58.535949+00:00,DEBUG,719704f8e68c389e,a3cd35707354a34f,io-8080-exec-10,o.s.web.servlet.DispatcherServlet,Completed 200 OK
2026-07-23T00:08:15.950039+00:00,visits-service,visits-service-5bbc99b894-dtlvv,2026-07-23T00:07:58.535946+00:00,DEBUG,719704f8e68c389e,a3cd35707354a34f,io-8080-exec-10,o.s.web.servlet.DispatcherServlet,"GET ""/owners/1/pets/1/visits"", parameters={}"
2026-07-23T00:08:15.950039+00:00,visits-service,visits-service-5bbc99b894-dtlvv,2026-07-23T00:07:58.034636+00:00,DEBUG,bf6ea34a1fc60831,4ef2c6435d85b337,nio-8080-exec-2,o.s.web.servlet.DispatcherServlet,Completed 200 OK
2026-07-23T00:08:15.950039+00:00,visits-service,visits-service-5bbc99b894-dtlvv,2026-07-23T00:07:58.034611+00:00,DEBUG,bf6ea34a1fc60831,4ef2c6435d85b337,nio-8080-exec-2,o.s.web.servlet.DispatcherServlet,"GET ""/owners/1/pets/1/visits"", parameters={}"
2026-07-23T00:08:15.950039+00:00,visits-service,visits-service-5bbc99b894-dtlvv,2026-07-23T00:07:58.034598+00:00,DEBUG,d1527d8bfb364012,c8710cc15aa87b45,nio-8080-exec-1,o.s.web.servlet.DispatcherServlet,Completed 200 OK
2026-07-23T00:08:15.950039+00:00,visits-service,visits-service-5bbc99b894-dtlvv,2026-07-23T00:07:58.034596+00:00,DEBUG,d1527d8bfb364012,c8710cc15aa87b45,nio-8080-exec-1,o.s.web.servlet.DispatcherServlet,"GET ""/owners/1/pets/1/visits"", parameters={}"
2026-07-23T00:08:15.950039+00:00,visits-service,visits-service-5bbc99b894-dtlvv,2026-07-23T00:07:57.282100+00:00,DEBUG,a4f199307b4eaaba,2edfd6c81592a963,nio-8080-exec-7,o.s.web.servlet.DispatcherServlet,Completed 200 OK
2026-07-23T00:08:15.950039+00:00,visits-service,visits-service-5bbc99b894-dtlvv,2026-07-23T00:07:57.282098+00:00,DEBUG,a4f199307b4eaaba,2edfd6c81592a963,nio-8080-exec-7,o.s.web.servlet.DispatcherServlet,"GET ""/owners/1/pets/1/visits"", parameters={}"
2026-07-23T00:08:15.950039+00:00,visits-service,visits-service-5bbc99b894-dtlvv,2026-07-23T00:07:57.031302+00:00,DEBUG,536d65ad71fabe93,c6245e28c44a7602,nio-8080-exec-6,o.s.web.servlet.DispatcherServlet,Completed 200 OK
2026-07-23T00:08:15.950039+00:00,visits-service,visits-service-5bbc99b894-dtlvv,2026-07-23T00:07:57.031298+00:00,DEBUG,536d65ad71fabe93,c6245e28c44a7602,nio-8080-exec-6,o.s.web.servlet.DispatcherServlet,"GET ""/owners/1/pets/1/visits"", parameters={}"
2026-07-23T00:08:15.950039+00:00,visits-service,visits-service-5bbc99b894-dtlvv,2026-07-23T00:07:56.780213+00:00,DEBUG,08550a32070a8616,1fb627243af422af,nio-8080-exec-8,o.s.web.servlet.DispatcherServlet,Completed 200 OK
2026-07-23T00:08:15.950039+00:00,visits-service,visits-service-5bbc99b894-dtlvv,2026-07-23T00:07:56.780209+00:00,DEBUG,08550a32070a8616,1fb627243af422af,nio-8080-exec-8,o.s.web.servlet.DispatcherServlet,"GET ""/owners/1/pets/1/visits"", parameters={}"
2026-07-23T00:08:15.950039+00:00,visits-service,visits-service-5bbc99b894-dtlvv,2026-07-23T00:07:56.529938+00:00,DEBUG,f306c80bd1e9810a,f306c80bd1e9810a,nio-8080-exec-4,o.s.web.servlet.DispatcherServlet,Completed 200 OK
2026-07-23T00:08:15.950039+00:00,visits-service,visits-service-5bbc99b894-dtlvv,2026-07-23T00:07:55.777790+00:00,DEBUG,b98dc071c247c9d0,dfa763cd1ac95819,nio-8080-exec-3,o.s.web.servlet.DispatcherServlet,Completed 200 OK
2026-07-23T00:08:15.950039+00:00,visits-service,visits-service-5bbc99b894-dtlvv,2026-07-23T00:07:55.777784+00:00,DEBUG,b98dc071c247c9d0,dfa763cd1ac95819,nio-8080-exec-3,o.s.web.servlet.DispatcherServlet,"GET ""/owners/1/pets/1/visits"", parameters={}"
2026-07-23T00:08:15.950039+00:00,visits-service,visits-service-5bbc99b894-dtlvv,2026-07-23T00:07:55.277442+00:00,DEBUG,7ad4bbd05c66d982,15177f48f1b52e46,nio-8080-exec-5,o.s.web.servlet.DispatcherServlet,Completed 200 OK
2026-07-23T00:08:15.950039+00:00,visits-service,visits-service-5bbc99b894-dtlvv,2026-07-23T00:07:55.277438+00:00,DEBUG,7ad4bbd05c66d982,15177f48f1b52e46,nio-8080-exec-5,o.s.web.servlet.DispatcherServlet,"GET ""/owners/1/pets/1/visits"", parameters={}"
2026-07-23T00:08:15.950039+00:00,visits-service,visits-service-5bbc99b894-dtlvv,2026-07-23T00:07:54.776448+00:00,DEBUG,56cb609cbf39629a,128d19a1de8c71c4,nio-8080-exec-9,o.s.web.servlet.DispatcherServlet,Completed 200 OK
2026-07-23T00:08:15.950039+00:00,visits-service,visits-service-5bbc99b894-dtlvv,2026-07-23T00:07:54.776444+00:00,DEBUG,56cb609cbf39629a,128d19a1de8c71c4,nio-8080-exec-9,o.s.web.servlet.DispatcherServlet,"GET ""/owners/1/pets/1/visits"", parameters={}"
2026-07-23T00:08:15.950039+00:00,visits-service,visits-service-5bbc99b894-dtlvv,2026-07-23T00:07:51.266477+00:00,DEBUG,78ef7b1df1ab9981,78ef7b1df1ab9981,io-8080-exec-10,o.s.web.servlet.DispatcherServlet,Completed 200 OK
2026-07-23T00:08:15.950039+00:00,visits-service,visits-service-5bbc99b894-dtlvv,2026-07-23T00:07:51.016493+00:00,DEBUG,0c6ef9ef0bb9645a,ae2456381fc22007,nio-8080-exec-2,o.s.web.servlet.DispatcherServlet,Completed 200 OK
2026-07-23T00:08:15.950039+00:00,visits-service,visits-service-5bbc99b894-dtlvv,2026-07-23T00:07:51.016411+00:00,DEBUG,0c6ef9ef0bb9645a,ae2456381fc22007,nio-8080-exec-2,o.s.web.servlet.DispatcherServlet,"GET ""/owners/1/pets/1/visits"", parameters={}"
2026-07-23T00:08:15.950039+00:00,visits-service,visits-service-5bbc99b894-dtlvv,2026-07-23T00:07:51.016382+00:00,DEBUG,1a941ed87a41e8a1,413187bc2194a4ed,nio-8080-exec-1,o.s.web.servlet.DispatcherServlet,Completed 200 OK
2026-07-23T00:08:15.950039+00:00,visits-service,visits-service-5bbc99b894-dtlvv,2026-07-23T00:07:51.016378+00:00,DEBUG,1a941ed87a41e8a1,413187bc2194a4ed,nio-8080-exec-1,o.s.web.servlet.DispatcherServlet,"GET ""/owners/1/pets/1/visits"", parameters={}"
2026-07-23T00:08:15.950039+00:00,visits-service,visits-service-5bbc99b894-dtlvv,2026-07-23T00:07:50.514658+00:00,DEBUG,a457405d66b54969,7fa873e8ee226c2b,nio-8080-exec-7,o.s.web.servlet.DispatcherServlet,Completed 200 OK
2026-07-23T00:08:15.950039+00:00,visits-service,visits-service-5bbc99b894-dtlvv,2026-07-23T00:07:50.514653+00:00,DEBUG,a457405d66b54969,7fa873e8ee226c2b,nio-8080-exec-7,o.s.web.servlet.DispatcherServlet,"GET ""/owners/1/pets/1/visits"", parameters={}"
2026-07-23T00:08:15.950039+00:00,visits-service,visits-service-5bbc99b894-dtlvv,2026-07-23T00:07:50.012135+00:00,DEBUG,2e5559554ebef1b5,8aeb07cc3d7802ea,nio-8080-exec-6,o.s.web.servlet.DispatcherServlet,Completed 200 OK
2026-07-23T00:08:15.950039+00:00,visits-service,visits-service-5bbc99b894-dtlvv,2026-07-23T00:07:50.012132+00:00,DEBUG,2e5559554ebef1b5,8aeb07cc3d7802ea,nio-8080-exec-6,o.s.web.servlet.DispatcherServlet,"GET ""/owners/1/pets/1/visits"", parameters={}"
2026-07-23T00:08:15.950039+00:00,visits-service,visits-service-5bbc99b894-dtlvv,2026-07-23T00:07:49.010221+00:00,DEBUG,f8d5bc62f46b06b2,f7cd342df90566f4,nio-8080-exec-8,o.s.web.servlet.DispatcherServlet,Completed 200 OK
2026-07-23T00:08:15.950039+00:00,visits-service,visits-service-5bbc99b894-dtlvv,2026-07-23T00:07:49.010217+00:00,DEBUG,f8d5bc62f46b06b2,f7cd342df90566f4,nio-8080-exec-8,o.s.web.servlet.DispatcherServlet,"GET ""/owners/1/pets/1/visits"", parameters={}"
2026-07-23T00:08:15.950039+00:00,visits-service,visits-service-5bbc99b894-dtlvv,2026-07-23T00:07:48.257669+00:00,DEBUG,e16f2d90e2e8150c,fd718ff8ac98785b,nio-8080-exec-4,o.s.web.servlet.DispatcherServlet,Completed 200 OK
2026-07-23T00:08:15.950039+00:00,visits-service,visits-service-5bbc99b894-dtlvv,2026-07-23T00:07:48.257667+00:00,DEBUG,e16f2d90e2e8150c,fd718ff8ac98785b,nio-8080-exec-4,o.s.web.servlet.DispatcherServlet,"GET ""/owners/1/pets/1/visits"", parameters={}"
2026-07-23T00:08:15.950039+00:00,visits-service,visits-service-5bbc99b894-dtlvv,2026-07-23T00:07:48.007194+00:00,DEBUG,9ee6721d07c2d6ca,7b411224839fc075,nio-8080-exec-3,o.s.web.servlet.DispatcherServlet,Completed 200 OK
2026-07-23T00:08:15.950039+00:00,visits-service,visits-service-5bbc99b894-dtlvv,2026-07-23T00:07:48.007190+00:00,DEBUG,9ee6721d07c2d6ca,7b411224839fc075,nio-8080-exec-3,o.s.web.servlet.DispatcherServlet,"GET ""/owners/1/pets/1/visits"", parameters={}"
2026-07-23T00:08:15.950039+00:00,visits-service,visits-service-5bbc99b894-dtlvv,2026-07-23T00:07:42.488311+00:00,DEBUG,c81e6cd67965802d,c81e6cd67965802d,nio-8080-exec-5,o.s.web.servlet.DispatcherServlet,Completed 200 OK
2026-07-23T00:08:15.950039+00:00,visits-service,visits-service-5bbc99b894-dtlvv,2026-07-23T00:07:41.235088+00:00,DEBUG,ea4ef931f63b1352,ea4ef931f63b1352,nio-8080-exec-9,o.s.web.servlet.DispatcherServlet,Completed 200 OK
2026-07-23T00:08:15.950039+00:00,visits-service,visits-service-5bbc99b894-dtlvv,2026-07-23T00:07:36.218166+00:00,DEBUG,634097a82d9df137,634097a82d9df137,io-8080-exec-10,o.s.web.servlet.DispatcherServlet,Completed 200 OK
2026-07-23T00:08:15.950039+00:00,visits-service,visits-service-5bbc99b894-dtlvv,2026-07-23T00:07:25.437181+00:00,DEBUG,f143f9408d41c502,f143f9408d41c502,nio-8080-exec-2,o.s.web.servlet.DispatcherServlet,Completed 200 OK
2026-07-23T00:08:15.950039+00:00,visits-service,visits-service-5bbc99b894-dtlvv,2026-07-23T00:07:22.678767+00:00,DEBUG,bd275cfcef255b94,bd275cfcef255b94,nio-8080-exec-1,o.s.web.servlet.DispatcherServlet,Completed 200 OK
2026-07-23T00:08:15.950039+00:00,visits-service,visits-service-5bbc99b894-dtlvv,2026-07-23T00:07:21.425278+00:00,DEBUG,201a4b0dc7127f2b,201a4b0dc7127f2b,nio-8080-exec-7,o.s.web.servlet.DispatcherServlet,Completed 200 OK
2026-07-23T00:08:15.950039+00:00,visits-service,visits-service-5bbc99b894-rlpg7,2026-07-23T00:08:07.315348+00:00,DEBUG,6731804442d61d62,6731804442d61d62,nio-8080-exec-3,o.s.web.servlet.DispatcherServlet,Completed 200 OK
2026-07-23T00:08:15.950039+00:00,visits-service,visits-service-5bbc99b894-rlpg7,2026-07-23T00:08:06.814262+00:00,DEBUG,195195193ad8f815,195195193ad8f815,nio-8080-exec-5,o.s.web.servlet.DispatcherServlet,Completed 200 OK
2026-07-23T00:08:15.950039+00:00,visits-service,visits-service-5bbc99b894-rlpg7,2026-07-23T00:08:04.054264+00:00,DEBUG,209ec299299121eb,209ec299299121eb,nio-8080-exec-4,o.s.web.servlet.DispatcherServlet,Completed 200 OK
2026-07-23T00:08:15.950039+00:00,visits-service,visits-service-5bbc99b894-rlpg7,2026-07-23T00:07:52.269136+00:00,DEBUG,666424ddcde17257,666424ddcde17257,nio-8080-exec-2,o.s.web.servlet.DispatcherServlet,Completed 200 OK
2026-07-23T00:08:15.950039+00:00,visits-service,visits-service-5bbc99b894-rlpg7,2026-07-23T00:07:48.257756+00:00,DEBUG,40bff63c19fdbe6f,40bff63c19fdbe6f,io-8080-exec-10,o.s.web.servlet.DispatcherServlet,Completed 200 OK
2026-07-23T00:08:15.950039+00:00,visits-service,visits-service-5bbc99b894-rlpg7,2026-07-23T00:07:46.753608+00:00,DEBUG,7b5980a8dce73ad8,7b5980a8dce73ad8,nio-8080-exec-8,o.s.web.servlet.DispatcherServlet,Completed 200 OK
2026-07-23T00:08:15.950039+00:00,visits-service,visits-service-5bbc99b894-rlpg7,2026-07-23T00:07:45.749505+00:00,DEBUG,713f1d726b3df3fc,34e68102e87a3f08,nio-8080-exec-9,o.s.web.servlet.DispatcherServlet,Completed 200 OK
2026-07-23T00:08:15.950039+00:00,visits-service,visits-service-5bbc99b894-rlpg7,2026-07-23T00:07:45.749501+00:00,DEBUG,713f1d726b3df3fc,34e68102e87a3f08,nio-8080-exec-9,o.s.web.servlet.DispatcherServlet,"GET ""/owners/1/pets/1/visits"", parameters={}"
2026-07-23T00:08:15.950039+00:00,visits-service,visits-service-5bbc99b894-rlpg7,2026-07-23T00:07:45.247164+00:00,DEBUG,a3b49da500109871,af5a41a796a29c32,nio-8080-exec-6,o.s.web.servlet.DispatcherServlet,Completed 200 OK
2026-07-23T00:08:15.950039+00:00,visits-service,visits-service-5bbc99b894-rlpg7,2026-07-23T00:07:45.247161+00:00,DEBUG,a3b49da500109871,af5a41a796a29c32,nio-8080-exec-6,o.s.web.servlet.DispatcherServlet,"GET ""/owners/1/pets/1/visits"", parameters={}"
2026-07-23T00:08:15.950039+00:00,visits-service,visits-service-5bbc99b894-rlpg7,2026-07-23T00:07:44.996287+00:00,DEBUG,513808e713d9d247,95cfbcf83e0f11ec,nio-8080-exec-7,o.s.web.servlet.DispatcherServlet,Completed 200 OK
2026-07-23T00:08:15.950039+00:00,visits-service,visits-service-5bbc99b894-rlpg7,2026-07-23T00:07:44.996284+00:00,DEBUG,513808e713d9d247,95cfbcf83e0f11ec,nio-8080-exec-7,o.s.web.servlet.DispatcherServlet,"GET ""/owners/1/pets/1/visits"", parameters={}"
2026-07-23T00:08:15.950039+00:00,visits-service,visits-service-5bbc99b894-rlpg7,2026-07-23T00:07:44.745424+00:00,DEBUG,8e40e22374ea468a,7bef8ef3dd76a5dc,nio-8080-exec-1,o.s.web.servlet.DispatcherServlet,Completed 200 OK
2026-07-23T00:08:15.950039+00:00,visits-service,visits-service-5bbc99b894-rlpg7,2026-07-23T00:07:44.745420+00:00,DEBUG,8e40e22374ea468a,7bef8ef3dd76a5dc,nio-8080-exec-1,o.s.web.servlet.DispatcherServlet,"GET ""/owners/1/pets/1/visits"", parameters={}"
2026-07-23T00:08:15.950039+00:00,visits-service,visits-service-5bbc99b894-rlpg7,2026-07-23T00:07:43.742017+00:00,DEBUG,feb0973d6d70b043,6acd9084211f3d9e,nio-8080-exec-3,o.s.web.servlet.DispatcherServlet,Completed 200 OK
2026-07-23T00:08:15.950039+00:00,visits-service,visits-service-5bbc99b894-rlpg7,2026-07-23T00:07:43.742013+00:00,DEBUG,feb0973d6d70b043,6acd9084211f3d9e,nio-8080-exec-3,o.s.web.servlet.DispatcherServlet,"GET ""/owners/1/pets/1/visits"", parameters={}"
2026-07-23T00:08:15.950039+00:00,visits-service,visits-service-5bbc99b894-rlpg7,2026-07-23T00:07:43.240275+00:00,DEBUG,3e6dfb53415fd63f,40e40d0da4a03d55,nio-8080-exec-5,o.s.web.servlet.DispatcherServlet,Completed 200 OK
2026-07-23T00:08:15.950039+00:00,visits-service,visits-service-5bbc99b894-rlpg7,2026-07-23T00:07:43.240270+00:00,DEBUG,3e6dfb53415fd63f,40e40d0da4a03d55,nio-8080-exec-5,o.s.web.servlet.DispatcherServlet,"GET ""/owners/1/pets/1/visits"", parameters={}"
2026-07-23T00:08:15.950039+00:00,visits-service,visits-service-5bbc99b894-rlpg7,2026-07-23T00:07:42.990064+00:00,DEBUG,aad615feae4d9210,825462a70cdc828b,nio-8080-exec-4,o.s.web.servlet.DispatcherServlet,Completed 200 OK
2026-07-23T00:08:15.950039+00:00,visits-service,visits-service-5bbc99b894-rlpg7,2026-07-23T00:07:42.990061+00:00,DEBUG,aad615feae4d9210,825462a70cdc828b,nio-8080-exec-4,o.s.web.servlet.DispatcherServlet,"GET ""/owners/1/pets/1/visits"", parameters={}"
2026-07-23T00:08:15.950039+00:00,visits-service,visits-service-5bbc99b894-rlpg7,2026-07-23T00:07:42.739362+00:00,DEBUG,3bfe46321d615560,24f223cdc35937cc,nio-8080-exec-2,o.s.web.servlet.DispatcherServlet,Completed 200 OK
2026-07-23T00:08:15.950039+00:00,visits-service,visits-service-5bbc99b894-rlpg7,2026-07-23T00:07:42.739358+00:00,DEBUG,3bfe46321d615560,24f223cdc35937cc,nio-8080-exec-2,o.s.web.servlet.DispatcherServlet,"GET ""/owners/1/pets/1/visits"", parameters={}"
2026-07-23T00:08:15.950039+00:00,visits-service,visits-service-5bbc99b894-rlpg7,2026-07-23T00:07:41.736277+00:00,DEBUG,44117a77e01d1395,9b07abbf38e6f06d,io-8080-exec-10,o.s.web.servlet.DispatcherServlet,Completed 200 OK
2026-07-23T00:08:15.950039+00:00,visits-service,visits-service-5bbc99b894-rlpg7,2026-07-23T00:07:41.736273+00:00,DEBUG,44117a77e01d1395,9b07abbf38e6f06d,io-8080-exec-10,o.s.web.servlet.DispatcherServlet,"GET ""/owners/1/pets/1/visits"", parameters={}"
2026-07-23T00:08:15.950039+00:00,visits-service,visits-service-5bbc99b894-rlpg7,2026-07-23T00:07:40.984172+00:00,DEBUG,06d75e2c2c57dfd1,cf769ef5a0e98d5b,nio-8080-exec-8,o.s.web.servlet.DispatcherServlet,Completed 200 OK
2026-07-23T00:08:15.950039+00:00,visits-service,visits-service-5bbc99b894-rlpg7,2026-07-23T00:07:40.984168+00:00,DEBUG,06d75e2c2c57dfd1,cf769ef5a0e98d5b,nio-8080-exec-8,o.s.web.servlet.DispatcherServlet,"GET ""/owners/1/pets/1/visits"", parameters={}"
2026-07-23T00:08:15.950039+00:00,visits-service,visits-service-5bbc99b894-rlpg7,2026-07-23T00:07:40.231765+00:00,DEBUG,0262c48659ebbba2,7977828a38dea984,nio-8080-exec-9,o.s.web.servlet.DispatcherServlet,Completed 200 OK
2026-07-23T00:08:15.950039+00:00,visits-service,visits-service-5bbc99b894-rlpg7,2026-07-23T00:07:40.231762+00:00,DEBUG,0262c48659ebbba2,7977828a38dea984,nio-8080-exec-9,o.s.web.servlet.DispatcherServlet,"GET ""/owners/1/pets/1/visits"", parameters={}"
2026-07-23T00:08:15.950039+00:00,visits-service,visits-service-5bbc99b894-rlpg7,2026-07-23T00:07:39.730936+00:00,DEBUG,0c8c884a0225662c,e68fdd9ce3dab42f,nio-8080-exec-6,o.s.web.servlet.DispatcherServlet,Completed 200 OK
2026-07-23T00:08:15.950039+00:00,visits-service,visits-service-5bbc99b894-rlpg7,2026-07-23T00:07:39.730934+00:00,DEBUG,0c8c884a0225662c,e68fdd9ce3dab42f,nio-8080-exec-6,o.s.web.servlet.DispatcherServlet,"GET ""/owners/1/pets/1/visits"", parameters={}"
2026-07-23T00:08:15.950039+00:00,visits-service,visits-service-5bbc99b894-rlpg7,2026-07-23T00:07:38.978328+00:00,DEBUG,d42b3d2b1dda50b7,368c734017f442d8,nio-8080-exec-7,o.s.web.servlet.DispatcherServlet,Completed 200 OK
2026-07-23T00:08:15.950039+00:00,visits-service,visits-service-5bbc99b894-rlpg7,2026-07-23T00:07:38.978325+00:00,DEBUG,d42b3d2b1dda50b7,368c734017f442d8,nio-8080-exec-7,o.s.web.servlet.DispatcherServlet,"GET ""/owners/1/pets/1/visits"", parameters={}"
2026-07-23T00:08:15.950039+00:00,visits-service,visits-service-5bbc99b894-rlpg7,2026-07-23T00:07:38.476116+00:00,DEBUG,5db41cb05e1b2ecc,448ca079acd76db4,nio-8080-exec-1,o.s.web.servlet.DispatcherServlet,Completed 200 OK
2026-07-23T00:08:15.950039+00:00,visits-service,visits-service-5bbc99b894-rlpg7,2026-07-23T00:07:38.476115+00:00,DEBUG,5db41cb05e1b2ecc,448ca079acd76db4,nio-8080-exec-1,o.s.web.servlet.DispatcherServlet,"GET ""/owners/1/pets/1/visits"", parameters={}"
2026-07-23T00:08:15.950039+00:00,visits-service,visits-service-5bbc99b894-rlpg7,2026-07-23T00:07:37.974288+00:00,DEBUG,c20f29c78cb636b5,8bbe74c4ac4e12d7,nio-8080-exec-3,o.s.web.servlet.DispatcherServlet,Completed 200 OK
2026-07-23T00:08:15.950039+00:00,visits-service,visits-service-5bbc99b894-rlpg7,2026-07-23T00:07:37.974285+00:00,DEBUG,c20f29c78cb636b5,8bbe74c4ac4e12d7,nio-8080-exec-3,o.s.web.servlet.DispatcherServlet,"GET ""/owners/1/pets/1/visits"", parameters={}"
2026-07-23T00:08:15.950039+00:00,visits-service,visits-service-5bbc99b894-rlpg7,2026-07-23T00:07:37.222625+00:00,DEBUG,966ea13a14b50804,966ea13a14b50804,nio-8080-exec-5,o.s.web.servlet.DispatcherServlet,Completed 200 OK
2026-07-23T00:08:15.950039+00:00,visits-service,visits-service-5bbc99b894-rlpg7,2026-07-23T00:07:36.971342+00:00,DEBUG,3eb4353ca4754e51,a026c158b0b67986,nio-8080-exec-4,o.s.web.servlet.DispatcherServlet,Completed 200 OK
2026-07-23T00:08:15.950039+00:00,visits-service,visits-service-5bbc99b894-rlpg7,2026-07-23T00:07:36.971338+00:00,DEBUG,3eb4353ca4754e51,a026c158b0b67986,nio-8080-exec-4,o.s.web.servlet.DispatcherServlet,"GET ""/owners/1/pets/1/visits"", parameters={}"
2026-07-23T00:08:15.950039+00:00,visits-service,visits-service-5bbc99b894-rlpg7,2026-07-23T00:07:36.720531+00:00,DEBUG,ef0743ccc6cd5278,caf039a88e58c37b,nio-8080-exec-2,o.s.web.servlet.DispatcherServlet,Completed 200 OK
2026-07-23T00:08:15.950039+00:00,visits-service,visits-service-5bbc99b894-rlpg7,2026-07-23T00:07:36.720528+00:00,DEBUG,ef0743ccc6cd5278,caf039a88e58c37b,nio-8080-exec-2,o.s.web.servlet.DispatcherServlet,"GET ""/owners/1/pets/1/visits"", parameters={}"
2026-07-23T00:08:15.950039+00:00,visits-service,visits-service-5bbc99b894-rlpg7,2026-07-23T00:07:35.217537+00:00,DEBUG,44d70a9b80702576,2f9d175ce9cad40f,io-8080-exec-10,o.s.web.servlet.DispatcherServlet,Completed 200 OK
2026-07-23T00:08:15.950039+00:00,visits-service,visits-service-5bbc99b894-rlpg7,2026-07-23T00:07:35.217533+00:00,DEBUG,44d70a9b80702576,2f9d175ce9cad40f,io-8080-exec-10,o.s.web.servlet.DispatcherServlet,"GET ""/owners/1/pets/1/visits"", parameters={}"
2026-07-23T00:08:15.950039+00:00,visits-service,visits-service-5bbc99b894-rlpg7,2026-07-23T00:07:33.962818+00:00,DEBUG,4fc0ff0e82649fee,ffded173e17ee538,nio-8080-exec-8,o.s.web.servlet.DispatcherServlet,Completed 200 OK
2026-07-23T00:08:15.950039+00:00,visits-service,visits-service-5bbc99b894-rlpg7,2026-07-23T00:07:33.962816+00:00,DEBUG,4fc0ff0e82649fee,ffded173e17ee538,nio-8080-exec-8,o.s.web.servlet.DispatcherServlet,"GET ""/owners/1/pets/1/visits"", parameters={}"
2026-07-23T00:08:15.950039+00:00,visits-service,visits-service-5bbc99b894-rlpg7,2026-07-23T00:07:33.711716+00:00,DEBUG,6f0a349c8bd69db8,3398276a22f23dcc,nio-8080-exec-9,o.s.web.servlet.DispatcherServlet,Completed 200 OK
2026-07-23T00:08:15.950039+00:00,visits-service,visits-service-5bbc99b894-rlpg7,2026-07-23T00:07:33.711713+00:00,DEBUG,6f0a349c8bd69db8,3398276a22f23dcc,nio-8080-exec-9,o.s.web.servlet.DispatcherServlet,"GET ""/owners/1/pets/1/visits"", parameters={}"
2026-07-23T00:08:15.950039+00:00,visits-service,visits-service-5bbc99b894-rlpg7,2026-07-23T00:07:32.708454+00:00,DEBUG,b72e93bab698a52f,b72e93bab698a52f,nio-8080-exec-6,o.s.web.servlet.DispatcherServlet,Completed 200 OK
2026-07-23T00:08:15.950039+00:00,visits-service,visits-service-5bbc99b894-rlpg7,2026-07-23T00:07:32.207155+00:00,DEBUG,feb868f5040ae22e,66d33be85c7530d1,nio-8080-exec-7,o.s.web.servlet.DispatcherServlet,Completed 200 OK
2026-07-23T00:08:15.950039+00:00,visits-service,visits-service-5bbc99b894-rlpg7,2026-07-23T00:07:32.207132+00:00,DEBUG,feb868f5040ae22e,66d33be85c7530d1,nio-8080-exec-7,o.s.web.servlet.DispatcherServlet,"GET ""/owners/1/pets/1/visits"", parameters={}"
2026-07-23T00:08:15.950039+00:00,visits-service,visits-service-5bbc99b894-rlpg7,2026-07-23T00:07:32.207107+00:00,DEBUG,8771288d693c3ca5,f318a1ace05c471a,nio-8080-exec-1,o.s.web.servlet.DispatcherServlet,Completed 200 OK
2026-07-23T00:08:15.950039+00:00,visits-service,visits-service-5bbc99b894-rlpg7,2026-07-23T00:07:32.207103+00:00,DEBUG,8771288d693c3ca5,f318a1ace05c471a,nio-8080-exec-1,o.s.web.servlet.DispatcherServlet,"GET ""/owners/1/pets/1/visits"", parameters={}"
2026-07-23T00:08:15.950039+00:00,visits-service,visits-service-5bbc99b894-rlpg7,2026-07-23T00:07:31.956669+00:00,DEBUG,c91e5a0e19994388,ee84196a4b242982,nio-8080-exec-3,o.s.web.servlet.DispatcherServlet,Completed 200 OK
2026-07-23T00:08:15.950039+00:00,visits-service,visits-service-5bbc99b894-rlpg7,2026-07-23T00:07:31.956664+00:00,DEBUG,c91e5a0e19994388,ee84196a4b242982,nio-8080-exec-3,o.s.web.servlet.DispatcherServlet,"GET ""/owners/1/pets/1/visits"", parameters={}"
2026-07-23T00:08:15.950039+00:00,visits-service,visits-service-5bbc99b894-rlpg7,2026-07-23T00:07:31.705555+00:00,DEBUG,15ff60589d2c92b9,51aee49fbd1b3f04,nio-8080-exec-5,o.s.web.servlet.DispatcherServlet,Completed 200 OK
2026-07-23T00:08:15.950039+00:00,visits-service,visits-service-5bbc99b894-rlpg7,2026-07-23T00:07:31.705552+00:00,DEBUG,15ff60589d2c92b9,51aee49fbd1b3f04,nio-8080-exec-5,o.s.web.servlet.DispatcherServlet,"GET ""/owners/1/pets/1/visits"", parameters={}"
2026-07-23T00:08:15.950039+00:00,visits-service,visits-service-5bbc99b894-rlpg7,2026-07-23T00:07:31.204121+00:00,DEBUG,b30d253f032c1cac,d017da08d5838f5b,nio-8080-exec-4,o.s.web.servlet.DispatcherServlet,Completed 200 OK
2026-07-23T00:08:15.950039+00:00,visits-service,visits-service-5bbc99b894-rlpg7,2026-07-23T00:07:31.204117+00:00,DEBUG,b30d253f032c1cac,d017da08d5838f5b,nio-8080-exec-4,o.s.web.servlet.DispatcherServlet,"GET ""/owners/1/pets/1/visits"", parameters={}"
2026-07-23T00:08:15.950039+00:00,visits-service,visits-service-5bbc99b894-rlpg7,2026-07-23T00:07:30.452030+00:00,DEBUG,c7b1fa4a733f9e31,e4da724422151b79,nio-8080-exec-2,o.s.web.servlet.DispatcherServlet,Completed 200 OK
2026-07-23T00:08:15.950039+00:00,visits-service,visits-service-5bbc99b894-rlpg7,2026-07-23T00:07:30.452027+00:00,DEBUG,c7b1fa4a733f9e31,e4da724422151b79,nio-8080-exec-2,o.s.web.servlet.DispatcherServlet,"GET ""/owners/1/pets/1/visits"", parameters={}"
2026-07-23T00:08:15.950039+00:00,visits-service,visits-service-5bbc99b894-rlpg7,2026-07-23T00:07:29.449194+00:00,DEBUG,4290d10def17262b,4a17b6a3784fa6f2,io-8080-exec-10,o.s.web.servlet.DispatcherServlet,Completed 200 OK
2026-07-23T00:08:15.950039+00:00,visits-service,visits-service-5bbc99b894-rlpg7,2026-07-23T00:07:29.449191+00:00,DEBUG,4290d10def17262b,4a17b6a3784fa6f2,io-8080-exec-10,o.s.web.servlet.DispatcherServlet,"GET ""/owners/1/pets/1/visits"", parameters={}"
2026-07-23T00:08:15.950039+00:00,visits-service,visits-service-5bbc99b894-rlpg7,2026-07-23T00:07:28.445500+00:00,DEBUG,30767f78f8121d27,821bb18df9055f5c,nio-8080-exec-8,o.s.web.servlet.DispatcherServlet,Completed 200 OK
2026-07-23T00:08:15.950039+00:00,visits-service,visits-service-5bbc99b894-rlpg7,2026-07-23T00:07:28.445497+00:00,DEBUG,30767f78f8121d27,821bb18df9055f5c,nio-8080-exec-8,o.s.web.servlet.DispatcherServlet,"GET ""/owners/1/pets/1/visits"", parameters={}"
2026-07-23T00:08:15.950039+00:00,visits-service,visits-service-5bbc99b894-rlpg7,2026-07-23T00:07:28.194355+00:00,DEBUG,de45db29726332ae,0964a8e2544f91e2,nio-8080-exec-9,o.s.web.servlet.DispatcherServlet,Completed 200 OK
2026-07-23T00:08:15.950039+00:00,visits-service,visits-service-5bbc99b894-rlpg7,2026-07-23T00:07:28.194351+00:00,DEBUG,de45db29726332ae,0964a8e2544f91e2,nio-8080-exec-9,o.s.web.servlet.DispatcherServlet,"GET ""/owners/1/pets/1/visits"", parameters={}"
2026-07-23T00:08:15.950039+00:00,visits-service,visits-service-5bbc99b894-rlpg7,2026-07-23T00:07:27.190799+00:00,DEBUG,936f04a9f6a0c0e2,1150ad837eb617c7,nio-8080-exec-6,o.s.web.servlet.DispatcherServlet,Completed 200 OK
2026-07-23T00:08:15.950039+00:00,visits-service,visits-service-5bbc99b894-rlpg7,2026-07-23T00:07:27.190795+00:00,DEBUG,936f04a9f6a0c0e2,1150ad837eb617c7,nio-8080-exec-6,o.s.web.servlet.DispatcherServlet,"GET ""/owners/1/pets/1/visits"", parameters={}"
2026-07-23T00:08:15.950039+00:00,visits-service,visits-service-5bbc99b894-rlpg7,2026-07-23T00:07:26.939874+00:00,DEBUG,13510ce0a7f16aaa,13510ce0a7f16aaa,nio-8080-exec-7,o.s.web.servlet.DispatcherServlet,Completed 200 OK
2026-07-23T00:08:15.950039+00:00,visits-service,visits-service-5bbc99b894-rlpg7,2026-07-23T00:07:25.938460+00:00,DEBUG,01c69c719de28bd0,ded6235cedb8d5c6,nio-8080-exec-1,o.s.web.servlet.DispatcherServlet,Completed 200 OK
2026-07-23T00:08:15.950039+00:00,visits-service,visits-service-5bbc99b894-rlpg7,2026-07-23T00:07:25.938454+00:00,DEBUG,01c69c719de28bd0,ded6235cedb8d5c6,nio-8080-exec-1,o.s.web.servlet.DispatcherServlet,"GET ""/owners/1/pets/1/visits"", parameters={}"
2026-07-23T00:08:15.950039+00:00,visits-service,visits-service-5bbc99b894-rlpg7,2026-07-23T00:07:24.684643+00:00,DEBUG,d459241f77e49f4e,cc197873b0419d06,nio-8080-exec-3,o.s.web.servlet.DispatcherServlet,Completed 200 OK
2026-07-23T00:08:15.950039+00:00,visits-service,visits-service-5bbc99b894-rlpg7,2026-07-23T00:07:24.684639+00:00,DEBUG,d459241f77e49f4e,cc197873b0419d06,nio-8080-exec-3,o.s.web.servlet.DispatcherServlet,"GET ""/owners/1/pets/1/visits"", parameters={}"
2026-07-23T00:08:15.950039+00:00,visits-service,visits-service-5bbc99b894-rlpg7,2026-07-23T00:07:24.433559+00:00,DEBUG,bce78f4da42d9edd,04c1c0ee5384d2e8,nio-8080-exec-5,o.s.web.servlet.DispatcherServlet,Completed 200 OK
2026-07-23T00:08:15.950039+00:00,visits-service,visits-service-5bbc99b894-rlpg7,2026-07-23T00:07:24.433555+00:00,DEBUG,bce78f4da42d9edd,04c1c0ee5384d2e8,nio-8080-exec-5,o.s.web.servlet.DispatcherServlet,"GET ""/owners/1/pets/1/visits"", parameters={}"
2026-07-23T00:08:15.950039+00:00,visits-service,visits-service-5bbc99b894-rlpg7,2026-07-23T00:07:23.682331+00:00,DEBUG,82467f4df2b7a0cc,65c66b4f6a78d087,nio-8080-exec-4,o.s.web.servlet.DispatcherServlet,Completed 200 OK
2026-07-23T00:08:15.950039+00:00,visits-service,visits-service-5bbc99b894-rlpg7,2026-07-23T00:07:23.682328+00:00,DEBUG,82467f4df2b7a0cc,65c66b4f6a78d087,nio-8080-exec-4,o.s.web.servlet.DispatcherServlet,"GET ""/owners/1/pets/1/visits"", parameters={}"
2026-07-23T00:08:15.950039+00:00,visits-service,visits-service-5bbc99b894-rlpg7,2026-07-23T00:07:22.427833+00:00,DEBUG,9db347a6c5bbd43a,9db347a6c5bbd43a,nio-8080-exec-2,o.s.web.servlet.DispatcherServlet,Completed 200 OK
2026-07-23T00:08:15.950039+00:00,visits-service,visits-service-5bbc99b894-rlpg7,2026-07-23T00:07:22.176502+00:00,DEBUG,e68ff30ac8bac130,4170fc789e73b70d,io-8080-exec-10,o.s.web.servlet.DispatcherServlet,Completed 200 OK
2026-07-23T00:08:15.950039+00:00,visits-service,visits-service-5bbc99b894-rlpg7,2026-07-23T00:07:22.176498+00:00,DEBUG,e68ff30ac8bac130,4170fc789e73b70d,io-8080-exec-10,o.s.web.servlet.DispatcherServlet,"GET ""/owners/1/pets/1/visits"", parameters={}"
2026-07-23T00:08:15.950039+00:00,visits-service,visits-service-5bbc99b894-rlpg7,2026-07-23T00:07:21.425178+00:00,DEBUG,71c427acf749cdf7,da91178bbc53ee86,nio-8080-exec-8,o.s.web.servlet.DispatcherServlet,Completed 200 OK
2026-07-23T00:08:15.950039+00:00,visits-service,visits-service-5bbc99b894-rlpg7,2026-07-23T00:07:21.425176+00:00,DEBUG,71c427acf749cdf7,da91178bbc53ee86,nio-8080-exec-8,o.s.web.servlet.DispatcherServlet,"GET ""/owners/1/pets/1/visits"", parameters={}"
2026-07-23T00:08:15.950039+00:00,visits-service,visits-service-5bbc99b894-rlpg7,2026-07-23T00:07:20.924412+00:00,DEBUG,04ea20bc081d879b,c6e43e17184776fd,nio-8080-exec-9,o.s.web.servlet.DispatcherServlet,Completed 200 OK
2026-07-23T00:08:15.950039+00:00,visits-service,visits-service-5bbc99b894-rlpg7,2026-07-23T00:07:20.924410+00:00,DEBUG,04ea20bc081d879b,c6e43e17184776fd,nio-8080-exec-9,o.s.web.servlet.DispatcherServlet,"GET ""/owners/1/pets/1/visits"", parameters={}"
2026-07-23T00:08:15.950039+00:00,visits-service,visits-service-5bbc99b894-rlpg7,2026-07-23T00:07:20.673152+00:00,DEBUG,b5ad5b5da203642a,82d6fd038faad0d0,nio-8080-exec-6,o.s.web.servlet.DispatcherServlet,Completed 200 OK
2026-07-23T00:08:15.950039+00:00,visits-service,visits-service-5bbc99b894-rlpg7,2026-07-23T00:07:20.673141+00:00,DEBUG,b5ad5b5da203642a,82d6fd038faad0d0,nio-8080-exec-6,o.s.web.servlet.DispatcherServlet,"GET ""/owners/1/pets/1/visits"", parameters={}"
2026-07-23T00:08:15.950039+00:00,visits-service,visits-service-5bbc99b894-rlpg7,2026-07-23T00:07:19.670931+00:00,DEBUG,9ca36d325a1ff533,187e73b030ac3fc0,nio-8080-exec-7,o.s.web.servlet.DispatcherServlet,Completed 200 OK
2026-07-23T00:08:15.950039+00:00,visits-service,visits-service-5bbc99b894-rlpg7,2026-07-23T00:07:19.670927+00:00,DEBUG,9ca36d325a1ff533,187e73b030ac3fc0,nio-8080-exec-7,o.s.web.servlet.DispatcherServlet,"GET ""/owners/1/pets/1/visits"", parameters={}"
2026-07-23T00:08:15.950039+00:00,visits-service,visits-service-5bbc99b894-rlpg7,2026-07-23T00:07:19.170450+00:00,DEBUG,bd29258e220c50e3,4e97969d8c03a6c7,nio-8080-exec-1,o.s.web.servlet.DispatcherServlet,Completed 200 OK
2026-07-23T00:08:15.950039+00:00,visits-service,visits-service-5bbc99b894-rlpg7,2026-07-23T00:07:19.170446+00:00,DEBUG,bd29258e220c50e3,4e97969d8c03a6c7,nio-8080-exec-1,o.s.web.servlet.DispatcherServlet,"GET ""/owners/1/pets/1/visits"", parameters={}"
2026-07-23T00:08:15.950039+00:00,visits-service,visits-service-5bbc99b894-rlpg7,2026-07-23T00:07:18.167089+00:00,DEBUG,4ed43900a1ed3a34,ef5a210ddff6a8d0,nio-8080-exec-3,o.s.web.servlet.DispatcherServlet,Completed 200 OK
2026-07-23T00:08:15.950039+00:00,visits-service,visits-service-5bbc99b894-rlpg7,2026-07-23T00:07:18.167067+00:00,DEBUG,4ed43900a1ed3a34,ef5a210ddff6a8d0,nio-8080-exec-3,o.s.web.servlet.DispatcherServlet,"GET ""/owners/1/pets/1/visits"", parameters={}"
2026-07-23T00:08:15.950039+00:00,visits-service,visits-service-5bbc99b894-rlpg7,2026-07-23T00:07:18.167042+00:00,DEBUG,7dab5424df326c66,9ffd95e4221a5af6,nio-8080-exec-5,o.s.web.servlet.DispatcherServlet,Completed 200 OK
2026-07-23T00:08:15.950039+00:00,visits-service,visits-service-5bbc99b894-rlpg7,2026-07-23T00:07:18.167038+00:00,DEBUG,7dab5424df326c66,9ffd95e4221a5af6,nio-8080-exec-5,o.s.web.servlet.DispatcherServlet,"GET ""/owners/1/pets/1/visits"", parameters={}"
2026-07-23T00:08:15.950039+00:00,visits-service,visits-service-5bbc99b894-rlpg7,2026-07-23T00:07:17.915831+00:00,DEBUG,e65bd2c41f89fe24,cc5f83adcad1a03a,nio-8080-exec-4,o.s.web.servlet.DispatcherServlet,Completed 200 OK
2026-07-23T00:08:15.950039+00:00,visits-service,visits-service-5bbc99b894-rlpg7,2026-07-23T00:07:17.915827+00:00,DEBUG,e65bd2c41f89fe24,cc5f83adcad1a03a,nio-8080-exec-4,o.s.web.servlet.DispatcherServlet,"GET ""/owners/1/pets/1/visits"", parameters={}"
2026-07-23T00:08:15.950039+00:00,visits-service,visits-service-5bbc99b894-rlpg7,2026-07-23T00:07:17.414326+00:00,DEBUG,766fe7283506a8a2,6d20bd5374aa23c7,nio-8080-exec-2,o.s.web.servlet.DispatcherServlet,Completed 200 OK
2026-07-23T00:08:15.950039+00:00,visits-service,visits-service-5bbc99b894-rlpg7,2026-07-23T00:07:17.414322+00:00,DEBUG,766fe7283506a8a2,6d20bd5374aa23c7,nio-8080-exec-2,o.s.web.servlet.DispatcherServlet,"GET ""/owners/1/pets/1/visits"", parameters={}"
2026-07-23T00:08:15.950039+00:00,visits-service,visits-service-5bbc99b894-rlpg7,2026-07-23T00:07:17.163929+00:00,DEBUG,b8d1273837c24de2,b8d1273837c24de2,io-8080-exec-10,o.s.web.servlet.DispatcherServlet,Completed 200 OK
2026-07-23T00:08:15.950039+00:00,visits-service,visits-service-5bbc99b894-rlpg7,2026-07-23T00:07:16.913753+00:00,DEBUG,02197c5cf0049a7f,e3e12a95cd71f532,nio-8080-exec-8,o.s.web.servlet.DispatcherServlet,Completed 200 OK
2026-07-23T00:08:15.950039+00:00,visits-service,visits-service-5bbc99b894-rlpg7,2026-07-23T00:07:16.913748+00:00,DEBUG,02197c5cf0049a7f,e3e12a95cd71f532,nio-8080-exec-8,o.s.web.servlet.DispatcherServlet,"GET ""/owners/1/pets/1/visits"", parameters={}"
2026-07-23T00:08:15.950039+00:00,visits-service,visits-service-5bbc99b894-rlpg7,2026-07-23T00:07:16.412596+00:00,DEBUG,53cbe60108f7f6ff,fd860aea466dd17d,nio-8080-exec-9,o.s.web.servlet.DispatcherServlet,Completed 200 OK
2026-07-23T00:08:15.950039+00:00,visits-service,visits-service-5bbc99b894-rlpg7,2026-07-23T00:07:16.412594+00:00,DEBUG,53cbe60108f7f6ff,fd860aea466dd17d,nio-8080-exec-9,o.s.web.servlet.DispatcherServlet,"GET ""/owners/1/pets/1/visits"", parameters={}"
2026-07-23T00:08:15.950039+00:00,visits-service,visits-service-5bbc99b894-rlpg7,2026-07-23T00:07:15.910574+00:00,DEBUG,2d1c861b7a72a58f,b70501c59970f691,nio-8080-exec-6,o.s.web.servlet.DispatcherServlet,Completed 200 OK
2026-07-23T00:08:15.950039+00:00,visits-service,visits-service-5bbc99b894-rlpg7,2026-07-23T00:07:15.910572+00:00,DEBUG,2d1c861b7a72a58f,b70501c59970f691,nio-8080-exec-6,o.s.web.servlet.DispatcherServlet,"GET ""/owners/1/pets/1/visits"", parameters={}"
2026-07-23T00:08:15.950039+00:00,visits-service,visits-service-5bbc99b894-rlpg7,2026-07-23T00:07:15.407843+00:00,DEBUG,aa3439932c53a1d6,d800eb3cf62e7234,nio-8080-exec-7,o.s.web.servlet.DispatcherServlet,Completed 200 OK
2026-07-23T00:08:15.950039+00:00,visits-service,visits-service-5bbc99b894-rlpg7,2026-07-23T00:07:15.407839+00:00,DEBUG,aa3439932c53a1d6,d800eb3cf62e7234,nio-8080-exec-7,o.s.web.servlet.DispatcherServlet,"GET ""/owners/1/pets/1/visits"", parameters={}"
2026-07-23T00:08:15.950039+00:00,visits-service,visits-service-5bbc99b894-rlpg7,2026-07-23T00:07:14.905641+00:00,DEBUG,c81937065bb9e5da,3347a2eb7202eddd,nio-8080-exec-1,o.s.web.servlet.DispatcherServlet,Completed 200 OK
2026-07-23T00:08:15.950039+00:00,visits-service,visits-service-5bbc99b894-rlpg7,2026-07-23T00:07:14.905637+00:00,DEBUG,c81937065bb9e5da,3347a2eb7202eddd,nio-8080-exec-1,o.s.web.servlet.DispatcherServlet,"GET ""/owners/1/pets/1/visits"", parameters={}"
2026-07-23T00:08:15.950039+00:00,visits-service,visits-service-5bbc99b894-rlpg7,2026-07-23T00:07:13.652816+00:00,DEBUG,20b801ed2fab72b5,92806799cd64061b,nio-8080-exec-3,o.s.web.servlet.DispatcherServlet,Completed 200 OK
2026-07-23T00:08:15.950039+00:00,visits-service,visits-service-5bbc99b894-rlpg7,2026-07-23T00:07:13.652815+00:00,DEBUG,20b801ed2fab72b5,92806799cd64061b,nio-8080-exec-3,o.s.web.servlet.DispatcherServlet,"GET ""/owners/1/pets/1/visits"", parameters={}"
2026-07-23T00:08:15.950039+00:00,visits-service,visits-service-5bbc99b894-rlpg7,2026-07-23T00:07:13.151525+00:00,DEBUG,93243cf707ea43bc,018b30803648ce45,nio-8080-exec-5,o.s.web.servlet.DispatcherServlet,Completed 200 OK
2026-07-23T00:08:15.950039+00:00,visits-service,visits-service-5bbc99b894-rlpg7,2026-07-23T00:07:13.151522+00:00,DEBUG,93243cf707ea43bc,018b30803648ce45,nio-8080-exec-5,o.s.web.servlet.DispatcherServlet,"GET ""/owners/1/pets/1/visits"", parameters={}"
2026-07-23T00:08:15.950039+00:00,visits-service,visits-service-5bbc99b894-rlpg7,2026-07-23T00:07:12.900156+00:00,DEBUG,939442505f03fb04,7584c3af520bbf09,nio-8080-exec-4,o.s.web.servlet.DispatcherServlet,Completed 200 OK
2026-07-23T00:08:15.950039+00:00,visits-service,visits-service-5bbc99b894-rlpg7,2026-07-23T00:07:12.900151+00:00,DEBUG,939442505f03fb04,7584c3af520bbf09,nio-8080-exec-4,o.s.web.servlet.DispatcherServlet,"GET ""/owners/1/pets/1/visits"", parameters={}"
2026-07-23T00:08:15.950039+00:00,visits-service,visits-service-5bbc99b894-rlpg7,2026-07-23T00:07:12.399161+00:00,DEBUG,f77c39763d18d100,477d8291aab38c62,nio-8080-exec-2,o.s.web.servlet.DispatcherServlet,Completed 200 OK
2026-07-23T00:08:15.950039+00:00,visits-service,visits-service-5bbc99b894-rlpg7,2026-07-23T00:07:12.399157+00:00,DEBUG,f77c39763d18d100,477d8291aab38c62,nio-8080-exec-2,o.s.web.servlet.DispatcherServlet,"GET ""/owners/1/pets/1/visits"", parameters={}"
2026-07-23T00:08:15.950039+00:00,visits-service,visits-service-5bbc99b894-rlpg7,2026-07-23T00:07:12.148903+00:00,DEBUG,da47ef8ce44b5660,c5bb84b8d68d2a31,io-8080-exec-10,o.s.web.servlet.DispatcherServlet,Completed 200 OK
2026-07-23T00:08:15.950039+00:00,visits-service,visits-service-5bbc99b894-rlpg7,2026-07-23T00:07:12.148872+00:00,DEBUG,da47ef8ce44b5660,c5bb84b8d68d2a31,io-8080-exec-10,o.s.web.servlet.DispatcherServlet,"GET ""/owners/1/pets/1/visits"", parameters={}"
2026-07-23T00:08:15.950039+00:00,visits-service,visits-service-5bbc99b894-rlpg7,2026-07-23T00:07:12.148848+00:00,DEBUG,c91583d01e76937b,c740e67fa96ff602,nio-8080-exec-8,o.s.web.servlet.DispatcherServlet,Completed 200 OK
2026-07-23T00:08:15.950039+00:00,visits-service,visits-service-5bbc99b894-rlpg7,2026-07-23T00:07:12.148844+00:00,DEBUG,c91583d01e76937b,c740e67fa96ff602,nio-8080-exec-8,o.s.web.servlet.DispatcherServlet,"GET ""/owners/1/pets/1/visits"", parameters={}"
2026-07-23T00:09:17.185885+00:00,customers-service,customers-service-68b57f7b8c-2hfs9,2026-07-23T00:09:11.956176+00:00,DEBUG,6b8eec84843d3a60,6b8eec84843d3a60,io-8080-exec-10,o.s.web.servlet.DispatcherServlet,Completed 200 OK
2026-07-23T00:09:17.185885+00:00,customers-service,customers-service-68b57f7b8c-2hfs9,2026-07-23T00:09:09.200639+00:00,DEBUG,34a50cb3a28ec124,34a50cb3a28ec124,nio-8080-exec-9,o.s.web.servlet.DispatcherServlet,Completed 200 OK
2026-07-23T00:09:17.185885+00:00,customers-service,customers-service-68b57f7b8c-2hfs9,2026-07-23T00:09:04.939462+00:00,DEBUG,369ac0f2e301f82b,369ac0f2e301f82b,nio-8080-exec-4,o.s.web.servlet.DispatcherServlet,Completed 200 OK
2026-07-23T00:09:17.185885+00:00,customers-service,customers-service-68b57f7b8c-2hfs9,2026-07-23T00:09:03.434751+00:00,DEBUG,e9e296918879c4ee,6c2eb992773ea2bc,nio-8080-exec-5,o.s.web.servlet.DispatcherServlet,Completed 200 OK
2026-07-23T00:09:17.185885+00:00,customers-service,customers-service-68b57f7b8c-2hfs9,2026-07-23T00:09:03.434749+00:00,DEBUG,e9e296918879c4ee,799e5f17643e8936,nio-8080-exec-5,o.s.web.servlet.DispatcherServlet,"GET ""/owners"", parameters={}"
2026-07-23T00:09:17.185885+00:00,customers-service,customers-service-68b57f7b8c-2hfs9,2026-07-23T00:09:03.184782+00:00,DEBUG,38e883f519a51aeb,6ccc16b4ac716c4e,nio-8080-exec-8,o.s.web.servlet.DispatcherServlet,Completed 200 OK
2026-07-23T00:09:17.185885+00:00,customers-service,customers-service-68b57f7b8c-2hfs9,2026-07-23T00:09:03.184749+00:00,DEBUG,38e883f519a51aeb,ce03431f918c34df,nio-8080-exec-8,o.s.web.servlet.DispatcherServlet,"GET ""/owners/1"", parameters={}"
2026-07-23T00:09:17.185885+00:00,customers-service,customers-service-68b57f7b8c-2hfs9,2026-07-23T00:09:03.184742+00:00,DEBUG,4d1010cee44cd9d8,bb91842103f1b109,nio-8080-exec-7,o.s.web.servlet.DispatcherServlet,Completed 200 OK
2026-07-23T00:09:17.185885+00:00,customers-service,customers-service-68b57f7b8c-2hfs9,2026-07-23T00:09:02.933563+00:00,DEBUG,4d1010cee44cd9d8,26aa69f99bd96e80,nio-8080-exec-7,o.s.web.servlet.DispatcherServlet,"GET ""/owners"", parameters={}"
2026-07-23T00:09:17.185885+00:00,customers-service,customers-service-68b57f7b8c-2hfs9,2026-07-23T00:09:02.933544+00:00,DEBUG,0024ece6f0f1a1ef,4dc1f605c4d6f9b1,nio-8080-exec-6,o.s.web.servlet.DispatcherServlet,Completed 200 OK
2026-07-23T00:09:17.185885+00:00,customers-service,customers-service-68b57f7b8c-2hfs9,2026-07-23T00:09:02.933541+00:00,DEBUG,0024ece6f0f1a1ef,539ae1eda449ab44,nio-8080-exec-6,o.s.web.servlet.DispatcherServlet,"GET ""/owners/1"", parameters={}"
2026-07-23T00:09:17.185885+00:00,customers-service,customers-service-68b57f7b8c-2hfs9,2026-07-23T00:09:02.682782+00:00,DEBUG,6cfcd6e25dd9ef7a,5d94c05bb983dca7,nio-8080-exec-2,o.s.web.servlet.DispatcherServlet,Completed 200 OK
2026-07-23T00:09:17.185885+00:00,customers-service,customers-service-68b57f7b8c-2hfs9,2026-07-23T00:09:02.431872+00:00,DEBUG,6cfcd6e25dd9ef7a,d704e4b1c3609cef,nio-8080-exec-2,o.s.web.servlet.DispatcherServlet,"GET ""/owners"", parameters={}"
2026-07-23T00:09:17.185885+00:00,customers-service,customers-service-68b57f7b8c-2hfs9,2026-07-23T00:09:01.930927+00:00,DEBUG,6ed748a351db8bd5,a9684b2b25b0bba7,nio-8080-exec-1,o.s.web.servlet.DispatcherServlet,Completed 200 OK
2026-07-23T00:09:17.185885+00:00,customers-service,customers-service-68b57f7b8c-2hfs9,2026-07-23T00:09:01.930921+00:00,DEBUG,6ed748a351db8bd5,92ce03e65100490b,nio-8080-exec-1,o.s.web.servlet.DispatcherServlet,"GET ""/owners/1"", parameters={}"
2026-07-23T00:09:17.185885+00:00,customers-service,customers-service-68b57f7b8c-2hfs9,2026-07-23T00:09:01.679842+00:00,DEBUG,6ef0c7904e0efd0a,68cb1c2d7755b7ad,nio-8080-exec-3,o.s.web.servlet.DispatcherServlet,Completed 200 OK
2026-07-23T00:09:17.185885+00:00,customers-service,customers-service-68b57f7b8c-2hfs9,2026-07-23T00:09:01.679824+00:00,DEBUG,6ef0c7904e0efd0a,dd7a7677f3095dc8,nio-8080-exec-3,o.s.web.servlet.DispatcherServlet,"GET ""/owners/1"", parameters={}"
2026-07-23T00:09:17.185885+00:00,customers-service,customers-service-68b57f7b8c-2hfs9,2026-07-23T00:09:01.429556+00:00,DEBUG,29232952fc248c1d,609ae1fb57222c47,io-8080-exec-10,o.s.web.servlet.DispatcherServlet,Completed 200 OK
2026-07-23T00:09:17.185885+00:00,customers-service,customers-service-68b57f7b8c-2hfs9,2026-07-23T00:09:01.429528+00:00,DEBUG,29232952fc248c1d,0c0e308e7f783b4d,io-8080-exec-10,o.s.web.servlet.DispatcherServlet,"GET ""/owners"", parameters={}"
2026-07-23T00:09:17.185885+00:00,customers-service,customers-service-68b57f7b8c-2hfs9,2026-07-23T00:09:01.178373+00:00,DEBUG,87ce32f29fa8f677,ee1105f5898d7e3a,nio-8080-exec-9,o.s.web.servlet.DispatcherServlet,Completed 200 OK
2026-07-23T00:09:17.185885+00:00,customers-service,customers-service-68b57f7b8c-2hfs9,2026-07-23T00:09:01.178367+00:00,DEBUG,87ce32f29fa8f677,937cbc4b3c875129,nio-8080-exec-9,o.s.web.servlet.DispatcherServlet,"GET ""/owners"", parameters={}"
2026-07-23T00:09:17.185885+00:00,customers-service,customers-service-68b57f7b8c-2hfs9,2026-07-23T00:09:00.927594+00:00,DEBUG,e173314b7b838faa,cb75045f3876f096,nio-8080-exec-4,o.s.web.servlet.DispatcherServlet,Completed 200 OK
2026-07-23T00:09:17.185885+00:00,customers-service,customers-service-68b57f7b8c-2hfs9,2026-07-23T00:09:00.927588+00:00,DEBUG,e173314b7b838faa,aec893c9af54ac67,nio-8080-exec-4,o.s.web.servlet.DispatcherServlet,"GET ""/owners"", parameters={}"
2026-07-23T00:09:17.185885+00:00,customers-service,customers-service-68b57f7b8c-2hfs9,2026-07-23T00:09:00.425702+00:00,DEBUG,e4c93a59a5dfae21,483e0a4490ee48a2,nio-8080-exec-5,o.s.web.servlet.DispatcherServlet,Completed 200 OK
2026-07-23T00:09:17.185885+00:00,customers-service,customers-service-68b57f7b8c-2hfs9,2026-07-23T00:09:00.425695+00:00,DEBUG,e4c93a59a5dfae21,2d6b8084c563d4e9,nio-8080-exec-5,o.s.web.servlet.DispatcherServlet,"GET ""/owners/1"", parameters={}"
2026-07-23T00:09:17.185885+00:00,customers-service,customers-service-68b57f7b8c-2hfs9,2026-07-23T00:09:00.174679+00:00,DEBUG,a53ad69a46abb2df,9f5d1f15acb534df,nio-8080-exec-8,o.s.web.servlet.DispatcherServlet,Completed 200 OK
2026-07-23T00:09:17.185885+00:00,customers-service,customers-service-68b57f7b8c-2hfs9,2026-07-23T00:09:00.174601+00:00,DEBUG,a53ad69a46abb2df,1ba107a7ce8f3191,nio-8080-exec-8,o.s.web.servlet.DispatcherServlet,"GET ""/owners"", parameters={}"
2026-07-23T00:09:17.185885+00:00,customers-service,customers-service-68b57f7b8c-2hfs9,2026-07-23T00:08:59.924023+00:00,DEBUG,a58defdbb8c62e5b,515e38784ac0e914,nio-8080-exec-7,o.s.web.servlet.DispatcherServlet,Completed 200 OK
2026-07-23T00:09:17.185885+00:00,customers-service,customers-service-68b57f7b8c-2hfs9,2026-07-23T00:08:59.924013+00:00,DEBUG,a58defdbb8c62e5b,4f5a5da975e4a314,nio-8080-exec-7,o.s.web.servlet.DispatcherServlet,"GET ""/owners/1"", parameters={}"
2026-07-23T00:09:17.185885+00:00,customers-service,customers-service-68b57f7b8c-2hfs9,2026-07-23T00:08:59.422389+00:00,DEBUG,16ad8e4393ea0918,313347f32bdce57b,nio-8080-exec-6,o.s.web.servlet.DispatcherServlet,Completed 200 OK
2026-07-23T00:09:17.185885+00:00,customers-service,customers-service-68b57f7b8c-2hfs9,2026-07-23T00:08:59.422383+00:00,DEBUG,16ad8e4393ea0918,163b46beea824aef,nio-8080-exec-6,o.s.web.servlet.DispatcherServlet,"GET ""/owners/1"", parameters={}"
2026-07-23T00:09:17.185885+00:00,customers-service,customers-service-68b57f7b8c-2hfs9,2026-07-23T00:08:59.172038+00:00,DEBUG,00a9fac62ad33765,93339bffa410764b,nio-8080-exec-2,o.s.web.servlet.DispatcherServlet,Completed 200 OK
2026-07-23T00:09:17.185885+00:00,customers-service,customers-service-68b57f7b8c-2hfs9,2026-07-23T00:08:58.920866+00:00,DEBUG,00a9fac62ad33765,bfc25a562bbe0a5e,nio-8080-exec-2,o.s.web.servlet.DispatcherServlet,"GET ""/owners"", parameters={}"
2026-07-23T00:09:17.185885+00:00,customers-service,customers-service-68b57f7b8c-2hfs9,2026-07-23T00:08:58.920850+00:00,DEBUG,f578acbfb8de9e5d,61502dcde4cdf4f2,nio-8080-exec-1,o.s.web.servlet.DispatcherServlet,Completed 200 OK
2026-07-23T00:09:17.185885+00:00,customers-service,customers-service-68b57f7b8c-2hfs9,2026-07-23T00:08:58.920843+00:00,DEBUG,f578acbfb8de9e5d,e20ab0d2f5a3a5eb,nio-8080-exec-1,o.s.web.servlet.DispatcherServlet,"GET ""/owners/1"", parameters={}"
2026-07-23T00:09:17.185885+00:00,customers-service,customers-service-68b57f7b8c-2hfs9,2026-07-23T00:08:58.419703+00:00,DEBUG,b72eb1a3efc9e52d,f543552d88e040b4,nio-8080-exec-3,o.s.web.servlet.DispatcherServlet,Completed 200 OK
2026-07-23T00:09:17.185885+00:00,customers-service,customers-service-68b57f7b8c-2hfs9,2026-07-23T00:08:58.419698+00:00,DEBUG,b72eb1a3efc9e52d,a8895237460c3f5e,nio-8080-exec-3,o.s.web.servlet.DispatcherServlet,"GET ""/owners/1"", parameters={}"
2026-07-23T00:09:17.185885+00:00,customers-service,customers-service-68b57f7b8c-2hfs9,2026-07-23T00:08:58.168200+00:00,DEBUG,12e0492973202fdc,4c679e567267d247,io-8080-exec-10,o.s.web.servlet.DispatcherServlet,Completed 200 OK
2026-07-23T00:09:17.185885+00:00,customers-service,customers-service-68b57f7b8c-2hfs9,2026-07-23T00:08:58.168188+00:00,DEBUG,12e0492973202fdc,603709cd3699368b,io-8080-exec-10,o.s.web.servlet.DispatcherServlet,"GET ""/owners"", parameters={}"
2026-07-23T00:09:17.185885+00:00,customers-service,customers-service-68b57f7b8c-2hfs9,2026-07-23T00:08:57.667476+00:00,DEBUG,2a91ca01a173cea7,0adc8571c9cbfdbc,nio-8080-exec-9,o.s.web.servlet.DispatcherServlet,Completed 200 OK
2026-07-23T00:09:17.185885+00:00,customers-service,customers-service-68b57f7b8c-2hfs9,2026-07-23T00:08:57.667470+00:00,DEBUG,2a91ca01a173cea7,f4bbb0525ca436b4,nio-8080-exec-9,o.s.web.servlet.DispatcherServlet,"GET ""/owners/1"", parameters={}"
2026-07-23T00:09:17.185885+00:00,customers-service,customers-service-68b57f7b8c-2hfs9,2026-07-23T00:08:57.166111+00:00,DEBUG,d473a8813a04c35d,6647230de2ffc6b5,nio-8080-exec-4,o.s.web.servlet.DispatcherServlet,Completed 200 OK
2026-07-23T00:09:17.185885+00:00,customers-service,customers-service-68b57f7b8c-2hfs9,2026-07-23T00:08:57.166080+00:00,DEBUG,d473a8813a04c35d,46bbcbf7a3b23b60,nio-8080-exec-4,o.s.web.servlet.DispatcherServlet,"GET ""/owners"", parameters={}"
2026-07-23T00:09:17.185885+00:00,customers-service,customers-service-68b57f7b8c-2hfs9,2026-07-23T00:08:57.166074+00:00,DEBUG,52d97eac3902cc16,3e739ced24a0b0c8,nio-8080-exec-5,o.s.web.servlet.DispatcherServlet,Completed 200 OK
2026-07-23T00:09:17.185885+00:00,customers-service,customers-service-68b57f7b8c-2hfs9,2026-07-23T00:08:56.914928+00:00,DEBUG,52d97eac3902cc16,757eca92755d8224,nio-8080-exec-5,o.s.web.servlet.DispatcherServlet,"GET ""/owners"", parameters={}"
2026-07-23T00:09:17.185885+00:00,customers-service,customers-service-68b57f7b8c-2hfs9,2026-07-23T00:08:56.914910+00:00,DEBUG,19f9ec107914ad6e,92ad317bb3596676,nio-8080-exec-8,o.s.web.servlet.DispatcherServlet,Completed 200 OK
2026-07-23T00:09:17.185885+00:00,customers-service,customers-service-68b57f7b8c-2hfs9,2026-07-23T00:08:56.914906+00:00,DEBUG,19f9ec107914ad6e,5039239a333211bb,nio-8080-exec-8,o.s.web.servlet.DispatcherServlet,"GET ""/owners/1"", parameters={}"
2026-07-23T00:09:17.185885+00:00,customers-service,customers-service-68b57f7b8c-2hfs9,2026-07-23T00:08:56.664106+00:00,DEBUG,5c0be97008d8ca3d,1d7cc1d27a54f52a,nio-8080-exec-7,o.s.web.servlet.DispatcherServlet,Completed 200 OK
2026-07-23T00:09:17.185885+00:00,customers-service,customers-service-68b57f7b8c-2hfs9,2026-07-23T00:08:56.664085+00:00,DEBUG,5c0be97008d8ca3d,578ebe86d23d145f,nio-8080-exec-7,o.s.web.servlet.DispatcherServlet,"GET ""/owners"", parameters={}"
2026-07-23T00:09:17.185885+00:00,customers-service,customers-service-68b57f7b8c-2hfs9,2026-07-23T00:08:56.664080+00:00,DEBUG,cc88561e5824d076,db672d1ce1309739,nio-8080-exec-6,o.s.web.servlet.DispatcherServlet,Completed 200 OK
2026-07-23T00:09:17.185885+00:00,customers-service,customers-service-68b57f7b8c-2hfs9,2026-07-23T00:08:56.413141+00:00,DEBUG,cc88561e5824d076,3cc87c077858b96b,nio-8080-exec-6,o.s.web.servlet.DispatcherServlet,"GET ""/owners/1"", parameters={}"
2026-07-23T00:09:17.185885+00:00,customers-service,customers-service-68b57f7b8c-2hfs9,2026-07-23T00:08:55.660882+00:00,DEBUG,bbbbd2b72ea29bce,ff03f8757d296f09,nio-8080-exec-2,o.s.web.servlet.DispatcherServlet,Completed 200 OK
2026-07-23T00:09:17.185885+00:00,customers-service,customers-service-68b57f7b8c-2hfs9,2026-07-23T00:08:55.660853+00:00,DEBUG,bbbbd2b72ea29bce,837c7671a9d62d9c,nio-8080-exec-2,o.s.web.servlet.DispatcherServlet,"GET ""/owners/1"", parameters={}"
2026-07-23T00:09:17.185885+00:00,customers-service,customers-service-68b57f7b8c-2hfs9,2026-07-23T00:08:55.660847+00:00,DEBUG,1e531fa529513716,8f0cdef131296ee5,nio-8080-exec-1,o.s.web.servlet.DispatcherServlet,Completed 200 OK
2026-07-23T00:09:17.185885+00:00,customers-service,customers-service-68b57f7b8c-2hfs9,2026-07-23T00:08:55.409711+00:00,DEBUG,1e531fa529513716,dc33208bde395bea,nio-8080-exec-1,o.s.web.servlet.DispatcherServlet,"GET ""/owners/1"", parameters={}"
2026-07-23T00:09:17.185885+00:00,customers-service,customers-service-68b57f7b8c-2hfs9,2026-07-23T00:08:55.409680+00:00,DEBUG,e725176fb09be4b1,7a9fc315524e6e8a,nio-8080-exec-3,o.s.web.servlet.DispatcherServlet,Completed 200 OK
2026-07-23T00:09:17.185885+00:00,customers-service,customers-service-68b57f7b8c-2hfs9,2026-07-23T00:08:55.409674+00:00,DEBUG,e725176fb09be4b1,9a8bf1919aed54de,nio-8080-exec-3,o.s.web.servlet.DispatcherServlet,"GET ""/owners/1"", parameters={}"
2026-07-23T00:09:17.185885+00:00,customers-service,customers-service-68b57f7b8c-2hfs9,2026-07-23T00:08:55.159577+00:00,DEBUG,9add3a14189f0941,f201175e4ae0cab0,io-8080-exec-10,o.s.web.servlet.DispatcherServlet,Completed 200 OK
2026-07-23T00:09:17.185885+00:00,customers-service,customers-service-68b57f7b8c-2hfs9,2026-07-23T00:08:55.159516+00:00,DEBUG,9add3a14189f0941,81df63d829973e65,io-8080-exec-10,o.s.web.servlet.DispatcherServlet,"GET ""/owners"", parameters={}"
2026-07-23T00:09:17.185885+00:00,customers-service,customers-service-68b57f7b8c-2hfs9,2026-07-23T00:08:54.658219+00:00,DEBUG,adb3103ddce092f1,3debfa687a669e2c,nio-8080-exec-9,o.s.web.servlet.DispatcherServlet,Completed 200 OK
2026-07-23T00:09:17.185885+00:00,customers-service,customers-service-68b57f7b8c-2hfs9,2026-07-23T00:08:54.658171+00:00,DEBUG,adb3103ddce092f1,0a11561f5668e72c,nio-8080-exec-9,o.s.web.servlet.DispatcherServlet,"GET ""/owners"", parameters={}"
2026-07-23T00:09:17.185885+00:00,customers-service,customers-service-68b57f7b8c-2hfs9,2026-07-23T00:08:54.658160+00:00,DEBUG,c1620288e0a9dd76,caef545f8544a4ca,nio-8080-exec-4,o.s.web.servlet.DispatcherServlet,Completed 200 OK
2026-07-23T00:09:17.185885+00:00,customers-service,customers-service-68b57f7b8c-2hfs9,2026-07-23T00:08:54.407221+00:00,DEBUG,c1620288e0a9dd76,c9ffa086513bd38a,nio-8080-exec-4,o.s.web.servlet.DispatcherServlet,"GET ""/owners/1"", parameters={}"
2026-07-23T00:09:17.185885+00:00,customers-service,customers-service-68b57f7b8c-2hfs9,2026-07-23T00:08:54.407079+00:00,DEBUG,0a663c3cb16dd29a,551307b07768a1be,nio-8080-exec-5,o.s.web.servlet.DispatcherServlet,Completed 200 OK
2026-07-23T00:09:17.185885+00:00,customers-service,customers-service-68b57f7b8c-2hfs9,2026-07-23T00:08:54.407040+00:00,DEBUG,0a663c3cb16dd29a,2ff158267ece7d1f,nio-8080-exec-5,o.s.web.servlet.DispatcherServlet,"GET ""/owners/1"", parameters={}"
2026-07-23T00:09:17.185885+00:00,customers-service,customers-service-68b57f7b8c-2hfs9,2026-07-23T00:08:54.407006+00:00,DEBUG,123a45febb1db8c8,123a45febb1db8c8,nio-8080-exec-8,o.s.web.servlet.DispatcherServlet,Completed 200 OK
2026-07-23T00:09:17.185885+00:00,customers-service,customers-service-68b57f7b8c-2hfs9,2026-07-23T00:08:54.156552+00:00,DEBUG,3acbd88119b4993b,79a7daf68dbf93da,nio-8080-exec-7,o.s.web.servlet.DispatcherServlet,Completed 200 OK
2026-07-23T00:09:17.185885+00:00,customers-service,customers-service-68b57f7b8c-2hfs9,2026-07-23T00:08:53.906316+00:00,DEBUG,3acbd88119b4993b,941b8fdffbdb5184,nio-8080-exec-7,o.s.web.servlet.DispatcherServlet,"GET ""/owners/1"", parameters={}"
2026-07-23T00:09:17.185885+00:00,customers-service,customers-service-68b57f7b8c-2hfs9,2026-07-23T00:08:53.655293+00:00,DEBUG,cd0ebe6ff1e332ef,12c29be28cd5ac6e,nio-8080-exec-6,o.s.web.servlet.DispatcherServlet,Completed 200 OK
2026-07-23T00:09:17.185885+00:00,customers-service,customers-service-68b57f7b8c-2hfs9,2026-07-23T00:08:53.655290+00:00,DEBUG,cd0ebe6ff1e332ef,21d0076829abcbd9,nio-8080-exec-6,o.s.web.servlet.DispatcherServlet,"GET ""/owners"", parameters={}"
2026-07-23T00:09:17.185885+00:00,customers-service,customers-service-68b57f7b8c-2hfs9,2026-07-23T00:08:53.404854+00:00,DEBUG,c462190a6482ce12,d4c9647c563c9894,nio-8080-exec-2,o.s.web.servlet.DispatcherServlet,Completed 200 OK
2026-07-23T00:09:17.185885+00:00,customers-service,customers-service-68b57f7b8c-2hfs9,2026-07-23T00:08:53.404849+00:00,DEBUG,c462190a6482ce12,dadce5e20d9a56c2,nio-8080-exec-2,o.s.web.servlet.DispatcherServlet,"GET ""/owners"", parameters={}"
2026-07-23T00:09:17.185885+00:00,customers-service,customers-service-68b57f7b8c-2hfs9,2026-07-23T00:08:53.154238+00:00,DEBUG,436f2d4cb7367637,e2aa05f171a1e943,nio-8080-exec-1,o.s.web.servlet.DispatcherServlet,Completed 200 OK
2026-07-23T00:09:17.185885+00:00,customers-service,customers-service-68b57f7b8c-2hfs9,2026-07-23T00:08:53.154232+00:00,DEBUG,436f2d4cb7367637,d3b7203aa457b3c1,nio-8080-exec-1,o.s.web.servlet.DispatcherServlet,"GET ""/owners"", parameters={}"
2026-07-23T00:09:17.185885+00:00,customers-service,customers-service-68b57f7b8c-2hfs9,2026-07-23T00:08:51.673803+00:00,DEBUG,98cd1c1143c44bfb,544e4777f6e449ff,nio-8080-exec-3,o.s.web.servlet.DispatcherServlet,Completed 200 OK
2026-07-23T00:09:17.185885+00:00,customers-service,customers-service-68b57f7b8c-2hfs9,2026-07-23T00:08:51.673798+00:00,DEBUG,98cd1c1143c44bfb,d03c7157cee45331,nio-8080-exec-3,o.s.web.servlet.DispatcherServlet,"GET ""/owners/1"", parameters={}"
2026-07-23T00:09:17.185885+00:00,customers-service,customers-service-68b57f7b8c-2hfs9,2026-07-23T00:08:51.423578+00:00,DEBUG,1bc7d0455b245c61,6dd52420839c423b,io-8080-exec-10,o.s.web.servlet.DispatcherServlet,Completed 200 OK
2026-07-23T00:09:17.185885+00:00,customers-service,customers-service-68b57f7b8c-2hfs9,2026-07-23T00:08:51.171993+00:00,DEBUG,1bc7d0455b245c61,acf40d18bf4c8cf3,io-8080-exec-10,o.s.web.servlet.DispatcherServlet,"GET ""/owners"", parameters={}"
2026-07-23T00:09:17.185885+00:00,customers-service,customers-service-68b57f7b8c-2hfs9,2026-07-23T00:08:51.171936+00:00,DEBUG,80d0e993e58abfac,93a7ce13419496b6,nio-8080-exec-9,o.s.web.servlet.DispatcherServlet,Completed 200 OK
2026-07-23T00:09:17.185885+00:00,customers-service,customers-service-68b57f7b8c-2hfs9,2026-07-23T00:08:51.171926+00:00,DEBUG,80d0e993e58abfac,3785019451d14746,nio-8080-exec-9,o.s.web.servlet.DispatcherServlet,"GET ""/owners/1"", parameters={}"
2026-07-23T00:09:17.185885+00:00,customers-service,customers-service-68b57f7b8c-2hfs9,2026-07-23T00:08:50.921370+00:00,DEBUG,b1ae7d47cf3a8c18,aff7d4ba3fd3ef84,nio-8080-exec-4,o.s.web.servlet.DispatcherServlet,Completed 200 OK
2026-07-23T00:09:17.185885+00:00,customers-service,customers-service-68b57f7b8c-2hfs9,2026-07-23T00:08:50.921357+00:00,DEBUG,b1ae7d47cf3a8c18,b78222e6d6530890,nio-8080-exec-4,o.s.web.servlet.DispatcherServlet,"GET ""/owners"", parameters={}"
2026-07-23T00:09:17.185885+00:00,customers-service,customers-service-68b57f7b8c-2hfs9,2026-07-23T00:08:50.921321+00:00,DEBUG,e61270ec3a8412f7,e61270ec3a8412f7,nio-8080-exec-5,o.s.web.servlet.DispatcherServlet,Completed 200 OK
2026-07-23T00:09:17.185885+00:00,customers-service,customers-service-68b57f7b8c-2hfs9,2026-07-23T00:08:50.670577+00:00,DEBUG,fdbcc5e0771c4e63,2b52438f62cabac7,nio-8080-exec-8,o.s.web.servlet.DispatcherServlet,Completed 200 OK
2026-07-23T00:09:17.185885+00:00,customers-service,customers-service-68b57f7b8c-2hfs9,2026-07-23T00:08:50.670573+00:00,DEBUG,fdbcc5e0771c4e63,50b88b2798f41073,nio-8080-exec-8,o.s.web.servlet.DispatcherServlet,"GET ""/owners"", parameters={}"
2026-07-23T00:09:17.185885+00:00,customers-service,customers-service-68b57f7b8c-2hfs9,2026-07-23T00:08:50.419806+00:00,DEBUG,4b10e53459fdcf5d,7c0224c39a5581e3,nio-8080-exec-7,o.s.web.servlet.DispatcherServlet,Completed 200 OK
2026-07-23T00:09:17.185885+00:00,customers-service,customers-service-68b57f7b8c-2hfs9,2026-07-23T00:08:50.419802+00:00,DEBUG,4b10e53459fdcf5d,50f1b35a445bb6c9,nio-8080-exec-7,o.s.web.servlet.DispatcherServlet,"GET ""/owners"", parameters={}"
2026-07-23T00:09:17.185885+00:00,customers-service,customers-service-68b57f7b8c-2hfs9,2026-07-23T00:08:49.918177+00:00,DEBUG,acc45dff96a2175a,e4830ee728aab25f,nio-8080-exec-6,o.s.web.servlet.DispatcherServlet,Completed 200 OK
2026-07-23T00:09:17.185885+00:00,customers-service,customers-service-68b57f7b8c-2hfs9,2026-07-23T00:08:49.918138+00:00,DEBUG,acc45dff96a2175a,4e7a294c2e42b9cd,nio-8080-exec-6,o.s.web.servlet.DispatcherServlet,"GET ""/owners"", parameters={}"
2026-07-23T00:09:17.185885+00:00,customers-service,customers-service-68b57f7b8c-2hfs9,2026-07-23T00:08:49.918134+00:00,DEBUG,08b30e682bbc8ee3,3bb751d5309dcc74,nio-8080-exec-2,o.s.web.servlet.DispatcherServlet,Completed 200 OK
2026-07-23T00:09:17.185885+00:00,customers-service,customers-service-68b57f7b8c-2hfs9,2026-07-23T00:08:49.667413+00:00,DEBUG,08b30e682bbc8ee3,dd8a1867fc11399a,nio-8080-exec-2,o.s.web.servlet.DispatcherServlet,"GET ""/owners/1"", parameters={}"
2026-07-23T00:09:17.185885+00:00,customers-service,customers-service-68b57f7b8c-2hfs9,2026-07-23T00:08:49.667380+00:00,DEBUG,3474bcc6ecc5582f,6ae2469473c89afc,nio-8080-exec-1,o.s.web.servlet.DispatcherServlet,Completed 200 OK
2026-07-23T00:09:17.185885+00:00,customers-service,customers-service-68b57f7b8c-2hfs9,2026-07-23T00:08:49.667375+00:00,DEBUG,3474bcc6ecc5582f,563679eed44bd860,nio-8080-exec-1,o.s.web.servlet.DispatcherServlet,"GET ""/owners"", parameters={}"
2026-07-23T00:09:17.185885+00:00,customers-service,customers-service-68b57f7b8c-2hfs9,2026-07-23T00:08:49.416581+00:00,DEBUG,9c784d51f6a47a8c,8eabf3c46ee8b86f,nio-8080-exec-3,o.s.web.servlet.DispatcherServlet,Completed 200 OK
2026-07-23T00:09:17.185885+00:00,customers-service,customers-service-68b57f7b8c-2hfs9,2026-07-23T00:08:49.416578+00:00,DEBUG,9c784d51f6a47a8c,10a0f536d9cdb1ed,nio-8080-exec-3,o.s.web.servlet.DispatcherServlet,"GET ""/owners"", parameters={}"
2026-07-23T00:09:17.185885+00:00,customers-service,customers-service-68b57f7b8c-2hfs9,2026-07-23T00:08:49.166167+00:00,DEBUG,b15aedb0a2bc13b7,94138e6a8a124705,io-8080-exec-10,o.s.web.servlet.DispatcherServlet,Completed 200 OK
2026-07-23T00:09:17.185885+00:00,customers-service,customers-service-68b57f7b8c-2hfs9,2026-07-23T00:08:49.166162+00:00,DEBUG,b15aedb0a2bc13b7,bfd2cd07bc33fd60,io-8080-exec-10,o.s.web.servlet.DispatcherServlet,"GET ""/owners"", parameters={}"
2026-07-23T00:09:17.185885+00:00,customers-service,customers-service-68b57f7b8c-2hfs9,2026-07-23T00:08:48.664258+00:00,DEBUG,42213a81c95ce638,42213a81c95ce638,nio-8080-exec-9,o.s.web.servlet.DispatcherServlet,Completed 200 OK
2026-07-23T00:09:17.185885+00:00,customers-service,customers-service-68b57f7b8c-2hfs9,2026-07-23T00:08:48.413429+00:00,DEBUG,e50dcf293f621ca9,8330177da18bd6bb,nio-8080-exec-4,o.s.web.servlet.DispatcherServlet,Completed 200 OK
2026-07-23T00:09:17.185885+00:00,customers-service,customers-service-68b57f7b8c-2hfs9,2026-07-23T00:08:48.413387+00:00,DEBUG,e50dcf293f621ca9,9dac02ea1e13ccb4,nio-8080-exec-4,o.s.web.servlet.DispatcherServlet,"GET ""/owners"", parameters={}"
2026-07-23T00:09:17.185885+00:00,customers-service,customers-service-68b57f7b8c-2hfs9,2026-07-23T00:08:48.413382+00:00,DEBUG,1c4a96bb8a33d294,f5f3350dd3a883aa,nio-8080-exec-5,o.s.web.servlet.DispatcherServlet,Completed 200 OK
2026-07-23T00:09:17.185885+00:00,customers-service,customers-service-68b57f7b8c-2hfs9,2026-07-23T00:08:48.162571+00:00,DEBUG,1c4a96bb8a33d294,72a67f6565374c10,nio-8080-exec-5,o.s.web.servlet.DispatcherServlet,"GET ""/owners/1"", parameters={}"
2026-07-23T00:09:17.185885+00:00,customers-service,customers-service-68b57f7b8c-2hfs9,2026-07-23T00:08:48.162549+00:00,DEBUG,3b3c578930940cf0,d20fcbc36c9fd41b,nio-8080-exec-8,o.s.web.servlet.DispatcherServlet,Completed 200 OK
2026-07-23T00:09:17.185885+00:00,customers-service,customers-service-68b57f7b8c-2hfs9,2026-07-23T00:08:48.162545+00:00,DEBUG,3b3c578930940cf0,3eb221a4230819b3,nio-8080-exec-8,o.s.web.servlet.DispatcherServlet,"GET ""/owners"", parameters={}"
2026-07-23T00:09:17.185885+00:00,customers-service,customers-service-68b57f7b8c-2hfs9,2026-07-23T00:08:47.911528+00:00,DEBUG,e57cb6bd9a2d02a1,aed5dcc7da0c8790,nio-8080-exec-7,o.s.web.servlet.DispatcherServlet,Completed 200 OK
2026-07-23T00:09:17.185885+00:00,customers-service,customers-service-68b57f7b8c-2hfs9,2026-07-23T00:08:47.911511+00:00,DEBUG,e57cb6bd9a2d02a1,a5ea1a1ef70250e8,nio-8080-exec-7,o.s.web.servlet.DispatcherServlet,"GET ""/owners"", parameters={}"
2026-07-23T00:09:17.185885+00:00,customers-service,customers-service-68b57f7b8c-2hfs9,2026-07-23T00:08:47.911508+00:00,DEBUG,7f1ceb2ca95a477f,185bc5225154a41a,nio-8080-exec-6,o.s.web.servlet.DispatcherServlet,Completed 200 OK
2026-07-23T00:09:17.185885+00:00,customers-service,customers-service-68b57f7b8c-2hfs9,2026-07-23T00:08:47.661250+00:00,DEBUG,7f1ceb2ca95a477f,495cad45674274ae,nio-8080-exec-6,o.s.web.servlet.DispatcherServlet,"GET ""/owners/1"", parameters={}"
2026-07-23T00:09:17.185885+00:00,customers-service,customers-service-68b57f7b8c-2hfs9,2026-07-23T00:08:47.409695+00:00,DEBUG,e1d4e6ab81c0ebae,7bf8909b4b7a4a0d,nio-8080-exec-2,o.s.web.servlet.DispatcherServlet,Completed 200 OK
2026-07-23T00:09:17.185885+00:00,customers-service,customers-service-68b57f7b8c-2hfs9,2026-07-23T00:08:47.159477+00:00,DEBUG,e1d4e6ab81c0ebae,1f7d099abc62d32f,nio-8080-exec-2,o.s.web.servlet.DispatcherServlet,"GET ""/owners"", parameters={}"
2026-07-23T00:09:17.185885+00:00,customers-service,customers-service-68b57f7b8c-2hfs9,2026-07-23T00:08:47.159305+00:00,DEBUG,3594e0f17086203c,2f83f9554ff6d866,nio-8080-exec-1,o.s.web.servlet.DispatcherServlet,Completed 200 OK
2026-07-23T00:09:17.185885+00:00,customers-service,customers-service-68b57f7b8c-2hfs9,2026-07-23T00:08:47.159297+00:00,DEBUG,3594e0f17086203c,7eab416e1a15d43b,nio-8080-exec-1,o.s.web.servlet.DispatcherServlet,"GET ""/owners"", parameters={}"
2026-07-23T00:09:17.185885+00:00,customers-service,customers-service-68b57f7b8c-2hfs9,2026-07-23T00:08:46.406098+00:00,DEBUG,756b9c07aadfbf29,5a95dc7b36d1b9c2,nio-8080-exec-3,o.s.web.servlet.DispatcherServlet,Completed 200 OK
2026-07-23T00:09:17.185885+00:00,customers-service,customers-service-68b57f7b8c-2hfs9,2026-07-23T00:08:46.406080+00:00,DEBUG,756b9c07aadfbf29,8f53422df0065849,nio-8080-exec-3,o.s.web.servlet.DispatcherServlet,"GET ""/owners"", parameters={}"
2026-07-23T00:09:17.185885+00:00,customers-service,customers-service-68b57f7b8c-2hfs9,2026-07-23T00:08:45.903981+00:00,DEBUG,17e77f5f4a7b5195,7d1d7d152524bb7e,io-8080-exec-10,o.s.web.servlet.DispatcherServlet,Completed 200 OK
2026-07-23T00:09:17.185885+00:00,customers-service,customers-service-68b57f7b8c-2hfs9,2026-07-23T00:08:45.903976+00:00,DEBUG,17e77f5f4a7b5195,6e606f9b59523cbf,io-8080-exec-10,o.s.web.servlet.DispatcherServlet,"GET ""/owners"", parameters={}"
2026-07-23T00:09:17.185885+00:00,customers-service,customers-service-68b57f7b8c-2hfs9,2026-07-23T00:08:45.652349+00:00,DEBUG,218faae381986c82,ad7f0a61199f03b1,nio-8080-exec-9,o.s.web.servlet.DispatcherServlet,Completed 200 OK
2026-07-23T00:09:17.185885+00:00,customers-service,customers-service-68b57f7b8c-2hfs9,2026-07-23T00:08:45.652332+00:00,DEBUG,218faae381986c82,0d09bf177ffcbc98,nio-8080-exec-9,o.s.web.servlet.DispatcherServlet,"GET ""/owners"", parameters={}"
2026-07-23T00:09:17.185885+00:00,customers-service,customers-service-68b57f7b8c-2hfs9,2026-07-23T00:08:45.652328+00:00,DEBUG,bcf25e90cba26fd1,3f4a9d02be146a2b,nio-8080-exec-4,o.s.web.servlet.DispatcherServlet,Completed 200 OK
2026-07-23T00:09:17.185885+00:00,customers-service,customers-service-68b57f7b8c-2hfs9,2026-07-23T00:08:45.401812+00:00,DEBUG,bcf25e90cba26fd1,09c71981bb5ef973,nio-8080-exec-4,o.s.web.servlet.DispatcherServlet,"GET ""/owners"", parameters={}"
2026-07-23T00:09:17.185885+00:00,customers-service,customers-service-68b57f7b8c-2hfs9,2026-07-23T00:08:45.401779+00:00,DEBUG,938090d5edbb1a93,8847b9b58f0564d4,nio-8080-exec-5,o.s.web.servlet.DispatcherServlet,Completed 200 OK
2026-07-23T00:09:17.185885+00:00,customers-service,customers-service-68b57f7b8c-2hfs9,2026-07-23T00:08:45.401772+00:00,DEBUG,938090d5edbb1a93,4c0c19ced54fcef0,nio-8080-exec-5,o.s.web.servlet.DispatcherServlet,"GET ""/owners/1"", parameters={}"
2026-07-23T00:09:17.185885+00:00,customers-service,customers-service-68b57f7b8c-2hfs9,2026-07-23T00:08:44.900528+00:00,DEBUG,6e8685f106a321bf,f6af6e43726e2aab,nio-8080-exec-8,o.s.web.servlet.DispatcherServlet,Completed 200 OK
2026-07-23T00:09:17.185885+00:00,customers-service,customers-service-68b57f7b8c-2hfs9,2026-07-23T00:08:44.900488+00:00,DEBUG,6e8685f106a321bf,04b323fc41efe417,nio-8080-exec-8,o.s.web.servlet.DispatcherServlet,"GET ""/owners/1"", parameters={}"
2026-07-23T00:09:17.185885+00:00,customers-service,customers-service-68b57f7b8c-2hfs9,2026-07-23T00:08:44.900468+00:00,DEBUG,0a5162cb05c60743,ac880cace8eb5ca6,nio-8080-exec-7,o.s.web.servlet.DispatcherServlet,Completed 200 OK
2026-07-23T00:09:17.185885+00:00,customers-service,customers-service-68b57f7b8c-2hfs9,2026-07-23T00:08:44.900464+00:00,DEBUG,0a5162cb05c60743,38bea2e1e02b6981,nio-8080-exec-7,o.s.web.servlet.DispatcherServlet,"GET ""/owners"", parameters={}"
2026-07-23T00:09:17.185885+00:00,customers-service,customers-service-68b57f7b8c-2hfs9,2026-07-23T00:08:44.398513+00:00,DEBUG,3532e27c2180aea7,4854b017d4a4d9b5,nio-8080-exec-6,o.s.web.servlet.DispatcherServlet,Completed 200 OK
2026-07-23T00:09:17.185885+00:00,customers-service,customers-service-68b57f7b8c-2hfs9,2026-07-23T00:08:44.398480+00:00,DEBUG,3532e27c2180aea7,f3ecbb5e6b8cffa2,nio-8080-exec-6,o.s.web.servlet.DispatcherServlet,"GET ""/owners/1"", parameters={}"
2026-07-23T00:09:17.185885+00:00,customers-service,customers-service-68b57f7b8c-2hfs9,2026-07-23T00:08:44.398394+00:00,DEBUG,c376747e43119df2,7682c8f0513ba0b6,nio-8080-exec-2,o.s.web.servlet.DispatcherServlet,Completed 200 OK
2026-07-23T00:09:17.185885+00:00,customers-service,customers-service-68b57f7b8c-2hfs9,2026-07-23T00:08:44.398384+00:00,DEBUG,c376747e43119df2,53cc951b7b973977,nio-8080-exec-2,o.s.web.servlet.DispatcherServlet,"GET ""/owners/1"", parameters={}"
2026-07-23T00:09:17.185885+00:00,customers-service,customers-service-68b57f7b8c-2hfs9,2026-07-23T00:08:43.896215+00:00,DEBUG,afcd0c8456f9eb73,7bc67981fae23ea1,nio-8080-exec-1,o.s.web.servlet.DispatcherServlet,Completed 200 OK
2026-07-23T00:09:17.185885+00:00,customers-service,customers-service-68b57f7b8c-2hfs9,2026-07-23T00:08:43.896209+00:00,DEBUG,afcd0c8456f9eb73,0af54d81ec241fb9,nio-8080-exec-1,o.s.web.servlet.DispatcherServlet,"GET ""/owners/1"", parameters={}"
2026-07-23T00:09:17.185885+00:00,customers-service,customers-service-68b57f7b8c-2hfs9,2026-07-23T00:08:43.645120+00:00,DEBUG,58e21d1fa0d60242,114e1095320b8267,nio-8080-exec-3,o.s.web.servlet.DispatcherServlet,Completed 200 OK
2026-07-23T00:09:17.185885+00:00,customers-service,customers-service-68b57f7b8c-2hfs9,2026-07-23T00:08:43.394384+00:00,DEBUG,58e21d1fa0d60242,fd0e2222825d24ed,nio-8080-exec-3,o.s.web.servlet.DispatcherServlet,"GET ""/owners"", parameters={}"
2026-07-23T00:09:17.185885+00:00,customers-service,customers-service-68b57f7b8c-2hfs9,2026-07-23T00:08:43.143868+00:00,DEBUG,b9ea35f3f1f6a746,332b9057f10544be,io-8080-exec-10,o.s.web.servlet.DispatcherServlet,Completed 200 OK
2026-07-23T00:09:17.185885+00:00,customers-service,customers-service-68b57f7b8c-2hfs9,2026-07-23T00:08:43.143858+00:00,DEBUG,b9ea35f3f1f6a746,fd93f5bb482d68ed,io-8080-exec-10,o.s.web.servlet.DispatcherServlet,"GET ""/owners/1"", parameters={}"
2026-07-23T00:09:17.185885+00:00,customers-service,customers-service-68b57f7b8c-2hfs9,2026-07-23T00:08:42.892390+00:00,DEBUG,09f9ec32a1bfc3ee,dcfc1dd7fb2eb59c,nio-8080-exec-9,o.s.web.servlet.DispatcherServlet,Completed 200 OK
2026-07-23T00:09:17.185885+00:00,customers-service,customers-service-68b57f7b8c-2hfs9,2026-07-23T00:08:42.892384+00:00,DEBUG,09f9ec32a1bfc3ee,b2b97ba188931ff7,nio-8080-exec-9,o.s.web.servlet.DispatcherServlet,"GET ""/owners/1"", parameters={}"
2026-07-23T00:09:17.185885+00:00,customers-service,customers-service-68b57f7b8c-2hfs9,2026-07-23T00:08:42.390674+00:00,DEBUG,6b0e6b9c353449b0,384a28ed88152a90,nio-8080-exec-4,o.s.web.servlet.DispatcherServlet,Completed 200 OK
2026-07-23T00:09:17.185885+00:00,customers-service,customers-service-68b57f7b8c-2hfs9,2026-07-23T00:08:42.390668+00:00,DEBUG,6b0e6b9c353449b0,5d4a78d6d115055c,nio-8080-exec-4,o.s.web.servlet.DispatcherServlet,"GET ""/owners/1"", parameters={}"
2026-07-23T00:09:17.185885+00:00,customers-service,customers-service-68b57f7b8c-2hfs9,2026-07-23T00:08:42.139885+00:00,DEBUG,6208d651326c0a86,d211b2e194b7b18e,nio-8080-exec-5,o.s.web.servlet.DispatcherServlet,Completed 200 OK
2026-07-23T00:09:17.185885+00:00,customers-service,customers-service-68b57f7b8c-2hfs9,2026-07-23T00:08:41.888913+00:00,DEBUG,6208d651326c0a86,bc1754c0026e04b0,nio-8080-exec-5,o.s.web.servlet.DispatcherServlet,"GET ""/owners"", parameters={}"
2026-07-23T00:09:17.185885+00:00,customers-service,customers-service-68b57f7b8c-2hfs9,2026-07-23T00:08:41.888897+00:00,DEBUG,89897887bca5fc9c,036c4329e8c913f1,nio-8080-exec-8,o.s.web.servlet.DispatcherServlet,Completed 200 OK
2026-07-23T00:09:17.185885+00:00,customers-service,customers-service-68b57f7b8c-2hfs9,2026-07-23T00:08:41.888893+00:00,DEBUG,89897887bca5fc9c,7b756b54021bc228,nio-8080-exec-8,o.s.web.servlet.DispatcherServlet,"GET ""/owners"", parameters={}"
2026-07-23T00:09:17.185885+00:00,customers-service,customers-service-68b57f7b8c-2hfs9,2026-07-23T00:08:41.136398+00:00,DEBUG,24f400fe63f2cf1b,c9551df550ebf7d7,nio-8080-exec-7,o.s.web.servlet.DispatcherServlet,Completed 200 OK
2026-07-23T00:09:17.185885+00:00,customers-service,customers-service-68b57f7b8c-2hfs9,2026-07-23T00:08:41.136393+00:00,DEBUG,24f400fe63f2cf1b,3904038d08d861ea,nio-8080-exec-7,o.s.web.servlet.DispatcherServlet,"GET ""/owners"", parameters={}"
2026-07-23T00:09:17.185885+00:00,customers-service,customers-service-68b57f7b8c-2hfs9,2026-07-23T00:08:40.634344+00:00,DEBUG,cf5179a82a220332,7a45897c99c2d3fa,nio-8080-exec-6,o.s.web.servlet.DispatcherServlet,Completed 200 OK
2026-07-23T00:09:17.185885+00:00,customers-service,customers-service-68b57f7b8c-2hfs9,2026-07-23T00:08:40.634339+00:00,DEBUG,cf5179a82a220332,67a1b499920a9506,nio-8080-exec-6,o.s.web.servlet.DispatcherServlet,"GET ""/owners/1"", parameters={}"
2026-07-23T00:09:17.185885+00:00,customers-service,customers-service-68b57f7b8c-2hfs9,2026-07-23T00:08:40.383584+00:00,DEBUG,96f5ce1b6a7eb9fc,392baf68978ef257,nio-8080-exec-2,o.s.web.servlet.DispatcherServlet,Completed 200 OK
2026-07-23T00:09:17.185885+00:00,customers-service,customers-service-68b57f7b8c-2hfs9,2026-07-23T00:08:40.383562+00:00,DEBUG,96f5ce1b6a7eb9fc,16288419f1d8b911,nio-8080-exec-2,o.s.web.servlet.DispatcherServlet,"GET ""/owners/1"", parameters={}"
2026-07-23T00:09:17.185885+00:00,customers-service,customers-service-68b57f7b8c-2hfs9,2026-07-23T00:08:40.383547+00:00,DEBUG,a0926041e079e5bf,7970aa227d3d2c33,nio-8080-exec-1,o.s.web.servlet.DispatcherServlet,Completed 200 OK
2026-07-23T00:09:17.185885+00:00,customers-service,customers-service-68b57f7b8c-2hfs9,2026-07-23T00:08:40.383543+00:00,DEBUG,a0926041e079e5bf,dbb2261116d96130,nio-8080-exec-1,o.s.web.servlet.DispatcherServlet,"GET ""/owners/1"", parameters={}"
2026-07-23T00:09:17.185885+00:00,customers-service,customers-service-68b57f7b8c-2hfs9,2026-07-23T00:08:40.132926+00:00,DEBUG,b42c3449895ee62d,f2c7580e75014d87,nio-8080-exec-3,o.s.web.servlet.DispatcherServlet,Completed 200 OK
2026-07-23T00:09:17.185885+00:00,customers-service,customers-service-68b57f7b8c-2hfs9,2026-07-23T00:08:40.132918+00:00,DEBUG,b42c3449895ee62d,7389a9d01a4c38ce,nio-8080-exec-3,o.s.web.servlet.DispatcherServlet,"GET ""/owners"", parameters={}"
2026-07-23T00:09:17.185885+00:00,customers-service,customers-service-68b57f7b8c-2hfs9,2026-07-23T00:08:39.882030+00:00,DEBUG,03d3c601ff58fa84,a92811d7d28cc7ff,io-8080-exec-10,o.s.web.servlet.DispatcherServlet,Completed 200 OK
2026-07-23T00:09:17.185885+00:00,customers-service,customers-service-68b57f7b8c-2hfs9,2026-07-23T00:08:39.882025+00:00,DEBUG,03d3c601ff58fa84,dade5c4bed75dbaa,io-8080-exec-10,o.s.web.servlet.DispatcherServlet,"GET ""/owners/1"", parameters={}"
2026-07-23T00:09:17.185885+00:00,customers-service,customers-service-68b57f7b8c-2hfs9,2026-07-23T00:08:39.631587+00:00,DEBUG,2fb59488e054f18f,f4aaeb3b1397423a,nio-8080-exec-9,o.s.web.servlet.DispatcherServlet,Completed 200 OK
2026-07-23T00:09:17.185885+00:00,customers-service,customers-service-68b57f7b8c-2hfs9,2026-07-23T00:08:39.631580+00:00,DEBUG,2fb59488e054f18f,69465ffd642bd686,nio-8080-exec-9,o.s.web.servlet.DispatcherServlet,"GET ""/owners/1"", parameters={}"
2026-07-23T00:09:17.185885+00:00,customers-service,customers-service-68b57f7b8c-2hfs9,2026-07-23T00:08:39.380888+00:00,DEBUG,acf05c8afe3174fd,d1d16d9dc80694c5,nio-8080-exec-4,o.s.web.servlet.DispatcherServlet,Completed 200 OK
2026-07-23T00:09:17.185885+00:00,customers-service,customers-service-68b57f7b8c-2hfs9,2026-07-23T00:08:39.380780+00:00,DEBUG,acf05c8afe3174fd,0c619f46a0518f59,nio-8080-exec-4,o.s.web.servlet.DispatcherServlet,"GET ""/owners/1"", parameters={}"
2026-07-23T00:09:17.185885+00:00,customers-service,customers-service-68b57f7b8c-2hfs9,2026-07-23T00:08:39.380681+00:00,DEBUG,29a552c2bdcfdf4a,f70b11f007af0d35,nio-8080-exec-5,o.s.web.servlet.DispatcherServlet,Completed 200 OK
2026-07-23T00:09:17.185885+00:00,customers-service,customers-service-68b57f7b8c-2hfs9,2026-07-23T00:08:39.380674+00:00,DEBUG,29a552c2bdcfdf4a,9462bad0e8d0b985,nio-8080-exec-5,o.s.web.servlet.DispatcherServlet,"GET ""/owners/1"", parameters={}"
2026-07-23T00:09:17.185885+00:00,customers-service,customers-service-68b57f7b8c-2hfs9,2026-07-23T00:08:39.129878+00:00,DEBUG,17b6c3fabb03c682,c31e801bd127bbc0,nio-8080-exec-8,o.s.web.servlet.DispatcherServlet,Completed 200 OK
2026-07-23T00:09:17.185885+00:00,customers-service,customers-service-68b57f7b8c-2hfs9,2026-07-23T00:08:38.878487+00:00,DEBUG,17b6c3fabb03c682,c6bac17b80762c5b,nio-8080-exec-8,o.s.web.servlet.DispatcherServlet,"GET ""/owners"", parameters={}"
2026-07-23T00:09:17.185885+00:00,customers-service,customers-service-68b57f7b8c-2hfs9,2026-07-23T00:08:38.878460+00:00,DEBUG,0aaf21972705bc84,2ae7505be28a212a,nio-8080-exec-7,o.s.web.servlet.DispatcherServlet,Completed 200 OK
2026-07-23T00:09:17.185885+00:00,customers-service,customers-service-68b57f7b8c-2hfs9,2026-07-23T00:08:38.878456+00:00,DEBUG,0aaf21972705bc84,28c33e6208073c01,nio-8080-exec-7,o.s.web.servlet.DispatcherServlet,"GET ""/owners/1"", parameters={}"
2026-07-23T00:09:17.185885+00:00,customers-service,customers-service-68b57f7b8c-2hfs9,2026-07-23T00:08:38.627223+00:00,DEBUG,93d1db5377dadf8e,2a825a26681de86d,nio-8080-exec-6,o.s.web.servlet.DispatcherServlet,Completed 200 OK
2026-07-23T00:09:17.185885+00:00,customers-service,customers-service-68b57f7b8c-2hfs9,2026-07-23T00:08:38.627196+00:00,DEBUG,93d1db5377dadf8e,ded78828465aa697,nio-8080-exec-6,o.s.web.servlet.DispatcherServlet,"GET ""/owners"", parameters={}"
2026-07-23T00:09:17.185885+00:00,customers-service,customers-service-68b57f7b8c-2hfs9,2026-07-23T00:08:38.627191+00:00,DEBUG,6f72a3619a487e6e,36302c939021e848,nio-8080-exec-2,o.s.web.servlet.DispatcherServlet,Completed 200 OK
2026-07-23T00:09:17.185885+00:00,customers-service,customers-service-68b57f7b8c-2hfs9,2026-07-23T00:08:38.375942+00:00,DEBUG,6f72a3619a487e6e,6297ee20a2cfd967,nio-8080-exec-2,o.s.web.servlet.DispatcherServlet,"GET ""/owners"", parameters={}"
2026-07-23T00:09:17.185885+00:00,customers-service,customers-service-68b57f7b8c-2hfs9,2026-07-23T00:08:38.375851+00:00,DEBUG,336ab09fa60a2509,3f431d0b2d42ca39,nio-8080-exec-1,o.s.web.servlet.DispatcherServlet,Completed 200 OK
2026-07-23T00:09:17.185885+00:00,customers-service,customers-service-68b57f7b8c-2hfs9,2026-07-23T00:08:38.375846+00:00,DEBUG,336ab09fa60a2509,44cb2d929123947f,nio-8080-exec-1,o.s.web.servlet.DispatcherServlet,"GET ""/owners/1"", parameters={}"
2026-07-23T00:09:17.185885+00:00,customers-service,customers-service-68b57f7b8c-2hfs9,2026-07-23T00:08:38.125248+00:00,DEBUG,9560c7a44f25e649,1dc75df265d0d3e1,nio-8080-exec-3,o.s.web.servlet.DispatcherServlet,Completed 200 OK
2026-07-23T00:09:17.185885+00:00,customers-service,customers-service-68b57f7b8c-2hfs9,2026-07-23T00:08:38.125228+00:00,DEBUG,9560c7a44f25e649,8da36be86453e4bd,nio-8080-exec-3,o.s.web.servlet.DispatcherServlet,"GET ""/owners"", parameters={}"
2026-07-23T00:09:17.185885+00:00,customers-service,customers-service-68b57f7b8c-2hfs9,2026-07-23T00:08:38.125202+00:00,DEBUG,80e165ffe0436353,80e165ffe0436353,io-8080-exec-10,o.s.web.servlet.DispatcherServlet,Completed 200 OK
2026-07-23T00:09:17.185885+00:00,customers-service,customers-service-68b57f7b8c-2hfs9,2026-07-23T00:08:38.125103+00:00,DEBUG,c50fee5f2a0fd1c2,04898405d77ec75f,nio-8080-exec-9,o.s.web.servlet.DispatcherServlet,Completed 200 OK
2026-07-23T00:09:17.185885+00:00,customers-service,customers-service-68b57f7b8c-2hfs9,2026-07-23T00:08:37.873795+00:00,DEBUG,c50fee5f2a0fd1c2,3298e58b9e823e3b,nio-8080-exec-9,o.s.web.servlet.DispatcherServlet,"GET ""/owners"", parameters={}"
2026-07-23T00:09:17.185885+00:00,customers-service,customers-service-68b57f7b8c-2hfs9,2026-07-23T00:08:37.873758+00:00,DEBUG,0a5a5d7fda88122d,fefe0e3955a1af41,nio-8080-exec-4,o.s.web.servlet.DispatcherServlet,Completed 200 OK
2026-07-23T00:09:17.185885+00:00,customers-service,customers-service-68b57f7b8c-2hfs9,2026-07-23T00:08:37.873755+00:00,DEBUG,0a5a5d7fda88122d,8617f2326f77af94,nio-8080-exec-4,o.s.web.servlet.DispatcherServlet,"GET ""/owners"", parameters={}"
2026-07-23T00:09:17.185885+00:00,customers-service,customers-service-68b57f7b8c-2hfs9,2026-07-23T00:08:37.372968+00:00,DEBUG,0730be6b2f5d5c45,0cf3acc2f03a006c,nio-8080-exec-5,o.s.web.servlet.DispatcherServlet,Completed 200 OK
2026-07-23T00:09:17.185885+00:00,customers-service,customers-service-68b57f7b8c-2hfs9,2026-07-23T00:08:37.372963+00:00,DEBUG,0730be6b2f5d5c45,c46134e3e7f04969,nio-8080-exec-5,o.s.web.servlet.DispatcherServlet,"GET ""/owners/1"", parameters={}"
2026-07-23T00:09:17.185885+00:00,customers-service,customers-service-68b57f7b8c-2hfs9,2026-07-23T00:08:36.871835+00:00,DEBUG,e8a96282421463fd,9f8fb66a94a1286d,nio-8080-exec-8,o.s.web.servlet.DispatcherServlet,Completed 200 OK
2026-07-23T00:09:17.185885+00:00,customers-service,customers-service-68b57f7b8c-2hfs9,2026-07-23T00:08:36.871831+00:00,DEBUG,e8a96282421463fd,148eb593520fb52b,nio-8080-exec-8,o.s.web.servlet.DispatcherServlet,"GET ""/owners/1"", parameters={}"
2026-07-23T00:09:17.185885+00:00,customers-service,customers-service-68b57f7b8c-2hfs9,2026-07-23T00:08:36.621319+00:00,DEBUG,3de38d2a2a6fe692,e77aa35f056477f8,nio-8080-exec-7,o.s.web.servlet.DispatcherServlet,Completed 200 OK
2026-07-23T00:09:17.185885+00:00,customers-service,customers-service-68b57f7b8c-2hfs9,2026-07-23T00:08:36.621315+00:00,DEBUG,3de38d2a2a6fe692,0b0cc4df469b8ea1,nio-8080-exec-7,o.s.web.servlet.DispatcherServlet,"GET ""/owners/1"", parameters={}"
2026-07-23T00:09:17.185885+00:00,customers-service,customers-service-68b57f7b8c-2hfs9,2026-07-23T00:08:36.370856+00:00,DEBUG,c5a07a58b673a3e5,85ba84b3f3dcb7b0,nio-8080-exec-6,o.s.web.servlet.DispatcherServlet,Completed 200 OK
2026-07-23T00:09:17.185885+00:00,customers-service,customers-service-68b57f7b8c-2hfs9,2026-07-23T00:08:36.370823+00:00,DEBUG,c5a07a58b673a3e5,ec340a7e669f8b68,nio-8080-exec-6,o.s.web.servlet.DispatcherServlet,"GET ""/owners/1"", parameters={}"
2026-07-23T00:09:17.185885+00:00,customers-service,customers-service-68b57f7b8c-2hfs9,2026-07-23T00:08:36.370787+00:00,DEBUG,d0eed08d630320fb,a5cb09acbbb5e68a,nio-8080-exec-2,o.s.web.servlet.DispatcherServlet,Completed 200 OK
2026-07-23T00:09:17.185885+00:00,customers-service,customers-service-68b57f7b8c-2hfs9,2026-07-23T00:08:36.370780+00:00,DEBUG,d0eed08d630320fb,ae4e6a36df441c8e,nio-8080-exec-2,o.s.web.servlet.DispatcherServlet,"GET ""/owners"", parameters={}"
2026-07-23T00:09:17.185885+00:00,customers-service,customers-service-68b57f7b8c-2hfs9,2026-07-23T00:08:36.120601+00:00,DEBUG,c872740b625cf772,1ef14ebcf3c0504c,nio-8080-exec-1,o.s.web.servlet.DispatcherServlet,Completed 200 OK
2026-07-23T00:09:17.185885+00:00,customers-service,customers-service-68b57f7b8c-2hfs9,2026-07-23T00:08:36.120597+00:00,DEBUG,c872740b625cf772,a37d83daa2e38512,nio-8080-exec-1,o.s.web.servlet.DispatcherServlet,"GET ""/owners/1"", parameters={}"
2026-07-23T00:09:17.185885+00:00,customers-service,customers-service-68b57f7b8c-2hfs9,2026-07-23T00:08:35.869521+00:00,DEBUG,56b3c99cfed86756,af62c1c2e68c1481,nio-8080-exec-3,o.s.web.servlet.DispatcherServlet,Completed 200 OK
2026-07-23T00:09:17.185885+00:00,customers-service,customers-service-68b57f7b8c-2hfs9,2026-07-23T00:08:35.869516+00:00,DEBUG,56b3c99cfed86756,36454c260ec365ef,nio-8080-exec-3,o.s.web.servlet.DispatcherServlet,"GET ""/owners/1"", parameters={}"
2026-07-23T00:09:17.185885+00:00,customers-service,customers-service-68b57f7b8c-2hfs9,2026-07-23T00:08:35.368254+00:00,DEBUG,c37f74ea321959f8,02d519ec556be8ec,io-8080-exec-10,o.s.web.servlet.DispatcherServlet,Completed 200 OK
2026-07-23T00:09:17.185885+00:00,customers-service,customers-service-68b57f7b8c-2hfs9,2026-07-23T00:08:35.368250+00:00,DEBUG,c37f74ea321959f8,683d4b40c8d7bb13,io-8080-exec-10,o.s.web.servlet.DispatcherServlet,"GET ""/owners/1"", parameters={}"
2026-07-23T00:09:17.185885+00:00,customers-service,customers-service-68b57f7b8c-2hfs9,2026-07-23T00:08:34.867419+00:00,DEBUG,0589cc1bffc3b89f,59004126db8c35f4,nio-8080-exec-9,o.s.web.servlet.DispatcherServlet,Completed 200 OK
2026-07-23T00:09:17.185885+00:00,customers-service,customers-service-68b57f7b8c-2hfs9,2026-07-23T00:08:34.867411+00:00,DEBUG,0589cc1bffc3b89f,a3d73f99bce6950f,nio-8080-exec-9,o.s.web.servlet.DispatcherServlet,"GET ""/owners/1"", parameters={}"
2026-07-23T00:09:17.185885+00:00,customers-service,customers-service-68b57f7b8c-2hfs9,2026-07-23T00:08:34.616252+00:00,DEBUG,455f03bda3c6e001,0b451077472806cb,nio-8080-exec-4,o.s.web.servlet.DispatcherServlet,Completed 200 OK
2026-07-23T00:09:17.185885+00:00,customers-service,customers-service-68b57f7b8c-2hfs9,2026-07-23T00:08:34.616246+00:00,DEBUG,455f03bda3c6e001,161fc47d20f86aaf,nio-8080-exec-4,o.s.web.servlet.DispatcherServlet,"GET ""/owners/1"", parameters={}"
2026-07-23T00:09:17.185885+00:00,customers-service,customers-service-68b57f7b8c-2hfs9,2026-07-23T00:08:34.365397+00:00,DEBUG,35b0c011b169c77c,b6dacc9858132c30,nio-8080-exec-5,o.s.web.servlet.DispatcherServlet,Completed 200 OK
2026-07-23T00:09:17.185885+00:00,customers-service,customers-service-68b57f7b8c-2hfs9,2026-07-23T00:08:34.365343+00:00,DEBUG,35b0c011b169c77c,1a6961505d1b4ca8,nio-8080-exec-5,o.s.web.servlet.DispatcherServlet,"GET ""/owners/1"", parameters={}"
2026-07-23T00:09:17.185885+00:00,customers-service,customers-service-68b57f7b8c-2hfs9,2026-07-23T00:08:34.365314+00:00,DEBUG,f64b8453ccd87563,91a0c180c46de83b,nio-8080-exec-8,o.s.web.servlet.DispatcherServlet,Completed 200 OK
2026-07-23T00:09:17.185885+00:00,customers-service,customers-service-68b57f7b8c-2hfs9,2026-07-23T00:08:34.365309+00:00,DEBUG,f64b8453ccd87563,15e15c596f25d2c9,nio-8080-exec-8,o.s.web.servlet.DispatcherServlet,"GET ""/owners"", parameters={}"
2026-07-23T00:09:17.185885+00:00,customers-service,customers-service-68b57f7b8c-2hfs9,2026-07-23T00:08:34.114383+00:00,DEBUG,122f1c96909e4e06,f0d2fd9804c9ebb3,nio-8080-exec-7,o.s.web.servlet.DispatcherServlet,Completed 200 OK
2026-07-23T00:09:17.185885+00:00,customers-service,customers-service-68b57f7b8c-2hfs9,2026-07-23T00:08:34.114378+00:00,DEBUG,122f1c96909e4e06,4c8c93a419d602ff,nio-8080-exec-7,o.s.web.servlet.DispatcherServlet,"GET ""/owners"", parameters={}"
2026-07-23T00:09:17.185885+00:00,customers-service,customers-service-68b57f7b8c-2hfs9,2026-07-23T00:08:33.863636+00:00,DEBUG,1ca040c55fbd0bdb,11185f61d022bc56,nio-8080-exec-6,o.s.web.servlet.DispatcherServlet,Completed 200 OK
2026-07-23T00:09:17.185885+00:00,customers-service,customers-service-68b57f7b8c-2hfs9,2026-07-23T00:08:33.863631+00:00,DEBUG,1ca040c55fbd0bdb,5f6c84ed84389875,nio-8080-exec-6,o.s.web.servlet.DispatcherServlet,"GET ""/owners/1"", parameters={}"
2026-07-23T00:09:17.185885+00:00,customers-service,customers-service-68b57f7b8c-2hfs9,2026-07-23T00:08:33.613128+00:00,DEBUG,3a032403b164caf0,3a032403b164caf0,nio-8080-exec-2,o.s.web.servlet.DispatcherServlet,Completed 200 OK
2026-07-23T00:09:17.185885+00:00,customers-service,customers-service-68b57f7b8c-2hfs9,2026-07-23T00:08:30.854888+00:00,DEBUG,2f539aa7af376677,2f539aa7af376677,nio-8080-exec-1,o.s.web.servlet.DispatcherServlet,Completed 200 OK
2026-07-23T00:09:17.185885+00:00,customers-service,customers-service-68b57f7b8c-2hfs9,2026-07-23T00:08:23.081759+00:00,DEBUG,029fdefecdc01229,029fdefecdc01229,nio-8080-exec-3,o.s.web.servlet.DispatcherServlet,Completed 200 OK
2026-07-23T00:09:17.185885+00:00,customers-service,customers-service-68b57f7b8c-2hfs9,2026-07-23T00:08:17.565315+00:00,DEBUG,8d88d364667cb0c0,8d88d364667cb0c0,io-8080-exec-10,o.s.web.servlet.DispatcherServlet,Completed 200 OK
2026-07-23T00:09:17.185885+00:00,customers-service,customers-service-68b57f7b8c-r7tfg,2026-07-23T00:09:15.970248+00:00,DEBUG,e38e7139a1d01b14,de3a4b2e300aa910,nio-8080-exec-2,o.s.web.servlet.DispatcherServlet,Completed 200 OK
2026-07-23T00:09:17.185885+00:00,customers-service,customers-service-68b57f7b8c-r7tfg,2026-07-23T00:09:15.970243+00:00,DEBUG,e38e7139a1d01b14,5d57862dea0799f6,nio-8080-exec-2,o.s.web.servlet.DispatcherServlet,"GET ""/owners"", parameters={}"
2026-07-23T00:09:17.185885+00:00,customers-service,customers-service-68b57f7b8c-r7tfg,2026-07-23T00:09:15.719564+00:00,DEBUG,9f4c8c46bc8d7d11,c8ad4e022b4938f7,nio-8080-exec-8,o.s.web.servlet.DispatcherServlet,Completed 200 OK
2026-07-23T00:09:17.185885+00:00,customers-service,customers-service-68b57f7b8c-r7tfg,2026-07-23T00:09:15.719555+00:00,DEBUG,9f4c8c46bc8d7d11,b90f5888cf253aa2,nio-8080-exec-8,o.s.web.servlet.DispatcherServlet,"GET ""/owners/1"", parameters={}"
2026-07-23T00:09:17.185885+00:00,customers-service,customers-service-68b57f7b8c-r7tfg,2026-07-23T00:09:15.468285+00:00,DEBUG,53b93e50938e6ef9,966896236e2df004,nio-8080-exec-5,o.s.web.servlet.DispatcherServlet,Completed 200 OK
2026-07-23T00:09:17.185885+00:00,customers-service,customers-service-68b57f7b8c-r7tfg,2026-07-23T00:09:15.217239+00:00,DEBUG,53b93e50938e6ef9,ef73658cc878db37,nio-8080-exec-5,o.s.web.servlet.DispatcherServlet,"GET ""/owners"", parameters={}"
2026-07-23T00:09:17.185885+00:00,customers-service,customers-service-68b57f7b8c-r7tfg,2026-07-23T00:09:15.217211+00:00,DEBUG,738823523686c2fe,45c5533b0a21c3e8,nio-8080-exec-7,o.s.web.servlet.DispatcherServlet,Completed 200 OK
2026-07-23T00:09:17.185885+00:00,customers-service,customers-service-68b57f7b8c-r7tfg,2026-07-23T00:09:15.217206+00:00,DEBUG,738823523686c2fe,94225fa480d37f8c,nio-8080-exec-7,o.s.web.servlet.DispatcherServlet,"GET ""/owners/1"", parameters={}"
2026-07-23T00:09:17.185885+00:00,customers-service,customers-service-68b57f7b8c-r7tfg,2026-07-23T00:09:14.966509+00:00,DEBUG,43347b6ed62c8a85,6eb3c2c893ebe969,io-8080-exec-10,o.s.web.servlet.DispatcherServlet,Completed 200 OK
2026-07-23T00:09:17.185885+00:00,customers-service,customers-service-68b57f7b8c-r7tfg,2026-07-23T00:09:14.966502+00:00,DEBUG,43347b6ed62c8a85,3c3d9ac4ce004167,io-8080-exec-10,o.s.web.servlet.DispatcherServlet,"GET ""/owners/1"", parameters={}"
2026-07-23T00:09:17.185885+00:00,customers-service,customers-service-68b57f7b8c-r7tfg,2026-07-23T00:09:14.715417+00:00,DEBUG,e0e207f08ff2862e,9e5289e36aca12a4,nio-8080-exec-3,o.s.web.servlet.DispatcherServlet,Completed 200 OK
2026-07-23T00:09:17.185885+00:00,customers-service,customers-service-68b57f7b8c-r7tfg,2026-07-23T00:09:14.715341+00:00,DEBUG,e0e207f08ff2862e,4baf04a1936e080b,nio-8080-exec-3,o.s.web.servlet.DispatcherServlet,"GET ""/owners/1"", parameters={}"
2026-07-23T00:09:17.185885+00:00,customers-service,customers-service-68b57f7b8c-r7tfg,2026-07-23T00:09:14.213675+00:00,DEBUG,c81f5af319d9cc17,d67cd36b82cfad51,nio-8080-exec-4,o.s.web.servlet.DispatcherServlet,Completed 200 OK
2026-07-23T00:09:17.185885+00:00,customers-service,customers-service-68b57f7b8c-r7tfg,2026-07-23T00:09:14.213668+00:00,DEBUG,c81f5af319d9cc17,bfe0b30383866220,nio-8080-exec-4,o.s.web.servlet.DispatcherServlet,"GET ""/owners/1"", parameters={}"
2026-07-23T00:09:17.185885+00:00,customers-service,customers-service-68b57f7b8c-r7tfg,2026-07-23T00:09:13.962632+00:00,DEBUG,29ff168e26559685,3fd54024df08f5e4,nio-8080-exec-1,o.s.web.servlet.DispatcherServlet,Completed 200 OK
2026-07-23T00:09:17.185885+00:00,customers-service,customers-service-68b57f7b8c-r7tfg,2026-07-23T00:09:13.962625+00:00,DEBUG,29ff168e26559685,8f445f8bc42de6a4,nio-8080-exec-1,o.s.web.servlet.DispatcherServlet,"GET ""/owners"", parameters={}"
2026-07-23T00:09:17.185885+00:00,customers-service,customers-service-68b57f7b8c-r7tfg,2026-07-23T00:09:13.461241+00:00,DEBUG,024a73271756d404,4fe5e92277a533a4,nio-8080-exec-9,o.s.web.servlet.DispatcherServlet,Completed 200 OK
2026-07-23T00:09:17.185885+00:00,customers-service,customers-service-68b57f7b8c-r7tfg,2026-07-23T00:09:13.460939+00:00,DEBUG,024a73271756d404,615d4da115b76175,nio-8080-exec-9,o.s.web.servlet.DispatcherServlet,"GET ""/owners"", parameters={}"
2026-07-23T00:09:17.185885+00:00,customers-service,customers-service-68b57f7b8c-r7tfg,2026-07-23T00:09:13.460922+00:00,DEBUG,e531c22de53c480f,6ffcad1534f156a1,nio-8080-exec-6,o.s.web.servlet.DispatcherServlet,Completed 200 OK
2026-07-23T00:09:17.185885+00:00,customers-service,customers-service-68b57f7b8c-r7tfg,2026-07-23T00:09:13.460918+00:00,DEBUG,e531c22de53c480f,05a0597903944fbb,nio-8080-exec-6,o.s.web.servlet.DispatcherServlet,"GET ""/owners/1"", parameters={}"
2026-07-23T00:09:17.185885+00:00,customers-service,customers-service-68b57f7b8c-r7tfg,2026-07-23T00:09:13.209670+00:00,DEBUG,f8c0765ed1eda35e,84998774eae68183,nio-8080-exec-2,o.s.web.servlet.DispatcherServlet,Completed 200 OK
2026-07-23T00:09:17.185885+00:00,customers-service,customers-service-68b57f7b8c-r7tfg,2026-07-23T00:09:12.958984+00:00,DEBUG,f8c0765ed1eda35e,74f150a85715854d,nio-8080-exec-2,o.s.web.servlet.DispatcherServlet,"GET ""/owners"", parameters={}"
2026-07-23T00:09:17.185885+00:00,customers-service,customers-service-68b57f7b8c-r7tfg,2026-07-23T00:09:12.708494+00:00,DEBUG,37816b3db3a8e579,c84a4d6676bfddc1,nio-8080-exec-8,o.s.web.servlet.DispatcherServlet,Completed 200 OK
2026-07-23T00:09:17.185885+00:00,customers-service,customers-service-68b57f7b8c-r7tfg,2026-07-23T00:09:12.708489+00:00,DEBUG,37816b3db3a8e579,dbaef512035b8846,nio-8080-exec-8,o.s.web.servlet.DispatcherServlet,"GET ""/owners/1"", parameters={}"
2026-07-23T00:09:17.185885+00:00,customers-service,customers-service-68b57f7b8c-r7tfg,2026-07-23T00:09:12.457516+00:00,DEBUG,480aede59d3a1bb4,8ff2702b97606595,nio-8080-exec-5,o.s.web.servlet.DispatcherServlet,Completed 200 OK
2026-07-23T00:09:17.185885+00:00,customers-service,customers-service-68b57f7b8c-r7tfg,2026-07-23T00:09:12.457326+00:00,DEBUG,480aede59d3a1bb4,8d8f54d68426bd25,nio-8080-exec-5,o.s.web.servlet.DispatcherServlet,"GET ""/owners/1"", parameters={}"
2026-07-23T00:09:17.185885+00:00,customers-service,customers-service-68b57f7b8c-r7tfg,2026-07-23T00:09:12.457303+00:00,DEBUG,3e949105ea421d2e,df72620230abd593,nio-8080-exec-7,o.s.web.servlet.DispatcherServlet,Completed 200 OK
2026-07-23T00:09:17.185885+00:00,customers-service,customers-service-68b57f7b8c-r7tfg,2026-07-23T00:09:12.457297+00:00,DEBUG,3e949105ea421d2e,8e078ef7cb3c86e9,nio-8080-exec-7,o.s.web.servlet.DispatcherServlet,"GET ""/owners"", parameters={}"
2026-07-23T00:09:17.185885+00:00,customers-service,customers-service-68b57f7b8c-r7tfg,2026-07-23T00:09:12.206441+00:00,DEBUG,016f98c5d93067e9,20ac4d182b537726,io-8080-exec-10,o.s.web.servlet.DispatcherServlet,Completed 200 OK
2026-07-23T00:09:17.185885+00:00,customers-service,customers-service-68b57f7b8c-r7tfg,2026-07-23T00:09:12.206433+00:00,DEBUG,016f98c5d93067e9,61c8600f68a492d1,io-8080-exec-10,o.s.web.servlet.DispatcherServlet,"GET ""/owners/1"", parameters={}"
2026-07-23T00:09:17.185885+00:00,customers-service,customers-service-68b57f7b8c-r7tfg,2026-07-23T00:09:11.956116+00:00,DEBUG,a28d9c5d1756a752,c1e50ee26d5f01ed,nio-8080-exec-3,o.s.web.servlet.DispatcherServlet,Completed 200 OK
2026-07-23T00:09:17.185885+00:00,customers-service,customers-service-68b57f7b8c-r7tfg,2026-07-23T00:09:11.956113+00:00,DEBUG,a28d9c5d1756a752,a50cf4000e83d6f4,nio-8080-exec-3,o.s.web.servlet.DispatcherServlet,"GET ""/owners"", parameters={}"
2026-07-23T00:09:17.185885+00:00,customers-service,customers-service-68b57f7b8c-r7tfg,2026-07-23T00:09:11.705744+00:00,DEBUG,3911ea4c46cba3e5,f72722f3cee93696,nio-8080-exec-4,o.s.web.servlet.DispatcherServlet,Completed 200 OK
2026-07-23T00:09:17.185885+00:00,customers-service,customers-service-68b57f7b8c-r7tfg,2026-07-23T00:09:11.705739+00:00,DEBUG,3911ea4c46cba3e5,3d0cc4e92b60b1ba,nio-8080-exec-4,o.s.web.servlet.DispatcherServlet,"GET ""/owners"", parameters={}"
2026-07-23T00:09:17.185885+00:00,customers-service,customers-service-68b57f7b8c-r7tfg,2026-07-23T00:09:11.204586+00:00,DEBUG,0fbeee2e6135829d,0fbeee2e6135829d,nio-8080-exec-1,o.s.web.servlet.DispatcherServlet,Completed 200 OK
2026-07-23T00:09:17.185885+00:00,customers-service,customers-service-68b57f7b8c-r7tfg,2026-07-23T00:09:10.953356+00:00,DEBUG,5a6ce5c8bd999e65,b37b34f5b86919df,nio-8080-exec-9,o.s.web.servlet.DispatcherServlet,Completed 200 OK
2026-07-23T00:09:17.185885+00:00,customers-service,customers-service-68b57f7b8c-r7tfg,2026-07-23T00:09:10.953350+00:00,DEBUG,5a6ce5c8bd999e65,a96be72384ffaed9,nio-8080-exec-9,o.s.web.servlet.DispatcherServlet,"GET ""/owners/1"", parameters={}"
2026-07-23T00:09:17.185885+00:00,customers-service,customers-service-68b57f7b8c-r7tfg,2026-07-23T00:09:10.702616+00:00,DEBUG,7f7ed8c76aa534d2,2fe43b143cf4097c,nio-8080-exec-6,o.s.web.servlet.DispatcherServlet,Completed 200 OK
2026-07-23T00:09:17.185885+00:00,customers-service,customers-service-68b57f7b8c-r7tfg,2026-07-23T00:09:10.702558+00:00,DEBUG,7f7ed8c76aa534d2,0a56c5510b8ca311,nio-8080-exec-6,o.s.web.servlet.DispatcherServlet,"GET ""/owners/1"", parameters={}"
2026-07-23T00:09:17.185885+00:00,customers-service,customers-service-68b57f7b8c-r7tfg,2026-07-23T00:09:10.451850+00:00,DEBUG,778a424288430392,0c5f823c8f85ad8f,nio-8080-exec-2,o.s.web.servlet.DispatcherServlet,Completed 200 OK
2026-07-23T00:09:17.185885+00:00,customers-service,customers-service-68b57f7b8c-r7tfg,2026-07-23T00:09:10.451846+00:00,DEBUG,778a424288430392,625473dcddcca53f,nio-8080-exec-2,o.s.web.servlet.DispatcherServlet,"GET ""/owners/1"", parameters={}"
2026-07-23T00:09:17.185885+00:00,customers-service,customers-service-68b57f7b8c-r7tfg,2026-07-23T00:09:10.201884+00:00,DEBUG,32c59ef4ca92538b,bedac37dac10ba50,nio-8080-exec-8,o.s.web.servlet.DispatcherServlet,Completed 200 OK
2026-07-23T00:09:17.185885+00:00,customers-service,customers-service-68b57f7b8c-r7tfg,2026-07-23T00:09:10.201855+00:00,DEBUG,5d73123952ac6869,5d73123952ac6869,nio-8080-exec-5,o.s.web.servlet.DispatcherServlet,Completed 200 OK
2026-07-23T00:09:17.185885+00:00,customers-service,customers-service-68b57f7b8c-r7tfg,2026-07-23T00:09:10.201741+00:00,DEBUG,32c59ef4ca92538b,9b836a1d85724bb1,nio-8080-exec-8,o.s.web.servlet.DispatcherServlet,"GET ""/owners/1"", parameters={}"
2026-07-23T00:09:17.185885+00:00,customers-service,customers-service-68b57f7b8c-r7tfg,2026-07-23T00:09:10.201726+00:00,DEBUG,08fdcdcae3e3c7df,c751f22827a518cd,nio-8080-exec-7,o.s.web.servlet.DispatcherServlet,Completed 200 OK
2026-07-23T00:09:17.185885+00:00,customers-service,customers-service-68b57f7b8c-r7tfg,2026-07-23T00:09:09.950987+00:00,DEBUG,08fdcdcae3e3c7df,9f7f1750f585210d,nio-8080-exec-7,o.s.web.servlet.DispatcherServlet,"GET ""/owners"", parameters={}"
2026-07-23T00:09:17.185885+00:00,customers-service,customers-service-68b57f7b8c-r7tfg,2026-07-23T00:09:09.950811+00:00,DEBUG,c3a1e8c061d4d132,679c01489a097f89,io-8080-exec-10,o.s.web.servlet.DispatcherServlet,Completed 200 OK
2026-07-23T00:09:17.185885+00:00,customers-service,customers-service-68b57f7b8c-r7tfg,2026-07-23T00:09:09.950804+00:00,DEBUG,c3a1e8c061d4d132,4071c852ab177f6f,io-8080-exec-10,o.s.web.servlet.DispatcherServlet,"GET ""/owners/1"", parameters={}"
2026-07-23T00:09:17.185885+00:00,customers-service,customers-service-68b57f7b8c-r7tfg,2026-07-23T00:09:09.700499+00:00,DEBUG,6e0e630d841f71a9,4b2a172d44628ead,nio-8080-exec-3,o.s.web.servlet.DispatcherServlet,Completed 200 OK
2026-07-23T00:09:17.185885+00:00,customers-service,customers-service-68b57f7b8c-r7tfg,2026-07-23T00:09:09.700490+00:00,DEBUG,6e0e630d841f71a9,50e06292dc74fef4,nio-8080-exec-3,o.s.web.servlet.DispatcherServlet,"GET ""/owners/1"", parameters={}"
2026-07-23T00:09:17.185885+00:00,customers-service,customers-service-68b57f7b8c-r7tfg,2026-07-23T00:09:09.449561+00:00,DEBUG,aef7b5de29d6f068,49d670bc5fd10cf3,nio-8080-exec-4,o.s.web.servlet.DispatcherServlet,Completed 200 OK
2026-07-23T00:09:17.185885+00:00,customers-service,customers-service-68b57f7b8c-r7tfg,2026-07-23T00:09:09.449516+00:00,DEBUG,aef7b5de29d6f068,d6ac3250f4eac5dc,nio-8080-exec-4,o.s.web.servlet.DispatcherServlet,"GET ""/owners/1"", parameters={}"
2026-07-23T00:09:17.185885+00:00,customers-service,customers-service-68b57f7b8c-r7tfg,2026-07-23T00:09:09.449479+00:00,DEBUG,cdabf2f4fafc19e3,e8e36ea7eaf2e82f,nio-8080-exec-1,o.s.web.servlet.DispatcherServlet,Completed 200 OK
2026-07-23T00:09:17.185885+00:00,customers-service,customers-service-68b57f7b8c-r7tfg,2026-07-23T00:09:09.449420+00:00,DEBUG,cdabf2f4fafc19e3,edd9b0e2b48454c4,nio-8080-exec-1,o.s.web.servlet.DispatcherServlet,"GET ""/owners/1"", parameters={}"
2026-07-23T00:09:17.185885+00:00,customers-service,customers-service-68b57f7b8c-r7tfg,2026-07-23T00:09:08.948521+00:00,DEBUG,6fd73c9edcc7fdf7,cd6bc527b1c88dbf,nio-8080-exec-9,o.s.web.servlet.DispatcherServlet,Completed 200 OK
2026-07-23T00:09:17.185885+00:00,customers-service,customers-service-68b57f7b8c-r7tfg,2026-07-23T00:09:08.948423+00:00,DEBUG,6fd73c9edcc7fdf7,b12d8aaa7aa18a5b,nio-8080-exec-9,o.s.web.servlet.DispatcherServlet,"GET ""/owners/1"", parameters={}"
2026-07-23T00:09:17.185885+00:00,customers-service,customers-service-68b57f7b8c-r7tfg,2026-07-23T00:09:08.697723+00:00,DEBUG,6df7ec8c78f6bed4,dff52fc72d765e3f,nio-8080-exec-6,o.s.web.servlet.DispatcherServlet,Completed 200 OK
2026-07-23T00:09:17.185885+00:00,customers-service,customers-service-68b57f7b8c-r7tfg,2026-07-23T00:09:08.697717+00:00,DEBUG,6df7ec8c78f6bed4,23fee4e517dcca7c,nio-8080-exec-6,o.s.web.servlet.DispatcherServlet,"GET ""/owners"", parameters={}"
2026-07-23T00:09:17.185885+00:00,customers-service,customers-service-68b57f7b8c-r7tfg,2026-07-23T00:09:08.447209+00:00,DEBUG,cb82ea8a942e49e8,3c5085c8ce19a39f,nio-8080-exec-2,o.s.web.servlet.DispatcherServlet,Completed 200 OK
2026-07-23T00:09:17.185885+00:00,customers-service,customers-service-68b57f7b8c-r7tfg,2026-07-23T00:09:08.447201+00:00,DEBUG,cb82ea8a942e49e8,9ba8a00ae040568a,nio-8080-exec-2,o.s.web.servlet.DispatcherServlet,"GET ""/owners"", parameters={}"
2026-07-23T00:09:17.185885+00:00,customers-service,customers-service-68b57f7b8c-r7tfg,2026-07-23T00:09:08.196540+00:00,DEBUG,456e283f066a966c,dc9b1f0302cf17da,nio-8080-exec-5,o.s.web.servlet.DispatcherServlet,Completed 200 OK
2026-07-23T00:09:17.185885+00:00,customers-service,customers-service-68b57f7b8c-r7tfg,2026-07-23T00:09:08.196533+00:00,DEBUG,456e283f066a966c,0f26f152093dad80,nio-8080-exec-5,o.s.web.servlet.DispatcherServlet,"GET ""/owners"", parameters={}"
2026-07-23T00:09:17.185885+00:00,customers-service,customers-service-68b57f7b8c-r7tfg,2026-07-23T00:09:07.945313+00:00,DEBUG,00efb6a85f1d6110,e32b34d90e50be7d,nio-8080-exec-8,o.s.web.servlet.DispatcherServlet,Completed 200 OK
2026-07-23T00:09:17.185885+00:00,customers-service,customers-service-68b57f7b8c-r7tfg,2026-07-23T00:09:07.945282+00:00,DEBUG,00efb6a85f1d6110,fbf3cf3fc2b87084,nio-8080-exec-8,o.s.web.servlet.DispatcherServlet,"GET ""/owners/1"", parameters={}"
2026-07-23T00:09:17.185885+00:00,customers-service,customers-service-68b57f7b8c-r7tfg,2026-07-23T00:09:07.945247+00:00,DEBUG,75dc91f76e05077e,75dc91f76e05077e,nio-8080-exec-7,o.s.web.servlet.DispatcherServlet,Completed 200 OK
2026-07-23T00:09:17.185885+00:00,customers-service,customers-service-68b57f7b8c-r7tfg,2026-07-23T00:09:07.694384+00:00,DEBUG,c1f1e7110ee0f3fe,675f195bf67940a3,io-8080-exec-10,o.s.web.servlet.DispatcherServlet,Completed 200 OK
2026-07-23T00:09:17.185885+00:00,customers-service,customers-service-68b57f7b8c-r7tfg,2026-07-23T00:09:07.694378+00:00,DEBUG,c1f1e7110ee0f3fe,338e4c23563afa79,io-8080-exec-10,o.s.web.servlet.DispatcherServlet,"GET ""/owners/1"", parameters={}"
2026-07-23T00:09:17.185885+00:00,customers-service,customers-service-68b57f7b8c-r7tfg,2026-07-23T00:09:07.191990+00:00,DEBUG,a9c9b6bcf339e4f6,a2fbd437704bb49d,nio-8080-exec-3,o.s.web.servlet.DispatcherServlet,Completed 200 OK
2026-07-23T00:09:17.185885+00:00,customers-service,customers-service-68b57f7b8c-r7tfg,2026-07-23T00:09:07.191913+00:00,DEBUG,a9c9b6bcf339e4f6,a3d93d72b1d85dec,nio-8080-exec-3,o.s.web.servlet.DispatcherServlet,"GET ""/owners/1"", parameters={}"
2026-07-23T00:09:17.185885+00:00,customers-service,customers-service-68b57f7b8c-r7tfg,2026-07-23T00:09:06.940697+00:00,DEBUG,94f5a834d4ddd83e,01628e4b37f1faf9,nio-8080-exec-4,o.s.web.servlet.DispatcherServlet,Completed 200 OK
2026-07-23T00:09:17.185885+00:00,customers-service,customers-service-68b57f7b8c-r7tfg,2026-07-23T00:09:06.940622+00:00,DEBUG,94f5a834d4ddd83e,35bf36eb884bf9b3,nio-8080-exec-4,o.s.web.servlet.DispatcherServlet,"GET ""/owners"", parameters={}"
2026-07-23T00:09:17.185885+00:00,customers-service,customers-service-68b57f7b8c-r7tfg,2026-07-23T00:09:06.440193+00:00,DEBUG,c8364a1fdbc8226d,98fedb2e3501445e,nio-8080-exec-1,o.s.web.servlet.DispatcherServlet,Completed 200 OK
2026-07-23T00:09:17.185885+00:00,customers-service,customers-service-68b57f7b8c-r7tfg,2026-07-23T00:09:06.440108+00:00,DEBUG,c8364a1fdbc8226d,959d4fed50537e60,nio-8080-exec-1,o.s.web.servlet.DispatcherServlet,"GET ""/owners/1"", parameters={}"
2026-07-23T00:09:17.185885+00:00,customers-service,customers-service-68b57f7b8c-r7tfg,2026-07-23T00:09:06.189200+00:00,DEBUG,f0a9889532eba12a,20b5b2440e2bb1fa,nio-8080-exec-9,o.s.web.servlet.DispatcherServlet,Completed 200 OK
2026-07-23T00:09:17.185885+00:00,customers-service,customers-service-68b57f7b8c-r7tfg,2026-07-23T00:09:05.939038+00:00,DEBUG,f0a9889532eba12a,338b814bf5f7b6b3,nio-8080-exec-9,o.s.web.servlet.DispatcherServlet,"GET ""/owners"", parameters={}"
2026-07-23T00:09:17.185885+00:00,customers-service,customers-service-68b57f7b8c-r7tfg,2026-07-23T00:09:05.939031+00:00,DEBUG,de2b0e7c8bfe62a7,dce1a3821d6eb6b8,nio-8080-exec-6,o.s.web.servlet.DispatcherServlet,Completed 200 OK
2026-07-23T00:09:17.185885+00:00,customers-service,customers-service-68b57f7b8c-r7tfg,2026-07-23T00:09:05.938906+00:00,DEBUG,de2b0e7c8bfe62a7,b4adfd31b0f79086,nio-8080-exec-6,o.s.web.servlet.DispatcherServlet,"GET ""/owners"", parameters={}"
2026-07-23T00:09:17.185885+00:00,customers-service,customers-service-68b57f7b8c-r7tfg,2026-07-23T00:09:05.437302+00:00,DEBUG,f1ea1bbfa941d323,6366a027481678aa,nio-8080-exec-2,o.s.web.servlet.DispatcherServlet,Completed 200 OK
2026-07-23T00:09:17.185885+00:00,customers-service,customers-service-68b57f7b8c-r7tfg,2026-07-23T00:09:05.437273+00:00,DEBUG,f1ea1bbfa941d323,85465857cd52a913,nio-8080-exec-2,o.s.web.servlet.DispatcherServlet,"GET ""/owners/1"", parameters={}"
2026-07-23T00:09:17.185885+00:00,customers-service,customers-service-68b57f7b8c-r7tfg,2026-07-23T00:09:05.437232+00:00,DEBUG,a2c23170efcab5d6,87bad746753c7916,nio-8080-exec-5,o.s.web.servlet.DispatcherServlet,Completed 200 OK
2026-07-23T00:09:17.185885+00:00,customers-service,customers-service-68b57f7b8c-r7tfg,2026-07-23T00:09:05.437155+00:00,DEBUG,a2c23170efcab5d6,67048353ecae7731,nio-8080-exec-5,o.s.web.servlet.DispatcherServlet,"GET ""/owners/1"", parameters={}"
2026-07-23T00:09:17.185885+00:00,customers-service,customers-service-68b57f7b8c-r7tfg,2026-07-23T00:09:05.186602+00:00,DEBUG,c773c9b6d0aae90b,7b676bf0f6c212a6,nio-8080-exec-8,o.s.web.servlet.DispatcherServlet,Completed 200 OK
2026-07-23T00:09:17.185885+00:00,customers-service,customers-service-68b57f7b8c-r7tfg,2026-07-23T00:09:05.186573+00:00,DEBUG,c773c9b6d0aae90b,e761d424cd511959,nio-8080-exec-8,o.s.web.servlet.DispatcherServlet,"GET ""/owners/1"", parameters={}"
2026-07-23T00:09:17.185885+00:00,customers-service,customers-service-68b57f7b8c-r7tfg,2026-07-23T00:09:05.186567+00:00,DEBUG,b1e9c8d38759c67d,dd8eb7a9657a58d6,nio-8080-exec-7,o.s.web.servlet.DispatcherServlet,Completed 200 OK
2026-07-23T00:09:17.185885+00:00,customers-service,customers-service-68b57f7b8c-r7tfg,2026-07-23T00:09:04.935836+00:00,DEBUG,b1e9c8d38759c67d,cc7dd8831482d257,nio-8080-exec-7,o.s.web.servlet.DispatcherServlet,"GET ""/owners"", parameters={}"
2026-07-23T00:09:17.185885+00:00,customers-service,customers-service-68b57f7b8c-r7tfg,2026-07-23T00:09:04.684816+00:00,DEBUG,ccce7a5b8c075f94,34f1a6c4748718a7,io-8080-exec-10,o.s.web.servlet.DispatcherServlet,Completed 200 OK
2026-07-23T00:09:17.185885+00:00,customers-service,customers-service-68b57f7b8c-r7tfg,2026-07-23T00:09:04.434161+00:00,DEBUG,ccce7a5b8c075f94,0b81956163eec69e,io-8080-exec-10,o.s.web.servlet.DispatcherServlet,"GET ""/owners"", parameters={}"
2026-07-23T00:09:17.185885+00:00,customers-service,customers-service-68b57f7b8c-r7tfg,2026-07-23T00:09:03.932711+00:00,DEBUG,cab093365bde162f,267504436d0dd619,nio-8080-exec-3,o.s.web.servlet.DispatcherServlet,Completed 200 OK
2026-07-23T00:09:17.185885+00:00,customers-service,customers-service-68b57f7b8c-r7tfg,2026-07-23T00:09:03.932705+00:00,DEBUG,cab093365bde162f,4138d6eeb48f1232,nio-8080-exec-3,o.s.web.servlet.DispatcherServlet,"GET ""/owners/1"", parameters={}"
2026-07-23T00:09:17.185885+00:00,customers-service,customers-service-68b57f7b8c-r7tfg,2026-07-23T00:09:03.682317+00:00,DEBUG,b70ef9db17c61b74,740c826c444da17b,nio-8080-exec-4,o.s.web.servlet.DispatcherServlet,Completed 200 OK
2026-07-23T00:09:17.185885+00:00,customers-service,customers-service-68b57f7b8c-r7tfg,2026-07-23T00:09:03.432274+00:00,DEBUG,b70ef9db17c61b74,6db4c92ad4bd1f20,nio-8080-exec-4,o.s.web.servlet.DispatcherServlet,"GET ""/owners"", parameters={}"
2026-07-23T00:09:17.185885+00:00,customers-service,customers-service-68b57f7b8c-r7tfg,2026-07-23T00:08:56.413087+00:00,DEBUG,6ce31354a11c552d,6ce31354a11c552d,nio-8080-exec-1,o.s.web.servlet.DispatcherServlet,Completed 200 OK
2026-07-23T00:09:17.185885+00:00,customers-service,customers-service-68b57f7b8c-r7tfg,2026-07-23T00:08:51.673896+00:00,DEBUG,513c5d2aabb660fc,513c5d2aabb660fc,nio-8080-exec-9,o.s.web.servlet.DispatcherServlet,Completed 200 OK
2026-07-23T00:09:17.185885+00:00,customers-service,customers-service-68b57f7b8c-r7tfg,2026-07-23T00:08:48.914886+00:00,DEBUG,2984b2256191ffb8,2984b2256191ffb8,nio-8080-exec-6,o.s.web.servlet.DispatcherServlet,Completed 200 OK
2026-07-23T00:09:17.185885+00:00,customers-service,customers-service-68b57f7b8c-r7tfg,2026-07-23T00:08:40.133005+00:00,DEBUG,7e1cda42f3d130a0,7e1cda42f3d130a0,nio-8080-exec-2,o.s.web.servlet.DispatcherServlet,Completed 200 OK
2026-07-23T00:09:17.185885+00:00,customers-service,customers-service-68b57f7b8c-r7tfg,2026-07-23T00:08:36.621412+00:00,DEBUG,9f2df99b5d161bd7,9f2df99b5d161bd7,nio-8080-exec-5,o.s.web.servlet.DispatcherServlet,Completed 200 OK
2026-07-23T00:09:17.185885+00:00,customers-service,customers-service-68b57f7b8c-r7tfg,2026-07-23T00:08:33.613064+00:00,DEBUG,56bf1d20298ffa0a,6d4eb5e97c11545e,nio-8080-exec-8,o.s.web.servlet.DispatcherServlet,Completed 200 OK
2026-07-23T00:09:17.185885+00:00,customers-service,customers-service-68b57f7b8c-r7tfg,2026-07-23T00:08:33.613034+00:00,DEBUG,56bf1d20298ffa0a,f9910689cab884cd,nio-8080-exec-8,o.s.web.servlet.DispatcherServlet,"GET ""/owners/1"", parameters={}"
2026-07-23T00:09:17.185885+00:00,customers-service,customers-service-68b57f7b8c-r7tfg,2026-07-23T00:08:33.613028+00:00,DEBUG,af9908e5a1f80828,254a7d2b5e41ba29,nio-8080-exec-7,o.s.web.servlet.DispatcherServlet,Completed 200 OK
2026-07-23T00:09:17.185885+00:00,customers-service,customers-service-68b57f7b8c-r7tfg,2026-07-23T00:08:33.362261+00:00,DEBUG,af9908e5a1f80828,2bb746488522f7d1,nio-8080-exec-7,o.s.web.servlet.DispatcherServlet,"GET ""/owners"", parameters={}"
2026-07-23T00:09:17.185885+00:00,customers-service,customers-service-68b57f7b8c-r7tfg,2026-07-23T00:08:33.362221+00:00,DEBUG,b27d7633822204eb,db81d52ae4bcc3eb,io-8080-exec-10,o.s.web.servlet.DispatcherServlet,Completed 200 OK
2026-07-23T00:09:17.185885+00:00,customers-service,customers-service-68b57f7b8c-r7tfg,2026-07-23T00:08:33.362214+00:00,DEBUG,b27d7633822204eb,856b9af05c1c02b4,io-8080-exec-10,o.s.web.servlet.DispatcherServlet,"GET ""/owners"", parameters={}"
2026-07-23T00:09:17.185885+00:00,customers-service,customers-service-68b57f7b8c-r7tfg,2026-07-23T00:08:33.111045+00:00,DEBUG,389a0e1f3cbb3baa,622aa8cafc4430d3,nio-8080-exec-3,o.s.web.servlet.DispatcherServlet,Completed 200 OK
2026-07-23T00:09:17.185885+00:00,customers-service,customers-service-68b57f7b8c-r7tfg,2026-07-23T00:08:33.110985+00:00,DEBUG,389a0e1f3cbb3baa,a8659d8b2ed39416,nio-8080-exec-3,o.s.web.servlet.DispatcherServlet,"GET ""/owners/1"", parameters={}"
2026-07-23T00:09:17.185885+00:00,customers-service,customers-service-68b57f7b8c-r7tfg,2026-07-23T00:08:32.860650+00:00,DEBUG,d23ecbdcc41c992c,d18da3714ae4b317,nio-8080-exec-4,o.s.web.servlet.DispatcherServlet,Completed 200 OK
2026-07-23T00:09:17.185885+00:00,customers-service,customers-service-68b57f7b8c-r7tfg,2026-07-23T00:08:32.860647+00:00,DEBUG,d23ecbdcc41c992c,fe42aa33a8008a6d,nio-8080-exec-4,o.s.web.servlet.DispatcherServlet,"GET ""/owners/1"", parameters={}"
2026-07-23T00:09:17.185885+00:00,customers-service,customers-service-68b57f7b8c-r7tfg,2026-07-23T00:08:32.359193+00:00,DEBUG,cecd0ef974f52c28,2cf54ba72f015bcc,nio-8080-exec-1,o.s.web.servlet.DispatcherServlet,Completed 200 OK
2026-07-23T00:09:17.185885+00:00,customers-service,customers-service-68b57f7b8c-r7tfg,2026-07-23T00:08:32.359187+00:00,DEBUG,cecd0ef974f52c28,1d3978df6b65d045,nio-8080-exec-1,o.s.web.servlet.DispatcherServlet,"GET ""/owners/1"", parameters={}"
2026-07-23T00:09:17.185885+00:00,customers-service,customers-service-68b57f7b8c-r7tfg,2026-07-23T00:08:32.108508+00:00,DEBUG,6f2a192265c51555,61ca0cca69b7fca3,nio-8080-exec-9,o.s.web.servlet.DispatcherServlet,Completed 200 OK
2026-07-23T00:09:17.185885+00:00,customers-service,customers-service-68b57f7b8c-r7tfg,2026-07-23T00:08:32.108503+00:00,DEBUG,6f2a192265c51555,211a14f9742b7247,nio-8080-exec-9,o.s.web.servlet.DispatcherServlet,"GET ""/owners/1"", parameters={}"
2026-07-23T00:09:17.185885+00:00,customers-service,customers-service-68b57f7b8c-r7tfg,2026-07-23T00:08:31.857377+00:00,DEBUG,005fc10f1469b705,0c47a7cdc1635d0f,nio-8080-exec-6,o.s.web.servlet.DispatcherServlet,Completed 200 OK
2026-07-23T00:09:17.185885+00:00,customers-service,customers-service-68b57f7b8c-r7tfg,2026-07-23T00:08:31.857373+00:00,DEBUG,005fc10f1469b705,50e12bb0ab7db748,nio-8080-exec-6,o.s.web.servlet.DispatcherServlet,"GET ""/owners"", parameters={}"
2026-07-23T00:09:17.185885+00:00,customers-service,customers-service-68b57f7b8c-r7tfg,2026-07-23T00:08:31.607198+00:00,DEBUG,04b4ebc6ecbfddc9,0708c19dc76ee8c4,nio-8080-exec-2,o.s.web.servlet.DispatcherServlet,Completed 200 OK
2026-07-23T00:09:17.185885+00:00,customers-service,customers-service-68b57f7b8c-r7tfg,2026-07-23T00:08:31.607193+00:00,DEBUG,04b4ebc6ecbfddc9,9f582aacbebe0caf,nio-8080-exec-2,o.s.web.servlet.DispatcherServlet,"GET ""/owners"", parameters={}"
2026-07-23T00:09:17.185885+00:00,customers-service,customers-service-68b57f7b8c-r7tfg,2026-07-23T00:08:31.105466+00:00,DEBUG,3c3ab016cc47d5ab,b9e444b28d90a88e,nio-8080-exec-5,o.s.web.servlet.DispatcherServlet,Completed 200 OK
2026-07-23T00:09:17.185885+00:00,customers-service,customers-service-68b57f7b8c-r7tfg,2026-07-23T00:08:31.105436+00:00,DEBUG,3c3ab016cc47d5ab,f078294e1f37e493,nio-8080-exec-5,o.s.web.servlet.DispatcherServlet,"GET ""/owners"", parameters={}"
2026-07-23T00:09:17.185885+00:00,customers-service,customers-service-68b57f7b8c-r7tfg,2026-07-23T00:08:31.105429+00:00,DEBUG,f4963578ea679870,8be5284d025a5dde,nio-8080-exec-8,o.s.web.servlet.DispatcherServlet,Completed 200 OK
2026-07-23T00:09:17.185885+00:00,customers-service,customers-service-68b57f7b8c-r7tfg,2026-07-23T00:08:30.855037+00:00,DEBUG,f4963578ea679870,3aa1491e6f8b665c,nio-8080-exec-8,o.s.web.servlet.DispatcherServlet,"GET ""/owners"", parameters={}"
2026-07-23T00:09:17.185885+00:00,customers-service,customers-service-68b57f7b8c-r7tfg,2026-07-23T00:08:30.604213+00:00,DEBUG,442ace33baceb9c8,dc674f6721f2bb17,nio-8080-exec-7,o.s.web.servlet.DispatcherServlet,Completed 200 OK
2026-07-23T00:09:17.185885+00:00,customers-service,customers-service-68b57f7b8c-r7tfg,2026-07-23T00:08:30.353370+00:00,DEBUG,442ace33baceb9c8,28eed4fcf277b8a3,nio-8080-exec-7,o.s.web.servlet.DispatcherServlet,"GET ""/owners"", parameters={}"
2026-07-23T00:09:17.185885+00:00,customers-service,customers-service-68b57f7b8c-r7tfg,2026-07-23T00:08:30.353237+00:00,DEBUG,74ce1a46726cc202,3c3f530d458405c9,io-8080-exec-10,o.s.web.servlet.DispatcherServlet,Completed 200 OK
2026-07-23T00:09:17.185885+00:00,customers-service,customers-service-68b57f7b8c-r7tfg,2026-07-23T00:08:30.353228+00:00,DEBUG,74ce1a46726cc202,8a2179d39f74ff92,io-8080-exec-10,o.s.web.servlet.DispatcherServlet,"GET ""/owners/1"", parameters={}"
2026-07-23T00:09:17.185885+00:00,customers-service,customers-service-68b57f7b8c-r7tfg,2026-07-23T00:08:30.102801+00:00,DEBUG,a37612fbb7a4e0ed,e85c1af8ecec9750,nio-8080-exec-3,o.s.web.servlet.DispatcherServlet,Completed 200 OK
2026-07-23T00:09:17.185885+00:00,customers-service,customers-service-68b57f7b8c-r7tfg,2026-07-23T00:08:30.102797+00:00,DEBUG,a37612fbb7a4e0ed,4c5fedf56c074520,nio-8080-exec-3,o.s.web.servlet.DispatcherServlet,"GET ""/owners"", parameters={}"
2026-07-23T00:09:17.185885+00:00,customers-service,customers-service-68b57f7b8c-r7tfg,2026-07-23T00:08:29.851858+00:00,DEBUG,42c4745ea93a02d6,ff226e4d2531f398,nio-8080-exec-4,o.s.web.servlet.DispatcherServlet,Completed 200 OK
2026-07-23T00:09:17.185885+00:00,customers-service,customers-service-68b57f7b8c-r7tfg,2026-07-23T00:08:29.851855+00:00,DEBUG,42c4745ea93a02d6,439669c97e76b56e,nio-8080-exec-4,o.s.web.servlet.DispatcherServlet,"GET ""/owners"", parameters={}"
2026-07-23T00:09:17.185885+00:00,customers-service,customers-service-68b57f7b8c-r7tfg,2026-07-23T00:08:29.601016+00:00,DEBUG,bb9fa8f2ee9624d1,f6db85f0dbcf4f51,nio-8080-exec-1,o.s.web.servlet.DispatcherServlet,Completed 200 OK
2026-07-23T00:09:17.185885+00:00,customers-service,customers-service-68b57f7b8c-r7tfg,2026-07-23T00:08:29.601010+00:00,DEBUG,bb9fa8f2ee9624d1,279b33a3789c4096,nio-8080-exec-1,o.s.web.servlet.DispatcherServlet,"GET ""/owners/1"", parameters={}"
2026-07-23T00:09:17.185885+00:00,customers-service,customers-service-68b57f7b8c-r7tfg,2026-07-23T00:08:29.100343+00:00,DEBUG,221263f2368610fd,147aebda14af251b,nio-8080-exec-9,o.s.web.servlet.DispatcherServlet,Completed 200 OK
2026-07-23T00:09:17.185885+00:00,customers-service,customers-service-68b57f7b8c-r7tfg,2026-07-23T00:08:29.100312+00:00,DEBUG,221263f2368610fd,c4b44fbf639a9403,nio-8080-exec-9,o.s.web.servlet.DispatcherServlet,"GET ""/owners"", parameters={}"
2026-07-23T00:09:17.185885+00:00,customers-service,customers-service-68b57f7b8c-r7tfg,2026-07-23T00:08:29.100307+00:00,DEBUG,0dc57bfb38c99e0f,44f83892873a880f,nio-8080-exec-6,o.s.web.servlet.DispatcherServlet,Completed 200 OK
2026-07-23T00:09:17.185885+00:00,customers-service,customers-service-68b57f7b8c-r7tfg,2026-07-23T00:08:28.849473+00:00,DEBUG,eb56a26296dece93,eb56a26296dece93,nio-8080-exec-2,o.s.web.servlet.DispatcherServlet,Completed 200 OK
2026-07-23T00:09:17.185885+00:00,customers-service,customers-service-68b57f7b8c-r7tfg,2026-07-23T00:08:28.849353+00:00,DEBUG,0dc57bfb38c99e0f,10bac76c863c6733,nio-8080-exec-6,o.s.web.servlet.DispatcherServlet,"GET ""/owners"", parameters={}"
2026-07-23T00:09:17.185885+00:00,customers-service,customers-service-68b57f7b8c-r7tfg,2026-07-23T00:08:28.849316+00:00,DEBUG,7d234aad7c347f31,7f4536d222aac1ca,nio-8080-exec-5,o.s.web.servlet.DispatcherServlet,Completed 200 OK
2026-07-23T00:09:17.185885+00:00,customers-service,customers-service-68b57f7b8c-r7tfg,2026-07-23T00:08:28.849303+00:00,DEBUG,7d234aad7c347f31,45e92ac31244704d,nio-8080-exec-5,o.s.web.servlet.DispatcherServlet,"GET ""/owners/1"", parameters={}"
2026-07-23T00:09:17.185885+00:00,customers-service,customers-service-68b57f7b8c-r7tfg,2026-07-23T00:08:28.346867+00:00,DEBUG,fa1214296dc8cf56,562fc59eeb227f8a,nio-8080-exec-8,o.s.web.servlet.DispatcherServlet,Completed 200 OK
2026-07-23T00:09:17.185885+00:00,customers-service,customers-service-68b57f7b8c-r7tfg,2026-07-23T00:08:28.346861+00:00,DEBUG,fa1214296dc8cf56,af823569c1b08a5d,nio-8080-exec-8,o.s.web.servlet.DispatcherServlet,"GET ""/owners/1"", parameters={}"
2026-07-23T00:09:17.185885+00:00,customers-service,customers-service-68b57f7b8c-r7tfg,2026-07-23T00:08:27.845791+00:00,DEBUG,97d111cfe4b58c0b,4b790bd0531a2343,nio-8080-exec-7,o.s.web.servlet.DispatcherServlet,Completed 200 OK
2026-07-23T00:09:17.185885+00:00,customers-service,customers-service-68b57f7b8c-r7tfg,2026-07-23T00:08:27.845787+00:00,DEBUG,97d111cfe4b58c0b,2eb049fbf9bff50f,nio-8080-exec-7,o.s.web.servlet.DispatcherServlet,"GET ""/owners"", parameters={}"
2026-07-23T00:09:17.185885+00:00,customers-service,customers-service-68b57f7b8c-r7tfg,2026-07-23T00:08:27.092910+00:00,DEBUG,9b4f99457e0ab309,046b274d144d759f,io-8080-exec-10,o.s.web.servlet.DispatcherServlet,Completed 200 OK
2026-07-23T00:09:17.185885+00:00,customers-service,customers-service-68b57f7b8c-r7tfg,2026-07-23T00:08:26.842615+00:00,DEBUG,9b4f99457e0ab309,50b528a1c140a1a0,io-8080-exec-10,o.s.web.servlet.DispatcherServlet,"GET ""/owners"", parameters={}"
2026-07-23T00:09:17.185885+00:00,customers-service,customers-service-68b57f7b8c-r7tfg,2026-07-23T00:08:26.591658+00:00,DEBUG,c6d4dbe3977f2ac7,e033f1d58018a8e2,nio-8080-exec-3,o.s.web.servlet.DispatcherServlet,Completed 200 OK
2026-07-23T00:09:17.185885+00:00,customers-service,customers-service-68b57f7b8c-r7tfg,2026-07-23T00:08:26.340744+00:00,DEBUG,c6d4dbe3977f2ac7,82ed3c55772f0cab,nio-8080-exec-3,o.s.web.servlet.DispatcherServlet,"GET ""/owners/1"", parameters={}"
2026-07-23T00:09:17.185885+00:00,customers-service,customers-service-68b57f7b8c-r7tfg,2026-07-23T00:08:26.089932+00:00,DEBUG,9dde9d94d586ed71,c410089859cb0565,nio-8080-exec-4,o.s.web.servlet.DispatcherServlet,Completed 200 OK
2026-07-23T00:09:17.185885+00:00,customers-service,customers-service-68b57f7b8c-r7tfg,2026-07-23T00:08:25.839056+00:00,DEBUG,9dde9d94d586ed71,32f0029500e29b80,nio-8080-exec-4,o.s.web.servlet.DispatcherServlet,"GET ""/owners"", parameters={}"
2026-07-23T00:09:17.185885+00:00,customers-service,customers-service-68b57f7b8c-r7tfg,2026-07-23T00:08:25.839033+00:00,DEBUG,e20dcaaac6b1ec61,db107376e90661bb,nio-8080-exec-1,o.s.web.servlet.DispatcherServlet,Completed 200 OK
2026-07-23T00:09:17.185885+00:00,customers-service,customers-service-68b57f7b8c-r7tfg,2026-07-23T00:08:25.839029+00:00,DEBUG,e20dcaaac6b1ec61,6caa45f90fac5b21,nio-8080-exec-1,o.s.web.servlet.DispatcherServlet,"GET ""/owners"", parameters={}"
2026-07-23T00:09:17.185885+00:00,customers-service,customers-service-68b57f7b8c-r7tfg,2026-07-23T00:08:25.588835+00:00,DEBUG,283fd5d410ce0328,3154aecd64c2b31d,nio-8080-exec-9,o.s.web.servlet.DispatcherServlet,Completed 200 OK
2026-07-23T00:09:17.185885+00:00,customers-service,customers-service-68b57f7b8c-r7tfg,2026-07-23T00:08:25.338016+00:00,DEBUG,283fd5d410ce0328,36578c798fd1496d,nio-8080-exec-9,o.s.web.servlet.DispatcherServlet,"GET ""/owners"", parameters={}"
2026-07-23T00:09:17.185885+00:00,customers-service,customers-service-68b57f7b8c-r7tfg,2026-07-23T00:08:25.338000+00:00,DEBUG,9dceb1d2c9e32a99,e15fad5f04defa00,nio-8080-exec-2,o.s.web.servlet.DispatcherServlet,Completed 200 OK
2026-07-23T00:09:17.185885+00:00,customers-service,customers-service-68b57f7b8c-r7tfg,2026-07-23T00:08:25.337997+00:00,DEBUG,9dceb1d2c9e32a99,d0a85d2a1ebbf4cf,nio-8080-exec-2,o.s.web.servlet.DispatcherServlet,"GET ""/owners"", parameters={}"
2026-07-23T00:09:17.185885+00:00,customers-service,customers-service-68b57f7b8c-r7tfg,2026-07-23T00:08:25.086865+00:00,DEBUG,f1f791a6239399b9,f1f791a6239399b9,nio-8080-exec-6,o.s.web.servlet.DispatcherServlet,Completed 200 OK
2026-07-23T00:09:17.185885+00:00,customers-service,customers-service-68b57f7b8c-r7tfg,2026-07-23T00:08:24.835893+00:00,DEBUG,78769557bb363ed1,15a48010776572be,nio-8080-exec-5,o.s.web.servlet.DispatcherServlet,Completed 200 OK
2026-07-23T00:09:17.185885+00:00,customers-service,customers-service-68b57f7b8c-r7tfg,2026-07-23T00:08:24.835887+00:00,DEBUG,78769557bb363ed1,bc0ab1ba98caf714,nio-8080-exec-5,o.s.web.servlet.DispatcherServlet,"GET ""/owners"", parameters={}"
2026-07-23T00:09:17.185885+00:00,customers-service,customers-service-68b57f7b8c-r7tfg,2026-07-23T00:08:24.585207+00:00,DEBUG,51e6fe246767afc8,a90dd5973253c420,nio-8080-exec-8,o.s.web.servlet.DispatcherServlet,Completed 200 OK
2026-07-23T00:09:17.185885+00:00,customers-service,customers-service-68b57f7b8c-r7tfg,2026-07-23T00:08:24.585177+00:00,DEBUG,51e6fe246767afc8,72aa2664d8c07620,nio-8080-exec-8,o.s.web.servlet.DispatcherServlet,"GET ""/owners/1"", parameters={}"
2026-07-23T00:09:17.185885+00:00,customers-service,customers-service-68b57f7b8c-r7tfg,2026-07-23T00:08:24.585171+00:00,DEBUG,a5dcc804efa9d455,ab16c69134eb30f1,nio-8080-exec-7,o.s.web.servlet.DispatcherServlet,Completed 200 OK
2026-07-23T00:09:17.185885+00:00,customers-service,customers-service-68b57f7b8c-r7tfg,2026-07-23T00:08:24.333864+00:00,DEBUG,a5dcc804efa9d455,7425013f0baf7343,nio-8080-exec-7,o.s.web.servlet.DispatcherServlet,"GET ""/owners/1"", parameters={}"
2026-07-23T00:09:17.185885+00:00,customers-service,customers-service-68b57f7b8c-r7tfg,2026-07-23T00:08:24.083990+00:00,DEBUG,57cf15d111bf5ce0,1ef7eba080021884,io-8080-exec-10,o.s.web.servlet.DispatcherServlet,Completed 200 OK
2026-07-23T00:09:17.185885+00:00,customers-service,customers-service-68b57f7b8c-r7tfg,2026-07-23T00:08:24.083866+00:00,DEBUG,57cf15d111bf5ce0,b42dbe84df08cf8e,io-8080-exec-10,o.s.web.servlet.DispatcherServlet,"GET ""/owners"", parameters={}"
2026-07-23T00:09:17.185885+00:00,customers-service,customers-service-68b57f7b8c-r7tfg,2026-07-23T00:08:24.083850+00:00,DEBUG,653e1e53e1922f4a,9786ffd330f99c01,nio-8080-exec-3,o.s.web.servlet.DispatcherServlet,Completed 200 OK
2026-07-23T00:09:17.185885+00:00,customers-service,customers-service-68b57f7b8c-r7tfg,2026-07-23T00:08:23.833373+00:00,DEBUG,653e1e53e1922f4a,d1d5ee212f63875a,nio-8080-exec-3,o.s.web.servlet.DispatcherServlet,"GET ""/owners"", parameters={}"
2026-07-23T00:09:17.185885+00:00,customers-service,customers-service-68b57f7b8c-r7tfg,2026-07-23T00:08:23.833354+00:00,DEBUG,784c225b7ae9df99,6d9e36a87ef45dfd,nio-8080-exec-4,o.s.web.servlet.DispatcherServlet,Completed 200 OK
2026-07-23T00:09:17.185885+00:00,customers-service,customers-service-68b57f7b8c-r7tfg,2026-07-23T00:08:23.833350+00:00,DEBUG,784c225b7ae9df99,f60bb2a2c53fcc49,nio-8080-exec-4,o.s.web.servlet.DispatcherServlet,"GET ""/owners/1"", parameters={}"
2026-07-23T00:09:17.185885+00:00,customers-service,customers-service-68b57f7b8c-r7tfg,2026-07-23T00:08:23.582062+00:00,DEBUG,d95436bcdf78a4c2,00e112e1593bbdd2,nio-8080-exec-1,o.s.web.servlet.DispatcherServlet,Completed 200 OK
2026-07-23T00:09:17.185885+00:00,customers-service,customers-service-68b57f7b8c-r7tfg,2026-07-23T00:08:23.331955+00:00,DEBUG,d95436bcdf78a4c2,eb817606e3afb70e,nio-8080-exec-1,o.s.web.servlet.DispatcherServlet,"GET ""/owners/1"", parameters={}"
2026-07-23T00:09:17.185885+00:00,customers-service,customers-service-68b57f7b8c-r7tfg,2026-07-23T00:08:23.331931+00:00,DEBUG,4de2079e6eefef9d,4e1d56b99c0664a2,nio-8080-exec-9,o.s.web.servlet.DispatcherServlet,Completed 200 OK
2026-07-23T00:09:17.185885+00:00,customers-service,customers-service-68b57f7b8c-r7tfg,2026-07-23T00:08:23.331925+00:00,DEBUG,4de2079e6eefef9d,60aa21f1bf9404fd,nio-8080-exec-9,o.s.web.servlet.DispatcherServlet,"GET ""/owners"", parameters={}"
2026-07-23T00:09:17.185885+00:00,customers-service,customers-service-68b57f7b8c-r7tfg,2026-07-23T00:08:23.081681+00:00,DEBUG,0df111bbcac73296,cfe091656fea88f1,nio-8080-exec-2,o.s.web.servlet.DispatcherServlet,Completed 200 OK
2026-07-23T00:09:17.185885+00:00,customers-service,customers-service-68b57f7b8c-r7tfg,2026-07-23T00:08:22.831275+00:00,DEBUG,0df111bbcac73296,96e1e2883527c7c4,nio-8080-exec-2,o.s.web.servlet.DispatcherServlet,"GET ""/owners"", parameters={}"
2026-07-23T00:09:17.185885+00:00,customers-service,customers-service-68b57f7b8c-r7tfg,2026-07-23T00:08:22.581333+00:00,DEBUG,6ee424920aeda6d7,a623db568d923848,nio-8080-exec-6,o.s.web.servlet.DispatcherServlet,Completed 200 OK
2026-07-23T00:09:17.185885+00:00,customers-service,customers-service-68b57f7b8c-r7tfg,2026-07-23T00:08:22.581271+00:00,DEBUG,6ee424920aeda6d7,3704be90b93c5e21,nio-8080-exec-6,o.s.web.servlet.DispatcherServlet,"GET ""/owners/1"", parameters={}"
2026-07-23T00:09:17.185885+00:00,customers-service,customers-service-68b57f7b8c-r7tfg,2026-07-23T00:08:22.330302+00:00,DEBUG,b2d09c6269231740,df3138b0ada3d1f0,nio-8080-exec-5,o.s.web.servlet.DispatcherServlet,Completed 200 OK
2026-07-23T00:09:17.185885+00:00,customers-service,customers-service-68b57f7b8c-r7tfg,2026-07-23T00:08:22.330297+00:00,DEBUG,b2d09c6269231740,91ae8d74e0aabba0,nio-8080-exec-5,o.s.web.servlet.DispatcherServlet,"GET ""/owners"", parameters={}"
2026-07-23T00:09:17.185885+00:00,customers-service,customers-service-68b57f7b8c-r7tfg,2026-07-23T00:08:22.079670+00:00,DEBUG,47f4682d837a5f21,c390ffb9fafa2d6c,nio-8080-exec-8,o.s.web.servlet.DispatcherServlet,Completed 200 OK
2026-07-23T00:09:17.185885+00:00,customers-service,customers-service-68b57f7b8c-r7tfg,2026-07-23T00:08:21.829079+00:00,DEBUG,47f4682d837a5f21,4e8ec6c89fc62cf7,nio-8080-exec-8,o.s.web.servlet.DispatcherServlet,"GET ""/owners"", parameters={}"
2026-07-23T00:09:17.185885+00:00,customers-service,customers-service-68b57f7b8c-r7tfg,2026-07-23T00:08:21.578022+00:00,DEBUG,03b29230f8a41e57,03b29230f8a41e57,nio-8080-exec-7,o.s.web.servlet.DispatcherServlet,Completed 200 OK
2026-07-23T00:09:17.185885+00:00,customers-service,customers-service-68b57f7b8c-r7tfg,2026-07-23T00:08:21.577967+00:00,DEBUG,b6adda40f0fbbbd1,a09685db179b7eea,io-8080-exec-10,o.s.web.servlet.DispatcherServlet,Completed 200 OK
2026-07-23T00:09:17.185885+00:00,customers-service,customers-service-68b57f7b8c-r7tfg,2026-07-23T00:08:21.577938+00:00,DEBUG,b6adda40f0fbbbd1,9b7075e5aea36890,io-8080-exec-10,o.s.web.servlet.DispatcherServlet,"GET ""/owners/1"", parameters={}"
2026-07-23T00:09:17.185885+00:00,customers-service,customers-service-68b57f7b8c-r7tfg,2026-07-23T00:08:21.577933+00:00,DEBUG,788573077d8e8040,4a4fcc582bffb85d,nio-8080-exec-3,o.s.web.servlet.DispatcherServlet,Completed 200 OK
2026-07-23T00:09:17.185885+00:00,customers-service,customers-service-68b57f7b8c-r7tfg,2026-07-23T00:08:21.326992+00:00,DEBUG,788573077d8e8040,0b3c7a7f71aca0f1,nio-8080-exec-3,o.s.web.servlet.DispatcherServlet,"GET ""/owners/1"", parameters={}"
2026-07-23T00:09:17.185885+00:00,customers-service,customers-service-68b57f7b8c-r7tfg,2026-07-23T00:08:21.326955+00:00,DEBUG,9f28695dbc16dbda,c68bcd75bce7e599,nio-8080-exec-4,o.s.web.servlet.DispatcherServlet,Completed 200 OK
2026-07-23T00:09:17.185885+00:00,customers-service,customers-service-68b57f7b8c-r7tfg,2026-07-23T00:08:21.326948+00:00,DEBUG,9f28695dbc16dbda,b270783b6ef8d933,nio-8080-exec-4,o.s.web.servlet.DispatcherServlet,"GET ""/owners"", parameters={}"
2026-07-23T00:09:17.185885+00:00,customers-service,customers-service-68b57f7b8c-r7tfg,2026-07-23T00:08:21.075987+00:00,DEBUG,3fef0d305b607a2d,39ad279d27de7a0d,nio-8080-exec-1,o.s.web.servlet.DispatcherServlet,Completed 200 OK
2026-07-23T00:09:17.185885+00:00,customers-service,customers-service-68b57f7b8c-r7tfg,2026-07-23T00:08:20.824652+00:00,DEBUG,3fef0d305b607a2d,aeefc9166a820c3f,nio-8080-exec-1,o.s.web.servlet.DispatcherServlet,"GET ""/owners/1"", parameters={}"
2026-07-23T00:09:17.185885+00:00,customers-service,customers-service-68b57f7b8c-r7tfg,2026-07-23T00:08:20.574258+00:00,DEBUG,7e6ea600227ccc63,fe578982914d4287,nio-8080-exec-9,o.s.web.servlet.DispatcherServlet,Completed 200 OK
2026-07-23T00:09:17.185885+00:00,customers-service,customers-service-68b57f7b8c-r7tfg,2026-07-23T00:08:20.574229+00:00,DEBUG,7e6ea600227ccc63,328f6c201289138b,nio-8080-exec-9,o.s.web.servlet.DispatcherServlet,"GET ""/owners/1"", parameters={}"
2026-07-23T00:09:17.185885+00:00,customers-service,customers-service-68b57f7b8c-r7tfg,2026-07-23T00:08:20.574222+00:00,DEBUG,5b3f40ac1975cd0e,bd464328905eb0d7,nio-8080-exec-2,o.s.web.servlet.DispatcherServlet,Completed 200 OK
2026-07-23T00:09:17.185885+00:00,customers-service,customers-service-68b57f7b8c-r7tfg,2026-07-23T00:08:20.324109+00:00,DEBUG,5b3f40ac1975cd0e,0c62478221b1720c,nio-8080-exec-2,o.s.web.servlet.DispatcherServlet,"GET ""/owners/1"", parameters={}"
2026-07-23T00:09:17.185885+00:00,customers-service,customers-service-68b57f7b8c-r7tfg,2026-07-23T00:08:20.073357+00:00,DEBUG,608a85b7e187d814,b1becb7a258f6bd4,nio-8080-exec-6,o.s.web.servlet.DispatcherServlet,Completed 200 OK
2026-07-23T00:09:17.185885+00:00,customers-service,customers-service-68b57f7b8c-r7tfg,2026-07-23T00:08:19.821741+00:00,DEBUG,608a85b7e187d814,1a4d821b95436345,nio-8080-exec-6,o.s.web.servlet.DispatcherServlet,"GET ""/owners"", parameters={}"
2026-07-23T00:09:17.185885+00:00,customers-service,customers-service-68b57f7b8c-r7tfg,2026-07-23T00:08:17.815673+00:00,DEBUG,4bbbf6ead3a081c4,a8496e1ce6a3b3d0,nio-8080-exec-5,o.s.web.servlet.DispatcherServlet,Completed 200 OK
2026-07-23T00:09:17.185885+00:00,customers-service,customers-service-68b57f7b8c-r7tfg,2026-07-23T00:08:17.815666+00:00,DEBUG,4bbbf6ead3a081c4,20524d5e33da6b6a,nio-8080-exec-5,o.s.web.servlet.DispatcherServlet,"GET ""/owners/1"", parameters={}"
2026-07-23T00:09:17.185885+00:00,customers-service,customers-service-68b57f7b8c-r7tfg,2026-07-23T00:08:17.565405+00:00,DEBUG,8acdb19a95908f7f,0967a4a1557e9d52,nio-8080-exec-8,o.s.web.servlet.DispatcherServlet,Completed 200 OK
2026-07-23T00:09:17.185885+00:00,customers-service,customers-service-68b57f7b8c-r7tfg,2026-07-23T00:08:17.565362+00:00,DEBUG,8acdb19a95908f7f,8197a4149edb857c,nio-8080-exec-8,o.s.web.servlet.DispatcherServlet,"GET ""/owners/1"", parameters={}"
2026-07-23T00:09:17.185885+00:00,customers-service,customers-service-68b57f7b8c-r7tfg,2026-07-23T00:08:17.565192+00:00,DEBUG,f53940f24e263e5c,02bc74963298ed30,nio-8080-exec-7,o.s.web.servlet.DispatcherServlet,Completed 200 OK
2026-07-23T00:09:17.185885+00:00,customers-service,customers-service-68b57f7b8c-r7tfg,2026-07-23T00:08:17.314597+00:00,DEBUG,f53940f24e263e5c,846bd3f991990a59,nio-8080-exec-7,o.s.web.servlet.DispatcherServlet,"GET ""/owners"", parameters={}"
2026-07-23T00:09:17.185885+00:00,customers-service,customers-service-68b57f7b8c-r7tfg,2026-07-23T00:08:17.314590+00:00,DEBUG,5a6a897176e6bd08,65ac8d399b3404a9,io-8080-exec-10,o.s.web.servlet.DispatcherServlet,Completed 200 OK
2026-07-23T00:09:17.185885+00:00,customers-service,customers-service-68b57f7b8c-r7tfg,2026-07-23T00:08:17.063976+00:00,DEBUG,5a6a897176e6bd08,23e0f73eeaf56a56,io-8080-exec-10,o.s.web.servlet.DispatcherServlet,"GET ""/owners"", parameters={}"
2026-07-23T00:09:17.185885+00:00,customers-service,customers-service-68b57f7b8c-r7tfg,2026-07-23T00:08:17.063942+00:00,DEBUG,2b3d1cc652a2509c,ad0d85f1f356c334,nio-8080-exec-3,o.s.web.servlet.DispatcherServlet,Completed 200 OK
2026-07-23T00:09:17.185885+00:00,customers-service,customers-service-68b57f7b8c-r7tfg,2026-07-23T00:08:17.063936+00:00,DEBUG,2b3d1cc652a2509c,b48067a520cc9028,nio-8080-exec-3,o.s.web.servlet.DispatcherServlet,"GET ""/owners/1"", parameters={}"
2026-07-23T00:09:17.185885+00:00,customers-service,customers-service-68b57f7b8c-r7tfg,2026-07-23T00:08:16.813873+00:00,DEBUG,026d4fe11057be93,d1ad2b79829a7d2c,nio-8080-exec-4,o.s.web.servlet.DispatcherServlet,Completed 200 OK
2026-07-23T00:09:17.185885+00:00,customers-service,customers-service-68b57f7b8c-r7tfg,2026-07-23T00:08:16.813849+00:00,DEBUG,026d4fe11057be93,7016d97136e454d4,nio-8080-exec-4,o.s.web.servlet.DispatcherServlet,"GET ""/owners/1"", parameters={}"
2026-07-23T00:09:17.185885+00:00,customers-service,customers-service-68b57f7b8c-r7tfg,2026-07-23T00:08:16.813820+00:00,DEBUG,48951eb1b384c93c,6f9d9bd7c967501b,nio-8080-exec-1,o.s.web.servlet.DispatcherServlet,Completed 200 OK
2026-07-23T00:09:17.185885+00:00,customers-service,customers-service-68b57f7b8c-r7tfg,2026-07-23T00:08:16.813814+00:00,DEBUG,48951eb1b384c93c,b8028e59273972d6,nio-8080-exec-1,o.s.web.servlet.DispatcherServlet,"GET ""/owners"", parameters={}"
2026-07-23T00:09:17.185885+00:00,customers-service,customers-service-68b57f7b8c-r7tfg,2026-07-23T00:08:16.563644+00:00,DEBUG,9e07f9c76c1edf88,237b13841a212286,nio-8080-exec-9,o.s.web.servlet.DispatcherServlet,Completed 200 OK
2026-07-23T00:09:17.185885+00:00,customers-service,customers-service-68b57f7b8c-r7tfg,2026-07-23T00:08:16.563640+00:00,DEBUG,9e07f9c76c1edf88,b2f8ae22b35f4e5f,nio-8080-exec-9,o.s.web.servlet.DispatcherServlet,"GET ""/owners/1"", parameters={}"
2026-07-23T00:09:17.185885+00:00,customers-service,customers-service-68b57f7b8c-r7tfg,2026-07-23T00:08:16.312334+00:00,DEBUG,da844cbb132f8a7e,65d0dfe2fdd84197,nio-8080-exec-2,o.s.web.servlet.DispatcherServlet,Completed 200 OK
2026-07-23T00:09:17.185885+00:00,customers-service,customers-service-68b57f7b8c-r7tfg,2026-07-23T00:08:16.312331+00:00,DEBUG,da844cbb132f8a7e,ecc3ea25fc9624aa,nio-8080-exec-2,o.s.web.servlet.DispatcherServlet,"GET ""/owners"", parameters={}"
2026-07-23T00:09:17.185885+00:00,customers-service,customers-service-68b57f7b8c-r7tfg,2026-07-23T00:08:16.062339+00:00,DEBUG,60d3391ac13c8f28,49ee1ed1aea58c46,nio-8080-exec-6,o.s.web.servlet.DispatcherServlet,Completed 200 OK
2026-07-23T00:09:17.185885+00:00,customers-service,customers-service-68b57f7b8c-r7tfg,2026-07-23T00:08:16.062336+00:00,DEBUG,60d3391ac13c8f28,1acc0a904c0aefa6,nio-8080-exec-6,o.s.web.servlet.DispatcherServlet,"GET ""/owners/1"", parameters={}"
2026-07-23T00:09:17.185885+00:00,customers-service,customers-service-68b57f7b8c-r7tfg,2026-07-23T00:08:15.812034+00:00,DEBUG,fe818feddc4ff50e,68aaacf764a2242b,nio-8080-exec-5,o.s.web.servlet.DispatcherServlet,Completed 200 OK
2026-07-23T00:09:17.185885+00:00,customers-service,customers-service-68b57f7b8c-r7tfg,2026-07-23T00:08:15.812027+00:00,DEBUG,fe818feddc4ff50e,4037ab39e2c23fe6,nio-8080-exec-5,o.s.web.servlet.DispatcherServlet,"GET ""/owners/1"", parameters={}"
2026-07-23T00:09:17.185885+00:00,customers-service,customers-service-68b57f7b8c-r7tfg,2026-07-23T00:08:15.561184+00:00,DEBUG,cdf92dc26a302a73,9b7c7e135256e9f6,nio-8080-exec-8,o.s.web.servlet.DispatcherServlet,Completed 200 OK
2026-07-23T00:09:17.185885+00:00,customers-service,customers-service-68b57f7b8c-r7tfg,2026-07-23T00:08:15.561175+00:00,DEBUG,cdf92dc26a302a73,8cb377e32fe05437,nio-8080-exec-8,o.s.web.servlet.DispatcherServlet,"GET ""/owners/1"", parameters={}"
2026-07-23T00:09:17.185885+00:00,customers-service,customers-service-68b57f7b8c-r7tfg,2026-07-23T00:08:15.310688+00:00,DEBUG,84f7942312fd668e,9c7730fea09a7a52,nio-8080-exec-7,o.s.web.servlet.DispatcherServlet,Completed 200 OK
2026-07-23T00:09:17.185885+00:00,customers-service,customers-service-68b57f7b8c-r7tfg,2026-07-23T00:08:15.310354+00:00,DEBUG,84f7942312fd668e,6c7146ebbadd3ff7,nio-8080-exec-7,o.s.web.servlet.DispatcherServlet,"GET ""/owners/1"", parameters={}"
2026-07-23T00:09:17.185885+00:00,customers-service,customers-service-68b57f7b8c-r7tfg,2026-07-23T00:08:15.310319+00:00,DEBUG,b8be080a0093bc46,c713ec6b7c391638,io-8080-exec-10,o.s.web.servlet.DispatcherServlet,Completed 200 OK
2026-07-23T00:09:17.185885+00:00,customers-service,customers-service-68b57f7b8c-r7tfg,2026-07-23T00:08:15.310313+00:00,DEBUG,b8be080a0093bc46,e575b9e0fa8c6906,io-8080-exec-10,o.s.web.servlet.DispatcherServlet,"GET ""/owners"", parameters={}"
2026-07-23T00:09:17.185885+00:00,customers-service,customers-service-68b57f7b8c-r7tfg,2026-07-23T00:08:15.059353+00:00,DEBUG,5b9402e6ac035ad9,ba4ecc5c040cc069,nio-8080-exec-3,o.s.web.servlet.DispatcherServlet,Completed 200 OK
2026-07-23T00:09:17.185885+00:00,customers-service,customers-service-68b57f7b8c-r7tfg,2026-07-23T00:08:14.808523+00:00,DEBUG,5b9402e6ac035ad9,44489d8cd17f2be8,nio-8080-exec-3,o.s.web.servlet.DispatcherServlet,"GET ""/owners"", parameters={}"
2026-07-23T00:09:17.185885+00:00,customers-service,customers-service-68b57f7b8c-r7tfg,2026-07-23T00:08:14.808506+00:00,DEBUG,80f59089a9459388,b5b03a6e6d37224a,nio-8080-exec-4,o.s.web.servlet.DispatcherServlet,Completed 200 OK
2026-07-23T00:09:17.185885+00:00,customers-service,customers-service-68b57f7b8c-r7tfg,2026-07-23T00:08:14.808502+00:00,DEBUG,80f59089a9459388,60c41516796eb58a,nio-8080-exec-4,o.s.web.servlet.DispatcherServlet,"GET ""/owners/1"", parameters={}"
2026-07-23T00:09:17.185885+00:00,customers-service,customers-service-68b57f7b8c-r7tfg,2026-07-23T00:08:14.307533+00:00,DEBUG,d01389f0d2a5773f,801e205a5bc58326,nio-8080-exec-1,o.s.web.servlet.DispatcherServlet,Completed 200 OK
2026-07-23T00:09:17.185885+00:00,customers-service,customers-service-68b57f7b8c-r7tfg,2026-07-23T00:08:14.307525+00:00,DEBUG,d01389f0d2a5773f,a39c53488453612d,nio-8080-exec-1,o.s.web.servlet.DispatcherServlet,"GET ""/owners/1"", parameters={}"
2026-07-23T00:09:17.185885+00:00,customers-service,customers-service-68b57f7b8c-r7tfg,2026-07-23T00:08:14.057146+00:00,DEBUG,d2cbf99a108aac70,b6519fc8f3762362,nio-8080-exec-9,o.s.web.servlet.DispatcherServlet,Completed 200 OK
2026-07-23T00:09:17.185885+00:00,customers-service,customers-service-68b57f7b8c-r7tfg,2026-07-23T00:08:14.057108+00:00,DEBUG,d2cbf99a108aac70,94cf4da9425461f4,nio-8080-exec-9,o.s.web.servlet.DispatcherServlet,"GET ""/owners"", parameters={}"
2026-07-23T00:09:17.185885+00:00,customers-service,customers-service-68b57f7b8c-r7tfg,2026-07-23T00:08:14.057101+00:00,DEBUG,1b92ff85dfbb42dd,8236de5938b0f0e9,nio-8080-exec-2,o.s.web.servlet.DispatcherServlet,Completed 200 OK
2026-07-23T00:09:17.185885+00:00,customers-service,customers-service-68b57f7b8c-r7tfg,2026-07-23T00:08:13.805856+00:00,DEBUG,1b92ff85dfbb42dd,7f7c33f567f2e8d6,nio-8080-exec-2,o.s.web.servlet.DispatcherServlet,"GET ""/owners"", parameters={}"
2026-07-23T00:09:17.185885+00:00,customers-service,customers-service-68b57f7b8c-r7tfg,2026-07-23T00:08:13.805810+00:00,DEBUG,b0c94ab42033d3ad,a54ca69e4a5305ef,nio-8080-exec-6,o.s.web.servlet.DispatcherServlet,Completed 200 OK
2026-07-23T00:09:17.185885+00:00,customers-service,customers-service-68b57f7b8c-r7tfg,2026-07-23T00:08:13.805802+00:00,DEBUG,b0c94ab42033d3ad,43c8beb2c503ab1b,nio-8080-exec-6,o.s.web.servlet.DispatcherServlet,"GET ""/owners/1"", parameters={}"
2026-07-23T00:09:17.185885+00:00,customers-service,customers-service-68b57f7b8c-r7tfg,2026-07-23T00:08:13.554570+00:00,DEBUG,0f7b13a6206cb36e,5fe210bae3be538e,nio-8080-exec-5,o.s.web.servlet.DispatcherServlet,Completed 200 OK
2026-07-23T00:09:17.185885+00:00,customers-service,customers-service-68b57f7b8c-r7tfg,2026-07-23T00:08:13.554563+00:00,DEBUG,0f7b13a6206cb36e,7987dd4d67bb47fb,nio-8080-exec-5,o.s.web.servlet.DispatcherServlet,"GET ""/owners/1"", parameters={}"
2026-07-23T00:09:17.185885+00:00,customers-service,customers-service-68b57f7b8c-r7tfg,2026-07-23T00:08:13.303718+00:00,DEBUG,cfa46b961ceac79a,f2a1e01b25661286,nio-8080-exec-8,o.s.web.servlet.DispatcherServlet,Completed 200 OK
2026-07-23T00:09:17.185885+00:00,customers-service,customers-service-68b57f7b8c-r7tfg,2026-07-23T00:08:13.303712+00:00,DEBUG,cfa46b961ceac79a,6577c059d3645410,nio-8080-exec-8,o.s.web.servlet.DispatcherServlet,"GET ""/owners/1"", parameters={}"
2026-07-23T00:09:17.185885+00:00,customers-service,customers-service-68b57f7b8c-r7tfg,2026-07-23T00:08:12.801326+00:00,DEBUG,e7208b72c1588a97,36c2cf098095f016,nio-8080-exec-7,o.s.web.servlet.DispatcherServlet,Completed 200 OK
2026-07-23T00:09:17.185885+00:00,customers-service,customers-service-68b57f7b8c-r7tfg,2026-07-23T00:08:12.801320+00:00,DEBUG,e7208b72c1588a97,544cc1794f6e647b,nio-8080-exec-7,o.s.web.servlet.DispatcherServlet,"GET ""/owners/1"", parameters={}"
2026-07-23T00:09:17.185885+00:00,customers-service,customers-service-68b57f7b8c-r7tfg,2026-07-23T00:08:12.550750+00:00,DEBUG,df6cbcce2189ca87,e1248667dcb9de05,io-8080-exec-10,o.s.web.servlet.DispatcherServlet,Completed 200 OK
2026-07-23T00:09:17.185885+00:00,customers-service,customers-service-68b57f7b8c-r7tfg,2026-07-23T00:08:12.550744+00:00,DEBUG,df6cbcce2189ca87,9c7d26a51bf3ad5f,io-8080-exec-10,o.s.web.servlet.DispatcherServlet,"GET ""/owners/1"", parameters={}"
2026-07-23T00:09:17.185885+00:00,vets-service,vets-service-789bf77578-8z4zb,2026-07-23T00:09:17.016715+00:00,DEBUG,5b3f2012b58c6dd7,fa62c599fd20fa6d,nio-8080-exec-8,o.s.web.servlet.DispatcherServlet,Completed 200 OK
2026-07-23T00:09:17.185885+00:00,vets-service,vets-service-789bf77578-8z4zb,2026-07-23T00:09:17.016711+00:00,DEBUG,5b3f2012b58c6dd7,f8b57f2e0c4b96ed,nio-8080-exec-8,o.s.web.servlet.DispatcherServlet,"GET ""/vets"", parameters={}"
2026-07-23T00:09:17.185885+00:00,vets-service,vets-service-789bf77578-8z4zb,2026-07-23T00:09:16.264548+00:00,DEBUG,edaf09e8c77621dd,724af86c30c7e719,nio-8080-exec-4,o.s.web.servlet.DispatcherServlet,Completed 200 OK
2026-07-23T00:09:17.185885+00:00,vets-service,vets-service-789bf77578-8z4zb,2026-07-23T00:09:16.264544+00:00,DEBUG,edaf09e8c77621dd,86019427e8b338e7,nio-8080-exec-4,o.s.web.servlet.DispatcherServlet,"GET ""/vets"", parameters={}"
2026-07-23T00:09:17.185885+00:00,vets-service,vets-service-789bf77578-8z4zb,2026-07-23T00:09:15.763901+00:00,DEBUG,7ab5deb22eee7b1b,6e71bb35e149cd3a,nio-8080-exec-6,o.s.web.servlet.DispatcherServlet,Completed 200 OK
2026-07-23T00:09:17.185885+00:00,vets-service,vets-service-789bf77578-8z4zb,2026-07-23T00:09:15.763898+00:00,DEBUG,7ab5deb22eee7b1b,3cfd857a4c43bd68,nio-8080-exec-6,o.s.web.servlet.DispatcherServlet,"GET ""/vets"", parameters={}"
2026-07-23T00:09:17.185885+00:00,vets-service,vets-service-789bf77578-8z4zb,2026-07-23T00:09:15.262891+00:00,DEBUG,c523f23f3c84f8c1,afa0f1f69ba08d86,nio-8080-exec-1,o.s.web.servlet.DispatcherServlet,Completed 200 OK
2026-07-23T00:09:17.185885+00:00,vets-service,vets-service-789bf77578-8z4zb,2026-07-23T00:09:15.262866+00:00,DEBUG,c523f23f3c84f8c1,0ec114da9a48ab6f,nio-8080-exec-1,o.s.web.servlet.DispatcherServlet,"GET ""/vets"", parameters={}"
2026-07-23T00:09:17.185885+00:00,vets-service,vets-service-789bf77578-8z4zb,2026-07-23T00:09:15.262863+00:00,DEBUG,d566b4ba143dd5ca,50587dd93dca21c7,io-8080-exec-10,o.s.web.servlet.DispatcherServlet,Completed 200 OK
2026-07-23T00:09:17.185885+00:00,vets-service,vets-service-789bf77578-8z4zb,2026-07-23T00:09:15.012740+00:00,DEBUG,d566b4ba143dd5ca,85249ed3827c1b2b,io-8080-exec-10,o.s.web.servlet.DispatcherServlet,"GET ""/vets"", parameters={}"
2026-07-23T00:09:17.185885+00:00,vets-service,vets-service-789bf77578-8z4zb,2026-07-23T00:09:15.012721+00:00,DEBUG,094a18f07bad535e,094a18f07bad535e,nio-8080-exec-9,o.s.web.servlet.DispatcherServlet,Completed 200 OK
2026-07-23T00:09:17.185885+00:00,vets-service,vets-service-789bf77578-8z4zb,2026-07-23T00:09:14.511195+00:00,DEBUG,f36cad92f7e3e468,d9976e78adf49668,nio-8080-exec-2,o.s.web.servlet.DispatcherServlet,Completed 200 OK
2026-07-23T00:09:17.185885+00:00,vets-service,vets-service-789bf77578-8z4zb,2026-07-23T00:09:14.511192+00:00,DEBUG,f36cad92f7e3e468,658698ec3fa3443f,nio-8080-exec-2,o.s.web.servlet.DispatcherServlet,"GET ""/vets"", parameters={}"
2026-07-23T00:09:17.185885+00:00,vets-service,vets-service-789bf77578-8z4zb,2026-07-23T00:09:14.009288+00:00,DEBUG,aa4d61e37e6a9e00,cd6bda1417eef2f2,nio-8080-exec-5,o.s.web.servlet.DispatcherServlet,Completed 200 OK
2026-07-23T00:09:17.185885+00:00,vets-service,vets-service-789bf77578-8z4zb,2026-07-23T00:09:13.758400+00:00,DEBUG,aa4d61e37e6a9e00,33f2ed5b93239e52,nio-8080-exec-5,o.s.web.servlet.DispatcherServlet,"GET ""/vets"", parameters={}"
2026-07-23T00:09:17.185885+00:00,vets-service,vets-service-789bf77578-8z4zb,2026-07-23T00:09:12.754871+00:00,DEBUG,a387af351e3af33a,535f31749ddfa389,nio-8080-exec-3,o.s.web.servlet.DispatcherServlet,Completed 200 OK
2026-07-23T00:09:17.185885+00:00,vets-service,vets-service-789bf77578-8z4zb,2026-07-23T00:09:12.754867+00:00,DEBUG,a387af351e3af33a,edaadd1e19395427,nio-8080-exec-3,o.s.web.servlet.DispatcherServlet,"GET ""/vets"", parameters={}"
2026-07-23T00:09:17.185885+00:00,vets-service,vets-service-789bf77578-8z4zb,2026-07-23T00:09:12.003256+00:00,DEBUG,0e315802b1bb3ad4,49edcf2ffae32dcf,nio-8080-exec-7,o.s.web.servlet.DispatcherServlet,Completed 200 OK
2026-07-23T00:09:17.185885+00:00,vets-service,vets-service-789bf77578-8z4zb,2026-07-23T00:09:12.003252+00:00,DEBUG,0e315802b1bb3ad4,a8f556321f41fba4,nio-8080-exec-7,o.s.web.servlet.DispatcherServlet,"GET ""/vets"", parameters={}"
2026-07-23T00:09:17.185885+00:00,vets-service,vets-service-789bf77578-8z4zb,2026-07-23T00:09:11.502147+00:00,DEBUG,d04cad941d0991b5,d04cad941d0991b5,nio-8080-exec-8,o.s.web.servlet.DispatcherServlet,Completed 200 OK
2026-07-23T00:09:17.185885+00:00,vets-service,vets-service-789bf77578-8z4zb,2026-07-23T00:09:09.745999+00:00,DEBUG,7b8d7cc431d2f6ac,7c4833ad30fcd7cf,nio-8080-exec-4,o.s.web.servlet.DispatcherServlet,Completed 200 OK
2026-07-23T00:09:17.185885+00:00,vets-service,vets-service-789bf77578-8z4zb,2026-07-23T00:09:09.745996+00:00,DEBUG,7b8d7cc431d2f6ac,e9b5b86fb7744058,nio-8080-exec-4,o.s.web.servlet.DispatcherServlet,"GET ""/vets"", parameters={}"
2026-07-23T00:09:17.185885+00:00,vets-service,vets-service-789bf77578-8z4zb,2026-07-23T00:09:07.491947+00:00,DEBUG,e4950c935828fa29,8663a731907ee645,nio-8080-exec-6,o.s.web.servlet.DispatcherServlet,Completed 200 OK
2026-07-23T00:09:17.185885+00:00,vets-service,vets-service-789bf77578-8z4zb,2026-07-23T00:09:07.491943+00:00,DEBUG,e4950c935828fa29,c30a360dc543f9e8,nio-8080-exec-6,o.s.web.servlet.DispatcherServlet,"GET ""/vets"", parameters={}"
2026-07-23T00:09:17.185885+00:00,vets-service,vets-service-789bf77578-8z4zb,2026-07-23T00:09:06.238703+00:00,DEBUG,69a6c3c0f1167fb0,5b7ea10769cada63,nio-8080-exec-1,o.s.web.servlet.DispatcherServlet,Completed 200 OK
2026-07-23T00:09:17.185885+00:00,vets-service,vets-service-789bf77578-8z4zb,2026-07-23T00:09:05.988369+00:00,DEBUG,69a6c3c0f1167fb0,9c213e9c9b49a41c,nio-8080-exec-1,o.s.web.servlet.DispatcherServlet,"GET ""/vets"", parameters={}"
2026-07-23T00:09:17.185885+00:00,vets-service,vets-service-789bf77578-8z4zb,2026-07-23T00:09:04.735657+00:00,DEBUG,554a2f4b25fd87b8,3c95559073bc02a4,io-8080-exec-10,o.s.web.servlet.DispatcherServlet,Completed 200 OK
2026-07-23T00:09:17.185885+00:00,vets-service,vets-service-789bf77578-8z4zb,2026-07-23T00:09:04.735653+00:00,DEBUG,554a2f4b25fd87b8,0a6b42eba4194c1a,io-8080-exec-10,o.s.web.servlet.DispatcherServlet,"GET ""/vets"", parameters={}"
2026-07-23T00:09:17.185885+00:00,vets-service,vets-service-789bf77578-8z4zb,2026-07-23T00:09:04.484285+00:00,DEBUG,16272919e392528e,a76d96047366495c,nio-8080-exec-9,o.s.web.servlet.DispatcherServlet,Completed 200 OK
2026-07-23T00:09:17.185885+00:00,vets-service,vets-service-789bf77578-8z4zb,2026-07-23T00:09:04.484282+00:00,DEBUG,16272919e392528e,2876553749b36677,nio-8080-exec-9,o.s.web.servlet.DispatcherServlet,"GET ""/vets"", parameters={}"
2026-07-23T00:09:17.185885+00:00,vets-service,vets-service-789bf77578-8z4zb,2026-07-23T00:09:04.234275+00:00,DEBUG,90366876a0b487f4,da5f225e14d2eb29,nio-8080-exec-2,o.s.web.servlet.DispatcherServlet,Completed 200 OK
2026-07-23T00:09:17.185885+00:00,vets-service,vets-service-789bf77578-8z4zb,2026-07-23T00:09:04.234271+00:00,DEBUG,90366876a0b487f4,d40f10442e8b3120,nio-8080-exec-2,o.s.web.servlet.DispatcherServlet,"GET ""/vets"", parameters={}"
2026-07-23T00:09:17.185885+00:00,vets-service,vets-service-789bf77578-8z4zb,2026-07-23T00:09:03.983829+00:00,DEBUG,63790e4729a93c4a,2c9b25d53e013df4,nio-8080-exec-5,o.s.web.servlet.DispatcherServlet,Completed 200 OK
2026-07-23T00:09:17.185885+00:00,vets-service,vets-service-789bf77578-8z4zb,2026-07-23T00:09:03.983826+00:00,DEBUG,63790e4729a93c4a,eeff48cca0be2e28,nio-8080-exec-5,o.s.web.servlet.DispatcherServlet,"GET ""/vets"", parameters={}"
2026-07-23T00:09:17.185885+00:00,vets-service,vets-service-789bf77578-8z4zb,2026-07-23T00:09:03.231472+00:00,DEBUG,5bdc46323d28a3f8,5bdc46323d28a3f8,nio-8080-exec-3,o.s.web.servlet.DispatcherServlet,Completed 200 OK
2026-07-23T00:09:17.185885+00:00,vets-service,vets-service-789bf77578-8z4zb,2026-07-23T00:09:02.228908+00:00,DEBUG,44d53e856914269b,74be28051c09ba4a,nio-8080-exec-7,o.s.web.servlet.DispatcherServlet,Completed 200 OK
2026-07-23T00:09:17.185885+00:00,vets-service,vets-service-789bf77578-8z4zb,2026-07-23T00:09:02.228906+00:00,DEBUG,44d53e856914269b,bb68250de80028d8,nio-8080-exec-7,o.s.web.servlet.DispatcherServlet,"GET ""/vets"", parameters={}"
2026-07-23T00:09:17.185885+00:00,vets-service,vets-service-789bf77578-8z4zb,2026-07-23T00:09:00.474071+00:00,DEBUG,93c377fd1520abb6,a8a357362f2b1f9d,nio-8080-exec-8,o.s.web.servlet.DispatcherServlet,Completed 200 OK
2026-07-23T00:09:17.185885+00:00,vets-service,vets-service-789bf77578-8z4zb,2026-07-23T00:09:00.474068+00:00,DEBUG,93c377fd1520abb6,c665d3b7b749269e,nio-8080-exec-8,o.s.web.servlet.DispatcherServlet,"GET ""/vets"", parameters={}"
2026-07-23T00:09:17.185885+00:00,vets-service,vets-service-789bf77578-8z4zb,2026-07-23T00:08:59.721813+00:00,DEBUG,91d2437bbaf1fc19,42285fc0ad456a81,nio-8080-exec-4,o.s.web.servlet.DispatcherServlet,Completed 200 OK
2026-07-23T00:09:17.185885+00:00,vets-service,vets-service-789bf77578-8z4zb,2026-07-23T00:08:59.721776+00:00,DEBUG,91d2437bbaf1fc19,f05b3bd0b26fd443,nio-8080-exec-4,o.s.web.servlet.DispatcherServlet,"GET ""/vets"", parameters={}"
2026-07-23T00:09:17.185885+00:00,vets-service,vets-service-789bf77578-8z4zb,2026-07-23T00:08:59.721753+00:00,DEBUG,daa8fdb29baf8bb5,bf8e2937948d3302,nio-8080-exec-6,o.s.web.servlet.DispatcherServlet,Completed 200 OK
2026-07-23T00:09:17.185885+00:00,vets-service,vets-service-789bf77578-8z4zb,2026-07-23T00:08:59.721749+00:00,DEBUG,daa8fdb29baf8bb5,8972bd394ed76c6f,nio-8080-exec-6,o.s.web.servlet.DispatcherServlet,"GET ""/vets"", parameters={}"
2026-07-23T00:09:17.185885+00:00,vets-service,vets-service-789bf77578-8z4zb,2026-07-23T00:08:55.959738+00:00,DEBUG,c8766dab5d1b17dd,c8766dab5d1b17dd,nio-8080-exec-1,o.s.web.servlet.DispatcherServlet,Completed 200 OK
2026-07-23T00:09:17.185885+00:00,vets-service,vets-service-789bf77578-8z4zb,2026-07-23T00:08:55.206625+00:00,DEBUG,ff88ed72c5a7ee5f,ff88ed72c5a7ee5f,io-8080-exec-10,o.s.web.servlet.DispatcherServlet,Completed 200 OK
2026-07-23T00:09:17.185885+00:00,vets-service,vets-service-789bf77578-8z4zb,2026-07-23T00:08:48.434156+00:00,DEBUG,18a6664b3ff01314,18a6664b3ff01314,nio-8080-exec-9,o.s.web.servlet.DispatcherServlet,Completed 200 OK
2026-07-23T00:09:17.185885+00:00,vets-service,vets-service-789bf77578-8z4zb,2026-07-23T00:08:40.406458+00:00,DEBUG,d53cba68004919f2,d53cba68004919f2,nio-8080-exec-2,o.s.web.servlet.DispatcherServlet,Completed 200 OK
2026-07-23T00:09:17.185885+00:00,vets-service,vets-service-789bf77578-8z4zb,2026-07-23T00:08:35.141450+00:00,DEBUG,c32fe8e1d36a6bf4,c32fe8e1d36a6bf4,nio-8080-exec-5,o.s.web.servlet.DispatcherServlet,Completed 200 OK
2026-07-23T00:09:17.185885+00:00,vets-service,vets-service-789bf77578-8z4zb,2026-07-23T00:08:33.386891+00:00,DEBUG,c0d9c865d454de35,c0d9c865d454de35,nio-8080-exec-3,o.s.web.servlet.DispatcherServlet,Completed 200 OK
2026-07-23T00:09:17.185885+00:00,vets-service,vets-service-789bf77578-8z4zb,2026-07-23T00:08:24.613180+00:00,DEBUG,0d4eae105e740cac,0d4eae105e740cac,nio-8080-exec-7,o.s.web.servlet.DispatcherServlet,Completed 200 OK
2026-07-23T00:09:17.185885+00:00,vets-service,vets-service-789bf77578-8z4zb,2026-07-23T00:08:18.347622+00:00,DEBUG,45bffb1522405997,45bffb1522405997,nio-8080-exec-8,o.s.web.servlet.DispatcherServlet,Completed 200 OK
2026-07-23T00:09:17.185885+00:00,vets-service,vets-service-789bf77578-8z4zb,2026-07-23T00:08:15.087032+00:00,DEBUG,8e65f279891336eb,8e65f279891336eb,nio-8080-exec-4,o.s.web.servlet.DispatcherServlet,Completed 200 OK
2026-07-23T00:09:17.185885+00:00,vets-service,vets-service-789bf77578-fzs4g,2026-07-23T00:09:14.260425+00:00,DEBUG,beabd43453c060d4,beabd43453c060d4,nio-8080-exec-4,o.s.web.servlet.DispatcherServlet,Completed 200 OK
2026-07-23T00:09:17.185885+00:00,vets-service,vets-service-789bf77578-fzs4g,2026-07-23T00:09:09.996879+00:00,DEBUG,3b19d1942dfbe52d,3b19d1942dfbe52d,io-8080-exec-10,o.s.web.servlet.DispatcherServlet,Completed 200 OK
2026-07-23T00:09:17.185885+00:00,vets-service,vets-service-789bf77578-fzs4g,2026-07-23T00:09:02.479319+00:00,DEBUG,bf288d10dce9cbce,bf288d10dce9cbce,nio-8080-exec-2,o.s.web.servlet.DispatcherServlet,Completed 200 OK
2026-07-23T00:09:17.185885+00:00,vets-service,vets-service-789bf77578-fzs4g,2026-07-23T00:08:59.220079+00:00,DEBUG,ff5ee32034706ff3,ff5ee32034706ff3,nio-8080-exec-6,o.s.web.servlet.DispatcherServlet,Completed 200 OK
2026-07-23T00:09:17.185885+00:00,vets-service,vets-service-789bf77578-fzs4g,2026-07-23T00:08:58.719080+00:00,DEBUG,e42ac4bed15bd2e0,c15cb9a12d3cdc95,nio-8080-exec-3,o.s.web.servlet.DispatcherServlet,Completed 200 OK
2026-07-23T00:09:17.185885+00:00,vets-service,vets-service-789bf77578-fzs4g,2026-07-23T00:08:58.468053+00:00,DEBUG,e42ac4bed15bd2e0,15baf54eb5aef2af,nio-8080-exec-3,o.s.web.servlet.DispatcherServlet,"GET ""/vets"", parameters={}"
2026-07-23T00:09:17.185885+00:00,vets-service,vets-service-789bf77578-fzs4g,2026-07-23T00:08:57.967323+00:00,DEBUG,f0a69b508ba1b67c,c419de047c129c4e,nio-8080-exec-5,o.s.web.servlet.DispatcherServlet,Completed 200 OK
2026-07-23T00:09:17.185885+00:00,vets-service,vets-service-789bf77578-fzs4g,2026-07-23T00:08:57.967319+00:00,DEBUG,f0a69b508ba1b67c,a6721d65909f2def,nio-8080-exec-5,o.s.web.servlet.DispatcherServlet,"GET ""/vets"", parameters={}"
2026-07-23T00:09:17.185885+00:00,vets-service,vets-service-789bf77578-fzs4g,2026-07-23T00:08:56.462154+00:00,DEBUG,4aa04a4740180a52,40689138609d15cf,nio-8080-exec-1,o.s.web.servlet.DispatcherServlet,Completed 200 OK
2026-07-23T00:09:17.185885+00:00,vets-service,vets-service-789bf77578-fzs4g,2026-07-23T00:08:56.211071+00:00,DEBUG,4aa04a4740180a52,1ef4dd7c0baf70ff,nio-8080-exec-1,o.s.web.servlet.DispatcherServlet,"GET ""/vets"", parameters={}"
2026-07-23T00:09:17.185885+00:00,vets-service,vets-service-789bf77578-fzs4g,2026-07-23T00:08:55.959723+00:00,DEBUG,ee56aa95cd766c10,693e0f38c4ec6e09,nio-8080-exec-9,o.s.web.servlet.DispatcherServlet,Completed 200 OK
2026-07-23T00:09:17.185885+00:00,vets-service,vets-service-789bf77578-fzs4g,2026-07-23T00:08:55.959698+00:00,DEBUG,ee56aa95cd766c10,ddeb3962ca1ab788,nio-8080-exec-9,o.s.web.servlet.DispatcherServlet,"GET ""/vets"", parameters={}"
2026-07-23T00:09:17.185885+00:00,vets-service,vets-service-789bf77578-fzs4g,2026-07-23T00:08:55.959694+00:00,DEBUG,e0e530e520f95046,f0e8f912f06c1d93,nio-8080-exec-7,o.s.web.servlet.DispatcherServlet,Completed 200 OK
2026-07-23T00:09:17.185885+00:00,vets-service,vets-service-789bf77578-fzs4g,2026-07-23T00:08:55.708409+00:00,DEBUG,e0e530e520f95046,e820599489b64345,nio-8080-exec-7,o.s.web.servlet.DispatcherServlet,"GET ""/vets"", parameters={}"
2026-07-23T00:09:17.185885+00:00,vets-service,vets-service-789bf77578-fzs4g,2026-07-23T00:08:54.954973+00:00,DEBUG,7b13ac955ff3608a,92b362a07f02073c,nio-8080-exec-8,o.s.web.servlet.DispatcherServlet,Completed 200 OK
2026-07-23T00:09:17.185885+00:00,vets-service,vets-service-789bf77578-fzs4g,2026-07-23T00:08:54.704724+00:00,DEBUG,7b13ac955ff3608a,ee6f08111ff3eba7,nio-8080-exec-8,o.s.web.servlet.DispatcherServlet,"GET ""/vets"", parameters={}"
2026-07-23T00:09:17.185885+00:00,vets-service,vets-service-789bf77578-fzs4g,2026-07-23T00:08:54.203478+00:00,DEBUG,013e36cbd60239b3,013e36cbd60239b3,nio-8080-exec-4,o.s.web.servlet.DispatcherServlet,Completed 200 OK
2026-07-23T00:09:17.185885+00:00,vets-service,vets-service-789bf77578-fzs4g,2026-07-23T00:08:54.203431+00:00,DEBUG,6b5e035aa7a1b789,2d0b6e4ff6e3b7be,io-8080-exec-10,o.s.web.servlet.DispatcherServlet,Completed 200 OK
2026-07-23T00:09:17.185885+00:00,vets-service,vets-service-789bf77578-fzs4g,2026-07-23T00:08:54.203427+00:00,DEBUG,6b5e035aa7a1b789,0501af7495ca3b07,io-8080-exec-10,o.s.web.servlet.DispatcherServlet,"GET ""/vets"", parameters={}"
2026-07-23T00:09:17.185885+00:00,vets-service,vets-service-789bf77578-fzs4g,2026-07-23T00:08:53.952465+00:00,DEBUG,e199fcbac25d7536,6df45c9e41115f19,nio-8080-exec-2,o.s.web.servlet.DispatcherServlet,Completed 200 OK
2026-07-23T00:09:17.185885+00:00,vets-service,vets-service-789bf77578-fzs4g,2026-07-23T00:08:53.701020+00:00,DEBUG,e199fcbac25d7536,3d1cd4c9914da175,nio-8080-exec-2,o.s.web.servlet.DispatcherServlet,"GET ""/vets"", parameters={}"
2026-07-23T00:09:17.185885+00:00,vets-service,vets-service-789bf77578-fzs4g,2026-07-23T00:08:52.697475+00:00,DEBUG,9d97e7313da5193f,439cbf323e2916ac,nio-8080-exec-6,o.s.web.servlet.DispatcherServlet,Completed 200 OK
2026-07-23T00:09:17.185885+00:00,vets-service,vets-service-789bf77578-fzs4g,2026-07-23T00:08:52.697472+00:00,DEBUG,9d97e7313da5193f,8b02dc6ba3df384d,nio-8080-exec-6,o.s.web.servlet.DispatcherServlet,"GET ""/vets"", parameters={}"
2026-07-23T00:09:17.185885+00:00,vets-service,vets-service-789bf77578-fzs4g,2026-07-23T00:08:50.439498+00:00,DEBUG,bf6e5e0d77355710,e26b29655782d12d,nio-8080-exec-3,o.s.web.servlet.DispatcherServlet,Completed 200 OK
2026-07-23T00:09:17.185885+00:00,vets-service,vets-service-789bf77578-fzs4g,2026-07-23T00:08:50.439494+00:00,DEBUG,bf6e5e0d77355710,774a1327d2667dd5,nio-8080-exec-3,o.s.web.servlet.DispatcherServlet,"GET ""/vets"", parameters={}"
2026-07-23T00:09:17.185885+00:00,vets-service,vets-service-789bf77578-fzs4g,2026-07-23T00:08:49.687646+00:00,DEBUG,df8f9908b481c638,229f4566984c0e75,nio-8080-exec-5,o.s.web.servlet.DispatcherServlet,Completed 200 OK
2026-07-23T00:09:17.185885+00:00,vets-service,vets-service-789bf77578-fzs4g,2026-07-23T00:08:49.687642+00:00,DEBUG,df8f9908b481c638,609a8957eaa73625,nio-8080-exec-5,o.s.web.servlet.DispatcherServlet,"GET ""/vets"", parameters={}"
2026-07-23T00:09:17.185885+00:00,vets-service,vets-service-789bf77578-fzs4g,2026-07-23T00:08:48.434192+00:00,DEBUG,f56414c3d070ee20,35e8a81eb5967433,nio-8080-exec-1,o.s.web.servlet.DispatcherServlet,Completed 200 OK
2026-07-23T00:09:17.185885+00:00,vets-service,vets-service-789bf77578-fzs4g,2026-07-23T00:08:48.434190+00:00,DEBUG,f56414c3d070ee20,c7542d31b93c0466,nio-8080-exec-1,o.s.web.servlet.DispatcherServlet,"GET ""/vets"", parameters={}"
2026-07-23T00:09:17.185885+00:00,vets-service,vets-service-789bf77578-fzs4g,2026-07-23T00:08:47.932146+00:00,DEBUG,490d750141020add,6c3a056b8d2b3475,nio-8080-exec-9,o.s.web.servlet.DispatcherServlet,Completed 200 OK
2026-07-23T00:09:17.185885+00:00,vets-service,vets-service-789bf77578-fzs4g,2026-07-23T00:08:47.932121+00:00,DEBUG,490d750141020add,d4c76eb59aa7f609,nio-8080-exec-9,o.s.web.servlet.DispatcherServlet,"GET ""/vets"", parameters={}"
2026-07-23T00:09:17.185885+00:00,vets-service,vets-service-789bf77578-fzs4g,2026-07-23T00:08:47.932118+00:00,DEBUG,c0a3606bd3bf1554,6e1ab187ed647041,nio-8080-exec-7,o.s.web.servlet.DispatcherServlet,Completed 200 OK
2026-07-23T00:09:17.185885+00:00,vets-service,vets-service-789bf77578-fzs4g,2026-07-23T00:08:47.681383+00:00,DEBUG,c0a3606bd3bf1554,963322e48b8119b0,nio-8080-exec-7,o.s.web.servlet.DispatcherServlet,"GET ""/vets"", parameters={}"
2026-07-23T00:09:17.185885+00:00,vets-service,vets-service-789bf77578-fzs4g,2026-07-23T00:08:47.430609+00:00,DEBUG,234dee5a4a459587,84586347822411d8,nio-8080-exec-8,o.s.web.servlet.DispatcherServlet,Completed 200 OK
2026-07-23T00:09:17.185885+00:00,vets-service,vets-service-789bf77578-fzs4g,2026-07-23T00:08:47.179008+00:00,DEBUG,234dee5a4a459587,066cf4038b7173e8,nio-8080-exec-8,o.s.web.servlet.DispatcherServlet,"GET ""/vets"", parameters={}"
2026-07-23T00:09:17.185885+00:00,vets-service,vets-service-789bf77578-fzs4g,2026-07-23T00:08:45.673544+00:00,DEBUG,a7ed081eeba34502,22ec889e7bc80273,nio-8080-exec-4,o.s.web.servlet.DispatcherServlet,Completed 200 OK
2026-07-23T00:09:17.185885+00:00,vets-service,vets-service-789bf77578-fzs4g,2026-07-23T00:08:45.673540+00:00,DEBUG,a7ed081eeba34502,2ec3ba639074551a,nio-8080-exec-4,o.s.web.servlet.DispatcherServlet,"GET ""/vets"", parameters={}"
2026-07-23T00:09:17.185885+00:00,vets-service,vets-service-789bf77578-fzs4g,2026-07-23T00:08:44.418416+00:00,DEBUG,411de04a78f54b03,411de04a78f54b03,io-8080-exec-10,o.s.web.servlet.DispatcherServlet,Completed 200 OK
2026-07-23T00:09:17.185885+00:00,vets-service,vets-service-789bf77578-fzs4g,2026-07-23T00:08:43.917874+00:00,DEBUG,40d67bb3e520fe12,a1794aee4c1b31ab,nio-8080-exec-2,o.s.web.servlet.DispatcherServlet,Completed 200 OK
2026-07-23T00:09:17.185885+00:00,vets-service,vets-service-789bf77578-fzs4g,2026-07-23T00:08:43.917871+00:00,DEBUG,40d67bb3e520fe12,000f94d342d88e6c,nio-8080-exec-2,o.s.web.servlet.DispatcherServlet,"GET ""/vets"", parameters={}"
2026-07-23T00:09:17.185885+00:00,vets-service,vets-service-789bf77578-fzs4g,2026-07-23T00:08:42.663901+00:00,DEBUG,b9189a8d3558dbe7,b9189a8d3558dbe7,nio-8080-exec-6,o.s.web.servlet.DispatcherServlet,Completed 200 OK
2026-07-23T00:09:17.185885+00:00,vets-service,vets-service-789bf77578-fzs4g,2026-07-23T00:08:42.413300+00:00,DEBUG,2fedf91c239d6f0d,9fa064c2e3ece043,nio-8080-exec-3,o.s.web.servlet.DispatcherServlet,Completed 200 OK
2026-07-23T00:09:17.185885+00:00,vets-service,vets-service-789bf77578-fzs4g,2026-07-23T00:08:42.413295+00:00,DEBUG,2fedf91c239d6f0d,9d1fba292997e5ab,nio-8080-exec-3,o.s.web.servlet.DispatcherServlet,"GET ""/vets"", parameters={}"
2026-07-23T00:09:17.185885+00:00,vets-service,vets-service-789bf77578-fzs4g,2026-07-23T00:08:42.162292+00:00,DEBUG,bfc1d48f4362d59b,c3ede085fe85322a,nio-8080-exec-5,o.s.web.servlet.DispatcherServlet,Completed 200 OK
2026-07-23T00:09:17.185885+00:00,vets-service,vets-service-789bf77578-fzs4g,2026-07-23T00:08:42.162288+00:00,DEBUG,bfc1d48f4362d59b,eca80b4e38981410,nio-8080-exec-5,o.s.web.servlet.DispatcherServlet,"GET ""/vets"", parameters={}"
2026-07-23T00:09:17.185885+00:00,vets-service,vets-service-789bf77578-fzs4g,2026-07-23T00:08:41.660157+00:00,DEBUG,bb4e1660249637d1,246bacda4f873372,nio-8080-exec-1,o.s.web.servlet.DispatcherServlet,Completed 200 OK
2026-07-23T00:09:17.185885+00:00,vets-service,vets-service-789bf77578-fzs4g,2026-07-23T00:08:41.660154+00:00,DEBUG,bb4e1660249637d1,2d0978ba9c747cbf,nio-8080-exec-1,o.s.web.servlet.DispatcherServlet,"GET ""/vets"", parameters={}"
2026-07-23T00:09:17.185885+00:00,vets-service,vets-service-789bf77578-fzs4g,2026-07-23T00:08:38.651495+00:00,DEBUG,a467e15fd2f4f64a,a467e15fd2f4f64a,nio-8080-exec-9,o.s.web.servlet.DispatcherServlet,Completed 200 OK
2026-07-23T00:09:17.185885+00:00,vets-service,vets-service-789bf77578-fzs4g,2026-07-23T00:08:38.150913+00:00,DEBUG,a7490b9a2a60f613,2e67c903e7e74cc2,nio-8080-exec-7,o.s.web.servlet.DispatcherServlet,Completed 200 OK
2026-07-23T00:09:17.185885+00:00,vets-service,vets-service-789bf77578-fzs4g,2026-07-23T00:08:38.150910+00:00,DEBUG,a7490b9a2a60f613,7ffdc676a8e52d6b,nio-8080-exec-7,o.s.web.servlet.DispatcherServlet,"GET ""/vets"", parameters={}"
2026-07-23T00:09:17.185885+00:00,vets-service,vets-service-789bf77578-fzs4g,2026-07-23T00:08:37.649780+00:00,DEBUG,c89cba431eb32a5c,20092781eb02e872,nio-8080-exec-8,o.s.web.servlet.DispatcherServlet,Completed 200 OK
2026-07-23T00:09:17.185885+00:00,vets-service,vets-service-789bf77578-fzs4g,2026-07-23T00:08:37.649777+00:00,DEBUG,c89cba431eb32a5c,0a448fec0c0e0eb8,nio-8080-exec-8,o.s.web.servlet.DispatcherServlet,"GET ""/vets"", parameters={}"
2026-07-23T00:09:17.185885+00:00,vets-service,vets-service-789bf77578-fzs4g,2026-07-23T00:08:36.395672+00:00,DEBUG,146afee78ac9ef62,03b1439ba5311878,nio-8080-exec-4,o.s.web.servlet.DispatcherServlet,Completed 200 OK
2026-07-23T00:09:17.185885+00:00,vets-service,vets-service-789bf77578-fzs4g,2026-07-23T00:08:36.395668+00:00,DEBUG,146afee78ac9ef62,46481779350ece9a,nio-8080-exec-4,o.s.web.servlet.DispatcherServlet,"GET ""/vets"", parameters={}"
2026-07-23T00:09:17.185885+00:00,vets-service,vets-service-789bf77578-fzs4g,2026-07-23T00:08:36.144276+00:00,DEBUG,0391442cf8d9248d,e57a7e08186dec1e,io-8080-exec-10,o.s.web.servlet.DispatcherServlet,Completed 200 OK
2026-07-23T00:09:17.185885+00:00,vets-service,vets-service-789bf77578-fzs4g,2026-07-23T00:08:36.144272+00:00,DEBUG,0391442cf8d9248d,e3e1b4be2fcb35d2,io-8080-exec-10,o.s.web.servlet.DispatcherServlet,"GET ""/vets"", parameters={}"
2026-07-23T00:09:17.185885+00:00,vets-service,vets-service-789bf77578-fzs4g,2026-07-23T00:08:35.642504+00:00,DEBUG,c1f23cec7db75988,020b72176291405c,nio-8080-exec-2,o.s.web.servlet.DispatcherServlet,Completed 200 OK
2026-07-23T00:09:17.185885+00:00,vets-service,vets-service-789bf77578-fzs4g,2026-07-23T00:08:35.642500+00:00,DEBUG,c1f23cec7db75988,e4076db0db4e0968,nio-8080-exec-2,o.s.web.servlet.DispatcherServlet,"GET ""/vets"", parameters={}"
2026-07-23T00:09:17.185885+00:00,vets-service,vets-service-789bf77578-fzs4g,2026-07-23T00:08:35.392184+00:00,DEBUG,ce4e7856f36af4ac,464e73a4ede11909,nio-8080-exec-6,o.s.web.servlet.DispatcherServlet,Completed 200 OK
2026-07-23T00:09:17.185885+00:00,vets-service,vets-service-789bf77578-fzs4g,2026-07-23T00:08:35.141458+00:00,DEBUG,ce4e7856f36af4ac,adee30f6df47e9f8,nio-8080-exec-6,o.s.web.servlet.DispatcherServlet,"GET ""/vets"", parameters={}"
2026-07-23T00:09:17.185885+00:00,vets-service,vets-service-789bf77578-fzs4g,2026-07-23T00:08:34.389268+00:00,DEBUG,55ccffec06f57f6e,41a793618e2e663e,nio-8080-exec-3,o.s.web.servlet.DispatcherServlet,Completed 200 OK
2026-07-23T00:09:17.185885+00:00,vets-service,vets-service-789bf77578-fzs4g,2026-07-23T00:08:34.389261+00:00,DEBUG,55ccffec06f57f6e,1d227cf47df40c87,nio-8080-exec-3,o.s.web.servlet.DispatcherServlet,"GET ""/vets"", parameters={}"
2026-07-23T00:09:17.185885+00:00,vets-service,vets-service-789bf77578-fzs4g,2026-07-23T00:08:33.135767+00:00,DEBUG,d49358834a8e6a21,d31b987da52c7039,nio-8080-exec-5,o.s.web.servlet.DispatcherServlet,Completed 200 OK
2026-07-23T00:09:17.185885+00:00,vets-service,vets-service-789bf77578-fzs4g,2026-07-23T00:08:32.885258+00:00,DEBUG,d49358834a8e6a21,7a82c36c7769df17,nio-8080-exec-5,o.s.web.servlet.DispatcherServlet,"GET ""/vets"", parameters={}"
2026-07-23T00:09:17.185885+00:00,vets-service,vets-service-789bf77578-fzs4g,2026-07-23T00:08:32.383073+00:00,DEBUG,76bc469634092875,2006e69ff780906e,nio-8080-exec-1,o.s.web.servlet.DispatcherServlet,Completed 200 OK
2026-07-23T00:09:17.185885+00:00,vets-service,vets-service-789bf77578-fzs4g,2026-07-23T00:08:32.383069+00:00,DEBUG,76bc469634092875,4d8118dfc64ec621,nio-8080-exec-1,o.s.web.servlet.DispatcherServlet,"GET ""/vets"", parameters={}"
2026-07-23T00:09:17.185885+00:00,vets-service,vets-service-789bf77578-fzs4g,2026-07-23T00:08:31.882462+00:00,DEBUG,b3233bda98724423,4059a869347e03a8,nio-8080-exec-9,o.s.web.servlet.DispatcherServlet,Completed 200 OK
2026-07-23T00:09:17.185885+00:00,vets-service,vets-service-789bf77578-fzs4g,2026-07-23T00:08:31.631545+00:00,DEBUG,b3233bda98724423,fa96ab18d3e9a139,nio-8080-exec-9,o.s.web.servlet.DispatcherServlet,"GET ""/vets"", parameters={}"
2026-07-23T00:09:17.185885+00:00,vets-service,vets-service-789bf77578-fzs4g,2026-07-23T00:08:29.626761+00:00,DEBUG,e944ee9109badbd5,37cec6b1b010651e,nio-8080-exec-7,o.s.web.servlet.DispatcherServlet,Completed 200 OK
2026-07-23T00:09:17.185885+00:00,vets-service,vets-service-789bf77578-fzs4g,2026-07-23T00:08:29.376099+00:00,DEBUG,e944ee9109badbd5,1892dd056390acc1,nio-8080-exec-7,o.s.web.servlet.DispatcherServlet,"GET ""/vets"", parameters={}"
2026-07-23T00:09:17.185885+00:00,vets-service,vets-service-789bf77578-fzs4g,2026-07-23T00:08:29.376071+00:00,DEBUG,7d5fb112a59dc3ac,7d5fb112a59dc3ac,nio-8080-exec-8,o.s.web.servlet.DispatcherServlet,Completed 200 OK
2026-07-23T00:09:17.185885+00:00,vets-service,vets-service-789bf77578-fzs4g,2026-07-23T00:08:28.122130+00:00,DEBUG,ae78a98e6529f129,1918d4b457643c26,nio-8080-exec-4,o.s.web.servlet.DispatcherServlet,Completed 200 OK
2026-07-23T00:09:17.185885+00:00,vets-service,vets-service-789bf77578-fzs4g,2026-07-23T00:08:28.122127+00:00,DEBUG,ae78a98e6529f129,f18a07dcd7baf4e9,nio-8080-exec-4,o.s.web.servlet.DispatcherServlet,"GET ""/vets"", parameters={}"
2026-07-23T00:09:17.185885+00:00,vets-service,vets-service-789bf77578-fzs4g,2026-07-23T00:08:27.871646+00:00,DEBUG,0dfbdd93e3b81d72,6329b7b6d8328d2a,io-8080-exec-10,o.s.web.servlet.DispatcherServlet,Completed 200 OK
2026-07-23T00:09:17.185885+00:00,vets-service,vets-service-789bf77578-fzs4g,2026-07-23T00:08:27.621252+00:00,DEBUG,0dfbdd93e3b81d72,e4bef25677c15b06,io-8080-exec-10,o.s.web.servlet.DispatcherServlet,"GET ""/vets"", parameters={}"
2026-07-23T00:09:17.185885+00:00,vets-service,vets-service-789bf77578-fzs4g,2026-07-23T00:08:27.621231+00:00,DEBUG,b10fdd45287ebad2,2a0d3a0f3590732e,nio-8080-exec-2,o.s.web.servlet.DispatcherServlet,Completed 200 OK
2026-07-23T00:09:17.185885+00:00,vets-service,vets-service-789bf77578-fzs4g,2026-07-23T00:08:27.621227+00:00,DEBUG,b10fdd45287ebad2,7073be28022bfbfd,nio-8080-exec-2,o.s.web.servlet.DispatcherServlet,"GET ""/vets"", parameters={}"
2026-07-23T00:09:17.185885+00:00,vets-service,vets-service-789bf77578-fzs4g,2026-07-23T00:08:27.370162+00:00,DEBUG,41f0dc79acce9b04,887c1c1f280a6718,nio-8080-exec-6,o.s.web.servlet.DispatcherServlet,Completed 200 OK
2026-07-23T00:09:17.185885+00:00,vets-service,vets-service-789bf77578-fzs4g,2026-07-23T00:08:27.370159+00:00,DEBUG,41f0dc79acce9b04,eac85b5f0d29e22b,nio-8080-exec-6,o.s.web.servlet.DispatcherServlet,"GET ""/vets"", parameters={}"
2026-07-23T00:09:17.185885+00:00,vets-service,vets-service-789bf77578-fzs4g,2026-07-23T00:08:26.869272+00:00,DEBUG,4287eae71b033905,67ef3b3991fcef69,nio-8080-exec-3,o.s.web.servlet.DispatcherServlet,Completed 200 OK
2026-07-23T00:09:17.185885+00:00,vets-service,vets-service-789bf77578-fzs4g,2026-07-23T00:08:26.869269+00:00,DEBUG,4287eae71b033905,defd375f60c4aefb,nio-8080-exec-3,o.s.web.servlet.DispatcherServlet,"GET ""/vets"", parameters={}"
2026-07-23T00:09:17.185885+00:00,vets-service,vets-service-789bf77578-fzs4g,2026-07-23T00:08:26.117846+00:00,DEBUG,027ca0b72dd780fb,68789d0811f3c647,nio-8080-exec-5,o.s.web.servlet.DispatcherServlet,Completed 200 OK
2026-07-23T00:09:17.185885+00:00,vets-service,vets-service-789bf77578-fzs4g,2026-07-23T00:08:26.117844+00:00,DEBUG,027ca0b72dd780fb,22cdab891604752b,nio-8080-exec-5,o.s.web.servlet.DispatcherServlet,"GET ""/vets"", parameters={}"
2026-07-23T00:09:17.185885+00:00,vets-service,vets-service-789bf77578-fzs4g,2026-07-23T00:08:25.114219+00:00,DEBUG,1c6aa8b94ce957fc,34322cca0d9aca1a,nio-8080-exec-1,o.s.web.servlet.DispatcherServlet,Completed 200 OK
2026-07-23T00:09:17.185885+00:00,vets-service,vets-service-789bf77578-fzs4g,2026-07-23T00:08:25.114215+00:00,DEBUG,1c6aa8b94ce957fc,c6a9747e3b797db2,nio-8080-exec-1,o.s.web.servlet.DispatcherServlet,"GET ""/vets"", parameters={}"
2026-07-23T00:09:17.185885+00:00,vets-service,vets-service-789bf77578-fzs4g,2026-07-23T00:08:25.114086+00:00,DEBUG,4b4414ce2cd8d60a,a6a5228452311f29,nio-8080-exec-9,o.s.web.servlet.DispatcherServlet,Completed 200 OK
2026-07-23T00:09:17.185885+00:00,vets-service,vets-service-789bf77578-fzs4g,2026-07-23T00:08:24.863266+00:00,DEBUG,4b4414ce2cd8d60a,36e033347d47c347,nio-8080-exec-9,o.s.web.servlet.DispatcherServlet,"GET ""/vets"", parameters={}"
2026-07-23T00:09:17.185885+00:00,vets-service,vets-service-789bf77578-fzs4g,2026-07-23T00:08:24.362185+00:00,DEBUG,edbd22c4731d81d1,cbcd1c790b6e783d,nio-8080-exec-7,o.s.web.servlet.DispatcherServlet,Completed 200 OK
2026-07-23T00:09:17.185885+00:00,vets-service,vets-service-789bf77578-fzs4g,2026-07-23T00:08:24.362181+00:00,DEBUG,edbd22c4731d81d1,9c7b5b1b44625c6b,nio-8080-exec-7,o.s.web.servlet.DispatcherServlet,"GET ""/vets"", parameters={}"
2026-07-23T00:09:17.185885+00:00,vets-service,vets-service-789bf77578-fzs4g,2026-07-23T00:08:23.610259+00:00,DEBUG,4f198fcfba824789,bcd41571f9313323,nio-8080-exec-8,o.s.web.servlet.DispatcherServlet,Completed 200 OK
2026-07-23T00:09:17.185885+00:00,vets-service,vets-service-789bf77578-fzs4g,2026-07-23T00:08:23.610255+00:00,DEBUG,4f198fcfba824789,0adad8e25c7b62f8,nio-8080-exec-8,o.s.web.servlet.DispatcherServlet,"GET ""/vets"", parameters={}"
2026-07-23T00:09:17.185885+00:00,vets-service,vets-service-789bf77578-fzs4g,2026-07-23T00:08:23.108521+00:00,DEBUG,0a041f0a420f5859,186300b0c66e8e66,nio-8080-exec-4,o.s.web.servlet.DispatcherServlet,Completed 200 OK
2026-07-23T00:09:17.185885+00:00,vets-service,vets-service-789bf77578-fzs4g,2026-07-23T00:08:23.108400+00:00,DEBUG,0a041f0a420f5859,46f6f61cc6ce85a3,nio-8080-exec-4,o.s.web.servlet.DispatcherServlet,"GET ""/vets"", parameters={}"
2026-07-23T00:09:17.185885+00:00,vets-service,vets-service-789bf77578-fzs4g,2026-07-23T00:08:23.108375+00:00,DEBUG,5f468e843815656f,5f468e843815656f,io-8080-exec-10,o.s.web.servlet.DispatcherServlet,Completed 200 OK
2026-07-23T00:09:17.185885+00:00,vets-service,vets-service-789bf77578-fzs4g,2026-07-23T00:08:22.857776+00:00,DEBUG,88300a10dd24068b,bbe0a014823db541,nio-8080-exec-2,o.s.web.servlet.DispatcherServlet,Completed 200 OK
2026-07-23T00:09:17.185885+00:00,vets-service,vets-service-789bf77578-fzs4g,2026-07-23T00:08:22.857772+00:00,DEBUG,88300a10dd24068b,f52a43915b95e5b8,nio-8080-exec-2,o.s.web.servlet.DispatcherServlet,"GET ""/vets"", parameters={}"
2026-07-23T00:09:17.185885+00:00,vets-service,vets-service-789bf77578-fzs4g,2026-07-23T00:08:22.607573+00:00,DEBUG,64198e6eb68f97f1,64198e6eb68f97f1,nio-8080-exec-6,o.s.web.servlet.DispatcherServlet,Completed 200 OK
2026-07-23T00:09:17.185885+00:00,vets-service,vets-service-789bf77578-fzs4g,2026-07-23T00:08:22.106390+00:00,DEBUG,f1cbfcf4312c3529,93c39446b233e434,nio-8080-exec-3,o.s.web.servlet.DispatcherServlet,Completed 200 OK
2026-07-23T00:09:17.185885+00:00,vets-service,vets-service-789bf77578-fzs4g,2026-07-23T00:08:22.106386+00:00,DEBUG,f1cbfcf4312c3529,5aff883056e8e17e,nio-8080-exec-3,o.s.web.servlet.DispatcherServlet,"GET ""/vets"", parameters={}"
2026-07-23T00:09:17.185885+00:00,vets-service,vets-service-789bf77578-fzs4g,2026-07-23T00:08:21.103957+00:00,DEBUG,c1ceac352f1cc752,abf3aa73ab6cd0a6,nio-8080-exec-5,o.s.web.servlet.DispatcherServlet,Completed 200 OK
2026-07-23T00:09:17.185885+00:00,vets-service,vets-service-789bf77578-fzs4g,2026-07-23T00:08:21.103952+00:00,DEBUG,c1ceac352f1cc752,356563a71e1aeb96,nio-8080-exec-5,o.s.web.servlet.DispatcherServlet,"GET ""/vets"", parameters={}"
2026-07-23T00:09:17.185885+00:00,vets-service,vets-service-789bf77578-fzs4g,2026-07-23T00:08:20.351496+00:00,DEBUG,2ba27bce2b84c4d2,28f770a17b7588ac,nio-8080-exec-1,o.s.web.servlet.DispatcherServlet,Completed 200 OK
2026-07-23T00:09:17.185885+00:00,vets-service,vets-service-789bf77578-fzs4g,2026-07-23T00:08:20.351492+00:00,DEBUG,2ba27bce2b84c4d2,d9608c11eefcf58c,nio-8080-exec-1,o.s.web.servlet.DispatcherServlet,"GET ""/vets"", parameters={}"
2026-07-23T00:09:17.185885+00:00,vets-service,vets-service-789bf77578-fzs4g,2026-07-23T00:08:19.850417+00:00,DEBUG,488700cf21eda418,4b973f4ca8debbdb,nio-8080-exec-9,o.s.web.servlet.DispatcherServlet,Completed 200 OK
2026-07-23T00:09:17.185885+00:00,vets-service,vets-service-789bf77578-fzs4g,2026-07-23T00:08:19.850413+00:00,DEBUG,488700cf21eda418,aa2133e0942e46ca,nio-8080-exec-9,o.s.web.servlet.DispatcherServlet,"GET ""/vets"", parameters={}"
2026-07-23T00:09:17.185885+00:00,vets-service,vets-service-789bf77578-fzs4g,2026-07-23T00:08:19.349669+00:00,DEBUG,9f032c43d3765ab7,dc1f35cc0b661cec,nio-8080-exec-7,o.s.web.servlet.DispatcherServlet,Completed 200 OK
2026-07-23T00:09:17.185885+00:00,vets-service,vets-service-789bf77578-fzs4g,2026-07-23T00:08:19.099381+00:00,DEBUG,9f032c43d3765ab7,2404a7bb1e09799b,nio-8080-exec-7,o.s.web.servlet.DispatcherServlet,"GET ""/vets"", parameters={}"
2026-07-23T00:09:17.185885+00:00,vets-service,vets-service-789bf77578-fzs4g,2026-07-23T00:08:18.849236+00:00,DEBUG,0b2c4f6927d1294b,763c3f972a796cd3,nio-8080-exec-8,o.s.web.servlet.DispatcherServlet,Completed 200 OK
2026-07-23T00:09:17.185885+00:00,vets-service,vets-service-789bf77578-fzs4g,2026-07-23T00:08:18.849232+00:00,DEBUG,0b2c4f6927d1294b,9414b5a747b41351,nio-8080-exec-8,o.s.web.servlet.DispatcherServlet,"GET ""/vets"", parameters={}"
2026-07-23T00:09:17.185885+00:00,vets-service,vets-service-789bf77578-fzs4g,2026-07-23T00:08:17.344568+00:00,DEBUG,5287cd4254267d80,24ceb6d5079bca86,nio-8080-exec-4,o.s.web.servlet.DispatcherServlet,Completed 200 OK
2026-07-23T00:09:17.185885+00:00,vets-service,vets-service-789bf77578-fzs4g,2026-07-23T00:08:17.344564+00:00,DEBUG,5287cd4254267d80,e7ee16af836e2113,nio-8080-exec-4,o.s.web.servlet.DispatcherServlet,"GET ""/vets"", parameters={}"
2026-07-23T00:09:17.185885+00:00,vets-service,vets-service-789bf77578-fzs4g,2026-07-23T00:08:14.335408+00:00,DEBUG,3c43f6102835240a,3c43f6102835240a,io-8080-exec-10,o.s.web.servlet.DispatcherServlet,Completed 200 OK
2026-07-23T00:09:17.185885+00:00,vets-service,vets-service-789bf77578-fzs4g,2026-07-23T00:08:14.335384+00:00,DEBUG,58713e11e90b1a12,072b3fb779791382,nio-8080-exec-2,o.s.web.servlet.DispatcherServlet,Completed 200 OK
2026-07-23T00:09:17.185885+00:00,vets-service,vets-service-789bf77578-fzs4g,2026-07-23T00:08:14.335370+00:00,DEBUG,58713e11e90b1a12,e5f13e3688b7fa48,nio-8080-exec-2,o.s.web.servlet.DispatcherServlet,"GET ""/vets"", parameters={}"
2026-07-23T00:09:17.185885+00:00,vets-service,vets-service-789bf77578-fzs4g,2026-07-23T00:08:14.085316+00:00,DEBUG,eaec88fa3f5102ee,75b17beabdd6ae11,nio-8080-exec-6,o.s.web.servlet.DispatcherServlet,Completed 200 OK
2026-07-23T00:09:17.185885+00:00,vets-service,vets-service-789bf77578-fzs4g,2026-07-23T00:08:14.085312+00:00,DEBUG,eaec88fa3f5102ee,dab99db696492e78,nio-8080-exec-6,o.s.web.servlet.DispatcherServlet,"GET ""/vets"", parameters={}"
2026-07-23T00:09:17.185885+00:00,vets-service,vets-service-789bf77578-fzs4g,2026-07-23T00:08:13.333354+00:00,DEBUG,7c7dad91322f682b,8d7a21e0ad7266bf,nio-8080-exec-3,o.s.web.servlet.DispatcherServlet,Completed 200 OK
2026-07-23T00:09:17.185885+00:00,vets-service,vets-service-789bf77578-fzs4g,2026-07-23T00:08:13.333304+00:00,DEBUG,7c7dad91322f682b,04a1312203b9b9c5,nio-8080-exec-3,o.s.web.servlet.DispatcherServlet,"GET ""/vets"", parameters={}"
2026-07-23T00:09:17.185885+00:00,visits-service,visits-service-5bbc99b894-dtlvv,2026-07-23T00:09:14.511357+00:00,DEBUG,7a06b072d2d05af1,7a06b072d2d05af1,nio-8080-exec-1,o.s.web.servlet.DispatcherServlet,Completed 200 OK
2026-07-23T00:09:17.185885+00:00,visits-service,visits-service-5bbc99b894-dtlvv,2026-07-23T00:09:06.238560+00:00,DEBUG,03ace30ef8f99ee9,03ace30ef8f99ee9,nio-8080-exec-7,o.s.web.servlet.DispatcherServlet,Completed 200 OK
2026-07-23T00:09:17.185885+00:00,visits-service,visits-service-5bbc99b894-dtlvv,2026-07-23T00:09:02.479378+00:00,DEBUG,65065897d73c4fd7,65065897d73c4fd7,nio-8080-exec-6,o.s.web.servlet.DispatcherServlet,Completed 200 OK
2026-07-23T00:09:17.185885+00:00,visits-service,visits-service-5bbc99b894-dtlvv,2026-07-23T00:09:01.225357+00:00,DEBUG,16f19e7f8b0c4a5b,584cee0a2c00a5fe,nio-8080-exec-8,o.s.web.servlet.DispatcherServlet,Completed 200 OK
2026-07-23T00:09:17.185885+00:00,visits-service,visits-service-5bbc99b894-dtlvv,2026-07-23T00:09:01.225353+00:00,DEBUG,16f19e7f8b0c4a5b,584cee0a2c00a5fe,nio-8080-exec-8,o.s.web.servlet.DispatcherServlet,"GET ""/owners/1/pets/1/visits"", parameters={}"
2026-07-23T00:09:17.185885+00:00,visits-service,visits-service-5bbc99b894-dtlvv,2026-07-23T00:09:00.725063+00:00,DEBUG,6b137365e8b40c21,2524d6a41d59b39e,nio-8080-exec-4,o.s.web.servlet.DispatcherServlet,Completed 200 OK
2026-07-23T00:09:17.185885+00:00,visits-service,visits-service-5bbc99b894-dtlvv,2026-07-23T00:09:00.725059+00:00,DEBUG,6b137365e8b40c21,2524d6a41d59b39e,nio-8080-exec-4,o.s.web.servlet.DispatcherServlet,"GET ""/owners/1/pets/1/visits"", parameters={}"
2026-07-23T00:09:17.185885+00:00,visits-service,visits-service-5bbc99b894-dtlvv,2026-07-23T00:09:00.223480+00:00,DEBUG,45b4ee3ccd8722ac,6fb7c8db77569e3b,nio-8080-exec-3,o.s.web.servlet.DispatcherServlet,Completed 200 OK
2026-07-23T00:09:17.185885+00:00,visits-service,visits-service-5bbc99b894-dtlvv,2026-07-23T00:09:00.223477+00:00,DEBUG,45b4ee3ccd8722ac,6fb7c8db77569e3b,nio-8080-exec-3,o.s.web.servlet.DispatcherServlet,"GET ""/owners/1/pets/1/visits"", parameters={}"
2026-07-23T00:09:17.185885+00:00,visits-service,visits-service-5bbc99b894-dtlvv,2026-07-23T00:08:59.219928+00:00,DEBUG,21619ee68c6aabc6,507b205616ab2581,nio-8080-exec-5,o.s.web.servlet.DispatcherServlet,Completed 200 OK
2026-07-23T00:09:17.185885+00:00,visits-service,visits-service-5bbc99b894-dtlvv,2026-07-23T00:08:59.219924+00:00,DEBUG,21619ee68c6aabc6,507b205616ab2581,nio-8080-exec-5,o.s.web.servlet.DispatcherServlet,"GET ""/owners/1/pets/1/visits"", parameters={}"
2026-07-23T00:09:17.185885+00:00,visits-service,visits-service-5bbc99b894-dtlvv,2026-07-23T00:08:58.969391+00:00,DEBUG,399628a24509dccd,399628a24509dccd,nio-8080-exec-9,o.s.web.servlet.DispatcherServlet,Completed 200 OK
2026-07-23T00:09:17.185885+00:00,visits-service,visits-service-5bbc99b894-dtlvv,2026-07-23T00:08:58.719213+00:00,DEBUG,61e27a65772947be,b588e50e70a96bdf,io-8080-exec-10,o.s.web.servlet.DispatcherServlet,Completed 200 OK
2026-07-23T00:09:17.185885+00:00,visits-service,visits-service-5bbc99b894-dtlvv,2026-07-23T00:08:58.719211+00:00,DEBUG,61e27a65772947be,b588e50e70a96bdf,io-8080-exec-10,o.s.web.servlet.DispatcherServlet,"GET ""/owners/1/pets/1/visits"", parameters={}"
2026-07-23T00:09:17.185885+00:00,visits-service,visits-service-5bbc99b894-dtlvv,2026-07-23T00:08:57.967257+00:00,DEBUG,5770eaaa483bd9c4,afa2bc4a3ab5c108,nio-8080-exec-2,o.s.web.servlet.DispatcherServlet,Completed 200 OK
2026-07-23T00:09:17.185885+00:00,visits-service,visits-service-5bbc99b894-dtlvv,2026-07-23T00:08:57.967253+00:00,DEBUG,5770eaaa483bd9c4,afa2bc4a3ab5c108,nio-8080-exec-2,o.s.web.servlet.DispatcherServlet,"GET ""/owners/1/pets/1/visits"", parameters={}"
2026-07-23T00:09:17.185885+00:00,visits-service,visits-service-5bbc99b894-dtlvv,2026-07-23T00:08:57.466020+00:00,DEBUG,16d91deda583da4e,b8546c4696cc09f1,nio-8080-exec-1,o.s.web.servlet.DispatcherServlet,Completed 200 OK
2026-07-23T00:09:17.185885+00:00,visits-service,visits-service-5bbc99b894-dtlvv,2026-07-23T00:08:57.465977+00:00,DEBUG,16d91deda583da4e,b8546c4696cc09f1,nio-8080-exec-1,o.s.web.servlet.DispatcherServlet,"GET ""/owners/1/pets/1/visits"", parameters={}"
2026-07-23T00:09:17.185885+00:00,visits-service,visits-service-5bbc99b894-dtlvv,2026-07-23T00:08:57.465952+00:00,DEBUG,4c1a95cbafc7eb78,bce45db877c0fea0,nio-8080-exec-7,o.s.web.servlet.DispatcherServlet,Completed 200 OK
2026-07-23T00:09:17.185885+00:00,visits-service,visits-service-5bbc99b894-dtlvv,2026-07-23T00:08:57.465948+00:00,DEBUG,4c1a95cbafc7eb78,bce45db877c0fea0,nio-8080-exec-7,o.s.web.servlet.DispatcherServlet,"GET ""/owners/1/pets/1/visits"", parameters={}"
2026-07-23T00:09:17.185885+00:00,visits-service,visits-service-5bbc99b894-dtlvv,2026-07-23T00:08:56.211139+00:00,DEBUG,cfe88c25221f73e1,34b92aad55869f9d,nio-8080-exec-6,o.s.web.servlet.DispatcherServlet,Completed 200 OK
2026-07-23T00:09:17.185885+00:00,visits-service,visits-service-5bbc99b894-dtlvv,2026-07-23T00:08:56.211136+00:00,DEBUG,cfe88c25221f73e1,34b92aad55869f9d,nio-8080-exec-6,o.s.web.servlet.DispatcherServlet,"GET ""/owners/1/pets/1/visits"", parameters={}"
2026-07-23T00:09:17.185885+00:00,visits-service,visits-service-5bbc99b894-dtlvv,2026-07-23T00:08:54.954978+00:00,DEBUG,647a11017e98c00d,811c460c8c3d365d,nio-8080-exec-8,o.s.web.servlet.DispatcherServlet,Completed 200 OK
2026-07-23T00:09:17.185885+00:00,visits-service,visits-service-5bbc99b894-dtlvv,2026-07-23T00:08:54.954973+00:00,DEBUG,647a11017e98c00d,811c460c8c3d365d,nio-8080-exec-8,o.s.web.servlet.DispatcherServlet,"GET ""/owners/1/pets/1/visits"", parameters={}"
2026-07-23T00:09:17.185885+00:00,visits-service,visits-service-5bbc99b894-dtlvv,2026-07-23T00:08:53.450389+00:00,DEBUG,9cc705138b433c8a,8d4c49521d1540c6,nio-8080-exec-4,o.s.web.servlet.DispatcherServlet,Completed 200 OK
2026-07-23T00:09:17.185885+00:00,visits-service,visits-service-5bbc99b894-dtlvv,2026-07-23T00:08:53.450385+00:00,DEBUG,9cc705138b433c8a,8d4c49521d1540c6,nio-8080-exec-4,o.s.web.servlet.DispatcherServlet,"GET ""/owners/1/pets/1/visits"", parameters={}"
2026-07-23T00:09:17.185885+00:00,visits-service,visits-service-5bbc99b894-dtlvv,2026-07-23T00:08:52.948653+00:00,DEBUG,b525c5769e106e9c,bafa56b1ab25f84a,nio-8080-exec-3,o.s.web.servlet.DispatcherServlet,Completed 200 OK
2026-07-23T00:09:17.185885+00:00,visits-service,visits-service-5bbc99b894-dtlvv,2026-07-23T00:08:52.948649+00:00,DEBUG,b525c5769e106e9c,bafa56b1ab25f84a,nio-8080-exec-3,o.s.web.servlet.DispatcherServlet,"GET ""/owners/1/pets/1/visits"", parameters={}"
2026-07-23T00:09:17.185885+00:00,visits-service,visits-service-5bbc99b894-dtlvv,2026-07-23T00:08:51.943837+00:00,DEBUG,28d9daf82c788b61,1e390c496c4301e0,nio-8080-exec-5,o.s.web.servlet.DispatcherServlet,Completed 200 OK
2026-07-23T00:09:17.185885+00:00,visits-service,visits-service-5bbc99b894-dtlvv,2026-07-23T00:08:51.943833+00:00,DEBUG,28d9daf82c788b61,1e390c496c4301e0,nio-8080-exec-5,o.s.web.servlet.DispatcherServlet,"GET ""/owners/1/pets/1/visits"", parameters={}"
2026-07-23T00:09:17.185885+00:00,visits-service,visits-service-5bbc99b894-dtlvv,2026-07-23T00:08:51.441853+00:00,DEBUG,f29f066562471134,77b5e09d910f55d3,nio-8080-exec-9,o.s.web.servlet.DispatcherServlet,Completed 200 OK
2026-07-23T00:09:17.185885+00:00,visits-service,visits-service-5bbc99b894-dtlvv,2026-07-23T00:08:51.441824+00:00,DEBUG,f29f066562471134,77b5e09d910f55d3,nio-8080-exec-9,o.s.web.servlet.DispatcherServlet,"GET ""/owners/1/pets/1/visits"", parameters={}"
2026-07-23T00:09:17.185885+00:00,visits-service,visits-service-5bbc99b894-dtlvv,2026-07-23T00:08:51.441799+00:00,DEBUG,9fe394bd81109ff6,9fe394bd81109ff6,io-8080-exec-10,o.s.web.servlet.DispatcherServlet,Completed 200 OK
2026-07-23T00:09:17.185885+00:00,visits-service,visits-service-5bbc99b894-dtlvv,2026-07-23T00:08:51.191600+00:00,DEBUG,3e8fdd2aa1d2794d,97a1771bac721027,nio-8080-exec-2,o.s.web.servlet.DispatcherServlet,Completed 200 OK
2026-07-23T00:09:17.185885+00:00,visits-service,visits-service-5bbc99b894-dtlvv,2026-07-23T00:08:51.191596+00:00,DEBUG,3e8fdd2aa1d2794d,97a1771bac721027,nio-8080-exec-2,o.s.web.servlet.DispatcherServlet,"GET ""/owners/1/pets/1/visits"", parameters={}"
2026-07-23T00:09:17.185885+00:00,visits-service,visits-service-5bbc99b894-dtlvv,2026-07-23T00:08:49.938429+00:00,DEBUG,33c88aef6cac53bc,164f5f75fe35b326,nio-8080-exec-1,o.s.web.servlet.DispatcherServlet,Completed 200 OK
2026-07-23T00:09:17.185885+00:00,visits-service,visits-service-5bbc99b894-dtlvv,2026-07-23T00:08:49.938393+00:00,DEBUG,33c88aef6cac53bc,164f5f75fe35b326,nio-8080-exec-1,o.s.web.servlet.DispatcherServlet,"GET ""/owners/1/pets/1/visits"", parameters={}"
2026-07-23T00:09:17.185885+00:00,visits-service,visits-service-5bbc99b894-dtlvv,2026-07-23T00:08:49.938370+00:00,DEBUG,3741096651d93784,0c1f772c3156b5ee,nio-8080-exec-7,o.s.web.servlet.DispatcherServlet,Completed 200 OK
2026-07-23T00:09:17.185885+00:00,visits-service,visits-service-5bbc99b894-dtlvv,2026-07-23T00:08:49.938366+00:00,DEBUG,3741096651d93784,0c1f772c3156b5ee,nio-8080-exec-7,o.s.web.servlet.DispatcherServlet,"GET ""/owners/1/pets/1/visits"", parameters={}"
2026-07-23T00:09:17.185885+00:00,visits-service,visits-service-5bbc99b894-dtlvv,2026-07-23T00:08:48.684596+00:00,DEBUG,835904c352b38614,aa420981b2a6d813,nio-8080-exec-6,o.s.web.servlet.DispatcherServlet,Completed 200 OK
2026-07-23T00:09:17.185885+00:00,visits-service,visits-service-5bbc99b894-dtlvv,2026-07-23T00:08:48.684593+00:00,DEBUG,835904c352b38614,aa420981b2a6d813,nio-8080-exec-6,o.s.web.servlet.DispatcherServlet,"GET ""/owners/1/pets/1/visits"", parameters={}"
2026-07-23T00:09:17.185885+00:00,visits-service,visits-service-5bbc99b894-dtlvv,2026-07-23T00:08:47.681497+00:00,DEBUG,37c4c200f15edb7a,7c7ac8fdb6e8817a,nio-8080-exec-8,o.s.web.servlet.DispatcherServlet,Completed 200 OK
2026-07-23T00:09:17.185885+00:00,visits-service,visits-service-5bbc99b894-dtlvv,2026-07-23T00:08:47.681495+00:00,DEBUG,37c4c200f15edb7a,7c7ac8fdb6e8817a,nio-8080-exec-8,o.s.web.servlet.DispatcherServlet,"GET ""/owners/1/pets/1/visits"", parameters={}"
2026-07-23T00:09:17.185885+00:00,visits-service,visits-service-5bbc99b894-dtlvv,2026-07-23T00:08:47.179084+00:00,DEBUG,b9fff7aff62568b4,7f56dac32f64553b,nio-8080-exec-4,o.s.web.servlet.DispatcherServlet,Completed 200 OK
2026-07-23T00:09:17.185885+00:00,visits-service,visits-service-5bbc99b894-dtlvv,2026-07-23T00:08:47.179083+00:00,DEBUG,b9fff7aff62568b4,7f56dac32f64553b,nio-8080-exec-4,o.s.web.servlet.DispatcherServlet,"GET ""/owners/1/pets/1/visits"", parameters={}"
2026-07-23T00:09:17.185885+00:00,visits-service,visits-service-5bbc99b894-dtlvv,2026-07-23T00:08:46.677277+00:00,DEBUG,e5f090c261085284,cab145c8ba89b769,nio-8080-exec-3,o.s.web.servlet.DispatcherServlet,Completed 200 OK
2026-07-23T00:09:17.185885+00:00,visits-service,visits-service-5bbc99b894-dtlvv,2026-07-23T00:08:46.677273+00:00,DEBUG,e5f090c261085284,cab145c8ba89b769,nio-8080-exec-3,o.s.web.servlet.DispatcherServlet,"GET ""/owners/1/pets/1/visits"", parameters={}"
2026-07-23T00:09:17.185885+00:00,visits-service,visits-service-5bbc99b894-dtlvv,2026-07-23T00:08:46.175665+00:00,DEBUG,db5ed0945ebd8272,a8083ea845f8ec91,nio-8080-exec-5,o.s.web.servlet.DispatcherServlet,Completed 200 OK
2026-07-23T00:09:17.185885+00:00,visits-service,visits-service-5bbc99b894-dtlvv,2026-07-23T00:08:46.175661+00:00,DEBUG,db5ed0945ebd8272,a8083ea845f8ec91,nio-8080-exec-5,o.s.web.servlet.DispatcherServlet,"GET ""/owners/1/pets/1/visits"", parameters={}"
2026-07-23T00:09:17.185885+00:00,visits-service,visits-service-5bbc99b894-dtlvv,2026-07-23T00:08:45.171354+00:00,DEBUG,c1aca61eb87d98dc,d673f62e7b1dc19a,nio-8080-exec-9,o.s.web.servlet.DispatcherServlet,Completed 200 OK
2026-07-23T00:09:17.185885+00:00,visits-service,visits-service-5bbc99b894-dtlvv,2026-07-23T00:08:44.920224+00:00,DEBUG,c1aca61eb87d98dc,d673f62e7b1dc19a,nio-8080-exec-9,o.s.web.servlet.DispatcherServlet,"GET ""/owners/1/pets/1/visits"", parameters={}"
2026-07-23T00:09:17.185885+00:00,visits-service,visits-service-5bbc99b894-dtlvv,2026-07-23T00:08:44.669409+00:00,DEBUG,649f4cb0d17fabcb,1a69f77a9098dac6,io-8080-exec-10,o.s.web.servlet.DispatcherServlet,Completed 200 OK
2026-07-23T00:09:17.185885+00:00,visits-service,visits-service-5bbc99b894-dtlvv,2026-07-23T00:08:44.669405+00:00,DEBUG,649f4cb0d17fabcb,1a69f77a9098dac6,io-8080-exec-10,o.s.web.servlet.DispatcherServlet,"GET ""/owners/1/pets/1/visits"", parameters={}"
2026-07-23T00:09:17.185885+00:00,visits-service,visits-service-5bbc99b894-dtlvv,2026-07-23T00:08:44.418466+00:00,DEBUG,38555b3d24107117,ca90f0098404f20f,nio-8080-exec-2,o.s.web.servlet.DispatcherServlet,Completed 200 OK
2026-07-23T00:09:17.185885+00:00,visits-service,visits-service-5bbc99b894-dtlvv,2026-07-23T00:08:44.418463+00:00,DEBUG,38555b3d24107117,ca90f0098404f20f,nio-8080-exec-2,o.s.web.servlet.DispatcherServlet,"GET ""/owners/1/pets/1/visits"", parameters={}"
2026-07-23T00:09:17.185885+00:00,visits-service,visits-service-5bbc99b894-dtlvv,2026-07-23T00:08:44.168205+00:00,DEBUG,4507d024bc93f167,25ee84783f43e6b0,nio-8080-exec-1,o.s.web.servlet.DispatcherServlet,Completed 200 OK
2026-07-23T00:09:17.185885+00:00,visits-service,visits-service-5bbc99b894-dtlvv,2026-07-23T00:08:44.168202+00:00,DEBUG,4507d024bc93f167,25ee84783f43e6b0,nio-8080-exec-1,o.s.web.servlet.DispatcherServlet,"GET ""/owners/1/pets/1/visits"", parameters={}"
2026-07-23T00:09:17.185885+00:00,visits-service,visits-service-5bbc99b894-dtlvv,2026-07-23T00:08:43.416081+00:00,DEBUG,6ed69efcf5ea27c3,65d1f8b4ad1cc634,nio-8080-exec-7,o.s.web.servlet.DispatcherServlet,Completed 200 OK
2026-07-23T00:09:17.185885+00:00,visits-service,visits-service-5bbc99b894-dtlvv,2026-07-23T00:08:43.416043+00:00,DEBUG,6ed69efcf5ea27c3,65d1f8b4ad1cc634,nio-8080-exec-7,o.s.web.servlet.DispatcherServlet,"GET ""/owners/1/pets/1/visits"", parameters={}"
2026-07-23T00:09:17.185885+00:00,visits-service,visits-service-5bbc99b894-dtlvv,2026-07-23T00:08:43.416020+00:00,DEBUG,29c80524989a404f,29c80524989a404f,nio-8080-exec-6,o.s.web.servlet.DispatcherServlet,Completed 200 OK
2026-07-23T00:09:17.185885+00:00,visits-service,visits-service-5bbc99b894-dtlvv,2026-07-23T00:08:43.165471+00:00,DEBUG,651ee1068e5f26f0,46162046c18e1fc2,nio-8080-exec-8,o.s.web.servlet.DispatcherServlet,Completed 200 OK
2026-07-23T00:09:17.185885+00:00,visits-service,visits-service-5bbc99b894-dtlvv,2026-07-23T00:08:43.165469+00:00,DEBUG,651ee1068e5f26f0,46162046c18e1fc2,nio-8080-exec-8,o.s.web.servlet.DispatcherServlet,"GET ""/owners/1/pets/1/visits"", parameters={}"
2026-07-23T00:09:17.185885+00:00,visits-service,visits-service-5bbc99b894-dtlvv,2026-07-23T00:08:42.914893+00:00,DEBUG,27acf447ab9e1fce,64e5b0e629013ec7,nio-8080-exec-4,o.s.web.servlet.DispatcherServlet,Completed 200 OK
2026-07-23T00:09:17.185885+00:00,visits-service,visits-service-5bbc99b894-dtlvv,2026-07-23T00:08:42.914889+00:00,DEBUG,27acf447ab9e1fce,64e5b0e629013ec7,nio-8080-exec-4,o.s.web.servlet.DispatcherServlet,"GET ""/owners/1/pets/1/visits"", parameters={}"
2026-07-23T00:09:17.185885+00:00,visits-service,visits-service-5bbc99b894-dtlvv,2026-07-23T00:08:42.663945+00:00,DEBUG,26973289794761c0,26973289794761c0,nio-8080-exec-3,o.s.web.servlet.DispatcherServlet,Completed 200 OK
2026-07-23T00:09:17.185885+00:00,visits-service,visits-service-5bbc99b894-dtlvv,2026-07-23T00:08:42.413182+00:00,DEBUG,093abbf09c149f7d,89a6fec0a45c2dd5,nio-8080-exec-5,o.s.web.servlet.DispatcherServlet,Completed 200 OK
2026-07-23T00:09:17.185885+00:00,visits-service,visits-service-5bbc99b894-dtlvv,2026-07-23T00:08:42.162360+00:00,DEBUG,093abbf09c149f7d,89a6fec0a45c2dd5,nio-8080-exec-5,o.s.web.servlet.DispatcherServlet,"GET ""/owners/1/pets/1/visits"", parameters={}"
2026-07-23T00:09:17.185885+00:00,visits-service,visits-service-5bbc99b894-dtlvv,2026-07-23T00:08:41.660111+00:00,DEBUG,cdfd6d83222ef490,a5bff91614861746,nio-8080-exec-9,o.s.web.servlet.DispatcherServlet,Completed 200 OK
2026-07-23T00:09:17.185885+00:00,visits-service,visits-service-5bbc99b894-dtlvv,2026-07-23T00:08:41.660101+00:00,DEBUG,cdfd6d83222ef490,a5bff91614861746,nio-8080-exec-9,o.s.web.servlet.DispatcherServlet,"GET ""/owners/1/pets/1/visits"", parameters={}"
2026-07-23T00:09:17.185885+00:00,visits-service,visits-service-5bbc99b894-dtlvv,2026-07-23T00:08:40.657012+00:00,DEBUG,1363e9b18f44566a,ab793177c8f8ebda,io-8080-exec-10,o.s.web.servlet.DispatcherServlet,Completed 200 OK
2026-07-23T00:09:17.185885+00:00,visits-service,visits-service-5bbc99b894-dtlvv,2026-07-23T00:08:40.657008+00:00,DEBUG,1363e9b18f44566a,ab793177c8f8ebda,io-8080-exec-10,o.s.web.servlet.DispatcherServlet,"GET ""/owners/1/pets/1/visits"", parameters={}"
2026-07-23T00:09:17.185885+00:00,visits-service,visits-service-5bbc99b894-dtlvv,2026-07-23T00:08:39.904140+00:00,DEBUG,6613ae030a7e80b5,37c4ece015a7fe3f,nio-8080-exec-2,o.s.web.servlet.DispatcherServlet,Completed 200 OK
2026-07-23T00:09:17.185885+00:00,visits-service,visits-service-5bbc99b894-dtlvv,2026-07-23T00:08:39.904135+00:00,DEBUG,6613ae030a7e80b5,37c4ece015a7fe3f,nio-8080-exec-2,o.s.web.servlet.DispatcherServlet,"GET ""/owners/1/pets/1/visits"", parameters={}"
2026-07-23T00:09:17.185885+00:00,visits-service,visits-service-5bbc99b894-dtlvv,2026-07-23T00:08:38.150943+00:00,DEBUG,81406b71f9da3f41,231461189a13d9e6,nio-8080-exec-1,o.s.web.servlet.DispatcherServlet,Completed 200 OK
2026-07-23T00:09:17.185885+00:00,visits-service,visits-service-5bbc99b894-dtlvv,2026-07-23T00:08:38.150942+00:00,DEBUG,81406b71f9da3f41,231461189a13d9e6,nio-8080-exec-1,o.s.web.servlet.DispatcherServlet,"GET ""/owners/1/pets/1/visits"", parameters={}"
2026-07-23T00:09:17.185885+00:00,visits-service,visits-service-5bbc99b894-dtlvv,2026-07-23T00:08:37.398997+00:00,DEBUG,7fc8f4d51f40adfa,2abd0ee6188e5ea4,nio-8080-exec-7,o.s.web.servlet.DispatcherServlet,Completed 200 OK
2026-07-23T00:09:17.185885+00:00,visits-service,visits-service-5bbc99b894-dtlvv,2026-07-23T00:08:37.398993+00:00,DEBUG,7fc8f4d51f40adfa,2abd0ee6188e5ea4,nio-8080-exec-7,o.s.web.servlet.DispatcherServlet,"GET ""/owners/1/pets/1/visits"", parameters={}"
2026-07-23T00:09:17.185885+00:00,visits-service,visits-service-5bbc99b894-dtlvv,2026-07-23T00:08:36.395721+00:00,DEBUG,bc695e7dbcce5839,bc695e7dbcce5839,nio-8080-exec-6,o.s.web.servlet.DispatcherServlet,Completed 200 OK
2026-07-23T00:09:17.185885+00:00,visits-service,visits-service-5bbc99b894-dtlvv,2026-07-23T00:08:35.893369+00:00,DEBUG,33c4db9e56185bad,95697ee5d50be355,nio-8080-exec-8,o.s.web.servlet.DispatcherServlet,Completed 200 OK
2026-07-23T00:09:17.185885+00:00,visits-service,visits-service-5bbc99b894-dtlvv,2026-07-23T00:08:35.893364+00:00,DEBUG,33c4db9e56185bad,95697ee5d50be355,nio-8080-exec-8,o.s.web.servlet.DispatcherServlet,"GET ""/owners/1/pets/1/visits"", parameters={}"
2026-07-23T00:09:17.185885+00:00,visits-service,visits-service-5bbc99b894-dtlvv,2026-07-23T00:08:33.135892+00:00,DEBUG,243bf1074ba5f7ef,a52ebc7364e83b6f,nio-8080-exec-4,o.s.web.servlet.DispatcherServlet,Completed 200 OK
2026-07-23T00:09:17.185885+00:00,visits-service,visits-service-5bbc99b894-dtlvv,2026-07-23T00:08:33.135889+00:00,DEBUG,243bf1074ba5f7ef,a52ebc7364e83b6f,nio-8080-exec-4,o.s.web.servlet.DispatcherServlet,"GET ""/owners/1/pets/1/visits"", parameters={}"
2026-07-23T00:09:17.185885+00:00,visits-service,visits-service-5bbc99b894-dtlvv,2026-07-23T00:08:32.634209+00:00,DEBUG,5dc7c1be2da5b36a,b1655ee9ed85abb9,nio-8080-exec-3,o.s.web.servlet.DispatcherServlet,Completed 200 OK
2026-07-23T00:09:17.185885+00:00,visits-service,visits-service-5bbc99b894-dtlvv,2026-07-23T00:08:32.634205+00:00,DEBUG,5dc7c1be2da5b36a,b1655ee9ed85abb9,nio-8080-exec-3,o.s.web.servlet.DispatcherServlet,"GET ""/owners/1/pets/1/visits"", parameters={}"
2026-07-23T00:09:17.185885+00:00,visits-service,visits-service-5bbc99b894-dtlvv,2026-07-23T00:08:31.631619+00:00,DEBUG,1a810084dc143629,a094725a5140aa0f,nio-8080-exec-5,o.s.web.servlet.DispatcherServlet,Completed 200 OK
2026-07-23T00:09:17.185885+00:00,visits-service,visits-service-5bbc99b894-dtlvv,2026-07-23T00:08:31.631602+00:00,DEBUG,1a810084dc143629,a094725a5140aa0f,nio-8080-exec-5,o.s.web.servlet.DispatcherServlet,"GET ""/owners/1/pets/1/visits"", parameters={}"
2026-07-23T00:09:17.185885+00:00,visits-service,visits-service-5bbc99b894-dtlvv,2026-07-23T00:08:31.131172+00:00,DEBUG,fce73d26788686a5,e2779ae82df9c2bc,nio-8080-exec-9,o.s.web.servlet.DispatcherServlet,Completed 200 OK
2026-07-23T00:09:17.185885+00:00,visits-service,visits-service-5bbc99b894-dtlvv,2026-07-23T00:08:31.131169+00:00,DEBUG,fce73d26788686a5,e2779ae82df9c2bc,nio-8080-exec-9,o.s.web.servlet.DispatcherServlet,"GET ""/owners/1/pets/1/visits"", parameters={}"
2026-07-23T00:09:17.185885+00:00,visits-service,visits-service-5bbc99b894-dtlvv,2026-07-23T00:08:30.880224+00:00,DEBUG,fca43f57793940c6,ef3a244fe7828090,io-8080-exec-10,o.s.web.servlet.DispatcherServlet,Completed 200 OK
2026-07-23T00:09:17.185885+00:00,visits-service,visits-service-5bbc99b894-dtlvv,2026-07-23T00:08:30.880213+00:00,DEBUG,fca43f57793940c6,ef3a244fe7828090,io-8080-exec-10,o.s.web.servlet.DispatcherServlet,"GET ""/owners/1/pets/1/visits"", parameters={}"
2026-07-23T00:09:17.185885+00:00,visits-service,visits-service-5bbc99b894-dtlvv,2026-07-23T00:08:30.128036+00:00,DEBUG,2d3ff9bb0518a699,2eba504b21fa253e,nio-8080-exec-2,o.s.web.servlet.DispatcherServlet,Completed 200 OK
2026-07-23T00:09:17.185885+00:00,visits-service,visits-service-5bbc99b894-dtlvv,2026-07-23T00:08:30.128031+00:00,DEBUG,2d3ff9bb0518a699,2eba504b21fa253e,nio-8080-exec-2,o.s.web.servlet.DispatcherServlet,"GET ""/owners/1/pets/1/visits"", parameters={}"
2026-07-23T00:09:17.185885+00:00,visits-service,visits-service-5bbc99b894-dtlvv,2026-07-23T00:08:29.626904+00:00,DEBUG,c2c4c64c4dccb56f,bdeb076519f73c4b,nio-8080-exec-1,o.s.web.servlet.DispatcherServlet,Completed 200 OK
2026-07-23T00:09:17.185885+00:00,visits-service,visits-service-5bbc99b894-dtlvv,2026-07-23T00:08:29.626902+00:00,DEBUG,c2c4c64c4dccb56f,bdeb076519f73c4b,nio-8080-exec-1,o.s.web.servlet.DispatcherServlet,"GET ""/owners/1/pets/1/visits"", parameters={}"
2026-07-23T00:09:17.185885+00:00,visits-service,visits-service-5bbc99b894-dtlvv,2026-07-23T00:08:28.874538+00:00,DEBUG,c221793ac942252e,d7bb8dc7e30ce2cf,nio-8080-exec-7,o.s.web.servlet.DispatcherServlet,Completed 200 OK
2026-07-23T00:09:17.185885+00:00,visits-service,visits-service-5bbc99b894-dtlvv,2026-07-23T00:08:28.874442+00:00,DEBUG,c221793ac942252e,d7bb8dc7e30ce2cf,nio-8080-exec-7,o.s.web.servlet.DispatcherServlet,"GET ""/owners/1/pets/1/visits"", parameters={}"
2026-07-23T00:09:17.185885+00:00,visits-service,visits-service-5bbc99b894-dtlvv,2026-07-23T00:08:28.623574+00:00,DEBUG,9d4c13dbd2f9aa9d,0b0e443029443ade,nio-8080-exec-6,o.s.web.servlet.DispatcherServlet,Completed 200 OK
2026-07-23T00:09:17.185885+00:00,visits-service,visits-service-5bbc99b894-dtlvv,2026-07-23T00:08:28.623570+00:00,DEBUG,9d4c13dbd2f9aa9d,0b0e443029443ade,nio-8080-exec-6,o.s.web.servlet.DispatcherServlet,"GET ""/owners/1/pets/1/visits"", parameters={}"
2026-07-23T00:09:17.185885+00:00,visits-service,visits-service-5bbc99b894-dtlvv,2026-07-23T00:08:28.372813+00:00,DEBUG,29ffe4862f445979,8a8aaee3df076dee,nio-8080-exec-8,o.s.web.servlet.DispatcherServlet,Completed 200 OK
2026-07-23T00:09:17.185885+00:00,visits-service,visits-service-5bbc99b894-dtlvv,2026-07-23T00:08:28.372809+00:00,DEBUG,29ffe4862f445979,8a8aaee3df076dee,nio-8080-exec-8,o.s.web.servlet.DispatcherServlet,"GET ""/owners/1/pets/1/visits"", parameters={}"
2026-07-23T00:09:17.185885+00:00,visits-service,visits-service-5bbc99b894-dtlvv,2026-07-23T00:08:27.621252+00:00,DEBUG,a1c096e9b0b98ee5,a1c096e9b0b98ee5,nio-8080-exec-4,o.s.web.servlet.DispatcherServlet,Completed 200 OK
2026-07-23T00:09:17.185885+00:00,visits-service,visits-service-5bbc99b894-dtlvv,2026-07-23T00:08:27.119191+00:00,DEBUG,546689e8c6d166bd,8c01c8b996f90353,nio-8080-exec-3,o.s.web.servlet.DispatcherServlet,Completed 200 OK
2026-07-23T00:09:17.185885+00:00,visits-service,visits-service-5bbc99b894-dtlvv,2026-07-23T00:08:27.119187+00:00,DEBUG,546689e8c6d166bd,8c01c8b996f90353,nio-8080-exec-3,o.s.web.servlet.DispatcherServlet,"GET ""/owners/1/pets/1/visits"", parameters={}"
2026-07-23T00:09:17.185885+00:00,visits-service,visits-service-5bbc99b894-dtlvv,2026-07-23T00:08:26.618940+00:00,DEBUG,8a3aea8fbb416bfe,12bca2606573148d,nio-8080-exec-5,o.s.web.servlet.DispatcherServlet,Completed 200 OK
2026-07-23T00:09:17.185885+00:00,visits-service,visits-service-5bbc99b894-dtlvv,2026-07-23T00:08:26.618935+00:00,DEBUG,8a3aea8fbb416bfe,12bca2606573148d,nio-8080-exec-5,o.s.web.servlet.DispatcherServlet,"GET ""/owners/1/pets/1/visits"", parameters={}"
2026-07-23T00:09:17.185885+00:00,visits-service,visits-service-5bbc99b894-dtlvv,2026-07-23T00:08:26.368612+00:00,DEBUG,41fe46aa755e5ac2,542875c2669af891,nio-8080-exec-9,o.s.web.servlet.DispatcherServlet,Completed 200 OK
2026-07-23T00:09:17.185885+00:00,visits-service,visits-service-5bbc99b894-dtlvv,2026-07-23T00:08:26.368608+00:00,DEBUG,41fe46aa755e5ac2,542875c2669af891,nio-8080-exec-9,o.s.web.servlet.DispatcherServlet,"GET ""/owners/1/pets/1/visits"", parameters={}"
2026-07-23T00:09:17.185885+00:00,visits-service,visits-service-5bbc99b894-dtlvv,2026-07-23T00:08:25.616313+00:00,DEBUG,ae4ea417ee1def2a,9ec227cac188c1d9,io-8080-exec-10,o.s.web.servlet.DispatcherServlet,Completed 200 OK
2026-07-23T00:09:17.185885+00:00,visits-service,visits-service-5bbc99b894-dtlvv,2026-07-23T00:08:25.616309+00:00,DEBUG,ae4ea417ee1def2a,9ec227cac188c1d9,io-8080-exec-10,o.s.web.servlet.DispatcherServlet,"GET ""/owners/1/pets/1/visits"", parameters={}"
2026-07-23T00:09:17.185885+00:00,visits-service,visits-service-5bbc99b894-dtlvv,2026-07-23T00:08:22.607465+00:00,DEBUG,aa5cd7cdb8af476a,aa5cd7cdb8af476a,nio-8080-exec-2,o.s.web.servlet.DispatcherServlet,Completed 200 OK
2026-07-23T00:09:17.185885+00:00,visits-service,visits-service-5bbc99b894-dtlvv,2026-07-23T00:08:22.357219+00:00,DEBUG,af50c1d302dd466b,b254ca29283c1c39,nio-8080-exec-1,o.s.web.servlet.DispatcherServlet,Completed 200 OK
2026-07-23T00:09:17.185885+00:00,visits-service,visits-service-5bbc99b894-dtlvv,2026-07-23T00:08:22.357215+00:00,DEBUG,af50c1d302dd466b,b254ca29283c1c39,nio-8080-exec-1,o.s.web.servlet.DispatcherServlet,"GET ""/owners/1/pets/1/visits"", parameters={}"
2026-07-23T00:09:17.185885+00:00,visits-service,visits-service-5bbc99b894-dtlvv,2026-07-23T00:08:21.855174+00:00,DEBUG,8c87b09ea5239396,7b6c1bd29ebc7c23,nio-8080-exec-7,o.s.web.servlet.DispatcherServlet,Completed 200 OK
2026-07-23T00:09:17.185885+00:00,visits-service,visits-service-5bbc99b894-dtlvv,2026-07-23T00:08:21.855169+00:00,DEBUG,8c87b09ea5239396,7b6c1bd29ebc7c23,nio-8080-exec-7,o.s.web.servlet.DispatcherServlet,"GET ""/owners/1/pets/1/visits"", parameters={}"
2026-07-23T00:09:17.185885+00:00,visits-service,visits-service-5bbc99b894-dtlvv,2026-07-23T00:08:21.354776+00:00,DEBUG,bfda0eda642dc7c6,bfda0eda642dc7c6,nio-8080-exec-6,o.s.web.servlet.DispatcherServlet,Completed 200 OK
2026-07-23T00:09:17.185885+00:00,visits-service,visits-service-5bbc99b894-dtlvv,2026-07-23T00:08:20.853863+00:00,DEBUG,0d5cc76f796e49b1,264308886afdb96f,nio-8080-exec-8,o.s.web.servlet.DispatcherServlet,Completed 200 OK
2026-07-23T00:09:17.185885+00:00,visits-service,visits-service-5bbc99b894-dtlvv,2026-07-23T00:08:20.853858+00:00,DEBUG,0d5cc76f796e49b1,264308886afdb96f,nio-8080-exec-8,o.s.web.servlet.DispatcherServlet,"GET ""/owners/1/pets/1/visits"", parameters={}"
2026-07-23T00:09:17.185885+00:00,visits-service,visits-service-5bbc99b894-dtlvv,2026-07-23T00:08:20.100730+00:00,DEBUG,85dcce65abd4b9cc,9eff93b02a6891ed,nio-8080-exec-4,o.s.web.servlet.DispatcherServlet,Completed 200 OK
2026-07-23T00:09:17.185885+00:00,visits-service,visits-service-5bbc99b894-dtlvv,2026-07-23T00:08:20.100727+00:00,DEBUG,85dcce65abd4b9cc,9eff93b02a6891ed,nio-8080-exec-4,o.s.web.servlet.DispatcherServlet,"GET ""/owners/1/pets/1/visits"", parameters={}"
2026-07-23T00:09:17.185885+00:00,visits-service,visits-service-5bbc99b894-dtlvv,2026-07-23T00:08:19.600009+00:00,DEBUG,74eae0e670901064,240c0200cacc604d,nio-8080-exec-3,o.s.web.servlet.DispatcherServlet,Completed 200 OK
2026-07-23T00:09:17.185885+00:00,visits-service,visits-service-5bbc99b894-dtlvv,2026-07-23T00:08:19.600005+00:00,DEBUG,74eae0e670901064,240c0200cacc604d,nio-8080-exec-3,o.s.web.servlet.DispatcherServlet,"GET ""/owners/1/pets/1/visits"", parameters={}"
2026-07-23T00:09:17.185885+00:00,visits-service,visits-service-5bbc99b894-dtlvv,2026-07-23T00:08:19.349777+00:00,DEBUG,1637ab36b7a3f1a2,f54782568085fbcd,nio-8080-exec-5,o.s.web.servlet.DispatcherServlet,Completed 200 OK
2026-07-23T00:09:17.185885+00:00,visits-service,visits-service-5bbc99b894-dtlvv,2026-07-23T00:08:19.349775+00:00,DEBUG,1637ab36b7a3f1a2,f54782568085fbcd,nio-8080-exec-5,o.s.web.servlet.DispatcherServlet,"GET ""/owners/1/pets/1/visits"", parameters={}"
2026-07-23T00:09:17.185885+00:00,visits-service,visits-service-5bbc99b894-dtlvv,2026-07-23T00:08:16.842775+00:00,DEBUG,cf22679ad5068aff,fb96d2104a5319cf,nio-8080-exec-9,o.s.web.servlet.DispatcherServlet,Completed 200 OK
2026-07-23T00:09:17.185885+00:00,visits-service,visits-service-5bbc99b894-dtlvv,2026-07-23T00:08:16.842771+00:00,DEBUG,cf22679ad5068aff,fb96d2104a5319cf,nio-8080-exec-9,o.s.web.servlet.DispatcherServlet,"GET ""/owners/1/pets/1/visits"", parameters={}"
2026-07-23T00:09:17.185885+00:00,visits-service,visits-service-5bbc99b894-dtlvv,2026-07-23T00:08:16.090345+00:00,DEBUG,6010b46be5dcb20b,255cb1cb9799db24,io-8080-exec-10,o.s.web.servlet.DispatcherServlet,Completed 200 OK
2026-07-23T00:09:17.185885+00:00,visits-service,visits-service-5bbc99b894-dtlvv,2026-07-23T00:08:16.090341+00:00,DEBUG,6010b46be5dcb20b,255cb1cb9799db24,io-8080-exec-10,o.s.web.servlet.DispatcherServlet,"GET ""/owners/1/pets/1/visits"", parameters={}"
2026-07-23T00:09:17.185885+00:00,visits-service,visits-service-5bbc99b894-dtlvv,2026-07-23T00:08:15.588712+00:00,DEBUG,ea5d97ec9656eb09,0153d02f171cc2b7,nio-8080-exec-2,o.s.web.servlet.DispatcherServlet,Completed 200 OK
2026-07-23T00:09:17.185885+00:00,visits-service,visits-service-5bbc99b894-dtlvv,2026-07-23T00:08:15.588709+00:00,DEBUG,ea5d97ec9656eb09,0153d02f171cc2b7,nio-8080-exec-2,o.s.web.servlet.DispatcherServlet,"GET ""/owners/1/pets/1/visits"", parameters={}"
2026-07-23T00:09:17.185885+00:00,visits-service,visits-service-5bbc99b894-dtlvv,2026-07-23T00:08:15.337944+00:00,DEBUG,0af7e54c0ae80ffa,37a401d65c14d82c,nio-8080-exec-1,o.s.web.servlet.DispatcherServlet,Completed 200 OK
2026-07-23T00:09:17.185885+00:00,visits-service,visits-service-5bbc99b894-dtlvv,2026-07-23T00:08:15.337896+00:00,DEBUG,0af7e54c0ae80ffa,37a401d65c14d82c,nio-8080-exec-1,o.s.web.servlet.DispatcherServlet,"GET ""/owners/1/pets/1/visits"", parameters={}"
2026-07-23T00:09:17.185885+00:00,visits-service,visits-service-5bbc99b894-dtlvv,2026-07-23T00:08:13.834374+00:00,DEBUG,c48da077162ac529,2bc7a2d5ec315658,nio-8080-exec-7,o.s.web.servlet.DispatcherServlet,Completed 200 OK
2026-07-23T00:09:17.185885+00:00,visits-service,visits-service-5bbc99b894-dtlvv,2026-07-23T00:08:13.834369+00:00,DEBUG,c48da077162ac529,2bc7a2d5ec315658,nio-8080-exec-7,o.s.web.servlet.DispatcherServlet,"GET ""/owners/1/pets/1/visits"", parameters={}"
2026-07-23T00:09:17.185885+00:00,visits-service,visits-service-5bbc99b894-dtlvv,2026-07-23T00:08:13.082196+00:00,DEBUG,8425594e6b8daac0,60ef1de45884a8aa,nio-8080-exec-6,o.s.web.servlet.DispatcherServlet,Completed 200 OK
2026-07-23T00:09:17.185885+00:00,visits-service,visits-service-5bbc99b894-dtlvv,2026-07-23T00:08:13.082191+00:00,DEBUG,8425594e6b8daac0,60ef1de45884a8aa,nio-8080-exec-6,o.s.web.servlet.DispatcherServlet,"GET ""/owners/1/pets/1/visits"", parameters={}"
2026-07-23T00:09:17.185885+00:00,visits-service,visits-service-5bbc99b894-dtlvv,2026-07-23T00:08:12.580617+00:00,DEBUG,cdb46f04f03ab45b,c9a73172d3de79c3,nio-8080-exec-8,o.s.web.servlet.DispatcherServlet,Completed 200 OK
2026-07-23T00:09:17.185885+00:00,visits-service,visits-service-5bbc99b894-dtlvv,2026-07-23T00:08:12.580613+00:00,DEBUG,cdb46f04f03ab45b,c9a73172d3de79c3,nio-8080-exec-8,o.s.web.servlet.DispatcherServlet,"GET ""/owners/1/pets/1/visits"", parameters={}"
2026-07-23T00:09:17.185885+00:00,visits-service,visits-service-5bbc99b894-rlpg7,2026-07-23T00:09:17.267620+00:00,DEBUG,278cfa5e4b628f0b,123e9b75a18a1249,nio-8080-exec-9,o.s.web.servlet.DispatcherServlet,Completed 200 OK
2026-07-23T00:09:17.185885+00:00,visits-service,visits-service-5bbc99b894-rlpg7,2026-07-23T00:09:17.267570+00:00,DEBUG,278cfa5e4b628f0b,123e9b75a18a1249,nio-8080-exec-9,o.s.web.servlet.DispatcherServlet,"GET ""/owners/1/pets/1/visits"", parameters={}"
2026-07-23T00:09:17.185885+00:00,visits-service,visits-service-5bbc99b894-rlpg7,2026-07-23T00:09:17.267546+00:00,DEBUG,0fc1869857b9914b,548ccd72824ea2fd,nio-8080-exec-6,o.s.web.servlet.DispatcherServlet,Completed 200 OK
2026-07-23T00:09:17.185885+00:00,visits-service,visits-service-5bbc99b894-rlpg7,2026-07-23T00:09:17.267542+00:00,DEBUG,0fc1869857b9914b,548ccd72824ea2fd,nio-8080-exec-6,o.s.web.servlet.DispatcherServlet,"GET ""/owners/1/pets/1/visits"", parameters={}"
2026-07-23T00:09:17.185885+00:00,visits-service,visits-service-5bbc99b894-rlpg7,2026-07-23T00:09:16.766591+00:00,DEBUG,4f056813c18543ee,89bf7bd4c7c5f690,nio-8080-exec-7,o.s.web.servlet.DispatcherServlet,Completed 200 OK
2026-07-23T00:09:17.185885+00:00,visits-service,visits-service-5bbc99b894-rlpg7,2026-07-23T00:09:16.766587+00:00,DEBUG,4f056813c18543ee,89bf7bd4c7c5f690,nio-8080-exec-7,o.s.web.servlet.DispatcherServlet,"GET ""/owners/1/pets/1/visits"", parameters={}"
2026-07-23T00:09:17.185885+00:00,visits-service,visits-service-5bbc99b894-rlpg7,2026-07-23T00:09:14.762561+00:00,DEBUG,09464afa677ac7d9,71d523030f3f7282,nio-8080-exec-1,o.s.web.servlet.DispatcherServlet,Completed 200 OK
2026-07-23T00:09:17.185885+00:00,visits-service,visits-service-5bbc99b894-rlpg7,2026-07-23T00:09:14.762515+00:00,DEBUG,09464afa677ac7d9,71d523030f3f7282,nio-8080-exec-1,o.s.web.servlet.DispatcherServlet,"GET ""/owners/1/pets/1/visits"", parameters={}"
2026-07-23T00:09:17.185885+00:00,visits-service,visits-service-5bbc99b894-rlpg7,2026-07-23T00:09:13.507186+00:00,DEBUG,2ae0971459954fa3,a6396d06ac51af4c,nio-8080-exec-3,o.s.web.servlet.DispatcherServlet,Completed 200 OK
2026-07-23T00:09:17.185885+00:00,visits-service,visits-service-5bbc99b894-rlpg7,2026-07-23T00:09:13.507182+00:00,DEBUG,2ae0971459954fa3,a6396d06ac51af4c,nio-8080-exec-3,o.s.web.servlet.DispatcherServlet,"GET ""/owners/1/pets/1/visits"", parameters={}"
2026-07-23T00:09:17.185885+00:00,visits-service,visits-service-5bbc99b894-rlpg7,2026-07-23T00:09:12.254620+00:00,DEBUG,ea0cc59768a06583,98b54d544a52793b,nio-8080-exec-5,o.s.web.servlet.DispatcherServlet,Completed 200 OK
2026-07-23T00:09:17.185885+00:00,visits-service,visits-service-5bbc99b894-rlpg7,2026-07-23T00:09:12.254616+00:00,DEBUG,ea0cc59768a06583,98b54d544a52793b,nio-8080-exec-5,o.s.web.servlet.DispatcherServlet,"GET ""/owners/1/pets/1/visits"", parameters={}"
2026-07-23T00:09:17.185885+00:00,visits-service,visits-service-5bbc99b894-rlpg7,2026-07-23T00:09:11.752348+00:00,DEBUG,13dc099acd539b87,b127d73f672dc179,nio-8080-exec-4,o.s.web.servlet.DispatcherServlet,Completed 200 OK
2026-07-23T00:09:17.185885+00:00,visits-service,visits-service-5bbc99b894-rlpg7,2026-07-23T00:09:11.752229+00:00,DEBUG,13dc099acd539b87,b127d73f672dc179,nio-8080-exec-4,o.s.web.servlet.DispatcherServlet,"GET ""/owners/1/pets/1/visits"", parameters={}"
2026-07-23T00:09:17.185885+00:00,visits-service,visits-service-5bbc99b894-rlpg7,2026-07-23T00:09:11.752206+00:00,DEBUG,d640b726d86da3d0,497fea7dc26d4594,nio-8080-exec-2,o.s.web.servlet.DispatcherServlet,Completed 200 OK
2026-07-23T00:09:17.185885+00:00,visits-service,visits-service-5bbc99b894-rlpg7,2026-07-23T00:09:11.752196+00:00,DEBUG,d640b726d86da3d0,497fea7dc26d4594,nio-8080-exec-2,o.s.web.servlet.DispatcherServlet,"GET ""/owners/1/pets/1/visits"", parameters={}"
2026-07-23T00:09:17.185885+00:00,visits-service,visits-service-5bbc99b894-rlpg7,2026-07-23T00:09:11.000316+00:00,DEBUG,7a13c5f9e7811f60,1894b6d8abf188ea,io-8080-exec-10,o.s.web.servlet.DispatcherServlet,Completed 200 OK
2026-07-23T00:09:17.185885+00:00,visits-service,visits-service-5bbc99b894-rlpg7,2026-07-23T00:09:11.000312+00:00,DEBUG,7a13c5f9e7811f60,1894b6d8abf188ea,io-8080-exec-10,o.s.web.servlet.DispatcherServlet,"GET ""/owners/1/pets/1/visits"", parameters={}"
2026-07-23T00:09:17.185885+00:00,visits-service,visits-service-5bbc99b894-rlpg7,2026-07-23T00:09:09.495806+00:00,DEBUG,bdb0a33cd1b1bc1b,a3c3d8ddd0ae29bd,nio-8080-exec-8,o.s.web.servlet.DispatcherServlet,Completed 200 OK
2026-07-23T00:09:17.185885+00:00,visits-service,visits-service-5bbc99b894-rlpg7,2026-07-23T00:09:09.495802+00:00,DEBUG,bdb0a33cd1b1bc1b,a3c3d8ddd0ae29bd,nio-8080-exec-8,o.s.web.servlet.DispatcherServlet,"GET ""/owners/1/pets/1/visits"", parameters={}"
2026-07-23T00:09:17.185885+00:00,visits-service,visits-service-5bbc99b894-rlpg7,2026-07-23T00:09:08.995581+00:00,DEBUG,b3d9534fe83b22f5,849f59dbe0ccd2b0,nio-8080-exec-9,o.s.web.servlet.DispatcherServlet,Completed 200 OK
2026-07-23T00:09:17.185885+00:00,visits-service,visits-service-5bbc99b894-rlpg7,2026-07-23T00:09:08.995578+00:00,DEBUG,b3d9534fe83b22f5,849f59dbe0ccd2b0,nio-8080-exec-9,o.s.web.servlet.DispatcherServlet,"GET ""/owners/1/pets/1/visits"", parameters={}"
2026-07-23T00:09:17.185885+00:00,visits-service,visits-service-5bbc99b894-rlpg7,2026-07-23T00:09:08.243954+00:00,DEBUG,469b11eb557f01cb,f326e56e62bf8602,nio-8080-exec-6,o.s.web.servlet.DispatcherServlet,Completed 200 OK
2026-07-23T00:09:17.185885+00:00,visits-service,visits-service-5bbc99b894-rlpg7,2026-07-23T00:09:08.243951+00:00,DEBUG,469b11eb557f01cb,f326e56e62bf8602,nio-8080-exec-6,o.s.web.servlet.DispatcherServlet,"GET ""/owners/1/pets/1/visits"", parameters={}"
2026-07-23T00:09:17.185885+00:00,visits-service,visits-service-5bbc99b894-rlpg7,2026-07-23T00:09:07.993015+00:00,DEBUG,7ca3bd7d720ecec8,fdb63eaba6da858b,nio-8080-exec-7,o.s.web.servlet.DispatcherServlet,Completed 200 OK
2026-07-23T00:09:17.185885+00:00,visits-service,visits-service-5bbc99b894-rlpg7,2026-07-23T00:09:07.993011+00:00,DEBUG,7ca3bd7d720ecec8,fdb63eaba6da858b,nio-8080-exec-7,o.s.web.servlet.DispatcherServlet,"GET ""/owners/1/pets/1/visits"", parameters={}"
2026-07-23T00:09:17.185885+00:00,visits-service,visits-service-5bbc99b894-rlpg7,2026-07-23T00:09:07.742076+00:00,DEBUG,6c82c10100aa0a14,bd8bba289c2ef5df,nio-8080-exec-1,o.s.web.servlet.DispatcherServlet,Completed 200 OK
2026-07-23T00:09:17.185885+00:00,visits-service,visits-service-5bbc99b894-rlpg7,2026-07-23T00:09:07.742073+00:00,DEBUG,6c82c10100aa0a14,bd8bba289c2ef5df,nio-8080-exec-1,o.s.web.servlet.DispatcherServlet,"GET ""/owners/1/pets/1/visits"", parameters={}"
2026-07-23T00:09:17.185885+00:00,visits-service,visits-service-5bbc99b894-rlpg7,2026-07-23T00:09:07.241937+00:00,DEBUG,979231d22034192d,979231d22034192d,nio-8080-exec-3,o.s.web.servlet.DispatcherServlet,Completed 200 OK
2026-07-23T00:09:17.185885+00:00,visits-service,visits-service-5bbc99b894-rlpg7,2026-07-23T00:09:07.241885+00:00,DEBUG,74fe66ad7f66e650,4e63dc8ce679b772,nio-8080-exec-5,o.s.web.servlet.DispatcherServlet,Completed 200 OK
2026-07-23T00:09:17.185885+00:00,visits-service,visits-service-5bbc99b894-rlpg7,2026-07-23T00:09:07.241881+00:00,DEBUG,74fe66ad7f66e650,4e63dc8ce679b772,nio-8080-exec-5,o.s.web.servlet.DispatcherServlet,"GET ""/owners/1/pets/1/visits"", parameters={}"
2026-07-23T00:09:17.185885+00:00,visits-service,visits-service-5bbc99b894-rlpg7,2026-07-23T00:09:06.991708+00:00,DEBUG,997f5aad8bee13ad,859ec6621248b6df,nio-8080-exec-4,o.s.web.servlet.DispatcherServlet,Completed 200 OK
2026-07-23T00:09:17.185885+00:00,visits-service,visits-service-5bbc99b894-rlpg7,2026-07-23T00:09:06.991693+00:00,DEBUG,997f5aad8bee13ad,859ec6621248b6df,nio-8080-exec-4,o.s.web.servlet.DispatcherServlet,"GET ""/owners/1/pets/1/visits"", parameters={}"
2026-07-23T00:09:17.185885+00:00,visits-service,visits-service-5bbc99b894-rlpg7,2026-07-23T00:09:06.991680+00:00,DEBUG,484e8fc63b6ed419,484e8fc63b6ed419,nio-8080-exec-2,o.s.web.servlet.DispatcherServlet,Completed 200 OK
2026-07-23T00:09:17.185885+00:00,visits-service,visits-service-5bbc99b894-rlpg7,2026-07-23T00:09:06.740551+00:00,DEBUG,169363ed957eb9d3,dbfc5149cd486e33,io-8080-exec-10,o.s.web.servlet.DispatcherServlet,Completed 200 OK
2026-07-23T00:09:17.185885+00:00,visits-service,visits-service-5bbc99b894-rlpg7,2026-07-23T00:09:06.489664+00:00,DEBUG,169363ed957eb9d3,dbfc5149cd486e33,io-8080-exec-10,o.s.web.servlet.DispatcherServlet,"GET ""/owners/1/pets/1/visits"", parameters={}"
2026-07-23T00:09:17.185885+00:00,visits-service,visits-service-5bbc99b894-rlpg7,2026-07-23T00:09:06.238747+00:00,DEBUG,897682b69067da5b,897682b69067da5b,nio-8080-exec-8,o.s.web.servlet.DispatcherServlet,Completed 200 OK
2026-07-23T00:09:17.185885+00:00,visits-service,visits-service-5bbc99b894-rlpg7,2026-07-23T00:09:05.236275+00:00,DEBUG,1e66e56172b89fa7,42cfdff8e833a6d7,nio-8080-exec-9,o.s.web.servlet.DispatcherServlet,Completed 200 OK
2026-07-23T00:09:17.185885+00:00,visits-service,visits-service-5bbc99b894-rlpg7,2026-07-23T00:09:05.236271+00:00,DEBUG,1e66e56172b89fa7,42cfdff8e833a6d7,nio-8080-exec-9,o.s.web.servlet.DispatcherServlet,"GET ""/owners/1/pets/1/visits"", parameters={}"
2026-07-23T00:09:17.185885+00:00,visits-service,visits-service-5bbc99b894-rlpg7,2026-07-23T00:09:04.985766+00:00,DEBUG,5f051732b99e7141,a9bbf353d0364713,nio-8080-exec-6,o.s.web.servlet.DispatcherServlet,Completed 200 OK
2026-07-23T00:09:17.185885+00:00,visits-service,visits-service-5bbc99b894-rlpg7,2026-07-23T00:09:04.985763+00:00,DEBUG,5f051732b99e7141,a9bbf353d0364713,nio-8080-exec-6,o.s.web.servlet.DispatcherServlet,"GET ""/owners/1/pets/1/visits"", parameters={}"
2026-07-23T00:09:17.185885+00:00,visits-service,visits-service-5bbc99b894-rlpg7,2026-07-23T00:09:02.981112+00:00,DEBUG,fb8db34063eb35b1,dccc4f169c306fc6,nio-8080-exec-7,o.s.web.servlet.DispatcherServlet,Completed 200 OK
2026-07-23T00:09:17.185885+00:00,visits-service,visits-service-5bbc99b894-rlpg7,2026-07-23T00:09:02.981108+00:00,DEBUG,fb8db34063eb35b1,dccc4f169c306fc6,nio-8080-exec-7,o.s.web.servlet.DispatcherServlet,"GET ""/owners/1/pets/1/visits"", parameters={}"
2026-07-23T00:09:17.185885+00:00,visits-service,visits-service-5bbc99b894-rlpg7,2026-07-23T00:09:02.479453+00:00,DEBUG,8ad327ab9cc8b025,6c8a219147acef05,nio-8080-exec-1,o.s.web.servlet.DispatcherServlet,Completed 200 OK
2026-07-23T00:09:17.185885+00:00,visits-service,visits-service-5bbc99b894-rlpg7,2026-07-23T00:09:02.479426+00:00,DEBUG,8ad327ab9cc8b025,6c8a219147acef05,nio-8080-exec-1,o.s.web.servlet.DispatcherServlet,"GET ""/owners/1/pets/1/visits"", parameters={}"
2026-07-23T00:09:17.185885+00:00,visits-service,visits-service-5bbc99b894-rlpg7,2026-07-23T00:09:02.479403+00:00,DEBUG,950b89fcb834d332,54f179ce3fee161f,nio-8080-exec-3,o.s.web.servlet.DispatcherServlet,Completed 200 OK
2026-07-23T00:09:17.185885+00:00,visits-service,visits-service-5bbc99b894-rlpg7,2026-07-23T00:09:02.479400+00:00,DEBUG,950b89fcb834d332,54f179ce3fee161f,nio-8080-exec-3,o.s.web.servlet.DispatcherServlet,"GET ""/owners/1/pets/1/visits"", parameters={}"
2026-07-23T00:09:17.185885+00:00,visits-service,visits-service-5bbc99b894-rlpg7,2026-07-23T00:09:01.727514+00:00,DEBUG,c21a45b2ef651993,c55ba00bf95a1598,nio-8080-exec-5,o.s.web.servlet.DispatcherServlet,Completed 200 OK
2026-07-23T00:09:17.185885+00:00,visits-service,visits-service-5bbc99b894-rlpg7,2026-07-23T00:09:01.727510+00:00,DEBUG,c21a45b2ef651993,c55ba00bf95a1598,nio-8080-exec-5,o.s.web.servlet.DispatcherServlet,"GET ""/owners/1/pets/1/visits"", parameters={}"
2026-07-23T00:09:17.185885+00:00,visits-service,visits-service-5bbc99b894-rlpg7,2026-07-23T00:08:52.446355+00:00,DEBUG,ce18e97d2d4c9adf,ce18e97d2d4c9adf,nio-8080-exec-4,o.s.web.servlet.DispatcherServlet,Completed 200 OK
2026-07-23T00:09:17.185885+00:00,visits-service,visits-service-5bbc99b894-rlpg7,2026-07-23T00:08:50.690621+00:00,DEBUG,ec412a4863da7455,ec412a4863da7455,nio-8080-exec-2,o.s.web.servlet.DispatcherServlet,Completed 200 OK
2026-07-23T00:09:17.185885+00:00,visits-service,visits-service-5bbc99b894-rlpg7,2026-07-23T00:08:46.928283+00:00,DEBUG,d1b2727153f29ef2,d1b2727153f29ef2,io-8080-exec-10,o.s.web.servlet.DispatcherServlet,Completed 200 OK
2026-07-23T00:09:17.185885+00:00,visits-service,visits-service-5bbc99b894-rlpg7,2026-07-23T00:08:37.399181+00:00,DEBUG,cdaaa5689d3fecbc,cdaaa5689d3fecbc,nio-8080-exec-8,o.s.web.servlet.DispatcherServlet,Completed 200 OK
2026-07-23T00:09:17.185885+00:00,visits-service,visits-service-5bbc99b894-rlpg7,2026-07-23T00:08:34.890526+00:00,DEBUG,b191105c9b6e6cbf,b191105c9b6e6cbf,nio-8080-exec-9,o.s.web.servlet.DispatcherServlet,Completed 200 OK
2026-07-23T00:09:17.185885+00:00,visits-service,visits-service-5bbc99b894-rlpg7,2026-07-23T00:08:26.869092+00:00,DEBUG,90a9173eccead765,90a9173eccead765,nio-8080-exec-6,o.s.web.servlet.DispatcherServlet,Completed 200 OK
2026-07-23T00:09:17.185885+00:00,visits-service,visits-service-5bbc99b894-rlpg7,2026-07-23T00:08:22.357296+00:00,DEBUG,973b0b75e3f746a7,973b0b75e3f746a7,nio-8080-exec-7,o.s.web.servlet.DispatcherServlet,Completed 200 OK
2026-07-23T00:09:17.185885+00:00,visits-service,visits-service-5bbc99b894-rlpg7,2026-07-23T00:08:19.600059+00:00,DEBUG,0e2430aceff3c43c,0e2430aceff3c43c,nio-8080-exec-1,o.s.web.servlet.DispatcherServlet,Completed 200 OK
2026-07-23T00:10:17.108468+00:00,customers-service,customers-service-68b57f7b8c-2hfs9,2026-07-23T00:10:14.565125+00:00,DEBUG,4cca4c019d02558c,4cca4c019d02558c,nio-8080-exec-3,o.s.web.servlet.DispatcherServlet,Completed 200 OK
2026-07-23T00:10:17.108468+00:00,customers-service,customers-service-68b57f7b8c-2hfs9,2026-07-23T00:10:11.805304+00:00,DEBUG,48dd1dafbd861257,48dd1dafbd861257,io-8080-exec-10,o.s.web.servlet.DispatcherServlet,Completed 200 OK
2026-07-23T00:10:17.108468+00:00,customers-service,customers-service-68b57f7b8c-2hfs9,2026-07-23T00:10:07.291203+00:00,DEBUG,8ea93742fb72db0a,8ea93742fb72db0a,nio-8080-exec-9,o.s.web.servlet.DispatcherServlet,Completed 200 OK
2026-07-23T00:10:17.108468+00:00,customers-service,customers-service-68b57f7b8c-2hfs9,2026-07-23T00:09:55.545949+00:00,DEBUG,f3b5ec2bb48d9eb4,f3b5ec2bb48d9eb4,nio-8080-exec-4,o.s.web.servlet.DispatcherServlet,Completed 200 OK
2026-07-23T00:10:17.108468+00:00,customers-service,customers-service-68b57f7b8c-2hfs9,2026-07-23T00:09:53.287373+00:00,DEBUG,40fa9f2a560fb756,40fa9f2a560fb756,nio-8080-exec-5,o.s.web.servlet.DispatcherServlet,Completed 200 OK
2026-07-23T00:10:17.108468+00:00,customers-service,customers-service-68b57f7b8c-2hfs9,2026-07-23T00:09:51.030150+00:00,DEBUG,fbf7006cc576a342,fbf7006cc576a342,nio-8080-exec-8,o.s.web.servlet.DispatcherServlet,Completed 200 OK
2026-07-23T00:10:17.108468+00:00,customers-service,customers-service-68b57f7b8c-2hfs9,2026-07-23T00:09:40.499649+00:00,DEBUG,feee94bb0d2ad5b0,feee94bb0d2ad5b0,nio-8080-exec-7,o.s.web.servlet.DispatcherServlet,Completed 200 OK
2026-07-23T00:10:17.108468+00:00,customers-service,customers-service-68b57f7b8c-2hfs9,2026-07-23T00:09:36.237470+00:00,DEBUG,df400bd7e60e3892,df400bd7e60e3892,nio-8080-exec-6,o.s.web.servlet.DispatcherServlet,Completed 200 OK
2026-07-23T00:10:17.108468+00:00,customers-service,customers-service-68b57f7b8c-2hfs9,2026-07-23T00:09:33.225755+00:00,DEBUG,4716ae1cea480c66,4716ae1cea480c66,nio-8080-exec-2,o.s.web.servlet.DispatcherServlet,Completed 200 OK
2026-07-23T00:10:17.108468+00:00,customers-service,customers-service-68b57f7b8c-2hfs9,2026-07-23T00:09:24.247100+00:00,DEBUG,9a5da3a6fce14c50,9a5da3a6fce14c50,nio-8080-exec-1,o.s.web.servlet.DispatcherServlet,Completed 200 OK
2026-07-23T00:10:17.108468+00:00,customers-service,customers-service-68b57f7b8c-2hfs9,2026-07-23T00:09:19.982532+00:00,DEBUG,1a141e4041dc0f3f,1a141e4041dc0f3f,nio-8080-exec-3,o.s.web.servlet.DispatcherServlet,Completed 200 OK
2026-07-23T00:10:17.108468+00:00,customers-service,customers-service-68b57f7b8c-r7tfg,2026-07-23T00:10:16.821423+00:00,DEBUG,86fd3180a748c551,9e0b0881d78cfe57,nio-8080-exec-2,o.s.web.servlet.DispatcherServlet,"GET ""/owners"", parameters={}"
2026-07-23T00:10:17.108468+00:00,customers-service,customers-service-68b57f7b8c-r7tfg,2026-07-23T00:10:16.571180+00:00,DEBUG,5cdfeabd8c52b3a5,dece89a9eb4743c6,nio-8080-exec-7,o.s.web.servlet.DispatcherServlet,Completed 200 OK
2026-07-23T00:10:17.108468+00:00,customers-service,customers-service-68b57f7b8c-r7tfg,2026-07-23T00:10:16.320262+00:00,DEBUG,5cdfeabd8c52b3a5,64017de4c9d5baa3,nio-8080-exec-7,o.s.web.servlet.DispatcherServlet,"GET ""/owners"", parameters={}"
2026-07-23T00:10:17.108468+00:00,customers-service,customers-service-68b57f7b8c-r7tfg,2026-07-23T00:10:16.320243+00:00,DEBUG,ffb31f19f82843c5,904f40463f67837a,nio-8080-exec-5,o.s.web.servlet.DispatcherServlet,Completed 200 OK
2026-07-23T00:10:17.108468+00:00,customers-service,customers-service-68b57f7b8c-r7tfg,2026-07-23T00:10:16.320239+00:00,DEBUG,ffb31f19f82843c5,e632793a7fdd122a,nio-8080-exec-5,o.s.web.servlet.DispatcherServlet,"GET ""/owners"", parameters={}"
2026-07-23T00:10:17.108468+00:00,customers-service,customers-service-68b57f7b8c-r7tfg,2026-07-23T00:10:16.069849+00:00,DEBUG,a12da1151fb0221c,146f75a39d9b2cae,io-8080-exec-10,o.s.web.servlet.DispatcherServlet,Completed 200 OK
2026-07-23T00:10:17.108468+00:00,customers-service,customers-service-68b57f7b8c-r7tfg,2026-07-23T00:10:15.819238+00:00,DEBUG,a12da1151fb0221c,0326645e68548239,io-8080-exec-10,o.s.web.servlet.DispatcherServlet,"GET ""/owners"", parameters={}"
2026-07-23T00:10:17.108468+00:00,customers-service,customers-service-68b57f7b8c-r7tfg,2026-07-23T00:10:15.568267+00:00,DEBUG,69929f38e405173b,05f42f82a9f43d3c,nio-8080-exec-3,o.s.web.servlet.DispatcherServlet,Completed 200 OK
2026-07-23T00:10:17.108468+00:00,customers-service,customers-service-68b57f7b8c-r7tfg,2026-07-23T00:10:15.568220+00:00,DEBUG,69929f38e405173b,4f21d5cd0a3d5b1b,nio-8080-exec-3,o.s.web.servlet.DispatcherServlet,"GET ""/owners/1"", parameters={}"
2026-07-23T00:10:17.108468+00:00,customers-service,customers-service-68b57f7b8c-r7tfg,2026-07-23T00:10:15.568213+00:00,DEBUG,b75770841f672377,cdbc649cb659269a,nio-8080-exec-1,o.s.web.servlet.DispatcherServlet,Completed 200 OK
2026-07-23T00:10:17.108468+00:00,customers-service,customers-service-68b57f7b8c-r7tfg,2026-07-23T00:10:15.316719+00:00,DEBUG,b75770841f672377,5761746a472e1876,nio-8080-exec-1,o.s.web.servlet.DispatcherServlet,"GET ""/owners/1"", parameters={}"
2026-07-23T00:10:17.108468+00:00,customers-service,customers-service-68b57f7b8c-r7tfg,2026-07-23T00:10:15.066106+00:00,DEBUG,7ef48d170a22be6b,ff93f05df7d884ec,nio-8080-exec-4,o.s.web.servlet.DispatcherServlet,Completed 200 OK
2026-07-23T00:10:17.108468+00:00,customers-service,customers-service-68b57f7b8c-r7tfg,2026-07-23T00:10:15.066087+00:00,DEBUG,7ef48d170a22be6b,ce631f9d35957b6a,nio-8080-exec-4,o.s.web.servlet.DispatcherServlet,"GET ""/owners"", parameters={}"
2026-07-23T00:10:17.108468+00:00,customers-service,customers-service-68b57f7b8c-r7tfg,2026-07-23T00:10:15.066084+00:00,DEBUG,8a98ddb2869d96d3,0b7de058e4338783,nio-8080-exec-9,o.s.web.servlet.DispatcherServlet,Completed 200 OK
2026-07-23T00:10:17.108468+00:00,customers-service,customers-service-68b57f7b8c-r7tfg,2026-07-23T00:10:14.815445+00:00,DEBUG,8a98ddb2869d96d3,f0db0e8744159cc0,nio-8080-exec-9,o.s.web.servlet.DispatcherServlet,"GET ""/owners/1"", parameters={}"
2026-07-23T00:10:17.108468+00:00,customers-service,customers-service-68b57f7b8c-r7tfg,2026-07-23T00:10:14.815414+00:00,DEBUG,477583229e998f85,915f888a3b32f446,nio-8080-exec-6,o.s.web.servlet.DispatcherServlet,Completed 200 OK
2026-07-23T00:10:17.108468+00:00,customers-service,customers-service-68b57f7b8c-r7tfg,2026-07-23T00:10:14.815410+00:00,DEBUG,477583229e998f85,5166426674c1bd47,nio-8080-exec-6,o.s.web.servlet.DispatcherServlet,"GET ""/owners"", parameters={}"
2026-07-23T00:10:17.108468+00:00,customers-service,customers-service-68b57f7b8c-r7tfg,2026-07-23T00:10:14.314018+00:00,DEBUG,a91ad36cd6635f91,f127f102a6477935,nio-8080-exec-8,o.s.web.servlet.DispatcherServlet,Completed 200 OK
2026-07-23T00:10:17.108468+00:00,customers-service,customers-service-68b57f7b8c-r7tfg,2026-07-23T00:10:14.314011+00:00,DEBUG,a91ad36cd6635f91,180662ea9ec5171f,nio-8080-exec-8,o.s.web.servlet.DispatcherServlet,"GET ""/owners"", parameters={}"
2026-07-23T00:10:17.108468+00:00,customers-service,customers-service-68b57f7b8c-r7tfg,2026-07-23T00:10:14.063753+00:00,DEBUG,677529e28c7a85fc,3d8b002a71d1ecdd,nio-8080-exec-2,o.s.web.servlet.DispatcherServlet,Completed 200 OK
2026-07-23T00:10:17.108468+00:00,customers-service,customers-service-68b57f7b8c-r7tfg,2026-07-23T00:10:13.812858+00:00,DEBUG,677529e28c7a85fc,5109d7c7a0c73f46,nio-8080-exec-2,o.s.web.servlet.DispatcherServlet,"GET ""/owners/1"", parameters={}"
2026-07-23T00:10:17.108468+00:00,customers-service,customers-service-68b57f7b8c-r7tfg,2026-07-23T00:10:13.812836+00:00,DEBUG,f7b29381a220693d,44e10b32272ccc52,nio-8080-exec-7,o.s.web.servlet.DispatcherServlet,Completed 200 OK
2026-07-23T00:10:17.108468+00:00,customers-service,customers-service-68b57f7b8c-r7tfg,2026-07-23T00:10:13.812812+00:00,DEBUG,f7b29381a220693d,cfba1ea5c8a4ec6a,nio-8080-exec-7,o.s.web.servlet.DispatcherServlet,"GET ""/owners/1"", parameters={}"
2026-07-23T00:10:17.108468+00:00,customers-service,customers-service-68b57f7b8c-r7tfg,2026-07-23T00:10:13.812782+00:00,DEBUG,a3192beba9dcef62,a3192beba9dcef62,nio-8080-exec-5,o.s.web.servlet.DispatcherServlet,Completed 200 OK
2026-07-23T00:10:17.108468+00:00,customers-service,customers-service-68b57f7b8c-r7tfg,2026-07-23T00:10:13.310826+00:00,DEBUG,8ba96cc27263db5b,9052a806f44496d3,io-8080-exec-10,o.s.web.servlet.DispatcherServlet,Completed 200 OK
2026-07-23T00:10:17.108468+00:00,customers-service,customers-service-68b57f7b8c-r7tfg,2026-07-23T00:10:13.310820+00:00,DEBUG,8ba96cc27263db5b,9928105d3f07111a,io-8080-exec-10,o.s.web.servlet.DispatcherServlet,"GET ""/owners"", parameters={}"
2026-07-23T00:10:17.108468+00:00,customers-service,customers-service-68b57f7b8c-r7tfg,2026-07-23T00:10:12.808915+00:00,DEBUG,cb36eb92f7419d4d,f5408731088f0133,nio-8080-exec-3,o.s.web.servlet.DispatcherServlet,Completed 200 OK
2026-07-23T00:10:17.108468+00:00,customers-service,customers-service-68b57f7b8c-r7tfg,2026-07-23T00:10:12.808803+00:00,DEBUG,cb36eb92f7419d4d,a1ee5e44064a1b9d,nio-8080-exec-3,o.s.web.servlet.DispatcherServlet,"GET ""/owners/1"", parameters={}"
2026-07-23T00:10:17.108468+00:00,customers-service,customers-service-68b57f7b8c-r7tfg,2026-07-23T00:10:12.808793+00:00,DEBUG,d9ee33a480ace343,f3404a84a5ffcdc9,nio-8080-exec-1,o.s.web.servlet.DispatcherServlet,Completed 200 OK
2026-07-23T00:10:17.108468+00:00,customers-service,customers-service-68b57f7b8c-r7tfg,2026-07-23T00:10:12.558687+00:00,DEBUG,68006c000cc10024,68006c000cc10024,nio-8080-exec-4,o.s.web.servlet.DispatcherServlet,Completed 200 OK
2026-07-23T00:10:17.108468+00:00,customers-service,customers-service-68b57f7b8c-r7tfg,2026-07-23T00:10:12.558621+00:00,DEBUG,d9ee33a480ace343,7f5bcd8b41961dba,nio-8080-exec-1,o.s.web.servlet.DispatcherServlet,"GET ""/owners"", parameters={}"
2026-07-23T00:10:17.108468+00:00,customers-service,customers-service-68b57f7b8c-r7tfg,2026-07-23T00:10:12.558613+00:00,DEBUG,2f1fb4110696746c,ffa1560d7bb4c7b5,nio-8080-exec-9,o.s.web.servlet.DispatcherServlet,Completed 200 OK
2026-07-23T00:10:17.108468+00:00,customers-service,customers-service-68b57f7b8c-r7tfg,2026-07-23T00:10:12.307999+00:00,DEBUG,2f1fb4110696746c,16426c2ea9c6140e,nio-8080-exec-9,o.s.web.servlet.DispatcherServlet,"GET ""/owners"", parameters={}"
2026-07-23T00:10:17.108468+00:00,customers-service,customers-service-68b57f7b8c-r7tfg,2026-07-23T00:10:12.307989+00:00,DEBUG,6ccfc57f7e55bf30,5746739c26256e9d,nio-8080-exec-6,o.s.web.servlet.DispatcherServlet,Completed 200 OK
2026-07-23T00:10:17.108468+00:00,customers-service,customers-service-68b57f7b8c-r7tfg,2026-07-23T00:10:12.056236+00:00,DEBUG,6ccfc57f7e55bf30,50b06e65f4e613f8,nio-8080-exec-6,o.s.web.servlet.DispatcherServlet,"GET ""/owners"", parameters={}"
2026-07-23T00:10:17.108468+00:00,customers-service,customers-service-68b57f7b8c-r7tfg,2026-07-23T00:10:11.554975+00:00,DEBUG,3fab9c25b21477a2,0ed173032882400e,nio-8080-exec-8,o.s.web.servlet.DispatcherServlet,Completed 200 OK
2026-07-23T00:10:17.108468+00:00,customers-service,customers-service-68b57f7b8c-r7tfg,2026-07-23T00:10:11.554947+00:00,DEBUG,3fab9c25b21477a2,d6b75ea40f78b36b,nio-8080-exec-8,o.s.web.servlet.DispatcherServlet,"GET ""/owners/1"", parameters={}"
2026-07-23T00:10:17.108468+00:00,customers-service,customers-service-68b57f7b8c-r7tfg,2026-07-23T00:10:11.554942+00:00,DEBUG,59ade46c5db979b4,d0bcf6dadbf8301d,nio-8080-exec-2,o.s.web.servlet.DispatcherServlet,Completed 200 OK
2026-07-23T00:10:17.108468+00:00,customers-service,customers-service-68b57f7b8c-r7tfg,2026-07-23T00:10:11.304199+00:00,DEBUG,59ade46c5db979b4,9620162272fd29cc,nio-8080-exec-2,o.s.web.servlet.DispatcherServlet,"GET ""/owners/1"", parameters={}"
2026-07-23T00:10:17.108468+00:00,customers-service,customers-service-68b57f7b8c-r7tfg,2026-07-23T00:10:10.802807+00:00,DEBUG,efa6810c4fef67f8,61aa7d0422d7dce5,nio-8080-exec-7,o.s.web.servlet.DispatcherServlet,Completed 200 OK
2026-07-23T00:10:17.108468+00:00,customers-service,customers-service-68b57f7b8c-r7tfg,2026-07-23T00:10:10.802799+00:00,DEBUG,efa6810c4fef67f8,e791fa16bd15d402,nio-8080-exec-7,o.s.web.servlet.DispatcherServlet,"GET ""/owners"", parameters={}"
2026-07-23T00:10:17.108468+00:00,customers-service,customers-service-68b57f7b8c-r7tfg,2026-07-23T00:10:10.552600+00:00,DEBUG,694df112b2df769b,b5a1361d4ac2dbb6,nio-8080-exec-5,o.s.web.servlet.DispatcherServlet,Completed 200 OK
2026-07-23T00:10:17.108468+00:00,customers-service,customers-service-68b57f7b8c-r7tfg,2026-07-23T00:10:10.301270+00:00,DEBUG,694df112b2df769b,d5bb2b8ec5cb8efe,nio-8080-exec-5,o.s.web.servlet.DispatcherServlet,"GET ""/owners/1"", parameters={}"
2026-07-23T00:10:17.108468+00:00,customers-service,customers-service-68b57f7b8c-r7tfg,2026-07-23T00:10:10.301268+00:00,DEBUG,9377744bd8f3bcba,9377744bd8f3bcba,io-8080-exec-10,o.s.web.servlet.DispatcherServlet,Completed 200 OK
2026-07-23T00:10:17.108468+00:00,customers-service,customers-service-68b57f7b8c-r7tfg,2026-07-23T00:10:10.301224+00:00,DEBUG,4031ea0fd5a18639,922961d633e7e745,nio-8080-exec-3,o.s.web.servlet.DispatcherServlet,Completed 200 OK
2026-07-23T00:10:17.108468+00:00,customers-service,customers-service-68b57f7b8c-r7tfg,2026-07-23T00:10:10.301201+00:00,DEBUG,4031ea0fd5a18639,29402a5969cccb10,nio-8080-exec-3,o.s.web.servlet.DispatcherServlet,"GET ""/owners/1"", parameters={}"
2026-07-23T00:10:17.108468+00:00,customers-service,customers-service-68b57f7b8c-r7tfg,2026-07-23T00:10:10.301197+00:00,DEBUG,b086dc72e868a5a3,73001eae58fc2b69,nio-8080-exec-4,o.s.web.servlet.DispatcherServlet,Completed 200 OK
2026-07-23T00:10:17.108468+00:00,customers-service,customers-service-68b57f7b8c-r7tfg,2026-07-23T00:10:10.050890+00:00,DEBUG,b086dc72e868a5a3,9316d783749803aa,nio-8080-exec-4,o.s.web.servlet.DispatcherServlet,"GET ""/owners"", parameters={}"
2026-07-23T00:10:17.108468+00:00,customers-service,customers-service-68b57f7b8c-r7tfg,2026-07-23T00:10:09.548972+00:00,DEBUG,1cd248ec732d923e,83ecbaa269a236ba,nio-8080-exec-1,o.s.web.servlet.DispatcherServlet,Completed 200 OK
2026-07-23T00:10:17.108468+00:00,customers-service,customers-service-68b57f7b8c-r7tfg,2026-07-23T00:10:09.548965+00:00,DEBUG,1cd248ec732d923e,416d73c13cf1dbe4,nio-8080-exec-1,o.s.web.servlet.DispatcherServlet,"GET ""/owners"", parameters={}"
2026-07-23T00:10:17.108468+00:00,customers-service,customers-service-68b57f7b8c-r7tfg,2026-07-23T00:10:09.297483+00:00,DEBUG,337d9f9074b7a0fa,f72649db07b9a354,nio-8080-exec-9,o.s.web.servlet.DispatcherServlet,Completed 200 OK
2026-07-23T00:10:17.108468+00:00,customers-service,customers-service-68b57f7b8c-r7tfg,2026-07-23T00:10:09.297458+00:00,DEBUG,337d9f9074b7a0fa,cae44a5d31e9aada,nio-8080-exec-9,o.s.web.servlet.DispatcherServlet,"GET ""/owners/1"", parameters={}"
2026-07-23T00:10:17.108468+00:00,customers-service,customers-service-68b57f7b8c-r7tfg,2026-07-23T00:10:09.297452+00:00,DEBUG,33e1ea01eb844be7,8149c32f30369afd,nio-8080-exec-6,o.s.web.servlet.DispatcherServlet,Completed 200 OK
2026-07-23T00:10:17.108468+00:00,customers-service,customers-service-68b57f7b8c-r7tfg,2026-07-23T00:10:09.046357+00:00,DEBUG,33e1ea01eb844be7,e3bd3a0e3e3b550e,nio-8080-exec-6,o.s.web.servlet.DispatcherServlet,"GET ""/owners"", parameters={}"
2026-07-23T00:10:17.108468+00:00,customers-service,customers-service-68b57f7b8c-r7tfg,2026-07-23T00:10:09.046328+00:00,DEBUG,6b031fa4c187f605,b89cb050714da4f3,nio-8080-exec-8,o.s.web.servlet.DispatcherServlet,Completed 200 OK
2026-07-23T00:10:17.108468+00:00,customers-service,customers-service-68b57f7b8c-r7tfg,2026-07-23T00:10:09.046323+00:00,DEBUG,6b031fa4c187f605,7978783d783de5bc,nio-8080-exec-8,o.s.web.servlet.DispatcherServlet,"GET ""/owners/1"", parameters={}"
2026-07-23T00:10:17.108468+00:00,customers-service,customers-service-68b57f7b8c-r7tfg,2026-07-23T00:10:08.796041+00:00,DEBUG,4c310a6e4185bc3a,828cc89dd1da20ea,nio-8080-exec-2,o.s.web.servlet.DispatcherServlet,Completed 200 OK
2026-07-23T00:10:17.108468+00:00,customers-service,customers-service-68b57f7b8c-r7tfg,2026-07-23T00:10:08.545070+00:00,DEBUG,4c310a6e4185bc3a,47ad59a021ac99a6,nio-8080-exec-2,o.s.web.servlet.DispatcherServlet,"GET ""/owners"", parameters={}"
2026-07-23T00:10:17.108468+00:00,customers-service,customers-service-68b57f7b8c-r7tfg,2026-07-23T00:10:08.294382+00:00,DEBUG,c4665693bfdd4581,74cbbfdc64784a5d,nio-8080-exec-7,o.s.web.servlet.DispatcherServlet,Completed 200 OK
2026-07-23T00:10:17.108468+00:00,customers-service,customers-service-68b57f7b8c-r7tfg,2026-07-23T00:10:08.294376+00:00,DEBUG,c4665693bfdd4581,433c2551eda51bce,nio-8080-exec-7,o.s.web.servlet.DispatcherServlet,"GET ""/owners/1"", parameters={}"
2026-07-23T00:10:17.108468+00:00,customers-service,customers-service-68b57f7b8c-r7tfg,2026-07-23T00:10:07.792022+00:00,DEBUG,7dbceadfe3513d45,fee9f871f9940392,nio-8080-exec-5,o.s.web.servlet.DispatcherServlet,Completed 200 OK
2026-07-23T00:10:17.108468+00:00,customers-service,customers-service-68b57f7b8c-r7tfg,2026-07-23T00:10:07.541807+00:00,DEBUG,7dbceadfe3513d45,1af5817b1c22dfab,nio-8080-exec-5,o.s.web.servlet.DispatcherServlet,"GET ""/owners"", parameters={}"
2026-07-23T00:10:17.108468+00:00,customers-service,customers-service-68b57f7b8c-r7tfg,2026-07-23T00:10:07.290908+00:00,DEBUG,ed7dd2d68bb4c24c,b3d6bdcd24d1f363,io-8080-exec-10,o.s.web.servlet.DispatcherServlet,Completed 200 OK
2026-07-23T00:10:17.108468+00:00,customers-service,customers-service-68b57f7b8c-r7tfg,2026-07-23T00:10:07.290903+00:00,DEBUG,ed7dd2d68bb4c24c,92dab00ad463642a,io-8080-exec-10,o.s.web.servlet.DispatcherServlet,"GET ""/owners"", parameters={}"
2026-07-23T00:10:17.108468+00:00,customers-service,customers-service-68b57f7b8c-r7tfg,2026-07-23T00:10:06.789620+00:00,DEBUG,476fc44086bb452c,649ac3a8616453a6,nio-8080-exec-3,o.s.web.servlet.DispatcherServlet,Completed 200 OK
2026-07-23T00:10:17.108468+00:00,customers-service,customers-service-68b57f7b8c-r7tfg,2026-07-23T00:10:06.789589+00:00,DEBUG,476fc44086bb452c,4fb382036fafa449,nio-8080-exec-3,o.s.web.servlet.DispatcherServlet,"GET ""/owners"", parameters={}"
2026-07-23T00:10:17.108468+00:00,customers-service,customers-service-68b57f7b8c-r7tfg,2026-07-23T00:10:06.538544+00:00,DEBUG,46d075ec61eecec2,7def04436bf668e7,nio-8080-exec-4,o.s.web.servlet.DispatcherServlet,Completed 200 OK
2026-07-23T00:10:17.108468+00:00,customers-service,customers-service-68b57f7b8c-r7tfg,2026-07-23T00:10:06.538541+00:00,DEBUG,46d075ec61eecec2,61718a87f250e2a3,nio-8080-exec-4,o.s.web.servlet.DispatcherServlet,"GET ""/owners/1"", parameters={}"
2026-07-23T00:10:17.108468+00:00,customers-service,customers-service-68b57f7b8c-r7tfg,2026-07-23T00:10:06.287568+00:00,DEBUG,04b6a3e7bc775329,35a674c25c54a086,nio-8080-exec-1,o.s.web.servlet.DispatcherServlet,Completed 200 OK
2026-07-23T00:10:17.108468+00:00,customers-service,customers-service-68b57f7b8c-r7tfg,2026-07-23T00:10:06.287550+00:00,DEBUG,04b6a3e7bc775329,d995ce267478179f,nio-8080-exec-1,o.s.web.servlet.DispatcherServlet,"GET ""/owners/1"", parameters={}"
2026-07-23T00:10:17.108468+00:00,customers-service,customers-service-68b57f7b8c-r7tfg,2026-07-23T00:10:06.036350+00:00,DEBUG,1918646316e67369,5b569ce32d08c4b4,nio-8080-exec-9,o.s.web.servlet.DispatcherServlet,Completed 200 OK
2026-07-23T00:10:17.108468+00:00,customers-service,customers-service-68b57f7b8c-r7tfg,2026-07-23T00:10:06.036340+00:00,DEBUG,1918646316e67369,6af2e0c1c414bfc7,nio-8080-exec-9,o.s.web.servlet.DispatcherServlet,"GET ""/owners/1"", parameters={}"
2026-07-23T00:10:17.108468+00:00,customers-service,customers-service-68b57f7b8c-r7tfg,2026-07-23T00:10:05.786005+00:00,DEBUG,f07ec26bfc0d48ba,53f2150df2571937,nio-8080-exec-6,o.s.web.servlet.DispatcherServlet,Completed 200 OK
2026-07-23T00:10:17.108468+00:00,customers-service,customers-service-68b57f7b8c-r7tfg,2026-07-23T00:10:05.785999+00:00,DEBUG,f07ec26bfc0d48ba,3358a497ee956c6a,nio-8080-exec-6,o.s.web.servlet.DispatcherServlet,"GET ""/owners"", parameters={}"
2026-07-23T00:10:17.108468+00:00,customers-service,customers-service-68b57f7b8c-r7tfg,2026-07-23T00:10:05.535917+00:00,DEBUG,e3828016f54d20d3,b700847eda086bbf,nio-8080-exec-8,o.s.web.servlet.DispatcherServlet,Completed 200 OK
2026-07-23T00:10:17.108468+00:00,customers-service,customers-service-68b57f7b8c-r7tfg,2026-07-23T00:10:05.535890+00:00,DEBUG,e3828016f54d20d3,7e96e5489e2ce07b,nio-8080-exec-8,o.s.web.servlet.DispatcherServlet,"GET ""/owners/1"", parameters={}"
2026-07-23T00:10:17.108468+00:00,customers-service,customers-service-68b57f7b8c-r7tfg,2026-07-23T00:10:05.535857+00:00,DEBUG,3aafa0fedcbe544d,dabdab1e1544e81b,nio-8080-exec-2,o.s.web.servlet.DispatcherServlet,Completed 200 OK
2026-07-23T00:10:17.108468+00:00,customers-service,customers-service-68b57f7b8c-r7tfg,2026-07-23T00:10:05.535851+00:00,DEBUG,3aafa0fedcbe544d,18953956fc765a10,nio-8080-exec-2,o.s.web.servlet.DispatcherServlet,"GET ""/owners"", parameters={}"
2026-07-23T00:10:17.108468+00:00,customers-service,customers-service-68b57f7b8c-r7tfg,2026-07-23T00:10:04.532677+00:00,DEBUG,9157ba67c8b8c743,936c73d949599ee5,nio-8080-exec-7,o.s.web.servlet.DispatcherServlet,Completed 200 OK
2026-07-23T00:10:17.108468+00:00,customers-service,customers-service-68b57f7b8c-r7tfg,2026-07-23T00:10:04.532671+00:00,DEBUG,9157ba67c8b8c743,1ad04726dbf56820,nio-8080-exec-7,o.s.web.servlet.DispatcherServlet,"GET ""/owners/1"", parameters={}"
2026-07-23T00:10:17.108468+00:00,customers-service,customers-service-68b57f7b8c-r7tfg,2026-07-23T00:10:03.530742+00:00,DEBUG,c352584485a90015,fdcec054c6444a58,nio-8080-exec-5,o.s.web.servlet.DispatcherServlet,Completed 200 OK
2026-07-23T00:10:17.108468+00:00,customers-service,customers-service-68b57f7b8c-r7tfg,2026-07-23T00:10:03.530737+00:00,DEBUG,c352584485a90015,5fd8a634cee9711c,nio-8080-exec-5,o.s.web.servlet.DispatcherServlet,"GET ""/owners/1"", parameters={}"
2026-07-23T00:10:17.108468+00:00,customers-service,customers-service-68b57f7b8c-r7tfg,2026-07-23T00:10:03.279588+00:00,DEBUG,842a29d907c34df2,cc411184021e4ef1,io-8080-exec-10,o.s.web.servlet.DispatcherServlet,Completed 200 OK
2026-07-23T00:10:17.108468+00:00,customers-service,customers-service-68b57f7b8c-r7tfg,2026-07-23T00:10:03.279582+00:00,DEBUG,842a29d907c34df2,51c35db60a0c3f4e,io-8080-exec-10,o.s.web.servlet.DispatcherServlet,"GET ""/owners/1"", parameters={}"
2026-07-23T00:10:17.108468+00:00,customers-service,customers-service-68b57f7b8c-r7tfg,2026-07-23T00:10:03.029066+00:00,DEBUG,b83c9b5601d09ca7,253028820449eee0,nio-8080-exec-3,o.s.web.servlet.DispatcherServlet,Completed 200 OK
2026-07-23T00:10:17.108468+00:00,customers-service,customers-service-68b57f7b8c-r7tfg,2026-07-23T00:10:03.029060+00:00,DEBUG,b83c9b5601d09ca7,a5a991b6fa946d7e,nio-8080-exec-3,o.s.web.servlet.DispatcherServlet,"GET ""/owners/1"", parameters={}"
2026-07-23T00:10:17.108468+00:00,customers-service,customers-service-68b57f7b8c-r7tfg,2026-07-23T00:10:02.777747+00:00,DEBUG,1b1fa0da262c5a92,bebd7f54f8c73feb,nio-8080-exec-4,o.s.web.servlet.DispatcherServlet,Completed 200 OK
2026-07-23T00:10:17.108468+00:00,customers-service,customers-service-68b57f7b8c-r7tfg,2026-07-23T00:10:02.777741+00:00,DEBUG,1b1fa0da262c5a92,c39e36065d531502,nio-8080-exec-4,o.s.web.servlet.DispatcherServlet,"GET ""/owners/1"", parameters={}"
2026-07-23T00:10:17.108468+00:00,customers-service,customers-service-68b57f7b8c-r7tfg,2026-07-23T00:10:02.276678+00:00,DEBUG,3f63fb9e5782f6f2,25bd5da232d8f1ce,nio-8080-exec-1,o.s.web.servlet.DispatcherServlet,Completed 200 OK
2026-07-23T00:10:17.108468+00:00,customers-service,customers-service-68b57f7b8c-r7tfg,2026-07-23T00:10:02.026109+00:00,DEBUG,3f63fb9e5782f6f2,a21145c699e9940f,nio-8080-exec-1,o.s.web.servlet.DispatcherServlet,"GET ""/owners"", parameters={}"
2026-07-23T00:10:17.108468+00:00,customers-service,customers-service-68b57f7b8c-r7tfg,2026-07-23T00:10:01.774916+00:00,DEBUG,3d3c80952ba44ab0,d049fd681be867e8,nio-8080-exec-9,o.s.web.servlet.DispatcherServlet,Completed 200 OK
2026-07-23T00:10:17.108468+00:00,customers-service,customers-service-68b57f7b8c-r7tfg,2026-07-23T00:10:01.524057+00:00,DEBUG,3d3c80952ba44ab0,bc8cdb38aac2c407,nio-8080-exec-9,o.s.web.servlet.DispatcherServlet,"GET ""/owners"", parameters={}"
2026-07-23T00:10:17.108468+00:00,customers-service,customers-service-68b57f7b8c-r7tfg,2026-07-23T00:10:01.524019+00:00,DEBUG,4033083a3f5a1c0e,02749a4dd098331e,nio-8080-exec-6,o.s.web.servlet.DispatcherServlet,Completed 200 OK
2026-07-23T00:10:17.108468+00:00,customers-service,customers-service-68b57f7b8c-r7tfg,2026-07-23T00:10:01.524013+00:00,DEBUG,4033083a3f5a1c0e,d399f7827eb1f1ec,nio-8080-exec-6,o.s.web.servlet.DispatcherServlet,"GET ""/owners"", parameters={}"
2026-07-23T00:10:17.108468+00:00,customers-service,customers-service-68b57f7b8c-r7tfg,2026-07-23T00:10:01.273327+00:00,DEBUG,aa3bef7a4924e3a7,93d54ae04659bf79,nio-8080-exec-8,o.s.web.servlet.DispatcherServlet,Completed 200 OK
2026-07-23T00:10:17.108468+00:00,customers-service,customers-service-68b57f7b8c-r7tfg,2026-07-23T00:10:01.273323+00:00,DEBUG,aa3bef7a4924e3a7,f085e48b17eb8c77,nio-8080-exec-8,o.s.web.servlet.DispatcherServlet,"GET ""/owners"", parameters={}"
2026-07-23T00:10:17.108468+00:00,customers-service,customers-service-68b57f7b8c-r7tfg,2026-07-23T00:10:01.023114+00:00,DEBUG,3700672039edc297,88e0e853ff0450d6,nio-8080-exec-2,o.s.web.servlet.DispatcherServlet,Completed 200 OK
2026-07-23T00:10:17.108468+00:00,customers-service,customers-service-68b57f7b8c-r7tfg,2026-07-23T00:10:01.023107+00:00,DEBUG,3700672039edc297,c8176eeba2390dab,nio-8080-exec-2,o.s.web.servlet.DispatcherServlet,"GET ""/owners"", parameters={}"
2026-07-23T00:10:17.108468+00:00,customers-service,customers-service-68b57f7b8c-r7tfg,2026-07-23T00:10:00.772079+00:00,DEBUG,3e72e7b7741a3bd3,0398ccb91ee287e5,nio-8080-exec-7,o.s.web.servlet.DispatcherServlet,Completed 200 OK
2026-07-23T00:10:17.108468+00:00,customers-service,customers-service-68b57f7b8c-r7tfg,2026-07-23T00:10:00.772050+00:00,DEBUG,3e72e7b7741a3bd3,fb8e1e9b7bf66627,nio-8080-exec-7,o.s.web.servlet.DispatcherServlet,"GET ""/owners"", parameters={}"
2026-07-23T00:10:17.108468+00:00,customers-service,customers-service-68b57f7b8c-r7tfg,2026-07-23T00:10:00.772044+00:00,DEBUG,bb92937dc5bb807c,e09dc8171b86c740,nio-8080-exec-5,o.s.web.servlet.DispatcherServlet,Completed 200 OK
2026-07-23T00:10:17.108468+00:00,customers-service,customers-service-68b57f7b8c-r7tfg,2026-07-23T00:10:00.520861+00:00,DEBUG,bb92937dc5bb807c,352c945d659d20ed,nio-8080-exec-5,o.s.web.servlet.DispatcherServlet,"GET ""/owners"", parameters={}"
2026-07-23T00:10:17.108468+00:00,customers-service,customers-service-68b57f7b8c-r7tfg,2026-07-23T00:10:00.270697+00:00,DEBUG,1e7617fdb2a9bfa4,ba8bc55fe152b696,io-8080-exec-10,o.s.web.servlet.DispatcherServlet,Completed 200 OK
2026-07-23T00:10:17.108468+00:00,customers-service,customers-service-68b57f7b8c-r7tfg,2026-07-23T00:10:00.270689+00:00,DEBUG,1e7617fdb2a9bfa4,fbc23434dbbd60c2,io-8080-exec-10,o.s.web.servlet.DispatcherServlet,"GET ""/owners"", parameters={}"
2026-07-23T00:10:17.108468+00:00,customers-service,customers-service-68b57f7b8c-r7tfg,2026-07-23T00:09:58.805915+00:00,DEBUG,1b559e325b0f247f,501f7bc31a613500,nio-8080-exec-3,o.s.web.servlet.DispatcherServlet,Completed 200 OK
2026-07-23T00:10:17.108468+00:00,customers-service,customers-service-68b57f7b8c-r7tfg,2026-07-23T00:09:58.805890+00:00,DEBUG,1b559e325b0f247f,37725af7bedbd189,nio-8080-exec-3,o.s.web.servlet.DispatcherServlet,"GET ""/owners"", parameters={}"
2026-07-23T00:10:17.108468+00:00,customers-service,customers-service-68b57f7b8c-r7tfg,2026-07-23T00:09:58.555348+00:00,DEBUG,32daa2114dfb4c1d,df63e1e6dcd31202,nio-8080-exec-4,o.s.web.servlet.DispatcherServlet,Completed 200 OK
2026-07-23T00:10:17.108468+00:00,customers-service,customers-service-68b57f7b8c-r7tfg,2026-07-23T00:09:58.555322+00:00,DEBUG,32daa2114dfb4c1d,dc8ecf4ac61ee45c,nio-8080-exec-4,o.s.web.servlet.DispatcherServlet,"GET ""/owners/1"", parameters={}"
2026-07-23T00:10:17.108468+00:00,customers-service,customers-service-68b57f7b8c-r7tfg,2026-07-23T00:09:58.555319+00:00,DEBUG,7af74f95ab1a2893,163586c3561ed4fc,nio-8080-exec-1,o.s.web.servlet.DispatcherServlet,Completed 200 OK
2026-07-23T00:10:17.108468+00:00,customers-service,customers-service-68b57f7b8c-r7tfg,2026-07-23T00:09:58.304588+00:00,DEBUG,7af74f95ab1a2893,64613d5df1811ff0,nio-8080-exec-1,o.s.web.servlet.DispatcherServlet,"GET ""/owners"", parameters={}"
2026-07-23T00:10:17.108468+00:00,customers-service,customers-service-68b57f7b8c-r7tfg,2026-07-23T00:09:58.304574+00:00,DEBUG,23b1dc5830a04fb5,a9b853d18f009318,nio-8080-exec-9,o.s.web.servlet.DispatcherServlet,Completed 200 OK
2026-07-23T00:10:17.108468+00:00,customers-service,customers-service-68b57f7b8c-r7tfg,2026-07-23T00:09:58.304570+00:00,DEBUG,23b1dc5830a04fb5,b8e30afc7aaa311c,nio-8080-exec-9,o.s.web.servlet.DispatcherServlet,"GET ""/owners"", parameters={}"
2026-07-23T00:10:17.108468+00:00,customers-service,customers-service-68b57f7b8c-r7tfg,2026-07-23T00:09:57.803107+00:00,DEBUG,3b696114e54c9c3d,fafee7ba2d8b7505,nio-8080-exec-6,o.s.web.servlet.DispatcherServlet,Completed 200 OK
2026-07-23T00:10:17.108468+00:00,customers-service,customers-service-68b57f7b8c-r7tfg,2026-07-23T00:09:57.803095+00:00,DEBUG,3b696114e54c9c3d,4d509fe5fa074bfc,nio-8080-exec-6,o.s.web.servlet.DispatcherServlet,"GET ""/owners/1"", parameters={}"
2026-07-23T00:10:17.108468+00:00,customers-service,customers-service-68b57f7b8c-r7tfg,2026-07-23T00:09:57.551722+00:00,DEBUG,b78f2c5eb54e8075,d2e997adff04b3e4,nio-8080-exec-8,o.s.web.servlet.DispatcherServlet,Completed 200 OK
2026-07-23T00:10:17.108468+00:00,customers-service,customers-service-68b57f7b8c-r7tfg,2026-07-23T00:09:57.551605+00:00,DEBUG,b78f2c5eb54e8075,221428b04610af69,nio-8080-exec-8,o.s.web.servlet.DispatcherServlet,"GET ""/owners/1"", parameters={}"
2026-07-23T00:10:17.108468+00:00,customers-service,customers-service-68b57f7b8c-r7tfg,2026-07-23T00:09:57.551574+00:00,DEBUG,3d9eecd637bf76a6,3d9eecd637bf76a6,nio-8080-exec-2,o.s.web.servlet.DispatcherServlet,Completed 200 OK
2026-07-23T00:10:17.108468+00:00,customers-service,customers-service-68b57f7b8c-r7tfg,2026-07-23T00:09:57.300458+00:00,DEBUG,062e2ab7519bc0f4,eb8ef7c1b3d841d9,nio-8080-exec-7,o.s.web.servlet.DispatcherServlet,Completed 200 OK
2026-07-23T00:10:17.108468+00:00,customers-service,customers-service-68b57f7b8c-r7tfg,2026-07-23T00:09:57.300445+00:00,DEBUG,062e2ab7519bc0f4,1399aa8aff247343,nio-8080-exec-7,o.s.web.servlet.DispatcherServlet,"GET ""/owners/1"", parameters={}"
2026-07-23T00:10:17.108468+00:00,customers-service,customers-service-68b57f7b8c-r7tfg,2026-07-23T00:09:57.300429+00:00,DEBUG,9367f248e77c29a2,c80a8a2449b2d27a,nio-8080-exec-5,o.s.web.servlet.DispatcherServlet,Completed 200 OK
2026-07-23T00:10:17.108468+00:00,customers-service,customers-service-68b57f7b8c-r7tfg,2026-07-23T00:09:57.300426+00:00,DEBUG,9367f248e77c29a2,789c0be3b8c72b26,nio-8080-exec-5,o.s.web.servlet.DispatcherServlet,"GET ""/owners"", parameters={}"
2026-07-23T00:10:17.108468+00:00,customers-service,customers-service-68b57f7b8c-r7tfg,2026-07-23T00:09:57.050125+00:00,DEBUG,74c4edc9d453f2ca,4ba764e5ad8368ef,io-8080-exec-10,o.s.web.servlet.DispatcherServlet,Completed 200 OK
2026-07-23T00:10:17.108468+00:00,customers-service,customers-service-68b57f7b8c-r7tfg,2026-07-23T00:09:57.050106+00:00,DEBUG,74c4edc9d453f2ca,bcc53a29d9a5445a,io-8080-exec-10,o.s.web.servlet.DispatcherServlet,"GET ""/owners/1"", parameters={}"
2026-07-23T00:10:17.108468+00:00,customers-service,customers-service-68b57f7b8c-r7tfg,2026-07-23T00:09:57.050102+00:00,DEBUG,9208345a927ffd87,d2c9feb8d137cda5,nio-8080-exec-3,o.s.web.servlet.DispatcherServlet,Completed 200 OK
2026-07-23T00:10:17.108468+00:00,customers-service,customers-service-68b57f7b8c-r7tfg,2026-07-23T00:09:56.799864+00:00,DEBUG,9208345a927ffd87,e8e117788630276d,nio-8080-exec-3,o.s.web.servlet.DispatcherServlet,"GET ""/owners"", parameters={}"
2026-07-23T00:10:17.108468+00:00,customers-service,customers-service-68b57f7b8c-r7tfg,2026-07-23T00:09:56.549785+00:00,DEBUG,9883264c4460eb78,0ea21756dac2b8f3,nio-8080-exec-4,o.s.web.servlet.DispatcherServlet,Completed 200 OK
2026-07-23T00:10:17.108468+00:00,customers-service,customers-service-68b57f7b8c-r7tfg,2026-07-23T00:09:56.549770+00:00,DEBUG,9883264c4460eb78,935cafaa99d664c6,nio-8080-exec-4,o.s.web.servlet.DispatcherServlet,"GET ""/owners/1"", parameters={}"
2026-07-23T00:10:17.108468+00:00,customers-service,customers-service-68b57f7b8c-r7tfg,2026-07-23T00:09:56.298478+00:00,DEBUG,15e2957054163747,f3ee9eff9fd43db6,nio-8080-exec-1,o.s.web.servlet.DispatcherServlet,Completed 200 OK
2026-07-23T00:10:17.108468+00:00,customers-service,customers-service-68b57f7b8c-r7tfg,2026-07-23T00:09:56.298428+00:00,DEBUG,15e2957054163747,cac80209c75e7949,nio-8080-exec-1,o.s.web.servlet.DispatcherServlet,"GET ""/owners/1"", parameters={}"
2026-07-23T00:10:17.108468+00:00,customers-service,customers-service-68b57f7b8c-r7tfg,2026-07-23T00:09:56.298400+00:00,DEBUG,07ef181f7496de32,6c46ba5b3c55917b,nio-8080-exec-9,o.s.web.servlet.DispatcherServlet,Completed 200 OK
2026-07-23T00:10:17.108468+00:00,customers-service,customers-service-68b57f7b8c-r7tfg,2026-07-23T00:09:56.298394+00:00,DEBUG,07ef181f7496de32,02e1c7fdd1c76422,nio-8080-exec-9,o.s.web.servlet.DispatcherServlet,"GET ""/owners/1"", parameters={}"
2026-07-23T00:10:17.108468+00:00,customers-service,customers-service-68b57f7b8c-r7tfg,2026-07-23T00:09:56.047752+00:00,DEBUG,ebfb6546acc6bf0e,103605f8bb65f9b3,nio-8080-exec-6,o.s.web.servlet.DispatcherServlet,Completed 200 OK
2026-07-23T00:10:17.108468+00:00,customers-service,customers-service-68b57f7b8c-r7tfg,2026-07-23T00:09:55.796842+00:00,DEBUG,ebfb6546acc6bf0e,509df08109214e3c,nio-8080-exec-6,o.s.web.servlet.DispatcherServlet,"GET ""/owners"", parameters={}"
2026-07-23T00:10:17.108468+00:00,customers-service,customers-service-68b57f7b8c-r7tfg,2026-07-23T00:09:55.796822+00:00,DEBUG,6dc42804edc3467e,4ac7f2beb29fb01f,nio-8080-exec-8,o.s.web.servlet.DispatcherServlet,Completed 200 OK
2026-07-23T00:10:17.108468+00:00,customers-service,customers-service-68b57f7b8c-r7tfg,2026-07-23T00:09:55.796818+00:00,DEBUG,6dc42804edc3467e,ba59e046e4003af8,nio-8080-exec-8,o.s.web.servlet.DispatcherServlet,"GET ""/owners"", parameters={}"
2026-07-23T00:10:17.108468+00:00,customers-service,customers-service-68b57f7b8c-r7tfg,2026-07-23T00:09:55.043530+00:00,DEBUG,22a039fa3d6afc8e,6f393f3be0d5b187,nio-8080-exec-2,o.s.web.servlet.DispatcherServlet,Completed 200 OK
2026-07-23T00:10:17.108468+00:00,customers-service,customers-service-68b57f7b8c-r7tfg,2026-07-23T00:09:54.792845+00:00,DEBUG,22a039fa3d6afc8e,6a275e3e7550c868,nio-8080-exec-2,o.s.web.servlet.DispatcherServlet,"GET ""/owners"", parameters={}"
2026-07-23T00:10:17.108468+00:00,customers-service,customers-service-68b57f7b8c-r7tfg,2026-07-23T00:09:54.039404+00:00,DEBUG,440d8d22f2f82c54,e6deb2807843d239,nio-8080-exec-7,o.s.web.servlet.DispatcherServlet,Completed 200 OK
2026-07-23T00:10:17.108468+00:00,customers-service,customers-service-68b57f7b8c-r7tfg,2026-07-23T00:09:54.039372+00:00,DEBUG,248852dc4253a879,248852dc4253a879,nio-8080-exec-5,o.s.web.servlet.DispatcherServlet,Completed 200 OK
2026-07-23T00:10:17.108468+00:00,customers-service,customers-service-68b57f7b8c-r7tfg,2026-07-23T00:09:54.039351+00:00,DEBUG,440d8d22f2f82c54,2a9855307527e90c,nio-8080-exec-7,o.s.web.servlet.DispatcherServlet,"GET ""/owners"", parameters={}"
2026-07-23T00:10:17.108468+00:00,customers-service,customers-service-68b57f7b8c-r7tfg,2026-07-23T00:09:53.788844+00:00,DEBUG,7b0ffbbe98433307,c98a40136ad66f4e,io-8080-exec-10,o.s.web.servlet.DispatcherServlet,Completed 200 OK
2026-07-23T00:10:17.108468+00:00,customers-service,customers-service-68b57f7b8c-r7tfg,2026-07-23T00:09:53.788841+00:00,DEBUG,7b0ffbbe98433307,f8c6d7f6dd012562,io-8080-exec-10,o.s.web.servlet.DispatcherServlet,"GET ""/owners/1"", parameters={}"
2026-07-23T00:10:17.108468+00:00,customers-service,customers-service-68b57f7b8c-r7tfg,2026-07-23T00:09:53.036494+00:00,DEBUG,30dddb050a4bc692,522dd96a26859887,nio-8080-exec-3,o.s.web.servlet.DispatcherServlet,Completed 200 OK
2026-07-23T00:10:17.108468+00:00,customers-service,customers-service-68b57f7b8c-r7tfg,2026-07-23T00:09:53.036479+00:00,DEBUG,30dddb050a4bc692,80362163427132f8,nio-8080-exec-3,o.s.web.servlet.DispatcherServlet,"GET ""/owners"", parameters={}"
2026-07-23T00:10:17.108468+00:00,customers-service,customers-service-68b57f7b8c-r7tfg,2026-07-23T00:09:53.036474+00:00,DEBUG,8dd5aef018b71472,5067ede1d15c1b10,nio-8080-exec-4,o.s.web.servlet.DispatcherServlet,Completed 200 OK
2026-07-23T00:10:17.108468+00:00,customers-service,customers-service-68b57f7b8c-r7tfg,2026-07-23T00:09:52.785596+00:00,DEBUG,8dd5aef018b71472,fd914b2e53489a8b,nio-8080-exec-4,o.s.web.servlet.DispatcherServlet,"GET ""/owners"", parameters={}"
2026-07-23T00:10:17.108468+00:00,customers-service,customers-service-68b57f7b8c-r7tfg,2026-07-23T00:09:52.535010+00:00,DEBUG,f430f568a2194336,41adfc12f49019af,nio-8080-exec-1,o.s.web.servlet.DispatcherServlet,Completed 200 OK
2026-07-23T00:10:17.108468+00:00,customers-service,customers-service-68b57f7b8c-r7tfg,2026-07-23T00:09:52.534989+00:00,DEBUG,f430f568a2194336,805c215eea97d3c5,nio-8080-exec-1,o.s.web.servlet.DispatcherServlet,"GET ""/owners/1"", parameters={}"
2026-07-23T00:10:17.108468+00:00,customers-service,customers-service-68b57f7b8c-r7tfg,2026-07-23T00:09:52.534982+00:00,DEBUG,c1dcf823286c9706,f44c27ceca5356df,nio-8080-exec-9,o.s.web.servlet.DispatcherServlet,Completed 200 OK
2026-07-23T00:10:17.108468+00:00,customers-service,customers-service-68b57f7b8c-r7tfg,2026-07-23T00:09:52.284344+00:00,DEBUG,c1dcf823286c9706,dd934a1bc0efe9e6,nio-8080-exec-9,o.s.web.servlet.DispatcherServlet,"GET ""/owners"", parameters={}"
2026-07-23T00:10:17.108468+00:00,customers-service,customers-service-68b57f7b8c-r7tfg,2026-07-23T00:09:51.531997+00:00,DEBUG,9b59bae4edb4b00d,3b6fa50a074d36cc,nio-8080-exec-6,o.s.web.servlet.DispatcherServlet,Completed 200 OK
2026-07-23T00:10:17.108468+00:00,customers-service,customers-service-68b57f7b8c-r7tfg,2026-07-23T00:09:51.531993+00:00,DEBUG,9b59bae4edb4b00d,6e037d44ba5b290c,nio-8080-exec-6,o.s.web.servlet.DispatcherServlet,"GET ""/owners"", parameters={}"
2026-07-23T00:10:17.108468+00:00,customers-service,customers-service-68b57f7b8c-r7tfg,2026-07-23T00:09:51.280809+00:00,DEBUG,20b657aa196c864d,196a6be0857564ba,nio-8080-exec-8,o.s.web.servlet.DispatcherServlet,Completed 200 OK
2026-07-23T00:10:17.108468+00:00,customers-service,customers-service-68b57f7b8c-r7tfg,2026-07-23T00:09:51.280797+00:00,DEBUG,c5e3e8c8e8d53255,c5e3e8c8e8d53255,nio-8080-exec-2,o.s.web.servlet.DispatcherServlet,Completed 200 OK
2026-07-23T00:10:17.108468+00:00,customers-service,customers-service-68b57f7b8c-r7tfg,2026-07-23T00:09:51.280779+00:00,DEBUG,20b657aa196c864d,f95d725d8c1304f7,nio-8080-exec-8,o.s.web.servlet.DispatcherServlet,"GET ""/owners/1"", parameters={}"
2026-07-23T00:10:17.108468+00:00,customers-service,customers-service-68b57f7b8c-r7tfg,2026-07-23T00:09:51.030080+00:00,DEBUG,79554fbcc1c402f2,7d046115775766d2,nio-8080-exec-5,o.s.web.servlet.DispatcherServlet,Completed 200 OK
2026-07-23T00:10:17.108468+00:00,customers-service,customers-service-68b57f7b8c-r7tfg,2026-07-23T00:09:51.030062+00:00,DEBUG,79554fbcc1c402f2,48370842444aa3c2,nio-8080-exec-5,o.s.web.servlet.DispatcherServlet,"GET ""/owners/1"", parameters={}"
2026-07-23T00:10:17.108468+00:00,customers-service,customers-service-68b57f7b8c-r7tfg,2026-07-23T00:09:51.030058+00:00,DEBUG,b0a444ceb882a153,d46720f0ef76f876,nio-8080-exec-7,o.s.web.servlet.DispatcherServlet,Completed 200 OK
2026-07-23T00:10:17.108468+00:00,customers-service,customers-service-68b57f7b8c-r7tfg,2026-07-23T00:09:50.779806+00:00,DEBUG,b0a444ceb882a153,9aca8a0a60359d0f,nio-8080-exec-7,o.s.web.servlet.DispatcherServlet,"GET ""/owners/1"", parameters={}"
2026-07-23T00:10:17.108468+00:00,customers-service,customers-service-68b57f7b8c-r7tfg,2026-07-23T00:09:50.026598+00:00,DEBUG,3fac27d07aa7503b,8c14f0d0acf7dece,io-8080-exec-10,o.s.web.servlet.DispatcherServlet,Completed 200 OK
2026-07-23T00:10:17.108468+00:00,customers-service,customers-service-68b57f7b8c-r7tfg,2026-07-23T00:09:50.026594+00:00,DEBUG,3fac27d07aa7503b,0f46dc9da263039d,io-8080-exec-10,o.s.web.servlet.DispatcherServlet,"GET ""/owners/1"", parameters={}"
2026-07-23T00:10:17.108468+00:00,customers-service,customers-service-68b57f7b8c-r7tfg,2026-07-23T00:09:49.274835+00:00,DEBUG,330e41e62ee686ee,25b9592b3b0dc085,nio-8080-exec-3,o.s.web.servlet.DispatcherServlet,Completed 200 OK
2026-07-23T00:10:17.108468+00:00,customers-service,customers-service-68b57f7b8c-r7tfg,2026-07-23T00:09:49.274802+00:00,DEBUG,330e41e62ee686ee,52fda3d54016b2fd,nio-8080-exec-3,o.s.web.servlet.DispatcherServlet,"GET ""/owners/1"", parameters={}"
2026-07-23T00:10:17.108468+00:00,customers-service,customers-service-68b57f7b8c-r7tfg,2026-07-23T00:09:49.274780+00:00,DEBUG,142447e458c07787,d3a6eb4f758be251,nio-8080-exec-4,o.s.web.servlet.DispatcherServlet,Completed 200 OK
2026-07-23T00:10:17.108468+00:00,customers-service,customers-service-68b57f7b8c-r7tfg,2026-07-23T00:09:49.274776+00:00,DEBUG,142447e458c07787,75d91e741bdb5923,nio-8080-exec-4,o.s.web.servlet.DispatcherServlet,"GET ""/owners/1"", parameters={}"
2026-07-23T00:10:17.108468+00:00,customers-service,customers-service-68b57f7b8c-r7tfg,2026-07-23T00:09:49.024631+00:00,DEBUG,85d5ee70a0c415aa,2e680522820e9fbf,nio-8080-exec-1,o.s.web.servlet.DispatcherServlet,Completed 200 OK
2026-07-23T00:10:17.108468+00:00,customers-service,customers-service-68b57f7b8c-r7tfg,2026-07-23T00:09:49.024628+00:00,DEBUG,85d5ee70a0c415aa,64fe0c7b61abc001,nio-8080-exec-1,o.s.web.servlet.DispatcherServlet,"GET ""/owners/1"", parameters={}"
2026-07-23T00:10:17.108468+00:00,customers-service,customers-service-68b57f7b8c-r7tfg,2026-07-23T00:09:48.522867+00:00,DEBUG,b33b935b3fb6acc5,a62786e3bc22eae2,nio-8080-exec-9,o.s.web.servlet.DispatcherServlet,Completed 200 OK
2026-07-23T00:10:17.108468+00:00,customers-service,customers-service-68b57f7b8c-r7tfg,2026-07-23T00:09:48.272449+00:00,DEBUG,b33b935b3fb6acc5,5f6f13eee39ea70a,nio-8080-exec-9,o.s.web.servlet.DispatcherServlet,"GET ""/owners/1"", parameters={}"
2026-07-23T00:10:17.108468+00:00,customers-service,customers-service-68b57f7b8c-r7tfg,2026-07-23T00:09:48.021620+00:00,DEBUG,3c455406f637b0e6,136197b4ede6d2f7,nio-8080-exec-6,o.s.web.servlet.DispatcherServlet,Completed 200 OK
2026-07-23T00:10:17.108468+00:00,customers-service,customers-service-68b57f7b8c-r7tfg,2026-07-23T00:09:47.770886+00:00,DEBUG,3c455406f637b0e6,5cdf3806e9cb8bec,nio-8080-exec-6,o.s.web.servlet.DispatcherServlet,"GET ""/owners"", parameters={}"
2026-07-23T00:10:17.108468+00:00,customers-service,customers-service-68b57f7b8c-r7tfg,2026-07-23T00:09:47.770865+00:00,DEBUG,2a22500a1804b3da,cf6e460e357c3d95,nio-8080-exec-2,o.s.web.servlet.DispatcherServlet,Completed 200 OK
2026-07-23T00:10:17.108468+00:00,customers-service,customers-service-68b57f7b8c-r7tfg,2026-07-23T00:09:47.770860+00:00,DEBUG,2a22500a1804b3da,da714e304094bd7e,nio-8080-exec-2,o.s.web.servlet.DispatcherServlet,"GET ""/owners/1"", parameters={}"
2026-07-23T00:10:17.108468+00:00,customers-service,customers-service-68b57f7b8c-r7tfg,2026-07-23T00:09:47.519652+00:00,DEBUG,d77770a5208c423d,0577a7c01c1bb966,nio-8080-exec-8,o.s.web.servlet.DispatcherServlet,Completed 200 OK
2026-07-23T00:10:17.108468+00:00,customers-service,customers-service-68b57f7b8c-r7tfg,2026-07-23T00:09:47.268506+00:00,DEBUG,d77770a5208c423d,df2d74b1a462c3fa,nio-8080-exec-8,o.s.web.servlet.DispatcherServlet,"GET ""/owners/1"", parameters={}"
2026-07-23T00:10:17.108468+00:00,customers-service,customers-service-68b57f7b8c-r7tfg,2026-07-23T00:09:47.268442+00:00,DEBUG,bdb2609f707eeaec,1de0c2517946e7c0,nio-8080-exec-5,o.s.web.servlet.DispatcherServlet,Completed 200 OK
2026-07-23T00:10:17.108468+00:00,customers-service,customers-service-68b57f7b8c-r7tfg,2026-07-23T00:09:47.268433+00:00,DEBUG,bdb2609f707eeaec,b89f13618c525804,nio-8080-exec-5,o.s.web.servlet.DispatcherServlet,"GET ""/owners"", parameters={}"
2026-07-23T00:10:17.108468+00:00,customers-service,customers-service-68b57f7b8c-r7tfg,2026-07-23T00:09:47.017874+00:00,DEBUG,c103a63d6105d56f,0b7b500712ce4681,nio-8080-exec-7,o.s.web.servlet.DispatcherServlet,Completed 200 OK
2026-07-23T00:10:17.108468+00:00,customers-service,customers-service-68b57f7b8c-r7tfg,2026-07-23T00:09:46.767287+00:00,DEBUG,c103a63d6105d56f,83fe29190649ab81,nio-8080-exec-7,o.s.web.servlet.DispatcherServlet,"GET ""/owners"", parameters={}"
2026-07-23T00:10:17.108468+00:00,customers-service,customers-service-68b57f7b8c-r7tfg,2026-07-23T00:09:46.517274+00:00,DEBUG,86ac4902563727e0,29c36a1f9d920cfd,io-8080-exec-10,o.s.web.servlet.DispatcherServlet,Completed 200 OK
2026-07-23T00:10:17.108468+00:00,customers-service,customers-service-68b57f7b8c-r7tfg,2026-07-23T00:09:46.517173+00:00,DEBUG,86ac4902563727e0,90fcc7771363b9df,io-8080-exec-10,o.s.web.servlet.DispatcherServlet,"GET ""/owners"", parameters={}"
2026-07-23T00:10:17.108468+00:00,customers-service,customers-service-68b57f7b8c-r7tfg,2026-07-23T00:09:46.517165+00:00,DEBUG,85c46ef6338cc8c3,23aad56019054a7f,nio-8080-exec-3,o.s.web.servlet.DispatcherServlet,Completed 200 OK
2026-07-23T00:10:17.108468+00:00,customers-service,customers-service-68b57f7b8c-r7tfg,2026-07-23T00:09:46.266047+00:00,DEBUG,85c46ef6338cc8c3,056ea4a65a83aad6,nio-8080-exec-3,o.s.web.servlet.DispatcherServlet,"GET ""/owners"", parameters={}"
2026-07-23T00:10:17.108468+00:00,customers-service,customers-service-68b57f7b8c-r7tfg,2026-07-23T00:09:46.015283+00:00,DEBUG,bc2effe457777c93,1feee2f11b58100b,nio-8080-exec-4,o.s.web.servlet.DispatcherServlet,Completed 200 OK
2026-07-23T00:10:17.108468+00:00,customers-service,customers-service-68b57f7b8c-r7tfg,2026-07-23T00:09:46.015278+00:00,DEBUG,bc2effe457777c93,cdaf224ee11826ea,nio-8080-exec-4,o.s.web.servlet.DispatcherServlet,"GET ""/owners/1"", parameters={}"
2026-07-23T00:10:17.108468+00:00,customers-service,customers-service-68b57f7b8c-r7tfg,2026-07-23T00:09:45.514030+00:00,DEBUG,9b8a9e11ad058fce,3335b12324a0166b,nio-8080-exec-1,o.s.web.servlet.DispatcherServlet,Completed 200 OK
2026-07-23T00:10:17.108468+00:00,customers-service,customers-service-68b57f7b8c-r7tfg,2026-07-23T00:09:45.513922+00:00,DEBUG,9b8a9e11ad058fce,fbe1394760176969,nio-8080-exec-1,o.s.web.servlet.DispatcherServlet,"GET ""/owners/1"", parameters={}"
2026-07-23T00:10:17.108468+00:00,customers-service,customers-service-68b57f7b8c-r7tfg,2026-07-23T00:09:45.513916+00:00,DEBUG,fc20ac6ec331391e,ee176f8ef2fa1432,nio-8080-exec-9,o.s.web.servlet.DispatcherServlet,Completed 200 OK
2026-07-23T00:10:17.108468+00:00,customers-service,customers-service-68b57f7b8c-r7tfg,2026-07-23T00:09:45.263803+00:00,DEBUG,fc20ac6ec331391e,0254a35024dbab5e,nio-8080-exec-9,o.s.web.servlet.DispatcherServlet,"GET ""/owners"", parameters={}"
2026-07-23T00:10:17.108468+00:00,customers-service,customers-service-68b57f7b8c-r7tfg,2026-07-23T00:09:45.263788+00:00,DEBUG,1e93622c4807d5d8,34624c7b81568d4c,nio-8080-exec-6,o.s.web.servlet.DispatcherServlet,Completed 200 OK
2026-07-23T00:10:17.108468+00:00,customers-service,customers-service-68b57f7b8c-r7tfg,2026-07-23T00:09:45.263785+00:00,DEBUG,1e93622c4807d5d8,7a22698fcd28f8ee,nio-8080-exec-6,o.s.web.servlet.DispatcherServlet,"GET ""/owners"", parameters={}"
2026-07-23T00:10:17.108468+00:00,customers-service,customers-service-68b57f7b8c-r7tfg,2026-07-23T00:09:45.013046+00:00,DEBUG,385532a3f247e3a1,6b0cd54e1e0c0297,nio-8080-exec-2,o.s.web.servlet.DispatcherServlet,Completed 200 OK
2026-07-23T00:10:17.108468+00:00,customers-service,customers-service-68b57f7b8c-r7tfg,2026-07-23T00:09:45.013040+00:00,DEBUG,385532a3f247e3a1,c110b8f880ee6164,nio-8080-exec-2,o.s.web.servlet.DispatcherServlet,"GET ""/owners/1"", parameters={}"
2026-07-23T00:10:17.108468+00:00,customers-service,customers-service-68b57f7b8c-r7tfg,2026-07-23T00:09:44.761509+00:00,DEBUG,e69fbd46f7255633,9825f0856adbe1ff,nio-8080-exec-8,o.s.web.servlet.DispatcherServlet,Completed 200 OK
2026-07-23T00:10:17.108468+00:00,customers-service,customers-service-68b57f7b8c-r7tfg,2026-07-23T00:09:44.761504+00:00,DEBUG,e69fbd46f7255633,2ed87fb124fc128a,nio-8080-exec-8,o.s.web.servlet.DispatcherServlet,"GET ""/owners/1"", parameters={}"
2026-07-23T00:10:17.108468+00:00,customers-service,customers-service-68b57f7b8c-r7tfg,2026-07-23T00:09:44.510879+00:00,DEBUG,82361d1d9914ba64,7788f5dec6c79e82,nio-8080-exec-5,o.s.web.servlet.DispatcherServlet,Completed 200 OK
2026-07-23T00:10:17.108468+00:00,customers-service,customers-service-68b57f7b8c-r7tfg,2026-07-23T00:09:44.510873+00:00,DEBUG,82361d1d9914ba64,77818c71e31e0054,nio-8080-exec-5,o.s.web.servlet.DispatcherServlet,"GET ""/owners/1"", parameters={}"
2026-07-23T00:10:17.108468+00:00,customers-service,customers-service-68b57f7b8c-r7tfg,2026-07-23T00:09:44.259925+00:00,DEBUG,69cfb51522a6afc1,b9e071b7022dafce,nio-8080-exec-7,o.s.web.servlet.DispatcherServlet,Completed 200 OK
2026-07-23T00:10:17.108468+00:00,customers-service,customers-service-68b57f7b8c-r7tfg,2026-07-23T00:09:44.259919+00:00,DEBUG,69cfb51522a6afc1,e6bd4b08b9e4a19f,nio-8080-exec-7,o.s.web.servlet.DispatcherServlet,"GET ""/owners"", parameters={}"
2026-07-23T00:10:17.108468+00:00,customers-service,customers-service-68b57f7b8c-r7tfg,2026-07-23T00:09:44.008214+00:00,DEBUG,675a12de801e90a4,f842e4dae067bfa8,io-8080-exec-10,o.s.web.servlet.DispatcherServlet,Completed 200 OK
2026-07-23T00:10:17.108468+00:00,customers-service,customers-service-68b57f7b8c-r7tfg,2026-07-23T00:09:43.757495+00:00,DEBUG,675a12de801e90a4,8c4a3d4112dec897,io-8080-exec-10,o.s.web.servlet.DispatcherServlet,"GET ""/owners/1"", parameters={}"
2026-07-23T00:10:17.108468+00:00,customers-service,customers-service-68b57f7b8c-r7tfg,2026-07-23T00:09:43.507249+00:00,DEBUG,2d01c58ce978cda0,6ff0fbdf9a74cf84,nio-8080-exec-3,o.s.web.servlet.DispatcherServlet,Completed 200 OK
2026-07-23T00:10:17.108468+00:00,customers-service,customers-service-68b57f7b8c-r7tfg,2026-07-23T00:09:43.507246+00:00,DEBUG,2d01c58ce978cda0,6dcd16dd8fc8a02d,nio-8080-exec-3,o.s.web.servlet.DispatcherServlet,"GET ""/owners"", parameters={}"
2026-07-23T00:10:17.108468+00:00,customers-service,customers-service-68b57f7b8c-r7tfg,2026-07-23T00:09:43.006661+00:00,DEBUG,326387194366313f,61496377a051081f,nio-8080-exec-4,o.s.web.servlet.DispatcherServlet,Completed 200 OK
2026-07-23T00:10:17.108468+00:00,customers-service,customers-service-68b57f7b8c-r7tfg,2026-07-23T00:09:43.006655+00:00,DEBUG,326387194366313f,7eda74efb2ca0492,nio-8080-exec-4,o.s.web.servlet.DispatcherServlet,"GET ""/owners/1"", parameters={}"
2026-07-23T00:10:17.108468+00:00,customers-service,customers-service-68b57f7b8c-r7tfg,2026-07-23T00:09:42.755300+00:00,DEBUG,4e2979712d3edd2e,a772a21bd81e20c3,nio-8080-exec-1,o.s.web.servlet.DispatcherServlet,Completed 200 OK
2026-07-23T00:10:17.108468+00:00,customers-service,customers-service-68b57f7b8c-r7tfg,2026-07-23T00:09:42.755296+00:00,DEBUG,4e2979712d3edd2e,95ee20056dffa0a3,nio-8080-exec-1,o.s.web.servlet.DispatcherServlet,"GET ""/owners/1"", parameters={}"
2026-07-23T00:10:17.108468+00:00,customers-service,customers-service-68b57f7b8c-r7tfg,2026-07-23T00:09:42.504977+00:00,DEBUG,4aadf510ff0bb1d1,4aadf510ff0bb1d1,nio-8080-exec-9,o.s.web.servlet.DispatcherServlet,Completed 200 OK
2026-07-23T00:10:17.108468+00:00,customers-service,customers-service-68b57f7b8c-r7tfg,2026-07-23T00:09:42.254919+00:00,DEBUG,9cdafa2716a2e024,d5855eb2bff5d0ea,nio-8080-exec-6,o.s.web.servlet.DispatcherServlet,Completed 200 OK
2026-07-23T00:10:17.108468+00:00,customers-service,customers-service-68b57f7b8c-r7tfg,2026-07-23T00:09:42.254871+00:00,DEBUG,9cdafa2716a2e024,46ec4065f2881b38,nio-8080-exec-6,o.s.web.servlet.DispatcherServlet,"GET ""/owners/1"", parameters={}"
2026-07-23T00:10:17.108468+00:00,customers-service,customers-service-68b57f7b8c-r7tfg,2026-07-23T00:09:42.254864+00:00,DEBUG,a79659e28b64d1e9,2c4c529112c2ee21,nio-8080-exec-2,o.s.web.servlet.DispatcherServlet,Completed 200 OK
2026-07-23T00:10:17.108468+00:00,customers-service,customers-service-68b57f7b8c-r7tfg,2026-07-23T00:09:42.004734+00:00,DEBUG,a79659e28b64d1e9,74678b77fadfd9bf,nio-8080-exec-2,o.s.web.servlet.DispatcherServlet,"GET ""/owners"", parameters={}"
2026-07-23T00:10:17.108468+00:00,customers-service,customers-service-68b57f7b8c-r7tfg,2026-07-23T00:09:41.503225+00:00,DEBUG,06c3125a7da365ef,bf2a19c1269eb949,nio-8080-exec-8,o.s.web.servlet.DispatcherServlet,Completed 200 OK
2026-07-23T00:10:17.108468+00:00,customers-service,customers-service-68b57f7b8c-r7tfg,2026-07-23T00:09:41.252224+00:00,DEBUG,06c3125a7da365ef,88cbef6892e1f421,nio-8080-exec-8,o.s.web.servlet.DispatcherServlet,"GET ""/owners"", parameters={}"
2026-07-23T00:10:17.108468+00:00,customers-service,customers-service-68b57f7b8c-r7tfg,2026-07-23T00:09:41.252208+00:00,DEBUG,11108678d112ff25,8225fb2b1aca941c,nio-8080-exec-5,o.s.web.servlet.DispatcherServlet,Completed 200 OK
2026-07-23T00:10:17.108468+00:00,customers-service,customers-service-68b57f7b8c-r7tfg,2026-07-23T00:09:41.252205+00:00,DEBUG,11108678d112ff25,a4a4a3e552682f5f,nio-8080-exec-5,o.s.web.servlet.DispatcherServlet,"GET ""/owners/1"", parameters={}"
2026-07-23T00:10:17.108468+00:00,customers-service,customers-service-68b57f7b8c-r7tfg,2026-07-23T00:09:41.001254+00:00,DEBUG,6ee0623e112ffe8d,89e0a72b71994fd4,nio-8080-exec-7,o.s.web.servlet.DispatcherServlet,Completed 200 OK
2026-07-23T00:10:17.108468+00:00,customers-service,customers-service-68b57f7b8c-r7tfg,2026-07-23T00:09:41.001249+00:00,DEBUG,6ee0623e112ffe8d,67c8d141ea3b096e,nio-8080-exec-7,o.s.web.servlet.DispatcherServlet,"GET ""/owners/1"", parameters={}"
2026-07-23T00:10:17.108468+00:00,customers-service,customers-service-68b57f7b8c-r7tfg,2026-07-23T00:09:40.750375+00:00,DEBUG,1805754d5fa67747,546c6718ef479565,io-8080-exec-10,o.s.web.servlet.DispatcherServlet,Completed 200 OK
2026-07-23T00:10:17.108468+00:00,customers-service,customers-service-68b57f7b8c-r7tfg,2026-07-23T00:09:40.499408+00:00,DEBUG,1805754d5fa67747,74b3ffccec1d7e1c,io-8080-exec-10,o.s.web.servlet.DispatcherServlet,"GET ""/owners"", parameters={}"
2026-07-23T00:10:17.108468+00:00,customers-service,customers-service-68b57f7b8c-r7tfg,2026-07-23T00:09:40.248744+00:00,DEBUG,027673285b517dfb,1432dac078e25024,nio-8080-exec-3,o.s.web.servlet.DispatcherServlet,Completed 200 OK
2026-07-23T00:10:17.108468+00:00,customers-service,customers-service-68b57f7b8c-r7tfg,2026-07-23T00:09:39.997811+00:00,DEBUG,027673285b517dfb,e8bf149673d1b37a,nio-8080-exec-3,o.s.web.servlet.DispatcherServlet,"GET ""/owners"", parameters={}"
2026-07-23T00:10:17.108468+00:00,customers-service,customers-service-68b57f7b8c-r7tfg,2026-07-23T00:09:39.496406+00:00,DEBUG,66c0d42f826b3734,b692d6acf922eadd,nio-8080-exec-4,o.s.web.servlet.DispatcherServlet,Completed 200 OK
2026-07-23T00:10:17.108468+00:00,customers-service,customers-service-68b57f7b8c-r7tfg,2026-07-23T00:09:39.496382+00:00,DEBUG,66c0d42f826b3734,69ddcff0b21e6f87,nio-8080-exec-4,o.s.web.servlet.DispatcherServlet,"GET ""/owners/1"", parameters={}"
2026-07-23T00:10:17.108468+00:00,customers-service,customers-service-68b57f7b8c-r7tfg,2026-07-23T00:09:39.496355+00:00,DEBUG,384b1f41a43fd729,573f96b47c99f793,nio-8080-exec-1,o.s.web.servlet.DispatcherServlet,Completed 200 OK
2026-07-23T00:10:17.108468+00:00,customers-service,customers-service-68b57f7b8c-r7tfg,2026-07-23T00:09:39.496349+00:00,DEBUG,384b1f41a43fd729,5b98af9e3373cc97,nio-8080-exec-1,o.s.web.servlet.DispatcherServlet,"GET ""/owners"", parameters={}"
2026-07-23T00:10:17.108468+00:00,customers-service,customers-service-68b57f7b8c-r7tfg,2026-07-23T00:09:38.994883+00:00,DEBUG,52092cfc16edae70,52092cfc16edae70,nio-8080-exec-9,o.s.web.servlet.DispatcherServlet,Completed 200 OK
2026-07-23T00:10:17.108468+00:00,customers-service,customers-service-68b57f7b8c-r7tfg,2026-07-23T00:09:38.994755+00:00,DEBUG,80cbc8657f47917c,5d944d2acfeddcaf,nio-8080-exec-6,o.s.web.servlet.DispatcherServlet,Completed 200 OK
2026-07-23T00:10:17.108468+00:00,customers-service,customers-service-68b57f7b8c-r7tfg,2026-07-23T00:09:38.994750+00:00,DEBUG,80cbc8657f47917c,c5509567224dc850,nio-8080-exec-6,o.s.web.servlet.DispatcherServlet,"GET ""/owners"", parameters={}"
2026-07-23T00:10:17.108468+00:00,customers-service,customers-service-68b57f7b8c-r7tfg,2026-07-23T00:09:38.744427+00:00,DEBUG,1a1eaa79769c8e19,bd76627f5aff4b05,nio-8080-exec-2,o.s.web.servlet.DispatcherServlet,Completed 200 OK
2026-07-23T00:10:17.108468+00:00,customers-service,customers-service-68b57f7b8c-r7tfg,2026-07-23T00:09:38.744419+00:00,DEBUG,1a1eaa79769c8e19,0d6c4c46406f3dd0,nio-8080-exec-2,o.s.web.servlet.DispatcherServlet,"GET ""/owners/1"", parameters={}"
2026-07-23T00:10:17.108468+00:00,customers-service,customers-service-68b57f7b8c-r7tfg,2026-07-23T00:09:38.492849+00:00,DEBUG,be07e1a67e420d29,606e963475494239,nio-8080-exec-8,o.s.web.servlet.DispatcherServlet,Completed 200 OK
2026-07-23T00:10:17.108468+00:00,customers-service,customers-service-68b57f7b8c-r7tfg,2026-07-23T00:09:38.492841+00:00,DEBUG,be07e1a67e420d29,c10d1b6d10fefae4,nio-8080-exec-8,o.s.web.servlet.DispatcherServlet,"GET ""/owners/1"", parameters={}"
2026-07-23T00:10:17.108468+00:00,customers-service,customers-service-68b57f7b8c-r7tfg,2026-07-23T00:09:38.242808+00:00,DEBUG,463936f8e7c800e4,a45b8fdc3e6dfb3e,nio-8080-exec-5,o.s.web.servlet.DispatcherServlet,Completed 200 OK
2026-07-23T00:10:17.108468+00:00,customers-service,customers-service-68b57f7b8c-r7tfg,2026-07-23T00:09:38.242799+00:00,DEBUG,463936f8e7c800e4,f72c5ccfe7058701,nio-8080-exec-5,o.s.web.servlet.DispatcherServlet,"GET ""/owners"", parameters={}"
2026-07-23T00:10:17.108468+00:00,customers-service,customers-service-68b57f7b8c-r7tfg,2026-07-23T00:09:37.741626+00:00,DEBUG,45208e37180a95ea,7cfe62b820db7f13,nio-8080-exec-7,o.s.web.servlet.DispatcherServlet,Completed 200 OK
2026-07-23T00:10:17.108468+00:00,customers-service,customers-service-68b57f7b8c-r7tfg,2026-07-23T00:09:37.741608+00:00,DEBUG,45208e37180a95ea,fc859d8cd95ca673,nio-8080-exec-7,o.s.web.servlet.DispatcherServlet,"GET ""/owners"", parameters={}"
2026-07-23T00:10:17.108468+00:00,customers-service,customers-service-68b57f7b8c-r7tfg,2026-07-23T00:09:37.239844+00:00,DEBUG,9bc7143e4670d042,3302589d7d3c7c5a,io-8080-exec-10,o.s.web.servlet.DispatcherServlet,Completed 200 OK
2026-07-23T00:10:17.108468+00:00,customers-service,customers-service-68b57f7b8c-r7tfg,2026-07-23T00:09:37.239836+00:00,DEBUG,9bc7143e4670d042,cf8513017d9b0a05,io-8080-exec-10,o.s.web.servlet.DispatcherServlet,"GET ""/owners"", parameters={}"
2026-07-23T00:10:17.108468+00:00,customers-service,customers-service-68b57f7b8c-r7tfg,2026-07-23T00:09:36.989617+00:00,DEBUG,cfb956d9a02f3180,074ed6977d05a008,nio-8080-exec-3,o.s.web.servlet.DispatcherServlet,Completed 200 OK
2026-07-23T00:10:17.108468+00:00,customers-service,customers-service-68b57f7b8c-r7tfg,2026-07-23T00:09:36.989611+00:00,DEBUG,cfb956d9a02f3180,cdb303f095df8961,nio-8080-exec-3,o.s.web.servlet.DispatcherServlet,"GET ""/owners/1"", parameters={}"
2026-07-23T00:10:17.108468+00:00,customers-service,customers-service-68b57f7b8c-r7tfg,2026-07-23T00:09:36.488507+00:00,DEBUG,ef4a3dd76b584c9e,475b281a75dd9fbc,nio-8080-exec-4,o.s.web.servlet.DispatcherServlet,Completed 200 OK
2026-07-23T00:10:17.108468+00:00,customers-service,customers-service-68b57f7b8c-r7tfg,2026-07-23T00:09:36.488478+00:00,DEBUG,ef4a3dd76b584c9e,716a85efb7c18aca,nio-8080-exec-4,o.s.web.servlet.DispatcherServlet,"GET ""/owners/1"", parameters={}"
2026-07-23T00:10:17.108468+00:00,customers-service,customers-service-68b57f7b8c-r7tfg,2026-07-23T00:09:35.483446+00:00,DEBUG,eb03d461e0411b0f,8020bf26511048c9,nio-8080-exec-1,o.s.web.servlet.DispatcherServlet,Completed 200 OK
2026-07-23T00:10:17.108468+00:00,customers-service,customers-service-68b57f7b8c-r7tfg,2026-07-23T00:09:35.483397+00:00,DEBUG,eb03d461e0411b0f,55d45b851b046e41,nio-8080-exec-1,o.s.web.servlet.DispatcherServlet,"GET ""/owners/1"", parameters={}"
2026-07-23T00:10:17.108468+00:00,customers-service,customers-service-68b57f7b8c-r7tfg,2026-07-23T00:09:35.483368+00:00,DEBUG,1607d96704e9fcb8,3ecd2866ff45b919,nio-8080-exec-9,o.s.web.servlet.DispatcherServlet,Completed 200 OK
2026-07-23T00:10:17.108468+00:00,customers-service,customers-service-68b57f7b8c-r7tfg,2026-07-23T00:09:35.483362+00:00,DEBUG,1607d96704e9fcb8,9a41718ed3653e6b,nio-8080-exec-9,o.s.web.servlet.DispatcherServlet,"GET ""/owners"", parameters={}"
2026-07-23T00:10:17.108468+00:00,customers-service,customers-service-68b57f7b8c-r7tfg,2026-07-23T00:09:35.233197+00:00,DEBUG,f91c39bf47ad6f1a,56de073f8e5c13bc,nio-8080-exec-6,o.s.web.servlet.DispatcherServlet,Completed 200 OK
2026-07-23T00:10:17.108468+00:00,customers-service,customers-service-68b57f7b8c-r7tfg,2026-07-23T00:09:35.233192+00:00,DEBUG,f91c39bf47ad6f1a,2e1717ffc92a7f32,nio-8080-exec-6,o.s.web.servlet.DispatcherServlet,"GET ""/owners"", parameters={}"
2026-07-23T00:10:17.108468+00:00,customers-service,customers-service-68b57f7b8c-r7tfg,2026-07-23T00:09:34.981905+00:00,DEBUG,9cdf7fc247c847ed,170938d0c86ae94a,nio-8080-exec-2,o.s.web.servlet.DispatcherServlet,Completed 200 OK
2026-07-23T00:10:17.108468+00:00,customers-service,customers-service-68b57f7b8c-r7tfg,2026-07-23T00:09:34.981876+00:00,DEBUG,9cdf7fc247c847ed,826c0991b84b147c,nio-8080-exec-2,o.s.web.servlet.DispatcherServlet,"GET ""/owners/1"", parameters={}"
2026-07-23T00:10:17.108468+00:00,customers-service,customers-service-68b57f7b8c-r7tfg,2026-07-23T00:09:34.981852+00:00,DEBUG,b7accfaab23b0725,7e90500149cd631b,nio-8080-exec-8,o.s.web.servlet.DispatcherServlet,Completed 200 OK
2026-07-23T00:10:17.108468+00:00,customers-service,customers-service-68b57f7b8c-r7tfg,2026-07-23T00:09:34.981848+00:00,DEBUG,b7accfaab23b0725,d6a6eada30f1c080,nio-8080-exec-8,o.s.web.servlet.DispatcherServlet,"GET ""/owners/1"", parameters={}"
2026-07-23T00:10:17.108468+00:00,customers-service,customers-service-68b57f7b8c-r7tfg,2026-07-23T00:09:34.730550+00:00,DEBUG,05ae00857a0437da,75e9e99c193d4026,nio-8080-exec-5,o.s.web.servlet.DispatcherServlet,Completed 200 OK
2026-07-23T00:10:17.108468+00:00,customers-service,customers-service-68b57f7b8c-r7tfg,2026-07-23T00:09:34.730546+00:00,DEBUG,05ae00857a0437da,b649270a210016ea,nio-8080-exec-5,o.s.web.servlet.DispatcherServlet,"GET ""/owners/1"", parameters={}"
2026-07-23T00:10:17.108468+00:00,customers-service,customers-service-68b57f7b8c-r7tfg,2026-07-23T00:09:34.229858+00:00,DEBUG,c88c5ee0ae84210c,9a150e46bf0412a9,nio-8080-exec-7,o.s.web.servlet.DispatcherServlet,Completed 200 OK
2026-07-23T00:10:17.108468+00:00,customers-service,customers-service-68b57f7b8c-r7tfg,2026-07-23T00:09:34.229828+00:00,DEBUG,c88c5ee0ae84210c,a381963743ddcd20,nio-8080-exec-7,o.s.web.servlet.DispatcherServlet,"GET ""/owners/1"", parameters={}"
2026-07-23T00:10:17.108468+00:00,customers-service,customers-service-68b57f7b8c-r7tfg,2026-07-23T00:09:34.229822+00:00,DEBUG,4b6e25789d3477be,c9d14cbda8038ded,io-8080-exec-10,o.s.web.servlet.DispatcherServlet,Completed 200 OK
2026-07-23T00:10:17.108468+00:00,customers-service,customers-service-68b57f7b8c-r7tfg,2026-07-23T00:09:33.978418+00:00,DEBUG,4b6e25789d3477be,622a29d9ed4b9b64,io-8080-exec-10,o.s.web.servlet.DispatcherServlet,"GET ""/owners"", parameters={}"
2026-07-23T00:10:17.108468+00:00,customers-service,customers-service-68b57f7b8c-r7tfg,2026-07-23T00:09:33.727977+00:00,DEBUG,78d52f5e33d532d0,1e72b89dcf0f8b2e,nio-8080-exec-3,o.s.web.servlet.DispatcherServlet,Completed 200 OK
2026-07-23T00:10:17.108468+00:00,customers-service,customers-service-68b57f7b8c-r7tfg,2026-07-23T00:09:33.727915+00:00,DEBUG,78d52f5e33d532d0,67d2be872a5e352c,nio-8080-exec-3,o.s.web.servlet.DispatcherServlet,"GET ""/owners/1"", parameters={}"
2026-07-23T00:10:17.108468+00:00,customers-service,customers-service-68b57f7b8c-r7tfg,2026-07-23T00:09:33.476814+00:00,DEBUG,71bef8b3036888a8,e836b204645a3920,nio-8080-exec-4,o.s.web.servlet.DispatcherServlet,Completed 200 OK
2026-07-23T00:10:17.108468+00:00,customers-service,customers-service-68b57f7b8c-r7tfg,2026-07-23T00:09:33.476793+00:00,DEBUG,71bef8b3036888a8,6eed00226dd9be58,nio-8080-exec-4,o.s.web.servlet.DispatcherServlet,"GET ""/owners/1"", parameters={}"
2026-07-23T00:10:17.108468+00:00,customers-service,customers-service-68b57f7b8c-r7tfg,2026-07-23T00:09:33.476772+00:00,DEBUG,e8bd4d94ba25ebdc,ddb4637b15b2ae6a,nio-8080-exec-1,o.s.web.servlet.DispatcherServlet,Completed 200 OK
2026-07-23T00:10:17.108468+00:00,customers-service,customers-service-68b57f7b8c-r7tfg,2026-07-23T00:09:33.476767+00:00,DEBUG,e8bd4d94ba25ebdc,0e5750cfbbe957b0,nio-8080-exec-1,o.s.web.servlet.DispatcherServlet,"GET ""/owners/1"", parameters={}"
2026-07-23T00:10:17.108468+00:00,customers-service,customers-service-68b57f7b8c-r7tfg,2026-07-23T00:09:33.225715+00:00,DEBUG,74fae135af842275,97fc817b6efc1ec8,nio-8080-exec-9,o.s.web.servlet.DispatcherServlet,Completed 200 OK
2026-07-23T00:10:17.108468+00:00,customers-service,customers-service-68b57f7b8c-r7tfg,2026-07-23T00:09:33.225712+00:00,DEBUG,74fae135af842275,4d4ca0f286dc2aaf,nio-8080-exec-9,o.s.web.servlet.DispatcherServlet,"GET ""/owners"", parameters={}"
2026-07-23T00:10:17.108468+00:00,customers-service,customers-service-68b57f7b8c-r7tfg,2026-07-23T00:09:32.723866+00:00,DEBUG,9b96df43d4009796,a885c8826c83874c,nio-8080-exec-6,o.s.web.servlet.DispatcherServlet,Completed 200 OK
2026-07-23T00:10:17.108468+00:00,customers-service,customers-service-68b57f7b8c-r7tfg,2026-07-23T00:09:32.723835+00:00,DEBUG,9b96df43d4009796,901f927676c6c2b6,nio-8080-exec-6,o.s.web.servlet.DispatcherServlet,"GET ""/owners"", parameters={}"
2026-07-23T00:10:17.108468+00:00,customers-service,customers-service-68b57f7b8c-r7tfg,2026-07-23T00:09:32.473056+00:00,DEBUG,2d1169ff32b8cb9a,998467fcb7b4a1e8,nio-8080-exec-2,o.s.web.servlet.DispatcherServlet,Completed 200 OK
2026-07-23T00:10:17.108468+00:00,customers-service,customers-service-68b57f7b8c-r7tfg,2026-07-23T00:09:32.473049+00:00,DEBUG,2d1169ff32b8cb9a,b14b40b0742484ec,nio-8080-exec-2,o.s.web.servlet.DispatcherServlet,"GET ""/owners/1"", parameters={}"
2026-07-23T00:10:17.108468+00:00,customers-service,customers-service-68b57f7b8c-r7tfg,2026-07-23T00:09:31.971719+00:00,DEBUG,f7e32296f6e2bced,df4016745077261b,nio-8080-exec-8,o.s.web.servlet.DispatcherServlet,Completed 200 OK
2026-07-23T00:10:17.108468+00:00,customers-service,customers-service-68b57f7b8c-r7tfg,2026-07-23T00:09:31.971708+00:00,DEBUG,f7e32296f6e2bced,fc4958287fbf6e9a,nio-8080-exec-8,o.s.web.servlet.DispatcherServlet,"GET ""/owners"", parameters={}"
2026-07-23T00:10:17.108468+00:00,customers-service,customers-service-68b57f7b8c-r7tfg,2026-07-23T00:09:31.469362+00:00,DEBUG,ab79f3eeb011a3a9,63e3c68f67c6a0b8,nio-8080-exec-5,o.s.web.servlet.DispatcherServlet,Completed 200 OK
2026-07-23T00:10:17.108468+00:00,customers-service,customers-service-68b57f7b8c-r7tfg,2026-07-23T00:09:31.469325+00:00,DEBUG,ab79f3eeb011a3a9,9a41e585b47603e7,nio-8080-exec-5,o.s.web.servlet.DispatcherServlet,"GET ""/owners/1"", parameters={}"
2026-07-23T00:10:17.108468+00:00,customers-service,customers-service-68b57f7b8c-r7tfg,2026-07-23T00:09:31.469294+00:00,DEBUG,87b3c3cab778017f,87b3c3cab778017f,nio-8080-exec-7,o.s.web.servlet.DispatcherServlet,Completed 200 OK
2026-07-23T00:10:17.108468+00:00,customers-service,customers-service-68b57f7b8c-r7tfg,2026-07-23T00:09:30.967176+00:00,DEBUG,d2d5ca7e9ac7ca26,6cf3029dc7e2add2,io-8080-exec-10,o.s.web.servlet.DispatcherServlet,Completed 200 OK
2026-07-23T00:10:17.108468+00:00,customers-service,customers-service-68b57f7b8c-r7tfg,2026-07-23T00:09:30.967170+00:00,DEBUG,d2d5ca7e9ac7ca26,f2c9be909c59cab9,io-8080-exec-10,o.s.web.servlet.DispatcherServlet,"GET ""/owners/1"", parameters={}"
2026-07-23T00:10:17.108468+00:00,customers-service,customers-service-68b57f7b8c-r7tfg,2026-07-23T00:09:30.215852+00:00,DEBUG,3e85019eb6cc7f0d,0b55e1138aac5848,nio-8080-exec-3,o.s.web.servlet.DispatcherServlet,Completed 200 OK
2026-07-23T00:10:17.108468+00:00,customers-service,customers-service-68b57f7b8c-r7tfg,2026-07-23T00:09:30.215842+00:00,DEBUG,3e85019eb6cc7f0d,c308ccfb93b3a938,nio-8080-exec-3,o.s.web.servlet.DispatcherServlet,"GET ""/owners/1"", parameters={}"
2026-07-23T00:10:17.108468+00:00,customers-service,customers-service-68b57f7b8c-r7tfg,2026-07-23T00:09:29.964437+00:00,DEBUG,29381c66a093caa6,147e1a4348defca6,nio-8080-exec-4,o.s.web.servlet.DispatcherServlet,Completed 200 OK
2026-07-23T00:10:17.108468+00:00,customers-service,customers-service-68b57f7b8c-r7tfg,2026-07-23T00:09:29.964432+00:00,DEBUG,29381c66a093caa6,1e549bce7843c089,nio-8080-exec-4,o.s.web.servlet.DispatcherServlet,"GET ""/owners/1"", parameters={}"
2026-07-23T00:10:17.108468+00:00,customers-service,customers-service-68b57f7b8c-r7tfg,2026-07-23T00:09:29.462915+00:00,DEBUG,ab998e0380a5cb7c,6b9c5ec808199350,nio-8080-exec-1,o.s.web.servlet.DispatcherServlet,Completed 200 OK
2026-07-23T00:10:17.108468+00:00,customers-service,customers-service-68b57f7b8c-r7tfg,2026-07-23T00:09:29.462909+00:00,DEBUG,ab998e0380a5cb7c,eea51fe3ad9fabf7,nio-8080-exec-1,o.s.web.servlet.DispatcherServlet,"GET ""/owners/1"", parameters={}"
2026-07-23T00:10:17.108468+00:00,customers-service,customers-service-68b57f7b8c-r7tfg,2026-07-23T00:09:29.211885+00:00,DEBUG,a927d281a902468f,b42316690ceeafa2,nio-8080-exec-9,o.s.web.servlet.DispatcherServlet,Completed 200 OK
2026-07-23T00:10:17.108468+00:00,customers-service,customers-service-68b57f7b8c-r7tfg,2026-07-23T00:09:29.211880+00:00,DEBUG,a927d281a902468f,82bd8f4844bd340d,nio-8080-exec-9,o.s.web.servlet.DispatcherServlet,"GET ""/owners"", parameters={}"
2026-07-23T00:10:17.108468+00:00,customers-service,customers-service-68b57f7b8c-r7tfg,2026-07-23T00:09:28.209010+00:00,DEBUG,4ceff2dd237ed940,d987cac223ed248d,nio-8080-exec-6,o.s.web.servlet.DispatcherServlet,Completed 200 OK
2026-07-23T00:10:17.108468+00:00,customers-service,customers-service-68b57f7b8c-r7tfg,2026-07-23T00:09:28.209001+00:00,DEBUG,4ceff2dd237ed940,0c0f3c184e3e59f7,nio-8080-exec-6,o.s.web.servlet.DispatcherServlet,"GET ""/owners"", parameters={}"
2026-07-23T00:10:17.108468+00:00,customers-service,customers-service-68b57f7b8c-r7tfg,2026-07-23T00:09:27.957960+00:00,DEBUG,3a196b280820efde,d6815429b30c04ab,nio-8080-exec-2,o.s.web.servlet.DispatcherServlet,Completed 200 OK
2026-07-23T00:10:17.108468+00:00,customers-service,customers-service-68b57f7b8c-r7tfg,2026-07-23T00:09:27.957903+00:00,DEBUG,3a196b280820efde,8a756a86b1b275b5,nio-8080-exec-2,o.s.web.servlet.DispatcherServlet,"GET ""/owners/1"", parameters={}"
2026-07-23T00:10:17.108468+00:00,customers-service,customers-service-68b57f7b8c-r7tfg,2026-07-23T00:09:27.957875+00:00,DEBUG,cc8c911f8861e8cd,762367c81810a830,nio-8080-exec-8,o.s.web.servlet.DispatcherServlet,Completed 200 OK
2026-07-23T00:10:17.108468+00:00,customers-service,customers-service-68b57f7b8c-r7tfg,2026-07-23T00:09:27.957869+00:00,DEBUG,cc8c911f8861e8cd,ff03a8acec1656a5,nio-8080-exec-8,o.s.web.servlet.DispatcherServlet,"GET ""/owners/1"", parameters={}"
2026-07-23T00:10:17.108468+00:00,customers-service,customers-service-68b57f7b8c-r7tfg,2026-07-23T00:09:27.456040+00:00,DEBUG,6542195dd27e7a07,6542195dd27e7a07,nio-8080-exec-5,o.s.web.servlet.DispatcherServlet,Completed 200 OK
2026-07-23T00:10:17.108468+00:00,customers-service,customers-service-68b57f7b8c-r7tfg,2026-07-23T00:09:27.455973+00:00,DEBUG,85550366d81e3035,9c225776ca1c339b,nio-8080-exec-7,o.s.web.servlet.DispatcherServlet,Completed 200 OK
2026-07-23T00:10:17.108468+00:00,customers-service,customers-service-68b57f7b8c-r7tfg,2026-07-23T00:09:27.455970+00:00,DEBUG,85550366d81e3035,0af01eff8651cc81,nio-8080-exec-7,o.s.web.servlet.DispatcherServlet,"GET ""/owners"", parameters={}"
2026-07-23T00:10:17.108468+00:00,customers-service,customers-service-68b57f7b8c-r7tfg,2026-07-23T00:09:27.204822+00:00,DEBUG,c1945a768917176f,71681cedcd47820e,io-8080-exec-10,o.s.web.servlet.DispatcherServlet,Completed 200 OK
2026-07-23T00:10:17.108468+00:00,customers-service,customers-service-68b57f7b8c-r7tfg,2026-07-23T00:09:27.204814+00:00,DEBUG,c1945a768917176f,ca3b3062d8cffada,io-8080-exec-10,o.s.web.servlet.DispatcherServlet,"GET ""/owners"", parameters={}"
2026-07-23T00:10:17.108468+00:00,customers-service,customers-service-68b57f7b8c-r7tfg,2026-07-23T00:09:26.954154+00:00,DEBUG,523d29be8a1d1b45,83b89b6db299bff7,nio-8080-exec-3,o.s.web.servlet.DispatcherServlet,Completed 200 OK
2026-07-23T00:10:17.108468+00:00,customers-service,customers-service-68b57f7b8c-r7tfg,2026-07-23T00:09:26.954119+00:00,DEBUG,523d29be8a1d1b45,d7f538cdb3fa20bc,nio-8080-exec-3,o.s.web.servlet.DispatcherServlet,"GET ""/owners/1"", parameters={}"
2026-07-23T00:10:17.108468+00:00,customers-service,customers-service-68b57f7b8c-r7tfg,2026-07-23T00:09:26.954100+00:00,DEBUG,1efa50e8a4f7ced6,3134fb74ce36446d,nio-8080-exec-4,o.s.web.servlet.DispatcherServlet,Completed 200 OK
2026-07-23T00:10:17.108468+00:00,customers-service,customers-service-68b57f7b8c-r7tfg,2026-07-23T00:09:26.954078+00:00,DEBUG,1efa50e8a4f7ced6,6eb03b375126568c,nio-8080-exec-4,o.s.web.servlet.DispatcherServlet,"GET ""/owners/1"", parameters={}"
2026-07-23T00:10:17.108468+00:00,customers-service,customers-service-68b57f7b8c-r7tfg,2026-07-23T00:09:24.998485+00:00,DEBUG,5701babe33d0eb10,f697a86ac34ef729,nio-8080-exec-1,o.s.web.servlet.DispatcherServlet,Completed 200 OK
2026-07-23T00:10:17.108468+00:00,customers-service,customers-service-68b57f7b8c-r7tfg,2026-07-23T00:09:24.998479+00:00,DEBUG,5701babe33d0eb10,0a07a166d596666f,nio-8080-exec-1,o.s.web.servlet.DispatcherServlet,"GET ""/owners"", parameters={}"
2026-07-23T00:10:17.108468+00:00,customers-service,customers-service-68b57f7b8c-r7tfg,2026-07-23T00:09:24.247395+00:00,DEBUG,3d1d032ff988b443,9518cea3a6b6c72f,nio-8080-exec-9,o.s.web.servlet.DispatcherServlet,Completed 200 OK
2026-07-23T00:10:17.108468+00:00,customers-service,customers-service-68b57f7b8c-r7tfg,2026-07-23T00:09:24.247389+00:00,DEBUG,3d1d032ff988b443,0e8c94e9939815d2,nio-8080-exec-9,o.s.web.servlet.DispatcherServlet,"GET ""/owners/1"", parameters={}"
2026-07-23T00:10:17.108468+00:00,customers-service,customers-service-68b57f7b8c-r7tfg,2026-07-23T00:09:23.996349+00:00,DEBUG,0093098cfbfbea9d,4cd4c4388cac3d84,nio-8080-exec-6,o.s.web.servlet.DispatcherServlet,Completed 200 OK
2026-07-23T00:10:17.108468+00:00,customers-service,customers-service-68b57f7b8c-r7tfg,2026-07-23T00:09:23.996329+00:00,DEBUG,0093098cfbfbea9d,3eca37d68c8b7efb,nio-8080-exec-6,o.s.web.servlet.DispatcherServlet,"GET ""/owners"", parameters={}"
2026-07-23T00:10:17.108468+00:00,customers-service,customers-service-68b57f7b8c-r7tfg,2026-07-23T00:09:23.996325+00:00,DEBUG,78421520f7de4acb,937e51ed91428b2d,nio-8080-exec-2,o.s.web.servlet.DispatcherServlet,Completed 200 OK
2026-07-23T00:10:17.108468+00:00,customers-service,customers-service-68b57f7b8c-r7tfg,2026-07-23T00:09:23.746428+00:00,DEBUG,78421520f7de4acb,17d79307bc93970b,nio-8080-exec-2,o.s.web.servlet.DispatcherServlet,"GET ""/owners"", parameters={}"
2026-07-23T00:10:17.108468+00:00,customers-service,customers-service-68b57f7b8c-r7tfg,2026-07-23T00:09:23.746318+00:00,DEBUG,03564d8c4f7b187b,3d3a58a2b9fdcac6,nio-8080-exec-8,o.s.web.servlet.DispatcherServlet,Completed 200 OK
2026-07-23T00:10:17.108468+00:00,customers-service,customers-service-68b57f7b8c-r7tfg,2026-07-23T00:09:23.746312+00:00,DEBUG,03564d8c4f7b187b,08a57f3335310813,nio-8080-exec-8,o.s.web.servlet.DispatcherServlet,"GET ""/owners"", parameters={}"
2026-07-23T00:10:17.108468+00:00,customers-service,customers-service-68b57f7b8c-r7tfg,2026-07-23T00:09:23.495127+00:00,DEBUG,8e8c2d0b3a3f8f19,a483268f0ec884ca,nio-8080-exec-5,o.s.web.servlet.DispatcherServlet,Completed 200 OK
2026-07-23T00:10:17.108468+00:00,customers-service,customers-service-68b57f7b8c-r7tfg,2026-07-23T00:09:23.244013+00:00,DEBUG,8e8c2d0b3a3f8f19,5e7da5dac3813981,nio-8080-exec-5,o.s.web.servlet.DispatcherServlet,"GET ""/owners"", parameters={}"
2026-07-23T00:10:17.108468+00:00,customers-service,customers-service-68b57f7b8c-r7tfg,2026-07-23T00:09:23.243977+00:00,DEBUG,7d0d8f24bc781c76,463aa02dfb3599eb,nio-8080-exec-7,o.s.web.servlet.DispatcherServlet,Completed 200 OK
2026-07-23T00:10:17.108468+00:00,customers-service,customers-service-68b57f7b8c-r7tfg,2026-07-23T00:09:23.243970+00:00,DEBUG,7d0d8f24bc781c76,5255001e031369cc,nio-8080-exec-7,o.s.web.servlet.DispatcherServlet,"GET ""/owners"", parameters={}"
2026-07-23T00:10:17.108468+00:00,customers-service,customers-service-68b57f7b8c-r7tfg,2026-07-23T00:09:22.993849+00:00,DEBUG,319ef227d9c6cfd0,319ef227d9c6cfd0,io-8080-exec-10,o.s.web.servlet.DispatcherServlet,Completed 200 OK
2026-07-23T00:10:17.108468+00:00,customers-service,customers-service-68b57f7b8c-r7tfg,2026-07-23T00:09:22.492021+00:00,DEBUG,3883de2d3daef397,479e4d8b57a2b415,nio-8080-exec-3,o.s.web.servlet.DispatcherServlet,Completed 200 OK
2026-07-23T00:10:17.108468+00:00,customers-service,customers-service-68b57f7b8c-r7tfg,2026-07-23T00:09:22.492017+00:00,DEBUG,3883de2d3daef397,640a2034aa2f9657,nio-8080-exec-3,o.s.web.servlet.DispatcherServlet,"GET ""/owners"", parameters={}"
2026-07-23T00:10:17.108468+00:00,customers-service,customers-service-68b57f7b8c-r7tfg,2026-07-23T00:09:21.989331+00:00,DEBUG,5f5b8a59b356cb3c,0b1c6ef3fe4d833c,nio-8080-exec-4,o.s.web.servlet.DispatcherServlet,Completed 200 OK
2026-07-23T00:10:17.108468+00:00,customers-service,customers-service-68b57f7b8c-r7tfg,2026-07-23T00:09:21.989324+00:00,DEBUG,5f5b8a59b356cb3c,fd031d43fa1cbdc5,nio-8080-exec-4,o.s.web.servlet.DispatcherServlet,"GET ""/owners"", parameters={}"
2026-07-23T00:10:17.108468+00:00,customers-service,customers-service-68b57f7b8c-r7tfg,2026-07-23T00:09:21.738127+00:00,DEBUG,d62a85617d8a654e,5cc1be0987400e81,nio-8080-exec-1,o.s.web.servlet.DispatcherServlet,Completed 200 OK
2026-07-23T00:10:17.108468+00:00,customers-service,customers-service-68b57f7b8c-r7tfg,2026-07-23T00:09:21.738122+00:00,DEBUG,d62a85617d8a654e,d27c96f1f5881537,nio-8080-exec-1,o.s.web.servlet.DispatcherServlet,"GET ""/owners/1"", parameters={}"
2026-07-23T00:10:17.108468+00:00,customers-service,customers-service-68b57f7b8c-r7tfg,2026-07-23T00:09:21.236363+00:00,DEBUG,0c3fd14b0a798ab1,b83e3bc5d4a58180,nio-8080-exec-9,o.s.web.servlet.DispatcherServlet,Completed 200 OK
2026-07-23T00:10:17.108468+00:00,customers-service,customers-service-68b57f7b8c-r7tfg,2026-07-23T00:09:21.236356+00:00,DEBUG,0c3fd14b0a798ab1,746d823e9136b2fc,nio-8080-exec-9,o.s.web.servlet.DispatcherServlet,"GET ""/owners/1"", parameters={}"
2026-07-23T00:10:17.108468+00:00,customers-service,customers-service-68b57f7b8c-r7tfg,2026-07-23T00:09:20.986035+00:00,DEBUG,0b1b82080fc59165,08b6bc33550de4fd,nio-8080-exec-6,o.s.web.servlet.DispatcherServlet,Completed 200 OK
2026-07-23T00:10:17.108468+00:00,customers-service,customers-service-68b57f7b8c-r7tfg,2026-07-23T00:09:20.986005+00:00,DEBUG,0b1b82080fc59165,b71fdd83f9165cbd,nio-8080-exec-6,o.s.web.servlet.DispatcherServlet,"GET ""/owners/1"", parameters={}"
2026-07-23T00:10:17.108468+00:00,customers-service,customers-service-68b57f7b8c-r7tfg,2026-07-23T00:09:20.985976+00:00,DEBUG,6402817f03c69813,6530ced408e4df83,nio-8080-exec-2,o.s.web.servlet.DispatcherServlet,Completed 200 OK
2026-07-23T00:10:17.108468+00:00,customers-service,customers-service-68b57f7b8c-r7tfg,2026-07-23T00:09:20.985970+00:00,DEBUG,6402817f03c69813,e9f4ee57f51fecb4,nio-8080-exec-2,o.s.web.servlet.DispatcherServlet,"GET ""/owners"", parameters={}"
2026-07-23T00:10:17.108468+00:00,customers-service,customers-service-68b57f7b8c-r7tfg,2026-07-23T00:09:20.735083+00:00,DEBUG,ca4aa9e4ed6180d0,f2d55d1ecf99ca28,nio-8080-exec-8,o.s.web.servlet.DispatcherServlet,Completed 200 OK
2026-07-23T00:10:17.108468+00:00,customers-service,customers-service-68b57f7b8c-r7tfg,2026-07-23T00:09:20.735079+00:00,DEBUG,ca4aa9e4ed6180d0,7e754eb6f449b970,nio-8080-exec-8,o.s.web.servlet.DispatcherServlet,"GET ""/owners/1"", parameters={}"
2026-07-23T00:10:17.108468+00:00,customers-service,customers-service-68b57f7b8c-r7tfg,2026-07-23T00:09:20.484317+00:00,DEBUG,936f4ce4c72ee205,8f179539f20d84f4,nio-8080-exec-5,o.s.web.servlet.DispatcherServlet,Completed 200 OK
2026-07-23T00:10:17.108468+00:00,customers-service,customers-service-68b57f7b8c-r7tfg,2026-07-23T00:09:20.233401+00:00,DEBUG,936f4ce4c72ee205,106d949f840a7daf,nio-8080-exec-5,o.s.web.servlet.DispatcherServlet,"GET ""/owners/1"", parameters={}"
2026-07-23T00:10:17.108468+00:00,customers-service,customers-service-68b57f7b8c-r7tfg,2026-07-23T00:09:19.982393+00:00,DEBUG,fb922c380537922b,31b666f377389ba9,nio-8080-exec-7,o.s.web.servlet.DispatcherServlet,Completed 200 OK
2026-07-23T00:10:17.108468+00:00,customers-service,customers-service-68b57f7b8c-r7tfg,2026-07-23T00:09:19.732256+00:00,DEBUG,fb922c380537922b,71df8500cda60b03,nio-8080-exec-7,o.s.web.servlet.DispatcherServlet,"GET ""/owners"", parameters={}"
2026-07-23T00:10:17.108468+00:00,customers-service,customers-service-68b57f7b8c-r7tfg,2026-07-23T00:09:19.481641+00:00,DEBUG,94fab7701f58f86a,0e1e966ae967f438,io-8080-exec-10,o.s.web.servlet.DispatcherServlet,Completed 200 OK
2026-07-23T00:10:17.108468+00:00,customers-service,customers-service-68b57f7b8c-r7tfg,2026-07-23T00:09:19.481634+00:00,DEBUG,94fab7701f58f86a,8537fd60a494025c,io-8080-exec-10,o.s.web.servlet.DispatcherServlet,"GET ""/owners/1"", parameters={}"
2026-07-23T00:10:17.108468+00:00,customers-service,customers-service-68b57f7b8c-r7tfg,2026-07-23T00:09:18.979190+00:00,DEBUG,0e695d2fe719f983,55283a9ca16f1c74,nio-8080-exec-3,o.s.web.servlet.DispatcherServlet,Completed 200 OK
2026-07-23T00:10:17.108468+00:00,customers-service,customers-service-68b57f7b8c-r7tfg,2026-07-23T00:09:18.728828+00:00,DEBUG,0e695d2fe719f983,80ebc841b6e6a048,nio-8080-exec-3,o.s.web.servlet.DispatcherServlet,"GET ""/owners"", parameters={}"
2026-07-23T00:10:17.108468+00:00,customers-service,customers-service-68b57f7b8c-r7tfg,2026-07-23T00:09:18.728809+00:00,DEBUG,398b2c013b59f6ff,a4921a78927252c3,nio-8080-exec-4,o.s.web.servlet.DispatcherServlet,Completed 200 OK
2026-07-23T00:10:17.108468+00:00,customers-service,customers-service-68b57f7b8c-r7tfg,2026-07-23T00:09:18.728803+00:00,DEBUG,398b2c013b59f6ff,d6940139e6ab3f1b,nio-8080-exec-4,o.s.web.servlet.DispatcherServlet,"GET ""/owners"", parameters={}"
2026-07-23T00:10:17.108468+00:00,customers-service,customers-service-68b57f7b8c-r7tfg,2026-07-23T00:09:17.474097+00:00,DEBUG,7ff843ed653d7823,7a2dc89e993f03a1,nio-8080-exec-1,o.s.web.servlet.DispatcherServlet,Completed 200 OK
2026-07-23T00:10:17.108468+00:00,customers-service,customers-service-68b57f7b8c-r7tfg,2026-07-23T00:09:17.474079+00:00,DEBUG,7ff843ed653d7823,91ba55a97f01d512,nio-8080-exec-1,o.s.web.servlet.DispatcherServlet,"GET ""/owners"", parameters={}"
2026-07-23T00:10:17.108468+00:00,customers-service,customers-service-68b57f7b8c-r7tfg,2026-07-23T00:09:17.474073+00:00,DEBUG,eca5c2be2bdf1f1d,f93c650a874bbeae,nio-8080-exec-9,o.s.web.servlet.DispatcherServlet,Completed 200 OK
2026-07-23T00:10:17.108468+00:00,customers-service,customers-service-68b57f7b8c-r7tfg,2026-07-23T00:09:17.223045+00:00,DEBUG,eca5c2be2bdf1f1d,06076f1d00b79bd8,nio-8080-exec-9,o.s.web.servlet.DispatcherServlet,"GET ""/owners"", parameters={}"
2026-07-23T00:10:17.108468+00:00,customers-service,customers-service-68b57f7b8c-r7tfg,2026-07-23T00:09:17.223029+00:00,DEBUG,9f9545c01c7aed06,d9748197573bc9d5,nio-8080-exec-6,o.s.web.servlet.DispatcherServlet,Completed 200 OK
2026-07-23T00:10:17.108468+00:00,customers-service,customers-service-68b57f7b8c-r7tfg,2026-07-23T00:09:17.223024+00:00,DEBUG,9f9545c01c7aed06,ea0f56f0bd271624,nio-8080-exec-6,o.s.web.servlet.DispatcherServlet,"GET ""/owners/1"", parameters={}"
2026-07-23T00:10:17.108468+00:00,customers-service,customers-service-68b57f7b8c-r7tfg,2026-07-23T00:09:15.970248+00:00,DEBUG,e38e7139a1d01b14,de3a4b2e300aa910,nio-8080-exec-2,o.s.web.servlet.DispatcherServlet,Completed 200 OK
2026-07-23T00:10:17.108468+00:00,customers-service,customers-service-68b57f7b8c-r7tfg,2026-07-23T00:09:15.970243+00:00,DEBUG,e38e7139a1d01b14,5d57862dea0799f6,nio-8080-exec-2,o.s.web.servlet.DispatcherServlet,"GET ""/owners"", parameters={}"
2026-07-23T00:10:17.108468+00:00,customers-service,customers-service-68b57f7b8c-r7tfg,2026-07-23T00:09:15.719564+00:00,DEBUG,9f4c8c46bc8d7d11,c8ad4e022b4938f7,nio-8080-exec-8,o.s.web.servlet.DispatcherServlet,Completed 200 OK
2026-07-23T00:10:17.108468+00:00,customers-service,customers-service-68b57f7b8c-r7tfg,2026-07-23T00:09:15.719555+00:00,DEBUG,9f4c8c46bc8d7d11,b90f5888cf253aa2,nio-8080-exec-8,o.s.web.servlet.DispatcherServlet,"GET ""/owners/1"", parameters={}"
2026-07-23T00:10:17.108468+00:00,customers-service,customers-service-68b57f7b8c-r7tfg,2026-07-23T00:09:15.468285+00:00,DEBUG,53b93e50938e6ef9,966896236e2df004,nio-8080-exec-5,o.s.web.servlet.DispatcherServlet,Completed 200 OK
2026-07-23T00:10:17.108468+00:00,customers-service,customers-service-68b57f7b8c-r7tfg,2026-07-23T00:09:15.217239+00:00,DEBUG,53b93e50938e6ef9,ef73658cc878db37,nio-8080-exec-5,o.s.web.servlet.DispatcherServlet,"GET ""/owners"", parameters={}"
2026-07-23T00:10:17.108468+00:00,customers-service,customers-service-68b57f7b8c-r7tfg,2026-07-23T00:09:15.217211+00:00,DEBUG,738823523686c2fe,45c5533b0a21c3e8,nio-8080-exec-7,o.s.web.servlet.DispatcherServlet,Completed 200 OK
2026-07-23T00:10:17.108468+00:00,customers-service,customers-service-68b57f7b8c-r7tfg,2026-07-23T00:09:15.217206+00:00,DEBUG,738823523686c2fe,94225fa480d37f8c,nio-8080-exec-7,o.s.web.servlet.DispatcherServlet,"GET ""/owners/1"", parameters={}"
2026-07-23T00:10:17.108468+00:00,customers-service,customers-service-68b57f7b8c-r7tfg,2026-07-23T00:09:14.966509+00:00,DEBUG,43347b6ed62c8a85,6eb3c2c893ebe969,io-8080-exec-10,o.s.web.servlet.DispatcherServlet,Completed 200 OK
2026-07-23T00:10:17.108468+00:00,customers-service,customers-service-68b57f7b8c-r7tfg,2026-07-23T00:09:14.966502+00:00,DEBUG,43347b6ed62c8a85,3c3d9ac4ce004167,io-8080-exec-10,o.s.web.servlet.DispatcherServlet,"GET ""/owners/1"", parameters={}"
2026-07-23T00:10:17.108468+00:00,customers-service,customers-service-68b57f7b8c-r7tfg,2026-07-23T00:09:14.715417+00:00,DEBUG,e0e207f08ff2862e,9e5289e36aca12a4,nio-8080-exec-3,o.s.web.servlet.DispatcherServlet,Completed 200 OK
2026-07-23T00:10:17.108468+00:00,customers-service,customers-service-68b57f7b8c-r7tfg,2026-07-23T00:09:14.715341+00:00,DEBUG,e0e207f08ff2862e,4baf04a1936e080b,nio-8080-exec-3,o.s.web.servlet.DispatcherServlet,"GET ""/owners/1"", parameters={}"
2026-07-23T00:10:17.108468+00:00,customers-service,customers-service-68b57f7b8c-r7tfg,2026-07-23T00:09:14.213675+00:00,DEBUG,c81f5af319d9cc17,d67cd36b82cfad51,nio-8080-exec-4,o.s.web.servlet.DispatcherServlet,Completed 200 OK
2026-07-23T00:10:17.108468+00:00,customers-service,customers-service-68b57f7b8c-r7tfg,2026-07-23T00:09:14.213668+00:00,DEBUG,c81f5af319d9cc17,bfe0b30383866220,nio-8080-exec-4,o.s.web.servlet.DispatcherServlet,"GET ""/owners/1"", parameters={}"
2026-07-23T00:10:17.108468+00:00,customers-service,customers-service-68b57f7b8c-r7tfg,2026-07-23T00:09:13.962632+00:00,DEBUG,29ff168e26559685,3fd54024df08f5e4,nio-8080-exec-1,o.s.web.servlet.DispatcherServlet,Completed 200 OK
2026-07-23T00:10:17.108468+00:00,customers-service,customers-service-68b57f7b8c-r7tfg,2026-07-23T00:09:13.962625+00:00,DEBUG,29ff168e26559685,8f445f8bc42de6a4,nio-8080-exec-1,o.s.web.servlet.DispatcherServlet,"GET ""/owners"", parameters={}"
2026-07-23T00:10:17.108468+00:00,customers-service,customers-service-68b57f7b8c-r7tfg,2026-07-23T00:09:13.461241+00:00,DEBUG,024a73271756d404,4fe5e92277a533a4,nio-8080-exec-9,o.s.web.servlet.DispatcherServlet,Completed 200 OK
2026-07-23T00:10:17.108468+00:00,customers-service,customers-service-68b57f7b8c-r7tfg,2026-07-23T00:09:13.460939+00:00,DEBUG,024a73271756d404,615d4da115b76175,nio-8080-exec-9,o.s.web.servlet.DispatcherServlet,"GET ""/owners"", parameters={}"
2026-07-23T00:10:17.108468+00:00,customers-service,customers-service-68b57f7b8c-r7tfg,2026-07-23T00:09:13.460922+00:00,DEBUG,e531c22de53c480f,6ffcad1534f156a1,nio-8080-exec-6,o.s.web.servlet.DispatcherServlet,Completed 200 OK
2026-07-23T00:10:17.108468+00:00,customers-service,customers-service-68b57f7b8c-r7tfg,2026-07-23T00:09:13.460918+00:00,DEBUG,e531c22de53c480f,05a0597903944fbb,nio-8080-exec-6,o.s.web.servlet.DispatcherServlet,"GET ""/owners/1"", parameters={}"
2026-07-23T00:10:17.108468+00:00,customers-service,customers-service-68b57f7b8c-r7tfg,2026-07-23T00:09:13.209670+00:00,DEBUG,f8c0765ed1eda35e,84998774eae68183,nio-8080-exec-2,o.s.web.servlet.DispatcherServlet,Completed 200 OK
2026-07-23T00:10:17.108468+00:00,customers-service,customers-service-68b57f7b8c-r7tfg,2026-07-23T00:09:12.958984+00:00,DEBUG,f8c0765ed1eda35e,74f150a85715854d,nio-8080-exec-2,o.s.web.servlet.DispatcherServlet,"GET ""/owners"", parameters={}"
2026-07-23T00:10:17.108468+00:00,customers-service,customers-service-68b57f7b8c-r7tfg,2026-07-23T00:09:12.708494+00:00,DEBUG,37816b3db3a8e579,c84a4d6676bfddc1,nio-8080-exec-8,o.s.web.servlet.DispatcherServlet,Completed 200 OK
2026-07-23T00:10:17.108468+00:00,customers-service,customers-service-68b57f7b8c-r7tfg,2026-07-23T00:09:12.708489+00:00,DEBUG,37816b3db3a8e579,dbaef512035b8846,nio-8080-exec-8,o.s.web.servlet.DispatcherServlet,"GET ""/owners/1"", parameters={}"
2026-07-23T00:10:17.108468+00:00,customers-service,customers-service-68b57f7b8c-r7tfg,2026-07-23T00:09:12.457516+00:00,DEBUG,480aede59d3a1bb4,8ff2702b97606595,nio-8080-exec-5,o.s.web.servlet.DispatcherServlet,Completed 200 OK
2026-07-23T00:10:17.108468+00:00,customers-service,customers-service-68b57f7b8c-r7tfg,2026-07-23T00:09:12.457326+00:00,DEBUG,480aede59d3a1bb4,8d8f54d68426bd25,nio-8080-exec-5,o.s.web.servlet.DispatcherServlet,"GET ""/owners/1"", parameters={}"
2026-07-23T00:10:17.108468+00:00,customers-service,customers-service-68b57f7b8c-r7tfg,2026-07-23T00:09:12.457303+00:00,DEBUG,3e949105ea421d2e,df72620230abd593,nio-8080-exec-7,o.s.web.servlet.DispatcherServlet,Completed 200 OK
2026-07-23T00:10:17.108468+00:00,customers-service,customers-service-68b57f7b8c-r7tfg,2026-07-23T00:09:12.457297+00:00,DEBUG,3e949105ea421d2e,8e078ef7cb3c86e9,nio-8080-exec-7,o.s.web.servlet.DispatcherServlet,"GET ""/owners"", parameters={}"
2026-07-23T00:10:17.108468+00:00,vets-service,vets-service-789bf77578-8z4zb,2026-07-23T00:10:17.192141+00:00,DEBUG,6222c4f45f715451,d49079006120bed4,nio-8080-exec-4,o.s.web.servlet.DispatcherServlet,Completed 200 OK
2026-07-23T00:10:17.108468+00:00,vets-service,vets-service-789bf77578-8z4zb,2026-07-23T00:10:17.192137+00:00,DEBUG,6222c4f45f715451,f33db94588cf3433,nio-8080-exec-4,o.s.web.servlet.DispatcherServlet,"GET ""/vets"", parameters={}"
2026-07-23T00:10:17.108468+00:00,vets-service,vets-service-789bf77578-8z4zb,2026-07-23T00:10:16.440274+00:00,DEBUG,71fdf7dfefcbfe1f,08841ae1abde759f,nio-8080-exec-6,o.s.web.servlet.DispatcherServlet,Completed 200 OK
2026-07-23T00:10:17.108468+00:00,vets-service,vets-service-789bf77578-8z4zb,2026-07-23T00:10:16.189326+00:00,DEBUG,71fdf7dfefcbfe1f,46882bb24ba986b8,nio-8080-exec-6,o.s.web.servlet.DispatcherServlet,"GET ""/vets"", parameters={}"
2026-07-23T00:10:17.108468+00:00,vets-service,vets-service-789bf77578-8z4zb,2026-07-23T00:10:15.186552+00:00,DEBUG,cfdbd4e544ffb568,66cc4925b30e88b7,nio-8080-exec-1,o.s.web.servlet.DispatcherServlet,Completed 200 OK
2026-07-23T00:10:17.108468+00:00,vets-service,vets-service-789bf77578-8z4zb,2026-07-23T00:10:15.186540+00:00,DEBUG,cfdbd4e544ffb568,4f6a2b8f75e54188,nio-8080-exec-1,o.s.web.servlet.DispatcherServlet,"GET ""/vets"", parameters={}"
2026-07-23T00:10:17.108468+00:00,vets-service,vets-service-789bf77578-8z4zb,2026-07-23T00:10:15.186529+00:00,DEBUG,a879f042b56c84dc,a879f042b56c84dc,io-8080-exec-10,o.s.web.servlet.DispatcherServlet,Completed 200 OK
2026-07-23T00:10:17.108468+00:00,vets-service,vets-service-789bf77578-8z4zb,2026-07-23T00:10:14.935870+00:00,DEBUG,b21d73ae586df8fc,caf7f34e374ae17b,nio-8080-exec-9,o.s.web.servlet.DispatcherServlet,Completed 200 OK
2026-07-23T00:10:17.108468+00:00,vets-service,vets-service-789bf77578-8z4zb,2026-07-23T00:10:14.935866+00:00,DEBUG,b21d73ae586df8fc,96e68424fb58c4f0,nio-8080-exec-9,o.s.web.servlet.DispatcherServlet,"GET ""/vets"", parameters={}"
2026-07-23T00:10:17.108468+00:00,vets-service,vets-service-789bf77578-8z4zb,2026-07-23T00:10:14.684674+00:00,DEBUG,983cc08809ff1dde,2a73378bc4285b92,nio-8080-exec-2,o.s.web.servlet.DispatcherServlet,Completed 200 OK
2026-07-23T00:10:17.108468+00:00,vets-service,vets-service-789bf77578-8z4zb,2026-07-23T00:10:14.684672+00:00,DEBUG,983cc08809ff1dde,7fd09caa8b32e0e2,nio-8080-exec-2,o.s.web.servlet.DispatcherServlet,"GET ""/vets"", parameters={}"
2026-07-23T00:10:17.108468+00:00,vets-service,vets-service-789bf77578-8z4zb,2026-07-23T00:10:13.682417+00:00,DEBUG,f7971b3d5dcc23f5,f7971b3d5dcc23f5,nio-8080-exec-5,o.s.web.servlet.DispatcherServlet,Completed 200 OK
2026-07-23T00:10:17.108468+00:00,vets-service,vets-service-789bf77578-8z4zb,2026-07-23T00:10:12.678550+00:00,DEBUG,d650dc0d393c928a,be6ac606b8aebca9,nio-8080-exec-3,o.s.web.servlet.DispatcherServlet,Completed 200 OK
2026-07-23T00:10:17.108468+00:00,vets-service,vets-service-789bf77578-8z4zb,2026-07-23T00:10:12.678549+00:00,DEBUG,d650dc0d393c928a,be967c7199cbea01,nio-8080-exec-3,o.s.web.servlet.DispatcherServlet,"GET ""/vets"", parameters={}"
2026-07-23T00:10:17.108468+00:00,vets-service,vets-service-789bf77578-8z4zb,2026-07-23T00:10:12.428312+00:00,DEBUG,6e12deb92de07ec6,9c75298d042cbec4,nio-8080-exec-7,o.s.web.servlet.DispatcherServlet,Completed 200 OK
2026-07-23T00:10:17.108468+00:00,vets-service,vets-service-789bf77578-8z4zb,2026-07-23T00:10:12.428308+00:00,DEBUG,6e12deb92de07ec6,35acb9f41cfa1f94,nio-8080-exec-7,o.s.web.servlet.DispatcherServlet,"GET ""/vets"", parameters={}"
2026-07-23T00:10:17.108468+00:00,vets-service,vets-service-789bf77578-8z4zb,2026-07-23T00:10:11.425431+00:00,DEBUG,31a17bec9aa84f84,4e35eb2ccc22cb5d,nio-8080-exec-8,o.s.web.servlet.DispatcherServlet,Completed 200 OK
2026-07-23T00:10:17.108468+00:00,vets-service,vets-service-789bf77578-8z4zb,2026-07-23T00:10:11.425428+00:00,DEBUG,31a17bec9aa84f84,c0167c8d0b5f0298,nio-8080-exec-8,o.s.web.servlet.DispatcherServlet,"GET ""/vets"", parameters={}"
2026-07-23T00:10:17.108468+00:00,vets-service,vets-service-789bf77578-8z4zb,2026-07-23T00:10:10.924507+00:00,DEBUG,72704e90025ef1cd,844cb7842334fd65,nio-8080-exec-4,o.s.web.servlet.DispatcherServlet,Completed 200 OK
2026-07-23T00:10:17.108468+00:00,vets-service,vets-service-789bf77578-8z4zb,2026-07-23T00:10:10.924503+00:00,DEBUG,72704e90025ef1cd,54d7e88237d8e61c,nio-8080-exec-4,o.s.web.servlet.DispatcherServlet,"GET ""/vets"", parameters={}"
2026-07-23T00:10:17.108468+00:00,vets-service,vets-service-789bf77578-8z4zb,2026-07-23T00:10:08.667085+00:00,DEBUG,449547ebcdebfdba,cf9d1928ee560342,nio-8080-exec-6,o.s.web.servlet.DispatcherServlet,Completed 200 OK
2026-07-23T00:10:17.108468+00:00,vets-service,vets-service-789bf77578-8z4zb,2026-07-23T00:10:08.667081+00:00,DEBUG,449547ebcdebfdba,9d893d958dc94f99,nio-8080-exec-6,o.s.web.servlet.DispatcherServlet,"GET ""/vets"", parameters={}"
2026-07-23T00:10:17.108468+00:00,vets-service,vets-service-789bf77578-8z4zb,2026-07-23T00:10:08.416555+00:00,DEBUG,23cb745e29e2f428,4eccaea1578fb479,nio-8080-exec-1,o.s.web.servlet.DispatcherServlet,Completed 200 OK
2026-07-23T00:10:17.108468+00:00,vets-service,vets-service-789bf77578-8z4zb,2026-07-23T00:10:08.416553+00:00,DEBUG,23cb745e29e2f428,44a199ea15f99762,nio-8080-exec-1,o.s.web.servlet.DispatcherServlet,"GET ""/vets"", parameters={}"
2026-07-23T00:10:17.108468+00:00,vets-service,vets-service-789bf77578-8z4zb,2026-07-23T00:10:07.414263+00:00,DEBUG,a3305b83b7d4924c,b47472ad7afcf861,io-8080-exec-10,o.s.web.servlet.DispatcherServlet,Completed 200 OK
2026-07-23T00:10:17.108468+00:00,vets-service,vets-service-789bf77578-8z4zb,2026-07-23T00:10:07.414259+00:00,DEBUG,a3305b83b7d4924c,120da9b6e0a1af25,io-8080-exec-10,o.s.web.servlet.DispatcherServlet,"GET ""/vets"", parameters={}"
2026-07-23T00:10:17.108468+00:00,vets-service,vets-service-789bf77578-8z4zb,2026-07-23T00:10:06.410570+00:00,DEBUG,738e973466ae2ae6,c364d99f4c8988a2,nio-8080-exec-9,o.s.web.servlet.DispatcherServlet,Completed 200 OK
2026-07-23T00:10:17.108468+00:00,vets-service,vets-service-789bf77578-8z4zb,2026-07-23T00:10:06.159400+00:00,DEBUG,738e973466ae2ae6,2a67f7904f9785ad,nio-8080-exec-9,o.s.web.servlet.DispatcherServlet,"GET ""/vets"", parameters={}"
2026-07-23T00:10:17.108468+00:00,vets-service,vets-service-789bf77578-8z4zb,2026-07-23T00:10:05.408062+00:00,DEBUG,683adc590fd90cf3,648d39552c51ffac,nio-8080-exec-2,o.s.web.servlet.DispatcherServlet,Completed 200 OK
2026-07-23T00:10:17.108468+00:00,vets-service,vets-service-789bf77578-8z4zb,2026-07-23T00:10:05.408059+00:00,DEBUG,683adc590fd90cf3,65606ae028ba520a,nio-8080-exec-2,o.s.web.servlet.DispatcherServlet,"GET ""/vets"", parameters={}"
2026-07-23T00:10:17.108468+00:00,vets-service,vets-service-789bf77578-8z4zb,2026-07-23T00:10:05.157500+00:00,DEBUG,4109c35dd4cdd2fb,973a7fa4d8d84f55,nio-8080-exec-5,o.s.web.servlet.DispatcherServlet,Completed 200 OK
2026-07-23T00:10:17.108468+00:00,vets-service,vets-service-789bf77578-8z4zb,2026-07-23T00:10:05.157497+00:00,DEBUG,4109c35dd4cdd2fb,7247d364fef60f8c,nio-8080-exec-5,o.s.web.servlet.DispatcherServlet,"GET ""/vets"", parameters={}"
2026-07-23T00:10:17.108468+00:00,vets-service,vets-service-789bf77578-8z4zb,2026-07-23T00:10:04.906831+00:00,DEBUG,2ef6915ee17c258c,597adc2c66a2481b,nio-8080-exec-3,o.s.web.servlet.DispatcherServlet,Completed 200 OK
2026-07-23T00:10:17.108468+00:00,vets-service,vets-service-789bf77578-8z4zb,2026-07-23T00:10:04.906829+00:00,DEBUG,2ef6915ee17c258c,a8e3c89235b5d228,nio-8080-exec-3,o.s.web.servlet.DispatcherServlet,"GET ""/vets"", parameters={}"
2026-07-23T00:10:17.108468+00:00,vets-service,vets-service-789bf77578-8z4zb,2026-07-23T00:10:04.405052+00:00,DEBUG,2f7e8f2ff3de1de7,371639848d5be70f,nio-8080-exec-7,o.s.web.servlet.DispatcherServlet,Completed 200 OK
2026-07-23T00:10:17.108468+00:00,vets-service,vets-service-789bf77578-8z4zb,2026-07-23T00:10:04.405047+00:00,DEBUG,2f7e8f2ff3de1de7,eaf5e7677e8eb586,nio-8080-exec-7,o.s.web.servlet.DispatcherServlet,"GET ""/vets"", parameters={}"
2026-07-23T00:10:17.108468+00:00,vets-service,vets-service-789bf77578-8z4zb,2026-07-23T00:10:04.154227+00:00,DEBUG,6e86203f08c70964,e234c6ae463ef2c5,nio-8080-exec-8,o.s.web.servlet.DispatcherServlet,Completed 200 OK
2026-07-23T00:10:17.108468+00:00,vets-service,vets-service-789bf77578-8z4zb,2026-07-23T00:10:03.903541+00:00,DEBUG,6e86203f08c70964,0c3ec26e91562864,nio-8080-exec-8,o.s.web.servlet.DispatcherServlet,"GET ""/vets"", parameters={}"
2026-07-23T00:10:17.108468+00:00,vets-service,vets-service-789bf77578-8z4zb,2026-07-23T00:10:03.903509+00:00,DEBUG,8fe3e78d9fca092f,fbb6c5218b5cfb90,nio-8080-exec-4,o.s.web.servlet.DispatcherServlet,Completed 200 OK
2026-07-23T00:10:17.108468+00:00,vets-service,vets-service-789bf77578-8z4zb,2026-07-23T00:10:03.903505+00:00,DEBUG,8fe3e78d9fca092f,05a4e86e105c0296,nio-8080-exec-4,o.s.web.servlet.DispatcherServlet,"GET ""/vets"", parameters={}"
2026-07-23T00:10:17.108468+00:00,vets-service,vets-service-789bf77578-8z4zb,2026-07-23T00:10:03.401245+00:00,DEBUG,f953474704820560,f953474704820560,nio-8080-exec-6,o.s.web.servlet.DispatcherServlet,Completed 200 OK
2026-07-23T00:10:17.108468+00:00,vets-service,vets-service-789bf77578-8z4zb,2026-07-23T00:10:02.649518+00:00,DEBUG,2f5d985e582a6d80,6af1ec56fb05de9d,nio-8080-exec-1,o.s.web.servlet.DispatcherServlet,Completed 200 OK
2026-07-23T00:10:17.108468+00:00,vets-service,vets-service-789bf77578-8z4zb,2026-07-23T00:10:02.649516+00:00,DEBUG,2f5d985e582a6d80,55f23b2228a94262,nio-8080-exec-1,o.s.web.servlet.DispatcherServlet,"GET ""/vets"", parameters={}"
2026-07-23T00:10:17.108468+00:00,vets-service,vets-service-789bf77578-8z4zb,2026-07-23T00:10:01.897037+00:00,DEBUG,d3ad855effa3c577,9a09618752307262,io-8080-exec-10,o.s.web.servlet.DispatcherServlet,Completed 200 OK
2026-07-23T00:10:17.108468+00:00,vets-service,vets-service-789bf77578-8z4zb,2026-07-23T00:10:01.897035+00:00,DEBUG,d3ad855effa3c577,4b6b91ab704002ad,io-8080-exec-10,o.s.web.servlet.DispatcherServlet,"GET ""/vets"", parameters={}"
2026-07-23T00:10:17.108468+00:00,vets-service,vets-service-789bf77578-8z4zb,2026-07-23T00:10:01.145279+00:00,DEBUG,b1cab675d830603f,772ce2c57d1bb5f6,nio-8080-exec-9,o.s.web.servlet.DispatcherServlet,Completed 200 OK
2026-07-23T00:10:17.108468+00:00,vets-service,vets-service-789bf77578-8z4zb,2026-07-23T00:10:01.145274+00:00,DEBUG,b1cab675d830603f,1d5e47c632ecd566,nio-8080-exec-9,o.s.web.servlet.DispatcherServlet,"GET ""/vets"", parameters={}"
2026-07-23T00:10:17.108468+00:00,vets-service,vets-service-789bf77578-8z4zb,2026-07-23T00:10:00.392172+00:00,DEBUG,0a3cd65541a46415,a4e0b5e97afd7a28,nio-8080-exec-2,o.s.web.servlet.DispatcherServlet,Completed 200 OK
2026-07-23T00:10:17.108468+00:00,vets-service,vets-service-789bf77578-8z4zb,2026-07-23T00:10:00.392167+00:00,DEBUG,0a3cd65541a46415,a69e04131fa2fb20,nio-8080-exec-2,o.s.web.servlet.DispatcherServlet,"GET ""/vets"", parameters={}"
2026-07-23T00:10:17.108468+00:00,vets-service,vets-service-789bf77578-8z4zb,2026-07-23T00:09:59.138174+00:00,DEBUG,b86b231b6726bee0,cf0a3c82b731bd9a,nio-8080-exec-5,o.s.web.servlet.DispatcherServlet,Completed 200 OK
2026-07-23T00:10:17.108468+00:00,vets-service,vets-service-789bf77578-8z4zb,2026-07-23T00:09:59.138172+00:00,DEBUG,b86b231b6726bee0,becdbba72e573859,nio-8080-exec-5,o.s.web.servlet.DispatcherServlet,"GET ""/vets"", parameters={}"
2026-07-23T00:10:17.108468+00:00,vets-service,vets-service-789bf77578-8z4zb,2026-07-23T00:09:58.134228+00:00,DEBUG,13ecf8892114023c,13ecf8892114023c,nio-8080-exec-3,o.s.web.servlet.DispatcherServlet,Completed 200 OK
2026-07-23T00:10:17.108468+00:00,vets-service,vets-service-789bf77578-8z4zb,2026-07-23T00:09:57.130608+00:00,DEBUG,b27de1c36aaf9d63,91d26c678295df45,nio-8080-exec-7,o.s.web.servlet.DispatcherServlet,Completed 200 OK
2026-07-23T00:10:17.108468+00:00,vets-service,vets-service-789bf77578-8z4zb,2026-07-23T00:09:57.130603+00:00,DEBUG,b27de1c36aaf9d63,fc7a1f86b98d9404,nio-8080-exec-7,o.s.web.servlet.DispatcherServlet,"GET ""/vets"", parameters={}"
2026-07-23T00:10:17.108468+00:00,vets-service,vets-service-789bf77578-8z4zb,2026-07-23T00:09:55.126347+00:00,DEBUG,5f6db7f993003411,5f6db7f993003411,nio-8080-exec-8,o.s.web.servlet.DispatcherServlet,Completed 200 OK
2026-07-23T00:10:17.108468+00:00,vets-service,vets-service-789bf77578-8z4zb,2026-07-23T00:09:54.624494+00:00,DEBUG,24d1de6e82bf1c44,b59ebd83f2ba8ea3,nio-8080-exec-4,o.s.web.servlet.DispatcherServlet,Completed 200 OK
2026-07-23T00:10:17.108468+00:00,vets-service,vets-service-789bf77578-8z4zb,2026-07-23T00:09:54.624490+00:00,DEBUG,24d1de6e82bf1c44,43cececf1469591f,nio-8080-exec-4,o.s.web.servlet.DispatcherServlet,"GET ""/vets"", parameters={}"
2026-07-23T00:10:17.108468+00:00,vets-service,vets-service-789bf77578-8z4zb,2026-07-23T00:09:53.622306+00:00,DEBUG,fc34d1ae8f7a21d8,3f3fd2d48e967dd3,nio-8080-exec-6,o.s.web.servlet.DispatcherServlet,Completed 200 OK
2026-07-23T00:10:17.108468+00:00,vets-service,vets-service-789bf77578-8z4zb,2026-07-23T00:09:53.622261+00:00,DEBUG,fc34d1ae8f7a21d8,2a324ea834327235,nio-8080-exec-6,o.s.web.servlet.DispatcherServlet,"GET ""/vets"", parameters={}"
2026-07-23T00:10:17.108468+00:00,vets-service,vets-service-789bf77578-8z4zb,2026-07-23T00:09:53.121951+00:00,DEBUG,106fde430169bbe9,5966af443d47afc5,nio-8080-exec-1,o.s.web.servlet.DispatcherServlet,Completed 200 OK
2026-07-23T00:10:17.108468+00:00,vets-service,vets-service-789bf77578-8z4zb,2026-07-23T00:09:53.121948+00:00,DEBUG,106fde430169bbe9,f42dd977e2645b27,nio-8080-exec-1,o.s.web.servlet.DispatcherServlet,"GET ""/vets"", parameters={}"
2026-07-23T00:10:17.108468+00:00,vets-service,vets-service-789bf77578-8z4zb,2026-07-23T00:09:52.871641+00:00,DEBUG,8637c74d59b8a45e,e73b312408ac5631,io-8080-exec-10,o.s.web.servlet.DispatcherServlet,Completed 200 OK
2026-07-23T00:10:17.108468+00:00,vets-service,vets-service-789bf77578-8z4zb,2026-07-23T00:09:52.871638+00:00,DEBUG,8637c74d59b8a45e,5d1f9405c0a8f62d,io-8080-exec-10,o.s.web.servlet.DispatcherServlet,"GET ""/vets"", parameters={}"
2026-07-23T00:10:17.108468+00:00,vets-service,vets-service-789bf77578-8z4zb,2026-07-23T00:09:52.620942+00:00,DEBUG,f191ac0b806f3911,2bdd68b62cfeeb27,nio-8080-exec-9,o.s.web.servlet.DispatcherServlet,Completed 200 OK
2026-07-23T00:10:17.108468+00:00,vets-service,vets-service-789bf77578-8z4zb,2026-07-23T00:09:52.620938+00:00,DEBUG,f191ac0b806f3911,4d2f2ec20bfe5e1f,nio-8080-exec-9,o.s.web.servlet.DispatcherServlet,"GET ""/vets"", parameters={}"
2026-07-23T00:10:17.108468+00:00,vets-service,vets-service-789bf77578-8z4zb,2026-07-23T00:09:51.365229+00:00,DEBUG,f75a0b0a7d1c78e7,f9fe17ae3e1fffb5,nio-8080-exec-2,o.s.web.servlet.DispatcherServlet,Completed 200 OK
2026-07-23T00:10:17.108468+00:00,vets-service,vets-service-789bf77578-8z4zb,2026-07-23T00:09:51.365225+00:00,DEBUG,f75a0b0a7d1c78e7,01641dfaf676949e,nio-8080-exec-2,o.s.web.servlet.DispatcherServlet,"GET ""/vets"", parameters={}"
2026-07-23T00:10:17.108468+00:00,vets-service,vets-service-789bf77578-8z4zb,2026-07-23T00:09:51.115058+00:00,DEBUG,d71c5574cb531deb,d9997324fce3ccfe,nio-8080-exec-5,o.s.web.servlet.DispatcherServlet,Completed 200 OK
2026-07-23T00:10:17.108468+00:00,vets-service,vets-service-789bf77578-8z4zb,2026-07-23T00:09:51.115054+00:00,DEBUG,d71c5574cb531deb,6739b5e30c26f080,nio-8080-exec-5,o.s.web.servlet.DispatcherServlet,"GET ""/vets"", parameters={}"
2026-07-23T00:10:17.108468+00:00,vets-service,vets-service-789bf77578-8z4zb,2026-07-23T00:09:50.613707+00:00,DEBUG,3d28574e6ea3211f,e0725eb92900649e,nio-8080-exec-3,o.s.web.servlet.DispatcherServlet,Completed 200 OK
2026-07-23T00:10:17.108468+00:00,vets-service,vets-service-789bf77578-8z4zb,2026-07-23T00:09:50.613703+00:00,DEBUG,3d28574e6ea3211f,a48a0a564f99f2d1,nio-8080-exec-3,o.s.web.servlet.DispatcherServlet,"GET ""/vets"", parameters={}"
2026-07-23T00:10:17.108468+00:00,vets-service,vets-service-789bf77578-8z4zb,2026-07-23T00:09:49.610943+00:00,DEBUG,9ff28a7ae7b40907,4d72d4eea715a73b,nio-8080-exec-7,o.s.web.servlet.DispatcherServlet,Completed 200 OK
2026-07-23T00:10:17.108468+00:00,vets-service,vets-service-789bf77578-8z4zb,2026-07-23T00:09:49.610940+00:00,DEBUG,9ff28a7ae7b40907,a756b77c421bef55,nio-8080-exec-7,o.s.web.servlet.DispatcherServlet,"GET ""/vets"", parameters={}"
2026-07-23T00:10:17.108468+00:00,vets-service,vets-service-789bf77578-8z4zb,2026-07-23T00:09:49.360084+00:00,DEBUG,b53282b30aee4c09,7e3e1496daeae391,nio-8080-exec-8,o.s.web.servlet.DispatcherServlet,Completed 200 OK
2026-07-23T00:10:17.108468+00:00,vets-service,vets-service-789bf77578-8z4zb,2026-07-23T00:09:49.360080+00:00,DEBUG,b53282b30aee4c09,5e2ac79798b1672b,nio-8080-exec-8,o.s.web.servlet.DispatcherServlet,"GET ""/vets"", parameters={}"
2026-07-23T00:10:17.108468+00:00,vets-service,vets-service-789bf77578-8z4zb,2026-07-23T00:09:49.109074+00:00,DEBUG,510e2eb00e6060ac,7682a3806b86b403,nio-8080-exec-4,o.s.web.servlet.DispatcherServlet,Completed 200 OK
2026-07-23T00:10:17.108468+00:00,vets-service,vets-service-789bf77578-8z4zb,2026-07-23T00:09:48.858222+00:00,DEBUG,510e2eb00e6060ac,ee9c29e07f5caebc,nio-8080-exec-4,o.s.web.servlet.DispatcherServlet,"GET ""/vets"", parameters={}"
2026-07-23T00:10:17.108468+00:00,vets-service,vets-service-789bf77578-8z4zb,2026-07-23T00:09:48.356447+00:00,DEBUG,04dc8d38face2514,04dc8d38face2514,nio-8080-exec-6,o.s.web.servlet.DispatcherServlet,Completed 200 OK
2026-07-23T00:10:17.108468+00:00,vets-service,vets-service-789bf77578-8z4zb,2026-07-23T00:09:48.356388+00:00,DEBUG,8fc0d971779adb28,f13cfd8bc60c17a1,nio-8080-exec-1,o.s.web.servlet.DispatcherServlet,Completed 200 OK
2026-07-23T00:10:17.108468+00:00,vets-service,vets-service-789bf77578-8z4zb,2026-07-23T00:09:48.356385+00:00,DEBUG,8fc0d971779adb28,7ec12d8d62d4b69a,nio-8080-exec-1,o.s.web.servlet.DispatcherServlet,"GET ""/vets"", parameters={}"
2026-07-23T00:10:17.108468+00:00,vets-service,vets-service-789bf77578-8z4zb,2026-07-23T00:09:47.855437+00:00,DEBUG,e533e00139dcd854,e4f42358a6c7f04e,io-8080-exec-10,o.s.web.servlet.DispatcherServlet,Completed 200 OK
2026-07-23T00:10:17.108468+00:00,vets-service,vets-service-789bf77578-8z4zb,2026-07-23T00:09:47.855433+00:00,DEBUG,e533e00139dcd854,b19eee376b646ca1,io-8080-exec-10,o.s.web.servlet.DispatcherServlet,"GET ""/vets"", parameters={}"
2026-07-23T00:10:17.108468+00:00,vets-service,vets-service-789bf77578-8z4zb,2026-07-23T00:09:47.604442+00:00,DEBUG,886274efbe332e96,7919b40d6061a05d,nio-8080-exec-9,o.s.web.servlet.DispatcherServlet,Completed 200 OK
2026-07-23T00:10:17.108468+00:00,vets-service,vets-service-789bf77578-8z4zb,2026-07-23T00:09:47.352972+00:00,DEBUG,886274efbe332e96,e27dc6f075b0278a,nio-8080-exec-9,o.s.web.servlet.DispatcherServlet,"GET ""/vets"", parameters={}"
2026-07-23T00:10:17.108468+00:00,vets-service,vets-service-789bf77578-8z4zb,2026-07-23T00:09:46.601033+00:00,DEBUG,d579f2fac8e69f12,bc8d6794281f9333,nio-8080-exec-2,o.s.web.servlet.DispatcherServlet,Completed 200 OK
2026-07-23T00:10:17.108468+00:00,vets-service,vets-service-789bf77578-8z4zb,2026-07-23T00:09:46.601030+00:00,DEBUG,d579f2fac8e69f12,5a64b16af0ae061f,nio-8080-exec-2,o.s.web.servlet.DispatcherServlet,"GET ""/vets"", parameters={}"
2026-07-23T00:10:17.108468+00:00,vets-service,vets-service-789bf77578-8z4zb,2026-07-23T00:09:45.097460+00:00,DEBUG,67d5a8567cea7d83,02b5019b35ad3b0e,nio-8080-exec-5,o.s.web.servlet.DispatcherServlet,Completed 200 OK
2026-07-23T00:10:17.108468+00:00,vets-service,vets-service-789bf77578-8z4zb,2026-07-23T00:09:45.097456+00:00,DEBUG,67d5a8567cea7d83,df11e44555156c74,nio-8080-exec-5,o.s.web.servlet.DispatcherServlet,"GET ""/vets"", parameters={}"
2026-07-23T00:10:17.108468+00:00,vets-service,vets-service-789bf77578-8z4zb,2026-07-23T00:09:44.596741+00:00,DEBUG,adadb74fbc33ef92,7f76cf02d3a05350,nio-8080-exec-3,o.s.web.servlet.DispatcherServlet,Completed 200 OK
2026-07-23T00:10:17.108468+00:00,vets-service,vets-service-789bf77578-8z4zb,2026-07-23T00:09:44.596738+00:00,DEBUG,adadb74fbc33ef92,1545c69c263ca869,nio-8080-exec-3,o.s.web.servlet.DispatcherServlet,"GET ""/vets"", parameters={}"
2026-07-23T00:10:17.108468+00:00,vets-service,vets-service-789bf77578-8z4zb,2026-07-23T00:09:43.844075+00:00,DEBUG,26e27ec6477b8cb5,1df2259f844dfa91,nio-8080-exec-7,o.s.web.servlet.DispatcherServlet,Completed 200 OK
2026-07-23T00:10:17.108468+00:00,vets-service,vets-service-789bf77578-8z4zb,2026-07-23T00:09:43.844072+00:00,DEBUG,26e27ec6477b8cb5,2d24ce8ac06a9d20,nio-8080-exec-7,o.s.web.servlet.DispatcherServlet,"GET ""/vets"", parameters={}"
2026-07-23T00:10:17.108468+00:00,vets-service,vets-service-789bf77578-8z4zb,2026-07-23T00:09:43.092878+00:00,DEBUG,fb76458dc93b164f,b31de03eabee9393,nio-8080-exec-8,o.s.web.servlet.DispatcherServlet,Completed 200 OK
2026-07-23T00:10:17.108468+00:00,vets-service,vets-service-789bf77578-8z4zb,2026-07-23T00:09:42.841470+00:00,DEBUG,fb76458dc93b164f,cf434f7a0d521a2a,nio-8080-exec-8,o.s.web.servlet.DispatcherServlet,"GET ""/vets"", parameters={}"
2026-07-23T00:10:17.108468+00:00,vets-service,vets-service-789bf77578-8z4zb,2026-07-23T00:09:42.591234+00:00,DEBUG,a867d0b04a27740c,a867d0b04a27740c,nio-8080-exec-4,o.s.web.servlet.DispatcherServlet,Completed 200 OK
2026-07-23T00:10:17.108468+00:00,vets-service,vets-service-789bf77578-8z4zb,2026-07-23T00:09:41.588513+00:00,DEBUG,2cb4dd2c96aa3fb8,d51e8501900e1ac3,nio-8080-exec-6,o.s.web.servlet.DispatcherServlet,Completed 200 OK
2026-07-23T00:10:17.108468+00:00,vets-service,vets-service-789bf77578-8z4zb,2026-07-23T00:09:41.588509+00:00,DEBUG,2cb4dd2c96aa3fb8,d1d0878dcc94c662,nio-8080-exec-6,o.s.web.servlet.DispatcherServlet,"GET ""/vets"", parameters={}"
2026-07-23T00:10:17.108468+00:00,vets-service,vets-service-789bf77578-8z4zb,2026-07-23T00:09:41.337093+00:00,DEBUG,d131f1508815a600,0810234361634e06,nio-8080-exec-1,o.s.web.servlet.DispatcherServlet,Completed 200 OK
2026-07-23T00:10:17.108468+00:00,vets-service,vets-service-789bf77578-8z4zb,2026-07-23T00:09:41.086710+00:00,DEBUG,d131f1508815a600,0ff56ee050252236,nio-8080-exec-1,o.s.web.servlet.DispatcherServlet,"GET ""/vets"", parameters={}"
2026-07-23T00:10:17.108468+00:00,vets-service,vets-service-789bf77578-8z4zb,2026-07-23T00:09:40.835672+00:00,DEBUG,0fb3a8a84ce3b9c5,36e963f872e533ae,io-8080-exec-10,o.s.web.servlet.DispatcherServlet,Completed 200 OK
2026-07-23T00:10:17.108468+00:00,vets-service,vets-service-789bf77578-8z4zb,2026-07-23T00:09:40.585393+00:00,DEBUG,0fb3a8a84ce3b9c5,0541a6beec9e1fda,io-8080-exec-10,o.s.web.servlet.DispatcherServlet,"GET ""/vets"", parameters={}"
2026-07-23T00:10:17.108468+00:00,vets-service,vets-service-789bf77578-8z4zb,2026-07-23T00:09:40.334707+00:00,DEBUG,82344e5910212038,f0fa28c47bd0eaa7,nio-8080-exec-9,o.s.web.servlet.DispatcherServlet,Completed 200 OK
2026-07-23T00:10:17.108468+00:00,vets-service,vets-service-789bf77578-8z4zb,2026-07-23T00:09:40.334704+00:00,DEBUG,82344e5910212038,2705dbf35c65729b,nio-8080-exec-9,o.s.web.servlet.DispatcherServlet,"GET ""/vets"", parameters={}"
2026-07-23T00:10:17.108468+00:00,vets-service,vets-service-789bf77578-8z4zb,2026-07-23T00:09:40.083779+00:00,DEBUG,347021ea20b5cecc,bf60ebc173eae8ec,nio-8080-exec-2,o.s.web.servlet.DispatcherServlet,Completed 200 OK
2026-07-23T00:10:17.108468+00:00,vets-service,vets-service-789bf77578-8z4zb,2026-07-23T00:09:40.083777+00:00,DEBUG,347021ea20b5cecc,84e48ca1483f8f5b,nio-8080-exec-2,o.s.web.servlet.DispatcherServlet,"GET ""/vets"", parameters={}"
2026-07-23T00:10:17.108468+00:00,vets-service,vets-service-789bf77578-8z4zb,2026-07-23T00:09:39.582170+00:00,DEBUG,12f652b6a1d24685,1428a0f08eeacf40,nio-8080-exec-5,o.s.web.servlet.DispatcherServlet,Completed 200 OK
2026-07-23T00:10:17.108468+00:00,vets-service,vets-service-789bf77578-8z4zb,2026-07-23T00:09:39.582168+00:00,DEBUG,12f652b6a1d24685,dc2ac3c48aef5a59,nio-8080-exec-5,o.s.web.servlet.DispatcherServlet,"GET ""/vets"", parameters={}"
2026-07-23T00:10:17.108468+00:00,vets-service,vets-service-789bf77578-8z4zb,2026-07-23T00:09:38.580088+00:00,DEBUG,fba024bd815bf1a8,b19d7b7cc02a0947,nio-8080-exec-3,o.s.web.servlet.DispatcherServlet,Completed 200 OK
2026-07-23T00:10:17.108468+00:00,vets-service,vets-service-789bf77578-8z4zb,2026-07-23T00:09:38.329961+00:00,DEBUG,fba024bd815bf1a8,6b8940e42e9e1ba4,nio-8080-exec-3,o.s.web.servlet.DispatcherServlet,"GET ""/vets"", parameters={}"
2026-07-23T00:10:17.108468+00:00,vets-service,vets-service-789bf77578-8z4zb,2026-07-23T00:09:38.329941+00:00,DEBUG,1620df56f76cbd14,c3e9c56d86bebb1e,nio-8080-exec-7,o.s.web.servlet.DispatcherServlet,Completed 200 OK
2026-07-23T00:10:17.108468+00:00,vets-service,vets-service-789bf77578-8z4zb,2026-07-23T00:09:38.329938+00:00,DEBUG,1620df56f76cbd14,90e4c5b591643030,nio-8080-exec-7,o.s.web.servlet.DispatcherServlet,"GET ""/vets"", parameters={}"
2026-07-23T00:10:17.108468+00:00,vets-service,vets-service-789bf77578-8z4zb,2026-07-23T00:09:37.828257+00:00,DEBUG,b726f7a18a0695b3,3b5059cf47f66e31,nio-8080-exec-8,o.s.web.servlet.DispatcherServlet,Completed 200 OK
2026-07-23T00:10:17.108468+00:00,vets-service,vets-service-789bf77578-8z4zb,2026-07-23T00:09:37.828244+00:00,DEBUG,b726f7a18a0695b3,c6793e37fcc48ad9,nio-8080-exec-8,o.s.web.servlet.DispatcherServlet,"GET ""/vets"", parameters={}"
2026-07-23T00:10:17.108468+00:00,vets-service,vets-service-789bf77578-8z4zb,2026-07-23T00:09:37.828231+00:00,DEBUG,0ba5a7fada12e1a7,388a928d3a30f8c7,nio-8080-exec-4,o.s.web.servlet.DispatcherServlet,Completed 200 OK
2026-07-23T00:10:17.108468+00:00,vets-service,vets-service-789bf77578-8z4zb,2026-07-23T00:09:37.828229+00:00,DEBUG,0ba5a7fada12e1a7,ef482625cce0f40a,nio-8080-exec-4,o.s.web.servlet.DispatcherServlet,"GET ""/vets"", parameters={}"
2026-07-23T00:10:17.108468+00:00,vets-service,vets-service-789bf77578-8z4zb,2026-07-23T00:09:37.327780+00:00,DEBUG,9cf29568aed0d949,d9c02b39951be33e,nio-8080-exec-6,o.s.web.servlet.DispatcherServlet,Completed 200 OK
2026-07-23T00:10:17.108468+00:00,vets-service,vets-service-789bf77578-8z4zb,2026-07-23T00:09:37.327778+00:00,DEBUG,9cf29568aed0d949,c74c863b72ee8bf6,nio-8080-exec-6,o.s.web.servlet.DispatcherServlet,"GET ""/vets"", parameters={}"
2026-07-23T00:10:17.108468+00:00,vets-service,vets-service-789bf77578-8z4zb,2026-07-23T00:09:36.827078+00:00,DEBUG,b511046159389313,a6c8f09aecf45a6b,nio-8080-exec-1,o.s.web.servlet.DispatcherServlet,Completed 200 OK
2026-07-23T00:10:17.108468+00:00,vets-service,vets-service-789bf77578-8z4zb,2026-07-23T00:09:36.576225+00:00,DEBUG,b511046159389313,62f0e7a77b3d9e78,nio-8080-exec-1,o.s.web.servlet.DispatcherServlet,"GET ""/vets"", parameters={}"
2026-07-23T00:10:17.108468+00:00,vets-service,vets-service-789bf77578-8z4zb,2026-07-23T00:09:35.071646+00:00,DEBUG,eba83e6caeae461f,eba83e6caeae461f,io-8080-exec-10,o.s.web.servlet.DispatcherServlet,Completed 200 OK
2026-07-23T00:10:17.108468+00:00,vets-service,vets-service-789bf77578-8z4zb,2026-07-23T00:09:34.570145+00:00,DEBUG,646e276cbb03dc7a,8a53aae2a3a2edea,nio-8080-exec-9,o.s.web.servlet.DispatcherServlet,Completed 200 OK
2026-07-23T00:10:17.108468+00:00,vets-service,vets-service-789bf77578-8z4zb,2026-07-23T00:09:34.570143+00:00,DEBUG,646e276cbb03dc7a,42eecc53b51c9018,nio-8080-exec-9,o.s.web.servlet.DispatcherServlet,"GET ""/vets"", parameters={}"
2026-07-23T00:10:17.108468+00:00,vets-service,vets-service-789bf77578-8z4zb,2026-07-23T00:09:33.317272+00:00,DEBUG,2cb3c4b5ad3926ff,2cb3c4b5ad3926ff,nio-8080-exec-2,o.s.web.servlet.DispatcherServlet,Completed 200 OK
2026-07-23T00:10:17.108468+00:00,vets-service,vets-service-789bf77578-8z4zb,2026-07-23T00:09:32.314051+00:00,DEBUG,29175b9f62ec318c,7e8b48980459b1ee,nio-8080-exec-5,o.s.web.servlet.DispatcherServlet,Completed 200 OK
2026-07-23T00:10:17.108468+00:00,vets-service,vets-service-789bf77578-8z4zb,2026-07-23T00:09:32.314049+00:00,DEBUG,29175b9f62ec318c,80870664b5f46fae,nio-8080-exec-5,o.s.web.servlet.DispatcherServlet,"GET ""/vets"", parameters={}"
2026-07-23T00:10:17.108468+00:00,vets-service,vets-service-789bf77578-8z4zb,2026-07-23T00:09:31.812791+00:00,DEBUG,5406fd41be9cc853,dc8daf6e7631e6a0,nio-8080-exec-3,o.s.web.servlet.DispatcherServlet,Completed 200 OK
2026-07-23T00:10:17.108468+00:00,vets-service,vets-service-789bf77578-8z4zb,2026-07-23T00:09:31.812788+00:00,DEBUG,5406fd41be9cc853,d30758c055d49108,nio-8080-exec-3,o.s.web.servlet.DispatcherServlet,"GET ""/vets"", parameters={}"
2026-07-23T00:10:17.108468+00:00,vets-service,vets-service-789bf77578-8z4zb,2026-07-23T00:09:31.562586+00:00,DEBUG,0e8002327fc51960,f3549c11959bb2fa,nio-8080-exec-7,o.s.web.servlet.DispatcherServlet,Completed 200 OK
2026-07-23T00:10:17.108468+00:00,vets-service,vets-service-789bf77578-8z4zb,2026-07-23T00:09:31.562582+00:00,DEBUG,0e8002327fc51960,08c6a55ddb78ab17,nio-8080-exec-7,o.s.web.servlet.DispatcherServlet,"GET ""/vets"", parameters={}"
2026-07-23T00:10:17.108468+00:00,vets-service,vets-service-789bf77578-8z4zb,2026-07-23T00:09:31.312375+00:00,DEBUG,a53dfd50d8e4f054,58874dd25d6215e8,nio-8080-exec-8,o.s.web.servlet.DispatcherServlet,Completed 200 OK
2026-07-23T00:10:17.108468+00:00,vets-service,vets-service-789bf77578-8z4zb,2026-07-23T00:09:31.312354+00:00,DEBUG,a53dfd50d8e4f054,8392e50007026a39,nio-8080-exec-8,o.s.web.servlet.DispatcherServlet,"GET ""/vets"", parameters={}"
2026-07-23T00:10:17.108468+00:00,vets-service,vets-service-789bf77578-8z4zb,2026-07-23T00:09:31.312350+00:00,DEBUG,7a5d2a44283ac031,72832c64d58cdb38,nio-8080-exec-4,o.s.web.servlet.DispatcherServlet,Completed 200 OK
2026-07-23T00:10:17.108468+00:00,vets-service,vets-service-789bf77578-8z4zb,2026-07-23T00:09:31.061376+00:00,DEBUG,7a5d2a44283ac031,cf37042ec0fbdffb,nio-8080-exec-4,o.s.web.servlet.DispatcherServlet,"GET ""/vets"", parameters={}"
2026-07-23T00:10:17.108468+00:00,vets-service,vets-service-789bf77578-8z4zb,2026-07-23T00:09:30.810459+00:00,DEBUG,f1aa49abd2218543,10e4880edb131f83,nio-8080-exec-6,o.s.web.servlet.DispatcherServlet,Completed 200 OK
2026-07-23T00:10:17.108468+00:00,vets-service,vets-service-789bf77578-8z4zb,2026-07-23T00:09:30.559248+00:00,DEBUG,f1aa49abd2218543,79bd37618c47c272,nio-8080-exec-6,o.s.web.servlet.DispatcherServlet,"GET ""/vets"", parameters={}"
2026-07-23T00:10:17.108468+00:00,vets-service,vets-service-789bf77578-8z4zb,2026-07-23T00:09:30.559224+00:00,DEBUG,e603833554495fe9,5c2ea30c49b64563,nio-8080-exec-1,o.s.web.servlet.DispatcherServlet,Completed 200 OK
2026-07-23T00:10:17.108468+00:00,vets-service,vets-service-789bf77578-8z4zb,2026-07-23T00:09:30.559220+00:00,DEBUG,e603833554495fe9,7442cdfa57a58a88,nio-8080-exec-1,o.s.web.servlet.DispatcherServlet,"GET ""/vets"", parameters={}"
2026-07-23T00:10:17.108468+00:00,vets-service,vets-service-789bf77578-8z4zb,2026-07-23T00:09:30.057566+00:00,DEBUG,58532c762a55e5a1,5edb537d09d7b34f,io-8080-exec-10,o.s.web.servlet.DispatcherServlet,Completed 200 OK
2026-07-23T00:10:17.108468+00:00,vets-service,vets-service-789bf77578-8z4zb,2026-07-23T00:09:30.057564+00:00,DEBUG,58532c762a55e5a1,8f9256ba70e08e67,io-8080-exec-10,o.s.web.servlet.DispatcherServlet,"GET ""/vets"", parameters={}"
2026-07-23T00:10:17.108468+00:00,vets-service,vets-service-789bf77578-8z4zb,2026-07-23T00:09:29.806585+00:00,DEBUG,685316f9d94f2faf,b0557ff18eebca9c,nio-8080-exec-9,o.s.web.servlet.DispatcherServlet,Completed 200 OK
2026-07-23T00:10:17.108468+00:00,vets-service,vets-service-789bf77578-8z4zb,2026-07-23T00:09:29.806581+00:00,DEBUG,685316f9d94f2faf,f6aa1537bf7c1500,nio-8080-exec-9,o.s.web.servlet.DispatcherServlet,"GET ""/vets"", parameters={}"
2026-07-23T00:10:17.108468+00:00,vets-service,vets-service-789bf77578-8z4zb,2026-07-23T00:09:29.053668+00:00,DEBUG,7ffaf9cda3fc5071,4c2c66caca90017b,nio-8080-exec-2,o.s.web.servlet.DispatcherServlet,Completed 200 OK
2026-07-23T00:10:17.108468+00:00,vets-service,vets-service-789bf77578-8z4zb,2026-07-23T00:09:28.802801+00:00,DEBUG,7ffaf9cda3fc5071,b72fb3a63b97f40f,nio-8080-exec-2,o.s.web.servlet.DispatcherServlet,"GET ""/vets"", parameters={}"
2026-07-23T00:10:17.108468+00:00,vets-service,vets-service-789bf77578-8z4zb,2026-07-23T00:09:28.802776+00:00,DEBUG,cde5fe496778ea11,d065e4ad118a5256,nio-8080-exec-5,o.s.web.servlet.DispatcherServlet,Completed 200 OK
2026-07-23T00:10:17.108468+00:00,vets-service,vets-service-789bf77578-8z4zb,2026-07-23T00:09:28.802773+00:00,DEBUG,cde5fe496778ea11,fba9da5141c45e14,nio-8080-exec-5,o.s.web.servlet.DispatcherServlet,"GET ""/vets"", parameters={}"
2026-07-23T00:10:17.108468+00:00,vets-service,vets-service-789bf77578-8z4zb,2026-07-23T00:09:28.551918+00:00,DEBUG,3e17ced29362328b,df5cbcf4fa499d3d,nio-8080-exec-3,o.s.web.servlet.DispatcherServlet,Completed 200 OK
2026-07-23T00:10:17.108468+00:00,vets-service,vets-service-789bf77578-8z4zb,2026-07-23T00:09:28.551893+00:00,DEBUG,3e17ced29362328b,8fffc7624700910d,nio-8080-exec-3,o.s.web.servlet.DispatcherServlet,"GET ""/vets"", parameters={}"
2026-07-23T00:10:17.108468+00:00,vets-service,vets-service-789bf77578-8z4zb,2026-07-23T00:09:28.551889+00:00,DEBUG,80ea288424c084f8,63bbdd32f4bfd03f,nio-8080-exec-7,o.s.web.servlet.DispatcherServlet,Completed 200 OK
2026-07-23T00:10:17.108468+00:00,vets-service,vets-service-789bf77578-8z4zb,2026-07-23T00:09:28.300709+00:00,DEBUG,80ea288424c084f8,f8b75bdce18f65ac,nio-8080-exec-7,o.s.web.servlet.DispatcherServlet,"GET ""/vets"", parameters={}"
2026-07-23T00:10:17.108468+00:00,vets-service,vets-service-789bf77578-8z4zb,2026-07-23T00:09:27.046445+00:00,DEBUG,023ca0f87379f619,023ca0f87379f619,nio-8080-exec-8,o.s.web.servlet.DispatcherServlet,Completed 200 OK
2026-07-23T00:10:17.108468+00:00,vets-service,vets-service-789bf77578-8z4zb,2026-07-23T00:09:26.545036+00:00,DEBUG,476a5fb8de0b72bb,13f06ecfefcd5a6c,nio-8080-exec-4,o.s.web.servlet.DispatcherServlet,Completed 200 OK
2026-07-23T00:10:17.108468+00:00,vets-service,vets-service-789bf77578-8z4zb,2026-07-23T00:09:26.545034+00:00,DEBUG,476a5fb8de0b72bb,c6e3d05afff9e3cd,nio-8080-exec-4,o.s.web.servlet.DispatcherServlet,"GET ""/vets"", parameters={}"
2026-07-23T00:10:17.108468+00:00,vets-service,vets-service-789bf77578-8z4zb,2026-07-23T00:09:26.044470+00:00,DEBUG,e618c733b5207690,e705d43e1a75a7e9,nio-8080-exec-6,o.s.web.servlet.DispatcherServlet,Completed 200 OK
2026-07-23T00:10:17.108468+00:00,vets-service,vets-service-789bf77578-8z4zb,2026-07-23T00:09:26.044466+00:00,DEBUG,e618c733b5207690,ba52e8968142cfbc,nio-8080-exec-6,o.s.web.servlet.DispatcherServlet,"GET ""/vets"", parameters={}"
2026-07-23T00:10:17.108468+00:00,vets-service,vets-service-789bf77578-8z4zb,2026-07-23T00:09:25.793390+00:00,DEBUG,d4d65b9a8ad718be,2a44dab7be1e6789,nio-8080-exec-1,o.s.web.servlet.DispatcherServlet,Completed 200 OK
2026-07-23T00:10:17.108468+00:00,vets-service,vets-service-789bf77578-8z4zb,2026-07-23T00:09:25.793386+00:00,DEBUG,d4d65b9a8ad718be,af69dd59ccb0603d,nio-8080-exec-1,o.s.web.servlet.DispatcherServlet,"GET ""/vets"", parameters={}"
2026-07-23T00:10:17.108468+00:00,vets-service,vets-service-789bf77578-8z4zb,2026-07-23T00:09:24.538892+00:00,DEBUG,a62351fc2aa983cf,beb4ab96520ee95a,io-8080-exec-10,o.s.web.servlet.DispatcherServlet,Completed 200 OK
2026-07-23T00:10:17.108468+00:00,vets-service,vets-service-789bf77578-8z4zb,2026-07-23T00:09:24.538888+00:00,DEBUG,a62351fc2aa983cf,5062f45acb5153fe,io-8080-exec-10,o.s.web.servlet.DispatcherServlet,"GET ""/vets"", parameters={}"
2026-07-23T00:10:17.108468+00:00,vets-service,vets-service-789bf77578-8z4zb,2026-07-23T00:09:23.786139+00:00,DEBUG,f8c1be102001d9c9,527d40c98b7dbf5f,nio-8080-exec-9,o.s.web.servlet.DispatcherServlet,Completed 200 OK
2026-07-23T00:10:17.108468+00:00,vets-service,vets-service-789bf77578-8z4zb,2026-07-23T00:09:23.786134+00:00,DEBUG,f8c1be102001d9c9,5eafb04328bf7049,nio-8080-exec-9,o.s.web.servlet.DispatcherServlet,"GET ""/vets"", parameters={}"
2026-07-23T00:10:17.108468+00:00,vets-service,vets-service-789bf77578-8z4zb,2026-07-23T00:09:23.284873+00:00,DEBUG,97aabf3b494a80bb,a6087a06462eaf7e,nio-8080-exec-2,o.s.web.servlet.DispatcherServlet,Completed 200 OK
2026-07-23T00:10:17.108468+00:00,vets-service,vets-service-789bf77578-8z4zb,2026-07-23T00:09:23.284869+00:00,DEBUG,97aabf3b494a80bb,069325c266ca9da2,nio-8080-exec-2,o.s.web.servlet.DispatcherServlet,"GET ""/vets"", parameters={}"
2026-07-23T00:10:17.108468+00:00,vets-service,vets-service-789bf77578-8z4zb,2026-07-23T00:09:22.281861+00:00,DEBUG,aa6144b6cd77e13f,8eaec330733f5cb5,nio-8080-exec-5,o.s.web.servlet.DispatcherServlet,Completed 200 OK
2026-07-23T00:10:17.108468+00:00,vets-service,vets-service-789bf77578-8z4zb,2026-07-23T00:09:22.281859+00:00,DEBUG,aa6144b6cd77e13f,eb0b9e9867e80773,nio-8080-exec-5,o.s.web.servlet.DispatcherServlet,"GET ""/vets"", parameters={}"
2026-07-23T00:10:17.108468+00:00,vets-service,vets-service-789bf77578-8z4zb,2026-07-23T00:09:21.279414+00:00,DEBUG,fbb57ba40a8b6d92,dbe756f7e5c46af0,nio-8080-exec-3,o.s.web.servlet.DispatcherServlet,Completed 200 OK
2026-07-23T00:10:17.108468+00:00,vets-service,vets-service-789bf77578-8z4zb,2026-07-23T00:09:21.028549+00:00,DEBUG,fbb57ba40a8b6d92,3e203235ec511f15,nio-8080-exec-3,o.s.web.servlet.DispatcherServlet,"GET ""/vets"", parameters={}"
2026-07-23T00:10:17.108468+00:00,vets-service,vets-service-789bf77578-8z4zb,2026-07-23T00:09:21.028511+00:00,DEBUG,300b85009fd50fee,06f1197038385d39,nio-8080-exec-7,o.s.web.servlet.DispatcherServlet,Completed 200 OK
2026-07-23T00:10:17.108468+00:00,vets-service,vets-service-789bf77578-8z4zb,2026-07-23T00:09:21.028505+00:00,DEBUG,300b85009fd50fee,bb43b79a91e87dca,nio-8080-exec-7,o.s.web.servlet.DispatcherServlet,"GET ""/vets"", parameters={}"
2026-07-23T00:10:17.108468+00:00,vets-service,vets-service-789bf77578-8z4zb,2026-07-23T00:09:20.778354+00:00,DEBUG,2c90df623ceae408,2c96415e8deba4af,nio-8080-exec-8,o.s.web.servlet.DispatcherServlet,Completed 200 OK
2026-07-23T00:10:17.108468+00:00,vets-service,vets-service-789bf77578-8z4zb,2026-07-23T00:09:20.527460+00:00,DEBUG,2c90df623ceae408,5404d681f7640224,nio-8080-exec-8,o.s.web.servlet.DispatcherServlet,"GET ""/vets"", parameters={}"
2026-07-23T00:10:17.108468+00:00,vets-service,vets-service-789bf77578-8z4zb,2026-07-23T00:09:20.025608+00:00,DEBUG,a3772e245d39df8a,6d6ae89c0d14b15b,nio-8080-exec-4,o.s.web.servlet.DispatcherServlet,Completed 200 OK
2026-07-23T00:10:17.108468+00:00,vets-service,vets-service-789bf77578-8z4zb,2026-07-23T00:09:20.025605+00:00,DEBUG,a3772e245d39df8a,8da771ca65e332a1,nio-8080-exec-4,o.s.web.servlet.DispatcherServlet,"GET ""/vets"", parameters={}"
2026-07-23T00:10:17.108468+00:00,vets-service,vets-service-789bf77578-8z4zb,2026-07-23T00:09:19.523615+00:00,DEBUG,a24977e2cf990e1b,9a452ae02b585ac8,nio-8080-exec-6,o.s.web.servlet.DispatcherServlet,Completed 200 OK
2026-07-23T00:10:17.108468+00:00,vets-service,vets-service-789bf77578-8z4zb,2026-07-23T00:09:19.523611+00:00,DEBUG,a24977e2cf990e1b,832ca579fef6bb38,nio-8080-exec-6,o.s.web.servlet.DispatcherServlet,"GET ""/vets"", parameters={}"
2026-07-23T00:10:17.108468+00:00,vets-service,vets-service-789bf77578-8z4zb,2026-07-23T00:09:19.022380+00:00,DEBUG,74d8ac36ace44939,97ff7e416f18fd54,nio-8080-exec-1,o.s.web.servlet.DispatcherServlet,Completed 200 OK
2026-07-23T00:10:17.108468+00:00,vets-service,vets-service-789bf77578-8z4zb,2026-07-23T00:09:19.022377+00:00,DEBUG,74d8ac36ace44939,0a99beec581fbc5c,nio-8080-exec-1,o.s.web.servlet.DispatcherServlet,"GET ""/vets"", parameters={}"
2026-07-23T00:10:17.108468+00:00,vets-service,vets-service-789bf77578-8z4zb,2026-07-23T00:09:18.771617+00:00,DEBUG,8ce9f820ab7c1da8,0059d440b6dddaf3,io-8080-exec-10,o.s.web.servlet.DispatcherServlet,Completed 200 OK
2026-07-23T00:10:17.108468+00:00,vets-service,vets-service-789bf77578-8z4zb,2026-07-23T00:09:18.771613+00:00,DEBUG,8ce9f820ab7c1da8,b36222831685a62e,io-8080-exec-10,o.s.web.servlet.DispatcherServlet,"GET ""/vets"", parameters={}"
2026-07-23T00:10:17.108468+00:00,vets-service,vets-service-789bf77578-8z4zb,2026-07-23T00:09:18.521447+00:00,DEBUG,5401c6347609f303,171400462e89372b,nio-8080-exec-9,o.s.web.servlet.DispatcherServlet,Completed 200 OK
2026-07-23T00:10:17.108468+00:00,vets-service,vets-service-789bf77578-8z4zb,2026-07-23T00:09:18.521443+00:00,DEBUG,5401c6347609f303,66da79bb504278b7,nio-8080-exec-9,o.s.web.servlet.DispatcherServlet,"GET ""/vets"", parameters={}"
2026-07-23T00:10:17.108468+00:00,vets-service,vets-service-789bf77578-8z4zb,2026-07-23T00:09:18.271222+00:00,DEBUG,bbac234ffa0238d5,bbac234ffa0238d5,nio-8080-exec-2,o.s.web.servlet.DispatcherServlet,Completed 200 OK
2026-07-23T00:10:17.108468+00:00,vets-service,vets-service-789bf77578-8z4zb,2026-07-23T00:09:18.020521+00:00,DEBUG,200dd2986d950da3,845d35ecbb996846,nio-8080-exec-5,o.s.web.servlet.DispatcherServlet,Completed 200 OK
2026-07-23T00:10:17.108468+00:00,vets-service,vets-service-789bf77578-8z4zb,2026-07-23T00:09:17.769628+00:00,DEBUG,200dd2986d950da3,e723e91c4fd174c5,nio-8080-exec-5,o.s.web.servlet.DispatcherServlet,"GET ""/vets"", parameters={}"
2026-07-23T00:10:17.108468+00:00,vets-service,vets-service-789bf77578-8z4zb,2026-07-23T00:09:17.769601+00:00,DEBUG,a4c1b904a0ab2151,9beeaa8c60a7f1fb,nio-8080-exec-3,o.s.web.servlet.DispatcherServlet,Completed 200 OK
2026-07-23T00:10:17.108468+00:00,vets-service,vets-service-789bf77578-8z4zb,2026-07-23T00:09:17.769589+00:00,DEBUG,a4c1b904a0ab2151,051b41c27495de06,nio-8080-exec-3,o.s.web.servlet.DispatcherServlet,"GET ""/vets"", parameters={}"
2026-07-23T00:10:17.108468+00:00,vets-service,vets-service-789bf77578-8z4zb,2026-07-23T00:09:17.518616+00:00,DEBUG,4f29f7fbc12b09e9,ce91238a5e23c500,nio-8080-exec-7,o.s.web.servlet.DispatcherServlet,Completed 200 OK
2026-07-23T00:10:17.108468+00:00,vets-service,vets-service-789bf77578-8z4zb,2026-07-23T00:09:17.518612+00:00,DEBUG,4f29f7fbc12b09e9,3ff19da32f450e0c,nio-8080-exec-7,o.s.web.servlet.DispatcherServlet,"GET ""/vets"", parameters={}"
2026-07-23T00:10:17.108468+00:00,vets-service,vets-service-789bf77578-8z4zb,2026-07-23T00:09:17.016715+00:00,DEBUG,5b3f2012b58c6dd7,fa62c599fd20fa6d,nio-8080-exec-8,o.s.web.servlet.DispatcherServlet,Completed 200 OK
2026-07-23T00:10:17.108468+00:00,vets-service,vets-service-789bf77578-8z4zb,2026-07-23T00:09:17.016711+00:00,DEBUG,5b3f2012b58c6dd7,f8b57f2e0c4b96ed,nio-8080-exec-8,o.s.web.servlet.DispatcherServlet,"GET ""/vets"", parameters={}"
2026-07-23T00:10:17.108468+00:00,vets-service,vets-service-789bf77578-8z4zb,2026-07-23T00:09:16.264548+00:00,DEBUG,edaf09e8c77621dd,724af86c30c7e719,nio-8080-exec-4,o.s.web.servlet.DispatcherServlet,Completed 200 OK
2026-07-23T00:10:17.108468+00:00,vets-service,vets-service-789bf77578-8z4zb,2026-07-23T00:09:16.264544+00:00,DEBUG,edaf09e8c77621dd,86019427e8b338e7,nio-8080-exec-4,o.s.web.servlet.DispatcherServlet,"GET ""/vets"", parameters={}"
2026-07-23T00:10:17.108468+00:00,vets-service,vets-service-789bf77578-8z4zb,2026-07-23T00:09:15.763901+00:00,DEBUG,7ab5deb22eee7b1b,6e71bb35e149cd3a,nio-8080-exec-6,o.s.web.servlet.DispatcherServlet,Completed 200 OK
2026-07-23T00:10:17.108468+00:00,vets-service,vets-service-789bf77578-8z4zb,2026-07-23T00:09:15.763898+00:00,DEBUG,7ab5deb22eee7b1b,3cfd857a4c43bd68,nio-8080-exec-6,o.s.web.servlet.DispatcherServlet,"GET ""/vets"", parameters={}"
2026-07-23T00:10:17.108468+00:00,vets-service,vets-service-789bf77578-8z4zb,2026-07-23T00:09:15.262891+00:00,DEBUG,c523f23f3c84f8c1,afa0f1f69ba08d86,nio-8080-exec-1,o.s.web.servlet.DispatcherServlet,Completed 200 OK
2026-07-23T00:10:17.108468+00:00,vets-service,vets-service-789bf77578-8z4zb,2026-07-23T00:09:15.262866+00:00,DEBUG,c523f23f3c84f8c1,0ec114da9a48ab6f,nio-8080-exec-1,o.s.web.servlet.DispatcherServlet,"GET ""/vets"", parameters={}"
2026-07-23T00:10:17.108468+00:00,vets-service,vets-service-789bf77578-8z4zb,2026-07-23T00:09:15.262863+00:00,DEBUG,d566b4ba143dd5ca,50587dd93dca21c7,io-8080-exec-10,o.s.web.servlet.DispatcherServlet,Completed 200 OK
2026-07-23T00:10:17.108468+00:00,vets-service,vets-service-789bf77578-8z4zb,2026-07-23T00:09:15.012740+00:00,DEBUG,d566b4ba143dd5ca,85249ed3827c1b2b,io-8080-exec-10,o.s.web.servlet.DispatcherServlet,"GET ""/vets"", parameters={}"
2026-07-23T00:10:17.108468+00:00,vets-service,vets-service-789bf77578-8z4zb,2026-07-23T00:09:15.012721+00:00,DEBUG,094a18f07bad535e,094a18f07bad535e,nio-8080-exec-9,o.s.web.servlet.DispatcherServlet,Completed 200 OK
2026-07-23T00:10:17.108468+00:00,vets-service,vets-service-789bf77578-8z4zb,2026-07-23T00:09:14.511195+00:00,DEBUG,f36cad92f7e3e468,d9976e78adf49668,nio-8080-exec-2,o.s.web.servlet.DispatcherServlet,Completed 200 OK
2026-07-23T00:10:17.108468+00:00,vets-service,vets-service-789bf77578-8z4zb,2026-07-23T00:09:14.511192+00:00,DEBUG,f36cad92f7e3e468,658698ec3fa3443f,nio-8080-exec-2,o.s.web.servlet.DispatcherServlet,"GET ""/vets"", parameters={}"
2026-07-23T00:10:17.108468+00:00,vets-service,vets-service-789bf77578-8z4zb,2026-07-23T00:09:14.009288+00:00,DEBUG,aa4d61e37e6a9e00,cd6bda1417eef2f2,nio-8080-exec-5,o.s.web.servlet.DispatcherServlet,Completed 200 OK
2026-07-23T00:10:17.108468+00:00,vets-service,vets-service-789bf77578-8z4zb,2026-07-23T00:09:13.758400+00:00,DEBUG,aa4d61e37e6a9e00,33f2ed5b93239e52,nio-8080-exec-5,o.s.web.servlet.DispatcherServlet,"GET ""/vets"", parameters={}"
2026-07-23T00:10:17.108468+00:00,vets-service,vets-service-789bf77578-8z4zb,2026-07-23T00:09:12.754871+00:00,DEBUG,a387af351e3af33a,535f31749ddfa389,nio-8080-exec-3,o.s.web.servlet.DispatcherServlet,Completed 200 OK
2026-07-23T00:10:17.108468+00:00,vets-service,vets-service-789bf77578-8z4zb,2026-07-23T00:09:12.754867+00:00,DEBUG,a387af351e3af33a,edaadd1e19395427,nio-8080-exec-3,o.s.web.servlet.DispatcherServlet,"GET ""/vets"", parameters={}"
2026-07-23T00:10:17.108468+00:00,vets-service,vets-service-789bf77578-fzs4g,2026-07-23T00:10:14.434177+00:00,DEBUG,bf0654bdbb8639c1,bf0654bdbb8639c1,nio-8080-exec-8,o.s.web.servlet.DispatcherServlet,Completed 200 OK
2026-07-23T00:10:17.108468+00:00,vets-service,vets-service-789bf77578-fzs4g,2026-07-23T00:10:12.177223+00:00,DEBUG,534df03d39fd98a9,534df03d39fd98a9,nio-8080-exec-4,o.s.web.servlet.DispatcherServlet,Completed 200 OK
2026-07-23T00:10:17.108468+00:00,vets-service,vets-service-789bf77578-fzs4g,2026-07-23T00:10:02.649321+00:00,DEBUG,6ff56be238909382,6ff56be238909382,io-8080-exec-10,o.s.web.servlet.DispatcherServlet,Completed 200 OK
2026-07-23T00:10:17.108468+00:00,vets-service,vets-service-789bf77578-fzs4g,2026-07-23T00:09:59.389071+00:00,DEBUG,67ee0b10a6f88790,67ee0b10a6f88790,nio-8080-exec-2,o.s.web.servlet.DispatcherServlet,Completed 200 OK
2026-07-23T00:10:17.108468+00:00,vets-service,vets-service-789bf77578-fzs4g,2026-07-23T00:09:56.629622+00:00,DEBUG,fe3c02cda48cdb8b,fe3c02cda48cdb8b,nio-8080-exec-6,o.s.web.servlet.DispatcherServlet,Completed 200 OK
2026-07-23T00:10:17.108468+00:00,vets-service,vets-service-789bf77578-fzs4g,2026-07-23T00:09:44.346441+00:00,DEBUG,4e346542a57d33bf,4e346542a57d33bf,nio-8080-exec-3,o.s.web.servlet.DispatcherServlet,Completed 200 OK
2026-07-23T00:10:17.108468+00:00,vets-service,vets-service-789bf77578-fzs4g,2026-07-23T00:09:42.591269+00:00,DEBUG,1d4c22846eee0cf6,1d4c22846eee0cf6,nio-8080-exec-5,o.s.web.servlet.DispatcherServlet,Completed 200 OK
2026-07-23T00:10:17.108468+00:00,vets-service,vets-service-789bf77578-fzs4g,2026-07-23T00:09:41.086794+00:00,DEBUG,8b3dc0bec3fd8e15,8b3dc0bec3fd8e15,nio-8080-exec-1,o.s.web.servlet.DispatcherServlet,Completed 200 OK
2026-07-23T00:10:17.108468+00:00,vets-service,vets-service-789bf77578-fzs4g,2026-07-23T00:09:29.305112+00:00,DEBUG,96ac4fd954e9866d,96ac4fd954e9866d,nio-8080-exec-9,o.s.web.servlet.DispatcherServlet,Completed 200 OK
2026-07-23T00:10:17.108468+00:00,vets-service,vets-service-789bf77578-fzs4g,2026-07-23T00:09:25.542734+00:00,DEBUG,be78f237970ec822,be78f237970ec822,nio-8080-exec-7,o.s.web.servlet.DispatcherServlet,Completed 200 OK
2026-07-23T00:10:17.108468+00:00,vets-service,vets-service-789bf77578-fzs4g,2026-07-23T00:09:22.532721+00:00,DEBUG,98eb9bae36a23237,98eb9bae36a23237,nio-8080-exec-8,o.s.web.servlet.DispatcherServlet,Completed 200 OK
2026-07-23T00:10:17.108468+00:00,vets-service,vets-service-789bf77578-fzs4g,2026-07-23T00:09:14.260425+00:00,DEBUG,beabd43453c060d4,beabd43453c060d4,nio-8080-exec-4,o.s.web.servlet.DispatcherServlet,Completed 200 OK
2026-07-23T00:10:17.108468+00:00,visits-service,visits-service-5bbc99b894-dtlvv,2026-07-23T00:10:16.691279+00:00,DEBUG,5393c73073e0a329,5393c73073e0a329,nio-8080-exec-2,o.s.web.servlet.DispatcherServlet,Completed 200 OK
2026-07-23T00:10:17.108468+00:00,visits-service,visits-service-5bbc99b894-dtlvv,2026-07-23T00:10:06.410677+00:00,DEBUG,8b3c7ece0a323904,8b3c7ece0a323904,nio-8080-exec-1,o.s.web.servlet.DispatcherServlet,Completed 200 OK
2026-07-23T00:10:17.108468+00:00,visits-service,visits-service-5bbc99b894-dtlvv,2026-07-23T00:10:02.649367+00:00,DEBUG,760a720106df58dc,760a720106df58dc,nio-8080-exec-7,o.s.web.servlet.DispatcherServlet,Completed 200 OK
2026-07-23T00:10:17.108468+00:00,visits-service,visits-service-5bbc99b894-dtlvv,2026-07-23T00:10:01.145324+00:00,DEBUG,d45a5224faadb8c6,d45a5224faadb8c6,nio-8080-exec-6,o.s.web.servlet.DispatcherServlet,Completed 200 OK
2026-07-23T00:10:17.108468+00:00,visits-service,visits-service-5bbc99b894-dtlvv,2026-07-23T00:09:51.365462+00:00,DEBUG,d0b4c8121fcc2c06,d0b4c8121fcc2c06,nio-8080-exec-8,o.s.web.servlet.DispatcherServlet,Completed 200 OK
2026-07-23T00:10:17.108468+00:00,visits-service,visits-service-5bbc99b894-dtlvv,2026-07-23T00:09:45.599322+00:00,DEBUG,fd824863c6215540,fd824863c6215540,nio-8080-exec-4,o.s.web.servlet.DispatcherServlet,Completed 200 OK
2026-07-23T00:10:17.108468+00:00,visits-service,visits-service-5bbc99b894-dtlvv,2026-07-23T00:09:42.591177+00:00,DEBUG,c669ac247200bdee,c669ac247200bdee,nio-8080-exec-3,o.s.web.servlet.DispatcherServlet,Completed 200 OK
2026-07-23T00:10:17.108468+00:00,visits-service,visits-service-5bbc99b894-dtlvv,2026-07-23T00:09:36.324893+00:00,DEBUG,65ad2852417122ca,65ad2852417122ca,nio-8080-exec-5,o.s.web.servlet.DispatcherServlet,Completed 200 OK
2026-07-23T00:10:17.108468+00:00,visits-service,visits-service-5bbc99b894-dtlvv,2026-07-23T00:09:30.057486+00:00,DEBUG,a3a92eb1e6092a15,a3a92eb1e6092a15,nio-8080-exec-9,o.s.web.servlet.DispatcherServlet,Completed 200 OK
2026-07-23T00:10:17.108468+00:00,visits-service,visits-service-5bbc99b894-dtlvv,2026-07-23T00:09:22.532554+00:00,DEBUG,beb5179d8353a29d,beb5179d8353a29d,io-8080-exec-10,o.s.web.servlet.DispatcherServlet,Completed 200 OK
2026-07-23T00:10:17.108468+00:00,visits-service,visits-service-5bbc99b894-dtlvv,2026-07-23T00:09:21.279532+00:00,DEBUG,dd2017ac1533560a,dd2017ac1533560a,nio-8080-exec-2,o.s.web.servlet.DispatcherServlet,Completed 200 OK
2026-07-23T00:10:17.108468+00:00,visits-service,visits-service-5bbc99b894-dtlvv,2026-07-23T00:09:14.511357+00:00,DEBUG,7a06b072d2d05af1,7a06b072d2d05af1,nio-8080-exec-1,o.s.web.servlet.DispatcherServlet,Completed 200 OK
2026-07-23T00:10:17.108468+00:00,visits-service,visits-service-5bbc99b894-rlpg7,2026-07-23T00:10:16.691224+00:00,DEBUG,f008baf1d0521a03,feb91e96783f6c37,io-8080-exec-10,o.s.web.servlet.DispatcherServlet,Completed 200 OK
2026-07-23T00:10:17.108468+00:00,visits-service,visits-service-5bbc99b894-rlpg7,2026-07-23T00:10:16.691220+00:00,DEBUG,f008baf1d0521a03,feb91e96783f6c37,io-8080-exec-10,o.s.web.servlet.DispatcherServlet,"GET ""/owners/1/pets/1/visits"", parameters={}"
2026-07-23T00:10:17.108468+00:00,visits-service,visits-service-5bbc99b894-rlpg7,2026-07-23T00:10:15.687856+00:00,DEBUG,d7fb5a1360819c5c,3f6de095aaa24d68,nio-8080-exec-8,o.s.web.servlet.DispatcherServlet,Completed 200 OK
2026-07-23T00:10:17.108468+00:00,visits-service,visits-service-5bbc99b894-rlpg7,2026-07-23T00:10:15.687852+00:00,DEBUG,d7fb5a1360819c5c,3f6de095aaa24d68,nio-8080-exec-8,o.s.web.servlet.DispatcherServlet,"GET ""/owners/1/pets/1/visits"", parameters={}"
2026-07-23T00:10:17.108468+00:00,visits-service,visits-service-5bbc99b894-rlpg7,2026-07-23T00:10:14.183994+00:00,DEBUG,25a7caf9f136c7e8,c90d7c7d3612c64c,nio-8080-exec-9,o.s.web.servlet.DispatcherServlet,Completed 200 OK
2026-07-23T00:10:17.108468+00:00,visits-service,visits-service-5bbc99b894-rlpg7,2026-07-23T00:10:14.183990+00:00,DEBUG,25a7caf9f136c7e8,c90d7c7d3612c64c,nio-8080-exec-9,o.s.web.servlet.DispatcherServlet,"GET ""/owners/1/pets/1/visits"", parameters={}"
2026-07-23T00:10:17.108468+00:00,visits-service,visits-service-5bbc99b894-rlpg7,2026-07-23T00:10:13.932839+00:00,DEBUG,984c9ecab3036679,fe4ff5d10e8c9dab,nio-8080-exec-6,o.s.web.servlet.DispatcherServlet,Completed 200 OK
2026-07-23T00:10:17.108468+00:00,visits-service,visits-service-5bbc99b894-rlpg7,2026-07-23T00:10:13.932835+00:00,DEBUG,984c9ecab3036679,fe4ff5d10e8c9dab,nio-8080-exec-6,o.s.web.servlet.DispatcherServlet,"GET ""/owners/1/pets/1/visits"", parameters={}"
2026-07-23T00:10:17.108468+00:00,visits-service,visits-service-5bbc99b894-rlpg7,2026-07-23T00:10:13.431657+00:00,DEBUG,145b5415d28fd911,bf51293767f0cfe0,nio-8080-exec-7,o.s.web.servlet.DispatcherServlet,Completed 200 OK
2026-07-23T00:10:17.108468+00:00,visits-service,visits-service-5bbc99b894-rlpg7,2026-07-23T00:10:13.431630+00:00,DEBUG,145b5415d28fd911,bf51293767f0cfe0,nio-8080-exec-7,o.s.web.servlet.DispatcherServlet,"GET ""/owners/1/pets/1/visits"", parameters={}"
2026-07-23T00:10:17.108468+00:00,visits-service,visits-service-5bbc99b894-rlpg7,2026-07-23T00:10:13.431606+00:00,DEBUG,8e89b3354755819c,c4ed23e8cfc106ca,nio-8080-exec-1,o.s.web.servlet.DispatcherServlet,Completed 200 OK
2026-07-23T00:10:17.108468+00:00,visits-service,visits-service-5bbc99b894-rlpg7,2026-07-23T00:10:13.431602+00:00,DEBUG,8e89b3354755819c,c4ed23e8cfc106ca,nio-8080-exec-1,o.s.web.servlet.DispatcherServlet,"GET ""/owners/1/pets/1/visits"", parameters={}"
2026-07-23T00:10:17.108468+00:00,visits-service,visits-service-5bbc99b894-rlpg7,2026-07-23T00:10:12.177435+00:00,DEBUG,2d94b3a08c44270b,dedc70d03c149cf6,nio-8080-exec-3,o.s.web.servlet.DispatcherServlet,Completed 200 OK
2026-07-23T00:10:17.108468+00:00,visits-service,visits-service-5bbc99b894-rlpg7,2026-07-23T00:10:12.177433+00:00,DEBUG,2d94b3a08c44270b,dedc70d03c149cf6,nio-8080-exec-3,o.s.web.servlet.DispatcherServlet,"GET ""/owners/1/pets/1/visits"", parameters={}"
2026-07-23T00:10:17.108468+00:00,visits-service,visits-service-5bbc99b894-rlpg7,2026-07-23T00:10:11.676080+00:00,DEBUG,37ca3d20d985bbe2,4d92115172b1c181,nio-8080-exec-5,o.s.web.servlet.DispatcherServlet,Completed 200 OK
2026-07-23T00:10:17.108468+00:00,visits-service,visits-service-5bbc99b894-rlpg7,2026-07-23T00:10:11.676077+00:00,DEBUG,37ca3d20d985bbe2,4d92115172b1c181,nio-8080-exec-5,o.s.web.servlet.DispatcherServlet,"GET ""/owners/1/pets/1/visits"", parameters={}"
2026-07-23T00:10:17.108468+00:00,visits-service,visits-service-5bbc99b894-rlpg7,2026-07-23T00:10:11.425388+00:00,DEBUG,7ac7ac3707a92d11,7700a692ba26a5cd,nio-8080-exec-4,o.s.web.servlet.DispatcherServlet,Completed 200 OK
2026-07-23T00:10:17.108468+00:00,visits-service,visits-service-5bbc99b894-rlpg7,2026-07-23T00:10:11.425383+00:00,DEBUG,7ac7ac3707a92d11,7700a692ba26a5cd,nio-8080-exec-4,o.s.web.servlet.DispatcherServlet,"GET ""/owners/1/pets/1/visits"", parameters={}"
2026-07-23T00:10:17.108468+00:00,visits-service,visits-service-5bbc99b894-rlpg7,2026-07-23T00:10:10.171798+00:00,DEBUG,9568d1ad1d658df5,4ea8f0af62353f67,nio-8080-exec-2,o.s.web.servlet.DispatcherServlet,Completed 200 OK
2026-07-23T00:10:17.108468+00:00,visits-service,visits-service-5bbc99b894-rlpg7,2026-07-23T00:10:10.171777+00:00,DEBUG,9568d1ad1d658df5,4ea8f0af62353f67,nio-8080-exec-2,o.s.web.servlet.DispatcherServlet,"GET ""/owners/1/pets/1/visits"", parameters={}"
2026-07-23T00:10:17.108468+00:00,visits-service,visits-service-5bbc99b894-rlpg7,2026-07-23T00:10:10.171753+00:00,DEBUG,f3cc7817aae02050,ae3f9c5941f117d4,io-8080-exec-10,o.s.web.servlet.DispatcherServlet,Completed 200 OK
2026-07-23T00:10:17.108468+00:00,visits-service,visits-service-5bbc99b894-rlpg7,2026-07-23T00:10:10.171749+00:00,DEBUG,f3cc7817aae02050,ae3f9c5941f117d4,io-8080-exec-10,o.s.web.servlet.DispatcherServlet,"GET ""/owners/1/pets/1/visits"", parameters={}"
2026-07-23T00:10:17.108468+00:00,visits-service,visits-service-5bbc99b894-rlpg7,2026-07-23T00:10:09.921384+00:00,DEBUG,623b8d9919624606,8eb2f5920e45c3a7,nio-8080-exec-8,o.s.web.servlet.DispatcherServlet,Completed 200 OK
2026-07-23T00:10:17.108468+00:00,visits-service,visits-service-5bbc99b894-rlpg7,2026-07-23T00:10:09.921380+00:00,DEBUG,623b8d9919624606,8eb2f5920e45c3a7,nio-8080-exec-8,o.s.web.servlet.DispatcherServlet,"GET ""/owners/1/pets/1/visits"", parameters={}"
2026-07-23T00:10:17.108468+00:00,visits-service,visits-service-5bbc99b894-rlpg7,2026-07-23T00:10:09.168369+00:00,DEBUG,0e2d72693e80347c,e9e3b3f1627f360d,nio-8080-exec-9,o.s.web.servlet.DispatcherServlet,Completed 200 OK
2026-07-23T00:10:17.108468+00:00,visits-service,visits-service-5bbc99b894-rlpg7,2026-07-23T00:10:08.917492+00:00,DEBUG,0e2d72693e80347c,e9e3b3f1627f360d,nio-8080-exec-9,o.s.web.servlet.DispatcherServlet,"GET ""/owners/1/pets/1/visits"", parameters={}"
2026-07-23T00:10:17.108468+00:00,visits-service,visits-service-5bbc99b894-rlpg7,2026-07-23T00:10:08.416539+00:00,DEBUG,c948b68ddca42db3,c948b68ddca42db3,nio-8080-exec-6,o.s.web.servlet.DispatcherServlet,Completed 200 OK
2026-07-23T00:10:17.108468+00:00,visits-service,visits-service-5bbc99b894-rlpg7,2026-07-23T00:10:08.166233+00:00,DEBUG,4206f17457af3ba1,f0ea26438d9a1915,nio-8080-exec-7,o.s.web.servlet.DispatcherServlet,Completed 200 OK
2026-07-23T00:10:17.108468+00:00,visits-service,visits-service-5bbc99b894-rlpg7,2026-07-23T00:10:08.166228+00:00,DEBUG,4206f17457af3ba1,f0ea26438d9a1915,nio-8080-exec-7,o.s.web.servlet.DispatcherServlet,"GET ""/owners/1/pets/1/visits"", parameters={}"
2026-07-23T00:10:17.108468+00:00,visits-service,visits-service-5bbc99b894-rlpg7,2026-07-23T00:10:07.915982+00:00,DEBUG,0536f78c23228da9,708b729a5a8c6aed,nio-8080-exec-1,o.s.web.servlet.DispatcherServlet,Completed 200 OK
2026-07-23T00:10:17.108468+00:00,visits-service,visits-service-5bbc99b894-rlpg7,2026-07-23T00:10:07.915978+00:00,DEBUG,0536f78c23228da9,708b729a5a8c6aed,nio-8080-exec-1,o.s.web.servlet.DispatcherServlet,"GET ""/owners/1/pets/1/visits"", parameters={}"
2026-07-23T00:10:17.108468+00:00,visits-service,visits-service-5bbc99b894-rlpg7,2026-07-23T00:10:07.665241+00:00,DEBUG,5a54373906b7761b,bdc2d2bbf6233a74,nio-8080-exec-3,o.s.web.servlet.DispatcherServlet,Completed 200 OK
2026-07-23T00:10:17.108468+00:00,visits-service,visits-service-5bbc99b894-rlpg7,2026-07-23T00:10:07.665237+00:00,DEBUG,5a54373906b7761b,bdc2d2bbf6233a74,nio-8080-exec-3,o.s.web.servlet.DispatcherServlet,"GET ""/owners/1/pets/1/visits"", parameters={}"
2026-07-23T00:10:17.108468+00:00,visits-service,visits-service-5bbc99b894-rlpg7,2026-07-23T00:10:07.414140+00:00,DEBUG,4361f033c3ca84ed,4361f033c3ca84ed,nio-8080-exec-5,o.s.web.servlet.DispatcherServlet,Completed 200 OK
2026-07-23T00:10:17.108468+00:00,visits-service,visits-service-5bbc99b894-rlpg7,2026-07-23T00:10:07.163421+00:00,DEBUG,eb74a5447223ef4c,f771954340dfc5a7,nio-8080-exec-4,o.s.web.servlet.DispatcherServlet,Completed 200 OK
2026-07-23T00:10:17.108468+00:00,visits-service,visits-service-5bbc99b894-rlpg7,2026-07-23T00:10:07.163418+00:00,DEBUG,eb74a5447223ef4c,f771954340dfc5a7,nio-8080-exec-4,o.s.web.servlet.DispatcherServlet,"GET ""/owners/1/pets/1/visits"", parameters={}"
2026-07-23T00:10:17.108468+00:00,visits-service,visits-service-5bbc99b894-rlpg7,2026-07-23T00:10:06.912371+00:00,DEBUG,0d5f164005567484,0d5f164005567484,nio-8080-exec-2,o.s.web.servlet.DispatcherServlet,Completed 200 OK
2026-07-23T00:10:17.108468+00:00,visits-service,visits-service-5bbc99b894-rlpg7,2026-07-23T00:10:06.912342+00:00,DEBUG,127eb6948beacf26,306b6363e1305320,io-8080-exec-10,o.s.web.servlet.DispatcherServlet,Completed 200 OK
2026-07-23T00:10:17.108468+00:00,visits-service,visits-service-5bbc99b894-rlpg7,2026-07-23T00:10:06.661413+00:00,DEBUG,127eb6948beacf26,306b6363e1305320,io-8080-exec-10,o.s.web.servlet.DispatcherServlet,"GET ""/owners/1/pets/1/visits"", parameters={}"
2026-07-23T00:10:17.108468+00:00,visits-service,visits-service-5bbc99b894-rlpg7,2026-07-23T00:10:05.157465+00:00,DEBUG,29cb611369efd70f,dd6c24fd29146549,nio-8080-exec-8,o.s.web.servlet.DispatcherServlet,Completed 200 OK
2026-07-23T00:10:17.108468+00:00,visits-service,visits-service-5bbc99b894-rlpg7,2026-07-23T00:10:05.157460+00:00,DEBUG,29cb611369efd70f,dd6c24fd29146549,nio-8080-exec-8,o.s.web.servlet.DispatcherServlet,"GET ""/owners/1/pets/1/visits"", parameters={}"
2026-07-23T00:10:17.108468+00:00,visits-service,visits-service-5bbc99b894-rlpg7,2026-07-23T00:10:04.656218+00:00,DEBUG,b3da816e2936b8e9,265afe4a1eae0720,nio-8080-exec-9,o.s.web.servlet.DispatcherServlet,Completed 200 OK
2026-07-23T00:10:17.108468+00:00,visits-service,visits-service-5bbc99b894-rlpg7,2026-07-23T00:10:04.656213+00:00,DEBUG,b3da816e2936b8e9,265afe4a1eae0720,nio-8080-exec-9,o.s.web.servlet.DispatcherServlet,"GET ""/owners/1/pets/1/visits"", parameters={}"
2026-07-23T00:10:17.108468+00:00,visits-service,visits-service-5bbc99b894-rlpg7,2026-07-23T00:10:04.154334+00:00,DEBUG,2b40891fccd72263,8e3eb5a340a79a4a,nio-8080-exec-6,o.s.web.servlet.DispatcherServlet,Completed 200 OK
2026-07-23T00:10:17.108468+00:00,visits-service,visits-service-5bbc99b894-rlpg7,2026-07-23T00:10:04.154331+00:00,DEBUG,2b40891fccd72263,8e3eb5a340a79a4a,nio-8080-exec-6,o.s.web.servlet.DispatcherServlet,"GET ""/owners/1/pets/1/visits"", parameters={}"
2026-07-23T00:10:17.108468+00:00,visits-service,visits-service-5bbc99b894-rlpg7,2026-07-23T00:10:03.401284+00:00,DEBUG,99fbdfd19b820e8d,eea08d981ce9d261,nio-8080-exec-7,o.s.web.servlet.DispatcherServlet,Completed 200 OK
2026-07-23T00:10:17.108468+00:00,visits-service,visits-service-5bbc99b894-rlpg7,2026-07-23T00:10:03.401282+00:00,DEBUG,99fbdfd19b820e8d,eea08d981ce9d261,nio-8080-exec-7,o.s.web.servlet.DispatcherServlet,"GET ""/owners/1/pets/1/visits"", parameters={}"
2026-07-23T00:10:17.108468+00:00,visits-service,visits-service-5bbc99b894-rlpg7,2026-07-23T00:10:03.151082+00:00,DEBUG,094b01f3b40180a3,ed450e618dc7dc6a,nio-8080-exec-1,o.s.web.servlet.DispatcherServlet,Completed 200 OK
2026-07-23T00:10:17.108468+00:00,visits-service,visits-service-5bbc99b894-rlpg7,2026-07-23T00:10:03.151077+00:00,DEBUG,094b01f3b40180a3,ed450e618dc7dc6a,nio-8080-exec-1,o.s.web.servlet.DispatcherServlet,"GET ""/owners/1/pets/1/visits"", parameters={}"
2026-07-23T00:10:17.108468+00:00,visits-service,visits-service-5bbc99b894-rlpg7,2026-07-23T00:10:02.398347+00:00,DEBUG,598284ee78e3af5a,ccb7eb0296abfe6e,nio-8080-exec-3,o.s.web.servlet.DispatcherServlet,Completed 200 OK
2026-07-23T00:10:17.108468+00:00,visits-service,visits-service-5bbc99b894-rlpg7,2026-07-23T00:10:02.398313+00:00,DEBUG,598284ee78e3af5a,ccb7eb0296abfe6e,nio-8080-exec-3,o.s.web.servlet.DispatcherServlet,"GET ""/owners/1/pets/1/visits"", parameters={}"
2026-07-23T00:10:17.108468+00:00,visits-service,visits-service-5bbc99b894-rlpg7,2026-07-23T00:10:02.398291+00:00,DEBUG,5981a003ad02ef3c,506aa8991200f1c2,nio-8080-exec-5,o.s.web.servlet.DispatcherServlet,Completed 200 OK
2026-07-23T00:10:17.108468+00:00,visits-service,visits-service-5bbc99b894-rlpg7,2026-07-23T00:10:02.398287+00:00,DEBUG,5981a003ad02ef3c,506aa8991200f1c2,nio-8080-exec-5,o.s.web.servlet.DispatcherServlet,"GET ""/owners/1/pets/1/visits"", parameters={}"
2026-07-23T00:10:17.108468+00:00,visits-service,visits-service-5bbc99b894-rlpg7,2026-07-23T00:10:01.896927+00:00,DEBUG,76a36f2572feb06a,0ea5fbed3a17a559,nio-8080-exec-4,o.s.web.servlet.DispatcherServlet,Completed 200 OK
2026-07-23T00:10:17.108468+00:00,visits-service,visits-service-5bbc99b894-rlpg7,2026-07-23T00:10:01.646665+00:00,DEBUG,76a36f2572feb06a,0ea5fbed3a17a559,nio-8080-exec-4,o.s.web.servlet.DispatcherServlet,"GET ""/owners/1/pets/1/visits"", parameters={}"
2026-07-23T00:10:17.108468+00:00,visits-service,visits-service-5bbc99b894-rlpg7,2026-07-23T00:10:00.141114+00:00,DEBUG,caaeb58122771947,3b4e0a5e8f713a90,nio-8080-exec-2,o.s.web.servlet.DispatcherServlet,Completed 200 OK
2026-07-23T00:10:17.108468+00:00,visits-service,visits-service-5bbc99b894-rlpg7,2026-07-23T00:10:00.141109+00:00,DEBUG,caaeb58122771947,3b4e0a5e8f713a90,nio-8080-exec-2,o.s.web.servlet.DispatcherServlet,"GET ""/owners/1/pets/1/visits"", parameters={}"
2026-07-23T00:10:17.108468+00:00,visits-service,visits-service-5bbc99b894-rlpg7,2026-07-23T00:09:59.138059+00:00,DEBUG,a03ac463ef71ce13,e65aadd207288711,io-8080-exec-10,o.s.web.servlet.DispatcherServlet,Completed 200 OK
2026-07-23T00:10:17.108468+00:00,visits-service,visits-service-5bbc99b894-rlpg7,2026-07-23T00:09:58.887403+00:00,DEBUG,a03ac463ef71ce13,e65aadd207288711,io-8080-exec-10,o.s.web.servlet.DispatcherServlet,"GET ""/owners/1/pets/1/visits"", parameters={}"
2026-07-23T00:10:17.108468+00:00,visits-service,visits-service-5bbc99b894-rlpg7,2026-07-23T00:09:57.882964+00:00,DEBUG,9a285bdcf1332cc3,13d70deabc19c493,nio-8080-exec-8,o.s.web.servlet.DispatcherServlet,Completed 200 OK
2026-07-23T00:10:17.108468+00:00,visits-service,visits-service-5bbc99b894-rlpg7,2026-07-23T00:09:57.882960+00:00,DEBUG,9a285bdcf1332cc3,13d70deabc19c493,nio-8080-exec-8,o.s.web.servlet.DispatcherServlet,"GET ""/owners/1/pets/1/visits"", parameters={}"
2026-07-23T00:10:17.108468+00:00,visits-service,visits-service-5bbc99b894-rlpg7,2026-07-23T00:09:56.629688+00:00,DEBUG,33ecf91cf7c633c8,14662b936079e276,nio-8080-exec-9,o.s.web.servlet.DispatcherServlet,Completed 200 OK
2026-07-23T00:10:17.108468+00:00,visits-service,visits-service-5bbc99b894-rlpg7,2026-07-23T00:09:56.629685+00:00,DEBUG,33ecf91cf7c633c8,14662b936079e276,nio-8080-exec-9,o.s.web.servlet.DispatcherServlet,"GET ""/owners/1/pets/1/visits"", parameters={}"
2026-07-23T00:10:17.108468+00:00,visits-service,visits-service-5bbc99b894-rlpg7,2026-07-23T00:09:56.379346+00:00,DEBUG,37caee842402b825,24f3e2100321f1b7,nio-8080-exec-6,o.s.web.servlet.DispatcherServlet,Completed 200 OK
2026-07-23T00:10:17.108468+00:00,visits-service,visits-service-5bbc99b894-rlpg7,2026-07-23T00:09:56.379342+00:00,DEBUG,37caee842402b825,24f3e2100321f1b7,nio-8080-exec-6,o.s.web.servlet.DispatcherServlet,"GET ""/owners/1/pets/1/visits"", parameters={}"
2026-07-23T00:10:17.108468+00:00,visits-service,visits-service-5bbc99b894-rlpg7,2026-07-23T00:09:56.129112+00:00,DEBUG,7f7aa369e4be09b6,44dea2548d781c2c,nio-8080-exec-7,o.s.web.servlet.DispatcherServlet,Completed 200 OK
2026-07-23T00:10:17.108468+00:00,visits-service,visits-service-5bbc99b894-rlpg7,2026-07-23T00:09:56.129070+00:00,DEBUG,7f7aa369e4be09b6,44dea2548d781c2c,nio-8080-exec-7,o.s.web.servlet.DispatcherServlet,"GET ""/owners/1/pets/1/visits"", parameters={}"
2026-07-23T00:10:17.108468+00:00,visits-service,visits-service-5bbc99b894-rlpg7,2026-07-23T00:09:56.129045+00:00,DEBUG,94ee0ea28569e8fe,7fe9f56c33f90d4d,nio-8080-exec-1,o.s.web.servlet.DispatcherServlet,Completed 200 OK
2026-07-23T00:10:17.108468+00:00,visits-service,visits-service-5bbc99b894-rlpg7,2026-07-23T00:09:56.129041+00:00,DEBUG,94ee0ea28569e8fe,7fe9f56c33f90d4d,nio-8080-exec-1,o.s.web.servlet.DispatcherServlet,"GET ""/owners/1/pets/1/visits"", parameters={}"
2026-07-23T00:10:17.108468+00:00,visits-service,visits-service-5bbc99b894-rlpg7,2026-07-23T00:09:55.628716+00:00,DEBUG,6de5d976c897b4b7,9b0dd0d6697615ed,nio-8080-exec-3,o.s.web.servlet.DispatcherServlet,Completed 200 OK
2026-07-23T00:10:17.108468+00:00,visits-service,visits-service-5bbc99b894-rlpg7,2026-07-23T00:09:55.628624+00:00,DEBUG,6de5d976c897b4b7,9b0dd0d6697615ed,nio-8080-exec-3,o.s.web.servlet.DispatcherServlet,"GET ""/owners/1/pets/1/visits"", parameters={}"
2026-07-23T00:10:17.108468+00:00,visits-service,visits-service-5bbc99b894-rlpg7,2026-07-23T00:09:55.628600+00:00,DEBUG,5ff8fa9b422cc61b,02ed1dd6013cbfa6,nio-8080-exec-5,o.s.web.servlet.DispatcherServlet,Completed 200 OK
2026-07-23T00:10:17.108468+00:00,visits-service,visits-service-5bbc99b894-rlpg7,2026-07-23T00:09:55.628596+00:00,DEBUG,5ff8fa9b422cc61b,02ed1dd6013cbfa6,nio-8080-exec-5,o.s.web.servlet.DispatcherServlet,"GET ""/owners/1/pets/1/visits"", parameters={}"
2026-07-23T00:10:17.108468+00:00,visits-service,visits-service-5bbc99b894-rlpg7,2026-07-23T00:09:55.377486+00:00,DEBUG,16b1ca8c39c9c1fb,04e2758e1c086114,nio-8080-exec-4,o.s.web.servlet.DispatcherServlet,Completed 200 OK
2026-07-23T00:10:17.108468+00:00,visits-service,visits-service-5bbc99b894-rlpg7,2026-07-23T00:09:55.377482+00:00,DEBUG,16b1ca8c39c9c1fb,04e2758e1c086114,nio-8080-exec-4,o.s.web.servlet.DispatcherServlet,"GET ""/owners/1/pets/1/visits"", parameters={}"
2026-07-23T00:10:17.108468+00:00,visits-service,visits-service-5bbc99b894-rlpg7,2026-07-23T00:09:55.126518+00:00,DEBUG,ded83238fdd7c111,28ae3a1d934fc7f0,nio-8080-exec-2,o.s.web.servlet.DispatcherServlet,Completed 200 OK
2026-07-23T00:10:17.108468+00:00,visits-service,visits-service-5bbc99b894-rlpg7,2026-07-23T00:09:55.126515+00:00,DEBUG,ded83238fdd7c111,28ae3a1d934fc7f0,nio-8080-exec-2,o.s.web.servlet.DispatcherServlet,"GET ""/owners/1/pets/1/visits"", parameters={}"
2026-07-23T00:10:17.108468+00:00,visits-service,visits-service-5bbc99b894-rlpg7,2026-07-23T00:09:54.624604+00:00,DEBUG,a22b4f30cfa28b3a,d93cd078136175e9,io-8080-exec-10,o.s.web.servlet.DispatcherServlet,Completed 200 OK
2026-07-23T00:10:17.108468+00:00,visits-service,visits-service-5bbc99b894-rlpg7,2026-07-23T00:09:54.624603+00:00,DEBUG,a22b4f30cfa28b3a,d93cd078136175e9,io-8080-exec-10,o.s.web.servlet.DispatcherServlet,"GET ""/owners/1/pets/1/visits"", parameters={}"
2026-07-23T00:10:17.108468+00:00,visits-service,visits-service-5bbc99b894-rlpg7,2026-07-23T00:09:54.374545+00:00,DEBUG,bf0238e0ed13c33a,c5bc78d12a325568,nio-8080-exec-8,o.s.web.servlet.DispatcherServlet,Completed 200 OK
2026-07-23T00:10:17.108468+00:00,visits-service,visits-service-5bbc99b894-rlpg7,2026-07-23T00:09:54.374540+00:00,DEBUG,bf0238e0ed13c33a,c5bc78d12a325568,nio-8080-exec-8,o.s.web.servlet.DispatcherServlet,"GET ""/owners/1/pets/1/visits"", parameters={}"
2026-07-23T00:10:17.108468+00:00,visits-service,visits-service-5bbc99b894-rlpg7,2026-07-23T00:09:54.123291+00:00,DEBUG,a46654f2cc4d3f8d,8d6458f60328931b,nio-8080-exec-9,o.s.web.servlet.DispatcherServlet,Completed 200 OK
2026-07-23T00:10:17.108468+00:00,visits-service,visits-service-5bbc99b894-rlpg7,2026-07-23T00:09:54.123286+00:00,DEBUG,a46654f2cc4d3f8d,8d6458f60328931b,nio-8080-exec-9,o.s.web.servlet.DispatcherServlet,"GET ""/owners/1/pets/1/visits"", parameters={}"
2026-07-23T00:10:17.108468+00:00,visits-service,visits-service-5bbc99b894-rlpg7,2026-07-23T00:09:52.871555+00:00,DEBUG,9a512aa44fa7afd3,cf60bb1898770e2d,nio-8080-exec-6,o.s.web.servlet.DispatcherServlet,Completed 200 OK
2026-07-23T00:10:17.108468+00:00,visits-service,visits-service-5bbc99b894-rlpg7,2026-07-23T00:09:52.871522+00:00,DEBUG,9a512aa44fa7afd3,cf60bb1898770e2d,nio-8080-exec-6,o.s.web.servlet.DispatcherServlet,"GET ""/owners/1/pets/1/visits"", parameters={}"
2026-07-23T00:10:17.108468+00:00,visits-service,visits-service-5bbc99b894-rlpg7,2026-07-23T00:09:52.871496+00:00,DEBUG,343c279662cce160,343c279662cce160,nio-8080-exec-7,o.s.web.servlet.DispatcherServlet,Completed 200 OK
2026-07-23T00:10:17.108468+00:00,visits-service,visits-service-5bbc99b894-rlpg7,2026-07-23T00:09:52.369701+00:00,DEBUG,172656cb066544c1,172656cb066544c1,nio-8080-exec-1,o.s.web.servlet.DispatcherServlet,Completed 200 OK
2026-07-23T00:10:17.108468+00:00,visits-service,visits-service-5bbc99b894-rlpg7,2026-07-23T00:09:52.118506+00:00,DEBUG,532d32fd8c5dc26f,f70d3287fcc7dc8f,nio-8080-exec-3,o.s.web.servlet.DispatcherServlet,Completed 200 OK
2026-07-23T00:10:17.108468+00:00,visits-service,visits-service-5bbc99b894-rlpg7,2026-07-23T00:09:52.118501+00:00,DEBUG,532d32fd8c5dc26f,f70d3287fcc7dc8f,nio-8080-exec-3,o.s.web.servlet.DispatcherServlet,"GET ""/owners/1/pets/1/visits"", parameters={}"
2026-07-23T00:10:17.108468+00:00,visits-service,visits-service-5bbc99b894-rlpg7,2026-07-23T00:09:51.616342+00:00,DEBUG,a744c580b4019235,8f7360e257689406,nio-8080-exec-5,o.s.web.servlet.DispatcherServlet,Completed 200 OK
2026-07-23T00:10:17.108468+00:00,visits-service,visits-service-5bbc99b894-rlpg7,2026-07-23T00:09:51.616338+00:00,DEBUG,a744c580b4019235,8f7360e257689406,nio-8080-exec-5,o.s.web.servlet.DispatcherServlet,"GET ""/owners/1/pets/1/visits"", parameters={}"
2026-07-23T00:10:17.108468+00:00,visits-service,visits-service-5bbc99b894-rlpg7,2026-07-23T00:09:51.115099+00:00,DEBUG,8285e9ac6226b188,2445722e666a4ad6,nio-8080-exec-4,o.s.web.servlet.DispatcherServlet,Completed 200 OK
2026-07-23T00:10:17.108468+00:00,visits-service,visits-service-5bbc99b894-rlpg7,2026-07-23T00:09:51.115097+00:00,DEBUG,8285e9ac6226b188,2445722e666a4ad6,nio-8080-exec-4,o.s.web.servlet.DispatcherServlet,"GET ""/owners/1/pets/1/visits"", parameters={}"
2026-07-23T00:10:17.108468+00:00,visits-service,visits-service-5bbc99b894-rlpg7,2026-07-23T00:09:50.613751+00:00,DEBUG,20f6f3a7adaf840d,a265846546c39e54,nio-8080-exec-2,o.s.web.servlet.DispatcherServlet,Completed 200 OK
2026-07-23T00:10:17.108468+00:00,visits-service,visits-service-5bbc99b894-rlpg7,2026-07-23T00:09:50.613750+00:00,DEBUG,20f6f3a7adaf840d,a265846546c39e54,nio-8080-exec-2,o.s.web.servlet.DispatcherServlet,"GET ""/owners/1/pets/1/visits"", parameters={}"
2026-07-23T00:10:17.108468+00:00,visits-service,visits-service-5bbc99b894-rlpg7,2026-07-23T00:09:50.363416+00:00,DEBUG,821f15a95aa6fecd,3ed9186013b884e0,io-8080-exec-10,o.s.web.servlet.DispatcherServlet,Completed 200 OK
2026-07-23T00:10:17.108468+00:00,visits-service,visits-service-5bbc99b894-rlpg7,2026-07-23T00:09:50.363412+00:00,DEBUG,821f15a95aa6fecd,3ed9186013b884e0,io-8080-exec-10,o.s.web.servlet.DispatcherServlet,"GET ""/owners/1/pets/1/visits"", parameters={}"
2026-07-23T00:10:17.108468+00:00,visits-service,visits-service-5bbc99b894-rlpg7,2026-07-23T00:09:49.610987+00:00,DEBUG,82bd9424d9422ee8,8e714fb083842fa9,nio-8080-exec-8,o.s.web.servlet.DispatcherServlet,Completed 200 OK
2026-07-23T00:10:17.108468+00:00,visits-service,visits-service-5bbc99b894-rlpg7,2026-07-23T00:09:49.610985+00:00,DEBUG,82bd9424d9422ee8,8e714fb083842fa9,nio-8080-exec-8,o.s.web.servlet.DispatcherServlet,"GET ""/owners/1/pets/1/visits"", parameters={}"
2026-07-23T00:10:17.108468+00:00,visits-service,visits-service-5bbc99b894-rlpg7,2026-07-23T00:09:48.858343+00:00,DEBUG,9b6b9e81ec580395,8818360093046742,nio-8080-exec-9,o.s.web.servlet.DispatcherServlet,Completed 200 OK
2026-07-23T00:10:17.108468+00:00,visits-service,visits-service-5bbc99b894-rlpg7,2026-07-23T00:09:48.858341+00:00,DEBUG,9b6b9e81ec580395,8818360093046742,nio-8080-exec-9,o.s.web.servlet.DispatcherServlet,"GET ""/owners/1/pets/1/visits"", parameters={}"
2026-07-23T00:10:17.108468+00:00,visits-service,visits-service-5bbc99b894-rlpg7,2026-07-23T00:09:46.851264+00:00,DEBUG,42c74a5ec6d2ce85,5498e607a4e7d3b8,nio-8080-exec-6,o.s.web.servlet.DispatcherServlet,Completed 200 OK
2026-07-23T00:10:17.108468+00:00,visits-service,visits-service-5bbc99b894-rlpg7,2026-07-23T00:09:46.851227+00:00,DEBUG,42c74a5ec6d2ce85,5498e607a4e7d3b8,nio-8080-exec-6,o.s.web.servlet.DispatcherServlet,"GET ""/owners/1/pets/1/visits"", parameters={}"
2026-07-23T00:10:17.108468+00:00,visits-service,visits-service-5bbc99b894-rlpg7,2026-07-23T00:09:46.851201+00:00,DEBUG,c8ae29b08c7ab1fe,c8ae29b08c7ab1fe,nio-8080-exec-7,o.s.web.servlet.DispatcherServlet,Completed 200 OK
2026-07-23T00:10:17.108468+00:00,visits-service,visits-service-5bbc99b894-rlpg7,2026-07-23T00:09:46.350883+00:00,DEBUG,f19acfe9114331ad,2d630d55e506dcad,nio-8080-exec-1,o.s.web.servlet.DispatcherServlet,Completed 200 OK
2026-07-23T00:10:17.108468+00:00,visits-service,visits-service-5bbc99b894-rlpg7,2026-07-23T00:09:46.350879+00:00,DEBUG,f19acfe9114331ad,2d630d55e506dcad,nio-8080-exec-1,o.s.web.servlet.DispatcherServlet,"GET ""/owners/1/pets/1/visits"", parameters={}"
2026-07-23T00:10:17.108468+00:00,visits-service,visits-service-5bbc99b894-rlpg7,2026-07-23T00:09:45.599169+00:00,DEBUG,4d553d1fe4c506ac,f17e83ff5a1d2cd0,nio-8080-exec-3,o.s.web.servlet.DispatcherServlet,Completed 200 OK
2026-07-23T00:10:17.108468+00:00,visits-service,visits-service-5bbc99b894-rlpg7,2026-07-23T00:09:45.599165+00:00,DEBUG,4d553d1fe4c506ac,f17e83ff5a1d2cd0,nio-8080-exec-3,o.s.web.servlet.DispatcherServlet,"GET ""/owners/1/pets/1/visits"", parameters={}"
2026-07-23T00:10:17.108468+00:00,visits-service,visits-service-5bbc99b894-rlpg7,2026-07-23T00:09:44.346486+00:00,DEBUG,706950ccd22ce3b1,79ed73019a2fb033,nio-8080-exec-5,o.s.web.servlet.DispatcherServlet,Completed 200 OK
2026-07-23T00:10:17.108468+00:00,visits-service,visits-service-5bbc99b894-rlpg7,2026-07-23T00:09:44.346484+00:00,DEBUG,706950ccd22ce3b1,79ed73019a2fb033,nio-8080-exec-5,o.s.web.servlet.DispatcherServlet,"GET ""/owners/1/pets/1/visits"", parameters={}"
2026-07-23T00:10:17.108468+00:00,visits-service,visits-service-5bbc99b894-rlpg7,2026-07-23T00:09:43.844213+00:00,DEBUG,98bbbeeb6dd237ad,6fd4e64a870b75e1,nio-8080-exec-4,o.s.web.servlet.DispatcherServlet,Completed 200 OK
2026-07-23T00:10:17.108468+00:00,visits-service,visits-service-5bbc99b894-rlpg7,2026-07-23T00:09:43.844212+00:00,DEBUG,98bbbeeb6dd237ad,6fd4e64a870b75e1,nio-8080-exec-4,o.s.web.servlet.DispatcherServlet,"GET ""/owners/1/pets/1/visits"", parameters={}"
2026-07-23T00:10:17.108468+00:00,visits-service,visits-service-5bbc99b894-rlpg7,2026-07-23T00:09:43.342990+00:00,DEBUG,389dca5dbd0a1391,13bb4566bdc8fdd4,nio-8080-exec-2,o.s.web.servlet.DispatcherServlet,Completed 200 OK
2026-07-23T00:10:17.108468+00:00,visits-service,visits-service-5bbc99b894-rlpg7,2026-07-23T00:09:43.342986+00:00,DEBUG,389dca5dbd0a1391,13bb4566bdc8fdd4,nio-8080-exec-2,o.s.web.servlet.DispatcherServlet,"GET ""/owners/1/pets/1/visits"", parameters={}"
2026-07-23T00:10:17.108468+00:00,visits-service,visits-service-5bbc99b894-rlpg7,2026-07-23T00:09:43.092826+00:00,DEBUG,d66c1fe5191f914e,757dac1af630cf7d,io-8080-exec-10,o.s.web.servlet.DispatcherServlet,Completed 200 OK
2026-07-23T00:10:17.108468+00:00,visits-service,visits-service-5bbc99b894-rlpg7,2026-07-23T00:09:43.092822+00:00,DEBUG,d66c1fe5191f914e,757dac1af630cf7d,io-8080-exec-10,o.s.web.servlet.DispatcherServlet,"GET ""/owners/1/pets/1/visits"", parameters={}"
2026-07-23T00:10:17.108468+00:00,visits-service,visits-service-5bbc99b894-rlpg7,2026-07-23T00:09:42.340442+00:00,DEBUG,6edf78472963dd82,7cc79f3223c9b2d6,nio-8080-exec-8,o.s.web.servlet.DispatcherServlet,Completed 200 OK
2026-07-23T00:10:17.108468+00:00,visits-service,visits-service-5bbc99b894-rlpg7,2026-07-23T00:09:42.340412+00:00,DEBUG,6edf78472963dd82,7cc79f3223c9b2d6,nio-8080-exec-8,o.s.web.servlet.DispatcherServlet,"GET ""/owners/1/pets/1/visits"", parameters={}"
2026-07-23T00:10:17.108468+00:00,visits-service,visits-service-5bbc99b894-rlpg7,2026-07-23T00:09:42.340387+00:00,DEBUG,a8fcd945c9dc9dcf,64fd48710b99f014,nio-8080-exec-9,o.s.web.servlet.DispatcherServlet,Completed 200 OK
2026-07-23T00:10:17.108468+00:00,visits-service,visits-service-5bbc99b894-rlpg7,2026-07-23T00:09:42.340383+00:00,DEBUG,a8fcd945c9dc9dcf,64fd48710b99f014,nio-8080-exec-9,o.s.web.servlet.DispatcherServlet,"GET ""/owners/1/pets/1/visits"", parameters={}"
2026-07-23T00:10:17.108468+00:00,visits-service,visits-service-5bbc99b894-rlpg7,2026-07-23T00:09:42.089590+00:00,DEBUG,1e5f0416dcf2aeb8,d97ce95c073f949d,nio-8080-exec-6,o.s.web.servlet.DispatcherServlet,Completed 200 OK
2026-07-23T00:10:17.108468+00:00,visits-service,visits-service-5bbc99b894-rlpg7,2026-07-23T00:09:42.089586+00:00,DEBUG,1e5f0416dcf2aeb8,d97ce95c073f949d,nio-8080-exec-6,o.s.web.servlet.DispatcherServlet,"GET ""/owners/1/pets/1/visits"", parameters={}"
2026-07-23T00:10:17.108468+00:00,visits-service,visits-service-5bbc99b894-rlpg7,2026-07-23T00:09:40.835817+00:00,DEBUG,ad159369e3a5d297,7419fed1081ab91e,nio-8080-exec-7,o.s.web.servlet.DispatcherServlet,Completed 200 OK
2026-07-23T00:10:17.108468+00:00,visits-service,visits-service-5bbc99b894-rlpg7,2026-07-23T00:09:40.835815+00:00,DEBUG,ad159369e3a5d297,7419fed1081ab91e,nio-8080-exec-7,o.s.web.servlet.DispatcherServlet,"GET ""/owners/1/pets/1/visits"", parameters={}"
2026-07-23T00:10:17.108468+00:00,visits-service,visits-service-5bbc99b894-rlpg7,2026-07-23T00:09:39.582016+00:00,DEBUG,5d5b97105ac324a7,be3d1ace1e025a65,nio-8080-exec-1,o.s.web.servlet.DispatcherServlet,Completed 200 OK
2026-07-23T00:10:17.108468+00:00,visits-service,visits-service-5bbc99b894-rlpg7,2026-07-23T00:09:39.582013+00:00,DEBUG,5d5b97105ac324a7,be3d1ace1e025a65,nio-8080-exec-1,o.s.web.servlet.DispatcherServlet,"GET ""/owners/1/pets/1/visits"", parameters={}"
2026-07-23T00:10:17.108468+00:00,visits-service,visits-service-5bbc99b894-rlpg7,2026-07-23T00:09:38.830947+00:00,DEBUG,debb90347885015b,a3f16e6ac756a157,nio-8080-exec-3,o.s.web.servlet.DispatcherServlet,Completed 200 OK
2026-07-23T00:10:17.108468+00:00,visits-service,visits-service-5bbc99b894-rlpg7,2026-07-23T00:09:38.830944+00:00,DEBUG,debb90347885015b,a3f16e6ac756a157,nio-8080-exec-3,o.s.web.servlet.DispatcherServlet,"GET ""/owners/1/pets/1/visits"", parameters={}"
2026-07-23T00:10:17.108468+00:00,visits-service,visits-service-5bbc99b894-rlpg7,2026-07-23T00:09:37.327854+00:00,DEBUG,933c64f6dd4ee7d8,933c64f6dd4ee7d8,nio-8080-exec-5,o.s.web.servlet.DispatcherServlet,Completed 200 OK
2026-07-23T00:10:17.108468+00:00,visits-service,visits-service-5bbc99b894-rlpg7,2026-07-23T00:09:37.327846+00:00,DEBUG,f14a87dab98ecdc1,f14a87dab98ecdc1,nio-8080-exec-4,o.s.web.servlet.DispatcherServlet,Completed 200 OK
2026-07-23T00:10:17.108468+00:00,visits-service,visits-service-5bbc99b894-rlpg7,2026-07-23T00:09:37.077479+00:00,DEBUG,13ef46dc37bc3225,0d1fb08957c56a49,nio-8080-exec-2,o.s.web.servlet.DispatcherServlet,Completed 200 OK
2026-07-23T00:10:17.108468+00:00,visits-service,visits-service-5bbc99b894-rlpg7,2026-07-23T00:09:37.077475+00:00,DEBUG,13ef46dc37bc3225,0d1fb08957c56a49,nio-8080-exec-2,o.s.web.servlet.DispatcherServlet,"GET ""/owners/1/pets/1/visits"", parameters={}"
2026-07-23T00:10:17.108468+00:00,visits-service,visits-service-5bbc99b894-rlpg7,2026-07-23T00:09:36.576082+00:00,DEBUG,64c90bfdcf761664,ba8b6afe685af572,io-8080-exec-10,o.s.web.servlet.DispatcherServlet,Completed 200 OK
2026-07-23T00:10:17.108468+00:00,visits-service,visits-service-5bbc99b894-rlpg7,2026-07-23T00:09:36.576077+00:00,DEBUG,64c90bfdcf761664,ba8b6afe685af572,io-8080-exec-10,o.s.web.servlet.DispatcherServlet,"GET ""/owners/1/pets/1/visits"", parameters={}"
2026-07-23T00:10:17.108468+00:00,visits-service,visits-service-5bbc99b894-rlpg7,2026-07-23T00:09:36.324930+00:00,DEBUG,9ffcc7abad794182,d8a399e6cd79b7d3,nio-8080-exec-8,o.s.web.servlet.DispatcherServlet,Completed 200 OK
2026-07-23T00:10:17.108468+00:00,visits-service,visits-service-5bbc99b894-rlpg7,2026-07-23T00:09:36.324927+00:00,DEBUG,9ffcc7abad794182,d8a399e6cd79b7d3,nio-8080-exec-8,o.s.web.servlet.DispatcherServlet,"GET ""/owners/1/pets/1/visits"", parameters={}"
2026-07-23T00:10:17.108468+00:00,visits-service,visits-service-5bbc99b894-rlpg7,2026-07-23T00:09:36.074169+00:00,DEBUG,8a46b214b609ba72,3f53d5a9d585d6dd,nio-8080-exec-9,o.s.web.servlet.DispatcherServlet,Completed 200 OK
2026-07-23T00:10:17.108468+00:00,visits-service,visits-service-5bbc99b894-rlpg7,2026-07-23T00:09:36.074138+00:00,DEBUG,8a46b214b609ba72,3f53d5a9d585d6dd,nio-8080-exec-9,o.s.web.servlet.DispatcherServlet,"GET ""/owners/1/pets/1/visits"", parameters={}"
2026-07-23T00:10:17.108468+00:00,visits-service,visits-service-5bbc99b894-rlpg7,2026-07-23T00:09:36.074100+00:00,DEBUG,60a9d7f7fa855dfc,fe229b85c3cccdd6,nio-8080-exec-6,o.s.web.servlet.DispatcherServlet,Completed 200 OK
2026-07-23T00:10:17.108468+00:00,visits-service,visits-service-5bbc99b894-rlpg7,2026-07-23T00:09:36.074097+00:00,DEBUG,60a9d7f7fa855dfc,fe229b85c3cccdd6,nio-8080-exec-6,o.s.web.servlet.DispatcherServlet,"GET ""/owners/1/pets/1/visits"", parameters={}"
2026-07-23T00:10:17.108468+00:00,visits-service,visits-service-5bbc99b894-rlpg7,2026-07-23T00:09:34.820718+00:00,DEBUG,d726b371702d4e80,488ed14fc50e57db,nio-8080-exec-7,o.s.web.servlet.DispatcherServlet,Completed 200 OK
2026-07-23T00:10:17.108468+00:00,visits-service,visits-service-5bbc99b894-rlpg7,2026-07-23T00:09:34.820714+00:00,DEBUG,d726b371702d4e80,488ed14fc50e57db,nio-8080-exec-7,o.s.web.servlet.DispatcherServlet,"GET ""/owners/1/pets/1/visits"", parameters={}"
2026-07-23T00:10:17.108468+00:00,visits-service,visits-service-5bbc99b894-rlpg7,2026-07-23T00:09:34.068800+00:00,DEBUG,9e448226985eaba5,be9c37d0f8bbeba0,nio-8080-exec-1,o.s.web.servlet.DispatcherServlet,Completed 200 OK
2026-07-23T00:10:17.108468+00:00,visits-service,visits-service-5bbc99b894-rlpg7,2026-07-23T00:09:34.068793+00:00,DEBUG,9e448226985eaba5,be9c37d0f8bbeba0,nio-8080-exec-1,o.s.web.servlet.DispatcherServlet,"GET ""/owners/1/pets/1/visits"", parameters={}"
2026-07-23T00:10:17.108468+00:00,visits-service,visits-service-5bbc99b894-rlpg7,2026-07-23T00:09:33.317486+00:00,DEBUG,decd7d47a7864252,b61f120d30b9b3b6,nio-8080-exec-3,o.s.web.servlet.DispatcherServlet,Completed 200 OK
2026-07-23T00:10:17.108468+00:00,visits-service,visits-service-5bbc99b894-rlpg7,2026-07-23T00:09:33.317482+00:00,DEBUG,decd7d47a7864252,b61f120d30b9b3b6,nio-8080-exec-3,o.s.web.servlet.DispatcherServlet,"GET ""/owners/1/pets/1/visits"", parameters={}"
2026-07-23T00:10:17.108468+00:00,visits-service,visits-service-5bbc99b894-rlpg7,2026-07-23T00:09:33.066212+00:00,DEBUG,7855b245e801c28a,c9c149e6c76d9898,nio-8080-exec-5,o.s.web.servlet.DispatcherServlet,Completed 200 OK
2026-07-23T00:10:17.108468+00:00,visits-service,visits-service-5bbc99b894-rlpg7,2026-07-23T00:09:33.066208+00:00,DEBUG,7855b245e801c28a,c9c149e6c76d9898,nio-8080-exec-5,o.s.web.servlet.DispatcherServlet,"GET ""/owners/1/pets/1/visits"", parameters={}"
2026-07-23T00:10:17.108468+00:00,visits-service,visits-service-5bbc99b894-rlpg7,2026-07-23T00:09:32.815022+00:00,DEBUG,3f28bcb10dc58033,4d980db1dae4692c,nio-8080-exec-4,o.s.web.servlet.DispatcherServlet,Completed 200 OK
2026-07-23T00:10:17.108468+00:00,visits-service,visits-service-5bbc99b894-rlpg7,2026-07-23T00:09:32.815018+00:00,DEBUG,3f28bcb10dc58033,4d980db1dae4692c,nio-8080-exec-4,o.s.web.servlet.DispatcherServlet,"GET ""/owners/1/pets/1/visits"", parameters={}"
2026-07-23T00:10:17.108468+00:00,visits-service,visits-service-5bbc99b894-rlpg7,2026-07-23T00:09:32.314005+00:00,DEBUG,bda1d663b1aab92f,f939fb0c498f64a6,nio-8080-exec-2,o.s.web.servlet.DispatcherServlet,Completed 200 OK
2026-07-23T00:10:17.108468+00:00,visits-service,visits-service-5bbc99b894-rlpg7,2026-07-23T00:09:32.314001+00:00,DEBUG,bda1d663b1aab92f,f939fb0c498f64a6,nio-8080-exec-2,o.s.web.servlet.DispatcherServlet,"GET ""/owners/1/pets/1/visits"", parameters={}"
2026-07-23T00:10:17.108468+00:00,visits-service,visits-service-5bbc99b894-rlpg7,2026-07-23T00:09:30.810408+00:00,DEBUG,a2ca5312a80f5f02,e121fa85d546d46f,io-8080-exec-10,o.s.web.servlet.DispatcherServlet,Completed 200 OK
2026-07-23T00:10:17.108468+00:00,visits-service,visits-service-5bbc99b894-rlpg7,2026-07-23T00:09:30.810404+00:00,DEBUG,a2ca5312a80f5f02,e121fa85d546d46f,io-8080-exec-10,o.s.web.servlet.DispatcherServlet,"GET ""/owners/1/pets/1/visits"", parameters={}"
2026-07-23T00:10:17.108468+00:00,visits-service,visits-service-5bbc99b894-rlpg7,2026-07-23T00:09:29.555646+00:00,DEBUG,964f8a483db76f7f,5ed10dd512ad84e4,nio-8080-exec-8,o.s.web.servlet.DispatcherServlet,Completed 200 OK
2026-07-23T00:10:17.108468+00:00,visits-service,visits-service-5bbc99b894-rlpg7,2026-07-23T00:09:29.555643+00:00,DEBUG,964f8a483db76f7f,5ed10dd512ad84e4,nio-8080-exec-8,o.s.web.servlet.DispatcherServlet,"GET ""/owners/1/pets/1/visits"", parameters={}"
2026-07-23T00:10:17.108468+00:00,visits-service,visits-service-5bbc99b894-rlpg7,2026-07-23T00:09:29.053615+00:00,DEBUG,9cbd4e784a1888dc,f27f29fa161de39a,nio-8080-exec-9,o.s.web.servlet.DispatcherServlet,Completed 200 OK
2026-07-23T00:10:17.108468+00:00,visits-service,visits-service-5bbc99b894-rlpg7,2026-07-23T00:09:29.053604+00:00,DEBUG,9cbd4e784a1888dc,f27f29fa161de39a,nio-8080-exec-9,o.s.web.servlet.DispatcherServlet,"GET ""/owners/1/pets/1/visits"", parameters={}"
2026-07-23T00:10:17.108468+00:00,visits-service,visits-service-5bbc99b894-rlpg7,2026-07-23T00:09:27.799496+00:00,DEBUG,f4d98864a7ce6a52,acec8343d3b82185,nio-8080-exec-6,o.s.web.servlet.DispatcherServlet,Completed 200 OK
2026-07-23T00:10:17.108468+00:00,visits-service,visits-service-5bbc99b894-rlpg7,2026-07-23T00:09:27.799492+00:00,DEBUG,f4d98864a7ce6a52,acec8343d3b82185,nio-8080-exec-6,o.s.web.servlet.DispatcherServlet,"GET ""/owners/1/pets/1/visits"", parameters={}"
2026-07-23T00:10:17.108468+00:00,visits-service,visits-service-5bbc99b894-rlpg7,2026-07-23T00:09:27.548635+00:00,DEBUG,e0e654e87d4bee1f,3f59542f6775733e,nio-8080-exec-7,o.s.web.servlet.DispatcherServlet,Completed 200 OK
2026-07-23T00:10:17.108468+00:00,visits-service,visits-service-5bbc99b894-rlpg7,2026-07-23T00:09:27.548632+00:00,DEBUG,e0e654e87d4bee1f,3f59542f6775733e,nio-8080-exec-7,o.s.web.servlet.DispatcherServlet,"GET ""/owners/1/pets/1/visits"", parameters={}"
2026-07-23T00:10:17.108468+00:00,visits-service,visits-service-5bbc99b894-rlpg7,2026-07-23T00:09:26.796012+00:00,DEBUG,50b7cd4ba4763c8a,50b7cd4ba4763c8a,nio-8080-exec-1,o.s.web.servlet.DispatcherServlet,Completed 200 OK
2026-07-23T00:10:17.108468+00:00,visits-service,visits-service-5bbc99b894-rlpg7,2026-07-23T00:09:26.795984+00:00,DEBUG,c6cad11d03235dbd,81540b6e202d285a,nio-8080-exec-3,o.s.web.servlet.DispatcherServlet,Completed 200 OK
2026-07-23T00:10:17.108468+00:00,visits-service,visits-service-5bbc99b894-rlpg7,2026-07-23T00:09:26.544923+00:00,DEBUG,c6cad11d03235dbd,81540b6e202d285a,nio-8080-exec-3,o.s.web.servlet.DispatcherServlet,"GET ""/owners/1/pets/1/visits"", parameters={}"
2026-07-23T00:10:17.108468+00:00,visits-service,visits-service-5bbc99b894-rlpg7,2026-07-23T00:09:26.294687+00:00,DEBUG,0d36d50cc2a364b4,cb3dad6f57860e94,nio-8080-exec-5,o.s.web.servlet.DispatcherServlet,Completed 200 OK
2026-07-23T00:10:17.108468+00:00,visits-service,visits-service-5bbc99b894-rlpg7,2026-07-23T00:09:26.294684+00:00,DEBUG,0d36d50cc2a364b4,cb3dad6f57860e94,nio-8080-exec-5,o.s.web.servlet.DispatcherServlet,"GET ""/owners/1/pets/1/visits"", parameters={}"
2026-07-23T00:10:17.108468+00:00,visits-service,visits-service-5bbc99b894-rlpg7,2026-07-23T00:09:25.542768+00:00,DEBUG,ea38463a30287069,d10a11ad2d11f2c0,nio-8080-exec-4,o.s.web.servlet.DispatcherServlet,Completed 200 OK
2026-07-23T00:10:17.108468+00:00,visits-service,visits-service-5bbc99b894-rlpg7,2026-07-23T00:09:25.542711+00:00,DEBUG,ea38463a30287069,d10a11ad2d11f2c0,nio-8080-exec-4,o.s.web.servlet.DispatcherServlet,"GET ""/owners/1/pets/1/visits"", parameters={}"
2026-07-23T00:10:17.108468+00:00,visits-service,visits-service-5bbc99b894-rlpg7,2026-07-23T00:09:25.542685+00:00,DEBUG,ee9f8d6b660e9410,bb9b82d4eb461a11,nio-8080-exec-2,o.s.web.servlet.DispatcherServlet,Completed 200 OK
2026-07-23T00:10:17.108468+00:00,visits-service,visits-service-5bbc99b894-rlpg7,2026-07-23T00:09:25.542682+00:00,DEBUG,ee9f8d6b660e9410,bb9b82d4eb461a11,nio-8080-exec-2,o.s.web.servlet.DispatcherServlet,"GET ""/owners/1/pets/1/visits"", parameters={}"
2026-07-23T00:10:17.108468+00:00,visits-service,visits-service-5bbc99b894-rlpg7,2026-07-23T00:09:24.037516+00:00,DEBUG,4a221f3dd3063cbd,e071763dac3adbe3,io-8080-exec-10,o.s.web.servlet.DispatcherServlet,Completed 200 OK
2026-07-23T00:10:17.108468+00:00,visits-service,visits-service-5bbc99b894-rlpg7,2026-07-23T00:09:24.037469+00:00,DEBUG,4a221f3dd3063cbd,e071763dac3adbe3,io-8080-exec-10,o.s.web.servlet.DispatcherServlet,"GET ""/owners/1/pets/1/visits"", parameters={}"
2026-07-23T00:10:17.108468+00:00,visits-service,visits-service-5bbc99b894-rlpg7,2026-07-23T00:09:24.037465+00:00,DEBUG,205457e404293769,651bab4fa1ef5e60,nio-8080-exec-8,o.s.web.servlet.DispatcherServlet,Completed 200 OK
2026-07-23T00:10:17.108468+00:00,visits-service,visits-service-5bbc99b894-rlpg7,2026-07-23T00:09:23.786303+00:00,DEBUG,205457e404293769,651bab4fa1ef5e60,nio-8080-exec-8,o.s.web.servlet.DispatcherServlet,"GET ""/owners/1/pets/1/visits"", parameters={}"
2026-07-23T00:10:17.108468+00:00,visits-service,visits-service-5bbc99b894-rlpg7,2026-07-23T00:09:23.284828+00:00,DEBUG,0ccc44f422f46bed,6093bb67a8f0fd49,nio-8080-exec-9,o.s.web.servlet.DispatcherServlet,Completed 200 OK
2026-07-23T00:10:17.108468+00:00,visits-service,visits-service-5bbc99b894-rlpg7,2026-07-23T00:09:23.284825+00:00,DEBUG,0ccc44f422f46bed,6093bb67a8f0fd49,nio-8080-exec-9,o.s.web.servlet.DispatcherServlet,"GET ""/owners/1/pets/1/visits"", parameters={}"
2026-07-23T00:10:17.108468+00:00,visits-service,visits-service-5bbc99b894-rlpg7,2026-07-23T00:09:22.783001+00:00,DEBUG,b117ead52ad93369,2023854437f58844,nio-8080-exec-6,o.s.web.servlet.DispatcherServlet,Completed 200 OK
2026-07-23T00:10:17.108468+00:00,visits-service,visits-service-5bbc99b894-rlpg7,2026-07-23T00:09:22.782997+00:00,DEBUG,b117ead52ad93369,2023854437f58844,nio-8080-exec-6,o.s.web.servlet.DispatcherServlet,"GET ""/owners/1/pets/1/visits"", parameters={}"
2026-07-23T00:10:17.108468+00:00,visits-service,visits-service-5bbc99b894-rlpg7,2026-07-23T00:09:22.532756+00:00,DEBUG,6fd0172616c059bf,9f946a8b5b75b447,nio-8080-exec-7,o.s.web.servlet.DispatcherServlet,Completed 200 OK
2026-07-23T00:10:17.108468+00:00,visits-service,visits-service-5bbc99b894-rlpg7,2026-07-23T00:09:22.532754+00:00,DEBUG,6fd0172616c059bf,9f946a8b5b75b447,nio-8080-exec-7,o.s.web.servlet.DispatcherServlet,"GET ""/owners/1/pets/1/visits"", parameters={}"
2026-07-23T00:10:17.108468+00:00,visits-service,visits-service-5bbc99b894-rlpg7,2026-07-23T00:09:22.281873+00:00,DEBUG,7fa714f2bd6153d6,7fa714f2bd6153d6,nio-8080-exec-1,o.s.web.servlet.DispatcherServlet,Completed 200 OK
2026-07-23T00:10:17.108468+00:00,visits-service,visits-service-5bbc99b894-rlpg7,2026-07-23T00:09:21.780880+00:00,DEBUG,b402e84e4787e23c,b402e84e4787e23c,nio-8080-exec-3,o.s.web.servlet.DispatcherServlet,Completed 200 OK
2026-07-23T00:10:17.108468+00:00,visits-service,visits-service-5bbc99b894-rlpg7,2026-07-23T00:09:21.530735+00:00,DEBUG,b9258223195de500,1b80353aa3e34def,nio-8080-exec-5,o.s.web.servlet.DispatcherServlet,Completed 200 OK
2026-07-23T00:10:17.108468+00:00,visits-service,visits-service-5bbc99b894-rlpg7,2026-07-23T00:09:21.530731+00:00,DEBUG,b9258223195de500,1b80353aa3e34def,nio-8080-exec-5,o.s.web.servlet.DispatcherServlet,"GET ""/owners/1/pets/1/visits"", parameters={}"
2026-07-23T00:10:17.108468+00:00,visits-service,visits-service-5bbc99b894-rlpg7,2026-07-23T00:09:20.275955+00:00,DEBUG,ec4c19f6b523ab72,4aea2f7ecdb84319,nio-8080-exec-4,o.s.web.servlet.DispatcherServlet,Completed 200 OK
2026-07-23T00:10:17.108468+00:00,visits-service,visits-service-5bbc99b894-rlpg7,2026-07-23T00:09:20.275952+00:00,DEBUG,ec4c19f6b523ab72,4aea2f7ecdb84319,nio-8080-exec-4,o.s.web.servlet.DispatcherServlet,"GET ""/owners/1/pets/1/visits"", parameters={}"
2026-07-23T00:10:17.108468+00:00,visits-service,visits-service-5bbc99b894-rlpg7,2026-07-23T00:09:20.025658+00:00,DEBUG,6a1c18fa91b92373,624938c4b8b1cd6d,nio-8080-exec-2,o.s.web.servlet.DispatcherServlet,Completed 200 OK
2026-07-23T00:10:17.108468+00:00,visits-service,visits-service-5bbc99b894-rlpg7,2026-07-23T00:09:20.025656+00:00,DEBUG,6a1c18fa91b92373,624938c4b8b1cd6d,nio-8080-exec-2,o.s.web.servlet.DispatcherServlet,"GET ""/owners/1/pets/1/visits"", parameters={}"
2026-07-23T00:10:17.108468+00:00,visits-service,visits-service-5bbc99b894-rlpg7,2026-07-23T00:09:19.272946+00:00,DEBUG,278b27aace6eb09f,3fc962143ffb45b7,io-8080-exec-10,o.s.web.servlet.DispatcherServlet,Completed 200 OK
2026-07-23T00:10:17.108468+00:00,visits-service,visits-service-5bbc99b894-rlpg7,2026-07-23T00:09:19.272942+00:00,DEBUG,278b27aace6eb09f,3fc962143ffb45b7,io-8080-exec-10,o.s.web.servlet.DispatcherServlet,"GET ""/owners/1/pets/1/visits"", parameters={}"
2026-07-23T00:10:17.108468+00:00,visits-service,visits-service-5bbc99b894-rlpg7,2026-07-23T00:09:19.022212+00:00,DEBUG,a37c90311de1857e,e059128c1efba892,nio-8080-exec-8,o.s.web.servlet.DispatcherServlet,Completed 200 OK
2026-07-23T00:10:17.108468+00:00,visits-service,visits-service-5bbc99b894-rlpg7,2026-07-23T00:09:18.771485+00:00,DEBUG,a37c90311de1857e,e059128c1efba892,nio-8080-exec-8,o.s.web.servlet.DispatcherServlet,"GET ""/owners/1/pets/1/visits"", parameters={}"
2026-07-23T00:10:17.108468+00:00,visits-service,visits-service-5bbc99b894-rlpg7,2026-07-23T00:09:17.267620+00:00,DEBUG,278cfa5e4b628f0b,123e9b75a18a1249,nio-8080-exec-9,o.s.web.servlet.DispatcherServlet,Completed 200 OK
2026-07-23T00:10:17.108468+00:00,visits-service,visits-service-5bbc99b894-rlpg7,2026-07-23T00:09:17.267570+00:00,DEBUG,278cfa5e4b628f0b,123e9b75a18a1249,nio-8080-exec-9,o.s.web.servlet.DispatcherServlet,"GET ""/owners/1/pets/1/visits"", parameters={}"
2026-07-23T00:10:17.108468+00:00,visits-service,visits-service-5bbc99b894-rlpg7,2026-07-23T00:09:17.267546+00:00,DEBUG,0fc1869857b9914b,548ccd72824ea2fd,nio-8080-exec-6,o.s.web.servlet.DispatcherServlet,Completed 200 OK
2026-07-23T00:10:17.108468+00:00,visits-service,visits-service-5bbc99b894-rlpg7,2026-07-23T00:09:17.267542+00:00,DEBUG,0fc1869857b9914b,548ccd72824ea2fd,nio-8080-exec-6,o.s.web.servlet.DispatcherServlet,"GET ""/owners/1/pets/1/visits"", parameters={}"
2026-07-23T00:10:17.108468+00:00,visits-service,visits-service-5bbc99b894-rlpg7,2026-07-23T00:09:16.766591+00:00,DEBUG,4f056813c18543ee,89bf7bd4c7c5f690,nio-8080-exec-7,o.s.web.servlet.DispatcherServlet,Completed 200 OK
2026-07-23T00:10:17.108468+00:00,visits-service,visits-service-5bbc99b894-rlpg7,2026-07-23T00:09:16.766587+00:00,DEBUG,4f056813c18543ee,89bf7bd4c7c5f690,nio-8080-exec-7,o.s.web.servlet.DispatcherServlet,"GET ""/owners/1/pets/1/visits"", parameters={}"
2026-07-23T00:10:17.108468+00:00,visits-service,visits-service-5bbc99b894-rlpg7,2026-07-23T00:09:14.762561+00:00,DEBUG,09464afa677ac7d9,71d523030f3f7282,nio-8080-exec-1,o.s.web.servlet.DispatcherServlet,Completed 200 OK
2026-07-23T00:10:17.108468+00:00,visits-service,visits-service-5bbc99b894-rlpg7,2026-07-23T00:09:14.762515+00:00,DEBUG,09464afa677ac7d9,71d523030f3f7282,nio-8080-exec-1,o.s.web.servlet.DispatcherServlet,"GET ""/owners/1/pets/1/visits"", parameters={}"
2026-07-23T00:10:17.108468+00:00,visits-service,visits-service-5bbc99b894-rlpg7,2026-07-23T00:09:13.507186+00:00,DEBUG,2ae0971459954fa3,a6396d06ac51af4c,nio-8080-exec-3,o.s.web.servlet.DispatcherServlet,Completed 200 OK
2026-07-23T00:10:17.108468+00:00,visits-service,visits-service-5bbc99b894-rlpg7,2026-07-23T00:09:13.507182+00:00,DEBUG,2ae0971459954fa3,a6396d06ac51af4c,nio-8080-exec-3,o.s.web.servlet.DispatcherServlet,"GET ""/owners/1/pets/1/visits"", parameters={}"
