collected_at,service,pod,timestamp,level,trace_id,span_id,thread,logger,message
2026-07-29T15:58:29.403335+00:00,customers-service,customers-service-68987c986f-cpzz4,2026-07-29T15:58:26.738352+00:00,DEBUG,b87bbfb307e0520c,b87bbfb307e0520c,io-8080-exec-23,o.s.web.servlet.DispatcherServlet,Completed 200 OK
2026-07-29T15:58:29.403335+00:00,customers-service,customers-service-68987c986f-cpzz4,2026-07-29T15:58:26.237980+00:00,DEBUG,a255ac1e3d138ac3,a255ac1e3d138ac3,nio-8080-exec-7,o.s.web.servlet.DispatcherServlet,Completed 200 OK
2026-07-29T15:58:29.403335+00:00,customers-service,customers-service-68987c986f-cpzz4,2026-07-29T15:58:16.459403+00:00,DEBUG,f5dc3f147434227e,f5dc3f147434227e,io-8080-exec-17,o.s.web.servlet.DispatcherServlet,Completed 200 OK
2026-07-29T15:58:29.403335+00:00,customers-service,customers-service-68987c986f-cpzz4,2026-07-29T15:58:11.195214+00:00,DEBUG,b458276f2e5c61cb,b458276f2e5c61cb,io-8080-exec-13,o.s.web.servlet.DispatcherServlet,Completed 200 OK
2026-07-29T15:58:29.403335+00:00,customers-service,customers-service-68987c986f-cpzz4,2026-07-29T15:58:06.932963+00:00,DEBUG,34ec28ac41478fdb,34ec28ac41478fdb,io-8080-exec-10,o.s.web.servlet.DispatcherServlet,Completed 200 OK
2026-07-29T15:58:29.403335+00:00,customers-service,customers-service-68987c986f-cpzz4,2026-07-29T15:58:01.415480+00:00,DEBUG,39c35ed653dab1e2,39c35ed653dab1e2,nio-8080-exec-8,o.s.web.servlet.DispatcherServlet,Completed 200 OK
2026-07-29T15:58:29.403335+00:00,customers-service,customers-service-68987c986f-cpzz4,2026-07-29T15:57:56.146374+00:00,DEBUG,e89e977490a96e4b,e89e977490a96e4b,io-8080-exec-14,o.s.web.servlet.DispatcherServlet,Completed 200 OK
2026-07-29T15:58:29.403335+00:00,customers-service,customers-service-68987c986f-cpzz4,2026-07-29T15:57:46.868409+00:00,DEBUG,323ebe63f480eb5d,323ebe63f480eb5d,nio-8080-exec-9,o.s.web.servlet.DispatcherServlet,Completed 200 OK
2026-07-29T15:58:29.403335+00:00,customers-service,customers-service-68987c986f-cpzz4,2026-07-29T15:57:46.366848+00:00,DEBUG,d3b69506bbfb72a8,d3b69506bbfb72a8,nio-8080-exec-6,o.s.web.servlet.DispatcherServlet,Completed 200 OK
2026-07-29T15:58:29.403335+00:00,customers-service,customers-service-68987c986f-cpzz4,2026-07-29T15:57:41.102743+00:00,DEBUG,7faaac1e4ddc605a,7faaac1e4ddc605a,nio-8080-exec-3,o.s.web.servlet.DispatcherServlet,Completed 200 OK
2026-07-29T15:58:29.403335+00:00,customers-service,customers-service-68987c986f-cpzz4,2026-07-29T15:57:31.323057+00:00,DEBUG,a674bd2b88615ba5,a674bd2b88615ba5,io-8080-exec-23,o.s.web.servlet.DispatcherServlet,Completed 200 OK
2026-07-29T15:58:29.403335+00:00,customers-service,customers-service-68987c986f-cpzz4,2026-07-29T15:57:27.813003+00:00,DEBUG,7c6fd00135433c1e,214db364dba7cf11,nio-8080-exec-7,o.s.web.servlet.DispatcherServlet,Completed 200 OK
2026-07-29T15:58:29.403335+00:00,customers-service,customers-service-68987c986f-cpzz4,2026-07-29T15:57:27.812999+00:00,DEBUG,5cf87c68f92c0364,6b52cc5f10c8ed21,io-8080-exec-17,o.s.web.servlet.DispatcherServlet,Completed 200 OK
2026-07-29T15:58:29.403335+00:00,customers-service,customers-service-68987c986f-cpzz4,2026-07-29T15:57:26.810518+00:00,DEBUG,5cf87c68f92c0364,0366087911f50127,io-8080-exec-17,o.s.web.servlet.DispatcherServlet,"GET ""/owners"", parameters={}"
2026-07-29T15:58:29.403335+00:00,customers-service,customers-service-68987c986f-cpzz4,2026-07-29T15:57:26.810495+00:00,DEBUG,f1118b3ec1cb6801,f1118b3ec1cb6801,io-8080-exec-13,o.s.web.servlet.DispatcherServlet,Completed 200 OK
2026-07-29T15:58:29.403335+00:00,customers-service,customers-service-68987c986f-cpzz4,2026-07-29T15:57:26.560203+00:00,DEBUG,7c6fd00135433c1e,babb361a4ab2d517,nio-8080-exec-7,o.s.web.servlet.DispatcherServlet,"GET ""/owners"", parameters={}"
2026-07-29T15:58:29.403335+00:00,customers-service,customers-service-68987c986f-cpzz4,2026-07-29T15:57:26.560199+00:00,DEBUG,ec9fc3bc9d8167a4,94b0ddb03a8599e2,io-8080-exec-10,o.s.web.servlet.DispatcherServlet,Completed 200 OK
2026-07-29T15:58:29.403335+00:00,customers-service,customers-service-68987c986f-cpzz4,2026-07-29T15:57:26.309113+00:00,DEBUG,a0195b5b35e5ad45,552860bdf97870b9,nio-8080-exec-8,o.s.web.servlet.DispatcherServlet,Completed 200 OK
2026-07-29T15:58:29.403335+00:00,customers-service,customers-service-68987c986f-cpzz4,2026-07-29T15:57:26.309106+00:00,DEBUG,8a7eed169a6d82dc,8a7eed169a6d82dc,io-8080-exec-14,o.s.web.servlet.DispatcherServlet,Completed 200 OK
2026-07-29T15:58:29.403335+00:00,customers-service,customers-service-68987c986f-cpzz4,2026-07-29T15:57:26.058103+00:00,DEBUG,ec9fc3bc9d8167a4,66d1be694b433936,io-8080-exec-10,o.s.web.servlet.DispatcherServlet,"GET ""/owners/1"", parameters={}"
2026-07-29T15:58:29.403335+00:00,customers-service,customers-service-68987c986f-cpzz4,2026-07-29T15:57:25.807267+00:00,DEBUG,a0195b5b35e5ad45,366d94c71b20256a,nio-8080-exec-8,o.s.web.servlet.DispatcherServlet,"GET ""/owners/1"", parameters={}"
2026-07-29T15:58:29.403335+00:00,customers-service,customers-service-68987c986f-cpzz4,2026-07-29T15:57:25.055472+00:00,DEBUG,38636b6b636cf488,1cecd2fe2065f8ca,nio-8080-exec-9,o.s.web.servlet.DispatcherServlet,Completed 200 OK
2026-07-29T15:58:29.403335+00:00,customers-service,customers-service-68987c986f-cpzz4,2026-07-29T15:57:24.804787+00:00,DEBUG,38636b6b636cf488,69b25dde14da0614,nio-8080-exec-9,o.s.web.servlet.DispatcherServlet,"GET ""/owners/1"", parameters={}"
2026-07-29T15:58:29.403335+00:00,customers-service,customers-service-68987c986f-ctsnj,2026-07-29T15:58:25.780580+00:00,DEBUG,7063b519a91cc692,7063b519a91cc692,nio-8080-exec-9,o.s.web.servlet.DispatcherServlet,Completed 200 OK
2026-07-29T15:58:29.403335+00:00,customers-service,customers-service-68987c986f-ctsnj,2026-07-29T15:58:22.017588+00:00,DEBUG,fdaf537979b584c2,fdaf537979b584c2,io-8080-exec-17,o.s.web.servlet.DispatcherServlet,Completed 200 OK
2026-07-29T15:58:29.403335+00:00,customers-service,customers-service-68987c986f-ctsnj,2026-07-29T15:58:20.763638+00:00,DEBUG,9c76af4a2a6cf87c,9c76af4a2a6cf87c,io-8080-exec-25,o.s.web.servlet.DispatcherServlet,Completed 200 OK
2026-07-29T15:58:29.403335+00:00,customers-service,customers-service-68987c986f-ctsnj,2026-07-29T15:58:10.734030+00:00,DEBUG,e6d9832fe91bc5ba,e6d9832fe91bc5ba,io-8080-exec-13,o.s.web.servlet.DispatcherServlet,Completed 200 OK
2026-07-29T15:58:29.403335+00:00,customers-service,customers-service-68987c986f-ctsnj,2026-07-29T15:58:05.714503+00:00,DEBUG,13f2cebf7c59604a,13f2cebf7c59604a,nio-8080-exec-5,o.s.web.servlet.DispatcherServlet,Completed 200 OK
2026-07-29T15:58:29.403335+00:00,customers-service,customers-service-68987c986f-ctsnj,2026-07-29T15:58:01.952357+00:00,DEBUG,6547eb450ca99fe2,6547eb450ca99fe2,io-8080-exec-10,o.s.web.servlet.DispatcherServlet,Completed 200 OK
2026-07-29T15:58:29.403335+00:00,customers-service,customers-service-68987c986f-ctsnj,2026-07-29T15:57:55.931130+00:00,DEBUG,1f8bf475f934db32,1f8bf475f934db32,io-8080-exec-18,o.s.web.servlet.DispatcherServlet,Completed 200 OK
2026-07-29T15:58:29.403335+00:00,customers-service,customers-service-68987c986f-ctsnj,2026-07-29T15:57:50.916426+00:00,DEBUG,f4c46e6b57f21f99,f4c46e6b57f21f99,io-8080-exec-32,o.s.web.servlet.DispatcherServlet,Completed 200 OK
2026-07-29T15:58:29.403335+00:00,customers-service,customers-service-68987c986f-ctsnj,2026-07-29T15:57:42.132001+00:00,DEBUG,d3772f9924701e49,d3772f9924701e49,io-8080-exec-20,o.s.web.servlet.DispatcherServlet,Completed 200 OK
2026-07-29T15:58:29.403335+00:00,customers-service,customers-service-68987c986f-ctsnj,2026-07-29T15:57:40.876202+00:00,DEBUG,de8ecde3b31dae0f,de8ecde3b31dae0f,nio-8080-exec-2,o.s.web.servlet.DispatcherServlet,Completed 200 OK
2026-07-29T15:58:29.403335+00:00,customers-service,customers-service-68987c986f-ctsnj,2026-07-29T15:57:35.858205+00:00,DEBUG,674f610a88197737,674f610a88197737,nio-8080-exec-3,o.s.web.servlet.DispatcherServlet,Completed 200 OK
2026-07-29T15:58:29.403335+00:00,customers-service,customers-service-68987c986f-ctsnj,2026-07-29T15:57:27.834723+00:00,DEBUG,bf399abc12a2aed8,5b86812aed315d52,nio-8080-exec-9,o.s.web.servlet.DispatcherServlet,Completed 200 OK
2026-07-29T15:58:29.403335+00:00,customers-service,customers-service-68987c986f-ctsnj,2026-07-29T15:57:27.332924+00:00,DEBUG,bab5be845f32bc8f,37ccb6a5678acfcf,io-8080-exec-17,o.s.web.servlet.DispatcherServlet,Completed 200 OK
2026-07-29T15:58:29.403335+00:00,customers-service,customers-service-68987c986f-ctsnj,2026-07-29T15:57:26.581369+00:00,DEBUG,bf399abc12a2aed8,fbb71f566ab27c7d,nio-8080-exec-9,o.s.web.servlet.DispatcherServlet,"GET ""/owners"", parameters={}"
2026-07-29T15:58:29.403335+00:00,customers-service,customers-service-68987c986f-ctsnj,2026-07-29T15:57:26.079322+00:00,DEBUG,bab5be845f32bc8f,11e95f232d97d152,io-8080-exec-17,o.s.web.servlet.DispatcherServlet,"GET ""/owners"", parameters={}"
2026-07-29T15:58:29.403335+00:00,customers-service,customers-service-68987c986f-ctsnj,2026-07-29T15:57:25.828451+00:00,DEBUG,8534af27d430558a,8534af27d430558a,io-8080-exec-25,o.s.web.servlet.DispatcherServlet,Completed 200 OK
2026-07-29T15:58:29.403335+00:00,customers-service,customers-service-68987c986f-ctsnj,2026-07-29T15:57:25.326676+00:00,DEBUG,c063a2bf889b497b,c92347f8c490adab,io-8080-exec-13,o.s.web.servlet.DispatcherServlet,Completed 200 OK
2026-07-29T15:58:29.403335+00:00,customers-service,customers-service-68987c986f-ctsnj,2026-07-29T15:57:24.824363+00:00,DEBUG,c063a2bf889b497b,f004bfb4e1457330,io-8080-exec-13,o.s.web.servlet.DispatcherServlet,"GET ""/owners/1"", parameters={}"
2026-07-29T15:58:29.403335+00:00,vets-service,vets-service-799f7d5b65-7wskt,2026-07-29T15:58:24.483722+00:00,DEBUG,eb933e0f279af603,eb933e0f279af603,io-8080-exec-12,o.s.web.servlet.DispatcherServlet,Completed 200 OK
2026-07-29T15:58:29.403335+00:00,vets-service,vets-service-799f7d5b65-7wskt,2026-07-29T15:58:15.958196+00:00,DEBUG,e691c998ef1bae22,e691c998ef1bae22,nio-8080-exec-1,o.s.web.servlet.DispatcherServlet,Completed 200 OK
2026-07-29T15:58:29.403335+00:00,vets-service,vets-service-799f7d5b65-7wskt,2026-07-29T15:58:15.457522+00:00,DEBUG,abcbdfff5e82ef18,abcbdfff5e82ef18,nio-8080-exec-3,o.s.web.servlet.DispatcherServlet,Completed 200 OK
2026-07-29T15:58:29.403335+00:00,vets-service,vets-service-799f7d5b65-7wskt,2026-07-29T15:58:09.441323+00:00,DEBUG,fdc1fc22dd2d38d4,fdc1fc22dd2d38d4,nio-8080-exec-7,o.s.web.servlet.DispatcherServlet,Completed 200 OK
2026-07-29T15:58:29.403335+00:00,vets-service,vets-service-799f7d5b65-7wskt,2026-07-29T15:58:00.411687+00:00,DEBUG,731620f9a8812b24,731620f9a8812b24,nio-8080-exec-2,o.s.web.servlet.DispatcherServlet,Completed 200 OK
2026-07-29T15:58:29.403335+00:00,vets-service,vets-service-799f7d5b65-7wskt,2026-07-29T15:57:55.895239+00:00,DEBUG,26f951bb0e4c0d0a,26f951bb0e4c0d0a,nio-8080-exec-8,o.s.web.servlet.DispatcherServlet,Completed 200 OK
2026-07-29T15:58:29.403335+00:00,vets-service,vets-service-799f7d5b65-7wskt,2026-07-29T15:57:54.390269+00:00,DEBUG,1ba59c132adc6a4b,1ba59c132adc6a4b,io-8080-exec-10,o.s.web.servlet.DispatcherServlet,Completed 200 OK
2026-07-29T15:58:29.403335+00:00,vets-service,vets-service-799f7d5b65-7wskt,2026-07-29T15:57:45.363538+00:00,DEBUG,4c0c3ccbb1259187,4c0c3ccbb1259187,nio-8080-exec-6,o.s.web.servlet.DispatcherServlet,Completed 200 OK
2026-07-29T15:58:29.403335+00:00,vets-service,vets-service-799f7d5b65-7wskt,2026-07-29T15:57:39.345371+00:00,DEBUG,ac28ee62d0e914bd,ac28ee62d0e914bd,nio-8080-exec-4,o.s.web.servlet.DispatcherServlet,Completed 200 OK
2026-07-29T15:58:29.403335+00:00,vets-service,vets-service-799f7d5b65-7wskt,2026-07-29T15:57:36.085961+00:00,DEBUG,f8a8f7b4f386f76b,f8a8f7b4f386f76b,io-8080-exec-12,o.s.web.servlet.DispatcherServlet,Completed 200 OK
2026-07-29T15:58:29.403335+00:00,vets-service,vets-service-799f7d5b65-7wskt,2026-07-29T15:57:30.320282+00:00,DEBUG,3dd94d6c5e3acdf9,3dd94d6c5e3acdf9,io-8080-exec-13,o.s.web.servlet.DispatcherServlet,Completed 200 OK
2026-07-29T15:58:29.403335+00:00,vets-service,vets-service-799f7d5b65-7wskt,2026-07-29T15:57:27.312042+00:00,DEBUG,606f9ac597b4c02c,5b7dfac673e6b502,nio-8080-exec-1,o.s.web.servlet.DispatcherServlet,Completed 200 OK
2026-07-29T15:58:29.403335+00:00,vets-service,vets-service-799f7d5b65-7wskt,2026-07-29T15:57:26.308979+00:00,DEBUG,606f9ac597b4c02c,35fd5834b758f26b,nio-8080-exec-1,o.s.web.servlet.DispatcherServlet,"GET ""/vets"", parameters={}"
2026-07-29T15:58:29.403335+00:00,vets-service,vets-service-799f7d5b65-vzxc7,2026-07-29T15:58:26.941833+00:00,DEBUG,166a52d80443d847,166a52d80443d847,nio-8080-exec-5,o.s.web.servlet.DispatcherServlet,Completed 200 OK
2026-07-29T15:58:29.403335+00:00,vets-service,vets-service-799f7d5b65-vzxc7,2026-07-29T15:58:25.435607+00:00,DEBUG,ffb9135b1511895d,ffb9135b1511895d,io-8080-exec-18,o.s.web.servlet.DispatcherServlet,Completed 200 OK
2026-07-29T15:58:29.403335+00:00,vets-service,vets-service-799f7d5b65-vzxc7,2026-07-29T15:58:21.426597+00:00,DEBUG,6a06edc6197bd26b,6a06edc6197bd26b,nio-8080-exec-8,o.s.web.servlet.DispatcherServlet,Completed 200 OK
2026-07-29T15:58:29.403335+00:00,vets-service,vets-service-799f7d5b65-vzxc7,2026-07-29T15:58:10.399347+00:00,DEBUG,9973f9d72b428dac,9973f9d72b428dac,io-8080-exec-15,o.s.web.servlet.DispatcherServlet,Completed 200 OK
2026-07-29T15:58:29.403335+00:00,vets-service,vets-service-799f7d5b65-vzxc7,2026-07-29T15:58:06.890585+00:00,DEBUG,f2b880f327dce957,f2b880f327dce957,io-8080-exec-19,o.s.web.servlet.DispatcherServlet,Completed 200 OK
2026-07-29T15:58:29.403335+00:00,vets-service,vets-service-799f7d5b65-vzxc7,2026-07-29T15:58:06.388514+00:00,DEBUG,b0e7ec4c7c5bab58,b0e7ec4c7c5bab58,nio-8080-exec-9,o.s.web.servlet.DispatcherServlet,Completed 200 OK
2026-07-29T15:58:29.403335+00:00,vets-service,vets-service-799f7d5b65-vzxc7,2026-07-29T15:57:55.356170+00:00,DEBUG,931e09b7f6013a82,931e09b7f6013a82,io-8080-exec-17,o.s.web.servlet.DispatcherServlet,Completed 200 OK
2026-07-29T15:58:29.403335+00:00,vets-service,vets-service-799f7d5b65-vzxc7,2026-07-29T15:57:51.346122+00:00,DEBUG,e94da3ca8d9e02da,e94da3ca8d9e02da,io-8080-exec-21,o.s.web.servlet.DispatcherServlet,Completed 200 OK
2026-07-29T15:58:29.403335+00:00,vets-service,vets-service-799f7d5b65-vzxc7,2026-07-29T15:57:46.833708+00:00,DEBUG,f6242e2a81703b7d,f6242e2a81703b7d,io-8080-exec-20,o.s.web.servlet.DispatcherServlet,Completed 200 OK
2026-07-29T15:58:29.403335+00:00,vets-service,vets-service-799f7d5b65-vzxc7,2026-07-29T15:57:40.314691+00:00,DEBUG,d4c7a542318f5c38,d4c7a542318f5c38,nio-8080-exec-5,o.s.web.servlet.DispatcherServlet,Completed 200 OK
2026-07-29T15:58:29.403335+00:00,vets-service,vets-service-799f7d5b65-vzxc7,2026-07-29T15:57:36.300173+00:00,DEBUG,1c1de712bcda2f71,1c1de712bcda2f71,nio-8080-exec-3,o.s.web.servlet.DispatcherServlet,Completed 200 OK
2026-07-29T15:58:29.403335+00:00,vets-service,vets-service-799f7d5b65-vzxc7,2026-07-29T15:57:27.022817+00:00,DEBUG,bb39b8701f4488d4,5eda188f4e71b894,io-8080-exec-18,o.s.web.servlet.DispatcherServlet,Completed 200 OK
2026-07-29T15:58:29.403335+00:00,vets-service,vets-service-799f7d5b65-vzxc7,2026-07-29T15:57:26.772242+00:00,DEBUG,3bc287bb53934982,3bc287bb53934982,nio-8080-exec-8,o.s.web.servlet.DispatcherServlet,Completed 200 OK
2026-07-29T15:58:29.403335+00:00,vets-service,vets-service-799f7d5b65-vzxc7,2026-07-29T15:57:26.019433+00:00,DEBUG,3d201669bd99549a,a2d6481f695ce74d,io-8080-exec-15,o.s.web.servlet.DispatcherServlet,Completed 200 OK
2026-07-29T15:58:29.403335+00:00,vets-service,vets-service-799f7d5b65-vzxc7,2026-07-29T15:57:25.768437+00:00,DEBUG,bb39b8701f4488d4,f69eaad547be71d3,io-8080-exec-18,o.s.web.servlet.DispatcherServlet,"GET ""/vets"", parameters={}"
2026-07-29T15:58:29.403335+00:00,vets-service,vets-service-799f7d5b65-vzxc7,2026-07-29T15:57:25.267040+00:00,DEBUG,680682c4787a9ec5,680682c4787a9ec5,io-8080-exec-19,o.s.web.servlet.DispatcherServlet,Completed 200 OK
2026-07-29T15:58:29.403335+00:00,vets-service,vets-service-799f7d5b65-vzxc7,2026-07-29T15:57:25.015934+00:00,DEBUG,3d201669bd99549a,1bb7a554f9f97df5,io-8080-exec-15,o.s.web.servlet.DispatcherServlet,"GET ""/vets"", parameters={}"
2026-07-29T15:58:29.403335+00:00,visits-service,visits-service-6868c8596f-9q28w,2026-07-29T15:58:20.294184+00:00,DEBUG,a94df7adbecbbad6,a94df7adbecbbad6,nio-8080-exec-4,o.s.web.servlet.DispatcherServlet,Completed 200 OK
2026-07-29T15:58:29.403335+00:00,visits-service,visits-service-6868c8596f-9q28w,2026-07-29T15:58:16.782440+00:00,DEBUG,fbed4d8eec4c69f5,fbed4d8eec4c69f5,nio-8080-exec-7,o.s.web.servlet.DispatcherServlet,Completed 200 OK
2026-07-29T15:58:29.403335+00:00,visits-service,visits-service-6868c8596f-9q28w,2026-07-29T15:58:16.031734+00:00,DEBUG,002bf73f8b5b3f2e,002bf73f8b5b3f2e,nio-8080-exec-3,o.s.web.servlet.DispatcherServlet,Completed 200 OK
2026-07-29T15:58:29.403335+00:00,visits-service,visits-service-6868c8596f-9q28w,2026-07-29T15:58:05.496161+00:00,DEBUG,f69cd96ed7c2c94e,f69cd96ed7c2c94e,nio-8080-exec-2,o.s.web.servlet.DispatcherServlet,Completed 200 OK
2026-07-29T15:58:29.403335+00:00,visits-service,visits-service-6868c8596f-9q28w,2026-07-29T15:58:01.735029+00:00,DEBUG,ad8c6ae001aff737,ad8c6ae001aff737,nio-8080-exec-5,o.s.web.servlet.DispatcherServlet,Completed 200 OK
2026-07-29T15:58:29.403335+00:00,visits-service,visits-service-6868c8596f-9q28w,2026-07-29T15:57:55.969676+00:00,DEBUG,6375384a536fbe9f,6375384a536fbe9f,nio-8080-exec-8,o.s.web.servlet.DispatcherServlet,Completed 200 OK
2026-07-29T15:58:29.403335+00:00,visits-service,visits-service-6868c8596f-9q28w,2026-07-29T15:57:50.454886+00:00,DEBUG,e40041ee162a1585,e40041ee162a1585,nio-8080-exec-1,o.s.web.servlet.DispatcherServlet,Completed 200 OK
2026-07-29T15:58:29.403335+00:00,visits-service,visits-service-6868c8596f-9q28w,2026-07-29T15:57:46.693907+00:00,DEBUG,c2870f7e05208678,c2870f7e05208678,io-8080-exec-10,o.s.web.servlet.DispatcherServlet,Completed 200 OK
2026-07-29T15:58:29.403335+00:00,visits-service,visits-service-6868c8596f-9q28w,2026-07-29T15:57:35.916163+00:00,DEBUG,f28d82f28a68884b,f28d82f28a68884b,nio-8080-exec-9,o.s.web.servlet.DispatcherServlet,Completed 200 OK
2026-07-29T15:58:29.403335+00:00,visits-service,visits-service-6868c8596f-9q28w,2026-07-29T15:57:35.414590+00:00,DEBUG,965c7562f41e3d6c,965c7562f41e3d6c,nio-8080-exec-6,o.s.web.servlet.DispatcherServlet,Completed 200 OK
2026-07-29T15:58:29.403335+00:00,visits-service,visits-service-6868c8596f-9q28w,2026-07-29T15:57:31.653402+00:00,DEBUG,de6b6dd9ba520557,de6b6dd9ba520557,nio-8080-exec-4,o.s.web.servlet.DispatcherServlet,Completed 200 OK
2026-07-29T15:58:29.403335+00:00,visits-service,visits-service-6868c8596f-9q28w,2026-07-29T15:57:27.139569+00:00,DEBUG,0405b2efee97dd98,5167b63d97e73bdb,nio-8080-exec-7,o.s.web.servlet.DispatcherServlet,Completed 200 OK
2026-07-29T15:58:29.403335+00:00,visits-service,visits-service-6868c8596f-9q28w,2026-07-29T15:57:27.139565+00:00,DEBUG,0405b2efee97dd98,5167b63d97e73bdb,nio-8080-exec-7,o.s.web.servlet.DispatcherServlet,"GET ""/owners/1/pets/1/visits"", parameters={}"
2026-07-29T15:58:29.403335+00:00,visits-service,visits-service-6868c8596f-9q28w,2026-07-29T15:57:25.632663+00:00,DEBUG,baffa421116dfea5,ed54b748274d8df9,nio-8080-exec-3,o.s.web.servlet.DispatcherServlet,Completed 200 OK
2026-07-29T15:58:29.403335+00:00,visits-service,visits-service-6868c8596f-9q28w,2026-07-29T15:57:25.632660+00:00,DEBUG,baffa421116dfea5,ed54b748274d8df9,nio-8080-exec-3,o.s.web.servlet.DispatcherServlet,"GET ""/owners/1/pets/1/visits"", parameters={}"
2026-07-29T15:58:29.403335+00:00,visits-service,visits-service-6868c8596f-9q28w,2026-07-29T15:57:25.381606+00:00,DEBUG,a4ba1397931350ca,bc40fadd18732b8a,nio-8080-exec-2,o.s.web.servlet.DispatcherServlet,Completed 200 OK
2026-07-29T15:58:29.403335+00:00,visits-service,visits-service-6868c8596f-9q28w,2026-07-29T15:57:25.381602+00:00,DEBUG,a4ba1397931350ca,bc40fadd18732b8a,nio-8080-exec-2,o.s.web.servlet.DispatcherServlet,"GET ""/owners/1/pets/1/visits"", parameters={}"
2026-07-29T15:58:29.403335+00:00,visits-service,visits-service-6868c8596f-9q28w,2026-07-29T15:57:25.130697+00:00,DEBUG,b3181c72cea0bbdc,34d8d9e006100c91,nio-8080-exec-5,o.s.web.servlet.DispatcherServlet,Completed 200 OK
2026-07-29T15:58:29.403335+00:00,visits-service,visits-service-6868c8596f-9q28w,2026-07-29T15:57:25.130687+00:00,DEBUG,b3181c72cea0bbdc,34d8d9e006100c91,nio-8080-exec-5,o.s.web.servlet.DispatcherServlet,"GET ""/owners/1/pets/1/visits"", parameters={}"
2026-07-29T15:58:29.403335+00:00,visits-service,visits-service-6868c8596f-9q28w,2026-07-29T15:57:24.629506+00:00,DEBUG,519a7026c45048d7,dfdeaa123c528d26,nio-8080-exec-8,o.s.web.servlet.DispatcherServlet,Completed 200 OK
2026-07-29T15:58:29.403335+00:00,visits-service,visits-service-6868c8596f-9q28w,2026-07-29T15:57:24.629502+00:00,DEBUG,519a7026c45048d7,dfdeaa123c528d26,nio-8080-exec-8,o.s.web.servlet.DispatcherServlet,"GET ""/owners/1/pets/1/visits"", parameters={}"
2026-07-29T15:58:29.403335+00:00,visits-service,visits-service-6868c8596f-t5sfr,2026-07-29T15:58:26.941904+00:00,DEBUG,729629bb08f1e6dd,729629bb08f1e6dd,nio-8080-exec-1,o.s.web.servlet.DispatcherServlet,Completed 200 OK
2026-07-29T15:58:29.403335+00:00,visits-service,visits-service-6868c8596f-t5sfr,2026-07-29T15:58:25.435632+00:00,DEBUG,2460efebe6159bf6,2460efebe6159bf6,nio-8080-exec-2,o.s.web.servlet.DispatcherServlet,Completed 200 OK
2026-07-29T15:58:29.403335+00:00,visits-service,visits-service-6868c8596f-t5sfr,2026-07-29T15:58:15.664490+00:00,DEBUG,b52f6bfdef9c62c2,b52f6bfdef9c62c2,nio-8080-exec-9,o.s.web.servlet.DispatcherServlet,Completed 200 OK
2026-07-29T15:58:29.403335+00:00,visits-service,visits-service-6868c8596f-t5sfr,2026-07-29T15:58:10.399211+00:00,DEBUG,0a4078c55ca761b6,0a4078c55ca761b6,nio-8080-exec-3,o.s.web.servlet.DispatcherServlet,Completed 200 OK
2026-07-29T15:58:29.403335+00:00,visits-service,visits-service-6868c8596f-t5sfr,2026-07-29T15:58:06.890540+00:00,DEBUG,740c231ce1239c58,740c231ce1239c58,nio-8080-exec-7,o.s.web.servlet.DispatcherServlet,Completed 200 OK
2026-07-29T15:58:29.403335+00:00,visits-service,visits-service-6868c8596f-t5sfr,2026-07-29T15:58:00.621770+00:00,DEBUG,ce3a6bd76a9bc6af,ce3a6bd76a9bc6af,nio-8080-exec-4,o.s.web.servlet.DispatcherServlet,Completed 200 OK
2026-07-29T15:58:29.403335+00:00,visits-service,visits-service-6868c8596f-t5sfr,2026-07-29T15:57:55.356124+00:00,DEBUG,352ffa0d4106f638,352ffa0d4106f638,nio-8080-exec-8,o.s.web.servlet.DispatcherServlet,Completed 200 OK
2026-07-29T15:58:29.403335+00:00,visits-service,visits-service-6868c8596f-t5sfr,2026-07-29T15:57:46.833814+00:00,DEBUG,f83394f40d652182,f83394f40d652182,nio-8080-exec-5,o.s.web.servlet.DispatcherServlet,Completed 200 OK
2026-07-29T15:58:29.403335+00:00,visits-service,visits-service-6868c8596f-t5sfr,2026-07-29T15:57:45.830536+00:00,DEBUG,9dc10fd988c0edf0,9dc10fd988c0edf0,nio-8080-exec-6,o.s.web.servlet.DispatcherServlet,Completed 200 OK
2026-07-29T15:58:29.403335+00:00,visits-service,visits-service-6868c8596f-t5sfr,2026-07-29T15:57:40.314634+00:00,DEBUG,7251c69e8f6ff83e,7251c69e8f6ff83e,io-8080-exec-10,o.s.web.servlet.DispatcherServlet,Completed 200 OK
2026-07-29T15:58:29.403335+00:00,visits-service,visits-service-6868c8596f-t5sfr,2026-07-29T15:57:30.783485+00:00,DEBUG,e69edb277640c8ed,e69edb277640c8ed,nio-8080-exec-1,o.s.web.servlet.DispatcherServlet,Completed 200 OK
2026-07-29T15:58:29.403335+00:00,visits-service,visits-service-6868c8596f-t5sfr,2026-07-29T15:57:26.772373+00:00,DEBUG,4723f6d9f455bbfe,4723f6d9f455bbfe,nio-8080-exec-2,o.s.web.servlet.DispatcherServlet,Completed 200 OK
2026-07-29T15:58:29.403335+00:00,visits-service,visits-service-6868c8596f-t5sfr,2026-07-29T15:57:25.267166+00:00,DEBUG,149a82bc2124096a,149a82bc2124096a,nio-8080-exec-9,o.s.web.servlet.DispatcherServlet,Completed 200 OK
2026-07-29T15:59:29.396703+00:00,customers-service,customers-service-68987c986f-cpzz4,2026-07-29T15:59:29.167573+00:00,DEBUG,4702af98c713ce49,b8e8647aad525bd9,nio-8080-exec-9,o.s.web.servlet.DispatcherServlet,Completed 200 OK
2026-07-29T15:59:29.396703+00:00,customers-service,customers-service-68987c986f-cpzz4,2026-07-29T15:59:28.916880+00:00,DEBUG,4702af98c713ce49,859d03b7286faa45,nio-8080-exec-9,o.s.web.servlet.DispatcherServlet,"GET ""/owners"", parameters={}"
2026-07-29T15:59:29.396703+00:00,customers-service,customers-service-68987c986f-cpzz4,2026-07-29T15:59:28.665997+00:00,DEBUG,148f1e9b02e46156,5dcd7ecb9d844aef,nio-8080-exec-3,o.s.web.servlet.DispatcherServlet,Completed 200 OK
2026-07-29T15:59:29.396703+00:00,customers-service,customers-service-68987c986f-cpzz4,2026-07-29T15:59:28.665959+00:00,DEBUG,868b08b264b7cdf6,a3615a42fe2c8eab,nio-8080-exec-7,o.s.web.servlet.DispatcherServlet,Completed 200 OK
2026-07-29T15:59:29.396703+00:00,customers-service,customers-service-68987c986f-cpzz4,2026-07-29T15:59:28.665902+00:00,DEBUG,148f1e9b02e46156,470ace21af7d5e25,nio-8080-exec-3,o.s.web.servlet.DispatcherServlet,"GET ""/owners/1"", parameters={}"
2026-07-29T15:59:29.396703+00:00,customers-service,customers-service-68987c986f-cpzz4,2026-07-29T15:59:28.415846+00:00,DEBUG,868b08b264b7cdf6,26546f9e8ce1a5b0,nio-8080-exec-7,o.s.web.servlet.DispatcherServlet,"GET ""/owners"", parameters={}"
2026-07-29T15:59:29.396703+00:00,customers-service,customers-service-68987c986f-cpzz4,2026-07-29T15:59:28.164836+00:00,DEBUG,495da6add09d0afe,6bd5c8731c5c1867,io-8080-exec-23,o.s.web.servlet.DispatcherServlet,Completed 200 OK
2026-07-29T15:59:29.396703+00:00,customers-service,customers-service-68987c986f-cpzz4,2026-07-29T15:59:27.914583+00:00,DEBUG,39b3a0a3a2c75769,826ac06e3af8e165,io-8080-exec-17,o.s.web.servlet.DispatcherServlet,Completed 200 OK
2026-07-29T15:59:29.396703+00:00,customers-service,customers-service-68987c986f-cpzz4,2026-07-29T15:59:27.914578+00:00,DEBUG,0b73812134ad6c81,bad8ad38dc9496ee,nio-8080-exec-8,o.s.web.servlet.DispatcherServlet,Completed 200 OK
2026-07-29T15:59:29.396703+00:00,customers-service,customers-service-68987c986f-cpzz4,2026-07-29T15:59:27.664381+00:00,DEBUG,495da6add09d0afe,e63b402cc3677908,io-8080-exec-23,o.s.web.servlet.DispatcherServlet,"GET ""/owners"", parameters={}"
2026-07-29T15:59:29.396703+00:00,customers-service,customers-service-68987c986f-cpzz4,2026-07-29T15:59:27.664377+00:00,DEBUG,39b3a0a3a2c75769,3daccbc4ca218282,io-8080-exec-17,o.s.web.servlet.DispatcherServlet,"GET ""/owners"", parameters={}"
2026-07-29T15:59:29.396703+00:00,customers-service,customers-service-68987c986f-cpzz4,2026-07-29T15:59:27.413294+00:00,DEBUG,0b73812134ad6c81,6765006014b0b312,nio-8080-exec-8,o.s.web.servlet.DispatcherServlet,"GET ""/owners"", parameters={}"
2026-07-29T15:59:29.396703+00:00,customers-service,customers-service-68987c986f-cpzz4,2026-07-29T15:59:26.911920+00:00,DEBUG,dbd3f4e81e8e1b01,dbd3f4e81e8e1b01,io-8080-exec-10,o.s.web.servlet.DispatcherServlet,Completed 200 OK
2026-07-29T15:59:29.396703+00:00,customers-service,customers-service-68987c986f-cpzz4,2026-07-29T15:59:26.160459+00:00,DEBUG,87c3a7b88c27c158,87c3a7b88c27c158,io-8080-exec-14,o.s.web.servlet.DispatcherServlet,Completed 200 OK
2026-07-29T15:59:29.396703+00:00,customers-service,customers-service-68987c986f-cpzz4,2026-07-29T15:59:25.909705+00:00,DEBUG,8b2fbde0913cff02,c00c68b47ba74aed,io-8080-exec-13,o.s.web.servlet.DispatcherServlet,Completed 200 OK
2026-07-29T15:59:29.396703+00:00,customers-service,customers-service-68987c986f-cpzz4,2026-07-29T15:59:25.909702+00:00,DEBUG,2b42a5d9ad946d42,0d815a1b4d56ef38,nio-8080-exec-6,o.s.web.servlet.DispatcherServlet,Completed 200 OK
2026-07-29T15:59:29.396703+00:00,customers-service,customers-service-68987c986f-cpzz4,2026-07-29T15:59:25.658696+00:00,DEBUG,9f25c81eb5b2ee7f,91b53f2586479b27,nio-8080-exec-9,o.s.web.servlet.DispatcherServlet,Completed 200 OK
2026-07-29T15:59:29.396703+00:00,customers-service,customers-service-68987c986f-cpzz4,2026-07-29T15:59:25.658686+00:00,DEBUG,8b2fbde0913cff02,890ef32ed2423476,io-8080-exec-13,o.s.web.servlet.DispatcherServlet,"GET ""/owners/1"", parameters={}"
2026-07-29T15:59:29.396703+00:00,customers-service,customers-service-68987c986f-cpzz4,2026-07-29T15:59:25.407966+00:00,DEBUG,9f25c81eb5b2ee7f,5bb55ef445d7d3cb,nio-8080-exec-9,o.s.web.servlet.DispatcherServlet,"GET ""/owners/1"", parameters={}"
2026-07-29T15:59:29.396703+00:00,customers-service,customers-service-68987c986f-cpzz4,2026-07-29T15:59:25.157346+00:00,DEBUG,80fa691b233d88ce,3655f9b7e47b4890,nio-8080-exec-3,o.s.web.servlet.DispatcherServlet,Completed 200 OK
2026-07-29T15:59:29.396703+00:00,customers-service,customers-service-68987c986f-cpzz4,2026-07-29T15:59:25.157321+00:00,DEBUG,2b42a5d9ad946d42,95175ca070bfd1be,nio-8080-exec-6,o.s.web.servlet.DispatcherServlet,"GET ""/owners"", parameters={}"
2026-07-29T15:59:29.396703+00:00,customers-service,customers-service-68987c986f-cpzz4,2026-07-29T15:59:25.157317+00:00,DEBUG,b1a2208d08bb0e67,d86822a9b5e83937,nio-8080-exec-7,o.s.web.servlet.DispatcherServlet,Completed 200 OK
2026-07-29T15:59:29.396703+00:00,customers-service,customers-service-68987c986f-cpzz4,2026-07-29T15:59:24.906008+00:00,DEBUG,b8fb8eb31b36157f,c58362ca23a8210d,io-8080-exec-23,o.s.web.servlet.DispatcherServlet,Completed 200 OK
2026-07-29T15:59:29.396703+00:00,customers-service,customers-service-68987c986f-cpzz4,2026-07-29T15:59:24.152479+00:00,DEBUG,80fa691b233d88ce,0ee94886fe32673b,nio-8080-exec-3,o.s.web.servlet.DispatcherServlet,"GET ""/owners"", parameters={}"
2026-07-29T15:59:29.396703+00:00,customers-service,customers-service-68987c986f-cpzz4,2026-07-29T15:59:23.901251+00:00,DEBUG,b1a2208d08bb0e67,6b43e2bd8eb5dd7d,nio-8080-exec-7,o.s.web.servlet.DispatcherServlet,"GET ""/owners"", parameters={}"
2026-07-29T15:59:29.396703+00:00,customers-service,customers-service-68987c986f-cpzz4,2026-07-29T15:59:23.650908+00:00,DEBUG,b8fb8eb31b36157f,b5663e01995715bb,io-8080-exec-23,o.s.web.servlet.DispatcherServlet,"GET ""/owners"", parameters={}"
2026-07-29T15:59:29.396703+00:00,customers-service,customers-service-68987c986f-cpzz4,2026-07-29T15:59:23.149223+00:00,DEBUG,a83f02290fe0fe48,90713482900a89a1,io-8080-exec-17,o.s.web.servlet.DispatcherServlet,Completed 200 OK
2026-07-29T15:59:29.396703+00:00,customers-service,customers-service-68987c986f-cpzz4,2026-07-29T15:59:22.899191+00:00,DEBUG,a83f02290fe0fe48,e27cf6ad2fe145ac,io-8080-exec-17,o.s.web.servlet.DispatcherServlet,"GET ""/owners"", parameters={}"
2026-07-29T15:59:29.396703+00:00,customers-service,customers-service-68987c986f-cpzz4,2026-07-29T15:59:22.397740+00:00,DEBUG,7a34aad7aca83f6e,fa0dc3f142347cca,nio-8080-exec-8,o.s.web.servlet.DispatcherServlet,Completed 200 OK
2026-07-29T15:59:29.396703+00:00,customers-service,customers-service-68987c986f-cpzz4,2026-07-29T15:59:22.397737+00:00,DEBUG,7a34aad7aca83f6e,825160dc1ca2d6a1,nio-8080-exec-8,o.s.web.servlet.DispatcherServlet,"GET ""/owners/1"", parameters={}"
2026-07-29T15:59:29.396703+00:00,customers-service,customers-service-68987c986f-cpzz4,2026-07-29T15:59:22.147531+00:00,DEBUG,ed5d54e52b68c105,2b9c25e18a275ef0,io-8080-exec-10,o.s.web.servlet.DispatcherServlet,Completed 200 OK
2026-07-29T15:59:29.396703+00:00,customers-service,customers-service-68987c986f-cpzz4,2026-07-29T15:59:22.147527+00:00,DEBUG,ed5d54e52b68c105,c48675a7fa85594d,io-8080-exec-10,o.s.web.servlet.DispatcherServlet,"GET ""/owners/1"", parameters={}"
2026-07-29T15:59:29.396703+00:00,customers-service,customers-service-68987c986f-cpzz4,2026-07-29T15:59:21.897367+00:00,DEBUG,10eb76c7bf58a439,2cc37744a7e1b416,io-8080-exec-14,o.s.web.servlet.DispatcherServlet,Completed 200 OK
2026-07-29T15:59:29.396703+00:00,customers-service,customers-service-68987c986f-cpzz4,2026-07-29T15:59:21.897340+00:00,DEBUG,565d04ef411c4961,d3d55a71b5059197,io-8080-exec-13,o.s.web.servlet.DispatcherServlet,Completed 200 OK
2026-07-29T15:59:29.396703+00:00,customers-service,customers-service-68987c986f-cpzz4,2026-07-29T15:59:21.897336+00:00,DEBUG,10eb76c7bf58a439,95669fcc251a0fdb,io-8080-exec-14,o.s.web.servlet.DispatcherServlet,"GET ""/owners/1"", parameters={}"
2026-07-29T15:59:29.396703+00:00,customers-service,customers-service-68987c986f-cpzz4,2026-07-29T15:59:21.646411+00:00,DEBUG,565d04ef411c4961,d9256d2da3bf1ae2,io-8080-exec-13,o.s.web.servlet.DispatcherServlet,"GET ""/owners"", parameters={}"
2026-07-29T15:59:29.396703+00:00,customers-service,customers-service-68987c986f-cpzz4,2026-07-29T15:59:21.396091+00:00,DEBUG,1553fcdb76b9c75b,1271472b5c2bbf5a,nio-8080-exec-9,o.s.web.servlet.DispatcherServlet,Completed 200 OK
2026-07-29T15:59:29.396703+00:00,customers-service,customers-service-68987c986f-cpzz4,2026-07-29T15:59:21.396087+00:00,DEBUG,1553fcdb76b9c75b,5fef34fc2f4274d3,nio-8080-exec-9,o.s.web.servlet.DispatcherServlet,"GET ""/owners"", parameters={}"
2026-07-29T15:59:29.396703+00:00,customers-service,customers-service-68987c986f-cpzz4,2026-07-29T15:59:20.894278+00:00,DEBUG,a0d2c7d857318062,b87ac5f1123e9b6c,nio-8080-exec-6,o.s.web.servlet.DispatcherServlet,Completed 200 OK
2026-07-29T15:59:29.396703+00:00,customers-service,customers-service-68987c986f-cpzz4,2026-07-29T15:59:20.894251+00:00,DEBUG,aacd72dfb7ff7d83,75edaac2ec922039,nio-8080-exec-3,o.s.web.servlet.DispatcherServlet,Completed 200 OK
2026-07-29T15:59:29.396703+00:00,customers-service,customers-service-68987c986f-cpzz4,2026-07-29T15:59:20.894229+00:00,DEBUG,a0d2c7d857318062,ae636d05c9bde132,nio-8080-exec-6,o.s.web.servlet.DispatcherServlet,"GET ""/owners/1"", parameters={}"
2026-07-29T15:59:29.396703+00:00,customers-service,customers-service-68987c986f-cpzz4,2026-07-29T15:59:20.894227+00:00,DEBUG,aacd72dfb7ff7d83,bfe9f17fe90fcb24,nio-8080-exec-3,o.s.web.servlet.DispatcherServlet,"GET ""/owners"", parameters={}"
2026-07-29T15:59:29.396703+00:00,customers-service,customers-service-68987c986f-cpzz4,2026-07-29T15:59:20.643876+00:00,DEBUG,3536d8e34ca92b20,97a45c49dbfed8b3,nio-8080-exec-7,o.s.web.servlet.DispatcherServlet,Completed 200 OK
2026-07-29T15:59:29.396703+00:00,customers-service,customers-service-68987c986f-cpzz4,2026-07-29T15:59:20.392854+00:00,DEBUG,3536d8e34ca92b20,ac0399aa75243d57,nio-8080-exec-7,o.s.web.servlet.DispatcherServlet,"GET ""/owners"", parameters={}"
2026-07-29T15:59:29.396703+00:00,customers-service,customers-service-68987c986f-cpzz4,2026-07-29T15:59:19.891224+00:00,DEBUG,c68f089a6b3e957c,2c5074d8d4e18291,io-8080-exec-23,o.s.web.servlet.DispatcherServlet,Completed 200 OK
2026-07-29T15:59:29.396703+00:00,customers-service,customers-service-68987c986f-cpzz4,2026-07-29T15:59:19.891220+00:00,DEBUG,c68f089a6b3e957c,623b56320ffabc7c,io-8080-exec-23,o.s.web.servlet.DispatcherServlet,"GET ""/owners"", parameters={}"
2026-07-29T15:59:29.396703+00:00,customers-service,customers-service-68987c986f-cpzz4,2026-07-29T15:59:19.388975+00:00,DEBUG,fbff5bc17e6b3535,e36283ecfce4152e,io-8080-exec-17,o.s.web.servlet.DispatcherServlet,Completed 200 OK
2026-07-29T15:59:29.396703+00:00,customers-service,customers-service-68987c986f-cpzz4,2026-07-29T15:59:19.388971+00:00,DEBUG,fbff5bc17e6b3535,fdb89ac475fde420,io-8080-exec-17,o.s.web.servlet.DispatcherServlet,"GET ""/owners/1"", parameters={}"
2026-07-29T15:59:29.396703+00:00,customers-service,customers-service-68987c986f-cpzz4,2026-07-29T15:59:19.137739+00:00,DEBUG,f9004ecb756ffcd4,4a2706644044d189,nio-8080-exec-8,o.s.web.servlet.DispatcherServlet,Completed 200 OK
2026-07-29T15:59:29.396703+00:00,customers-service,customers-service-68987c986f-cpzz4,2026-07-29T15:59:19.137736+00:00,DEBUG,f9004ecb756ffcd4,dc1288743b61fc5d,nio-8080-exec-8,o.s.web.servlet.DispatcherServlet,"GET ""/owners/1"", parameters={}"
2026-07-29T15:59:29.396703+00:00,customers-service,customers-service-68987c986f-cpzz4,2026-07-29T15:59:18.887574+00:00,DEBUG,dc9b9d3d8beda248,692781cb057ad2ec,io-8080-exec-10,o.s.web.servlet.DispatcherServlet,Completed 200 OK
2026-07-29T15:59:29.396703+00:00,customers-service,customers-service-68987c986f-cpzz4,2026-07-29T15:59:18.887570+00:00,DEBUG,dc9b9d3d8beda248,be8aef75542afbd3,io-8080-exec-10,o.s.web.servlet.DispatcherServlet,"GET ""/owners"", parameters={}"
2026-07-29T15:59:29.396703+00:00,customers-service,customers-service-68987c986f-cpzz4,2026-07-29T15:59:18.636580+00:00,DEBUG,5c22a83b26d57b75,fee8c7b5d69ec872,io-8080-exec-14,o.s.web.servlet.DispatcherServlet,Completed 200 OK
2026-07-29T15:59:29.396703+00:00,customers-service,customers-service-68987c986f-cpzz4,2026-07-29T15:59:18.636576+00:00,DEBUG,5c22a83b26d57b75,d6b14d8da5743d11,io-8080-exec-14,o.s.web.servlet.DispatcherServlet,"GET ""/owners/1"", parameters={}"
2026-07-29T15:59:29.396703+00:00,customers-service,customers-service-68987c986f-cpzz4,2026-07-29T15:59:18.385520+00:00,DEBUG,93cabde60fdb203d,5541d350dc69d070,io-8080-exec-13,o.s.web.servlet.DispatcherServlet,Completed 200 OK
2026-07-29T15:59:29.396703+00:00,customers-service,customers-service-68987c986f-cpzz4,2026-07-29T15:59:18.134741+00:00,DEBUG,93cabde60fdb203d,89e5cc5c9899e9db,io-8080-exec-13,o.s.web.servlet.DispatcherServlet,"GET ""/owners"", parameters={}"
2026-07-29T15:59:29.396703+00:00,customers-service,customers-service-68987c986f-cpzz4,2026-07-29T15:59:17.883962+00:00,DEBUG,03520f1c7c704c17,9b44ac00d29b3acb,nio-8080-exec-9,o.s.web.servlet.DispatcherServlet,Completed 200 OK
2026-07-29T15:59:29.396703+00:00,customers-service,customers-service-68987c986f-cpzz4,2026-07-29T15:59:17.883938+00:00,DEBUG,03520f1c7c704c17,d2c71b059e67c6c7,nio-8080-exec-9,o.s.web.servlet.DispatcherServlet,"GET ""/owners"", parameters={}"
2026-07-29T15:59:29.396703+00:00,customers-service,customers-service-68987c986f-cpzz4,2026-07-29T15:59:17.883934+00:00,DEBUG,1cedb6bb61625a60,fd342d3406986e1f,nio-8080-exec-6,o.s.web.servlet.DispatcherServlet,Completed 200 OK
2026-07-29T15:59:29.396703+00:00,customers-service,customers-service-68987c986f-cpzz4,2026-07-29T15:59:17.633521+00:00,DEBUG,1cedb6bb61625a60,1a4eaa92092ec1a2,nio-8080-exec-6,o.s.web.servlet.DispatcherServlet,"GET ""/owners"", parameters={}"
2026-07-29T15:59:29.396703+00:00,customers-service,customers-service-68987c986f-cpzz4,2026-07-29T15:59:17.633517+00:00,DEBUG,c04a42afeb4629c9,be825699958166f4,nio-8080-exec-3,o.s.web.servlet.DispatcherServlet,Completed 200 OK
2026-07-29T15:59:29.396703+00:00,customers-service,customers-service-68987c986f-cpzz4,2026-07-29T15:59:17.382602+00:00,DEBUG,c04a42afeb4629c9,d76c12933548f200,nio-8080-exec-3,o.s.web.servlet.DispatcherServlet,"GET ""/owners"", parameters={}"
2026-07-29T15:59:29.396703+00:00,customers-service,customers-service-68987c986f-cpzz4,2026-07-29T15:59:16.629287+00:00,DEBUG,d6079c7e5c76eb48,55b0f4f98881b296,nio-8080-exec-7,o.s.web.servlet.DispatcherServlet,Completed 200 OK
2026-07-29T15:59:29.396703+00:00,customers-service,customers-service-68987c986f-cpzz4,2026-07-29T15:59:16.378443+00:00,DEBUG,d6079c7e5c76eb48,b8131b74f0d67380,nio-8080-exec-7,o.s.web.servlet.DispatcherServlet,"GET ""/owners"", parameters={}"
2026-07-29T15:59:29.396703+00:00,customers-service,customers-service-68987c986f-cpzz4,2026-07-29T15:59:16.378420+00:00,DEBUG,6de999f72aa530f7,6de999f72aa530f7,io-8080-exec-23,o.s.web.servlet.DispatcherServlet,Completed 200 OK
2026-07-29T15:59:29.396703+00:00,customers-service,customers-service-68987c986f-cpzz4,2026-07-29T15:59:15.876445+00:00,DEBUG,a63c55433c27f5ad,8ba446366a602549,io-8080-exec-17,o.s.web.servlet.DispatcherServlet,Completed 200 OK
2026-07-29T15:59:29.396703+00:00,customers-service,customers-service-68987c986f-cpzz4,2026-07-29T15:59:15.876441+00:00,DEBUG,a63c55433c27f5ad,0fd1ecd077a9379b,io-8080-exec-17,o.s.web.servlet.DispatcherServlet,"GET ""/owners"", parameters={}"
2026-07-29T15:59:29.396703+00:00,customers-service,customers-service-68987c986f-cpzz4,2026-07-29T15:59:15.626076+00:00,DEBUG,f2242168adec7212,741ca7b0b93a24bd,nio-8080-exec-8,o.s.web.servlet.DispatcherServlet,Completed 200 OK
2026-07-29T15:59:29.396703+00:00,customers-service,customers-service-68987c986f-cpzz4,2026-07-29T15:59:15.375836+00:00,DEBUG,f2242168adec7212,4717aa7bb3ffec15,nio-8080-exec-8,o.s.web.servlet.DispatcherServlet,"GET ""/owners/1"", parameters={}"
2026-07-29T15:59:29.396703+00:00,customers-service,customers-service-68987c986f-cpzz4,2026-07-29T15:59:14.874660+00:00,DEBUG,42bbbe9122f82a6a,ee657836bac6c202,io-8080-exec-10,o.s.web.servlet.DispatcherServlet,Completed 200 OK
2026-07-29T15:59:29.396703+00:00,customers-service,customers-service-68987c986f-cpzz4,2026-07-29T15:59:14.624351+00:00,DEBUG,42bbbe9122f82a6a,cc4efa69b8bb1a7a,io-8080-exec-10,o.s.web.servlet.DispatcherServlet,"GET ""/owners"", parameters={}"
2026-07-29T15:59:29.396703+00:00,customers-service,customers-service-68987c986f-cpzz4,2026-07-29T15:59:14.122706+00:00,DEBUG,1557627afef2b35c,bf7ea300e8b43cac,io-8080-exec-14,o.s.web.servlet.DispatcherServlet,Completed 200 OK
2026-07-29T15:59:29.396703+00:00,customers-service,customers-service-68987c986f-cpzz4,2026-07-29T15:59:13.871868+00:00,DEBUG,1557627afef2b35c,dd78d5ba4c446c58,io-8080-exec-14,o.s.web.servlet.DispatcherServlet,"GET ""/owners/1"", parameters={}"
2026-07-29T15:59:29.396703+00:00,customers-service,customers-service-68987c986f-cpzz4,2026-07-29T15:59:13.621279+00:00,DEBUG,13ae9c9c0120f1d9,b1bb3729ab0bba5f,io-8080-exec-13,o.s.web.servlet.DispatcherServlet,Completed 200 OK
2026-07-29T15:59:29.396703+00:00,customers-service,customers-service-68987c986f-cpzz4,2026-07-29T15:59:13.621253+00:00,DEBUG,13ae9c9c0120f1d9,9212ff5a5df7025a,io-8080-exec-13,o.s.web.servlet.DispatcherServlet,"GET ""/owners/1"", parameters={}"
2026-07-29T15:59:29.396703+00:00,customers-service,customers-service-68987c986f-cpzz4,2026-07-29T15:59:13.621249+00:00,DEBUG,dae38e1553e45dde,8a0627c88d4fe5f4,nio-8080-exec-9,o.s.web.servlet.DispatcherServlet,Completed 200 OK
2026-07-29T15:59:29.396703+00:00,customers-service,customers-service-68987c986f-cpzz4,2026-07-29T15:59:13.370139+00:00,DEBUG,dae38e1553e45dde,65d3895a8e292362,nio-8080-exec-9,o.s.web.servlet.DispatcherServlet,"GET ""/owners"", parameters={}"
2026-07-29T15:59:29.396703+00:00,customers-service,customers-service-68987c986f-cpzz4,2026-07-29T15:59:13.370135+00:00,DEBUG,be654c87efa638e3,3669606587bfda06,nio-8080-exec-6,o.s.web.servlet.DispatcherServlet,Completed 200 OK
2026-07-29T15:59:29.396703+00:00,customers-service,customers-service-68987c986f-cpzz4,2026-07-29T15:59:13.119835+00:00,DEBUG,264838dcc4457503,e68470b7bf6644b6,nio-8080-exec-3,o.s.web.servlet.DispatcherServlet,Completed 200 OK
2026-07-29T15:59:29.396703+00:00,customers-service,customers-service-68987c986f-cpzz4,2026-07-29T15:59:13.119809+00:00,DEBUG,be654c87efa638e3,7bdf74e660d00751,nio-8080-exec-6,o.s.web.servlet.DispatcherServlet,"GET ""/owners"", parameters={}"
2026-07-29T15:59:29.396703+00:00,customers-service,customers-service-68987c986f-cpzz4,2026-07-29T15:59:13.119784+00:00,DEBUG,b96a8370e32ff760,502747f5753c3840,nio-8080-exec-7,o.s.web.servlet.DispatcherServlet,Completed 200 OK
2026-07-29T15:59:29.396703+00:00,customers-service,customers-service-68987c986f-cpzz4,2026-07-29T15:59:13.119780+00:00,DEBUG,963f18379d5ee324,344e0ef1c77e4406,io-8080-exec-23,o.s.web.servlet.DispatcherServlet,Completed 200 OK
2026-07-29T15:59:29.396703+00:00,customers-service,customers-service-68987c986f-cpzz4,2026-07-29T15:59:12.869371+00:00,DEBUG,264838dcc4457503,c09a4a17869dc465,nio-8080-exec-3,o.s.web.servlet.DispatcherServlet,"GET ""/owners"", parameters={}"
2026-07-29T15:59:29.396703+00:00,customers-service,customers-service-68987c986f-cpzz4,2026-07-29T15:59:12.368127+00:00,DEBUG,b96a8370e32ff760,56e8e0c07a455597,nio-8080-exec-7,o.s.web.servlet.DispatcherServlet,"GET ""/owners"", parameters={}"
2026-07-29T15:59:29.396703+00:00,customers-service,customers-service-68987c986f-cpzz4,2026-07-29T15:59:12.116954+00:00,DEBUG,3f93761ab309e4d0,c5ba7dd029378dd1,io-8080-exec-17,o.s.web.servlet.DispatcherServlet,Completed 200 OK
2026-07-29T15:59:29.396703+00:00,customers-service,customers-service-68987c986f-cpzz4,2026-07-29T15:59:12.116951+00:00,DEBUG,963f18379d5ee324,fea8134118050382,io-8080-exec-23,o.s.web.servlet.DispatcherServlet,"GET ""/owners"", parameters={}"
2026-07-29T15:59:29.396703+00:00,customers-service,customers-service-68987c986f-cpzz4,2026-07-29T15:59:11.866262+00:00,DEBUG,3f93761ab309e4d0,96f5639914b735d7,io-8080-exec-17,o.s.web.servlet.DispatcherServlet,"GET ""/owners/1"", parameters={}"
2026-07-29T15:59:29.396703+00:00,customers-service,customers-service-68987c986f-cpzz4,2026-07-29T15:59:11.866258+00:00,DEBUG,b9bf048e089a6fb2,f73475e8e7014e38,nio-8080-exec-8,o.s.web.servlet.DispatcherServlet,Completed 200 OK
2026-07-29T15:59:29.396703+00:00,customers-service,customers-service-68987c986f-cpzz4,2026-07-29T15:59:11.615232+00:00,DEBUG,f58bf5afb9076fa7,4712c43b9d40f750,io-8080-exec-10,o.s.web.servlet.DispatcherServlet,Completed 200 OK
2026-07-29T15:59:29.396703+00:00,customers-service,customers-service-68987c986f-cpzz4,2026-07-29T15:59:11.364273+00:00,DEBUG,f58bf5afb9076fa7,2da1a0c6b07f1d50,io-8080-exec-10,o.s.web.servlet.DispatcherServlet,"GET ""/owners/1"", parameters={}"
2026-07-29T15:59:29.396703+00:00,customers-service,customers-service-68987c986f-cpzz4,2026-07-29T15:59:11.364269+00:00,DEBUG,986f852c75545fcc,27b73f860637ef20,io-8080-exec-14,o.s.web.servlet.DispatcherServlet,Completed 200 OK
2026-07-29T15:59:29.396703+00:00,customers-service,customers-service-68987c986f-cpzz4,2026-07-29T15:59:11.113888+00:00,DEBUG,227fffacaafcc927,227fffacaafcc927,io-8080-exec-13,o.s.web.servlet.DispatcherServlet,Completed 200 OK
2026-07-29T15:59:29.396703+00:00,customers-service,customers-service-68987c986f-cpzz4,2026-07-29T15:59:10.612478+00:00,DEBUG,b9bf048e089a6fb2,61ffffe319a8d577,nio-8080-exec-8,o.s.web.servlet.DispatcherServlet,"GET ""/owners"", parameters={}"
2026-07-29T15:59:29.396703+00:00,customers-service,customers-service-68987c986f-cpzz4,2026-07-29T15:59:10.361487+00:00,DEBUG,986f852c75545fcc,fd84cba8f4576b00,io-8080-exec-14,o.s.web.servlet.DispatcherServlet,"GET ""/owners"", parameters={}"
2026-07-29T15:59:29.396703+00:00,customers-service,customers-service-68987c986f-cpzz4,2026-07-29T15:59:10.110642+00:00,DEBUG,420a591151ae29be,2ad65dab138972fc,nio-8080-exec-9,o.s.web.servlet.DispatcherServlet,Completed 200 OK
2026-07-29T15:59:29.396703+00:00,customers-service,customers-service-68987c986f-cpzz4,2026-07-29T15:59:09.859844+00:00,DEBUG,420a591151ae29be,538689dacf98d570,nio-8080-exec-9,o.s.web.servlet.DispatcherServlet,"GET ""/owners/1"", parameters={}"
2026-07-29T15:59:29.396703+00:00,customers-service,customers-service-68987c986f-cpzz4,2026-07-29T15:59:09.859842+00:00,DEBUG,720b1d017efc1055,1da491df2c197262,nio-8080-exec-6,o.s.web.servlet.DispatcherServlet,Completed 200 OK
2026-07-29T15:59:29.396703+00:00,customers-service,customers-service-68987c986f-cpzz4,2026-07-29T15:59:09.359241+00:00,DEBUG,720b1d017efc1055,cb65dbc1ab07e597,nio-8080-exec-6,o.s.web.servlet.DispatcherServlet,"GET ""/owners/1"", parameters={}"
2026-07-29T15:59:29.396703+00:00,customers-service,customers-service-68987c986f-cpzz4,2026-07-29T15:59:08.608010+00:00,DEBUG,e776a62895986447,c4fb4d96fc3f88e5,nio-8080-exec-3,o.s.web.servlet.DispatcherServlet,Completed 200 OK
2026-07-29T15:59:29.396703+00:00,customers-service,customers-service-68987c986f-cpzz4,2026-07-29T15:59:08.106810+00:00,DEBUG,e776a62895986447,ee2593105fb6e18b,nio-8080-exec-3,o.s.web.servlet.DispatcherServlet,"GET ""/owners"", parameters={}"
2026-07-29T15:59:29.396703+00:00,customers-service,customers-service-68987c986f-cpzz4,2026-07-29T15:59:07.856546+00:00,DEBUG,685642119037a461,efbc0385c7cd6c0a,nio-8080-exec-7,o.s.web.servlet.DispatcherServlet,Completed 200 OK
2026-07-29T15:59:29.396703+00:00,customers-service,customers-service-68987c986f-cpzz4,2026-07-29T15:59:07.606264+00:00,DEBUG,685642119037a461,d07f2f1f18dbac45,nio-8080-exec-7,o.s.web.servlet.DispatcherServlet,"GET ""/owners"", parameters={}"
2026-07-29T15:59:29.396703+00:00,customers-service,customers-service-68987c986f-cpzz4,2026-07-29T15:59:07.106091+00:00,DEBUG,c44f2f3e6a4498e2,74332efcfb6b90c2,io-8080-exec-23,o.s.web.servlet.DispatcherServlet,Completed 200 OK
2026-07-29T15:59:29.396703+00:00,customers-service,customers-service-68987c986f-cpzz4,2026-07-29T15:59:06.855875+00:00,DEBUG,c44f2f3e6a4498e2,b72886852383a228,io-8080-exec-23,o.s.web.servlet.DispatcherServlet,"GET ""/owners/1"", parameters={}"
2026-07-29T15:59:29.396703+00:00,customers-service,customers-service-68987c986f-cpzz4,2026-07-29T15:59:06.855849+00:00,DEBUG,44769a31b255cdc7,44769a31b255cdc7,io-8080-exec-17,o.s.web.servlet.DispatcherServlet,Completed 200 OK
2026-07-29T15:59:29.396703+00:00,customers-service,customers-service-68987c986f-cpzz4,2026-07-29T15:59:06.855819+00:00,DEBUG,9e68b78a1428c0ae,4cc6350c22feb00d,io-8080-exec-10,o.s.web.servlet.DispatcherServlet,Completed 200 OK
2026-07-29T15:59:29.396703+00:00,customers-service,customers-service-68987c986f-cpzz4,2026-07-29T15:59:06.604981+00:00,DEBUG,9e68b78a1428c0ae,9acd9a17b5d86710,io-8080-exec-10,o.s.web.servlet.DispatcherServlet,"GET ""/owners"", parameters={}"
2026-07-29T15:59:29.396703+00:00,customers-service,customers-service-68987c986f-cpzz4,2026-07-29T15:59:06.103645+00:00,DEBUG,8d2c5c8736f32795,a1f8b67ae627452b,io-8080-exec-13,o.s.web.servlet.DispatcherServlet,Completed 200 OK
2026-07-29T15:59:29.396703+00:00,customers-service,customers-service-68987c986f-cpzz4,2026-07-29T15:59:05.853072+00:00,DEBUG,8d2c5c8736f32795,e62e55b906c56d80,io-8080-exec-13,o.s.web.servlet.DispatcherServlet,"GET ""/owners"", parameters={}"
2026-07-29T15:59:29.396703+00:00,customers-service,customers-service-68987c986f-cpzz4,2026-07-29T15:59:05.601853+00:00,DEBUG,628493537429326b,db2b7e371c7c239d,nio-8080-exec-8,o.s.web.servlet.DispatcherServlet,Completed 200 OK
2026-07-29T15:59:29.396703+00:00,customers-service,customers-service-68987c986f-cpzz4,2026-07-29T15:59:05.351104+00:00,DEBUG,628493537429326b,5483e44fe2349cd5,nio-8080-exec-8,o.s.web.servlet.DispatcherServlet,"GET ""/owners"", parameters={}"
2026-07-29T15:59:29.396703+00:00,customers-service,customers-service-68987c986f-cpzz4,2026-07-29T15:59:04.849057+00:00,DEBUG,a94ea72f78552c60,2a4ff4ee99a8aa85,io-8080-exec-14,o.s.web.servlet.DispatcherServlet,Completed 200 OK
2026-07-29T15:59:29.396703+00:00,customers-service,customers-service-68987c986f-cpzz4,2026-07-29T15:59:04.849053+00:00,DEBUG,a94ea72f78552c60,224690b3ac418351,io-8080-exec-14,o.s.web.servlet.DispatcherServlet,"GET ""/owners/1"", parameters={}"
2026-07-29T15:59:29.396703+00:00,customers-service,customers-service-68987c986f-cpzz4,2026-07-29T15:59:04.597828+00:00,DEBUG,f66e0c6a69d581d3,9bf2635215523057,nio-8080-exec-9,o.s.web.servlet.DispatcherServlet,Completed 200 OK
2026-07-29T15:59:29.396703+00:00,customers-service,customers-service-68987c986f-cpzz4,2026-07-29T15:59:04.597824+00:00,DEBUG,f66e0c6a69d581d3,de6e2e9a0c611a39,nio-8080-exec-9,o.s.web.servlet.DispatcherServlet,"GET ""/owners/1"", parameters={}"
2026-07-29T15:59:29.396703+00:00,customers-service,customers-service-68987c986f-cpzz4,2026-07-29T15:59:03.846369+00:00,DEBUG,1a0e42c27c2038d5,5ebe4412edf9d12c,nio-8080-exec-6,o.s.web.servlet.DispatcherServlet,Completed 200 OK
2026-07-29T15:59:29.396703+00:00,customers-service,customers-service-68987c986f-cpzz4,2026-07-29T15:59:03.846365+00:00,DEBUG,1a0e42c27c2038d5,2fa89f79e20ee419,nio-8080-exec-6,o.s.web.servlet.DispatcherServlet,"GET ""/owners/1"", parameters={}"
2026-07-29T15:59:29.396703+00:00,customers-service,customers-service-68987c986f-cpzz4,2026-07-29T15:59:03.595609+00:00,DEBUG,50941b0f02a60470,e599ff53b410493a,nio-8080-exec-3,o.s.web.servlet.DispatcherServlet,Completed 200 OK
2026-07-29T15:59:29.396703+00:00,customers-service,customers-service-68987c986f-cpzz4,2026-07-29T15:59:03.344529+00:00,DEBUG,50941b0f02a60470,78b46746d21817e0,nio-8080-exec-3,o.s.web.servlet.DispatcherServlet,"GET ""/owners"", parameters={}"
2026-07-29T15:59:29.396703+00:00,customers-service,customers-service-68987c986f-cpzz4,2026-07-29T15:59:02.842913+00:00,DEBUG,ceffd69371db4e10,46a87a06aa9e6cc6,nio-8080-exec-7,o.s.web.servlet.DispatcherServlet,Completed 200 OK
2026-07-29T15:59:29.396703+00:00,customers-service,customers-service-68987c986f-cpzz4,2026-07-29T15:59:02.842909+00:00,DEBUG,ceffd69371db4e10,072500bd5de8bc3a,nio-8080-exec-7,o.s.web.servlet.DispatcherServlet,"GET ""/owners"", parameters={}"
2026-07-29T15:59:29.396703+00:00,customers-service,customers-service-68987c986f-cpzz4,2026-07-29T15:59:02.592566+00:00,DEBUG,22b3876a9cc1d399,92fafd99b217c24f,io-8080-exec-23,o.s.web.servlet.DispatcherServlet,Completed 200 OK
2026-07-29T15:59:29.396703+00:00,customers-service,customers-service-68987c986f-cpzz4,2026-07-29T15:59:02.592561+00:00,DEBUG,22b3876a9cc1d399,3dd75bc69a49de43,io-8080-exec-23,o.s.web.servlet.DispatcherServlet,"GET ""/owners/1"", parameters={}"
2026-07-29T15:59:29.396703+00:00,customers-service,customers-service-68987c986f-cpzz4,2026-07-29T15:59:02.342518+00:00,DEBUG,462c3bf62f92b6ba,a258ee44e6068447,io-8080-exec-17,o.s.web.servlet.DispatcherServlet,Completed 200 OK
2026-07-29T15:59:29.396703+00:00,customers-service,customers-service-68987c986f-cpzz4,2026-07-29T15:59:02.091713+00:00,DEBUG,462c3bf62f92b6ba,e0676891595754e6,io-8080-exec-17,o.s.web.servlet.DispatcherServlet,"GET ""/owners"", parameters={}"
2026-07-29T15:59:29.396703+00:00,customers-service,customers-service-68987c986f-cpzz4,2026-07-29T15:59:01.339942+00:00,DEBUG,80ee3e8f644bbd10,334d63bb593640da,io-8080-exec-10,o.s.web.servlet.DispatcherServlet,Completed 200 OK
2026-07-29T15:59:29.396703+00:00,customers-service,customers-service-68987c986f-cpzz4,2026-07-29T15:59:01.339926+00:00,DEBUG,aa13fbe22b20198f,aa13fbe22b20198f,io-8080-exec-13,o.s.web.servlet.DispatcherServlet,Completed 200 OK
2026-07-29T15:59:29.396703+00:00,customers-service,customers-service-68987c986f-cpzz4,2026-07-29T15:59:01.339904+00:00,DEBUG,80ee3e8f644bbd10,4753f1ab6f53e4fe,io-8080-exec-10,o.s.web.servlet.DispatcherServlet,"GET ""/owners"", parameters={}"
2026-07-29T15:59:29.396703+00:00,customers-service,customers-service-68987c986f-cpzz4,2026-07-29T15:59:00.587693+00:00,DEBUG,10d6e09a42ac5061,599d4fe8754c75ba,nio-8080-exec-8,o.s.web.servlet.DispatcherServlet,Completed 200 OK
2026-07-29T15:59:29.396703+00:00,customers-service,customers-service-68987c986f-cpzz4,2026-07-29T15:59:00.336570+00:00,DEBUG,10d6e09a42ac5061,e161b4c0fb51351e,nio-8080-exec-8,o.s.web.servlet.DispatcherServlet,"GET ""/owners"", parameters={}"
2026-07-29T15:59:29.396703+00:00,customers-service,customers-service-68987c986f-cpzz4,2026-07-29T15:59:00.086482+00:00,DEBUG,3b9fc33c0f607866,140959d601088e5b,io-8080-exec-14,o.s.web.servlet.DispatcherServlet,Completed 200 OK
2026-07-29T15:59:29.396703+00:00,customers-service,customers-service-68987c986f-cpzz4,2026-07-29T15:59:00.086478+00:00,DEBUG,3b9fc33c0f607866,191af0eaa62e086e,io-8080-exec-14,o.s.web.servlet.DispatcherServlet,"GET ""/owners/1"", parameters={}"
2026-07-29T15:59:29.396703+00:00,customers-service,customers-service-68987c986f-cpzz4,2026-07-29T15:58:59.585207+00:00,DEBUG,0a7e4e00752d3e24,b046f7854c07d5e9,nio-8080-exec-9,o.s.web.servlet.DispatcherServlet,Completed 200 OK
2026-07-29T15:59:29.396703+00:00,customers-service,customers-service-68987c986f-cpzz4,2026-07-29T15:58:59.334067+00:00,DEBUG,0a7e4e00752d3e24,250853cb5e96a1dc,nio-8080-exec-9,o.s.web.servlet.DispatcherServlet,"GET ""/owners/1"", parameters={}"
2026-07-29T15:59:29.396703+00:00,customers-service,customers-service-68987c986f-cpzz4,2026-07-29T15:58:59.334063+00:00,DEBUG,1bb46b52582baf71,c0fe5d425ee459dd,nio-8080-exec-6,o.s.web.servlet.DispatcherServlet,Completed 200 OK
2026-07-29T15:59:29.396703+00:00,customers-service,customers-service-68987c986f-cpzz4,2026-07-29T15:58:59.083015+00:00,DEBUG,1bb46b52582baf71,a0db299642b4da09,nio-8080-exec-6,o.s.web.servlet.DispatcherServlet,"GET ""/owners/1"", parameters={}"
2026-07-29T15:59:29.396703+00:00,customers-service,customers-service-68987c986f-cpzz4,2026-07-29T15:58:58.832932+00:00,DEBUG,c7708dda5ed508cc,ebb85e0c7f186859,nio-8080-exec-3,o.s.web.servlet.DispatcherServlet,Completed 200 OK
2026-07-29T15:59:29.396703+00:00,customers-service,customers-service-68987c986f-cpzz4,2026-07-29T15:58:58.832928+00:00,DEBUG,c7708dda5ed508cc,8873686732710660,nio-8080-exec-3,o.s.web.servlet.DispatcherServlet,"GET ""/owners"", parameters={}"
2026-07-29T15:59:29.396703+00:00,customers-service,customers-service-68987c986f-cpzz4,2026-07-29T15:58:58.331094+00:00,DEBUG,11a0d6e3caa1e82b,f4fd2bcde8c1ee71,nio-8080-exec-7,o.s.web.servlet.DispatcherServlet,Completed 200 OK
2026-07-29T15:59:29.396703+00:00,customers-service,customers-service-68987c986f-cpzz4,2026-07-29T15:58:58.331090+00:00,DEBUG,11a0d6e3caa1e82b,f5d7b081e764cb09,nio-8080-exec-7,o.s.web.servlet.DispatcherServlet,"GET ""/owners"", parameters={}"
2026-07-29T15:59:29.396703+00:00,customers-service,customers-service-68987c986f-cpzz4,2026-07-29T15:58:58.080004+00:00,DEBUG,d1f71164b6b77eed,11c0dc9c968b4854,io-8080-exec-23,o.s.web.servlet.DispatcherServlet,Completed 200 OK
2026-07-29T15:59:29.396703+00:00,customers-service,customers-service-68987c986f-cpzz4,2026-07-29T15:58:57.828863+00:00,DEBUG,bfb3a45f8f9efa5d,d354f31812c4f8ec,io-8080-exec-17,o.s.web.servlet.DispatcherServlet,Completed 200 OK
2026-07-29T15:59:29.396703+00:00,customers-service,customers-service-68987c986f-cpzz4,2026-07-29T15:58:57.828816+00:00,DEBUG,d1f71164b6b77eed,3d2fd1dda49ec507,io-8080-exec-23,o.s.web.servlet.DispatcherServlet,"GET ""/owners/1"", parameters={}"
2026-07-29T15:59:29.396703+00:00,customers-service,customers-service-68987c986f-cpzz4,2026-07-29T15:58:57.828812+00:00,DEBUG,bfb3a45f8f9efa5d,5dc8121f36e53292,io-8080-exec-17,o.s.web.servlet.DispatcherServlet,"GET ""/owners"", parameters={}"
2026-07-29T15:59:29.396703+00:00,customers-service,customers-service-68987c986f-cpzz4,2026-07-29T15:58:57.578671+00:00,DEBUG,d9019a893ddc6827,20c2556fa1236ee7,io-8080-exec-13,o.s.web.servlet.DispatcherServlet,Completed 200 OK
2026-07-29T15:59:29.396703+00:00,customers-service,customers-service-68987c986f-cpzz4,2026-07-29T15:58:57.327822+00:00,DEBUG,d9019a893ddc6827,253dd3a04fa9c7a3,io-8080-exec-13,o.s.web.servlet.DispatcherServlet,"GET ""/owners"", parameters={}"
2026-07-29T15:59:29.396703+00:00,customers-service,customers-service-68987c986f-cpzz4,2026-07-29T15:58:57.327818+00:00,DEBUG,9492ed9b7ed626a2,9fc129ede3ee9b69,io-8080-exec-10,o.s.web.servlet.DispatcherServlet,Completed 200 OK
2026-07-29T15:59:29.396703+00:00,customers-service,customers-service-68987c986f-cpzz4,2026-07-29T15:58:57.077187+00:00,DEBUG,9492ed9b7ed626a2,1d3051553f86b151,io-8080-exec-10,o.s.web.servlet.DispatcherServlet,"GET ""/owners"", parameters={}"
2026-07-29T15:59:29.396703+00:00,customers-service,customers-service-68987c986f-cpzz4,2026-07-29T15:58:56.325385+00:00,DEBUG,ce4624b61d536887,ce4624b61d536887,nio-8080-exec-8,o.s.web.servlet.DispatcherServlet,Completed 200 OK
2026-07-29T15:59:29.396703+00:00,customers-service,customers-service-68987c986f-cpzz4,2026-07-29T15:58:55.824111+00:00,DEBUG,0023241e94903a63,f745729b7d4197b3,io-8080-exec-14,o.s.web.servlet.DispatcherServlet,Completed 200 OK
2026-07-29T15:59:29.396703+00:00,customers-service,customers-service-68987c986f-cpzz4,2026-07-29T15:58:55.572925+00:00,DEBUG,0023241e94903a63,4d0c362720558014,io-8080-exec-14,o.s.web.servlet.DispatcherServlet,"GET ""/owners"", parameters={}"
2026-07-29T15:59:29.396703+00:00,customers-service,customers-service-68987c986f-cpzz4,2026-07-29T15:58:55.572922+00:00,DEBUG,ee6cc6eb5e3b610b,33d9321e24234830,nio-8080-exec-9,o.s.web.servlet.DispatcherServlet,Completed 200 OK
2026-07-29T15:59:29.396703+00:00,customers-service,customers-service-68987c986f-cpzz4,2026-07-29T15:58:55.322658+00:00,DEBUG,ee6cc6eb5e3b610b,d79185b682f225dc,nio-8080-exec-9,o.s.web.servlet.DispatcherServlet,"GET ""/owners/1"", parameters={}"
2026-07-29T15:59:29.396703+00:00,customers-service,customers-service-68987c986f-cpzz4,2026-07-29T15:58:55.071533+00:00,DEBUG,2cd16377c1ffc7d1,ff6c2e3a540aa8df,nio-8080-exec-6,o.s.web.servlet.DispatcherServlet,Completed 200 OK
2026-07-29T15:59:29.396703+00:00,customers-service,customers-service-68987c986f-cpzz4,2026-07-29T15:58:55.071515+00:00,DEBUG,2cd16377c1ffc7d1,c036c594494907de,nio-8080-exec-6,o.s.web.servlet.DispatcherServlet,"GET ""/owners/1"", parameters={}"
2026-07-29T15:59:29.396703+00:00,customers-service,customers-service-68987c986f-cpzz4,2026-07-29T15:58:55.071512+00:00,DEBUG,3ef966a2e32eccc5,a6977706cff9d177,nio-8080-exec-3,o.s.web.servlet.DispatcherServlet,Completed 200 OK
2026-07-29T15:59:29.396703+00:00,customers-service,customers-service-68987c986f-cpzz4,2026-07-29T15:58:54.820686+00:00,DEBUG,3ef966a2e32eccc5,4b4c5aa022b25f26,nio-8080-exec-3,o.s.web.servlet.DispatcherServlet,"GET ""/owners/1"", parameters={}"
2026-07-29T15:59:29.396703+00:00,customers-service,customers-service-68987c986f-cpzz4,2026-07-29T15:58:54.569893+00:00,DEBUG,4042c8b73ea84809,77a28ffdb3f7d7dc,nio-8080-exec-7,o.s.web.servlet.DispatcherServlet,Completed 200 OK
2026-07-29T15:59:29.396703+00:00,customers-service,customers-service-68987c986f-cpzz4,2026-07-29T15:58:54.569869+00:00,DEBUG,4042c8b73ea84809,2ade73d7701ece5d,nio-8080-exec-7,o.s.web.servlet.DispatcherServlet,"GET ""/owners/1"", parameters={}"
2026-07-29T15:59:29.396703+00:00,customers-service,customers-service-68987c986f-cpzz4,2026-07-29T15:58:54.569865+00:00,DEBUG,86752ff98a4d57dc,1479f08a79670fa2,io-8080-exec-23,o.s.web.servlet.DispatcherServlet,Completed 200 OK
2026-07-29T15:59:29.396703+00:00,customers-service,customers-service-68987c986f-cpzz4,2026-07-29T15:58:54.318865+00:00,DEBUG,86752ff98a4d57dc,64c1c2657a761e46,io-8080-exec-23,o.s.web.servlet.DispatcherServlet,"GET ""/owners"", parameters={}"
2026-07-29T15:59:29.396703+00:00,customers-service,customers-service-68987c986f-cpzz4,2026-07-29T15:58:54.067911+00:00,DEBUG,a269aec51e03420e,e9601bd90ee37be7,io-8080-exec-17,o.s.web.servlet.DispatcherServlet,Completed 200 OK
2026-07-29T15:59:29.396703+00:00,customers-service,customers-service-68987c986f-cpzz4,2026-07-29T15:58:53.817398+00:00,DEBUG,a269aec51e03420e,538587aaf975e68e,io-8080-exec-17,o.s.web.servlet.DispatcherServlet,"GET ""/owners"", parameters={}"
2026-07-29T15:59:29.396703+00:00,customers-service,customers-service-68987c986f-cpzz4,2026-07-29T15:58:53.817373+00:00,DEBUG,dbf64a0fb67235b9,29ef40f0d82e0eb3,io-8080-exec-13,o.s.web.servlet.DispatcherServlet,Completed 200 OK
2026-07-29T15:59:29.396703+00:00,customers-service,customers-service-68987c986f-cpzz4,2026-07-29T15:58:53.817369+00:00,DEBUG,dbf64a0fb67235b9,bddf08ec7e49b969,io-8080-exec-13,o.s.web.servlet.DispatcherServlet,"GET ""/owners/1"", parameters={}"
2026-07-29T15:59:29.396703+00:00,customers-service,customers-service-68987c986f-cpzz4,2026-07-29T15:58:53.566153+00:00,DEBUG,523944afcb8e35c3,4ae53218158484fc,io-8080-exec-10,o.s.web.servlet.DispatcherServlet,Completed 200 OK
2026-07-29T15:59:29.396703+00:00,customers-service,customers-service-68987c986f-cpzz4,2026-07-29T15:58:53.315575+00:00,DEBUG,523944afcb8e35c3,b03da31704f97d16,io-8080-exec-10,o.s.web.servlet.DispatcherServlet,"GET ""/owners/1"", parameters={}"
2026-07-29T15:59:29.396703+00:00,customers-service,customers-service-68987c986f-cpzz4,2026-07-29T15:58:53.315571+00:00,DEBUG,9c93647117d4c3d9,c364f9b361ec8a9c,nio-8080-exec-8,o.s.web.servlet.DispatcherServlet,Completed 200 OK
2026-07-29T15:59:29.396703+00:00,customers-service,customers-service-68987c986f-cpzz4,2026-07-29T15:58:53.064910+00:00,DEBUG,9c93647117d4c3d9,940ecedcf1c5ff8d,nio-8080-exec-8,o.s.web.servlet.DispatcherServlet,"GET ""/owners"", parameters={}"
2026-07-29T15:59:29.396703+00:00,customers-service,customers-service-68987c986f-cpzz4,2026-07-29T15:58:52.562516+00:00,DEBUG,73ec51892a10b260,34baaa3f03bd1155,io-8080-exec-14,o.s.web.servlet.DispatcherServlet,Completed 200 OK
2026-07-29T15:59:29.396703+00:00,customers-service,customers-service-68987c986f-cpzz4,2026-07-29T15:58:52.562494+00:00,DEBUG,53dc1ad2004bc272,e5e2f7a4d64eae67,nio-8080-exec-9,o.s.web.servlet.DispatcherServlet,Completed 200 OK
2026-07-29T15:59:29.396703+00:00,customers-service,customers-service-68987c986f-cpzz4,2026-07-29T15:58:52.562475+00:00,DEBUG,73ec51892a10b260,d5c4462c5249013d,io-8080-exec-14,o.s.web.servlet.DispatcherServlet,"GET ""/owners/1"", parameters={}"
2026-07-29T15:59:29.396703+00:00,customers-service,customers-service-68987c986f-cpzz4,2026-07-29T15:58:52.562472+00:00,DEBUG,53dc1ad2004bc272,0192b8bd52491d24,nio-8080-exec-9,o.s.web.servlet.DispatcherServlet,"GET ""/owners"", parameters={}"
2026-07-29T15:59:29.396703+00:00,customers-service,customers-service-68987c986f-cpzz4,2026-07-29T15:58:51.559155+00:00,DEBUG,862e521058b0c37a,f958fe7b858bbf99,nio-8080-exec-6,o.s.web.servlet.DispatcherServlet,Completed 200 OK
2026-07-29T15:59:29.396703+00:00,customers-service,customers-service-68987c986f-cpzz4,2026-07-29T15:58:51.559152+00:00,DEBUG,862e521058b0c37a,21119dfad1726744,nio-8080-exec-6,o.s.web.servlet.DispatcherServlet,"GET ""/owners"", parameters={}"
2026-07-29T15:59:29.396703+00:00,customers-service,customers-service-68987c986f-cpzz4,2026-07-29T15:58:51.308795+00:00,DEBUG,18c7030bbd75a1b3,2c0221e97a0a6e0f,nio-8080-exec-3,o.s.web.servlet.DispatcherServlet,Completed 200 OK
2026-07-29T15:59:29.396703+00:00,customers-service,customers-service-68987c986f-cpzz4,2026-07-29T15:58:51.308793+00:00,DEBUG,18c7030bbd75a1b3,219dd715128d90b6,nio-8080-exec-3,o.s.web.servlet.DispatcherServlet,"GET ""/owners"", parameters={}"
2026-07-29T15:59:29.396703+00:00,customers-service,customers-service-68987c986f-cpzz4,2026-07-29T15:58:51.058089+00:00,DEBUG,e2684b5d3ef7ec29,f5607da529b9f771,nio-8080-exec-7,o.s.web.servlet.DispatcherServlet,Completed 200 OK
2026-07-29T15:59:29.396703+00:00,customers-service,customers-service-68987c986f-cpzz4,2026-07-29T15:58:51.058086+00:00,DEBUG,e2684b5d3ef7ec29,b2f5313a04e1d619,nio-8080-exec-7,o.s.web.servlet.DispatcherServlet,"GET ""/owners"", parameters={}"
2026-07-29T15:59:29.396703+00:00,customers-service,customers-service-68987c986f-cpzz4,2026-07-29T15:58:50.807369+00:00,DEBUG,4910afa5b03420af,e1c7a05f4e508b4f,io-8080-exec-23,o.s.web.servlet.DispatcherServlet,Completed 200 OK
2026-07-29T15:59:29.396703+00:00,customers-service,customers-service-68987c986f-cpzz4,2026-07-29T15:58:50.807364+00:00,DEBUG,4910afa5b03420af,4db0e77f8810ae10,io-8080-exec-23,o.s.web.servlet.DispatcherServlet,"GET ""/owners/1"", parameters={}"
2026-07-29T15:59:29.396703+00:00,customers-service,customers-service-68987c986f-cpzz4,2026-07-29T15:58:50.556811+00:00,DEBUG,547ceaeb5e08e081,a95df7cfedec199f,io-8080-exec-17,o.s.web.servlet.DispatcherServlet,Completed 200 OK
2026-07-29T15:59:29.396703+00:00,customers-service,customers-service-68987c986f-cpzz4,2026-07-29T15:58:50.306623+00:00,DEBUG,547ceaeb5e08e081,8221585e8aebecc5,io-8080-exec-17,o.s.web.servlet.DispatcherServlet,"GET ""/owners"", parameters={}"
2026-07-29T15:59:29.396703+00:00,customers-service,customers-service-68987c986f-cpzz4,2026-07-29T15:58:49.805104+00:00,DEBUG,d13a7ad8042252d8,2e2abf0bba2c534d,io-8080-exec-13,o.s.web.servlet.DispatcherServlet,Completed 200 OK
2026-07-29T15:59:29.396703+00:00,customers-service,customers-service-68987c986f-cpzz4,2026-07-29T15:58:49.805100+00:00,DEBUG,d13a7ad8042252d8,1cd1c81b6c16923d,io-8080-exec-13,o.s.web.servlet.DispatcherServlet,"GET ""/owners"", parameters={}"
2026-07-29T15:59:29.396703+00:00,customers-service,customers-service-68987c986f-cpzz4,2026-07-29T15:58:49.555060+00:00,DEBUG,bb4aa1cf63fed329,2e27ef5d0aa78081,io-8080-exec-10,o.s.web.servlet.DispatcherServlet,Completed 200 OK
2026-07-29T15:59:29.396703+00:00,customers-service,customers-service-68987c986f-cpzz4,2026-07-29T15:58:49.555056+00:00,DEBUG,bb4aa1cf63fed329,a85d3ca3e1f061e3,io-8080-exec-10,o.s.web.servlet.DispatcherServlet,"GET ""/owners/1"", parameters={}"
2026-07-29T15:59:29.396703+00:00,customers-service,customers-service-68987c986f-cpzz4,2026-07-29T15:58:49.303859+00:00,DEBUG,f61977b7d4a78f10,91d7e66f04326e7d,nio-8080-exec-8,o.s.web.servlet.DispatcherServlet,Completed 200 OK
2026-07-29T15:59:29.396703+00:00,customers-service,customers-service-68987c986f-cpzz4,2026-07-29T15:58:49.303854+00:00,DEBUG,f61977b7d4a78f10,1571c75e7ee258ab,nio-8080-exec-8,o.s.web.servlet.DispatcherServlet,"GET ""/owners/1"", parameters={}"
2026-07-29T15:59:29.396703+00:00,customers-service,customers-service-68987c986f-cpzz4,2026-07-29T15:58:49.053677+00:00,DEBUG,215575f54c178e69,213361012d35e076,io-8080-exec-14,o.s.web.servlet.DispatcherServlet,Completed 200 OK
2026-07-29T15:59:29.396703+00:00,customers-service,customers-service-68987c986f-cpzz4,2026-07-29T15:58:49.053673+00:00,DEBUG,215575f54c178e69,0bfddcaa09eeb194,io-8080-exec-14,o.s.web.servlet.DispatcherServlet,"GET ""/owners"", parameters={}"
2026-07-29T15:59:29.396703+00:00,customers-service,customers-service-68987c986f-cpzz4,2026-07-29T15:58:48.551898+00:00,DEBUG,afa337e2f7f501f9,6d5bdef571beb9f7,nio-8080-exec-9,o.s.web.servlet.DispatcherServlet,Completed 200 OK
2026-07-29T15:59:29.396703+00:00,customers-service,customers-service-68987c986f-cpzz4,2026-07-29T15:58:48.551884+00:00,DEBUG,afa337e2f7f501f9,b0b217e2d34d84d3,nio-8080-exec-9,o.s.web.servlet.DispatcherServlet,"GET ""/owners"", parameters={}"
2026-07-29T15:59:29.396703+00:00,customers-service,customers-service-68987c986f-cpzz4,2026-07-29T15:58:48.050106+00:00,DEBUG,2d69d5bab14e022f,822764384286f7e7,nio-8080-exec-6,o.s.web.servlet.DispatcherServlet,Completed 200 OK
2026-07-29T15:59:29.396703+00:00,customers-service,customers-service-68987c986f-cpzz4,2026-07-29T15:58:48.050102+00:00,DEBUG,2d69d5bab14e022f,91e620e1626b5fc9,nio-8080-exec-6,o.s.web.servlet.DispatcherServlet,"GET ""/owners"", parameters={}"
2026-07-29T15:59:29.396703+00:00,customers-service,customers-service-68987c986f-cpzz4,2026-07-29T15:58:47.548360+00:00,DEBUG,9b5c8a942cf1dfce,080e59ee0368ce82,nio-8080-exec-3,o.s.web.servlet.DispatcherServlet,Completed 200 OK
2026-07-29T15:59:29.396703+00:00,customers-service,customers-service-68987c986f-cpzz4,2026-07-29T15:58:47.548356+00:00,DEBUG,9b5c8a942cf1dfce,7cd2735cb2f81a59,nio-8080-exec-3,o.s.web.servlet.DispatcherServlet,"GET ""/owners/1"", parameters={}"
2026-07-29T15:59:29.396703+00:00,customers-service,customers-service-68987c986f-cpzz4,2026-07-29T15:58:46.795886+00:00,DEBUG,16068e66ad70517c,2ac88b9a6394893c,nio-8080-exec-7,o.s.web.servlet.DispatcherServlet,Completed 200 OK
2026-07-29T15:59:29.396703+00:00,customers-service,customers-service-68987c986f-cpzz4,2026-07-29T15:58:46.795867+00:00,DEBUG,78cb613138b32e84,78cb613138b32e84,io-8080-exec-23,o.s.web.servlet.DispatcherServlet,Completed 200 OK
2026-07-29T15:59:29.396703+00:00,customers-service,customers-service-68987c986f-cpzz4,2026-07-29T15:58:46.795809+00:00,DEBUG,ab699fa6e49acbd8,1336e60f10c63ba5,io-8080-exec-17,o.s.web.servlet.DispatcherServlet,Completed 200 OK
2026-07-29T15:59:29.396703+00:00,customers-service,customers-service-68987c986f-cpzz4,2026-07-29T15:58:46.795805+00:00,DEBUG,16068e66ad70517c,26a9bbf778c03ae8,nio-8080-exec-7,o.s.web.servlet.DispatcherServlet,"GET ""/owners/1"", parameters={}"
2026-07-29T15:59:29.396703+00:00,customers-service,customers-service-68987c986f-cpzz4,2026-07-29T15:58:46.544763+00:00,DEBUG,ab699fa6e49acbd8,ed7de8c71175d3d4,io-8080-exec-17,o.s.web.servlet.DispatcherServlet,"GET ""/owners"", parameters={}"
2026-07-29T15:59:29.396703+00:00,customers-service,customers-service-68987c986f-cpzz4,2026-07-29T15:58:46.294476+00:00,DEBUG,d755fe6e5a8ac4f6,d755fe6e5a8ac4f6,io-8080-exec-13,o.s.web.servlet.DispatcherServlet,Completed 200 OK
2026-07-29T15:59:29.396703+00:00,customers-service,customers-service-68987c986f-cpzz4,2026-07-29T15:58:44.790266+00:00,DEBUG,9780d70dacdc49e2,8fb51487a7e2e11a,io-8080-exec-10,o.s.web.servlet.DispatcherServlet,Completed 200 OK
2026-07-29T15:59:29.396703+00:00,customers-service,customers-service-68987c986f-cpzz4,2026-07-29T15:58:44.539499+00:00,DEBUG,35ab7afba0242109,2f13b5af2b4f9ac2,nio-8080-exec-8,o.s.web.servlet.DispatcherServlet,Completed 200 OK
2026-07-29T15:59:29.396703+00:00,customers-service,customers-service-68987c986f-cpzz4,2026-07-29T15:58:44.539474+00:00,DEBUG,9780d70dacdc49e2,53f56c9c0dd772dc,io-8080-exec-10,o.s.web.servlet.DispatcherServlet,"GET ""/owners"", parameters={}"
2026-07-29T15:59:29.396703+00:00,customers-service,customers-service-68987c986f-cpzz4,2026-07-29T15:58:44.539471+00:00,DEBUG,35ab7afba0242109,60b4482ca879422a,nio-8080-exec-8,o.s.web.servlet.DispatcherServlet,"GET ""/owners"", parameters={}"
2026-07-29T15:59:29.396703+00:00,customers-service,customers-service-68987c986f-cpzz4,2026-07-29T15:58:44.038869+00:00,DEBUG,d820fbc790594a16,1a77572b99509018,io-8080-exec-14,o.s.web.servlet.DispatcherServlet,Completed 200 OK
2026-07-29T15:59:29.396703+00:00,customers-service,customers-service-68987c986f-cpzz4,2026-07-29T15:58:44.038844+00:00,DEBUG,bceb8f3549723809,a11b5617eac727aa,nio-8080-exec-9,o.s.web.servlet.DispatcherServlet,Completed 200 OK
2026-07-29T15:59:29.396703+00:00,customers-service,customers-service-68987c986f-cpzz4,2026-07-29T15:58:44.038840+00:00,DEBUG,d820fbc790594a16,6bb379c64b35b472,io-8080-exec-14,o.s.web.servlet.DispatcherServlet,"GET ""/owners/1"", parameters={}"
2026-07-29T15:59:29.396703+00:00,customers-service,customers-service-68987c986f-cpzz4,2026-07-29T15:58:43.787679+00:00,DEBUG,bceb8f3549723809,20172842655d764e,nio-8080-exec-9,o.s.web.servlet.DispatcherServlet,"GET ""/owners"", parameters={}"
2026-07-29T15:59:29.396703+00:00,customers-service,customers-service-68987c986f-cpzz4,2026-07-29T15:58:43.536164+00:00,DEBUG,76c737cdf5f02062,83ec9b1b514c5787,nio-8080-exec-6,o.s.web.servlet.DispatcherServlet,Completed 200 OK
2026-07-29T15:59:29.396703+00:00,customers-service,customers-service-68987c986f-cpzz4,2026-07-29T15:58:43.285146+00:00,DEBUG,7cd1cc334598d0b0,18bd000a5c54489d,nio-8080-exec-3,o.s.web.servlet.DispatcherServlet,Completed 200 OK
2026-07-29T15:59:29.396703+00:00,customers-service,customers-service-68987c986f-cpzz4,2026-07-29T15:58:43.285142+00:00,DEBUG,76c737cdf5f02062,cac3458e356d9dad,nio-8080-exec-6,o.s.web.servlet.DispatcherServlet,"GET ""/owners"", parameters={}"
2026-07-29T15:59:29.396703+00:00,customers-service,customers-service-68987c986f-cpzz4,2026-07-29T15:58:43.034295+00:00,DEBUG,7cd1cc334598d0b0,a039ce1cc7135bce,nio-8080-exec-3,o.s.web.servlet.DispatcherServlet,"GET ""/owners"", parameters={}"
2026-07-29T15:59:29.396703+00:00,customers-service,customers-service-68987c986f-cpzz4,2026-07-29T15:58:42.532524+00:00,DEBUG,5b073576db405316,083421644fbd33d6,io-8080-exec-23,o.s.web.servlet.DispatcherServlet,Completed 200 OK
2026-07-29T15:59:29.396703+00:00,customers-service,customers-service-68987c986f-cpzz4,2026-07-29T15:58:42.281340+00:00,DEBUG,5b073576db405316,d109419a873b5289,io-8080-exec-23,o.s.web.servlet.DispatcherServlet,"GET ""/owners"", parameters={}"
2026-07-29T15:59:29.396703+00:00,customers-service,customers-service-68987c986f-cpzz4,2026-07-29T15:58:41.779042+00:00,DEBUG,35c5c9946a8f8e0a,bfcd4e56d91eb0d6,nio-8080-exec-7,o.s.web.servlet.DispatcherServlet,Completed 200 OK
2026-07-29T15:59:29.396703+00:00,customers-service,customers-service-68987c986f-cpzz4,2026-07-29T15:58:41.528171+00:00,DEBUG,35c5c9946a8f8e0a,ef664030f6be54eb,nio-8080-exec-7,o.s.web.servlet.DispatcherServlet,"GET ""/owners"", parameters={}"
2026-07-29T15:59:29.396703+00:00,customers-service,customers-service-68987c986f-cpzz4,2026-07-29T15:58:41.277637+00:00,DEBUG,9e01b7dd212e6af6,9e01b7dd212e6af6,io-8080-exec-17,o.s.web.servlet.DispatcherServlet,Completed 200 OK
2026-07-29T15:59:29.396703+00:00,customers-service,customers-service-68987c986f-cpzz4,2026-07-29T15:58:41.277607+00:00,DEBUG,35e5c9a4eacaf377,ef0174bcef8dc65c,io-8080-exec-13,o.s.web.servlet.DispatcherServlet,Completed 200 OK
2026-07-29T15:59:29.396703+00:00,customers-service,customers-service-68987c986f-cpzz4,2026-07-29T15:58:41.026651+00:00,DEBUG,35e5c9a4eacaf377,2fb7b476db22b998,io-8080-exec-13,o.s.web.servlet.DispatcherServlet,"GET ""/owners/1"", parameters={}"
2026-07-29T15:59:29.396703+00:00,customers-service,customers-service-68987c986f-cpzz4,2026-07-29T15:58:40.775689+00:00,DEBUG,a840f38e3821db0c,6ef561f507bd748a,io-8080-exec-10,o.s.web.servlet.DispatcherServlet,Completed 200 OK
2026-07-29T15:59:29.396703+00:00,customers-service,customers-service-68987c986f-cpzz4,2026-07-29T15:58:40.775685+00:00,DEBUG,a840f38e3821db0c,06f5683827375c35,io-8080-exec-10,o.s.web.servlet.DispatcherServlet,"GET ""/owners/1"", parameters={}"
2026-07-29T15:59:29.396703+00:00,customers-service,customers-service-68987c986f-cpzz4,2026-07-29T15:58:38.771147+00:00,DEBUG,d6d89f18d72d9c22,9fe36b0e74e2a827,nio-8080-exec-8,o.s.web.servlet.DispatcherServlet,Completed 200 OK
2026-07-29T15:59:29.396703+00:00,customers-service,customers-service-68987c986f-cpzz4,2026-07-29T15:58:38.771122+00:00,DEBUG,d6d89f18d72d9c22,7339092fc52c5198,nio-8080-exec-8,o.s.web.servlet.DispatcherServlet,"GET ""/owners/1"", parameters={}"
2026-07-29T15:59:29.396703+00:00,customers-service,customers-service-68987c986f-cpzz4,2026-07-29T15:58:38.771118+00:00,DEBUG,85b8d56b0e7d35ca,959313f93685d3dd,io-8080-exec-14,o.s.web.servlet.DispatcherServlet,Completed 200 OK
2026-07-29T15:59:29.396703+00:00,customers-service,customers-service-68987c986f-cpzz4,2026-07-29T15:58:38.520179+00:00,DEBUG,85b8d56b0e7d35ca,3c7083c98afff3e5,io-8080-exec-14,o.s.web.servlet.DispatcherServlet,"GET ""/owners/1"", parameters={}"
2026-07-29T15:59:29.396703+00:00,customers-service,customers-service-68987c986f-cpzz4,2026-07-29T15:58:38.019222+00:00,DEBUG,fcb515d23b00593e,8c93cda302cd909e,nio-8080-exec-9,o.s.web.servlet.DispatcherServlet,Completed 200 OK
2026-07-29T15:59:29.396703+00:00,customers-service,customers-service-68987c986f-cpzz4,2026-07-29T15:58:37.768455+00:00,DEBUG,70984e78ec559e0a,7172cff2e7da9d4b,nio-8080-exec-6,o.s.web.servlet.DispatcherServlet,Completed 200 OK
2026-07-29T15:59:29.396703+00:00,customers-service,customers-service-68987c986f-cpzz4,2026-07-29T15:58:37.516924+00:00,DEBUG,fcb515d23b00593e,b36a37c4687505c8,nio-8080-exec-9,o.s.web.servlet.DispatcherServlet,"GET ""/owners/1"", parameters={}"
2026-07-29T15:59:29.396703+00:00,customers-service,customers-service-68987c986f-cpzz4,2026-07-29T15:58:37.266219+00:00,DEBUG,70984e78ec559e0a,566c63f16fbd5e74,nio-8080-exec-6,o.s.web.servlet.DispatcherServlet,"GET ""/owners/1"", parameters={}"
2026-07-29T15:59:29.396703+00:00,customers-service,customers-service-68987c986f-cpzz4,2026-07-29T15:58:37.266215+00:00,DEBUG,876e9057d5de0cbc,0ed803a787ea5493,nio-8080-exec-3,o.s.web.servlet.DispatcherServlet,Completed 200 OK
2026-07-29T15:59:29.396703+00:00,customers-service,customers-service-68987c986f-cpzz4,2026-07-29T15:58:37.015341+00:00,DEBUG,876e9057d5de0cbc,862f5401dd33db05,nio-8080-exec-3,o.s.web.servlet.DispatcherServlet,"GET ""/owners/1"", parameters={}"
2026-07-29T15:59:29.396703+00:00,customers-service,customers-service-68987c986f-cpzz4,2026-07-29T15:58:36.513595+00:00,DEBUG,321e7bbdcdb3f29e,5d2cd565cc1354b8,io-8080-exec-23,o.s.web.servlet.DispatcherServlet,Completed 200 OK
2026-07-29T15:59:29.396703+00:00,customers-service,customers-service-68987c986f-cpzz4,2026-07-29T15:58:36.262858+00:00,DEBUG,321e7bbdcdb3f29e,bc9554273b308c5a,io-8080-exec-23,o.s.web.servlet.DispatcherServlet,"GET ""/owners/1"", parameters={}"
2026-07-29T15:59:29.396703+00:00,customers-service,customers-service-68987c986f-cpzz4,2026-07-29T15:58:36.012388+00:00,DEBUG,b8bf8add12a3352f,c1985e8874740e3d,nio-8080-exec-7,o.s.web.servlet.DispatcherServlet,Completed 200 OK
2026-07-29T15:59:29.396703+00:00,customers-service,customers-service-68987c986f-cpzz4,2026-07-29T15:58:35.260537+00:00,DEBUG,b8bf8add12a3352f,a100d2690c78e2d0,nio-8080-exec-7,o.s.web.servlet.DispatcherServlet,"GET ""/owners"", parameters={}"
2026-07-29T15:59:29.396703+00:00,customers-service,customers-service-68987c986f-cpzz4,2026-07-29T15:58:35.260535+00:00,DEBUG,103456bc94814222,f95ab569f68e6411,io-8080-exec-17,o.s.web.servlet.DispatcherServlet,Completed 200 OK
2026-07-29T15:59:29.396703+00:00,customers-service,customers-service-68987c986f-cpzz4,2026-07-29T15:58:34.759274+00:00,DEBUG,103456bc94814222,0fee66189bb9d4e2,io-8080-exec-17,o.s.web.servlet.DispatcherServlet,"GET ""/owners/1"", parameters={}"
2026-07-29T15:59:29.396703+00:00,customers-service,customers-service-68987c986f-cpzz4,2026-07-29T15:58:34.007467+00:00,DEBUG,6a6da162f63f88b9,f08e24537f743a6e,io-8080-exec-13,o.s.web.servlet.DispatcherServlet,Completed 200 OK
2026-07-29T15:59:29.396703+00:00,customers-service,customers-service-68987c986f-cpzz4,2026-07-29T15:58:33.505397+00:00,DEBUG,6a6da162f63f88b9,63032e54fc1c90c8,io-8080-exec-13,o.s.web.servlet.DispatcherServlet,"GET ""/owners/1"", parameters={}"
2026-07-29T15:59:29.396703+00:00,customers-service,customers-service-68987c986f-cpzz4,2026-07-29T15:58:33.255248+00:00,DEBUG,11a7206fabc5becb,44ecec35d46d17ad,io-8080-exec-10,o.s.web.servlet.DispatcherServlet,Completed 200 OK
2026-07-29T15:59:29.396703+00:00,customers-service,customers-service-68987c986f-cpzz4,2026-07-29T15:58:33.255245+00:00,DEBUG,11a7206fabc5becb,fa878d901f49b032,io-8080-exec-10,o.s.web.servlet.DispatcherServlet,"GET ""/owners/1"", parameters={}"
2026-07-29T15:59:29.396703+00:00,customers-service,customers-service-68987c986f-cpzz4,2026-07-29T15:58:33.004644+00:00,DEBUG,769b58892abe5ee1,2b2e8d1c732196dc,nio-8080-exec-8,o.s.web.servlet.DispatcherServlet,Completed 200 OK
2026-07-29T15:59:29.396703+00:00,customers-service,customers-service-68987c986f-cpzz4,2026-07-29T15:58:33.004511+00:00,DEBUG,769b58892abe5ee1,03895718969d2fc0,nio-8080-exec-8,o.s.web.servlet.DispatcherServlet,"GET ""/owners/1"", parameters={}"
2026-07-29T15:59:29.396703+00:00,customers-service,customers-service-68987c986f-cpzz4,2026-07-29T15:58:31.499944+00:00,DEBUG,95840a045df804b5,95840a045df804b5,io-8080-exec-14,o.s.web.servlet.DispatcherServlet,Completed 200 OK
2026-07-29T15:59:29.396703+00:00,customers-service,customers-service-68987c986f-cpzz4,2026-07-29T15:58:29.244580+00:00,DEBUG,8a874c4e46e68446,a84b0438843856ca,nio-8080-exec-9,o.s.web.servlet.DispatcherServlet,Completed 200 OK
2026-07-29T15:59:29.396703+00:00,customers-service,customers-service-68987c986f-cpzz4,2026-07-29T15:58:29.244575+00:00,DEBUG,8a874c4e46e68446,6663627a686190c0,nio-8080-exec-9,o.s.web.servlet.DispatcherServlet,"GET ""/owners"", parameters={}"
2026-07-29T15:59:29.396703+00:00,customers-service,customers-service-68987c986f-cpzz4,2026-07-29T15:58:26.738352+00:00,DEBUG,b87bbfb307e0520c,b87bbfb307e0520c,io-8080-exec-23,o.s.web.servlet.DispatcherServlet,Completed 200 OK
2026-07-29T15:59:29.396703+00:00,customers-service,customers-service-68987c986f-cpzz4,2026-07-29T15:58:26.237980+00:00,DEBUG,a255ac1e3d138ac3,a255ac1e3d138ac3,nio-8080-exec-7,o.s.web.servlet.DispatcherServlet,Completed 200 OK
2026-07-29T15:59:29.396703+00:00,customers-service,customers-service-68987c986f-ctsnj,2026-07-29T15:59:28.224169+00:00,DEBUG,aafd538fd0040cd5,429e8967f8d4dcbf,nio-8080-exec-9,o.s.web.servlet.DispatcherServlet,Completed 200 OK
2026-07-29T15:59:29.396703+00:00,customers-service,customers-service-68987c986f-ctsnj,2026-07-29T15:59:28.224108+00:00,DEBUG,351a536058bdc76f,7fc7dd6fcd051c59,io-8080-exec-25,o.s.web.servlet.DispatcherServlet,Completed 200 OK
2026-07-29T15:59:29.396703+00:00,customers-service,customers-service-68987c986f-ctsnj,2026-07-29T15:59:28.224100+00:00,DEBUG,aafd538fd0040cd5,0b1ddbb3a3f61448,nio-8080-exec-9,o.s.web.servlet.DispatcherServlet,"GET ""/owners/1"", parameters={}"
2026-07-29T15:59:29.396703+00:00,customers-service,customers-service-68987c986f-ctsnj,2026-07-29T15:59:27.973487+00:00,DEBUG,351a536058bdc76f,392bd89b5f215f53,io-8080-exec-25,o.s.web.servlet.DispatcherServlet,"GET ""/owners"", parameters={}"
2026-07-29T15:59:29.396703+00:00,customers-service,customers-service-68987c986f-ctsnj,2026-07-29T15:59:27.973481+00:00,DEBUG,a85453465dc9fbc1,fed5da9f208c05b0,io-8080-exec-13,o.s.web.servlet.DispatcherServlet,Completed 200 OK
2026-07-29T15:59:29.396703+00:00,customers-service,customers-service-68987c986f-ctsnj,2026-07-29T15:59:27.221379+00:00,DEBUG,a85453465dc9fbc1,cdd1ca363916fa50,io-8080-exec-13,o.s.web.servlet.DispatcherServlet,"GET ""/owners"", parameters={}"
2026-07-29T15:59:29.396703+00:00,customers-service,customers-service-68987c986f-ctsnj,2026-07-29T15:59:26.970152+00:00,DEBUG,041fbdf4b2d9fa64,6028019bd6703488,nio-8080-exec-5,o.s.web.servlet.DispatcherServlet,Completed 200 OK
2026-07-29T15:59:29.396703+00:00,customers-service,customers-service-68987c986f-ctsnj,2026-07-29T15:59:26.469091+00:00,DEBUG,041fbdf4b2d9fa64,a5c181c6060dc3e2,nio-8080-exec-5,o.s.web.servlet.DispatcherServlet,"GET ""/owners/1"", parameters={}"
2026-07-29T15:59:29.396703+00:00,customers-service,customers-service-68987c986f-ctsnj,2026-07-29T15:59:25.966672+00:00,DEBUG,ef5c9ed2978b50db,ef5c9ed2978b50db,io-8080-exec-10,o.s.web.servlet.DispatcherServlet,Completed 200 OK
2026-07-29T15:59:29.396703+00:00,customers-service,customers-service-68987c986f-ctsnj,2026-07-29T15:59:25.464635+00:00,DEBUG,f8b8f25fd06870bc,dc560579fe666e23,io-8080-exec-18,o.s.web.servlet.DispatcherServlet,Completed 200 OK
2026-07-29T15:59:29.396703+00:00,customers-service,customers-service-68987c986f-ctsnj,2026-07-29T15:59:25.213574+00:00,DEBUG,b3a23c0e86180a9b,685f8ad63e51d32f,io-8080-exec-20,o.s.web.servlet.DispatcherServlet,Completed 200 OK
2026-07-29T15:59:29.396703+00:00,customers-service,customers-service-68987c986f-ctsnj,2026-07-29T15:59:25.213571+00:00,DEBUG,f8b8f25fd06870bc,842cb585def68fc0,io-8080-exec-18,o.s.web.servlet.DispatcherServlet,"GET ""/owners/1"", parameters={}"
2026-07-29T15:59:29.396703+00:00,customers-service,customers-service-68987c986f-ctsnj,2026-07-29T15:59:24.962688+00:00,DEBUG,2d61b7269655bb32,87115f8cb502ea91,io-8080-exec-32,o.s.web.servlet.DispatcherServlet,Completed 200 OK
2026-07-29T15:59:29.396703+00:00,customers-service,customers-service-68987c986f-ctsnj,2026-07-29T15:59:24.712421+00:00,DEBUG,2d61b7269655bb32,7ca2e47b67904472,io-8080-exec-32,o.s.web.servlet.DispatcherServlet,"GET ""/owners/1"", parameters={}"
2026-07-29T15:59:29.396703+00:00,customers-service,customers-service-68987c986f-ctsnj,2026-07-29T15:59:24.462078+00:00,DEBUG,b3a23c0e86180a9b,e808727cc6b09a17,io-8080-exec-20,o.s.web.servlet.DispatcherServlet,"GET ""/owners"", parameters={}"
2026-07-29T15:59:29.396703+00:00,customers-service,customers-service-68987c986f-ctsnj,2026-07-29T15:59:23.960633+00:00,DEBUG,4a562da99aecfe1f,59ac5905b02111a5,nio-8080-exec-2,o.s.web.servlet.DispatcherServlet,Completed 200 OK
2026-07-29T15:59:29.396703+00:00,customers-service,customers-service-68987c986f-ctsnj,2026-07-29T15:59:23.459409+00:00,DEBUG,4a562da99aecfe1f,1ad098510dbc2f85,nio-8080-exec-2,o.s.web.servlet.DispatcherServlet,"GET ""/owners/1"", parameters={}"
2026-07-29T15:59:29.396703+00:00,customers-service,customers-service-68987c986f-ctsnj,2026-07-29T15:59:21.953355+00:00,DEBUG,e776a60d71a54bc1,e776a60d71a54bc1,nio-8080-exec-3,o.s.web.servlet.DispatcherServlet,Completed 200 OK
2026-07-29T15:59:29.396703+00:00,customers-service,customers-service-68987c986f-ctsnj,2026-07-29T15:59:21.953259+00:00,DEBUG,32c3aba9fc4a7569,c4d78373d6262cc2,io-8080-exec-17,o.s.web.servlet.DispatcherServlet,Completed 200 OK
2026-07-29T15:59:29.396703+00:00,customers-service,customers-service-68987c986f-ctsnj,2026-07-29T15:59:21.953253+00:00,DEBUG,32c3aba9fc4a7569,189fd99dfcb070f2,io-8080-exec-17,o.s.web.servlet.DispatcherServlet,"GET ""/owners/1"", parameters={}"
2026-07-29T15:59:29.396703+00:00,customers-service,customers-service-68987c986f-ctsnj,2026-07-29T15:59:21.201806+00:00,DEBUG,ace910c9c7a0bb3a,6eb3fd32c8a5f581,nio-8080-exec-9,o.s.web.servlet.DispatcherServlet,Completed 200 OK
2026-07-29T15:59:29.396703+00:00,customers-service,customers-service-68987c986f-ctsnj,2026-07-29T15:59:21.201726+00:00,DEBUG,ace910c9c7a0bb3a,a55fb43668075282,nio-8080-exec-9,o.s.web.servlet.DispatcherServlet,"GET ""/owners"", parameters={}"
2026-07-29T15:59:29.396703+00:00,customers-service,customers-service-68987c986f-ctsnj,2026-07-29T15:59:20.699892+00:00,DEBUG,c9eeb130e13ea1e0,c9eeb130e13ea1e0,io-8080-exec-25,o.s.web.servlet.DispatcherServlet,Completed 200 OK
2026-07-29T15:59:29.396703+00:00,customers-service,customers-service-68987c986f-ctsnj,2026-07-29T15:59:20.198379+00:00,DEBUG,1bd60d1684f73eb9,7725c5ef36fc0e26,io-8080-exec-13,o.s.web.servlet.DispatcherServlet,Completed 200 OK
2026-07-29T15:59:29.396703+00:00,customers-service,customers-service-68987c986f-ctsnj,2026-07-29T15:59:19.947529+00:00,DEBUG,1bd60d1684f73eb9,c6315211e3bf88cb,io-8080-exec-13,o.s.web.servlet.DispatcherServlet,"GET ""/owners"", parameters={}"
2026-07-29T15:59:29.396703+00:00,customers-service,customers-service-68987c986f-ctsnj,2026-07-29T15:59:18.944020+00:00,DEBUG,d67f2288d51a2ad7,f5e5ab41ba609119,nio-8080-exec-5,o.s.web.servlet.DispatcherServlet,Completed 200 OK
2026-07-29T15:59:29.396703+00:00,customers-service,customers-service-68987c986f-ctsnj,2026-07-29T15:59:18.944015+00:00,DEBUG,d67f2288d51a2ad7,0ee0b855ca0dd292,nio-8080-exec-5,o.s.web.servlet.DispatcherServlet,"GET ""/owners"", parameters={}"
2026-07-29T15:59:29.396703+00:00,customers-service,customers-service-68987c986f-ctsnj,2026-07-29T15:59:18.191826+00:00,DEBUG,b749a9df5ea7be07,b162780c38ccb31d,io-8080-exec-10,o.s.web.servlet.DispatcherServlet,Completed 200 OK
2026-07-29T15:59:29.396703+00:00,customers-service,customers-service-68987c986f-ctsnj,2026-07-29T15:59:17.940580+00:00,DEBUG,b749a9df5ea7be07,a90a2cd6fc28e04c,io-8080-exec-10,o.s.web.servlet.DispatcherServlet,"GET ""/owners"", parameters={}"
2026-07-29T15:59:29.396703+00:00,customers-service,customers-service-68987c986f-ctsnj,2026-07-29T15:59:17.187915+00:00,DEBUG,5e957bdccc1b2dd2,30bdec18a58cfef3,io-8080-exec-18,o.s.web.servlet.DispatcherServlet,Completed 200 OK
2026-07-29T15:59:29.396703+00:00,customers-service,customers-service-68987c986f-ctsnj,2026-07-29T15:59:17.187910+00:00,DEBUG,5e957bdccc1b2dd2,c062046ab5793031,io-8080-exec-18,o.s.web.servlet.DispatcherServlet,"GET ""/owners"", parameters={}"
2026-07-29T15:59:29.396703+00:00,customers-service,customers-service-68987c986f-ctsnj,2026-07-29T15:59:14.930638+00:00,DEBUG,4fe56bd3430ae021,e1d30878dba0b478,io-8080-exec-32,o.s.web.servlet.DispatcherServlet,Completed 200 OK
2026-07-29T15:59:29.396703+00:00,customers-service,customers-service-68987c986f-ctsnj,2026-07-29T15:59:14.679578+00:00,DEBUG,4fe56bd3430ae021,701f793f8641cca9,io-8080-exec-32,o.s.web.servlet.DispatcherServlet,"GET ""/owners"", parameters={}"
2026-07-29T15:59:29.396703+00:00,customers-service,customers-service-68987c986f-ctsnj,2026-07-29T15:59:13.424976+00:00,DEBUG,9f0b7b56f4c28be8,2787c33bbef3ee21,io-8080-exec-20,o.s.web.servlet.DispatcherServlet,Completed 200 OK
2026-07-29T15:59:29.396703+00:00,customers-service,customers-service-68987c986f-ctsnj,2026-07-29T15:59:13.424967+00:00,DEBUG,9f0b7b56f4c28be8,9751d057a5651172,io-8080-exec-20,o.s.web.servlet.DispatcherServlet,"GET ""/owners/1"", parameters={}"
2026-07-29T15:59:29.396703+00:00,customers-service,customers-service-68987c986f-ctsnj,2026-07-29T15:59:13.174382+00:00,DEBUG,deeb8b40b4f203d6,a51b258c0dc55706,nio-8080-exec-2,o.s.web.servlet.DispatcherServlet,Completed 200 OK
2026-07-29T15:59:29.396703+00:00,customers-service,customers-service-68987c986f-ctsnj,2026-07-29T15:59:12.422153+00:00,DEBUG,deeb8b40b4f203d6,351e14e09c18071e,nio-8080-exec-2,o.s.web.servlet.DispatcherServlet,"GET ""/owners"", parameters={}"
2026-07-29T15:59:29.396703+00:00,customers-service,customers-service-68987c986f-ctsnj,2026-07-29T15:59:11.920563+00:00,DEBUG,0d77076c0a8ef1c6,1ce10ee81fe875aa,nio-8080-exec-3,o.s.web.servlet.DispatcherServlet,Completed 200 OK
2026-07-29T15:59:29.396703+00:00,customers-service,customers-service-68987c986f-ctsnj,2026-07-29T15:59:11.670315+00:00,DEBUG,0d77076c0a8ef1c6,79979782f53c8063,nio-8080-exec-3,o.s.web.servlet.DispatcherServlet,"GET ""/owners/1"", parameters={}"
2026-07-29T15:59:29.396703+00:00,customers-service,customers-service-68987c986f-ctsnj,2026-07-29T15:59:11.168383+00:00,DEBUG,9dfa9f4cf13e02ad,9a1b830086f67b0d,io-8080-exec-17,o.s.web.servlet.DispatcherServlet,Completed 200 OK
2026-07-29T15:59:29.396703+00:00,customers-service,customers-service-68987c986f-ctsnj,2026-07-29T15:59:10.918400+00:00,DEBUG,f01f1085d1dbe15b,f01f1085d1dbe15b,nio-8080-exec-9,o.s.web.servlet.DispatcherServlet,Completed 200 OK
2026-07-29T15:59:29.396703+00:00,customers-service,customers-service-68987c986f-ctsnj,2026-07-29T15:59:10.416161+00:00,DEBUG,9dfa9f4cf13e02ad,e23bd57b39186e30,io-8080-exec-17,o.s.web.servlet.DispatcherServlet,"GET ""/owners"", parameters={}"
2026-07-29T15:59:29.396703+00:00,customers-service,customers-service-68987c986f-ctsnj,2026-07-29T15:59:09.663356+00:00,DEBUG,4e1dc275ab230416,149bd1e8d7e81c85,io-8080-exec-25,o.s.web.servlet.DispatcherServlet,Completed 200 OK
2026-07-29T15:59:29.396703+00:00,customers-service,customers-service-68987c986f-ctsnj,2026-07-29T15:59:08.911283+00:00,DEBUG,4e1dc275ab230416,235352ecb611c794,io-8080-exec-25,o.s.web.servlet.DispatcherServlet,"GET ""/owners"", parameters={}"
2026-07-29T15:59:29.396703+00:00,customers-service,customers-service-68987c986f-ctsnj,2026-07-29T15:59:07.407413+00:00,DEBUG,96707e6a9fe2c4b3,1e63a0a3e63e4471,io-8080-exec-13,o.s.web.servlet.DispatcherServlet,Completed 200 OK
2026-07-29T15:59:29.396703+00:00,customers-service,customers-service-68987c986f-ctsnj,2026-07-29T15:59:07.156343+00:00,DEBUG,96707e6a9fe2c4b3,14bc1dbac1947ac6,io-8080-exec-13,o.s.web.servlet.DispatcherServlet,"GET ""/owners"", parameters={}"
2026-07-29T15:59:29.396703+00:00,customers-service,customers-service-68987c986f-ctsnj,2026-07-29T15:59:06.654532+00:00,DEBUG,080399155481e3e3,c3a5851b0103a507,nio-8080-exec-5,o.s.web.servlet.DispatcherServlet,Completed 200 OK
2026-07-29T15:59:29.396703+00:00,customers-service,customers-service-68987c986f-ctsnj,2026-07-29T15:59:06.403344+00:00,DEBUG,080399155481e3e3,ade6ba39254250d0,nio-8080-exec-5,o.s.web.servlet.DispatcherServlet,"GET ""/owners"", parameters={}"
2026-07-29T15:59:29.396703+00:00,customers-service,customers-service-68987c986f-ctsnj,2026-07-29T15:59:05.902933+00:00,DEBUG,0cc197a2bfdad90b,0cc197a2bfdad90b,io-8080-exec-10,o.s.web.servlet.DispatcherServlet,Completed 200 OK
2026-07-29T15:59:29.396703+00:00,customers-service,customers-service-68987c986f-ctsnj,2026-07-29T15:59:05.151072+00:00,DEBUG,e98f72b75deda300,df0dfd8cdc755306,io-8080-exec-18,o.s.web.servlet.DispatcherServlet,Completed 200 OK
2026-07-29T15:59:29.396703+00:00,customers-service,customers-service-68987c986f-ctsnj,2026-07-29T15:59:05.151066+00:00,DEBUG,e98f72b75deda300,44214362c3816c65,io-8080-exec-18,o.s.web.servlet.DispatcherServlet,"GET ""/owners"", parameters={}"
2026-07-29T15:59:29.396703+00:00,customers-service,customers-service-68987c986f-ctsnj,2026-07-29T15:59:04.148581+00:00,DEBUG,fdaac5a0f149f87e,10526755e408d52f,io-8080-exec-32,o.s.web.servlet.DispatcherServlet,Completed 200 OK
2026-07-29T15:59:29.396703+00:00,customers-service,customers-service-68987c986f-ctsnj,2026-07-29T15:59:04.148577+00:00,DEBUG,fdaac5a0f149f87e,da30a634d823879c,io-8080-exec-32,o.s.web.servlet.DispatcherServlet,"GET ""/owners"", parameters={}"
2026-07-29T15:59:29.396703+00:00,customers-service,customers-service-68987c986f-ctsnj,2026-07-29T15:59:03.146937+00:00,DEBUG,46f5fdd02505da83,afee2c9ded1cd846,io-8080-exec-20,o.s.web.servlet.DispatcherServlet,Completed 200 OK
2026-07-29T15:59:29.396703+00:00,customers-service,customers-service-68987c986f-ctsnj,2026-07-29T15:59:02.895770+00:00,DEBUG,46f5fdd02505da83,85042c4ffaca8db8,io-8080-exec-20,o.s.web.servlet.DispatcherServlet,"GET ""/owners"", parameters={}"
2026-07-29T15:59:29.396703+00:00,customers-service,customers-service-68987c986f-ctsnj,2026-07-29T15:59:02.644704+00:00,DEBUG,97222d196e76de7b,b4990dde34c035c4,nio-8080-exec-2,o.s.web.servlet.DispatcherServlet,Completed 200 OK
2026-07-29T15:59:29.396703+00:00,customers-service,customers-service-68987c986f-ctsnj,2026-07-29T15:59:02.393041+00:00,DEBUG,97222d196e76de7b,55507f52cb48dff5,nio-8080-exec-2,o.s.web.servlet.DispatcherServlet,"GET ""/owners"", parameters={}"
2026-07-29T15:59:29.396703+00:00,customers-service,customers-service-68987c986f-ctsnj,2026-07-29T15:59:02.142387+00:00,DEBUG,ad496a8a73e1dfc5,ad496a8a73e1dfc5,nio-8080-exec-3,o.s.web.servlet.DispatcherServlet,Completed 200 OK
2026-07-29T15:59:29.396703+00:00,customers-service,customers-service-68987c986f-ctsnj,2026-07-29T15:59:00.888295+00:00,DEBUG,a7cfefe79f3c5c32,b99e2ecd54f85995,nio-8080-exec-9,o.s.web.servlet.DispatcherServlet,Completed 200 OK
2026-07-29T15:59:29.396703+00:00,customers-service,customers-service-68987c986f-ctsnj,2026-07-29T15:59:00.637352+00:00,DEBUG,a7cfefe79f3c5c32,247eacc27b794212,nio-8080-exec-9,o.s.web.servlet.DispatcherServlet,"GET ""/owners"", parameters={}"
2026-07-29T15:59:29.396703+00:00,customers-service,customers-service-68987c986f-ctsnj,2026-07-29T15:58:59.633691+00:00,DEBUG,908956c8c8490866,fd4e07b66cb62f33,io-8080-exec-17,o.s.web.servlet.DispatcherServlet,Completed 200 OK
2026-07-29T15:59:29.396703+00:00,customers-service,customers-service-68987c986f-ctsnj,2026-07-29T15:58:59.633683+00:00,DEBUG,908956c8c8490866,d6f7a5b5d83807b5,io-8080-exec-17,o.s.web.servlet.DispatcherServlet,"GET ""/owners/1"", parameters={}"
2026-07-29T15:59:29.396703+00:00,customers-service,customers-service-68987c986f-ctsnj,2026-07-29T15:58:58.881490+00:00,DEBUG,d29dcf1ba9f5a314,649f380ae7db60d9,io-8080-exec-25,o.s.web.servlet.DispatcherServlet,Completed 200 OK
2026-07-29T15:59:29.396703+00:00,customers-service,customers-service-68987c986f-ctsnj,2026-07-29T15:58:58.881484+00:00,DEBUG,d29dcf1ba9f5a314,abb73d91d65464c9,io-8080-exec-25,o.s.web.servlet.DispatcherServlet,"GET ""/owners/1"", parameters={}"
2026-07-29T15:59:29.396703+00:00,customers-service,customers-service-68987c986f-ctsnj,2026-07-29T15:58:58.128282+00:00,DEBUG,fbd208a0e3e5ff72,6aab6aab25dedf69,io-8080-exec-13,o.s.web.servlet.DispatcherServlet,Completed 200 OK
2026-07-29T15:59:29.396703+00:00,customers-service,customers-service-68987c986f-ctsnj,2026-07-29T15:58:58.128278+00:00,DEBUG,fbd208a0e3e5ff72,3f1e26994b3bf4c5,io-8080-exec-13,o.s.web.servlet.DispatcherServlet,"GET ""/owners"", parameters={}"
2026-07-29T15:59:29.396703+00:00,customers-service,customers-service-68987c986f-ctsnj,2026-07-29T15:58:57.626786+00:00,DEBUG,19c7d8735373759a,4bc980e7526e4ff5,nio-8080-exec-5,o.s.web.servlet.DispatcherServlet,Completed 200 OK
2026-07-29T15:59:29.396703+00:00,customers-service,customers-service-68987c986f-ctsnj,2026-07-29T15:58:57.626783+00:00,DEBUG,19c7d8735373759a,739f655c6b6eabe2,nio-8080-exec-5,o.s.web.servlet.DispatcherServlet,"GET ""/owners/1"", parameters={}"
2026-07-29T15:59:29.396703+00:00,customers-service,customers-service-68987c986f-ctsnj,2026-07-29T15:58:56.121949+00:00,DEBUG,bb0e06cfdbcef795,349896d20c3fcdfa,io-8080-exec-10,o.s.web.servlet.DispatcherServlet,Completed 200 OK
2026-07-29T15:59:29.396703+00:00,customers-service,customers-service-68987c986f-ctsnj,2026-07-29T15:58:55.871775+00:00,DEBUG,bb0e06cfdbcef795,370ff93682a6fe18,io-8080-exec-10,o.s.web.servlet.DispatcherServlet,"GET ""/owners"", parameters={}"
2026-07-29T15:59:29.396703+00:00,customers-service,customers-service-68987c986f-ctsnj,2026-07-29T15:58:55.871745+00:00,DEBUG,2d7c011ca6fc19a4,2d7c011ca6fc19a4,io-8080-exec-18,o.s.web.servlet.DispatcherServlet,Completed 200 OK
2026-07-29T15:59:29.396703+00:00,customers-service,customers-service-68987c986f-ctsnj,2026-07-29T15:58:55.369207+00:00,DEBUG,6ba7bde9c3f1676c,bf24a4de52e030cd,io-8080-exec-32,o.s.web.servlet.DispatcherServlet,Completed 200 OK
2026-07-29T15:59:29.396703+00:00,customers-service,customers-service-68987c986f-ctsnj,2026-07-29T15:58:55.369204+00:00,DEBUG,6ba7bde9c3f1676c,b6c2d9f663138de3,io-8080-exec-32,o.s.web.servlet.DispatcherServlet,"GET ""/owners"", parameters={}"
2026-07-29T15:59:29.396703+00:00,customers-service,customers-service-68987c986f-ctsnj,2026-07-29T15:58:54.868403+00:00,DEBUG,f2a031bec5980365,bc8c9a188df17980,io-8080-exec-20,o.s.web.servlet.DispatcherServlet,Completed 200 OK
2026-07-29T15:59:29.396703+00:00,customers-service,customers-service-68987c986f-ctsnj,2026-07-29T15:58:54.868400+00:00,DEBUG,f2a031bec5980365,f0dc102f7fb04d3d,io-8080-exec-20,o.s.web.servlet.DispatcherServlet,"GET ""/owners"", parameters={}"
2026-07-29T15:59:29.396703+00:00,customers-service,customers-service-68987c986f-ctsnj,2026-07-29T15:58:54.117017+00:00,DEBUG,3fa30b6364547ea0,f9047963c73e1db1,nio-8080-exec-2,o.s.web.servlet.DispatcherServlet,Completed 200 OK
2026-07-29T15:59:29.396703+00:00,customers-service,customers-service-68987c986f-ctsnj,2026-07-29T15:58:54.116964+00:00,DEBUG,3fa30b6364547ea0,88bacecd897a750f,nio-8080-exec-2,o.s.web.servlet.DispatcherServlet,"GET ""/owners/1"", parameters={}"
2026-07-29T15:59:29.396703+00:00,customers-service,customers-service-68987c986f-ctsnj,2026-07-29T15:58:53.866475+00:00,DEBUG,4a95cd632e79075d,e602e535ff5f2a14,nio-8080-exec-3,o.s.web.servlet.DispatcherServlet,Completed 200 OK
2026-07-29T15:59:29.396703+00:00,customers-service,customers-service-68987c986f-ctsnj,2026-07-29T15:58:53.616107+00:00,DEBUG,4a95cd632e79075d,7c66b70f99adca2a,nio-8080-exec-3,o.s.web.servlet.DispatcherServlet,"GET ""/owners"", parameters={}"
2026-07-29T15:59:29.396703+00:00,customers-service,customers-service-68987c986f-ctsnj,2026-07-29T15:58:53.115334+00:00,DEBUG,b58447e79dd228da,d7ff9c7bfc1a79da,nio-8080-exec-9,o.s.web.servlet.DispatcherServlet,Completed 200 OK
2026-07-29T15:59:29.396703+00:00,customers-service,customers-service-68987c986f-ctsnj,2026-07-29T15:58:52.864311+00:00,DEBUG,b58447e79dd228da,04193526291d4de6,nio-8080-exec-9,o.s.web.servlet.DispatcherServlet,"GET ""/owners"", parameters={}"
2026-07-29T15:59:29.396703+00:00,customers-service,customers-service-68987c986f-ctsnj,2026-07-29T15:58:51.610746+00:00,DEBUG,9e6708762907fd3f,9bade34ea2857816,io-8080-exec-17,o.s.web.servlet.DispatcherServlet,Completed 200 OK
2026-07-29T15:59:29.396703+00:00,customers-service,customers-service-68987c986f-ctsnj,2026-07-29T15:58:51.610741+00:00,DEBUG,9e6708762907fd3f,5d34d2315682ef2a,io-8080-exec-17,o.s.web.servlet.DispatcherServlet,"GET ""/owners/1"", parameters={}"
2026-07-29T15:59:29.396703+00:00,customers-service,customers-service-68987c986f-ctsnj,2026-07-29T15:58:51.108964+00:00,DEBUG,20d35a3ccbefc460,8230bef8d24db511,io-8080-exec-25,o.s.web.servlet.DispatcherServlet,Completed 200 OK
2026-07-29T15:59:29.396703+00:00,customers-service,customers-service-68987c986f-ctsnj,2026-07-29T15:58:51.108960+00:00,DEBUG,20d35a3ccbefc460,ae79c628055bb9e3,io-8080-exec-25,o.s.web.servlet.DispatcherServlet,"GET ""/owners/1"", parameters={}"
2026-07-29T15:59:29.396703+00:00,customers-service,customers-service-68987c986f-ctsnj,2026-07-29T15:58:50.858018+00:00,DEBUG,e889fe78d2a45695,e889fe78d2a45695,io-8080-exec-13,o.s.web.servlet.DispatcherServlet,Completed 200 OK
2026-07-29T15:59:29.396703+00:00,customers-service,customers-service-68987c986f-ctsnj,2026-07-29T15:58:50.606762+00:00,DEBUG,6de4a535431a98bc,956d3db3a7158255,nio-8080-exec-5,o.s.web.servlet.DispatcherServlet,Completed 200 OK
2026-07-29T15:59:29.396703+00:00,customers-service,customers-service-68987c986f-ctsnj,2026-07-29T15:58:50.606755+00:00,DEBUG,6de4a535431a98bc,48db728a0f7a9cfc,nio-8080-exec-5,o.s.web.servlet.DispatcherServlet,"GET ""/owners/1"", parameters={}"
2026-07-29T15:59:29.396703+00:00,customers-service,customers-service-68987c986f-ctsnj,2026-07-29T15:58:49.856011+00:00,DEBUG,5cae8370e19909b5,f7472cc5a26c0191,io-8080-exec-10,o.s.web.servlet.DispatcherServlet,Completed 200 OK
2026-07-29T15:59:29.396703+00:00,customers-service,customers-service-68987c986f-ctsnj,2026-07-29T15:58:49.605056+00:00,DEBUG,5cae8370e19909b5,fed4ac8da36b5beb,io-8080-exec-10,o.s.web.servlet.DispatcherServlet,"GET ""/owners"", parameters={}"
2026-07-29T15:59:29.396703+00:00,customers-service,customers-service-68987c986f-ctsnj,2026-07-29T15:58:49.354663+00:00,DEBUG,dc929a56db6db9fa,12a25355e2772bb4,io-8080-exec-18,o.s.web.servlet.DispatcherServlet,Completed 200 OK
2026-07-29T15:59:29.396703+00:00,customers-service,customers-service-68987c986f-ctsnj,2026-07-29T15:58:49.103781+00:00,DEBUG,dc929a56db6db9fa,b25e57ee4625da38,io-8080-exec-18,o.s.web.servlet.DispatcherServlet,"GET ""/owners"", parameters={}"
2026-07-29T15:59:29.396703+00:00,customers-service,customers-service-68987c986f-ctsnj,2026-07-29T15:58:48.352039+00:00,DEBUG,49a9ac20123d8ba6,3dcdd8ec47f96548,io-8080-exec-32,o.s.web.servlet.DispatcherServlet,Completed 200 OK
2026-07-29T15:59:29.396703+00:00,customers-service,customers-service-68987c986f-ctsnj,2026-07-29T15:58:48.101945+00:00,DEBUG,49a9ac20123d8ba6,d235119c4f718d67,io-8080-exec-32,o.s.web.servlet.DispatcherServlet,"GET ""/owners"", parameters={}"
2026-07-29T15:59:29.396703+00:00,customers-service,customers-service-68987c986f-ctsnj,2026-07-29T15:58:47.349938+00:00,DEBUG,38a2e4a2cecdf94d,b583db3bc8ad8aed,io-8080-exec-20,o.s.web.servlet.DispatcherServlet,Completed 200 OK
2026-07-29T15:59:29.396703+00:00,customers-service,customers-service-68987c986f-ctsnj,2026-07-29T15:58:47.349933+00:00,DEBUG,38a2e4a2cecdf94d,218d22e2ae21cffa,io-8080-exec-20,o.s.web.servlet.DispatcherServlet,"GET ""/owners"", parameters={}"
2026-07-29T15:59:29.396703+00:00,customers-service,customers-service-68987c986f-ctsnj,2026-07-29T15:58:46.348264+00:00,DEBUG,ed5704585f5fa21b,aba66d33ac7514be,nio-8080-exec-2,o.s.web.servlet.DispatcherServlet,Completed 200 OK
2026-07-29T15:59:29.396703+00:00,customers-service,customers-service-68987c986f-ctsnj,2026-07-29T15:58:46.348260+00:00,DEBUG,ed5704585f5fa21b,55ab2192acabe03d,nio-8080-exec-2,o.s.web.servlet.DispatcherServlet,"GET ""/owners/1"", parameters={}"
2026-07-29T15:59:29.396703+00:00,customers-service,customers-service-68987c986f-ctsnj,2026-07-29T15:58:44.088536+00:00,DEBUG,dd7a6c9fcdc8a764,071c543cac1fe1b1,nio-8080-exec-3,o.s.web.servlet.DispatcherServlet,Completed 200 OK
2026-07-29T15:59:29.396703+00:00,customers-service,customers-service-68987c986f-ctsnj,2026-07-29T15:58:44.088528+00:00,DEBUG,dd7a6c9fcdc8a764,a34cb454e8494ce0,nio-8080-exec-3,o.s.web.servlet.DispatcherServlet,"GET ""/owners/1"", parameters={}"
2026-07-29T15:59:29.396703+00:00,customers-service,customers-service-68987c986f-ctsnj,2026-07-29T15:58:43.586589+00:00,DEBUG,7319570953bab3b4,7380981fb48997ec,nio-8080-exec-9,o.s.web.servlet.DispatcherServlet,Completed 200 OK
2026-07-29T15:59:29.396703+00:00,customers-service,customers-service-68987c986f-ctsnj,2026-07-29T15:58:43.586586+00:00,DEBUG,7319570953bab3b4,7f1eba4cb3c89307,nio-8080-exec-9,o.s.web.servlet.DispatcherServlet,"GET ""/owners/1"", parameters={}"
2026-07-29T15:59:29.396703+00:00,customers-service,customers-service-68987c986f-ctsnj,2026-07-29T15:58:42.583998+00:00,DEBUG,c3f80416bf0b3e5e,ddd99abbc77222d1,io-8080-exec-17,o.s.web.servlet.DispatcherServlet,Completed 200 OK
2026-07-29T15:59:29.396703+00:00,customers-service,customers-service-68987c986f-ctsnj,2026-07-29T15:58:42.333426+00:00,DEBUG,c3f80416bf0b3e5e,8c5f96ede1753015,io-8080-exec-17,o.s.web.servlet.DispatcherServlet,"GET ""/owners/1"", parameters={}"
2026-07-29T15:59:29.396703+00:00,customers-service,customers-service-68987c986f-ctsnj,2026-07-29T15:58:42.082279+00:00,DEBUG,627bf3ace3cb3c44,627bf3ace3cb3c44,io-8080-exec-25,o.s.web.servlet.DispatcherServlet,Completed 200 OK
2026-07-29T15:59:29.396703+00:00,customers-service,customers-service-68987c986f-ctsnj,2026-07-29T15:58:41.580143+00:00,DEBUG,cee5daeccaa8e498,47be3a3c08b9072e,io-8080-exec-13,o.s.web.servlet.DispatcherServlet,Completed 200 OK
2026-07-29T15:59:29.396703+00:00,customers-service,customers-service-68987c986f-ctsnj,2026-07-29T15:58:41.329175+00:00,DEBUG,cee5daeccaa8e498,308041e5e3c4db46,io-8080-exec-13,o.s.web.servlet.DispatcherServlet,"GET ""/owners"", parameters={}"
2026-07-29T15:59:29.396703+00:00,customers-service,customers-service-68987c986f-ctsnj,2026-07-29T15:58:40.827185+00:00,DEBUG,ff46fcf4c4d3a934,ff46fcf4c4d3a934,nio-8080-exec-5,o.s.web.servlet.DispatcherServlet,Completed 200 OK
2026-07-29T15:59:29.396703+00:00,customers-service,customers-service-68987c986f-ctsnj,2026-07-29T15:58:39.070638+00:00,DEBUG,1893f22a6ba74de7,0625ab4b22787965,io-8080-exec-10,o.s.web.servlet.DispatcherServlet,Completed 200 OK
2026-07-29T15:59:29.396703+00:00,customers-service,customers-service-68987c986f-ctsnj,2026-07-29T15:58:38.820340+00:00,DEBUG,1893f22a6ba74de7,87a40a483090b040,io-8080-exec-10,o.s.web.servlet.DispatcherServlet,"GET ""/owners"", parameters={}"
2026-07-29T15:59:29.396703+00:00,customers-service,customers-service-68987c986f-ctsnj,2026-07-29T15:58:38.318552+00:00,DEBUG,d160957f12eb05da,36c236f21a24155f,io-8080-exec-18,o.s.web.servlet.DispatcherServlet,Completed 200 OK
2026-07-29T15:59:29.396703+00:00,customers-service,customers-service-68987c986f-ctsnj,2026-07-29T15:58:38.068356+00:00,DEBUG,d160957f12eb05da,7d52b0589bd4247a,io-8080-exec-18,o.s.web.servlet.DispatcherServlet,"GET ""/owners"", parameters={}"
2026-07-29T15:59:29.396703+00:00,customers-service,customers-service-68987c986f-ctsnj,2026-07-29T15:58:37.817967+00:00,DEBUG,cbeafe1a5afcd1b9,6debf7006887e469,io-8080-exec-32,o.s.web.servlet.DispatcherServlet,Completed 200 OK
2026-07-29T15:59:29.396703+00:00,customers-service,customers-service-68987c986f-ctsnj,2026-07-29T15:58:37.315557+00:00,DEBUG,cbeafe1a5afcd1b9,6e5a94f890b17552,io-8080-exec-32,o.s.web.servlet.DispatcherServlet,"GET ""/owners/1"", parameters={}"
2026-07-29T15:59:29.396703+00:00,customers-service,customers-service-68987c986f-ctsnj,2026-07-29T15:58:37.315551+00:00,DEBUG,a9309e401d1a2111,6aebb0e964339796,io-8080-exec-20,o.s.web.servlet.DispatcherServlet,Completed 200 OK
2026-07-29T15:59:29.396703+00:00,customers-service,customers-service-68987c986f-ctsnj,2026-07-29T15:58:36.061023+00:00,DEBUG,a9309e401d1a2111,376cbf4472346093,io-8080-exec-20,o.s.web.servlet.DispatcherServlet,"GET ""/owners"", parameters={}"
2026-07-29T15:59:29.396703+00:00,customers-service,customers-service-68987c986f-ctsnj,2026-07-29T15:58:35.810672+00:00,DEBUG,b77702d68c20077f,b77702d68c20077f,nio-8080-exec-2,o.s.web.servlet.DispatcherServlet,Completed 200 OK
2026-07-29T15:59:29.396703+00:00,customers-service,customers-service-68987c986f-ctsnj,2026-07-29T15:58:35.308541+00:00,DEBUG,663cca66a8eb2c5d,10e95749dc6956de,nio-8080-exec-3,o.s.web.servlet.DispatcherServlet,Completed 200 OK
2026-07-29T15:59:29.396703+00:00,customers-service,customers-service-68987c986f-ctsnj,2026-07-29T15:58:35.058175+00:00,DEBUG,663cca66a8eb2c5d,e7c52343eaee7abc,nio-8080-exec-3,o.s.web.servlet.DispatcherServlet,"GET ""/owners/1"", parameters={}"
2026-07-29T15:59:29.396703+00:00,customers-service,customers-service-68987c986f-ctsnj,2026-07-29T15:58:25.780580+00:00,DEBUG,7063b519a91cc692,7063b519a91cc692,nio-8080-exec-9,o.s.web.servlet.DispatcherServlet,Completed 200 OK
2026-07-29T15:59:29.396703+00:00,vets-service,vets-service-799f7d5b65-7wskt,2026-07-29T15:59:27.162837+00:00,DEBUG,f2eff574983b8441,aee47b69e8719f80,io-8080-exec-10,o.s.web.servlet.DispatcherServlet,Completed 200 OK
2026-07-29T15:59:29.396703+00:00,vets-service,vets-service-799f7d5b65-7wskt,2026-07-29T15:59:26.661497+00:00,DEBUG,f2eff574983b8441,aae22006ef00bcbb,io-8080-exec-10,o.s.web.servlet.DispatcherServlet,"GET ""/vets"", parameters={}"
2026-07-29T15:59:29.396703+00:00,vets-service,vets-service-799f7d5b65-7wskt,2026-07-29T15:59:25.407965+00:00,DEBUG,1caf5ee7fdbb54b9,21c1c906f5622645,nio-8080-exec-6,o.s.web.servlet.DispatcherServlet,Completed 200 OK
2026-07-29T15:59:29.396703+00:00,vets-service,vets-service-799f7d5b65-7wskt,2026-07-29T15:59:24.654794+00:00,DEBUG,1caf5ee7fdbb54b9,d8932c446b5a9bd7,nio-8080-exec-6,o.s.web.servlet.DispatcherServlet,"GET ""/vets"", parameters={}"
2026-07-29T15:59:29.396703+00:00,vets-service,vets-service-799f7d5b65-7wskt,2026-07-29T15:59:24.403963+00:00,DEBUG,56bd75f97b12cbb7,56bd75f97b12cbb7,nio-8080-exec-4,o.s.web.servlet.DispatcherServlet,Completed 200 OK
2026-07-29T15:59:29.396703+00:00,vets-service,vets-service-799f7d5b65-7wskt,2026-07-29T15:59:23.650849+00:00,DEBUG,111482f90e67ac13,bc5438715d41c37a,io-8080-exec-12,o.s.web.servlet.DispatcherServlet,Completed 200 OK
2026-07-29T15:59:29.396703+00:00,vets-service,vets-service-799f7d5b65-7wskt,2026-07-29T15:59:23.149115+00:00,DEBUG,111482f90e67ac13,b263b931f911d846,io-8080-exec-12,o.s.web.servlet.DispatcherServlet,"GET ""/vets"", parameters={}"
2026-07-29T15:59:29.396703+00:00,vets-service,vets-service-799f7d5b65-7wskt,2026-07-29T15:59:20.141878+00:00,DEBUG,e8c67f218ecff6e3,c217a6e5ba280a2e,io-8080-exec-13,o.s.web.servlet.DispatcherServlet,Completed 200 OK
2026-07-29T15:59:29.396703+00:00,vets-service,vets-service-799f7d5b65-7wskt,2026-07-29T15:59:20.141874+00:00,DEBUG,e8c67f218ecff6e3,0189951b063974ed,io-8080-exec-13,o.s.web.servlet.DispatcherServlet,"GET ""/vets"", parameters={}"
2026-07-29T15:59:29.396703+00:00,vets-service,vets-service-799f7d5b65-7wskt,2026-07-29T15:59:17.131307+00:00,DEBUG,86462f408f1757de,b15aacfa90af4064,nio-8080-exec-3,o.s.web.servlet.DispatcherServlet,Completed 200 OK
2026-07-29T15:59:29.396703+00:00,vets-service,vets-service-799f7d5b65-7wskt,2026-07-29T15:59:16.880240+00:00,DEBUG,86462f408f1757de,449aa31a36a18adc,nio-8080-exec-3,o.s.web.servlet.DispatcherServlet,"GET ""/vets"", parameters={}"
2026-07-29T15:59:29.396703+00:00,vets-service,vets-service-799f7d5b65-7wskt,2026-07-29T15:59:16.378532+00:00,DEBUG,1c7de869ab4f49c0,d14074330d35cbab,nio-8080-exec-1,o.s.web.servlet.DispatcherServlet,Completed 200 OK
2026-07-29T15:59:29.396703+00:00,vets-service,vets-service-799f7d5b65-7wskt,2026-07-29T15:59:16.378529+00:00,DEBUG,1c7de869ab4f49c0,3834b4c4a767fca8,nio-8080-exec-1,o.s.web.servlet.DispatcherServlet,"GET ""/vets"", parameters={}"
2026-07-29T15:59:29.396703+00:00,vets-service,vets-service-799f7d5b65-7wskt,2026-07-29T15:59:15.876623+00:00,DEBUG,8d9611ca498b0167,8d9611ca498b0167,nio-8080-exec-7,o.s.web.servlet.DispatcherServlet,Completed 200 OK
2026-07-29T15:59:29.396703+00:00,vets-service,vets-service-799f7d5b65-7wskt,2026-07-29T15:59:15.375981+00:00,DEBUG,5126ede0706a100f,5126ede0706a100f,nio-8080-exec-2,o.s.web.servlet.DispatcherServlet,Completed 200 OK
2026-07-29T15:59:29.396703+00:00,vets-service,vets-service-799f7d5b65-7wskt,2026-07-29T15:59:14.373801+00:00,DEBUG,d8795b3a74bb64b3,e34ddb627163b07d,nio-8080-exec-8,o.s.web.servlet.DispatcherServlet,Completed 200 OK
2026-07-29T15:59:29.396703+00:00,vets-service,vets-service-799f7d5b65-7wskt,2026-07-29T15:59:14.373798+00:00,DEBUG,d8795b3a74bb64b3,37e9fc9bd5fb89f0,nio-8080-exec-8,o.s.web.servlet.DispatcherServlet,"GET ""/vets"", parameters={}"
2026-07-29T15:59:29.396703+00:00,vets-service,vets-service-799f7d5b65-7wskt,2026-07-29T15:59:11.615232+00:00,DEBUG,dd3b772c9e806bb2,64b416f9d7d240ff,io-8080-exec-10,o.s.web.servlet.DispatcherServlet,Completed 200 OK
2026-07-29T15:59:29.396703+00:00,vets-service,vets-service-799f7d5b65-7wskt,2026-07-29T15:59:10.862837+00:00,DEBUG,dd3b772c9e806bb2,b5b0c75c928535ec,io-8080-exec-10,o.s.web.servlet.DispatcherServlet,"GET ""/vets"", parameters={}"
2026-07-29T15:59:29.396703+00:00,vets-service,vets-service-799f7d5b65-7wskt,2026-07-29T15:59:10.110565+00:00,DEBUG,63c7cd5b69bdfaba,8f076e18ea5a3a42,nio-8080-exec-6,o.s.web.servlet.DispatcherServlet,Completed 200 OK
2026-07-29T15:59:29.396703+00:00,vets-service,vets-service-799f7d5b65-7wskt,2026-07-29T15:59:09.359142+00:00,DEBUG,63c7cd5b69bdfaba,626ab3f730d64af5,nio-8080-exec-6,o.s.web.servlet.DispatcherServlet,"GET ""/vets"", parameters={}"
2026-07-29T15:59:29.396703+00:00,vets-service,vets-service-799f7d5b65-7wskt,2026-07-29T15:59:09.359124+00:00,DEBUG,c17cd4be3517f010,c17cd4be3517f010,nio-8080-exec-4,o.s.web.servlet.DispatcherServlet,Completed 200 OK
2026-07-29T15:59:29.396703+00:00,vets-service,vets-service-799f7d5b65-7wskt,2026-07-29T15:59:08.106892+00:00,DEBUG,5ae70adbc6fa7f52,8146233841be23c6,io-8080-exec-12,o.s.web.servlet.DispatcherServlet,Completed 200 OK
2026-07-29T15:59:29.396703+00:00,vets-service,vets-service-799f7d5b65-7wskt,2026-07-29T15:59:07.856665+00:00,DEBUG,5ae70adbc6fa7f52,ed7656255f1a0c56,io-8080-exec-12,o.s.web.servlet.DispatcherServlet,"GET ""/vets"", parameters={}"
2026-07-29T15:59:29.396703+00:00,vets-service,vets-service-799f7d5b65-7wskt,2026-07-29T15:59:06.354445+00:00,DEBUG,89da86287972d1be,d9d2fb9463c6f1ae,io-8080-exec-13,o.s.web.servlet.DispatcherServlet,Completed 200 OK
2026-07-29T15:59:29.396703+00:00,vets-service,vets-service-799f7d5b65-7wskt,2026-07-29T15:59:06.103750+00:00,DEBUG,89da86287972d1be,d3c1f0865b9f52d8,io-8080-exec-13,o.s.web.servlet.DispatcherServlet,"GET ""/vets"", parameters={}"
2026-07-29T15:59:29.396703+00:00,vets-service,vets-service-799f7d5b65-7wskt,2026-07-29T15:59:03.846466+00:00,DEBUG,dcc04415f7fef489,3422c64a28809f13,nio-8080-exec-3,o.s.web.servlet.DispatcherServlet,Completed 200 OK
2026-07-29T15:59:29.396703+00:00,vets-service,vets-service-799f7d5b65-7wskt,2026-07-29T15:59:03.595442+00:00,DEBUG,dcc04415f7fef489,d08edc2a13cdce5e,nio-8080-exec-3,o.s.web.servlet.DispatcherServlet,"GET ""/vets"", parameters={}"
2026-07-29T15:59:29.396703+00:00,vets-service,vets-service-799f7d5b65-7wskt,2026-07-29T15:59:01.340042+00:00,DEBUG,b2031601c358ebd5,2a947a940df23ad8,nio-8080-exec-1,o.s.web.servlet.DispatcherServlet,Completed 200 OK
2026-07-29T15:59:29.396703+00:00,vets-service,vets-service-799f7d5b65-7wskt,2026-07-29T15:59:01.089076+00:00,DEBUG,b2031601c358ebd5,1d95d59baba06d0e,nio-8080-exec-1,o.s.web.servlet.DispatcherServlet,"GET ""/vets"", parameters={}"
2026-07-29T15:59:29.396703+00:00,vets-service,vets-service-799f7d5b65-7wskt,2026-07-29T15:59:00.336527+00:00,DEBUG,8822f1843680a66c,8822f1843680a66c,nio-8080-exec-7,o.s.web.servlet.DispatcherServlet,Completed 200 OK
2026-07-29T15:59:29.396703+00:00,vets-service,vets-service-799f7d5b65-7wskt,2026-07-29T15:59:00.336469+00:00,DEBUG,9a833d995ca1c9f5,51fe3b45703f7698,nio-8080-exec-2,o.s.web.servlet.DispatcherServlet,Completed 200 OK
2026-07-29T15:59:29.396703+00:00,vets-service,vets-service-799f7d5b65-7wskt,2026-07-29T15:59:00.336465+00:00,DEBUG,9a833d995ca1c9f5,66bf54975e610593,nio-8080-exec-2,o.s.web.servlet.DispatcherServlet,"GET ""/vets"", parameters={}"
2026-07-29T15:59:29.396703+00:00,vets-service,vets-service-799f7d5b65-7wskt,2026-07-29T15:58:58.832742+00:00,DEBUG,b229552aaf45fe09,5fd6b8edbaada785,nio-8080-exec-8,o.s.web.servlet.DispatcherServlet,Completed 200 OK
2026-07-29T15:59:29.396703+00:00,vets-service,vets-service-799f7d5b65-7wskt,2026-07-29T15:58:58.582166+00:00,DEBUG,b229552aaf45fe09,d50922667b257707,nio-8080-exec-8,o.s.web.servlet.DispatcherServlet,"GET ""/vets"", parameters={}"
2026-07-29T15:59:29.396703+00:00,vets-service,vets-service-799f7d5b65-7wskt,2026-07-29T15:58:56.826664+00:00,DEBUG,e6f03be059c3f7d8,6890553901a18d28,io-8080-exec-10,o.s.web.servlet.DispatcherServlet,Completed 200 OK
2026-07-29T15:59:29.396703+00:00,vets-service,vets-service-799f7d5b65-7wskt,2026-07-29T15:58:56.826659+00:00,DEBUG,e6f03be059c3f7d8,86405b523fea7831,io-8080-exec-10,o.s.web.servlet.DispatcherServlet,"GET ""/vets"", parameters={}"
2026-07-29T15:59:29.396703+00:00,vets-service,vets-service-799f7d5b65-7wskt,2026-07-29T15:58:56.325206+00:00,DEBUG,fd24825fcc40bab7,56dc94acfd7869fc,nio-8080-exec-6,o.s.web.servlet.DispatcherServlet,Completed 200 OK
2026-07-29T15:59:29.396703+00:00,vets-service,vets-service-799f7d5b65-7wskt,2026-07-29T15:58:56.075015+00:00,DEBUG,fd24825fcc40bab7,1a7733d0ed6996dc,nio-8080-exec-6,o.s.web.servlet.DispatcherServlet,"GET ""/vets"", parameters={}"
2026-07-29T15:59:29.396703+00:00,vets-service,vets-service-799f7d5b65-7wskt,2026-07-29T15:58:56.074989+00:00,DEBUG,0e76027f199fc9b1,0e76027f199fc9b1,nio-8080-exec-4,o.s.web.servlet.DispatcherServlet,Completed 200 OK
2026-07-29T15:59:29.396703+00:00,vets-service,vets-service-799f7d5b65-7wskt,2026-07-29T15:58:54.319001+00:00,DEBUG,25bdfb6d0593102a,25bdfb6d0593102a,io-8080-exec-12,o.s.web.servlet.DispatcherServlet,Completed 200 OK
2026-07-29T15:59:29.396703+00:00,vets-service,vets-service-799f7d5b65-7wskt,2026-07-29T15:58:52.311963+00:00,DEBUG,639b90e971a2851d,67e3aca80dc5c65e,io-8080-exec-13,o.s.web.servlet.DispatcherServlet,Completed 200 OK
2026-07-29T15:59:29.396703+00:00,vets-service,vets-service-799f7d5b65-7wskt,2026-07-29T15:58:52.061080+00:00,DEBUG,639b90e971a2851d,b1765ba000fb31b7,io-8080-exec-13,o.s.web.servlet.DispatcherServlet,"GET ""/vets"", parameters={}"
2026-07-29T15:59:29.396703+00:00,vets-service,vets-service-799f7d5b65-7wskt,2026-07-29T15:58:49.053475+00:00,DEBUG,cdd76fd4b2262f43,3957729878181335,nio-8080-exec-3,o.s.web.servlet.DispatcherServlet,Completed 200 OK
2026-07-29T15:59:29.396703+00:00,vets-service,vets-service-799f7d5b65-7wskt,2026-07-29T15:58:48.803193+00:00,DEBUG,cdd76fd4b2262f43,cbd9ce1d21e7b1c5,nio-8080-exec-3,o.s.web.servlet.DispatcherServlet,"GET ""/vets"", parameters={}"
2026-07-29T15:59:29.396703+00:00,vets-service,vets-service-799f7d5b65-7wskt,2026-07-29T15:58:47.297056+00:00,DEBUG,33d5eb58f059b154,b0507629fd84649b,nio-8080-exec-1,o.s.web.servlet.DispatcherServlet,Completed 200 OK
2026-07-29T15:59:29.396703+00:00,vets-service,vets-service-799f7d5b65-7wskt,2026-07-29T15:58:47.046376+00:00,DEBUG,33d5eb58f059b154,85977424380dada3,nio-8080-exec-1,o.s.web.servlet.DispatcherServlet,"GET ""/vets"", parameters={}"
2026-07-29T15:59:29.396703+00:00,vets-service,vets-service-799f7d5b65-7wskt,2026-07-29T15:58:45.291170+00:00,DEBUG,85511c7d048c0257,85511c7d048c0257,nio-8080-exec-7,o.s.web.servlet.DispatcherServlet,Completed 200 OK
2026-07-29T15:59:29.396703+00:00,vets-service,vets-service-799f7d5b65-7wskt,2026-07-29T15:58:45.291145+00:00,DEBUG,e492f787ca00bbf4,c635a288b8ae4ee1,nio-8080-exec-2,o.s.web.servlet.DispatcherServlet,Completed 200 OK
2026-07-29T15:59:29.396703+00:00,vets-service,vets-service-799f7d5b65-7wskt,2026-07-29T15:58:45.040915+00:00,DEBUG,e492f787ca00bbf4,bd6c6bd62174bd94,nio-8080-exec-2,o.s.web.servlet.DispatcherServlet,"GET ""/vets"", parameters={}"
2026-07-29T15:59:29.396703+00:00,vets-service,vets-service-799f7d5b65-7wskt,2026-07-29T15:58:43.034112+00:00,DEBUG,d92ff0bce4bd4335,90231232550d5bb1,nio-8080-exec-8,o.s.web.servlet.DispatcherServlet,Completed 200 OK
2026-07-29T15:59:29.396703+00:00,vets-service,vets-service-799f7d5b65-7wskt,2026-07-29T15:58:43.034107+00:00,DEBUG,d92ff0bce4bd4335,49f6015a9388643b,nio-8080-exec-8,o.s.web.servlet.DispatcherServlet,"GET ""/vets"", parameters={}"
2026-07-29T15:59:29.396703+00:00,vets-service,vets-service-799f7d5b65-7wskt,2026-07-29T15:58:42.030010+00:00,DEBUG,3ac031d7e9d694da,81500b59a0c6893c,io-8080-exec-10,o.s.web.servlet.DispatcherServlet,Completed 200 OK
2026-07-29T15:59:29.396703+00:00,vets-service,vets-service-799f7d5b65-7wskt,2026-07-29T15:58:42.030005+00:00,DEBUG,3ac031d7e9d694da,cda00f4ed2a6929f,io-8080-exec-10,o.s.web.servlet.DispatcherServlet,"GET ""/vets"", parameters={}"
2026-07-29T15:59:29.396703+00:00,vets-service,vets-service-799f7d5b65-7wskt,2026-07-29T15:58:40.525068+00:00,DEBUG,7e495a49d9887d78,09a2a8af72eaf593,nio-8080-exec-6,o.s.web.servlet.DispatcherServlet,Completed 200 OK
2026-07-29T15:59:29.396703+00:00,vets-service,vets-service-799f7d5b65-7wskt,2026-07-29T15:58:40.525064+00:00,DEBUG,7e495a49d9887d78,7c28e3075a03ca77,nio-8080-exec-6,o.s.web.servlet.DispatcherServlet,"GET ""/vets"", parameters={}"
2026-07-29T15:59:29.396703+00:00,vets-service,vets-service-799f7d5b65-7wskt,2026-07-29T15:58:39.773641+00:00,DEBUG,46020d492c62fc6f,2c6667348701260c,nio-8080-exec-4,o.s.web.servlet.DispatcherServlet,Completed 200 OK
2026-07-29T15:59:29.396703+00:00,vets-service,vets-service-799f7d5b65-7wskt,2026-07-29T15:58:39.523328+00:00,DEBUG,46020d492c62fc6f,ea0fc26700704fe8,nio-8080-exec-4,o.s.web.servlet.DispatcherServlet,"GET ""/vets"", parameters={}"
2026-07-29T15:59:29.396703+00:00,vets-service,vets-service-799f7d5b65-7wskt,2026-07-29T15:58:39.272412+00:00,DEBUG,739632c90d4aceaf,739632c90d4aceaf,io-8080-exec-12,o.s.web.servlet.DispatcherServlet,Completed 200 OK
2026-07-29T15:59:29.396703+00:00,vets-service,vets-service-799f7d5b65-7wskt,2026-07-29T15:58:39.272383+00:00,DEBUG,c574e1cd1e62fb25,7ff1f8a05d48a968,io-8080-exec-13,o.s.web.servlet.DispatcherServlet,Completed 200 OK
2026-07-29T15:59:29.396703+00:00,vets-service,vets-service-799f7d5b65-7wskt,2026-07-29T15:58:39.021245+00:00,DEBUG,c574e1cd1e62fb25,a420e789139cec37,io-8080-exec-13,o.s.web.servlet.DispatcherServlet,"GET ""/vets"", parameters={}"
2026-07-29T15:59:29.396703+00:00,vets-service,vets-service-799f7d5b65-7wskt,2026-07-29T15:58:36.012379+00:00,DEBUG,c6f2385cf5b7192a,3c0b66216e0ca6dc,nio-8080-exec-3,o.s.web.servlet.DispatcherServlet,Completed 200 OK
2026-07-29T15:59:29.396703+00:00,vets-service,vets-service-799f7d5b65-7wskt,2026-07-29T15:58:36.012355+00:00,DEBUG,7574a40b245f1d3f,7574a40b245f1d3f,nio-8080-exec-1,o.s.web.servlet.DispatcherServlet,Completed 200 OK
2026-07-29T15:59:29.396703+00:00,vets-service,vets-service-799f7d5b65-7wskt,2026-07-29T15:58:35.512062+00:00,DEBUG,c6f2385cf5b7192a,031ef426214d8584,nio-8080-exec-3,o.s.web.servlet.DispatcherServlet,"GET ""/vets"", parameters={}"
2026-07-29T15:59:29.396703+00:00,vets-service,vets-service-799f7d5b65-7wskt,2026-07-29T15:58:35.009990+00:00,DEBUG,be4bd7ac4f276a54,9f071a3844b2f4a0,nio-8080-exec-7,o.s.web.servlet.DispatcherServlet,Completed 200 OK
2026-07-29T15:59:29.396703+00:00,vets-service,vets-service-799f7d5b65-7wskt,2026-07-29T15:58:34.258366+00:00,DEBUG,be4bd7ac4f276a54,2b6d4a55a975b63f,nio-8080-exec-7,o.s.web.servlet.DispatcherServlet,"GET ""/vets"", parameters={}"
2026-07-29T15:59:29.396703+00:00,vets-service,vets-service-799f7d5b65-7wskt,2026-07-29T15:58:34.007369+00:00,DEBUG,553c4bd0b78cac97,e1c0328e252d9558,nio-8080-exec-2,o.s.web.servlet.DispatcherServlet,Completed 200 OK
2026-07-29T15:59:29.396703+00:00,vets-service,vets-service-799f7d5b65-7wskt,2026-07-29T15:58:33.505683+00:00,DEBUG,553c4bd0b78cac97,e5352cb521d3ed05,nio-8080-exec-2,o.s.web.servlet.DispatcherServlet,"GET ""/vets"", parameters={}"
2026-07-29T15:59:29.396703+00:00,vets-service,vets-service-799f7d5b65-7wskt,2026-07-29T15:58:33.004309+00:00,DEBUG,0f99e51772b23d3d,104373f5db02dec7,nio-8080-exec-8,o.s.web.servlet.DispatcherServlet,Completed 200 OK
2026-07-29T15:59:29.396703+00:00,vets-service,vets-service-799f7d5b65-7wskt,2026-07-29T15:58:32.753316+00:00,DEBUG,0f99e51772b23d3d,a0b1ddc17f37af5f,nio-8080-exec-8,o.s.web.servlet.DispatcherServlet,"GET ""/vets"", parameters={}"
2026-07-29T15:59:29.396703+00:00,vets-service,vets-service-799f7d5b65-7wskt,2026-07-29T15:58:32.503049+00:00,DEBUG,e65302f3c51abcf3,870d4832b9d29aae,io-8080-exec-10,o.s.web.servlet.DispatcherServlet,Completed 200 OK
2026-07-29T15:59:29.396703+00:00,vets-service,vets-service-799f7d5b65-7wskt,2026-07-29T15:58:32.252778+00:00,DEBUG,e65302f3c51abcf3,8965fbc23e2a1109,io-8080-exec-10,o.s.web.servlet.DispatcherServlet,"GET ""/vets"", parameters={}"
2026-07-29T15:59:29.396703+00:00,vets-service,vets-service-799f7d5b65-7wskt,2026-07-29T15:58:30.497907+00:00,DEBUG,50ed8d220d8b1ae2,50ed8d220d8b1ae2,nio-8080-exec-6,o.s.web.servlet.DispatcherServlet,Completed 200 OK
2026-07-29T15:59:29.396703+00:00,vets-service,vets-service-799f7d5b65-vzxc7,2026-07-29T15:59:29.370662+00:00,DEBUG,2da1e84a90c21d5e,4ffd703accec479e,io-8080-exec-17,o.s.web.servlet.DispatcherServlet,Completed 200 OK
2026-07-29T15:59:29.396703+00:00,vets-service,vets-service-799f7d5b65-vzxc7,2026-07-29T15:59:29.370658+00:00,DEBUG,2da1e84a90c21d5e,04914c69c5fbc515,io-8080-exec-17,o.s.web.servlet.DispatcherServlet,"GET ""/vets"", parameters={}"
2026-07-29T15:59:29.396703+00:00,vets-service,vets-service-799f7d5b65-vzxc7,2026-07-29T15:59:27.362638+00:00,DEBUG,e6c78e4bc682b209,0271075e94b1a9e8,io-8080-exec-20,o.s.web.servlet.DispatcherServlet,Completed 200 OK
2026-07-29T15:59:29.396703+00:00,vets-service,vets-service-799f7d5b65-vzxc7,2026-07-29T15:59:26.861110+00:00,DEBUG,e6c78e4bc682b209,02cd0692241f4703,io-8080-exec-20,o.s.web.servlet.DispatcherServlet,"GET ""/vets"", parameters={}"
2026-07-29T15:59:29.396703+00:00,vets-service,vets-service-799f7d5b65-vzxc7,2026-07-29T15:59:26.861084+00:00,DEBUG,001fc4a7228e926b,001fc4a7228e926b,nio-8080-exec-5,o.s.web.servlet.DispatcherServlet,Completed 200 OK
2026-07-29T15:59:29.396703+00:00,vets-service,vets-service-799f7d5b65-vzxc7,2026-07-29T15:59:26.610903+00:00,DEBUG,031881f6de6787b6,04b259dcc8b32229,io-8080-exec-18,o.s.web.servlet.DispatcherServlet,Completed 200 OK
2026-07-29T15:59:29.396703+00:00,vets-service,vets-service-799f7d5b65-vzxc7,2026-07-29T15:59:26.360685+00:00,DEBUG,6c4542f6fe57bfac,68d92d1261e2d7ec,nio-8080-exec-3,o.s.web.servlet.DispatcherServlet,Completed 200 OK
2026-07-29T15:59:29.396703+00:00,vets-service,vets-service-799f7d5b65-vzxc7,2026-07-29T15:59:25.859595+00:00,DEBUG,031881f6de6787b6,9fbc761309b4307b,io-8080-exec-18,o.s.web.servlet.DispatcherServlet,"GET ""/vets"", parameters={}"
2026-07-29T15:59:29.396703+00:00,vets-service,vets-service-799f7d5b65-vzxc7,2026-07-29T15:59:25.859591+00:00,DEBUG,6c4542f6fe57bfac,5fac136abc702152,nio-8080-exec-3,o.s.web.servlet.DispatcherServlet,"GET ""/vets"", parameters={}"
2026-07-29T15:59:29.396703+00:00,vets-service,vets-service-799f7d5b65-vzxc7,2026-07-29T15:59:25.357892+00:00,DEBUG,e012a2001f8e5b79,e012a2001f8e5b79,nio-8080-exec-8,o.s.web.servlet.DispatcherServlet,Completed 200 OK
2026-07-29T15:59:29.396703+00:00,vets-service,vets-service-799f7d5b65-vzxc7,2026-07-29T15:59:24.856488+00:00,DEBUG,5c55e5e8f8bcc2b1,89550435ab182e98,io-8080-exec-15,o.s.web.servlet.DispatcherServlet,Completed 200 OK
2026-07-29T15:59:29.396703+00:00,vets-service,vets-service-799f7d5b65-vzxc7,2026-07-29T15:59:24.104166+00:00,DEBUG,793e95a10485d937,917e239e06c5652d,io-8080-exec-19,o.s.web.servlet.DispatcherServlet,Completed 200 OK
2026-07-29T15:59:29.396703+00:00,vets-service,vets-service-799f7d5b65-vzxc7,2026-07-29T15:59:24.104162+00:00,DEBUG,5c55e5e8f8bcc2b1,da978b6765e8ce80,io-8080-exec-15,o.s.web.servlet.DispatcherServlet,"GET ""/vets"", parameters={}"
2026-07-29T15:59:29.396703+00:00,vets-service,vets-service-799f7d5b65-vzxc7,2026-07-29T15:59:23.352230+00:00,DEBUG,793e95a10485d937,6b29bcde0716f74c,io-8080-exec-19,o.s.web.servlet.DispatcherServlet,"GET ""/vets"", parameters={}"
2026-07-29T15:59:29.396703+00:00,vets-service,vets-service-799f7d5b65-vzxc7,2026-07-29T15:59:22.851157+00:00,DEBUG,040e163a4d76af2c,7f72f2569647a833,nio-8080-exec-9,o.s.web.servlet.DispatcherServlet,Completed 200 OK
2026-07-29T15:59:29.396703+00:00,vets-service,vets-service-799f7d5b65-vzxc7,2026-07-29T15:59:22.600496+00:00,DEBUG,040e163a4d76af2c,d5e3c90a3618f529,nio-8080-exec-9,o.s.web.servlet.DispatcherServlet,"GET ""/vets"", parameters={}"
2026-07-29T15:59:29.396703+00:00,vets-service,vets-service-799f7d5b65-vzxc7,2026-07-29T15:59:21.345997+00:00,DEBUG,e81572b3b9bedaf1,e81572b3b9bedaf1,io-8080-exec-21,o.s.web.servlet.DispatcherServlet,Completed 200 OK
2026-07-29T15:59:29.396703+00:00,vets-service,vets-service-799f7d5b65-vzxc7,2026-07-29T15:59:20.844715+00:00,DEBUG,e736dffd79ee2125,92d46e58b5bc0fee,io-8080-exec-17,o.s.web.servlet.DispatcherServlet,Completed 200 OK
2026-07-29T15:59:29.396703+00:00,vets-service,vets-service-799f7d5b65-vzxc7,2026-07-29T15:59:20.594527+00:00,DEBUG,e736dffd79ee2125,ed2c10e5c414ade2,io-8080-exec-17,o.s.web.servlet.DispatcherServlet,"GET ""/vets"", parameters={}"
2026-07-29T15:59:29.396703+00:00,vets-service,vets-service-799f7d5b65-vzxc7,2026-07-29T15:59:19.340813+00:00,DEBUG,f694590f671d79d3,8c67a35f68ec69d2,io-8080-exec-20,o.s.web.servlet.DispatcherServlet,Completed 200 OK
2026-07-29T15:59:29.396703+00:00,vets-service,vets-service-799f7d5b65-vzxc7,2026-07-29T15:59:19.340803+00:00,DEBUG,f694590f671d79d3,56087aee7f9badc9,io-8080-exec-20,o.s.web.servlet.DispatcherServlet,"GET ""/vets"", parameters={}"
2026-07-29T15:59:29.396703+00:00,vets-service,vets-service-799f7d5b65-vzxc7,2026-07-29T15:59:17.334715+00:00,DEBUG,1421f986002124b6,e4515617dbcec939,nio-8080-exec-5,o.s.web.servlet.DispatcherServlet,Completed 200 OK
2026-07-29T15:59:29.396703+00:00,vets-service,vets-service-799f7d5b65-vzxc7,2026-07-29T15:59:17.334711+00:00,DEBUG,1421f986002124b6,5d70a8cf728379ee,nio-8080-exec-5,o.s.web.servlet.DispatcherServlet,"GET ""/vets"", parameters={}"
2026-07-29T15:59:29.396703+00:00,vets-service,vets-service-799f7d5b65-vzxc7,2026-07-29T15:59:16.834224+00:00,DEBUG,3c6751de865ed0eb,3587673ea1223e40,io-8080-exec-18,o.s.web.servlet.DispatcherServlet,Completed 200 OK
2026-07-29T15:59:29.396703+00:00,vets-service,vets-service-799f7d5b65-vzxc7,2026-07-29T15:59:16.834198+00:00,DEBUG,3c6751de865ed0eb,19434b24a51194b3,io-8080-exec-18,o.s.web.servlet.DispatcherServlet,"GET ""/vets"", parameters={}"
2026-07-29T15:59:29.396703+00:00,vets-service,vets-service-799f7d5b65-vzxc7,2026-07-29T15:59:16.834194+00:00,DEBUG,fe787915e761ecd7,a8608b101eaee167,nio-8080-exec-3,o.s.web.servlet.DispatcherServlet,Completed 200 OK
2026-07-29T15:59:29.396703+00:00,vets-service,vets-service-799f7d5b65-vzxc7,2026-07-29T15:59:16.582935+00:00,DEBUG,fe787915e761ecd7,83af10687c2cf3c6,nio-8080-exec-3,o.s.web.servlet.DispatcherServlet,"GET ""/vets"", parameters={}"
2026-07-29T15:59:29.396703+00:00,vets-service,vets-service-799f7d5b65-vzxc7,2026-07-29T15:59:16.080563+00:00,DEBUG,d7ea565f3d5681e0,80816b5fc02fca89,nio-8080-exec-8,o.s.web.servlet.DispatcherServlet,Completed 200 OK
2026-07-29T15:59:29.396703+00:00,vets-service,vets-service-799f7d5b65-vzxc7,2026-07-29T15:59:15.829948+00:00,DEBUG,d7ea565f3d5681e0,0130eec9c7aabf14,nio-8080-exec-8,o.s.web.servlet.DispatcherServlet,"GET ""/vets"", parameters={}"
2026-07-29T15:59:29.396703+00:00,vets-service,vets-service-799f7d5b65-vzxc7,2026-07-29T15:59:15.829945+00:00,DEBUG,3acd4a4dab003c59,44572a3e5fa86d92,io-8080-exec-15,o.s.web.servlet.DispatcherServlet,Completed 200 OK
2026-07-29T15:59:29.396703+00:00,vets-service,vets-service-799f7d5b65-vzxc7,2026-07-29T15:59:15.579771+00:00,DEBUG,3acd4a4dab003c59,5ec6155221de0683,io-8080-exec-15,o.s.web.servlet.DispatcherServlet,"GET ""/vets"", parameters={}"
2026-07-29T15:59:29.396703+00:00,vets-service,vets-service-799f7d5b65-vzxc7,2026-07-29T15:59:13.072958+00:00,DEBUG,02d565076e1a374b,bbb5355b78d3c1c5,io-8080-exec-19,o.s.web.servlet.DispatcherServlet,Completed 200 OK
2026-07-29T15:59:29.396703+00:00,vets-service,vets-service-799f7d5b65-vzxc7,2026-07-29T15:59:12.821971+00:00,DEBUG,02d565076e1a374b,16008862d3b3279a,io-8080-exec-19,o.s.web.servlet.DispatcherServlet,"GET ""/vets"", parameters={}"
2026-07-29T15:59:29.396703+00:00,vets-service,vets-service-799f7d5b65-vzxc7,2026-07-29T15:59:12.570987+00:00,DEBUG,301589ed7a8438a0,f21df395cae0f501,nio-8080-exec-9,o.s.web.servlet.DispatcherServlet,Completed 200 OK
2026-07-29T15:59:29.396703+00:00,vets-service,vets-service-799f7d5b65-vzxc7,2026-07-29T15:59:11.817888+00:00,DEBUG,301589ed7a8438a0,eba76043966f349b,nio-8080-exec-9,o.s.web.servlet.DispatcherServlet,"GET ""/vets"", parameters={}"
2026-07-29T15:59:29.396703+00:00,vets-service,vets-service-799f7d5b65-vzxc7,2026-07-29T15:59:10.565598+00:00,DEBUG,e6ee1096566dc7ff,98301d27b0378ccc,io-8080-exec-21,o.s.web.servlet.DispatcherServlet,Completed 200 OK
2026-07-29T15:59:29.396703+00:00,vets-service,vets-service-799f7d5b65-vzxc7,2026-07-29T15:59:10.314979+00:00,DEBUG,f07fbd739ee30549,f07fbd739ee30549,io-8080-exec-17,o.s.web.servlet.DispatcherServlet,Completed 200 OK
2026-07-29T15:59:29.396703+00:00,vets-service,vets-service-799f7d5b65-vzxc7,2026-07-29T15:59:10.314949+00:00,DEBUG,26544e6a6204e037,bcda97d73dee4b51,io-8080-exec-20,o.s.web.servlet.DispatcherServlet,Completed 200 OK
2026-07-29T15:59:29.396703+00:00,vets-service,vets-service-799f7d5b65-vzxc7,2026-07-29T15:59:09.813514+00:00,DEBUG,e6ee1096566dc7ff,e006fa54a1b57b7e,io-8080-exec-21,o.s.web.servlet.DispatcherServlet,"GET ""/vets"", parameters={}"
2026-07-29T15:59:29.396703+00:00,vets-service,vets-service-799f7d5b65-vzxc7,2026-07-29T15:59:09.813500+00:00,DEBUG,5a66b8836d7548da,affff6824608d193,nio-8080-exec-5,o.s.web.servlet.DispatcherServlet,Completed 200 OK
2026-07-29T15:59:29.396703+00:00,vets-service,vets-service-799f7d5b65-vzxc7,2026-07-29T15:59:09.562495+00:00,DEBUG,26544e6a6204e037,359b8f61b84243ea,io-8080-exec-20,o.s.web.servlet.DispatcherServlet,"GET ""/vets"", parameters={}"
2026-07-29T15:59:29.396703+00:00,vets-service,vets-service-799f7d5b65-vzxc7,2026-07-29T15:59:09.312355+00:00,DEBUG,5700b42bc97e6b7a,318d0c69040b979f,io-8080-exec-18,o.s.web.servlet.DispatcherServlet,Completed 200 OK
2026-07-29T15:59:29.396703+00:00,vets-service,vets-service-799f7d5b65-vzxc7,2026-07-29T15:59:09.061829+00:00,DEBUG,5a66b8836d7548da,7a60f732e61db57f,nio-8080-exec-5,o.s.web.servlet.DispatcherServlet,"GET ""/vets"", parameters={}"
2026-07-29T15:59:29.396703+00:00,vets-service,vets-service-799f7d5b65-vzxc7,2026-07-29T15:59:08.560864+00:00,DEBUG,5700b42bc97e6b7a,526420f1e47f50b8,io-8080-exec-18,o.s.web.servlet.DispatcherServlet,"GET ""/vets"", parameters={}"
2026-07-29T15:59:29.396703+00:00,vets-service,vets-service-799f7d5b65-vzxc7,2026-07-29T15:59:07.808481+00:00,DEBUG,b29e021626f4c42e,e2732ca9e9f58139,nio-8080-exec-3,o.s.web.servlet.DispatcherServlet,Completed 200 OK
2026-07-29T15:59:29.396703+00:00,vets-service,vets-service-799f7d5b65-vzxc7,2026-07-29T15:59:07.808479+00:00,DEBUG,b29e021626f4c42e,1762121303c11708,nio-8080-exec-3,o.s.web.servlet.DispatcherServlet,"GET ""/vets"", parameters={}"
2026-07-29T15:59:29.396703+00:00,vets-service,vets-service-799f7d5b65-vzxc7,2026-07-29T15:59:07.306178+00:00,DEBUG,f3385cc6415815c1,6e7eeb79f5464eef,nio-8080-exec-8,o.s.web.servlet.DispatcherServlet,Completed 200 OK
2026-07-29T15:59:29.396703+00:00,vets-service,vets-service-799f7d5b65-vzxc7,2026-07-29T15:59:07.055433+00:00,DEBUG,f3385cc6415815c1,cb36386929a18ddc,nio-8080-exec-8,o.s.web.servlet.DispatcherServlet,"GET ""/vets"", parameters={}"
2026-07-29T15:59:29.396703+00:00,vets-service,vets-service-799f7d5b65-vzxc7,2026-07-29T15:59:06.804417+00:00,DEBUG,84ed01157fd48afa,84ed01157fd48afa,io-8080-exec-15,o.s.web.servlet.DispatcherServlet,Completed 200 OK
2026-07-29T15:59:29.396703+00:00,vets-service,vets-service-799f7d5b65-vzxc7,2026-07-29T15:59:06.303226+00:00,DEBUG,b21d7ea55cf7240d,b21d7ea55cf7240d,io-8080-exec-19,o.s.web.servlet.DispatcherServlet,Completed 200 OK
2026-07-29T15:59:29.396703+00:00,vets-service,vets-service-799f7d5b65-vzxc7,2026-07-29T15:59:04.548203+00:00,DEBUG,ba41fa3d05f765f8,2dd6c823b44fa59e,nio-8080-exec-9,o.s.web.servlet.DispatcherServlet,Completed 200 OK
2026-07-29T15:59:29.396703+00:00,vets-service,vets-service-799f7d5b65-vzxc7,2026-07-29T15:59:04.548199+00:00,DEBUG,ba41fa3d05f765f8,c4c3a3f86c0e4f85,nio-8080-exec-9,o.s.web.servlet.DispatcherServlet,"GET ""/vets"", parameters={}"
2026-07-29T15:59:29.396703+00:00,vets-service,vets-service-799f7d5b65-vzxc7,2026-07-29T15:59:04.297046+00:00,DEBUG,e862fefc78f60276,97cd0e96b5f51987,io-8080-exec-17,o.s.web.servlet.DispatcherServlet,Completed 200 OK
2026-07-29T15:59:29.396703+00:00,vets-service,vets-service-799f7d5b65-vzxc7,2026-07-29T15:59:04.297042+00:00,DEBUG,e862fefc78f60276,44c4062092aa4389,io-8080-exec-17,o.s.web.servlet.DispatcherServlet,"GET ""/vets"", parameters={}"
2026-07-29T15:59:29.396703+00:00,vets-service,vets-service-799f7d5b65-vzxc7,2026-07-29T15:59:03.293959+00:00,DEBUG,c957b5f255ccd4e8,7cf00e3a3fb73342,io-8080-exec-21,o.s.web.servlet.DispatcherServlet,Completed 200 OK
2026-07-29T15:59:29.396703+00:00,vets-service,vets-service-799f7d5b65-vzxc7,2026-07-29T15:59:03.043344+00:00,DEBUG,c957b5f255ccd4e8,18291b2b0dc1cebb,io-8080-exec-21,o.s.web.servlet.DispatcherServlet,"GET ""/vets"", parameters={}"
2026-07-29T15:59:29.396703+00:00,vets-service,vets-service-799f7d5b65-vzxc7,2026-07-29T15:59:02.291074+00:00,DEBUG,a8c55c4e4bfd14e1,e73d43ede54fe8c2,io-8080-exec-20,o.s.web.servlet.DispatcherServlet,Completed 200 OK
2026-07-29T15:59:29.396703+00:00,vets-service,vets-service-799f7d5b65-vzxc7,2026-07-29T15:59:02.291070+00:00,DEBUG,a8c55c4e4bfd14e1,6cd25ecc031d9871,io-8080-exec-20,o.s.web.servlet.DispatcherServlet,"GET ""/vets"", parameters={}"
2026-07-29T15:59:29.396703+00:00,vets-service,vets-service-799f7d5b65-vzxc7,2026-07-29T15:59:01.036145+00:00,DEBUG,75b4b9ca25d07403,5d0a187da4a79b2d,nio-8080-exec-5,o.s.web.servlet.DispatcherServlet,Completed 200 OK
2026-07-29T15:59:29.396703+00:00,vets-service,vets-service-799f7d5b65-vzxc7,2026-07-29T15:59:01.036140+00:00,DEBUG,75b4b9ca25d07403,acb26bfa3a1cba75,nio-8080-exec-5,o.s.web.servlet.DispatcherServlet,"GET ""/vets"", parameters={}"
2026-07-29T15:59:29.396703+00:00,vets-service,vets-service-799f7d5b65-vzxc7,2026-07-29T15:59:00.784898+00:00,DEBUG,c3455fd752ddf55b,beb5f0051a35ba40,io-8080-exec-18,o.s.web.servlet.DispatcherServlet,Completed 200 OK
2026-07-29T15:59:29.396703+00:00,vets-service,vets-service-799f7d5b65-vzxc7,2026-07-29T15:59:00.534439+00:00,DEBUG,c3455fd752ddf55b,02976d4a0114effc,io-8080-exec-18,o.s.web.servlet.DispatcherServlet,"GET ""/vets"", parameters={}"
2026-07-29T15:59:29.396703+00:00,vets-service,vets-service-799f7d5b65-vzxc7,2026-07-29T15:58:59.783414+00:00,DEBUG,c52eebbecef95b10,9ff1096e075ee3d2,nio-8080-exec-3,o.s.web.servlet.DispatcherServlet,Completed 200 OK
2026-07-29T15:59:29.396703+00:00,vets-service,vets-service-799f7d5b65-vzxc7,2026-07-29T15:58:59.783411+00:00,DEBUG,c52eebbecef95b10,dc59b7629429f52d,nio-8080-exec-3,o.s.web.servlet.DispatcherServlet,"GET ""/vets"", parameters={}"
2026-07-29T15:59:29.396703+00:00,vets-service,vets-service-799f7d5b65-vzxc7,2026-07-29T15:58:59.532699+00:00,DEBUG,2d8ef83eb0fd3280,9a4e0f906dc7aca9,nio-8080-exec-8,o.s.web.servlet.DispatcherServlet,Completed 200 OK
2026-07-29T15:59:29.396703+00:00,vets-service,vets-service-799f7d5b65-vzxc7,2026-07-29T15:58:59.281167+00:00,DEBUG,2d8ef83eb0fd3280,e36a351eeca6844e,nio-8080-exec-8,o.s.web.servlet.DispatcherServlet,"GET ""/vets"", parameters={}"
2026-07-29T15:59:29.396703+00:00,vets-service,vets-service-799f7d5b65-vzxc7,2026-07-29T15:58:58.529763+00:00,DEBUG,472b2d04afe185d7,89befb17c8543322,io-8080-exec-15,o.s.web.servlet.DispatcherServlet,Completed 200 OK
2026-07-29T15:59:29.396703+00:00,vets-service,vets-service-799f7d5b65-vzxc7,2026-07-29T15:58:58.529758+00:00,DEBUG,472b2d04afe185d7,036ff1db9ab19f56,io-8080-exec-15,o.s.web.servlet.DispatcherServlet,"GET ""/vets"", parameters={}"
2026-07-29T15:59:29.396703+00:00,vets-service,vets-service-799f7d5b65-vzxc7,2026-07-29T15:58:57.277034+00:00,DEBUG,d420a2da7d694240,f7616017fb089390,io-8080-exec-19,o.s.web.servlet.DispatcherServlet,Completed 200 OK
2026-07-29T15:59:29.396703+00:00,vets-service,vets-service-799f7d5b65-vzxc7,2026-07-29T15:58:57.277031+00:00,DEBUG,d420a2da7d694240,cb7537963b2c3526,io-8080-exec-19,o.s.web.servlet.DispatcherServlet,"GET ""/vets"", parameters={}"
2026-07-29T15:59:29.396703+00:00,vets-service,vets-service-799f7d5b65-vzxc7,2026-07-29T15:58:56.775030+00:00,DEBUG,233b077b8dcf88a4,f2ecc9f39b09181e,nio-8080-exec-9,o.s.web.servlet.DispatcherServlet,Completed 200 OK
2026-07-29T15:59:29.396703+00:00,vets-service,vets-service-799f7d5b65-vzxc7,2026-07-29T15:58:56.524587+00:00,DEBUG,233b077b8dcf88a4,645f5070d55f6653,nio-8080-exec-9,o.s.web.servlet.DispatcherServlet,"GET ""/vets"", parameters={}"
2026-07-29T15:59:29.396703+00:00,vets-service,vets-service-799f7d5b65-vzxc7,2026-07-29T15:58:56.524564+00:00,DEBUG,17c5be525a74aa35,9014b491ef52fd9b,io-8080-exec-17,o.s.web.servlet.DispatcherServlet,Completed 200 OK
2026-07-29T15:59:29.396703+00:00,vets-service,vets-service-799f7d5b65-vzxc7,2026-07-29T15:58:56.524559+00:00,DEBUG,17c5be525a74aa35,2b802b1f5ab84443,io-8080-exec-17,o.s.web.servlet.DispatcherServlet,"GET ""/vets"", parameters={}"
2026-07-29T15:59:29.396703+00:00,vets-service,vets-service-799f7d5b65-vzxc7,2026-07-29T15:58:56.024229+00:00,DEBUG,e529799f1c6dab88,20ce551d9cb18b57,io-8080-exec-21,o.s.web.servlet.DispatcherServlet,Completed 200 OK
2026-07-29T15:59:29.396703+00:00,vets-service,vets-service-799f7d5b65-vzxc7,2026-07-29T15:58:55.773594+00:00,DEBUG,e529799f1c6dab88,92cc33d324be1327,io-8080-exec-21,o.s.web.servlet.DispatcherServlet,"GET ""/vets"", parameters={}"
2026-07-29T15:59:29.396703+00:00,vets-service,vets-service-799f7d5b65-vzxc7,2026-07-29T15:58:55.273084+00:00,DEBUG,98b40a97b062fe82,98b40a97b062fe82,io-8080-exec-20,o.s.web.servlet.DispatcherServlet,Completed 200 OK
2026-07-29T15:59:29.396703+00:00,vets-service,vets-service-799f7d5b65-vzxc7,2026-07-29T15:58:53.018316+00:00,DEBUG,ecbadc6ae6de74e5,20a87aea7e7ede96,nio-8080-exec-5,o.s.web.servlet.DispatcherServlet,Completed 200 OK
2026-07-29T15:59:29.396703+00:00,vets-service,vets-service-799f7d5b65-vzxc7,2026-07-29T15:58:52.767741+00:00,DEBUG,ecbadc6ae6de74e5,9bef1b1da8ce5c6a,nio-8080-exec-5,o.s.web.servlet.DispatcherServlet,"GET ""/vets"", parameters={}"
2026-07-29T15:59:29.396703+00:00,vets-service,vets-service-799f7d5b65-vzxc7,2026-07-29T15:58:52.015247+00:00,DEBUG,f724cabd23bec010,1962d677a8832851,io-8080-exec-18,o.s.web.servlet.DispatcherServlet,Completed 200 OK
2026-07-29T15:59:29.396703+00:00,vets-service,vets-service-799f7d5b65-vzxc7,2026-07-29T15:58:52.015242+00:00,DEBUG,f724cabd23bec010,eca6ce3b99200cea,io-8080-exec-18,o.s.web.servlet.DispatcherServlet,"GET ""/vets"", parameters={}"
2026-07-29T15:59:29.396703+00:00,vets-service,vets-service-799f7d5b65-vzxc7,2026-07-29T15:58:51.513711+00:00,DEBUG,17ee8b3a8ee82848,17ee8b3a8ee82848,nio-8080-exec-3,o.s.web.servlet.DispatcherServlet,Completed 200 OK
2026-07-29T15:59:29.396703+00:00,vets-service,vets-service-799f7d5b65-vzxc7,2026-07-29T15:58:50.009287+00:00,DEBUG,fe22a9813af48288,d098456a7a5f01e5,nio-8080-exec-8,o.s.web.servlet.DispatcherServlet,Completed 200 OK
2026-07-29T15:59:29.396703+00:00,vets-service,vets-service-799f7d5b65-vzxc7,2026-07-29T15:58:50.009281+00:00,DEBUG,fe22a9813af48288,e95451b2148c38e2,nio-8080-exec-8,o.s.web.servlet.DispatcherServlet,"GET ""/vets"", parameters={}"
2026-07-29T15:59:29.396703+00:00,vets-service,vets-service-799f7d5b65-vzxc7,2026-07-29T15:58:48.001936+00:00,DEBUG,2275e60f66da37fd,d32c72eec04e9144,io-8080-exec-15,o.s.web.servlet.DispatcherServlet,Completed 200 OK
2026-07-29T15:59:29.396703+00:00,vets-service,vets-service-799f7d5b65-vzxc7,2026-07-29T15:58:47.750822+00:00,DEBUG,2275e60f66da37fd,8d2583a47433fdf0,io-8080-exec-15,o.s.web.servlet.DispatcherServlet,"GET ""/vets"", parameters={}"
2026-07-29T15:59:29.396703+00:00,vets-service,vets-service-799f7d5b65-vzxc7,2026-07-29T15:58:47.500471+00:00,DEBUG,b36a2063b01528f3,9c55672204aea8ea,io-8080-exec-19,o.s.web.servlet.DispatcherServlet,Completed 200 OK
2026-07-29T15:59:29.396703+00:00,vets-service,vets-service-799f7d5b65-vzxc7,2026-07-29T15:58:47.500468+00:00,DEBUG,b36a2063b01528f3,c1cf7c10445149e4,io-8080-exec-19,o.s.web.servlet.DispatcherServlet,"GET ""/vets"", parameters={}"
2026-07-29T15:59:29.396703+00:00,vets-service,vets-service-799f7d5b65-vzxc7,2026-07-29T15:58:46.999381+00:00,DEBUG,3a581e2bb1c359f2,e065e1b79e3137db,nio-8080-exec-9,o.s.web.servlet.DispatcherServlet,Completed 200 OK
2026-07-29T15:59:29.396703+00:00,vets-service,vets-service-799f7d5b65-vzxc7,2026-07-29T15:58:46.999377+00:00,DEBUG,3a581e2bb1c359f2,691accaf81b3b92a,nio-8080-exec-9,o.s.web.servlet.DispatcherServlet,"GET ""/vets"", parameters={}"
2026-07-29T15:59:29.396703+00:00,vets-service,vets-service-799f7d5b65-vzxc7,2026-07-29T15:58:46.748174+00:00,DEBUG,02f617d21f6450ab,02f617d21f6450ab,io-8080-exec-17,o.s.web.servlet.DispatcherServlet,Completed 200 OK
2026-07-29T15:59:29.396703+00:00,vets-service,vets-service-799f7d5b65-vzxc7,2026-07-29T15:58:45.494427+00:00,DEBUG,22c7e6ddb8bce6ea,84663d6a07083065,io-8080-exec-21,o.s.web.servlet.DispatcherServlet,Completed 200 OK
2026-07-29T15:59:29.396703+00:00,vets-service,vets-service-799f7d5b65-vzxc7,2026-07-29T15:58:45.494424+00:00,DEBUG,22c7e6ddb8bce6ea,ce9d2fb15f1e07d0,io-8080-exec-21,o.s.web.servlet.DispatcherServlet,"GET ""/vets"", parameters={}"
2026-07-29T15:59:29.396703+00:00,vets-service,vets-service-799f7d5b65-vzxc7,2026-07-29T15:58:44.992202+00:00,DEBUG,833f202464206658,18b4000f49981e89,io-8080-exec-20,o.s.web.servlet.DispatcherServlet,Completed 200 OK
2026-07-29T15:59:29.396703+00:00,vets-service,vets-service-799f7d5b65-vzxc7,2026-07-29T15:58:44.992198+00:00,DEBUG,833f202464206658,b0cfeefa2f4aaf92,io-8080-exec-20,o.s.web.servlet.DispatcherServlet,"GET ""/vets"", parameters={}"
2026-07-29T15:59:29.396703+00:00,vets-service,vets-service-799f7d5b65-vzxc7,2026-07-29T15:58:44.491152+00:00,DEBUG,0db920a2ba9b9c49,b769fbf5da124d57,nio-8080-exec-5,o.s.web.servlet.DispatcherServlet,Completed 200 OK
2026-07-29T15:59:29.396703+00:00,vets-service,vets-service-799f7d5b65-vzxc7,2026-07-29T15:58:44.241066+00:00,DEBUG,0db920a2ba9b9c49,adc3408cb2827e50,nio-8080-exec-5,o.s.web.servlet.DispatcherServlet,"GET ""/vets"", parameters={}"
2026-07-29T15:59:29.396703+00:00,vets-service,vets-service-799f7d5b65-vzxc7,2026-07-29T15:58:42.987123+00:00,DEBUG,1de0d58e6a59759f,eff0db1a91084248,io-8080-exec-18,o.s.web.servlet.DispatcherServlet,Completed 200 OK
2026-07-29T15:59:29.396703+00:00,vets-service,vets-service-799f7d5b65-vzxc7,2026-07-29T15:58:42.736240+00:00,DEBUG,1de0d58e6a59759f,da43bb0e37159f21,io-8080-exec-18,o.s.web.servlet.DispatcherServlet,"GET ""/vets"", parameters={}"
2026-07-29T15:59:29.396703+00:00,vets-service,vets-service-799f7d5b65-vzxc7,2026-07-29T15:58:42.736237+00:00,DEBUG,91e3cccc3e3a3bd6,bc41d57b1804ce39,nio-8080-exec-3,o.s.web.servlet.DispatcherServlet,Completed 200 OK
2026-07-29T15:59:29.396703+00:00,vets-service,vets-service-799f7d5b65-vzxc7,2026-07-29T15:58:42.484916+00:00,DEBUG,91e3cccc3e3a3bd6,318bdca590f0d80b,nio-8080-exec-3,o.s.web.servlet.DispatcherServlet,"GET ""/vets"", parameters={}"
2026-07-29T15:59:29.396703+00:00,vets-service,vets-service-799f7d5b65-vzxc7,2026-07-29T15:58:41.482348+00:00,DEBUG,0bf6b085283ccaab,4ddc9e36dd07c1d3,nio-8080-exec-8,o.s.web.servlet.DispatcherServlet,Completed 200 OK
2026-07-29T15:59:29.396703+00:00,vets-service,vets-service-799f7d5b65-vzxc7,2026-07-29T15:58:41.231101+00:00,DEBUG,0bf6b085283ccaab,83604e1ea8339c3b,nio-8080-exec-8,o.s.web.servlet.DispatcherServlet,"GET ""/vets"", parameters={}"
2026-07-29T15:59:29.396703+00:00,vets-service,vets-service-799f7d5b65-vzxc7,2026-07-29T15:58:40.728977+00:00,DEBUG,e5c47bcfbf85d1a3,5c58db39efb1a823,io-8080-exec-15,o.s.web.servlet.DispatcherServlet,Completed 200 OK
2026-07-29T15:59:29.396703+00:00,vets-service,vets-service-799f7d5b65-vzxc7,2026-07-29T15:58:40.728973+00:00,DEBUG,e5c47bcfbf85d1a3,85ae02839400eaf7,io-8080-exec-15,o.s.web.servlet.DispatcherServlet,"GET ""/vets"", parameters={}"
2026-07-29T15:59:29.396703+00:00,vets-service,vets-service-799f7d5b65-vzxc7,2026-07-29T15:58:40.478261+00:00,DEBUG,4abbe8bfedf1361c,4abbe8bfedf1361c,io-8080-exec-19,o.s.web.servlet.DispatcherServlet,Completed 200 OK
2026-07-29T15:59:29.396703+00:00,vets-service,vets-service-799f7d5b65-vzxc7,2026-07-29T15:58:39.977038+00:00,DEBUG,d9833a45c8cbba3b,a743d40e2682a503,nio-8080-exec-9,o.s.web.servlet.DispatcherServlet,Completed 200 OK
2026-07-29T15:59:29.396703+00:00,vets-service,vets-service-799f7d5b65-vzxc7,2026-07-29T15:58:39.977014+00:00,DEBUG,d9833a45c8cbba3b,a5a12a1b63c9c099,nio-8080-exec-9,o.s.web.servlet.DispatcherServlet,"GET ""/vets"", parameters={}"
2026-07-29T15:59:29.396703+00:00,vets-service,vets-service-799f7d5b65-vzxc7,2026-07-29T15:58:39.977010+00:00,DEBUG,02b5418fe852e860,905762dc4e32f049,io-8080-exec-17,o.s.web.servlet.DispatcherServlet,Completed 200 OK
2026-07-29T15:59:29.396703+00:00,vets-service,vets-service-799f7d5b65-vzxc7,2026-07-29T15:58:39.725702+00:00,DEBUG,02b5418fe852e860,80c9a48f2dfe918f,io-8080-exec-17,o.s.web.servlet.DispatcherServlet,"GET ""/vets"", parameters={}"
2026-07-29T15:59:29.396703+00:00,vets-service,vets-service-799f7d5b65-vzxc7,2026-07-29T15:58:39.475260+00:00,DEBUG,274e9029eb11a3d9,bfe5ab2ff1536198,io-8080-exec-21,o.s.web.servlet.DispatcherServlet,Completed 200 OK
2026-07-29T15:59:29.396703+00:00,vets-service,vets-service-799f7d5b65-vzxc7,2026-07-29T15:58:39.475234+00:00,DEBUG,274e9029eb11a3d9,1b301171ac0d0c80,io-8080-exec-21,o.s.web.servlet.DispatcherServlet,"GET ""/vets"", parameters={}"
2026-07-29T15:59:29.396703+00:00,vets-service,vets-service-799f7d5b65-vzxc7,2026-07-29T15:58:39.475230+00:00,DEBUG,4c189efc7f73a68e,495e058350ead2cd,io-8080-exec-20,o.s.web.servlet.DispatcherServlet,Completed 200 OK
2026-07-29T15:59:29.396703+00:00,vets-service,vets-service-799f7d5b65-vzxc7,2026-07-29T15:58:39.224967+00:00,DEBUG,4c189efc7f73a68e,b0d6d83deb5b4023,io-8080-exec-20,o.s.web.servlet.DispatcherServlet,"GET ""/vets"", parameters={}"
2026-07-29T15:59:29.396703+00:00,vets-service,vets-service-799f7d5b65-vzxc7,2026-07-29T15:58:37.219882+00:00,DEBUG,71eca43524491dbc,0d92b058b8e3d974,nio-8080-exec-5,o.s.web.servlet.DispatcherServlet,Completed 200 OK
2026-07-29T15:59:29.396703+00:00,vets-service,vets-service-799f7d5b65-vzxc7,2026-07-29T15:58:36.719541+00:00,DEBUG,71eca43524491dbc,73cbd047da5c658e,nio-8080-exec-5,o.s.web.servlet.DispatcherServlet,"GET ""/vets"", parameters={}"
2026-07-29T15:59:29.396703+00:00,vets-service,vets-service-799f7d5b65-vzxc7,2026-07-29T15:58:36.469197+00:00,DEBUG,f3d3526a9d278a39,189a59980c93584c,io-8080-exec-18,o.s.web.servlet.DispatcherServlet,Completed 200 OK
2026-07-29T15:59:29.396703+00:00,vets-service,vets-service-799f7d5b65-vzxc7,2026-07-29T15:58:36.469172+00:00,DEBUG,e0e631f351d80740,e0e631f351d80740,nio-8080-exec-3,o.s.web.servlet.DispatcherServlet,Completed 200 OK
2026-07-29T15:59:29.396703+00:00,vets-service,vets-service-799f7d5b65-vzxc7,2026-07-29T15:58:35.966867+00:00,DEBUG,f3d3526a9d278a39,6ddda8be0cdb232c,io-8080-exec-18,o.s.web.servlet.DispatcherServlet,"GET ""/vets"", parameters={}"
2026-07-29T15:59:29.396703+00:00,vets-service,vets-service-799f7d5b65-vzxc7,2026-07-29T15:58:35.716291+00:00,DEBUG,8ceb0181a2631abc,52c34e04bacdda42,nio-8080-exec-8,o.s.web.servlet.DispatcherServlet,Completed 200 OK
2026-07-29T15:59:29.396703+00:00,vets-service,vets-service-799f7d5b65-vzxc7,2026-07-29T15:58:35.215330+00:00,DEBUG,4e843ca899349619,f0e518095a65d2bc,io-8080-exec-15,o.s.web.servlet.DispatcherServlet,Completed 200 OK
2026-07-29T15:59:29.396703+00:00,vets-service,vets-service-799f7d5b65-vzxc7,2026-07-29T15:58:35.215224+00:00,DEBUG,8ceb0181a2631abc,43da603e85bfe3da,nio-8080-exec-8,o.s.web.servlet.DispatcherServlet,"GET ""/vets"", parameters={}"
2026-07-29T15:59:29.396703+00:00,vets-service,vets-service-799f7d5b65-vzxc7,2026-07-29T15:58:34.965075+00:00,DEBUG,13d0cb8de0eca66b,0bc32094ad06daf3,io-8080-exec-19,o.s.web.servlet.DispatcherServlet,Completed 200 OK
2026-07-29T15:59:29.396703+00:00,vets-service,vets-service-799f7d5b65-vzxc7,2026-07-29T15:58:34.463197+00:00,DEBUG,4e843ca899349619,2a855e3c8e7bd3dd,io-8080-exec-15,o.s.web.servlet.DispatcherServlet,"GET ""/vets"", parameters={}"
2026-07-29T15:59:29.396703+00:00,vets-service,vets-service-799f7d5b65-vzxc7,2026-07-29T15:58:34.212911+00:00,DEBUG,13d0cb8de0eca66b,4e34114b11b5dedc,io-8080-exec-19,o.s.web.servlet.DispatcherServlet,"GET ""/vets"", parameters={}"
2026-07-29T15:59:29.396703+00:00,vets-service,vets-service-799f7d5b65-vzxc7,2026-07-29T15:58:33.209934+00:00,DEBUG,f05eacdd0cc8ffee,031a5cc28f1abaee,nio-8080-exec-9,o.s.web.servlet.DispatcherServlet,Completed 200 OK
2026-07-29T15:59:29.396703+00:00,vets-service,vets-service-799f7d5b65-vzxc7,2026-07-29T15:58:33.209930+00:00,DEBUG,f05eacdd0cc8ffee,9cbae68e3b0f5fa5,nio-8080-exec-9,o.s.web.servlet.DispatcherServlet,"GET ""/vets"", parameters={}"
2026-07-29T15:59:29.396703+00:00,vets-service,vets-service-799f7d5b65-vzxc7,2026-07-29T15:58:32.708601+00:00,DEBUG,a4ff71e2d2da79f2,9d7510737be2e2a2,io-8080-exec-17,o.s.web.servlet.DispatcherServlet,Completed 200 OK
2026-07-29T15:59:29.396703+00:00,vets-service,vets-service-799f7d5b65-vzxc7,2026-07-29T15:58:32.708593+00:00,DEBUG,a4ff71e2d2da79f2,1903a0791d4c304b,io-8080-exec-17,o.s.web.servlet.DispatcherServlet,"GET ""/vets"", parameters={}"
2026-07-29T15:59:29.396703+00:00,vets-service,vets-service-799f7d5b65-vzxc7,2026-07-29T15:58:32.206961+00:00,DEBUG,9bddc709fd5aaf4b,d9aaa7ea13dcdd21,io-8080-exec-21,o.s.web.servlet.DispatcherServlet,Completed 200 OK
2026-07-29T15:59:29.396703+00:00,vets-service,vets-service-799f7d5b65-vzxc7,2026-07-29T15:58:32.206957+00:00,DEBUG,9bddc709fd5aaf4b,c70445985f1234f7,io-8080-exec-21,o.s.web.servlet.DispatcherServlet,"GET ""/vets"", parameters={}"
2026-07-29T15:59:29.396703+00:00,vets-service,vets-service-799f7d5b65-vzxc7,2026-07-29T15:58:26.941833+00:00,DEBUG,166a52d80443d847,166a52d80443d847,nio-8080-exec-5,o.s.web.servlet.DispatcherServlet,Completed 200 OK
2026-07-29T15:59:29.396703+00:00,vets-service,vets-service-799f7d5b65-vzxc7,2026-07-29T15:58:25.435607+00:00,DEBUG,ffb9135b1511895d,ffb9135b1511895d,io-8080-exec-18,o.s.web.servlet.DispatcherServlet,Completed 200 OK
2026-07-29T15:59:29.396703+00:00,visits-service,visits-service-6868c8596f-9q28w,2026-07-29T15:59:20.473104+00:00,DEBUG,a8a7193663f5808b,a8a7193663f5808b,nio-8080-exec-9,o.s.web.servlet.DispatcherServlet,Completed 200 OK
2026-07-29T15:59:29.396703+00:00,visits-service,visits-service-6868c8596f-9q28w,2026-07-29T15:59:16.712918+00:00,DEBUG,5fd548028a450338,5fd548028a450338,nio-8080-exec-6,o.s.web.servlet.DispatcherServlet,Completed 200 OK
2026-07-29T15:59:29.396703+00:00,visits-service,visits-service-6868c8596f-9q28w,2026-07-29T15:59:15.960415+00:00,DEBUG,848852c828021141,848852c828021141,nio-8080-exec-4,o.s.web.servlet.DispatcherServlet,Completed 200 OK
2026-07-29T15:59:29.396703+00:00,visits-service,visits-service-6868c8596f-9q28w,2026-07-29T15:59:05.430252+00:00,DEBUG,c390edafafa72600,c390edafafa72600,nio-8080-exec-7,o.s.web.servlet.DispatcherServlet,Completed 200 OK
2026-07-29T15:59:29.396703+00:00,visits-service,visits-service-6868c8596f-9q28w,2026-07-29T15:59:01.669006+00:00,DEBUG,f4fe07d2a409e888,f4fe07d2a409e888,nio-8080-exec-3,o.s.web.servlet.DispatcherServlet,Completed 200 OK
2026-07-29T15:59:29.396703+00:00,visits-service,visits-service-6868c8596f-9q28w,2026-07-29T15:58:55.903371+00:00,DEBUG,e45a724ec4403bb4,e45a724ec4403bb4,nio-8080-exec-2,o.s.web.servlet.DispatcherServlet,Completed 200 OK
2026-07-29T15:59:29.396703+00:00,visits-service,visits-service-6868c8596f-9q28w,2026-07-29T15:58:50.389110+00:00,DEBUG,3130888ed86505c7,3130888ed86505c7,nio-8080-exec-5,o.s.web.servlet.DispatcherServlet,Completed 200 OK
2026-07-29T15:59:29.396703+00:00,visits-service,visits-service-6868c8596f-9q28w,2026-07-29T15:58:46.627120+00:00,DEBUG,72c346174997e030,72c346174997e030,nio-8080-exec-8,o.s.web.servlet.DispatcherServlet,Completed 200 OK
2026-07-29T15:59:29.396703+00:00,visits-service,visits-service-6868c8596f-9q28w,2026-07-29T15:58:35.843873+00:00,DEBUG,f540206d3440a79d,f540206d3440a79d,nio-8080-exec-1,o.s.web.servlet.DispatcherServlet,Completed 200 OK
2026-07-29T15:59:29.396703+00:00,visits-service,visits-service-6868c8596f-9q28w,2026-07-29T15:58:35.341593+00:00,DEBUG,b9e4ad71fd8d2313,b9e4ad71fd8d2313,io-8080-exec-10,o.s.web.servlet.DispatcherServlet,Completed 200 OK
2026-07-29T15:59:29.396703+00:00,visits-service,visits-service-6868c8596f-9q28w,2026-07-29T15:58:31.579013+00:00,DEBUG,c5685616a07d2bbe,c5685616a07d2bbe,nio-8080-exec-9,o.s.web.servlet.DispatcherServlet,Completed 200 OK
2026-07-29T15:59:29.396703+00:00,visits-service,visits-service-6868c8596f-t5sfr,2026-07-29T15:59:29.370714+00:00,DEBUG,4559028034467519,b71f2d3ff47d50cf,nio-8080-exec-5,o.s.web.servlet.DispatcherServlet,Completed 200 OK
2026-07-29T15:59:29.396703+00:00,visits-service,visits-service-6868c8596f-t5sfr,2026-07-29T15:59:29.370712+00:00,DEBUG,4559028034467519,b71f2d3ff47d50cf,nio-8080-exec-5,o.s.web.servlet.DispatcherServlet,"GET ""/owners/1/pets/1/visits"", parameters={}"
2026-07-29T15:59:29.396703+00:00,visits-service,visits-service-6868c8596f-t5sfr,2026-07-29T15:59:28.868912+00:00,DEBUG,05ddea21197f03ae,b9310927679fd248,nio-8080-exec-6,o.s.web.servlet.DispatcherServlet,Completed 200 OK
2026-07-29T15:59:29.396703+00:00,visits-service,visits-service-6868c8596f-t5sfr,2026-07-29T15:59:28.868908+00:00,DEBUG,05ddea21197f03ae,b9310927679fd248,nio-8080-exec-6,o.s.web.servlet.DispatcherServlet,"GET ""/owners/1/pets/1/visits"", parameters={}"
2026-07-29T15:59:29.396703+00:00,visits-service,visits-service-6868c8596f-t5sfr,2026-07-29T15:59:27.864904+00:00,DEBUG,264cd87de561e48c,5520aa841ad75f38,io-8080-exec-10,o.s.web.servlet.DispatcherServlet,Completed 200 OK
2026-07-29T15:59:29.396703+00:00,visits-service,visits-service-6868c8596f-t5sfr,2026-07-29T15:59:27.864902+00:00,DEBUG,264cd87de561e48c,5520aa841ad75f38,io-8080-exec-10,o.s.web.servlet.DispatcherServlet,"GET ""/owners/1/pets/1/visits"", parameters={}"
2026-07-29T15:59:29.396703+00:00,visits-service,visits-service-6868c8596f-t5sfr,2026-07-29T15:59:27.111489+00:00,DEBUG,f4a3efd17544f56d,03ac917d0871cb47,nio-8080-exec-1,o.s.web.servlet.DispatcherServlet,Completed 200 OK
2026-07-29T15:59:29.396703+00:00,visits-service,visits-service-6868c8596f-t5sfr,2026-07-29T15:59:27.111485+00:00,DEBUG,f4a3efd17544f56d,03ac917d0871cb47,nio-8080-exec-1,o.s.web.servlet.DispatcherServlet,"GET ""/owners/1/pets/1/visits"", parameters={}"
2026-07-29T15:59:29.396703+00:00,visits-service,visits-service-6868c8596f-t5sfr,2026-07-29T15:59:26.861368+00:00,DEBUG,a65a732c907e8d59,7d2f4d24f8ce552a,nio-8080-exec-9,o.s.web.servlet.DispatcherServlet,Completed 200 OK
2026-07-29T15:59:29.396703+00:00,visits-service,visits-service-6868c8596f-t5sfr,2026-07-29T15:59:26.861348+00:00,DEBUG,e785801256fe8370,e785801256fe8370,nio-8080-exec-2,o.s.web.servlet.DispatcherServlet,Completed 200 OK
2026-07-29T15:59:29.396703+00:00,visits-service,visits-service-6868c8596f-t5sfr,2026-07-29T15:59:26.861275+00:00,DEBUG,a65a732c907e8d59,7d2f4d24f8ce552a,nio-8080-exec-9,o.s.web.servlet.DispatcherServlet,"GET ""/owners/1/pets/1/visits"", parameters={}"
2026-07-29T15:59:29.396703+00:00,visits-service,visits-service-6868c8596f-t5sfr,2026-07-29T15:59:26.360807+00:00,DEBUG,523ea6927757e1b2,0dfc37bb97020174,nio-8080-exec-3,o.s.web.servlet.DispatcherServlet,Completed 200 OK
2026-07-29T15:59:29.396703+00:00,visits-service,visits-service-6868c8596f-t5sfr,2026-07-29T15:59:26.360792+00:00,DEBUG,523ea6927757e1b2,0dfc37bb97020174,nio-8080-exec-3,o.s.web.servlet.DispatcherServlet,"GET ""/owners/1/pets/1/visits"", parameters={}"
2026-07-29T15:59:29.396703+00:00,visits-service,visits-service-6868c8596f-t5sfr,2026-07-29T15:59:26.360790+00:00,DEBUG,02939afdfd1a19b9,47b28d860354a06e,nio-8080-exec-7,o.s.web.servlet.DispatcherServlet,Completed 200 OK
2026-07-29T15:59:29.396703+00:00,visits-service,visits-service-6868c8596f-t5sfr,2026-07-29T15:59:26.110627+00:00,DEBUG,02939afdfd1a19b9,47b28d860354a06e,nio-8080-exec-7,o.s.web.servlet.DispatcherServlet,"GET ""/owners/1/pets/1/visits"", parameters={}"
2026-07-29T15:59:29.396703+00:00,visits-service,visits-service-6868c8596f-t5sfr,2026-07-29T15:59:25.357852+00:00,DEBUG,f4ae737542121e3f,f4ae737542121e3f,nio-8080-exec-4,o.s.web.servlet.DispatcherServlet,Completed 200 OK
2026-07-29T15:59:29.396703+00:00,visits-service,visits-service-6868c8596f-t5sfr,2026-07-29T15:59:25.107805+00:00,DEBUG,995d1115fb99f51f,09f08622c2a07a9f,nio-8080-exec-8,o.s.web.servlet.DispatcherServlet,Completed 200 OK
2026-07-29T15:59:29.396703+00:00,visits-service,visits-service-6868c8596f-t5sfr,2026-07-29T15:59:24.856693+00:00,DEBUG,995d1115fb99f51f,09f08622c2a07a9f,nio-8080-exec-8,o.s.web.servlet.DispatcherServlet,"GET ""/owners/1/pets/1/visits"", parameters={}"
2026-07-29T15:59:29.396703+00:00,visits-service,visits-service-6868c8596f-t5sfr,2026-07-29T15:59:23.853319+00:00,DEBUG,f92219dbaa4b531a,430a85cfb3fdb050,nio-8080-exec-5,o.s.web.servlet.DispatcherServlet,Completed 200 OK
2026-07-29T15:59:29.396703+00:00,visits-service,visits-service-6868c8596f-t5sfr,2026-07-29T15:59:23.602524+00:00,DEBUG,f92219dbaa4b531a,430a85cfb3fdb050,nio-8080-exec-5,o.s.web.servlet.DispatcherServlet,"GET ""/owners/1/pets/1/visits"", parameters={}"
2026-07-29T15:59:29.396703+00:00,visits-service,visits-service-6868c8596f-t5sfr,2026-07-29T15:59:22.851089+00:00,DEBUG,468b709f2e59f039,be8a8f96282e8d89,nio-8080-exec-6,o.s.web.servlet.DispatcherServlet,Completed 200 OK
2026-07-29T15:59:29.396703+00:00,visits-service,visits-service-6868c8596f-t5sfr,2026-07-29T15:59:22.851087+00:00,DEBUG,468b709f2e59f039,be8a8f96282e8d89,nio-8080-exec-6,o.s.web.servlet.DispatcherServlet,"GET ""/owners/1/pets/1/visits"", parameters={}"
2026-07-29T15:59:29.396703+00:00,visits-service,visits-service-6868c8596f-t5sfr,2026-07-29T15:59:22.350094+00:00,DEBUG,f51b537bde1fd387,629ee7bbacfee5d9,io-8080-exec-10,o.s.web.servlet.DispatcherServlet,Completed 200 OK
2026-07-29T15:59:29.396703+00:00,visits-service,visits-service-6868c8596f-t5sfr,2026-07-29T15:59:22.350091+00:00,DEBUG,f51b537bde1fd387,629ee7bbacfee5d9,io-8080-exec-10,o.s.web.servlet.DispatcherServlet,"GET ""/owners/1/pets/1/visits"", parameters={}"
2026-07-29T15:59:29.396703+00:00,visits-service,visits-service-6868c8596f-t5sfr,2026-07-29T15:59:21.346171+00:00,DEBUG,e25dbc95b507e378,8b34cbe99951faa1,nio-8080-exec-1,o.s.web.servlet.DispatcherServlet,Completed 200 OK
2026-07-29T15:59:29.396703+00:00,visits-service,visits-service-6868c8596f-t5sfr,2026-07-29T15:59:21.346168+00:00,DEBUG,e25dbc95b507e378,8b34cbe99951faa1,nio-8080-exec-1,o.s.web.servlet.DispatcherServlet,"GET ""/owners/1/pets/1/visits"", parameters={}"
2026-07-29T15:59:29.396703+00:00,visits-service,visits-service-6868c8596f-t5sfr,2026-07-29T15:59:20.343835+00:00,DEBUG,7d0d929b640e8c8d,127388c1107ef02e,nio-8080-exec-2,o.s.web.servlet.DispatcherServlet,Completed 200 OK
2026-07-29T15:59:29.396703+00:00,visits-service,visits-service-6868c8596f-t5sfr,2026-07-29T15:59:20.343831+00:00,DEBUG,7d0d929b640e8c8d,127388c1107ef02e,nio-8080-exec-2,o.s.web.servlet.DispatcherServlet,"GET ""/owners/1/pets/1/visits"", parameters={}"
2026-07-29T15:59:29.396703+00:00,visits-service,visits-service-6868c8596f-t5sfr,2026-07-29T15:59:19.591967+00:00,DEBUG,4d868efa4fc630a6,afb82d6b244671cd,nio-8080-exec-9,o.s.web.servlet.DispatcherServlet,Completed 200 OK
2026-07-29T15:59:29.396703+00:00,visits-service,visits-service-6868c8596f-t5sfr,2026-07-29T15:59:19.591956+00:00,DEBUG,4d868efa4fc630a6,afb82d6b244671cd,nio-8080-exec-9,o.s.web.servlet.DispatcherServlet,"GET ""/owners/1/pets/1/visits"", parameters={}"
2026-07-29T15:59:29.396703+00:00,visits-service,visits-service-6868c8596f-t5sfr,2026-07-29T15:59:18.338118+00:00,DEBUG,a72c4d525178a5d4,1033347c5bc5261b,nio-8080-exec-3,o.s.web.servlet.DispatcherServlet,Completed 200 OK
2026-07-29T15:59:29.396703+00:00,visits-service,visits-service-6868c8596f-t5sfr,2026-07-29T15:59:18.338097+00:00,DEBUG,a72c4d525178a5d4,1033347c5bc5261b,nio-8080-exec-3,o.s.web.servlet.DispatcherServlet,"GET ""/owners/1/pets/1/visits"", parameters={}"
2026-07-29T15:59:29.396703+00:00,visits-service,visits-service-6868c8596f-t5sfr,2026-07-29T15:59:18.338048+00:00,DEBUG,1d5420695c62f1ca,bda64af2976906e8,nio-8080-exec-7,o.s.web.servlet.DispatcherServlet,Completed 200 OK
2026-07-29T15:59:29.396703+00:00,visits-service,visits-service-6868c8596f-t5sfr,2026-07-29T15:59:18.338045+00:00,DEBUG,1d5420695c62f1ca,bda64af2976906e8,nio-8080-exec-7,o.s.web.servlet.DispatcherServlet,"GET ""/owners/1/pets/1/visits"", parameters={}"
2026-07-29T15:59:29.396703+00:00,visits-service,visits-service-6868c8596f-t5sfr,2026-07-29T15:59:16.080669+00:00,DEBUG,b50f98b6af8e933d,ba0ede6ee80a1b87,nio-8080-exec-4,o.s.web.servlet.DispatcherServlet,Completed 200 OK
2026-07-29T15:59:29.396703+00:00,visits-service,visits-service-6868c8596f-t5sfr,2026-07-29T15:59:16.080667+00:00,DEBUG,b50f98b6af8e933d,ba0ede6ee80a1b87,nio-8080-exec-4,o.s.web.servlet.DispatcherServlet,"GET ""/owners/1/pets/1/visits"", parameters={}"
2026-07-29T15:59:29.396703+00:00,visits-service,visits-service-6868c8596f-t5sfr,2026-07-29T15:59:15.830122+00:00,DEBUG,22666047b6ceca72,22666047b6ceca72,nio-8080-exec-8,o.s.web.servlet.DispatcherServlet,Completed 200 OK
2026-07-29T15:59:29.396703+00:00,visits-service,visits-service-6868c8596f-t5sfr,2026-07-29T15:59:15.329559+00:00,DEBUG,9e264d0361d4df85,75a8d1e1b2d84cdf,nio-8080-exec-5,o.s.web.servlet.DispatcherServlet,Completed 200 OK
2026-07-29T15:59:29.396703+00:00,visits-service,visits-service-6868c8596f-t5sfr,2026-07-29T15:59:15.329555+00:00,DEBUG,9e264d0361d4df85,75a8d1e1b2d84cdf,nio-8080-exec-5,o.s.web.servlet.DispatcherServlet,"GET ""/owners/1/pets/1/visits"", parameters={}"
2026-07-29T15:59:29.396703+00:00,visits-service,visits-service-6868c8596f-t5sfr,2026-07-29T15:59:15.079265+00:00,DEBUG,909c90ed518f2744,249c709c32daa514,nio-8080-exec-6,o.s.web.servlet.DispatcherServlet,Completed 200 OK
2026-07-29T15:59:29.396703+00:00,visits-service,visits-service-6868c8596f-t5sfr,2026-07-29T15:59:15.079210+00:00,DEBUG,909c90ed518f2744,249c709c32daa514,nio-8080-exec-6,o.s.web.servlet.DispatcherServlet,"GET ""/owners/1/pets/1/visits"", parameters={}"
2026-07-29T15:59:29.396703+00:00,visits-service,visits-service-6868c8596f-t5sfr,2026-07-29T15:59:15.079205+00:00,DEBUG,095dc026dec82db8,724c3b15558935e6,io-8080-exec-10,o.s.web.servlet.DispatcherServlet,Completed 200 OK
2026-07-29T15:59:29.396703+00:00,visits-service,visits-service-6868c8596f-t5sfr,2026-07-29T15:59:14.828184+00:00,DEBUG,095dc026dec82db8,724c3b15558935e6,io-8080-exec-10,o.s.web.servlet.DispatcherServlet,"GET ""/owners/1/pets/1/visits"", parameters={}"
2026-07-29T15:59:29.396703+00:00,visits-service,visits-service-6868c8596f-t5sfr,2026-07-29T15:59:14.326475+00:00,DEBUG,c6284e38d199b778,3939310a46cbcb46,nio-8080-exec-1,o.s.web.servlet.DispatcherServlet,Completed 200 OK
2026-07-29T15:59:29.396703+00:00,visits-service,visits-service-6868c8596f-t5sfr,2026-07-29T15:59:14.326471+00:00,DEBUG,c6284e38d199b778,3939310a46cbcb46,nio-8080-exec-1,o.s.web.servlet.DispatcherServlet,"GET ""/owners/1/pets/1/visits"", parameters={}"
2026-07-29T15:59:29.396703+00:00,visits-service,visits-service-6868c8596f-t5sfr,2026-07-29T15:59:14.075950+00:00,DEBUG,d258357c75802e16,8788bc7066fafe8c,nio-8080-exec-2,o.s.web.servlet.DispatcherServlet,Completed 200 OK
2026-07-29T15:59:29.396703+00:00,visits-service,visits-service-6868c8596f-t5sfr,2026-07-29T15:59:14.075945+00:00,DEBUG,d258357c75802e16,8788bc7066fafe8c,nio-8080-exec-2,o.s.web.servlet.DispatcherServlet,"GET ""/owners/1/pets/1/visits"", parameters={}"
2026-07-29T15:59:29.396703+00:00,visits-service,visits-service-6868c8596f-t5sfr,2026-07-29T15:59:13.825202+00:00,DEBUG,a1d4f841b5be8d91,fbfab7f0b530d292,nio-8080-exec-9,o.s.web.servlet.DispatcherServlet,Completed 200 OK
2026-07-29T15:59:29.396703+00:00,visits-service,visits-service-6868c8596f-t5sfr,2026-07-29T15:59:13.825199+00:00,DEBUG,a1d4f841b5be8d91,fbfab7f0b530d292,nio-8080-exec-9,o.s.web.servlet.DispatcherServlet,"GET ""/owners/1/pets/1/visits"", parameters={}"
2026-07-29T15:59:29.396703+00:00,visits-service,visits-service-6868c8596f-t5sfr,2026-07-29T15:59:12.822099+00:00,DEBUG,7af9f5d76bf62e0b,cee0a4d1e1670b36,nio-8080-exec-3,o.s.web.servlet.DispatcherServlet,Completed 200 OK
2026-07-29T15:59:29.396703+00:00,visits-service,visits-service-6868c8596f-t5sfr,2026-07-29T15:59:12.570890+00:00,DEBUG,7af9f5d76bf62e0b,cee0a4d1e1670b36,nio-8080-exec-3,o.s.web.servlet.DispatcherServlet,"GET ""/owners/1/pets/1/visits"", parameters={}"
2026-07-29T15:59:29.396703+00:00,visits-service,visits-service-6868c8596f-t5sfr,2026-07-29T15:59:11.567568+00:00,DEBUG,5fd1f2a558406b76,54acdc28d02e818a,nio-8080-exec-7,o.s.web.servlet.DispatcherServlet,Completed 200 OK
2026-07-29T15:59:29.396703+00:00,visits-service,visits-service-6868c8596f-t5sfr,2026-07-29T15:59:11.317309+00:00,DEBUG,5fd1f2a558406b76,54acdc28d02e818a,nio-8080-exec-7,o.s.web.servlet.DispatcherServlet,"GET ""/owners/1/pets/1/visits"", parameters={}"
2026-07-29T15:59:29.396703+00:00,visits-service,visits-service-6868c8596f-t5sfr,2026-07-29T15:59:11.317305+00:00,DEBUG,27e024fa9a95bc05,1ed3c05a2a86ea3f,nio-8080-exec-4,o.s.web.servlet.DispatcherServlet,Completed 200 OK
2026-07-29T15:59:29.396703+00:00,visits-service,visits-service-6868c8596f-t5sfr,2026-07-29T15:59:11.066899+00:00,DEBUG,27e024fa9a95bc05,1ed3c05a2a86ea3f,nio-8080-exec-4,o.s.web.servlet.DispatcherServlet,"GET ""/owners/1/pets/1/visits"", parameters={}"
2026-07-29T15:59:29.396703+00:00,visits-service,visits-service-6868c8596f-t5sfr,2026-07-29T15:59:11.066894+00:00,DEBUG,a95179fd9b351373,56a63284bc3448b9,nio-8080-exec-8,o.s.web.servlet.DispatcherServlet,Completed 200 OK
2026-07-29T15:59:29.396703+00:00,visits-service,visits-service-6868c8596f-t5sfr,2026-07-29T15:59:10.815819+00:00,DEBUG,a95179fd9b351373,56a63284bc3448b9,nio-8080-exec-8,o.s.web.servlet.DispatcherServlet,"GET ""/owners/1/pets/1/visits"", parameters={}"
2026-07-29T15:59:29.396703+00:00,visits-service,visits-service-6868c8596f-t5sfr,2026-07-29T15:59:10.315145+00:00,DEBUG,cb131d81be3f8a06,cb131d81be3f8a06,nio-8080-exec-5,o.s.web.servlet.DispatcherServlet,Completed 200 OK
2026-07-29T15:59:29.396703+00:00,visits-service,visits-service-6868c8596f-t5sfr,2026-07-29T15:59:10.315103+00:00,DEBUG,616867de3243e9b8,7b28090f286f4c31,nio-8080-exec-6,o.s.web.servlet.DispatcherServlet,Completed 200 OK
2026-07-29T15:59:29.396703+00:00,visits-service,visits-service-6868c8596f-t5sfr,2026-07-29T15:59:10.063825+00:00,DEBUG,616867de3243e9b8,7b28090f286f4c31,nio-8080-exec-6,o.s.web.servlet.DispatcherServlet,"GET ""/owners/1/pets/1/visits"", parameters={}"
2026-07-29T15:59:29.396703+00:00,visits-service,visits-service-6868c8596f-t5sfr,2026-07-29T15:59:08.811741+00:00,DEBUG,d77c85b0de471d36,361dfb4addb0e76b,io-8080-exec-10,o.s.web.servlet.DispatcherServlet,Completed 200 OK
2026-07-29T15:59:29.396703+00:00,visits-service,visits-service-6868c8596f-t5sfr,2026-07-29T15:59:08.811737+00:00,DEBUG,d77c85b0de471d36,361dfb4addb0e76b,io-8080-exec-10,o.s.web.servlet.DispatcherServlet,"GET ""/owners/1/pets/1/visits"", parameters={}"
2026-07-29T15:59:29.396703+00:00,visits-service,visits-service-6868c8596f-t5sfr,2026-07-29T15:59:08.560705+00:00,DEBUG,6a29c8c4abe37851,2b3aa926a177d298,nio-8080-exec-1,o.s.web.servlet.DispatcherServlet,Completed 200 OK
2026-07-29T15:59:29.396703+00:00,visits-service,visits-service-6868c8596f-t5sfr,2026-07-29T15:59:08.560701+00:00,DEBUG,6a29c8c4abe37851,2b3aa926a177d298,nio-8080-exec-1,o.s.web.servlet.DispatcherServlet,"GET ""/owners/1/pets/1/visits"", parameters={}"
2026-07-29T15:59:29.396703+00:00,visits-service,visits-service-6868c8596f-t5sfr,2026-07-29T15:59:08.309885+00:00,DEBUG,1892ff91bd1386af,ba2cfedbac530436,nio-8080-exec-2,o.s.web.servlet.DispatcherServlet,Completed 200 OK
2026-07-29T15:59:29.396703+00:00,visits-service,visits-service-6868c8596f-t5sfr,2026-07-29T15:59:08.309881+00:00,DEBUG,1892ff91bd1386af,ba2cfedbac530436,nio-8080-exec-2,o.s.web.servlet.DispatcherServlet,"GET ""/owners/1/pets/1/visits"", parameters={}"
2026-07-29T15:59:29.396703+00:00,visits-service,visits-service-6868c8596f-t5sfr,2026-07-29T15:59:07.557587+00:00,DEBUG,d40792f523ab7a0f,f9c5bf2b061e88ca,nio-8080-exec-9,o.s.web.servlet.DispatcherServlet,Completed 200 OK
2026-07-29T15:59:29.396703+00:00,visits-service,visits-service-6868c8596f-t5sfr,2026-07-29T15:59:07.557583+00:00,DEBUG,d40792f523ab7a0f,f9c5bf2b061e88ca,nio-8080-exec-9,o.s.web.servlet.DispatcherServlet,"GET ""/owners/1/pets/1/visits"", parameters={}"
2026-07-29T15:59:29.396703+00:00,visits-service,visits-service-6868c8596f-t5sfr,2026-07-29T15:59:06.804600+00:00,DEBUG,861ff96a7a67f057,861ff96a7a67f057,nio-8080-exec-3,o.s.web.servlet.DispatcherServlet,Completed 200 OK
2026-07-29T15:59:29.396703+00:00,visits-service,visits-service-6868c8596f-t5sfr,2026-07-29T15:59:06.804557+00:00,DEBUG,f65f36fead0286ad,0afb1e411fa7c1a0,nio-8080-exec-7,o.s.web.servlet.DispatcherServlet,Completed 200 OK
2026-07-29T15:59:29.396703+00:00,visits-service,visits-service-6868c8596f-t5sfr,2026-07-29T15:59:06.804553+00:00,DEBUG,f65f36fead0286ad,0afb1e411fa7c1a0,nio-8080-exec-7,o.s.web.servlet.DispatcherServlet,"GET ""/owners/1/pets/1/visits"", parameters={}"
2026-07-29T15:59:29.396703+00:00,visits-service,visits-service-6868c8596f-t5sfr,2026-07-29T15:59:06.303083+00:00,DEBUG,66ab99b78125fd1e,17a8066060fb9d71,nio-8080-exec-4,o.s.web.servlet.DispatcherServlet,Completed 200 OK
2026-07-29T15:59:29.396703+00:00,visits-service,visits-service-6868c8596f-t5sfr,2026-07-29T15:59:06.303079+00:00,DEBUG,66ab99b78125fd1e,17a8066060fb9d71,nio-8080-exec-4,o.s.web.servlet.DispatcherServlet,"GET ""/owners/1/pets/1/visits"", parameters={}"
2026-07-29T15:59:29.396703+00:00,visits-service,visits-service-6868c8596f-t5sfr,2026-07-29T15:59:05.802132+00:00,DEBUG,bfebc085a51f5544,b8e5b81f29fd9fef,nio-8080-exec-8,o.s.web.servlet.DispatcherServlet,Completed 200 OK
2026-07-29T15:59:29.396703+00:00,visits-service,visits-service-6868c8596f-t5sfr,2026-07-29T15:59:05.802129+00:00,DEBUG,bfebc085a51f5544,b8e5b81f29fd9fef,nio-8080-exec-8,o.s.web.servlet.DispatcherServlet,"GET ""/owners/1/pets/1/visits"", parameters={}"
2026-07-29T15:59:29.396703+00:00,visits-service,visits-service-6868c8596f-t5sfr,2026-07-29T15:59:05.551950+00:00,DEBUG,a5b5468aa480cd2e,055eaa3784676e0b,nio-8080-exec-5,o.s.web.servlet.DispatcherServlet,Completed 200 OK
2026-07-29T15:59:29.396703+00:00,visits-service,visits-service-6868c8596f-t5sfr,2026-07-29T15:59:05.551946+00:00,DEBUG,a5b5468aa480cd2e,055eaa3784676e0b,nio-8080-exec-5,o.s.web.servlet.DispatcherServlet,"GET ""/owners/1/pets/1/visits"", parameters={}"
2026-07-29T15:59:29.396703+00:00,visits-service,visits-service-6868c8596f-t5sfr,2026-07-29T15:59:05.301086+00:00,DEBUG,e357db635b66d2be,89f2a40d330f3677,nio-8080-exec-6,o.s.web.servlet.DispatcherServlet,Completed 200 OK
2026-07-29T15:59:29.396703+00:00,visits-service,visits-service-6868c8596f-t5sfr,2026-07-29T15:59:05.301082+00:00,DEBUG,e357db635b66d2be,89f2a40d330f3677,nio-8080-exec-6,o.s.web.servlet.DispatcherServlet,"GET ""/owners/1/pets/1/visits"", parameters={}"
2026-07-29T15:59:29.396703+00:00,visits-service,visits-service-6868c8596f-t5sfr,2026-07-29T15:59:05.050355+00:00,DEBUG,31c6bb75fd71fc24,232889312df5764d,io-8080-exec-10,o.s.web.servlet.DispatcherServlet,Completed 200 OK
2026-07-29T15:59:29.396703+00:00,visits-service,visits-service-6868c8596f-t5sfr,2026-07-29T15:59:05.050350+00:00,DEBUG,31c6bb75fd71fc24,232889312df5764d,io-8080-exec-10,o.s.web.servlet.DispatcherServlet,"GET ""/owners/1/pets/1/visits"", parameters={}"
2026-07-29T15:59:29.396703+00:00,visits-service,visits-service-6868c8596f-t5sfr,2026-07-29T15:59:04.046520+00:00,DEBUG,45fb341ea0c930ad,80efafdffcf9e628,nio-8080-exec-1,o.s.web.servlet.DispatcherServlet,Completed 200 OK
2026-07-29T15:59:29.396703+00:00,visits-service,visits-service-6868c8596f-t5sfr,2026-07-29T15:59:04.046517+00:00,DEBUG,45fb341ea0c930ad,80efafdffcf9e628,nio-8080-exec-1,o.s.web.servlet.DispatcherServlet,"GET ""/owners/1/pets/1/visits"", parameters={}"
2026-07-29T15:59:29.396703+00:00,visits-service,visits-service-6868c8596f-t5sfr,2026-07-29T15:59:03.544972+00:00,DEBUG,fb97a8a9777ca604,0ffa14428c44572b,nio-8080-exec-2,o.s.web.servlet.DispatcherServlet,Completed 200 OK
2026-07-29T15:59:29.396703+00:00,visits-service,visits-service-6868c8596f-t5sfr,2026-07-29T15:59:03.544968+00:00,DEBUG,fb97a8a9777ca604,0ffa14428c44572b,nio-8080-exec-2,o.s.web.servlet.DispatcherServlet,"GET ""/owners/1/pets/1/visits"", parameters={}"
2026-07-29T15:59:29.396703+00:00,visits-service,visits-service-6868c8596f-t5sfr,2026-07-29T15:59:02.039716+00:00,DEBUG,59d094a553ef2a4e,bee623cfbb31e761,nio-8080-exec-9,o.s.web.servlet.DispatcherServlet,Completed 200 OK
2026-07-29T15:59:29.396703+00:00,visits-service,visits-service-6868c8596f-t5sfr,2026-07-29T15:59:02.039711+00:00,DEBUG,59d094a553ef2a4e,bee623cfbb31e761,nio-8080-exec-9,o.s.web.servlet.DispatcherServlet,"GET ""/owners/1/pets/1/visits"", parameters={}"
2026-07-29T15:59:29.396703+00:00,visits-service,visits-service-6868c8596f-t5sfr,2026-07-29T15:59:01.788484+00:00,DEBUG,4f063637e1213795,38a0f8968f6e4a04,nio-8080-exec-3,o.s.web.servlet.DispatcherServlet,Completed 200 OK
2026-07-29T15:59:29.396703+00:00,visits-service,visits-service-6868c8596f-t5sfr,2026-07-29T15:59:01.788479+00:00,DEBUG,4f063637e1213795,38a0f8968f6e4a04,nio-8080-exec-3,o.s.web.servlet.DispatcherServlet,"GET ""/owners/1/pets/1/visits"", parameters={}"
2026-07-29T15:59:29.396703+00:00,visits-service,visits-service-6868c8596f-t5sfr,2026-07-29T15:59:01.537669+00:00,DEBUG,344ac3d2f5461e1e,1ea31a48c9467e49,nio-8080-exec-7,o.s.web.servlet.DispatcherServlet,Completed 200 OK
2026-07-29T15:59:29.396703+00:00,visits-service,visits-service-6868c8596f-t5sfr,2026-07-29T15:59:01.537625+00:00,DEBUG,344ac3d2f5461e1e,1ea31a48c9467e49,nio-8080-exec-7,o.s.web.servlet.DispatcherServlet,"GET ""/owners/1/pets/1/visits"", parameters={}"
2026-07-29T15:59:29.396703+00:00,visits-service,visits-service-6868c8596f-t5sfr,2026-07-29T15:59:01.537597+00:00,DEBUG,d3460c79177b1551,4da3cd41dcba3003,nio-8080-exec-4,o.s.web.servlet.DispatcherServlet,Completed 200 OK
2026-07-29T15:59:29.396703+00:00,visits-service,visits-service-6868c8596f-t5sfr,2026-07-29T15:59:01.537593+00:00,DEBUG,d3460c79177b1551,4da3cd41dcba3003,nio-8080-exec-4,o.s.web.servlet.DispatcherServlet,"GET ""/owners/1/pets/1/visits"", parameters={}"
2026-07-29T15:59:29.396703+00:00,visits-service,visits-service-6868c8596f-t5sfr,2026-07-29T15:59:00.784854+00:00,DEBUG,c5ea52699ad937c8,c5ea52699ad937c8,nio-8080-exec-8,o.s.web.servlet.DispatcherServlet,Completed 200 OK
2026-07-29T15:59:29.396703+00:00,visits-service,visits-service-6868c8596f-t5sfr,2026-07-29T15:59:00.033428+00:00,DEBUG,ccf8c46a7c8621c9,e62ea8a57fdc516f,nio-8080-exec-5,o.s.web.servlet.DispatcherServlet,Completed 200 OK
2026-07-29T15:59:29.396703+00:00,visits-service,visits-service-6868c8596f-t5sfr,2026-07-29T15:59:00.033424+00:00,DEBUG,ccf8c46a7c8621c9,e62ea8a57fdc516f,nio-8080-exec-5,o.s.web.servlet.DispatcherServlet,"GET ""/owners/1/pets/1/visits"", parameters={}"
2026-07-29T15:59:29.396703+00:00,visits-service,visits-service-6868c8596f-t5sfr,2026-07-29T15:58:57.026288+00:00,DEBUG,dda723e1425ad931,a87e1c2e570f1c2e,nio-8080-exec-6,o.s.web.servlet.DispatcherServlet,Completed 200 OK
2026-07-29T15:59:29.396703+00:00,visits-service,visits-service-6868c8596f-t5sfr,2026-07-29T15:58:57.026281+00:00,DEBUG,dda723e1425ad931,a87e1c2e570f1c2e,nio-8080-exec-6,o.s.web.servlet.DispatcherServlet,"GET ""/owners/1/pets/1/visits"", parameters={}"
2026-07-29T15:59:29.396703+00:00,visits-service,visits-service-6868c8596f-t5sfr,2026-07-29T15:58:56.274462+00:00,DEBUG,5b5c1d174f6052f4,721de3353fc4589f,io-8080-exec-10,o.s.web.servlet.DispatcherServlet,Completed 200 OK
2026-07-29T15:59:29.396703+00:00,visits-service,visits-service-6868c8596f-t5sfr,2026-07-29T15:58:56.274458+00:00,DEBUG,5b5c1d174f6052f4,721de3353fc4589f,io-8080-exec-10,o.s.web.servlet.DispatcherServlet,"GET ""/owners/1/pets/1/visits"", parameters={}"
2026-07-29T15:59:29.396703+00:00,visits-service,visits-service-6868c8596f-t5sfr,2026-07-29T15:58:55.273034+00:00,DEBUG,5a90891a861d8054,5a90891a861d8054,nio-8080-exec-1,o.s.web.servlet.DispatcherServlet,Completed 200 OK
2026-07-29T15:59:29.396703+00:00,visits-service,visits-service-6868c8596f-t5sfr,2026-07-29T15:58:54.521935+00:00,DEBUG,ec58094f8a6b0e27,eea4f41ecc0e358f,nio-8080-exec-2,o.s.web.servlet.DispatcherServlet,Completed 200 OK
2026-07-29T15:59:29.396703+00:00,visits-service,visits-service-6868c8596f-t5sfr,2026-07-29T15:58:54.521931+00:00,DEBUG,ec58094f8a6b0e27,eea4f41ecc0e358f,nio-8080-exec-2,o.s.web.servlet.DispatcherServlet,"GET ""/owners/1/pets/1/visits"", parameters={}"
2026-07-29T15:59:29.396703+00:00,visits-service,visits-service-6868c8596f-t5sfr,2026-07-29T15:58:53.269044+00:00,DEBUG,773f52f153197dd5,9b746e39b91c1b45,nio-8080-exec-9,o.s.web.servlet.DispatcherServlet,Completed 200 OK
2026-07-29T15:59:29.396703+00:00,visits-service,visits-service-6868c8596f-t5sfr,2026-07-29T15:58:53.269040+00:00,DEBUG,773f52f153197dd5,9b746e39b91c1b45,nio-8080-exec-9,o.s.web.servlet.DispatcherServlet,"GET ""/owners/1/pets/1/visits"", parameters={}"
2026-07-29T15:59:29.396703+00:00,visits-service,visits-service-6868c8596f-t5sfr,2026-07-29T15:58:52.266377+00:00,DEBUG,f228938462126cd2,3faf4fb2e65afd95,nio-8080-exec-3,o.s.web.servlet.DispatcherServlet,Completed 200 OK
2026-07-29T15:59:29.396703+00:00,visits-service,visits-service-6868c8596f-t5sfr,2026-07-29T15:58:52.266373+00:00,DEBUG,f228938462126cd2,3faf4fb2e65afd95,nio-8080-exec-3,o.s.web.servlet.DispatcherServlet,"GET ""/owners/1/pets/1/visits"", parameters={}"
2026-07-29T15:59:29.396703+00:00,visits-service,visits-service-6868c8596f-t5sfr,2026-07-29T15:58:51.764040+00:00,DEBUG,67b8dc74f0b035e8,a50b06339d33eaef,nio-8080-exec-7,o.s.web.servlet.DispatcherServlet,Completed 200 OK
2026-07-29T15:59:29.396703+00:00,visits-service,visits-service-6868c8596f-t5sfr,2026-07-29T15:58:51.764036+00:00,DEBUG,67b8dc74f0b035e8,a50b06339d33eaef,nio-8080-exec-7,o.s.web.servlet.DispatcherServlet,"GET ""/owners/1/pets/1/visits"", parameters={}"
2026-07-29T15:59:29.396703+00:00,visits-service,visits-service-6868c8596f-t5sfr,2026-07-29T15:58:50.510408+00:00,DEBUG,af06a657d9ef26d1,64cbffa0098f97eb,nio-8080-exec-4,o.s.web.servlet.DispatcherServlet,Completed 200 OK
2026-07-29T15:59:29.396703+00:00,visits-service,visits-service-6868c8596f-t5sfr,2026-07-29T15:58:50.510404+00:00,DEBUG,af06a657d9ef26d1,64cbffa0098f97eb,nio-8080-exec-4,o.s.web.servlet.DispatcherServlet,"GET ""/owners/1/pets/1/visits"", parameters={}"
2026-07-29T15:59:29.396703+00:00,visits-service,visits-service-6868c8596f-t5sfr,2026-07-29T15:58:50.009155+00:00,DEBUG,a8523fde6ef9c70c,602567dbe3e98ba6,nio-8080-exec-8,o.s.web.servlet.DispatcherServlet,Completed 200 OK
2026-07-29T15:59:29.396703+00:00,visits-service,visits-service-6868c8596f-t5sfr,2026-07-29T15:58:50.009144+00:00,DEBUG,a8523fde6ef9c70c,602567dbe3e98ba6,nio-8080-exec-8,o.s.web.servlet.DispatcherServlet,"GET ""/owners/1/pets/1/visits"", parameters={}"
2026-07-29T15:59:29.396703+00:00,visits-service,visits-service-6868c8596f-t5sfr,2026-07-29T15:58:48.503284+00:00,DEBUG,f62cc18612c92db2,b8de5816e26545a7,nio-8080-exec-5,o.s.web.servlet.DispatcherServlet,Completed 200 OK
2026-07-29T15:59:29.396703+00:00,visits-service,visits-service-6868c8596f-t5sfr,2026-07-29T15:58:48.503280+00:00,DEBUG,f62cc18612c92db2,b8de5816e26545a7,nio-8080-exec-5,o.s.web.servlet.DispatcherServlet,"GET ""/owners/1/pets/1/visits"", parameters={}"
2026-07-29T15:59:29.396703+00:00,visits-service,visits-service-6868c8596f-t5sfr,2026-07-29T15:58:48.252265+00:00,DEBUG,4d6548b1adf70984,816be46a7aea7b8e,nio-8080-exec-6,o.s.web.servlet.DispatcherServlet,Completed 200 OK
2026-07-29T15:59:29.396703+00:00,visits-service,visits-service-6868c8596f-t5sfr,2026-07-29T15:58:48.252261+00:00,DEBUG,4d6548b1adf70984,816be46a7aea7b8e,nio-8080-exec-6,o.s.web.servlet.DispatcherServlet,"GET ""/owners/1/pets/1/visits"", parameters={}"
2026-07-29T15:59:29.396703+00:00,visits-service,visits-service-6868c8596f-t5sfr,2026-07-29T15:58:46.748219+00:00,DEBUG,fced0e3d63ab3b7d,fced0e3d63ab3b7d,io-8080-exec-10,o.s.web.servlet.DispatcherServlet,Completed 200 OK
2026-07-29T15:59:29.396703+00:00,visits-service,visits-service-6868c8596f-t5sfr,2026-07-29T15:58:46.497126+00:00,DEBUG,4d303514af06480d,ab5e97952bdf8b10,nio-8080-exec-1,o.s.web.servlet.DispatcherServlet,Completed 200 OK
2026-07-29T15:59:29.396703+00:00,visits-service,visits-service-6868c8596f-t5sfr,2026-07-29T15:58:46.497122+00:00,DEBUG,4d303514af06480d,ab5e97952bdf8b10,nio-8080-exec-1,o.s.web.servlet.DispatcherServlet,"GET ""/owners/1/pets/1/visits"", parameters={}"
2026-07-29T15:59:29.396703+00:00,visits-service,visits-service-6868c8596f-t5sfr,2026-07-29T15:58:45.996335+00:00,DEBUG,1bc7681b0739a8f0,eb748cf1e10013aa,nio-8080-exec-2,o.s.web.servlet.DispatcherServlet,Completed 200 OK
2026-07-29T15:59:29.396703+00:00,visits-service,visits-service-6868c8596f-t5sfr,2026-07-29T15:58:45.996312+00:00,DEBUG,1bc7681b0739a8f0,eb748cf1e10013aa,nio-8080-exec-2,o.s.web.servlet.DispatcherServlet,"GET ""/owners/1/pets/1/visits"", parameters={}"
2026-07-29T15:59:29.396703+00:00,visits-service,visits-service-6868c8596f-t5sfr,2026-07-29T15:58:45.996284+00:00,DEBUG,9a9c02973bd4b41b,0479ca7a10da1931,nio-8080-exec-9,o.s.web.servlet.DispatcherServlet,Completed 200 OK
2026-07-29T15:59:29.396703+00:00,visits-service,visits-service-6868c8596f-t5sfr,2026-07-29T15:58:45.996273+00:00,DEBUG,9a9c02973bd4b41b,0479ca7a10da1931,nio-8080-exec-9,o.s.web.servlet.DispatcherServlet,"GET ""/owners/1/pets/1/visits"", parameters={}"
2026-07-29T15:59:29.396703+00:00,visits-service,visits-service-6868c8596f-t5sfr,2026-07-29T15:58:45.745468+00:00,DEBUG,d253469b43c90df1,02a3e75a03c7865b,nio-8080-exec-3,o.s.web.servlet.DispatcherServlet,Completed 200 OK
2026-07-29T15:59:29.396703+00:00,visits-service,visits-service-6868c8596f-t5sfr,2026-07-29T15:58:45.745433+00:00,DEBUG,d253469b43c90df1,02a3e75a03c7865b,nio-8080-exec-3,o.s.web.servlet.DispatcherServlet,"GET ""/owners/1/pets/1/visits"", parameters={}"
2026-07-29T15:59:29.396703+00:00,visits-service,visits-service-6868c8596f-t5sfr,2026-07-29T15:58:45.745395+00:00,DEBUG,372c63a11de9de64,372c63a11de9de64,nio-8080-exec-7,o.s.web.servlet.DispatcherServlet,Completed 200 OK
2026-07-29T15:59:29.396703+00:00,visits-service,visits-service-6868c8596f-t5sfr,2026-07-29T15:58:45.745368+00:00,DEBUG,bc639f750a79caa0,f46f3ba33b9bb1a0,nio-8080-exec-4,o.s.web.servlet.DispatcherServlet,Completed 200 OK
2026-07-29T15:59:29.396703+00:00,visits-service,visits-service-6868c8596f-t5sfr,2026-07-29T15:58:45.494540+00:00,DEBUG,bc639f750a79caa0,f46f3ba33b9bb1a0,nio-8080-exec-4,o.s.web.servlet.DispatcherServlet,"GET ""/owners/1/pets/1/visits"", parameters={}"
2026-07-29T15:59:29.396703+00:00,visits-service,visits-service-6868c8596f-t5sfr,2026-07-29T15:58:45.243242+00:00,DEBUG,a758b36213f5b204,fec19810a25f7a8d,nio-8080-exec-8,o.s.web.servlet.DispatcherServlet,Completed 200 OK
2026-07-29T15:59:29.396703+00:00,visits-service,visits-service-6868c8596f-t5sfr,2026-07-29T15:58:45.243238+00:00,DEBUG,a758b36213f5b204,fec19810a25f7a8d,nio-8080-exec-8,o.s.web.servlet.DispatcherServlet,"GET ""/owners/1/pets/1/visits"", parameters={}"
2026-07-29T15:59:29.396703+00:00,visits-service,visits-service-6868c8596f-t5sfr,2026-07-29T15:58:44.741270+00:00,DEBUG,a195d2333bd312f0,c9b9d1aa96949c1b,nio-8080-exec-5,o.s.web.servlet.DispatcherServlet,Completed 200 OK
2026-07-29T15:59:29.396703+00:00,visits-service,visits-service-6868c8596f-t5sfr,2026-07-29T15:58:44.741262+00:00,DEBUG,a195d2333bd312f0,c9b9d1aa96949c1b,nio-8080-exec-5,o.s.web.servlet.DispatcherServlet,"GET ""/owners/1/pets/1/visits"", parameters={}"
2026-07-29T15:59:29.396703+00:00,visits-service,visits-service-6868c8596f-t5sfr,2026-07-29T15:58:43.489293+00:00,DEBUG,c73a250ebb48ab9d,c29a706bdb31b493,nio-8080-exec-6,o.s.web.servlet.DispatcherServlet,Completed 200 OK
2026-07-29T15:59:29.396703+00:00,visits-service,visits-service-6868c8596f-t5sfr,2026-07-29T15:58:43.489289+00:00,DEBUG,c73a250ebb48ab9d,c29a706bdb31b493,nio-8080-exec-6,o.s.web.servlet.DispatcherServlet,"GET ""/owners/1/pets/1/visits"", parameters={}"
2026-07-29T15:59:29.396703+00:00,visits-service,visits-service-6868c8596f-t5sfr,2026-07-29T15:58:42.484868+00:00,DEBUG,2d50a01c004fb7c6,e5a48a5cd8bfd88e,io-8080-exec-10,o.s.web.servlet.DispatcherServlet,Completed 200 OK
2026-07-29T15:59:29.396703+00:00,visits-service,visits-service-6868c8596f-t5sfr,2026-07-29T15:58:41.984097+00:00,DEBUG,2d50a01c004fb7c6,e5a48a5cd8bfd88e,io-8080-exec-10,o.s.web.servlet.DispatcherServlet,"GET ""/owners/1/pets/1/visits"", parameters={}"
2026-07-29T15:59:29.396703+00:00,visits-service,visits-service-6868c8596f-t5sfr,2026-07-29T15:58:41.733407+00:00,DEBUG,1806efff36752661,3d7523f6494c8983,nio-8080-exec-1,o.s.web.servlet.DispatcherServlet,Completed 200 OK
2026-07-29T15:59:29.396703+00:00,visits-service,visits-service-6868c8596f-t5sfr,2026-07-29T15:58:41.733403+00:00,DEBUG,1806efff36752661,3d7523f6494c8983,nio-8080-exec-1,o.s.web.servlet.DispatcherServlet,"GET ""/owners/1/pets/1/visits"", parameters={}"
2026-07-29T15:59:29.396703+00:00,visits-service,visits-service-6868c8596f-t5sfr,2026-07-29T15:58:40.980011+00:00,DEBUG,bad14fc19f882830,9fcd07812e9aa51b,nio-8080-exec-2,o.s.web.servlet.DispatcherServlet,Completed 200 OK
2026-07-29T15:59:29.396703+00:00,visits-service,visits-service-6868c8596f-t5sfr,2026-07-29T15:58:40.980006+00:00,DEBUG,bad14fc19f882830,9fcd07812e9aa51b,nio-8080-exec-2,o.s.web.servlet.DispatcherServlet,"GET ""/owners/1/pets/1/visits"", parameters={}"
2026-07-29T15:59:29.396703+00:00,visits-service,visits-service-6868c8596f-t5sfr,2026-07-29T15:58:40.478403+00:00,DEBUG,ef68373096d2607d,ef68373096d2607d,nio-8080-exec-9,o.s.web.servlet.DispatcherServlet,Completed 200 OK
2026-07-29T15:59:29.396703+00:00,visits-service,visits-service-6868c8596f-t5sfr,2026-07-29T15:58:40.227628+00:00,DEBUG,71ae8ccbccb4e2c3,6420db7dcc9ce28f,nio-8080-exec-3,o.s.web.servlet.DispatcherServlet,Completed 200 OK
2026-07-29T15:59:29.396703+00:00,visits-service,visits-service-6868c8596f-t5sfr,2026-07-29T15:58:40.227591+00:00,DEBUG,71ae8ccbccb4e2c3,6420db7dcc9ce28f,nio-8080-exec-3,o.s.web.servlet.DispatcherServlet,"GET ""/owners/1/pets/1/visits"", parameters={}"
2026-07-29T15:59:29.396703+00:00,visits-service,visits-service-6868c8596f-t5sfr,2026-07-29T15:58:40.227566+00:00,DEBUG,5cac645bf1eec961,1aa3313f666866f0,nio-8080-exec-7,o.s.web.servlet.DispatcherServlet,Completed 200 OK
2026-07-29T15:59:29.396703+00:00,visits-service,visits-service-6868c8596f-t5sfr,2026-07-29T15:58:40.227562+00:00,DEBUG,5cac645bf1eec961,1aa3313f666866f0,nio-8080-exec-7,o.s.web.servlet.DispatcherServlet,"GET ""/owners/1/pets/1/visits"", parameters={}"
2026-07-29T15:59:29.396703+00:00,visits-service,visits-service-6868c8596f-t5sfr,2026-07-29T15:58:38.473009+00:00,DEBUG,028ec2154e178dd6,a33ee4d869e72ace,nio-8080-exec-4,o.s.web.servlet.DispatcherServlet,Completed 200 OK
2026-07-29T15:59:29.396703+00:00,visits-service,visits-service-6868c8596f-t5sfr,2026-07-29T15:58:38.473005+00:00,DEBUG,028ec2154e178dd6,a33ee4d869e72ace,nio-8080-exec-4,o.s.web.servlet.DispatcherServlet,"GET ""/owners/1/pets/1/visits"", parameters={}"
2026-07-29T15:59:29.396703+00:00,visits-service,visits-service-6868c8596f-t5sfr,2026-07-29T15:58:38.222031+00:00,DEBUG,ce6e5804551db3ad,fff2d0f145806369,nio-8080-exec-8,o.s.web.servlet.DispatcherServlet,Completed 200 OK
2026-07-29T15:59:29.396703+00:00,visits-service,visits-service-6868c8596f-t5sfr,2026-07-29T15:58:38.222027+00:00,DEBUG,ce6e5804551db3ad,fff2d0f145806369,nio-8080-exec-8,o.s.web.servlet.DispatcherServlet,"GET ""/owners/1/pets/1/visits"", parameters={}"
2026-07-29T15:59:29.396703+00:00,visits-service,visits-service-6868c8596f-t5sfr,2026-07-29T15:58:37.971144+00:00,DEBUG,d0cfc9802a5cf94c,d8fba157e2c6bd70,nio-8080-exec-5,o.s.web.servlet.DispatcherServlet,Completed 200 OK
2026-07-29T15:59:29.396703+00:00,visits-service,visits-service-6868c8596f-t5sfr,2026-07-29T15:58:37.971119+00:00,DEBUG,aa770e04723f6642,107348f22446a58e,nio-8080-exec-6,o.s.web.servlet.DispatcherServlet,Completed 200 OK
2026-07-29T15:59:29.396703+00:00,visits-service,visits-service-6868c8596f-t5sfr,2026-07-29T15:58:37.971114+00:00,DEBUG,d0cfc9802a5cf94c,d8fba157e2c6bd70,nio-8080-exec-5,o.s.web.servlet.DispatcherServlet,"GET ""/owners/1/pets/1/visits"", parameters={}"
2026-07-29T15:59:29.396703+00:00,visits-service,visits-service-6868c8596f-t5sfr,2026-07-29T15:58:37.720653+00:00,DEBUG,aa770e04723f6642,107348f22446a58e,nio-8080-exec-6,o.s.web.servlet.DispatcherServlet,"GET ""/owners/1/pets/1/visits"", parameters={}"
2026-07-29T15:59:29.396703+00:00,visits-service,visits-service-6868c8596f-t5sfr,2026-07-29T15:58:37.219986+00:00,DEBUG,0311267b2886e445,63a2a1c64a0685b8,io-8080-exec-10,o.s.web.servlet.DispatcherServlet,Completed 200 OK
2026-07-29T15:59:29.396703+00:00,visits-service,visits-service-6868c8596f-t5sfr,2026-07-29T15:58:37.219984+00:00,DEBUG,0311267b2886e445,63a2a1c64a0685b8,io-8080-exec-10,o.s.web.servlet.DispatcherServlet,"GET ""/owners/1/pets/1/visits"", parameters={}"
2026-07-29T15:59:29.396703+00:00,visits-service,visits-service-6868c8596f-t5sfr,2026-07-29T15:58:36.719492+00:00,DEBUG,0dc272e37721371c,07754e91504dd138,nio-8080-exec-1,o.s.web.servlet.DispatcherServlet,Completed 200 OK
2026-07-29T15:59:29.396703+00:00,visits-service,visits-service-6868c8596f-t5sfr,2026-07-29T15:58:36.719488+00:00,DEBUG,0dc272e37721371c,07754e91504dd138,nio-8080-exec-1,o.s.web.servlet.DispatcherServlet,"GET ""/owners/1/pets/1/visits"", parameters={}"
2026-07-29T15:59:29.396703+00:00,visits-service,visits-service-6868c8596f-t5sfr,2026-07-29T15:58:36.469213+00:00,DEBUG,35ac7e6338f16532,9670c72c01cb3b28,nio-8080-exec-2,o.s.web.servlet.DispatcherServlet,Completed 200 OK
2026-07-29T15:59:29.396703+00:00,visits-service,visits-service-6868c8596f-t5sfr,2026-07-29T15:58:36.469211+00:00,DEBUG,35ac7e6338f16532,9670c72c01cb3b28,nio-8080-exec-2,o.s.web.servlet.DispatcherServlet,"GET ""/owners/1/pets/1/visits"", parameters={}"
2026-07-29T15:59:29.396703+00:00,visits-service,visits-service-6868c8596f-t5sfr,2026-07-29T15:58:35.966810+00:00,DEBUG,6a93f005d2955efc,5fbd51d281b115ad,nio-8080-exec-9,o.s.web.servlet.DispatcherServlet,Completed 200 OK
2026-07-29T15:59:29.396703+00:00,visits-service,visits-service-6868c8596f-t5sfr,2026-07-29T15:58:35.716137+00:00,DEBUG,6a93f005d2955efc,5fbd51d281b115ad,nio-8080-exec-9,o.s.web.servlet.DispatcherServlet,"GET ""/owners/1/pets/1/visits"", parameters={}"
2026-07-29T15:59:29.396703+00:00,visits-service,visits-service-6868c8596f-t5sfr,2026-07-29T15:58:35.466016+00:00,DEBUG,f2e963f1f5fe27e3,b85a3544a89c8ede,nio-8080-exec-3,o.s.web.servlet.DispatcherServlet,Completed 200 OK
2026-07-29T15:59:29.396703+00:00,visits-service,visits-service-6868c8596f-t5sfr,2026-07-29T15:58:35.466012+00:00,DEBUG,f2e963f1f5fe27e3,b85a3544a89c8ede,nio-8080-exec-3,o.s.web.servlet.DispatcherServlet,"GET ""/owners/1/pets/1/visits"", parameters={}"
2026-07-29T15:59:29.396703+00:00,visits-service,visits-service-6868c8596f-t5sfr,2026-07-29T15:58:34.713901+00:00,DEBUG,56e7364f9ae4cdf8,77b14a62703805ea,nio-8080-exec-7,o.s.web.servlet.DispatcherServlet,Completed 200 OK
2026-07-29T15:59:29.396703+00:00,visits-service,visits-service-6868c8596f-t5sfr,2026-07-29T15:58:34.713896+00:00,DEBUG,56e7364f9ae4cdf8,77b14a62703805ea,nio-8080-exec-7,o.s.web.servlet.DispatcherServlet,"GET ""/owners/1/pets/1/visits"", parameters={}"
2026-07-29T15:59:29.396703+00:00,visits-service,visits-service-6868c8596f-t5sfr,2026-07-29T15:58:34.212821+00:00,DEBUG,849c268d783c4ed3,cbdabf1e80687256,nio-8080-exec-4,o.s.web.servlet.DispatcherServlet,Completed 200 OK
2026-07-29T15:59:29.396703+00:00,visits-service,visits-service-6868c8596f-t5sfr,2026-07-29T15:58:33.961830+00:00,DEBUG,849c268d783c4ed3,cbdabf1e80687256,nio-8080-exec-4,o.s.web.servlet.DispatcherServlet,"GET ""/owners/1/pets/1/visits"", parameters={}"
2026-07-29T15:59:29.396703+00:00,visits-service,visits-service-6868c8596f-t5sfr,2026-07-29T15:58:33.961826+00:00,DEBUG,7f5119e79dda0fad,dc861cd96f6b0d1b,nio-8080-exec-8,o.s.web.servlet.DispatcherServlet,Completed 200 OK
2026-07-29T15:59:29.396703+00:00,visits-service,visits-service-6868c8596f-t5sfr,2026-07-29T15:58:33.710728+00:00,DEBUG,7f5119e79dda0fad,dc861cd96f6b0d1b,nio-8080-exec-8,o.s.web.servlet.DispatcherServlet,"GET ""/owners/1/pets/1/visits"", parameters={}"
2026-07-29T15:59:29.396703+00:00,visits-service,visits-service-6868c8596f-t5sfr,2026-07-29T15:58:32.458261+00:00,DEBUG,305a85cfccda9b5d,33d352bb7af8db6c,nio-8080-exec-5,o.s.web.servlet.DispatcherServlet,Completed 200 OK
2026-07-29T15:59:29.396703+00:00,visits-service,visits-service-6868c8596f-t5sfr,2026-07-29T15:58:32.458257+00:00,DEBUG,305a85cfccda9b5d,33d352bb7af8db6c,nio-8080-exec-5,o.s.web.servlet.DispatcherServlet,"GET ""/owners/1/pets/1/visits"", parameters={}"
2026-07-29T15:59:29.396703+00:00,visits-service,visits-service-6868c8596f-t5sfr,2026-07-29T15:58:31.956717+00:00,DEBUG,e351cddc23c620d2,8d600a924cdd25b5,nio-8080-exec-6,o.s.web.servlet.DispatcherServlet,Completed 200 OK
2026-07-29T15:59:29.396703+00:00,visits-service,visits-service-6868c8596f-t5sfr,2026-07-29T15:58:31.956712+00:00,DEBUG,e351cddc23c620d2,8d600a924cdd25b5,nio-8080-exec-6,o.s.web.servlet.DispatcherServlet,"GET ""/owners/1/pets/1/visits"", parameters={}"
2026-07-29T15:59:29.396703+00:00,visits-service,visits-service-6868c8596f-t5sfr,2026-07-29T15:58:30.703635+00:00,DEBUG,597950c81c403e22,597950c81c403e22,io-8080-exec-10,o.s.web.servlet.DispatcherServlet,Completed 200 OK
2026-07-29T15:59:29.396703+00:00,visits-service,visits-service-6868c8596f-t5sfr,2026-07-29T15:58:26.941904+00:00,DEBUG,729629bb08f1e6dd,729629bb08f1e6dd,nio-8080-exec-1,o.s.web.servlet.DispatcherServlet,Completed 200 OK
2026-07-29T15:59:29.396703+00:00,visits-service,visits-service-6868c8596f-t5sfr,2026-07-29T15:58:25.435632+00:00,DEBUG,2460efebe6159bf6,2460efebe6159bf6,nio-8080-exec-2,o.s.web.servlet.DispatcherServlet,Completed 200 OK
2026-07-29T16:00:29.395915+00:00,customers-service,customers-service-68987c986f-ctsnj,2026-07-29T16:00:27.650268+00:00,DEBUG,c27a32c6a21a1f85,05fee832c2c6d484,io-8080-exec-25,o.s.web.servlet.DispatcherServlet,Completed 200 OK
2026-07-29T16:00:29.395915+00:00,customers-service,customers-service-68987c986f-ctsnj,2026-07-29T16:00:27.399645+00:00,DEBUG,c27a32c6a21a1f85,fbf3dc096ee3ce13,io-8080-exec-25,o.s.web.servlet.DispatcherServlet,"GET ""/owners"", parameters={}"
2026-07-29T16:00:29.395915+00:00,customers-service,customers-service-68987c986f-ctsnj,2026-07-29T16:00:26.899070+00:00,DEBUG,7c132f075547da30,1c3fc33aa89c527b,io-8080-exec-13,o.s.web.servlet.DispatcherServlet,Completed 200 OK
2026-07-29T16:00:29.395915+00:00,customers-service,customers-service-68987c986f-ctsnj,2026-07-29T16:00:26.899067+00:00,DEBUG,7c132f075547da30,ccfe245f174920d9,io-8080-exec-13,o.s.web.servlet.DispatcherServlet,"GET ""/owners/1"", parameters={}"
2026-07-29T16:00:29.395915+00:00,customers-service,customers-service-68987c986f-ctsnj,2026-07-29T16:00:26.398185+00:00,DEBUG,7bd3fb279dda50af,ca9c5fe8b4d7e069,io-8080-exec-10,o.s.web.servlet.DispatcherServlet,Completed 200 OK
2026-07-29T16:00:29.395915+00:00,customers-service,customers-service-68987c986f-ctsnj,2026-07-29T16:00:26.147487+00:00,DEBUG,7bd3fb279dda50af,0107147ecf3fc679,io-8080-exec-10,o.s.web.servlet.DispatcherServlet,"GET ""/owners"", parameters={}"
2026-07-29T16:00:29.395915+00:00,customers-service,customers-service-68987c986f-ctsnj,2026-07-29T16:00:25.897211+00:00,DEBUG,4979ee215d9287f4,4979ee215d9287f4,io-8080-exec-20,o.s.web.servlet.DispatcherServlet,Completed 200 OK
2026-07-29T16:00:29.395915+00:00,customers-service,customers-service-68987c986f-ctsnj,2026-07-29T16:00:25.395360+00:00,DEBUG,a17c4ad65bd4e2a6,867fee13a7da9f88,io-8080-exec-18,o.s.web.servlet.DispatcherServlet,Completed 200 OK
2026-07-29T16:00:29.395915+00:00,customers-service,customers-service-68987c986f-ctsnj,2026-07-29T16:00:25.145010+00:00,DEBUG,a17c4ad65bd4e2a6,edf0dd9f4e3777a6,io-8080-exec-18,o.s.web.servlet.DispatcherServlet,"GET ""/owners/1"", parameters={}"
2026-07-29T16:00:29.395915+00:00,customers-service,customers-service-68987c986f-ctsnj,2026-07-29T16:00:24.392835+00:00,DEBUG,fec523ed718b8664,3738cca3c216a4d5,io-8080-exec-32,o.s.web.servlet.DispatcherServlet,Completed 200 OK
2026-07-29T16:00:29.395915+00:00,customers-service,customers-service-68987c986f-ctsnj,2026-07-29T16:00:24.392826+00:00,DEBUG,fec523ed718b8664,8cd528859e77a5f5,io-8080-exec-32,o.s.web.servlet.DispatcherServlet,"GET ""/owners/1"", parameters={}"
2026-07-29T16:00:29.395915+00:00,customers-service,customers-service-68987c986f-ctsnj,2026-07-29T16:00:23.891195+00:00,DEBUG,72c074a0064d217a,51293d82dd259c69,nio-8080-exec-2,o.s.web.servlet.DispatcherServlet,Completed 200 OK
2026-07-29T16:00:29.395915+00:00,customers-service,customers-service-68987c986f-ctsnj,2026-07-29T16:00:23.639796+00:00,DEBUG,72c074a0064d217a,10211e8f1e7a7d57,nio-8080-exec-2,o.s.web.servlet.DispatcherServlet,"GET ""/owners"", parameters={}"
2026-07-29T16:00:29.395915+00:00,customers-service,customers-service-68987c986f-ctsnj,2026-07-29T16:00:23.137696+00:00,DEBUG,7061890ce3782ac3,cd2047e85234ce4e,nio-8080-exec-3,o.s.web.servlet.DispatcherServlet,Completed 200 OK
2026-07-29T16:00:29.395915+00:00,customers-service,customers-service-68987c986f-ctsnj,2026-07-29T16:00:23.137690+00:00,DEBUG,7061890ce3782ac3,0cb2f26f3c54ef81,nio-8080-exec-3,o.s.web.servlet.DispatcherServlet,"GET ""/owners/1"", parameters={}"
2026-07-29T16:00:29.395915+00:00,customers-service,customers-service-68987c986f-ctsnj,2026-07-29T16:00:22.134550+00:00,DEBUG,82f0a183f4bd40c3,82f0a183f4bd40c3,nio-8080-exec-9,o.s.web.servlet.DispatcherServlet,Completed 200 OK
2026-07-29T16:00:29.395915+00:00,customers-service,customers-service-68987c986f-ctsnj,2026-07-29T16:00:21.883366+00:00,DEBUG,3b622da9386cd8c0,e8097985b16d0e4c,io-8080-exec-17,o.s.web.servlet.DispatcherServlet,Completed 200 OK
2026-07-29T16:00:29.395915+00:00,customers-service,customers-service-68987c986f-ctsnj,2026-07-29T16:00:21.632152+00:00,DEBUG,b8d2c232fa7cdcbf,0f268b3efd9e41b6,nio-8080-exec-5,o.s.web.servlet.DispatcherServlet,Completed 200 OK
2026-07-29T16:00:29.395915+00:00,customers-service,customers-service-68987c986f-ctsnj,2026-07-29T16:00:21.381364+00:00,DEBUG,3b622da9386cd8c0,99428171faca7bfa,io-8080-exec-17,o.s.web.servlet.DispatcherServlet,"GET ""/owners/1"", parameters={}"
2026-07-29T16:00:29.395915+00:00,customers-service,customers-service-68987c986f-ctsnj,2026-07-29T16:00:20.879297+00:00,DEBUG,8a733bbb391dc82c,8a733bbb391dc82c,io-8080-exec-25,o.s.web.servlet.DispatcherServlet,Completed 200 OK
2026-07-29T16:00:29.395915+00:00,customers-service,customers-service-68987c986f-ctsnj,2026-07-29T16:00:20.628272+00:00,DEBUG,c8ec42a17282aeec,8264235dcd29c86a,io-8080-exec-13,o.s.web.servlet.DispatcherServlet,Completed 200 OK
2026-07-29T16:00:29.395915+00:00,customers-service,customers-service-68987c986f-ctsnj,2026-07-29T16:00:20.377392+00:00,DEBUG,c8ec42a17282aeec,5febc412d8936bd4,io-8080-exec-13,o.s.web.servlet.DispatcherServlet,"GET ""/owners/1"", parameters={}"
2026-07-29T16:00:29.395915+00:00,customers-service,customers-service-68987c986f-ctsnj,2026-07-29T16:00:20.126260+00:00,DEBUG,b8d2c232fa7cdcbf,374f962555faedfa,nio-8080-exec-5,o.s.web.servlet.DispatcherServlet,"GET ""/owners"", parameters={}"
2026-07-29T16:00:29.395915+00:00,customers-service,customers-service-68987c986f-ctsnj,2026-07-29T16:00:19.875149+00:00,DEBUG,9ea0ecd0527465e9,23cff5f584ee4a93,io-8080-exec-10,o.s.web.servlet.DispatcherServlet,Completed 200 OK
2026-07-29T16:00:29.395915+00:00,customers-service,customers-service-68987c986f-ctsnj,2026-07-29T16:00:19.875145+00:00,DEBUG,087ae95d30f244e0,fb1d3e3eb6319b80,io-8080-exec-20,o.s.web.servlet.DispatcherServlet,Completed 200 OK
2026-07-29T16:00:29.395915+00:00,customers-service,customers-service-68987c986f-ctsnj,2026-07-29T16:00:19.373661+00:00,DEBUG,9ea0ecd0527465e9,b190672725274826,io-8080-exec-10,o.s.web.servlet.DispatcherServlet,"GET ""/owners/1"", parameters={}"
2026-07-29T16:00:29.395915+00:00,customers-service,customers-service-68987c986f-ctsnj,2026-07-29T16:00:18.872481+00:00,DEBUG,7cd40ca99086be5f,15908714211ed7ca,io-8080-exec-18,o.s.web.servlet.DispatcherServlet,Completed 200 OK
2026-07-29T16:00:29.395915+00:00,customers-service,customers-service-68987c986f-ctsnj,2026-07-29T16:00:18.370450+00:00,DEBUG,087ae95d30f244e0,9b0d6f7d77a9c00c,io-8080-exec-20,o.s.web.servlet.DispatcherServlet,"GET ""/owners"", parameters={}"
2026-07-29T16:00:29.395915+00:00,customers-service,customers-service-68987c986f-ctsnj,2026-07-29T16:00:17.869246+00:00,DEBUG,7cd40ca99086be5f,e58a4fbd43548610,io-8080-exec-18,o.s.web.servlet.DispatcherServlet,"GET ""/owners"", parameters={}"
2026-07-29T16:00:29.395915+00:00,customers-service,customers-service-68987c986f-ctsnj,2026-07-29T16:00:17.116310+00:00,DEBUG,d29624fda60915b5,791e1d952e538c01,io-8080-exec-32,o.s.web.servlet.DispatcherServlet,Completed 200 OK
2026-07-29T16:00:29.395915+00:00,customers-service,customers-service-68987c986f-ctsnj,2026-07-29T16:00:17.116303+00:00,DEBUG,d29624fda60915b5,db81e2c667f73b79,io-8080-exec-32,o.s.web.servlet.DispatcherServlet,"GET ""/owners/1"", parameters={}"
2026-07-29T16:00:29.395915+00:00,customers-service,customers-service-68987c986f-ctsnj,2026-07-29T16:00:16.865118+00:00,DEBUG,b114e7dfb448f856,7641686a41b224aa,nio-8080-exec-2,o.s.web.servlet.DispatcherServlet,Completed 200 OK
2026-07-29T16:00:29.395915+00:00,customers-service,customers-service-68987c986f-ctsnj,2026-07-29T16:00:16.614353+00:00,DEBUG,b114e7dfb448f856,8d3af34dc9e911f2,nio-8080-exec-2,o.s.web.servlet.DispatcherServlet,"GET ""/owners"", parameters={}"
2026-07-29T16:00:29.395915+00:00,customers-service,customers-service-68987c986f-ctsnj,2026-07-29T16:00:15.109462+00:00,DEBUG,bd2d2c9ebfe28889,1c9341360327298f,nio-8080-exec-3,o.s.web.servlet.DispatcherServlet,Completed 200 OK
2026-07-29T16:00:29.395915+00:00,customers-service,customers-service-68987c986f-ctsnj,2026-07-29T16:00:14.858356+00:00,DEBUG,bd2d2c9ebfe28889,c2127050f9e8526c,nio-8080-exec-3,o.s.web.servlet.DispatcherServlet,"GET ""/owners/1"", parameters={}"
2026-07-29T16:00:29.395915+00:00,customers-service,customers-service-68987c986f-ctsnj,2026-07-29T16:00:14.608299+00:00,DEBUG,4dd105af24dadd57,c7d3b700534b1c47,nio-8080-exec-9,o.s.web.servlet.DispatcherServlet,Completed 200 OK
2026-07-29T16:00:29.395915+00:00,customers-service,customers-service-68987c986f-ctsnj,2026-07-29T16:00:14.608286+00:00,DEBUG,4dd105af24dadd57,07c721c3db319ad8,nio-8080-exec-9,o.s.web.servlet.DispatcherServlet,"GET ""/owners/1"", parameters={}"
2026-07-29T16:00:29.395915+00:00,customers-service,customers-service-68987c986f-ctsnj,2026-07-29T16:00:13.605835+00:00,DEBUG,40947da1872b5872,88da37ca0b8cb315,io-8080-exec-17,o.s.web.servlet.DispatcherServlet,Completed 200 OK
2026-07-29T16:00:29.395915+00:00,customers-service,customers-service-68987c986f-ctsnj,2026-07-29T16:00:13.605631+00:00,DEBUG,40947da1872b5872,931c4f8496725a02,io-8080-exec-17,o.s.web.servlet.DispatcherServlet,"GET ""/owners"", parameters={}"
2026-07-29T16:00:29.395915+00:00,customers-service,customers-service-68987c986f-ctsnj,2026-07-29T16:00:13.105039+00:00,DEBUG,8373e0f0886fa482,5ccc5c88b34b4717,io-8080-exec-25,o.s.web.servlet.DispatcherServlet,Completed 200 OK
2026-07-29T16:00:29.395915+00:00,customers-service,customers-service-68987c986f-ctsnj,2026-07-29T16:00:13.105035+00:00,DEBUG,8373e0f0886fa482,f0ca3d3afff901c9,io-8080-exec-25,o.s.web.servlet.DispatcherServlet,"GET ""/owners/1"", parameters={}"
2026-07-29T16:00:29.395915+00:00,customers-service,customers-service-68987c986f-ctsnj,2026-07-29T16:00:12.353492+00:00,DEBUG,d72b4d6ceefeb30b,2af1d7542ef19003,io-8080-exec-13,o.s.web.servlet.DispatcherServlet,Completed 200 OK
2026-07-29T16:00:29.395915+00:00,customers-service,customers-service-68987c986f-ctsnj,2026-07-29T16:00:12.353486+00:00,DEBUG,d72b4d6ceefeb30b,5bae3ffb7fc44108,io-8080-exec-13,o.s.web.servlet.DispatcherServlet,"GET ""/owners/1"", parameters={}"
2026-07-29T16:00:29.395915+00:00,customers-service,customers-service-68987c986f-ctsnj,2026-07-29T16:00:12.103182+00:00,DEBUG,e93983e04adbede7,bcf58d58a459bc3d,nio-8080-exec-5,o.s.web.servlet.DispatcherServlet,Completed 200 OK
2026-07-29T16:00:29.395915+00:00,customers-service,customers-service-68987c986f-ctsnj,2026-07-29T16:00:11.852311+00:00,DEBUG,e93983e04adbede7,d97919242e484b77,nio-8080-exec-5,o.s.web.servlet.DispatcherServlet,"GET ""/owners/1"", parameters={}"
2026-07-29T16:00:29.395915+00:00,customers-service,customers-service-68987c986f-ctsnj,2026-07-29T16:00:11.601763+00:00,DEBUG,88a947f272b38765,ef7b1cbe1af5ba2b,io-8080-exec-10,o.s.web.servlet.DispatcherServlet,Completed 200 OK
2026-07-29T16:00:29.395915+00:00,customers-service,customers-service-68987c986f-ctsnj,2026-07-29T16:00:11.350527+00:00,DEBUG,88a947f272b38765,75222711caff6e9c,io-8080-exec-10,o.s.web.servlet.DispatcherServlet,"GET ""/owners/1"", parameters={}"
2026-07-29T16:00:29.395915+00:00,customers-service,customers-service-68987c986f-ctsnj,2026-07-29T16:00:10.849771+00:00,DEBUG,8bc8e91c80528ed0,8bc8e91c80528ed0,io-8080-exec-20,o.s.web.servlet.DispatcherServlet,Completed 200 OK
2026-07-29T16:00:29.395915+00:00,customers-service,customers-service-68987c986f-ctsnj,2026-07-29T16:00:10.598760+00:00,DEBUG,68829c7e40015641,493a27226dde7695,io-8080-exec-18,o.s.web.servlet.DispatcherServlet,Completed 200 OK
2026-07-29T16:00:29.395915+00:00,customers-service,customers-service-68987c986f-ctsnj,2026-07-29T16:00:10.598752+00:00,DEBUG,68829c7e40015641,5db9ed78309b1500,io-8080-exec-18,o.s.web.servlet.DispatcherServlet,"GET ""/owners/1"", parameters={}"
2026-07-29T16:00:29.395915+00:00,customers-service,customers-service-68987c986f-ctsnj,2026-07-29T16:00:10.097396+00:00,DEBUG,0dc3c80435016f0e,4f9d9062bb4b2e3c,io-8080-exec-32,o.s.web.servlet.DispatcherServlet,Completed 200 OK
2026-07-29T16:00:29.395915+00:00,customers-service,customers-service-68987c986f-ctsnj,2026-07-29T16:00:09.846212+00:00,DEBUG,0dc3c80435016f0e,ad65b080558227c0,io-8080-exec-32,o.s.web.servlet.DispatcherServlet,"GET ""/owners"", parameters={}"
2026-07-29T16:00:29.395915+00:00,customers-service,customers-service-68987c986f-ctsnj,2026-07-29T16:00:08.844065+00:00,DEBUG,878ffa4fce3422a3,7bbc400b46e66c3d,nio-8080-exec-2,o.s.web.servlet.DispatcherServlet,Completed 200 OK
2026-07-29T16:00:29.395915+00:00,customers-service,customers-service-68987c986f-ctsnj,2026-07-29T16:00:08.844035+00:00,DEBUG,878ffa4fce3422a3,557d385c5d79f5ae,nio-8080-exec-2,o.s.web.servlet.DispatcherServlet,"GET ""/owners/1"", parameters={}"
2026-07-29T16:00:29.395915+00:00,customers-service,customers-service-68987c986f-ctsnj,2026-07-29T16:00:07.841655+00:00,DEBUG,34817e949406cece,110d27d92578b688,nio-8080-exec-3,o.s.web.servlet.DispatcherServlet,Completed 200 OK
2026-07-29T16:00:29.395915+00:00,customers-service,customers-service-68987c986f-ctsnj,2026-07-29T16:00:07.591163+00:00,DEBUG,34817e949406cece,e20d4938085511af,nio-8080-exec-3,o.s.web.servlet.DispatcherServlet,"GET ""/owners"", parameters={}"
2026-07-29T16:00:29.395915+00:00,customers-service,customers-service-68987c986f-ctsnj,2026-07-29T16:00:07.090349+00:00,DEBUG,41d41ddedd48ff7f,2f8362f74aa7b9e7,nio-8080-exec-9,o.s.web.servlet.DispatcherServlet,Completed 200 OK
2026-07-29T16:00:29.395915+00:00,customers-service,customers-service-68987c986f-ctsnj,2026-07-29T16:00:06.839916+00:00,DEBUG,41d41ddedd48ff7f,a0fe08ed8514d4c1,nio-8080-exec-9,o.s.web.servlet.DispatcherServlet,"GET ""/owners"", parameters={}"
2026-07-29T16:00:29.395915+00:00,customers-service,customers-service-68987c986f-ctsnj,2026-07-29T16:00:06.338026+00:00,DEBUG,c2ee598391371328,30c4384b7da6bc70,io-8080-exec-17,o.s.web.servlet.DispatcherServlet,Completed 200 OK
2026-07-29T16:00:29.395915+00:00,customers-service,customers-service-68987c986f-ctsnj,2026-07-29T16:00:06.338018+00:00,DEBUG,c2ee598391371328,1b7e479d7455dc61,io-8080-exec-17,o.s.web.servlet.DispatcherServlet,"GET ""/owners/1"", parameters={}"
2026-07-29T16:00:29.395915+00:00,customers-service,customers-service-68987c986f-ctsnj,2026-07-29T16:00:06.087789+00:00,DEBUG,a48b1dd0e3fb223f,6a8d6b9814148060,io-8080-exec-25,o.s.web.servlet.DispatcherServlet,Completed 200 OK
2026-07-29T16:00:29.395915+00:00,customers-service,customers-service-68987c986f-ctsnj,2026-07-29T16:00:05.837258+00:00,DEBUG,a48b1dd0e3fb223f,a6709065d7127903,io-8080-exec-25,o.s.web.servlet.DispatcherServlet,"GET ""/owners"", parameters={}"
2026-07-29T16:00:29.395915+00:00,customers-service,customers-service-68987c986f-ctsnj,2026-07-29T16:00:05.837058+00:00,DEBUG,e697d85660226a76,e697d85660226a76,io-8080-exec-13,o.s.web.servlet.DispatcherServlet,Completed 200 OK
2026-07-29T16:00:29.395915+00:00,customers-service,customers-service-68987c986f-ctsnj,2026-07-29T16:00:04.835310+00:00,DEBUG,42d74810f48e8a26,105f503235bc4363,nio-8080-exec-5,o.s.web.servlet.DispatcherServlet,Completed 200 OK
2026-07-29T16:00:29.395915+00:00,customers-service,customers-service-68987c986f-ctsnj,2026-07-29T16:00:04.584100+00:00,DEBUG,42d74810f48e8a26,4d580e09bf2aea83,nio-8080-exec-5,o.s.web.servlet.DispatcherServlet,"GET ""/owners"", parameters={}"
2026-07-29T16:00:29.395915+00:00,customers-service,customers-service-68987c986f-ctsnj,2026-07-29T16:00:04.332847+00:00,DEBUG,e85f89f125608f19,0e70f318d4426d36,io-8080-exec-10,o.s.web.servlet.DispatcherServlet,Completed 200 OK
2026-07-29T16:00:29.395915+00:00,customers-service,customers-service-68987c986f-ctsnj,2026-07-29T16:00:04.332842+00:00,DEBUG,e85f89f125608f19,b2919a73c28568bb,io-8080-exec-10,o.s.web.servlet.DispatcherServlet,"GET ""/owners/1"", parameters={}"
2026-07-29T16:00:29.395915+00:00,customers-service,customers-service-68987c986f-ctsnj,2026-07-29T16:00:03.330379+00:00,DEBUG,2ab34db81061747f,c070276366b018ea,io-8080-exec-20,o.s.web.servlet.DispatcherServlet,Completed 200 OK
2026-07-29T16:00:29.395915+00:00,customers-service,customers-service-68987c986f-ctsnj,2026-07-29T16:00:03.330373+00:00,DEBUG,2ab34db81061747f,482bca2d19097d83,io-8080-exec-20,o.s.web.servlet.DispatcherServlet,"GET ""/owners/1"", parameters={}"
2026-07-29T16:00:29.395915+00:00,customers-service,customers-service-68987c986f-ctsnj,2026-07-29T16:00:02.828090+00:00,DEBUG,250e7119725bfe03,6fec69bb6c17d3f8,io-8080-exec-18,o.s.web.servlet.DispatcherServlet,Completed 200 OK
2026-07-29T16:00:29.395915+00:00,customers-service,customers-service-68987c986f-ctsnj,2026-07-29T16:00:02.828016+00:00,DEBUG,250e7119725bfe03,6cb695ff90a51d0f,io-8080-exec-18,o.s.web.servlet.DispatcherServlet,"GET ""/owners/1"", parameters={}"
2026-07-29T16:00:29.395915+00:00,customers-service,customers-service-68987c986f-ctsnj,2026-07-29T16:00:02.075595+00:00,DEBUG,3ca3058ec80dd44d,3ca3058ec80dd44d,io-8080-exec-32,o.s.web.servlet.DispatcherServlet,Completed 200 OK
2026-07-29T16:00:29.395915+00:00,customers-service,customers-service-68987c986f-ctsnj,2026-07-29T16:00:01.824208+00:00,DEBUG,2f334735f9460dcf,403ae16eec3c0db0,nio-8080-exec-2,o.s.web.servlet.DispatcherServlet,Completed 200 OK
2026-07-29T16:00:29.395915+00:00,customers-service,customers-service-68987c986f-ctsnj,2026-07-29T16:00:01.824202+00:00,DEBUG,2f334735f9460dcf,6a9c5581a6402f5c,nio-8080-exec-2,o.s.web.servlet.DispatcherServlet,"GET ""/owners/1"", parameters={}"
2026-07-29T16:00:29.395915+00:00,customers-service,customers-service-68987c986f-ctsnj,2026-07-29T16:00:01.072131+00:00,DEBUG,d4fa6d96170fedef,f87c82f2d91127cc,nio-8080-exec-3,o.s.web.servlet.DispatcherServlet,Completed 200 OK
2026-07-29T16:00:29.395915+00:00,customers-service,customers-service-68987c986f-ctsnj,2026-07-29T16:00:01.072124+00:00,DEBUG,d4fa6d96170fedef,eb9377f7c1737225,nio-8080-exec-3,o.s.web.servlet.DispatcherServlet,"GET ""/owners/1"", parameters={}"
2026-07-29T16:00:29.395915+00:00,customers-service,customers-service-68987c986f-ctsnj,2026-07-29T16:00:00.570504+00:00,DEBUG,e7854bc248768c70,5d15ed26c4a7ebee,nio-8080-exec-9,o.s.web.servlet.DispatcherServlet,Completed 200 OK
2026-07-29T16:00:29.395915+00:00,customers-service,customers-service-68987c986f-ctsnj,2026-07-29T16:00:00.319984+00:00,DEBUG,e7854bc248768c70,2bda0f368fd0312a,nio-8080-exec-9,o.s.web.servlet.DispatcherServlet,"GET ""/owners"", parameters={}"
2026-07-29T16:00:29.395915+00:00,customers-service,customers-service-68987c986f-ctsnj,2026-07-29T16:00:00.319978+00:00,DEBUG,fdad583064e17762,c73da1119125612d,io-8080-exec-17,o.s.web.servlet.DispatcherServlet,Completed 200 OK
2026-07-29T16:00:29.395915+00:00,customers-service,customers-service-68987c986f-ctsnj,2026-07-29T16:00:00.069374+00:00,DEBUG,fdad583064e17762,b47f31fe16a3715b,io-8080-exec-17,o.s.web.servlet.DispatcherServlet,"GET ""/owners"", parameters={}"
2026-07-29T16:00:29.395915+00:00,customers-service,customers-service-68987c986f-ctsnj,2026-07-29T15:59:59.067039+00:00,DEBUG,b04d0c1c749b9459,356c7dfb57f26e8a,io-8080-exec-25,o.s.web.servlet.DispatcherServlet,Completed 200 OK
2026-07-29T16:00:29.395915+00:00,customers-service,customers-service-68987c986f-ctsnj,2026-07-29T15:59:59.067032+00:00,DEBUG,b04d0c1c749b9459,a63af2b1328a129b,io-8080-exec-25,o.s.web.servlet.DispatcherServlet,"GET ""/owners/1"", parameters={}"
2026-07-29T16:00:29.395915+00:00,customers-service,customers-service-68987c986f-ctsnj,2026-07-29T15:59:58.815486+00:00,DEBUG,9826254627d54bcf,5a5ce675d68600ae,io-8080-exec-13,o.s.web.servlet.DispatcherServlet,Completed 200 OK
2026-07-29T16:00:29.395915+00:00,customers-service,customers-service-68987c986f-ctsnj,2026-07-29T15:59:58.815482+00:00,DEBUG,9826254627d54bcf,3343d89f17ad86d5,io-8080-exec-13,o.s.web.servlet.DispatcherServlet,"GET ""/owners/1"", parameters={}"
2026-07-29T16:00:29.395915+00:00,customers-service,customers-service-68987c986f-ctsnj,2026-07-29T15:59:57.562598+00:00,DEBUG,687d1be4bb6fe18f,b59bc28149c1ccf1,nio-8080-exec-5,o.s.web.servlet.DispatcherServlet,Completed 200 OK
2026-07-29T16:00:29.395915+00:00,customers-service,customers-service-68987c986f-ctsnj,2026-07-29T15:59:57.312128+00:00,DEBUG,687d1be4bb6fe18f,749ba5c8613b9563,nio-8080-exec-5,o.s.web.servlet.DispatcherServlet,"GET ""/owners"", parameters={}"
2026-07-29T16:00:29.395915+00:00,customers-service,customers-service-68987c986f-ctsnj,2026-07-29T15:59:56.559552+00:00,DEBUG,3cc03fbfd0f6bce5,0270c715e87417b3,io-8080-exec-10,o.s.web.servlet.DispatcherServlet,Completed 200 OK
2026-07-29T16:00:29.395915+00:00,customers-service,customers-service-68987c986f-ctsnj,2026-07-29T15:59:56.308515+00:00,DEBUG,3cc03fbfd0f6bce5,b1dd750fe8cf23bc,io-8080-exec-10,o.s.web.servlet.DispatcherServlet,"GET ""/owners/1"", parameters={}"
2026-07-29T16:00:29.395915+00:00,customers-service,customers-service-68987c986f-ctsnj,2026-07-29T15:59:55.807658+00:00,DEBUG,7ed1e6f542f036a4,7ed1e6f542f036a4,io-8080-exec-20,o.s.web.servlet.DispatcherServlet,Completed 200 OK
2026-07-29T16:00:29.395915+00:00,customers-service,customers-service-68987c986f-ctsnj,2026-07-29T15:59:55.807593+00:00,DEBUG,07a2a305a17d9658,59d57d88f96edcf2,io-8080-exec-18,o.s.web.servlet.DispatcherServlet,Completed 200 OK
2026-07-29T16:00:29.395915+00:00,customers-service,customers-service-68987c986f-ctsnj,2026-07-29T15:59:55.556787+00:00,DEBUG,07a2a305a17d9658,63f453e977d9fcf8,io-8080-exec-18,o.s.web.servlet.DispatcherServlet,"GET ""/owners"", parameters={}"
2026-07-29T16:00:29.395915+00:00,customers-service,customers-service-68987c986f-ctsnj,2026-07-29T15:59:55.054633+00:00,DEBUG,bf19488e0aad00fc,d18ccff670ff2986,io-8080-exec-32,o.s.web.servlet.DispatcherServlet,Completed 200 OK
2026-07-29T16:00:29.395915+00:00,customers-service,customers-service-68987c986f-ctsnj,2026-07-29T15:59:55.054627+00:00,DEBUG,bf19488e0aad00fc,a94600e2b74653c5,io-8080-exec-32,o.s.web.servlet.DispatcherServlet,"GET ""/owners/1"", parameters={}"
2026-07-29T16:00:29.395915+00:00,customers-service,customers-service-68987c986f-ctsnj,2026-07-29T15:59:54.050867+00:00,DEBUG,7722af506d40f2a0,cb51d1096cd6c9d8,nio-8080-exec-2,o.s.web.servlet.DispatcherServlet,Completed 200 OK
2026-07-29T16:00:29.395915+00:00,customers-service,customers-service-68987c986f-ctsnj,2026-07-29T15:59:54.050861+00:00,DEBUG,7722af506d40f2a0,99957c18e5f1a4eb,nio-8080-exec-2,o.s.web.servlet.DispatcherServlet,"GET ""/owners/1"", parameters={}"
2026-07-29T16:00:29.395915+00:00,customers-service,customers-service-68987c986f-ctsnj,2026-07-29T15:59:53.549439+00:00,DEBUG,d0f33b1d7d018cd4,b003918fcbdba1c7,nio-8080-exec-3,o.s.web.servlet.DispatcherServlet,Completed 200 OK
2026-07-29T16:00:29.395915+00:00,customers-service,customers-service-68987c986f-ctsnj,2026-07-29T15:59:53.298682+00:00,DEBUG,d0f33b1d7d018cd4,7e6c571f4506fadd,nio-8080-exec-3,o.s.web.servlet.DispatcherServlet,"GET ""/owners/1"", parameters={}"
2026-07-29T16:00:29.395915+00:00,customers-service,customers-service-68987c986f-ctsnj,2026-07-29T15:59:52.796928+00:00,DEBUG,108c081740201486,76ad79dff2033c19,nio-8080-exec-9,o.s.web.servlet.DispatcherServlet,Completed 200 OK
2026-07-29T16:00:29.395915+00:00,customers-service,customers-service-68987c986f-ctsnj,2026-07-29T15:59:52.545532+00:00,DEBUG,108c081740201486,967850ed12f522fc,nio-8080-exec-9,o.s.web.servlet.DispatcherServlet,"GET ""/owners/1"", parameters={}"
2026-07-29T16:00:29.395915+00:00,customers-service,customers-service-68987c986f-ctsnj,2026-07-29T15:59:52.545527+00:00,DEBUG,128f9ed147850a16,db004ba9a46b45f4,io-8080-exec-17,o.s.web.servlet.DispatcherServlet,Completed 200 OK
2026-07-29T16:00:29.395915+00:00,customers-service,customers-service-68987c986f-ctsnj,2026-07-29T15:59:52.294416+00:00,DEBUG,128f9ed147850a16,529214304fca2c4d,io-8080-exec-17,o.s.web.servlet.DispatcherServlet,"GET ""/owners/1"", parameters={}"
2026-07-29T16:00:29.395915+00:00,customers-service,customers-service-68987c986f-ctsnj,2026-07-29T15:59:51.792119+00:00,DEBUG,03565c7254025b7d,3e0a7f909ba09fbd,io-8080-exec-25,o.s.web.servlet.DispatcherServlet,Completed 200 OK
2026-07-29T16:00:29.395915+00:00,customers-service,customers-service-68987c986f-ctsnj,2026-07-29T15:59:51.541954+00:00,DEBUG,03565c7254025b7d,cd5651de4a40fced,io-8080-exec-25,o.s.web.servlet.DispatcherServlet,"GET ""/owners"", parameters={}"
2026-07-29T16:00:29.395915+00:00,customers-service,customers-service-68987c986f-ctsnj,2026-07-29T15:59:51.291570+00:00,DEBUG,55c9e6872321cb63,b772563c932a50be,io-8080-exec-13,o.s.web.servlet.DispatcherServlet,Completed 200 OK
2026-07-29T16:00:29.395915+00:00,customers-service,customers-service-68987c986f-ctsnj,2026-07-29T15:59:51.291563+00:00,DEBUG,55c9e6872321cb63,ad7cd3512bf51841,io-8080-exec-13,o.s.web.servlet.DispatcherServlet,"GET ""/owners/1"", parameters={}"
2026-07-29T16:00:29.395915+00:00,customers-service,customers-service-68987c986f-ctsnj,2026-07-29T15:59:50.790698+00:00,DEBUG,512493d2b4b3e286,512493d2b4b3e286,nio-8080-exec-5,o.s.web.servlet.DispatcherServlet,Completed 200 OK
2026-07-29T16:00:29.395915+00:00,customers-service,customers-service-68987c986f-ctsnj,2026-07-29T15:59:49.788437+00:00,DEBUG,c92bf2a1a77dd00a,081460d2f3a999a8,io-8080-exec-10,o.s.web.servlet.DispatcherServlet,Completed 200 OK
2026-07-29T16:00:29.395915+00:00,customers-service,customers-service-68987c986f-ctsnj,2026-07-29T15:59:49.788431+00:00,DEBUG,c92bf2a1a77dd00a,88a357c0cc88a785,io-8080-exec-10,o.s.web.servlet.DispatcherServlet,"GET ""/owners/1"", parameters={}"
2026-07-29T16:00:29.395915+00:00,customers-service,customers-service-68987c986f-ctsnj,2026-07-29T15:59:49.537092+00:00,DEBUG,08592ff6fb0acd0b,95ad5204de73e4b6,io-8080-exec-20,o.s.web.servlet.DispatcherServlet,Completed 200 OK
2026-07-29T16:00:29.395915+00:00,customers-service,customers-service-68987c986f-ctsnj,2026-07-29T15:59:49.537087+00:00,DEBUG,08592ff6fb0acd0b,9cb759f93b7b41d9,io-8080-exec-20,o.s.web.servlet.DispatcherServlet,"GET ""/owners/1"", parameters={}"
2026-07-29T16:00:29.395915+00:00,customers-service,customers-service-68987c986f-ctsnj,2026-07-29T15:59:48.283668+00:00,DEBUG,977cadac82581345,00f464f826d18350,io-8080-exec-18,o.s.web.servlet.DispatcherServlet,Completed 200 OK
2026-07-29T16:00:29.395915+00:00,customers-service,customers-service-68987c986f-ctsnj,2026-07-29T15:59:48.032774+00:00,DEBUG,977cadac82581345,19240412e840b616,io-8080-exec-18,o.s.web.servlet.DispatcherServlet,"GET ""/owners"", parameters={}"
2026-07-29T16:00:29.395915+00:00,customers-service,customers-service-68987c986f-ctsnj,2026-07-29T15:59:48.032769+00:00,DEBUG,78e03abf63d76c0d,de13ad4bda4d8b36,io-8080-exec-32,o.s.web.servlet.DispatcherServlet,Completed 200 OK
2026-07-29T16:00:29.395915+00:00,customers-service,customers-service-68987c986f-ctsnj,2026-07-29T15:59:47.782202+00:00,DEBUG,78e03abf63d76c0d,8df9949d53b6cdb8,io-8080-exec-32,o.s.web.servlet.DispatcherServlet,"GET ""/owners"", parameters={}"
2026-07-29T16:00:29.395915+00:00,customers-service,customers-service-68987c986f-ctsnj,2026-07-29T15:59:46.027096+00:00,DEBUG,19f98302e90335a6,ad4ac13115929bd0,nio-8080-exec-2,o.s.web.servlet.DispatcherServlet,Completed 200 OK
2026-07-29T16:00:29.395915+00:00,customers-service,customers-service-68987c986f-ctsnj,2026-07-29T15:59:46.027090+00:00,DEBUG,a5ebe9a5932d20c7,b8533d3f2e756438,nio-8080-exec-3,o.s.web.servlet.DispatcherServlet,Completed 200 OK
2026-07-29T16:00:29.395915+00:00,customers-service,customers-service-68987c986f-ctsnj,2026-07-29T15:59:45.525097+00:00,DEBUG,19f98302e90335a6,b6564af51501ad10,nio-8080-exec-2,o.s.web.servlet.DispatcherServlet,"GET ""/owners/1"", parameters={}"
2026-07-29T16:00:29.395915+00:00,customers-service,customers-service-68987c986f-ctsnj,2026-07-29T15:59:45.023709+00:00,DEBUG,a5ebe9a5932d20c7,68e8fedf71de0000,nio-8080-exec-3,o.s.web.servlet.DispatcherServlet,"GET ""/owners"", parameters={}"
2026-07-29T16:00:29.395915+00:00,customers-service,customers-service-68987c986f-ctsnj,2026-07-29T15:59:44.270362+00:00,DEBUG,03fa70faf238dc33,458a2ae56ef6c07b,io-8080-exec-17,o.s.web.servlet.DispatcherServlet,Completed 200 OK
2026-07-29T16:00:29.395915+00:00,customers-service,customers-service-68987c986f-ctsnj,2026-07-29T15:59:44.270357+00:00,DEBUG,732641ac493e4492,acac2d970e41ba67,nio-8080-exec-9,o.s.web.servlet.DispatcherServlet,Completed 200 OK
2026-07-29T16:00:29.395915+00:00,customers-service,customers-service-68987c986f-ctsnj,2026-07-29T15:59:44.019208+00:00,DEBUG,03fa70faf238dc33,bad613221a84889d,io-8080-exec-17,o.s.web.servlet.DispatcherServlet,"GET ""/owners/1"", parameters={}"
2026-07-29T16:00:29.395915+00:00,customers-service,customers-service-68987c986f-ctsnj,2026-07-29T15:59:43.768066+00:00,DEBUG,732641ac493e4492,526d5d8ad837c11e,nio-8080-exec-9,o.s.web.servlet.DispatcherServlet,"GET ""/owners/1"", parameters={}"
2026-07-29T16:00:29.395915+00:00,customers-service,customers-service-68987c986f-ctsnj,2026-07-29T15:59:42.514798+00:00,DEBUG,5d18244a10c27a39,862a3b0b7d806364,io-8080-exec-25,o.s.web.servlet.DispatcherServlet,Completed 200 OK
2026-07-29T16:00:29.395915+00:00,customers-service,customers-service-68987c986f-ctsnj,2026-07-29T15:59:42.514793+00:00,DEBUG,5d18244a10c27a39,ddf5a92c67da1a5b,io-8080-exec-25,o.s.web.servlet.DispatcherServlet,"GET ""/owners/1"", parameters={}"
2026-07-29T16:00:29.395915+00:00,customers-service,customers-service-68987c986f-ctsnj,2026-07-29T15:59:42.263897+00:00,DEBUG,89fa0b6f5c415c11,98e01bf34343aaa4,io-8080-exec-13,o.s.web.servlet.DispatcherServlet,Completed 200 OK
2026-07-29T16:00:29.395915+00:00,customers-service,customers-service-68987c986f-ctsnj,2026-07-29T15:59:42.013753+00:00,DEBUG,89fa0b6f5c415c11,540d08d1a7159150,io-8080-exec-13,o.s.web.servlet.DispatcherServlet,"GET ""/owners"", parameters={}"
2026-07-29T16:00:29.395915+00:00,customers-service,customers-service-68987c986f-ctsnj,2026-07-29T15:59:42.013719+00:00,DEBUG,f90d364db4b9bc80,f90d364db4b9bc80,nio-8080-exec-5,o.s.web.servlet.DispatcherServlet,Completed 200 OK
2026-07-29T16:00:29.395915+00:00,customers-service,customers-service-68987c986f-ctsnj,2026-07-29T15:59:40.759358+00:00,DEBUG,fbd94207a707d916,fbd94207a707d916,io-8080-exec-10,o.s.web.servlet.DispatcherServlet,Completed 200 OK
2026-07-29T16:00:29.395915+00:00,customers-service,customers-service-68987c986f-ctsnj,2026-07-29T15:59:40.759322+00:00,DEBUG,5a3a845d92aa5bb4,c3c03208d9d8399b,io-8080-exec-20,o.s.web.servlet.DispatcherServlet,Completed 200 OK
2026-07-29T16:00:29.395915+00:00,customers-service,customers-service-68987c986f-ctsnj,2026-07-29T15:59:40.508122+00:00,DEBUG,5a3a845d92aa5bb4,86e514fe17d6e9b7,io-8080-exec-20,o.s.web.servlet.DispatcherServlet,"GET ""/owners/1"", parameters={}"
2026-07-29T16:00:29.395915+00:00,customers-service,customers-service-68987c986f-ctsnj,2026-07-29T15:59:40.508106+00:00,DEBUG,53a2b96b2c27c371,0d0c5c43f89d0df1,io-8080-exec-18,o.s.web.servlet.DispatcherServlet,Completed 200 OK
2026-07-29T16:00:29.395915+00:00,customers-service,customers-service-68987c986f-ctsnj,2026-07-29T15:59:40.508104+00:00,DEBUG,53a2b96b2c27c371,988fa3ef4cec6cb4,io-8080-exec-18,o.s.web.servlet.DispatcherServlet,"GET ""/owners"", parameters={}"
2026-07-29T16:00:29.395915+00:00,customers-service,customers-service-68987c986f-ctsnj,2026-07-29T15:59:39.004012+00:00,DEBUG,17082a21e86cd729,4daf49001877acce,io-8080-exec-32,o.s.web.servlet.DispatcherServlet,Completed 200 OK
2026-07-29T16:00:29.395915+00:00,customers-service,customers-service-68987c986f-ctsnj,2026-07-29T15:59:38.753893+00:00,DEBUG,17082a21e86cd729,0aedc9950f2554f6,io-8080-exec-32,o.s.web.servlet.DispatcherServlet,"GET ""/owners"", parameters={}"
2026-07-29T16:00:29.395915+00:00,customers-service,customers-service-68987c986f-ctsnj,2026-07-29T15:59:38.753890+00:00,DEBUG,e47f4a70dd5696c2,a65ddcb65b7cb82a,nio-8080-exec-2,o.s.web.servlet.DispatcherServlet,Completed 200 OK
2026-07-29T16:00:29.395915+00:00,customers-service,customers-service-68987c986f-ctsnj,2026-07-29T15:59:38.503519+00:00,DEBUG,e47f4a70dd5696c2,c2823f2d45c69685,nio-8080-exec-2,o.s.web.servlet.DispatcherServlet,"GET ""/owners/1"", parameters={}"
2026-07-29T16:00:29.395915+00:00,customers-service,customers-service-68987c986f-ctsnj,2026-07-29T15:59:37.501101+00:00,DEBUG,8d26afe7b3bff7b3,b4f66ec78f16e26f,nio-8080-exec-3,o.s.web.servlet.DispatcherServlet,Completed 200 OK
2026-07-29T16:00:29.395915+00:00,customers-service,customers-service-68987c986f-ctsnj,2026-07-29T15:59:37.501048+00:00,DEBUG,d39b336fe6985f9c,97f5b8e040d2f5e4,io-8080-exec-17,o.s.web.servlet.DispatcherServlet,Completed 200 OK
2026-07-29T16:00:29.395915+00:00,customers-service,customers-service-68987c986f-ctsnj,2026-07-29T15:59:37.501033+00:00,DEBUG,8d26afe7b3bff7b3,afabcfe314e36042,nio-8080-exec-3,o.s.web.servlet.DispatcherServlet,"GET ""/owners/1"", parameters={}"
2026-07-29T16:00:29.395915+00:00,customers-service,customers-service-68987c986f-ctsnj,2026-07-29T15:59:37.249998+00:00,DEBUG,d39b336fe6985f9c,2090dc26c372c802,io-8080-exec-17,o.s.web.servlet.DispatcherServlet,"GET ""/owners"", parameters={}"
2026-07-29T16:00:29.395915+00:00,customers-service,customers-service-68987c986f-ctsnj,2026-07-29T15:59:36.496921+00:00,DEBUG,7a8b99820495987a,ae074e0c32dd3535,nio-8080-exec-9,o.s.web.servlet.DispatcherServlet,Completed 200 OK
2026-07-29T16:00:29.395915+00:00,customers-service,customers-service-68987c986f-ctsnj,2026-07-29T15:59:36.496878+00:00,DEBUG,7a8b99820495987a,f8e7ac23e52d7a7d,nio-8080-exec-9,o.s.web.servlet.DispatcherServlet,"GET ""/owners/1"", parameters={}"
2026-07-29T16:00:29.395915+00:00,customers-service,customers-service-68987c986f-ctsnj,2026-07-29T15:59:36.496868+00:00,DEBUG,5a3a8a24e0983938,be70217119d35d1a,io-8080-exec-25,o.s.web.servlet.DispatcherServlet,Completed 200 OK
2026-07-29T16:00:29.395915+00:00,customers-service,customers-service-68987c986f-ctsnj,2026-07-29T15:59:36.245420+00:00,DEBUG,5a3a8a24e0983938,3d784166bb2a69c4,io-8080-exec-25,o.s.web.servlet.DispatcherServlet,"GET ""/owners"", parameters={}"
2026-07-29T16:00:29.395915+00:00,customers-service,customers-service-68987c986f-ctsnj,2026-07-29T15:59:35.745117+00:00,DEBUG,30f9bf0c0b02a3ff,30f9bf0c0b02a3ff,io-8080-exec-13,o.s.web.servlet.DispatcherServlet,Completed 200 OK
2026-07-29T16:00:29.395915+00:00,customers-service,customers-service-68987c986f-ctsnj,2026-07-29T15:59:35.242774+00:00,DEBUG,f48a9bb3a8ea6586,79b359b559a5d79f,nio-8080-exec-5,o.s.web.servlet.DispatcherServlet,Completed 200 OK
2026-07-29T16:00:29.395915+00:00,customers-service,customers-service-68987c986f-ctsnj,2026-07-29T15:59:34.992682+00:00,DEBUG,f48a9bb3a8ea6586,e7324404a9ce9362,nio-8080-exec-5,o.s.web.servlet.DispatcherServlet,"GET ""/owners"", parameters={}"
2026-07-29T16:00:29.395915+00:00,customers-service,customers-service-68987c986f-ctsnj,2026-07-29T15:59:34.742315+00:00,DEBUG,5316abd39ab34dff,886e7cb3200352ff,io-8080-exec-10,o.s.web.servlet.DispatcherServlet,Completed 200 OK
2026-07-29T16:00:29.395915+00:00,customers-service,customers-service-68987c986f-ctsnj,2026-07-29T15:59:34.742301+00:00,DEBUG,5316abd39ab34dff,a56c039e503c0055,io-8080-exec-10,o.s.web.servlet.DispatcherServlet,"GET ""/owners/1"", parameters={}"
2026-07-29T16:00:29.395915+00:00,customers-service,customers-service-68987c986f-ctsnj,2026-07-29T15:59:32.985738+00:00,DEBUG,024ff6da2350b539,1fe242717a6768ff,io-8080-exec-20,o.s.web.servlet.DispatcherServlet,Completed 200 OK
2026-07-29T16:00:29.395915+00:00,customers-service,customers-service-68987c986f-ctsnj,2026-07-29T15:59:32.734956+00:00,DEBUG,72a76c5ec9be19d3,da94f6675706fb04,io-8080-exec-18,o.s.web.servlet.DispatcherServlet,Completed 200 OK
2026-07-29T16:00:29.395915+00:00,customers-service,customers-service-68987c986f-ctsnj,2026-07-29T15:59:32.734948+00:00,DEBUG,72a76c5ec9be19d3,8947e7de0b5579b0,io-8080-exec-18,o.s.web.servlet.DispatcherServlet,"GET ""/owners/1"", parameters={}"
2026-07-29T16:00:29.395915+00:00,customers-service,customers-service-68987c986f-ctsnj,2026-07-29T15:59:32.484033+00:00,DEBUG,024ff6da2350b539,1b056f51a6408006,io-8080-exec-20,o.s.web.servlet.DispatcherServlet,"GET ""/owners"", parameters={}"
2026-07-29T16:00:29.395915+00:00,customers-service,customers-service-68987c986f-ctsnj,2026-07-29T15:59:31.231202+00:00,DEBUG,769557b7e89444e1,8199945114f9e55b,io-8080-exec-32,o.s.web.servlet.DispatcherServlet,Completed 200 OK
2026-07-29T16:00:29.395915+00:00,customers-service,customers-service-68987c986f-ctsnj,2026-07-29T15:59:31.231197+00:00,DEBUG,769557b7e89444e1,92a01816d9c31f8f,io-8080-exec-32,o.s.web.servlet.DispatcherServlet,"GET ""/owners/1"", parameters={}"
2026-07-29T16:00:29.395915+00:00,customers-service,customers-service-68987c986f-ctsnj,2026-07-29T15:59:30.980274+00:00,DEBUG,4ef7a3d301a3a490,b1fed9e3332c26a9,nio-8080-exec-2,o.s.web.servlet.DispatcherServlet,Completed 200 OK
2026-07-29T16:00:29.395915+00:00,customers-service,customers-service-68987c986f-ctsnj,2026-07-29T15:59:30.980267+00:00,DEBUG,4ef7a3d301a3a490,db7b3c9ebaf251d0,nio-8080-exec-2,o.s.web.servlet.DispatcherServlet,"GET ""/owners/1"", parameters={}"
2026-07-29T16:00:29.395915+00:00,customers-service,customers-service-68987c986f-ctsnj,2026-07-29T15:59:29.728040+00:00,DEBUG,0d660e76c82280ce,02382756fe41f6cd,nio-8080-exec-3,o.s.web.servlet.DispatcherServlet,Completed 200 OK
2026-07-29T16:00:29.395915+00:00,customers-service,customers-service-68987c986f-ctsnj,2026-07-29T15:59:29.728037+00:00,DEBUG,0d660e76c82280ce,187134f5e4b4daeb,nio-8080-exec-3,o.s.web.servlet.DispatcherServlet,"GET ""/owners/1"", parameters={}"
2026-07-29T16:00:29.395915+00:00,customers-service,customers-service-68987c986f-ctsnj,2026-07-29T15:59:29.226453+00:00,DEBUG,e4f20f0d6c80cd11,b66a68b83530c380,io-8080-exec-17,o.s.web.servlet.DispatcherServlet,Completed 200 OK
2026-07-29T16:00:29.395915+00:00,customers-service,customers-service-68987c986f-ctsnj,2026-07-29T15:59:28.976278+00:00,DEBUG,e4f20f0d6c80cd11,0d195736acc0a7a1,io-8080-exec-17,o.s.web.servlet.DispatcherServlet,"GET ""/owners"", parameters={}"
2026-07-29T16:00:29.395915+00:00,customers-service,customers-service-68987c986f-ctsnj,2026-07-29T15:59:28.224169+00:00,DEBUG,aafd538fd0040cd5,429e8967f8d4dcbf,nio-8080-exec-9,o.s.web.servlet.DispatcherServlet,Completed 200 OK
2026-07-29T16:00:29.395915+00:00,customers-service,customers-service-68987c986f-ctsnj,2026-07-29T15:59:28.224108+00:00,DEBUG,351a536058bdc76f,7fc7dd6fcd051c59,io-8080-exec-25,o.s.web.servlet.DispatcherServlet,Completed 200 OK
2026-07-29T16:00:29.395915+00:00,customers-service,customers-service-68987c986f-ctsnj,2026-07-29T15:59:28.224100+00:00,DEBUG,aafd538fd0040cd5,0b1ddbb3a3f61448,nio-8080-exec-9,o.s.web.servlet.DispatcherServlet,"GET ""/owners/1"", parameters={}"
2026-07-29T16:00:29.395915+00:00,customers-service,customers-service-68987c986f-ctsnj,2026-07-29T15:59:27.973487+00:00,DEBUG,351a536058bdc76f,392bd89b5f215f53,io-8080-exec-25,o.s.web.servlet.DispatcherServlet,"GET ""/owners"", parameters={}"
2026-07-29T16:00:29.395915+00:00,customers-service,customers-service-68987c986f-ctsnj,2026-07-29T15:59:27.973481+00:00,DEBUG,a85453465dc9fbc1,fed5da9f208c05b0,io-8080-exec-13,o.s.web.servlet.DispatcherServlet,Completed 200 OK
2026-07-29T16:00:29.395915+00:00,customers-service,customers-service-68987c986f-ctsnj,2026-07-29T15:59:27.221379+00:00,DEBUG,a85453465dc9fbc1,cdd1ca363916fa50,io-8080-exec-13,o.s.web.servlet.DispatcherServlet,"GET ""/owners"", parameters={}"
2026-07-29T16:00:29.395915+00:00,customers-service,customers-service-68987c986f-ctsnj,2026-07-29T15:59:26.970152+00:00,DEBUG,041fbdf4b2d9fa64,6028019bd6703488,nio-8080-exec-5,o.s.web.servlet.DispatcherServlet,Completed 200 OK
2026-07-29T16:00:29.395915+00:00,customers-service,customers-service-68987c986f-ctsnj,2026-07-29T15:59:26.469091+00:00,DEBUG,041fbdf4b2d9fa64,a5c181c6060dc3e2,nio-8080-exec-5,o.s.web.servlet.DispatcherServlet,"GET ""/owners/1"", parameters={}"
2026-07-29T16:00:29.395915+00:00,customers-service,customers-service-68987c986f-ctsnj,2026-07-29T15:59:25.966672+00:00,DEBUG,ef5c9ed2978b50db,ef5c9ed2978b50db,io-8080-exec-10,o.s.web.servlet.DispatcherServlet,Completed 200 OK
2026-07-29T16:00:29.395915+00:00,customers-service,customers-service-68987c986f-ctsnj,2026-07-29T15:59:25.464635+00:00,DEBUG,f8b8f25fd06870bc,dc560579fe666e23,io-8080-exec-18,o.s.web.servlet.DispatcherServlet,Completed 200 OK
2026-07-29T16:00:29.395915+00:00,customers-service,customers-service-68987c986f-ctsnj,2026-07-29T15:59:25.213574+00:00,DEBUG,b3a23c0e86180a9b,685f8ad63e51d32f,io-8080-exec-20,o.s.web.servlet.DispatcherServlet,Completed 200 OK
2026-07-29T16:00:29.395915+00:00,customers-service,customers-service-68987c986f-ctsnj,2026-07-29T15:59:25.213571+00:00,DEBUG,f8b8f25fd06870bc,842cb585def68fc0,io-8080-exec-18,o.s.web.servlet.DispatcherServlet,"GET ""/owners/1"", parameters={}"
2026-07-29T16:00:29.395915+00:00,customers-service,customers-service-68987c986f-ctsnj,2026-07-29T15:59:24.962688+00:00,DEBUG,2d61b7269655bb32,87115f8cb502ea91,io-8080-exec-32,o.s.web.servlet.DispatcherServlet,Completed 200 OK
2026-07-29T16:00:29.395915+00:00,customers-service,customers-service-68987c986f-ctsnj,2026-07-29T15:59:24.712421+00:00,DEBUG,2d61b7269655bb32,7ca2e47b67904472,io-8080-exec-32,o.s.web.servlet.DispatcherServlet,"GET ""/owners/1"", parameters={}"
2026-07-29T16:00:29.395915+00:00,customers-service,customers-service-68987c986f-cpzz4,2026-07-29T16:00:27.845583+00:00,DEBUG,7a9f919a3543681d,b0a4cc4c7cc08a2e,io-8080-exec-10,o.s.web.servlet.DispatcherServlet,Completed 200 OK
2026-07-29T16:00:29.395915+00:00,customers-service,customers-service-68987c986f-cpzz4,2026-07-29T16:00:27.845557+00:00,DEBUG,4fbcf54fc7f4c3fc,3b5ca881f5e25d71,io-8080-exec-23,o.s.web.servlet.DispatcherServlet,Completed 200 OK
2026-07-29T16:00:29.395915+00:00,customers-service,customers-service-68987c986f-cpzz4,2026-07-29T16:00:27.845554+00:00,DEBUG,7a9f919a3543681d,e004dcfb73f94724,io-8080-exec-10,o.s.web.servlet.DispatcherServlet,"GET ""/owners"", parameters={}"
2026-07-29T16:00:29.395915+00:00,customers-service,customers-service-68987c986f-cpzz4,2026-07-29T16:00:27.594723+00:00,DEBUG,4fbcf54fc7f4c3fc,027fddcd94fb12eb,io-8080-exec-23,o.s.web.servlet.DispatcherServlet,"GET ""/owners"", parameters={}"
2026-07-29T16:00:29.395915+00:00,customers-service,customers-service-68987c986f-cpzz4,2026-07-29T16:00:27.344462+00:00,DEBUG,e05dc686d72046a7,65cd74a8567cfd93,io-8080-exec-14,o.s.web.servlet.DispatcherServlet,Completed 200 OK
2026-07-29T16:00:29.395915+00:00,customers-service,customers-service-68987c986f-cpzz4,2026-07-29T16:00:27.093343+00:00,DEBUG,e05dc686d72046a7,d2a93d9e1cf1d848,io-8080-exec-14,o.s.web.servlet.DispatcherServlet,"GET ""/owners"", parameters={}"
2026-07-29T16:00:29.395915+00:00,customers-service,customers-service-68987c986f-cpzz4,2026-07-29T16:00:26.843319+00:00,DEBUG,9584ee23179ff99a,ad9c3aefaa4e6943,nio-8080-exec-9,o.s.web.servlet.DispatcherServlet,Completed 200 OK
2026-07-29T16:00:29.395915+00:00,customers-service,customers-service-68987c986f-cpzz4,2026-07-29T16:00:26.843191+00:00,DEBUG,f2512a9d8d252ea9,f2512a9d8d252ea9,nio-8080-exec-6,o.s.web.servlet.DispatcherServlet,Completed 200 OK
2026-07-29T16:00:29.395915+00:00,customers-service,customers-service-68987c986f-cpzz4,2026-07-29T16:00:26.843158+00:00,DEBUG,9584ee23179ff99a,974c19d3a8e911e2,nio-8080-exec-9,o.s.web.servlet.DispatcherServlet,"GET ""/owners"", parameters={}"
2026-07-29T16:00:29.395915+00:00,customers-service,customers-service-68987c986f-cpzz4,2026-07-29T16:00:26.592855+00:00,DEBUG,07d11393fa970ece,665dcc459bfa82fc,io-8080-exec-13,o.s.web.servlet.DispatcherServlet,Completed 200 OK
2026-07-29T16:00:29.395915+00:00,customers-service,customers-service-68987c986f-cpzz4,2026-07-29T16:00:26.342723+00:00,DEBUG,07d11393fa970ece,1b1b202ea0c94281,io-8080-exec-13,o.s.web.servlet.DispatcherServlet,"GET ""/owners/1"", parameters={}"
2026-07-29T16:00:29.395915+00:00,customers-service,customers-service-68987c986f-cpzz4,2026-07-29T16:00:26.342696+00:00,DEBUG,9a2587a2caf1b5a1,9a2587a2caf1b5a1,nio-8080-exec-3,o.s.web.servlet.DispatcherServlet,Completed 200 OK
2026-07-29T16:00:29.395915+00:00,customers-service,customers-service-68987c986f-cpzz4,2026-07-29T16:00:26.091950+00:00,DEBUG,c7948226b1b871a4,c1b929d415e47917,nio-8080-exec-8,o.s.web.servlet.DispatcherServlet,Completed 200 OK
2026-07-29T16:00:29.395915+00:00,customers-service,customers-service-68987c986f-cpzz4,2026-07-29T16:00:25.840977+00:00,DEBUG,c7948226b1b871a4,a2baffde4609900f,nio-8080-exec-8,o.s.web.servlet.DispatcherServlet,"GET ""/owners/1"", parameters={}"
2026-07-29T16:00:29.395915+00:00,customers-service,customers-service-68987c986f-cpzz4,2026-07-29T16:00:25.088899+00:00,DEBUG,6ddde816893c8a2a,39efec2d2f80d22f,nio-8080-exec-7,o.s.web.servlet.DispatcherServlet,Completed 200 OK
2026-07-29T16:00:29.395915+00:00,customers-service,customers-service-68987c986f-cpzz4,2026-07-29T16:00:24.837501+00:00,DEBUG,6ddde816893c8a2a,486057bd06d7a8cd,nio-8080-exec-7,o.s.web.servlet.DispatcherServlet,"GET ""/owners"", parameters={}"
2026-07-29T16:00:29.395915+00:00,customers-service,customers-service-68987c986f-cpzz4,2026-07-29T16:00:24.586909+00:00,DEBUG,0e382188094aef0e,0044410d7cef4545,io-8080-exec-17,o.s.web.servlet.DispatcherServlet,Completed 200 OK
2026-07-29T16:00:29.395915+00:00,customers-service,customers-service-68987c986f-cpzz4,2026-07-29T16:00:24.336420+00:00,DEBUG,0e382188094aef0e,5ad45ccc50a70552,io-8080-exec-17,o.s.web.servlet.DispatcherServlet,"GET ""/owners"", parameters={}"
2026-07-29T16:00:29.395915+00:00,customers-service,customers-service-68987c986f-cpzz4,2026-07-29T16:00:23.835307+00:00,DEBUG,eefee6040607afb4,3e6b0b72100e2a8d,io-8080-exec-10,o.s.web.servlet.DispatcherServlet,Completed 200 OK
2026-07-29T16:00:29.395915+00:00,customers-service,customers-service-68987c986f-cpzz4,2026-07-29T16:00:23.835303+00:00,DEBUG,eefee6040607afb4,d3f2afe31db50a5b,io-8080-exec-10,o.s.web.servlet.DispatcherServlet,"GET ""/owners/1"", parameters={}"
2026-07-29T16:00:29.395915+00:00,customers-service,customers-service-68987c986f-cpzz4,2026-07-29T16:00:23.333903+00:00,DEBUG,631b2c1d1fe1096a,d8d21886a15cb928,io-8080-exec-23,o.s.web.servlet.DispatcherServlet,Completed 200 OK
2026-07-29T16:00:29.395915+00:00,customers-service,customers-service-68987c986f-cpzz4,2026-07-29T16:00:23.333837+00:00,DEBUG,631b2c1d1fe1096a,c175120ce42a9c11,io-8080-exec-23,o.s.web.servlet.DispatcherServlet,"GET ""/owners"", parameters={}"
2026-07-29T16:00:29.395915+00:00,customers-service,customers-service-68987c986f-cpzz4,2026-07-29T16:00:22.581777+00:00,DEBUG,5ccbc73868888be9,67cc738e783c5a89,io-8080-exec-14,o.s.web.servlet.DispatcherServlet,Completed 200 OK
2026-07-29T16:00:29.395915+00:00,customers-service,customers-service-68987c986f-cpzz4,2026-07-29T16:00:22.581774+00:00,DEBUG,c5899b05ba807e78,bae0ee112756f76d,nio-8080-exec-6,o.s.web.servlet.DispatcherServlet,Completed 200 OK
2026-07-29T16:00:29.395915+00:00,customers-service,customers-service-68987c986f-cpzz4,2026-07-29T16:00:22.331099+00:00,DEBUG,5ccbc73868888be9,e4db5dd7e6d05966,io-8080-exec-14,o.s.web.servlet.DispatcherServlet,"GET ""/owners/1"", parameters={}"
2026-07-29T16:00:29.395915+00:00,customers-service,customers-service-68987c986f-cpzz4,2026-07-29T16:00:21.829983+00:00,DEBUG,76747b635f7a926e,003f64e2f3cf4bb0,nio-8080-exec-9,o.s.web.servlet.DispatcherServlet,Completed 200 OK
2026-07-29T16:00:29.395915+00:00,customers-service,customers-service-68987c986f-cpzz4,2026-07-29T16:00:21.829980+00:00,DEBUG,c5899b05ba807e78,8df0a56b62bd3a43,nio-8080-exec-6,o.s.web.servlet.DispatcherServlet,"GET ""/owners"", parameters={}"
2026-07-29T16:00:29.395915+00:00,customers-service,customers-service-68987c986f-cpzz4,2026-07-29T16:00:21.328671+00:00,DEBUG,39199d647a8d2614,c69a4859d54ec771,io-8080-exec-13,o.s.web.servlet.DispatcherServlet,Completed 200 OK
2026-07-29T16:00:29.395915+00:00,customers-service,customers-service-68987c986f-cpzz4,2026-07-29T16:00:21.078522+00:00,DEBUG,4b6830736b5dcdc5,b63471302a57a218,nio-8080-exec-3,o.s.web.servlet.DispatcherServlet,Completed 200 OK
2026-07-29T16:00:29.395915+00:00,customers-service,customers-service-68987c986f-cpzz4,2026-07-29T16:00:21.078519+00:00,DEBUG,39199d647a8d2614,8b481239cdc5a51f,io-8080-exec-13,o.s.web.servlet.DispatcherServlet,"GET ""/owners/1"", parameters={}"
2026-07-29T16:00:29.395915+00:00,customers-service,customers-service-68987c986f-cpzz4,2026-07-29T16:00:20.828376+00:00,DEBUG,76747b635f7a926e,b83f1a0bea765d9b,nio-8080-exec-9,o.s.web.servlet.DispatcherServlet,"GET ""/owners"", parameters={}"
2026-07-29T16:00:29.395915+00:00,customers-service,customers-service-68987c986f-cpzz4,2026-07-29T16:00:20.828339+00:00,DEBUG,4b6830736b5dcdc5,c4839104c8573b93,nio-8080-exec-3,o.s.web.servlet.DispatcherServlet,"GET ""/owners/1"", parameters={}"
2026-07-29T16:00:29.395915+00:00,customers-service,customers-service-68987c986f-cpzz4,2026-07-29T16:00:20.578288+00:00,DEBUG,b87cb222f0e15762,0e93c2de5e4f354d,nio-8080-exec-8,o.s.web.servlet.DispatcherServlet,Completed 200 OK
2026-07-29T16:00:29.395915+00:00,customers-service,customers-service-68987c986f-cpzz4,2026-07-29T16:00:20.327965+00:00,DEBUG,f3bd3fdc3b0cbb40,fc27b14a883d53f2,nio-8080-exec-7,o.s.web.servlet.DispatcherServlet,Completed 200 OK
2026-07-29T16:00:29.395915+00:00,customers-service,customers-service-68987c986f-cpzz4,2026-07-29T16:00:20.077093+00:00,DEBUG,b87cb222f0e15762,884a590c496e2604,nio-8080-exec-8,o.s.web.servlet.DispatcherServlet,"GET ""/owners/1"", parameters={}"
2026-07-29T16:00:29.395915+00:00,customers-service,customers-service-68987c986f-cpzz4,2026-07-29T16:00:20.077089+00:00,DEBUG,9f9f928087eb8e88,244f58d920ef3b9d,io-8080-exec-17,o.s.web.servlet.DispatcherServlet,Completed 200 OK
2026-07-29T16:00:29.395915+00:00,customers-service,customers-service-68987c986f-cpzz4,2026-07-29T16:00:19.826385+00:00,DEBUG,f3bd3fdc3b0cbb40,bda4f16caacfc0d4,nio-8080-exec-7,o.s.web.servlet.DispatcherServlet,"GET ""/owners/1"", parameters={}"
2026-07-29T16:00:29.395915+00:00,customers-service,customers-service-68987c986f-cpzz4,2026-07-29T16:00:19.826380+00:00,DEBUG,9f9f928087eb8e88,77f150cb071dfe1b,io-8080-exec-17,o.s.web.servlet.DispatcherServlet,"GET ""/owners/1"", parameters={}"
2026-07-29T16:00:29.395915+00:00,customers-service,customers-service-68987c986f-cpzz4,2026-07-29T16:00:19.575987+00:00,DEBUG,905582241d975a26,ec517a0bd30fff36,io-8080-exec-10,o.s.web.servlet.DispatcherServlet,Completed 200 OK
2026-07-29T16:00:29.395915+00:00,customers-service,customers-service-68987c986f-cpzz4,2026-07-29T16:00:19.075183+00:00,DEBUG,e2214678740c8e0e,51cdd6dba2bbcd5e,io-8080-exec-23,o.s.web.servlet.DispatcherServlet,Completed 200 OK
2026-07-29T16:00:29.395915+00:00,customers-service,customers-service-68987c986f-cpzz4,2026-07-29T16:00:18.824061+00:00,DEBUG,905582241d975a26,24dc868bb36d51e1,io-8080-exec-10,o.s.web.servlet.DispatcherServlet,"GET ""/owners/1"", parameters={}"
2026-07-29T16:00:29.395915+00:00,customers-service,customers-service-68987c986f-cpzz4,2026-07-29T16:00:18.824037+00:00,DEBUG,18b5157c17cda3b1,e755e44e79d07da6,io-8080-exec-14,o.s.web.servlet.DispatcherServlet,Completed 200 OK
2026-07-29T16:00:29.395915+00:00,customers-service,customers-service-68987c986f-cpzz4,2026-07-29T16:00:18.824033+00:00,DEBUG,e2214678740c8e0e,de65bed85d064af1,io-8080-exec-23,o.s.web.servlet.DispatcherServlet,"GET ""/owners/1"", parameters={}"
2026-07-29T16:00:29.395915+00:00,customers-service,customers-service-68987c986f-cpzz4,2026-07-29T16:00:18.572525+00:00,DEBUG,18b5157c17cda3b1,e3948294378b3bd3,io-8080-exec-14,o.s.web.servlet.DispatcherServlet,"GET ""/owners/1"", parameters={}"
2026-07-29T16:00:29.395915+00:00,customers-service,customers-service-68987c986f-cpzz4,2026-07-29T16:00:18.321770+00:00,DEBUG,d1d4434a382b4faa,c3e9170c3f90b2dd,nio-8080-exec-6,o.s.web.servlet.DispatcherServlet,Completed 200 OK
2026-07-29T16:00:29.395915+00:00,customers-service,customers-service-68987c986f-cpzz4,2026-07-29T16:00:18.071019+00:00,DEBUG,d1d4434a382b4faa,cda19020fddcc6c3,nio-8080-exec-6,o.s.web.servlet.DispatcherServlet,"GET ""/owners/1"", parameters={}"
2026-07-29T16:00:29.395915+00:00,customers-service,customers-service-68987c986f-cpzz4,2026-07-29T16:00:17.570116+00:00,DEBUG,d846a2ae99d6124b,18600c87711ff42a,io-8080-exec-13,o.s.web.servlet.DispatcherServlet,Completed 200 OK
2026-07-29T16:00:29.395915+00:00,customers-service,customers-service-68987c986f-cpzz4,2026-07-29T16:00:17.570113+00:00,DEBUG,a2f3492433f8e09d,65af497e56e17e99,nio-8080-exec-9,o.s.web.servlet.DispatcherServlet,Completed 200 OK
2026-07-29T16:00:29.395915+00:00,customers-service,customers-service-68987c986f-cpzz4,2026-07-29T16:00:17.318915+00:00,DEBUG,d846a2ae99d6124b,ad192c7a9841332c,io-8080-exec-13,o.s.web.servlet.DispatcherServlet,"GET ""/owners"", parameters={}"
2026-07-29T16:00:29.395915+00:00,customers-service,customers-service-68987c986f-cpzz4,2026-07-29T16:00:17.318911+00:00,DEBUG,a2f3492433f8e09d,630e540bcf10c807,nio-8080-exec-9,o.s.web.servlet.DispatcherServlet,"GET ""/owners"", parameters={}"
2026-07-29T16:00:29.395915+00:00,customers-service,customers-service-68987c986f-cpzz4,2026-07-29T16:00:17.067586+00:00,DEBUG,3327f3fed5dce53e,a4b94a3a02c2b53c,nio-8080-exec-3,o.s.web.servlet.DispatcherServlet,Completed 200 OK
2026-07-29T16:00:29.395915+00:00,customers-service,customers-service-68987c986f-cpzz4,2026-07-29T16:00:16.816715+00:00,DEBUG,3327f3fed5dce53e,ed6bbe89e28e65da,nio-8080-exec-3,o.s.web.servlet.DispatcherServlet,"GET ""/owners"", parameters={}"
2026-07-29T16:00:29.395915+00:00,customers-service,customers-service-68987c986f-cpzz4,2026-07-29T16:00:16.314548+00:00,DEBUG,77de19a904b1e756,77de19a904b1e756,nio-8080-exec-8,o.s.web.servlet.DispatcherServlet,Completed 200 OK
2026-07-29T16:00:29.395915+00:00,customers-service,customers-service-68987c986f-cpzz4,2026-07-29T16:00:16.063637+00:00,DEBUG,e6b5b67c903921db,f5fd03de4339b758,nio-8080-exec-7,o.s.web.servlet.DispatcherServlet,Completed 200 OK
2026-07-29T16:00:29.395915+00:00,customers-service,customers-service-68987c986f-cpzz4,2026-07-29T16:00:16.063634+00:00,DEBUG,e6b5b67c903921db,d833d420c795b5d7,nio-8080-exec-7,o.s.web.servlet.DispatcherServlet,"GET ""/owners/1"", parameters={}"
2026-07-29T16:00:29.395915+00:00,customers-service,customers-service-68987c986f-cpzz4,2026-07-29T16:00:15.311127+00:00,DEBUG,3de938b185c72791,4e7bc8d292e448a9,io-8080-exec-17,o.s.web.servlet.DispatcherServlet,Completed 200 OK
2026-07-29T16:00:29.395915+00:00,customers-service,customers-service-68987c986f-cpzz4,2026-07-29T16:00:15.311124+00:00,DEBUG,3de938b185c72791,43ddacd5b9cfc7ad,io-8080-exec-17,o.s.web.servlet.DispatcherServlet,"GET ""/owners"", parameters={}"
2026-07-29T16:00:29.395915+00:00,customers-service,customers-service-68987c986f-cpzz4,2026-07-29T16:00:15.060295+00:00,DEBUG,852716bde6b153b0,bf7bebe7fb8ea576,io-8080-exec-10,o.s.web.servlet.DispatcherServlet,Completed 200 OK
2026-07-29T16:00:29.395915+00:00,customers-service,customers-service-68987c986f-cpzz4,2026-07-29T16:00:14.809006+00:00,DEBUG,852716bde6b153b0,d5a15236d720476f,io-8080-exec-10,o.s.web.servlet.DispatcherServlet,"GET ""/owners"", parameters={}"
2026-07-29T16:00:29.395915+00:00,customers-service,customers-service-68987c986f-cpzz4,2026-07-29T16:00:14.307600+00:00,DEBUG,9f14235543e3554e,364049921257ac1e,io-8080-exec-23,o.s.web.servlet.DispatcherServlet,Completed 200 OK
2026-07-29T16:00:29.395915+00:00,customers-service,customers-service-68987c986f-cpzz4,2026-07-29T16:00:14.307550+00:00,DEBUG,9f14235543e3554e,9837994032ec2396,io-8080-exec-23,o.s.web.servlet.DispatcherServlet,"GET ""/owners/1"", parameters={}"
2026-07-29T16:00:29.395915+00:00,customers-service,customers-service-68987c986f-cpzz4,2026-07-29T16:00:14.057386+00:00,DEBUG,3dfc4965cbc5e903,4e7eedd6335d16b4,io-8080-exec-14,o.s.web.servlet.DispatcherServlet,Completed 200 OK
2026-07-29T16:00:29.395915+00:00,customers-service,customers-service-68987c986f-cpzz4,2026-07-29T16:00:14.057382+00:00,DEBUG,3dfc4965cbc5e903,fd159c92f2d307d1,io-8080-exec-14,o.s.web.servlet.DispatcherServlet,"GET ""/owners"", parameters={}"
2026-07-29T16:00:29.395915+00:00,customers-service,customers-service-68987c986f-cpzz4,2026-07-29T16:00:13.304628+00:00,DEBUG,89c99676e81c1dd1,2e7bdc81e5f43960,nio-8080-exec-6,o.s.web.servlet.DispatcherServlet,Completed 200 OK
2026-07-29T16:00:29.395915+00:00,customers-service,customers-service-68987c986f-cpzz4,2026-07-29T16:00:13.304624+00:00,DEBUG,89c99676e81c1dd1,a0ce9dd32d8729a0,nio-8080-exec-6,o.s.web.servlet.DispatcherServlet,"GET ""/owners/1"", parameters={}"
2026-07-29T16:00:29.395915+00:00,customers-service,customers-service-68987c986f-cpzz4,2026-07-29T16:00:13.054199+00:00,DEBUG,d3e6899cae4dbd37,97046f0ab77030e6,io-8080-exec-13,o.s.web.servlet.DispatcherServlet,Completed 200 OK
2026-07-29T16:00:29.395915+00:00,customers-service,customers-service-68987c986f-cpzz4,2026-07-29T16:00:12.803036+00:00,DEBUG,d3e6899cae4dbd37,57470a2741365140,io-8080-exec-13,o.s.web.servlet.DispatcherServlet,"GET ""/owners"", parameters={}"
2026-07-29T16:00:29.395915+00:00,customers-service,customers-service-68987c986f-cpzz4,2026-07-29T16:00:12.551856+00:00,DEBUG,5bc8c067ecf56ccc,394ac8a45e86a12b,nio-8080-exec-9,o.s.web.servlet.DispatcherServlet,Completed 200 OK
2026-07-29T16:00:29.395915+00:00,customers-service,customers-service-68987c986f-cpzz4,2026-07-29T16:00:12.551852+00:00,DEBUG,5bc8c067ecf56ccc,cd3f313717540389,nio-8080-exec-9,o.s.web.servlet.DispatcherServlet,"GET ""/owners/1"", parameters={}"
2026-07-29T16:00:29.395915+00:00,customers-service,customers-service-68987c986f-cpzz4,2026-07-29T16:00:12.051186+00:00,DEBUG,208db1bdaab23eb0,5799f25558d020c4,nio-8080-exec-3,o.s.web.servlet.DispatcherServlet,Completed 200 OK
2026-07-29T16:00:29.395915+00:00,customers-service,customers-service-68987c986f-cpzz4,2026-07-29T16:00:12.051166+00:00,DEBUG,208db1bdaab23eb0,a65e3c6290443334,nio-8080-exec-3,o.s.web.servlet.DispatcherServlet,"GET ""/owners/1"", parameters={}"
2026-07-29T16:00:29.395915+00:00,customers-service,customers-service-68987c986f-cpzz4,2026-07-29T16:00:12.051163+00:00,DEBUG,7075edc7bcd0a47d,8898570bef6e5556,nio-8080-exec-8,o.s.web.servlet.DispatcherServlet,Completed 200 OK
2026-07-29T16:00:29.395915+00:00,customers-service,customers-service-68987c986f-cpzz4,2026-07-29T16:00:11.800594+00:00,DEBUG,51b75b231c719329,ef362ab7af390aeb,nio-8080-exec-7,o.s.web.servlet.DispatcherServlet,Completed 200 OK
2026-07-29T16:00:29.395915+00:00,customers-service,customers-service-68987c986f-cpzz4,2026-07-29T16:00:11.800590+00:00,DEBUG,7075edc7bcd0a47d,04ca87d451b77de6,nio-8080-exec-8,o.s.web.servlet.DispatcherServlet,"GET ""/owners"", parameters={}"
2026-07-29T16:00:29.395915+00:00,customers-service,customers-service-68987c986f-cpzz4,2026-07-29T16:00:11.549182+00:00,DEBUG,51b75b231c719329,5b201499b127bf80,nio-8080-exec-7,o.s.web.servlet.DispatcherServlet,"GET ""/owners"", parameters={}"
2026-07-29T16:00:29.395915+00:00,customers-service,customers-service-68987c986f-cpzz4,2026-07-29T16:00:11.298750+00:00,DEBUG,b1fc88de01e56d8e,b1fc88de01e56d8e,io-8080-exec-17,o.s.web.servlet.DispatcherServlet,Completed 200 OK
2026-07-29T16:00:29.395915+00:00,customers-service,customers-service-68987c986f-cpzz4,2026-07-29T16:00:11.048374+00:00,DEBUG,81db82c9c8e77595,87ce65dc7c93c706,io-8080-exec-10,o.s.web.servlet.DispatcherServlet,Completed 200 OK
2026-07-29T16:00:29.395915+00:00,customers-service,customers-service-68987c986f-cpzz4,2026-07-29T16:00:10.797390+00:00,DEBUG,81db82c9c8e77595,a116e623a72eb838,io-8080-exec-10,o.s.web.servlet.DispatcherServlet,"GET ""/owners"", parameters={}"
2026-07-29T16:00:29.395915+00:00,customers-service,customers-service-68987c986f-cpzz4,2026-07-29T16:00:10.546689+00:00,DEBUG,2be2d48b3a9a7dfe,dd2cc33cf9f55726,io-8080-exec-23,o.s.web.servlet.DispatcherServlet,Completed 200 OK
2026-07-29T16:00:29.395915+00:00,customers-service,customers-service-68987c986f-cpzz4,2026-07-29T16:00:10.546659+00:00,DEBUG,2be2d48b3a9a7dfe,ba0dd4f00a1469f4,io-8080-exec-23,o.s.web.servlet.DispatcherServlet,"GET ""/owners"", parameters={}"
2026-07-29T16:00:29.395915+00:00,customers-service,customers-service-68987c986f-cpzz4,2026-07-29T16:00:10.295961+00:00,DEBUG,20f77ff715c03fa9,3ca5225c57baaf97,io-8080-exec-14,o.s.web.servlet.DispatcherServlet,Completed 200 OK
2026-07-29T16:00:29.395915+00:00,customers-service,customers-service-68987c986f-cpzz4,2026-07-29T16:00:10.045074+00:00,DEBUG,20f77ff715c03fa9,e214746219e01a22,io-8080-exec-14,o.s.web.servlet.DispatcherServlet,"GET ""/owners"", parameters={}"
2026-07-29T16:00:29.395915+00:00,customers-service,customers-service-68987c986f-cpzz4,2026-07-29T16:00:09.042104+00:00,DEBUG,8070cae883f3fb99,c1832e69bd66a6fb,nio-8080-exec-6,o.s.web.servlet.DispatcherServlet,Completed 200 OK
2026-07-29T16:00:29.395915+00:00,customers-service,customers-service-68987c986f-cpzz4,2026-07-29T16:00:09.042100+00:00,DEBUG,8070cae883f3fb99,b8b1ef610438a75b,nio-8080-exec-6,o.s.web.servlet.DispatcherServlet,"GET ""/owners"", parameters={}"
2026-07-29T16:00:29.395915+00:00,customers-service,customers-service-68987c986f-cpzz4,2026-07-29T16:00:08.791061+00:00,DEBUG,e9908d84c150f89d,77faef492b09af70,io-8080-exec-13,o.s.web.servlet.DispatcherServlet,Completed 200 OK
2026-07-29T16:00:29.395915+00:00,customers-service,customers-service-68987c986f-cpzz4,2026-07-29T16:00:08.539658+00:00,DEBUG,e9908d84c150f89d,ffbc92fe8f3c39ab,io-8080-exec-13,o.s.web.servlet.DispatcherServlet,"GET ""/owners/1"", parameters={}"
2026-07-29T16:00:29.395915+00:00,customers-service,customers-service-68987c986f-cpzz4,2026-07-29T16:00:08.539646+00:00,DEBUG,825c1d78d00efa0b,23b97c70bdbca0c7,nio-8080-exec-9,o.s.web.servlet.DispatcherServlet,Completed 200 OK
2026-07-29T16:00:29.395915+00:00,customers-service,customers-service-68987c986f-cpzz4,2026-07-29T16:00:08.289613+00:00,DEBUG,825c1d78d00efa0b,cf2992be5b120f43,nio-8080-exec-9,o.s.web.servlet.DispatcherServlet,"GET ""/owners"", parameters={}"
2026-07-29T16:00:29.395915+00:00,customers-service,customers-service-68987c986f-cpzz4,2026-07-29T16:00:07.287125+00:00,DEBUG,da69519f54009c71,9fdbd7856dd5c028,nio-8080-exec-3,o.s.web.servlet.DispatcherServlet,Completed 200 OK
2026-07-29T16:00:29.395915+00:00,customers-service,customers-service-68987c986f-cpzz4,2026-07-29T16:00:07.287120+00:00,DEBUG,da69519f54009c71,14e6b1e721bf27db,nio-8080-exec-3,o.s.web.servlet.DispatcherServlet,"GET ""/owners/1"", parameters={}"
2026-07-29T16:00:29.395915+00:00,customers-service,customers-service-68987c986f-cpzz4,2026-07-29T16:00:07.036889+00:00,DEBUG,17b498a5fbe20925,cc5ddc5eb038617c,nio-8080-exec-8,o.s.web.servlet.DispatcherServlet,Completed 200 OK
2026-07-29T16:00:29.395915+00:00,customers-service,customers-service-68987c986f-cpzz4,2026-07-29T16:00:06.786438+00:00,DEBUG,5d7f3be47d3b69ee,5d7f3be47d3b69ee,nio-8080-exec-7,o.s.web.servlet.DispatcherServlet,Completed 200 OK
2026-07-29T16:00:29.395915+00:00,customers-service,customers-service-68987c986f-cpzz4,2026-07-29T16:00:06.786382+00:00,DEBUG,17b498a5fbe20925,567f55975edfcbe4,nio-8080-exec-8,o.s.web.servlet.DispatcherServlet,"GET ""/owners"", parameters={}"
2026-07-29T16:00:29.395915+00:00,customers-service,customers-service-68987c986f-cpzz4,2026-07-29T16:00:06.786377+00:00,DEBUG,8a2c6da20b91b720,42bff0f979afc3bd,io-8080-exec-17,o.s.web.servlet.DispatcherServlet,Completed 200 OK
2026-07-29T16:00:29.395915+00:00,customers-service,customers-service-68987c986f-cpzz4,2026-07-29T16:00:06.535724+00:00,DEBUG,8a2c6da20b91b720,da481d8c3c35c993,io-8080-exec-17,o.s.web.servlet.DispatcherServlet,"GET ""/owners/1"", parameters={}"
2026-07-29T16:00:29.395915+00:00,customers-service,customers-service-68987c986f-cpzz4,2026-07-29T16:00:06.284485+00:00,DEBUG,d341cae70c4ac5c3,123e1a6a16af59b8,io-8080-exec-10,o.s.web.servlet.DispatcherServlet,Completed 200 OK
2026-07-29T16:00:29.395915+00:00,customers-service,customers-service-68987c986f-cpzz4,2026-07-29T16:00:06.034328+00:00,DEBUG,d341cae70c4ac5c3,ebfdb0afe579300a,io-8080-exec-10,o.s.web.servlet.DispatcherServlet,"GET ""/owners"", parameters={}"
2026-07-29T16:00:29.395915+00:00,customers-service,customers-service-68987c986f-cpzz4,2026-07-29T16:00:05.783164+00:00,DEBUG,84d2896bf358cb31,0249f6c76ab778db,io-8080-exec-23,o.s.web.servlet.DispatcherServlet,Completed 200 OK
2026-07-29T16:00:29.395915+00:00,customers-service,customers-service-68987c986f-cpzz4,2026-07-29T16:00:05.531872+00:00,DEBUG,84d2896bf358cb31,6cbaa2d1cc59d7fc,io-8080-exec-23,o.s.web.servlet.DispatcherServlet,"GET ""/owners"", parameters={}"
2026-07-29T16:00:29.395915+00:00,customers-service,customers-service-68987c986f-cpzz4,2026-07-29T16:00:05.531843+00:00,DEBUG,39b108538fa31084,2f45f9aff4a95f03,io-8080-exec-14,o.s.web.servlet.DispatcherServlet,Completed 200 OK
2026-07-29T16:00:29.395915+00:00,customers-service,customers-service-68987c986f-cpzz4,2026-07-29T16:00:05.531830+00:00,DEBUG,39b108538fa31084,1dee806d58222567,io-8080-exec-14,o.s.web.servlet.DispatcherServlet,"GET ""/owners/1"", parameters={}"
2026-07-29T16:00:29.395915+00:00,customers-service,customers-service-68987c986f-cpzz4,2026-07-29T16:00:04.530625+00:00,DEBUG,33bcc66ee2f1c860,be6387972dfe22d7,nio-8080-exec-6,o.s.web.servlet.DispatcherServlet,Completed 200 OK
2026-07-29T16:00:29.395915+00:00,customers-service,customers-service-68987c986f-cpzz4,2026-07-29T16:00:04.530620+00:00,DEBUG,33bcc66ee2f1c860,195bd51b13910ca9,nio-8080-exec-6,o.s.web.servlet.DispatcherServlet,"GET ""/owners"", parameters={}"
2026-07-29T16:00:29.395915+00:00,customers-service,customers-service-68987c986f-cpzz4,2026-07-29T16:00:04.028702+00:00,DEBUG,a3da8eb4a450ea24,8cb4d000c3ce7e3d,io-8080-exec-13,o.s.web.servlet.DispatcherServlet,Completed 200 OK
2026-07-29T16:00:29.395915+00:00,customers-service,customers-service-68987c986f-cpzz4,2026-07-29T16:00:04.028701+00:00,DEBUG,a3da8eb4a450ea24,d307b8f2f0c6b43f,io-8080-exec-13,o.s.web.servlet.DispatcherServlet,"GET ""/owners/1"", parameters={}"
2026-07-29T16:00:29.395915+00:00,customers-service,customers-service-68987c986f-cpzz4,2026-07-29T16:00:03.778448+00:00,DEBUG,a7b884e6aef3f717,b5f891af70f182bc,nio-8080-exec-9,o.s.web.servlet.DispatcherServlet,Completed 200 OK
2026-07-29T16:00:29.395915+00:00,customers-service,customers-service-68987c986f-cpzz4,2026-07-29T16:00:03.527818+00:00,DEBUG,a7b884e6aef3f717,b5604151e50b01d4,nio-8080-exec-9,o.s.web.servlet.DispatcherServlet,"GET ""/owners"", parameters={}"
2026-07-29T16:00:29.395915+00:00,customers-service,customers-service-68987c986f-cpzz4,2026-07-29T16:00:03.277294+00:00,DEBUG,dd6ab07d97849e53,1a15347737a6e3cf,nio-8080-exec-3,o.s.web.servlet.DispatcherServlet,Completed 200 OK
2026-07-29T16:00:29.395915+00:00,customers-service,customers-service-68987c986f-cpzz4,2026-07-29T16:00:03.026054+00:00,DEBUG,dd6ab07d97849e53,c1ac35096e54985c,nio-8080-exec-3,o.s.web.servlet.DispatcherServlet,"GET ""/owners"", parameters={}"
2026-07-29T16:00:29.395915+00:00,customers-service,customers-service-68987c986f-cpzz4,2026-07-29T16:00:02.775170+00:00,DEBUG,7855a9418d11f8f0,86118aa3b5f5f4cc,nio-8080-exec-7,o.s.web.servlet.DispatcherServlet,Completed 200 OK
2026-07-29T16:00:29.395915+00:00,customers-service,customers-service-68987c986f-cpzz4,2026-07-29T16:00:02.524502+00:00,DEBUG,7855a9418d11f8f0,cf702a6ba1786c6a,nio-8080-exec-7,o.s.web.servlet.DispatcherServlet,"GET ""/owners/1"", parameters={}"
2026-07-29T16:00:29.395915+00:00,customers-service,customers-service-68987c986f-cpzz4,2026-07-29T16:00:02.273072+00:00,DEBUG,877242c504658579,58aaba2eee7a3c65,nio-8080-exec-8,o.s.web.servlet.DispatcherServlet,Completed 200 OK
2026-07-29T16:00:29.395915+00:00,customers-service,customers-service-68987c986f-cpzz4,2026-07-29T16:00:02.021836+00:00,DEBUG,877242c504658579,e1947e61ab9ba84e,nio-8080-exec-8,o.s.web.servlet.DispatcherServlet,"GET ""/owners"", parameters={}"
2026-07-29T16:00:29.395915+00:00,customers-service,customers-service-68987c986f-cpzz4,2026-07-29T16:00:01.521089+00:00,DEBUG,f2bb947b59577c78,df02a1b6dbf5b67d,io-8080-exec-17,o.s.web.servlet.DispatcherServlet,Completed 200 OK
2026-07-29T16:00:29.395915+00:00,customers-service,customers-service-68987c986f-cpzz4,2026-07-29T16:00:01.270822+00:00,DEBUG,22efe0ae92dd97ad,22efe0ae92dd97ad,io-8080-exec-10,o.s.web.servlet.DispatcherServlet,Completed 200 OK
2026-07-29T16:00:29.395915+00:00,customers-service,customers-service-68987c986f-cpzz4,2026-07-29T16:00:01.270806+00:00,DEBUG,f2bb947b59577c78,f7bee026581f3699,io-8080-exec-17,o.s.web.servlet.DispatcherServlet,"GET ""/owners"", parameters={}"
2026-07-29T16:00:29.395915+00:00,customers-service,customers-service-68987c986f-cpzz4,2026-07-29T16:00:01.020643+00:00,DEBUG,0f5f9e0d2567633e,d0b4e1cbce2e8af4,io-8080-exec-23,o.s.web.servlet.DispatcherServlet,Completed 200 OK
2026-07-29T16:00:29.395915+00:00,customers-service,customers-service-68987c986f-cpzz4,2026-07-29T16:00:00.769288+00:00,DEBUG,0f5f9e0d2567633e,078bbe0c427bca17,io-8080-exec-23,o.s.web.servlet.DispatcherServlet,"GET ""/owners"", parameters={}"
2026-07-29T16:00:29.395915+00:00,customers-service,customers-service-68987c986f-cpzz4,2026-07-29T16:00:00.769284+00:00,DEBUG,8e8d1a896e9a1b1c,f53549b3af2e89fb,io-8080-exec-14,o.s.web.servlet.DispatcherServlet,Completed 200 OK
2026-07-29T16:00:29.395915+00:00,customers-service,customers-service-68987c986f-cpzz4,2026-07-29T16:00:00.518691+00:00,DEBUG,8e8d1a896e9a1b1c,32675cd25753c81c,io-8080-exec-14,o.s.web.servlet.DispatcherServlet,"GET ""/owners"", parameters={}"
2026-07-29T16:00:29.395915+00:00,customers-service,customers-service-68987c986f-cpzz4,2026-07-29T16:00:00.518689+00:00,DEBUG,11df0a57cded2cdc,09a2c5c1b0c05cdb,nio-8080-exec-6,o.s.web.servlet.DispatcherServlet,Completed 200 OK
2026-07-29T16:00:29.395915+00:00,customers-service,customers-service-68987c986f-cpzz4,2026-07-29T16:00:00.267360+00:00,DEBUG,11df0a57cded2cdc,1452e73d6ac05bfd,nio-8080-exec-6,o.s.web.servlet.DispatcherServlet,"GET ""/owners"", parameters={}"
2026-07-29T16:00:29.395915+00:00,customers-service,customers-service-68987c986f-cpzz4,2026-07-29T15:59:59.514541+00:00,DEBUG,9e05034f57814419,29ccb6c1a6a13512,io-8080-exec-13,o.s.web.servlet.DispatcherServlet,Completed 200 OK
2026-07-29T16:00:29.395915+00:00,customers-service,customers-service-68987c986f-cpzz4,2026-07-29T15:59:59.514538+00:00,DEBUG,9e05034f57814419,477e46a95385e880,io-8080-exec-13,o.s.web.servlet.DispatcherServlet,"GET ""/owners/1"", parameters={}"
2026-07-29T16:00:29.395915+00:00,customers-service,customers-service-68987c986f-cpzz4,2026-07-29T15:59:59.264246+00:00,DEBUG,c5f54c0fe82114ff,0f14180bdd84f3dd,nio-8080-exec-9,o.s.web.servlet.DispatcherServlet,Completed 200 OK
2026-07-29T16:00:29.395915+00:00,customers-service,customers-service-68987c986f-cpzz4,2026-07-29T15:59:59.014091+00:00,DEBUG,c5f54c0fe82114ff,bde2cf95b5351d7c,nio-8080-exec-9,o.s.web.servlet.DispatcherServlet,"GET ""/owners"", parameters={}"
2026-07-29T16:00:29.395915+00:00,customers-service,customers-service-68987c986f-cpzz4,2026-07-29T15:59:58.762613+00:00,DEBUG,2043f95312df3aaa,d1f16402d08c06b4,nio-8080-exec-3,o.s.web.servlet.DispatcherServlet,Completed 200 OK
2026-07-29T16:00:29.395915+00:00,customers-service,customers-service-68987c986f-cpzz4,2026-07-29T15:59:58.511400+00:00,DEBUG,2043f95312df3aaa,104b59e5b1d9bbb2,nio-8080-exec-3,o.s.web.servlet.DispatcherServlet,"GET ""/owners"", parameters={}"
2026-07-29T16:00:29.395915+00:00,customers-service,customers-service-68987c986f-cpzz4,2026-07-29T15:59:58.010524+00:00,DEBUG,6a2e4bc54b8c19a9,a61a7a915669a670,nio-8080-exec-7,o.s.web.servlet.DispatcherServlet,Completed 200 OK
2026-07-29T16:00:29.395915+00:00,customers-service,customers-service-68987c986f-cpzz4,2026-07-29T15:59:57.509824+00:00,DEBUG,6a2e4bc54b8c19a9,855d77c61384a2b6,nio-8080-exec-7,o.s.web.servlet.DispatcherServlet,"GET ""/owners"", parameters={}"
2026-07-29T16:00:29.395915+00:00,customers-service,customers-service-68987c986f-cpzz4,2026-07-29T15:59:57.509821+00:00,DEBUG,e0c8cf71cf2687bd,d03b8f2892b4bd9d,nio-8080-exec-8,o.s.web.servlet.DispatcherServlet,Completed 200 OK
2026-07-29T16:00:29.395915+00:00,customers-service,customers-service-68987c986f-cpzz4,2026-07-29T15:59:57.259154+00:00,DEBUG,e0c8cf71cf2687bd,21dee31042be4c72,nio-8080-exec-8,o.s.web.servlet.DispatcherServlet,"GET ""/owners"", parameters={}"
2026-07-29T16:00:29.395915+00:00,customers-service,customers-service-68987c986f-cpzz4,2026-07-29T15:59:56.507262+00:00,DEBUG,810c2b0dbbce5058,298b136a39810804,io-8080-exec-10,o.s.web.servlet.DispatcherServlet,Completed 200 OK
2026-07-29T16:00:29.395915+00:00,customers-service,customers-service-68987c986f-cpzz4,2026-07-29T15:59:56.507259+00:00,DEBUG,c4e6954428fedeb4,81dc80d428844815,io-8080-exec-17,o.s.web.servlet.DispatcherServlet,Completed 200 OK
2026-07-29T16:00:29.395915+00:00,customers-service,customers-service-68987c986f-cpzz4,2026-07-29T15:59:56.256631+00:00,DEBUG,3bcf89d9ad366776,3bcf89d9ad366776,io-8080-exec-23,o.s.web.servlet.DispatcherServlet,Completed 200 OK
2026-07-29T16:00:29.395915+00:00,customers-service,customers-service-68987c986f-cpzz4,2026-07-29T15:59:56.005800+00:00,DEBUG,810c2b0dbbce5058,89f7f54d735cb5ab,io-8080-exec-10,o.s.web.servlet.DispatcherServlet,"GET ""/owners"", parameters={}"
2026-07-29T16:00:29.395915+00:00,customers-service,customers-service-68987c986f-cpzz4,2026-07-29T15:59:56.005798+00:00,DEBUG,c4e6954428fedeb4,9d085dc551f56916,io-8080-exec-17,o.s.web.servlet.DispatcherServlet,"GET ""/owners"", parameters={}"
2026-07-29T16:00:29.395915+00:00,customers-service,customers-service-68987c986f-cpzz4,2026-07-29T15:59:55.503520+00:00,DEBUG,aa4c6ff674f97866,87e36fb61f4b037e,io-8080-exec-14,o.s.web.servlet.DispatcherServlet,Completed 200 OK
2026-07-29T16:00:29.395915+00:00,customers-service,customers-service-68987c986f-cpzz4,2026-07-29T15:59:55.503516+00:00,DEBUG,aa4c6ff674f97866,58a3d0b21e2e0e1d,io-8080-exec-14,o.s.web.servlet.DispatcherServlet,"GET ""/owners"", parameters={}"
2026-07-29T16:00:29.395915+00:00,customers-service,customers-service-68987c986f-cpzz4,2026-07-29T15:59:54.750086+00:00,DEBUG,b09f61de1df3569c,5ce96f1231839862,nio-8080-exec-6,o.s.web.servlet.DispatcherServlet,Completed 200 OK
2026-07-29T16:00:29.395915+00:00,customers-service,customers-service-68987c986f-cpzz4,2026-07-29T15:59:54.499201+00:00,DEBUG,20f5e4c2dbf6e8c2,12c7ada5379db546,io-8080-exec-13,o.s.web.servlet.DispatcherServlet,Completed 200 OK
2026-07-29T16:00:29.395915+00:00,customers-service,customers-service-68987c986f-cpzz4,2026-07-29T15:59:54.499181+00:00,DEBUG,b09f61de1df3569c,7f6ba5621bea4109,nio-8080-exec-6,o.s.web.servlet.DispatcherServlet,"GET ""/owners"", parameters={}"
2026-07-29T16:00:29.395915+00:00,customers-service,customers-service-68987c986f-cpzz4,2026-07-29T15:59:54.499177+00:00,DEBUG,20f5e4c2dbf6e8c2,5440287a02c895be,io-8080-exec-13,o.s.web.servlet.DispatcherServlet,"GET ""/owners"", parameters={}"
2026-07-29T16:00:29.395915+00:00,customers-service,customers-service-68987c986f-cpzz4,2026-07-29T15:59:53.997014+00:00,DEBUG,2c01b7d8c1cf9124,76c69d5d968ba0fe,nio-8080-exec-9,o.s.web.servlet.DispatcherServlet,Completed 200 OK
2026-07-29T16:00:29.395915+00:00,customers-service,customers-service-68987c986f-cpzz4,2026-07-29T15:59:53.997009+00:00,DEBUG,2c01b7d8c1cf9124,bfe92c93cf53ad9c,nio-8080-exec-9,o.s.web.servlet.DispatcherServlet,"GET ""/owners"", parameters={}"
2026-07-29T16:00:29.395915+00:00,customers-service,customers-service-68987c986f-cpzz4,2026-07-29T15:59:53.246338+00:00,DEBUG,07d9c5eeeb8c4226,cdf149e09fa5d372,nio-8080-exec-3,o.s.web.servlet.DispatcherServlet,Completed 200 OK
2026-07-29T16:00:29.395915+00:00,customers-service,customers-service-68987c986f-cpzz4,2026-07-29T15:59:53.246291+00:00,DEBUG,07d9c5eeeb8c4226,f990023e94ff5976,nio-8080-exec-3,o.s.web.servlet.DispatcherServlet,"GET ""/owners/1"", parameters={}"
2026-07-29T16:00:29.395915+00:00,customers-service,customers-service-68987c986f-cpzz4,2026-07-29T15:59:53.246225+00:00,DEBUG,d3162ccb3c2e826d,fcfdadc9f786b3c8,nio-8080-exec-7,o.s.web.servlet.DispatcherServlet,Completed 200 OK
2026-07-29T16:00:29.395915+00:00,customers-service,customers-service-68987c986f-cpzz4,2026-07-29T15:59:52.995986+00:00,DEBUG,d3162ccb3c2e826d,875cdbc6589fe6b3,nio-8080-exec-7,o.s.web.servlet.DispatcherServlet,"GET ""/owners"", parameters={}"
2026-07-29T16:00:29.395915+00:00,customers-service,customers-service-68987c986f-cpzz4,2026-07-29T15:59:52.745849+00:00,DEBUG,27c901c95af51218,fca8e6509d921d94,nio-8080-exec-8,o.s.web.servlet.DispatcherServlet,Completed 200 OK
2026-07-29T16:00:29.395915+00:00,customers-service,customers-service-68987c986f-cpzz4,2026-07-29T15:59:52.745846+00:00,DEBUG,27c901c95af51218,5cbaca2c8a978da5,nio-8080-exec-8,o.s.web.servlet.DispatcherServlet,"GET ""/owners/1"", parameters={}"
2026-07-29T16:00:29.395915+00:00,customers-service,customers-service-68987c986f-cpzz4,2026-07-29T15:59:52.244589+00:00,DEBUG,4a5b9c7d9d9c0eec,6c6519a1e013a30a,io-8080-exec-23,o.s.web.servlet.DispatcherServlet,Completed 200 OK
2026-07-29T16:00:29.395915+00:00,customers-service,customers-service-68987c986f-cpzz4,2026-07-29T15:59:52.244565+00:00,DEBUG,4a5b9c7d9d9c0eec,0a4e9cc75e69adea,io-8080-exec-23,o.s.web.servlet.DispatcherServlet,"GET ""/owners/1"", parameters={}"
2026-07-29T16:00:29.395915+00:00,customers-service,customers-service-68987c986f-cpzz4,2026-07-29T15:59:52.244561+00:00,DEBUG,c8cf5a1c2f81a25b,0c8adda3ec35ef91,io-8080-exec-10,o.s.web.servlet.DispatcherServlet,Completed 200 OK
2026-07-29T16:00:29.395915+00:00,customers-service,customers-service-68987c986f-cpzz4,2026-07-29T15:59:51.993731+00:00,DEBUG,c8cf5a1c2f81a25b,e32eccc94c6a4a64,io-8080-exec-10,o.s.web.servlet.DispatcherServlet,"GET ""/owners/1"", parameters={}"
2026-07-29T16:00:29.395915+00:00,customers-service,customers-service-68987c986f-cpzz4,2026-07-29T15:59:51.993727+00:00,DEBUG,edbb458ab640635a,1142534dec366919,io-8080-exec-17,o.s.web.servlet.DispatcherServlet,Completed 200 OK
2026-07-29T16:00:29.395915+00:00,customers-service,customers-service-68987c986f-cpzz4,2026-07-29T15:59:51.742687+00:00,DEBUG,edbb458ab640635a,7cb0acf9dae38efe,io-8080-exec-17,o.s.web.servlet.DispatcherServlet,"GET ""/owners"", parameters={}"
2026-07-29T16:00:29.395915+00:00,customers-service,customers-service-68987c986f-cpzz4,2026-07-29T15:59:50.990582+00:00,DEBUG,c597803acd54a561,fa6ddb06eadde640,io-8080-exec-14,o.s.web.servlet.DispatcherServlet,Completed 200 OK
2026-07-29T16:00:29.395915+00:00,customers-service,customers-service-68987c986f-cpzz4,2026-07-29T15:59:50.739819+00:00,DEBUG,c597803acd54a561,dc7e9da29860e3fc,io-8080-exec-14,o.s.web.servlet.DispatcherServlet,"GET ""/owners"", parameters={}"
2026-07-29T16:00:29.395915+00:00,customers-service,customers-service-68987c986f-cpzz4,2026-07-29T15:59:50.739816+00:00,DEBUG,f80d7050a1af8b51,811ca493c2dabc39,nio-8080-exec-6,o.s.web.servlet.DispatcherServlet,Completed 200 OK
2026-07-29T16:00:29.395915+00:00,customers-service,customers-service-68987c986f-cpzz4,2026-07-29T15:59:50.489279+00:00,DEBUG,f80d7050a1af8b51,3469dfe5f5414e42,nio-8080-exec-6,o.s.web.servlet.DispatcherServlet,"GET ""/owners"", parameters={}"
2026-07-29T16:00:29.395915+00:00,customers-service,customers-service-68987c986f-cpzz4,2026-07-29T15:59:50.238296+00:00,DEBUG,21b83ecd6d349d72,c2152314f4677190,io-8080-exec-13,o.s.web.servlet.DispatcherServlet,Completed 200 OK
2026-07-29T16:00:29.395915+00:00,customers-service,customers-service-68987c986f-cpzz4,2026-07-29T15:59:49.987338+00:00,DEBUG,21b83ecd6d349d72,106b23fc097e81da,io-8080-exec-13,o.s.web.servlet.DispatcherServlet,"GET ""/owners"", parameters={}"
2026-07-29T16:00:29.395915+00:00,customers-service,customers-service-68987c986f-cpzz4,2026-07-29T15:59:49.485696+00:00,DEBUG,61debacb5d79223f,1f8174429ba4fbd7,nio-8080-exec-9,o.s.web.servlet.DispatcherServlet,Completed 200 OK
2026-07-29T16:00:29.395915+00:00,customers-service,customers-service-68987c986f-cpzz4,2026-07-29T15:59:49.235055+00:00,DEBUG,61debacb5d79223f,bd13579fc86ff428,nio-8080-exec-9,o.s.web.servlet.DispatcherServlet,"GET ""/owners"", parameters={}"
2026-07-29T16:00:29.395915+00:00,customers-service,customers-service-68987c986f-cpzz4,2026-07-29T15:59:48.733641+00:00,DEBUG,31dc81790ace99fc,f57d5f884cc0a8a5,nio-8080-exec-3,o.s.web.servlet.DispatcherServlet,Completed 200 OK
2026-07-29T16:00:29.395915+00:00,customers-service,customers-service-68987c986f-cpzz4,2026-07-29T15:59:48.482488+00:00,DEBUG,31dc81790ace99fc,48c845b068c6b908,nio-8080-exec-3,o.s.web.servlet.DispatcherServlet,"GET ""/owners"", parameters={}"
2026-07-29T16:00:29.395915+00:00,customers-service,customers-service-68987c986f-cpzz4,2026-07-29T15:59:48.482483+00:00,DEBUG,54c6879b41b24321,a5dcb2b643d8a48d,nio-8080-exec-7,o.s.web.servlet.DispatcherServlet,Completed 200 OK
2026-07-29T16:00:29.395915+00:00,customers-service,customers-service-68987c986f-cpzz4,2026-07-29T15:59:48.231461+00:00,DEBUG,54c6879b41b24321,69c058b379061ea6,nio-8080-exec-7,o.s.web.servlet.DispatcherServlet,"GET ""/owners"", parameters={}"
2026-07-29T16:00:29.395915+00:00,customers-service,customers-service-68987c986f-cpzz4,2026-07-29T15:59:47.479202+00:00,DEBUG,79b5e381f063d78d,4d2e628579f5cd7a,nio-8080-exec-8,o.s.web.servlet.DispatcherServlet,Completed 200 OK
2026-07-29T16:00:29.395915+00:00,customers-service,customers-service-68987c986f-cpzz4,2026-07-29T15:59:46.726740+00:00,DEBUG,11be9782bd05be3b,11be9782bd05be3b,io-8080-exec-23,o.s.web.servlet.DispatcherServlet,Completed 200 OK
2026-07-29T16:00:29.395915+00:00,customers-service,customers-service-68987c986f-cpzz4,2026-07-29T15:59:46.476590+00:00,DEBUG,de14b47bb83e3751,c44152dd776b1417,io-8080-exec-10,o.s.web.servlet.DispatcherServlet,Completed 200 OK
2026-07-29T16:00:29.395915+00:00,customers-service,customers-service-68987c986f-cpzz4,2026-07-29T15:59:46.476561+00:00,DEBUG,32a5a5a669f547b6,32a5a5a669f547b6,io-8080-exec-17,o.s.web.servlet.DispatcherServlet,Completed 200 OK
2026-07-29T16:00:29.395915+00:00,customers-service,customers-service-68987c986f-cpzz4,2026-07-29T15:59:46.225213+00:00,DEBUG,79b5e381f063d78d,ed536aef4ed0f10b,nio-8080-exec-8,o.s.web.servlet.DispatcherServlet,"GET ""/owners"", parameters={}"
2026-07-29T16:00:29.395915+00:00,customers-service,customers-service-68987c986f-cpzz4,2026-07-29T15:59:46.225188+00:00,DEBUG,c835ab75f192ff3c,db93c4ab0db320b0,io-8080-exec-14,o.s.web.servlet.DispatcherServlet,Completed 200 OK
2026-07-29T16:00:29.395915+00:00,customers-service,customers-service-68987c986f-cpzz4,2026-07-29T15:59:46.225184+00:00,DEBUG,de14b47bb83e3751,d74e297dbf017d5d,io-8080-exec-10,o.s.web.servlet.DispatcherServlet,"GET ""/owners/1"", parameters={}"
2026-07-29T16:00:29.395915+00:00,customers-service,customers-service-68987c986f-cpzz4,2026-07-29T15:59:45.723193+00:00,DEBUG,c835ab75f192ff3c,6913450343f33006,io-8080-exec-14,o.s.web.servlet.DispatcherServlet,"GET ""/owners/1"", parameters={}"
2026-07-29T16:00:29.395915+00:00,customers-service,customers-service-68987c986f-cpzz4,2026-07-29T15:59:45.723189+00:00,DEBUG,0d73e106ff359077,a0f404a5f0c8170f,nio-8080-exec-6,o.s.web.servlet.DispatcherServlet,Completed 200 OK
2026-07-29T16:00:29.395915+00:00,customers-service,customers-service-68987c986f-cpzz4,2026-07-29T15:59:45.472315+00:00,DEBUG,2628f12b18657930,031674b7a511881e,io-8080-exec-13,o.s.web.servlet.DispatcherServlet,Completed 200 OK
2026-07-29T16:00:29.395915+00:00,customers-service,customers-service-68987c986f-cpzz4,2026-07-29T15:59:45.221836+00:00,DEBUG,3f10fe230d445d25,4b747102ef2da937,nio-8080-exec-9,o.s.web.servlet.DispatcherServlet,Completed 200 OK
2026-07-29T16:00:29.395915+00:00,customers-service,customers-service-68987c986f-cpzz4,2026-07-29T15:59:44.970613+00:00,DEBUG,2628f12b18657930,9322374b6133ccbe,io-8080-exec-13,o.s.web.servlet.DispatcherServlet,"GET ""/owners/1"", parameters={}"
2026-07-29T16:00:29.395915+00:00,customers-service,customers-service-68987c986f-cpzz4,2026-07-29T15:59:44.719338+00:00,DEBUG,0d73e106ff359077,9b32f9230739123a,nio-8080-exec-6,o.s.web.servlet.DispatcherServlet,"GET ""/owners"", parameters={}"
2026-07-29T16:00:29.395915+00:00,customers-service,customers-service-68987c986f-cpzz4,2026-07-29T15:59:44.217843+00:00,DEBUG,3f10fe230d445d25,80d2cc75f8d7feb4,nio-8080-exec-9,o.s.web.servlet.DispatcherServlet,"GET ""/owners"", parameters={}"
2026-07-29T16:00:29.395915+00:00,customers-service,customers-service-68987c986f-cpzz4,2026-07-29T15:59:43.967593+00:00,DEBUG,46905c06ba6bf2a6,c2eedfde73280e04,nio-8080-exec-3,o.s.web.servlet.DispatcherServlet,Completed 200 OK
2026-07-29T16:00:29.395915+00:00,customers-service,customers-service-68987c986f-cpzz4,2026-07-29T15:59:43.716893+00:00,DEBUG,46905c06ba6bf2a6,ef38a99d184b4d11,nio-8080-exec-3,o.s.web.servlet.DispatcherServlet,"GET ""/owners/1"", parameters={}"
2026-07-29T16:00:29.395915+00:00,customers-service,customers-service-68987c986f-cpzz4,2026-07-29T15:59:42.713095+00:00,DEBUG,60e6547312fe1995,1f10f424111258bf,nio-8080-exec-7,o.s.web.servlet.DispatcherServlet,Completed 200 OK
2026-07-29T16:00:29.395915+00:00,customers-service,customers-service-68987c986f-cpzz4,2026-07-29T15:59:42.713078+00:00,DEBUG,60e6547312fe1995,884b414670a526ce,nio-8080-exec-7,o.s.web.servlet.DispatcherServlet,"GET ""/owners/1"", parameters={}"
2026-07-29T16:00:29.395915+00:00,customers-service,customers-service-68987c986f-cpzz4,2026-07-29T15:59:42.713058+00:00,DEBUG,a1a427c3fc3cddfb,4e11dc2b98d9eb71,io-8080-exec-23,o.s.web.servlet.DispatcherServlet,Completed 200 OK
2026-07-29T16:00:29.395915+00:00,customers-service,customers-service-68987c986f-cpzz4,2026-07-29T15:59:42.713055+00:00,DEBUG,a1a427c3fc3cddfb,d4c6e6485701afbb,io-8080-exec-23,o.s.web.servlet.DispatcherServlet,"GET ""/owners"", parameters={}"
2026-07-29T16:00:29.395915+00:00,customers-service,customers-service-68987c986f-cpzz4,2026-07-29T15:59:41.459240+00:00,DEBUG,f1d49d0904fdf7a7,038a70f9fe5eed7f,io-8080-exec-17,o.s.web.servlet.DispatcherServlet,Completed 200 OK
2026-07-29T16:00:29.395915+00:00,customers-service,customers-service-68987c986f-cpzz4,2026-07-29T15:59:41.459236+00:00,DEBUG,f1d49d0904fdf7a7,ad62c928d52adfca,io-8080-exec-17,o.s.web.servlet.DispatcherServlet,"GET ""/owners/1"", parameters={}"
2026-07-29T16:00:29.395915+00:00,customers-service,customers-service-68987c986f-cpzz4,2026-07-29T15:59:41.208079+00:00,DEBUG,d4150592291e141e,d4150592291e141e,nio-8080-exec-8,o.s.web.servlet.DispatcherServlet,Completed 200 OK
2026-07-29T16:00:29.395915+00:00,customers-service,customers-service-68987c986f-cpzz4,2026-07-29T15:59:41.207936+00:00,DEBUG,37c732118a912114,fb927d3b7a9e1474,io-8080-exec-10,o.s.web.servlet.DispatcherServlet,Completed 200 OK
2026-07-29T16:00:29.395915+00:00,customers-service,customers-service-68987c986f-cpzz4,2026-07-29T15:59:41.207932+00:00,DEBUG,37c732118a912114,1e9d01c023c17b37,io-8080-exec-10,o.s.web.servlet.DispatcherServlet,"GET ""/owners/1"", parameters={}"
2026-07-29T16:00:29.395915+00:00,customers-service,customers-service-68987c986f-cpzz4,2026-07-29T15:59:40.957206+00:00,DEBUG,ff253ae3fc955a08,0f865306add04160,io-8080-exec-14,o.s.web.servlet.DispatcherServlet,Completed 200 OK
2026-07-29T16:00:29.395915+00:00,customers-service,customers-service-68987c986f-cpzz4,2026-07-29T15:59:40.957202+00:00,DEBUG,ff253ae3fc955a08,33048ec6142a7b07,io-8080-exec-14,o.s.web.servlet.DispatcherServlet,"GET ""/owners/1"", parameters={}"
2026-07-29T16:00:29.395915+00:00,customers-service,customers-service-68987c986f-cpzz4,2026-07-29T15:59:40.205300+00:00,DEBUG,12358c47b124cc2c,2d7563d6f5d0d9f3,io-8080-exec-13,o.s.web.servlet.DispatcherServlet,Completed 200 OK
2026-07-29T16:00:29.395915+00:00,customers-service,customers-service-68987c986f-cpzz4,2026-07-29T15:59:40.205295+00:00,DEBUG,12358c47b124cc2c,1c11cff55ae74c88,io-8080-exec-13,o.s.web.servlet.DispatcherServlet,"GET ""/owners"", parameters={}"
2026-07-29T16:00:29.395915+00:00,customers-service,customers-service-68987c986f-cpzz4,2026-07-29T15:59:39.954108+00:00,DEBUG,bcd7a34a7fea2e77,4f22a85d4b940576,nio-8080-exec-6,o.s.web.servlet.DispatcherServlet,Completed 200 OK
2026-07-29T16:00:29.395915+00:00,customers-service,customers-service-68987c986f-cpzz4,2026-07-29T15:59:39.703749+00:00,DEBUG,bcd7a34a7fea2e77,f7b8d31fab6e9669,nio-8080-exec-6,o.s.web.servlet.DispatcherServlet,"GET ""/owners"", parameters={}"
2026-07-29T16:00:29.395915+00:00,customers-service,customers-service-68987c986f-cpzz4,2026-07-29T15:59:39.202750+00:00,DEBUG,85534f3282a65fa7,d19fb527b5883205,nio-8080-exec-9,o.s.web.servlet.DispatcherServlet,Completed 200 OK
2026-07-29T16:00:29.395915+00:00,customers-service,customers-service-68987c986f-cpzz4,2026-07-29T15:59:38.951930+00:00,DEBUG,85534f3282a65fa7,675889eea7d2985e,nio-8080-exec-9,o.s.web.servlet.DispatcherServlet,"GET ""/owners"", parameters={}"
2026-07-29T16:00:29.395915+00:00,customers-service,customers-service-68987c986f-cpzz4,2026-07-29T15:59:38.199242+00:00,DEBUG,9f63e0886f6bf78c,0fe04398c3b56b7a,nio-8080-exec-3,o.s.web.servlet.DispatcherServlet,Completed 200 OK
2026-07-29T16:00:29.395915+00:00,customers-service,customers-service-68987c986f-cpzz4,2026-07-29T15:59:38.199238+00:00,DEBUG,9f63e0886f6bf78c,9b2e59b19e485e32,nio-8080-exec-3,o.s.web.servlet.DispatcherServlet,"GET ""/owners"", parameters={}"
2026-07-29T16:00:29.395915+00:00,customers-service,customers-service-68987c986f-cpzz4,2026-07-29T15:59:37.948046+00:00,DEBUG,5b51180aa87a9664,d6af6319b659548f,nio-8080-exec-7,o.s.web.servlet.DispatcherServlet,Completed 200 OK
2026-07-29T16:00:29.395915+00:00,customers-service,customers-service-68987c986f-cpzz4,2026-07-29T15:59:37.696754+00:00,DEBUG,b7ee1e777cce16c8,4fc6c6cf41b25a13,io-8080-exec-23,o.s.web.servlet.DispatcherServlet,Completed 200 OK
2026-07-29T16:00:29.395915+00:00,customers-service,customers-service-68987c986f-cpzz4,2026-07-29T15:59:37.696733+00:00,DEBUG,5b51180aa87a9664,641682d8ee1dff00,nio-8080-exec-7,o.s.web.servlet.DispatcherServlet,"GET ""/owners/1"", parameters={}"
2026-07-29T16:00:29.395915+00:00,customers-service,customers-service-68987c986f-cpzz4,2026-07-29T15:59:37.696730+00:00,DEBUG,b7ee1e777cce16c8,6a70a4d47559d74b,io-8080-exec-23,o.s.web.servlet.DispatcherServlet,"GET ""/owners"", parameters={}"
2026-07-29T16:00:29.395915+00:00,customers-service,customers-service-68987c986f-cpzz4,2026-07-29T15:59:37.445733+00:00,DEBUG,51e933d49b04f0fa,9ead1f5f6596cbc9,io-8080-exec-17,o.s.web.servlet.DispatcherServlet,Completed 200 OK
2026-07-29T16:00:29.395915+00:00,customers-service,customers-service-68987c986f-cpzz4,2026-07-29T15:59:37.195529+00:00,DEBUG,f299e7452f65df61,320112c25b5ac3fc,nio-8080-exec-8,o.s.web.servlet.DispatcherServlet,Completed 200 OK
2026-07-29T16:00:29.395915+00:00,customers-service,customers-service-68987c986f-cpzz4,2026-07-29T15:59:37.195525+00:00,DEBUG,51e933d49b04f0fa,bbc28b2ad6ac47c1,io-8080-exec-17,o.s.web.servlet.DispatcherServlet,"GET ""/owners"", parameters={}"
2026-07-29T16:00:29.395915+00:00,customers-service,customers-service-68987c986f-cpzz4,2026-07-29T15:59:36.944169+00:00,DEBUG,f299e7452f65df61,b29f7efe12b1f35b,nio-8080-exec-8,o.s.web.servlet.DispatcherServlet,"GET ""/owners"", parameters={}"
2026-07-29T16:00:29.395915+00:00,customers-service,customers-service-68987c986f-cpzz4,2026-07-29T15:59:36.693502+00:00,DEBUG,84612e39bb92ad23,2dde74fc81bc468e,io-8080-exec-10,o.s.web.servlet.DispatcherServlet,Completed 200 OK
2026-07-29T16:00:29.395915+00:00,customers-service,customers-service-68987c986f-cpzz4,2026-07-29T15:59:36.693498+00:00,DEBUG,84612e39bb92ad23,1e2d6116362ac606,io-8080-exec-10,o.s.web.servlet.DispatcherServlet,"GET ""/owners/1"", parameters={}"
2026-07-29T16:00:29.395915+00:00,customers-service,customers-service-68987c986f-cpzz4,2026-07-29T15:59:36.192185+00:00,DEBUG,f5b8600f4a510de5,c5d7f89d40504e5a,io-8080-exec-14,o.s.web.servlet.DispatcherServlet,Completed 200 OK
2026-07-29T16:00:29.395915+00:00,customers-service,customers-service-68987c986f-cpzz4,2026-07-29T15:59:36.192181+00:00,DEBUG,f5b8600f4a510de5,d2929fd295f2f503,io-8080-exec-14,o.s.web.servlet.DispatcherServlet,"GET ""/owners"", parameters={}"
2026-07-29T16:00:29.395915+00:00,customers-service,customers-service-68987c986f-cpzz4,2026-07-29T15:59:35.690806+00:00,DEBUG,62da4fb50d5e5e7c,a75182fd108f599a,io-8080-exec-13,o.s.web.servlet.DispatcherServlet,Completed 200 OK
2026-07-29T16:00:29.395915+00:00,customers-service,customers-service-68987c986f-cpzz4,2026-07-29T15:59:35.690802+00:00,DEBUG,62da4fb50d5e5e7c,b4341bee6aeb58bf,io-8080-exec-13,o.s.web.servlet.DispatcherServlet,"GET ""/owners/1"", parameters={}"
2026-07-29T16:00:29.395915+00:00,customers-service,customers-service-68987c986f-cpzz4,2026-07-29T15:59:35.439897+00:00,DEBUG,62a765121e8dfa85,0a1179f5d82078d4,nio-8080-exec-6,o.s.web.servlet.DispatcherServlet,Completed 200 OK
2026-07-29T16:00:29.395915+00:00,customers-service,customers-service-68987c986f-cpzz4,2026-07-29T15:59:35.189278+00:00,DEBUG,62a765121e8dfa85,3c9d262c014d65d5,nio-8080-exec-6,o.s.web.servlet.DispatcherServlet,"GET ""/owners/1"", parameters={}"
2026-07-29T16:00:29.395915+00:00,customers-service,customers-service-68987c986f-cpzz4,2026-07-29T15:59:34.687286+00:00,DEBUG,ffc2e07c6737cab8,b3532a662e2ab776,nio-8080-exec-9,o.s.web.servlet.DispatcherServlet,Completed 200 OK
2026-07-29T16:00:29.395915+00:00,customers-service,customers-service-68987c986f-cpzz4,2026-07-29T15:59:34.687280+00:00,DEBUG,ffc2e07c6737cab8,46ae10530cd1eb18,nio-8080-exec-9,o.s.web.servlet.DispatcherServlet,"GET ""/owners"", parameters={}"
2026-07-29T16:00:29.395915+00:00,customers-service,customers-service-68987c986f-cpzz4,2026-07-29T15:59:33.934804+00:00,DEBUG,50d2c30ea8c8b149,1bb26cb997f41ba7,nio-8080-exec-3,o.s.web.servlet.DispatcherServlet,Completed 200 OK
2026-07-29T16:00:29.395915+00:00,customers-service,customers-service-68987c986f-cpzz4,2026-07-29T15:59:33.684112+00:00,DEBUG,50d2c30ea8c8b149,e6ca9ef58e345fef,nio-8080-exec-3,o.s.web.servlet.DispatcherServlet,"GET ""/owners/1"", parameters={}"
2026-07-29T16:00:29.395915+00:00,customers-service,customers-service-68987c986f-cpzz4,2026-07-29T15:59:32.930955+00:00,DEBUG,f0f060a4896515f2,f2f39ad21506815d,nio-8080-exec-7,o.s.web.servlet.DispatcherServlet,Completed 200 OK
2026-07-29T16:00:29.395915+00:00,customers-service,customers-service-68987c986f-cpzz4,2026-07-29T15:59:32.930951+00:00,DEBUG,f0f060a4896515f2,e067da62249b2b75,nio-8080-exec-7,o.s.web.servlet.DispatcherServlet,"GET ""/owners/1"", parameters={}"
2026-07-29T16:00:29.395915+00:00,customers-service,customers-service-68987c986f-cpzz4,2026-07-29T15:59:32.179313+00:00,DEBUG,347514f0c171fdb9,920edca5f4f7a49f,io-8080-exec-23,o.s.web.servlet.DispatcherServlet,Completed 200 OK
2026-07-29T16:00:29.395915+00:00,customers-service,customers-service-68987c986f-cpzz4,2026-07-29T15:59:32.179287+00:00,DEBUG,27b8ccf8fffbb170,895fbe5e68b90edb,io-8080-exec-17,o.s.web.servlet.DispatcherServlet,Completed 200 OK
2026-07-29T16:00:29.395915+00:00,customers-service,customers-service-68987c986f-cpzz4,2026-07-29T15:59:32.179280+00:00,DEBUG,347514f0c171fdb9,c4e57b4bb36bea7a,io-8080-exec-23,o.s.web.servlet.DispatcherServlet,"GET ""/owners"", parameters={}"
2026-07-29T16:00:29.395915+00:00,customers-service,customers-service-68987c986f-cpzz4,2026-07-29T15:59:31.928412+00:00,DEBUG,5738537547e4dce5,911c61607f657d3b,nio-8080-exec-8,o.s.web.servlet.DispatcherServlet,Completed 200 OK
2026-07-29T16:00:29.395915+00:00,customers-service,customers-service-68987c986f-cpzz4,2026-07-29T15:59:31.928407+00:00,DEBUG,27b8ccf8fffbb170,cd90a411fccb6613,io-8080-exec-17,o.s.web.servlet.DispatcherServlet,"GET ""/owners"", parameters={}"
2026-07-29T16:00:29.395915+00:00,customers-service,customers-service-68987c986f-cpzz4,2026-07-29T15:59:31.678190+00:00,DEBUG,5738537547e4dce5,a12d2b49e3a8da1e,nio-8080-exec-8,o.s.web.servlet.DispatcherServlet,"GET ""/owners"", parameters={}"
2026-07-29T16:00:29.395915+00:00,customers-service,customers-service-68987c986f-cpzz4,2026-07-29T15:59:31.426805+00:00,DEBUG,8ce881e4b985e7c9,8ce881e4b985e7c9,io-8080-exec-10,o.s.web.servlet.DispatcherServlet,Completed 200 OK
2026-07-29T16:00:29.395915+00:00,customers-service,customers-service-68987c986f-cpzz4,2026-07-29T15:59:30.924994+00:00,DEBUG,e315b554d5391790,1a3e1ababa78d09f,io-8080-exec-14,o.s.web.servlet.DispatcherServlet,Completed 200 OK
2026-07-29T16:00:29.395915+00:00,customers-service,customers-service-68987c986f-cpzz4,2026-07-29T15:59:30.673710+00:00,DEBUG,e315b554d5391790,c2b71a0173686f6f,io-8080-exec-14,o.s.web.servlet.DispatcherServlet,"GET ""/owners/1"", parameters={}"
2026-07-29T16:00:29.395915+00:00,customers-service,customers-service-68987c986f-cpzz4,2026-07-29T15:59:30.673686+00:00,DEBUG,15d5ef456f0dbc29,d414d4e4939dde2c,io-8080-exec-13,o.s.web.servlet.DispatcherServlet,Completed 200 OK
2026-07-29T16:00:29.395915+00:00,customers-service,customers-service-68987c986f-cpzz4,2026-07-29T15:59:30.673682+00:00,DEBUG,15d5ef456f0dbc29,c705d10e50270d4a,io-8080-exec-13,o.s.web.servlet.DispatcherServlet,"GET ""/owners/1"", parameters={}"
2026-07-29T16:00:29.395915+00:00,customers-service,customers-service-68987c986f-cpzz4,2026-07-29T15:59:29.920164+00:00,DEBUG,d16b2573f6bd19f5,3c3510391b4bf735,nio-8080-exec-6,o.s.web.servlet.DispatcherServlet,Completed 200 OK
2026-07-29T16:00:29.395915+00:00,customers-service,customers-service-68987c986f-cpzz4,2026-07-29T15:59:29.920120+00:00,DEBUG,d16b2573f6bd19f5,26cd425133ed80c4,nio-8080-exec-6,o.s.web.servlet.DispatcherServlet,"GET ""/owners/1"", parameters={}"
2026-07-29T16:00:29.395915+00:00,customers-service,customers-service-68987c986f-cpzz4,2026-07-29T15:59:29.167573+00:00,DEBUG,4702af98c713ce49,b8e8647aad525bd9,nio-8080-exec-9,o.s.web.servlet.DispatcherServlet,Completed 200 OK
2026-07-29T16:00:29.395915+00:00,customers-service,customers-service-68987c986f-cpzz4,2026-07-29T15:59:28.916880+00:00,DEBUG,4702af98c713ce49,859d03b7286faa45,nio-8080-exec-9,o.s.web.servlet.DispatcherServlet,"GET ""/owners"", parameters={}"
2026-07-29T16:00:29.395915+00:00,customers-service,customers-service-68987c986f-cpzz4,2026-07-29T15:59:28.665997+00:00,DEBUG,148f1e9b02e46156,5dcd7ecb9d844aef,nio-8080-exec-3,o.s.web.servlet.DispatcherServlet,Completed 200 OK
2026-07-29T16:00:29.395915+00:00,customers-service,customers-service-68987c986f-cpzz4,2026-07-29T15:59:28.665959+00:00,DEBUG,868b08b264b7cdf6,a3615a42fe2c8eab,nio-8080-exec-7,o.s.web.servlet.DispatcherServlet,Completed 200 OK
2026-07-29T16:00:29.395915+00:00,customers-service,customers-service-68987c986f-cpzz4,2026-07-29T15:59:28.665902+00:00,DEBUG,148f1e9b02e46156,470ace21af7d5e25,nio-8080-exec-3,o.s.web.servlet.DispatcherServlet,"GET ""/owners/1"", parameters={}"
2026-07-29T16:00:29.395915+00:00,customers-service,customers-service-68987c986f-cpzz4,2026-07-29T15:59:28.415846+00:00,DEBUG,868b08b264b7cdf6,26546f9e8ce1a5b0,nio-8080-exec-7,o.s.web.servlet.DispatcherServlet,"GET ""/owners"", parameters={}"
2026-07-29T16:00:29.395915+00:00,customers-service,customers-service-68987c986f-cpzz4,2026-07-29T15:59:28.164836+00:00,DEBUG,495da6add09d0afe,6bd5c8731c5c1867,io-8080-exec-23,o.s.web.servlet.DispatcherServlet,Completed 200 OK
2026-07-29T16:00:29.395915+00:00,customers-service,customers-service-68987c986f-cpzz4,2026-07-29T15:59:27.914583+00:00,DEBUG,39b3a0a3a2c75769,826ac06e3af8e165,io-8080-exec-17,o.s.web.servlet.DispatcherServlet,Completed 200 OK
2026-07-29T16:00:29.395915+00:00,customers-service,customers-service-68987c986f-cpzz4,2026-07-29T15:59:27.914578+00:00,DEBUG,0b73812134ad6c81,bad8ad38dc9496ee,nio-8080-exec-8,o.s.web.servlet.DispatcherServlet,Completed 200 OK
2026-07-29T16:00:29.395915+00:00,customers-service,customers-service-68987c986f-cpzz4,2026-07-29T15:59:27.664381+00:00,DEBUG,495da6add09d0afe,e63b402cc3677908,io-8080-exec-23,o.s.web.servlet.DispatcherServlet,"GET ""/owners"", parameters={}"
2026-07-29T16:00:29.395915+00:00,customers-service,customers-service-68987c986f-cpzz4,2026-07-29T15:59:27.664377+00:00,DEBUG,39b3a0a3a2c75769,3daccbc4ca218282,io-8080-exec-17,o.s.web.servlet.DispatcherServlet,"GET ""/owners"", parameters={}"
2026-07-29T16:00:29.395915+00:00,customers-service,customers-service-68987c986f-cpzz4,2026-07-29T15:59:27.413294+00:00,DEBUG,0b73812134ad6c81,6765006014b0b312,nio-8080-exec-8,o.s.web.servlet.DispatcherServlet,"GET ""/owners"", parameters={}"
2026-07-29T16:00:29.395915+00:00,customers-service,customers-service-68987c986f-cpzz4,2026-07-29T15:59:26.911920+00:00,DEBUG,dbd3f4e81e8e1b01,dbd3f4e81e8e1b01,io-8080-exec-10,o.s.web.servlet.DispatcherServlet,Completed 200 OK
2026-07-29T16:00:29.395915+00:00,customers-service,customers-service-68987c986f-cpzz4,2026-07-29T15:59:26.160459+00:00,DEBUG,87c3a7b88c27c158,87c3a7b88c27c158,io-8080-exec-14,o.s.web.servlet.DispatcherServlet,Completed 200 OK
2026-07-29T16:00:29.395915+00:00,customers-service,customers-service-68987c986f-cpzz4,2026-07-29T15:59:25.909705+00:00,DEBUG,8b2fbde0913cff02,c00c68b47ba74aed,io-8080-exec-13,o.s.web.servlet.DispatcherServlet,Completed 200 OK
2026-07-29T16:00:29.395915+00:00,customers-service,customers-service-68987c986f-cpzz4,2026-07-29T15:59:25.909702+00:00,DEBUG,2b42a5d9ad946d42,0d815a1b4d56ef38,nio-8080-exec-6,o.s.web.servlet.DispatcherServlet,Completed 200 OK
2026-07-29T16:00:29.395915+00:00,customers-service,customers-service-68987c986f-cpzz4,2026-07-29T15:59:25.658696+00:00,DEBUG,9f25c81eb5b2ee7f,91b53f2586479b27,nio-8080-exec-9,o.s.web.servlet.DispatcherServlet,Completed 200 OK
2026-07-29T16:00:29.395915+00:00,customers-service,customers-service-68987c986f-cpzz4,2026-07-29T15:59:25.658686+00:00,DEBUG,8b2fbde0913cff02,890ef32ed2423476,io-8080-exec-13,o.s.web.servlet.DispatcherServlet,"GET ""/owners/1"", parameters={}"
2026-07-29T16:00:29.395915+00:00,customers-service,customers-service-68987c986f-cpzz4,2026-07-29T15:59:25.407966+00:00,DEBUG,9f25c81eb5b2ee7f,5bb55ef445d7d3cb,nio-8080-exec-9,o.s.web.servlet.DispatcherServlet,"GET ""/owners/1"", parameters={}"
2026-07-29T16:00:29.395915+00:00,customers-service,customers-service-68987c986f-cpzz4,2026-07-29T15:59:25.157346+00:00,DEBUG,80fa691b233d88ce,3655f9b7e47b4890,nio-8080-exec-3,o.s.web.servlet.DispatcherServlet,Completed 200 OK
2026-07-29T16:00:29.395915+00:00,customers-service,customers-service-68987c986f-cpzz4,2026-07-29T15:59:25.157321+00:00,DEBUG,2b42a5d9ad946d42,95175ca070bfd1be,nio-8080-exec-6,o.s.web.servlet.DispatcherServlet,"GET ""/owners"", parameters={}"
2026-07-29T16:00:29.395915+00:00,customers-service,customers-service-68987c986f-cpzz4,2026-07-29T15:59:25.157317+00:00,DEBUG,b1a2208d08bb0e67,d86822a9b5e83937,nio-8080-exec-7,o.s.web.servlet.DispatcherServlet,Completed 200 OK
2026-07-29T16:00:29.395915+00:00,customers-service,customers-service-68987c986f-cpzz4,2026-07-29T15:59:24.906008+00:00,DEBUG,b8fb8eb31b36157f,c58362ca23a8210d,io-8080-exec-23,o.s.web.servlet.DispatcherServlet,Completed 200 OK
2026-07-29T16:00:29.395915+00:00,vets-service,vets-service-799f7d5b65-vzxc7,2026-07-29T16:00:28.801008+00:00,DEBUG,1d926d1e1878653f,160b7b3f301db923,nio-8080-exec-5,o.s.web.servlet.DispatcherServlet,Completed 200 OK
2026-07-29T16:00:29.395915+00:00,vets-service,vets-service-799f7d5b65-vzxc7,2026-07-29T16:00:28.549820+00:00,DEBUG,1d926d1e1878653f,cb4e94288c788dde,nio-8080-exec-5,o.s.web.servlet.DispatcherServlet,"GET ""/vets"", parameters={}"
2026-07-29T16:00:29.395915+00:00,vets-service,vets-service-799f7d5b65-vzxc7,2026-07-29T16:00:28.298678+00:00,DEBUG,15f0e2c49a676b2b,d1dbfa845e652548,io-8080-exec-17,o.s.web.servlet.DispatcherServlet,Completed 200 OK
2026-07-29T16:00:29.395915+00:00,vets-service,vets-service-799f7d5b65-vzxc7,2026-07-29T16:00:28.298667+00:00,DEBUG,15f0e2c49a676b2b,97206b43bc6d1407,io-8080-exec-17,o.s.web.servlet.DispatcherServlet,"GET ""/vets"", parameters={}"
2026-07-29T16:00:29.395915+00:00,vets-service,vets-service-799f7d5b65-vzxc7,2026-07-29T16:00:27.295986+00:00,DEBUG,c9576f2d14b19390,6711c089d405ea9c,io-8080-exec-18,o.s.web.servlet.DispatcherServlet,Completed 200 OK
2026-07-29T16:00:29.395915+00:00,vets-service,vets-service-799f7d5b65-vzxc7,2026-07-29T16:00:27.295981+00:00,DEBUG,c9576f2d14b19390,c010a5dab8d40f25,io-8080-exec-18,o.s.web.servlet.DispatcherServlet,"GET ""/vets"", parameters={}"
2026-07-29T16:00:29.395915+00:00,vets-service,vets-service-799f7d5b65-vzxc7,2026-07-29T16:00:26.794282+00:00,DEBUG,9778b24919f1d8d3,9778b24919f1d8d3,nio-8080-exec-3,o.s.web.servlet.DispatcherServlet,Completed 200 OK
2026-07-29T16:00:29.395915+00:00,vets-service,vets-service-799f7d5b65-vzxc7,2026-07-29T16:00:26.042037+00:00,DEBUG,53114aaedb80d110,dd4c0adc062e4136,nio-8080-exec-8,o.s.web.servlet.DispatcherServlet,Completed 200 OK
2026-07-29T16:00:29.395915+00:00,vets-service,vets-service-799f7d5b65-vzxc7,2026-07-29T16:00:25.791179+00:00,DEBUG,53114aaedb80d110,b5e9d8bf220b42e7,nio-8080-exec-8,o.s.web.servlet.DispatcherServlet,"GET ""/vets"", parameters={}"
2026-07-29T16:00:29.395915+00:00,vets-service,vets-service-799f7d5b65-vzxc7,2026-07-29T16:00:25.289189+00:00,DEBUG,e1618a4f10ce14d5,e1618a4f10ce14d5,io-8080-exec-15,o.s.web.servlet.DispatcherServlet,Completed 200 OK
2026-07-29T16:00:29.395915+00:00,vets-service,vets-service-799f7d5b65-vzxc7,2026-07-29T16:00:23.533368+00:00,DEBUG,1ffdc94fa2eb52fb,e1d5177bc22c68b6,io-8080-exec-19,o.s.web.servlet.DispatcherServlet,Completed 200 OK
2026-07-29T16:00:29.395915+00:00,vets-service,vets-service-799f7d5b65-vzxc7,2026-07-29T16:00:23.533364+00:00,DEBUG,1ffdc94fa2eb52fb,b993f9013390fa90,io-8080-exec-19,o.s.web.servlet.DispatcherServlet,"GET ""/vets"", parameters={}"
2026-07-29T16:00:29.395915+00:00,vets-service,vets-service-799f7d5b65-vzxc7,2026-07-29T16:00:23.031962+00:00,DEBUG,00ce7ad102c5e64c,df427b773081b2f4,nio-8080-exec-9,o.s.web.servlet.DispatcherServlet,Completed 200 OK
2026-07-29T16:00:29.395915+00:00,vets-service,vets-service-799f7d5b65-vzxc7,2026-07-29T16:00:23.031958+00:00,DEBUG,00ce7ad102c5e64c,1111e66d45807a09,nio-8080-exec-9,o.s.web.servlet.DispatcherServlet,"GET ""/vets"", parameters={}"
2026-07-29T16:00:29.395915+00:00,vets-service,vets-service-799f7d5b65-vzxc7,2026-07-29T16:00:22.531224+00:00,DEBUG,c74f15b281ef8603,d485f336f39b52c9,io-8080-exec-20,o.s.web.servlet.DispatcherServlet,Completed 200 OK
2026-07-29T16:00:29.395915+00:00,vets-service,vets-service-799f7d5b65-vzxc7,2026-07-29T16:00:22.531221+00:00,DEBUG,2680ca7f28808852,4b35fb8cbe34e956,io-8080-exec-21,o.s.web.servlet.DispatcherServlet,Completed 200 OK
2026-07-29T16:00:29.395915+00:00,vets-service,vets-service-799f7d5b65-vzxc7,2026-07-29T16:00:22.029686+00:00,DEBUG,2680ca7f28808852,4bad3f654e3766be,io-8080-exec-21,o.s.web.servlet.DispatcherServlet,"GET ""/vets"", parameters={}"
2026-07-29T16:00:29.395915+00:00,vets-service,vets-service-799f7d5b65-vzxc7,2026-07-29T16:00:22.029661+00:00,DEBUG,c74f15b281ef8603,7e687c6e50410e40,io-8080-exec-20,o.s.web.servlet.DispatcherServlet,"GET ""/vets"", parameters={}"
2026-07-29T16:00:29.395915+00:00,vets-service,vets-service-799f7d5b65-vzxc7,2026-07-29T16:00:21.527730+00:00,DEBUG,7faf185280dfb1bb,8ecf080cab4a00c0,nio-8080-exec-5,o.s.web.servlet.DispatcherServlet,Completed 200 OK
2026-07-29T16:00:29.395915+00:00,vets-service,vets-service-799f7d5b65-vzxc7,2026-07-29T16:00:21.527704+00:00,DEBUG,68fa24f6b27586a7,68fa24f6b27586a7,io-8080-exec-17,o.s.web.servlet.DispatcherServlet,Completed 200 OK
2026-07-29T16:00:29.395915+00:00,vets-service,vets-service-799f7d5b65-vzxc7,2026-07-29T16:00:20.524567+00:00,DEBUG,7faf185280dfb1bb,676564e802238f79,nio-8080-exec-5,o.s.web.servlet.DispatcherServlet,"GET ""/vets"", parameters={}"
2026-07-29T16:00:29.395915+00:00,vets-service,vets-service-799f7d5b65-vzxc7,2026-07-29T16:00:20.273320+00:00,DEBUG,ed181dc8b4e680ae,34b15df9d49209df,io-8080-exec-18,o.s.web.servlet.DispatcherServlet,Completed 200 OK
2026-07-29T16:00:29.395915+00:00,vets-service,vets-service-799f7d5b65-vzxc7,2026-07-29T16:00:19.520864+00:00,DEBUG,ed181dc8b4e680ae,5d51a7719e5d28e0,io-8080-exec-18,o.s.web.servlet.DispatcherServlet,"GET ""/vets"", parameters={}"
2026-07-29T16:00:29.395915+00:00,vets-service,vets-service-799f7d5b65-vzxc7,2026-07-29T16:00:19.020403+00:00,DEBUG,578e40226d7cbdee,f3cd856df607001c,nio-8080-exec-3,o.s.web.servlet.DispatcherServlet,Completed 200 OK
2026-07-29T16:00:29.395915+00:00,vets-service,vets-service-799f7d5b65-vzxc7,2026-07-29T16:00:18.268004+00:00,DEBUG,578e40226d7cbdee,469df33db9e88ae5,nio-8080-exec-3,o.s.web.servlet.DispatcherServlet,"GET ""/vets"", parameters={}"
2026-07-29T16:00:29.395915+00:00,vets-service,vets-service-799f7d5b65-vzxc7,2026-07-29T16:00:16.012458+00:00,DEBUG,a605e6d7876101fc,904cadf82add4589,nio-8080-exec-8,o.s.web.servlet.DispatcherServlet,Completed 200 OK
2026-07-29T16:00:29.395915+00:00,vets-service,vets-service-799f7d5b65-vzxc7,2026-07-29T16:00:15.761344+00:00,DEBUG,a605e6d7876101fc,b7ae169983a49154,nio-8080-exec-8,o.s.web.servlet.DispatcherServlet,"GET ""/vets"", parameters={}"
2026-07-29T16:00:29.395915+00:00,vets-service,vets-service-799f7d5b65-vzxc7,2026-07-29T16:00:14.507160+00:00,DEBUG,ca3e9d6c0cf93d41,73fdbae2c63d00c4,io-8080-exec-15,o.s.web.servlet.DispatcherServlet,Completed 200 OK
2026-07-29T16:00:29.395915+00:00,vets-service,vets-service-799f7d5b65-vzxc7,2026-07-29T16:00:14.507156+00:00,DEBUG,ca3e9d6c0cf93d41,1e1020d607de3b3f,io-8080-exec-15,o.s.web.servlet.DispatcherServlet,"GET ""/vets"", parameters={}"
2026-07-29T16:00:29.395915+00:00,vets-service,vets-service-799f7d5b65-vzxc7,2026-07-29T16:00:12.504167+00:00,DEBUG,e0de3654bfc0ab88,38801204a819b250,io-8080-exec-19,o.s.web.servlet.DispatcherServlet,Completed 200 OK
2026-07-29T16:00:29.395915+00:00,vets-service,vets-service-799f7d5b65-vzxc7,2026-07-29T16:00:12.253949+00:00,DEBUG,e0de3654bfc0ab88,6da45c2475b71797,io-8080-exec-19,o.s.web.servlet.DispatcherServlet,"GET ""/vets"", parameters={}"
2026-07-29T16:00:29.395915+00:00,vets-service,vets-service-799f7d5b65-vzxc7,2026-07-29T16:00:11.251365+00:00,DEBUG,faf0a279b8003879,ac5f60d98ac2fe21,nio-8080-exec-9,o.s.web.servlet.DispatcherServlet,Completed 200 OK
2026-07-29T16:00:29.395915+00:00,vets-service,vets-service-799f7d5b65-vzxc7,2026-07-29T16:00:11.000470+00:00,DEBUG,faf0a279b8003879,1f1dae6a4e6361b7,nio-8080-exec-9,o.s.web.servlet.DispatcherServlet,"GET ""/vets"", parameters={}"
2026-07-29T16:00:29.395915+00:00,vets-service,vets-service-799f7d5b65-vzxc7,2026-07-29T16:00:10.498773+00:00,DEBUG,6617e6bac55c43ec,6617e6bac55c43ec,io-8080-exec-21,o.s.web.servlet.DispatcherServlet,Completed 200 OK
2026-07-29T16:00:29.395915+00:00,vets-service,vets-service-799f7d5b65-vzxc7,2026-07-29T16:00:09.997384+00:00,DEBUG,191d68818bbc097d,52bbd60c78d857be,io-8080-exec-20,o.s.web.servlet.DispatcherServlet,Completed 200 OK
2026-07-29T16:00:29.395915+00:00,vets-service,vets-service-799f7d5b65-vzxc7,2026-07-29T16:00:09.746448+00:00,DEBUG,191d68818bbc097d,370250cfbc658086,io-8080-exec-20,o.s.web.servlet.DispatcherServlet,"GET ""/vets"", parameters={}"
2026-07-29T16:00:29.395915+00:00,vets-service,vets-service-799f7d5b65-vzxc7,2026-07-29T16:00:08.491441+00:00,DEBUG,ad91e3ac47b40484,516be1c196444377,io-8080-exec-17,o.s.web.servlet.DispatcherServlet,Completed 200 OK
2026-07-29T16:00:29.395915+00:00,vets-service,vets-service-799f7d5b65-vzxc7,2026-07-29T16:00:08.491437+00:00,DEBUG,ad91e3ac47b40484,4de95abd0f5dce12,io-8080-exec-17,o.s.web.servlet.DispatcherServlet,"GET ""/vets"", parameters={}"
2026-07-29T16:00:29.395915+00:00,vets-service,vets-service-799f7d5b65-vzxc7,2026-07-29T16:00:07.989884+00:00,DEBUG,ba91f6ca34911bdf,f72c1bbf73993ff3,nio-8080-exec-5,o.s.web.servlet.DispatcherServlet,Completed 200 OK
2026-07-29T16:00:29.395915+00:00,vets-service,vets-service-799f7d5b65-vzxc7,2026-07-29T16:00:07.739394+00:00,DEBUG,ba91f6ca34911bdf,4e45c891b3c45988,nio-8080-exec-5,o.s.web.servlet.DispatcherServlet,"GET ""/vets"", parameters={}"
2026-07-29T16:00:29.395915+00:00,vets-service,vets-service-799f7d5b65-vzxc7,2026-07-29T16:00:06.737201+00:00,DEBUG,9e699abd6e777ee0,9e699abd6e777ee0,io-8080-exec-18,o.s.web.servlet.DispatcherServlet,Completed 200 OK
2026-07-29T16:00:29.395915+00:00,vets-service,vets-service-799f7d5b65-vzxc7,2026-07-29T16:00:06.486427+00:00,DEBUG,83b6508133056263,83b6508133056263,nio-8080-exec-3,o.s.web.servlet.DispatcherServlet,Completed 200 OK
2026-07-29T16:00:29.395915+00:00,vets-service,vets-service-799f7d5b65-vzxc7,2026-07-29T16:00:05.985425+00:00,DEBUG,8e23cbb5a51e3b35,429a2ee1bde9d856,nio-8080-exec-8,o.s.web.servlet.DispatcherServlet,Completed 200 OK
2026-07-29T16:00:29.395915+00:00,vets-service,vets-service-799f7d5b65-vzxc7,2026-07-29T16:00:05.734176+00:00,DEBUG,8e23cbb5a51e3b35,633695b58e8ceb80,nio-8080-exec-8,o.s.web.servlet.DispatcherServlet,"GET ""/vets"", parameters={}"
2026-07-29T16:00:29.395915+00:00,vets-service,vets-service-799f7d5b65-vzxc7,2026-07-29T16:00:05.483178+00:00,DEBUG,57f09e073b6e20b3,3d9474916b0b5028,io-8080-exec-15,o.s.web.servlet.DispatcherServlet,Completed 200 OK
2026-07-29T16:00:29.395915+00:00,vets-service,vets-service-799f7d5b65-vzxc7,2026-07-29T16:00:05.232401+00:00,DEBUG,57f09e073b6e20b3,d748adbd8bc7f317,io-8080-exec-15,o.s.web.servlet.DispatcherServlet,"GET ""/vets"", parameters={}"
2026-07-29T16:00:29.395915+00:00,vets-service,vets-service-799f7d5b65-vzxc7,2026-07-29T16:00:05.232398+00:00,DEBUG,755c5f2720dcffa0,48a5572c4166fb15,io-8080-exec-19,o.s.web.servlet.DispatcherServlet,Completed 200 OK
2026-07-29T16:00:29.395915+00:00,vets-service,vets-service-799f7d5b65-vzxc7,2026-07-29T16:00:04.981756+00:00,DEBUG,4203f871af6b87da,1b3cf62803d573c2,nio-8080-exec-9,o.s.web.servlet.DispatcherServlet,Completed 200 OK
2026-07-29T16:00:29.395915+00:00,vets-service,vets-service-799f7d5b65-vzxc7,2026-07-29T16:00:04.981751+00:00,DEBUG,4203f871af6b87da,c3c5645d8ac1924b,nio-8080-exec-9,o.s.web.servlet.DispatcherServlet,"GET ""/vets"", parameters={}"
2026-07-29T16:00:29.395915+00:00,vets-service,vets-service-799f7d5b65-vzxc7,2026-07-29T16:00:04.731467+00:00,DEBUG,755c5f2720dcffa0,984eae721cc5ccd8,io-8080-exec-19,o.s.web.servlet.DispatcherServlet,"GET ""/vets"", parameters={}"
2026-07-29T16:00:29.395915+00:00,vets-service,vets-service-799f7d5b65-vzxc7,2026-07-29T16:00:03.979979+00:00,DEBUG,709487f0a1315c6b,7b3c63a7fec1090b,io-8080-exec-21,o.s.web.servlet.DispatcherServlet,Completed 200 OK
2026-07-29T16:00:29.395915+00:00,vets-service,vets-service-799f7d5b65-vzxc7,2026-07-29T16:00:03.729429+00:00,DEBUG,709487f0a1315c6b,7dd3e77a58ef44df,io-8080-exec-21,o.s.web.servlet.DispatcherServlet,"GET ""/vets"", parameters={}"
2026-07-29T16:00:29.395915+00:00,vets-service,vets-service-799f7d5b65-vzxc7,2026-07-29T16:00:03.227694+00:00,DEBUG,6dc513d76255293c,22d71f97cb1198db,io-8080-exec-20,o.s.web.servlet.DispatcherServlet,Completed 200 OK
2026-07-29T16:00:29.395915+00:00,vets-service,vets-service-799f7d5b65-vzxc7,2026-07-29T16:00:02.976513+00:00,DEBUG,6dc513d76255293c,9a40733cb170ecab,io-8080-exec-20,o.s.web.servlet.DispatcherServlet,"GET ""/vets"", parameters={}"
2026-07-29T16:00:29.395915+00:00,vets-service,vets-service-799f7d5b65-vzxc7,2026-07-29T16:00:02.224498+00:00,DEBUG,2fdc37aea9111421,20c70763cd3a65a3,io-8080-exec-17,o.s.web.servlet.DispatcherServlet,Completed 200 OK
2026-07-29T16:00:29.395915+00:00,vets-service,vets-service-799f7d5b65-vzxc7,2026-07-29T16:00:02.224494+00:00,DEBUG,2fdc37aea9111421,c0ad9ec63ff7666c,io-8080-exec-17,o.s.web.servlet.DispatcherServlet,"GET ""/vets"", parameters={}"
2026-07-29T16:00:29.395915+00:00,vets-service,vets-service-799f7d5b65-vzxc7,2026-07-29T15:59:59.968744+00:00,DEBUG,6afa780caac5ad4c,8f8c66b7b409b37f,nio-8080-exec-5,o.s.web.servlet.DispatcherServlet,Completed 200 OK
2026-07-29T16:00:29.395915+00:00,vets-service,vets-service-799f7d5b65-vzxc7,2026-07-29T15:59:59.968719+00:00,DEBUG,6afa780caac5ad4c,d089b2d6c85ef7ab,nio-8080-exec-5,o.s.web.servlet.DispatcherServlet,"GET ""/vets"", parameters={}"
2026-07-29T16:00:29.395915+00:00,vets-service,vets-service-799f7d5b65-vzxc7,2026-07-29T15:59:59.968715+00:00,DEBUG,68eba29897221d74,542af0b60c39a5f9,io-8080-exec-18,o.s.web.servlet.DispatcherServlet,Completed 200 OK
2026-07-29T16:00:29.395915+00:00,vets-service,vets-service-799f7d5b65-vzxc7,2026-07-29T15:59:59.718574+00:00,DEBUG,68eba29897221d74,64e31c1112a872a8,io-8080-exec-18,o.s.web.servlet.DispatcherServlet,"GET ""/vets"", parameters={}"
2026-07-29T16:00:29.395915+00:00,vets-service,vets-service-799f7d5b65-vzxc7,2026-07-29T15:59:59.718570+00:00,DEBUG,891118873483b1d3,56868a8d814c6648,nio-8080-exec-3,o.s.web.servlet.DispatcherServlet,Completed 200 OK
2026-07-29T16:00:29.395915+00:00,vets-service,vets-service-799f7d5b65-vzxc7,2026-07-29T15:59:59.217385+00:00,DEBUG,891118873483b1d3,e5a41d99d1518db5,nio-8080-exec-3,o.s.web.servlet.DispatcherServlet,"GET ""/vets"", parameters={}"
2026-07-29T16:00:29.395915+00:00,vets-service,vets-service-799f7d5b65-vzxc7,2026-07-29T15:59:58.464731+00:00,DEBUG,7d6c9ea3d5c8bd67,83666ddc239e8640,nio-8080-exec-8,o.s.web.servlet.DispatcherServlet,Completed 200 OK
2026-07-29T16:00:29.395915+00:00,vets-service,vets-service-799f7d5b65-vzxc7,2026-07-29T15:59:58.212961+00:00,DEBUG,22d4e7a0156224e6,1b9f969186bf3325,io-8080-exec-15,o.s.web.servlet.DispatcherServlet,Completed 200 OK
2026-07-29T16:00:29.395915+00:00,vets-service,vets-service-799f7d5b65-vzxc7,2026-07-29T15:59:58.212957+00:00,DEBUG,7d6c9ea3d5c8bd67,5d1dadd48c81ca0a,nio-8080-exec-8,o.s.web.servlet.DispatcherServlet,"GET ""/vets"", parameters={}"
2026-07-29T16:00:29.395915+00:00,vets-service,vets-service-799f7d5b65-vzxc7,2026-07-29T15:59:57.710532+00:00,DEBUG,22d4e7a0156224e6,04d2d1821c0ed366,io-8080-exec-15,o.s.web.servlet.DispatcherServlet,"GET ""/vets"", parameters={}"
2026-07-29T16:00:29.395915+00:00,vets-service,vets-service-799f7d5b65-vzxc7,2026-07-29T15:59:56.958767+00:00,DEBUG,e715fcb00178c22f,eb42b31b243100af,nio-8080-exec-9,o.s.web.servlet.DispatcherServlet,Completed 200 OK
2026-07-29T16:00:29.395915+00:00,vets-service,vets-service-799f7d5b65-vzxc7,2026-07-29T15:59:56.708282+00:00,DEBUG,e715fcb00178c22f,e2601b99ca478840,nio-8080-exec-9,o.s.web.servlet.DispatcherServlet,"GET ""/vets"", parameters={}"
2026-07-29T16:00:29.395915+00:00,vets-service,vets-service-799f7d5b65-vzxc7,2026-07-29T15:59:55.453047+00:00,DEBUG,ec225ec67954db47,ec225ec67954db47,io-8080-exec-19,o.s.web.servlet.DispatcherServlet,Completed 200 OK
2026-07-29T16:00:29.395915+00:00,vets-service,vets-service-799f7d5b65-vzxc7,2026-07-29T15:59:54.951345+00:00,DEBUG,2a06f66d12076d46,95431c17de6938af,io-8080-exec-21,o.s.web.servlet.DispatcherServlet,Completed 200 OK
2026-07-29T16:00:29.395915+00:00,vets-service,vets-service-799f7d5b65-vzxc7,2026-07-29T15:59:54.951342+00:00,DEBUG,2a06f66d12076d46,dc0089b6b94de186,io-8080-exec-21,o.s.web.servlet.DispatcherServlet,"GET ""/vets"", parameters={}"
2026-07-29T16:00:29.395915+00:00,vets-service,vets-service-799f7d5b65-vzxc7,2026-07-29T15:59:53.948056+00:00,DEBUG,b8c95243b0a4263a,07965f995b338203,io-8080-exec-20,o.s.web.servlet.DispatcherServlet,Completed 200 OK
2026-07-29T16:00:29.395915+00:00,vets-service,vets-service-799f7d5b65-vzxc7,2026-07-29T15:59:53.696492+00:00,DEBUG,b8c95243b0a4263a,8d1afdbe0ec54d70,io-8080-exec-20,o.s.web.servlet.DispatcherServlet,"GET ""/vets"", parameters={}"
2026-07-29T16:00:29.395915+00:00,vets-service,vets-service-799f7d5b65-vzxc7,2026-07-29T15:59:51.942562+00:00,DEBUG,05e90a6c93bfd8a6,acaff0cb3897ae78,io-8080-exec-17,o.s.web.servlet.DispatcherServlet,Completed 200 OK
2026-07-29T16:00:29.395915+00:00,vets-service,vets-service-799f7d5b65-vzxc7,2026-07-29T15:59:51.942558+00:00,DEBUG,05e90a6c93bfd8a6,3a88a5d4bc1a786f,io-8080-exec-17,o.s.web.servlet.DispatcherServlet,"GET ""/vets"", parameters={}"
2026-07-29T16:00:29.395915+00:00,vets-service,vets-service-799f7d5b65-vzxc7,2026-07-29T15:59:51.440527+00:00,DEBUG,dee4bf114b3b239d,dee4bf114b3b239d,nio-8080-exec-5,o.s.web.servlet.DispatcherServlet,Completed 200 OK
2026-07-29T16:00:29.395915+00:00,vets-service,vets-service-799f7d5b65-vzxc7,2026-07-29T15:59:51.190027+00:00,DEBUG,a4f266253773da8e,a5e56730cf9afa81,io-8080-exec-18,o.s.web.servlet.DispatcherServlet,Completed 200 OK
2026-07-29T16:00:29.395915+00:00,vets-service,vets-service-799f7d5b65-vzxc7,2026-07-29T15:59:50.938894+00:00,DEBUG,a4f266253773da8e,208251e3c2aad804,io-8080-exec-18,o.s.web.servlet.DispatcherServlet,"GET ""/vets"", parameters={}"
2026-07-29T16:00:29.395915+00:00,vets-service,vets-service-799f7d5b65-vzxc7,2026-07-29T15:59:50.688603+00:00,DEBUG,0f56af6105358cc3,ed8a4e10caeedad1,nio-8080-exec-3,o.s.web.servlet.DispatcherServlet,Completed 200 OK
2026-07-29T16:00:29.395915+00:00,vets-service,vets-service-799f7d5b65-vzxc7,2026-07-29T15:59:50.437125+00:00,DEBUG,0f56af6105358cc3,88c8c3a225d7ce24,nio-8080-exec-3,o.s.web.servlet.DispatcherServlet,"GET ""/vets"", parameters={}"
2026-07-29T16:00:29.395915+00:00,vets-service,vets-service-799f7d5b65-vzxc7,2026-07-29T15:59:49.936773+00:00,DEBUG,9ea9df5460dc8a23,d9efce4f21bcbab9,nio-8080-exec-8,o.s.web.servlet.DispatcherServlet,Completed 200 OK
2026-07-29T16:00:29.395915+00:00,vets-service,vets-service-799f7d5b65-vzxc7,2026-07-29T15:59:49.936770+00:00,DEBUG,9ea9df5460dc8a23,2ea0100871a6c761,nio-8080-exec-8,o.s.web.servlet.DispatcherServlet,"GET ""/vets"", parameters={}"
2026-07-29T16:00:29.395915+00:00,vets-service,vets-service-799f7d5b65-vzxc7,2026-07-29T15:59:49.184874+00:00,DEBUG,626f9c8473017bf9,1f4647a955fa1956,io-8080-exec-15,o.s.web.servlet.DispatcherServlet,Completed 200 OK
2026-07-29T16:00:29.395915+00:00,vets-service,vets-service-799f7d5b65-vzxc7,2026-07-29T15:59:49.184703+00:00,DEBUG,626f9c8473017bf9,b4cc4b1e83e340b8,io-8080-exec-15,o.s.web.servlet.DispatcherServlet,"GET ""/vets"", parameters={}"
2026-07-29T16:00:29.395915+00:00,vets-service,vets-service-799f7d5b65-vzxc7,2026-07-29T15:59:48.682428+00:00,DEBUG,0472867ee060ad3e,b84a841e9841988c,nio-8080-exec-9,o.s.web.servlet.DispatcherServlet,Completed 200 OK
2026-07-29T16:00:29.395915+00:00,vets-service,vets-service-799f7d5b65-vzxc7,2026-07-29T15:59:48.432453+00:00,DEBUG,0472867ee060ad3e,87848978308d2564,nio-8080-exec-9,o.s.web.servlet.DispatcherServlet,"GET ""/vets"", parameters={}"
2026-07-29T16:00:29.395915+00:00,vets-service,vets-service-799f7d5b65-vzxc7,2026-07-29T15:59:47.930269+00:00,DEBUG,87c59ef670cbc185,ff173d327c3a9a10,io-8080-exec-19,o.s.web.servlet.DispatcherServlet,Completed 200 OK
2026-07-29T16:00:29.395915+00:00,vets-service,vets-service-799f7d5b65-vzxc7,2026-07-29T15:59:47.930264+00:00,DEBUG,87c59ef670cbc185,1a19bbc39a34a012,io-8080-exec-19,o.s.web.servlet.DispatcherServlet,"GET ""/vets"", parameters={}"
2026-07-29T16:00:29.395915+00:00,vets-service,vets-service-799f7d5b65-vzxc7,2026-07-29T15:59:47.679555+00:00,DEBUG,9c749bda01213ffc,7e58b06a02f878bc,io-8080-exec-21,o.s.web.servlet.DispatcherServlet,Completed 200 OK
2026-07-29T16:00:29.395915+00:00,vets-service,vets-service-799f7d5b65-vzxc7,2026-07-29T15:59:47.429179+00:00,DEBUG,aa348247ea4cecbb,375688d5885cb851,io-8080-exec-20,o.s.web.servlet.DispatcherServlet,Completed 200 OK
2026-07-29T16:00:29.395915+00:00,vets-service,vets-service-799f7d5b65-vzxc7,2026-07-29T15:59:46.927559+00:00,DEBUG,9c749bda01213ffc,71847299833f9b0d,io-8080-exec-21,o.s.web.servlet.DispatcherServlet,"GET ""/vets"", parameters={}"
2026-07-29T16:00:29.395915+00:00,vets-service,vets-service-799f7d5b65-vzxc7,2026-07-29T15:59:46.927551+00:00,DEBUG,b05ffb3bae94a943,b05ffb3bae94a943,io-8080-exec-17,o.s.web.servlet.DispatcherServlet,Completed 200 OK
2026-07-29T16:00:29.395915+00:00,vets-service,vets-service-799f7d5b65-vzxc7,2026-07-29T15:59:46.676670+00:00,DEBUG,aa348247ea4cecbb,d866f3e20170ddee,io-8080-exec-20,o.s.web.servlet.DispatcherServlet,"GET ""/vets"", parameters={}"
2026-07-29T16:00:29.395915+00:00,vets-service,vets-service-799f7d5b65-vzxc7,2026-07-29T15:59:46.175709+00:00,DEBUG,30d94695f2ea3df0,624dcc4477a3bfc6,nio-8080-exec-5,o.s.web.servlet.DispatcherServlet,Completed 200 OK
2026-07-29T16:00:29.395915+00:00,vets-service,vets-service-799f7d5b65-vzxc7,2026-07-29T15:59:45.924813+00:00,DEBUG,8db6d42b39d1e9df,75bacfaf57c1c96e,io-8080-exec-18,o.s.web.servlet.DispatcherServlet,Completed 200 OK
2026-07-29T16:00:29.395915+00:00,vets-service,vets-service-799f7d5b65-vzxc7,2026-07-29T15:59:45.423305+00:00,DEBUG,30d94695f2ea3df0,7864035c215e5ac5,nio-8080-exec-5,o.s.web.servlet.DispatcherServlet,"GET ""/vets"", parameters={}"
2026-07-29T16:00:29.395915+00:00,vets-service,vets-service-799f7d5b65-vzxc7,2026-07-29T15:59:45.172484+00:00,DEBUG,8db6d42b39d1e9df,99e426171b9346d3,io-8080-exec-18,o.s.web.servlet.DispatcherServlet,"GET ""/vets"", parameters={}"
2026-07-29T16:00:29.395915+00:00,vets-service,vets-service-799f7d5b65-vzxc7,2026-07-29T15:59:42.413488+00:00,DEBUG,21af7971e6a09dc6,7b90b4cb098e2f4c,nio-8080-exec-3,o.s.web.servlet.DispatcherServlet,Completed 200 OK
2026-07-29T16:00:29.395915+00:00,vets-service,vets-service-799f7d5b65-vzxc7,2026-07-29T15:59:42.163229+00:00,DEBUG,21af7971e6a09dc6,6de90ab149f6e253,nio-8080-exec-3,o.s.web.servlet.DispatcherServlet,"GET ""/vets"", parameters={}"
2026-07-29T16:00:29.395915+00:00,vets-service,vets-service-799f7d5b65-vzxc7,2026-07-29T15:59:42.163225+00:00,DEBUG,2936de595b85458a,6782082aa31a7f17,nio-8080-exec-8,o.s.web.servlet.DispatcherServlet,Completed 200 OK
2026-07-29T16:00:29.395915+00:00,vets-service,vets-service-799f7d5b65-vzxc7,2026-07-29T15:59:41.912042+00:00,DEBUG,2936de595b85458a,a074c4561dbb19f7,nio-8080-exec-8,o.s.web.servlet.DispatcherServlet,"GET ""/vets"", parameters={}"
2026-07-29T16:00:29.395915+00:00,vets-service,vets-service-799f7d5b65-vzxc7,2026-07-29T15:59:40.908861+00:00,DEBUG,dcb924ce0ee3dd50,9ce6d8794695475c,io-8080-exec-15,o.s.web.servlet.DispatcherServlet,Completed 200 OK
2026-07-29T16:00:29.395915+00:00,vets-service,vets-service-799f7d5b65-vzxc7,2026-07-29T15:59:40.658384+00:00,DEBUG,dcb924ce0ee3dd50,e767c2f3098770e1,io-8080-exec-15,o.s.web.servlet.DispatcherServlet,"GET ""/vets"", parameters={}"
2026-07-29T16:00:29.395915+00:00,vets-service,vets-service-799f7d5b65-vzxc7,2026-07-29T15:59:40.407125+00:00,DEBUG,4c470797da9c0ec1,31b90f0584267d99,nio-8080-exec-9,o.s.web.servlet.DispatcherServlet,Completed 200 OK
2026-07-29T16:00:29.395915+00:00,vets-service,vets-service-799f7d5b65-vzxc7,2026-07-29T15:59:40.407111+00:00,DEBUG,f1b415a7fd705192,f1b415a7fd705192,io-8080-exec-19,o.s.web.servlet.DispatcherServlet,Completed 200 OK
2026-07-29T16:00:29.395915+00:00,vets-service,vets-service-799f7d5b65-vzxc7,2026-07-29T15:59:40.156199+00:00,DEBUG,4c470797da9c0ec1,6d0a3174d1a525d5,nio-8080-exec-9,o.s.web.servlet.DispatcherServlet,"GET ""/vets"", parameters={}"
2026-07-29T16:00:29.395915+00:00,vets-service,vets-service-799f7d5b65-vzxc7,2026-07-29T15:59:38.400790+00:00,DEBUG,d81cba6553f87f47,4968fcd5215dd584,io-8080-exec-21,o.s.web.servlet.DispatcherServlet,Completed 200 OK
2026-07-29T16:00:29.395915+00:00,vets-service,vets-service-799f7d5b65-vzxc7,2026-07-29T15:59:38.149654+00:00,DEBUG,d81cba6553f87f47,bc4f5fc960d243f7,io-8080-exec-21,o.s.web.servlet.DispatcherServlet,"GET ""/vets"", parameters={}"
2026-07-29T16:00:29.395915+00:00,vets-service,vets-service-799f7d5b65-vzxc7,2026-07-29T15:59:38.149650+00:00,DEBUG,6e53205509e7cde1,e2a2ea607f601fa0,io-8080-exec-17,o.s.web.servlet.DispatcherServlet,Completed 200 OK
2026-07-29T16:00:29.395915+00:00,vets-service,vets-service-799f7d5b65-vzxc7,2026-07-29T15:59:37.898474+00:00,DEBUG,6e53205509e7cde1,e18a497eb0dea7a3,io-8080-exec-17,o.s.web.servlet.DispatcherServlet,"GET ""/vets"", parameters={}"
2026-07-29T16:00:29.395915+00:00,vets-service,vets-service-799f7d5b65-vzxc7,2026-07-29T15:59:36.393635+00:00,DEBUG,b022423afc3727a0,b022423afc3727a0,io-8080-exec-20,o.s.web.servlet.DispatcherServlet,Completed 200 OK
2026-07-29T16:00:29.395915+00:00,vets-service,vets-service-799f7d5b65-vzxc7,2026-07-29T15:59:35.892429+00:00,DEBUG,85d501ed4ca4b2c7,e8086c3566a3e550,nio-8080-exec-5,o.s.web.servlet.DispatcherServlet,Completed 200 OK
2026-07-29T16:00:29.395915+00:00,vets-service,vets-service-799f7d5b65-vzxc7,2026-07-29T15:59:35.892427+00:00,DEBUG,85d501ed4ca4b2c7,5d81915c7e3b3cdf,nio-8080-exec-5,o.s.web.servlet.DispatcherServlet,"GET ""/vets"", parameters={}"
2026-07-29T16:00:29.395915+00:00,vets-service,vets-service-799f7d5b65-vzxc7,2026-07-29T15:59:35.641327+00:00,DEBUG,8b7984dac6b90591,52c139c168afb505,io-8080-exec-18,o.s.web.servlet.DispatcherServlet,Completed 200 OK
2026-07-29T16:00:29.395915+00:00,vets-service,vets-service-799f7d5b65-vzxc7,2026-07-29T15:59:35.390422+00:00,DEBUG,8b7984dac6b90591,a214e11e785d7e61,io-8080-exec-18,o.s.web.servlet.DispatcherServlet,"GET ""/vets"", parameters={}"
2026-07-29T16:00:29.395915+00:00,vets-service,vets-service-799f7d5b65-vzxc7,2026-07-29T15:59:34.637875+00:00,DEBUG,3a2778881d546ca1,2adb2abc64508f47,nio-8080-exec-3,o.s.web.servlet.DispatcherServlet,Completed 200 OK
2026-07-29T16:00:29.395915+00:00,vets-service,vets-service-799f7d5b65-vzxc7,2026-07-29T15:59:34.386691+00:00,DEBUG,3a2778881d546ca1,0211159c1e87bd72,nio-8080-exec-3,o.s.web.servlet.DispatcherServlet,"GET ""/vets"", parameters={}"
2026-07-29T16:00:29.395915+00:00,vets-service,vets-service-799f7d5b65-vzxc7,2026-07-29T15:59:34.135609+00:00,DEBUG,d805391579a3e898,e1c697e2000ace64,nio-8080-exec-8,o.s.web.servlet.DispatcherServlet,Completed 200 OK
2026-07-29T16:00:29.395915+00:00,vets-service,vets-service-799f7d5b65-vzxc7,2026-07-29T15:59:34.135605+00:00,DEBUG,d805391579a3e898,55ab2d28cb81abc5,nio-8080-exec-8,o.s.web.servlet.DispatcherServlet,"GET ""/vets"", parameters={}"
2026-07-29T16:00:29.395915+00:00,vets-service,vets-service-799f7d5b65-vzxc7,2026-07-29T15:59:33.133375+00:00,DEBUG,80d8097e98d9a569,8a889d7dee71e594,io-8080-exec-15,o.s.web.servlet.DispatcherServlet,Completed 200 OK
2026-07-29T16:00:29.395915+00:00,vets-service,vets-service-799f7d5b65-vzxc7,2026-07-29T15:59:33.133371+00:00,DEBUG,80d8097e98d9a569,41c8b144180f9b4e,io-8080-exec-15,o.s.web.servlet.DispatcherServlet,"GET ""/vets"", parameters={}"
2026-07-29T16:00:29.395915+00:00,vets-service,vets-service-799f7d5b65-vzxc7,2026-07-29T15:59:32.380892+00:00,DEBUG,517e32347a9388ce,08d7bdca10709468,io-8080-exec-19,o.s.web.servlet.DispatcherServlet,Completed 200 OK
2026-07-29T16:00:29.395915+00:00,vets-service,vets-service-799f7d5b65-vzxc7,2026-07-29T15:59:32.380890+00:00,DEBUG,517e32347a9388ce,867abc1c5e586f0a,io-8080-exec-19,o.s.web.servlet.DispatcherServlet,"GET ""/vets"", parameters={}"
2026-07-29T16:00:29.395915+00:00,vets-service,vets-service-799f7d5b65-vzxc7,2026-07-29T15:59:31.627666+00:00,DEBUG,5904052420833226,e2e11aa9784b0c18,nio-8080-exec-9,o.s.web.servlet.DispatcherServlet,Completed 200 OK
2026-07-29T16:00:29.395915+00:00,vets-service,vets-service-799f7d5b65-vzxc7,2026-07-29T15:59:31.376994+00:00,DEBUG,5904052420833226,8d39c2ba59b13a53,nio-8080-exec-9,o.s.web.servlet.DispatcherServlet,"GET ""/vets"", parameters={}"
2026-07-29T16:00:29.395915+00:00,vets-service,vets-service-799f7d5b65-vzxc7,2026-07-29T15:59:31.126056+00:00,DEBUG,5e929501d86cd185,c40062047d95c208,io-8080-exec-21,o.s.web.servlet.DispatcherServlet,Completed 200 OK
2026-07-29T16:00:29.395915+00:00,vets-service,vets-service-799f7d5b65-vzxc7,2026-07-29T15:59:31.126053+00:00,DEBUG,5e929501d86cd185,8cfef6a9dbec9c37,io-8080-exec-21,o.s.web.servlet.DispatcherServlet,"GET ""/vets"", parameters={}"
2026-07-29T16:00:29.395915+00:00,vets-service,vets-service-799f7d5b65-vzxc7,2026-07-29T15:59:29.370662+00:00,DEBUG,2da1e84a90c21d5e,4ffd703accec479e,io-8080-exec-17,o.s.web.servlet.DispatcherServlet,Completed 200 OK
2026-07-29T16:00:29.395915+00:00,vets-service,vets-service-799f7d5b65-vzxc7,2026-07-29T15:59:29.370658+00:00,DEBUG,2da1e84a90c21d5e,04914c69c5fbc515,io-8080-exec-17,o.s.web.servlet.DispatcherServlet,"GET ""/vets"", parameters={}"
2026-07-29T16:00:29.395915+00:00,vets-service,vets-service-799f7d5b65-vzxc7,2026-07-29T15:59:27.362638+00:00,DEBUG,e6c78e4bc682b209,0271075e94b1a9e8,io-8080-exec-20,o.s.web.servlet.DispatcherServlet,Completed 200 OK
2026-07-29T16:00:29.395915+00:00,vets-service,vets-service-799f7d5b65-vzxc7,2026-07-29T15:59:26.861110+00:00,DEBUG,e6c78e4bc682b209,02cd0692241f4703,io-8080-exec-20,o.s.web.servlet.DispatcherServlet,"GET ""/vets"", parameters={}"
2026-07-29T16:00:29.395915+00:00,vets-service,vets-service-799f7d5b65-vzxc7,2026-07-29T15:59:26.861084+00:00,DEBUG,001fc4a7228e926b,001fc4a7228e926b,nio-8080-exec-5,o.s.web.servlet.DispatcherServlet,Completed 200 OK
2026-07-29T16:00:29.395915+00:00,vets-service,vets-service-799f7d5b65-vzxc7,2026-07-29T15:59:26.610903+00:00,DEBUG,031881f6de6787b6,04b259dcc8b32229,io-8080-exec-18,o.s.web.servlet.DispatcherServlet,Completed 200 OK
2026-07-29T16:00:29.395915+00:00,vets-service,vets-service-799f7d5b65-vzxc7,2026-07-29T15:59:26.360685+00:00,DEBUG,6c4542f6fe57bfac,68d92d1261e2d7ec,nio-8080-exec-3,o.s.web.servlet.DispatcherServlet,Completed 200 OK
2026-07-29T16:00:29.395915+00:00,vets-service,vets-service-799f7d5b65-vzxc7,2026-07-29T15:59:25.859595+00:00,DEBUG,031881f6de6787b6,9fbc761309b4307b,io-8080-exec-18,o.s.web.servlet.DispatcherServlet,"GET ""/vets"", parameters={}"
2026-07-29T16:00:29.395915+00:00,vets-service,vets-service-799f7d5b65-vzxc7,2026-07-29T15:59:25.859591+00:00,DEBUG,6c4542f6fe57bfac,5fac136abc702152,nio-8080-exec-3,o.s.web.servlet.DispatcherServlet,"GET ""/vets"", parameters={}"
2026-07-29T16:00:29.395915+00:00,vets-service,vets-service-799f7d5b65-vzxc7,2026-07-29T15:59:25.357892+00:00,DEBUG,e012a2001f8e5b79,e012a2001f8e5b79,nio-8080-exec-8,o.s.web.servlet.DispatcherServlet,Completed 200 OK
2026-07-29T16:00:29.395915+00:00,vets-service,vets-service-799f7d5b65-vzxc7,2026-07-29T15:59:24.856488+00:00,DEBUG,5c55e5e8f8bcc2b1,89550435ab182e98,io-8080-exec-15,o.s.web.servlet.DispatcherServlet,Completed 200 OK
2026-07-29T16:00:29.395915+00:00,vets-service,vets-service-799f7d5b65-7wskt,2026-07-29T16:00:29.350913+00:00,DEBUG,c3d36f5c46c85a8f,a0e6a96d764e6db4,nio-8080-exec-8,o.s.web.servlet.DispatcherServlet,Completed 200 OK
2026-07-29T16:00:29.395915+00:00,vets-service,vets-service-799f7d5b65-7wskt,2026-07-29T16:00:29.099671+00:00,DEBUG,c3d36f5c46c85a8f,35e97c31a521ba98,nio-8080-exec-8,o.s.web.servlet.DispatcherServlet,"GET ""/vets"", parameters={}"
2026-07-29T16:00:29.395915+00:00,vets-service,vets-service-799f7d5b65-7wskt,2026-07-29T16:00:28.346484+00:00,DEBUG,95789219d57710fe,82d72fd0f58ae457,io-8080-exec-10,o.s.web.servlet.DispatcherServlet,Completed 200 OK
2026-07-29T16:00:29.395915+00:00,vets-service,vets-service-799f7d5b65-7wskt,2026-07-29T16:00:28.096058+00:00,DEBUG,95789219d57710fe,b4845a22abc72e32,io-8080-exec-10,o.s.web.servlet.DispatcherServlet,"GET ""/vets"", parameters={}"
2026-07-29T16:00:29.395915+00:00,vets-service,vets-service-799f7d5b65-7wskt,2026-07-29T16:00:24.336350+00:00,DEBUG,1ab04327b024a55f,1ab04327b024a55f,nio-8080-exec-6,o.s.web.servlet.DispatcherServlet,Completed 200 OK
2026-07-29T16:00:29.395915+00:00,vets-service,vets-service-799f7d5b65-7wskt,2026-07-29T16:00:24.085632+00:00,DEBUG,cfb26b9c3d3a9cb1,a2c417d8c2a8538f,nio-8080-exec-4,o.s.web.servlet.DispatcherServlet,Completed 200 OK
2026-07-29T16:00:29.395915+00:00,vets-service,vets-service-799f7d5b65-7wskt,2026-07-29T16:00:23.835231+00:00,DEBUG,cfb26b9c3d3a9cb1,d1667aa6dd36def8,nio-8080-exec-4,o.s.web.servlet.DispatcherServlet,"GET ""/vets"", parameters={}"
2026-07-29T16:00:29.395915+00:00,vets-service,vets-service-799f7d5b65-7wskt,2026-07-29T16:00:22.581865+00:00,DEBUG,7e779cf150282db7,0f34fcf337fa15c9,io-8080-exec-12,o.s.web.servlet.DispatcherServlet,Completed 200 OK
2026-07-29T16:00:29.395915+00:00,vets-service,vets-service-799f7d5b65-7wskt,2026-07-29T16:00:22.331036+00:00,DEBUG,7e779cf150282db7,701d890dfa616cbd,io-8080-exec-12,o.s.web.servlet.DispatcherServlet,"GET ""/vets"", parameters={}"
2026-07-29T16:00:29.395915+00:00,vets-service,vets-service-799f7d5b65-7wskt,2026-07-29T16:00:22.080232+00:00,DEBUG,ea8db826d803bb48,327d81e2581e7b3c,io-8080-exec-13,o.s.web.servlet.DispatcherServlet,Completed 200 OK
2026-07-29T16:00:29.395915+00:00,vets-service,vets-service-799f7d5b65-7wskt,2026-07-29T16:00:21.579679+00:00,DEBUG,ea8db826d803bb48,73803cc57319e63b,io-8080-exec-13,o.s.web.servlet.DispatcherServlet,"GET ""/vets"", parameters={}"
2026-07-29T16:00:29.395915+00:00,vets-service,vets-service-799f7d5b65-7wskt,2026-07-29T16:00:19.826429+00:00,DEBUG,c2c29db51c941483,02e84d76718d139a,nio-8080-exec-3,o.s.web.servlet.DispatcherServlet,Completed 200 OK
2026-07-29T16:00:29.395915+00:00,vets-service,vets-service-799f7d5b65-7wskt,2026-07-29T16:00:19.075228+00:00,DEBUG,c2c29db51c941483,160570039315403e,nio-8080-exec-3,o.s.web.servlet.DispatcherServlet,"GET ""/vets"", parameters={}"
2026-07-29T16:00:29.395915+00:00,vets-service,vets-service-799f7d5b65-7wskt,2026-07-29T16:00:16.063680+00:00,DEBUG,39d681d885ae61ff,39d681d885ae61ff,nio-8080-exec-1,o.s.web.servlet.DispatcherServlet,Completed 200 OK
2026-07-29T16:00:29.395915+00:00,vets-service,vets-service-799f7d5b65-7wskt,2026-07-29T16:00:15.561496+00:00,DEBUG,842789cc52249098,bf11dc98e9522a63,nio-8080-exec-7,o.s.web.servlet.DispatcherServlet,Completed 200 OK
2026-07-29T16:00:29.395915+00:00,vets-service,vets-service-799f7d5b65-7wskt,2026-07-29T16:00:15.561491+00:00,DEBUG,842789cc52249098,3f72677f2c764574,nio-8080-exec-7,o.s.web.servlet.DispatcherServlet,"GET ""/vets"", parameters={}"
2026-07-29T16:00:29.395915+00:00,vets-service,vets-service-799f7d5b65-7wskt,2026-07-29T16:00:15.311156+00:00,DEBUG,074449fb59d31445,074449fb59d31445,nio-8080-exec-2,o.s.web.servlet.DispatcherServlet,Completed 200 OK
2026-07-29T16:00:29.395915+00:00,vets-service,vets-service-799f7d5b65-7wskt,2026-07-29T16:00:11.298885+00:00,DEBUG,19b7420fe95550c3,b91f1a57512a91ae,nio-8080-exec-8,o.s.web.servlet.DispatcherServlet,Completed 200 OK
2026-07-29T16:00:29.395915+00:00,vets-service,vets-service-799f7d5b65-7wskt,2026-07-29T16:00:11.298883+00:00,DEBUG,19b7420fe95550c3,d55727a1d73f73f5,nio-8080-exec-8,o.s.web.servlet.DispatcherServlet,"GET ""/vets"", parameters={}"
2026-07-29T16:00:29.395915+00:00,vets-service,vets-service-799f7d5b65-7wskt,2026-07-29T16:00:09.794447+00:00,DEBUG,08cfb92bc7a46999,d6760b5164cff9fb,io-8080-exec-10,o.s.web.servlet.DispatcherServlet,Completed 200 OK
2026-07-29T16:00:29.395915+00:00,vets-service,vets-service-799f7d5b65-7wskt,2026-07-29T16:00:09.543523+00:00,DEBUG,08cfb92bc7a46999,86af84955bd40b3a,io-8080-exec-10,o.s.web.servlet.DispatcherServlet,"GET ""/vets"", parameters={}"
2026-07-29T16:00:29.395915+00:00,vets-service,vets-service-799f7d5b65-7wskt,2026-07-29T16:00:09.293241+00:00,DEBUG,99a8f2b62fb654e5,99a8f2b62fb654e5,nio-8080-exec-6,o.s.web.servlet.DispatcherServlet,Completed 200 OK
2026-07-29T16:00:29.395915+00:00,vets-service,vets-service-799f7d5b65-7wskt,2026-07-29T16:00:07.537931+00:00,DEBUG,8b511b93d1b3f5e4,f2a255786d4537b5,nio-8080-exec-4,o.s.web.servlet.DispatcherServlet,Completed 200 OK
2026-07-29T16:00:29.395915+00:00,vets-service,vets-service-799f7d5b65-7wskt,2026-07-29T16:00:07.537911+00:00,DEBUG,8b511b93d1b3f5e4,93863f0a1e266c6d,nio-8080-exec-4,o.s.web.servlet.DispatcherServlet,"GET ""/vets"", parameters={}"
2026-07-29T16:00:29.395915+00:00,vets-service,vets-service-799f7d5b65-7wskt,2026-07-29T16:00:05.281876+00:00,DEBUG,11cfdf99cda46678,9739260a5d9693ab,io-8080-exec-12,o.s.web.servlet.DispatcherServlet,Completed 200 OK
2026-07-29T16:00:29.395915+00:00,vets-service,vets-service-799f7d5b65-7wskt,2026-07-29T16:00:05.031366+00:00,DEBUG,11cfdf99cda46678,27d2b035ce1e49a4,io-8080-exec-12,o.s.web.servlet.DispatcherServlet,"GET ""/vets"", parameters={}"
2026-07-29T16:00:29.395915+00:00,vets-service,vets-service-799f7d5b65-7wskt,2026-07-29T16:00:04.279598+00:00,DEBUG,cb8ed3b3660e780e,dc7368e818d70cc9,io-8080-exec-13,o.s.web.servlet.DispatcherServlet,Completed 200 OK
2026-07-29T16:00:29.395915+00:00,vets-service,vets-service-799f7d5b65-7wskt,2026-07-29T16:00:04.028601+00:00,DEBUG,cb8ed3b3660e780e,5b3be3647b923176,io-8080-exec-13,o.s.web.servlet.DispatcherServlet,"GET ""/vets"", parameters={}"
2026-07-29T16:00:29.395915+00:00,vets-service,vets-service-799f7d5b65-7wskt,2026-07-29T16:00:02.524314+00:00,DEBUG,f97b3c7d8406b118,6708bdb01cd11177,nio-8080-exec-3,o.s.web.servlet.DispatcherServlet,Completed 200 OK
2026-07-29T16:00:29.395915+00:00,vets-service,vets-service-799f7d5b65-7wskt,2026-07-29T16:00:02.272991+00:00,DEBUG,f97b3c7d8406b118,57858b957f178e7f,nio-8080-exec-3,o.s.web.servlet.DispatcherServlet,"GET ""/vets"", parameters={}"
2026-07-29T16:00:29.395915+00:00,vets-service,vets-service-799f7d5b65-7wskt,2026-07-29T16:00:00.518530+00:00,DEBUG,b9871b90ffbbcd47,b9871b90ffbbcd47,nio-8080-exec-1,o.s.web.servlet.DispatcherServlet,Completed 200 OK
2026-07-29T16:00:29.395915+00:00,vets-service,vets-service-799f7d5b65-7wskt,2026-07-29T16:00:00.016406+00:00,DEBUG,bebf6a36b84f09fd,62108f040ce8626e,nio-8080-exec-7,o.s.web.servlet.DispatcherServlet,Completed 200 OK
2026-07-29T16:00:29.395915+00:00,vets-service,vets-service-799f7d5b65-7wskt,2026-07-29T15:59:59.765659+00:00,DEBUG,bebf6a36b84f09fd,d0f846bfd943bc2d,nio-8080-exec-7,o.s.web.servlet.DispatcherServlet,"GET ""/vets"", parameters={}"
2026-07-29T16:00:29.395915+00:00,vets-service,vets-service-799f7d5b65-7wskt,2026-07-29T15:59:59.013840+00:00,DEBUG,7fd5706ef4e64963,ff1eebb0b38ab16e,nio-8080-exec-2,o.s.web.servlet.DispatcherServlet,Completed 200 OK
2026-07-29T16:00:29.395915+00:00,vets-service,vets-service-799f7d5b65-7wskt,2026-07-29T15:59:58.762809+00:00,DEBUG,7fd5706ef4e64963,d974a7af62a9af3d,nio-8080-exec-2,o.s.web.servlet.DispatcherServlet,"GET ""/vets"", parameters={}"
2026-07-29T16:00:29.395915+00:00,vets-service,vets-service-799f7d5b65-7wskt,2026-07-29T15:59:57.259105+00:00,DEBUG,c295d18c1dc2a4f5,42739ac647ea0e12,nio-8080-exec-8,o.s.web.servlet.DispatcherServlet,Completed 200 OK
2026-07-29T16:00:29.395915+00:00,vets-service,vets-service-799f7d5b65-7wskt,2026-07-29T15:59:57.008412+00:00,DEBUG,c295d18c1dc2a4f5,f57dc40746b98eec,nio-8080-exec-8,o.s.web.servlet.DispatcherServlet,"GET ""/vets"", parameters={}"
2026-07-29T16:00:29.395915+00:00,vets-service,vets-service-799f7d5b65-7wskt,2026-07-29T15:59:56.005757+00:00,DEBUG,bc5b80de4f2cfdb9,bc5b80de4f2cfdb9,io-8080-exec-10,o.s.web.servlet.DispatcherServlet,Completed 200 OK
2026-07-29T16:00:29.395915+00:00,vets-service,vets-service-799f7d5b65-7wskt,2026-07-29T15:59:54.499356+00:00,DEBUG,b9ab4617b88c68d2,148774e551edae4e,nio-8080-exec-6,o.s.web.servlet.DispatcherServlet,Completed 200 OK
2026-07-29T16:00:29.395915+00:00,vets-service,vets-service-799f7d5b65-7wskt,2026-07-29T15:59:54.499339+00:00,DEBUG,61b5ac8a74bb25d0,61b5ac8a74bb25d0,nio-8080-exec-4,o.s.web.servlet.DispatcherServlet,Completed 200 OK
2026-07-29T16:00:29.395915+00:00,vets-service,vets-service-799f7d5b65-7wskt,2026-07-29T15:59:54.248062+00:00,DEBUG,b9ab4617b88c68d2,b05837b2903a24a1,nio-8080-exec-6,o.s.web.servlet.DispatcherServlet,"GET ""/vets"", parameters={}"
2026-07-29T16:00:29.395915+00:00,vets-service,vets-service-799f7d5b65-7wskt,2026-07-29T15:59:51.488847+00:00,DEBUG,5466e1d06f7adc18,a39242d5b22ad413,io-8080-exec-12,o.s.web.servlet.DispatcherServlet,Completed 200 OK
2026-07-29T16:00:29.395915+00:00,vets-service,vets-service-799f7d5b65-7wskt,2026-07-29T15:59:51.488843+00:00,DEBUG,5466e1d06f7adc18,cb8080c3b5cda7ed,io-8080-exec-12,o.s.web.servlet.DispatcherServlet,"GET ""/vets"", parameters={}"
2026-07-29T16:00:29.395915+00:00,vets-service,vets-service-799f7d5b65-7wskt,2026-07-29T15:59:50.485662+00:00,DEBUG,8e4dc8ec08b89d0d,edb654b4d6260687,io-8080-exec-13,o.s.web.servlet.DispatcherServlet,Completed 200 OK
2026-07-29T16:00:29.395915+00:00,vets-service,vets-service-799f7d5b65-7wskt,2026-07-29T15:59:50.234818+00:00,DEBUG,8e4dc8ec08b89d0d,43e001f0ba2540df,io-8080-exec-13,o.s.web.servlet.DispatcherServlet,"GET ""/vets"", parameters={}"
2026-07-29T16:00:29.395915+00:00,vets-service,vets-service-799f7d5b65-7wskt,2026-07-29T15:59:48.982233+00:00,DEBUG,73efc593b877211f,250f619e8d5e7711,nio-8080-exec-3,o.s.web.servlet.DispatcherServlet,Completed 200 OK
2026-07-29T16:00:29.395915+00:00,vets-service,vets-service-799f7d5b65-7wskt,2026-07-29T15:59:48.982229+00:00,DEBUG,73efc593b877211f,743ec0f53ab617ea,nio-8080-exec-3,o.s.web.servlet.DispatcherServlet,"GET ""/vets"", parameters={}"
2026-07-29T16:00:29.395915+00:00,vets-service,vets-service-799f7d5b65-7wskt,2026-07-29T15:59:47.728083+00:00,DEBUG,47baf55373abad4f,a736c015a8cc3122,nio-8080-exec-1,o.s.web.servlet.DispatcherServlet,Completed 200 OK
2026-07-29T16:00:29.395915+00:00,vets-service,vets-service-799f7d5b65-7wskt,2026-07-29T15:59:47.728079+00:00,DEBUG,47baf55373abad4f,6dd6fdaa17705981,nio-8080-exec-1,o.s.web.servlet.DispatcherServlet,"GET ""/vets"", parameters={}"
2026-07-29T16:00:29.395915+00:00,vets-service,vets-service-799f7d5b65-7wskt,2026-07-29T15:59:47.226604+00:00,DEBUG,97578199a8a2e239,15f085f1c57946b1,nio-8080-exec-7,o.s.web.servlet.DispatcherServlet,Completed 200 OK
2026-07-29T16:00:29.395915+00:00,vets-service,vets-service-799f7d5b65-7wskt,2026-07-29T15:59:46.725096+00:00,DEBUG,97578199a8a2e239,de7ec1bcc0cec335,nio-8080-exec-7,o.s.web.servlet.DispatcherServlet,"GET ""/vets"", parameters={}"
2026-07-29T16:00:29.395915+00:00,vets-service,vets-service-799f7d5b65-7wskt,2026-07-29T15:59:45.470673+00:00,DEBUG,add8846e42e9687f,add8846e42e9687f,nio-8080-exec-2,o.s.web.servlet.DispatcherServlet,Completed 200 OK
2026-07-29T16:00:29.395915+00:00,vets-service,vets-service-799f7d5b65-7wskt,2026-07-29T15:59:45.219424+00:00,DEBUG,82392106deb61330,23f9ab47ea9f1b76,nio-8080-exec-8,o.s.web.servlet.DispatcherServlet,Completed 200 OK
2026-07-29T16:00:29.395915+00:00,vets-service,vets-service-799f7d5b65-7wskt,2026-07-29T15:59:44.716745+00:00,DEBUG,82392106deb61330,594d87f0990bfec3,nio-8080-exec-8,o.s.web.servlet.DispatcherServlet,"GET ""/vets"", parameters={}"
2026-07-29T16:00:29.395915+00:00,vets-service,vets-service-799f7d5b65-7wskt,2026-07-29T15:59:41.958866+00:00,DEBUG,aaf6c91315c79acf,36a7654075710e92,io-8080-exec-10,o.s.web.servlet.DispatcherServlet,Completed 200 OK
2026-07-29T16:00:29.395915+00:00,vets-service,vets-service-799f7d5b65-7wskt,2026-07-29T15:59:41.707686+00:00,DEBUG,aaf6c91315c79acf,63eb7096053e8e9d,io-8080-exec-10,o.s.web.servlet.DispatcherServlet,"GET ""/vets"", parameters={}"
2026-07-29T16:00:29.395915+00:00,vets-service,vets-service-799f7d5b65-7wskt,2026-07-29T15:59:39.451324+00:00,DEBUG,c61c6c0805a69ef9,4fed943004c791c6,nio-8080-exec-4,o.s.web.servlet.DispatcherServlet,Completed 200 OK
2026-07-29T16:00:29.395915+00:00,vets-service,vets-service-799f7d5b65-7wskt,2026-07-29T15:59:39.451300+00:00,DEBUG,9df78d25b33063bb,9df78d25b33063bb,nio-8080-exec-6,o.s.web.servlet.DispatcherServlet,Completed 200 OK
2026-07-29T16:00:29.395915+00:00,vets-service,vets-service-799f7d5b65-7wskt,2026-07-29T15:59:39.200068+00:00,DEBUG,c61c6c0805a69ef9,ba78ac6e662db6e2,nio-8080-exec-4,o.s.web.servlet.DispatcherServlet,"GET ""/vets"", parameters={}"
2026-07-29T16:00:29.395915+00:00,vets-service,vets-service-799f7d5b65-7wskt,2026-07-29T15:59:36.944052+00:00,DEBUG,ea80f5e96b5d9f4f,f07a69f372295fec,io-8080-exec-12,o.s.web.servlet.DispatcherServlet,Completed 200 OK
2026-07-29T16:00:29.395915+00:00,vets-service,vets-service-799f7d5b65-7wskt,2026-07-29T15:59:36.693567+00:00,DEBUG,ea80f5e96b5d9f4f,1c79216737ac4065,io-8080-exec-12,o.s.web.servlet.DispatcherServlet,"GET ""/vets"", parameters={}"
2026-07-29T16:00:29.395915+00:00,vets-service,vets-service-799f7d5b65-7wskt,2026-07-29T15:59:35.941893+00:00,DEBUG,ee392e68372ec100,ee392e68372ec100,io-8080-exec-13,o.s.web.servlet.DispatcherServlet,Completed 200 OK
2026-07-29T16:00:29.395915+00:00,vets-service,vets-service-799f7d5b65-7wskt,2026-07-29T15:59:35.189417+00:00,DEBUG,0604fa46db7a9e06,153b29c385610253,nio-8080-exec-3,o.s.web.servlet.DispatcherServlet,Completed 200 OK
2026-07-29T16:00:29.395915+00:00,vets-service,vets-service-799f7d5b65-7wskt,2026-07-29T15:59:34.938239+00:00,DEBUG,0604fa46db7a9e06,7b11a3a933f69209,nio-8080-exec-3,o.s.web.servlet.DispatcherServlet,"GET ""/vets"", parameters={}"
2026-07-29T16:00:29.395915+00:00,vets-service,vets-service-799f7d5b65-7wskt,2026-07-29T15:59:33.432887+00:00,DEBUG,da5010952d96d755,16f41457630b8ba1,nio-8080-exec-1,o.s.web.servlet.DispatcherServlet,Completed 200 OK
2026-07-29T16:00:29.395915+00:00,vets-service,vets-service-799f7d5b65-7wskt,2026-07-29T15:59:33.182178+00:00,DEBUG,da5010952d96d755,4132cf4b45b3bf2c,nio-8080-exec-1,o.s.web.servlet.DispatcherServlet,"GET ""/vets"", parameters={}"
2026-07-29T16:00:29.395915+00:00,vets-service,vets-service-799f7d5b65-7wskt,2026-07-29T15:59:31.678046+00:00,DEBUG,503ffa460264abd1,a284aa367988c697,nio-8080-exec-7,o.s.web.servlet.DispatcherServlet,Completed 200 OK
2026-07-29T16:00:29.395915+00:00,vets-service,vets-service-799f7d5b65-7wskt,2026-07-29T15:59:31.678039+00:00,DEBUG,503ffa460264abd1,e8ff14e33f3d1131,nio-8080-exec-7,o.s.web.servlet.DispatcherServlet,"GET ""/vets"", parameters={}"
2026-07-29T16:00:29.395915+00:00,vets-service,vets-service-799f7d5b65-7wskt,2026-07-29T15:59:30.422633+00:00,DEBUG,001bba9d4275dcf0,001bba9d4275dcf0,nio-8080-exec-2,o.s.web.servlet.DispatcherServlet,Completed 200 OK
2026-07-29T16:00:29.395915+00:00,vets-service,vets-service-799f7d5b65-7wskt,2026-07-29T15:59:30.171132+00:00,DEBUG,47a4e2482d80a596,3989e15a9066a212,nio-8080-exec-8,o.s.web.servlet.DispatcherServlet,Completed 200 OK
2026-07-29T16:00:29.395915+00:00,vets-service,vets-service-799f7d5b65-7wskt,2026-07-29T15:59:30.171124+00:00,DEBUG,47a4e2482d80a596,35921936326b518b,nio-8080-exec-8,o.s.web.servlet.DispatcherServlet,"GET ""/vets"", parameters={}"
2026-07-29T16:00:29.395915+00:00,vets-service,vets-service-799f7d5b65-7wskt,2026-07-29T15:59:27.162837+00:00,DEBUG,f2eff574983b8441,aee47b69e8719f80,io-8080-exec-10,o.s.web.servlet.DispatcherServlet,Completed 200 OK
2026-07-29T16:00:29.395915+00:00,vets-service,vets-service-799f7d5b65-7wskt,2026-07-29T15:59:26.661497+00:00,DEBUG,f2eff574983b8441,aae22006ef00bcbb,io-8080-exec-10,o.s.web.servlet.DispatcherServlet,"GET ""/vets"", parameters={}"
2026-07-29T16:00:29.395915+00:00,vets-service,vets-service-799f7d5b65-7wskt,2026-07-29T15:59:25.407965+00:00,DEBUG,1caf5ee7fdbb54b9,21c1c906f5622645,nio-8080-exec-6,o.s.web.servlet.DispatcherServlet,Completed 200 OK
2026-07-29T16:00:29.395915+00:00,visits-service,visits-service-6868c8596f-t5sfr,2026-07-29T16:00:29.302743+00:00,DEBUG,6557f16dbcf88a3e,78f37ab1dfaf886a,nio-8080-exec-3,o.s.web.servlet.DispatcherServlet,Completed 200 OK
2026-07-29T16:00:29.395915+00:00,visits-service,visits-service-6868c8596f-t5sfr,2026-07-29T16:00:29.302739+00:00,DEBUG,6557f16dbcf88a3e,78f37ab1dfaf886a,nio-8080-exec-3,o.s.web.servlet.DispatcherServlet,"GET ""/owners/1/pets/1/visits"", parameters={}"
2026-07-29T16:00:29.395915+00:00,visits-service,visits-service-6868c8596f-t5sfr,2026-07-29T16:00:29.052386+00:00,DEBUG,d257e741dee788f3,ba6e66bda49eb938,nio-8080-exec-7,o.s.web.servlet.DispatcherServlet,Completed 200 OK
2026-07-29T16:00:29.395915+00:00,visits-service,visits-service-6868c8596f-t5sfr,2026-07-29T16:00:29.052382+00:00,DEBUG,d257e741dee788f3,ba6e66bda49eb938,nio-8080-exec-7,o.s.web.servlet.DispatcherServlet,"GET ""/owners/1/pets/1/visits"", parameters={}"
2026-07-29T16:00:29.395915+00:00,visits-service,visits-service-6868c8596f-t5sfr,2026-07-29T16:00:28.801117+00:00,DEBUG,2156d4317a7fee02,7782ecbe9f52fd65,nio-8080-exec-4,o.s.web.servlet.DispatcherServlet,Completed 200 OK
2026-07-29T16:00:29.395915+00:00,visits-service,visits-service-6868c8596f-t5sfr,2026-07-29T16:00:28.801113+00:00,DEBUG,2156d4317a7fee02,7782ecbe9f52fd65,nio-8080-exec-4,o.s.web.servlet.DispatcherServlet,"GET ""/owners/1/pets/1/visits"", parameters={}"
2026-07-29T16:00:29.395915+00:00,visits-service,visits-service-6868c8596f-t5sfr,2026-07-29T16:00:28.549782+00:00,DEBUG,66efec977d37dc59,a3da995617dd5970,nio-8080-exec-8,o.s.web.servlet.DispatcherServlet,Completed 200 OK
2026-07-29T16:00:29.395915+00:00,visits-service,visits-service-6868c8596f-t5sfr,2026-07-29T16:00:28.549779+00:00,DEBUG,66efec977d37dc59,a3da995617dd5970,nio-8080-exec-8,o.s.web.servlet.DispatcherServlet,"GET ""/owners/1/pets/1/visits"", parameters={}"
2026-07-29T16:00:29.395915+00:00,visits-service,visits-service-6868c8596f-t5sfr,2026-07-29T16:00:28.048285+00:00,DEBUG,bff4509db217e7d0,e7ddc7eab62bd3d4,nio-8080-exec-5,o.s.web.servlet.DispatcherServlet,Completed 200 OK
2026-07-29T16:00:29.395915+00:00,visits-service,visits-service-6868c8596f-t5sfr,2026-07-29T16:00:28.048281+00:00,DEBUG,bff4509db217e7d0,e7ddc7eab62bd3d4,nio-8080-exec-5,o.s.web.servlet.DispatcherServlet,"GET ""/owners/1/pets/1/visits"", parameters={}"
2026-07-29T16:00:29.395915+00:00,visits-service,visits-service-6868c8596f-t5sfr,2026-07-29T16:00:26.794343+00:00,DEBUG,8537e8141e2ae8d7,8537e8141e2ae8d7,nio-8080-exec-6,o.s.web.servlet.DispatcherServlet,Completed 200 OK
2026-07-29T16:00:29.395915+00:00,visits-service,visits-service-6868c8596f-t5sfr,2026-07-29T16:00:26.543738+00:00,DEBUG,8c6c642b9eb23676,fc5e03f85b8d6a18,io-8080-exec-10,o.s.web.servlet.DispatcherServlet,Completed 200 OK
2026-07-29T16:00:29.395915+00:00,visits-service,visits-service-6868c8596f-t5sfr,2026-07-29T16:00:26.543734+00:00,DEBUG,8c6c642b9eb23676,fc5e03f85b8d6a18,io-8080-exec-10,o.s.web.servlet.DispatcherServlet,"GET ""/owners/1/pets/1/visits"", parameters={}"
2026-07-29T16:00:29.395915+00:00,visits-service,visits-service-6868c8596f-t5sfr,2026-07-29T16:00:26.041989+00:00,DEBUG,8c674e3159ceda6e,49ac8e3a6985a462,nio-8080-exec-1,o.s.web.servlet.DispatcherServlet,Completed 200 OK
2026-07-29T16:00:29.395915+00:00,visits-service,visits-service-6868c8596f-t5sfr,2026-07-29T16:00:26.041984+00:00,DEBUG,8c674e3159ceda6e,49ac8e3a6985a462,nio-8080-exec-1,o.s.web.servlet.DispatcherServlet,"GET ""/owners/1/pets/1/visits"", parameters={}"
2026-07-29T16:00:29.395915+00:00,visits-service,visits-service-6868c8596f-t5sfr,2026-07-29T16:00:25.540367+00:00,DEBUG,8dfe31433e494f6d,52b519a8d6583f8f,nio-8080-exec-9,o.s.web.servlet.DispatcherServlet,Completed 200 OK
2026-07-29T16:00:29.395915+00:00,visits-service,visits-service-6868c8596f-t5sfr,2026-07-29T16:00:25.540346+00:00,DEBUG,8dfe31433e494f6d,52b519a8d6583f8f,nio-8080-exec-9,o.s.web.servlet.DispatcherServlet,"GET ""/owners/1/pets/1/visits"", parameters={}"
2026-07-29T16:00:29.395915+00:00,visits-service,visits-service-6868c8596f-t5sfr,2026-07-29T16:00:25.540323+00:00,DEBUG,34b8b7084da0a0c7,e95f842c23451a3c,nio-8080-exec-2,o.s.web.servlet.DispatcherServlet,Completed 200 OK
2026-07-29T16:00:29.395915+00:00,visits-service,visits-service-6868c8596f-t5sfr,2026-07-29T16:00:25.540319+00:00,DEBUG,34b8b7084da0a0c7,e95f842c23451a3c,nio-8080-exec-2,o.s.web.servlet.DispatcherServlet,"GET ""/owners/1/pets/1/visits"", parameters={}"
2026-07-29T16:00:29.395915+00:00,visits-service,visits-service-6868c8596f-t5sfr,2026-07-29T16:00:25.289370+00:00,DEBUG,1830d3b7ac877f9e,1830d3b7ac877f9e,nio-8080-exec-3,o.s.web.servlet.DispatcherServlet,Completed 200 OK
2026-07-29T16:00:29.395915+00:00,visits-service,visits-service-6868c8596f-t5sfr,2026-07-29T16:00:25.038009+00:00,DEBUG,afda58d098bd1290,8bf37a94b2c3258e,nio-8080-exec-7,o.s.web.servlet.DispatcherServlet,Completed 200 OK
2026-07-29T16:00:29.395915+00:00,visits-service,visits-service-6868c8596f-t5sfr,2026-07-29T16:00:25.037977+00:00,DEBUG,afda58d098bd1290,8bf37a94b2c3258e,nio-8080-exec-7,o.s.web.servlet.DispatcherServlet,"GET ""/owners/1/pets/1/visits"", parameters={}"
2026-07-29T16:00:29.395915+00:00,visits-service,visits-service-6868c8596f-t5sfr,2026-07-29T16:00:24.786628+00:00,DEBUG,29cd9da23c2e60fa,7b6605adf773e425,nio-8080-exec-4,o.s.web.servlet.DispatcherServlet,Completed 200 OK
2026-07-29T16:00:29.395915+00:00,visits-service,visits-service-6868c8596f-t5sfr,2026-07-29T16:00:24.786623+00:00,DEBUG,29cd9da23c2e60fa,7b6605adf773e425,nio-8080-exec-4,o.s.web.servlet.DispatcherServlet,"GET ""/owners/1/pets/1/visits"", parameters={}"
2026-07-29T16:00:29.395915+00:00,visits-service,visits-service-6868c8596f-t5sfr,2026-07-29T16:00:24.536450+00:00,DEBUG,105b36ced975dd61,3a5183b7b1ba565e,nio-8080-exec-8,o.s.web.servlet.DispatcherServlet,Completed 200 OK
2026-07-29T16:00:29.395915+00:00,visits-service,visits-service-6868c8596f-t5sfr,2026-07-29T16:00:24.536447+00:00,DEBUG,105b36ced975dd61,3a5183b7b1ba565e,nio-8080-exec-8,o.s.web.servlet.DispatcherServlet,"GET ""/owners/1/pets/1/visits"", parameters={}"
2026-07-29T16:00:29.395915+00:00,visits-service,visits-service-6868c8596f-t5sfr,2026-07-29T16:00:24.285648+00:00,DEBUG,7499f3fe10477ebf,e06a946ba249d333,nio-8080-exec-5,o.s.web.servlet.DispatcherServlet,Completed 200 OK
2026-07-29T16:00:29.395915+00:00,visits-service,visits-service-6868c8596f-t5sfr,2026-07-29T16:00:24.034754+00:00,DEBUG,7499f3fe10477ebf,e06a946ba249d333,nio-8080-exec-5,o.s.web.servlet.DispatcherServlet,"GET ""/owners/1/pets/1/visits"", parameters={}"
2026-07-29T16:00:29.395915+00:00,visits-service,visits-service-6868c8596f-t5sfr,2026-07-29T16:00:22.781934+00:00,DEBUG,224781129fde09d8,9c585d67f07f9e87,nio-8080-exec-6,o.s.web.servlet.DispatcherServlet,Completed 200 OK
2026-07-29T16:00:29.395915+00:00,visits-service,visits-service-6868c8596f-t5sfr,2026-07-29T16:00:22.781930+00:00,DEBUG,224781129fde09d8,9c585d67f07f9e87,nio-8080-exec-6,o.s.web.servlet.DispatcherServlet,"GET ""/owners/1/pets/1/visits"", parameters={}"
2026-07-29T16:00:29.395915+00:00,visits-service,visits-service-6868c8596f-t5sfr,2026-07-29T16:00:22.531042+00:00,DEBUG,15799aaadd2204d8,09e6ab7dd6118dfb,io-8080-exec-10,o.s.web.servlet.DispatcherServlet,Completed 200 OK
2026-07-29T16:00:29.395915+00:00,visits-service,visits-service-6868c8596f-t5sfr,2026-07-29T16:00:22.531037+00:00,DEBUG,15799aaadd2204d8,09e6ab7dd6118dfb,io-8080-exec-10,o.s.web.servlet.DispatcherServlet,"GET ""/owners/1/pets/1/visits"", parameters={}"
2026-07-29T16:00:29.395915+00:00,visits-service,visits-service-6868c8596f-t5sfr,2026-07-29T16:00:21.527495+00:00,DEBUG,7b2cc5424623f7db,934c3284193f226b,nio-8080-exec-1,o.s.web.servlet.DispatcherServlet,Completed 200 OK
2026-07-29T16:00:29.395915+00:00,visits-service,visits-service-6868c8596f-t5sfr,2026-07-29T16:00:21.276240+00:00,DEBUG,7b2cc5424623f7db,934c3284193f226b,nio-8080-exec-1,o.s.web.servlet.DispatcherServlet,"GET ""/owners/1/pets/1/visits"", parameters={}"
2026-07-29T16:00:29.395915+00:00,visits-service,visits-service-6868c8596f-t5sfr,2026-07-29T16:00:19.270710+00:00,DEBUG,44e3631267b1baf8,d7ed5e4611f85fec,nio-8080-exec-9,o.s.web.servlet.DispatcherServlet,Completed 200 OK
2026-07-29T16:00:29.395915+00:00,visits-service,visits-service-6868c8596f-t5sfr,2026-07-29T16:00:19.270706+00:00,DEBUG,44e3631267b1baf8,d7ed5e4611f85fec,nio-8080-exec-9,o.s.web.servlet.DispatcherServlet,"GET ""/owners/1/pets/1/visits"", parameters={}"
2026-07-29T16:00:29.395915+00:00,visits-service,visits-service-6868c8596f-t5sfr,2026-07-29T16:00:18.016931+00:00,DEBUG,584c117b5f866674,4665be0c70b5b2f4,nio-8080-exec-2,o.s.web.servlet.DispatcherServlet,Completed 200 OK
2026-07-29T16:00:29.395915+00:00,visits-service,visits-service-6868c8596f-t5sfr,2026-07-29T16:00:18.016927+00:00,DEBUG,584c117b5f866674,4665be0c70b5b2f4,nio-8080-exec-2,o.s.web.servlet.DispatcherServlet,"GET ""/owners/1/pets/1/visits"", parameters={}"
2026-07-29T16:00:29.395915+00:00,visits-service,visits-service-6868c8596f-t5sfr,2026-07-29T16:00:17.766631+00:00,DEBUG,36140ca6566fc01b,a0a15b3496501b3f,nio-8080-exec-3,o.s.web.servlet.DispatcherServlet,Completed 200 OK
2026-07-29T16:00:29.395915+00:00,visits-service,visits-service-6868c8596f-t5sfr,2026-07-29T16:00:17.516467+00:00,DEBUG,36140ca6566fc01b,a0a15b3496501b3f,nio-8080-exec-3,o.s.web.servlet.DispatcherServlet,"GET ""/owners/1/pets/1/visits"", parameters={}"
2026-07-29T16:00:29.395915+00:00,visits-service,visits-service-6868c8596f-t5sfr,2026-07-29T16:00:17.015182+00:00,DEBUG,b94383f6f9c58d53,6e20639d246117b7,nio-8080-exec-7,o.s.web.servlet.DispatcherServlet,Completed 200 OK
2026-07-29T16:00:29.395915+00:00,visits-service,visits-service-6868c8596f-t5sfr,2026-07-29T16:00:17.015178+00:00,DEBUG,b94383f6f9c58d53,6e20639d246117b7,nio-8080-exec-7,o.s.web.servlet.DispatcherServlet,"GET ""/owners/1/pets/1/visits"", parameters={}"
2026-07-29T16:00:29.395915+00:00,visits-service,visits-service-6868c8596f-t5sfr,2026-07-29T16:00:16.513037+00:00,DEBUG,4ed63516f4eb5660,6612c59a645a021a,nio-8080-exec-4,o.s.web.servlet.DispatcherServlet,Completed 200 OK
2026-07-29T16:00:29.395915+00:00,visits-service,visits-service-6868c8596f-t5sfr,2026-07-29T16:00:16.513032+00:00,DEBUG,4ed63516f4eb5660,6612c59a645a021a,nio-8080-exec-4,o.s.web.servlet.DispatcherServlet,"GET ""/owners/1/pets/1/visits"", parameters={}"
2026-07-29T16:00:29.395915+00:00,visits-service,visits-service-6868c8596f-t5sfr,2026-07-29T16:00:16.262822+00:00,DEBUG,e34930012291c4e3,25ee8619baca8e46,nio-8080-exec-8,o.s.web.servlet.DispatcherServlet,Completed 200 OK
2026-07-29T16:00:29.395915+00:00,visits-service,visits-service-6868c8596f-t5sfr,2026-07-29T16:00:16.262818+00:00,DEBUG,e34930012291c4e3,25ee8619baca8e46,nio-8080-exec-8,o.s.web.servlet.DispatcherServlet,"GET ""/owners/1/pets/1/visits"", parameters={}"
2026-07-29T16:00:29.395915+00:00,visits-service,visits-service-6868c8596f-t5sfr,2026-07-29T16:00:16.012561+00:00,DEBUG,af28e8450e2be661,5911eb5c3b1a0033,nio-8080-exec-5,o.s.web.servlet.DispatcherServlet,Completed 200 OK
2026-07-29T16:00:29.395915+00:00,visits-service,visits-service-6868c8596f-t5sfr,2026-07-29T16:00:16.012516+00:00,DEBUG,af28e8450e2be661,5911eb5c3b1a0033,nio-8080-exec-5,o.s.web.servlet.DispatcherServlet,"GET ""/owners/1/pets/1/visits"", parameters={}"
2026-07-29T16:00:29.395915+00:00,visits-service,visits-service-6868c8596f-t5sfr,2026-07-29T16:00:15.761279+00:00,DEBUG,2d6ddb7778907167,2d6ddb7778907167,nio-8080-exec-6,o.s.web.servlet.DispatcherServlet,Completed 200 OK
2026-07-29T16:00:29.395915+00:00,visits-service,visits-service-6868c8596f-t5sfr,2026-07-29T16:00:15.510315+00:00,DEBUG,4629db25f457c9b0,f94b610945641351,io-8080-exec-10,o.s.web.servlet.DispatcherServlet,Completed 200 OK
2026-07-29T16:00:29.395915+00:00,visits-service,visits-service-6868c8596f-t5sfr,2026-07-29T16:00:15.510311+00:00,DEBUG,4629db25f457c9b0,f94b610945641351,io-8080-exec-10,o.s.web.servlet.DispatcherServlet,"GET ""/owners/1/pets/1/visits"", parameters={}"
2026-07-29T16:00:29.395915+00:00,visits-service,visits-service-6868c8596f-t5sfr,2026-07-29T16:00:15.009004+00:00,DEBUG,ceacd72b49d6c600,1c5017945e68e404,nio-8080-exec-1,o.s.web.servlet.DispatcherServlet,Completed 200 OK
2026-07-29T16:00:29.395915+00:00,visits-service,visits-service-6868c8596f-t5sfr,2026-07-29T16:00:15.009001+00:00,DEBUG,ceacd72b49d6c600,1c5017945e68e404,nio-8080-exec-1,o.s.web.servlet.DispatcherServlet,"GET ""/owners/1/pets/1/visits"", parameters={}"
2026-07-29T16:00:29.395915+00:00,visits-service,visits-service-6868c8596f-t5sfr,2026-07-29T16:00:14.006769+00:00,DEBUG,917caa9e83ae08a6,75c4d9ed1356f773,nio-8080-exec-9,o.s.web.servlet.DispatcherServlet,Completed 200 OK
2026-07-29T16:00:29.395915+00:00,visits-service,visits-service-6868c8596f-t5sfr,2026-07-29T16:00:14.006765+00:00,DEBUG,917caa9e83ae08a6,75c4d9ed1356f773,nio-8080-exec-9,o.s.web.servlet.DispatcherServlet,"GET ""/owners/1/pets/1/visits"", parameters={}"
2026-07-29T16:00:29.395915+00:00,visits-service,visits-service-6868c8596f-t5sfr,2026-07-29T16:00:13.756033+00:00,DEBUG,fe51f2a28f9ed203,85ccd78feec7dad0,nio-8080-exec-2,o.s.web.servlet.DispatcherServlet,Completed 200 OK
2026-07-29T16:00:29.395915+00:00,visits-service,visits-service-6868c8596f-t5sfr,2026-07-29T16:00:13.756029+00:00,DEBUG,fe51f2a28f9ed203,85ccd78feec7dad0,nio-8080-exec-2,o.s.web.servlet.DispatcherServlet,"GET ""/owners/1/pets/1/visits"", parameters={}"
2026-07-29T16:00:29.395915+00:00,visits-service,visits-service-6868c8596f-t5sfr,2026-07-29T16:00:13.505805+00:00,DEBUG,eaca6ea7d7a12b89,8c636b493b4ee36d,nio-8080-exec-3,o.s.web.servlet.DispatcherServlet,Completed 200 OK
2026-07-29T16:00:29.395915+00:00,visits-service,visits-service-6868c8596f-t5sfr,2026-07-29T16:00:13.505794+00:00,DEBUG,eaca6ea7d7a12b89,8c636b493b4ee36d,nio-8080-exec-3,o.s.web.servlet.DispatcherServlet,"GET ""/owners/1/pets/1/visits"", parameters={}"
2026-07-29T16:00:29.395915+00:00,visits-service,visits-service-6868c8596f-t5sfr,2026-07-29T16:00:13.004800+00:00,DEBUG,c3f16cf02a94071e,c056e510a778ac60,nio-8080-exec-7,o.s.web.servlet.DispatcherServlet,Completed 200 OK
2026-07-29T16:00:29.395915+00:00,visits-service,visits-service-6868c8596f-t5sfr,2026-07-29T16:00:13.004795+00:00,DEBUG,c3f16cf02a94071e,c056e510a778ac60,nio-8080-exec-7,o.s.web.servlet.DispatcherServlet,"GET ""/owners/1/pets/1/visits"", parameters={}"
2026-07-29T16:00:29.395915+00:00,visits-service,visits-service-6868c8596f-t5sfr,2026-07-29T16:00:11.000677+00:00,DEBUG,212af9128497fbf1,4b1b1985cb621688,nio-8080-exec-4,o.s.web.servlet.DispatcherServlet,Completed 200 OK
2026-07-29T16:00:29.395915+00:00,visits-service,visits-service-6868c8596f-t5sfr,2026-07-29T16:00:11.000674+00:00,DEBUG,212af9128497fbf1,4b1b1985cb621688,nio-8080-exec-4,o.s.web.servlet.DispatcherServlet,"GET ""/owners/1/pets/1/visits"", parameters={}"
2026-07-29T16:00:29.395915+00:00,visits-service,visits-service-6868c8596f-t5sfr,2026-07-29T16:00:10.498565+00:00,DEBUG,f643a75fa636f7da,f643a75fa636f7da,nio-8080-exec-8,o.s.web.servlet.DispatcherServlet,Completed 200 OK
2026-07-29T16:00:29.395915+00:00,visits-service,visits-service-6868c8596f-t5sfr,2026-07-29T16:00:10.248215+00:00,DEBUG,3e2c079c91ba0104,9bebf5339e1fe424,nio-8080-exec-5,o.s.web.servlet.DispatcherServlet,Completed 200 OK
2026-07-29T16:00:29.395915+00:00,visits-service,visits-service-6868c8596f-t5sfr,2026-07-29T16:00:10.248211+00:00,DEBUG,3e2c079c91ba0104,9bebf5339e1fe424,nio-8080-exec-5,o.s.web.servlet.DispatcherServlet,"GET ""/owners/1/pets/1/visits"", parameters={}"
2026-07-29T16:00:29.395915+00:00,visits-service,visits-service-6868c8596f-t5sfr,2026-07-29T16:00:09.495196+00:00,DEBUG,1787bdf84061ce98,059eb4b0bcca4337,nio-8080-exec-6,o.s.web.servlet.DispatcherServlet,Completed 200 OK
2026-07-29T16:00:29.395915+00:00,visits-service,visits-service-6868c8596f-t5sfr,2026-07-29T16:00:09.495193+00:00,DEBUG,1787bdf84061ce98,059eb4b0bcca4337,nio-8080-exec-6,o.s.web.servlet.DispatcherServlet,"GET ""/owners/1/pets/1/visits"", parameters={}"
2026-07-29T16:00:29.395915+00:00,visits-service,visits-service-6868c8596f-t5sfr,2026-07-29T16:00:09.244006+00:00,DEBUG,eae60c97b44c102b,3e1a967ef3f129b5,io-8080-exec-10,o.s.web.servlet.DispatcherServlet,Completed 200 OK
2026-07-29T16:00:29.395915+00:00,visits-service,visits-service-6868c8596f-t5sfr,2026-07-29T16:00:09.243983+00:00,DEBUG,eae60c97b44c102b,3e1a967ef3f129b5,io-8080-exec-10,o.s.web.servlet.DispatcherServlet,"GET ""/owners/1/pets/1/visits"", parameters={}"
2026-07-29T16:00:29.395915+00:00,visits-service,visits-service-6868c8596f-t5sfr,2026-07-29T16:00:09.243978+00:00,DEBUG,fce2c905d9cf55b7,40c0c9544f3f7810,nio-8080-exec-1,o.s.web.servlet.DispatcherServlet,Completed 200 OK
2026-07-29T16:00:29.395915+00:00,visits-service,visits-service-6868c8596f-t5sfr,2026-07-29T16:00:08.992988+00:00,DEBUG,fce2c905d9cf55b7,40c0c9544f3f7810,nio-8080-exec-1,o.s.web.servlet.DispatcherServlet,"GET ""/owners/1/pets/1/visits"", parameters={}"
2026-07-29T16:00:29.395915+00:00,visits-service,visits-service-6868c8596f-t5sfr,2026-07-29T16:00:08.240023+00:00,DEBUG,ecfe4b2ba92c65ca,0a10ff49d5a63b0d,nio-8080-exec-9,o.s.web.servlet.DispatcherServlet,Completed 200 OK
2026-07-29T16:00:29.395915+00:00,visits-service,visits-service-6868c8596f-t5sfr,2026-07-29T16:00:07.990018+00:00,DEBUG,ecfe4b2ba92c65ca,0a10ff49d5a63b0d,nio-8080-exec-9,o.s.web.servlet.DispatcherServlet,"GET ""/owners/1/pets/1/visits"", parameters={}"
2026-07-29T16:00:29.395915+00:00,visits-service,visits-service-6868c8596f-t5sfr,2026-07-29T16:00:07.990008+00:00,DEBUG,4aa94b1c8aa5bf37,5c05ae56e6d2e2af,nio-8080-exec-2,o.s.web.servlet.DispatcherServlet,Completed 200 OK
2026-07-29T16:00:29.395915+00:00,visits-service,visits-service-6868c8596f-t5sfr,2026-07-29T16:00:07.990006+00:00,DEBUG,4aa94b1c8aa5bf37,5c05ae56e6d2e2af,nio-8080-exec-2,o.s.web.servlet.DispatcherServlet,"GET ""/owners/1/pets/1/visits"", parameters={}"
2026-07-29T16:00:29.395915+00:00,visits-service,visits-service-6868c8596f-t5sfr,2026-07-29T16:00:07.237984+00:00,DEBUG,8e2e9aa65c808606,d681e1b90def361d,nio-8080-exec-3,o.s.web.servlet.DispatcherServlet,Completed 200 OK
2026-07-29T16:00:29.395915+00:00,visits-service,visits-service-6868c8596f-t5sfr,2026-07-29T16:00:06.987555+00:00,DEBUG,8e2e9aa65c808606,d681e1b90def361d,nio-8080-exec-3,o.s.web.servlet.DispatcherServlet,"GET ""/owners/1/pets/1/visits"", parameters={}"
2026-07-29T16:00:29.395915+00:00,visits-service,visits-service-6868c8596f-t5sfr,2026-07-29T16:00:06.737279+00:00,DEBUG,d8d3418a91dddaf9,d8d3418a91dddaf9,nio-8080-exec-7,o.s.web.servlet.DispatcherServlet,Completed 200 OK
2026-07-29T16:00:29.395915+00:00,visits-service,visits-service-6868c8596f-t5sfr,2026-07-29T16:00:06.486336+00:00,DEBUG,a497df754f962fb8,050a7d59108e0a00,nio-8080-exec-4,o.s.web.servlet.DispatcherServlet,Completed 200 OK
2026-07-29T16:00:29.395915+00:00,visits-service,visits-service-6868c8596f-t5sfr,2026-07-29T16:00:06.486331+00:00,DEBUG,a497df754f962fb8,050a7d59108e0a00,nio-8080-exec-4,o.s.web.servlet.DispatcherServlet,"GET ""/owners/1/pets/1/visits"", parameters={}"
2026-07-29T16:00:29.395915+00:00,visits-service,visits-service-6868c8596f-t5sfr,2026-07-29T16:00:03.478474+00:00,DEBUG,16228ca014e5609d,fd24e90d6ec2f5ce,nio-8080-exec-8,o.s.web.servlet.DispatcherServlet,Completed 200 OK
2026-07-29T16:00:29.395915+00:00,visits-service,visits-service-6868c8596f-t5sfr,2026-07-29T16:00:03.478422+00:00,DEBUG,16228ca014e5609d,fd24e90d6ec2f5ce,nio-8080-exec-8,o.s.web.servlet.DispatcherServlet,"GET ""/owners/1/pets/1/visits"", parameters={}"
2026-07-29T16:00:29.395915+00:00,visits-service,visits-service-6868c8596f-t5sfr,2026-07-29T16:00:02.475434+00:00,DEBUG,7486e8584ebf2e25,a31c0fc26e8e11bb,nio-8080-exec-5,o.s.web.servlet.DispatcherServlet,Completed 200 OK
2026-07-29T16:00:29.395915+00:00,visits-service,visits-service-6868c8596f-t5sfr,2026-07-29T16:00:02.475429+00:00,DEBUG,7486e8584ebf2e25,a31c0fc26e8e11bb,nio-8080-exec-5,o.s.web.servlet.DispatcherServlet,"GET ""/owners/1/pets/1/visits"", parameters={}"
2026-07-29T16:00:29.395915+00:00,visits-service,visits-service-6868c8596f-t5sfr,2026-07-29T16:00:01.723348+00:00,DEBUG,cacc8baaf9073502,7fa690f98f8c1c2e,nio-8080-exec-6,o.s.web.servlet.DispatcherServlet,Completed 200 OK
2026-07-29T16:00:29.395915+00:00,visits-service,visits-service-6868c8596f-t5sfr,2026-07-29T16:00:01.723344+00:00,DEBUG,cacc8baaf9073502,7fa690f98f8c1c2e,nio-8080-exec-6,o.s.web.servlet.DispatcherServlet,"GET ""/owners/1/pets/1/visits"", parameters={}"
2026-07-29T16:00:29.395915+00:00,visits-service,visits-service-6868c8596f-t5sfr,2026-07-29T16:00:01.471984+00:00,DEBUG,e78cf50f30a22cad,0f51a56479e38351,io-8080-exec-10,o.s.web.servlet.DispatcherServlet,Completed 200 OK
2026-07-29T16:00:29.395915+00:00,visits-service,visits-service-6868c8596f-t5sfr,2026-07-29T16:00:01.471980+00:00,DEBUG,e78cf50f30a22cad,0f51a56479e38351,io-8080-exec-10,o.s.web.servlet.DispatcherServlet,"GET ""/owners/1/pets/1/visits"", parameters={}"
2026-07-29T16:00:29.395915+00:00,visits-service,visits-service-6868c8596f-t5sfr,2026-07-29T16:00:00.971613+00:00,DEBUG,4d4f628c36c56f98,3c772886730b0614,nio-8080-exec-1,o.s.web.servlet.DispatcherServlet,Completed 200 OK
2026-07-29T16:00:29.395915+00:00,visits-service,visits-service-6868c8596f-t5sfr,2026-07-29T16:00:00.971609+00:00,DEBUG,4d4f628c36c56f98,3c772886730b0614,nio-8080-exec-1,o.s.web.servlet.DispatcherServlet,"GET ""/owners/1/pets/1/visits"", parameters={}"
2026-07-29T16:00:29.395915+00:00,visits-service,visits-service-6868c8596f-t5sfr,2026-07-29T16:00:00.721102+00:00,DEBUG,3a55402d8215e76e,3a55402d8215e76e,nio-8080-exec-9,o.s.web.servlet.DispatcherServlet,Completed 200 OK
2026-07-29T16:00:29.395915+00:00,visits-service,visits-service-6868c8596f-t5sfr,2026-07-29T15:59:58.213150+00:00,DEBUG,bd6d7818f53a485a,a6c60d9af79e7274,nio-8080-exec-2,o.s.web.servlet.DispatcherServlet,Completed 200 OK
2026-07-29T16:00:29.395915+00:00,visits-service,visits-service-6868c8596f-t5sfr,2026-07-29T15:59:58.213145+00:00,DEBUG,bd6d7818f53a485a,a6c60d9af79e7274,nio-8080-exec-2,o.s.web.servlet.DispatcherServlet,"GET ""/owners/1/pets/1/visits"", parameters={}"
2026-07-29T16:00:29.395915+00:00,visits-service,visits-service-6868c8596f-t5sfr,2026-07-29T15:59:57.961962+00:00,DEBUG,f21e597c68086acc,58dfd9b1e357a92e,nio-8080-exec-3,o.s.web.servlet.DispatcherServlet,Completed 200 OK
2026-07-29T16:00:29.395915+00:00,visits-service,visits-service-6868c8596f-t5sfr,2026-07-29T15:59:57.961907+00:00,DEBUG,f21e597c68086acc,58dfd9b1e357a92e,nio-8080-exec-3,o.s.web.servlet.DispatcherServlet,"GET ""/owners/1/pets/1/visits"", parameters={}"
2026-07-29T16:00:29.395915+00:00,visits-service,visits-service-6868c8596f-t5sfr,2026-07-29T15:59:57.210062+00:00,DEBUG,4a507d8192742328,e033609531c3d84d,nio-8080-exec-7,o.s.web.servlet.DispatcherServlet,Completed 200 OK
2026-07-29T16:00:29.395915+00:00,visits-service,visits-service-6868c8596f-t5sfr,2026-07-29T15:59:57.210058+00:00,DEBUG,4a507d8192742328,e033609531c3d84d,nio-8080-exec-7,o.s.web.servlet.DispatcherServlet,"GET ""/owners/1/pets/1/visits"", parameters={}"
2026-07-29T16:00:29.395915+00:00,visits-service,visits-service-6868c8596f-t5sfr,2026-07-29T15:59:56.708467+00:00,DEBUG,88293aae03226a04,03f3d885ed7fc82b,nio-8080-exec-4,o.s.web.servlet.DispatcherServlet,Completed 200 OK
2026-07-29T16:00:29.395915+00:00,visits-service,visits-service-6868c8596f-t5sfr,2026-07-29T15:59:56.708456+00:00,DEBUG,88293aae03226a04,03f3d885ed7fc82b,nio-8080-exec-4,o.s.web.servlet.DispatcherServlet,"GET ""/owners/1/pets/1/visits"", parameters={}"
2026-07-29T16:00:29.395915+00:00,visits-service,visits-service-6868c8596f-t5sfr,2026-07-29T15:59:56.206850+00:00,DEBUG,3fc7dcf5ae4a7dbe,7a110e57481f05d2,nio-8080-exec-8,o.s.web.servlet.DispatcherServlet,Completed 200 OK
2026-07-29T16:00:29.395915+00:00,visits-service,visits-service-6868c8596f-t5sfr,2026-07-29T15:59:56.206845+00:00,DEBUG,3fc7dcf5ae4a7dbe,7a110e57481f05d2,nio-8080-exec-8,o.s.web.servlet.DispatcherServlet,"GET ""/owners/1/pets/1/visits"", parameters={}"
2026-07-29T16:00:29.395915+00:00,visits-service,visits-service-6868c8596f-t5sfr,2026-07-29T15:59:55.704365+00:00,DEBUG,00b8d9fdded091ba,f1e3ac29447d1077,nio-8080-exec-5,o.s.web.servlet.DispatcherServlet,Completed 200 OK
2026-07-29T16:00:29.395915+00:00,visits-service,visits-service-6868c8596f-t5sfr,2026-07-29T15:59:55.704361+00:00,DEBUG,00b8d9fdded091ba,f1e3ac29447d1077,nio-8080-exec-5,o.s.web.servlet.DispatcherServlet,"GET ""/owners/1/pets/1/visits"", parameters={}"
2026-07-29T16:00:29.395915+00:00,visits-service,visits-service-6868c8596f-t5sfr,2026-07-29T15:59:55.453007+00:00,DEBUG,fb3f257728198086,fb3f257728198086,nio-8080-exec-6,o.s.web.servlet.DispatcherServlet,Completed 200 OK
2026-07-29T16:00:29.395915+00:00,visits-service,visits-service-6868c8596f-t5sfr,2026-07-29T15:59:55.202518+00:00,DEBUG,e48f732c1c0dc2a9,774d2d49c39ef77d,io-8080-exec-10,o.s.web.servlet.DispatcherServlet,Completed 200 OK
2026-07-29T16:00:29.395915+00:00,visits-service,visits-service-6868c8596f-t5sfr,2026-07-29T15:59:55.202515+00:00,DEBUG,e48f732c1c0dc2a9,774d2d49c39ef77d,io-8080-exec-10,o.s.web.servlet.DispatcherServlet,"GET ""/owners/1/pets/1/visits"", parameters={}"
2026-07-29T16:00:29.395915+00:00,visits-service,visits-service-6868c8596f-t5sfr,2026-07-29T15:59:54.700671+00:00,DEBUG,80036ef3989133fe,2ec0fec4713b5413,nio-8080-exec-1,o.s.web.servlet.DispatcherServlet,Completed 200 OK
2026-07-29T16:00:29.395915+00:00,visits-service,visits-service-6868c8596f-t5sfr,2026-07-29T15:59:54.700667+00:00,DEBUG,80036ef3989133fe,2ec0fec4713b5413,nio-8080-exec-1,o.s.web.servlet.DispatcherServlet,"GET ""/owners/1/pets/1/visits"", parameters={}"
2026-07-29T16:00:29.395915+00:00,visits-service,visits-service-6868c8596f-t5sfr,2026-07-29T15:59:53.696670+00:00,DEBUG,c635844396e55ec6,75ebc6c0eaa3c988,nio-8080-exec-9,o.s.web.servlet.DispatcherServlet,Completed 200 OK
2026-07-29T16:00:29.395915+00:00,visits-service,visits-service-6868c8596f-t5sfr,2026-07-29T15:59:53.696666+00:00,DEBUG,c635844396e55ec6,75ebc6c0eaa3c988,nio-8080-exec-9,o.s.web.servlet.DispatcherServlet,"GET ""/owners/1/pets/1/visits"", parameters={}"
2026-07-29T16:00:29.395915+00:00,visits-service,visits-service-6868c8596f-t5sfr,2026-07-29T15:59:52.944899+00:00,DEBUG,039373a5792da1ac,e3f0390653db8b17,nio-8080-exec-2,o.s.web.servlet.DispatcherServlet,Completed 200 OK
2026-07-29T16:00:29.395915+00:00,visits-service,visits-service-6868c8596f-t5sfr,2026-07-29T15:59:52.944894+00:00,DEBUG,039373a5792da1ac,e3f0390653db8b17,nio-8080-exec-2,o.s.web.servlet.DispatcherServlet,"GET ""/owners/1/pets/1/visits"", parameters={}"
2026-07-29T16:00:29.395915+00:00,visits-service,visits-service-6868c8596f-t5sfr,2026-07-29T15:59:51.189855+00:00,DEBUG,ac0e4d9e192f13d6,78184148838b4afd,nio-8080-exec-3,o.s.web.servlet.DispatcherServlet,Completed 200 OK
2026-07-29T16:00:29.395915+00:00,visits-service,visits-service-6868c8596f-t5sfr,2026-07-29T15:59:51.189851+00:00,DEBUG,ac0e4d9e192f13d6,78184148838b4afd,nio-8080-exec-3,o.s.web.servlet.DispatcherServlet,"GET ""/owners/1/pets/1/visits"", parameters={}"
2026-07-29T16:00:29.395915+00:00,visits-service,visits-service-6868c8596f-t5sfr,2026-07-29T15:59:49.435292+00:00,DEBUG,847a02a6afc389f8,8d8ff9229ca83ef6,nio-8080-exec-7,o.s.web.servlet.DispatcherServlet,Completed 200 OK
2026-07-29T16:00:29.395915+00:00,visits-service,visits-service-6868c8596f-t5sfr,2026-07-29T15:59:49.435287+00:00,DEBUG,847a02a6afc389f8,8d8ff9229ca83ef6,nio-8080-exec-7,o.s.web.servlet.DispatcherServlet,"GET ""/owners/1/pets/1/visits"", parameters={}"
2026-07-29T16:00:29.395915+00:00,visits-service,visits-service-6868c8596f-t5sfr,2026-07-29T15:59:48.682399+00:00,DEBUG,bbb8881261f51e06,582f1cce383764d5,nio-8080-exec-4,o.s.web.servlet.DispatcherServlet,Completed 200 OK
2026-07-29T16:00:29.395915+00:00,visits-service,visits-service-6868c8596f-t5sfr,2026-07-29T15:59:48.682395+00:00,DEBUG,bbb8881261f51e06,582f1cce383764d5,nio-8080-exec-4,o.s.web.servlet.DispatcherServlet,"GET ""/owners/1/pets/1/visits"", parameters={}"
2026-07-29T16:00:29.395915+00:00,visits-service,visits-service-6868c8596f-t5sfr,2026-07-29T15:59:47.679417+00:00,DEBUG,c7c7a7447e05fdba,22a008c399c2ca67,nio-8080-exec-8,o.s.web.servlet.DispatcherServlet,Completed 200 OK
2026-07-29T16:00:29.395915+00:00,visits-service,visits-service-6868c8596f-t5sfr,2026-07-29T15:59:47.429133+00:00,DEBUG,c7c7a7447e05fdba,22a008c399c2ca67,nio-8080-exec-8,o.s.web.servlet.DispatcherServlet,"GET ""/owners/1/pets/1/visits"", parameters={}"
2026-07-29T16:00:29.395915+00:00,visits-service,visits-service-6868c8596f-t5sfr,2026-07-29T15:59:47.429129+00:00,DEBUG,b8e9c05acd9d8959,2a4d4a0c1d88110a,nio-8080-exec-5,o.s.web.servlet.DispatcherServlet,Completed 200 OK
2026-07-29T16:00:29.395915+00:00,visits-service,visits-service-6868c8596f-t5sfr,2026-07-29T15:59:47.177874+00:00,DEBUG,b8e9c05acd9d8959,2a4d4a0c1d88110a,nio-8080-exec-5,o.s.web.servlet.DispatcherServlet,"GET ""/owners/1/pets/1/visits"", parameters={}"
2026-07-29T16:00:29.395915+00:00,visits-service,visits-service-6868c8596f-t5sfr,2026-07-29T15:59:47.177850+00:00,DEBUG,7b4969f6bfdae6d6,412f06ce46a38472,nio-8080-exec-6,o.s.web.servlet.DispatcherServlet,Completed 200 OK
2026-07-29T16:00:29.395915+00:00,visits-service,visits-service-6868c8596f-t5sfr,2026-07-29T15:59:47.177846+00:00,DEBUG,7b4969f6bfdae6d6,412f06ce46a38472,nio-8080-exec-6,o.s.web.servlet.DispatcherServlet,"GET ""/owners/1/pets/1/visits"", parameters={}"
2026-07-29T16:00:29.395915+00:00,visits-service,visits-service-6868c8596f-t5sfr,2026-07-29T15:59:46.927505+00:00,DEBUG,44ac945707656cc6,44ac945707656cc6,io-8080-exec-10,o.s.web.servlet.DispatcherServlet,Completed 200 OK
2026-07-29T16:00:29.395915+00:00,visits-service,visits-service-6868c8596f-t5sfr,2026-07-29T15:59:46.426267+00:00,DEBUG,52e685280d345de9,ee88ae7a50e5b543,nio-8080-exec-1,o.s.web.servlet.DispatcherServlet,Completed 200 OK
2026-07-29T16:00:29.395915+00:00,visits-service,visits-service-6868c8596f-t5sfr,2026-07-29T15:59:46.426263+00:00,DEBUG,52e685280d345de9,ee88ae7a50e5b543,nio-8080-exec-1,o.s.web.servlet.DispatcherServlet,"GET ""/owners/1/pets/1/visits"", parameters={}"
2026-07-29T16:00:29.395915+00:00,visits-service,visits-service-6868c8596f-t5sfr,2026-07-29T15:59:45.924903+00:00,DEBUG,20c9bab22c132863,c59358d699004302,nio-8080-exec-9,o.s.web.servlet.DispatcherServlet,Completed 200 OK
2026-07-29T16:00:29.395915+00:00,visits-service,visits-service-6868c8596f-t5sfr,2026-07-29T15:59:45.924899+00:00,DEBUG,20c9bab22c132863,c59358d699004302,nio-8080-exec-9,o.s.web.servlet.DispatcherServlet,"GET ""/owners/1/pets/1/visits"", parameters={}"
2026-07-29T16:00:29.395915+00:00,visits-service,visits-service-6868c8596f-t5sfr,2026-07-29T15:59:45.674459+00:00,DEBUG,a13c0d5f485799be,a13c0d5f485799be,nio-8080-exec-2,o.s.web.servlet.DispatcherServlet,Completed 200 OK
2026-07-29T16:00:29.395915+00:00,visits-service,visits-service-6868c8596f-t5sfr,2026-07-29T15:59:44.420450+00:00,DEBUG,a4f08f51315640e4,0d2b1c32eef0bddf,nio-8080-exec-3,o.s.web.servlet.DispatcherServlet,Completed 200 OK
2026-07-29T16:00:29.395915+00:00,visits-service,visits-service-6868c8596f-t5sfr,2026-07-29T15:59:44.420446+00:00,DEBUG,a4f08f51315640e4,0d2b1c32eef0bddf,nio-8080-exec-3,o.s.web.servlet.DispatcherServlet,"GET ""/owners/1/pets/1/visits"", parameters={}"
2026-07-29T16:00:29.395915+00:00,visits-service,visits-service-6868c8596f-t5sfr,2026-07-29T15:59:44.169200+00:00,DEBUG,0391446d81c94a78,edfc2024063d8b8d,nio-8080-exec-7,o.s.web.servlet.DispatcherServlet,Completed 200 OK
2026-07-29T16:00:29.395915+00:00,visits-service,visits-service-6868c8596f-t5sfr,2026-07-29T15:59:44.169195+00:00,DEBUG,0391446d81c94a78,edfc2024063d8b8d,nio-8080-exec-7,o.s.web.servlet.DispatcherServlet,"GET ""/owners/1/pets/1/visits"", parameters={}"
2026-07-29T16:00:29.395915+00:00,visits-service,visits-service-6868c8596f-t5sfr,2026-07-29T15:59:43.416610+00:00,DEBUG,48a3938bb5736a83,d3c7e06e353014d5,nio-8080-exec-4,o.s.web.servlet.DispatcherServlet,Completed 200 OK
2026-07-29T16:00:29.395915+00:00,visits-service,visits-service-6868c8596f-t5sfr,2026-07-29T15:59:43.416584+00:00,DEBUG,48a3938bb5736a83,d3c7e06e353014d5,nio-8080-exec-4,o.s.web.servlet.DispatcherServlet,"GET ""/owners/1/pets/1/visits"", parameters={}"
2026-07-29T16:00:29.395915+00:00,visits-service,visits-service-6868c8596f-t5sfr,2026-07-29T15:59:43.416579+00:00,DEBUG,b5183fd71f7304b2,0befc38157b05842,nio-8080-exec-8,o.s.web.servlet.DispatcherServlet,Completed 200 OK
2026-07-29T16:00:29.395915+00:00,visits-service,visits-service-6868c8596f-t5sfr,2026-07-29T15:59:43.166527+00:00,DEBUG,b5183fd71f7304b2,0befc38157b05842,nio-8080-exec-8,o.s.web.servlet.DispatcherServlet,"GET ""/owners/1/pets/1/visits"", parameters={}"
2026-07-29T16:00:29.395915+00:00,visits-service,visits-service-6868c8596f-t5sfr,2026-07-29T15:59:43.166428+00:00,DEBUG,3f8410dec9b36b26,fff20bc59ccf4fe2,nio-8080-exec-5,o.s.web.servlet.DispatcherServlet,Completed 200 OK
2026-07-29T16:00:29.395915+00:00,visits-service,visits-service-6868c8596f-t5sfr,2026-07-29T15:59:43.166400+00:00,DEBUG,74b6365dcfd2c40a,d6cfeb8eab28bcf5,nio-8080-exec-6,o.s.web.servlet.DispatcherServlet,Completed 200 OK
2026-07-29T16:00:29.395915+00:00,visits-service,visits-service-6868c8596f-t5sfr,2026-07-29T15:59:43.166396+00:00,DEBUG,3f8410dec9b36b26,fff20bc59ccf4fe2,nio-8080-exec-5,o.s.web.servlet.DispatcherServlet,"GET ""/owners/1/pets/1/visits"", parameters={}"
2026-07-29T16:00:29.395915+00:00,visits-service,visits-service-6868c8596f-t5sfr,2026-07-29T15:59:42.914953+00:00,DEBUG,74b6365dcfd2c40a,d6cfeb8eab28bcf5,nio-8080-exec-6,o.s.web.servlet.DispatcherServlet,"GET ""/owners/1/pets/1/visits"", parameters={}"
2026-07-29T16:00:29.395915+00:00,visits-service,visits-service-6868c8596f-t5sfr,2026-07-29T15:59:41.660814+00:00,DEBUG,237275edd73f7cfa,dbab1763b9f2f856,io-8080-exec-10,o.s.web.servlet.DispatcherServlet,Completed 200 OK
2026-07-29T16:00:29.395915+00:00,visits-service,visits-service-6868c8596f-t5sfr,2026-07-29T15:59:41.660810+00:00,DEBUG,237275edd73f7cfa,dbab1763b9f2f856,io-8080-exec-10,o.s.web.servlet.DispatcherServlet,"GET ""/owners/1/pets/1/visits"", parameters={}"
2026-07-29T16:00:29.395915+00:00,visits-service,visits-service-6868c8596f-t5sfr,2026-07-29T15:59:41.410629+00:00,DEBUG,9797f4e460773c57,4eb237b07b29c6e6,nio-8080-exec-1,o.s.web.servlet.DispatcherServlet,Completed 200 OK
2026-07-29T16:00:29.395915+00:00,visits-service,visits-service-6868c8596f-t5sfr,2026-07-29T15:59:41.159678+00:00,DEBUG,9797f4e460773c57,4eb237b07b29c6e6,nio-8080-exec-1,o.s.web.servlet.DispatcherServlet,"GET ""/owners/1/pets/1/visits"", parameters={}"
2026-07-29T16:00:29.395915+00:00,visits-service,visits-service-6868c8596f-t5sfr,2026-07-29T15:59:40.407138+00:00,DEBUG,1da0b47ab0f63d87,1da0b47ab0f63d87,nio-8080-exec-9,o.s.web.servlet.DispatcherServlet,Completed 200 OK
2026-07-29T16:00:29.395915+00:00,visits-service,visits-service-6868c8596f-t5sfr,2026-07-29T15:59:39.905537+00:00,DEBUG,bdd822c4af540a91,0a27a107d81eca04,nio-8080-exec-2,o.s.web.servlet.DispatcherServlet,Completed 200 OK
2026-07-29T16:00:29.395915+00:00,visits-service,visits-service-6868c8596f-t5sfr,2026-07-29T15:59:39.905534+00:00,DEBUG,bdd822c4af540a91,0a27a107d81eca04,nio-8080-exec-2,o.s.web.servlet.DispatcherServlet,"GET ""/owners/1/pets/1/visits"", parameters={}"
2026-07-29T16:00:29.395915+00:00,visits-service,visits-service-6868c8596f-t5sfr,2026-07-29T15:59:39.654315+00:00,DEBUG,fde27fbcb8296401,23c41212c6471afe,nio-8080-exec-3,o.s.web.servlet.DispatcherServlet,Completed 200 OK
2026-07-29T16:00:29.395915+00:00,visits-service,visits-service-6868c8596f-t5sfr,2026-07-29T15:59:39.654311+00:00,DEBUG,fde27fbcb8296401,23c41212c6471afe,nio-8080-exec-3,o.s.web.servlet.DispatcherServlet,"GET ""/owners/1/pets/1/visits"", parameters={}"
2026-07-29T16:00:29.395915+00:00,visits-service,visits-service-6868c8596f-t5sfr,2026-07-29T15:59:39.403066+00:00,DEBUG,f22043db50a55ef7,cf391a0519702802,nio-8080-exec-7,o.s.web.servlet.DispatcherServlet,Completed 200 OK
2026-07-29T16:00:29.395915+00:00,visits-service,visits-service-6868c8596f-t5sfr,2026-07-29T15:59:39.403062+00:00,DEBUG,f22043db50a55ef7,cf391a0519702802,nio-8080-exec-7,o.s.web.servlet.DispatcherServlet,"GET ""/owners/1/pets/1/visits"", parameters={}"
2026-07-29T16:00:29.395915+00:00,visits-service,visits-service-6868c8596f-t5sfr,2026-07-29T15:59:39.153041+00:00,DEBUG,51dde2c8183147aa,8d35a3a92a5becff,nio-8080-exec-4,o.s.web.servlet.DispatcherServlet,Completed 200 OK
2026-07-29T16:00:29.395915+00:00,visits-service,visits-service-6868c8596f-t5sfr,2026-07-29T15:59:39.153037+00:00,DEBUG,51dde2c8183147aa,8d35a3a92a5becff,nio-8080-exec-4,o.s.web.servlet.DispatcherServlet,"GET ""/owners/1/pets/1/visits"", parameters={}"
2026-07-29T16:00:29.395915+00:00,visits-service,visits-service-6868c8596f-t5sfr,2026-07-29T15:59:38.400899+00:00,DEBUG,641cb291ade66b5a,014958eb241b1b5b,nio-8080-exec-8,o.s.web.servlet.DispatcherServlet,Completed 200 OK
2026-07-29T16:00:29.395915+00:00,visits-service,visits-service-6868c8596f-t5sfr,2026-07-29T15:59:38.400897+00:00,DEBUG,641cb291ade66b5a,014958eb241b1b5b,nio-8080-exec-8,o.s.web.servlet.DispatcherServlet,"GET ""/owners/1/pets/1/visits"", parameters={}"
2026-07-29T16:00:29.395915+00:00,visits-service,visits-service-6868c8596f-t5sfr,2026-07-29T15:59:35.892381+00:00,DEBUG,7cb88553e33fc006,673ec3a7fa689984,nio-8080-exec-5,o.s.web.servlet.DispatcherServlet,Completed 200 OK
2026-07-29T16:00:29.395915+00:00,visits-service,visits-service-6868c8596f-t5sfr,2026-07-29T15:59:35.892377+00:00,DEBUG,7cb88553e33fc006,673ec3a7fa689984,nio-8080-exec-5,o.s.web.servlet.DispatcherServlet,"GET ""/owners/1/pets/1/visits"", parameters={}"
2026-07-29T16:00:29.395915+00:00,visits-service,visits-service-6868c8596f-t5sfr,2026-07-29T15:59:34.386596+00:00,DEBUG,bbf0fa5ed65687ff,f6265b9950d56168,nio-8080-exec-6,o.s.web.servlet.DispatcherServlet,Completed 200 OK
2026-07-29T16:00:29.395915+00:00,visits-service,visits-service-6868c8596f-t5sfr,2026-07-29T15:59:34.386591+00:00,DEBUG,bbf0fa5ed65687ff,f6265b9950d56168,nio-8080-exec-6,o.s.web.servlet.DispatcherServlet,"GET ""/owners/1/pets/1/visits"", parameters={}"
2026-07-29T16:00:29.395915+00:00,visits-service,visits-service-6868c8596f-t5sfr,2026-07-29T15:59:33.885184+00:00,DEBUG,3abe45c29ae63feb,7b6037883db2ffd9,io-8080-exec-10,o.s.web.servlet.DispatcherServlet,Completed 200 OK
2026-07-29T16:00:29.395915+00:00,visits-service,visits-service-6868c8596f-t5sfr,2026-07-29T15:59:33.885180+00:00,DEBUG,3abe45c29ae63feb,7b6037883db2ffd9,io-8080-exec-10,o.s.web.servlet.DispatcherServlet,"GET ""/owners/1/pets/1/visits"", parameters={}"
2026-07-29T16:00:29.395915+00:00,visits-service,visits-service-6868c8596f-t5sfr,2026-07-29T15:59:33.634056+00:00,DEBUG,e3510dae195dca05,7e47ca93c92a49c9,nio-8080-exec-1,o.s.web.servlet.DispatcherServlet,Completed 200 OK
2026-07-29T16:00:29.395915+00:00,visits-service,visits-service-6868c8596f-t5sfr,2026-07-29T15:59:33.634052+00:00,DEBUG,e3510dae195dca05,7e47ca93c92a49c9,nio-8080-exec-1,o.s.web.servlet.DispatcherServlet,"GET ""/owners/1/pets/1/visits"", parameters={}"
2026-07-29T16:00:29.395915+00:00,visits-service,visits-service-6868c8596f-t5sfr,2026-07-29T15:59:33.383844+00:00,DEBUG,b0a3edbe3c5b9408,477a186379c50d42,nio-8080-exec-9,o.s.web.servlet.DispatcherServlet,Completed 200 OK
2026-07-29T16:00:29.395915+00:00,visits-service,visits-service-6868c8596f-t5sfr,2026-07-29T15:59:33.383838+00:00,DEBUG,b0a3edbe3c5b9408,477a186379c50d42,nio-8080-exec-9,o.s.web.servlet.DispatcherServlet,"GET ""/owners/1/pets/1/visits"", parameters={}"
2026-07-29T16:00:29.395915+00:00,visits-service,visits-service-6868c8596f-t5sfr,2026-07-29T15:59:32.380843+00:00,DEBUG,31590ed409ac53db,294c0abb79de9acf,nio-8080-exec-2,o.s.web.servlet.DispatcherServlet,Completed 200 OK
2026-07-29T16:00:29.395915+00:00,visits-service,visits-service-6868c8596f-t5sfr,2026-07-29T15:59:32.380839+00:00,DEBUG,31590ed409ac53db,294c0abb79de9acf,nio-8080-exec-2,o.s.web.servlet.DispatcherServlet,"GET ""/owners/1/pets/1/visits"", parameters={}"
2026-07-29T16:00:29.395915+00:00,visits-service,visits-service-6868c8596f-t5sfr,2026-07-29T15:59:30.624792+00:00,DEBUG,3509eda18248f63a,3509eda18248f63a,nio-8080-exec-3,o.s.web.servlet.DispatcherServlet,Completed 200 OK
2026-07-29T16:00:29.395915+00:00,visits-service,visits-service-6868c8596f-t5sfr,2026-07-29T15:59:30.373624+00:00,DEBUG,43a7f57b64df2060,5cc842f81dbd12fb,nio-8080-exec-7,o.s.web.servlet.DispatcherServlet,Completed 200 OK
2026-07-29T16:00:29.395915+00:00,visits-service,visits-service-6868c8596f-t5sfr,2026-07-29T15:59:30.373596+00:00,DEBUG,43a7f57b64df2060,5cc842f81dbd12fb,nio-8080-exec-7,o.s.web.servlet.DispatcherServlet,"GET ""/owners/1/pets/1/visits"", parameters={}"
2026-07-29T16:00:29.395915+00:00,visits-service,visits-service-6868c8596f-t5sfr,2026-07-29T15:59:30.373571+00:00,DEBUG,571c305b4ee99fcd,5bc4ed5815171762,nio-8080-exec-4,o.s.web.servlet.DispatcherServlet,Completed 200 OK
2026-07-29T16:00:29.395915+00:00,visits-service,visits-service-6868c8596f-t5sfr,2026-07-29T15:59:30.373567+00:00,DEBUG,571c305b4ee99fcd,5bc4ed5815171762,nio-8080-exec-4,o.s.web.servlet.DispatcherServlet,"GET ""/owners/1/pets/1/visits"", parameters={}"
2026-07-29T16:00:29.395915+00:00,visits-service,visits-service-6868c8596f-t5sfr,2026-07-29T15:59:29.620968+00:00,DEBUG,b467d209ae021358,ddc64099cfe0e69b,nio-8080-exec-8,o.s.web.servlet.DispatcherServlet,Completed 200 OK
2026-07-29T16:00:29.395915+00:00,visits-service,visits-service-6868c8596f-t5sfr,2026-07-29T15:59:29.620964+00:00,DEBUG,b467d209ae021358,ddc64099cfe0e69b,nio-8080-exec-8,o.s.web.servlet.DispatcherServlet,"GET ""/owners/1/pets/1/visits"", parameters={}"
2026-07-29T16:00:29.395915+00:00,visits-service,visits-service-6868c8596f-t5sfr,2026-07-29T15:59:29.370714+00:00,DEBUG,4559028034467519,b71f2d3ff47d50cf,nio-8080-exec-5,o.s.web.servlet.DispatcherServlet,Completed 200 OK
2026-07-29T16:00:29.395915+00:00,visits-service,visits-service-6868c8596f-t5sfr,2026-07-29T15:59:29.370712+00:00,DEBUG,4559028034467519,b71f2d3ff47d50cf,nio-8080-exec-5,o.s.web.servlet.DispatcherServlet,"GET ""/owners/1/pets/1/visits"", parameters={}"
2026-07-29T16:00:29.395915+00:00,visits-service,visits-service-6868c8596f-t5sfr,2026-07-29T15:59:28.868912+00:00,DEBUG,05ddea21197f03ae,b9310927679fd248,nio-8080-exec-6,o.s.web.servlet.DispatcherServlet,Completed 200 OK
2026-07-29T16:00:29.395915+00:00,visits-service,visits-service-6868c8596f-t5sfr,2026-07-29T15:59:28.868908+00:00,DEBUG,05ddea21197f03ae,b9310927679fd248,nio-8080-exec-6,o.s.web.servlet.DispatcherServlet,"GET ""/owners/1/pets/1/visits"", parameters={}"
2026-07-29T16:00:29.395915+00:00,visits-service,visits-service-6868c8596f-t5sfr,2026-07-29T15:59:27.864904+00:00,DEBUG,264cd87de561e48c,5520aa841ad75f38,io-8080-exec-10,o.s.web.servlet.DispatcherServlet,Completed 200 OK
2026-07-29T16:00:29.395915+00:00,visits-service,visits-service-6868c8596f-t5sfr,2026-07-29T15:59:27.864902+00:00,DEBUG,264cd87de561e48c,5520aa841ad75f38,io-8080-exec-10,o.s.web.servlet.DispatcherServlet,"GET ""/owners/1/pets/1/visits"", parameters={}"
2026-07-29T16:00:29.395915+00:00,visits-service,visits-service-6868c8596f-t5sfr,2026-07-29T15:59:27.111489+00:00,DEBUG,f4a3efd17544f56d,03ac917d0871cb47,nio-8080-exec-1,o.s.web.servlet.DispatcherServlet,Completed 200 OK
2026-07-29T16:00:29.395915+00:00,visits-service,visits-service-6868c8596f-t5sfr,2026-07-29T15:59:27.111485+00:00,DEBUG,f4a3efd17544f56d,03ac917d0871cb47,nio-8080-exec-1,o.s.web.servlet.DispatcherServlet,"GET ""/owners/1/pets/1/visits"", parameters={}"
2026-07-29T16:00:29.395915+00:00,visits-service,visits-service-6868c8596f-t5sfr,2026-07-29T15:59:26.861368+00:00,DEBUG,a65a732c907e8d59,7d2f4d24f8ce552a,nio-8080-exec-9,o.s.web.servlet.DispatcherServlet,Completed 200 OK
2026-07-29T16:00:29.395915+00:00,visits-service,visits-service-6868c8596f-t5sfr,2026-07-29T15:59:26.861348+00:00,DEBUG,e785801256fe8370,e785801256fe8370,nio-8080-exec-2,o.s.web.servlet.DispatcherServlet,Completed 200 OK
2026-07-29T16:00:29.395915+00:00,visits-service,visits-service-6868c8596f-t5sfr,2026-07-29T15:59:26.861275+00:00,DEBUG,a65a732c907e8d59,7d2f4d24f8ce552a,nio-8080-exec-9,o.s.web.servlet.DispatcherServlet,"GET ""/owners/1/pets/1/visits"", parameters={}"
2026-07-29T16:00:29.395915+00:00,visits-service,visits-service-6868c8596f-t5sfr,2026-07-29T15:59:26.360807+00:00,DEBUG,523ea6927757e1b2,0dfc37bb97020174,nio-8080-exec-3,o.s.web.servlet.DispatcherServlet,Completed 200 OK
2026-07-29T16:00:29.395915+00:00,visits-service,visits-service-6868c8596f-t5sfr,2026-07-29T15:59:26.360792+00:00,DEBUG,523ea6927757e1b2,0dfc37bb97020174,nio-8080-exec-3,o.s.web.servlet.DispatcherServlet,"GET ""/owners/1/pets/1/visits"", parameters={}"
2026-07-29T16:00:29.395915+00:00,visits-service,visits-service-6868c8596f-t5sfr,2026-07-29T15:59:26.360790+00:00,DEBUG,02939afdfd1a19b9,47b28d860354a06e,nio-8080-exec-7,o.s.web.servlet.DispatcherServlet,Completed 200 OK
2026-07-29T16:00:29.395915+00:00,visits-service,visits-service-6868c8596f-t5sfr,2026-07-29T15:59:26.110627+00:00,DEBUG,02939afdfd1a19b9,47b28d860354a06e,nio-8080-exec-7,o.s.web.servlet.DispatcherServlet,"GET ""/owners/1/pets/1/visits"", parameters={}"
2026-07-29T16:00:29.395915+00:00,visits-service,visits-service-6868c8596f-t5sfr,2026-07-29T15:59:25.357852+00:00,DEBUG,f4ae737542121e3f,f4ae737542121e3f,nio-8080-exec-4,o.s.web.servlet.DispatcherServlet,Completed 200 OK
2026-07-29T16:00:29.395915+00:00,visits-service,visits-service-6868c8596f-t5sfr,2026-07-29T15:59:25.107805+00:00,DEBUG,995d1115fb99f51f,09f08622c2a07a9f,nio-8080-exec-8,o.s.web.servlet.DispatcherServlet,Completed 200 OK
2026-07-29T16:00:29.395915+00:00,visits-service,visits-service-6868c8596f-t5sfr,2026-07-29T15:59:24.856693+00:00,DEBUG,995d1115fb99f51f,09f08622c2a07a9f,nio-8080-exec-8,o.s.web.servlet.DispatcherServlet,"GET ""/owners/1/pets/1/visits"", parameters={}"
2026-07-29T16:00:29.395915+00:00,visits-service,visits-service-6868c8596f-9q28w,2026-07-29T16:00:20.408681+00:00,DEBUG,fbf5b1d19f6d66e1,fbf5b1d19f6d66e1,io-8080-exec-10,o.s.web.servlet.DispatcherServlet,Completed 200 OK
2026-07-29T16:00:29.395915+00:00,visits-service,visits-service-6868c8596f-9q28w,2026-07-29T16:00:16.647326+00:00,DEBUG,bab20b392f566daf,bab20b392f566daf,nio-8080-exec-9,o.s.web.servlet.DispatcherServlet,Completed 200 OK
2026-07-29T16:00:29.395915+00:00,visits-service,visits-service-6868c8596f-9q28w,2026-07-29T16:00:15.895062+00:00,DEBUG,ee168d612d31026d,ee168d612d31026d,nio-8080-exec-6,o.s.web.servlet.DispatcherServlet,Completed 200 OK
2026-07-29T16:00:29.395915+00:00,visits-service,visits-service-6868c8596f-9q28w,2026-07-29T16:00:05.361414+00:00,DEBUG,a4150d66a0ac9666,a4150d66a0ac9666,nio-8080-exec-4,o.s.web.servlet.DispatcherServlet,Completed 200 OK
2026-07-29T16:00:29.395915+00:00,visits-service,visits-service-6868c8596f-9q28w,2026-07-29T16:00:01.601608+00:00,DEBUG,a263367db431c249,a263367db431c249,nio-8080-exec-7,o.s.web.servlet.DispatcherServlet,Completed 200 OK
2026-07-29T16:00:29.395915+00:00,visits-service,visits-service-6868c8596f-9q28w,2026-07-29T15:59:55.832809+00:00,DEBUG,ef1f04996ab4c145,ef1f04996ab4c145,nio-8080-exec-3,o.s.web.servlet.DispatcherServlet,Completed 200 OK
2026-07-29T16:00:29.395915+00:00,visits-service,visits-service-6868c8596f-9q28w,2026-07-29T15:59:50.314364+00:00,DEBUG,c255a6b72b489413,c255a6b72b489413,nio-8080-exec-2,o.s.web.servlet.DispatcherServlet,Completed 200 OK
2026-07-29T16:00:29.395915+00:00,visits-service,visits-service-6868c8596f-9q28w,2026-07-29T15:59:46.805813+00:00,DEBUG,7fc8f91c90987004,7fc8f91c90987004,nio-8080-exec-5,o.s.web.servlet.DispatcherServlet,Completed 200 OK
2026-07-29T16:00:29.395915+00:00,visits-service,visits-service-6868c8596f-9q28w,2026-07-29T15:59:36.022958+00:00,DEBUG,f52bc70779bfeec6,f52bc70779bfeec6,nio-8080-exec-8,o.s.web.servlet.DispatcherServlet,Completed 200 OK
2026-07-29T16:00:29.395915+00:00,visits-service,visits-service-6868c8596f-9q28w,2026-07-29T15:59:35.270779+00:00,DEBUG,4667338c6d6ea187,4667338c6d6ea187,nio-8080-exec-1,o.s.web.servlet.DispatcherServlet,Completed 200 OK
2026-07-29T16:00:29.395915+00:00,visits-service,visits-service-6868c8596f-9q28w,2026-07-29T15:59:31.760052+00:00,DEBUG,06157f698028b988,06157f698028b988,io-8080-exec-10,o.s.web.servlet.DispatcherServlet,Completed 200 OK
2026-07-29T16:01:29.396331+00:00,customers-service,customers-service-68987c986f-cpzz4,2026-07-29T16:01:28.530580+00:00,DEBUG,54a501caa8ab0e60,40b13ad653b2dba8,nio-8080-exec-7,o.s.web.servlet.DispatcherServlet,Completed 200 OK
2026-07-29T16:01:29.396331+00:00,customers-service,customers-service-68987c986f-cpzz4,2026-07-29T16:01:28.279748+00:00,DEBUG,54a501caa8ab0e60,89225c15ec00aece,nio-8080-exec-7,o.s.web.servlet.DispatcherServlet,"GET ""/owners/1"", parameters={}"
2026-07-29T16:01:29.396331+00:00,customers-service,customers-service-68987c986f-cpzz4,2026-07-29T16:01:27.276030+00:00,DEBUG,10d035eceba54d1c,936addcdff1b3cbe,io-8080-exec-10,o.s.web.servlet.DispatcherServlet,Completed 200 OK
2026-07-29T16:01:29.396331+00:00,customers-service,customers-service-68987c986f-cpzz4,2026-07-29T16:01:27.025822+00:00,DEBUG,10d035eceba54d1c,77bbf150dc5761ac,io-8080-exec-10,o.s.web.servlet.DispatcherServlet,"GET ""/owners"", parameters={}"
2026-07-29T16:01:29.396331+00:00,customers-service,customers-service-68987c986f-cpzz4,2026-07-29T16:01:26.775019+00:00,DEBUG,0aeb69e72e2d2142,6e44eabe4c17ea57,io-8080-exec-23,o.s.web.servlet.DispatcherServlet,Completed 200 OK
2026-07-29T16:01:29.396331+00:00,customers-service,customers-service-68987c986f-cpzz4,2026-07-29T16:01:26.775007+00:00,DEBUG,90e511eab78992ec,90e511eab78992ec,io-8080-exec-14,o.s.web.servlet.DispatcherServlet,Completed 200 OK
2026-07-29T16:01:29.396331+00:00,customers-service,customers-service-68987c986f-cpzz4,2026-07-29T16:01:26.774988+00:00,DEBUG,0aeb69e72e2d2142,ed72d96ed87e4be3,io-8080-exec-23,o.s.web.servlet.DispatcherServlet,"GET ""/owners/1"", parameters={}"
2026-07-29T16:01:29.396331+00:00,customers-service,customers-service-68987c986f-cpzz4,2026-07-29T16:01:26.274131+00:00,DEBUG,3148de5e3af32239,d0b35bf70d84a6bc,nio-8080-exec-6,o.s.web.servlet.DispatcherServlet,Completed 200 OK
2026-07-29T16:01:29.396331+00:00,customers-service,customers-service-68987c986f-cpzz4,2026-07-29T16:01:26.274105+00:00,DEBUG,47f3b0f7ace79e61,47f3b0f7ace79e61,nio-8080-exec-9,o.s.web.servlet.DispatcherServlet,Completed 200 OK
2026-07-29T16:01:29.396331+00:00,customers-service,customers-service-68987c986f-cpzz4,2026-07-29T16:01:26.023568+00:00,DEBUG,3148de5e3af32239,d4741a45ab1de918,nio-8080-exec-6,o.s.web.servlet.DispatcherServlet,"GET ""/owners"", parameters={}"
2026-07-29T16:01:29.396331+00:00,customers-service,customers-service-68987c986f-cpzz4,2026-07-29T16:01:25.772316+00:00,DEBUG,5605344dd2413b43,5a251ad795de7740,nio-8080-exec-8,o.s.web.servlet.DispatcherServlet,Completed 200 OK
2026-07-29T16:01:29.396331+00:00,customers-service,customers-service-68987c986f-cpzz4,2026-07-29T16:01:25.772312+00:00,DEBUG,5605344dd2413b43,855743f462fd85c7,nio-8080-exec-8,o.s.web.servlet.DispatcherServlet,"GET ""/owners/1"", parameters={}"
2026-07-29T16:01:29.396331+00:00,customers-service,customers-service-68987c986f-cpzz4,2026-07-29T16:01:24.017163+00:00,DEBUG,9c1ce81acae43728,1e32811adebaab1e,nio-8080-exec-3,o.s.web.servlet.DispatcherServlet,Completed 200 OK
2026-07-29T16:01:29.396331+00:00,customers-service,customers-service-68987c986f-cpzz4,2026-07-29T16:01:24.017160+00:00,DEBUG,9c1ce81acae43728,5c7b5ab1db9a0ea3,nio-8080-exec-3,o.s.web.servlet.DispatcherServlet,"GET ""/owners"", parameters={}"
2026-07-29T16:01:29.396331+00:00,customers-service,customers-service-68987c986f-cpzz4,2026-07-29T16:01:23.514908+00:00,DEBUG,dc11b53939d53b16,14ce031be0fa1d96,io-8080-exec-13,o.s.web.servlet.DispatcherServlet,Completed 200 OK
2026-07-29T16:01:29.396331+00:00,customers-service,customers-service-68987c986f-cpzz4,2026-07-29T16:01:23.514903+00:00,DEBUG,dc11b53939d53b16,651885316bf494c9,io-8080-exec-13,o.s.web.servlet.DispatcherServlet,"GET ""/owners"", parameters={}"
2026-07-29T16:01:29.396331+00:00,customers-service,customers-service-68987c986f-cpzz4,2026-07-29T16:01:23.013260+00:00,DEBUG,986ce2825af702c8,ac07dc02317e4695,io-8080-exec-17,o.s.web.servlet.DispatcherServlet,Completed 200 OK
2026-07-29T16:01:29.396331+00:00,customers-service,customers-service-68987c986f-cpzz4,2026-07-29T16:01:23.013256+00:00,DEBUG,986ce2825af702c8,0c165a27c27835ce,io-8080-exec-17,o.s.web.servlet.DispatcherServlet,"GET ""/owners"", parameters={}"
2026-07-29T16:01:29.396331+00:00,customers-service,customers-service-68987c986f-cpzz4,2026-07-29T16:01:22.762164+00:00,DEBUG,7943ba1533f64c4f,eb43d27e9710c500,nio-8080-exec-7,o.s.web.servlet.DispatcherServlet,Completed 200 OK
2026-07-29T16:01:29.396331+00:00,customers-service,customers-service-68987c986f-cpzz4,2026-07-29T16:01:22.510852+00:00,DEBUG,7943ba1533f64c4f,d53768739c913cee,nio-8080-exec-7,o.s.web.servlet.DispatcherServlet,"GET ""/owners"", parameters={}"
2026-07-29T16:01:29.396331+00:00,customers-service,customers-service-68987c986f-cpzz4,2026-07-29T16:01:22.009975+00:00,DEBUG,11099bed8cef23ac,541c6c94a77bccac,io-8080-exec-10,o.s.web.servlet.DispatcherServlet,Completed 200 OK
2026-07-29T16:01:29.396331+00:00,customers-service,customers-service-68987c986f-cpzz4,2026-07-29T16:01:21.759411+00:00,DEBUG,66f2ea852c27b69c,2a989570bfadbee0,io-8080-exec-14,o.s.web.servlet.DispatcherServlet,Completed 200 OK
2026-07-29T16:01:29.396331+00:00,customers-service,customers-service-68987c986f-cpzz4,2026-07-29T16:01:21.759407+00:00,DEBUG,11099bed8cef23ac,fe693abe116adb49,io-8080-exec-10,o.s.web.servlet.DispatcherServlet,"GET ""/owners"", parameters={}"
2026-07-29T16:01:29.396331+00:00,customers-service,customers-service-68987c986f-cpzz4,2026-07-29T16:01:21.508291+00:00,DEBUG,66f2ea852c27b69c,b30b8398549a6927,io-8080-exec-14,o.s.web.servlet.DispatcherServlet,"GET ""/owners"", parameters={}"
2026-07-29T16:01:29.396331+00:00,customers-service,customers-service-68987c986f-cpzz4,2026-07-29T16:01:21.006718+00:00,DEBUG,1f060f78a76450ac,7b8567cdd646a116,io-8080-exec-23,o.s.web.servlet.DispatcherServlet,Completed 200 OK
2026-07-29T16:01:29.396331+00:00,customers-service,customers-service-68987c986f-cpzz4,2026-07-29T16:01:21.006714+00:00,DEBUG,1f060f78a76450ac,80db506f03058aee,io-8080-exec-23,o.s.web.servlet.DispatcherServlet,"GET ""/owners/1"", parameters={}"
2026-07-29T16:01:29.396331+00:00,customers-service,customers-service-68987c986f-cpzz4,2026-07-29T16:01:20.504344+00:00,DEBUG,c8d5d23d69c5b40b,df84a6bf0e2986cd,nio-8080-exec-9,o.s.web.servlet.DispatcherServlet,Completed 200 OK
2026-07-29T16:01:29.396331+00:00,customers-service,customers-service-68987c986f-cpzz4,2026-07-29T16:01:20.253278+00:00,DEBUG,c8d5d23d69c5b40b,759a2b9e2314e4ce,nio-8080-exec-9,o.s.web.servlet.DispatcherServlet,"GET ""/owners"", parameters={}"
2026-07-29T16:01:29.396331+00:00,customers-service,customers-service-68987c986f-cpzz4,2026-07-29T16:01:19.753084+00:00,DEBUG,5babb656ac80659a,c54e6fc80a966b79,nio-8080-exec-6,o.s.web.servlet.DispatcherServlet,Completed 200 OK
2026-07-29T16:01:29.396331+00:00,customers-service,customers-service-68987c986f-cpzz4,2026-07-29T16:01:19.502952+00:00,DEBUG,5babb656ac80659a,a556abaf217cfc93,nio-8080-exec-6,o.s.web.servlet.DispatcherServlet,"GET ""/owners"", parameters={}"
2026-07-29T16:01:29.396331+00:00,customers-service,customers-service-68987c986f-cpzz4,2026-07-29T16:01:19.502949+00:00,DEBUG,3328de9807f644fa,686c8a188ae7e7b2,nio-8080-exec-8,o.s.web.servlet.DispatcherServlet,Completed 200 OK
2026-07-29T16:01:29.396331+00:00,customers-service,customers-service-68987c986f-cpzz4,2026-07-29T16:01:19.251170+00:00,DEBUG,3328de9807f644fa,50809846effb2ccd,nio-8080-exec-8,o.s.web.servlet.DispatcherServlet,"GET ""/owners"", parameters={}"
2026-07-29T16:01:29.396331+00:00,customers-service,customers-service-68987c986f-cpzz4,2026-07-29T16:01:17.996736+00:00,DEBUG,c51fb99b2ed9f1ba,b24f8ba237dc9a1e,nio-8080-exec-3,o.s.web.servlet.DispatcherServlet,Completed 200 OK
2026-07-29T16:01:29.396331+00:00,customers-service,customers-service-68987c986f-cpzz4,2026-07-29T16:01:17.996710+00:00,DEBUG,fc5f3406639d98f4,aeb8d769662f4a8b,io-8080-exec-13,o.s.web.servlet.DispatcherServlet,Completed 200 OK
2026-07-29T16:01:29.396331+00:00,customers-service,customers-service-68987c986f-cpzz4,2026-07-29T16:01:17.996698+00:00,DEBUG,c51fb99b2ed9f1ba,3c7682f7381f14b2,nio-8080-exec-3,o.s.web.servlet.DispatcherServlet,"GET ""/owners/1"", parameters={}"
2026-07-29T16:01:29.396331+00:00,customers-service,customers-service-68987c986f-cpzz4,2026-07-29T16:01:17.746352+00:00,DEBUG,fc5f3406639d98f4,585caa1720432ba5,io-8080-exec-13,o.s.web.servlet.DispatcherServlet,"GET ""/owners"", parameters={}"
2026-07-29T16:01:29.396331+00:00,customers-service,customers-service-68987c986f-cpzz4,2026-07-29T16:01:17.245592+00:00,DEBUG,d0de9bfa44fcc043,6eb82d47db23370b,io-8080-exec-17,o.s.web.servlet.DispatcherServlet,Completed 200 OK
2026-07-29T16:01:29.396331+00:00,customers-service,customers-service-68987c986f-cpzz4,2026-07-29T16:01:16.995061+00:00,DEBUG,d0de9bfa44fcc043,29a6a1f3a6d22aa2,io-8080-exec-17,o.s.web.servlet.DispatcherServlet,"GET ""/owners/1"", parameters={}"
2026-07-29T16:01:29.396331+00:00,customers-service,customers-service-68987c986f-cpzz4,2026-07-29T16:01:16.995035+00:00,DEBUG,cebab0fc3ec744de,e24a429dd1926fd3,nio-8080-exec-7,o.s.web.servlet.DispatcherServlet,Completed 200 OK
2026-07-29T16:01:29.396331+00:00,customers-service,customers-service-68987c986f-cpzz4,2026-07-29T16:01:16.995032+00:00,DEBUG,cebab0fc3ec744de,57a401d38a93e79c,nio-8080-exec-7,o.s.web.servlet.DispatcherServlet,"GET ""/owners/1"", parameters={}"
2026-07-29T16:01:29.396331+00:00,customers-service,customers-service-68987c986f-cpzz4,2026-07-29T16:01:16.493045+00:00,DEBUG,8bcd059211386bc5,e0dda608ecbbad78,io-8080-exec-10,o.s.web.servlet.DispatcherServlet,Completed 200 OK
2026-07-29T16:01:29.396331+00:00,customers-service,customers-service-68987c986f-cpzz4,2026-07-29T16:01:16.493016+00:00,DEBUG,8bcd059211386bc5,933b93b98d9000f4,io-8080-exec-10,o.s.web.servlet.DispatcherServlet,"GET ""/owners/1"", parameters={}"
2026-07-29T16:01:29.396331+00:00,customers-service,customers-service-68987c986f-cpzz4,2026-07-29T16:01:16.492990+00:00,DEBUG,f1879e5687b1a73f,f1879e5687b1a73f,io-8080-exec-14,o.s.web.servlet.DispatcherServlet,Completed 200 OK
2026-07-29T16:01:29.396331+00:00,customers-service,customers-service-68987c986f-cpzz4,2026-07-29T16:01:16.242288+00:00,DEBUG,06f4fac0821c2362,fda5a0a46a560710,io-8080-exec-23,o.s.web.servlet.DispatcherServlet,Completed 200 OK
2026-07-29T16:01:29.396331+00:00,customers-service,customers-service-68987c986f-cpzz4,2026-07-29T16:01:16.242263+00:00,DEBUG,06f4fac0821c2362,e72212dc38a36a6f,io-8080-exec-23,o.s.web.servlet.DispatcherServlet,"GET ""/owners/1"", parameters={}"
2026-07-29T16:01:29.396331+00:00,customers-service,customers-service-68987c986f-cpzz4,2026-07-29T16:01:16.242256+00:00,DEBUG,028df9be713faaa5,6327750076836285,nio-8080-exec-9,o.s.web.servlet.DispatcherServlet,Completed 200 OK
2026-07-29T16:01:29.396331+00:00,customers-service,customers-service-68987c986f-cpzz4,2026-07-29T16:01:15.991638+00:00,DEBUG,028df9be713faaa5,e0288f5e9e99c573,nio-8080-exec-9,o.s.web.servlet.DispatcherServlet,"GET ""/owners"", parameters={}"
2026-07-29T16:01:29.396331+00:00,customers-service,customers-service-68987c986f-cpzz4,2026-07-29T16:01:14.987681+00:00,DEBUG,8c70506d4e545d5f,12d98232cacc48f2,nio-8080-exec-6,o.s.web.servlet.DispatcherServlet,Completed 200 OK
2026-07-29T16:01:29.396331+00:00,customers-service,customers-service-68987c986f-cpzz4,2026-07-29T16:01:14.987677+00:00,DEBUG,8c70506d4e545d5f,e8532760f5086c38,nio-8080-exec-6,o.s.web.servlet.DispatcherServlet,"GET ""/owners/1"", parameters={}"
2026-07-29T16:01:29.396331+00:00,customers-service,customers-service-68987c986f-cpzz4,2026-07-29T16:01:14.737084+00:00,DEBUG,2e6fa9034aacf8f4,59f7bcb2f43c4ace,nio-8080-exec-8,o.s.web.servlet.DispatcherServlet,Completed 200 OK
2026-07-29T16:01:29.396331+00:00,customers-service,customers-service-68987c986f-cpzz4,2026-07-29T16:01:14.486840+00:00,DEBUG,2e6fa9034aacf8f4,a08fbd12aca2be84,nio-8080-exec-8,o.s.web.servlet.DispatcherServlet,"GET ""/owners/1"", parameters={}"
2026-07-29T16:01:29.396331+00:00,customers-service,customers-service-68987c986f-cpzz4,2026-07-29T16:01:14.235911+00:00,DEBUG,55bc75e47893ffbb,ef0155bd0aaa15be,nio-8080-exec-3,o.s.web.servlet.DispatcherServlet,Completed 200 OK
2026-07-29T16:01:29.396331+00:00,customers-service,customers-service-68987c986f-cpzz4,2026-07-29T16:01:13.985030+00:00,DEBUG,55bc75e47893ffbb,d3618e7b5957385d,nio-8080-exec-3,o.s.web.servlet.DispatcherServlet,"GET ""/owners/1"", parameters={}"
2026-07-29T16:01:29.396331+00:00,customers-service,customers-service-68987c986f-cpzz4,2026-07-29T16:01:13.231978+00:00,DEBUG,5c9134982958dc34,090fa8ffc1283e92,io-8080-exec-13,o.s.web.servlet.DispatcherServlet,Completed 200 OK
2026-07-29T16:01:29.396331+00:00,customers-service,customers-service-68987c986f-cpzz4,2026-07-29T16:01:13.231967+00:00,DEBUG,5c9134982958dc34,f97a3a87fe6afbe9,io-8080-exec-13,o.s.web.servlet.DispatcherServlet,"GET ""/owners/1"", parameters={}"
2026-07-29T16:01:29.396331+00:00,customers-service,customers-service-68987c986f-cpzz4,2026-07-29T16:01:12.981231+00:00,DEBUG,d32f4ad3e8f99952,f37e56dc9a75777f,io-8080-exec-17,o.s.web.servlet.DispatcherServlet,Completed 200 OK
2026-07-29T16:01:29.396331+00:00,customers-service,customers-service-68987c986f-cpzz4,2026-07-29T16:01:12.730774+00:00,DEBUG,d32f4ad3e8f99952,4b85caac8ffb7776,io-8080-exec-17,o.s.web.servlet.DispatcherServlet,"GET ""/owners"", parameters={}"
2026-07-29T16:01:29.396331+00:00,customers-service,customers-service-68987c986f-cpzz4,2026-07-29T16:01:12.230697+00:00,DEBUG,969d4a4231f480fa,cce8ead92069d385,nio-8080-exec-7,o.s.web.servlet.DispatcherServlet,Completed 200 OK
2026-07-29T16:01:29.396331+00:00,customers-service,customers-service-68987c986f-cpzz4,2026-07-29T16:01:12.230692+00:00,DEBUG,969d4a4231f480fa,1a5c11b0245603cd,nio-8080-exec-7,o.s.web.servlet.DispatcherServlet,"GET ""/owners/1"", parameters={}"
2026-07-29T16:01:29.396331+00:00,customers-service,customers-service-68987c986f-cpzz4,2026-07-29T16:01:11.979316+00:00,DEBUG,b8d877e16d6452d5,5e662a86686086d2,io-8080-exec-10,o.s.web.servlet.DispatcherServlet,Completed 200 OK
2026-07-29T16:01:29.396331+00:00,customers-service,customers-service-68987c986f-cpzz4,2026-07-29T16:01:11.979311+00:00,DEBUG,b8d877e16d6452d5,665908baa7dd480e,io-8080-exec-10,o.s.web.servlet.DispatcherServlet,"GET ""/owners/1"", parameters={}"
2026-07-29T16:01:29.396331+00:00,customers-service,customers-service-68987c986f-cpzz4,2026-07-29T16:01:11.478208+00:00,DEBUG,28bc260c74909cb4,35d531488ca59286,io-8080-exec-14,o.s.web.servlet.DispatcherServlet,Completed 200 OK
2026-07-29T16:01:29.396331+00:00,customers-service,customers-service-68987c986f-cpzz4,2026-07-29T16:01:11.478206+00:00,DEBUG,28bc260c74909cb4,ddf33606d3aebe04,io-8080-exec-14,o.s.web.servlet.DispatcherServlet,"GET ""/owners/1"", parameters={}"
2026-07-29T16:01:29.396331+00:00,customers-service,customers-service-68987c986f-cpzz4,2026-07-29T16:01:11.227278+00:00,DEBUG,2a2225430bcaf3c6,2a2225430bcaf3c6,io-8080-exec-23,o.s.web.servlet.DispatcherServlet,Completed 200 OK
2026-07-29T16:01:29.396331+00:00,customers-service,customers-service-68987c986f-cpzz4,2026-07-29T16:01:11.227250+00:00,DEBUG,97115c75fbb47b7f,88b90a153339cd4f,nio-8080-exec-9,o.s.web.servlet.DispatcherServlet,Completed 200 OK
2026-07-29T16:01:29.396331+00:00,customers-service,customers-service-68987c986f-cpzz4,2026-07-29T16:01:10.724946+00:00,DEBUG,97115c75fbb47b7f,a56fb8b00b1927ba,nio-8080-exec-9,o.s.web.servlet.DispatcherServlet,"GET ""/owners"", parameters={}"
2026-07-29T16:01:29.396331+00:00,customers-service,customers-service-68987c986f-cpzz4,2026-07-29T16:01:10.474210+00:00,DEBUG,0b7928d3f44a366d,7d612bda39b0a86e,nio-8080-exec-6,o.s.web.servlet.DispatcherServlet,Completed 200 OK
2026-07-29T16:01:29.396331+00:00,customers-service,customers-service-68987c986f-cpzz4,2026-07-29T16:01:10.223326+00:00,DEBUG,0b7928d3f44a366d,c20b6e76cf292776,nio-8080-exec-6,o.s.web.servlet.DispatcherServlet,"GET ""/owners"", parameters={}"
2026-07-29T16:01:29.396331+00:00,customers-service,customers-service-68987c986f-cpzz4,2026-07-29T16:01:09.972501+00:00,DEBUG,d65bdb1150ebf393,355dd86d17bdb238,nio-8080-exec-8,o.s.web.servlet.DispatcherServlet,Completed 200 OK
2026-07-29T16:01:29.396331+00:00,customers-service,customers-service-68987c986f-cpzz4,2026-07-29T16:01:09.721914+00:00,DEBUG,d65bdb1150ebf393,73ff7197ac950f62,nio-8080-exec-8,o.s.web.servlet.DispatcherServlet,"GET ""/owners/1"", parameters={}"
2026-07-29T16:01:29.396331+00:00,customers-service,customers-service-68987c986f-cpzz4,2026-07-29T16:01:09.471130+00:00,DEBUG,6606703b3b552172,adc4694e86f78678,nio-8080-exec-3,o.s.web.servlet.DispatcherServlet,Completed 200 OK
2026-07-29T16:01:29.396331+00:00,customers-service,customers-service-68987c986f-cpzz4,2026-07-29T16:01:09.219542+00:00,DEBUG,663c194f515f43e2,2cc87a3168b54620,io-8080-exec-13,o.s.web.servlet.DispatcherServlet,Completed 200 OK
2026-07-29T16:01:29.396331+00:00,customers-service,customers-service-68987c986f-cpzz4,2026-07-29T16:01:09.219537+00:00,DEBUG,6606703b3b552172,bfe3d92360fd5b0c,nio-8080-exec-3,o.s.web.servlet.DispatcherServlet,"GET ""/owners"", parameters={}"
2026-07-29T16:01:29.396331+00:00,customers-service,customers-service-68987c986f-cpzz4,2026-07-29T16:01:08.718327+00:00,DEBUG,663c194f515f43e2,b5853c083df3013b,io-8080-exec-13,o.s.web.servlet.DispatcherServlet,"GET ""/owners/1"", parameters={}"
2026-07-29T16:01:29.396331+00:00,customers-service,customers-service-68987c986f-cpzz4,2026-07-29T16:01:07.716388+00:00,DEBUG,fe1cd5d96198a8ad,444ce39eb957aa2a,io-8080-exec-17,o.s.web.servlet.DispatcherServlet,Completed 200 OK
2026-07-29T16:01:29.396331+00:00,customers-service,customers-service-68987c986f-cpzz4,2026-07-29T16:01:07.716383+00:00,DEBUG,fe1cd5d96198a8ad,bfb0690b85101ccf,io-8080-exec-17,o.s.web.servlet.DispatcherServlet,"GET ""/owners/1"", parameters={}"
2026-07-29T16:01:29.396331+00:00,customers-service,customers-service-68987c986f-cpzz4,2026-07-29T16:01:07.214926+00:00,DEBUG,82197987e062037b,0ffdc250c24d067c,nio-8080-exec-7,o.s.web.servlet.DispatcherServlet,Completed 200 OK
2026-07-29T16:01:29.396331+00:00,customers-service,customers-service-68987c986f-cpzz4,2026-07-29T16:01:06.964903+00:00,DEBUG,82197987e062037b,0358ad2d5a3ea8dc,nio-8080-exec-7,o.s.web.servlet.DispatcherServlet,"GET ""/owners"", parameters={}"
2026-07-29T16:01:29.396331+00:00,customers-service,customers-service-68987c986f-cpzz4,2026-07-29T16:01:06.713719+00:00,DEBUG,879694da5fd576f3,879694da5fd576f3,io-8080-exec-10,o.s.web.servlet.DispatcherServlet,Completed 200 OK
2026-07-29T16:01:29.396331+00:00,customers-service,customers-service-68987c986f-cpzz4,2026-07-29T16:01:06.212459+00:00,DEBUG,af72544f559b108b,05cc31f85c631372,io-8080-exec-14,o.s.web.servlet.DispatcherServlet,Completed 200 OK
2026-07-29T16:01:29.396331+00:00,customers-service,customers-service-68987c986f-cpzz4,2026-07-29T16:01:06.212441+00:00,DEBUG,3faa21ed0eb529b9,270f453af06d5a89,io-8080-exec-23,o.s.web.servlet.DispatcherServlet,Completed 200 OK
2026-07-29T16:01:29.396331+00:00,customers-service,customers-service-68987c986f-cpzz4,2026-07-29T16:01:06.212397+00:00,DEBUG,af72544f559b108b,606b5a7db6eadfad,io-8080-exec-14,o.s.web.servlet.DispatcherServlet,"GET ""/owners/1"", parameters={}"
2026-07-29T16:01:29.396331+00:00,customers-service,customers-service-68987c986f-cpzz4,2026-07-29T16:01:06.212360+00:00,DEBUG,3faa21ed0eb529b9,a0be9a5937376df7,io-8080-exec-23,o.s.web.servlet.DispatcherServlet,"GET ""/owners"", parameters={}"
2026-07-29T16:01:29.396331+00:00,customers-service,customers-service-68987c986f-cpzz4,2026-07-29T16:01:05.711246+00:00,DEBUG,3dea5bbab8c2a218,ca1514fc10e60769,nio-8080-exec-9,o.s.web.servlet.DispatcherServlet,Completed 200 OK
2026-07-29T16:01:29.396331+00:00,customers-service,customers-service-68987c986f-cpzz4,2026-07-29T16:01:05.460168+00:00,DEBUG,84bb34fcc89f4018,041f95c36b865ac1,nio-8080-exec-6,o.s.web.servlet.DispatcherServlet,Completed 200 OK
2026-07-29T16:01:29.396331+00:00,customers-service,customers-service-68987c986f-cpzz4,2026-07-29T16:01:05.210064+00:00,DEBUG,3dea5bbab8c2a218,381eaece68239979,nio-8080-exec-9,o.s.web.servlet.DispatcherServlet,"GET ""/owners"", parameters={}"
2026-07-29T16:01:29.396331+00:00,customers-service,customers-service-68987c986f-cpzz4,2026-07-29T16:01:04.959522+00:00,DEBUG,84bb34fcc89f4018,ad95051b1060fc99,nio-8080-exec-6,o.s.web.servlet.DispatcherServlet,"GET ""/owners"", parameters={}"
2026-07-29T16:01:29.396331+00:00,customers-service,customers-service-68987c986f-cpzz4,2026-07-29T16:01:04.458343+00:00,DEBUG,9b745dad6fb7b8e5,df7b5d4001472a5d,nio-8080-exec-8,o.s.web.servlet.DispatcherServlet,Completed 200 OK
2026-07-29T16:01:29.396331+00:00,customers-service,customers-service-68987c986f-cpzz4,2026-07-29T16:01:04.207276+00:00,DEBUG,9b745dad6fb7b8e5,9e4e6b14aec352e6,nio-8080-exec-8,o.s.web.servlet.DispatcherServlet,"GET ""/owners"", parameters={}"
2026-07-29T16:01:29.396331+00:00,customers-service,customers-service-68987c986f-cpzz4,2026-07-29T16:01:04.207271+00:00,DEBUG,6d0ff49211fef61b,0b1cf8ec673f281f,nio-8080-exec-3,o.s.web.servlet.DispatcherServlet,Completed 200 OK
2026-07-29T16:01:29.396331+00:00,customers-service,customers-service-68987c986f-cpzz4,2026-07-29T16:01:03.956830+00:00,DEBUG,6d0ff49211fef61b,310dc4d1d2ae3cc9,nio-8080-exec-3,o.s.web.servlet.DispatcherServlet,"GET ""/owners"", parameters={}"
2026-07-29T16:01:29.396331+00:00,customers-service,customers-service-68987c986f-cpzz4,2026-07-29T16:01:03.705738+00:00,DEBUG,4644b2da099d2c40,00b69f424df51f0c,io-8080-exec-13,o.s.web.servlet.DispatcherServlet,Completed 200 OK
2026-07-29T16:01:29.396331+00:00,customers-service,customers-service-68987c986f-cpzz4,2026-07-29T16:01:03.705712+00:00,DEBUG,da14c36099640625,c897b38e73ea0aeb,io-8080-exec-17,o.s.web.servlet.DispatcherServlet,Completed 200 OK
2026-07-29T16:01:29.396331+00:00,customers-service,customers-service-68987c986f-cpzz4,2026-07-29T16:01:03.705708+00:00,DEBUG,4644b2da099d2c40,e6e37fefa2a54bfc,io-8080-exec-13,o.s.web.servlet.DispatcherServlet,"GET ""/owners"", parameters={}"
2026-07-29T16:01:29.396331+00:00,customers-service,customers-service-68987c986f-cpzz4,2026-07-29T16:01:03.455422+00:00,DEBUG,da14c36099640625,2ab67afa072ff73a,io-8080-exec-17,o.s.web.servlet.DispatcherServlet,"GET ""/owners"", parameters={}"
2026-07-29T16:01:29.396331+00:00,customers-service,customers-service-68987c986f-cpzz4,2026-07-29T16:01:02.702129+00:00,DEBUG,a9507c29beca80d9,187950ad0086da05,nio-8080-exec-7,o.s.web.servlet.DispatcherServlet,Completed 200 OK
2026-07-29T16:01:29.396331+00:00,customers-service,customers-service-68987c986f-cpzz4,2026-07-29T16:01:02.702125+00:00,DEBUG,a9507c29beca80d9,7a939a3078211624,nio-8080-exec-7,o.s.web.servlet.DispatcherServlet,"GET ""/owners/1"", parameters={}"
2026-07-29T16:01:29.396331+00:00,customers-service,customers-service-68987c986f-cpzz4,2026-07-29T16:01:02.451473+00:00,DEBUG,4aa7cad3c3a7d25e,da66240da53f0f0b,io-8080-exec-10,o.s.web.servlet.DispatcherServlet,Completed 200 OK
2026-07-29T16:01:29.396331+00:00,customers-service,customers-service-68987c986f-cpzz4,2026-07-29T16:01:02.451468+00:00,DEBUG,4aa7cad3c3a7d25e,82678bc048ab23d0,io-8080-exec-10,o.s.web.servlet.DispatcherServlet,"GET ""/owners/1"", parameters={}"
2026-07-29T16:01:29.396331+00:00,customers-service,customers-service-68987c986f-cpzz4,2026-07-29T16:01:02.200373+00:00,DEBUG,b2f9165d4c7d0e2b,8892f2e91fea6de0,io-8080-exec-14,o.s.web.servlet.DispatcherServlet,Completed 200 OK
2026-07-29T16:01:29.396331+00:00,customers-service,customers-service-68987c986f-cpzz4,2026-07-29T16:01:02.200369+00:00,DEBUG,b2f9165d4c7d0e2b,4e7b3af6c932f27d,io-8080-exec-14,o.s.web.servlet.DispatcherServlet,"GET ""/owners/1"", parameters={}"
2026-07-29T16:01:29.396331+00:00,customers-service,customers-service-68987c986f-cpzz4,2026-07-29T16:01:01.950265+00:00,DEBUG,bbdc156907e77fae,04584e367bc1ea21,io-8080-exec-23,o.s.web.servlet.DispatcherServlet,Completed 200 OK
2026-07-29T16:01:29.396331+00:00,customers-service,customers-service-68987c986f-cpzz4,2026-07-29T16:01:01.699323+00:00,DEBUG,bbdc156907e77fae,f0f86bce42d2d3fc,io-8080-exec-23,o.s.web.servlet.DispatcherServlet,"GET ""/owners/1"", parameters={}"
2026-07-29T16:01:29.396331+00:00,customers-service,customers-service-68987c986f-cpzz4,2026-07-29T16:01:01.448478+00:00,DEBUG,62f07b94fb6d99b5,f79e5a7c0c29a65f,nio-8080-exec-9,o.s.web.servlet.DispatcherServlet,Completed 200 OK
2026-07-29T16:01:29.396331+00:00,customers-service,customers-service-68987c986f-cpzz4,2026-07-29T16:01:01.448470+00:00,DEBUG,b557466bec0b452f,b557466bec0b452f,nio-8080-exec-6,o.s.web.servlet.DispatcherServlet,Completed 200 OK
2026-07-29T16:01:29.396331+00:00,customers-service,customers-service-68987c986f-cpzz4,2026-07-29T16:01:01.197232+00:00,DEBUG,62f07b94fb6d99b5,a457407e598fcd7d,nio-8080-exec-9,o.s.web.servlet.DispatcherServlet,"GET ""/owners"", parameters={}"
2026-07-29T16:01:29.396331+00:00,customers-service,customers-service-68987c986f-cpzz4,2026-07-29T16:01:01.197206+00:00,DEBUG,6536d146cb8f3412,6f98d4208057fe68,nio-8080-exec-8,o.s.web.servlet.DispatcherServlet,Completed 200 OK
2026-07-29T16:01:29.396331+00:00,customers-service,customers-service-68987c986f-cpzz4,2026-07-29T16:01:01.197202+00:00,DEBUG,6536d146cb8f3412,d949b58916174eba,nio-8080-exec-8,o.s.web.servlet.DispatcherServlet,"GET ""/owners/1"", parameters={}"
2026-07-29T16:01:29.396331+00:00,customers-service,customers-service-68987c986f-cpzz4,2026-07-29T16:01:00.694844+00:00,DEBUG,1ae7efbf5af711b1,38adf63449627a27,nio-8080-exec-3,o.s.web.servlet.DispatcherServlet,Completed 200 OK
2026-07-29T16:01:29.396331+00:00,customers-service,customers-service-68987c986f-cpzz4,2026-07-29T16:01:00.444377+00:00,DEBUG,1ae7efbf5af711b1,39e0544936317e85,nio-8080-exec-3,o.s.web.servlet.DispatcherServlet,"GET ""/owners"", parameters={}"
2026-07-29T16:01:29.396331+00:00,customers-service,customers-service-68987c986f-cpzz4,2026-07-29T16:01:00.193267+00:00,DEBUG,9d7fd70b04bf3ff1,afc6860b83684994,io-8080-exec-13,o.s.web.servlet.DispatcherServlet,Completed 200 OK
2026-07-29T16:01:29.396331+00:00,customers-service,customers-service-68987c986f-cpzz4,2026-07-29T16:01:00.193263+00:00,DEBUG,9d7fd70b04bf3ff1,f9588eb150907c31,io-8080-exec-13,o.s.web.servlet.DispatcherServlet,"GET ""/owners/1"", parameters={}"
2026-07-29T16:01:29.396331+00:00,customers-service,customers-service-68987c986f-cpzz4,2026-07-29T16:00:59.189923+00:00,DEBUG,618c946fe552e19c,5a965f3be4eb559a,io-8080-exec-17,o.s.web.servlet.DispatcherServlet,Completed 200 OK
2026-07-29T16:01:29.396331+00:00,customers-service,customers-service-68987c986f-cpzz4,2026-07-29T16:00:58.939115+00:00,DEBUG,794d8ecb42507b54,be92cc2053ec588c,nio-8080-exec-7,o.s.web.servlet.DispatcherServlet,Completed 200 OK
2026-07-29T16:01:29.396331+00:00,customers-service,customers-service-68987c986f-cpzz4,2026-07-29T16:00:58.939111+00:00,DEBUG,618c946fe552e19c,a3e6f76cc05c84ed,io-8080-exec-17,o.s.web.servlet.DispatcherServlet,"GET ""/owners"", parameters={}"
2026-07-29T16:01:29.396331+00:00,customers-service,customers-service-68987c986f-cpzz4,2026-07-29T16:00:58.688843+00:00,DEBUG,794d8ecb42507b54,a3d1bff5d8e7140e,nio-8080-exec-7,o.s.web.servlet.DispatcherServlet,"GET ""/owners"", parameters={}"
2026-07-29T16:01:29.396331+00:00,customers-service,customers-service-68987c986f-cpzz4,2026-07-29T16:00:58.186745+00:00,DEBUG,e75e45a70e7a84ef,068370397922075f,io-8080-exec-10,o.s.web.servlet.DispatcherServlet,Completed 200 OK
2026-07-29T16:01:29.396331+00:00,customers-service,customers-service-68987c986f-cpzz4,2026-07-29T16:00:58.186738+00:00,DEBUG,e75e45a70e7a84ef,88645ae0c26cda52,io-8080-exec-10,o.s.web.servlet.DispatcherServlet,"GET ""/owners/1"", parameters={}"
2026-07-29T16:01:29.396331+00:00,customers-service,customers-service-68987c986f-cpzz4,2026-07-29T16:00:57.935952+00:00,DEBUG,9db0ef6aa5a56198,79bffd09d09a9870,io-8080-exec-14,o.s.web.servlet.DispatcherServlet,Completed 200 OK
2026-07-29T16:01:29.396331+00:00,customers-service,customers-service-68987c986f-cpzz4,2026-07-29T16:00:57.935948+00:00,DEBUG,9db0ef6aa5a56198,4111aafa9f47b9de,io-8080-exec-14,o.s.web.servlet.DispatcherServlet,"GET ""/owners/1"", parameters={}"
2026-07-29T16:01:29.396331+00:00,customers-service,customers-service-68987c986f-cpzz4,2026-07-29T16:00:57.685740+00:00,DEBUG,28609451781d3f45,4d15ecd282de3809,io-8080-exec-23,o.s.web.servlet.DispatcherServlet,Completed 200 OK
2026-07-29T16:01:29.396331+00:00,customers-service,customers-service-68987c986f-cpzz4,2026-07-29T16:00:57.685736+00:00,DEBUG,28609451781d3f45,3591bff5beb85427,io-8080-exec-23,o.s.web.servlet.DispatcherServlet,"GET ""/owners"", parameters={}"
2026-07-29T16:01:29.396331+00:00,customers-service,customers-service-68987c986f-cpzz4,2026-07-29T16:00:57.435105+00:00,DEBUG,48f72d21924ea3e5,3d67d2009c8741ad,nio-8080-exec-6,o.s.web.servlet.DispatcherServlet,Completed 200 OK
2026-07-29T16:01:29.396331+00:00,customers-service,customers-service-68987c986f-cpzz4,2026-07-29T16:00:57.435102+00:00,DEBUG,d932b74bc535522f,4c3363e10bc309e8,nio-8080-exec-9,o.s.web.servlet.DispatcherServlet,Completed 200 OK
2026-07-29T16:01:29.396331+00:00,customers-service,customers-service-68987c986f-cpzz4,2026-07-29T16:00:56.682791+00:00,DEBUG,d932b74bc535522f,a47e954fdf7740d1,nio-8080-exec-9,o.s.web.servlet.DispatcherServlet,"GET ""/owners"", parameters={}"
2026-07-29T16:01:29.396331+00:00,customers-service,customers-service-68987c986f-cpzz4,2026-07-29T16:00:56.432033+00:00,DEBUG,48f72d21924ea3e5,4e1f370fb48b5e3e,nio-8080-exec-6,o.s.web.servlet.DispatcherServlet,"GET ""/owners"", parameters={}"
2026-07-29T16:01:29.396331+00:00,customers-service,customers-service-68987c986f-cpzz4,2026-07-29T16:00:56.432006+00:00,DEBUG,01eb0cfc21e8fe64,6db5e80bced213b1,nio-8080-exec-8,o.s.web.servlet.DispatcherServlet,Completed 200 OK
2026-07-29T16:01:29.396331+00:00,customers-service,customers-service-68987c986f-cpzz4,2026-07-29T16:00:56.432003+00:00,DEBUG,7619d30deacc9c12,4af43947574c8ed0,nio-8080-exec-3,o.s.web.servlet.DispatcherServlet,Completed 200 OK
2026-07-29T16:01:29.396331+00:00,customers-service,customers-service-68987c986f-cpzz4,2026-07-29T16:00:56.181185+00:00,DEBUG,48cec6368fc38db3,48cec6368fc38db3,io-8080-exec-13,o.s.web.servlet.DispatcherServlet,Completed 200 OK
2026-07-29T16:01:29.396331+00:00,customers-service,customers-service-68987c986f-cpzz4,2026-07-29T16:00:56.181156+00:00,DEBUG,7619d30deacc9c12,4e0a63b790db5c41,nio-8080-exec-3,o.s.web.servlet.DispatcherServlet,"GET ""/owners/1"", parameters={}"
2026-07-29T16:01:29.396331+00:00,customers-service,customers-service-68987c986f-cpzz4,2026-07-29T16:00:55.679615+00:00,DEBUG,51728294f4d86e4d,3a1e5942bc5c46cb,io-8080-exec-17,o.s.web.servlet.DispatcherServlet,Completed 200 OK
2026-07-29T16:01:29.396331+00:00,customers-service,customers-service-68987c986f-cpzz4,2026-07-29T16:00:55.679611+00:00,DEBUG,01eb0cfc21e8fe64,b3d7372118f05a6b,nio-8080-exec-8,o.s.web.servlet.DispatcherServlet,"GET ""/owners"", parameters={}"
2026-07-29T16:01:29.396331+00:00,customers-service,customers-service-68987c986f-cpzz4,2026-07-29T16:00:55.178303+00:00,DEBUG,9b3372f57f6ffaab,8d239bccd8cfe3e0,nio-8080-exec-7,o.s.web.servlet.DispatcherServlet,Completed 200 OK
2026-07-29T16:01:29.396331+00:00,customers-service,customers-service-68987c986f-cpzz4,2026-07-29T16:00:54.927105+00:00,DEBUG,9b3372f57f6ffaab,73a63d8938fcc245,nio-8080-exec-7,o.s.web.servlet.DispatcherServlet,"GET ""/owners/1"", parameters={}"
2026-07-29T16:01:29.396331+00:00,customers-service,customers-service-68987c986f-cpzz4,2026-07-29T16:00:54.425632+00:00,DEBUG,51728294f4d86e4d,f33641e387dd9136,io-8080-exec-17,o.s.web.servlet.DispatcherServlet,"GET ""/owners"", parameters={}"
2026-07-29T16:01:29.396331+00:00,customers-service,customers-service-68987c986f-cpzz4,2026-07-29T16:00:54.425627+00:00,DEBUG,f75e6bc54eb2abd5,25129699d042206c,io-8080-exec-10,o.s.web.servlet.DispatcherServlet,Completed 200 OK
2026-07-29T16:01:29.396331+00:00,customers-service,customers-service-68987c986f-cpzz4,2026-07-29T16:00:53.924211+00:00,DEBUG,f75e6bc54eb2abd5,85e66162aa318f62,io-8080-exec-10,o.s.web.servlet.DispatcherServlet,"GET ""/owners/1"", parameters={}"
2026-07-29T16:01:29.396331+00:00,customers-service,customers-service-68987c986f-cpzz4,2026-07-29T16:00:51.667398+00:00,DEBUG,5d2edf16564105de,e8810042dc608831,io-8080-exec-14,o.s.web.servlet.DispatcherServlet,Completed 200 OK
2026-07-29T16:01:29.396331+00:00,customers-service,customers-service-68987c986f-cpzz4,2026-07-29T16:00:51.667382+00:00,DEBUG,5d2edf16564105de,b3099e94070968ef,io-8080-exec-14,o.s.web.servlet.DispatcherServlet,"GET ""/owners/1"", parameters={}"
2026-07-29T16:01:29.396331+00:00,customers-service,customers-service-68987c986f-cpzz4,2026-07-29T16:00:50.915569+00:00,DEBUG,9e50ff5b8578291d,4205eb1b41f893b6,io-8080-exec-23,o.s.web.servlet.DispatcherServlet,Completed 200 OK
2026-07-29T16:01:29.396331+00:00,customers-service,customers-service-68987c986f-cpzz4,2026-07-29T16:00:50.665437+00:00,DEBUG,9e50ff5b8578291d,95361c79cb550548,io-8080-exec-23,o.s.web.servlet.DispatcherServlet,"GET ""/owners"", parameters={}"
2026-07-29T16:01:29.396331+00:00,customers-service,customers-service-68987c986f-cpzz4,2026-07-29T16:00:50.414503+00:00,DEBUG,ba4c7835a296139e,cbf91f126ecd3393,nio-8080-exec-9,o.s.web.servlet.DispatcherServlet,Completed 200 OK
2026-07-29T16:01:29.396331+00:00,customers-service,customers-service-68987c986f-cpzz4,2026-07-29T16:00:50.163978+00:00,DEBUG,ba4c7835a296139e,f00a118d5ca3496f,nio-8080-exec-9,o.s.web.servlet.DispatcherServlet,"GET ""/owners/1"", parameters={}"
2026-07-29T16:01:29.396331+00:00,customers-service,customers-service-68987c986f-cpzz4,2026-07-29T16:00:49.411081+00:00,DEBUG,15d06d56af169ca3,43640ee72a9238b5,nio-8080-exec-6,o.s.web.servlet.DispatcherServlet,Completed 200 OK
2026-07-29T16:01:29.396331+00:00,customers-service,customers-service-68987c986f-cpzz4,2026-07-29T16:00:49.160656+00:00,DEBUG,0d10e6a6727c6bfc,4c79a061e594cf64,io-8080-exec-13,o.s.web.servlet.DispatcherServlet,Completed 200 OK
2026-07-29T16:01:29.396331+00:00,customers-service,customers-service-68987c986f-cpzz4,2026-07-29T16:00:49.160611+00:00,DEBUG,15d06d56af169ca3,eb50d05973947a09,nio-8080-exec-6,o.s.web.servlet.DispatcherServlet,"GET ""/owners/1"", parameters={}"
2026-07-29T16:01:29.396331+00:00,customers-service,customers-service-68987c986f-cpzz4,2026-07-29T16:00:49.160608+00:00,DEBUG,0d10e6a6727c6bfc,b98ee51bb552a54f,io-8080-exec-13,o.s.web.servlet.DispatcherServlet,"GET ""/owners"", parameters={}"
2026-07-29T16:01:29.396331+00:00,customers-service,customers-service-68987c986f-cpzz4,2026-07-29T16:00:48.910154+00:00,DEBUG,2f38958b7d5a03e2,cbd27325ac3efd9e,nio-8080-exec-3,o.s.web.servlet.DispatcherServlet,Completed 200 OK
2026-07-29T16:01:29.396331+00:00,customers-service,customers-service-68987c986f-cpzz4,2026-07-29T16:00:48.659742+00:00,DEBUG,2f38958b7d5a03e2,a0bdf7a3c245f1a2,nio-8080-exec-3,o.s.web.servlet.DispatcherServlet,"GET ""/owners"", parameters={}"
2026-07-29T16:01:29.396331+00:00,customers-service,customers-service-68987c986f-cpzz4,2026-07-29T16:00:48.409065+00:00,DEBUG,487af1ed838ce293,9e82dcd56175dff0,nio-8080-exec-8,o.s.web.servlet.DispatcherServlet,Completed 200 OK
2026-07-29T16:01:29.396331+00:00,customers-service,customers-service-68987c986f-cpzz4,2026-07-29T16:00:48.158237+00:00,DEBUG,487af1ed838ce293,ce17a732114280f0,nio-8080-exec-8,o.s.web.servlet.DispatcherServlet,"GET ""/owners/1"", parameters={}"
2026-07-29T16:01:29.396331+00:00,customers-service,customers-service-68987c986f-cpzz4,2026-07-29T16:00:47.907840+00:00,DEBUG,3ca02c09d7f5eee7,2a335d223675ee81,nio-8080-exec-7,o.s.web.servlet.DispatcherServlet,Completed 200 OK
2026-07-29T16:01:29.396331+00:00,customers-service,customers-service-68987c986f-cpzz4,2026-07-29T16:00:47.657650+00:00,DEBUG,3ca02c09d7f5eee7,fd2768876643c3bd,nio-8080-exec-7,o.s.web.servlet.DispatcherServlet,"GET ""/owners/1"", parameters={}"
2026-07-29T16:01:29.396331+00:00,customers-service,customers-service-68987c986f-cpzz4,2026-07-29T16:00:47.155603+00:00,DEBUG,a1278f402559f640,d21c4543bbe5751c,io-8080-exec-17,o.s.web.servlet.DispatcherServlet,Completed 200 OK
2026-07-29T16:01:29.396331+00:00,customers-service,customers-service-68987c986f-cpzz4,2026-07-29T16:00:46.904931+00:00,DEBUG,a1278f402559f640,7ff0a86b99d5f56a,io-8080-exec-17,o.s.web.servlet.DispatcherServlet,"GET ""/owners"", parameters={}"
2026-07-29T16:01:29.396331+00:00,customers-service,customers-service-68987c986f-cpzz4,2026-07-29T16:00:46.904905+00:00,DEBUG,018b52b43c51e8a9,018b52b43c51e8a9,io-8080-exec-10,o.s.web.servlet.DispatcherServlet,Completed 200 OK
2026-07-29T16:01:29.396331+00:00,customers-service,customers-service-68987c986f-cpzz4,2026-07-29T16:00:46.403197+00:00,DEBUG,24936fbf10db9289,e0e19c1ca9bcd216,io-8080-exec-14,o.s.web.servlet.DispatcherServlet,Completed 200 OK
2026-07-29T16:01:29.396331+00:00,customers-service,customers-service-68987c986f-cpzz4,2026-07-29T16:00:46.403168+00:00,DEBUG,5e9dc0f3361b3051,5e9dc0f3361b3051,io-8080-exec-23,o.s.web.servlet.DispatcherServlet,Completed 200 OK
2026-07-29T16:01:29.396331+00:00,customers-service,customers-service-68987c986f-cpzz4,2026-07-29T16:00:46.152102+00:00,DEBUG,24936fbf10db9289,bc56a3a8d21bf581,io-8080-exec-14,o.s.web.servlet.DispatcherServlet,"GET ""/owners"", parameters={}"
2026-07-29T16:01:29.396331+00:00,customers-service,customers-service-68987c986f-cpzz4,2026-07-29T16:00:46.152083+00:00,DEBUG,53ee0db835d19e02,b7ad7ee18d01904b,nio-8080-exec-9,o.s.web.servlet.DispatcherServlet,Completed 200 OK
2026-07-29T16:01:29.396331+00:00,customers-service,customers-service-68987c986f-cpzz4,2026-07-29T16:00:46.152081+00:00,DEBUG,53ee0db835d19e02,77e2242f2a1632e2,nio-8080-exec-9,o.s.web.servlet.DispatcherServlet,"GET ""/owners/1"", parameters={}"
2026-07-29T16:01:29.396331+00:00,customers-service,customers-service-68987c986f-cpzz4,2026-07-29T16:00:44.898579+00:00,DEBUG,266eaa5778888a4e,f6f5e0104146fc65,nio-8080-exec-6,o.s.web.servlet.DispatcherServlet,Completed 200 OK
2026-07-29T16:01:29.396331+00:00,customers-service,customers-service-68987c986f-cpzz4,2026-07-29T16:00:44.647843+00:00,DEBUG,266eaa5778888a4e,e8fe165d9a60f5dd,nio-8080-exec-6,o.s.web.servlet.DispatcherServlet,"GET ""/owners/1"", parameters={}"
2026-07-29T16:01:29.396331+00:00,customers-service,customers-service-68987c986f-cpzz4,2026-07-29T16:00:44.647808+00:00,DEBUG,c9f4de395a448e00,3878b4160d36e66a,io-8080-exec-13,o.s.web.servlet.DispatcherServlet,Completed 200 OK
2026-07-29T16:01:29.396331+00:00,customers-service,customers-service-68987c986f-cpzz4,2026-07-29T16:00:44.647782+00:00,DEBUG,c9f4de395a448e00,45f9ecbd0665d053,io-8080-exec-13,o.s.web.servlet.DispatcherServlet,"GET ""/owners/1"", parameters={}"
2026-07-29T16:01:29.396331+00:00,customers-service,customers-service-68987c986f-cpzz4,2026-07-29T16:00:43.895014+00:00,DEBUG,4e6233bbb92bf3b4,e09fbb9eed9db135,nio-8080-exec-3,o.s.web.servlet.DispatcherServlet,Completed 200 OK
2026-07-29T16:01:29.396331+00:00,customers-service,customers-service-68987c986f-cpzz4,2026-07-29T16:00:43.643965+00:00,DEBUG,4e6233bbb92bf3b4,41dd44759d420ae3,nio-8080-exec-3,o.s.web.servlet.DispatcherServlet,"GET ""/owners"", parameters={}"
2026-07-29T16:01:29.396331+00:00,customers-service,customers-service-68987c986f-cpzz4,2026-07-29T16:00:43.393464+00:00,DEBUG,0c77dd74b49891da,ad4bb9c646a14c0e,nio-8080-exec-8,o.s.web.servlet.DispatcherServlet,Completed 200 OK
2026-07-29T16:01:29.396331+00:00,customers-service,customers-service-68987c986f-cpzz4,2026-07-29T16:00:43.393460+00:00,DEBUG,0c77dd74b49891da,0932491c5520df40,nio-8080-exec-8,o.s.web.servlet.DispatcherServlet,"GET ""/owners/1"", parameters={}"
2026-07-29T16:01:29.396331+00:00,customers-service,customers-service-68987c986f-cpzz4,2026-07-29T16:00:42.891058+00:00,DEBUG,bf06be0de667e61b,111991da1d48d159,nio-8080-exec-7,o.s.web.servlet.DispatcherServlet,Completed 200 OK
2026-07-29T16:01:29.396331+00:00,customers-service,customers-service-68987c986f-cpzz4,2026-07-29T16:00:42.640811+00:00,DEBUG,4608a380518cac4e,6070962d0811d7ad,io-8080-exec-17,o.s.web.servlet.DispatcherServlet,Completed 200 OK
2026-07-29T16:01:29.396331+00:00,customers-service,customers-service-68987c986f-cpzz4,2026-07-29T16:00:42.640808+00:00,DEBUG,bf06be0de667e61b,e0a6df28cbf73214,nio-8080-exec-7,o.s.web.servlet.DispatcherServlet,"GET ""/owners"", parameters={}"
2026-07-29T16:01:29.396331+00:00,customers-service,customers-service-68987c986f-cpzz4,2026-07-29T16:00:42.390549+00:00,DEBUG,4608a380518cac4e,111e41afe9ba0b32,io-8080-exec-17,o.s.web.servlet.DispatcherServlet,"GET ""/owners/1"", parameters={}"
2026-07-29T16:01:29.396331+00:00,customers-service,customers-service-68987c986f-cpzz4,2026-07-29T16:00:42.140419+00:00,DEBUG,af9efd234d39beea,4f18d3717bfd2b23,io-8080-exec-10,o.s.web.servlet.DispatcherServlet,Completed 200 OK
2026-07-29T16:01:29.396331+00:00,customers-service,customers-service-68987c986f-cpzz4,2026-07-29T16:00:41.889914+00:00,DEBUG,af9efd234d39beea,4fc88fed847f9d07,io-8080-exec-10,o.s.web.servlet.DispatcherServlet,"GET ""/owners/1"", parameters={}"
2026-07-29T16:01:29.396331+00:00,customers-service,customers-service-68987c986f-cpzz4,2026-07-29T16:00:41.638966+00:00,DEBUG,add64695c0b84749,d15237eeb8ef37c7,io-8080-exec-23,o.s.web.servlet.DispatcherServlet,Completed 200 OK
2026-07-29T16:01:29.396331+00:00,customers-service,customers-service-68987c986f-cpzz4,2026-07-29T16:00:41.388532+00:00,DEBUG,add64695c0b84749,351d0fa2b05bac02,io-8080-exec-23,o.s.web.servlet.DispatcherServlet,"GET ""/owners/1"", parameters={}"
2026-07-29T16:01:29.396331+00:00,customers-service,customers-service-68987c986f-cpzz4,2026-07-29T16:00:41.137712+00:00,DEBUG,d8b108150564195a,d8b108150564195a,io-8080-exec-14,o.s.web.servlet.DispatcherServlet,Completed 200 OK
2026-07-29T16:01:29.396331+00:00,customers-service,customers-service-68987c986f-cpzz4,2026-07-29T16:00:40.636193+00:00,DEBUG,6d5b9f9705b37df1,491ceb4eea3bbf6c,nio-8080-exec-9,o.s.web.servlet.DispatcherServlet,Completed 200 OK
2026-07-29T16:01:29.396331+00:00,customers-service,customers-service-68987c986f-cpzz4,2026-07-29T16:00:40.384800+00:00,DEBUG,4c5657c8d4612fbf,7c37ae244c1c7a75,nio-8080-exec-6,o.s.web.servlet.DispatcherServlet,Completed 200 OK
2026-07-29T16:01:29.396331+00:00,customers-service,customers-service-68987c986f-cpzz4,2026-07-29T16:00:39.883746+00:00,DEBUG,6d5b9f9705b37df1,ed2b4160acf1620b,nio-8080-exec-9,o.s.web.servlet.DispatcherServlet,"GET ""/owners"", parameters={}"
2026-07-29T16:01:29.396331+00:00,customers-service,customers-service-68987c986f-cpzz4,2026-07-29T16:00:39.382139+00:00,DEBUG,4c5657c8d4612fbf,ef71622ea00b87f7,nio-8080-exec-6,o.s.web.servlet.DispatcherServlet,"GET ""/owners"", parameters={}"
2026-07-29T16:01:29.396331+00:00,customers-service,customers-service-68987c986f-cpzz4,2026-07-29T16:00:38.629442+00:00,DEBUG,81df2835f2745086,46070c24161cceb0,io-8080-exec-13,o.s.web.servlet.DispatcherServlet,Completed 200 OK
2026-07-29T16:01:29.396331+00:00,customers-service,customers-service-68987c986f-cpzz4,2026-07-29T16:00:38.378328+00:00,DEBUG,81df2835f2745086,3c16a3e878ec39f7,io-8080-exec-13,o.s.web.servlet.DispatcherServlet,"GET ""/owners/1"", parameters={}"
2026-07-29T16:01:29.396331+00:00,customers-service,customers-service-68987c986f-cpzz4,2026-07-29T16:00:37.625772+00:00,DEBUG,8ad4b658d2389172,945e5ce284c92249,nio-8080-exec-3,o.s.web.servlet.DispatcherServlet,Completed 200 OK
2026-07-29T16:01:29.396331+00:00,customers-service,customers-service-68987c986f-cpzz4,2026-07-29T16:00:37.625768+00:00,DEBUG,8ad4b658d2389172,4a9dfa5199a57cf3,nio-8080-exec-3,o.s.web.servlet.DispatcherServlet,"GET ""/owners/1"", parameters={}"
2026-07-29T16:01:29.396331+00:00,customers-service,customers-service-68987c986f-cpzz4,2026-07-29T16:00:36.622784+00:00,DEBUG,5e047d02ecdad049,d50b70cd3041fc36,nio-8080-exec-8,o.s.web.servlet.DispatcherServlet,Completed 200 OK
2026-07-29T16:01:29.396331+00:00,customers-service,customers-service-68987c986f-cpzz4,2026-07-29T16:00:36.372510+00:00,DEBUG,5e047d02ecdad049,7f6750c133a9a1d2,nio-8080-exec-8,o.s.web.servlet.DispatcherServlet,"GET ""/owners"", parameters={}"
2026-07-29T16:01:29.396331+00:00,customers-service,customers-service-68987c986f-cpzz4,2026-07-29T16:00:36.372484+00:00,DEBUG,d4a6aa4cae3890dc,a932841658dc2546,nio-8080-exec-7,o.s.web.servlet.DispatcherServlet,Completed 200 OK
2026-07-29T16:01:29.396331+00:00,customers-service,customers-service-68987c986f-cpzz4,2026-07-29T16:00:36.372480+00:00,DEBUG,d4a6aa4cae3890dc,092841a7808e5eb3,nio-8080-exec-7,o.s.web.servlet.DispatcherServlet,"GET ""/owners/1"", parameters={}"
2026-07-29T16:01:29.396331+00:00,customers-service,customers-service-68987c986f-cpzz4,2026-07-29T16:00:35.621191+00:00,DEBUG,4a630339b680f578,299726c56c40b003,io-8080-exec-17,o.s.web.servlet.DispatcherServlet,Completed 200 OK
2026-07-29T16:01:29.396331+00:00,customers-service,customers-service-68987c986f-cpzz4,2026-07-29T16:00:35.369913+00:00,DEBUG,4a630339b680f578,94e5d44b0a4d929e,io-8080-exec-17,o.s.web.servlet.DispatcherServlet,"GET ""/owners"", parameters={}"
2026-07-29T16:01:29.396331+00:00,customers-service,customers-service-68987c986f-cpzz4,2026-07-29T16:00:34.869197+00:00,DEBUG,8c215400a0d785d4,3ad10d5810ba7ea4,io-8080-exec-10,o.s.web.servlet.DispatcherServlet,Completed 200 OK
2026-07-29T16:01:29.396331+00:00,customers-service,customers-service-68987c986f-cpzz4,2026-07-29T16:00:34.869172+00:00,DEBUG,ebf8d38cca5f1db2,94bed433def7e6f9,io-8080-exec-23,o.s.web.servlet.DispatcherServlet,Completed 200 OK
2026-07-29T16:01:29.396331+00:00,customers-service,customers-service-68987c986f-cpzz4,2026-07-29T16:00:34.869168+00:00,DEBUG,8c215400a0d785d4,e2b0d7bc722bf399,io-8080-exec-10,o.s.web.servlet.DispatcherServlet,"GET ""/owners/1"", parameters={}"
2026-07-29T16:01:29.396331+00:00,customers-service,customers-service-68987c986f-cpzz4,2026-07-29T16:00:34.619134+00:00,DEBUG,ebf8d38cca5f1db2,973522c9a39c0aa3,io-8080-exec-23,o.s.web.servlet.DispatcherServlet,"GET ""/owners"", parameters={}"
2026-07-29T16:01:29.396331+00:00,customers-service,customers-service-68987c986f-cpzz4,2026-07-29T16:00:33.866358+00:00,DEBUG,f83dff6dff19ac27,213eca85f07e045d,io-8080-exec-14,o.s.web.servlet.DispatcherServlet,Completed 200 OK
2026-07-29T16:01:29.396331+00:00,customers-service,customers-service-68987c986f-cpzz4,2026-07-29T16:00:33.866355+00:00,DEBUG,f83dff6dff19ac27,a0b59ba7e2926c45,io-8080-exec-14,o.s.web.servlet.DispatcherServlet,"GET ""/owners/1"", parameters={}"
2026-07-29T16:01:29.396331+00:00,customers-service,customers-service-68987c986f-cpzz4,2026-07-29T16:00:33.113445+00:00,DEBUG,0ae736ff98a09398,432a18bc91a0c118,nio-8080-exec-9,o.s.web.servlet.DispatcherServlet,Completed 200 OK
2026-07-29T16:01:29.396331+00:00,customers-service,customers-service-68987c986f-cpzz4,2026-07-29T16:00:32.863343+00:00,DEBUG,0ae736ff98a09398,7d04e7f991759e5d,nio-8080-exec-9,o.s.web.servlet.DispatcherServlet,"GET ""/owners"", parameters={}"
2026-07-29T16:01:29.396331+00:00,customers-service,customers-service-68987c986f-cpzz4,2026-07-29T16:00:32.863320+00:00,DEBUG,d7ebade1d93fb018,ec5ea55941e9fcf9,nio-8080-exec-6,o.s.web.servlet.DispatcherServlet,Completed 200 OK
2026-07-29T16:01:29.396331+00:00,customers-service,customers-service-68987c986f-cpzz4,2026-07-29T16:00:32.863317+00:00,DEBUG,d7ebade1d93fb018,e66e4a3e42539bd0,nio-8080-exec-6,o.s.web.servlet.DispatcherServlet,"GET ""/owners"", parameters={}"
2026-07-29T16:01:29.396331+00:00,customers-service,customers-service-68987c986f-cpzz4,2026-07-29T16:00:32.110407+00:00,DEBUG,b4c1ec76cfcb683a,be0ddec36960fd17,io-8080-exec-13,o.s.web.servlet.DispatcherServlet,Completed 200 OK
2026-07-29T16:01:29.396331+00:00,customers-service,customers-service-68987c986f-cpzz4,2026-07-29T16:00:31.859611+00:00,DEBUG,b4c1ec76cfcb683a,8021322ba434a43a,io-8080-exec-13,o.s.web.servlet.DispatcherServlet,"GET ""/owners"", parameters={}"
2026-07-29T16:01:29.396331+00:00,customers-service,customers-service-68987c986f-cpzz4,2026-07-29T16:00:31.357981+00:00,DEBUG,aae00391ce1fe9f8,aae00391ce1fe9f8,nio-8080-exec-3,o.s.web.servlet.DispatcherServlet,Completed 200 OK
2026-07-29T16:01:29.396331+00:00,customers-service,customers-service-68987c986f-cpzz4,2026-07-29T16:00:31.357938+00:00,DEBUG,66e972a1cfccb5cc,8f5adb05c6d3d16b,nio-8080-exec-8,o.s.web.servlet.DispatcherServlet,Completed 200 OK
2026-07-29T16:01:29.396331+00:00,customers-service,customers-service-68987c986f-cpzz4,2026-07-29T16:00:31.357934+00:00,DEBUG,66e972a1cfccb5cc,088b95e56c8c8d71,nio-8080-exec-8,o.s.web.servlet.DispatcherServlet,"GET ""/owners/1"", parameters={}"
2026-07-29T16:01:29.396331+00:00,customers-service,customers-service-68987c986f-cpzz4,2026-07-29T16:00:31.106827+00:00,DEBUG,157e30c76e182ee0,f9979d920f5a5354,nio-8080-exec-7,o.s.web.servlet.DispatcherServlet,Completed 200 OK
2026-07-29T16:01:29.396331+00:00,customers-service,customers-service-68987c986f-cpzz4,2026-07-29T16:00:31.106821+00:00,DEBUG,157e30c76e182ee0,ea9ebe03a7f77b16,nio-8080-exec-7,o.s.web.servlet.DispatcherServlet,"GET ""/owners/1"", parameters={}"
2026-07-29T16:01:29.396331+00:00,customers-service,customers-service-68987c986f-cpzz4,2026-07-29T16:00:30.104242+00:00,DEBUG,f69fe3792b5aaf04,50db8d0d49acefb1,io-8080-exec-17,o.s.web.servlet.DispatcherServlet,Completed 200 OK
2026-07-29T16:01:29.396331+00:00,customers-service,customers-service-68987c986f-cpzz4,2026-07-29T16:00:29.852896+00:00,DEBUG,f69fe3792b5aaf04,8abeb39fcefabfea,io-8080-exec-17,o.s.web.servlet.DispatcherServlet,"GET ""/owners"", parameters={}"
2026-07-29T16:01:29.396331+00:00,customers-service,customers-service-68987c986f-cpzz4,2026-07-29T16:00:27.845583+00:00,DEBUG,7a9f919a3543681d,b0a4cc4c7cc08a2e,io-8080-exec-10,o.s.web.servlet.DispatcherServlet,Completed 200 OK
2026-07-29T16:01:29.396331+00:00,customers-service,customers-service-68987c986f-cpzz4,2026-07-29T16:00:27.845557+00:00,DEBUG,4fbcf54fc7f4c3fc,3b5ca881f5e25d71,io-8080-exec-23,o.s.web.servlet.DispatcherServlet,Completed 200 OK
2026-07-29T16:01:29.396331+00:00,customers-service,customers-service-68987c986f-cpzz4,2026-07-29T16:00:27.845554+00:00,DEBUG,7a9f919a3543681d,e004dcfb73f94724,io-8080-exec-10,o.s.web.servlet.DispatcherServlet,"GET ""/owners"", parameters={}"
2026-07-29T16:01:29.396331+00:00,customers-service,customers-service-68987c986f-cpzz4,2026-07-29T16:00:27.594723+00:00,DEBUG,4fbcf54fc7f4c3fc,027fddcd94fb12eb,io-8080-exec-23,o.s.web.servlet.DispatcherServlet,"GET ""/owners"", parameters={}"
2026-07-29T16:01:29.396331+00:00,customers-service,customers-service-68987c986f-cpzz4,2026-07-29T16:00:27.344462+00:00,DEBUG,e05dc686d72046a7,65cd74a8567cfd93,io-8080-exec-14,o.s.web.servlet.DispatcherServlet,Completed 200 OK
2026-07-29T16:01:29.396331+00:00,customers-service,customers-service-68987c986f-cpzz4,2026-07-29T16:00:27.093343+00:00,DEBUG,e05dc686d72046a7,d2a93d9e1cf1d848,io-8080-exec-14,o.s.web.servlet.DispatcherServlet,"GET ""/owners"", parameters={}"
2026-07-29T16:01:29.396331+00:00,customers-service,customers-service-68987c986f-cpzz4,2026-07-29T16:00:26.843319+00:00,DEBUG,9584ee23179ff99a,ad9c3aefaa4e6943,nio-8080-exec-9,o.s.web.servlet.DispatcherServlet,Completed 200 OK
2026-07-29T16:01:29.396331+00:00,customers-service,customers-service-68987c986f-cpzz4,2026-07-29T16:00:26.843191+00:00,DEBUG,f2512a9d8d252ea9,f2512a9d8d252ea9,nio-8080-exec-6,o.s.web.servlet.DispatcherServlet,Completed 200 OK
2026-07-29T16:01:29.396331+00:00,customers-service,customers-service-68987c986f-cpzz4,2026-07-29T16:00:26.843158+00:00,DEBUG,9584ee23179ff99a,974c19d3a8e911e2,nio-8080-exec-9,o.s.web.servlet.DispatcherServlet,"GET ""/owners"", parameters={}"
2026-07-29T16:01:29.396331+00:00,customers-service,customers-service-68987c986f-cpzz4,2026-07-29T16:00:26.592855+00:00,DEBUG,07d11393fa970ece,665dcc459bfa82fc,io-8080-exec-13,o.s.web.servlet.DispatcherServlet,Completed 200 OK
2026-07-29T16:01:29.396331+00:00,customers-service,customers-service-68987c986f-cpzz4,2026-07-29T16:00:26.342723+00:00,DEBUG,07d11393fa970ece,1b1b202ea0c94281,io-8080-exec-13,o.s.web.servlet.DispatcherServlet,"GET ""/owners/1"", parameters={}"
2026-07-29T16:01:29.396331+00:00,customers-service,customers-service-68987c986f-cpzz4,2026-07-29T16:00:26.342696+00:00,DEBUG,9a2587a2caf1b5a1,9a2587a2caf1b5a1,nio-8080-exec-3,o.s.web.servlet.DispatcherServlet,Completed 200 OK
2026-07-29T16:01:29.396331+00:00,customers-service,customers-service-68987c986f-cpzz4,2026-07-29T16:00:26.091950+00:00,DEBUG,c7948226b1b871a4,c1b929d415e47917,nio-8080-exec-8,o.s.web.servlet.DispatcherServlet,Completed 200 OK
2026-07-29T16:01:29.396331+00:00,customers-service,customers-service-68987c986f-cpzz4,2026-07-29T16:00:25.840977+00:00,DEBUG,c7948226b1b871a4,a2baffde4609900f,nio-8080-exec-8,o.s.web.servlet.DispatcherServlet,"GET ""/owners/1"", parameters={}"
2026-07-29T16:01:29.396331+00:00,customers-service,customers-service-68987c986f-cpzz4,2026-07-29T16:00:25.088899+00:00,DEBUG,6ddde816893c8a2a,39efec2d2f80d22f,nio-8080-exec-7,o.s.web.servlet.DispatcherServlet,Completed 200 OK
2026-07-29T16:01:29.396331+00:00,customers-service,customers-service-68987c986f-cpzz4,2026-07-29T16:00:24.837501+00:00,DEBUG,6ddde816893c8a2a,486057bd06d7a8cd,nio-8080-exec-7,o.s.web.servlet.DispatcherServlet,"GET ""/owners"", parameters={}"
2026-07-29T16:01:29.396331+00:00,customers-service,customers-service-68987c986f-ctsnj,2026-07-29T16:01:27.583366+00:00,DEBUG,ca07c964333f6324,55e41e9c9c6400d3,io-8080-exec-10,o.s.web.servlet.DispatcherServlet,Completed 200 OK
2026-07-29T16:01:29.396331+00:00,customers-service,customers-service-68987c986f-ctsnj,2026-07-29T16:01:27.332567+00:00,DEBUG,ca07c964333f6324,9745526f9b059e11,io-8080-exec-10,o.s.web.servlet.DispatcherServlet,"GET ""/owners/1"", parameters={}"
2026-07-29T16:01:29.396331+00:00,customers-service,customers-service-68987c986f-ctsnj,2026-07-29T16:01:26.330294+00:00,DEBUG,78658ecbcd8d3158,c567e177014f7a06,io-8080-exec-18,o.s.web.servlet.DispatcherServlet,Completed 200 OK
2026-07-29T16:01:29.396331+00:00,customers-service,customers-service-68987c986f-ctsnj,2026-07-29T16:01:26.330290+00:00,DEBUG,78658ecbcd8d3158,1cf11c4573b8f279,io-8080-exec-18,o.s.web.servlet.DispatcherServlet,"GET ""/owners"", parameters={}"
2026-07-29T16:01:29.396331+00:00,customers-service,customers-service-68987c986f-ctsnj,2026-07-29T16:01:25.829123+00:00,DEBUG,4c5a56c08e3fb27b,4c5a56c08e3fb27b,io-8080-exec-20,o.s.web.servlet.DispatcherServlet,Completed 200 OK
2026-07-29T16:01:29.396331+00:00,customers-service,customers-service-68987c986f-ctsnj,2026-07-29T16:01:25.328115+00:00,DEBUG,50fda54d44ab3c83,09acf29b916f4460,nio-8080-exec-3,o.s.web.servlet.DispatcherServlet,Completed 200 OK
2026-07-29T16:01:29.396331+00:00,customers-service,customers-service-68987c986f-ctsnj,2026-07-29T16:01:25.077970+00:00,DEBUG,50fda54d44ab3c83,f9a4d0d1fb7299f3,nio-8080-exec-3,o.s.web.servlet.DispatcherServlet,"GET ""/owners"", parameters={}"
2026-07-29T16:01:29.396331+00:00,customers-service,customers-service-68987c986f-ctsnj,2026-07-29T16:01:23.071224+00:00,DEBUG,563d4fbf581ea9f5,16aee7582259d1db,io-8080-exec-32,o.s.web.servlet.DispatcherServlet,Completed 200 OK
2026-07-29T16:01:29.396331+00:00,customers-service,customers-service-68987c986f-ctsnj,2026-07-29T16:01:23.071215+00:00,DEBUG,563d4fbf581ea9f5,4372806bb1278601,io-8080-exec-32,o.s.web.servlet.DispatcherServlet,"GET ""/owners/1"", parameters={}"
2026-07-29T16:01:29.396331+00:00,customers-service,customers-service-68987c986f-ctsnj,2026-07-29T16:01:22.067852+00:00,DEBUG,0eff66fb4ca74d81,4e5722521084eafe,nio-8080-exec-2,o.s.web.servlet.DispatcherServlet,Completed 200 OK
2026-07-29T16:01:29.396331+00:00,customers-service,customers-service-68987c986f-ctsnj,2026-07-29T16:01:22.067820+00:00,DEBUG,dadbeb402ce6c56a,dadbeb402ce6c56a,io-8080-exec-17,o.s.web.servlet.DispatcherServlet,Completed 200 OK
2026-07-29T16:01:29.396331+00:00,customers-service,customers-service-68987c986f-ctsnj,2026-07-29T16:01:21.817100+00:00,DEBUG,0eff66fb4ca74d81,6c480319d6003c55,nio-8080-exec-2,o.s.web.servlet.DispatcherServlet,"GET ""/owners"", parameters={}"
2026-07-29T16:01:29.396331+00:00,customers-service,customers-service-68987c986f-ctsnj,2026-07-29T16:01:21.065612+00:00,DEBUG,02b25553ab5248b3,4f4a31efbfae43ab,nio-8080-exec-5,o.s.web.servlet.DispatcherServlet,Completed 200 OK
2026-07-29T16:01:29.396331+00:00,customers-service,customers-service-68987c986f-ctsnj,2026-07-29T16:01:21.065605+00:00,DEBUG,02b25553ab5248b3,5cf65e63b552133f,nio-8080-exec-5,o.s.web.servlet.DispatcherServlet,"GET ""/owners/1"", parameters={}"
2026-07-29T16:01:29.396331+00:00,customers-service,customers-service-68987c986f-ctsnj,2026-07-29T16:01:20.815115+00:00,DEBUG,68bf44b89944cb57,68bf44b89944cb57,nio-8080-exec-9,o.s.web.servlet.DispatcherServlet,Completed 200 OK
2026-07-29T16:01:29.396331+00:00,customers-service,customers-service-68987c986f-ctsnj,2026-07-29T16:01:19.810868+00:00,DEBUG,5347e13520ee7729,6a7a482b76853129,io-8080-exec-25,o.s.web.servlet.DispatcherServlet,Completed 200 OK
2026-07-29T16:01:29.396331+00:00,customers-service,customers-service-68987c986f-ctsnj,2026-07-29T16:01:19.810861+00:00,DEBUG,5347e13520ee7729,dcdae28cd47bf62b,io-8080-exec-25,o.s.web.servlet.DispatcherServlet,"GET ""/owners/1"", parameters={}"
2026-07-29T16:01:29.396331+00:00,customers-service,customers-service-68987c986f-ctsnj,2026-07-29T16:01:18.808380+00:00,DEBUG,55a1f9955ac8d721,28681b86d321e1b6,io-8080-exec-13,o.s.web.servlet.DispatcherServlet,Completed 200 OK
2026-07-29T16:01:29.396331+00:00,customers-service,customers-service-68987c986f-ctsnj,2026-07-29T16:01:18.558148+00:00,DEBUG,55a1f9955ac8d721,3051597240937abc,io-8080-exec-13,o.s.web.servlet.DispatcherServlet,"GET ""/owners"", parameters={}"
2026-07-29T16:01:29.396331+00:00,customers-service,customers-service-68987c986f-ctsnj,2026-07-29T16:01:17.555424+00:00,DEBUG,799c76dc2a06c8b1,907d0d5426fae3ca,io-8080-exec-10,o.s.web.servlet.DispatcherServlet,Completed 200 OK
2026-07-29T16:01:29.396331+00:00,customers-service,customers-service-68987c986f-ctsnj,2026-07-29T16:01:17.304200+00:00,DEBUG,799c76dc2a06c8b1,ea6de11c066836fa,io-8080-exec-10,o.s.web.servlet.DispatcherServlet,"GET ""/owners"", parameters={}"
2026-07-29T16:01:29.396331+00:00,customers-service,customers-service-68987c986f-ctsnj,2026-07-29T16:01:16.551207+00:00,DEBUG,fb2afbad64c06f9f,a157a0ae2de46a8e,io-8080-exec-18,o.s.web.servlet.DispatcherServlet,Completed 200 OK
2026-07-29T16:01:29.396331+00:00,customers-service,customers-service-68987c986f-ctsnj,2026-07-29T16:01:16.551201+00:00,DEBUG,fb2afbad64c06f9f,6b16d7328fa78640,io-8080-exec-18,o.s.web.servlet.DispatcherServlet,"GET ""/owners/1"", parameters={}"
2026-07-29T16:01:29.396331+00:00,customers-service,customers-service-68987c986f-ctsnj,2026-07-29T16:01:16.300499+00:00,DEBUG,28f82687a390d1fc,3848d0bef98220c3,io-8080-exec-20,o.s.web.servlet.DispatcherServlet,Completed 200 OK
2026-07-29T16:01:29.396331+00:00,customers-service,customers-service-68987c986f-ctsnj,2026-07-29T16:01:16.049928+00:00,DEBUG,28f82687a390d1fc,894f363ee59517e9,io-8080-exec-20,o.s.web.servlet.DispatcherServlet,"GET ""/owners"", parameters={}"
2026-07-29T16:01:29.396331+00:00,customers-service,customers-service-68987c986f-ctsnj,2026-07-29T16:01:14.796324+00:00,DEBUG,50baf98e555cdefe,41e0a63ed82d25b3,nio-8080-exec-3,o.s.web.servlet.DispatcherServlet,Completed 200 OK
2026-07-29T16:01:29.396331+00:00,customers-service,customers-service-68987c986f-ctsnj,2026-07-29T16:01:14.796320+00:00,DEBUG,50baf98e555cdefe,7c0c0e85e11d2bd3,nio-8080-exec-3,o.s.web.servlet.DispatcherServlet,"GET ""/owners/1"", parameters={}"
2026-07-29T16:01:29.396331+00:00,customers-service,customers-service-68987c986f-ctsnj,2026-07-29T16:01:13.293267+00:00,DEBUG,f0144b52dc90df17,80e2ab22c5fbdaca,io-8080-exec-32,o.s.web.servlet.DispatcherServlet,Completed 200 OK
2026-07-29T16:01:29.396331+00:00,customers-service,customers-service-68987c986f-ctsnj,2026-07-29T16:01:13.293260+00:00,DEBUG,f0144b52dc90df17,042ec2204442e4ea,io-8080-exec-32,o.s.web.servlet.DispatcherServlet,"GET ""/owners/1"", parameters={}"
2026-07-29T16:01:29.396331+00:00,customers-service,customers-service-68987c986f-ctsnj,2026-07-29T16:01:12.290266+00:00,DEBUG,832871f4bae76198,cb7b625c992c853a,io-8080-exec-17,o.s.web.servlet.DispatcherServlet,Completed 200 OK
2026-07-29T16:01:29.396331+00:00,customers-service,customers-service-68987c986f-ctsnj,2026-07-29T16:01:12.290262+00:00,DEBUG,832871f4bae76198,d385c8e90e49ed15,io-8080-exec-17,o.s.web.servlet.DispatcherServlet,"GET ""/owners/1"", parameters={}"
2026-07-29T16:01:29.396331+00:00,customers-service,customers-service-68987c986f-ctsnj,2026-07-29T16:01:11.788287+00:00,DEBUG,8fcda6715fa6202c,dbacfd67f2137a3c,nio-8080-exec-2,o.s.web.servlet.DispatcherServlet,Completed 200 OK
2026-07-29T16:01:29.396331+00:00,customers-service,customers-service-68987c986f-ctsnj,2026-07-29T16:01:11.788284+00:00,DEBUG,8fcda6715fa6202c,c02d98164ff6a97a,nio-8080-exec-2,o.s.web.servlet.DispatcherServlet,"GET ""/owners"", parameters={}"
2026-07-29T16:01:29.396331+00:00,customers-service,customers-service-68987c986f-ctsnj,2026-07-29T16:01:10.784321+00:00,DEBUG,c3e1d3f42341d45e,41ac3dcb2826d8f9,nio-8080-exec-5,o.s.web.servlet.DispatcherServlet,Completed 200 OK
2026-07-29T16:01:29.396331+00:00,customers-service,customers-service-68987c986f-ctsnj,2026-07-29T16:01:10.784298+00:00,DEBUG,a22d47b177c93887,a22d47b177c93887,nio-8080-exec-9,o.s.web.servlet.DispatcherServlet,Completed 200 OK
2026-07-29T16:01:29.396331+00:00,customers-service,customers-service-68987c986f-ctsnj,2026-07-29T16:01:10.533346+00:00,DEBUG,c3e1d3f42341d45e,0b467143267db32a,nio-8080-exec-5,o.s.web.servlet.DispatcherServlet,"GET ""/owners"", parameters={}"
2026-07-29T16:01:29.396331+00:00,customers-service,customers-service-68987c986f-ctsnj,2026-07-29T16:01:09.780985+00:00,DEBUG,481168c6a62c8717,c7021a8692572210,io-8080-exec-25,o.s.web.servlet.DispatcherServlet,Completed 200 OK
2026-07-29T16:01:29.396331+00:00,customers-service,customers-service-68987c986f-ctsnj,2026-07-29T16:01:09.530586+00:00,DEBUG,481168c6a62c8717,9ba5bd325027f9db,io-8080-exec-25,o.s.web.servlet.DispatcherServlet,"GET ""/owners/1"", parameters={}"
2026-07-29T16:01:29.396331+00:00,customers-service,customers-service-68987c986f-ctsnj,2026-07-29T16:01:08.025630+00:00,DEBUG,f7e0203b39ae570e,7d958b907046ea34,io-8080-exec-13,o.s.web.servlet.DispatcherServlet,Completed 200 OK
2026-07-29T16:01:29.396331+00:00,customers-service,customers-service-68987c986f-ctsnj,2026-07-29T16:01:08.025625+00:00,DEBUG,f7e0203b39ae570e,1fefdd81e42274b6,io-8080-exec-13,o.s.web.servlet.DispatcherServlet,"GET ""/owners"", parameters={}"
2026-07-29T16:01:29.396331+00:00,customers-service,customers-service-68987c986f-ctsnj,2026-07-29T16:01:06.519898+00:00,DEBUG,1c1646c5c0bbad9d,cc6c9ec4788ceab0,io-8080-exec-10,o.s.web.servlet.DispatcherServlet,Completed 200 OK
2026-07-29T16:01:29.396331+00:00,customers-service,customers-service-68987c986f-ctsnj,2026-07-29T16:01:06.519891+00:00,DEBUG,1c1646c5c0bbad9d,9ebb835e5041b590,io-8080-exec-10,o.s.web.servlet.DispatcherServlet,"GET ""/owners"", parameters={}"
2026-07-29T16:01:29.396331+00:00,customers-service,customers-service-68987c986f-ctsnj,2026-07-29T16:01:06.018191+00:00,DEBUG,df69adcdf57882d4,5b67c3589e2b58e1,io-8080-exec-18,o.s.web.servlet.DispatcherServlet,Completed 200 OK
2026-07-29T16:01:29.396331+00:00,customers-service,customers-service-68987c986f-ctsnj,2026-07-29T16:01:05.767846+00:00,DEBUG,c7662bae47078ded,c7662bae47078ded,io-8080-exec-20,o.s.web.servlet.DispatcherServlet,Completed 200 OK
2026-07-29T16:01:29.396331+00:00,customers-service,customers-service-68987c986f-ctsnj,2026-07-29T16:01:05.767823+00:00,DEBUG,df69adcdf57882d4,96f5da3c4dfab288,io-8080-exec-18,o.s.web.servlet.DispatcherServlet,"GET ""/owners"", parameters={}"
2026-07-29T16:01:29.396331+00:00,customers-service,customers-service-68987c986f-ctsnj,2026-07-29T16:01:05.517017+00:00,DEBUG,3a68c96d480d76a3,6d7ba4cdbdd726e8,nio-8080-exec-3,o.s.web.servlet.DispatcherServlet,Completed 200 OK
2026-07-29T16:01:29.396331+00:00,customers-service,customers-service-68987c986f-ctsnj,2026-07-29T16:01:05.266322+00:00,DEBUG,3a68c96d480d76a3,942c7313bfd1d884,nio-8080-exec-3,o.s.web.servlet.DispatcherServlet,"GET ""/owners/1"", parameters={}"
2026-07-29T16:01:29.396331+00:00,customers-service,customers-service-68987c986f-ctsnj,2026-07-29T16:01:04.765515+00:00,DEBUG,76ab41620ec03fc4,7ee7dc099dfe633b,io-8080-exec-32,o.s.web.servlet.DispatcherServlet,Completed 200 OK
2026-07-29T16:01:29.396331+00:00,customers-service,customers-service-68987c986f-ctsnj,2026-07-29T16:01:04.515151+00:00,DEBUG,76ab41620ec03fc4,ec5f9a07796c0600,io-8080-exec-32,o.s.web.servlet.DispatcherServlet,"GET ""/owners/1"", parameters={}"
2026-07-29T16:01:29.396331+00:00,customers-service,customers-service-68987c986f-ctsnj,2026-07-29T16:01:04.012457+00:00,DEBUG,e2deb27c570c940e,6f71f03b3eb3c195,io-8080-exec-17,o.s.web.servlet.DispatcherServlet,Completed 200 OK
2026-07-29T16:01:29.396331+00:00,customers-service,customers-service-68987c986f-ctsnj,2026-07-29T16:01:03.761490+00:00,DEBUG,e2deb27c570c940e,6a076ed2a90b6200,io-8080-exec-17,o.s.web.servlet.DispatcherServlet,"GET ""/owners"", parameters={}"
2026-07-29T16:01:29.396331+00:00,customers-service,customers-service-68987c986f-ctsnj,2026-07-29T16:01:03.510659+00:00,DEBUG,db088ed8dafb4df8,2c3fc93c8a4f727b,nio-8080-exec-2,o.s.web.servlet.DispatcherServlet,Completed 200 OK
2026-07-29T16:01:29.396331+00:00,customers-service,customers-service-68987c986f-ctsnj,2026-07-29T16:01:03.008081+00:00,DEBUG,db088ed8dafb4df8,54453adbafc980c0,nio-8080-exec-2,o.s.web.servlet.DispatcherServlet,"GET ""/owners"", parameters={}"
2026-07-29T16:01:29.396331+00:00,customers-service,customers-service-68987c986f-ctsnj,2026-07-29T16:01:02.506897+00:00,DEBUG,d406503325747500,ca63ee706a5cab22,nio-8080-exec-9,o.s.web.servlet.DispatcherServlet,Completed 200 OK
2026-07-29T16:01:29.396331+00:00,customers-service,customers-service-68987c986f-ctsnj,2026-07-29T16:01:02.256049+00:00,DEBUG,d406503325747500,5f7f854a508385d5,nio-8080-exec-9,o.s.web.servlet.DispatcherServlet,"GET ""/owners"", parameters={}"
2026-07-29T16:01:29.396331+00:00,customers-service,customers-service-68987c986f-ctsnj,2026-07-29T16:01:02.005826+00:00,DEBUG,700f6cd5876ae0a1,700f6cd5876ae0a1,nio-8080-exec-5,o.s.web.servlet.DispatcherServlet,Completed 200 OK
2026-07-29T16:01:29.396331+00:00,customers-service,customers-service-68987c986f-ctsnj,2026-07-29T16:01:01.755329+00:00,DEBUG,28d3c9cbcff78ed7,d5e83e1e0de71c6e,io-8080-exec-25,o.s.web.servlet.DispatcherServlet,Completed 200 OK
2026-07-29T16:01:29.396331+00:00,customers-service,customers-service-68987c986f-ctsnj,2026-07-29T16:01:01.505283+00:00,DEBUG,28d3c9cbcff78ed7,0f52a40e8dbeb327,io-8080-exec-25,o.s.web.servlet.DispatcherServlet,"GET ""/owners"", parameters={}"
2026-07-29T16:01:29.396331+00:00,customers-service,customers-service-68987c986f-ctsnj,2026-07-29T16:01:01.003283+00:00,DEBUG,418aedbf4c047004,999e6ce89d89350a,io-8080-exec-13,o.s.web.servlet.DispatcherServlet,Completed 200 OK
2026-07-29T16:01:29.396331+00:00,customers-service,customers-service-68987c986f-ctsnj,2026-07-29T16:01:00.752082+00:00,DEBUG,418aedbf4c047004,e2ee508b4adb6384,io-8080-exec-13,o.s.web.servlet.DispatcherServlet,"GET ""/owners"", parameters={}"
2026-07-29T16:01:29.396331+00:00,customers-service,customers-service-68987c986f-ctsnj,2026-07-29T16:00:59.749492+00:00,DEBUG,d40b1f74627c0368,61b9d030fc2727d9,io-8080-exec-10,o.s.web.servlet.DispatcherServlet,Completed 200 OK
2026-07-29T16:01:29.396331+00:00,customers-service,customers-service-68987c986f-ctsnj,2026-07-29T16:00:59.499157+00:00,DEBUG,d40b1f74627c0368,a5eb04a3681b775d,io-8080-exec-10,o.s.web.servlet.DispatcherServlet,"GET ""/owners/1"", parameters={}"
2026-07-29T16:01:29.396331+00:00,customers-service,customers-service-68987c986f-ctsnj,2026-07-29T16:00:58.745405+00:00,DEBUG,a8d117783aa6aa5f,a8a6ba4d01988d6c,io-8080-exec-20,o.s.web.servlet.DispatcherServlet,Completed 200 OK
2026-07-29T16:01:29.396331+00:00,customers-service,customers-service-68987c986f-ctsnj,2026-07-29T16:00:58.495105+00:00,DEBUG,a8d117783aa6aa5f,c39112e18afabffb,io-8080-exec-20,o.s.web.servlet.DispatcherServlet,"GET ""/owners"", parameters={}"
2026-07-29T16:01:29.396331+00:00,customers-service,customers-service-68987c986f-ctsnj,2026-07-29T16:00:57.994344+00:00,DEBUG,cc9e16b3c0b25142,0f823f97f4f5341d,io-8080-exec-18,o.s.web.servlet.DispatcherServlet,Completed 200 OK
2026-07-29T16:01:29.396331+00:00,customers-service,customers-service-68987c986f-ctsnj,2026-07-29T16:00:57.743042+00:00,DEBUG,cc9e16b3c0b25142,0b6cae2ec6efce16,io-8080-exec-18,o.s.web.servlet.DispatcherServlet,"GET ""/owners"", parameters={}"
2026-07-29T16:01:29.396331+00:00,customers-service,customers-service-68987c986f-ctsnj,2026-07-29T16:00:57.491962+00:00,DEBUG,fafd23f51997405e,b12de100ecfa6b44,nio-8080-exec-3,o.s.web.servlet.DispatcherServlet,Completed 200 OK
2026-07-29T16:01:29.396331+00:00,customers-service,customers-service-68987c986f-ctsnj,2026-07-29T16:00:56.991599+00:00,DEBUG,fafd23f51997405e,b69d253e8142af01,nio-8080-exec-3,o.s.web.servlet.DispatcherServlet,"GET ""/owners"", parameters={}"
2026-07-29T16:01:29.396331+00:00,customers-service,customers-service-68987c986f-ctsnj,2026-07-29T16:00:56.489787+00:00,DEBUG,4e82bccb80cde05f,82ec2cb41393bac5,io-8080-exec-32,o.s.web.servlet.DispatcherServlet,Completed 200 OK
2026-07-29T16:01:29.396331+00:00,customers-service,customers-service-68987c986f-ctsnj,2026-07-29T16:00:56.238623+00:00,DEBUG,4e82bccb80cde05f,00dad445714ba95e,io-8080-exec-32,o.s.web.servlet.DispatcherServlet,"GET ""/owners/1"", parameters={}"
2026-07-29T16:01:29.396331+00:00,customers-service,customers-service-68987c986f-ctsnj,2026-07-29T16:00:56.238620+00:00,DEBUG,22ca89f008ce2c81,aebe5b6c680bf758,io-8080-exec-17,o.s.web.servlet.DispatcherServlet,Completed 200 OK
2026-07-29T16:01:29.396331+00:00,customers-service,customers-service-68987c986f-ctsnj,2026-07-29T16:00:55.737724+00:00,DEBUG,d45c4ae1db25ed99,d45c4ae1db25ed99,nio-8080-exec-2,o.s.web.servlet.DispatcherServlet,Completed 200 OK
2026-07-29T16:01:29.396331+00:00,customers-service,customers-service-68987c986f-ctsnj,2026-07-29T16:00:55.737691+00:00,DEBUG,22ca89f008ce2c81,c7ca1a6f03667b4f,io-8080-exec-17,o.s.web.servlet.DispatcherServlet,"GET ""/owners/1"", parameters={}"
2026-07-29T16:01:29.396331+00:00,customers-service,customers-service-68987c986f-ctsnj,2026-07-29T16:00:55.737688+00:00,DEBUG,ac20a4e21cc3d960,4cf642bb88ba6d5b,nio-8080-exec-9,o.s.web.servlet.DispatcherServlet,Completed 200 OK
2026-07-29T16:01:29.396331+00:00,customers-service,customers-service-68987c986f-ctsnj,2026-07-29T16:00:54.483956+00:00,DEBUG,ac20a4e21cc3d960,1426d72e68c90b39,nio-8080-exec-9,o.s.web.servlet.DispatcherServlet,"GET ""/owners"", parameters={}"
2026-07-29T16:01:29.396331+00:00,customers-service,customers-service-68987c986f-ctsnj,2026-07-29T16:00:54.483953+00:00,DEBUG,72f71cdf3cb5ac0d,abfc9453405e3d82,nio-8080-exec-5,o.s.web.servlet.DispatcherServlet,Completed 200 OK
2026-07-29T16:01:29.396331+00:00,customers-service,customers-service-68987c986f-ctsnj,2026-07-29T16:00:54.233214+00:00,DEBUG,72f71cdf3cb5ac0d,e0728c3d9ef5faf3,nio-8080-exec-5,o.s.web.servlet.DispatcherServlet,"GET ""/owners/1"", parameters={}"
2026-07-29T16:01:29.396331+00:00,customers-service,customers-service-68987c986f-ctsnj,2026-07-29T16:00:53.982373+00:00,DEBUG,5e88b85b773a482f,19a8c9f831b031dc,io-8080-exec-25,o.s.web.servlet.DispatcherServlet,Completed 200 OK
2026-07-29T16:01:29.396331+00:00,customers-service,customers-service-68987c986f-ctsnj,2026-07-29T16:00:53.731607+00:00,DEBUG,5e88b85b773a482f,73fdbccabf2004f5,io-8080-exec-25,o.s.web.servlet.DispatcherServlet,"GET ""/owners/1"", parameters={}"
2026-07-29T16:01:29.396331+00:00,customers-service,customers-service-68987c986f-ctsnj,2026-07-29T16:00:50.974734+00:00,DEBUG,00962070c37dc3b1,e962108d24a2d40e,io-8080-exec-13,o.s.web.servlet.DispatcherServlet,Completed 200 OK
2026-07-29T16:01:29.396331+00:00,customers-service,customers-service-68987c986f-ctsnj,2026-07-29T16:00:50.974730+00:00,DEBUG,00962070c37dc3b1,8ce22d11581827b6,io-8080-exec-13,o.s.web.servlet.DispatcherServlet,"GET ""/owners"", parameters={}"
2026-07-29T16:01:29.396331+00:00,customers-service,customers-service-68987c986f-ctsnj,2026-07-29T16:00:50.723418+00:00,DEBUG,5313c81bdbaec241,5313c81bdbaec241,io-8080-exec-10,o.s.web.servlet.DispatcherServlet,Completed 200 OK
2026-07-29T16:01:29.396331+00:00,customers-service,customers-service-68987c986f-ctsnj,2026-07-29T16:00:49.970546+00:00,DEBUG,701a068c63396d83,ebd067df8e53394e,io-8080-exec-20,o.s.web.servlet.DispatcherServlet,Completed 200 OK
2026-07-29T16:01:29.396331+00:00,customers-service,customers-service-68987c986f-ctsnj,2026-07-29T16:00:49.970538+00:00,DEBUG,701a068c63396d83,6c9d5aaec7ba7148,io-8080-exec-20,o.s.web.servlet.DispatcherServlet,"GET ""/owners/1"", parameters={}"
2026-07-29T16:01:29.396331+00:00,customers-service,customers-service-68987c986f-ctsnj,2026-07-29T16:00:49.719629+00:00,DEBUG,86131857d5346b5e,f064d2905ea14e66,io-8080-exec-18,o.s.web.servlet.DispatcherServlet,Completed 200 OK
2026-07-29T16:01:29.396331+00:00,customers-service,customers-service-68987c986f-ctsnj,2026-07-29T16:00:49.719624+00:00,DEBUG,86131857d5346b5e,2d490762934e4c39,io-8080-exec-18,o.s.web.servlet.DispatcherServlet,"GET ""/owners/1"", parameters={}"
2026-07-29T16:01:29.396331+00:00,customers-service,customers-service-68987c986f-ctsnj,2026-07-29T16:00:48.967147+00:00,DEBUG,0d56ea04697ff92d,10ed94bb157210d8,nio-8080-exec-3,o.s.web.servlet.DispatcherServlet,Completed 200 OK
2026-07-29T16:01:29.396331+00:00,customers-service,customers-service-68987c986f-ctsnj,2026-07-29T16:00:48.967125+00:00,DEBUG,2e800deedbeef32d,95cfd86b533dc0c1,io-8080-exec-32,o.s.web.servlet.DispatcherServlet,Completed 200 OK
2026-07-29T16:01:29.396331+00:00,customers-service,customers-service-68987c986f-ctsnj,2026-07-29T16:00:48.967120+00:00,DEBUG,2e800deedbeef32d,2dfe348aeb597b4b,io-8080-exec-32,o.s.web.servlet.DispatcherServlet,"GET ""/owners/1"", parameters={}"
2026-07-29T16:01:29.396331+00:00,customers-service,customers-service-68987c986f-ctsnj,2026-07-29T16:00:48.465185+00:00,DEBUG,0d56ea04697ff92d,282e91034bb386fa,nio-8080-exec-3,o.s.web.servlet.DispatcherServlet,"GET ""/owners"", parameters={}"
2026-07-29T16:01:29.396331+00:00,customers-service,customers-service-68987c986f-ctsnj,2026-07-29T16:00:47.963263+00:00,DEBUG,ab8cdb79e2957411,e04a3066934c0904,nio-8080-exec-2,o.s.web.servlet.DispatcherServlet,Completed 200 OK
2026-07-29T16:01:29.396331+00:00,customers-service,customers-service-68987c986f-ctsnj,2026-07-29T16:00:47.963258+00:00,DEBUG,ab8cdb79e2957411,a711599ece7cb494,nio-8080-exec-2,o.s.web.servlet.DispatcherServlet,"GET ""/owners/1"", parameters={}"
2026-07-29T16:01:29.396331+00:00,customers-service,customers-service-68987c986f-ctsnj,2026-07-29T16:00:47.712578+00:00,DEBUG,2ce4a89f8c4bfe4b,4788247cbdafb867,io-8080-exec-17,o.s.web.servlet.DispatcherServlet,Completed 200 OK
2026-07-29T16:01:29.396331+00:00,customers-service,customers-service-68987c986f-ctsnj,2026-07-29T16:00:47.712534+00:00,DEBUG,2ce4a89f8c4bfe4b,071abeab83e97211,io-8080-exec-17,o.s.web.servlet.DispatcherServlet,"GET ""/owners/1"", parameters={}"
2026-07-29T16:01:29.396331+00:00,customers-service,customers-service-68987c986f-ctsnj,2026-07-29T16:00:46.710153+00:00,DEBUG,73257566df862be4,009872774627a765,nio-8080-exec-9,o.s.web.servlet.DispatcherServlet,Completed 200 OK
2026-07-29T16:01:29.396331+00:00,customers-service,customers-service-68987c986f-ctsnj,2026-07-29T16:00:46.459593+00:00,DEBUG,73257566df862be4,4b3f79db146fefba,nio-8080-exec-9,o.s.web.servlet.DispatcherServlet,"GET ""/owners/1"", parameters={}"
2026-07-29T16:01:29.396331+00:00,customers-service,customers-service-68987c986f-ctsnj,2026-07-29T16:00:46.459575+00:00,DEBUG,36ae8b06b5b08165,ba1e82906c794eef,nio-8080-exec-5,o.s.web.servlet.DispatcherServlet,Completed 200 OK
2026-07-29T16:01:29.396331+00:00,customers-service,customers-service-68987c986f-ctsnj,2026-07-29T16:00:46.459573+00:00,DEBUG,36ae8b06b5b08165,09908237a40b0425,nio-8080-exec-5,o.s.web.servlet.DispatcherServlet,"GET ""/owners/1"", parameters={}"
2026-07-29T16:01:29.396331+00:00,customers-service,customers-service-68987c986f-ctsnj,2026-07-29T16:00:45.957761+00:00,DEBUG,7fc4f4355c84d933,c54d2f7b12da6411,io-8080-exec-25,o.s.web.servlet.DispatcherServlet,Completed 200 OK
2026-07-29T16:01:29.396331+00:00,customers-service,customers-service-68987c986f-ctsnj,2026-07-29T16:00:45.957755+00:00,DEBUG,7fc4f4355c84d933,f151f540326a1a80,io-8080-exec-25,o.s.web.servlet.DispatcherServlet,"GET ""/owners/1"", parameters={}"
2026-07-29T16:01:29.396331+00:00,customers-service,customers-service-68987c986f-ctsnj,2026-07-29T16:00:45.704959+00:00,DEBUG,039d3322408b6e79,bb1f91775b5d3a96,io-8080-exec-13,o.s.web.servlet.DispatcherServlet,Completed 200 OK
2026-07-29T16:01:29.396331+00:00,customers-service,customers-service-68987c986f-ctsnj,2026-07-29T16:00:45.704955+00:00,DEBUG,039d3322408b6e79,76f9420934418509,io-8080-exec-13,o.s.web.servlet.DispatcherServlet,"GET ""/owners"", parameters={}"
2026-07-29T16:01:29.396331+00:00,customers-service,customers-service-68987c986f-ctsnj,2026-07-29T16:00:44.702921+00:00,DEBUG,b23a3a0fcc3ed13f,1733db36cc474069,io-8080-exec-10,o.s.web.servlet.DispatcherServlet,Completed 200 OK
2026-07-29T16:01:29.396331+00:00,customers-service,customers-service-68987c986f-ctsnj,2026-07-29T16:00:44.452531+00:00,DEBUG,b23a3a0fcc3ed13f,3e8fbb69335b3b4d,io-8080-exec-10,o.s.web.servlet.DispatcherServlet,"GET ""/owners"", parameters={}"
2026-07-29T16:01:29.396331+00:00,customers-service,customers-service-68987c986f-ctsnj,2026-07-29T16:00:43.950758+00:00,DEBUG,de8ddf5d1fbc45a5,e8ef4542f085ae09,io-8080-exec-20,o.s.web.servlet.DispatcherServlet,Completed 200 OK
2026-07-29T16:01:29.396331+00:00,customers-service,customers-service-68987c986f-ctsnj,2026-07-29T16:00:43.950754+00:00,DEBUG,de8ddf5d1fbc45a5,f9912231cd1e21b4,io-8080-exec-20,o.s.web.servlet.DispatcherServlet,"GET ""/owners/1"", parameters={}"
2026-07-29T16:01:29.396331+00:00,customers-service,customers-service-68987c986f-ctsnj,2026-07-29T16:00:43.200027+00:00,DEBUG,7ddb3f83fbed90fc,24f30d01f9215576,io-8080-exec-18,o.s.web.servlet.DispatcherServlet,Completed 200 OK
2026-07-29T16:01:29.396331+00:00,customers-service,customers-service-68987c986f-ctsnj,2026-07-29T16:00:43.200013+00:00,DEBUG,7ddb3f83fbed90fc,7f6d9eecd504b6f8,io-8080-exec-18,o.s.web.servlet.DispatcherServlet,"GET ""/owners/1"", parameters={}"
2026-07-29T16:01:29.396331+00:00,customers-service,customers-service-68987c986f-ctsnj,2026-07-29T16:00:43.199995+00:00,DEBUG,f55217efdf0ebef3,65a66b1c57eb1b55,io-8080-exec-32,o.s.web.servlet.DispatcherServlet,Completed 200 OK
2026-07-29T16:01:29.396331+00:00,customers-service,customers-service-68987c986f-ctsnj,2026-07-29T16:00:43.199991+00:00,DEBUG,f55217efdf0ebef3,307c92819adbb013,io-8080-exec-32,o.s.web.servlet.DispatcherServlet,"GET ""/owners/1"", parameters={}"
2026-07-29T16:01:29.396331+00:00,customers-service,customers-service-68987c986f-ctsnj,2026-07-29T16:00:42.447476+00:00,DEBUG,4d08d5880aa8761e,51c50a8b8cb91d39,nio-8080-exec-3,o.s.web.servlet.DispatcherServlet,Completed 200 OK
2026-07-29T16:01:29.396331+00:00,customers-service,customers-service-68987c986f-ctsnj,2026-07-29T16:00:41.946533+00:00,DEBUG,d4c493fc57fe4a35,d4c493fc57fe4a35,nio-8080-exec-2,o.s.web.servlet.DispatcherServlet,Completed 200 OK
2026-07-29T16:01:29.396331+00:00,customers-service,customers-service-68987c986f-ctsnj,2026-07-29T16:00:41.946498+00:00,DEBUG,55a6dcb3541fd61f,2bb0f11fcb983684,io-8080-exec-17,o.s.web.servlet.DispatcherServlet,Completed 200 OK
2026-07-29T16:01:29.396331+00:00,customers-service,customers-service-68987c986f-ctsnj,2026-07-29T16:00:41.444509+00:00,DEBUG,4d08d5880aa8761e,d0d1aeec9f6c71a1,nio-8080-exec-3,o.s.web.servlet.DispatcherServlet,"GET ""/owners"", parameters={}"
2026-07-29T16:01:29.396331+00:00,customers-service,customers-service-68987c986f-ctsnj,2026-07-29T16:00:40.941580+00:00,DEBUG,e1e89555686d1bb8,e1e89555686d1bb8,nio-8080-exec-9,o.s.web.servlet.DispatcherServlet,Completed 200 OK
2026-07-29T16:01:29.396331+00:00,customers-service,customers-service-68987c986f-ctsnj,2026-07-29T16:00:40.690448+00:00,DEBUG,55a6dcb3541fd61f,e63ccf23c5d32ff0,io-8080-exec-17,o.s.web.servlet.DispatcherServlet,"GET ""/owners"", parameters={}"
2026-07-29T16:01:29.396331+00:00,customers-service,customers-service-68987c986f-ctsnj,2026-07-29T16:00:40.189521+00:00,DEBUG,035334e72e5c6ed3,c878f9db53359e85,nio-8080-exec-5,o.s.web.servlet.DispatcherServlet,Completed 200 OK
2026-07-29T16:01:29.396331+00:00,customers-service,customers-service-68987c986f-ctsnj,2026-07-29T16:00:39.436146+00:00,DEBUG,035334e72e5c6ed3,396e3ab739b91c6a,nio-8080-exec-5,o.s.web.servlet.DispatcherServlet,"GET ""/owners"", parameters={}"
2026-07-29T16:01:29.396331+00:00,customers-service,customers-service-68987c986f-ctsnj,2026-07-29T16:00:38.433554+00:00,DEBUG,17ca70211748f0a7,f2b722adb927526d,io-8080-exec-25,o.s.web.servlet.DispatcherServlet,Completed 200 OK
2026-07-29T16:01:29.396331+00:00,customers-service,customers-service-68987c986f-ctsnj,2026-07-29T16:00:38.182692+00:00,DEBUG,17ca70211748f0a7,a8c704f908c65a4a,io-8080-exec-25,o.s.web.servlet.DispatcherServlet,"GET ""/owners/1"", parameters={}"
2026-07-29T16:01:29.396331+00:00,customers-service,customers-service-68987c986f-ctsnj,2026-07-29T16:00:36.929037+00:00,DEBUG,9e31076ce54a0712,5724770a8dd5599f,io-8080-exec-13,o.s.web.servlet.DispatcherServlet,Completed 200 OK
2026-07-29T16:01:29.396331+00:00,customers-service,customers-service-68987c986f-ctsnj,2026-07-29T16:00:36.678199+00:00,DEBUG,9e31076ce54a0712,6dbd14925a66e1c9,io-8080-exec-13,o.s.web.servlet.DispatcherServlet,"GET ""/owners"", parameters={}"
2026-07-29T16:01:29.396331+00:00,customers-service,customers-service-68987c986f-ctsnj,2026-07-29T16:00:35.925059+00:00,DEBUG,f2c48f27624418fb,ea30b9c0e8c8046d,io-8080-exec-10,o.s.web.servlet.DispatcherServlet,Completed 200 OK
2026-07-29T16:01:29.396331+00:00,customers-service,customers-service-68987c986f-ctsnj,2026-07-29T16:00:35.925030+00:00,DEBUG,f2c48f27624418fb,08bcad2ef4683e74,io-8080-exec-10,o.s.web.servlet.DispatcherServlet,"GET ""/owners/1"", parameters={}"
2026-07-29T16:01:29.396331+00:00,customers-service,customers-service-68987c986f-ctsnj,2026-07-29T16:00:35.925023+00:00,DEBUG,be63cd3c825dc5a4,be63cd3c825dc5a4,io-8080-exec-20,o.s.web.servlet.DispatcherServlet,Completed 200 OK
2026-07-29T16:01:29.396331+00:00,customers-service,customers-service-68987c986f-ctsnj,2026-07-29T16:00:35.423836+00:00,DEBUG,62985ad06f105941,d3805195f2f6c1db,io-8080-exec-18,o.s.web.servlet.DispatcherServlet,Completed 200 OK
2026-07-29T16:01:29.396331+00:00,customers-service,customers-service-68987c986f-ctsnj,2026-07-29T16:00:35.172956+00:00,DEBUG,62985ad06f105941,c301688b95f511f6,io-8080-exec-18,o.s.web.servlet.DispatcherServlet,"GET ""/owners/1"", parameters={}"
2026-07-29T16:01:29.396331+00:00,customers-service,customers-service-68987c986f-ctsnj,2026-07-29T16:00:34.421565+00:00,DEBUG,ab2505eee5d245b1,67b5f71992518668,io-8080-exec-32,o.s.web.servlet.DispatcherServlet,Completed 200 OK
2026-07-29T16:01:29.396331+00:00,customers-service,customers-service-68987c986f-ctsnj,2026-07-29T16:00:34.170066+00:00,DEBUG,ab2505eee5d245b1,44d0aa104600d622,io-8080-exec-32,o.s.web.servlet.DispatcherServlet,"GET ""/owners"", parameters={}"
2026-07-29T16:01:29.396331+00:00,customers-service,customers-service-68987c986f-ctsnj,2026-07-29T16:00:33.167065+00:00,DEBUG,567664c850dd8e4d,26c09fcc43fe2a23,nio-8080-exec-2,o.s.web.servlet.DispatcherServlet,Completed 200 OK
2026-07-29T16:01:29.396331+00:00,customers-service,customers-service-68987c986f-ctsnj,2026-07-29T16:00:33.167060+00:00,DEBUG,567664c850dd8e4d,601f3012102c381b,nio-8080-exec-2,o.s.web.servlet.DispatcherServlet,"GET ""/owners"", parameters={}"
2026-07-29T16:01:29.396331+00:00,customers-service,customers-service-68987c986f-ctsnj,2026-07-29T16:00:32.916047+00:00,DEBUG,36307f663f042907,ed8fdab87c89d321,nio-8080-exec-3,o.s.web.servlet.DispatcherServlet,Completed 200 OK
2026-07-29T16:01:29.396331+00:00,customers-service,customers-service-68987c986f-ctsnj,2026-07-29T16:00:32.414444+00:00,DEBUG,36307f663f042907,15daed45528c9619,nio-8080-exec-3,o.s.web.servlet.DispatcherServlet,"GET ""/owners"", parameters={}"
2026-07-29T16:01:29.396331+00:00,customers-service,customers-service-68987c986f-ctsnj,2026-07-29T16:00:31.411521+00:00,DEBUG,7b5a02c7e6a5a5e7,b1546aadd68a233b,nio-8080-exec-9,o.s.web.servlet.DispatcherServlet,Completed 200 OK
2026-07-29T16:01:29.396331+00:00,customers-service,customers-service-68987c986f-ctsnj,2026-07-29T16:00:31.411515+00:00,DEBUG,7b5a02c7e6a5a5e7,4bb5003cc686e16e,nio-8080-exec-9,o.s.web.servlet.DispatcherServlet,"GET ""/owners/1"", parameters={}"
2026-07-29T16:01:29.396331+00:00,customers-service,customers-service-68987c986f-ctsnj,2026-07-29T16:00:30.909951+00:00,DEBUG,1a9217a201b225e8,21427d281899c8bd,io-8080-exec-17,o.s.web.servlet.DispatcherServlet,Completed 200 OK
2026-07-29T16:01:29.396331+00:00,customers-service,customers-service-68987c986f-ctsnj,2026-07-29T16:00:30.909948+00:00,DEBUG,1a9217a201b225e8,e30283b507dc8af1,io-8080-exec-17,o.s.web.servlet.DispatcherServlet,"GET ""/owners/1"", parameters={}"
2026-07-29T16:01:29.396331+00:00,customers-service,customers-service-68987c986f-ctsnj,2026-07-29T16:00:29.405537+00:00,DEBUG,9de0fe10064af4fc,fe4a5d8ac377713c,nio-8080-exec-5,o.s.web.servlet.DispatcherServlet,Completed 200 OK
2026-07-29T16:01:29.396331+00:00,customers-service,customers-service-68987c986f-ctsnj,2026-07-29T16:00:29.405531+00:00,DEBUG,9de0fe10064af4fc,2117f3e24946382c,nio-8080-exec-5,o.s.web.servlet.DispatcherServlet,"GET ""/owners/1"", parameters={}"
2026-07-29T16:01:29.396331+00:00,customers-service,customers-service-68987c986f-ctsnj,2026-07-29T16:00:27.650268+00:00,DEBUG,c27a32c6a21a1f85,05fee832c2c6d484,io-8080-exec-25,o.s.web.servlet.DispatcherServlet,Completed 200 OK
2026-07-29T16:01:29.396331+00:00,customers-service,customers-service-68987c986f-ctsnj,2026-07-29T16:00:27.399645+00:00,DEBUG,c27a32c6a21a1f85,fbf3dc096ee3ce13,io-8080-exec-25,o.s.web.servlet.DispatcherServlet,"GET ""/owners"", parameters={}"
2026-07-29T16:01:29.396331+00:00,customers-service,customers-service-68987c986f-ctsnj,2026-07-29T16:00:26.899070+00:00,DEBUG,7c132f075547da30,1c3fc33aa89c527b,io-8080-exec-13,o.s.web.servlet.DispatcherServlet,Completed 200 OK
2026-07-29T16:01:29.396331+00:00,customers-service,customers-service-68987c986f-ctsnj,2026-07-29T16:00:26.899067+00:00,DEBUG,7c132f075547da30,ccfe245f174920d9,io-8080-exec-13,o.s.web.servlet.DispatcherServlet,"GET ""/owners/1"", parameters={}"
2026-07-29T16:01:29.396331+00:00,customers-service,customers-service-68987c986f-ctsnj,2026-07-29T16:00:26.398185+00:00,DEBUG,7bd3fb279dda50af,ca9c5fe8b4d7e069,io-8080-exec-10,o.s.web.servlet.DispatcherServlet,Completed 200 OK
2026-07-29T16:01:29.396331+00:00,customers-service,customers-service-68987c986f-ctsnj,2026-07-29T16:00:26.147487+00:00,DEBUG,7bd3fb279dda50af,0107147ecf3fc679,io-8080-exec-10,o.s.web.servlet.DispatcherServlet,"GET ""/owners"", parameters={}"
2026-07-29T16:01:29.396331+00:00,customers-service,customers-service-68987c986f-ctsnj,2026-07-29T16:00:25.897211+00:00,DEBUG,4979ee215d9287f4,4979ee215d9287f4,io-8080-exec-20,o.s.web.servlet.DispatcherServlet,Completed 200 OK
2026-07-29T16:01:29.396331+00:00,customers-service,customers-service-68987c986f-ctsnj,2026-07-29T16:00:25.395360+00:00,DEBUG,a17c4ad65bd4e2a6,867fee13a7da9f88,io-8080-exec-18,o.s.web.servlet.DispatcherServlet,Completed 200 OK
2026-07-29T16:01:29.396331+00:00,customers-service,customers-service-68987c986f-ctsnj,2026-07-29T16:00:25.145010+00:00,DEBUG,a17c4ad65bd4e2a6,edf0dd9f4e3777a6,io-8080-exec-18,o.s.web.servlet.DispatcherServlet,"GET ""/owners/1"", parameters={}"
2026-07-29T16:01:29.396331+00:00,vets-service,vets-service-799f7d5b65-7wskt,2026-07-29T16:01:28.780633+00:00,DEBUG,4ca40b7a5ec1ed77,4b4f95da6d16a0d7,nio-8080-exec-1,o.s.web.servlet.DispatcherServlet,Completed 200 OK
2026-07-29T16:01:29.396331+00:00,vets-service,vets-service-799f7d5b65-7wskt,2026-07-29T16:01:28.028639+00:00,DEBUG,4ca40b7a5ec1ed77,d99eec66b17037e6,nio-8080-exec-1,o.s.web.servlet.DispatcherServlet,"GET ""/vets"", parameters={}"
2026-07-29T16:01:29.396331+00:00,vets-service,vets-service-799f7d5b65-7wskt,2026-07-29T16:01:25.772456+00:00,DEBUG,a8434695119a5771,7cd6eec5f226a094,nio-8080-exec-2,o.s.web.servlet.DispatcherServlet,Completed 200 OK
2026-07-29T16:01:29.396331+00:00,vets-service,vets-service-799f7d5b65-7wskt,2026-07-29T16:01:25.522360+00:00,DEBUG,a8434695119a5771,9342b910e74ca673,nio-8080-exec-2,o.s.web.servlet.DispatcherServlet,"GET ""/vets"", parameters={}"
2026-07-29T16:01:29.396331+00:00,vets-service,vets-service-799f7d5b65-7wskt,2026-07-29T16:01:25.021380+00:00,DEBUG,65aa435b3b488c03,3909e301d21fb5b6,nio-8080-exec-7,o.s.web.servlet.DispatcherServlet,Completed 200 OK
2026-07-29T16:01:29.396331+00:00,vets-service,vets-service-799f7d5b65-7wskt,2026-07-29T16:01:24.770344+00:00,DEBUG,65aa435b3b488c03,72f13411027c4fdc,nio-8080-exec-7,o.s.web.servlet.DispatcherServlet,"GET ""/vets"", parameters={}"
2026-07-29T16:01:29.396331+00:00,vets-service,vets-service-799f7d5b65-7wskt,2026-07-29T16:01:24.268195+00:00,DEBUG,023f11adeb248000,023f11adeb248000,nio-8080-exec-8,o.s.web.servlet.DispatcherServlet,Completed 200 OK
2026-07-29T16:01:29.396331+00:00,vets-service,vets-service-799f7d5b65-7wskt,2026-07-29T16:01:23.765947+00:00,DEBUG,10401374c25606ba,8e836011d1870b0a,io-8080-exec-10,o.s.web.servlet.DispatcherServlet,Completed 200 OK
2026-07-29T16:01:29.396331+00:00,vets-service,vets-service-799f7d5b65-7wskt,2026-07-29T16:01:23.514813+00:00,DEBUG,10401374c25606ba,5c2e2c9a9879694a,io-8080-exec-10,o.s.web.servlet.DispatcherServlet,"GET ""/vets"", parameters={}"
2026-07-29T16:01:29.396331+00:00,vets-service,vets-service-799f7d5b65-7wskt,2026-07-29T16:01:21.508248+00:00,DEBUG,8f7febde22172d1f,fa2fc4b719df2d13,nio-8080-exec-6,o.s.web.servlet.DispatcherServlet,Completed 200 OK
2026-07-29T16:01:29.396331+00:00,vets-service,vets-service-799f7d5b65-7wskt,2026-07-29T16:01:21.508245+00:00,DEBUG,8f7febde22172d1f,84fc1341bc1beeb8,nio-8080-exec-6,o.s.web.servlet.DispatcherServlet,"GET ""/vets"", parameters={}"
2026-07-29T16:01:29.396331+00:00,vets-service,vets-service-799f7d5b65-7wskt,2026-07-29T16:01:19.251223+00:00,DEBUG,407738d811c5825f,36a8ec3303a66f20,nio-8080-exec-4,o.s.web.servlet.DispatcherServlet,Completed 200 OK
2026-07-29T16:01:29.396331+00:00,vets-service,vets-service-799f7d5b65-7wskt,2026-07-29T16:01:19.000679+00:00,DEBUG,407738d811c5825f,c498e034cc03aebe,nio-8080-exec-4,o.s.web.servlet.DispatcherServlet,"GET ""/vets"", parameters={}"
2026-07-29T16:01:29.396331+00:00,vets-service,vets-service-799f7d5b65-7wskt,2026-07-29T16:01:18.498746+00:00,DEBUG,a892d1e1313deec4,9fc710eb48cd5856,io-8080-exec-12,o.s.web.servlet.DispatcherServlet,Completed 200 OK
2026-07-29T16:01:29.396331+00:00,vets-service,vets-service-799f7d5b65-7wskt,2026-07-29T16:01:18.248080+00:00,DEBUG,a892d1e1313deec4,0014bf552ed82524,io-8080-exec-12,o.s.web.servlet.DispatcherServlet,"GET ""/vets"", parameters={}"
2026-07-29T16:01:29.396331+00:00,vets-service,vets-service-799f7d5b65-7wskt,2026-07-29T16:01:15.991677+00:00,DEBUG,6f9f6cb74eae48e6,6f9f6cb74eae48e6,io-8080-exec-13,o.s.web.servlet.DispatcherServlet,Completed 200 OK
2026-07-29T16:01:29.396331+00:00,vets-service,vets-service-799f7d5b65-7wskt,2026-07-29T16:01:15.489876+00:00,DEBUG,d37a28f6b9b53774,d37a28f6b9b53774,nio-8080-exec-3,o.s.web.servlet.DispatcherServlet,Completed 200 OK
2026-07-29T16:01:29.396331+00:00,vets-service,vets-service-799f7d5b65-7wskt,2026-07-29T16:01:13.985237+00:00,DEBUG,c8f44e279c0b04dd,c0f6176b1a455d8e,nio-8080-exec-1,o.s.web.servlet.DispatcherServlet,Completed 200 OK
2026-07-29T16:01:29.396331+00:00,vets-service,vets-service-799f7d5b65-7wskt,2026-07-29T16:01:13.733668+00:00,DEBUG,c8f44e279c0b04dd,f0459f69785c9b20,nio-8080-exec-1,o.s.web.servlet.DispatcherServlet,"GET ""/vets"", parameters={}"
2026-07-29T16:01:29.396331+00:00,vets-service,vets-service-799f7d5b65-7wskt,2026-07-29T16:01:11.478105+00:00,DEBUG,5c36553ec3c091c2,8e62416537a266c7,nio-8080-exec-2,o.s.web.servlet.DispatcherServlet,Completed 200 OK
2026-07-29T16:01:29.396331+00:00,vets-service,vets-service-799f7d5b65-7wskt,2026-07-29T16:01:11.227291+00:00,DEBUG,5c36553ec3c091c2,e69098d772b1d1b3,nio-8080-exec-2,o.s.web.servlet.DispatcherServlet,"GET ""/vets"", parameters={}"
2026-07-29T16:01:29.396331+00:00,vets-service,vets-service-799f7d5b65-7wskt,2026-07-29T16:01:09.471085+00:00,DEBUG,f5ab911380f02dd2,f5ab911380f02dd2,nio-8080-exec-7,o.s.web.servlet.DispatcherServlet,Completed 200 OK
2026-07-29T16:01:29.396331+00:00,vets-service,vets-service-799f7d5b65-7wskt,2026-07-29T16:01:08.468231+00:00,DEBUG,51ae1cfdee104b70,cb1a6e5f51da7b0f,nio-8080-exec-8,o.s.web.servlet.DispatcherServlet,Completed 200 OK
2026-07-29T16:01:29.396331+00:00,vets-service,vets-service-799f7d5b65-7wskt,2026-07-29T16:01:08.217850+00:00,DEBUG,51ae1cfdee104b70,ba9a2e7463d1c151,nio-8080-exec-8,o.s.web.servlet.DispatcherServlet,"GET ""/vets"", parameters={}"
2026-07-29T16:01:29.396331+00:00,vets-service,vets-service-799f7d5b65-7wskt,2026-07-29T16:01:06.964711+00:00,DEBUG,1c9c2e61cf1d38ca,30d6af7a6faba34d,io-8080-exec-10,o.s.web.servlet.DispatcherServlet,Completed 200 OK
2026-07-29T16:01:29.396331+00:00,vets-service,vets-service-799f7d5b65-7wskt,2026-07-29T16:01:06.713654+00:00,DEBUG,1c9c2e61cf1d38ca,9213b03a7c9c41d4,io-8080-exec-10,o.s.web.servlet.DispatcherServlet,"GET ""/vets"", parameters={}"
2026-07-29T16:01:29.396331+00:00,vets-service,vets-service-799f7d5b65-7wskt,2026-07-29T16:01:04.959345+00:00,DEBUG,7edd3cd0ea2dcc9f,72322d0385d9b479,nio-8080-exec-6,o.s.web.servlet.DispatcherServlet,Completed 200 OK
2026-07-29T16:01:29.396331+00:00,vets-service,vets-service-799f7d5b65-7wskt,2026-07-29T16:01:04.709146+00:00,DEBUG,7edd3cd0ea2dcc9f,4e9a93ff6a603b4c,nio-8080-exec-6,o.s.web.servlet.DispatcherServlet,"GET ""/vets"", parameters={}"
2026-07-29T16:01:29.396331+00:00,vets-service,vets-service-799f7d5b65-7wskt,2026-07-29T16:01:01.699507+00:00,DEBUG,521377c1ee9a58bb,0d1b07ff423bf019,nio-8080-exec-4,o.s.web.servlet.DispatcherServlet,Completed 200 OK
2026-07-29T16:01:29.396331+00:00,vets-service,vets-service-799f7d5b65-7wskt,2026-07-29T16:01:01.448394+00:00,DEBUG,521377c1ee9a58bb,3406100cceadfbc3,nio-8080-exec-4,o.s.web.servlet.DispatcherServlet,"GET ""/vets"", parameters={}"
2026-07-29T16:01:29.396331+00:00,vets-service,vets-service-799f7d5b65-7wskt,2026-07-29T16:01:00.444327+00:00,DEBUG,ca35d46baa50f3a1,ca35d46baa50f3a1,io-8080-exec-12,o.s.web.servlet.DispatcherServlet,Completed 200 OK
2026-07-29T16:01:29.396331+00:00,vets-service,vets-service-799f7d5b65-7wskt,2026-07-29T16:01:00.193312+00:00,DEBUG,56202b136758b654,413d913dd2bbb124,io-8080-exec-13,o.s.web.servlet.DispatcherServlet,Completed 200 OK
2026-07-29T16:01:29.396331+00:00,vets-service,vets-service-799f7d5b65-7wskt,2026-07-29T16:00:59.942687+00:00,DEBUG,56202b136758b654,5cb05d80c6ff2201,io-8080-exec-13,o.s.web.servlet.DispatcherServlet,"GET ""/vets"", parameters={}"
2026-07-29T16:01:29.396331+00:00,vets-service,vets-service-799f7d5b65-7wskt,2026-07-29T16:00:58.688722+00:00,DEBUG,310d36cb5d2db238,3629e70ab69078ad,nio-8080-exec-3,o.s.web.servlet.DispatcherServlet,Completed 200 OK
2026-07-29T16:01:29.396331+00:00,vets-service,vets-service-799f7d5b65-7wskt,2026-07-29T16:00:58.438043+00:00,DEBUG,310d36cb5d2db238,452556c7fc6d320a,nio-8080-exec-3,o.s.web.servlet.DispatcherServlet,"GET ""/vets"", parameters={}"
2026-07-29T16:01:29.396331+00:00,vets-service,vets-service-799f7d5b65-7wskt,2026-07-29T16:00:57.434676+00:00,DEBUG,84562fcf4da0b42e,ce834230b3ad45fc,nio-8080-exec-1,o.s.web.servlet.DispatcherServlet,Completed 200 OK
2026-07-29T16:01:29.396331+00:00,vets-service,vets-service-799f7d5b65-7wskt,2026-07-29T16:00:57.183587+00:00,DEBUG,84562fcf4da0b42e,891bd6acd5aef768,nio-8080-exec-1,o.s.web.servlet.DispatcherServlet,"GET ""/vets"", parameters={}"
2026-07-29T16:01:29.396331+00:00,vets-service,vets-service-799f7d5b65-7wskt,2026-07-29T16:00:55.930627+00:00,DEBUG,12d325f9ddab5591,12d325f9ddab5591,nio-8080-exec-2,o.s.web.servlet.DispatcherServlet,Completed 200 OK
2026-07-29T16:01:29.396331+00:00,vets-service,vets-service-799f7d5b65-7wskt,2026-07-29T16:00:54.425673+00:00,DEBUG,9aefad034a4e2856,9aefad034a4e2856,nio-8080-exec-7,o.s.web.servlet.DispatcherServlet,Completed 200 OK
2026-07-29T16:01:29.396331+00:00,vets-service,vets-service-799f7d5b65-7wskt,2026-07-29T16:00:53.924315+00:00,DEBUG,afd039d1ef1a9b5c,ce984f013711acf6,nio-8080-exec-8,o.s.web.servlet.DispatcherServlet,Completed 200 OK
2026-07-29T16:01:29.396331+00:00,vets-service,vets-service-799f7d5b65-7wskt,2026-07-29T16:00:53.171508+00:00,DEBUG,afd039d1ef1a9b5c,13d589b1e74adfef,nio-8080-exec-8,o.s.web.servlet.DispatcherServlet,"GET ""/vets"", parameters={}"
2026-07-29T16:01:29.396331+00:00,vets-service,vets-service-799f7d5b65-7wskt,2026-07-29T16:00:52.670028+00:00,DEBUG,bf2ba6852ec60499,1be9a75cdad12fee,io-8080-exec-10,o.s.web.servlet.DispatcherServlet,Completed 200 OK
2026-07-29T16:01:29.396331+00:00,vets-service,vets-service-799f7d5b65-7wskt,2026-07-29T16:00:52.167881+00:00,DEBUG,bf2ba6852ec60499,f3bf08705b158fec,io-8080-exec-10,o.s.web.servlet.DispatcherServlet,"GET ""/vets"", parameters={}"
2026-07-29T16:01:29.396331+00:00,vets-service,vets-service-799f7d5b65-7wskt,2026-07-29T16:00:51.917676+00:00,DEBUG,d94ee1069c03fdd9,3bad53860a73a05b,nio-8080-exec-6,o.s.web.servlet.DispatcherServlet,Completed 200 OK
2026-07-29T16:01:29.396331+00:00,vets-service,vets-service-799f7d5b65-7wskt,2026-07-29T16:00:51.667613+00:00,DEBUG,d94ee1069c03fdd9,5fe42738b477cf2d,nio-8080-exec-6,o.s.web.servlet.DispatcherServlet,"GET ""/vets"", parameters={}"
2026-07-29T16:01:29.396331+00:00,vets-service,vets-service-799f7d5b65-7wskt,2026-07-29T16:00:50.665634+00:00,DEBUG,d58f6788aaa8ca44,2591809a87881583,nio-8080-exec-4,o.s.web.servlet.DispatcherServlet,Completed 200 OK
2026-07-29T16:01:29.396331+00:00,vets-service,vets-service-799f7d5b65-7wskt,2026-07-29T16:00:50.414333+00:00,DEBUG,d58f6788aaa8ca44,abd0000aaacc9a6a,nio-8080-exec-4,o.s.web.servlet.DispatcherServlet,"GET ""/vets"", parameters={}"
2026-07-29T16:01:29.396331+00:00,vets-service,vets-service-799f7d5b65-7wskt,2026-07-29T16:00:48.158329+00:00,DEBUG,ad64e456ce5c4a23,bfa8e9bc9e354b1a,io-8080-exec-12,o.s.web.servlet.DispatcherServlet,Completed 200 OK
2026-07-29T16:01:29.396331+00:00,vets-service,vets-service-799f7d5b65-7wskt,2026-07-29T16:00:48.158327+00:00,DEBUG,ad64e456ce5c4a23,350c1f3b1b6e0795,io-8080-exec-12,o.s.web.servlet.DispatcherServlet,"GET ""/vets"", parameters={}"
2026-07-29T16:01:29.396331+00:00,vets-service,vets-service-799f7d5b65-7wskt,2026-07-29T16:00:45.901388+00:00,DEBUG,185755e6f5941731,70ed103ea074a05e,io-8080-exec-13,o.s.web.servlet.DispatcherServlet,Completed 200 OK
2026-07-29T16:01:29.396331+00:00,vets-service,vets-service-799f7d5b65-7wskt,2026-07-29T16:00:45.650512+00:00,DEBUG,185755e6f5941731,b0fe05638dfa17cd,io-8080-exec-13,o.s.web.servlet.DispatcherServlet,"GET ""/vets"", parameters={}"
2026-07-29T16:01:29.396331+00:00,vets-service,vets-service-799f7d5b65-7wskt,2026-07-29T16:00:45.399213+00:00,DEBUG,fb41a0b03669bd14,fb41a0b03669bd14,nio-8080-exec-3,o.s.web.servlet.DispatcherServlet,Completed 200 OK
2026-07-29T16:01:29.396331+00:00,vets-service,vets-service-799f7d5b65-7wskt,2026-07-29T16:00:42.640982+00:00,DEBUG,77ee73b2e38915d5,3bb2751bb61ba435,nio-8080-exec-1,o.s.web.servlet.DispatcherServlet,Completed 200 OK
2026-07-29T16:01:29.396331+00:00,vets-service,vets-service-799f7d5b65-7wskt,2026-07-29T16:00:42.140255+00:00,DEBUG,77ee73b2e38915d5,27d5f22cad428353,nio-8080-exec-1,o.s.web.servlet.DispatcherServlet,"GET ""/vets"", parameters={}"
2026-07-29T16:01:29.396331+00:00,vets-service,vets-service-799f7d5b65-7wskt,2026-07-29T16:00:41.638848+00:00,DEBUG,6e4037df5b8801ac,6bf09635e6291cbb,nio-8080-exec-2,o.s.web.servlet.DispatcherServlet,Completed 200 OK
2026-07-29T16:01:29.396331+00:00,vets-service,vets-service-799f7d5b65-7wskt,2026-07-29T16:00:40.886539+00:00,DEBUG,6e4037df5b8801ac,fd8c11a8f85dc1f0,nio-8080-exec-2,o.s.web.servlet.DispatcherServlet,"GET ""/vets"", parameters={}"
2026-07-29T16:01:29.396331+00:00,vets-service,vets-service-799f7d5b65-7wskt,2026-07-29T16:00:40.384705+00:00,DEBUG,a5c3e5045cadcb0a,6dc0220a456878de,nio-8080-exec-7,o.s.web.servlet.DispatcherServlet,Completed 200 OK
2026-07-29T16:01:29.396331+00:00,vets-service,vets-service-799f7d5b65-7wskt,2026-07-29T16:00:39.633471+00:00,DEBUG,a5c3e5045cadcb0a,9d3c3013c3b47039,nio-8080-exec-7,o.s.web.servlet.DispatcherServlet,"GET ""/vets"", parameters={}"
2026-07-29T16:01:29.396331+00:00,vets-service,vets-service-799f7d5b65-7wskt,2026-07-29T16:00:39.382224+00:00,DEBUG,86b8ad5ad9c2d4bf,86b8ad5ad9c2d4bf,nio-8080-exec-8,o.s.web.servlet.DispatcherServlet,Completed 200 OK
2026-07-29T16:01:29.396331+00:00,vets-service,vets-service-799f7d5b65-7wskt,2026-07-29T16:00:37.876422+00:00,DEBUG,d0e1254be5f67350,165c369178ad5214,io-8080-exec-10,o.s.web.servlet.DispatcherServlet,Completed 200 OK
2026-07-29T16:01:29.396331+00:00,vets-service,vets-service-799f7d5b65-7wskt,2026-07-29T16:00:37.876413+00:00,DEBUG,d0e1254be5f67350,5c4dc82867513807,io-8080-exec-10,o.s.web.servlet.DispatcherServlet,"GET ""/vets"", parameters={}"
2026-07-29T16:01:29.396331+00:00,vets-service,vets-service-799f7d5b65-7wskt,2026-07-29T16:00:37.124116+00:00,DEBUG,414a2715c520eeb9,b436ac7bf52b4630,nio-8080-exec-6,o.s.web.servlet.DispatcherServlet,Completed 200 OK
2026-07-29T16:01:29.396331+00:00,vets-service,vets-service-799f7d5b65-7wskt,2026-07-29T16:00:36.873925+00:00,DEBUG,414a2715c520eeb9,1c1f40465ea3eda1,nio-8080-exec-6,o.s.web.servlet.DispatcherServlet,"GET ""/vets"", parameters={}"
2026-07-29T16:01:29.396331+00:00,vets-service,vets-service-799f7d5b65-7wskt,2026-07-29T16:00:35.871941+00:00,DEBUG,12de641cbe9ab230,12de641cbe9ab230,nio-8080-exec-4,o.s.web.servlet.DispatcherServlet,Completed 200 OK
2026-07-29T16:01:29.396331+00:00,vets-service,vets-service-799f7d5b65-7wskt,2026-07-29T16:00:35.871790+00:00,DEBUG,f945af3520625250,e26099dbf6a308a8,io-8080-exec-12,o.s.web.servlet.DispatcherServlet,Completed 200 OK
2026-07-29T16:01:29.396331+00:00,vets-service,vets-service-799f7d5b65-7wskt,2026-07-29T16:00:35.871786+00:00,DEBUG,f945af3520625250,b699fe44ba2acaf1,io-8080-exec-12,o.s.web.servlet.DispatcherServlet,"GET ""/vets"", parameters={}"
2026-07-29T16:01:29.396331+00:00,vets-service,vets-service-799f7d5b65-7wskt,2026-07-29T16:00:35.119346+00:00,DEBUG,616f1a8823ed7a29,8cc21ec0c41315a1,io-8080-exec-13,o.s.web.servlet.DispatcherServlet,Completed 200 OK
2026-07-29T16:01:29.396331+00:00,vets-service,vets-service-799f7d5b65-7wskt,2026-07-29T16:00:34.869262+00:00,DEBUG,616f1a8823ed7a29,7fe83181ac242de3,io-8080-exec-13,o.s.web.servlet.DispatcherServlet,"GET ""/vets"", parameters={}"
2026-07-29T16:01:29.396331+00:00,vets-service,vets-service-799f7d5b65-7wskt,2026-07-29T16:00:34.117013+00:00,DEBUG,ec1c842bf89385af,d5a123bd2682c0d8,nio-8080-exec-3,o.s.web.servlet.DispatcherServlet,Completed 200 OK
2026-07-29T16:01:29.396331+00:00,vets-service,vets-service-799f7d5b65-7wskt,2026-07-29T16:00:33.866158+00:00,DEBUG,ec1c842bf89385af,afd94af0c5060181,nio-8080-exec-3,o.s.web.servlet.DispatcherServlet,"GET ""/vets"", parameters={}"
2026-07-29T16:01:29.396331+00:00,vets-service,vets-service-799f7d5b65-7wskt,2026-07-29T16:00:30.856184+00:00,DEBUG,d164b6795d6027a5,c9edaeb3c6d48ed6,nio-8080-exec-1,o.s.web.servlet.DispatcherServlet,Completed 200 OK
2026-07-29T16:01:29.396331+00:00,vets-service,vets-service-799f7d5b65-7wskt,2026-07-29T16:00:30.856180+00:00,DEBUG,d164b6795d6027a5,bd6acdabd1301f72,nio-8080-exec-1,o.s.web.servlet.DispatcherServlet,"GET ""/vets"", parameters={}"
2026-07-29T16:01:29.396331+00:00,vets-service,vets-service-799f7d5b65-7wskt,2026-07-29T16:00:30.355132+00:00,DEBUG,ae1ff4f2f736f812,e92621728934934f,nio-8080-exec-2,o.s.web.servlet.DispatcherServlet,Completed 200 OK
2026-07-29T16:01:29.396331+00:00,vets-service,vets-service-799f7d5b65-7wskt,2026-07-29T16:00:30.355110+00:00,DEBUG,2b93e25d993cfa6c,2b93e25d993cfa6c,nio-8080-exec-7,o.s.web.servlet.DispatcherServlet,Completed 200 OK
2026-07-29T16:01:29.396331+00:00,vets-service,vets-service-799f7d5b65-7wskt,2026-07-29T16:00:30.355080+00:00,DEBUG,ae1ff4f2f736f812,b5bd8d385f4b31e5,nio-8080-exec-2,o.s.web.servlet.DispatcherServlet,"GET ""/vets"", parameters={}"
2026-07-29T16:01:29.396331+00:00,vets-service,vets-service-799f7d5b65-7wskt,2026-07-29T16:00:29.350913+00:00,DEBUG,c3d36f5c46c85a8f,a0e6a96d764e6db4,nio-8080-exec-8,o.s.web.servlet.DispatcherServlet,Completed 200 OK
2026-07-29T16:01:29.396331+00:00,vets-service,vets-service-799f7d5b65-7wskt,2026-07-29T16:00:29.099671+00:00,DEBUG,c3d36f5c46c85a8f,35e97c31a521ba98,nio-8080-exec-8,o.s.web.servlet.DispatcherServlet,"GET ""/vets"", parameters={}"
2026-07-29T16:01:29.396331+00:00,vets-service,vets-service-799f7d5b65-7wskt,2026-07-29T16:00:28.346484+00:00,DEBUG,95789219d57710fe,82d72fd0f58ae457,io-8080-exec-10,o.s.web.servlet.DispatcherServlet,Completed 200 OK
2026-07-29T16:01:29.396331+00:00,vets-service,vets-service-799f7d5b65-7wskt,2026-07-29T16:00:28.096058+00:00,DEBUG,95789219d57710fe,b4845a22abc72e32,io-8080-exec-10,o.s.web.servlet.DispatcherServlet,"GET ""/vets"", parameters={}"
2026-07-29T16:01:29.396331+00:00,vets-service,vets-service-799f7d5b65-vzxc7,2026-07-29T16:01:27.734129+00:00,DEBUG,a6907ecf42ab46b3,3e6ed97dbba3707a,io-8080-exec-15,o.s.web.servlet.DispatcherServlet,Completed 200 OK
2026-07-29T16:01:29.396331+00:00,vets-service,vets-service-799f7d5b65-vzxc7,2026-07-29T16:01:26.981980+00:00,DEBUG,a6907ecf42ab46b3,1a8c0d46379b764b,io-8080-exec-15,o.s.web.servlet.DispatcherServlet,"GET ""/vets"", parameters={}"
2026-07-29T16:01:29.396331+00:00,vets-service,vets-service-799f7d5b65-vzxc7,2026-07-29T16:01:26.731235+00:00,DEBUG,87d7f99d36543f95,87d7f99d36543f95,io-8080-exec-19,o.s.web.servlet.DispatcherServlet,Completed 200 OK
2026-07-29T16:01:29.396331+00:00,vets-service,vets-service-799f7d5b65-vzxc7,2026-07-29T16:01:25.979428+00:00,DEBUG,b3b207c68eca9992,7319c68bec68444a,io-8080-exec-20,o.s.web.servlet.DispatcherServlet,Completed 200 OK
2026-07-29T16:01:29.396331+00:00,vets-service,vets-service-799f7d5b65-vzxc7,2026-07-29T16:01:25.979423+00:00,DEBUG,b3b207c68eca9992,652bae881dad32f4,io-8080-exec-20,o.s.web.servlet.DispatcherServlet,"GET ""/vets"", parameters={}"
2026-07-29T16:01:29.396331+00:00,vets-service,vets-service-799f7d5b65-vzxc7,2026-07-29T16:01:25.478060+00:00,DEBUG,3c20223e7c8123f9,e3baf8484d3515ce,nio-8080-exec-5,o.s.web.servlet.DispatcherServlet,Completed 200 OK
2026-07-29T16:01:29.396331+00:00,vets-service,vets-service-799f7d5b65-vzxc7,2026-07-29T16:01:25.478032+00:00,DEBUG,98c46eedf9e39c82,98c46eedf9e39c82,io-8080-exec-21,o.s.web.servlet.DispatcherServlet,Completed 200 OK
2026-07-29T16:01:29.396331+00:00,vets-service,vets-service-799f7d5b65-vzxc7,2026-07-29T16:01:25.226871+00:00,DEBUG,3c20223e7c8123f9,f9c231437d676450,nio-8080-exec-5,o.s.web.servlet.DispatcherServlet,"GET ""/vets"", parameters={}"
2026-07-29T16:01:29.396331+00:00,vets-service,vets-service-799f7d5b65-vzxc7,2026-07-29T16:01:24.975799+00:00,DEBUG,4df74ad951c15d5f,1fd082dee2749d19,io-8080-exec-17,o.s.web.servlet.DispatcherServlet,Completed 200 OK
2026-07-29T16:01:29.396331+00:00,vets-service,vets-service-799f7d5b65-vzxc7,2026-07-29T16:01:24.975794+00:00,DEBUG,4df74ad951c15d5f,02ce4d91a44f3a25,io-8080-exec-17,o.s.web.servlet.DispatcherServlet,"GET ""/vets"", parameters={}"
2026-07-29T16:01:29.396331+00:00,vets-service,vets-service-799f7d5b65-vzxc7,2026-07-29T16:01:24.474211+00:00,DEBUG,3cc961fe178e6aee,632b5c5e78570d55,io-8080-exec-18,o.s.web.servlet.DispatcherServlet,Completed 200 OK
2026-07-29T16:01:29.396331+00:00,vets-service,vets-service-799f7d5b65-vzxc7,2026-07-29T16:01:24.474207+00:00,DEBUG,3cc961fe178e6aee,19875cf3f0fafe44,io-8080-exec-18,o.s.web.servlet.DispatcherServlet,"GET ""/vets"", parameters={}"
2026-07-29T16:01:29.396331+00:00,vets-service,vets-service-799f7d5b65-vzxc7,2026-07-29T16:01:24.223403+00:00,DEBUG,f6bf801058214839,8f6a390b98612b88,nio-8080-exec-3,o.s.web.servlet.DispatcherServlet,Completed 200 OK
2026-07-29T16:01:29.396331+00:00,vets-service,vets-service-799f7d5b65-vzxc7,2026-07-29T16:01:24.223400+00:00,DEBUG,f6bf801058214839,6afb6b05eed3d585,nio-8080-exec-3,o.s.web.servlet.DispatcherServlet,"GET ""/vets"", parameters={}"
2026-07-29T16:01:29.396331+00:00,vets-service,vets-service-799f7d5b65-vzxc7,2026-07-29T16:01:22.970515+00:00,DEBUG,8d298b08169171db,4a25d91b7464b06d,nio-8080-exec-9,o.s.web.servlet.DispatcherServlet,Completed 200 OK
2026-07-29T16:01:29.396331+00:00,vets-service,vets-service-799f7d5b65-vzxc7,2026-07-29T16:01:22.719419+00:00,DEBUG,8d298b08169171db,0d61a9e838b7fb5d,nio-8080-exec-9,o.s.web.servlet.DispatcherServlet,"GET ""/vets"", parameters={}"
2026-07-29T16:01:29.396331+00:00,vets-service,vets-service-799f7d5b65-vzxc7,2026-07-29T16:01:22.468571+00:00,DEBUG,8217fa84ad988162,c09f7790af177ce0,nio-8080-exec-8,o.s.web.servlet.DispatcherServlet,Completed 200 OK
2026-07-29T16:01:29.396331+00:00,vets-service,vets-service-799f7d5b65-vzxc7,2026-07-29T16:01:22.468507+00:00,DEBUG,8217fa84ad988162,e184093baec0dcf3,nio-8080-exec-8,o.s.web.servlet.DispatcherServlet,"GET ""/vets"", parameters={}"
2026-07-29T16:01:29.396331+00:00,vets-service,vets-service-799f7d5b65-vzxc7,2026-07-29T16:01:21.465494+00:00,DEBUG,779f4766050b31a3,779f4766050b31a3,io-8080-exec-15,o.s.web.servlet.DispatcherServlet,Completed 200 OK
2026-07-29T16:01:29.396331+00:00,vets-service,vets-service-799f7d5b65-vzxc7,2026-07-29T16:01:20.713619+00:00,DEBUG,45611960e665aa25,43dd0f8f03cdf9e3,io-8080-exec-19,o.s.web.servlet.DispatcherServlet,Completed 200 OK
2026-07-29T16:01:29.396331+00:00,vets-service,vets-service-799f7d5b65-vzxc7,2026-07-29T16:01:20.462556+00:00,DEBUG,45611960e665aa25,4cfc523961d7fa9c,io-8080-exec-19,o.s.web.servlet.DispatcherServlet,"GET ""/vets"", parameters={}"
2026-07-29T16:01:29.396331+00:00,vets-service,vets-service-799f7d5b65-vzxc7,2026-07-29T16:01:19.459863+00:00,DEBUG,0cbf1c34cceaca47,725b3443a214b463,io-8080-exec-20,o.s.web.servlet.DispatcherServlet,Completed 200 OK
2026-07-29T16:01:29.396331+00:00,vets-service,vets-service-799f7d5b65-vzxc7,2026-07-29T16:01:19.459859+00:00,DEBUG,0cbf1c34cceaca47,a1a3e0d32892fad0,io-8080-exec-20,o.s.web.servlet.DispatcherServlet,"GET ""/vets"", parameters={}"
2026-07-29T16:01:29.396331+00:00,vets-service,vets-service-799f7d5b65-vzxc7,2026-07-29T16:01:18.958007+00:00,DEBUG,982739784261b633,9befa190b65d2e30,io-8080-exec-21,o.s.web.servlet.DispatcherServlet,Completed 200 OK
2026-07-29T16:01:29.396331+00:00,vets-service,vets-service-799f7d5b65-vzxc7,2026-07-29T16:01:18.957979+00:00,DEBUG,982739784261b633,b559c26d1ba47707,io-8080-exec-21,o.s.web.servlet.DispatcherServlet,"GET ""/vets"", parameters={}"
2026-07-29T16:01:29.396331+00:00,vets-service,vets-service-799f7d5b65-vzxc7,2026-07-29T16:01:18.957975+00:00,DEBUG,369a4ca4e65fa3de,fd6cc2a98117376b,nio-8080-exec-5,o.s.web.servlet.DispatcherServlet,Completed 200 OK
2026-07-29T16:01:29.396331+00:00,vets-service,vets-service-799f7d5b65-vzxc7,2026-07-29T16:01:18.706903+00:00,DEBUG,369a4ca4e65fa3de,c7a5883267ef1d4f,nio-8080-exec-5,o.s.web.servlet.DispatcherServlet,"GET ""/vets"", parameters={}"
2026-07-29T16:01:29.396331+00:00,vets-service,vets-service-799f7d5b65-vzxc7,2026-07-29T16:01:15.699383+00:00,DEBUG,b90196e937be0750,381ac36d08a4317a,io-8080-exec-17,o.s.web.servlet.DispatcherServlet,Completed 200 OK
2026-07-29T16:01:29.396331+00:00,vets-service,vets-service-799f7d5b65-vzxc7,2026-07-29T16:01:15.449170+00:00,DEBUG,b90196e937be0750,6067037ac8b4c5db,io-8080-exec-17,o.s.web.servlet.DispatcherServlet,"GET ""/vets"", parameters={}"
2026-07-29T16:01:29.396331+00:00,vets-service,vets-service-799f7d5b65-vzxc7,2026-07-29T16:01:14.194982+00:00,DEBUG,8a2a51f00345f828,92694305c7a318ac,io-8080-exec-18,o.s.web.servlet.DispatcherServlet,Completed 200 OK
2026-07-29T16:01:29.396331+00:00,vets-service,vets-service-799f7d5b65-vzxc7,2026-07-29T16:01:13.944122+00:00,DEBUG,8a2a51f00345f828,e6d5e043643c7013,io-8080-exec-18,o.s.web.servlet.DispatcherServlet,"GET ""/vets"", parameters={}"
2026-07-29T16:01:29.396331+00:00,vets-service,vets-service-799f7d5b65-vzxc7,2026-07-29T16:01:13.692999+00:00,DEBUG,6ce31f82aa3aaafe,7b46759bae417f0e,nio-8080-exec-3,o.s.web.servlet.DispatcherServlet,Completed 200 OK
2026-07-29T16:01:29.396331+00:00,vets-service,vets-service-799f7d5b65-vzxc7,2026-07-29T16:01:13.692994+00:00,DEBUG,6ce31f82aa3aaafe,445c886b119a86fc,nio-8080-exec-3,o.s.web.servlet.DispatcherServlet,"GET ""/vets"", parameters={}"
2026-07-29T16:01:29.396331+00:00,vets-service,vets-service-799f7d5b65-vzxc7,2026-07-29T16:01:11.433908+00:00,DEBUG,32e96484c476e4c0,f217dcc4b12d63cd,nio-8080-exec-9,o.s.web.servlet.DispatcherServlet,Completed 200 OK
2026-07-29T16:01:29.396331+00:00,vets-service,vets-service-799f7d5b65-vzxc7,2026-07-29T16:01:11.183320+00:00,DEBUG,32e96484c476e4c0,f807d477a787556f,nio-8080-exec-9,o.s.web.servlet.DispatcherServlet,"GET ""/vets"", parameters={}"
2026-07-29T16:01:29.396331+00:00,vets-service,vets-service-799f7d5b65-vzxc7,2026-07-29T16:01:11.183275+00:00,DEBUG,7c1ba8b7af8d14ad,b0dfce3f7d4b2655,nio-8080-exec-8,o.s.web.servlet.DispatcherServlet,Completed 200 OK
2026-07-29T16:01:29.396331+00:00,vets-service,vets-service-799f7d5b65-vzxc7,2026-07-29T16:01:10.932686+00:00,DEBUG,7c1ba8b7af8d14ad,c6510ae00fe717f4,nio-8080-exec-8,o.s.web.servlet.DispatcherServlet,"GET ""/vets"", parameters={}"
2026-07-29T16:01:29.396331+00:00,vets-service,vets-service-799f7d5b65-vzxc7,2026-07-29T16:01:10.431690+00:00,DEBUG,ef91db46841ff4e8,ef91db46841ff4e8,io-8080-exec-15,o.s.web.servlet.DispatcherServlet,Completed 200 OK
2026-07-29T16:01:29.396331+00:00,vets-service,vets-service-799f7d5b65-vzxc7,2026-07-29T16:01:09.430045+00:00,DEBUG,b0ddffc7145e8b22,bd1435a8d28e03bf,io-8080-exec-19,o.s.web.servlet.DispatcherServlet,Completed 200 OK
2026-07-29T16:01:29.396331+00:00,vets-service,vets-service-799f7d5b65-vzxc7,2026-07-29T16:01:08.927931+00:00,DEBUG,b0ddffc7145e8b22,a83405d5e0b75035,io-8080-exec-19,o.s.web.servlet.DispatcherServlet,"GET ""/vets"", parameters={}"
2026-07-29T16:01:29.396331+00:00,vets-service,vets-service-799f7d5b65-vzxc7,2026-07-29T16:01:07.673671+00:00,DEBUG,62c17ebf333c4629,9bf07fbf342188fb,io-8080-exec-20,o.s.web.servlet.DispatcherServlet,Completed 200 OK
2026-07-29T16:01:29.396331+00:00,vets-service,vets-service-799f7d5b65-vzxc7,2026-07-29T16:01:07.423438+00:00,DEBUG,62c17ebf333c4629,65a90aed56165ffd,io-8080-exec-20,o.s.web.servlet.DispatcherServlet,"GET ""/vets"", parameters={}"
2026-07-29T16:01:29.396331+00:00,vets-service,vets-service-799f7d5b65-vzxc7,2026-07-29T16:01:07.423434+00:00,DEBUG,0823ac6ab47fd801,85e3b14116b90824,io-8080-exec-21,o.s.web.servlet.DispatcherServlet,Completed 200 OK
2026-07-29T16:01:29.396331+00:00,vets-service,vets-service-799f7d5b65-vzxc7,2026-07-29T16:01:07.173260+00:00,DEBUG,0823ac6ab47fd801,f6a8aaacd3244a58,io-8080-exec-21,o.s.web.servlet.DispatcherServlet,"GET ""/vets"", parameters={}"
2026-07-29T16:01:29.396331+00:00,vets-service,vets-service-799f7d5b65-vzxc7,2026-07-29T16:01:06.922973+00:00,DEBUG,a053d9f61448d4d2,a053d9f61448d4d2,nio-8080-exec-5,o.s.web.servlet.DispatcherServlet,Completed 200 OK
2026-07-29T16:01:29.396331+00:00,vets-service,vets-service-799f7d5b65-vzxc7,2026-07-29T16:01:06.672176+00:00,DEBUG,87423ea2e84acd6b,b0ff1627d3ee9ef8,io-8080-exec-17,o.s.web.servlet.DispatcherServlet,Completed 200 OK
2026-07-29T16:01:29.396331+00:00,vets-service,vets-service-799f7d5b65-vzxc7,2026-07-29T16:01:06.672172+00:00,DEBUG,87423ea2e84acd6b,b68140013c821a00,io-8080-exec-17,o.s.web.servlet.DispatcherServlet,"GET ""/vets"", parameters={}"
2026-07-29T16:01:29.396331+00:00,vets-service,vets-service-799f7d5b65-vzxc7,2026-07-29T16:01:06.421661+00:00,DEBUG,5c40fcfac5fce647,5c40fcfac5fce647,io-8080-exec-18,o.s.web.servlet.DispatcherServlet,Completed 200 OK
2026-07-29T16:01:29.396331+00:00,vets-service,vets-service-799f7d5b65-vzxc7,2026-07-29T16:01:05.669446+00:00,DEBUG,dba7ce4c3a08d0a9,eea5755e95820978,nio-8080-exec-3,o.s.web.servlet.DispatcherServlet,Completed 200 OK
2026-07-29T16:01:29.396331+00:00,vets-service,vets-service-799f7d5b65-vzxc7,2026-07-29T16:01:05.669442+00:00,DEBUG,dba7ce4c3a08d0a9,597b5d0bca30849b,nio-8080-exec-3,o.s.web.servlet.DispatcherServlet,"GET ""/vets"", parameters={}"
2026-07-29T16:01:29.396331+00:00,vets-service,vets-service-799f7d5b65-vzxc7,2026-07-29T16:01:04.667234+00:00,DEBUG,59e68d2c396f7798,80b7392611e5bc4f,nio-8080-exec-9,o.s.web.servlet.DispatcherServlet,Completed 200 OK
2026-07-29T16:01:29.396331+00:00,vets-service,vets-service-799f7d5b65-vzxc7,2026-07-29T16:01:04.415632+00:00,DEBUG,59e68d2c396f7798,2ed8f2bbc1aff992,nio-8080-exec-9,o.s.web.servlet.DispatcherServlet,"GET ""/vets"", parameters={}"
2026-07-29T16:01:29.396331+00:00,vets-service,vets-service-799f7d5b65-vzxc7,2026-07-29T16:01:02.660662+00:00,DEBUG,cda319e28b58ccb6,34e6ae81021e8f4f,nio-8080-exec-8,o.s.web.servlet.DispatcherServlet,Completed 200 OK
2026-07-29T16:01:29.396331+00:00,vets-service,vets-service-799f7d5b65-vzxc7,2026-07-29T16:01:02.660659+00:00,DEBUG,cda319e28b58ccb6,4ff0338c4083e3e5,nio-8080-exec-8,o.s.web.servlet.DispatcherServlet,"GET ""/vets"", parameters={}"
2026-07-29T16:01:29.396331+00:00,vets-service,vets-service-799f7d5b65-vzxc7,2026-07-29T16:01:01.156783+00:00,DEBUG,5fa131f4afbb6eb8,de4a2c8754374591,io-8080-exec-15,o.s.web.servlet.DispatcherServlet,Completed 200 OK
2026-07-29T16:01:29.396331+00:00,vets-service,vets-service-799f7d5b65-vzxc7,2026-07-29T16:01:00.905696+00:00,DEBUG,5fa131f4afbb6eb8,777ecf2472e7554c,io-8080-exec-15,o.s.web.servlet.DispatcherServlet,"GET ""/vets"", parameters={}"
2026-07-29T16:01:29.396331+00:00,vets-service,vets-service-799f7d5b65-vzxc7,2026-07-29T16:01:00.403451+00:00,DEBUG,396230a2e862506b,f40fa109a215347f,io-8080-exec-19,o.s.web.servlet.DispatcherServlet,Completed 200 OK
2026-07-29T16:01:29.396331+00:00,vets-service,vets-service-799f7d5b65-vzxc7,2026-07-29T16:01:00.153342+00:00,DEBUG,396230a2e862506b,d9f9a486b04c4982,io-8080-exec-19,o.s.web.servlet.DispatcherServlet,"GET ""/vets"", parameters={}"
2026-07-29T16:01:29.396331+00:00,vets-service,vets-service-799f7d5b65-vzxc7,2026-07-29T16:00:59.902718+00:00,DEBUG,e918dd80c8846dfc,3e5e17f4802868e5,io-8080-exec-20,o.s.web.servlet.DispatcherServlet,Completed 200 OK
2026-07-29T16:01:29.396331+00:00,vets-service,vets-service-799f7d5b65-vzxc7,2026-07-29T16:00:59.651743+00:00,DEBUG,e918dd80c8846dfc,ee24e4c9e890a571,io-8080-exec-20,o.s.web.servlet.DispatcherServlet,"GET ""/vets"", parameters={}"
2026-07-29T16:01:29.396331+00:00,vets-service,vets-service-799f7d5b65-vzxc7,2026-07-29T16:00:59.150090+00:00,DEBUG,6536d9278d6eef51,500da1e3638735cd,io-8080-exec-21,o.s.web.servlet.DispatcherServlet,Completed 200 OK
2026-07-29T16:01:29.396331+00:00,vets-service,vets-service-799f7d5b65-vzxc7,2026-07-29T16:00:59.150087+00:00,DEBUG,6536d9278d6eef51,c705a97c250fc510,io-8080-exec-21,o.s.web.servlet.DispatcherServlet,"GET ""/vets"", parameters={}"
2026-07-29T16:01:29.396331+00:00,vets-service,vets-service-799f7d5b65-vzxc7,2026-07-29T16:00:58.398270+00:00,DEBUG,339d6972f099e0ca,b2252379677c8335,nio-8080-exec-5,o.s.web.servlet.DispatcherServlet,Completed 200 OK
2026-07-29T16:01:29.396331+00:00,vets-service,vets-service-799f7d5b65-vzxc7,2026-07-29T16:00:58.147468+00:00,DEBUG,339d6972f099e0ca,b6a5489bb8b0d566,nio-8080-exec-5,o.s.web.servlet.DispatcherServlet,"GET ""/vets"", parameters={}"
2026-07-29T16:01:29.396331+00:00,vets-service,vets-service-799f7d5b65-vzxc7,2026-07-29T16:00:57.644825+00:00,DEBUG,87ce6777462e1466,dd26ed2e44db41ff,io-8080-exec-17,o.s.web.servlet.DispatcherServlet,Completed 200 OK
2026-07-29T16:01:29.396331+00:00,vets-service,vets-service-799f7d5b65-vzxc7,2026-07-29T16:00:57.393874+00:00,DEBUG,87ce6777462e1466,a6f55bda159aeaec,io-8080-exec-17,o.s.web.servlet.DispatcherServlet,"GET ""/vets"", parameters={}"
2026-07-29T16:01:29.396331+00:00,vets-service,vets-service-799f7d5b65-vzxc7,2026-07-29T16:00:57.393871+00:00,DEBUG,da4eba28a194d566,d960732986899096,io-8080-exec-18,o.s.web.servlet.DispatcherServlet,Completed 200 OK
2026-07-29T16:01:29.396331+00:00,vets-service,vets-service-799f7d5b65-vzxc7,2026-07-29T16:00:57.143624+00:00,DEBUG,da4eba28a194d566,1033dd679fd1561a,io-8080-exec-18,o.s.web.servlet.DispatcherServlet,"GET ""/vets"", parameters={}"
2026-07-29T16:01:29.396331+00:00,vets-service,vets-service-799f7d5b65-vzxc7,2026-07-29T16:00:56.642284+00:00,DEBUG,0b26909779f8d6a6,55a8c25eb540acb4,nio-8080-exec-3,o.s.web.servlet.DispatcherServlet,Completed 200 OK
2026-07-29T16:01:29.396331+00:00,vets-service,vets-service-799f7d5b65-vzxc7,2026-07-29T16:00:55.889697+00:00,DEBUG,0b26909779f8d6a6,b098ea614b3eb285,nio-8080-exec-3,o.s.web.servlet.DispatcherServlet,"GET ""/vets"", parameters={}"
2026-07-29T16:01:29.396331+00:00,vets-service,vets-service-799f7d5b65-vzxc7,2026-07-29T16:00:55.387740+00:00,DEBUG,e075e94ae486d4e5,e075e94ae486d4e5,nio-8080-exec-9,o.s.web.servlet.DispatcherServlet,Completed 200 OK
2026-07-29T16:01:29.396331+00:00,vets-service,vets-service-799f7d5b65-vzxc7,2026-07-29T16:00:53.884192+00:00,DEBUG,10c07757cfd1722d,b2b669a6a7d8c594,nio-8080-exec-8,o.s.web.servlet.DispatcherServlet,Completed 200 OK
2026-07-29T16:01:29.396331+00:00,vets-service,vets-service-799f7d5b65-vzxc7,2026-07-29T16:00:53.632996+00:00,DEBUG,341affb505f0ea42,80d0469a4a033222,io-8080-exec-15,o.s.web.servlet.DispatcherServlet,Completed 200 OK
2026-07-29T16:01:29.396331+00:00,vets-service,vets-service-799f7d5b65-vzxc7,2026-07-29T16:00:52.880845+00:00,DEBUG,10c07757cfd1722d,214463307b33b312,nio-8080-exec-8,o.s.web.servlet.DispatcherServlet,"GET ""/vets"", parameters={}"
2026-07-29T16:01:29.396331+00:00,vets-service,vets-service-799f7d5b65-vzxc7,2026-07-29T16:00:52.630556+00:00,DEBUG,341affb505f0ea42,cafd2e258669f42d,io-8080-exec-15,o.s.web.servlet.DispatcherServlet,"GET ""/vets"", parameters={}"
2026-07-29T16:01:29.396331+00:00,vets-service,vets-service-799f7d5b65-vzxc7,2026-07-29T16:00:52.129004+00:00,DEBUG,8742cfed33049744,43b44acbbe27de41,io-8080-exec-19,o.s.web.servlet.DispatcherServlet,Completed 200 OK
2026-07-29T16:01:29.396331+00:00,vets-service,vets-service-799f7d5b65-vzxc7,2026-07-29T16:00:52.128906+00:00,DEBUG,8742cfed33049744,ff1cb9f4b5873cfe,io-8080-exec-19,o.s.web.servlet.DispatcherServlet,"GET ""/vets"", parameters={}"
2026-07-29T16:01:29.396331+00:00,vets-service,vets-service-799f7d5b65-vzxc7,2026-07-29T16:00:52.128902+00:00,DEBUG,2df26ae614823196,65f87b9888976c86,io-8080-exec-20,o.s.web.servlet.DispatcherServlet,Completed 200 OK
2026-07-29T16:01:29.396331+00:00,vets-service,vets-service-799f7d5b65-vzxc7,2026-07-29T16:00:51.877956+00:00,DEBUG,2df26ae614823196,cb31c9f25351afeb,io-8080-exec-20,o.s.web.servlet.DispatcherServlet,"GET ""/vets"", parameters={}"
2026-07-29T16:01:29.396331+00:00,vets-service,vets-service-799f7d5b65-vzxc7,2026-07-29T16:00:51.376243+00:00,DEBUG,babfa645485c8a3c,babfa645485c8a3c,io-8080-exec-21,o.s.web.servlet.DispatcherServlet,Completed 200 OK
2026-07-29T16:01:29.396331+00:00,vets-service,vets-service-799f7d5b65-vzxc7,2026-07-29T16:00:51.125439+00:00,DEBUG,b1964084bca45a58,36987b162ec8a901,nio-8080-exec-5,o.s.web.servlet.DispatcherServlet,Completed 200 OK
2026-07-29T16:01:29.396331+00:00,vets-service,vets-service-799f7d5b65-vzxc7,2026-07-29T16:00:51.125436+00:00,DEBUG,b1964084bca45a58,cb60b60a272cab33,nio-8080-exec-5,o.s.web.servlet.DispatcherServlet,"GET ""/vets"", parameters={}"
2026-07-29T16:01:29.396331+00:00,vets-service,vets-service-799f7d5b65-vzxc7,2026-07-29T16:00:50.623370+00:00,DEBUG,2138385210c30518,f5df76ac9f52b733,io-8080-exec-17,o.s.web.servlet.DispatcherServlet,Completed 200 OK
2026-07-29T16:01:29.396331+00:00,vets-service,vets-service-799f7d5b65-vzxc7,2026-07-29T16:00:50.623366+00:00,DEBUG,2138385210c30518,80110ea8e9ed7993,io-8080-exec-17,o.s.web.servlet.DispatcherServlet,"GET ""/vets"", parameters={}"
2026-07-29T16:01:29.396331+00:00,vets-service,vets-service-799f7d5b65-vzxc7,2026-07-29T16:00:50.120819+00:00,DEBUG,dd4801e2e99e2cc4,dbb5b7916922b487,io-8080-exec-18,o.s.web.servlet.DispatcherServlet,Completed 200 OK
2026-07-29T16:01:29.396331+00:00,vets-service,vets-service-799f7d5b65-vzxc7,2026-07-29T16:00:50.120816+00:00,DEBUG,dd4801e2e99e2cc4,10ce44639fe76eb7,io-8080-exec-18,o.s.web.servlet.DispatcherServlet,"GET ""/vets"", parameters={}"
2026-07-29T16:01:29.396331+00:00,vets-service,vets-service-799f7d5b65-vzxc7,2026-07-29T16:00:48.616381+00:00,DEBUG,3b8032656babcc84,3e50dc44539a4e2a,nio-8080-exec-3,o.s.web.servlet.DispatcherServlet,Completed 200 OK
2026-07-29T16:01:29.396331+00:00,vets-service,vets-service-799f7d5b65-vzxc7,2026-07-29T16:00:48.366238+00:00,DEBUG,3b8032656babcc84,3df85a0a5ea342e8,nio-8080-exec-3,o.s.web.servlet.DispatcherServlet,"GET ""/vets"", parameters={}"
2026-07-29T16:01:29.396331+00:00,vets-service,vets-service-799f7d5b65-vzxc7,2026-07-29T16:00:47.361920+00:00,DEBUG,a45864f99402925e,8df48c77c8f715fc,nio-8080-exec-9,o.s.web.servlet.DispatcherServlet,Completed 200 OK
2026-07-29T16:01:29.396331+00:00,vets-service,vets-service-799f7d5b65-vzxc7,2026-07-29T16:00:47.111473+00:00,DEBUG,1be41ee31bbe9aa2,969dc24014e0ac40,nio-8080-exec-8,o.s.web.servlet.DispatcherServlet,Completed 200 OK
2026-07-29T16:01:29.396331+00:00,vets-service,vets-service-799f7d5b65-vzxc7,2026-07-29T16:00:47.111470+00:00,DEBUG,1be41ee31bbe9aa2,4348d0a30d62f3fb,nio-8080-exec-8,o.s.web.servlet.DispatcherServlet,"GET ""/vets"", parameters={}"
2026-07-29T16:01:29.396331+00:00,vets-service,vets-service-799f7d5b65-vzxc7,2026-07-29T16:00:46.860891+00:00,DEBUG,1ed32cf0ee4d90bd,1ed32cf0ee4d90bd,io-8080-exec-15,o.s.web.servlet.DispatcherServlet,Completed 200 OK
2026-07-29T16:01:29.396331+00:00,vets-service,vets-service-799f7d5b65-vzxc7,2026-07-29T16:00:46.860855+00:00,DEBUG,a45864f99402925e,ac2621e3c0c0f3e0,nio-8080-exec-9,o.s.web.servlet.DispatcherServlet,"GET ""/vets"", parameters={}"
2026-07-29T16:01:29.396331+00:00,vets-service,vets-service-799f7d5b65-vzxc7,2026-07-29T16:00:45.355778+00:00,DEBUG,9595f7bf5335d80a,d418bbde899e44e3,io-8080-exec-19,o.s.web.servlet.DispatcherServlet,Completed 200 OK
2026-07-29T16:01:29.396331+00:00,vets-service,vets-service-799f7d5b65-vzxc7,2026-07-29T16:00:45.104811+00:00,DEBUG,9595f7bf5335d80a,162a48835686416f,io-8080-exec-19,o.s.web.servlet.DispatcherServlet,"GET ""/vets"", parameters={}"
2026-07-29T16:01:29.396331+00:00,vets-service,vets-service-799f7d5b65-vzxc7,2026-07-29T16:00:43.098660+00:00,DEBUG,4ee25cca0eec45eb,24f589f70dda1edb,io-8080-exec-20,o.s.web.servlet.DispatcherServlet,Completed 200 OK
2026-07-29T16:01:29.396331+00:00,vets-service,vets-service-799f7d5b65-vzxc7,2026-07-29T16:00:42.848309+00:00,DEBUG,4ee25cca0eec45eb,7083dc57ee86f4fe,io-8080-exec-20,o.s.web.servlet.DispatcherServlet,"GET ""/vets"", parameters={}"
2026-07-29T16:01:29.396331+00:00,vets-service,vets-service-799f7d5b65-vzxc7,2026-07-29T16:00:42.346138+00:00,DEBUG,3aba6fb70ab9491b,9e25a7405bf35007,io-8080-exec-21,o.s.web.servlet.DispatcherServlet,Completed 200 OK
2026-07-29T16:01:29.396331+00:00,vets-service,vets-service-799f7d5b65-vzxc7,2026-07-29T16:00:41.845247+00:00,DEBUG,3874af3ad3fd3216,82da7f03de880811,nio-8080-exec-5,o.s.web.servlet.DispatcherServlet,Completed 200 OK
2026-07-29T16:01:29.396331+00:00,vets-service,vets-service-799f7d5b65-vzxc7,2026-07-29T16:00:41.845242+00:00,DEBUG,3aba6fb70ab9491b,f756a9f5dbc00130,io-8080-exec-21,o.s.web.servlet.DispatcherServlet,"GET ""/vets"", parameters={}"
2026-07-29T16:01:29.396331+00:00,vets-service,vets-service-799f7d5b65-vzxc7,2026-07-29T16:00:41.343440+00:00,DEBUG,1585a5359c0b1977,d5b7a45e8537311b,io-8080-exec-17,o.s.web.servlet.DispatcherServlet,Completed 200 OK
2026-07-29T16:01:29.396331+00:00,vets-service,vets-service-799f7d5b65-vzxc7,2026-07-29T16:00:41.092752+00:00,DEBUG,3874af3ad3fd3216,02f4405514778531,nio-8080-exec-5,o.s.web.servlet.DispatcherServlet,"GET ""/vets"", parameters={}"
2026-07-29T16:01:29.396331+00:00,vets-service,vets-service-799f7d5b65-vzxc7,2026-07-29T16:00:41.092747+00:00,DEBUG,1135e2ebf7c60ed2,149961a2d9995659,io-8080-exec-18,o.s.web.servlet.DispatcherServlet,Completed 200 OK
2026-07-29T16:01:29.396331+00:00,vets-service,vets-service-799f7d5b65-vzxc7,2026-07-29T16:00:40.591044+00:00,DEBUG,1585a5359c0b1977,84d3e74eaa2c8f90,io-8080-exec-17,o.s.web.servlet.DispatcherServlet,"GET ""/vets"", parameters={}"
2026-07-29T16:01:29.396331+00:00,vets-service,vets-service-799f7d5b65-vzxc7,2026-07-29T16:00:40.340311+00:00,DEBUG,1135e2ebf7c60ed2,75221f2192e9fe6d,io-8080-exec-18,o.s.web.servlet.DispatcherServlet,"GET ""/vets"", parameters={}"
2026-07-29T16:01:29.396331+00:00,vets-service,vets-service-799f7d5b65-vzxc7,2026-07-29T16:00:40.340286+00:00,DEBUG,3c10325dab538826,3c10325dab538826,nio-8080-exec-3,o.s.web.servlet.DispatcherServlet,Completed 200 OK
2026-07-29T16:01:29.396331+00:00,vets-service,vets-service-799f7d5b65-vzxc7,2026-07-29T16:00:39.587223+00:00,DEBUG,26f2c5496c42a882,1eccb4ed4a959d7d,nio-8080-exec-8,o.s.web.servlet.DispatcherServlet,Completed 200 OK
2026-07-29T16:01:29.396331+00:00,vets-service,vets-service-799f7d5b65-vzxc7,2026-07-29T16:00:38.584375+00:00,DEBUG,26f2c5496c42a882,a476aa4fbcaeeb9a,nio-8080-exec-8,o.s.web.servlet.DispatcherServlet,"GET ""/vets"", parameters={}"
2026-07-29T16:01:29.396331+00:00,vets-service,vets-service-799f7d5b65-vzxc7,2026-07-29T16:00:38.584371+00:00,DEBUG,8cac391944d610a4,cc0bcbc7036683a1,io-8080-exec-15,o.s.web.servlet.DispatcherServlet,Completed 200 OK
2026-07-29T16:01:29.396331+00:00,vets-service,vets-service-799f7d5b65-vzxc7,2026-07-29T16:00:37.831927+00:00,DEBUG,8cac391944d610a4,8b3d2b9f2557c9a0,io-8080-exec-15,o.s.web.servlet.DispatcherServlet,"GET ""/vets"", parameters={}"
2026-07-29T16:01:29.396331+00:00,vets-service,vets-service-799f7d5b65-vzxc7,2026-07-29T16:00:37.330353+00:00,DEBUG,85491de1d1e105ff,f293e66fe988e58a,nio-8080-exec-9,o.s.web.servlet.DispatcherServlet,Completed 200 OK
2026-07-29T16:01:29.396331+00:00,vets-service,vets-service-799f7d5b65-vzxc7,2026-07-29T16:00:37.330334+00:00,DEBUG,22abd8565a014dbf,0a606c6b2b9dd3a4,io-8080-exec-19,o.s.web.servlet.DispatcherServlet,Completed 200 OK
2026-07-29T16:01:29.396331+00:00,vets-service,vets-service-799f7d5b65-vzxc7,2026-07-29T16:00:37.330331+00:00,DEBUG,22abd8565a014dbf,5246f12dde108315,io-8080-exec-19,o.s.web.servlet.DispatcherServlet,"GET ""/vets"", parameters={}"
2026-07-29T16:01:29.396331+00:00,vets-service,vets-service-799f7d5b65-vzxc7,2026-07-29T16:00:37.079470+00:00,DEBUG,85491de1d1e105ff,5e6b33ee25bf3063,nio-8080-exec-9,o.s.web.servlet.DispatcherServlet,"GET ""/vets"", parameters={}"
2026-07-29T16:01:29.396331+00:00,vets-service,vets-service-799f7d5b65-vzxc7,2026-07-29T16:00:36.828453+00:00,DEBUG,3cbafcb8c69fff49,e9f497b48afd01dc,io-8080-exec-20,o.s.web.servlet.DispatcherServlet,Completed 200 OK
2026-07-29T16:01:29.396331+00:00,vets-service,vets-service-799f7d5b65-vzxc7,2026-07-29T16:00:36.577273+00:00,DEBUG,3cbafcb8c69fff49,98b80d2d58f113fa,io-8080-exec-20,o.s.web.servlet.DispatcherServlet,"GET ""/vets"", parameters={}"
2026-07-29T16:01:29.396331+00:00,vets-service,vets-service-799f7d5b65-vzxc7,2026-07-29T16:00:36.326860+00:00,DEBUG,63164b4d4bafdd3d,63164b4d4bafdd3d,io-8080-exec-21,o.s.web.servlet.DispatcherServlet,Completed 200 OK
2026-07-29T16:01:29.396331+00:00,vets-service,vets-service-799f7d5b65-vzxc7,2026-07-29T16:00:36.326834+00:00,DEBUG,06011a93e1d8bf79,7598f1b79098da04,nio-8080-exec-5,o.s.web.servlet.DispatcherServlet,Completed 200 OK
2026-07-29T16:01:29.396331+00:00,vets-service,vets-service-799f7d5b65-vzxc7,2026-07-29T16:00:36.076518+00:00,DEBUG,06011a93e1d8bf79,e10d542649bd3632,nio-8080-exec-5,o.s.web.servlet.DispatcherServlet,"GET ""/vets"", parameters={}"
2026-07-29T16:01:29.396331+00:00,vets-service,vets-service-799f7d5b65-vzxc7,2026-07-29T16:00:35.825955+00:00,DEBUG,91499025a91dae8e,3064fbc07417f0f2,io-8080-exec-17,o.s.web.servlet.DispatcherServlet,Completed 200 OK
2026-07-29T16:01:29.396331+00:00,vets-service,vets-service-799f7d5b65-vzxc7,2026-07-29T16:00:35.574487+00:00,DEBUG,91499025a91dae8e,befe8a2538632710,io-8080-exec-17,o.s.web.servlet.DispatcherServlet,"GET ""/vets"", parameters={}"
2026-07-29T16:01:29.396331+00:00,vets-service,vets-service-799f7d5b65-vzxc7,2026-07-29T16:00:35.323890+00:00,DEBUG,5ddd25ad04deffcc,85f850ead546551b,io-8080-exec-18,o.s.web.servlet.DispatcherServlet,Completed 200 OK
2026-07-29T16:01:29.396331+00:00,vets-service,vets-service-799f7d5b65-vzxc7,2026-07-29T16:00:35.072881+00:00,DEBUG,5ddd25ad04deffcc,181d4d9233dec569,io-8080-exec-18,o.s.web.servlet.DispatcherServlet,"GET ""/vets"", parameters={}"
2026-07-29T16:01:29.396331+00:00,vets-service,vets-service-799f7d5b65-vzxc7,2026-07-29T16:00:34.571436+00:00,DEBUG,8edc1ed1f6822ebb,08022f4ec6e8cc3f,nio-8080-exec-3,o.s.web.servlet.DispatcherServlet,Completed 200 OK
2026-07-29T16:01:29.396331+00:00,vets-service,vets-service-799f7d5b65-vzxc7,2026-07-29T16:00:34.320343+00:00,DEBUG,8edc1ed1f6822ebb,33090f5299414b3d,nio-8080-exec-3,o.s.web.servlet.DispatcherServlet,"GET ""/vets"", parameters={}"
2026-07-29T16:01:29.396331+00:00,vets-service,vets-service-799f7d5b65-vzxc7,2026-07-29T16:00:34.320339+00:00,DEBUG,b5aef60b2c9c0c34,b05f4e5f9400ae4c,nio-8080-exec-8,o.s.web.servlet.DispatcherServlet,Completed 200 OK
2026-07-29T16:01:29.396331+00:00,vets-service,vets-service-799f7d5b65-vzxc7,2026-07-29T16:00:34.070148+00:00,DEBUG,b5aef60b2c9c0c34,9041256a4b3df5d1,nio-8080-exec-8,o.s.web.servlet.DispatcherServlet,"GET ""/vets"", parameters={}"
2026-07-29T16:01:29.396331+00:00,vets-service,vets-service-799f7d5b65-vzxc7,2026-07-29T16:00:33.819649+00:00,DEBUG,fae16d96cc216a59,765cd2b1f9c23400,io-8080-exec-15,o.s.web.servlet.DispatcherServlet,Completed 200 OK
2026-07-29T16:01:29.396331+00:00,vets-service,vets-service-799f7d5b65-vzxc7,2026-07-29T16:00:33.568220+00:00,DEBUG,fae16d96cc216a59,e90d7d74a49f7a08,io-8080-exec-15,o.s.web.servlet.DispatcherServlet,"GET ""/vets"", parameters={}"
2026-07-29T16:01:29.396331+00:00,vets-service,vets-service-799f7d5b65-vzxc7,2026-07-29T16:00:31.059395+00:00,DEBUG,1bb8c080e84e2037,bbe3f7c7df21aad3,io-8080-exec-19,o.s.web.servlet.DispatcherServlet,Completed 200 OK
2026-07-29T16:01:29.396331+00:00,vets-service,vets-service-799f7d5b65-vzxc7,2026-07-29T16:00:30.558308+00:00,DEBUG,1bb8c080e84e2037,bd64a0f3150c3c3d,io-8080-exec-19,o.s.web.servlet.DispatcherServlet,"GET ""/vets"", parameters={}"
2026-07-29T16:01:29.396331+00:00,vets-service,vets-service-799f7d5b65-vzxc7,2026-07-29T16:00:30.558282+00:00,DEBUG,dee3ca93a162bd33,a129b80dd7dfdd68,nio-8080-exec-9,o.s.web.servlet.DispatcherServlet,Completed 200 OK
2026-07-29T16:01:29.396331+00:00,vets-service,vets-service-799f7d5b65-vzxc7,2026-07-29T16:00:30.558278+00:00,DEBUG,dee3ca93a162bd33,31b3100ca03edd41,nio-8080-exec-9,o.s.web.servlet.DispatcherServlet,"GET ""/vets"", parameters={}"
2026-07-29T16:01:29.396331+00:00,vets-service,vets-service-799f7d5b65-vzxc7,2026-07-29T16:00:30.055759+00:00,DEBUG,54d2960310febcc8,cfb368feff6678d3,io-8080-exec-20,o.s.web.servlet.DispatcherServlet,Completed 200 OK
2026-07-29T16:01:29.396331+00:00,vets-service,vets-service-799f7d5b65-vzxc7,2026-07-29T16:00:30.055757+00:00,DEBUG,54d2960310febcc8,b1dedde5174fe8a7,io-8080-exec-20,o.s.web.servlet.DispatcherServlet,"GET ""/vets"", parameters={}"
2026-07-29T16:01:29.396331+00:00,vets-service,vets-service-799f7d5b65-vzxc7,2026-07-29T16:00:29.804858+00:00,DEBUG,2824ba50b18eadd1,596bb98c28e61588,io-8080-exec-21,o.s.web.servlet.DispatcherServlet,Completed 200 OK
2026-07-29T16:01:29.396331+00:00,vets-service,vets-service-799f7d5b65-vzxc7,2026-07-29T16:00:29.553797+00:00,DEBUG,2824ba50b18eadd1,d76deeb9f39f2f87,io-8080-exec-21,o.s.web.servlet.DispatcherServlet,"GET ""/vets"", parameters={}"
2026-07-29T16:01:29.396331+00:00,vets-service,vets-service-799f7d5b65-vzxc7,2026-07-29T16:00:28.801008+00:00,DEBUG,1d926d1e1878653f,160b7b3f301db923,nio-8080-exec-5,o.s.web.servlet.DispatcherServlet,Completed 200 OK
2026-07-29T16:01:29.396331+00:00,vets-service,vets-service-799f7d5b65-vzxc7,2026-07-29T16:00:28.549820+00:00,DEBUG,1d926d1e1878653f,cb4e94288c788dde,nio-8080-exec-5,o.s.web.servlet.DispatcherServlet,"GET ""/vets"", parameters={}"
2026-07-29T16:01:29.396331+00:00,vets-service,vets-service-799f7d5b65-vzxc7,2026-07-29T16:00:28.298678+00:00,DEBUG,15f0e2c49a676b2b,d1dbfa845e652548,io-8080-exec-17,o.s.web.servlet.DispatcherServlet,Completed 200 OK
2026-07-29T16:01:29.396331+00:00,vets-service,vets-service-799f7d5b65-vzxc7,2026-07-29T16:00:28.298667+00:00,DEBUG,15f0e2c49a676b2b,97206b43bc6d1407,io-8080-exec-17,o.s.web.servlet.DispatcherServlet,"GET ""/vets"", parameters={}"
2026-07-29T16:01:29.396331+00:00,vets-service,vets-service-799f7d5b65-vzxc7,2026-07-29T16:00:27.295986+00:00,DEBUG,c9576f2d14b19390,6711c089d405ea9c,io-8080-exec-18,o.s.web.servlet.DispatcherServlet,Completed 200 OK
2026-07-29T16:01:29.396331+00:00,vets-service,vets-service-799f7d5b65-vzxc7,2026-07-29T16:00:27.295981+00:00,DEBUG,c9576f2d14b19390,c010a5dab8d40f25,io-8080-exec-18,o.s.web.servlet.DispatcherServlet,"GET ""/vets"", parameters={}"
2026-07-29T16:01:29.396331+00:00,vets-service,vets-service-799f7d5b65-vzxc7,2026-07-29T16:00:26.794282+00:00,DEBUG,9778b24919f1d8d3,9778b24919f1d8d3,nio-8080-exec-3,o.s.web.servlet.DispatcherServlet,Completed 200 OK
2026-07-29T16:01:29.396331+00:00,vets-service,vets-service-799f7d5b65-vzxc7,2026-07-29T16:00:26.042037+00:00,DEBUG,53114aaedb80d110,dd4c0adc062e4136,nio-8080-exec-8,o.s.web.servlet.DispatcherServlet,Completed 200 OK
2026-07-29T16:01:29.396331+00:00,vets-service,vets-service-799f7d5b65-vzxc7,2026-07-29T16:00:25.791179+00:00,DEBUG,53114aaedb80d110,b5e9d8bf220b42e7,nio-8080-exec-8,o.s.web.servlet.DispatcherServlet,"GET ""/vets"", parameters={}"
2026-07-29T16:01:29.396331+00:00,vets-service,vets-service-799f7d5b65-vzxc7,2026-07-29T16:00:25.289189+00:00,DEBUG,e1618a4f10ce14d5,e1618a4f10ce14d5,io-8080-exec-15,o.s.web.servlet.DispatcherServlet,Completed 200 OK
2026-07-29T16:01:29.396331+00:00,visits-service,visits-service-6868c8596f-9q28w,2026-07-29T16:01:29.108039+00:00,DEBUG,905984452be84b50,4ba033086c8102e9,nio-8080-exec-2,o.s.web.servlet.DispatcherServlet,Completed 200 OK
2026-07-29T16:01:29.396331+00:00,visits-service,visits-service-6868c8596f-9q28w,2026-07-29T16:01:28.857041+00:00,DEBUG,905984452be84b50,4ba033086c8102e9,nio-8080-exec-2,o.s.web.servlet.DispatcherServlet,"GET ""/owners/1/pets/1/visits"", parameters={}"
2026-07-29T16:01:29.396331+00:00,visits-service,visits-service-6868c8596f-9q28w,2026-07-29T16:01:28.857037+00:00,DEBUG,bedfa8779d9963a4,20844725139b6678,nio-8080-exec-5,o.s.web.servlet.DispatcherServlet,Completed 200 OK
2026-07-29T16:01:29.396331+00:00,visits-service,visits-service-6868c8596f-9q28w,2026-07-29T16:01:28.606039+00:00,DEBUG,bedfa8779d9963a4,20844725139b6678,nio-8080-exec-5,o.s.web.servlet.DispatcherServlet,"GET ""/owners/1/pets/1/visits"", parameters={}"
2026-07-29T16:01:29.396331+00:00,visits-service,visits-service-6868c8596f-9q28w,2026-07-29T16:01:28.606035+00:00,DEBUG,d5f54d1cd9f23bbd,8f1448eb99db0bc4,nio-8080-exec-8,o.s.web.servlet.DispatcherServlet,Completed 200 OK
2026-07-29T16:01:29.396331+00:00,visits-service,visits-service-6868c8596f-9q28w,2026-07-29T16:01:28.355398+00:00,DEBUG,d5f54d1cd9f23bbd,8f1448eb99db0bc4,nio-8080-exec-8,o.s.web.servlet.DispatcherServlet,"GET ""/owners/1/pets/1/visits"", parameters={}"
2026-07-29T16:01:29.396331+00:00,visits-service,visits-service-6868c8596f-9q28w,2026-07-29T16:01:28.104739+00:00,DEBUG,995a174efe096800,8c1119d6635b8c36,nio-8080-exec-1,o.s.web.servlet.DispatcherServlet,Completed 200 OK
2026-07-29T16:01:29.396331+00:00,visits-service,visits-service-6868c8596f-9q28w,2026-07-29T16:01:27.853709+00:00,DEBUG,995a174efe096800,8c1119d6635b8c36,nio-8080-exec-1,o.s.web.servlet.DispatcherServlet,"GET ""/owners/1/pets/1/visits"", parameters={}"
2026-07-29T16:01:29.396331+00:00,visits-service,visits-service-6868c8596f-9q28w,2026-07-29T16:01:27.853686+00:00,DEBUG,0f655770279382f2,e83c094dbf9c3760,io-8080-exec-10,o.s.web.servlet.DispatcherServlet,Completed 200 OK
2026-07-29T16:01:29.396331+00:00,visits-service,visits-service-6868c8596f-9q28w,2026-07-29T16:01:27.853683+00:00,DEBUG,0f655770279382f2,e83c094dbf9c3760,io-8080-exec-10,o.s.web.servlet.DispatcherServlet,"GET ""/owners/1/pets/1/visits"", parameters={}"
2026-07-29T16:01:29.396331+00:00,visits-service,visits-service-6868c8596f-9q28w,2026-07-29T16:01:27.602768+00:00,DEBUG,210e97de639e5bc1,0e69c066745780be,nio-8080-exec-9,o.s.web.servlet.DispatcherServlet,Completed 200 OK
2026-07-29T16:01:29.396331+00:00,visits-service,visits-service-6868c8596f-9q28w,2026-07-29T16:01:27.602764+00:00,DEBUG,210e97de639e5bc1,0e69c066745780be,nio-8080-exec-9,o.s.web.servlet.DispatcherServlet,"GET ""/owners/1/pets/1/visits"", parameters={}"
2026-07-29T16:01:29.396331+00:00,visits-service,visits-service-6868c8596f-9q28w,2026-07-29T16:01:27.352512+00:00,DEBUG,a741ca99e2980055,034de54d3adab574,nio-8080-exec-6,o.s.web.servlet.DispatcherServlet,Completed 200 OK
2026-07-29T16:01:29.396331+00:00,visits-service,visits-service-6868c8596f-9q28w,2026-07-29T16:01:27.352508+00:00,DEBUG,a741ca99e2980055,034de54d3adab574,nio-8080-exec-6,o.s.web.servlet.DispatcherServlet,"GET ""/owners/1/pets/1/visits"", parameters={}"
2026-07-29T16:01:29.396331+00:00,visits-service,visits-service-6868c8596f-9q28w,2026-07-29T16:01:26.600791+00:00,DEBUG,4997ba7b0bcb8e12,87006be1f4128778,nio-8080-exec-4,o.s.web.servlet.DispatcherServlet,Completed 200 OK
2026-07-29T16:01:29.396331+00:00,visits-service,visits-service-6868c8596f-9q28w,2026-07-29T16:01:26.600787+00:00,DEBUG,4997ba7b0bcb8e12,87006be1f4128778,nio-8080-exec-4,o.s.web.servlet.DispatcherServlet,"GET ""/owners/1/pets/1/visits"", parameters={}"
2026-07-29T16:01:29.396331+00:00,visits-service,visits-service-6868c8596f-9q28w,2026-07-29T16:01:26.350073+00:00,DEBUG,c4bceadf9a5cf2ec,8b1afa6f2a7c7a8b,nio-8080-exec-7,o.s.web.servlet.DispatcherServlet,Completed 200 OK
2026-07-29T16:01:29.396331+00:00,visits-service,visits-service-6868c8596f-9q28w,2026-07-29T16:01:26.350069+00:00,DEBUG,c4bceadf9a5cf2ec,8b1afa6f2a7c7a8b,nio-8080-exec-7,o.s.web.servlet.DispatcherServlet,"GET ""/owners/1/pets/1/visits"", parameters={}"
2026-07-29T16:01:29.396331+00:00,visits-service,visits-service-6868c8596f-9q28w,2026-07-29T16:01:25.345728+00:00,DEBUG,72bb8921d0f4dbc1,40179dbcb3b5abec,nio-8080-exec-3,o.s.web.servlet.DispatcherServlet,Completed 200 OK
2026-07-29T16:01:29.396331+00:00,visits-service,visits-service-6868c8596f-9q28w,2026-07-29T16:01:25.345726+00:00,DEBUG,72bb8921d0f4dbc1,40179dbcb3b5abec,nio-8080-exec-3,o.s.web.servlet.DispatcherServlet,"GET ""/owners/1/pets/1/visits"", parameters={}"
2026-07-29T16:01:29.396331+00:00,visits-service,visits-service-6868c8596f-9q28w,2026-07-29T16:01:24.592811+00:00,DEBUG,78212f52d03649e8,92ccd518840c6f1d,nio-8080-exec-2,o.s.web.servlet.DispatcherServlet,Completed 200 OK
2026-07-29T16:01:29.396331+00:00,visits-service,visits-service-6868c8596f-9q28w,2026-07-29T16:01:24.592808+00:00,DEBUG,78212f52d03649e8,92ccd518840c6f1d,nio-8080-exec-2,o.s.web.servlet.DispatcherServlet,"GET ""/owners/1/pets/1/visits"", parameters={}"
2026-07-29T16:01:29.396331+00:00,visits-service,visits-service-6868c8596f-9q28w,2026-07-29T16:01:24.341457+00:00,DEBUG,084be7519d3d609d,87aa6e028ef7f7de,nio-8080-exec-5,o.s.web.servlet.DispatcherServlet,Completed 200 OK
2026-07-29T16:01:29.396331+00:00,visits-service,visits-service-6868c8596f-9q28w,2026-07-29T16:01:24.341453+00:00,DEBUG,084be7519d3d609d,87aa6e028ef7f7de,nio-8080-exec-5,o.s.web.servlet.DispatcherServlet,"GET ""/owners/1/pets/1/visits"", parameters={}"
2026-07-29T16:01:29.396331+00:00,visits-service,visits-service-6868c8596f-9q28w,2026-07-29T16:01:23.839686+00:00,DEBUG,cb329cd146c535ce,122bbe0db5fa8fe6,nio-8080-exec-8,o.s.web.servlet.DispatcherServlet,Completed 200 OK
2026-07-29T16:01:29.396331+00:00,visits-service,visits-service-6868c8596f-9q28w,2026-07-29T16:01:23.839683+00:00,DEBUG,cb329cd146c535ce,122bbe0db5fa8fe6,nio-8080-exec-8,o.s.web.servlet.DispatcherServlet,"GET ""/owners/1/pets/1/visits"", parameters={}"
2026-07-29T16:01:29.396331+00:00,visits-service,visits-service-6868c8596f-9q28w,2026-07-29T16:01:23.339382+00:00,DEBUG,e37c94ca24d33497,200eb011fee23158,nio-8080-exec-1,o.s.web.servlet.DispatcherServlet,Completed 200 OK
2026-07-29T16:01:29.396331+00:00,visits-service,visits-service-6868c8596f-9q28w,2026-07-29T16:01:23.339377+00:00,DEBUG,e37c94ca24d33497,200eb011fee23158,nio-8080-exec-1,o.s.web.servlet.DispatcherServlet,"GET ""/owners/1/pets/1/visits"", parameters={}"
2026-07-29T16:01:29.396331+00:00,visits-service,visits-service-6868c8596f-9q28w,2026-07-29T16:01:22.336284+00:00,DEBUG,c876082aa4209427,1e8933fe9f1e902f,io-8080-exec-10,o.s.web.servlet.DispatcherServlet,Completed 200 OK
2026-07-29T16:01:29.396331+00:00,visits-service,visits-service-6868c8596f-9q28w,2026-07-29T16:01:22.336214+00:00,DEBUG,c876082aa4209427,1e8933fe9f1e902f,io-8080-exec-10,o.s.web.servlet.DispatcherServlet,"GET ""/owners/1/pets/1/visits"", parameters={}"
2026-07-29T16:01:29.396331+00:00,visits-service,visits-service-6868c8596f-9q28w,2026-07-29T16:01:22.085590+00:00,DEBUG,1b659dba6ee95e5f,475aa93601f6cc64,nio-8080-exec-9,o.s.web.servlet.DispatcherServlet,Completed 200 OK
2026-07-29T16:01:29.396331+00:00,visits-service,visits-service-6868c8596f-9q28w,2026-07-29T16:01:22.085586+00:00,DEBUG,1b659dba6ee95e5f,475aa93601f6cc64,nio-8080-exec-9,o.s.web.servlet.DispatcherServlet,"GET ""/owners/1/pets/1/visits"", parameters={}"
2026-07-29T16:01:29.396331+00:00,visits-service,visits-service-6868c8596f-9q28w,2026-07-29T16:01:21.332815+00:00,DEBUG,55679ab2842ebb92,c9b1525ce319cc8d,nio-8080-exec-6,o.s.web.servlet.DispatcherServlet,Completed 200 OK
2026-07-29T16:01:29.396331+00:00,visits-service,visits-service-6868c8596f-9q28w,2026-07-29T16:01:21.332812+00:00,DEBUG,55679ab2842ebb92,c9b1525ce319cc8d,nio-8080-exec-6,o.s.web.servlet.DispatcherServlet,"GET ""/owners/1/pets/1/visits"", parameters={}"
2026-07-29T16:01:29.396331+00:00,visits-service,visits-service-6868c8596f-9q28w,2026-07-29T16:01:20.831137+00:00,DEBUG,91af91af9fee8473,a9f900ca11dd2e33,nio-8080-exec-4,o.s.web.servlet.DispatcherServlet,Completed 200 OK
2026-07-29T16:01:29.396331+00:00,visits-service,visits-service-6868c8596f-9q28w,2026-07-29T16:01:20.831133+00:00,DEBUG,91af91af9fee8473,a9f900ca11dd2e33,nio-8080-exec-4,o.s.web.servlet.DispatcherServlet,"GET ""/owners/1/pets/1/visits"", parameters={}"
2026-07-29T16:01:29.396331+00:00,visits-service,visits-service-6868c8596f-9q28w,2026-07-29T16:01:20.580229+00:00,DEBUG,8663045a5fd259b3,dd0a433c62ea790b,nio-8080-exec-7,o.s.web.servlet.DispatcherServlet,Completed 200 OK
2026-07-29T16:01:29.396331+00:00,visits-service,visits-service-6868c8596f-9q28w,2026-07-29T16:01:20.580225+00:00,DEBUG,8663045a5fd259b3,dd0a433c62ea790b,nio-8080-exec-7,o.s.web.servlet.DispatcherServlet,"GET ""/owners/1/pets/1/visits"", parameters={}"
2026-07-29T16:01:29.396331+00:00,visits-service,visits-service-6868c8596f-9q28w,2026-07-29T16:01:20.329040+00:00,DEBUG,43d57023d6f0e055,43d57023d6f0e055,nio-8080-exec-3,o.s.web.servlet.DispatcherServlet,Completed 200 OK
2026-07-29T16:01:29.396331+00:00,visits-service,visits-service-6868c8596f-9q28w,2026-07-29T16:01:20.078448+00:00,DEBUG,cd83181a1c441666,efd92e85ebe268ff,nio-8080-exec-2,o.s.web.servlet.DispatcherServlet,Completed 200 OK
2026-07-29T16:01:29.396331+00:00,visits-service,visits-service-6868c8596f-9q28w,2026-07-29T16:01:20.078424+00:00,DEBUG,cd83181a1c441666,efd92e85ebe268ff,nio-8080-exec-2,o.s.web.servlet.DispatcherServlet,"GET ""/owners/1/pets/1/visits"", parameters={}"
2026-07-29T16:01:29.396331+00:00,visits-service,visits-service-6868c8596f-9q28w,2026-07-29T16:01:20.078420+00:00,DEBUG,e616371cb6ca11f5,6f4c83da042a6355,nio-8080-exec-5,o.s.web.servlet.DispatcherServlet,Completed 200 OK
2026-07-29T16:01:29.396331+00:00,visits-service,visits-service-6868c8596f-9q28w,2026-07-29T16:01:19.827417+00:00,DEBUG,e616371cb6ca11f5,6f4c83da042a6355,nio-8080-exec-5,o.s.web.servlet.DispatcherServlet,"GET ""/owners/1/pets/1/visits"", parameters={}"
2026-07-29T16:01:29.396331+00:00,visits-service,visits-service-6868c8596f-9q28w,2026-07-29T16:01:18.573845+00:00,DEBUG,d044a89e577cf003,eaaa90c49128126a,nio-8080-exec-8,o.s.web.servlet.DispatcherServlet,Completed 200 OK
2026-07-29T16:01:29.396331+00:00,visits-service,visits-service-6868c8596f-9q28w,2026-07-29T16:01:18.323294+00:00,DEBUG,d044a89e577cf003,eaaa90c49128126a,nio-8080-exec-8,o.s.web.servlet.DispatcherServlet,"GET ""/owners/1/pets/1/visits"", parameters={}"
2026-07-29T16:01:29.396331+00:00,visits-service,visits-service-6868c8596f-9q28w,2026-07-29T16:01:18.072995+00:00,DEBUG,d216cc4fb344baa9,bf3363e47189e740,nio-8080-exec-1,o.s.web.servlet.DispatcherServlet,Completed 200 OK
2026-07-29T16:01:29.396331+00:00,visits-service,visits-service-6868c8596f-9q28w,2026-07-29T16:01:18.072991+00:00,DEBUG,d216cc4fb344baa9,bf3363e47189e740,nio-8080-exec-1,o.s.web.servlet.DispatcherServlet,"GET ""/owners/1/pets/1/visits"", parameters={}"
2026-07-29T16:01:29.396331+00:00,visits-service,visits-service-6868c8596f-9q28w,2026-07-29T16:01:17.572590+00:00,DEBUG,8dd9581558a2ce2a,130ca602fa8f2b28,io-8080-exec-10,o.s.web.servlet.DispatcherServlet,Completed 200 OK
2026-07-29T16:01:29.396331+00:00,visits-service,visits-service-6868c8596f-9q28w,2026-07-29T16:01:17.572587+00:00,DEBUG,8dd9581558a2ce2a,130ca602fa8f2b28,io-8080-exec-10,o.s.web.servlet.DispatcherServlet,"GET ""/owners/1/pets/1/visits"", parameters={}"
2026-07-29T16:01:29.396331+00:00,visits-service,visits-service-6868c8596f-9q28w,2026-07-29T16:01:17.321551+00:00,DEBUG,a2056218885f822c,59094e81ec2620f7,nio-8080-exec-9,o.s.web.servlet.DispatcherServlet,Completed 200 OK
2026-07-29T16:01:29.396331+00:00,visits-service,visits-service-6868c8596f-9q28w,2026-07-29T16:01:17.321387+00:00,DEBUG,a2056218885f822c,59094e81ec2620f7,nio-8080-exec-9,o.s.web.servlet.DispatcherServlet,"GET ""/owners/1/pets/1/visits"", parameters={}"
2026-07-29T16:01:29.396331+00:00,visits-service,visits-service-6868c8596f-9q28w,2026-07-29T16:01:16.819152+00:00,DEBUG,0c52d9d8d104b388,d1f03e8a1c39355c,nio-8080-exec-6,o.s.web.servlet.DispatcherServlet,Completed 200 OK
2026-07-29T16:01:29.396331+00:00,visits-service,visits-service-6868c8596f-9q28w,2026-07-29T16:01:16.819132+00:00,DEBUG,0c52d9d8d104b388,d1f03e8a1c39355c,nio-8080-exec-6,o.s.web.servlet.DispatcherServlet,"GET ""/owners/1/pets/1/visits"", parameters={}"
2026-07-29T16:01:29.396331+00:00,visits-service,visits-service-6868c8596f-9q28w,2026-07-29T16:01:16.819129+00:00,DEBUG,e089ca308e95bba7,e089ca308e95bba7,nio-8080-exec-4,o.s.web.servlet.DispatcherServlet,Completed 200 OK
2026-07-29T16:01:29.396331+00:00,visits-service,visits-service-6868c8596f-9q28w,2026-07-29T16:01:15.815717+00:00,DEBUG,085509eec2ed41c9,085509eec2ed41c9,nio-8080-exec-7,o.s.web.servlet.DispatcherServlet,Completed 200 OK
2026-07-29T16:01:29.396331+00:00,visits-service,visits-service-6868c8596f-9q28w,2026-07-29T16:01:15.815629+00:00,DEBUG,0bb7f4c3de287103,6df148bd5ff5a5aa,nio-8080-exec-3,o.s.web.servlet.DispatcherServlet,Completed 200 OK
2026-07-29T16:01:29.396331+00:00,visits-service,visits-service-6868c8596f-9q28w,2026-07-29T16:01:15.815613+00:00,DEBUG,0bb7f4c3de287103,6df148bd5ff5a5aa,nio-8080-exec-3,o.s.web.servlet.DispatcherServlet,"GET ""/owners/1/pets/1/visits"", parameters={}"
2026-07-29T16:01:29.396331+00:00,visits-service,visits-service-6868c8596f-9q28w,2026-07-29T16:01:15.564719+00:00,DEBUG,417fc4864196398b,7f95c822747a016d,nio-8080-exec-2,o.s.web.servlet.DispatcherServlet,Completed 200 OK
2026-07-29T16:01:29.396331+00:00,visits-service,visits-service-6868c8596f-9q28w,2026-07-29T16:01:15.564716+00:00,DEBUG,417fc4864196398b,7f95c822747a016d,nio-8080-exec-2,o.s.web.servlet.DispatcherServlet,"GET ""/owners/1/pets/1/visits"", parameters={}"
2026-07-29T16:01:29.396331+00:00,visits-service,visits-service-6868c8596f-9q28w,2026-07-29T16:01:15.313904+00:00,DEBUG,34176312ff3699c1,930570a770af1992,nio-8080-exec-5,o.s.web.servlet.DispatcherServlet,Completed 200 OK
2026-07-29T16:01:29.396331+00:00,visits-service,visits-service-6868c8596f-9q28w,2026-07-29T16:01:15.313900+00:00,DEBUG,34176312ff3699c1,930570a770af1992,nio-8080-exec-5,o.s.web.servlet.DispatcherServlet,"GET ""/owners/1/pets/1/visits"", parameters={}"
2026-07-29T16:01:29.396331+00:00,visits-service,visits-service-6868c8596f-9q28w,2026-07-29T16:01:15.063603+00:00,DEBUG,61c864e85f5a0a9e,209d18f0030a593d,nio-8080-exec-8,o.s.web.servlet.DispatcherServlet,Completed 200 OK
2026-07-29T16:01:29.396331+00:00,visits-service,visits-service-6868c8596f-9q28w,2026-07-29T16:01:15.063599+00:00,DEBUG,61c864e85f5a0a9e,209d18f0030a593d,nio-8080-exec-8,o.s.web.servlet.DispatcherServlet,"GET ""/owners/1/pets/1/visits"", parameters={}"
2026-07-29T16:01:29.396331+00:00,visits-service,visits-service-6868c8596f-9q28w,2026-07-29T16:01:14.561443+00:00,DEBUG,e6ce1331ae82fe50,a07a625970474855,nio-8080-exec-1,o.s.web.servlet.DispatcherServlet,Completed 200 OK
2026-07-29T16:01:29.396331+00:00,visits-service,visits-service-6868c8596f-9q28w,2026-07-29T16:01:14.561439+00:00,DEBUG,e6ce1331ae82fe50,a07a625970474855,nio-8080-exec-1,o.s.web.servlet.DispatcherServlet,"GET ""/owners/1/pets/1/visits"", parameters={}"
2026-07-29T16:01:29.396331+00:00,visits-service,visits-service-6868c8596f-9q28w,2026-07-29T16:01:14.311243+00:00,DEBUG,526185c04cbeb0bd,a3c113b05b5ef030,io-8080-exec-10,o.s.web.servlet.DispatcherServlet,Completed 200 OK
2026-07-29T16:01:29.396331+00:00,visits-service,visits-service-6868c8596f-9q28w,2026-07-29T16:01:14.311239+00:00,DEBUG,526185c04cbeb0bd,a3c113b05b5ef030,io-8080-exec-10,o.s.web.servlet.DispatcherServlet,"GET ""/owners/1/pets/1/visits"", parameters={}"
2026-07-29T16:01:29.396331+00:00,visits-service,visits-service-6868c8596f-9q28w,2026-07-29T16:01:13.559684+00:00,DEBUG,0f6a8874b672303e,34fa1a0a8033af3d,nio-8080-exec-9,o.s.web.servlet.DispatcherServlet,Completed 200 OK
2026-07-29T16:01:29.396331+00:00,visits-service,visits-service-6868c8596f-9q28w,2026-07-29T16:01:13.559680+00:00,DEBUG,0f6a8874b672303e,34fa1a0a8033af3d,nio-8080-exec-9,o.s.web.servlet.DispatcherServlet,"GET ""/owners/1/pets/1/visits"", parameters={}"
2026-07-29T16:01:29.396331+00:00,visits-service,visits-service-6868c8596f-9q28w,2026-07-29T16:01:13.057985+00:00,DEBUG,b9b57450b80515fb,baa21b4e679f71fe,nio-8080-exec-6,o.s.web.servlet.DispatcherServlet,Completed 200 OK
2026-07-29T16:01:29.396331+00:00,visits-service,visits-service-6868c8596f-9q28w,2026-07-29T16:01:13.057981+00:00,DEBUG,b9b57450b80515fb,baa21b4e679f71fe,nio-8080-exec-6,o.s.web.servlet.DispatcherServlet,"GET ""/owners/1/pets/1/visits"", parameters={}"
2026-07-29T16:01:29.396331+00:00,visits-service,visits-service-6868c8596f-9q28w,2026-07-29T16:01:12.556020+00:00,DEBUG,0b3ed33212c8ca50,1cdff43642b6fa4d,nio-8080-exec-4,o.s.web.servlet.DispatcherServlet,Completed 200 OK
2026-07-29T16:01:29.396331+00:00,visits-service,visits-service-6868c8596f-9q28w,2026-07-29T16:01:12.555999+00:00,DEBUG,0b3ed33212c8ca50,1cdff43642b6fa4d,nio-8080-exec-4,o.s.web.servlet.DispatcherServlet,"GET ""/owners/1/pets/1/visits"", parameters={}"
2026-07-29T16:01:29.396331+00:00,visits-service,visits-service-6868c8596f-9q28w,2026-07-29T16:01:12.555972+00:00,DEBUG,f7f1bef31651d560,c563283356749121,nio-8080-exec-7,o.s.web.servlet.DispatcherServlet,Completed 200 OK
2026-07-29T16:01:29.396331+00:00,visits-service,visits-service-6868c8596f-9q28w,2026-07-29T16:01:12.555968+00:00,DEBUG,f7f1bef31651d560,c563283356749121,nio-8080-exec-7,o.s.web.servlet.DispatcherServlet,"GET ""/owners/1/pets/1/visits"", parameters={}"
2026-07-29T16:01:29.396331+00:00,visits-service,visits-service-6868c8596f-9q28w,2026-07-29T16:01:11.553181+00:00,DEBUG,2d0ad38b720253bd,fb91256a8a6a25e8,nio-8080-exec-3,o.s.web.servlet.DispatcherServlet,Completed 200 OK
2026-07-29T16:01:29.396331+00:00,visits-service,visits-service-6868c8596f-9q28w,2026-07-29T16:01:11.553177+00:00,DEBUG,2d0ad38b720253bd,fb91256a8a6a25e8,nio-8080-exec-3,o.s.web.servlet.DispatcherServlet,"GET ""/owners/1/pets/1/visits"", parameters={}"
2026-07-29T16:01:29.396331+00:00,visits-service,visits-service-6868c8596f-9q28w,2026-07-29T16:01:10.550460+00:00,DEBUG,9e4ca399399689a9,51cceec1fc0030ef,nio-8080-exec-2,o.s.web.servlet.DispatcherServlet,Completed 200 OK
2026-07-29T16:01:29.396331+00:00,visits-service,visits-service-6868c8596f-9q28w,2026-07-29T16:01:10.550456+00:00,DEBUG,9e4ca399399689a9,51cceec1fc0030ef,nio-8080-exec-2,o.s.web.servlet.DispatcherServlet,"GET ""/owners/1/pets/1/visits"", parameters={}"
2026-07-29T16:01:29.396331+00:00,visits-service,visits-service-6868c8596f-9q28w,2026-07-29T16:01:10.299644+00:00,DEBUG,b55452768db7b7b9,7eee6a7f13d588b6,nio-8080-exec-5,o.s.web.servlet.DispatcherServlet,Completed 200 OK
2026-07-29T16:01:29.396331+00:00,visits-service,visits-service-6868c8596f-9q28w,2026-07-29T16:01:10.048483+00:00,DEBUG,b55452768db7b7b9,7eee6a7f13d588b6,nio-8080-exec-5,o.s.web.servlet.DispatcherServlet,"GET ""/owners/1/pets/1/visits"", parameters={}"
2026-07-29T16:01:29.396331+00:00,visits-service,visits-service-6868c8596f-9q28w,2026-07-29T16:01:10.048435+00:00,DEBUG,db51de7d343e07d2,70b731254dfdc3bf,nio-8080-exec-8,o.s.web.servlet.DispatcherServlet,Completed 200 OK
2026-07-29T16:01:29.396331+00:00,visits-service,visits-service-6868c8596f-9q28w,2026-07-29T16:01:10.048382+00:00,DEBUG,db51de7d343e07d2,70b731254dfdc3bf,nio-8080-exec-8,o.s.web.servlet.DispatcherServlet,"GET ""/owners/1/pets/1/visits"", parameters={}"
2026-07-29T16:01:29.396331+00:00,visits-service,visits-service-6868c8596f-9q28w,2026-07-29T16:01:09.546858+00:00,DEBUG,bb8d8d30f3cba1ef,4ec8846561c549fd,nio-8080-exec-1,o.s.web.servlet.DispatcherServlet,Completed 200 OK
2026-07-29T16:01:29.396331+00:00,visits-service,visits-service-6868c8596f-9q28w,2026-07-29T16:01:09.546854+00:00,DEBUG,bb8d8d30f3cba1ef,4ec8846561c549fd,nio-8080-exec-1,o.s.web.servlet.DispatcherServlet,"GET ""/owners/1/pets/1/visits"", parameters={}"
2026-07-29T16:01:29.396331+00:00,visits-service,visits-service-6868c8596f-9q28w,2026-07-29T16:01:09.296595+00:00,DEBUG,24fbfea7698e4a98,5c0ba38731682d3a,io-8080-exec-10,o.s.web.servlet.DispatcherServlet,Completed 200 OK
2026-07-29T16:01:29.396331+00:00,visits-service,visits-service-6868c8596f-9q28w,2026-07-29T16:01:09.296591+00:00,DEBUG,24fbfea7698e4a98,5c0ba38731682d3a,io-8080-exec-10,o.s.web.servlet.DispatcherServlet,"GET ""/owners/1/pets/1/visits"", parameters={}"
2026-07-29T16:01:29.396331+00:00,visits-service,visits-service-6868c8596f-9q28w,2026-07-29T16:01:08.543749+00:00,DEBUG,e7010fa01be54866,fe11c6422eeb014a,nio-8080-exec-9,o.s.web.servlet.DispatcherServlet,Completed 200 OK
2026-07-29T16:01:29.396331+00:00,visits-service,visits-service-6868c8596f-9q28w,2026-07-29T16:01:08.543725+00:00,DEBUG,e7010fa01be54866,fe11c6422eeb014a,nio-8080-exec-9,o.s.web.servlet.DispatcherServlet,"GET ""/owners/1/pets/1/visits"", parameters={}"
2026-07-29T16:01:29.396331+00:00,visits-service,visits-service-6868c8596f-9q28w,2026-07-29T16:01:08.543698+00:00,DEBUG,2419a4791e56b0e5,97069b6bdf9274cc,nio-8080-exec-6,o.s.web.servlet.DispatcherServlet,Completed 200 OK
2026-07-29T16:01:29.396331+00:00,visits-service,visits-service-6868c8596f-9q28w,2026-07-29T16:01:08.543694+00:00,DEBUG,2419a4791e56b0e5,97069b6bdf9274cc,nio-8080-exec-6,o.s.web.servlet.DispatcherServlet,"GET ""/owners/1/pets/1/visits"", parameters={}"
2026-07-29T16:01:29.396331+00:00,visits-service,visits-service-6868c8596f-9q28w,2026-07-29T16:01:08.043183+00:00,DEBUG,c04bf9c872983ea2,f47c67d49a7767cd,nio-8080-exec-4,o.s.web.servlet.DispatcherServlet,Completed 200 OK
2026-07-29T16:01:29.396331+00:00,visits-service,visits-service-6868c8596f-9q28w,2026-07-29T16:01:08.043178+00:00,DEBUG,c04bf9c872983ea2,f47c67d49a7767cd,nio-8080-exec-4,o.s.web.servlet.DispatcherServlet,"GET ""/owners/1/pets/1/visits"", parameters={}"
2026-07-29T16:01:29.396331+00:00,visits-service,visits-service-6868c8596f-9q28w,2026-07-29T16:01:07.791875+00:00,DEBUG,86aaf419858ce398,bc3bf3079f623293,nio-8080-exec-7,o.s.web.servlet.DispatcherServlet,Completed 200 OK
2026-07-29T16:01:29.396331+00:00,visits-service,visits-service-6868c8596f-9q28w,2026-07-29T16:01:07.791871+00:00,DEBUG,86aaf419858ce398,bc3bf3079f623293,nio-8080-exec-7,o.s.web.servlet.DispatcherServlet,"GET ""/owners/1/pets/1/visits"", parameters={}"
2026-07-29T16:01:29.396331+00:00,visits-service,visits-service-6868c8596f-9q28w,2026-07-29T16:01:07.039775+00:00,DEBUG,6d80975be3a0f858,c522e520f843a084,nio-8080-exec-3,o.s.web.servlet.DispatcherServlet,Completed 200 OK
2026-07-29T16:01:29.396331+00:00,visits-service,visits-service-6868c8596f-9q28w,2026-07-29T16:01:07.039771+00:00,DEBUG,6d80975be3a0f858,c522e520f843a084,nio-8080-exec-3,o.s.web.servlet.DispatcherServlet,"GET ""/owners/1/pets/1/visits"", parameters={}"
2026-07-29T16:01:29.396331+00:00,visits-service,visits-service-6868c8596f-9q28w,2026-07-29T16:01:06.036208+00:00,DEBUG,4caa9d3daa6b5a40,fc1f4aad040c6678,nio-8080-exec-2,o.s.web.servlet.DispatcherServlet,Completed 200 OK
2026-07-29T16:01:29.396331+00:00,visits-service,visits-service-6868c8596f-9q28w,2026-07-29T16:01:06.036204+00:00,DEBUG,4caa9d3daa6b5a40,fc1f4aad040c6678,nio-8080-exec-2,o.s.web.servlet.DispatcherServlet,"GET ""/owners/1/pets/1/visits"", parameters={}"
2026-07-29T16:01:29.396331+00:00,visits-service,visits-service-6868c8596f-9q28w,2026-07-29T16:01:05.534823+00:00,DEBUG,722a80d5fdc77fef,0d803dd2245f2e0f,nio-8080-exec-5,o.s.web.servlet.DispatcherServlet,Completed 200 OK
2026-07-29T16:01:29.396331+00:00,visits-service,visits-service-6868c8596f-9q28w,2026-07-29T16:01:05.534819+00:00,DEBUG,722a80d5fdc77fef,0d803dd2245f2e0f,nio-8080-exec-5,o.s.web.servlet.DispatcherServlet,"GET ""/owners/1/pets/1/visits"", parameters={}"
2026-07-29T16:01:29.396331+00:00,visits-service,visits-service-6868c8596f-9q28w,2026-07-29T16:01:05.284016+00:00,DEBUG,68c08f7591561ba1,68c08f7591561ba1,nio-8080-exec-8,o.s.web.servlet.DispatcherServlet,Completed 200 OK
2026-07-29T16:01:29.396331+00:00,visits-service,visits-service-6868c8596f-9q28w,2026-07-29T16:01:04.030041+00:00,DEBUG,900f8b371d836cb2,9b10a12f60b5c3bf,nio-8080-exec-1,o.s.web.servlet.DispatcherServlet,Completed 200 OK
2026-07-29T16:01:29.396331+00:00,visits-service,visits-service-6868c8596f-9q28w,2026-07-29T16:01:04.030037+00:00,DEBUG,900f8b371d836cb2,9b10a12f60b5c3bf,nio-8080-exec-1,o.s.web.servlet.DispatcherServlet,"GET ""/owners/1/pets/1/visits"", parameters={}"
2026-07-29T16:01:29.396331+00:00,visits-service,visits-service-6868c8596f-9q28w,2026-07-29T16:01:03.278881+00:00,DEBUG,a2a49fe25dd67475,8c55062198eaf54a,io-8080-exec-10,o.s.web.servlet.DispatcherServlet,Completed 200 OK
2026-07-29T16:01:29.396331+00:00,visits-service,visits-service-6868c8596f-9q28w,2026-07-29T16:01:03.278877+00:00,DEBUG,a2a49fe25dd67475,8c55062198eaf54a,io-8080-exec-10,o.s.web.servlet.DispatcherServlet,"GET ""/owners/1/pets/1/visits"", parameters={}"
2026-07-29T16:01:29.396331+00:00,visits-service,visits-service-6868c8596f-9q28w,2026-07-29T16:01:03.027735+00:00,DEBUG,c65b48c37cb89fb7,ee5e8b384796d0c1,nio-8080-exec-9,o.s.web.servlet.DispatcherServlet,Completed 200 OK
2026-07-29T16:01:29.396331+00:00,visits-service,visits-service-6868c8596f-9q28w,2026-07-29T16:01:03.027732+00:00,DEBUG,c65b48c37cb89fb7,ee5e8b384796d0c1,nio-8080-exec-9,o.s.web.servlet.DispatcherServlet,"GET ""/owners/1/pets/1/visits"", parameters={}"
2026-07-29T16:01:29.396331+00:00,visits-service,visits-service-6868c8596f-9q28w,2026-07-29T16:01:02.026865+00:00,DEBUG,48ba543d479d4332,3dd7a61f41ee0435,nio-8080-exec-6,o.s.web.servlet.DispatcherServlet,Completed 200 OK
2026-07-29T16:01:29.396331+00:00,visits-service,visits-service-6868c8596f-9q28w,2026-07-29T16:01:02.026860+00:00,DEBUG,48ba543d479d4332,3dd7a61f41ee0435,nio-8080-exec-6,o.s.web.servlet.DispatcherServlet,"GET ""/owners/1/pets/1/visits"", parameters={}"
2026-07-29T16:01:29.396331+00:00,visits-service,visits-service-6868c8596f-9q28w,2026-07-29T16:01:01.776702+00:00,DEBUG,2941d707ce195d5e,2941d707ce195d5e,nio-8080-exec-4,o.s.web.servlet.DispatcherServlet,Completed 200 OK
2026-07-29T16:01:29.396331+00:00,visits-service,visits-service-6868c8596f-9q28w,2026-07-29T16:01:00.521483+00:00,DEBUG,115de0bb5086d5d5,f045a355a6e88c67,nio-8080-exec-7,o.s.web.servlet.DispatcherServlet,Completed 200 OK
2026-07-29T16:01:29.396331+00:00,visits-service,visits-service-6868c8596f-9q28w,2026-07-29T16:01:00.521480+00:00,DEBUG,115de0bb5086d5d5,f045a355a6e88c67,nio-8080-exec-7,o.s.web.servlet.DispatcherServlet,"GET ""/owners/1/pets/1/visits"", parameters={}"
2026-07-29T16:01:29.396331+00:00,visits-service,visits-service-6868c8596f-9q28w,2026-07-29T16:00:59.518898+00:00,DEBUG,8f38065ed4487df0,5aad4a592bde693f,nio-8080-exec-3,o.s.web.servlet.DispatcherServlet,Completed 200 OK
2026-07-29T16:01:29.396331+00:00,visits-service,visits-service-6868c8596f-9q28w,2026-07-29T16:00:59.518844+00:00,DEBUG,8f38065ed4487df0,5aad4a592bde693f,nio-8080-exec-3,o.s.web.servlet.DispatcherServlet,"GET ""/owners/1/pets/1/visits"", parameters={}"
2026-07-29T16:01:29.396331+00:00,visits-service,visits-service-6868c8596f-9q28w,2026-07-29T16:00:59.267929+00:00,DEBUG,1044f2d15d5cf2f2,b12d6a4ba35f2b18,nio-8080-exec-2,o.s.web.servlet.DispatcherServlet,Completed 200 OK
2026-07-29T16:01:29.396331+00:00,visits-service,visits-service-6868c8596f-9q28w,2026-07-29T16:00:59.267886+00:00,DEBUG,1044f2d15d5cf2f2,b12d6a4ba35f2b18,nio-8080-exec-2,o.s.web.servlet.DispatcherServlet,"GET ""/owners/1/pets/1/visits"", parameters={}"
2026-07-29T16:01:29.396331+00:00,visits-service,visits-service-6868c8596f-9q28w,2026-07-29T16:00:56.761914+00:00,DEBUG,2ec0be03bfd11463,4a46080bec345b59,nio-8080-exec-5,o.s.web.servlet.DispatcherServlet,Completed 200 OK
2026-07-29T16:01:29.396331+00:00,visits-service,visits-service-6868c8596f-9q28w,2026-07-29T16:00:56.511488+00:00,DEBUG,2ec0be03bfd11463,4a46080bec345b59,nio-8080-exec-5,o.s.web.servlet.DispatcherServlet,"GET ""/owners/1/pets/1/visits"", parameters={}"
2026-07-29T16:01:29.396331+00:00,visits-service,visits-service-6868c8596f-9q28w,2026-07-29T16:00:56.010044+00:00,DEBUG,7ead965749c4bda2,7ead965749c4bda2,nio-8080-exec-8,o.s.web.servlet.DispatcherServlet,Completed 200 OK
2026-07-29T16:01:29.396331+00:00,visits-service,visits-service-6868c8596f-9q28w,2026-07-29T16:00:55.758796+00:00,DEBUG,0a4a3b76eee8263b,ea1b1e73bc11e75a,nio-8080-exec-1,o.s.web.servlet.DispatcherServlet,Completed 200 OK
2026-07-29T16:01:29.396331+00:00,visits-service,visits-service-6868c8596f-9q28w,2026-07-29T16:00:55.507779+00:00,DEBUG,0a4a3b76eee8263b,ea1b1e73bc11e75a,nio-8080-exec-1,o.s.web.servlet.DispatcherServlet,"GET ""/owners/1/pets/1/visits"", parameters={}"
2026-07-29T16:01:29.396331+00:00,visits-service,visits-service-6868c8596f-9q28w,2026-07-29T16:00:55.507775+00:00,DEBUG,f404ddea750d2e64,0a0f6767b84f6284,io-8080-exec-10,o.s.web.servlet.DispatcherServlet,Completed 200 OK
2026-07-29T16:01:29.396331+00:00,visits-service,visits-service-6868c8596f-9q28w,2026-07-29T16:00:55.257127+00:00,DEBUG,f404ddea750d2e64,0a0f6767b84f6284,io-8080-exec-10,o.s.web.servlet.DispatcherServlet,"GET ""/owners/1/pets/1/visits"", parameters={}"
2026-07-29T16:01:29.396331+00:00,visits-service,visits-service-6868c8596f-9q28w,2026-07-29T16:00:55.257123+00:00,DEBUG,b3ffd7122de5b08f,638f196bff75918d,nio-8080-exec-9,o.s.web.servlet.DispatcherServlet,Completed 200 OK
2026-07-29T16:01:29.396331+00:00,visits-service,visits-service-6868c8596f-9q28w,2026-07-29T16:00:55.006907+00:00,DEBUG,b3ffd7122de5b08f,638f196bff75918d,nio-8080-exec-9,o.s.web.servlet.DispatcherServlet,"GET ""/owners/1/pets/1/visits"", parameters={}"
2026-07-29T16:01:29.396331+00:00,visits-service,visits-service-6868c8596f-9q28w,2026-07-29T16:00:55.006882+00:00,DEBUG,c8e3ad17e6a4910f,3b3b6a41445a19e1,nio-8080-exec-6,o.s.web.servlet.DispatcherServlet,Completed 200 OK
2026-07-29T16:01:29.396331+00:00,visits-service,visits-service-6868c8596f-9q28w,2026-07-29T16:00:55.006878+00:00,DEBUG,c8e3ad17e6a4910f,3b3b6a41445a19e1,nio-8080-exec-6,o.s.web.servlet.DispatcherServlet,"GET ""/owners/1/pets/1/visits"", parameters={}"
2026-07-29T16:01:29.396331+00:00,visits-service,visits-service-6868c8596f-9q28w,2026-07-29T16:00:54.254053+00:00,DEBUG,cb8c0a6c58124a1e,c93ca8fab6c2346e,nio-8080-exec-4,o.s.web.servlet.DispatcherServlet,Completed 200 OK
2026-07-29T16:01:29.396331+00:00,visits-service,visits-service-6868c8596f-9q28w,2026-07-29T16:00:54.003894+00:00,DEBUG,cb8c0a6c58124a1e,c93ca8fab6c2346e,nio-8080-exec-4,o.s.web.servlet.DispatcherServlet,"GET ""/owners/1/pets/1/visits"", parameters={}"
2026-07-29T16:01:29.396331+00:00,visits-service,visits-service-6868c8596f-9q28w,2026-07-29T16:00:53.753538+00:00,DEBUG,8429a2b032ad3176,989e1d292876cbde,nio-8080-exec-7,o.s.web.servlet.DispatcherServlet,Completed 200 OK
2026-07-29T16:01:29.396331+00:00,visits-service,visits-service-6868c8596f-9q28w,2026-07-29T16:00:53.753534+00:00,DEBUG,8429a2b032ad3176,989e1d292876cbde,nio-8080-exec-7,o.s.web.servlet.DispatcherServlet,"GET ""/owners/1/pets/1/visits"", parameters={}"
2026-07-29T16:01:29.396331+00:00,visits-service,visits-service-6868c8596f-9q28w,2026-07-29T16:00:50.495002+00:00,DEBUG,cdf65ceb83bbbc8f,cdf65ceb83bbbc8f,nio-8080-exec-3,o.s.web.servlet.DispatcherServlet,Completed 200 OK
2026-07-29T16:01:29.396331+00:00,visits-service,visits-service-6868c8596f-9q28w,2026-07-29T16:00:46.734219+00:00,DEBUG,9e78890883157eed,9e78890883157eed,nio-8080-exec-2,o.s.web.servlet.DispatcherServlet,Completed 200 OK
2026-07-29T16:01:29.396331+00:00,visits-service,visits-service-6868c8596f-9q28w,2026-07-29T16:00:35.952393+00:00,DEBUG,0a435dee5cb1edf4,0a435dee5cb1edf4,nio-8080-exec-5,o.s.web.servlet.DispatcherServlet,Completed 200 OK
2026-07-29T16:01:29.396331+00:00,visits-service,visits-service-6868c8596f-9q28w,2026-07-29T16:00:35.451017+00:00,DEBUG,a82aee73c45d6f0f,a82aee73c45d6f0f,nio-8080-exec-8,o.s.web.servlet.DispatcherServlet,Completed 200 OK
2026-07-29T16:01:29.396331+00:00,visits-service,visits-service-6868c8596f-9q28w,2026-07-29T16:00:31.689589+00:00,DEBUG,0e5dce1930d9cd3b,0e5dce1930d9cd3b,nio-8080-exec-1,o.s.web.servlet.DispatcherServlet,Completed 200 OK
2026-07-29T16:01:29.396331+00:00,visits-service,visits-service-6868c8596f-t5sfr,2026-07-29T16:01:28.736116+00:00,DEBUG,9cd462d413c354da,c5f08920d3fa9581,nio-8080-exec-8,o.s.web.servlet.DispatcherServlet,Completed 200 OK
2026-07-29T16:01:29.396331+00:00,visits-service,visits-service-6868c8596f-t5sfr,2026-07-29T16:01:28.736112+00:00,DEBUG,9cd462d413c354da,c5f08920d3fa9581,nio-8080-exec-8,o.s.web.servlet.DispatcherServlet,"GET ""/owners/1/pets/1/visits"", parameters={}"
2026-07-29T16:01:29.396331+00:00,visits-service,visits-service-6868c8596f-t5sfr,2026-07-29T16:01:26.731189+00:00,DEBUG,877b816aef4cfc04,877b816aef4cfc04,nio-8080-exec-5,o.s.web.servlet.DispatcherServlet,Completed 200 OK
2026-07-29T16:01:29.396331+00:00,visits-service,visits-service-6868c8596f-t5sfr,2026-07-29T16:01:25.478210+00:00,DEBUG,ee4afe6f68261fd9,ee4afe6f68261fd9,nio-8080-exec-6,o.s.web.servlet.DispatcherServlet,Completed 200 OK
2026-07-29T16:01:29.396331+00:00,visits-service,visits-service-6868c8596f-t5sfr,2026-07-29T16:01:15.699610+00:00,DEBUG,3f6ec93d0c6fdf4a,3f6ec93d0c6fdf4a,io-8080-exec-10,o.s.web.servlet.DispatcherServlet,Completed 200 OK
2026-07-29T16:01:29.396331+00:00,visits-service,visits-service-6868c8596f-t5sfr,2026-07-29T16:01:10.431752+00:00,DEBUG,f96df1120f62ef8a,f96df1120f62ef8a,nio-8080-exec-1,o.s.web.servlet.DispatcherServlet,Completed 200 OK
2026-07-29T16:01:29.396331+00:00,visits-service,visits-service-6868c8596f-t5sfr,2026-07-29T16:01:06.922922+00:00,DEBUG,9d8a70a22e489895,9d8a70a22e489895,nio-8080-exec-9,o.s.web.servlet.DispatcherServlet,Completed 200 OK
2026-07-29T16:01:29.396331+00:00,visits-service,visits-service-6868c8596f-t5sfr,2026-07-29T16:01:00.654747+00:00,DEBUG,1eb9c2f1078073dc,1eb9c2f1078073dc,nio-8080-exec-2,o.s.web.servlet.DispatcherServlet,Completed 200 OK
2026-07-29T16:01:29.396331+00:00,visits-service,visits-service-6868c8596f-t5sfr,2026-07-29T16:00:55.387687+00:00,DEBUG,d12459273a19648e,d12459273a19648e,nio-8080-exec-3,o.s.web.servlet.DispatcherServlet,Completed 200 OK
2026-07-29T16:01:29.396331+00:00,visits-service,visits-service-6868c8596f-t5sfr,2026-07-29T16:00:53.632895+00:00,DEBUG,bcf6bc057825d7ba,1c21093c8fdcde5c,nio-8080-exec-7,o.s.web.servlet.DispatcherServlet,Completed 200 OK
2026-07-29T16:01:29.396331+00:00,visits-service,visits-service-6868c8596f-t5sfr,2026-07-29T16:00:53.382057+00:00,DEBUG,bcf6bc057825d7ba,1c21093c8fdcde5c,nio-8080-exec-7,o.s.web.servlet.DispatcherServlet,"GET ""/owners/1/pets/1/visits"", parameters={}"
2026-07-29T16:01:29.396331+00:00,visits-service,visits-service-6868c8596f-t5sfr,2026-07-29T16:00:53.382026+00:00,DEBUG,2fb56df1720c533a,d9cb93ce46a99652,nio-8080-exec-4,o.s.web.servlet.DispatcherServlet,Completed 200 OK
2026-07-29T16:01:29.396331+00:00,visits-service,visits-service-6868c8596f-t5sfr,2026-07-29T16:00:53.382022+00:00,DEBUG,2fb56df1720c533a,d9cb93ce46a99652,nio-8080-exec-4,o.s.web.servlet.DispatcherServlet,"GET ""/owners/1/pets/1/visits"", parameters={}"
2026-07-29T16:01:29.396331+00:00,visits-service,visits-service-6868c8596f-t5sfr,2026-07-29T16:00:52.881047+00:00,DEBUG,7acbe2acd75abfd4,69cc9d486b832fb3,nio-8080-exec-8,o.s.web.servlet.DispatcherServlet,Completed 200 OK
2026-07-29T16:01:29.396331+00:00,visits-service,visits-service-6868c8596f-t5sfr,2026-07-29T16:00:52.881044+00:00,DEBUG,7acbe2acd75abfd4,69cc9d486b832fb3,nio-8080-exec-8,o.s.web.servlet.DispatcherServlet,"GET ""/owners/1/pets/1/visits"", parameters={}"
2026-07-29T16:01:29.396331+00:00,visits-service,visits-service-6868c8596f-t5sfr,2026-07-29T16:00:52.630346+00:00,DEBUG,a7f21f8003e7be50,06abd5a9c268266d,nio-8080-exec-5,o.s.web.servlet.DispatcherServlet,Completed 200 OK
2026-07-29T16:01:29.396331+00:00,visits-service,visits-service-6868c8596f-t5sfr,2026-07-29T16:00:52.379303+00:00,DEBUG,a7f21f8003e7be50,06abd5a9c268266d,nio-8080-exec-5,o.s.web.servlet.DispatcherServlet,"GET ""/owners/1/pets/1/visits"", parameters={}"
2026-07-29T16:01:29.396331+00:00,visits-service,visits-service-6868c8596f-t5sfr,2026-07-29T16:00:51.376208+00:00,DEBUG,8bf6d78f964cb5d3,62efcd4ce3134909,nio-8080-exec-6,o.s.web.servlet.DispatcherServlet,Completed 200 OK
2026-07-29T16:01:29.396331+00:00,visits-service,visits-service-6868c8596f-t5sfr,2026-07-29T16:00:51.376174+00:00,DEBUG,8bf6d78f964cb5d3,62efcd4ce3134909,nio-8080-exec-6,o.s.web.servlet.DispatcherServlet,"GET ""/owners/1/pets/1/visits"", parameters={}"
2026-07-29T16:01:29.396331+00:00,visits-service,visits-service-6868c8596f-t5sfr,2026-07-29T16:00:51.376162+00:00,DEBUG,0bd8a84cf7e91ba9,f3cbe76a232a53ec,io-8080-exec-10,o.s.web.servlet.DispatcherServlet,Completed 200 OK
2026-07-29T16:01:29.396331+00:00,visits-service,visits-service-6868c8596f-t5sfr,2026-07-29T16:00:51.376159+00:00,DEBUG,0bd8a84cf7e91ba9,f3cbe76a232a53ec,io-8080-exec-10,o.s.web.servlet.DispatcherServlet,"GET ""/owners/1/pets/1/visits"", parameters={}"
2026-07-29T16:01:29.396331+00:00,visits-service,visits-service-6868c8596f-t5sfr,2026-07-29T16:00:49.618899+00:00,DEBUG,fd749239cc059759,231250bb92fb8c1d,nio-8080-exec-1,o.s.web.servlet.DispatcherServlet,Completed 200 OK
2026-07-29T16:01:29.396331+00:00,visits-service,visits-service-6868c8596f-t5sfr,2026-07-29T16:00:49.618895+00:00,DEBUG,fd749239cc059759,231250bb92fb8c1d,nio-8080-exec-1,o.s.web.servlet.DispatcherServlet,"GET ""/owners/1/pets/1/visits"", parameters={}"
2026-07-29T16:01:29.396331+00:00,visits-service,visits-service-6868c8596f-t5sfr,2026-07-29T16:00:49.368374+00:00,DEBUG,6431855683e3e303,d049eb7ffadacca0,nio-8080-exec-9,o.s.web.servlet.DispatcherServlet,Completed 200 OK
2026-07-29T16:01:29.396331+00:00,visits-service,visits-service-6868c8596f-t5sfr,2026-07-29T16:00:49.368370+00:00,DEBUG,6431855683e3e303,d049eb7ffadacca0,nio-8080-exec-9,o.s.web.servlet.DispatcherServlet,"GET ""/owners/1/pets/1/visits"", parameters={}"
2026-07-29T16:01:29.396331+00:00,visits-service,visits-service-6868c8596f-t5sfr,2026-07-29T16:00:47.362238+00:00,DEBUG,01a32b40dd42579b,023c24ddb07fb9eb,nio-8080-exec-2,o.s.web.servlet.DispatcherServlet,Completed 200 OK
2026-07-29T16:01:29.396331+00:00,visits-service,visits-service-6868c8596f-t5sfr,2026-07-29T16:00:47.362234+00:00,DEBUG,01a32b40dd42579b,023c24ddb07fb9eb,nio-8080-exec-2,o.s.web.servlet.DispatcherServlet,"GET ""/owners/1/pets/1/visits"", parameters={}"
2026-07-29T16:01:29.396331+00:00,visits-service,visits-service-6868c8596f-t5sfr,2026-07-29T16:00:47.362091+00:00,DEBUG,91213d5f51662d7a,f843d1bd69ff61fe,nio-8080-exec-3,o.s.web.servlet.DispatcherServlet,Completed 200 OK
2026-07-29T16:01:29.396331+00:00,visits-service,visits-service-6868c8596f-t5sfr,2026-07-29T16:00:47.362087+00:00,DEBUG,91213d5f51662d7a,f843d1bd69ff61fe,nio-8080-exec-3,o.s.web.servlet.DispatcherServlet,"GET ""/owners/1/pets/1/visits"", parameters={}"
2026-07-29T16:01:29.396331+00:00,visits-service,visits-service-6868c8596f-t5sfr,2026-07-29T16:00:46.860934+00:00,DEBUG,8b572d7b569189bb,8b572d7b569189bb,nio-8080-exec-7,o.s.web.servlet.DispatcherServlet,Completed 200 OK
2026-07-29T16:01:29.396331+00:00,visits-service,visits-service-6868c8596f-t5sfr,2026-07-29T16:00:45.606722+00:00,DEBUG,874278e9d702647f,874278e9d702647f,nio-8080-exec-4,o.s.web.servlet.DispatcherServlet,Completed 200 OK
2026-07-29T16:01:29.396331+00:00,visits-service,visits-service-6868c8596f-t5sfr,2026-07-29T16:00:45.356037+00:00,DEBUG,6a7228fff26e2b15,b5a313f0bb21f82b,nio-8080-exec-8,o.s.web.servlet.DispatcherServlet,Completed 200 OK
2026-07-29T16:01:29.396331+00:00,visits-service,visits-service-6868c8596f-t5sfr,2026-07-29T16:00:45.355996+00:00,DEBUG,6a7228fff26e2b15,b5a313f0bb21f82b,nio-8080-exec-8,o.s.web.servlet.DispatcherServlet,"GET ""/owners/1/pets/1/visits"", parameters={}"
2026-07-29T16:01:29.396331+00:00,visits-service,visits-service-6868c8596f-t5sfr,2026-07-29T16:00:45.355977+00:00,DEBUG,b6bf0000abb9dde6,eaca5de549223173,nio-8080-exec-5,o.s.web.servlet.DispatcherServlet,Completed 200 OK
2026-07-29T16:01:29.396331+00:00,visits-service,visits-service-6868c8596f-t5sfr,2026-07-29T16:00:45.355973+00:00,DEBUG,b6bf0000abb9dde6,eaca5de549223173,nio-8080-exec-5,o.s.web.servlet.DispatcherServlet,"GET ""/owners/1/pets/1/visits"", parameters={}"
2026-07-29T16:01:29.396331+00:00,visits-service,visits-service-6868c8596f-t5sfr,2026-07-29T16:00:44.855007+00:00,DEBUG,c99b9363ef78fe7d,4ee0dd651476d9cd,nio-8080-exec-6,o.s.web.servlet.DispatcherServlet,Completed 200 OK
2026-07-29T16:01:29.396331+00:00,visits-service,visits-service-6868c8596f-t5sfr,2026-07-29T16:00:44.854938+00:00,DEBUG,c99b9363ef78fe7d,4ee0dd651476d9cd,nio-8080-exec-6,o.s.web.servlet.DispatcherServlet,"GET ""/owners/1/pets/1/visits"", parameters={}"
2026-07-29T16:01:29.396331+00:00,visits-service,visits-service-6868c8596f-t5sfr,2026-07-29T16:00:44.353272+00:00,DEBUG,6072794a97a3063f,53f088bf779dd967,io-8080-exec-10,o.s.web.servlet.DispatcherServlet,Completed 200 OK
2026-07-29T16:01:29.396331+00:00,visits-service,visits-service-6868c8596f-t5sfr,2026-07-29T16:00:44.353268+00:00,DEBUG,6072794a97a3063f,53f088bf779dd967,io-8080-exec-10,o.s.web.servlet.DispatcherServlet,"GET ""/owners/1/pets/1/visits"", parameters={}"
2026-07-29T16:01:29.396331+00:00,visits-service,visits-service-6868c8596f-t5sfr,2026-07-29T16:00:44.101916+00:00,DEBUG,f3eddca59ea13f2a,0c7ad8f98dc8955b,nio-8080-exec-1,o.s.web.servlet.DispatcherServlet,Completed 200 OK
2026-07-29T16:01:29.396331+00:00,visits-service,visits-service-6868c8596f-t5sfr,2026-07-29T16:00:44.101912+00:00,DEBUG,f3eddca59ea13f2a,0c7ad8f98dc8955b,nio-8080-exec-1,o.s.web.servlet.DispatcherServlet,"GET ""/owners/1/pets/1/visits"", parameters={}"
2026-07-29T16:01:29.396331+00:00,visits-service,visits-service-6868c8596f-t5sfr,2026-07-29T16:00:43.851308+00:00,DEBUG,e6ec3214ec65d340,bc9c772a92898215,nio-8080-exec-9,o.s.web.servlet.DispatcherServlet,Completed 200 OK
2026-07-29T16:01:29.396331+00:00,visits-service,visits-service-6868c8596f-t5sfr,2026-07-29T16:00:43.851304+00:00,DEBUG,e6ec3214ec65d340,bc9c772a92898215,nio-8080-exec-9,o.s.web.servlet.DispatcherServlet,"GET ""/owners/1/pets/1/visits"", parameters={}"
2026-07-29T16:01:29.396331+00:00,visits-service,visits-service-6868c8596f-t5sfr,2026-07-29T16:00:42.848490+00:00,DEBUG,106aba45f10f715e,1f37563c07a92589,nio-8080-exec-2,o.s.web.servlet.DispatcherServlet,Completed 200 OK
2026-07-29T16:01:29.396331+00:00,visits-service,visits-service-6868c8596f-t5sfr,2026-07-29T16:00:42.848487+00:00,DEBUG,106aba45f10f715e,1f37563c07a92589,nio-8080-exec-2,o.s.web.servlet.DispatcherServlet,"GET ""/owners/1/pets/1/visits"", parameters={}"
2026-07-29T16:01:29.396331+00:00,visits-service,visits-service-6868c8596f-t5sfr,2026-07-29T16:00:42.597382+00:00,DEBUG,35eb59165d853ff1,a718a73967455d86,nio-8080-exec-3,o.s.web.servlet.DispatcherServlet,Completed 200 OK
2026-07-29T16:01:29.396331+00:00,visits-service,visits-service-6868c8596f-t5sfr,2026-07-29T16:00:42.346364+00:00,DEBUG,35eb59165d853ff1,a718a73967455d86,nio-8080-exec-3,o.s.web.servlet.DispatcherServlet,"GET ""/owners/1/pets/1/visits"", parameters={}"
2026-07-29T16:01:29.396331+00:00,visits-service,visits-service-6868c8596f-t5sfr,2026-07-29T16:00:41.594059+00:00,DEBUG,23996fcd256ea226,2ad39347ecb60922,nio-8080-exec-7,o.s.web.servlet.DispatcherServlet,Completed 200 OK
2026-07-29T16:01:29.396331+00:00,visits-service,visits-service-6868c8596f-t5sfr,2026-07-29T16:00:41.594056+00:00,DEBUG,23996fcd256ea226,2ad39347ecb60922,nio-8080-exec-7,o.s.web.servlet.DispatcherServlet,"GET ""/owners/1/pets/1/visits"", parameters={}"
2026-07-29T16:01:29.396331+00:00,visits-service,visits-service-6868c8596f-t5sfr,2026-07-29T16:00:40.340438+00:00,DEBUG,8b6f08153337123a,8b6f08153337123a,nio-8080-exec-4,o.s.web.servlet.DispatcherServlet,Completed 200 OK
2026-07-29T16:01:29.396331+00:00,visits-service,visits-service-6868c8596f-t5sfr,2026-07-29T16:00:40.340367+00:00,DEBUG,7d325fcb3a3bf4d5,76899d3f7d04cc05,nio-8080-exec-8,o.s.web.servlet.DispatcherServlet,Completed 200 OK
2026-07-29T16:01:29.396331+00:00,visits-service,visits-service-6868c8596f-t5sfr,2026-07-29T16:00:40.340364+00:00,DEBUG,7d325fcb3a3bf4d5,76899d3f7d04cc05,nio-8080-exec-8,o.s.web.servlet.DispatcherServlet,"GET ""/owners/1/pets/1/visits"", parameters={}"
2026-07-29T16:01:29.396331+00:00,visits-service,visits-service-6868c8596f-t5sfr,2026-07-29T16:00:40.089312+00:00,DEBUG,8efab514971bb8a7,3c728e3dcd05ae89,nio-8080-exec-5,o.s.web.servlet.DispatcherServlet,Completed 200 OK
2026-07-29T16:01:29.396331+00:00,visits-service,visits-service-6868c8596f-t5sfr,2026-07-29T16:00:40.089286+00:00,DEBUG,9e96caa097578e4e,a007ddadaec126e8,nio-8080-exec-6,o.s.web.servlet.DispatcherServlet,Completed 200 OK
2026-07-29T16:01:29.396331+00:00,visits-service,visits-service-6868c8596f-t5sfr,2026-07-29T16:00:40.089282+00:00,DEBUG,8efab514971bb8a7,3c728e3dcd05ae89,nio-8080-exec-5,o.s.web.servlet.DispatcherServlet,"GET ""/owners/1/pets/1/visits"", parameters={}"
2026-07-29T16:01:29.396331+00:00,visits-service,visits-service-6868c8596f-t5sfr,2026-07-29T16:00:39.837934+00:00,DEBUG,9e96caa097578e4e,a007ddadaec126e8,nio-8080-exec-6,o.s.web.servlet.DispatcherServlet,"GET ""/owners/1/pets/1/visits"", parameters={}"
2026-07-29T16:01:29.396331+00:00,visits-service,visits-service-6868c8596f-t5sfr,2026-07-29T16:00:39.085615+00:00,DEBUG,2ec2a36b4976bc1a,c7c4117bdd374003,io-8080-exec-10,o.s.web.servlet.DispatcherServlet,Completed 200 OK
2026-07-29T16:01:29.396331+00:00,visits-service,visits-service-6868c8596f-t5sfr,2026-07-29T16:00:39.085611+00:00,DEBUG,2ec2a36b4976bc1a,c7c4117bdd374003,io-8080-exec-10,o.s.web.servlet.DispatcherServlet,"GET ""/owners/1/pets/1/visits"", parameters={}"
2026-07-29T16:01:29.396331+00:00,visits-service,visits-service-6868c8596f-t5sfr,2026-07-29T16:00:38.834746+00:00,DEBUG,cd4f9492140a7149,2b2b441e57c94d54,nio-8080-exec-1,o.s.web.servlet.DispatcherServlet,Completed 200 OK
2026-07-29T16:01:29.396331+00:00,visits-service,visits-service-6868c8596f-t5sfr,2026-07-29T16:00:38.834729+00:00,DEBUG,cd4f9492140a7149,2b2b441e57c94d54,nio-8080-exec-1,o.s.web.servlet.DispatcherServlet,"GET ""/owners/1/pets/1/visits"", parameters={}"
2026-07-29T16:01:29.396331+00:00,visits-service,visits-service-6868c8596f-t5sfr,2026-07-29T16:00:38.834710+00:00,DEBUG,95f9b7ef0b1a6669,b85932f257497176,nio-8080-exec-9,o.s.web.servlet.DispatcherServlet,Completed 200 OK
2026-07-29T16:01:29.396331+00:00,visits-service,visits-service-6868c8596f-t5sfr,2026-07-29T16:00:38.834707+00:00,DEBUG,95f9b7ef0b1a6669,b85932f257497176,nio-8080-exec-9,o.s.web.servlet.DispatcherServlet,"GET ""/owners/1/pets/1/visits"", parameters={}"
2026-07-29T16:01:29.396331+00:00,visits-service,visits-service-6868c8596f-t5sfr,2026-07-29T16:00:38.584563+00:00,DEBUG,91ad15c3961bfffa,55a8ad1ff377e514,nio-8080-exec-2,o.s.web.servlet.DispatcherServlet,Completed 200 OK
2026-07-29T16:01:29.396331+00:00,visits-service,visits-service-6868c8596f-t5sfr,2026-07-29T16:00:38.333543+00:00,DEBUG,91ad15c3961bfffa,55a8ad1ff377e514,nio-8080-exec-2,o.s.web.servlet.DispatcherServlet,"GET ""/owners/1/pets/1/visits"", parameters={}"
2026-07-29T16:01:29.396331+00:00,visits-service,visits-service-6868c8596f-t5sfr,2026-07-29T16:00:37.580758+00:00,DEBUG,ec46d8b3d8d9d80b,b939dddf19b5055a,nio-8080-exec-3,o.s.web.servlet.DispatcherServlet,Completed 200 OK
2026-07-29T16:01:29.396331+00:00,visits-service,visits-service-6868c8596f-t5sfr,2026-07-29T16:00:37.330458+00:00,DEBUG,ec46d8b3d8d9d80b,b939dddf19b5055a,nio-8080-exec-3,o.s.web.servlet.DispatcherServlet,"GET ""/owners/1/pets/1/visits"", parameters={}"
2026-07-29T16:01:29.396331+00:00,visits-service,visits-service-6868c8596f-t5sfr,2026-07-29T16:00:33.568408+00:00,DEBUG,74a17c220160749d,a74aa8e62da63ece,nio-8080-exec-7,o.s.web.servlet.DispatcherServlet,Completed 200 OK
2026-07-29T16:01:29.396331+00:00,visits-service,visits-service-6868c8596f-t5sfr,2026-07-29T16:00:33.317785+00:00,DEBUG,74a17c220160749d,a74aa8e62da63ece,nio-8080-exec-7,o.s.web.servlet.DispatcherServlet,"GET ""/owners/1/pets/1/visits"", parameters={}"
2026-07-29T16:01:29.396331+00:00,visits-service,visits-service-6868c8596f-t5sfr,2026-07-29T16:00:33.317763+00:00,DEBUG,c9d9e72042556e83,9ff8fcbfe3a961fd,nio-8080-exec-4,o.s.web.servlet.DispatcherServlet,Completed 200 OK
2026-07-29T16:01:29.396331+00:00,visits-service,visits-service-6868c8596f-t5sfr,2026-07-29T16:00:33.317760+00:00,DEBUG,c9d9e72042556e83,9ff8fcbfe3a961fd,nio-8080-exec-4,o.s.web.servlet.DispatcherServlet,"GET ""/owners/1/pets/1/visits"", parameters={}"
2026-07-29T16:01:29.396331+00:00,visits-service,visits-service-6868c8596f-t5sfr,2026-07-29T16:00:32.565060+00:00,DEBUG,49e994ab44a547ce,c6156ca31190c88c,nio-8080-exec-8,o.s.web.servlet.DispatcherServlet,Completed 200 OK
2026-07-29T16:01:29.396331+00:00,visits-service,visits-service-6868c8596f-t5sfr,2026-07-29T16:00:32.565057+00:00,DEBUG,49e994ab44a547ce,c6156ca31190c88c,nio-8080-exec-8,o.s.web.servlet.DispatcherServlet,"GET ""/owners/1/pets/1/visits"", parameters={}"
2026-07-29T16:01:29.396331+00:00,visits-service,visits-service-6868c8596f-t5sfr,2026-07-29T16:00:32.313715+00:00,DEBUG,4d5fdb10ba3caaac,67edef87e0683cde,nio-8080-exec-5,o.s.web.servlet.DispatcherServlet,Completed 200 OK
2026-07-29T16:01:29.396331+00:00,visits-service,visits-service-6868c8596f-t5sfr,2026-07-29T16:00:32.313710+00:00,DEBUG,4d5fdb10ba3caaac,67edef87e0683cde,nio-8080-exec-5,o.s.web.servlet.DispatcherServlet,"GET ""/owners/1/pets/1/visits"", parameters={}"
2026-07-29T16:01:29.396331+00:00,visits-service,visits-service-6868c8596f-t5sfr,2026-07-29T16:00:32.062742+00:00,DEBUG,ccb7f77a9d8b0fab,07ef0c488983787d,nio-8080-exec-6,o.s.web.servlet.DispatcherServlet,Completed 200 OK
2026-07-29T16:01:29.396331+00:00,visits-service,visits-service-6868c8596f-t5sfr,2026-07-29T16:00:32.062739+00:00,DEBUG,ccb7f77a9d8b0fab,07ef0c488983787d,nio-8080-exec-6,o.s.web.servlet.DispatcherServlet,"GET ""/owners/1/pets/1/visits"", parameters={}"
2026-07-29T16:01:29.396331+00:00,visits-service,visits-service-6868c8596f-t5sfr,2026-07-29T16:00:31.811862+00:00,DEBUG,f68b7917d092ccfd,72d89fb31a8a96f4,io-8080-exec-10,o.s.web.servlet.DispatcherServlet,Completed 200 OK
2026-07-29T16:01:29.396331+00:00,visits-service,visits-service-6868c8596f-t5sfr,2026-07-29T16:00:31.811858+00:00,DEBUG,f68b7917d092ccfd,72d89fb31a8a96f4,io-8080-exec-10,o.s.web.servlet.DispatcherServlet,"GET ""/owners/1/pets/1/visits"", parameters={}"
2026-07-29T16:01:29.396331+00:00,visits-service,visits-service-6868c8596f-t5sfr,2026-07-29T16:00:31.560809+00:00,DEBUG,cc31ee7b0a3e041c,0737d0fcdb41f49d,nio-8080-exec-1,o.s.web.servlet.DispatcherServlet,Completed 200 OK
2026-07-29T16:01:29.396331+00:00,visits-service,visits-service-6868c8596f-t5sfr,2026-07-29T16:00:31.560805+00:00,DEBUG,cc31ee7b0a3e041c,0737d0fcdb41f49d,nio-8080-exec-1,o.s.web.servlet.DispatcherServlet,"GET ""/owners/1/pets/1/visits"", parameters={}"
2026-07-29T16:01:29.396331+00:00,visits-service,visits-service-6868c8596f-t5sfr,2026-07-29T16:00:30.808326+00:00,DEBUG,3faba7c2473c9b95,3faba7c2473c9b95,nio-8080-exec-9,o.s.web.servlet.DispatcherServlet,Completed 200 OK
2026-07-29T16:01:29.396331+00:00,visits-service,visits-service-6868c8596f-t5sfr,2026-07-29T16:00:30.055684+00:00,DEBUG,d6206bcb5a260ce8,93dea6b4bbee8b02,nio-8080-exec-2,o.s.web.servlet.DispatcherServlet,Completed 200 OK
2026-07-29T16:01:29.396331+00:00,visits-service,visits-service-6868c8596f-t5sfr,2026-07-29T16:00:30.055681+00:00,DEBUG,d6206bcb5a260ce8,93dea6b4bbee8b02,nio-8080-exec-2,o.s.web.servlet.DispatcherServlet,"GET ""/owners/1/pets/1/visits"", parameters={}"
2026-07-29T16:01:29.396331+00:00,visits-service,visits-service-6868c8596f-t5sfr,2026-07-29T16:00:29.302743+00:00,DEBUG,6557f16dbcf88a3e,78f37ab1dfaf886a,nio-8080-exec-3,o.s.web.servlet.DispatcherServlet,Completed 200 OK
2026-07-29T16:01:29.396331+00:00,visits-service,visits-service-6868c8596f-t5sfr,2026-07-29T16:00:29.302739+00:00,DEBUG,6557f16dbcf88a3e,78f37ab1dfaf886a,nio-8080-exec-3,o.s.web.servlet.DispatcherServlet,"GET ""/owners/1/pets/1/visits"", parameters={}"
2026-07-29T16:01:29.396331+00:00,visits-service,visits-service-6868c8596f-t5sfr,2026-07-29T16:00:29.052386+00:00,DEBUG,d257e741dee788f3,ba6e66bda49eb938,nio-8080-exec-7,o.s.web.servlet.DispatcherServlet,Completed 200 OK
2026-07-29T16:01:29.396331+00:00,visits-service,visits-service-6868c8596f-t5sfr,2026-07-29T16:00:29.052382+00:00,DEBUG,d257e741dee788f3,ba6e66bda49eb938,nio-8080-exec-7,o.s.web.servlet.DispatcherServlet,"GET ""/owners/1/pets/1/visits"", parameters={}"
2026-07-29T16:01:29.396331+00:00,visits-service,visits-service-6868c8596f-t5sfr,2026-07-29T16:00:28.801117+00:00,DEBUG,2156d4317a7fee02,7782ecbe9f52fd65,nio-8080-exec-4,o.s.web.servlet.DispatcherServlet,Completed 200 OK
2026-07-29T16:01:29.396331+00:00,visits-service,visits-service-6868c8596f-t5sfr,2026-07-29T16:00:28.801113+00:00,DEBUG,2156d4317a7fee02,7782ecbe9f52fd65,nio-8080-exec-4,o.s.web.servlet.DispatcherServlet,"GET ""/owners/1/pets/1/visits"", parameters={}"
2026-07-29T16:01:29.396331+00:00,visits-service,visits-service-6868c8596f-t5sfr,2026-07-29T16:00:28.549782+00:00,DEBUG,66efec977d37dc59,a3da995617dd5970,nio-8080-exec-8,o.s.web.servlet.DispatcherServlet,Completed 200 OK
2026-07-29T16:01:29.396331+00:00,visits-service,visits-service-6868c8596f-t5sfr,2026-07-29T16:00:28.549779+00:00,DEBUG,66efec977d37dc59,a3da995617dd5970,nio-8080-exec-8,o.s.web.servlet.DispatcherServlet,"GET ""/owners/1/pets/1/visits"", parameters={}"
2026-07-29T16:01:29.396331+00:00,visits-service,visits-service-6868c8596f-t5sfr,2026-07-29T16:00:28.048285+00:00,DEBUG,bff4509db217e7d0,e7ddc7eab62bd3d4,nio-8080-exec-5,o.s.web.servlet.DispatcherServlet,Completed 200 OK
2026-07-29T16:01:29.396331+00:00,visits-service,visits-service-6868c8596f-t5sfr,2026-07-29T16:00:28.048281+00:00,DEBUG,bff4509db217e7d0,e7ddc7eab62bd3d4,nio-8080-exec-5,o.s.web.servlet.DispatcherServlet,"GET ""/owners/1/pets/1/visits"", parameters={}"
2026-07-29T16:01:29.396331+00:00,visits-service,visits-service-6868c8596f-t5sfr,2026-07-29T16:00:26.794343+00:00,DEBUG,8537e8141e2ae8d7,8537e8141e2ae8d7,nio-8080-exec-6,o.s.web.servlet.DispatcherServlet,Completed 200 OK
2026-07-29T16:01:29.396331+00:00,visits-service,visits-service-6868c8596f-t5sfr,2026-07-29T16:00:26.543738+00:00,DEBUG,8c6c642b9eb23676,fc5e03f85b8d6a18,io-8080-exec-10,o.s.web.servlet.DispatcherServlet,Completed 200 OK
2026-07-29T16:01:29.396331+00:00,visits-service,visits-service-6868c8596f-t5sfr,2026-07-29T16:00:26.543734+00:00,DEBUG,8c6c642b9eb23676,fc5e03f85b8d6a18,io-8080-exec-10,o.s.web.servlet.DispatcherServlet,"GET ""/owners/1/pets/1/visits"", parameters={}"
2026-07-29T16:01:29.396331+00:00,visits-service,visits-service-6868c8596f-t5sfr,2026-07-29T16:00:26.041989+00:00,DEBUG,8c674e3159ceda6e,49ac8e3a6985a462,nio-8080-exec-1,o.s.web.servlet.DispatcherServlet,Completed 200 OK
2026-07-29T16:01:29.396331+00:00,visits-service,visits-service-6868c8596f-t5sfr,2026-07-29T16:00:26.041984+00:00,DEBUG,8c674e3159ceda6e,49ac8e3a6985a462,nio-8080-exec-1,o.s.web.servlet.DispatcherServlet,"GET ""/owners/1/pets/1/visits"", parameters={}"
2026-07-29T16:01:29.396331+00:00,visits-service,visits-service-6868c8596f-t5sfr,2026-07-29T16:00:25.540367+00:00,DEBUG,8dfe31433e494f6d,52b519a8d6583f8f,nio-8080-exec-9,o.s.web.servlet.DispatcherServlet,Completed 200 OK
2026-07-29T16:01:29.396331+00:00,visits-service,visits-service-6868c8596f-t5sfr,2026-07-29T16:00:25.540346+00:00,DEBUG,8dfe31433e494f6d,52b519a8d6583f8f,nio-8080-exec-9,o.s.web.servlet.DispatcherServlet,"GET ""/owners/1/pets/1/visits"", parameters={}"
2026-07-29T16:01:29.396331+00:00,visits-service,visits-service-6868c8596f-t5sfr,2026-07-29T16:00:25.540323+00:00,DEBUG,34b8b7084da0a0c7,e95f842c23451a3c,nio-8080-exec-2,o.s.web.servlet.DispatcherServlet,Completed 200 OK
2026-07-29T16:01:29.396331+00:00,visits-service,visits-service-6868c8596f-t5sfr,2026-07-29T16:00:25.540319+00:00,DEBUG,34b8b7084da0a0c7,e95f842c23451a3c,nio-8080-exec-2,o.s.web.servlet.DispatcherServlet,"GET ""/owners/1/pets/1/visits"", parameters={}"
2026-07-29T16:01:29.396331+00:00,visits-service,visits-service-6868c8596f-t5sfr,2026-07-29T16:00:25.289370+00:00,DEBUG,1830d3b7ac877f9e,1830d3b7ac877f9e,nio-8080-exec-3,o.s.web.servlet.DispatcherServlet,Completed 200 OK
2026-07-29T16:01:29.396331+00:00,visits-service,visits-service-6868c8596f-t5sfr,2026-07-29T16:00:25.038009+00:00,DEBUG,afda58d098bd1290,8bf37a94b2c3258e,nio-8080-exec-7,o.s.web.servlet.DispatcherServlet,Completed 200 OK
2026-07-29T16:01:29.396331+00:00,visits-service,visits-service-6868c8596f-t5sfr,2026-07-29T16:00:25.037977+00:00,DEBUG,afda58d098bd1290,8bf37a94b2c3258e,nio-8080-exec-7,o.s.web.servlet.DispatcherServlet,"GET ""/owners/1/pets/1/visits"", parameters={}"
2026-07-29T16:01:29.396331+00:00,visits-service,visits-service-6868c8596f-t5sfr,2026-07-29T16:00:24.786628+00:00,DEBUG,29cd9da23c2e60fa,7b6605adf773e425,nio-8080-exec-4,o.s.web.servlet.DispatcherServlet,Completed 200 OK
2026-07-29T16:01:29.396331+00:00,visits-service,visits-service-6868c8596f-t5sfr,2026-07-29T16:00:24.786623+00:00,DEBUG,29cd9da23c2e60fa,7b6605adf773e425,nio-8080-exec-4,o.s.web.servlet.DispatcherServlet,"GET ""/owners/1/pets/1/visits"", parameters={}"
2026-07-29T16:02:29.406650+00:00,customers-service,customers-service-68987c986f-cpzz4,2026-07-29T16:02:29.457080+00:00,DEBUG,f3a7caee7dc32e2e,cfc5e7b579f0983a,io-8080-exec-10,o.s.web.servlet.DispatcherServlet,"GET ""/owners"", parameters={}"
2026-07-29T16:02:29.406650+00:00,customers-service,customers-service-68987c986f-cpzz4,2026-07-29T16:02:28.453512+00:00,DEBUG,4c40ac4f8056a908,f44cd51644003552,io-8080-exec-14,o.s.web.servlet.DispatcherServlet,Completed 200 OK
2026-07-29T16:02:29.406650+00:00,customers-service,customers-service-68987c986f-cpzz4,2026-07-29T16:02:28.202630+00:00,DEBUG,4c40ac4f8056a908,0756ee4640c28440,io-8080-exec-14,o.s.web.servlet.DispatcherServlet,"GET ""/owners"", parameters={}"
2026-07-29T16:02:29.406650+00:00,customers-service,customers-service-68987c986f-cpzz4,2026-07-29T16:02:27.451440+00:00,DEBUG,23897bcca1a570ca,c54b4a98514ebc95,io-8080-exec-23,o.s.web.servlet.DispatcherServlet,Completed 200 OK
2026-07-29T16:02:29.406650+00:00,customers-service,customers-service-68987c986f-cpzz4,2026-07-29T16:02:27.200105+00:00,DEBUG,23897bcca1a570ca,4b125b957bf4198b,io-8080-exec-23,o.s.web.servlet.DispatcherServlet,"GET ""/owners"", parameters={}"
2026-07-29T16:02:29.406650+00:00,customers-service,customers-service-68987c986f-cpzz4,2026-07-29T16:02:26.698948+00:00,DEBUG,2abac69502050332,2abac69502050332,nio-8080-exec-6,o.s.web.servlet.DispatcherServlet,Completed 200 OK
2026-07-29T16:02:29.406650+00:00,customers-service,customers-service-68987c986f-cpzz4,2026-07-29T16:02:26.698889+00:00,DEBUG,64b0a65ad2c8afe6,6c5ce73b43a3a7d5,nio-8080-exec-9,o.s.web.servlet.DispatcherServlet,Completed 200 OK
2026-07-29T16:02:29.406650+00:00,customers-service,customers-service-68987c986f-cpzz4,2026-07-29T16:02:26.698887+00:00,DEBUG,64b0a65ad2c8afe6,0b29de4f7dada776,nio-8080-exec-9,o.s.web.servlet.DispatcherServlet,"GET ""/owners/1"", parameters={}"
2026-07-29T16:02:29.406650+00:00,customers-service,customers-service-68987c986f-cpzz4,2026-07-29T16:02:26.197626+00:00,DEBUG,8042083d4f712db8,8042083d4f712db8,nio-8080-exec-8,o.s.web.servlet.DispatcherServlet,Completed 200 OK
2026-07-29T16:02:29.406650+00:00,customers-service,customers-service-68987c986f-cpzz4,2026-07-29T16:02:26.197598+00:00,DEBUG,b49a92447cb8905c,dfb52531667f837b,io-8080-exec-13,o.s.web.servlet.DispatcherServlet,Completed 200 OK
2026-07-29T16:02:29.406650+00:00,customers-service,customers-service-68987c986f-cpzz4,2026-07-29T16:02:25.946633+00:00,DEBUG,b49a92447cb8905c,a11ad028b601bc14,io-8080-exec-13,o.s.web.servlet.DispatcherServlet,"GET ""/owners"", parameters={}"
2026-07-29T16:02:29.406650+00:00,customers-service,customers-service-68987c986f-cpzz4,2026-07-29T16:02:25.446016+00:00,DEBUG,a7639fbd8d2cf71c,42888b315af54cca,io-8080-exec-17,o.s.web.servlet.DispatcherServlet,Completed 200 OK
2026-07-29T16:02:29.406650+00:00,customers-service,customers-service-68987c986f-cpzz4,2026-07-29T16:02:25.445997+00:00,DEBUG,a7639fbd8d2cf71c,4e834ad49d581227,io-8080-exec-17,o.s.web.servlet.DispatcherServlet,"GET ""/owners/1"", parameters={}"
2026-07-29T16:02:29.406650+00:00,customers-service,customers-service-68987c986f-cpzz4,2026-07-29T16:02:25.445993+00:00,DEBUG,9c75a75e16029a2c,a9a329b9a8d97421,nio-8080-exec-7,o.s.web.servlet.DispatcherServlet,Completed 200 OK
2026-07-29T16:02:29.406650+00:00,customers-service,customers-service-68987c986f-cpzz4,2026-07-29T16:02:25.195701+00:00,DEBUG,9c75a75e16029a2c,fceb5f2a0e89131c,nio-8080-exec-7,o.s.web.servlet.DispatcherServlet,"GET ""/owners/1"", parameters={}"
2026-07-29T16:02:29.406650+00:00,customers-service,customers-service-68987c986f-cpzz4,2026-07-29T16:02:24.192889+00:00,DEBUG,592b46b554a4e3e1,f5baa1ece8e76b6c,nio-8080-exec-3,o.s.web.servlet.DispatcherServlet,Completed 200 OK
2026-07-29T16:02:29.406650+00:00,customers-service,customers-service-68987c986f-cpzz4,2026-07-29T16:02:24.192885+00:00,DEBUG,592b46b554a4e3e1,1ac1984be667f426,nio-8080-exec-3,o.s.web.servlet.DispatcherServlet,"GET ""/owners/1"", parameters={}"
2026-07-29T16:02:29.406650+00:00,customers-service,customers-service-68987c986f-cpzz4,2026-07-29T16:02:23.692054+00:00,DEBUG,81a7c93feac4de32,f6834283a9c26a77,io-8080-exec-10,o.s.web.servlet.DispatcherServlet,Completed 200 OK
2026-07-29T16:02:29.406650+00:00,customers-service,customers-service-68987c986f-cpzz4,2026-07-29T16:02:23.692024+00:00,DEBUG,1a85e136ef671f7a,66447c06bc1b31dd,io-8080-exec-14,o.s.web.servlet.DispatcherServlet,Completed 200 OK
2026-07-29T16:02:29.406650+00:00,customers-service,customers-service-68987c986f-cpzz4,2026-07-29T16:02:23.692016+00:00,DEBUG,81a7c93feac4de32,4bbcab0e39009b20,io-8080-exec-10,o.s.web.servlet.DispatcherServlet,"GET ""/owners/1"", parameters={}"
2026-07-29T16:02:29.406650+00:00,customers-service,customers-service-68987c986f-cpzz4,2026-07-29T16:02:23.440643+00:00,DEBUG,1a85e136ef671f7a,cc429624a3aff224,io-8080-exec-14,o.s.web.servlet.DispatcherServlet,"GET ""/owners"", parameters={}"
2026-07-29T16:02:29.406650+00:00,customers-service,customers-service-68987c986f-cpzz4,2026-07-29T16:02:22.185915+00:00,DEBUG,d0e2f081b2a11462,b880cb7958134cdc,io-8080-exec-23,o.s.web.servlet.DispatcherServlet,Completed 200 OK
2026-07-29T16:02:29.406650+00:00,customers-service,customers-service-68987c986f-cpzz4,2026-07-29T16:02:21.935507+00:00,DEBUG,d0e2f081b2a11462,a89755c0b900875f,io-8080-exec-23,o.s.web.servlet.DispatcherServlet,"GET ""/owners"", parameters={}"
2026-07-29T16:02:29.406650+00:00,customers-service,customers-service-68987c986f-cpzz4,2026-07-29T16:02:21.684167+00:00,DEBUG,add13c6fb033f39c,55fce3003e8ed202,nio-8080-exec-6,o.s.web.servlet.DispatcherServlet,Completed 200 OK
2026-07-29T16:02:29.406650+00:00,customers-service,customers-service-68987c986f-cpzz4,2026-07-29T16:02:21.433200+00:00,DEBUG,add13c6fb033f39c,f0b418843bf34381,nio-8080-exec-6,o.s.web.servlet.DispatcherServlet,"GET ""/owners"", parameters={}"
2026-07-29T16:02:29.406650+00:00,customers-service,customers-service-68987c986f-cpzz4,2026-07-29T16:02:21.181921+00:00,DEBUG,49ee25265d291086,5cd482ea45a98f37,nio-8080-exec-9,o.s.web.servlet.DispatcherServlet,Completed 200 OK
2026-07-29T16:02:29.406650+00:00,customers-service,customers-service-68987c986f-cpzz4,2026-07-29T16:02:21.181916+00:00,DEBUG,49ee25265d291086,fc7702ffa2c8cabb,nio-8080-exec-9,o.s.web.servlet.DispatcherServlet,"GET ""/owners/1"", parameters={}"
2026-07-29T16:02:29.406650+00:00,customers-service,customers-service-68987c986f-cpzz4,2026-07-29T16:02:20.428916+00:00,DEBUG,3e071f7d6bc90b2f,8c5b5c9e6078918b,nio-8080-exec-8,o.s.web.servlet.DispatcherServlet,Completed 200 OK
2026-07-29T16:02:29.406650+00:00,customers-service,customers-service-68987c986f-cpzz4,2026-07-29T16:02:20.177831+00:00,DEBUG,3e071f7d6bc90b2f,9181621a0179024f,nio-8080-exec-8,o.s.web.servlet.DispatcherServlet,"GET ""/owners/1"", parameters={}"
2026-07-29T16:02:29.406650+00:00,customers-service,customers-service-68987c986f-cpzz4,2026-07-29T16:02:20.177827+00:00,DEBUG,c7ef94bef733ae2c,c4fbd7f19fb865b8,io-8080-exec-13,o.s.web.servlet.DispatcherServlet,Completed 200 OK
2026-07-29T16:02:29.406650+00:00,customers-service,customers-service-68987c986f-cpzz4,2026-07-29T16:02:19.926645+00:00,DEBUG,bffce6132b4f45bf,52a239666b53ae56,io-8080-exec-17,o.s.web.servlet.DispatcherServlet,Completed 200 OK
2026-07-29T16:02:29.406650+00:00,customers-service,customers-service-68987c986f-cpzz4,2026-07-29T16:02:19.926641+00:00,DEBUG,c7ef94bef733ae2c,f926a0763a0ac4f1,io-8080-exec-13,o.s.web.servlet.DispatcherServlet,"GET ""/owners"", parameters={}"
2026-07-29T16:02:29.406650+00:00,customers-service,customers-service-68987c986f-cpzz4,2026-07-29T16:02:19.675838+00:00,DEBUG,bffce6132b4f45bf,0332b8e78f7d543a,io-8080-exec-17,o.s.web.servlet.DispatcherServlet,"GET ""/owners"", parameters={}"
2026-07-29T16:02:29.406650+00:00,customers-service,customers-service-68987c986f-cpzz4,2026-07-29T16:02:18.671922+00:00,DEBUG,628bb6da6e1932ba,ac9c17a43d54fbac,nio-8080-exec-7,o.s.web.servlet.DispatcherServlet,Completed 200 OK
2026-07-29T16:02:29.406650+00:00,customers-service,customers-service-68987c986f-cpzz4,2026-07-29T16:02:18.671905+00:00,DEBUG,a7b0b4f2841740ef,10aec22ab8425eca,nio-8080-exec-3,o.s.web.servlet.DispatcherServlet,Completed 200 OK
2026-07-29T16:02:29.406650+00:00,customers-service,customers-service-68987c986f-cpzz4,2026-07-29T16:02:18.671901+00:00,DEBUG,628bb6da6e1932ba,6409783a7098b740,nio-8080-exec-7,o.s.web.servlet.DispatcherServlet,"GET ""/owners"", parameters={}"
2026-07-29T16:02:29.406650+00:00,customers-service,customers-service-68987c986f-cpzz4,2026-07-29T16:02:18.421603+00:00,DEBUG,77f9559847ef2b39,ed8ab4c411198c85,io-8080-exec-10,o.s.web.servlet.DispatcherServlet,Completed 200 OK
2026-07-29T16:02:29.406650+00:00,customers-service,customers-service-68987c986f-cpzz4,2026-07-29T16:02:18.421600+00:00,DEBUG,a7b0b4f2841740ef,c5547e409b7d457a,nio-8080-exec-3,o.s.web.servlet.DispatcherServlet,"GET ""/owners"", parameters={}"
2026-07-29T16:02:29.406650+00:00,customers-service,customers-service-68987c986f-cpzz4,2026-07-29T16:02:18.170279+00:00,DEBUG,77f9559847ef2b39,3d17cf89d52de6fa,io-8080-exec-10,o.s.web.servlet.DispatcherServlet,"GET ""/owners"", parameters={}"
2026-07-29T16:02:29.406650+00:00,customers-service,customers-service-68987c986f-cpzz4,2026-07-29T16:02:17.670001+00:00,DEBUG,a2d80bfc89d38cbf,d6a5c9415a4f58f8,io-8080-exec-14,o.s.web.servlet.DispatcherServlet,Completed 200 OK
2026-07-29T16:02:29.406650+00:00,customers-service,customers-service-68987c986f-cpzz4,2026-07-29T16:02:17.419209+00:00,DEBUG,a2d80bfc89d38cbf,7ddafb963ca7e477,io-8080-exec-14,o.s.web.servlet.DispatcherServlet,"GET ""/owners"", parameters={}"
2026-07-29T16:02:29.406650+00:00,customers-service,customers-service-68987c986f-cpzz4,2026-07-29T16:02:17.168113+00:00,DEBUG,48ba674bea903427,1ab8c0fb69bf9b83,io-8080-exec-23,o.s.web.servlet.DispatcherServlet,Completed 200 OK
2026-07-29T16:02:29.406650+00:00,customers-service,customers-service-68987c986f-cpzz4,2026-07-29T16:02:17.168108+00:00,DEBUG,48ba674bea903427,21823734f1f654e1,io-8080-exec-23,o.s.web.servlet.DispatcherServlet,"GET ""/owners/1"", parameters={}"
2026-07-29T16:02:29.406650+00:00,customers-service,customers-service-68987c986f-cpzz4,2026-07-29T16:02:16.917963+00:00,DEBUG,2651aa5dc5783444,b9d98140517918ae,nio-8080-exec-6,o.s.web.servlet.DispatcherServlet,Completed 200 OK
2026-07-29T16:02:29.406650+00:00,customers-service,customers-service-68987c986f-cpzz4,2026-07-29T16:02:16.917959+00:00,DEBUG,2651aa5dc5783444,b1efb99c3a98813e,nio-8080-exec-6,o.s.web.servlet.DispatcherServlet,"GET ""/owners/1"", parameters={}"
2026-07-29T16:02:29.406650+00:00,customers-service,customers-service-68987c986f-cpzz4,2026-07-29T16:02:16.416700+00:00,DEBUG,e22788b0421175f1,e22788b0421175f1,nio-8080-exec-9,o.s.web.servlet.DispatcherServlet,Completed 200 OK
2026-07-29T16:02:29.406650+00:00,customers-service,customers-service-68987c986f-cpzz4,2026-07-29T16:02:16.416666+00:00,DEBUG,504ba0e46a36caeb,de466ac10e23ed69,nio-8080-exec-8,o.s.web.servlet.DispatcherServlet,Completed 200 OK
2026-07-29T16:02:29.406650+00:00,customers-service,customers-service-68987c986f-cpzz4,2026-07-29T16:02:16.166105+00:00,DEBUG,504ba0e46a36caeb,b7c688d73c57c354,nio-8080-exec-8,o.s.web.servlet.DispatcherServlet,"GET ""/owners"", parameters={}"
2026-07-29T16:02:29.406650+00:00,customers-service,customers-service-68987c986f-cpzz4,2026-07-29T16:02:15.665763+00:00,DEBUG,9b2e40fcd94e2ad7,abf611aaba719d29,io-8080-exec-13,o.s.web.servlet.DispatcherServlet,Completed 200 OK
2026-07-29T16:02:29.406650+00:00,customers-service,customers-service-68987c986f-cpzz4,2026-07-29T16:02:15.414759+00:00,DEBUG,8cc2b3b8be814ed6,1a187e969231afbb,io-8080-exec-17,o.s.web.servlet.DispatcherServlet,Completed 200 OK
2026-07-29T16:02:29.406650+00:00,customers-service,customers-service-68987c986f-cpzz4,2026-07-29T16:02:15.414755+00:00,DEBUG,9b2e40fcd94e2ad7,2e14f2098212b4a2,io-8080-exec-13,o.s.web.servlet.DispatcherServlet,"GET ""/owners"", parameters={}"
2026-07-29T16:02:29.406650+00:00,customers-service,customers-service-68987c986f-cpzz4,2026-07-29T16:02:15.163519+00:00,DEBUG,8cc2b3b8be814ed6,23b62f5ebea4844f,io-8080-exec-17,o.s.web.servlet.DispatcherServlet,"GET ""/owners"", parameters={}"
2026-07-29T16:02:29.406650+00:00,customers-service,customers-service-68987c986f-cpzz4,2026-07-29T16:02:14.913134+00:00,DEBUG,5168964256646729,92529cecac1c092e,nio-8080-exec-7,o.s.web.servlet.DispatcherServlet,Completed 200 OK
2026-07-29T16:02:29.406650+00:00,customers-service,customers-service-68987c986f-cpzz4,2026-07-29T16:02:14.662284+00:00,DEBUG,5168964256646729,1e22ef66e749981f,nio-8080-exec-7,o.s.web.servlet.DispatcherServlet,"GET ""/owners"", parameters={}"
2026-07-29T16:02:29.406650+00:00,customers-service,customers-service-68987c986f-cpzz4,2026-07-29T16:02:14.411448+00:00,DEBUG,56766bdf5b889735,556f4f09f81c2f06,nio-8080-exec-3,o.s.web.servlet.DispatcherServlet,Completed 200 OK
2026-07-29T16:02:29.406650+00:00,customers-service,customers-service-68987c986f-cpzz4,2026-07-29T16:02:14.160744+00:00,DEBUG,56766bdf5b889735,ac975ff8a2c0ac41,nio-8080-exec-3,o.s.web.servlet.DispatcherServlet,"GET ""/owners/1"", parameters={}"
2026-07-29T16:02:29.406650+00:00,customers-service,customers-service-68987c986f-cpzz4,2026-07-29T16:02:14.160742+00:00,DEBUG,71dc2076b0009ada,ed04be4f25d581ce,io-8080-exec-10,o.s.web.servlet.DispatcherServlet,Completed 200 OK
2026-07-29T16:02:29.406650+00:00,customers-service,customers-service-68987c986f-cpzz4,2026-07-29T16:02:13.910239+00:00,DEBUG,71dc2076b0009ada,4d3896d5e5996c2c,io-8080-exec-10,o.s.web.servlet.DispatcherServlet,"GET ""/owners"", parameters={}"
2026-07-29T16:02:29.406650+00:00,customers-service,customers-service-68987c986f-cpzz4,2026-07-29T16:02:12.908366+00:00,DEBUG,bace308bb36d38d3,6c5343a336bc3c51,io-8080-exec-14,o.s.web.servlet.DispatcherServlet,Completed 200 OK
2026-07-29T16:02:29.406650+00:00,customers-service,customers-service-68987c986f-cpzz4,2026-07-29T16:02:12.657877+00:00,DEBUG,bace308bb36d38d3,f5b5fc6c3400c74d,io-8080-exec-14,o.s.web.servlet.DispatcherServlet,"GET ""/owners"", parameters={}"
2026-07-29T16:02:29.406650+00:00,customers-service,customers-service-68987c986f-cpzz4,2026-07-29T16:02:12.157193+00:00,DEBUG,42f18b2d99244674,d0d6b00959596dab,io-8080-exec-23,o.s.web.servlet.DispatcherServlet,Completed 200 OK
2026-07-29T16:02:29.406650+00:00,customers-service,customers-service-68987c986f-cpzz4,2026-07-29T16:02:12.157165+00:00,DEBUG,4e8a8dad06b3ddea,4d456c0205c6c281,nio-8080-exec-6,o.s.web.servlet.DispatcherServlet,Completed 200 OK
2026-07-29T16:02:29.406650+00:00,customers-service,customers-service-68987c986f-cpzz4,2026-07-29T16:02:12.157079+00:00,DEBUG,42f18b2d99244674,d6c5085e4937af3e,io-8080-exec-23,o.s.web.servlet.DispatcherServlet,"GET ""/owners"", parameters={}"
2026-07-29T16:02:29.406650+00:00,customers-service,customers-service-68987c986f-cpzz4,2026-07-29T16:02:11.906296+00:00,DEBUG,4e8a8dad06b3ddea,8dcc2ce63ed1abcc,nio-8080-exec-6,o.s.web.servlet.DispatcherServlet,"GET ""/owners"", parameters={}"
2026-07-29T16:02:29.406650+00:00,customers-service,customers-service-68987c986f-cpzz4,2026-07-29T16:02:11.153347+00:00,DEBUG,19a0a40808a741f9,19a0a40808a741f9,nio-8080-exec-9,o.s.web.servlet.DispatcherServlet,Completed 200 OK
2026-07-29T16:02:29.406650+00:00,customers-service,customers-service-68987c986f-cpzz4,2026-07-29T16:02:11.153251+00:00,DEBUG,d375926c5922217a,63206f64ec23696e,nio-8080-exec-8,o.s.web.servlet.DispatcherServlet,Completed 200 OK
2026-07-29T16:02:29.406650+00:00,customers-service,customers-service-68987c986f-cpzz4,2026-07-29T16:02:11.153247+00:00,DEBUG,d375926c5922217a,9d5c963c469dfe1b,nio-8080-exec-8,o.s.web.servlet.DispatcherServlet,"GET ""/owners/1"", parameters={}"
2026-07-29T16:02:29.406650+00:00,customers-service,customers-service-68987c986f-cpzz4,2026-07-29T16:02:10.652315+00:00,DEBUG,0d8012ecabc8e39e,e6abc2c99edf9e60,io-8080-exec-13,o.s.web.servlet.DispatcherServlet,Completed 200 OK
2026-07-29T16:02:29.406650+00:00,customers-service,customers-service-68987c986f-cpzz4,2026-07-29T16:02:10.652312+00:00,DEBUG,0d8012ecabc8e39e,0231622b40f7823a,io-8080-exec-13,o.s.web.servlet.DispatcherServlet,"GET ""/owners"", parameters={}"
2026-07-29T16:02:29.406650+00:00,customers-service,customers-service-68987c986f-cpzz4,2026-07-29T16:02:10.402006+00:00,DEBUG,4dad009c8905fd58,3d7cc7b61f5aa495,io-8080-exec-17,o.s.web.servlet.DispatcherServlet,Completed 200 OK
2026-07-29T16:02:29.406650+00:00,customers-service,customers-service-68987c986f-cpzz4,2026-07-29T16:02:10.402003+00:00,DEBUG,4dad009c8905fd58,1f31c5954c0ec904,io-8080-exec-17,o.s.web.servlet.DispatcherServlet,"GET ""/owners/1"", parameters={}"
2026-07-29T16:02:29.406650+00:00,customers-service,customers-service-68987c986f-cpzz4,2026-07-29T16:02:09.900438+00:00,DEBUG,310223d61120bd23,5f52d904f1f261a5,nio-8080-exec-7,o.s.web.servlet.DispatcherServlet,Completed 200 OK
2026-07-29T16:02:29.406650+00:00,customers-service,customers-service-68987c986f-cpzz4,2026-07-29T16:02:09.900435+00:00,DEBUG,12acb85a3bef45b5,41761d22f3e27afe,nio-8080-exec-3,o.s.web.servlet.DispatcherServlet,Completed 200 OK
2026-07-29T16:02:29.406650+00:00,customers-service,customers-service-68987c986f-cpzz4,2026-07-29T16:02:09.650328+00:00,DEBUG,310223d61120bd23,8069d91fca65b367,nio-8080-exec-7,o.s.web.servlet.DispatcherServlet,"GET ""/owners"", parameters={}"
2026-07-29T16:02:29.406650+00:00,customers-service,customers-service-68987c986f-cpzz4,2026-07-29T16:02:09.650211+00:00,DEBUG,8aef39583e35d375,9a9498b7e46b7e88,io-8080-exec-10,o.s.web.servlet.DispatcherServlet,Completed 200 OK
2026-07-29T16:02:29.406650+00:00,customers-service,customers-service-68987c986f-cpzz4,2026-07-29T16:02:09.650207+00:00,DEBUG,12acb85a3bef45b5,e20fa1660c5da215,nio-8080-exec-3,o.s.web.servlet.DispatcherServlet,"GET ""/owners"", parameters={}"
2026-07-29T16:02:29.406650+00:00,customers-service,customers-service-68987c986f-cpzz4,2026-07-29T16:02:09.399601+00:00,DEBUG,8aef39583e35d375,52ff7f68c769a03a,io-8080-exec-10,o.s.web.servlet.DispatcherServlet,"GET ""/owners"", parameters={}"
2026-07-29T16:02:29.406650+00:00,customers-service,customers-service-68987c986f-cpzz4,2026-07-29T16:02:08.898392+00:00,DEBUG,0a9e0305fe204e65,67e06858210bed25,io-8080-exec-14,o.s.web.servlet.DispatcherServlet,Completed 200 OK
2026-07-29T16:02:29.406650+00:00,customers-service,customers-service-68987c986f-cpzz4,2026-07-29T16:02:08.648149+00:00,DEBUG,0a9e0305fe204e65,90074c9113b1f9c3,io-8080-exec-14,o.s.web.servlet.DispatcherServlet,"GET ""/owners"", parameters={}"
2026-07-29T16:02:29.406650+00:00,customers-service,customers-service-68987c986f-cpzz4,2026-07-29T16:02:07.896000+00:00,DEBUG,adec15bb88f5c377,ccc9cc4547a2475f,io-8080-exec-23,o.s.web.servlet.DispatcherServlet,Completed 200 OK
2026-07-29T16:02:29.406650+00:00,customers-service,customers-service-68987c986f-cpzz4,2026-07-29T16:02:07.895971+00:00,DEBUG,6fa43fe7fc1c8dca,17c5d32051ca69c9,nio-8080-exec-6,o.s.web.servlet.DispatcherServlet,Completed 200 OK
2026-07-29T16:02:29.406650+00:00,customers-service,customers-service-68987c986f-cpzz4,2026-07-29T16:02:07.895946+00:00,DEBUG,adec15bb88f5c377,0ea8811e14d0eb63,io-8080-exec-23,o.s.web.servlet.DispatcherServlet,"GET ""/owners/1"", parameters={}"
2026-07-29T16:02:29.406650+00:00,customers-service,customers-service-68987c986f-cpzz4,2026-07-29T16:02:07.895943+00:00,DEBUG,6fa43fe7fc1c8dca,af41e0a00f6a87a5,nio-8080-exec-6,o.s.web.servlet.DispatcherServlet,"GET ""/owners"", parameters={}"
2026-07-29T16:02:29.406650+00:00,customers-service,customers-service-68987c986f-cpzz4,2026-07-29T16:02:07.142463+00:00,DEBUG,f687fe34c9748529,adb06934281da4f4,nio-8080-exec-9,o.s.web.servlet.DispatcherServlet,Completed 200 OK
2026-07-29T16:02:29.406650+00:00,customers-service,customers-service-68987c986f-cpzz4,2026-07-29T16:02:07.142459+00:00,DEBUG,f687fe34c9748529,b6a17d4c44ec2462,nio-8080-exec-9,o.s.web.servlet.DispatcherServlet,"GET ""/owners/1"", parameters={}"
2026-07-29T16:02:29.406650+00:00,customers-service,customers-service-68987c986f-cpzz4,2026-07-29T16:02:06.891704+00:00,DEBUG,78aa12d691911e58,4557795620c998f8,nio-8080-exec-8,o.s.web.servlet.DispatcherServlet,Completed 200 OK
2026-07-29T16:02:29.406650+00:00,customers-service,customers-service-68987c986f-cpzz4,2026-07-29T16:02:06.891682+00:00,DEBUG,8a8850d319fbb915,8a8850d319fbb915,io-8080-exec-13,o.s.web.servlet.DispatcherServlet,Completed 200 OK
2026-07-29T16:02:29.406650+00:00,customers-service,customers-service-68987c986f-cpzz4,2026-07-29T16:02:06.891652+00:00,DEBUG,78aa12d691911e58,412f4a2381583c17,nio-8080-exec-8,o.s.web.servlet.DispatcherServlet,"GET ""/owners/1"", parameters={}"
2026-07-29T16:02:29.406650+00:00,customers-service,customers-service-68987c986f-cpzz4,2026-07-29T16:02:06.640498+00:00,DEBUG,b722887932be934e,4aed431fd79de530,io-8080-exec-17,o.s.web.servlet.DispatcherServlet,Completed 200 OK
2026-07-29T16:02:29.406650+00:00,customers-service,customers-service-68987c986f-cpzz4,2026-07-29T16:02:05.888648+00:00,DEBUG,f04a1a7b166f0a39,cb00306459648de5,nio-8080-exec-7,o.s.web.servlet.DispatcherServlet,Completed 200 OK
2026-07-29T16:02:29.406650+00:00,customers-service,customers-service-68987c986f-cpzz4,2026-07-29T16:02:05.637901+00:00,DEBUG,b722887932be934e,c6e2916f153a1c07,io-8080-exec-17,o.s.web.servlet.DispatcherServlet,"GET ""/owners"", parameters={}"
2026-07-29T16:02:29.406650+00:00,customers-service,customers-service-68987c986f-cpzz4,2026-07-29T16:02:05.637897+00:00,DEBUG,05fa1a6b59bea823,0686f40b2146c23b,nio-8080-exec-3,o.s.web.servlet.DispatcherServlet,Completed 200 OK
2026-07-29T16:02:29.406650+00:00,customers-service,customers-service-68987c986f-cpzz4,2026-07-29T16:02:04.885703+00:00,DEBUG,c3cbd517e4071f8d,7a02eb1c69a016fc,io-8080-exec-10,o.s.web.servlet.DispatcherServlet,Completed 200 OK
2026-07-29T16:02:29.406650+00:00,customers-service,customers-service-68987c986f-cpzz4,2026-07-29T16:02:04.634819+00:00,DEBUG,05fa1a6b59bea823,baa962c626374a27,nio-8080-exec-3,o.s.web.servlet.DispatcherServlet,"GET ""/owners"", parameters={}"
2026-07-29T16:02:29.406650+00:00,customers-service,customers-service-68987c986f-cpzz4,2026-07-29T16:02:04.384928+00:00,DEBUG,f04a1a7b166f0a39,52c021fba240ec82,nio-8080-exec-7,o.s.web.servlet.DispatcherServlet,"GET ""/owners"", parameters={}"
2026-07-29T16:02:29.406650+00:00,customers-service,customers-service-68987c986f-cpzz4,2026-07-29T16:02:04.384897+00:00,DEBUG,3266cccd2e5e4544,9b569e7d2e266c13,io-8080-exec-14,o.s.web.servlet.DispatcherServlet,Completed 200 OK
2026-07-29T16:02:29.406650+00:00,customers-service,customers-service-68987c986f-cpzz4,2026-07-29T16:02:04.384854+00:00,DEBUG,c3cbd517e4071f8d,79af61e38ec332ae,io-8080-exec-10,o.s.web.servlet.DispatcherServlet,"GET ""/owners/1"", parameters={}"
2026-07-29T16:02:29.406650+00:00,customers-service,customers-service-68987c986f-cpzz4,2026-07-29T16:02:04.133930+00:00,DEBUG,2621a1c3f9732854,9ed5c3592437fb74,io-8080-exec-23,o.s.web.servlet.DispatcherServlet,Completed 200 OK
2026-07-29T16:02:29.406650+00:00,customers-service,customers-service-68987c986f-cpzz4,2026-07-29T16:02:03.632235+00:00,DEBUG,dfeeb59467bda916,8bd31901324b0213,nio-8080-exec-6,o.s.web.servlet.DispatcherServlet,Completed 200 OK
2026-07-29T16:02:29.406650+00:00,customers-service,customers-service-68987c986f-cpzz4,2026-07-29T16:02:03.381227+00:00,DEBUG,3266cccd2e5e4544,55d75fb1b32a4973,io-8080-exec-14,o.s.web.servlet.DispatcherServlet,"GET ""/owners"", parameters={}"
2026-07-29T16:02:29.406650+00:00,customers-service,customers-service-68987c986f-cpzz4,2026-07-29T16:02:02.879571+00:00,DEBUG,2621a1c3f9732854,82e55e1508c4c369,io-8080-exec-23,o.s.web.servlet.DispatcherServlet,"GET ""/owners"", parameters={}"
2026-07-29T16:02:29.406650+00:00,customers-service,customers-service-68987c986f-cpzz4,2026-07-29T16:02:02.377280+00:00,DEBUG,dfeeb59467bda916,b8dac43463765394,nio-8080-exec-6,o.s.web.servlet.DispatcherServlet,"GET ""/owners"", parameters={}"
2026-07-29T16:02:29.406650+00:00,customers-service,customers-service-68987c986f-cpzz4,2026-07-29T16:02:01.625488+00:00,DEBUG,ee56e3d0f9a367c6,b558e06e88e8e53f,nio-8080-exec-9,o.s.web.servlet.DispatcherServlet,Completed 200 OK
2026-07-29T16:02:29.406650+00:00,customers-service,customers-service-68987c986f-cpzz4,2026-07-29T16:02:01.374511+00:00,DEBUG,587e9e159b6200ca,e10467725cc0f818,io-8080-exec-13,o.s.web.servlet.DispatcherServlet,Completed 200 OK
2026-07-29T16:02:29.406650+00:00,customers-service,customers-service-68987c986f-cpzz4,2026-07-29T16:02:01.374490+00:00,DEBUG,ee56e3d0f9a367c6,56bcb589470f5b09,nio-8080-exec-9,o.s.web.servlet.DispatcherServlet,"GET ""/owners"", parameters={}"
2026-07-29T16:02:29.406650+00:00,customers-service,customers-service-68987c986f-cpzz4,2026-07-29T16:02:01.374415+00:00,DEBUG,9c210cb45e101e7d,9c210cb45e101e7d,nio-8080-exec-8,o.s.web.servlet.DispatcherServlet,Completed 200 OK
2026-07-29T16:02:29.406650+00:00,customers-service,customers-service-68987c986f-cpzz4,2026-07-29T16:02:01.374387+00:00,DEBUG,587e9e159b6200ca,f24133e4c1118931,io-8080-exec-13,o.s.web.servlet.DispatcherServlet,"GET ""/owners"", parameters={}"
2026-07-29T16:02:29.406650+00:00,customers-service,customers-service-68987c986f-cpzz4,2026-07-29T16:02:01.123906+00:00,DEBUG,53866b55c33a627a,fa82bffbc3394d8c,io-8080-exec-17,o.s.web.servlet.DispatcherServlet,Completed 200 OK
2026-07-29T16:02:29.406650+00:00,customers-service,customers-service-68987c986f-cpzz4,2026-07-29T16:02:00.872851+00:00,DEBUG,53866b55c33a627a,bd79517ad36ff88b,io-8080-exec-17,o.s.web.servlet.DispatcherServlet,"GET ""/owners"", parameters={}"
2026-07-29T16:02:29.406650+00:00,customers-service,customers-service-68987c986f-cpzz4,2026-07-29T16:02:00.622607+00:00,DEBUG,8ecd9a87f8aa0231,d321bd176615153d,nio-8080-exec-3,o.s.web.servlet.DispatcherServlet,Completed 200 OK
2026-07-29T16:02:29.406650+00:00,customers-service,customers-service-68987c986f-cpzz4,2026-07-29T16:02:00.372391+00:00,DEBUG,8ecd9a87f8aa0231,5dacd6b59fa72632,nio-8080-exec-3,o.s.web.servlet.DispatcherServlet,"GET ""/owners/1"", parameters={}"
2026-07-29T16:02:29.406650+00:00,customers-service,customers-service-68987c986f-cpzz4,2026-07-29T16:02:00.122035+00:00,DEBUG,ec4a8a7e01ecd555,923c6bd0c44e1280,nio-8080-exec-7,o.s.web.servlet.DispatcherServlet,Completed 200 OK
2026-07-29T16:02:29.406650+00:00,customers-service,customers-service-68987c986f-cpzz4,2026-07-29T16:02:00.122031+00:00,DEBUG,ec4a8a7e01ecd555,b9d200ef0b52d37d,nio-8080-exec-7,o.s.web.servlet.DispatcherServlet,"GET ""/owners/1"", parameters={}"
2026-07-29T16:02:29.406650+00:00,customers-service,customers-service-68987c986f-cpzz4,2026-07-29T16:01:59.621252+00:00,DEBUG,99e58d6921746fe2,5595d4fb90cdd0f4,io-8080-exec-10,o.s.web.servlet.DispatcherServlet,Completed 200 OK
2026-07-29T16:02:29.406650+00:00,customers-service,customers-service-68987c986f-cpzz4,2026-07-29T16:01:59.370338+00:00,DEBUG,99e58d6921746fe2,6503476fa07109a5,io-8080-exec-10,o.s.web.servlet.DispatcherServlet,"GET ""/owners/1"", parameters={}"
2026-07-29T16:02:29.406650+00:00,customers-service,customers-service-68987c986f-cpzz4,2026-07-29T16:01:59.118963+00:00,DEBUG,a9c7a8641400d474,55ef89aef18b78d8,io-8080-exec-14,o.s.web.servlet.DispatcherServlet,Completed 200 OK
2026-07-29T16:02:29.406650+00:00,customers-service,customers-service-68987c986f-cpzz4,2026-07-29T16:01:58.867780+00:00,DEBUG,a9c7a8641400d474,a53c7e1dd7d29094,io-8080-exec-14,o.s.web.servlet.DispatcherServlet,"GET ""/owners/1"", parameters={}"
2026-07-29T16:02:29.406650+00:00,customers-service,customers-service-68987c986f-cpzz4,2026-07-29T16:01:57.364137+00:00,DEBUG,4a58e8eed0f104c5,3405ba8a77df2a81,io-8080-exec-23,o.s.web.servlet.DispatcherServlet,Completed 200 OK
2026-07-29T16:02:29.406650+00:00,customers-service,customers-service-68987c986f-cpzz4,2026-07-29T16:01:57.113543+00:00,DEBUG,0ca87b05bd17f473,a941090ff49adab8,nio-8080-exec-6,o.s.web.servlet.DispatcherServlet,Completed 200 OK
2026-07-29T16:02:29.406650+00:00,customers-service,customers-service-68987c986f-cpzz4,2026-07-29T16:01:57.113539+00:00,DEBUG,4a58e8eed0f104c5,38963e047efa593a,io-8080-exec-23,o.s.web.servlet.DispatcherServlet,"GET ""/owners"", parameters={}"
2026-07-29T16:02:29.406650+00:00,customers-service,customers-service-68987c986f-cpzz4,2026-07-29T16:01:56.863091+00:00,DEBUG,0ca87b05bd17f473,eb84383da28cba47,nio-8080-exec-6,o.s.web.servlet.DispatcherServlet,"GET ""/owners"", parameters={}"
2026-07-29T16:02:29.406650+00:00,customers-service,customers-service-68987c986f-cpzz4,2026-07-29T16:01:56.863067+00:00,DEBUG,ff774e2ec4cdb7dd,b13a91a67f8403ad,nio-8080-exec-9,o.s.web.servlet.DispatcherServlet,Completed 200 OK
2026-07-29T16:02:29.406650+00:00,customers-service,customers-service-68987c986f-cpzz4,2026-07-29T16:01:56.863063+00:00,DEBUG,ff774e2ec4cdb7dd,9ed9e13a9942a741,nio-8080-exec-9,o.s.web.servlet.DispatcherServlet,"GET ""/owners/1"", parameters={}"
2026-07-29T16:02:29.406650+00:00,customers-service,customers-service-68987c986f-cpzz4,2026-07-29T16:01:56.612228+00:00,DEBUG,7050723fb68b3c89,ed96ffa99da79319,nio-8080-exec-8,o.s.web.servlet.DispatcherServlet,Completed 200 OK
2026-07-29T16:02:29.406650+00:00,customers-service,customers-service-68987c986f-cpzz4,2026-07-29T16:01:56.612195+00:00,DEBUG,d4b9e862bde3f464,d3463f5f419d746e,io-8080-exec-13,o.s.web.servlet.DispatcherServlet,Completed 200 OK
2026-07-29T16:02:29.406650+00:00,customers-service,customers-service-68987c986f-cpzz4,2026-07-29T16:01:56.612192+00:00,DEBUG,2e1632aabc8e190a,b79e464c9bacd751,io-8080-exec-17,o.s.web.servlet.DispatcherServlet,Completed 200 OK
2026-07-29T16:02:29.406650+00:00,customers-service,customers-service-68987c986f-cpzz4,2026-07-29T16:01:56.362027+00:00,DEBUG,7050723fb68b3c89,dd4f73285233966a,nio-8080-exec-8,o.s.web.servlet.DispatcherServlet,"GET ""/owners"", parameters={}"
2026-07-29T16:02:29.406650+00:00,customers-service,customers-service-68987c986f-cpzz4,2026-07-29T16:01:56.110988+00:00,DEBUG,a133b2322d7d5dd5,a133b2322d7d5dd5,nio-8080-exec-3,o.s.web.servlet.DispatcherServlet,Completed 200 OK
2026-07-29T16:02:29.406650+00:00,customers-service,customers-service-68987c986f-cpzz4,2026-07-29T16:01:55.859931+00:00,DEBUG,d4b9e862bde3f464,fa5f558bc542e6f8,io-8080-exec-13,o.s.web.servlet.DispatcherServlet,"GET ""/owners/1"", parameters={}"
2026-07-29T16:02:29.406650+00:00,customers-service,customers-service-68987c986f-cpzz4,2026-07-29T16:01:55.859928+00:00,DEBUG,2e1632aabc8e190a,b5073a403c297d93,io-8080-exec-17,o.s.web.servlet.DispatcherServlet,"GET ""/owners/1"", parameters={}"
2026-07-29T16:02:29.406650+00:00,customers-service,customers-service-68987c986f-cpzz4,2026-07-29T16:01:55.357496+00:00,DEBUG,0e79d763b194a1b3,9128a12c7ec4e5ee,nio-8080-exec-7,o.s.web.servlet.DispatcherServlet,Completed 200 OK
2026-07-29T16:02:29.406650+00:00,customers-service,customers-service-68987c986f-cpzz4,2026-07-29T16:01:55.357483+00:00,DEBUG,2bfdaaff8ca62f67,930086d560f30a41,io-8080-exec-10,o.s.web.servlet.DispatcherServlet,Completed 200 OK
2026-07-29T16:02:29.406650+00:00,customers-service,customers-service-68987c986f-cpzz4,2026-07-29T16:01:54.606057+00:00,DEBUG,d15baa82dbd0daa5,b3a4c00e51b82665,io-8080-exec-14,o.s.web.servlet.DispatcherServlet,Completed 200 OK
2026-07-29T16:02:29.406650+00:00,customers-service,customers-service-68987c986f-cpzz4,2026-07-29T16:01:54.355254+00:00,DEBUG,0e79d763b194a1b3,ecdcbf26259d0f04,nio-8080-exec-7,o.s.web.servlet.DispatcherServlet,"GET ""/owners/1"", parameters={}"
2026-07-29T16:02:29.406650+00:00,customers-service,customers-service-68987c986f-cpzz4,2026-07-29T16:01:54.104114+00:00,DEBUG,2bfdaaff8ca62f67,cf097d28ee00400d,io-8080-exec-10,o.s.web.servlet.DispatcherServlet,"GET ""/owners/1"", parameters={}"
2026-07-29T16:02:29.406650+00:00,customers-service,customers-service-68987c986f-cpzz4,2026-07-29T16:01:54.104110+00:00,DEBUG,87b509c5a2e4bae3,019453705d8aee38,io-8080-exec-23,o.s.web.servlet.DispatcherServlet,Completed 200 OK
2026-07-29T16:02:29.406650+00:00,customers-service,customers-service-68987c986f-cpzz4,2026-07-29T16:01:53.351446+00:00,DEBUG,87b509c5a2e4bae3,3e1f6c8bb80882a8,io-8080-exec-23,o.s.web.servlet.DispatcherServlet,"GET ""/owners/1"", parameters={}"
2026-07-29T16:02:29.406650+00:00,customers-service,customers-service-68987c986f-cpzz4,2026-07-29T16:01:53.351444+00:00,DEBUG,d15baa82dbd0daa5,6942e4bc1e359d13,io-8080-exec-14,o.s.web.servlet.DispatcherServlet,"GET ""/owners"", parameters={}"
2026-07-29T16:02:29.406650+00:00,customers-service,customers-service-68987c986f-cpzz4,2026-07-29T16:01:53.100531+00:00,DEBUG,08cf00e55997487f,d12f6ad56a070f48,nio-8080-exec-6,o.s.web.servlet.DispatcherServlet,Completed 200 OK
2026-07-29T16:02:29.406650+00:00,customers-service,customers-service-68987c986f-cpzz4,2026-07-29T16:01:52.849939+00:00,DEBUG,99aa30043f688aac,c4ad3d4c9ca406dd,nio-8080-exec-9,o.s.web.servlet.DispatcherServlet,Completed 200 OK
2026-07-29T16:02:29.406650+00:00,customers-service,customers-service-68987c986f-cpzz4,2026-07-29T16:01:52.599702+00:00,DEBUG,08cf00e55997487f,8207762cef2707aa,nio-8080-exec-6,o.s.web.servlet.DispatcherServlet,"GET ""/owners/1"", parameters={}"
2026-07-29T16:02:29.406650+00:00,customers-service,customers-service-68987c986f-cpzz4,2026-07-29T16:01:52.349151+00:00,DEBUG,1020ffaef1eb02aa,66767cf6114b0398,nio-8080-exec-8,o.s.web.servlet.DispatcherServlet,Completed 200 OK
2026-07-29T16:02:29.406650+00:00,customers-service,customers-service-68987c986f-cpzz4,2026-07-29T16:01:52.098166+00:00,DEBUG,1020ffaef1eb02aa,742584891a606550,nio-8080-exec-8,o.s.web.servlet.DispatcherServlet,"GET ""/owners/1"", parameters={}"
2026-07-29T16:02:29.406650+00:00,customers-service,customers-service-68987c986f-cpzz4,2026-07-29T16:01:51.847947+00:00,DEBUG,99aa30043f688aac,f9ef26a54dff850a,nio-8080-exec-9,o.s.web.servlet.DispatcherServlet,"GET ""/owners"", parameters={}"
2026-07-29T16:02:29.406650+00:00,customers-service,customers-service-68987c986f-cpzz4,2026-07-29T16:01:51.095725+00:00,DEBUG,c621a8e9c23416b4,83bf2be2c4c0e259,nio-8080-exec-3,o.s.web.servlet.DispatcherServlet,Completed 200 OK
2026-07-29T16:02:29.406650+00:00,customers-service,customers-service-68987c986f-cpzz4,2026-07-29T16:01:50.845517+00:00,DEBUG,c621a8e9c23416b4,ec6fa8e8da61eec8,nio-8080-exec-3,o.s.web.servlet.DispatcherServlet,"GET ""/owners/1"", parameters={}"
2026-07-29T16:02:29.406650+00:00,customers-service,customers-service-68987c986f-cpzz4,2026-07-29T16:01:50.594909+00:00,DEBUG,fb0c3927412973ec,769e1f5899827f80,io-8080-exec-13,o.s.web.servlet.DispatcherServlet,Completed 200 OK
2026-07-29T16:02:29.406650+00:00,customers-service,customers-service-68987c986f-cpzz4,2026-07-29T16:01:50.344075+00:00,DEBUG,fb0c3927412973ec,5c23c29ba8f5f097,io-8080-exec-13,o.s.web.servlet.DispatcherServlet,"GET ""/owners"", parameters={}"
2026-07-29T16:02:29.406650+00:00,customers-service,customers-service-68987c986f-cpzz4,2026-07-29T16:01:49.842336+00:00,DEBUG,7d1a7d48f86d1cf7,4ca32e4c4f3f3f29,io-8080-exec-17,o.s.web.servlet.DispatcherServlet,Completed 200 OK
2026-07-29T16:02:29.406650+00:00,customers-service,customers-service-68987c986f-cpzz4,2026-07-29T16:01:49.842332+00:00,DEBUG,7d1a7d48f86d1cf7,cd0415d6128c1756,io-8080-exec-17,o.s.web.servlet.DispatcherServlet,"GET ""/owners/1"", parameters={}"
2026-07-29T16:02:29.406650+00:00,customers-service,customers-service-68987c986f-cpzz4,2026-07-29T16:01:48.588272+00:00,DEBUG,d27985156b64e3b0,edba0d28eaff9209,nio-8080-exec-7,o.s.web.servlet.DispatcherServlet,Completed 200 OK
2026-07-29T16:02:29.406650+00:00,customers-service,customers-service-68987c986f-cpzz4,2026-07-29T16:01:48.336885+00:00,DEBUG,d27985156b64e3b0,6b57a84f62050e38,nio-8080-exec-7,o.s.web.servlet.DispatcherServlet,"GET ""/owners"", parameters={}"
2026-07-29T16:02:29.406650+00:00,customers-service,customers-service-68987c986f-cpzz4,2026-07-29T16:01:47.583811+00:00,DEBUG,eb4c3c550607c077,5899fc94d2ce9f7a,io-8080-exec-10,o.s.web.servlet.DispatcherServlet,Completed 200 OK
2026-07-29T16:02:29.406650+00:00,customers-service,customers-service-68987c986f-cpzz4,2026-07-29T16:01:47.583807+00:00,DEBUG,eb4c3c550607c077,5341e01577e0424b,io-8080-exec-10,o.s.web.servlet.DispatcherServlet,"GET ""/owners/1"", parameters={}"
2026-07-29T16:02:29.406650+00:00,customers-service,customers-service-68987c986f-cpzz4,2026-07-29T16:01:47.332752+00:00,DEBUG,c88caeda35b01c9b,58ca84e3814f39ae,io-8080-exec-23,o.s.web.servlet.DispatcherServlet,Completed 200 OK
2026-07-29T16:02:29.406650+00:00,customers-service,customers-service-68987c986f-cpzz4,2026-07-29T16:01:47.332749+00:00,DEBUG,c88caeda35b01c9b,47c8823344020b02,io-8080-exec-23,o.s.web.servlet.DispatcherServlet,"GET ""/owners/1"", parameters={}"
2026-07-29T16:02:29.406650+00:00,customers-service,customers-service-68987c986f-cpzz4,2026-07-29T16:01:47.081940+00:00,DEBUG,6243d4ee47f3ff2b,83a0d38a719b1acf,io-8080-exec-14,o.s.web.servlet.DispatcherServlet,Completed 200 OK
2026-07-29T16:02:29.406650+00:00,customers-service,customers-service-68987c986f-cpzz4,2026-07-29T16:01:46.831658+00:00,DEBUG,6243d4ee47f3ff2b,296279b695d34f40,io-8080-exec-14,o.s.web.servlet.DispatcherServlet,"GET ""/owners/1"", parameters={}"
2026-07-29T16:02:29.406650+00:00,customers-service,customers-service-68987c986f-cpzz4,2026-07-29T16:01:46.831552+00:00,DEBUG,51363f0afd8b7b8c,51363f0afd8b7b8c,nio-8080-exec-6,o.s.web.servlet.DispatcherServlet,Completed 200 OK
2026-07-29T16:02:29.406650+00:00,customers-service,customers-service-68987c986f-cpzz4,2026-07-29T16:01:46.831517+00:00,DEBUG,b728fda8fbb29862,f43f2ace37c4d000,nio-8080-exec-8,o.s.web.servlet.DispatcherServlet,Completed 200 OK
2026-07-29T16:02:29.406650+00:00,customers-service,customers-service-68987c986f-cpzz4,2026-07-29T16:01:46.580123+00:00,DEBUG,b728fda8fbb29862,f88cc1da880f5392,nio-8080-exec-8,o.s.web.servlet.DispatcherServlet,"GET ""/owners"", parameters={}"
2026-07-29T16:02:29.406650+00:00,customers-service,customers-service-68987c986f-cpzz4,2026-07-29T16:01:46.328954+00:00,DEBUG,99dc44265f894365,99dc44265f894365,nio-8080-exec-9,o.s.web.servlet.DispatcherServlet,Completed 200 OK
2026-07-29T16:02:29.406650+00:00,customers-service,customers-service-68987c986f-cpzz4,2026-07-29T16:01:46.078124+00:00,DEBUG,4ffd7a615286b0c2,2f6f263f62db1424,nio-8080-exec-3,o.s.web.servlet.DispatcherServlet,Completed 200 OK
2026-07-29T16:02:29.406650+00:00,customers-service,customers-service-68987c986f-cpzz4,2026-07-29T16:01:46.078120+00:00,DEBUG,4ffd7a615286b0c2,7ad6064d50151227,nio-8080-exec-3,o.s.web.servlet.DispatcherServlet,"GET ""/owners/1"", parameters={}"
2026-07-29T16:02:29.406650+00:00,customers-service,customers-service-68987c986f-cpzz4,2026-07-29T16:01:45.577410+00:00,DEBUG,8e545260f0a41b85,40ab053f76458f54,io-8080-exec-13,o.s.web.servlet.DispatcherServlet,Completed 200 OK
2026-07-29T16:02:29.406650+00:00,customers-service,customers-service-68987c986f-cpzz4,2026-07-29T16:01:45.577407+00:00,DEBUG,8e545260f0a41b85,cfe45cea110e30ca,io-8080-exec-13,o.s.web.servlet.DispatcherServlet,"GET ""/owners/1"", parameters={}"
2026-07-29T16:02:29.406650+00:00,customers-service,customers-service-68987c986f-cpzz4,2026-07-29T16:01:45.326098+00:00,DEBUG,e611a3514ed9e295,fea92229fbd5783a,io-8080-exec-17,o.s.web.servlet.DispatcherServlet,Completed 200 OK
2026-07-29T16:02:29.406650+00:00,customers-service,customers-service-68987c986f-cpzz4,2026-07-29T16:01:45.326097+00:00,DEBUG,e611a3514ed9e295,3f5ee97e7207b05b,io-8080-exec-17,o.s.web.servlet.DispatcherServlet,"GET ""/owners"", parameters={}"
2026-07-29T16:02:29.406650+00:00,customers-service,customers-service-68987c986f-cpzz4,2026-07-29T16:01:44.824284+00:00,DEBUG,ca4e947ef8208905,d4f342e92cba69e4,nio-8080-exec-7,o.s.web.servlet.DispatcherServlet,Completed 200 OK
2026-07-29T16:02:29.406650+00:00,customers-service,customers-service-68987c986f-cpzz4,2026-07-29T16:01:44.824280+00:00,DEBUG,ca4e947ef8208905,0c69230da90e8504,nio-8080-exec-7,o.s.web.servlet.DispatcherServlet,"GET ""/owners/1"", parameters={}"
2026-07-29T16:02:29.406650+00:00,customers-service,customers-service-68987c986f-cpzz4,2026-07-29T16:01:44.573604+00:00,DEBUG,eb2a47e28ba052bb,b33f9e024f54f26a,io-8080-exec-10,o.s.web.servlet.DispatcherServlet,Completed 200 OK
2026-07-29T16:02:29.406650+00:00,customers-service,customers-service-68987c986f-cpzz4,2026-07-29T16:01:44.323061+00:00,DEBUG,eb2a47e28ba052bb,51f73b2415bb8d0b,io-8080-exec-10,o.s.web.servlet.DispatcherServlet,"GET ""/owners/1"", parameters={}"
2026-07-29T16:02:29.406650+00:00,customers-service,customers-service-68987c986f-cpzz4,2026-07-29T16:01:43.570967+00:00,DEBUG,9d0404284fc56e39,7193999af60beb99,io-8080-exec-23,o.s.web.servlet.DispatcherServlet,Completed 200 OK
2026-07-29T16:02:29.406650+00:00,customers-service,customers-service-68987c986f-cpzz4,2026-07-29T16:01:43.319989+00:00,DEBUG,9d0404284fc56e39,4874741edcc48306,io-8080-exec-23,o.s.web.servlet.DispatcherServlet,"GET ""/owners"", parameters={}"
2026-07-29T16:02:29.406650+00:00,customers-service,customers-service-68987c986f-cpzz4,2026-07-29T16:01:43.068910+00:00,DEBUG,4398473487c48f93,303c1e5bd21a3bbe,io-8080-exec-14,o.s.web.servlet.DispatcherServlet,Completed 200 OK
2026-07-29T16:02:29.406650+00:00,customers-service,customers-service-68987c986f-cpzz4,2026-07-29T16:01:42.818208+00:00,DEBUG,4398473487c48f93,1efee2048d9aab53,io-8080-exec-14,o.s.web.servlet.DispatcherServlet,"GET ""/owners"", parameters={}"
2026-07-29T16:02:29.406650+00:00,customers-service,customers-service-68987c986f-cpzz4,2026-07-29T16:01:42.065290+00:00,DEBUG,7a97925e802dafec,b89363c1cbc34bb0,nio-8080-exec-6,o.s.web.servlet.DispatcherServlet,Completed 200 OK
2026-07-29T16:02:29.406650+00:00,customers-service,customers-service-68987c986f-cpzz4,2026-07-29T16:01:42.065287+00:00,DEBUG,7a97925e802dafec,421b72ca4b65ae2d,nio-8080-exec-6,o.s.web.servlet.DispatcherServlet,"GET ""/owners/1"", parameters={}"
2026-07-29T16:02:29.406650+00:00,customers-service,customers-service-68987c986f-cpzz4,2026-07-29T16:01:41.312575+00:00,DEBUG,f5024cfa508e649e,097811efd7bd577c,nio-8080-exec-8,o.s.web.servlet.DispatcherServlet,Completed 200 OK
2026-07-29T16:02:29.406650+00:00,customers-service,customers-service-68987c986f-cpzz4,2026-07-29T16:01:41.312549+00:00,DEBUG,c47b2851ae786623,c47b2851ae786623,nio-8080-exec-9,o.s.web.servlet.DispatcherServlet,Completed 200 OK
2026-07-29T16:02:29.406650+00:00,customers-service,customers-service-68987c986f-cpzz4,2026-07-29T16:01:41.061594+00:00,DEBUG,f5024cfa508e649e,15b043251e96e7cc,nio-8080-exec-8,o.s.web.servlet.DispatcherServlet,"GET ""/owners"", parameters={}"
2026-07-29T16:02:29.406650+00:00,customers-service,customers-service-68987c986f-cpzz4,2026-07-29T16:01:41.061590+00:00,DEBUG,a95a3dadb28fdeed,3af0a75307c4c45f,nio-8080-exec-3,o.s.web.servlet.DispatcherServlet,Completed 200 OK
2026-07-29T16:02:29.406650+00:00,customers-service,customers-service-68987c986f-cpzz4,2026-07-29T16:01:40.811414+00:00,DEBUG,a95a3dadb28fdeed,e3abfce9068f2297,nio-8080-exec-3,o.s.web.servlet.DispatcherServlet,"GET ""/owners"", parameters={}"
2026-07-29T16:02:29.406650+00:00,customers-service,customers-service-68987c986f-cpzz4,2026-07-29T16:01:40.561189+00:00,DEBUG,317e70221ce19e2d,679f50fcc9976252,io-8080-exec-13,o.s.web.servlet.DispatcherServlet,Completed 200 OK
2026-07-29T16:02:29.406650+00:00,customers-service,customers-service-68987c986f-cpzz4,2026-07-29T16:01:40.561185+00:00,DEBUG,317e70221ce19e2d,50a340e81c1b4537,io-8080-exec-13,o.s.web.servlet.DispatcherServlet,"GET ""/owners/1"", parameters={}"
2026-07-29T16:02:29.406650+00:00,customers-service,customers-service-68987c986f-cpzz4,2026-07-29T16:01:39.557618+00:00,DEBUG,0f1ea40380027e1d,674626c5549a1c2a,io-8080-exec-17,o.s.web.servlet.DispatcherServlet,Completed 200 OK
2026-07-29T16:02:29.406650+00:00,customers-service,customers-service-68987c986f-cpzz4,2026-07-29T16:01:39.557614+00:00,DEBUG,0f1ea40380027e1d,e66a9b7ee0478463,io-8080-exec-17,o.s.web.servlet.DispatcherServlet,"GET ""/owners"", parameters={}"
2026-07-29T16:02:29.406650+00:00,customers-service,customers-service-68987c986f-cpzz4,2026-07-29T16:01:39.055913+00:00,DEBUG,1e16670cf7d8a13e,8cbaa7eda371b6fd,nio-8080-exec-7,o.s.web.servlet.DispatcherServlet,Completed 200 OK
2026-07-29T16:02:29.406650+00:00,customers-service,customers-service-68987c986f-cpzz4,2026-07-29T16:01:38.805307+00:00,DEBUG,1e16670cf7d8a13e,f23a19bd69f2d4d1,nio-8080-exec-7,o.s.web.servlet.DispatcherServlet,"GET ""/owners"", parameters={}"
2026-07-29T16:02:29.406650+00:00,customers-service,customers-service-68987c986f-cpzz4,2026-07-29T16:01:37.804210+00:00,DEBUG,175c86c58b47543a,c05ab8049da91638,io-8080-exec-10,o.s.web.servlet.DispatcherServlet,Completed 200 OK
2026-07-29T16:02:29.406650+00:00,customers-service,customers-service-68987c986f-cpzz4,2026-07-29T16:01:37.804206+00:00,DEBUG,175c86c58b47543a,856004d355aa7091,io-8080-exec-10,o.s.web.servlet.DispatcherServlet,"GET ""/owners/1"", parameters={}"
2026-07-29T16:02:29.406650+00:00,customers-service,customers-service-68987c986f-cpzz4,2026-07-29T16:01:37.553039+00:00,DEBUG,27faecd588718493,851fc2c6e4c7e460,io-8080-exec-23,o.s.web.servlet.DispatcherServlet,Completed 200 OK
2026-07-29T16:02:29.406650+00:00,customers-service,customers-service-68987c986f-cpzz4,2026-07-29T16:01:37.553035+00:00,DEBUG,27faecd588718493,992856272e7be0b9,io-8080-exec-23,o.s.web.servlet.DispatcherServlet,"GET ""/owners/1"", parameters={}"
2026-07-29T16:02:29.406650+00:00,customers-service,customers-service-68987c986f-cpzz4,2026-07-29T16:01:36.550005+00:00,DEBUG,4fb9bc1bfd4a0191,1941c1988c1efdce,io-8080-exec-14,o.s.web.servlet.DispatcherServlet,Completed 200 OK
2026-07-29T16:02:29.406650+00:00,customers-service,customers-service-68987c986f-cpzz4,2026-07-29T16:01:36.550001+00:00,DEBUG,4fb9bc1bfd4a0191,5ea832ee8da7fb58,io-8080-exec-14,o.s.web.servlet.DispatcherServlet,"GET ""/owners/1"", parameters={}"
2026-07-29T16:02:29.406650+00:00,customers-service,customers-service-68987c986f-cpzz4,2026-07-29T16:01:36.299604+00:00,DEBUG,55a3896a5aa91c36,7853be30931d3d53,nio-8080-exec-6,o.s.web.servlet.DispatcherServlet,Completed 200 OK
2026-07-29T16:02:29.406650+00:00,customers-service,customers-service-68987c986f-cpzz4,2026-07-29T16:01:36.049416+00:00,DEBUG,55a3896a5aa91c36,a5c44197aaa0634a,nio-8080-exec-6,o.s.web.servlet.DispatcherServlet,"GET ""/owners"", parameters={}"
2026-07-29T16:02:29.406650+00:00,customers-service,customers-service-68987c986f-cpzz4,2026-07-29T16:01:33.043147+00:00,DEBUG,c0ee6a727ed4c045,62bbcf601d3b62bc,nio-8080-exec-9,o.s.web.servlet.DispatcherServlet,Completed 200 OK
2026-07-29T16:02:29.406650+00:00,customers-service,customers-service-68987c986f-cpzz4,2026-07-29T16:01:33.043143+00:00,DEBUG,c0ee6a727ed4c045,4a0642e0288fdb43,nio-8080-exec-9,o.s.web.servlet.DispatcherServlet,"GET ""/owners"", parameters={}"
2026-07-29T16:02:29.406650+00:00,customers-service,customers-service-68987c986f-cpzz4,2026-07-29T16:01:32.541104+00:00,DEBUG,11433b31602a8c74,ccbd73002c633293,nio-8080-exec-8,o.s.web.servlet.DispatcherServlet,Completed 200 OK
2026-07-29T16:02:29.406650+00:00,customers-service,customers-service-68987c986f-cpzz4,2026-07-29T16:01:32.541100+00:00,DEBUG,11433b31602a8c74,80937f62cf85738a,nio-8080-exec-8,o.s.web.servlet.DispatcherServlet,"GET ""/owners/1"", parameters={}"
2026-07-29T16:02:29.406650+00:00,customers-service,customers-service-68987c986f-cpzz4,2026-07-29T16:01:31.288367+00:00,DEBUG,b6b0f116976182b6,b6b0f116976182b6,nio-8080-exec-3,o.s.web.servlet.DispatcherServlet,Completed 200 OK
2026-07-29T16:02:29.406650+00:00,customers-service,customers-service-68987c986f-cpzz4,2026-07-29T16:01:31.037599+00:00,DEBUG,615e86f311ae5fab,a12c0decb29caeb8,io-8080-exec-13,o.s.web.servlet.DispatcherServlet,Completed 200 OK
2026-07-29T16:02:29.406650+00:00,customers-service,customers-service-68987c986f-cpzz4,2026-07-29T16:01:29.783259+00:00,DEBUG,615e86f311ae5fab,5d0a7966a4fd8f81,io-8080-exec-13,o.s.web.servlet.DispatcherServlet,"GET ""/owners"", parameters={}"
2026-07-29T16:02:29.406650+00:00,customers-service,customers-service-68987c986f-cpzz4,2026-07-29T16:01:29.532049+00:00,DEBUG,2877014e558a2792,8072c16791af2001,io-8080-exec-17,o.s.web.servlet.DispatcherServlet,Completed 200 OK
2026-07-29T16:02:29.406650+00:00,customers-service,customers-service-68987c986f-cpzz4,2026-07-29T16:01:29.281693+00:00,DEBUG,2877014e558a2792,6ed596b9fc9d6854,io-8080-exec-17,o.s.web.servlet.DispatcherServlet,"GET ""/owners/1"", parameters={}"
2026-07-29T16:02:29.406650+00:00,customers-service,customers-service-68987c986f-cpzz4,2026-07-29T16:01:28.530580+00:00,DEBUG,54a501caa8ab0e60,40b13ad653b2dba8,nio-8080-exec-7,o.s.web.servlet.DispatcherServlet,Completed 200 OK
2026-07-29T16:02:29.406650+00:00,customers-service,customers-service-68987c986f-cpzz4,2026-07-29T16:01:28.279748+00:00,DEBUG,54a501caa8ab0e60,89225c15ec00aece,nio-8080-exec-7,o.s.web.servlet.DispatcherServlet,"GET ""/owners/1"", parameters={}"
2026-07-29T16:02:29.406650+00:00,customers-service,customers-service-68987c986f-cpzz4,2026-07-29T16:01:27.276030+00:00,DEBUG,10d035eceba54d1c,936addcdff1b3cbe,io-8080-exec-10,o.s.web.servlet.DispatcherServlet,Completed 200 OK
2026-07-29T16:02:29.406650+00:00,customers-service,customers-service-68987c986f-cpzz4,2026-07-29T16:01:27.025822+00:00,DEBUG,10d035eceba54d1c,77bbf150dc5761ac,io-8080-exec-10,o.s.web.servlet.DispatcherServlet,"GET ""/owners"", parameters={}"
2026-07-29T16:02:29.406650+00:00,customers-service,customers-service-68987c986f-cpzz4,2026-07-29T16:01:26.775019+00:00,DEBUG,0aeb69e72e2d2142,6e44eabe4c17ea57,io-8080-exec-23,o.s.web.servlet.DispatcherServlet,Completed 200 OK
2026-07-29T16:02:29.406650+00:00,customers-service,customers-service-68987c986f-cpzz4,2026-07-29T16:01:26.775007+00:00,DEBUG,90e511eab78992ec,90e511eab78992ec,io-8080-exec-14,o.s.web.servlet.DispatcherServlet,Completed 200 OK
2026-07-29T16:02:29.406650+00:00,customers-service,customers-service-68987c986f-cpzz4,2026-07-29T16:01:26.774988+00:00,DEBUG,0aeb69e72e2d2142,ed72d96ed87e4be3,io-8080-exec-23,o.s.web.servlet.DispatcherServlet,"GET ""/owners/1"", parameters={}"
2026-07-29T16:02:29.406650+00:00,customers-service,customers-service-68987c986f-cpzz4,2026-07-29T16:01:26.274131+00:00,DEBUG,3148de5e3af32239,d0b35bf70d84a6bc,nio-8080-exec-6,o.s.web.servlet.DispatcherServlet,Completed 200 OK
2026-07-29T16:02:29.406650+00:00,customers-service,customers-service-68987c986f-cpzz4,2026-07-29T16:01:26.274105+00:00,DEBUG,47f3b0f7ace79e61,47f3b0f7ace79e61,nio-8080-exec-9,o.s.web.servlet.DispatcherServlet,Completed 200 OK
2026-07-29T16:02:29.406650+00:00,customers-service,customers-service-68987c986f-cpzz4,2026-07-29T16:01:26.023568+00:00,DEBUG,3148de5e3af32239,d4741a45ab1de918,nio-8080-exec-6,o.s.web.servlet.DispatcherServlet,"GET ""/owners"", parameters={}"
2026-07-29T16:02:29.406650+00:00,customers-service,customers-service-68987c986f-cpzz4,2026-07-29T16:01:25.772316+00:00,DEBUG,5605344dd2413b43,5a251ad795de7740,nio-8080-exec-8,o.s.web.servlet.DispatcherServlet,Completed 200 OK
2026-07-29T16:02:29.406650+00:00,customers-service,customers-service-68987c986f-cpzz4,2026-07-29T16:01:25.772312+00:00,DEBUG,5605344dd2413b43,855743f462fd85c7,nio-8080-exec-8,o.s.web.servlet.DispatcherServlet,"GET ""/owners/1"", parameters={}"
2026-07-29T16:02:29.406650+00:00,customers-service,customers-service-68987c986f-ctsnj,2026-07-29T16:02:28.524216+00:00,DEBUG,e7945941a9bd3ec2,860b1f4e4af864ac,nio-8080-exec-9,o.s.web.servlet.DispatcherServlet,Completed 200 OK
2026-07-29T16:02:29.406650+00:00,customers-service,customers-service-68987c986f-ctsnj,2026-07-29T16:02:28.524180+00:00,DEBUG,e7945941a9bd3ec2,184ff5d9a9b11888,nio-8080-exec-9,o.s.web.servlet.DispatcherServlet,"GET ""/owners/1"", parameters={}"
2026-07-29T16:02:29.406650+00:00,customers-service,customers-service-68987c986f-ctsnj,2026-07-29T16:02:28.524140+00:00,DEBUG,bd1136bb810828c9,14367614ef9f4dad,io-8080-exec-17,o.s.web.servlet.DispatcherServlet,Completed 200 OK
2026-07-29T16:02:29.406650+00:00,customers-service,customers-service-68987c986f-ctsnj,2026-07-29T16:02:28.524133+00:00,DEBUG,bd1136bb810828c9,ad628b5823037ab2,io-8080-exec-17,o.s.web.servlet.DispatcherServlet,"GET ""/owners/1"", parameters={}"
2026-07-29T16:02:29.406650+00:00,customers-service,customers-service-68987c986f-ctsnj,2026-07-29T16:02:26.265769+00:00,DEBUG,7db618c1302f3ee7,c044f56434ed4217,io-8080-exec-25,o.s.web.servlet.DispatcherServlet,Completed 200 OK
2026-07-29T16:02:29.406650+00:00,customers-service,customers-service-68987c986f-ctsnj,2026-07-29T16:02:26.265726+00:00,DEBUG,bb739dd95825e004,2b9351c78d812f7a,io-8080-exec-20,o.s.web.servlet.DispatcherServlet,Completed 200 OK
2026-07-29T16:02:29.406650+00:00,customers-service,customers-service-68987c986f-ctsnj,2026-07-29T16:02:26.265714+00:00,DEBUG,7db618c1302f3ee7,82eec0f721bed1cc,io-8080-exec-25,o.s.web.servlet.DispatcherServlet,"GET ""/owners/1"", parameters={}"
2026-07-29T16:02:29.406650+00:00,customers-service,customers-service-68987c986f-ctsnj,2026-07-29T16:02:26.015350+00:00,DEBUG,bb739dd95825e004,e8b70f8de7995c19,io-8080-exec-20,o.s.web.servlet.DispatcherServlet,"GET ""/owners"", parameters={}"
2026-07-29T16:02:29.406650+00:00,customers-service,customers-service-68987c986f-ctsnj,2026-07-29T16:02:25.764356+00:00,DEBUG,f512a0ff0ea041fb,f512a0ff0ea041fb,io-8080-exec-10,o.s.web.servlet.DispatcherServlet,Completed 200 OK
2026-07-29T16:02:29.406650+00:00,customers-service,customers-service-68987c986f-ctsnj,2026-07-29T16:02:25.011682+00:00,DEBUG,db1386404634ee9b,4f26265102c141da,io-8080-exec-32,o.s.web.servlet.DispatcherServlet,Completed 200 OK
2026-07-29T16:02:29.406650+00:00,customers-service,customers-service-68987c986f-ctsnj,2026-07-29T16:02:25.011678+00:00,DEBUG,db1386404634ee9b,f612a3acb8473319,io-8080-exec-32,o.s.web.servlet.DispatcherServlet,"GET ""/owners/1"", parameters={}"
2026-07-29T16:02:29.406650+00:00,customers-service,customers-service-68987c986f-ctsnj,2026-07-29T16:02:24.259887+00:00,DEBUG,961b324a82552a6a,aa5cf13716e67504,io-8080-exec-18,o.s.web.servlet.DispatcherServlet,Completed 200 OK
2026-07-29T16:02:29.406650+00:00,customers-service,customers-service-68987c986f-ctsnj,2026-07-29T16:02:24.259814+00:00,DEBUG,961b324a82552a6a,46966dd66dbe1a42,io-8080-exec-18,o.s.web.servlet.DispatcherServlet,"GET ""/owners/1"", parameters={}"
2026-07-29T16:02:29.406650+00:00,customers-service,customers-service-68987c986f-ctsnj,2026-07-29T16:02:23.004792+00:00,DEBUG,ae49fe1cabbdc1fc,7e391437eaf551e6,nio-8080-exec-3,o.s.web.servlet.DispatcherServlet,Completed 200 OK
2026-07-29T16:02:29.406650+00:00,customers-service,customers-service-68987c986f-ctsnj,2026-07-29T16:02:22.754125+00:00,DEBUG,dadd401fbdf51b33,9d2e80281163b15d,nio-8080-exec-2,o.s.web.servlet.DispatcherServlet,Completed 200 OK
2026-07-29T16:02:29.406650+00:00,customers-service,customers-service-68987c986f-ctsnj,2026-07-29T16:02:22.754119+00:00,DEBUG,ae49fe1cabbdc1fc,e2a0bda27e1a4556,nio-8080-exec-3,o.s.web.servlet.DispatcherServlet,"GET ""/owners"", parameters={}"
2026-07-29T16:02:29.406650+00:00,customers-service,customers-service-68987c986f-ctsnj,2026-07-29T16:02:22.502929+00:00,DEBUG,dadd401fbdf51b33,0c0d8ba88990e61a,nio-8080-exec-2,o.s.web.servlet.DispatcherServlet,"GET ""/owners"", parameters={}"
2026-07-29T16:02:29.406650+00:00,customers-service,customers-service-68987c986f-ctsnj,2026-07-29T16:02:22.001889+00:00,DEBUG,1f9c38ad00eb621d,1f9c38ad00eb621d,nio-8080-exec-5,o.s.web.servlet.DispatcherServlet,Completed 200 OK
2026-07-29T16:02:29.406650+00:00,customers-service,customers-service-68987c986f-ctsnj,2026-07-29T16:02:20.998717+00:00,DEBUG,9257ab8cae47ac65,0ff2d1b45f6c8829,io-8080-exec-13,o.s.web.servlet.DispatcherServlet,Completed 200 OK
2026-07-29T16:02:29.406650+00:00,customers-service,customers-service-68987c986f-ctsnj,2026-07-29T16:02:20.998709+00:00,DEBUG,9257ab8cae47ac65,71902b0e923fbc44,io-8080-exec-13,o.s.web.servlet.DispatcherServlet,"GET ""/owners/1"", parameters={}"
2026-07-29T16:02:29.406650+00:00,customers-service,customers-service-68987c986f-ctsnj,2026-07-29T16:02:20.748082+00:00,DEBUG,5f9892fc2466910a,5f9892fc2466910a,nio-8080-exec-9,o.s.web.servlet.DispatcherServlet,Completed 200 OK
2026-07-29T16:02:29.406650+00:00,customers-service,customers-service-68987c986f-ctsnj,2026-07-29T16:02:20.748035+00:00,DEBUG,b6cc49fdf262f9d0,8179829c190bbd1a,io-8080-exec-17,o.s.web.servlet.DispatcherServlet,Completed 200 OK
2026-07-29T16:02:29.406650+00:00,customers-service,customers-service-68987c986f-ctsnj,2026-07-29T16:02:20.496945+00:00,DEBUG,b6cc49fdf262f9d0,32c8717d5fa8bec4,io-8080-exec-17,o.s.web.servlet.DispatcherServlet,"GET ""/owners/1"", parameters={}"
2026-07-29T16:02:29.406650+00:00,customers-service,customers-service-68987c986f-ctsnj,2026-07-29T16:02:19.745102+00:00,DEBUG,4601240ac83fadc2,202a61db0571618e,io-8080-exec-25,o.s.web.servlet.DispatcherServlet,Completed 200 OK
2026-07-29T16:02:29.406650+00:00,customers-service,customers-service-68987c986f-ctsnj,2026-07-29T16:02:19.494495+00:00,DEBUG,91509577db1a346c,192cb7e0ae0f33b3,io-8080-exec-20,o.s.web.servlet.DispatcherServlet,Completed 200 OK
2026-07-29T16:02:29.406650+00:00,customers-service,customers-service-68987c986f-ctsnj,2026-07-29T16:02:19.494465+00:00,DEBUG,4601240ac83fadc2,0c57f9c3ece0b3c5,io-8080-exec-25,o.s.web.servlet.DispatcherServlet,"GET ""/owners"", parameters={}"
2026-07-29T16:02:29.406650+00:00,customers-service,customers-service-68987c986f-ctsnj,2026-07-29T16:02:19.494460+00:00,DEBUG,91509577db1a346c,fdf496ea8e901318,io-8080-exec-20,o.s.web.servlet.DispatcherServlet,"GET ""/owners"", parameters={}"
2026-07-29T16:02:29.406650+00:00,customers-service,customers-service-68987c986f-ctsnj,2026-07-29T16:02:18.241299+00:00,DEBUG,e36449b04c1e445d,a6d6b43fb5a20824,io-8080-exec-10,o.s.web.servlet.DispatcherServlet,Completed 200 OK
2026-07-29T16:02:29.406650+00:00,customers-service,customers-service-68987c986f-ctsnj,2026-07-29T16:02:17.991256+00:00,DEBUG,748a333ec5838c3f,eaf6124c495cb4d1,io-8080-exec-32,o.s.web.servlet.DispatcherServlet,Completed 200 OK
2026-07-29T16:02:29.406650+00:00,customers-service,customers-service-68987c986f-ctsnj,2026-07-29T16:02:17.991120+00:00,DEBUG,e36449b04c1e445d,1fe84b69ca79d0e5,io-8080-exec-10,o.s.web.servlet.DispatcherServlet,"GET ""/owners"", parameters={}"
2026-07-29T16:02:29.406650+00:00,customers-service,customers-service-68987c986f-ctsnj,2026-07-29T16:02:17.991092+00:00,DEBUG,748a333ec5838c3f,5c9f10ead7a4df7b,io-8080-exec-32,o.s.web.servlet.DispatcherServlet,"GET ""/owners"", parameters={}"
2026-07-29T16:02:29.406650+00:00,customers-service,customers-service-68987c986f-ctsnj,2026-07-29T16:02:16.737305+00:00,DEBUG,fc74c74923c98264,a3254e66ca3c3b17,io-8080-exec-18,o.s.web.servlet.DispatcherServlet,Completed 200 OK
2026-07-29T16:02:29.406650+00:00,customers-service,customers-service-68987c986f-ctsnj,2026-07-29T16:02:16.737299+00:00,DEBUG,c9b73cef2b543130,c005428a0d1cb296,nio-8080-exec-3,o.s.web.servlet.DispatcherServlet,Completed 200 OK
2026-07-29T16:02:29.406650+00:00,customers-service,customers-service-68987c986f-ctsnj,2026-07-29T16:02:16.486590+00:00,DEBUG,fc74c74923c98264,1c8b8e3b21658691,io-8080-exec-18,o.s.web.servlet.DispatcherServlet,"GET ""/owners"", parameters={}"
2026-07-29T16:02:29.406650+00:00,customers-service,customers-service-68987c986f-ctsnj,2026-07-29T16:02:16.486586+00:00,DEBUG,c9b73cef2b543130,fae88ffad5f03a18,nio-8080-exec-3,o.s.web.servlet.DispatcherServlet,"GET ""/owners"", parameters={}"
2026-07-29T16:02:29.406650+00:00,customers-service,customers-service-68987c986f-ctsnj,2026-07-29T16:02:14.982537+00:00,DEBUG,4e0acb8bf29c387c,a375548f7886ea70,nio-8080-exec-2,o.s.web.servlet.DispatcherServlet,Completed 200 OK
2026-07-29T16:02:29.406650+00:00,customers-service,customers-service-68987c986f-ctsnj,2026-07-29T16:02:14.982533+00:00,DEBUG,4e0acb8bf29c387c,5ace35d7661c039f,nio-8080-exec-2,o.s.web.servlet.DispatcherServlet,"GET ""/owners"", parameters={}"
2026-07-29T16:02:29.406650+00:00,customers-service,customers-service-68987c986f-ctsnj,2026-07-29T16:02:14.731510+00:00,DEBUG,12ecc45751c116eb,ef90605743c80170,nio-8080-exec-5,o.s.web.servlet.DispatcherServlet,Completed 200 OK
2026-07-29T16:02:29.406650+00:00,customers-service,customers-service-68987c986f-ctsnj,2026-07-29T16:02:14.731504+00:00,DEBUG,12ecc45751c116eb,b30a1334675661eb,nio-8080-exec-5,o.s.web.servlet.DispatcherServlet,"GET ""/owners/1"", parameters={}"
2026-07-29T16:02:29.406650+00:00,customers-service,customers-service-68987c986f-ctsnj,2026-07-29T16:02:13.479093+00:00,DEBUG,ee4e623f5a989732,541325145c1ae532,io-8080-exec-13,o.s.web.servlet.DispatcherServlet,Completed 200 OK
2026-07-29T16:02:29.406650+00:00,customers-service,customers-service-68987c986f-ctsnj,2026-07-29T16:02:13.479022+00:00,DEBUG,ee4e623f5a989732,af9dc0279834a4c8,io-8080-exec-13,o.s.web.servlet.DispatcherServlet,"GET ""/owners/1"", parameters={}"
2026-07-29T16:02:29.406650+00:00,customers-service,customers-service-68987c986f-ctsnj,2026-07-29T16:02:13.227731+00:00,DEBUG,ec02a0b3c038eb03,5a2fee1df8c73977,nio-8080-exec-9,o.s.web.servlet.DispatcherServlet,Completed 200 OK
2026-07-29T16:02:29.406650+00:00,customers-service,customers-service-68987c986f-ctsnj,2026-07-29T16:02:12.976895+00:00,DEBUG,ec02a0b3c038eb03,1a871c01897cfc54,nio-8080-exec-9,o.s.web.servlet.DispatcherServlet,"GET ""/owners"", parameters={}"
2026-07-29T16:02:29.406650+00:00,customers-service,customers-service-68987c986f-ctsnj,2026-07-29T16:02:11.973230+00:00,DEBUG,562051d6257b47dc,e005dd82cca93295,io-8080-exec-17,o.s.web.servlet.DispatcherServlet,Completed 200 OK
2026-07-29T16:02:29.406650+00:00,customers-service,customers-service-68987c986f-ctsnj,2026-07-29T16:02:11.722552+00:00,DEBUG,562051d6257b47dc,2d5499fa8f7ee084,io-8080-exec-17,o.s.web.servlet.DispatcherServlet,"GET ""/owners"", parameters={}"
2026-07-29T16:02:29.406650+00:00,customers-service,customers-service-68987c986f-ctsnj,2026-07-29T16:02:11.471900+00:00,DEBUG,d6ff9a04f1b375d0,32bebb8e0cd45109,io-8080-exec-25,o.s.web.servlet.DispatcherServlet,Completed 200 OK
2026-07-29T16:02:29.406650+00:00,customers-service,customers-service-68987c986f-ctsnj,2026-07-29T16:02:11.471890+00:00,DEBUG,d6ff9a04f1b375d0,0492bcfd842b1d9c,io-8080-exec-25,o.s.web.servlet.DispatcherServlet,"GET ""/owners"", parameters={}"
2026-07-29T16:02:29.406650+00:00,customers-service,customers-service-68987c986f-ctsnj,2026-07-29T16:02:10.969784+00:00,DEBUG,4d438da06bb55ce5,4d438da06bb55ce5,io-8080-exec-20,o.s.web.servlet.DispatcherServlet,Completed 200 OK
2026-07-29T16:02:29.406650+00:00,customers-service,customers-service-68987c986f-ctsnj,2026-07-29T16:02:10.469077+00:00,DEBUG,a761658496dd97c6,46e2e8b336dfdd01,io-8080-exec-10,o.s.web.servlet.DispatcherServlet,Completed 200 OK
2026-07-29T16:02:29.406650+00:00,customers-service,customers-service-68987c986f-ctsnj,2026-07-29T16:02:10.217992+00:00,DEBUG,a761658496dd97c6,1d915ad20db9043e,io-8080-exec-10,o.s.web.servlet.DispatcherServlet,"GET ""/owners"", parameters={}"
2026-07-29T16:02:29.406650+00:00,customers-service,customers-service-68987c986f-ctsnj,2026-07-29T16:02:09.967237+00:00,DEBUG,fc4d0a1fb8ef83b7,f3ccec9cd589ea72,io-8080-exec-32,o.s.web.servlet.DispatcherServlet,Completed 200 OK
2026-07-29T16:02:29.406650+00:00,customers-service,customers-service-68987c986f-ctsnj,2026-07-29T16:02:09.967232+00:00,DEBUG,fc4d0a1fb8ef83b7,a33f1b448821255f,io-8080-exec-32,o.s.web.servlet.DispatcherServlet,"GET ""/owners/1"", parameters={}"
2026-07-29T16:02:29.406650+00:00,customers-service,customers-service-68987c986f-ctsnj,2026-07-29T16:02:09.214117+00:00,DEBUG,bd51b60aea2a9d5c,13d452e65905051c,io-8080-exec-18,o.s.web.servlet.DispatcherServlet,Completed 200 OK
2026-07-29T16:02:29.406650+00:00,customers-service,customers-service-68987c986f-ctsnj,2026-07-29T16:02:09.214111+00:00,DEBUG,bd51b60aea2a9d5c,0becfb0d6804a8ed,io-8080-exec-18,o.s.web.servlet.DispatcherServlet,"GET ""/owners/1"", parameters={}"
2026-07-29T16:02:29.406650+00:00,customers-service,customers-service-68987c986f-ctsnj,2026-07-29T16:02:08.963997+00:00,DEBUG,913311a079fc38e3,9cbebb4c24635855,nio-8080-exec-3,o.s.web.servlet.DispatcherServlet,Completed 200 OK
2026-07-29T16:02:29.406650+00:00,customers-service,customers-service-68987c986f-ctsnj,2026-07-29T16:02:08.713206+00:00,DEBUG,913311a079fc38e3,4f3c91294b85f9e9,nio-8080-exec-3,o.s.web.servlet.DispatcherServlet,"GET ""/owners"", parameters={}"
2026-07-29T16:02:29.406650+00:00,customers-service,customers-service-68987c986f-ctsnj,2026-07-29T16:02:07.707869+00:00,DEBUG,5f542eb769396ae0,f324f8fdc7424b59,nio-8080-exec-2,o.s.web.servlet.DispatcherServlet,Completed 200 OK
2026-07-29T16:02:29.406650+00:00,customers-service,customers-service-68987c986f-ctsnj,2026-07-29T16:02:07.707863+00:00,DEBUG,f99a6f570d2d6922,2b64dc74bd485901,nio-8080-exec-5,o.s.web.servlet.DispatcherServlet,Completed 200 OK
2026-07-29T16:02:29.406650+00:00,customers-service,customers-service-68987c986f-ctsnj,2026-07-29T16:02:07.457589+00:00,DEBUG,5f542eb769396ae0,b208618b45f4a4a0,nio-8080-exec-2,o.s.web.servlet.DispatcherServlet,"GET ""/owners/1"", parameters={}"
2026-07-29T16:02:29.406650+00:00,customers-service,customers-service-68987c986f-ctsnj,2026-07-29T16:02:07.457556+00:00,DEBUG,f99a6f570d2d6922,5f71f3c3efdea044,nio-8080-exec-5,o.s.web.servlet.DispatcherServlet,"GET ""/owners"", parameters={}"
2026-07-29T16:02:29.406650+00:00,customers-service,customers-service-68987c986f-ctsnj,2026-07-29T16:02:06.203906+00:00,DEBUG,b7eaa2c9679ae920,ad85888d9cbd0729,io-8080-exec-13,o.s.web.servlet.DispatcherServlet,Completed 200 OK
2026-07-29T16:02:29.406650+00:00,customers-service,customers-service-68987c986f-ctsnj,2026-07-29T16:02:05.952671+00:00,DEBUG,8a26b96729c32a8c,46af39f22357e8dd,nio-8080-exec-9,o.s.web.servlet.DispatcherServlet,Completed 200 OK
2026-07-29T16:02:29.406650+00:00,customers-service,customers-service-68987c986f-ctsnj,2026-07-29T16:02:05.701338+00:00,DEBUG,ef3dd791147adca2,ef3dd791147adca2,io-8080-exec-17,o.s.web.servlet.DispatcherServlet,Completed 200 OK
2026-07-29T16:02:29.406650+00:00,customers-service,customers-service-68987c986f-ctsnj,2026-07-29T16:02:05.701307+00:00,DEBUG,8a26b96729c32a8c,af98fd9b0566fe5b,nio-8080-exec-9,o.s.web.servlet.DispatcherServlet,"GET ""/owners/1"", parameters={}"
2026-07-29T16:02:29.406650+00:00,customers-service,customers-service-68987c986f-ctsnj,2026-07-29T16:02:05.199570+00:00,DEBUG,b7eaa2c9679ae920,f8386a1d975af27f,io-8080-exec-13,o.s.web.servlet.DispatcherServlet,"GET ""/owners"", parameters={}"
2026-07-29T16:02:29.406650+00:00,customers-service,customers-service-68987c986f-ctsnj,2026-07-29T16:02:04.949040+00:00,DEBUG,cbb1b6127d5f357b,ce14363ddfb74594,io-8080-exec-25,o.s.web.servlet.DispatcherServlet,Completed 200 OK
2026-07-29T16:02:29.406650+00:00,customers-service,customers-service-68987c986f-ctsnj,2026-07-29T16:02:04.697737+00:00,DEBUG,c04ccdcec1d947df,e29f04dcaf7c3680,io-8080-exec-20,o.s.web.servlet.DispatcherServlet,Completed 200 OK
2026-07-29T16:02:29.406650+00:00,customers-service,customers-service-68987c986f-ctsnj,2026-07-29T16:02:04.196345+00:00,DEBUG,cbb1b6127d5f357b,fd73b4202e0bf5d4,io-8080-exec-25,o.s.web.servlet.DispatcherServlet,"GET ""/owners"", parameters={}"
2026-07-29T16:02:29.406650+00:00,customers-service,customers-service-68987c986f-ctsnj,2026-07-29T16:02:03.694760+00:00,DEBUG,c04ccdcec1d947df,850d9dab7c48d195,io-8080-exec-20,o.s.web.servlet.DispatcherServlet,"GET ""/owners"", parameters={}"
2026-07-29T16:02:29.406650+00:00,customers-service,customers-service-68987c986f-ctsnj,2026-07-29T16:02:02.942498+00:00,DEBUG,3100808242adcf38,10d40b11d93aba66,io-8080-exec-10,o.s.web.servlet.DispatcherServlet,Completed 200 OK
2026-07-29T16:02:29.406650+00:00,customers-service,customers-service-68987c986f-ctsnj,2026-07-29T16:02:02.692325+00:00,DEBUG,3100808242adcf38,cb5ac12bd0cc4255,io-8080-exec-10,o.s.web.servlet.DispatcherServlet,"GET ""/owners/1"", parameters={}"
2026-07-29T16:02:29.406650+00:00,customers-service,customers-service-68987c986f-ctsnj,2026-07-29T16:02:02.191355+00:00,DEBUG,364fa6ae7e0e31d6,243c5a27eaf3a668,io-8080-exec-32,o.s.web.servlet.DispatcherServlet,Completed 200 OK
2026-07-29T16:02:29.406650+00:00,customers-service,customers-service-68987c986f-ctsnj,2026-07-29T16:02:01.940532+00:00,DEBUG,d7dae9f81cba3db4,d7dae9f81cba3db4,io-8080-exec-18,o.s.web.servlet.DispatcherServlet,Completed 200 OK
2026-07-29T16:02:29.406650+00:00,customers-service,customers-service-68987c986f-ctsnj,2026-07-29T16:02:01.940493+00:00,DEBUG,364fa6ae7e0e31d6,f8a7679293a69937,io-8080-exec-32,o.s.web.servlet.DispatcherServlet,"GET ""/owners/1"", parameters={}"
2026-07-29T16:02:29.406650+00:00,customers-service,customers-service-68987c986f-ctsnj,2026-07-29T16:02:01.187476+00:00,DEBUG,eda20eba84e49e4e,6dd386b340fca819,nio-8080-exec-3,o.s.web.servlet.DispatcherServlet,Completed 200 OK
2026-07-29T16:02:29.406650+00:00,customers-service,customers-service-68987c986f-ctsnj,2026-07-29T16:02:01.187470+00:00,DEBUG,eda20eba84e49e4e,6d246c308c6b5598,nio-8080-exec-3,o.s.web.servlet.DispatcherServlet,"GET ""/owners"", parameters={}"
2026-07-29T16:02:29.406650+00:00,customers-service,customers-service-68987c986f-ctsnj,2026-07-29T16:02:00.686478+00:00,DEBUG,f75a0da859a9f926,0d7d41eabde3cd0e,nio-8080-exec-2,o.s.web.servlet.DispatcherServlet,Completed 200 OK
2026-07-29T16:02:29.406650+00:00,customers-service,customers-service-68987c986f-ctsnj,2026-07-29T16:02:00.686472+00:00,DEBUG,f75a0da859a9f926,7b0af4b0451400bf,nio-8080-exec-2,o.s.web.servlet.DispatcherServlet,"GET ""/owners/1"", parameters={}"
2026-07-29T16:02:29.406650+00:00,customers-service,customers-service-68987c986f-ctsnj,2026-07-29T16:01:59.683074+00:00,DEBUG,79523a1e86e26047,abb8fc014575d11a,nio-8080-exec-5,o.s.web.servlet.DispatcherServlet,Completed 200 OK
2026-07-29T16:02:29.406650+00:00,customers-service,customers-service-68987c986f-ctsnj,2026-07-29T16:01:59.683055+00:00,DEBUG,79523a1e86e26047,bf7c5569a663cb37,nio-8080-exec-5,o.s.web.servlet.DispatcherServlet,"GET ""/owners"", parameters={}"
2026-07-29T16:02:29.406650+00:00,customers-service,customers-service-68987c986f-ctsnj,2026-07-29T16:01:59.181840+00:00,DEBUG,cabf72da1eef5c66,7f6b19cc1d3932b9,io-8080-exec-17,o.s.web.servlet.DispatcherServlet,Completed 200 OK
2026-07-29T16:02:29.406650+00:00,customers-service,customers-service-68987c986f-ctsnj,2026-07-29T16:01:59.181813+00:00,DEBUG,cabf72da1eef5c66,3a72d780f54c046a,io-8080-exec-17,o.s.web.servlet.DispatcherServlet,"GET ""/owners"", parameters={}"
2026-07-29T16:02:29.406650+00:00,customers-service,customers-service-68987c986f-ctsnj,2026-07-29T16:01:57.426957+00:00,DEBUG,3386299edf5ed9c1,eaadcfb83abe1e23,nio-8080-exec-9,o.s.web.servlet.DispatcherServlet,Completed 200 OK
2026-07-29T16:02:29.406650+00:00,customers-service,customers-service-68987c986f-ctsnj,2026-07-29T16:01:57.176375+00:00,DEBUG,3386299edf5ed9c1,1d284485e8fc4df7,nio-8080-exec-9,o.s.web.servlet.DispatcherServlet,"GET ""/owners/1"", parameters={}"
2026-07-29T16:02:29.406650+00:00,customers-service,customers-service-68987c986f-ctsnj,2026-07-29T16:01:57.176369+00:00,DEBUG,e52168fb13fd31b0,944bea294646724c,io-8080-exec-13,o.s.web.servlet.DispatcherServlet,Completed 200 OK
2026-07-29T16:02:29.406650+00:00,customers-service,customers-service-68987c986f-ctsnj,2026-07-29T16:01:56.925681+00:00,DEBUG,68f5da88be5657a2,023457967f752288,io-8080-exec-25,o.s.web.servlet.DispatcherServlet,Completed 200 OK
2026-07-29T16:02:29.406650+00:00,customers-service,customers-service-68987c986f-ctsnj,2026-07-29T16:01:56.675414+00:00,DEBUG,68f5da88be5657a2,5113fde00c11a5cc,io-8080-exec-25,o.s.web.servlet.DispatcherServlet,"GET ""/owners"", parameters={}"
2026-07-29T16:02:29.406650+00:00,customers-service,customers-service-68987c986f-ctsnj,2026-07-29T16:01:56.424661+00:00,DEBUG,e52168fb13fd31b0,4fc4bcf40de8e1b2,io-8080-exec-13,o.s.web.servlet.DispatcherServlet,"GET ""/owners"", parameters={}"
2026-07-29T16:02:29.406650+00:00,customers-service,customers-service-68987c986f-ctsnj,2026-07-29T16:01:55.923693+00:00,DEBUG,657862c5bfec5441,a9b42fc0bbbd15e3,io-8080-exec-20,o.s.web.servlet.DispatcherServlet,Completed 200 OK
2026-07-29T16:02:29.406650+00:00,customers-service,customers-service-68987c986f-ctsnj,2026-07-29T16:01:55.923658+00:00,DEBUG,953917390ce415ea,953917390ce415ea,io-8080-exec-10,o.s.web.servlet.DispatcherServlet,Completed 200 OK
2026-07-29T16:02:29.406650+00:00,customers-service,customers-service-68987c986f-ctsnj,2026-07-29T16:01:55.923631+00:00,DEBUG,1fb5e4728b6bf4a2,5d6613bd7d36254e,io-8080-exec-18,o.s.web.servlet.DispatcherServlet,Completed 200 OK
2026-07-29T16:02:29.406650+00:00,customers-service,customers-service-68987c986f-ctsnj,2026-07-29T16:01:54.670067+00:00,DEBUG,1fb5e4728b6bf4a2,192f921e76fe28dc,io-8080-exec-18,o.s.web.servlet.DispatcherServlet,"GET ""/owners/1"", parameters={}"
2026-07-29T16:02:29.406650+00:00,customers-service,customers-service-68987c986f-ctsnj,2026-07-29T16:01:54.670059+00:00,DEBUG,657862c5bfec5441,f1ac0e1d2d02d725,io-8080-exec-20,o.s.web.servlet.DispatcherServlet,"GET ""/owners/1"", parameters={}"
2026-07-29T16:02:29.406650+00:00,customers-service,customers-service-68987c986f-ctsnj,2026-07-29T16:01:54.419393+00:00,DEBUG,2c60f2d692421a3b,6542568bfb67358b,io-8080-exec-32,o.s.web.servlet.DispatcherServlet,Completed 200 OK
2026-07-29T16:02:29.406650+00:00,customers-service,customers-service-68987c986f-ctsnj,2026-07-29T16:01:54.419344+00:00,DEBUG,16aab4115fad43db,c6e6b19e8a4f2f62,nio-8080-exec-3,o.s.web.servlet.DispatcherServlet,Completed 200 OK
2026-07-29T16:02:29.406650+00:00,customers-service,customers-service-68987c986f-ctsnj,2026-07-29T16:01:53.918893+00:00,DEBUG,2c60f2d692421a3b,cd2e01f5e18ea111,io-8080-exec-32,o.s.web.servlet.DispatcherServlet,"GET ""/owners/1"", parameters={}"
2026-07-29T16:02:29.406650+00:00,customers-service,customers-service-68987c986f-ctsnj,2026-07-29T16:01:53.166660+00:00,DEBUG,9642fbb74802b9ab,fb06039ee7eef597,nio-8080-exec-2,o.s.web.servlet.DispatcherServlet,Completed 200 OK
2026-07-29T16:02:29.406650+00:00,customers-service,customers-service-68987c986f-ctsnj,2026-07-29T16:01:52.664680+00:00,DEBUG,16aab4115fad43db,c1f9dc3484fb5881,nio-8080-exec-3,o.s.web.servlet.DispatcherServlet,"GET ""/owners"", parameters={}"
2026-07-29T16:02:29.406650+00:00,customers-service,customers-service-68987c986f-ctsnj,2026-07-29T16:01:51.912930+00:00,DEBUG,9642fbb74802b9ab,d801553ba58ad344,nio-8080-exec-2,o.s.web.servlet.DispatcherServlet,"GET ""/owners"", parameters={}"
2026-07-29T16:02:29.406650+00:00,customers-service,customers-service-68987c986f-ctsnj,2026-07-29T16:01:51.411568+00:00,DEBUG,df05411938603a49,049e73ee77fc3632,nio-8080-exec-5,o.s.web.servlet.DispatcherServlet,Completed 200 OK
2026-07-29T16:02:29.406650+00:00,customers-service,customers-service-68987c986f-ctsnj,2026-07-29T16:01:51.160711+00:00,DEBUG,df05411938603a49,86355bf6d0706df3,nio-8080-exec-5,o.s.web.servlet.DispatcherServlet,"GET ""/owners"", parameters={}"
2026-07-29T16:02:29.406650+00:00,customers-service,customers-service-68987c986f-ctsnj,2026-07-29T16:01:50.909760+00:00,DEBUG,6f3e50fa681a7b05,6f3e50fa681a7b05,io-8080-exec-17,o.s.web.servlet.DispatcherServlet,Completed 200 OK
2026-07-29T16:02:29.406650+00:00,customers-service,customers-service-68987c986f-ctsnj,2026-07-29T16:01:50.658773+00:00,DEBUG,495c911a84ffadd3,0139f7c2650009b2,nio-8080-exec-9,o.s.web.servlet.DispatcherServlet,Completed 200 OK
2026-07-29T16:02:29.406650+00:00,customers-service,customers-service-68987c986f-ctsnj,2026-07-29T16:01:50.658741+00:00,DEBUG,495c911a84ffadd3,6915eac40f304aa4,nio-8080-exec-9,o.s.web.servlet.DispatcherServlet,"GET ""/owners/1"", parameters={}"
2026-07-29T16:02:29.406650+00:00,customers-service,customers-service-68987c986f-ctsnj,2026-07-29T16:01:50.407720+00:00,DEBUG,ac775f77a3a38fa8,7076edfc3aa6368a,io-8080-exec-25,o.s.web.servlet.DispatcherServlet,Completed 200 OK
2026-07-29T16:02:29.406650+00:00,customers-service,customers-service-68987c986f-ctsnj,2026-07-29T16:01:50.156556+00:00,DEBUG,ac775f77a3a38fa8,d9a1e866c8b0c50b,io-8080-exec-25,o.s.web.servlet.DispatcherServlet,"GET ""/owners"", parameters={}"
2026-07-29T16:02:29.406650+00:00,customers-service,customers-service-68987c986f-ctsnj,2026-07-29T16:01:48.903004+00:00,DEBUG,c90896e6071585b7,fdf84937a41aae7d,io-8080-exec-13,o.s.web.servlet.DispatcherServlet,Completed 200 OK
2026-07-29T16:02:29.406650+00:00,customers-service,customers-service-68987c986f-ctsnj,2026-07-29T16:01:48.651618+00:00,DEBUG,c90896e6071585b7,eb45f85fc5ef86cf,io-8080-exec-13,o.s.web.servlet.DispatcherServlet,"GET ""/owners/1"", parameters={}"
2026-07-29T16:02:29.406650+00:00,customers-service,customers-service-68987c986f-ctsnj,2026-07-29T16:01:48.151266+00:00,DEBUG,6a241a39f57981a4,c1b122cae46b995a,io-8080-exec-10,o.s.web.servlet.DispatcherServlet,Completed 200 OK
2026-07-29T16:02:29.406650+00:00,customers-service,customers-service-68987c986f-ctsnj,2026-07-29T16:01:48.151260+00:00,DEBUG,6a241a39f57981a4,6339fd41e9b2455b,io-8080-exec-10,o.s.web.servlet.DispatcherServlet,"GET ""/owners/1"", parameters={}"
2026-07-29T16:02:29.406650+00:00,customers-service,customers-service-68987c986f-ctsnj,2026-07-29T16:01:47.398940+00:00,DEBUG,ce483ad57d1c4572,8a61520318b69696,io-8080-exec-18,o.s.web.servlet.DispatcherServlet,Completed 200 OK
2026-07-29T16:02:29.406650+00:00,customers-service,customers-service-68987c986f-ctsnj,2026-07-29T16:01:47.398934+00:00,DEBUG,ce483ad57d1c4572,433c9cfafa0a5afd,io-8080-exec-18,o.s.web.servlet.DispatcherServlet,"GET ""/owners/1"", parameters={}"
2026-07-29T16:02:29.406650+00:00,customers-service,customers-service-68987c986f-ctsnj,2026-07-29T16:01:47.147581+00:00,DEBUG,3c9d602452dea67c,3c973d082447d6a1,io-8080-exec-20,o.s.web.servlet.DispatcherServlet,Completed 200 OK
2026-07-29T16:02:29.406650+00:00,customers-service,customers-service-68987c986f-ctsnj,2026-07-29T16:01:47.147573+00:00,DEBUG,3c9d602452dea67c,513dd39858792bc0,io-8080-exec-20,o.s.web.servlet.DispatcherServlet,"GET ""/owners/1"", parameters={}"
2026-07-29T16:02:29.406650+00:00,customers-service,customers-service-68987c986f-ctsnj,2026-07-29T16:01:46.896281+00:00,DEBUG,ba0ac0fb47f29537,28969b8b292c9508,io-8080-exec-32,o.s.web.servlet.DispatcherServlet,Completed 200 OK
2026-07-29T16:02:29.406650+00:00,customers-service,customers-service-68987c986f-ctsnj,2026-07-29T16:01:46.644927+00:00,DEBUG,ba0ac0fb47f29537,5f73c0215b87bb58,io-8080-exec-32,o.s.web.servlet.DispatcherServlet,"GET ""/owners"", parameters={}"
2026-07-29T16:02:29.406650+00:00,customers-service,customers-service-68987c986f-ctsnj,2026-07-29T16:01:46.644921+00:00,DEBUG,0560437742ce5095,a6331e17b6abc145,nio-8080-exec-3,o.s.web.servlet.DispatcherServlet,Completed 200 OK
2026-07-29T16:02:29.406650+00:00,customers-service,customers-service-68987c986f-ctsnj,2026-07-29T16:01:46.394341+00:00,DEBUG,0560437742ce5095,09b52bc8f8bd7ba5,nio-8080-exec-3,o.s.web.servlet.DispatcherServlet,"GET ""/owners"", parameters={}"
2026-07-29T16:02:29.406650+00:00,customers-service,customers-service-68987c986f-ctsnj,2026-07-29T16:01:45.893975+00:00,DEBUG,fd0bac437717ce93,df85ae8056319c1a,nio-8080-exec-2,o.s.web.servlet.DispatcherServlet,Completed 200 OK
2026-07-29T16:02:29.406650+00:00,customers-service,customers-service-68987c986f-ctsnj,2026-07-29T16:01:45.893970+00:00,DEBUG,fd0bac437717ce93,8fe45d028a05264e,nio-8080-exec-2,o.s.web.servlet.DispatcherServlet,"GET ""/owners/1"", parameters={}"
2026-07-29T16:02:29.406650+00:00,customers-service,customers-service-68987c986f-ctsnj,2026-07-29T16:01:45.392118+00:00,DEBUG,8bc9e92fa6f30872,2481912b19bfa8c4,nio-8080-exec-5,o.s.web.servlet.DispatcherServlet,Completed 200 OK
2026-07-29T16:02:29.406650+00:00,customers-service,customers-service-68987c986f-ctsnj,2026-07-29T16:01:45.392111+00:00,DEBUG,8bc9e92fa6f30872,bb3af5cbe5eb6a70,nio-8080-exec-5,o.s.web.servlet.DispatcherServlet,"GET ""/owners/1"", parameters={}"
2026-07-29T16:02:29.406650+00:00,customers-service,customers-service-68987c986f-ctsnj,2026-07-29T16:01:45.141084+00:00,DEBUG,e91fcdfda3e85b7a,e662a3b0b173180c,io-8080-exec-17,o.s.web.servlet.DispatcherServlet,Completed 200 OK
2026-07-29T16:02:29.406650+00:00,customers-service,customers-service-68987c986f-ctsnj,2026-07-29T16:01:45.141077+00:00,DEBUG,e91fcdfda3e85b7a,b57e351792e4be6d,io-8080-exec-17,o.s.web.servlet.DispatcherServlet,"GET ""/owners/1"", parameters={}"
2026-07-29T16:02:29.406650+00:00,customers-service,customers-service-68987c986f-ctsnj,2026-07-29T16:01:44.640095+00:00,DEBUG,bbcc06a900e032a0,bff052359323bed8,nio-8080-exec-9,o.s.web.servlet.DispatcherServlet,Completed 200 OK
2026-07-29T16:02:29.406650+00:00,customers-service,customers-service-68987c986f-ctsnj,2026-07-29T16:01:44.640058+00:00,DEBUG,bbcc06a900e032a0,063b95afd3483fa8,nio-8080-exec-9,o.s.web.servlet.DispatcherServlet,"GET ""/owners/1"", parameters={}"
2026-07-29T16:02:29.406650+00:00,customers-service,customers-service-68987c986f-ctsnj,2026-07-29T16:01:44.640051+00:00,DEBUG,57a986b35769dd57,586c37b5f214e7db,io-8080-exec-25,o.s.web.servlet.DispatcherServlet,Completed 200 OK
2026-07-29T16:02:29.406650+00:00,customers-service,customers-service-68987c986f-ctsnj,2026-07-29T16:01:44.138514+00:00,DEBUG,57a986b35769dd57,ef132e95febfec57,io-8080-exec-25,o.s.web.servlet.DispatcherServlet,"GET ""/owners"", parameters={}"
2026-07-29T16:02:29.406650+00:00,customers-service,customers-service-68987c986f-ctsnj,2026-07-29T16:01:42.884908+00:00,DEBUG,a9c461047b8874f1,1d2b8d68d4d2eb8a,io-8080-exec-13,o.s.web.servlet.DispatcherServlet,Completed 200 OK
2026-07-29T16:02:29.406650+00:00,customers-service,customers-service-68987c986f-ctsnj,2026-07-29T16:01:42.884897+00:00,DEBUG,a9c461047b8874f1,5b14f2228841f701,io-8080-exec-13,o.s.web.servlet.DispatcherServlet,"GET ""/owners/1"", parameters={}"
2026-07-29T16:02:29.406650+00:00,customers-service,customers-service-68987c986f-ctsnj,2026-07-29T16:01:42.633891+00:00,DEBUG,cdc14189e4c9bdd6,626388f369678745,io-8080-exec-10,o.s.web.servlet.DispatcherServlet,Completed 200 OK
2026-07-29T16:02:29.406650+00:00,customers-service,customers-service-68987c986f-ctsnj,2026-07-29T16:01:42.633887+00:00,DEBUG,cdc14189e4c9bdd6,f5083856ab133a1a,io-8080-exec-10,o.s.web.servlet.DispatcherServlet,"GET ""/owners"", parameters={}"
2026-07-29T16:02:29.406650+00:00,customers-service,customers-service-68987c986f-ctsnj,2026-07-29T16:01:42.132574+00:00,DEBUG,8bd35d48c65ec81b,8bd35d48c65ec81b,io-8080-exec-18,o.s.web.servlet.DispatcherServlet,Completed 200 OK
2026-07-29T16:02:29.406650+00:00,customers-service,customers-service-68987c986f-ctsnj,2026-07-29T16:01:41.378959+00:00,DEBUG,5bc52076eb7e017b,6b33d169a3aed565,io-8080-exec-20,o.s.web.servlet.DispatcherServlet,Completed 200 OK
2026-07-29T16:02:29.406650+00:00,customers-service,customers-service-68987c986f-ctsnj,2026-07-29T16:01:41.127725+00:00,DEBUG,5bc52076eb7e017b,dff613e0ed815965,io-8080-exec-20,o.s.web.servlet.DispatcherServlet,"GET ""/owners/1"", parameters={}"
2026-07-29T16:02:29.406650+00:00,customers-service,customers-service-68987c986f-ctsnj,2026-07-29T16:01:40.877010+00:00,DEBUG,ef16870e91d3a40d,2cc2ccb6f180a5c6,io-8080-exec-32,o.s.web.servlet.DispatcherServlet,Completed 200 OK
2026-07-29T16:02:29.406650+00:00,customers-service,customers-service-68987c986f-ctsnj,2026-07-29T16:01:40.876984+00:00,DEBUG,64300c4ee04d07af,64300c4ee04d07af,nio-8080-exec-3,o.s.web.servlet.DispatcherServlet,Completed 200 OK
2026-07-29T16:02:29.406650+00:00,customers-service,customers-service-68987c986f-ctsnj,2026-07-29T16:01:40.626050+00:00,DEBUG,ef16870e91d3a40d,5efa80f71af68455,io-8080-exec-32,o.s.web.servlet.DispatcherServlet,"GET ""/owners"", parameters={}"
2026-07-29T16:02:29.406650+00:00,customers-service,customers-service-68987c986f-ctsnj,2026-07-29T16:01:39.874578+00:00,DEBUG,072044e20248680d,190074dfa602f7ca,nio-8080-exec-2,o.s.web.servlet.DispatcherServlet,Completed 200 OK
2026-07-29T16:02:29.406650+00:00,customers-service,customers-service-68987c986f-ctsnj,2026-07-29T16:01:39.874496+00:00,DEBUG,072044e20248680d,c254681a3a67dfd1,nio-8080-exec-2,o.s.web.servlet.DispatcherServlet,"GET ""/owners/1"", parameters={}"
2026-07-29T16:02:29.406650+00:00,customers-service,customers-service-68987c986f-ctsnj,2026-07-29T16:01:38.870651+00:00,DEBUG,5c7b62b77bb42b10,68e6270d3adcb96c,nio-8080-exec-5,o.s.web.servlet.DispatcherServlet,Completed 200 OK
2026-07-29T16:02:29.406650+00:00,customers-service,customers-service-68987c986f-ctsnj,2026-07-29T16:01:38.870645+00:00,DEBUG,5c7b62b77bb42b10,0ce7a79d30c54f1d,nio-8080-exec-5,o.s.web.servlet.DispatcherServlet,"GET ""/owners/1"", parameters={}"
2026-07-29T16:02:29.406650+00:00,customers-service,customers-service-68987c986f-ctsnj,2026-07-29T16:01:37.867470+00:00,DEBUG,1088a29e67e4bd80,4f16114b4e2134ca,io-8080-exec-17,o.s.web.servlet.DispatcherServlet,Completed 200 OK
2026-07-29T16:02:29.406650+00:00,customers-service,customers-service-68987c986f-ctsnj,2026-07-29T16:01:37.867462+00:00,DEBUG,1088a29e67e4bd80,1335815b38812521,io-8080-exec-17,o.s.web.servlet.DispatcherServlet,"GET ""/owners/1"", parameters={}"
2026-07-29T16:02:29.406650+00:00,customers-service,customers-service-68987c986f-ctsnj,2026-07-29T16:01:37.616214+00:00,DEBUG,ec841677265f99f0,f9a5621bf45a5032,nio-8080-exec-9,o.s.web.servlet.DispatcherServlet,Completed 200 OK
2026-07-29T16:02:29.406650+00:00,customers-service,customers-service-68987c986f-ctsnj,2026-07-29T16:01:37.616208+00:00,DEBUG,ec841677265f99f0,f9d5138608bab38e,nio-8080-exec-9,o.s.web.servlet.DispatcherServlet,"GET ""/owners/1"", parameters={}"
2026-07-29T16:02:29.406650+00:00,customers-service,customers-service-68987c986f-ctsnj,2026-07-29T16:01:36.863532+00:00,DEBUG,3041d5c8d698d4d0,3b987e2995b6f78e,io-8080-exec-25,o.s.web.servlet.DispatcherServlet,Completed 200 OK
2026-07-29T16:02:29.406650+00:00,customers-service,customers-service-68987c986f-ctsnj,2026-07-29T16:01:36.863528+00:00,DEBUG,3041d5c8d698d4d0,5e2878d791f79c5d,io-8080-exec-25,o.s.web.servlet.DispatcherServlet,"GET ""/owners/1"", parameters={}"
2026-07-29T16:02:29.406650+00:00,customers-service,customers-service-68987c986f-ctsnj,2026-07-29T16:01:36.361742+00:00,DEBUG,96808cc79cc90a34,90041d6ea62bfe8b,io-8080-exec-13,o.s.web.servlet.DispatcherServlet,Completed 200 OK
2026-07-29T16:02:29.406650+00:00,customers-service,customers-service-68987c986f-ctsnj,2026-07-29T16:01:36.361734+00:00,DEBUG,96808cc79cc90a34,6bf47968c84c9d16,io-8080-exec-13,o.s.web.servlet.DispatcherServlet,"GET ""/owners"", parameters={}"
2026-07-29T16:02:29.406650+00:00,customers-service,customers-service-68987c986f-ctsnj,2026-07-29T16:01:35.860245+00:00,DEBUG,065b6998dab1c2b3,065b6998dab1c2b3,io-8080-exec-10,o.s.web.servlet.DispatcherServlet,Completed 200 OK
2026-07-29T16:02:29.406650+00:00,customers-service,customers-service-68987c986f-ctsnj,2026-07-29T16:01:35.860176+00:00,DEBUG,7a10586ec1b1c789,1075f7cf72225f04,io-8080-exec-18,o.s.web.servlet.DispatcherServlet,Completed 200 OK
2026-07-29T16:02:29.406650+00:00,customers-service,customers-service-68987c986f-ctsnj,2026-07-29T16:01:35.608900+00:00,DEBUG,7a10586ec1b1c789,b873351ed40a0615,io-8080-exec-18,o.s.web.servlet.DispatcherServlet,"GET ""/owners"", parameters={}"
2026-07-29T16:02:29.406650+00:00,customers-service,customers-service-68987c986f-ctsnj,2026-07-29T16:01:34.353987+00:00,DEBUG,b68e1c2351a2c95f,78f7f2333f08f263,io-8080-exec-20,o.s.web.servlet.DispatcherServlet,Completed 200 OK
2026-07-29T16:02:29.406650+00:00,customers-service,customers-service-68987c986f-ctsnj,2026-07-29T16:01:34.353983+00:00,DEBUG,b68e1c2351a2c95f,06f0a6e65b77c151,io-8080-exec-20,o.s.web.servlet.DispatcherServlet,"GET ""/owners/1"", parameters={}"
2026-07-29T16:02:29.406650+00:00,customers-service,customers-service-68987c986f-ctsnj,2026-07-29T16:01:32.850005+00:00,DEBUG,e0f55467e9dbfbdf,c581404d7e5b2824,nio-8080-exec-3,o.s.web.servlet.DispatcherServlet,Completed 200 OK
2026-07-29T16:02:29.406650+00:00,customers-service,customers-service-68987c986f-ctsnj,2026-07-29T16:01:32.849998+00:00,DEBUG,e0f55467e9dbfbdf,3a22ee5b0f85bc47,nio-8080-exec-3,o.s.web.servlet.DispatcherServlet,"GET ""/owners"", parameters={}"
2026-07-29T16:02:29.406650+00:00,customers-service,customers-service-68987c986f-ctsnj,2026-07-29T16:01:32.598910+00:00,DEBUG,8b1e6b879462a408,ba65e0c1f8bae30d,io-8080-exec-32,o.s.web.servlet.DispatcherServlet,Completed 200 OK
2026-07-29T16:02:29.406650+00:00,customers-service,customers-service-68987c986f-ctsnj,2026-07-29T16:01:32.598906+00:00,DEBUG,8b1e6b879462a408,4446b5f4419fa6a3,io-8080-exec-32,o.s.web.servlet.DispatcherServlet,"GET ""/owners/1"", parameters={}"
2026-07-29T16:02:29.406650+00:00,customers-service,customers-service-68987c986f-ctsnj,2026-07-29T16:01:31.846693+00:00,DEBUG,ad0065609e63254c,ada5344d58aa2f31,nio-8080-exec-2,o.s.web.servlet.DispatcherServlet,Completed 200 OK
2026-07-29T16:02:29.406650+00:00,customers-service,customers-service-68987c986f-ctsnj,2026-07-29T16:01:31.596402+00:00,DEBUG,ad0065609e63254c,97a6ea8a04f87db1,nio-8080-exec-2,o.s.web.servlet.DispatcherServlet,"GET ""/owners"", parameters={}"
2026-07-29T16:02:29.406650+00:00,customers-service,customers-service-68987c986f-ctsnj,2026-07-29T16:01:31.095294+00:00,DEBUG,8ffe2740aff903fc,08b1193787287204,nio-8080-exec-5,o.s.web.servlet.DispatcherServlet,Completed 200 OK
2026-07-29T16:02:29.406650+00:00,customers-service,customers-service-68987c986f-ctsnj,2026-07-29T16:01:31.095289+00:00,DEBUG,3846317feafc6fdb,125e36d20e50dcec,io-8080-exec-17,o.s.web.servlet.DispatcherServlet,Completed 200 OK
2026-07-29T16:02:29.406650+00:00,customers-service,customers-service-68987c986f-ctsnj,2026-07-29T16:01:30.844354+00:00,DEBUG,3846317feafc6fdb,d3138fc97239d469,io-8080-exec-17,o.s.web.servlet.DispatcherServlet,"GET ""/owners/1"", parameters={}"
2026-07-29T16:02:29.406650+00:00,customers-service,customers-service-68987c986f-ctsnj,2026-07-29T16:01:30.342817+00:00,DEBUG,90350469df604d06,583801f90ca209fb,nio-8080-exec-9,o.s.web.servlet.DispatcherServlet,Completed 200 OK
2026-07-29T16:02:29.406650+00:00,customers-service,customers-service-68987c986f-ctsnj,2026-07-29T16:01:30.342812+00:00,DEBUG,8ffe2740aff903fc,585ee54db7f71f01,nio-8080-exec-5,o.s.web.servlet.DispatcherServlet,"GET ""/owners"", parameters={}"
2026-07-29T16:02:29.406650+00:00,customers-service,customers-service-68987c986f-ctsnj,2026-07-29T16:01:29.841050+00:00,DEBUG,90350469df604d06,6e1a13c6295a8a47,nio-8080-exec-9,o.s.web.servlet.DispatcherServlet,"GET ""/owners/1"", parameters={}"
2026-07-29T16:02:29.406650+00:00,customers-service,customers-service-68987c986f-ctsnj,2026-07-29T16:01:29.590736+00:00,DEBUG,efc6af51c78bd953,3698f03b63b176a6,io-8080-exec-25,o.s.web.servlet.DispatcherServlet,Completed 200 OK
2026-07-29T16:02:29.406650+00:00,customers-service,customers-service-68987c986f-ctsnj,2026-07-29T16:01:29.340106+00:00,DEBUG,efc6af51c78bd953,30e9bfed4a294012,io-8080-exec-25,o.s.web.servlet.DispatcherServlet,"GET ""/owners/1"", parameters={}"
2026-07-29T16:02:29.406650+00:00,customers-service,customers-service-68987c986f-ctsnj,2026-07-29T16:01:29.340093+00:00,DEBUG,7e05592aa93eea24,8b9953d5d8b24f27,io-8080-exec-13,o.s.web.servlet.DispatcherServlet,Completed 200 OK
2026-07-29T16:02:29.406650+00:00,customers-service,customers-service-68987c986f-ctsnj,2026-07-29T16:01:29.089234+00:00,DEBUG,7e05592aa93eea24,8cf72c3515ef2109,io-8080-exec-13,o.s.web.servlet.DispatcherServlet,"GET ""/owners/1"", parameters={}"
2026-07-29T16:02:29.406650+00:00,customers-service,customers-service-68987c986f-ctsnj,2026-07-29T16:01:27.583366+00:00,DEBUG,ca07c964333f6324,55e41e9c9c6400d3,io-8080-exec-10,o.s.web.servlet.DispatcherServlet,Completed 200 OK
2026-07-29T16:02:29.406650+00:00,customers-service,customers-service-68987c986f-ctsnj,2026-07-29T16:01:27.332567+00:00,DEBUG,ca07c964333f6324,9745526f9b059e11,io-8080-exec-10,o.s.web.servlet.DispatcherServlet,"GET ""/owners/1"", parameters={}"
2026-07-29T16:02:29.406650+00:00,customers-service,customers-service-68987c986f-ctsnj,2026-07-29T16:01:26.330294+00:00,DEBUG,78658ecbcd8d3158,c567e177014f7a06,io-8080-exec-18,o.s.web.servlet.DispatcherServlet,Completed 200 OK
2026-07-29T16:02:29.406650+00:00,customers-service,customers-service-68987c986f-ctsnj,2026-07-29T16:01:26.330290+00:00,DEBUG,78658ecbcd8d3158,1cf11c4573b8f279,io-8080-exec-18,o.s.web.servlet.DispatcherServlet,"GET ""/owners"", parameters={}"
2026-07-29T16:02:29.406650+00:00,customers-service,customers-service-68987c986f-ctsnj,2026-07-29T16:01:25.829123+00:00,DEBUG,4c5a56c08e3fb27b,4c5a56c08e3fb27b,io-8080-exec-20,o.s.web.servlet.DispatcherServlet,Completed 200 OK
2026-07-29T16:02:29.406650+00:00,customers-service,customers-service-68987c986f-ctsnj,2026-07-29T16:01:25.328115+00:00,DEBUG,50fda54d44ab3c83,09acf29b916f4460,nio-8080-exec-3,o.s.web.servlet.DispatcherServlet,Completed 200 OK
2026-07-29T16:02:29.406650+00:00,customers-service,customers-service-68987c986f-ctsnj,2026-07-29T16:01:25.077970+00:00,DEBUG,50fda54d44ab3c83,f9a4d0d1fb7299f3,nio-8080-exec-3,o.s.web.servlet.DispatcherServlet,"GET ""/owners"", parameters={}"
2026-07-29T16:02:29.406650+00:00,vets-service,vets-service-799f7d5b65-7wskt,2026-07-29T16:02:27.200059+00:00,DEBUG,ad3bac9e2cfbf042,77e6c9f73c4933d0,io-8080-exec-10,o.s.web.servlet.DispatcherServlet,Completed 200 OK
2026-07-29T16:02:29.406650+00:00,vets-service,vets-service-799f7d5b65-7wskt,2026-07-29T16:02:27.200056+00:00,DEBUG,ad3bac9e2cfbf042,b1809acceaa2984e,io-8080-exec-10,o.s.web.servlet.DispatcherServlet,"GET ""/vets"", parameters={}"
2026-07-29T16:02:29.406650+00:00,vets-service,vets-service-799f7d5b65-7wskt,2026-07-29T16:02:26.698908+00:00,DEBUG,2d9de95a01b3e192,19716e7aaf276546,nio-8080-exec-4,o.s.web.servlet.DispatcherServlet,Completed 200 OK
2026-07-29T16:02:29.406650+00:00,vets-service,vets-service-799f7d5b65-7wskt,2026-07-29T16:02:26.448222+00:00,DEBUG,2d9de95a01b3e192,0a2a4834c21dbc83,nio-8080-exec-4,o.s.web.servlet.DispatcherServlet,"GET ""/vets"", parameters={}"
2026-07-29T16:02:29.406650+00:00,vets-service,vets-service-799f7d5b65-7wskt,2026-07-29T16:02:24.694527+00:00,DEBUG,6de676d49ce7ad6e,52ac6e47014de822,io-8080-exec-12,o.s.web.servlet.DispatcherServlet,Completed 200 OK
2026-07-29T16:02:29.406650+00:00,vets-service,vets-service-799f7d5b65-7wskt,2026-07-29T16:02:24.694523+00:00,DEBUG,6de676d49ce7ad6e,50abb6f1b6ce7431,io-8080-exec-12,o.s.web.servlet.DispatcherServlet,"GET ""/vets"", parameters={}"
2026-07-29T16:02:29.406650+00:00,vets-service,vets-service-799f7d5b65-7wskt,2026-07-29T16:02:24.443737+00:00,DEBUG,677e14e8569e70f8,677e14e8569e70f8,nio-8080-exec-6,o.s.web.servlet.DispatcherServlet,Completed 200 OK
2026-07-29T16:02:29.406650+00:00,vets-service,vets-service-799f7d5b65-7wskt,2026-07-29T16:02:23.942331+00:00,DEBUG,dabd99dcd8a436a4,c3df4d400983bb4d,io-8080-exec-13,o.s.web.servlet.DispatcherServlet,Completed 200 OK
2026-07-29T16:02:29.406650+00:00,vets-service,vets-service-799f7d5b65-7wskt,2026-07-29T16:02:23.942326+00:00,DEBUG,dabd99dcd8a436a4,6fbe1569cc9240fc,io-8080-exec-13,o.s.web.servlet.DispatcherServlet,"GET ""/vets"", parameters={}"
2026-07-29T16:02:29.406650+00:00,vets-service,vets-service-799f7d5b65-7wskt,2026-07-29T16:02:22.185804+00:00,DEBUG,6bec319fea1b1d66,8c4d5ccb7cca7239,nio-8080-exec-3,o.s.web.servlet.DispatcherServlet,Completed 200 OK
2026-07-29T16:02:29.406650+00:00,vets-service,vets-service-799f7d5b65-7wskt,2026-07-29T16:02:22.185800+00:00,DEBUG,6bec319fea1b1d66,1fd850dc5f7e9a00,nio-8080-exec-3,o.s.web.servlet.DispatcherServlet,"GET ""/vets"", parameters={}"
2026-07-29T16:02:29.406650+00:00,vets-service,vets-service-799f7d5b65-7wskt,2026-07-29T16:02:21.935688+00:00,DEBUG,1fb63216a62c07f3,2d59deadb3df162d,nio-8080-exec-1,o.s.web.servlet.DispatcherServlet,Completed 200 OK
2026-07-29T16:02:29.406650+00:00,vets-service,vets-service-799f7d5b65-7wskt,2026-07-29T16:02:21.684269+00:00,DEBUG,1fb63216a62c07f3,069610f65c24be96,nio-8080-exec-1,o.s.web.servlet.DispatcherServlet,"GET ""/vets"", parameters={}"
2026-07-29T16:02:29.406650+00:00,vets-service,vets-service-799f7d5b65-7wskt,2026-07-29T16:02:18.923187+00:00,DEBUG,66be6fd2c60326e6,0e73ffaff2578d3e,nio-8080-exec-2,o.s.web.servlet.DispatcherServlet,Completed 200 OK
2026-07-29T16:02:29.406650+00:00,vets-service,vets-service-799f7d5b65-7wskt,2026-07-29T16:02:18.671955+00:00,DEBUG,66be6fd2c60326e6,cdede8996ae6adbe,nio-8080-exec-2,o.s.web.servlet.DispatcherServlet,"GET ""/vets"", parameters={}"
2026-07-29T16:02:29.406650+00:00,vets-service,vets-service-799f7d5b65-7wskt,2026-07-29T16:02:17.920297+00:00,DEBUG,88ea1494a22f9cc4,f361cf7c77caaeb7,nio-8080-exec-7,o.s.web.servlet.DispatcherServlet,Completed 200 OK
2026-07-29T16:02:29.406650+00:00,vets-service,vets-service-799f7d5b65-7wskt,2026-07-29T16:02:17.669810+00:00,DEBUG,88ea1494a22f9cc4,4bab09660d430e69,nio-8080-exec-7,o.s.web.servlet.DispatcherServlet,"GET ""/vets"", parameters={}"
2026-07-29T16:02:29.406650+00:00,vets-service,vets-service-799f7d5b65-7wskt,2026-07-29T16:02:15.915746+00:00,DEBUG,3f2a404f6a47d4f2,3f2a404f6a47d4f2,nio-8080-exec-8,o.s.web.servlet.DispatcherServlet,Completed 200 OK
2026-07-29T16:02:29.406650+00:00,vets-service,vets-service-799f7d5b65-7wskt,2026-07-29T16:02:15.414587+00:00,DEBUG,45607c17910afe0a,45607c17910afe0a,io-8080-exec-10,o.s.web.servlet.DispatcherServlet,Completed 200 OK
2026-07-29T16:02:29.406650+00:00,vets-service,vets-service-799f7d5b65-7wskt,2026-07-29T16:02:13.910337+00:00,DEBUG,fbc63edd29bdc914,b4aad8067d8a9497,nio-8080-exec-4,o.s.web.servlet.DispatcherServlet,Completed 200 OK
2026-07-29T16:02:29.406650+00:00,vets-service,vets-service-799f7d5b65-7wskt,2026-07-29T16:02:13.659484+00:00,DEBUG,fbc63edd29bdc914,0d771603a4732efb,nio-8080-exec-4,o.s.web.servlet.DispatcherServlet,"GET ""/vets"", parameters={}"
2026-07-29T16:02:29.406650+00:00,vets-service,vets-service-799f7d5b65-7wskt,2026-07-29T16:02:13.659459+00:00,DEBUG,ae914420d6df8da3,ad301c727f1750ea,io-8080-exec-12,o.s.web.servlet.DispatcherServlet,Completed 200 OK
2026-07-29T16:02:29.406650+00:00,vets-service,vets-service-799f7d5b65-7wskt,2026-07-29T16:02:13.659455+00:00,DEBUG,ae914420d6df8da3,26e5a179b2ddcdf6,io-8080-exec-12,o.s.web.servlet.DispatcherServlet,"GET ""/vets"", parameters={}"
2026-07-29T16:02:29.406650+00:00,vets-service,vets-service-799f7d5b65-7wskt,2026-07-29T16:02:09.399544+00:00,DEBUG,fa473a5217303bdd,fa473a5217303bdd,nio-8080-exec-6,o.s.web.servlet.DispatcherServlet,Completed 200 OK
2026-07-29T16:02:29.406650+00:00,vets-service,vets-service-799f7d5b65-7wskt,2026-07-29T16:02:09.149230+00:00,DEBUG,72baca905fd33feb,924e59b0a675a566,io-8080-exec-13,o.s.web.servlet.DispatcherServlet,Completed 200 OK
2026-07-29T16:02:29.406650+00:00,vets-service,vets-service-799f7d5b65-7wskt,2026-07-29T16:02:08.898298+00:00,DEBUG,72baca905fd33feb,95ab6d2142f23718,io-8080-exec-13,o.s.web.servlet.DispatcherServlet,"GET ""/vets"", parameters={}"
2026-07-29T16:02:29.406650+00:00,vets-service,vets-service-799f7d5b65-7wskt,2026-07-29T16:02:08.397239+00:00,DEBUG,e341f604063e6c01,48323d2b5f6245d4,nio-8080-exec-3,o.s.web.servlet.DispatcherServlet,Completed 200 OK
2026-07-29T16:02:29.406650+00:00,vets-service,vets-service-799f7d5b65-7wskt,2026-07-29T16:02:08.397228+00:00,DEBUG,e341f604063e6c01,c1da08bbef804344,nio-8080-exec-3,o.s.web.servlet.DispatcherServlet,"GET ""/vets"", parameters={}"
2026-07-29T16:02:29.406650+00:00,vets-service,vets-service-799f7d5b65-7wskt,2026-07-29T16:02:06.640647+00:00,DEBUG,f0ffb5f92f276130,6e0ee05c97347845,nio-8080-exec-1,o.s.web.servlet.DispatcherServlet,Completed 200 OK
2026-07-29T16:02:29.406650+00:00,vets-service,vets-service-799f7d5b65-7wskt,2026-07-29T16:02:06.640643+00:00,DEBUG,021b4a3bce6e1509,a5dcb101001461d2,nio-8080-exec-2,o.s.web.servlet.DispatcherServlet,Completed 200 OK
2026-07-29T16:02:29.406650+00:00,vets-service,vets-service-799f7d5b65-7wskt,2026-07-29T16:02:06.390351+00:00,DEBUG,f0ffb5f92f276130,6c3bad6f86478fa3,nio-8080-exec-1,o.s.web.servlet.DispatcherServlet,"GET ""/vets"", parameters={}"
2026-07-29T16:02:29.406650+00:00,vets-service,vets-service-799f7d5b65-7wskt,2026-07-29T16:02:06.139653+00:00,DEBUG,021b4a3bce6e1509,8994f6bfd09b886e,nio-8080-exec-2,o.s.web.servlet.DispatcherServlet,"GET ""/vets"", parameters={}"
2026-07-29T16:02:29.406650+00:00,vets-service,vets-service-799f7d5b65-7wskt,2026-07-29T16:02:03.381357+00:00,DEBUG,c2b247b24f760964,0fc6bded8fc48542,nio-8080-exec-7,o.s.web.servlet.DispatcherServlet,Completed 200 OK
2026-07-29T16:02:29.406650+00:00,vets-service,vets-service-799f7d5b65-7wskt,2026-07-29T16:02:02.377377+00:00,DEBUG,c2b247b24f760964,2317a207f3f4caef,nio-8080-exec-7,o.s.web.servlet.DispatcherServlet,"GET ""/vets"", parameters={}"
2026-07-29T16:02:29.406650+00:00,vets-service,vets-service-799f7d5b65-7wskt,2026-07-29T16:02:00.372472+00:00,DEBUG,5332a6ec73c8285a,5332a6ec73c8285a,nio-8080-exec-8,o.s.web.servlet.DispatcherServlet,Completed 200 OK
2026-07-29T16:02:29.406650+00:00,vets-service,vets-service-799f7d5b65-7wskt,2026-07-29T16:01:59.871634+00:00,DEBUG,7dd307b2d6413d4d,84d319c2d593f70b,io-8080-exec-10,o.s.web.servlet.DispatcherServlet,Completed 200 OK
2026-07-29T16:02:29.406650+00:00,vets-service,vets-service-799f7d5b65-7wskt,2026-07-29T16:01:59.871630+00:00,DEBUG,7dd307b2d6413d4d,c085af24e254db1e,io-8080-exec-10,o.s.web.servlet.DispatcherServlet,"GET ""/vets"", parameters={}"
2026-07-29T16:02:29.406650+00:00,vets-service,vets-service-799f7d5b65-7wskt,2026-07-29T16:01:56.612278+00:00,DEBUG,ca7169cdb5b743de,769618947ae6f5d6,nio-8080-exec-4,o.s.web.servlet.DispatcherServlet,Completed 200 OK
2026-07-29T16:02:29.406650+00:00,vets-service,vets-service-799f7d5b65-7wskt,2026-07-29T16:01:56.612274+00:00,DEBUG,b94f50fdf1f16655,ab25ec17476ceb05,io-8080-exec-12,o.s.web.servlet.DispatcherServlet,Completed 200 OK
2026-07-29T16:02:29.406650+00:00,vets-service,vets-service-799f7d5b65-7wskt,2026-07-29T16:01:55.859968+00:00,DEBUG,1168303eee77c2a2,1168303eee77c2a2,nio-8080-exec-6,o.s.web.servlet.DispatcherServlet,Completed 200 OK
2026-07-29T16:02:29.406650+00:00,vets-service,vets-service-799f7d5b65-7wskt,2026-07-29T16:01:55.357329+00:00,DEBUG,ca7169cdb5b743de,01adf11ed77e15ed,nio-8080-exec-4,o.s.web.servlet.DispatcherServlet,"GET ""/vets"", parameters={}"
2026-07-29T16:02:29.406650+00:00,vets-service,vets-service-799f7d5b65-7wskt,2026-07-29T16:01:55.107079+00:00,DEBUG,b94f50fdf1f16655,98ea61468c6eecc9,io-8080-exec-12,o.s.web.servlet.DispatcherServlet,"GET ""/vets"", parameters={}"
2026-07-29T16:02:29.406650+00:00,vets-service,vets-service-799f7d5b65-7wskt,2026-07-29T16:01:54.355407+00:00,DEBUG,e43f08adac506a97,e43f08adac506a97,io-8080-exec-13,o.s.web.servlet.DispatcherServlet,Completed 200 OK
2026-07-29T16:02:29.406650+00:00,vets-service,vets-service-799f7d5b65-7wskt,2026-07-29T16:01:45.326065+00:00,DEBUG,2eb5751b7ff4b712,2eb5751b7ff4b712,nio-8080-exec-3,o.s.web.servlet.DispatcherServlet,Completed 200 OK
2026-07-29T16:02:29.406650+00:00,vets-service,vets-service-799f7d5b65-7wskt,2026-07-29T16:01:44.072704+00:00,DEBUG,df1341426a32f5dc,5e095f1c81519545,nio-8080-exec-1,o.s.web.servlet.DispatcherServlet,Completed 200 OK
2026-07-29T16:02:29.406650+00:00,vets-service,vets-service-799f7d5b65-7wskt,2026-07-29T16:01:43.570932+00:00,DEBUG,df1341426a32f5dc,901c61b827c45c1c,nio-8080-exec-1,o.s.web.servlet.DispatcherServlet,"GET ""/vets"", parameters={}"
2026-07-29T16:02:29.406650+00:00,vets-service,vets-service-799f7d5b65-7wskt,2026-07-29T16:01:42.065507+00:00,DEBUG,8a1d453fbbd9d996,0182c1d04c833d36,nio-8080-exec-2,o.s.web.servlet.DispatcherServlet,Completed 200 OK
2026-07-29T16:02:29.406650+00:00,vets-service,vets-service-799f7d5b65-7wskt,2026-07-29T16:01:41.814546+00:00,DEBUG,8a1d453fbbd9d996,5d3bba3f51d51963,nio-8080-exec-2,o.s.web.servlet.DispatcherServlet,"GET ""/vets"", parameters={}"
2026-07-29T16:02:29.406650+00:00,vets-service,vets-service-799f7d5b65-7wskt,2026-07-29T16:01:39.306088+00:00,DEBUG,da3a55b4296e9dc4,da3a55b4296e9dc4,nio-8080-exec-7,o.s.web.servlet.DispatcherServlet,Completed 200 OK
2026-07-29T16:02:29.406650+00:00,vets-service,vets-service-799f7d5b65-7wskt,2026-07-29T16:01:37.302732+00:00,DEBUG,09c990984b2b7271,6825393b92df8bee,nio-8080-exec-8,o.s.web.servlet.DispatcherServlet,Completed 200 OK
2026-07-29T16:02:29.406650+00:00,vets-service,vets-service-799f7d5b65-7wskt,2026-07-29T16:01:37.051046+00:00,DEBUG,09c990984b2b7271,e1c31f5607cafc41,nio-8080-exec-8,o.s.web.servlet.DispatcherServlet,"GET ""/vets"", parameters={}"
2026-07-29T16:02:29.406650+00:00,vets-service,vets-service-799f7d5b65-7wskt,2026-07-29T16:01:36.049269+00:00,DEBUG,15a9842d5cb61431,15a9842d5cb61431,io-8080-exec-10,o.s.web.servlet.DispatcherServlet,Completed 200 OK
2026-07-29T16:02:29.406650+00:00,vets-service,vets-service-799f7d5b65-7wskt,2026-07-29T16:01:35.046900+00:00,DEBUG,435b25f1296579da,23ac64028a11d662,nio-8080-exec-6,o.s.web.servlet.DispatcherServlet,Completed 200 OK
2026-07-29T16:02:29.406650+00:00,vets-service,vets-service-799f7d5b65-7wskt,2026-07-29T16:01:34.796725+00:00,DEBUG,435b25f1296579da,aa336a3b43975c66,nio-8080-exec-6,o.s.web.servlet.DispatcherServlet,"GET ""/vets"", parameters={}"
2026-07-29T16:02:29.406650+00:00,vets-service,vets-service-799f7d5b65-7wskt,2026-07-29T16:01:33.795115+00:00,DEBUG,7d2d77edfe627f12,eb0b0617269fd4bc,nio-8080-exec-4,o.s.web.servlet.DispatcherServlet,Completed 200 OK
2026-07-29T16:02:29.406650+00:00,vets-service,vets-service-799f7d5b65-7wskt,2026-07-29T16:01:33.795108+00:00,DEBUG,7d2d77edfe627f12,805a822baca436ac,nio-8080-exec-4,o.s.web.servlet.DispatcherServlet,"GET ""/vets"", parameters={}"
2026-07-29T16:02:29.406650+00:00,vets-service,vets-service-799f7d5b65-7wskt,2026-07-29T16:01:32.290388+00:00,DEBUG,f506c6fa5c115723,7a259e0d3263dbf1,io-8080-exec-12,o.s.web.servlet.DispatcherServlet,Completed 200 OK
2026-07-29T16:02:29.406650+00:00,vets-service,vets-service-799f7d5b65-7wskt,2026-07-29T16:01:32.040165+00:00,DEBUG,f506c6fa5c115723,d07a0f28de3fd6cd,io-8080-exec-12,o.s.web.servlet.DispatcherServlet,"GET ""/vets"", parameters={}"
2026-07-29T16:02:29.406650+00:00,vets-service,vets-service-799f7d5b65-7wskt,2026-07-29T16:01:31.538747+00:00,DEBUG,75c31be6cccdd374,f1a3aae6079a33fe,io-8080-exec-13,o.s.web.servlet.DispatcherServlet,Completed 200 OK
2026-07-29T16:02:29.406650+00:00,vets-service,vets-service-799f7d5b65-7wskt,2026-07-29T16:01:30.535556+00:00,DEBUG,75c31be6cccdd374,ddaa2f4e311f8225,io-8080-exec-13,o.s.web.servlet.DispatcherServlet,"GET ""/vets"", parameters={}"
2026-07-29T16:02:29.406650+00:00,vets-service,vets-service-799f7d5b65-7wskt,2026-07-29T16:01:30.535544+00:00,DEBUG,7709b003ca431102,7709b003ca431102,nio-8080-exec-3,o.s.web.servlet.DispatcherServlet,Completed 200 OK
2026-07-29T16:02:29.406650+00:00,vets-service,vets-service-799f7d5b65-7wskt,2026-07-29T16:01:28.780633+00:00,DEBUG,4ca40b7a5ec1ed77,4b4f95da6d16a0d7,nio-8080-exec-1,o.s.web.servlet.DispatcherServlet,Completed 200 OK
2026-07-29T16:02:29.406650+00:00,vets-service,vets-service-799f7d5b65-7wskt,2026-07-29T16:01:28.028639+00:00,DEBUG,4ca40b7a5ec1ed77,d99eec66b17037e6,nio-8080-exec-1,o.s.web.servlet.DispatcherServlet,"GET ""/vets"", parameters={}"
2026-07-29T16:02:29.406650+00:00,vets-service,vets-service-799f7d5b65-7wskt,2026-07-29T16:01:25.772456+00:00,DEBUG,a8434695119a5771,7cd6eec5f226a094,nio-8080-exec-2,o.s.web.servlet.DispatcherServlet,Completed 200 OK
2026-07-29T16:02:29.406650+00:00,vets-service,vets-service-799f7d5b65-7wskt,2026-07-29T16:01:25.522360+00:00,DEBUG,a8434695119a5771,9342b910e74ca673,nio-8080-exec-2,o.s.web.servlet.DispatcherServlet,"GET ""/vets"", parameters={}"
2026-07-29T16:02:29.406650+00:00,vets-service,vets-service-799f7d5b65-7wskt,2026-07-29T16:01:25.021380+00:00,DEBUG,65aa435b3b488c03,3909e301d21fb5b6,nio-8080-exec-7,o.s.web.servlet.DispatcherServlet,Completed 200 OK
2026-07-29T16:02:29.406650+00:00,vets-service,vets-service-799f7d5b65-7wskt,2026-07-29T16:01:24.770344+00:00,DEBUG,65aa435b3b488c03,72f13411027c4fdc,nio-8080-exec-7,o.s.web.servlet.DispatcherServlet,"GET ""/vets"", parameters={}"
2026-07-29T16:02:29.406650+00:00,vets-service,vets-service-799f7d5b65-vzxc7,2026-07-29T16:02:29.418311+00:00,DEBUG,29252d1a02103c94,cabfc6bbe27c2771,nio-8080-exec-3,o.s.web.servlet.DispatcherServlet,Completed 200 OK
2026-07-29T16:02:29.406650+00:00,vets-service,vets-service-799f7d5b65-vzxc7,2026-07-29T16:02:29.167337+00:00,DEBUG,29252d1a02103c94,def50371eb0d5085,nio-8080-exec-3,o.s.web.servlet.DispatcherServlet,"GET ""/vets"", parameters={}"
2026-07-29T16:02:29.406650+00:00,vets-service,vets-service-799f7d5b65-vzxc7,2026-07-29T16:02:28.165097+00:00,DEBUG,35cce4dd61a43ac5,c7b0c80bcf06d0a3,nio-8080-exec-9,o.s.web.servlet.DispatcherServlet,Completed 200 OK
2026-07-29T16:02:29.406650+00:00,vets-service,vets-service-799f7d5b65-vzxc7,2026-07-29T16:02:27.914431+00:00,DEBUG,35cce4dd61a43ac5,db8b7974160eefe9,nio-8080-exec-9,o.s.web.servlet.DispatcherServlet,"GET ""/vets"", parameters={}"
2026-07-29T16:02:29.406650+00:00,vets-service,vets-service-799f7d5b65-vzxc7,2026-07-29T16:02:27.663861+00:00,DEBUG,3fd3afb3513a1371,a5eb19e9fa82a687,nio-8080-exec-8,o.s.web.servlet.DispatcherServlet,Completed 200 OK
2026-07-29T16:02:29.406650+00:00,vets-service,vets-service-799f7d5b65-vzxc7,2026-07-29T16:02:27.413384+00:00,DEBUG,3fd3afb3513a1371,00aa8bff42a27799,nio-8080-exec-8,o.s.web.servlet.DispatcherServlet,"GET ""/vets"", parameters={}"
2026-07-29T16:02:29.406650+00:00,vets-service,vets-service-799f7d5b65-vzxc7,2026-07-29T16:02:26.911438+00:00,DEBUG,132cbe97e91ed125,132cbe97e91ed125,io-8080-exec-19,o.s.web.servlet.DispatcherServlet,Completed 200 OK
2026-07-29T16:02:29.406650+00:00,vets-service,vets-service-799f7d5b65-vzxc7,2026-07-29T16:02:25.906522+00:00,DEBUG,b98ad51da0020e6c,eb08c16d59f6ec93,io-8080-exec-20,o.s.web.servlet.DispatcherServlet,Completed 200 OK
2026-07-29T16:02:29.406650+00:00,vets-service,vets-service-799f7d5b65-vzxc7,2026-07-29T16:02:25.656036+00:00,DEBUG,b98ad51da0020e6c,2728adc0caea5ba2,io-8080-exec-20,o.s.web.servlet.DispatcherServlet,"GET ""/vets"", parameters={}"
2026-07-29T16:02:29.406650+00:00,vets-service,vets-service-799f7d5b65-vzxc7,2026-07-29T16:02:25.656002+00:00,DEBUG,89d706b046505800,159ab7feb4888047,io-8080-exec-15,o.s.web.servlet.DispatcherServlet,Completed 200 OK
2026-07-29T16:02:29.406650+00:00,vets-service,vets-service-799f7d5b65-vzxc7,2026-07-29T16:02:25.655997+00:00,DEBUG,89d706b046505800,67ab714de7f71d5e,io-8080-exec-15,o.s.web.servlet.DispatcherServlet,"GET ""/vets"", parameters={}"
2026-07-29T16:02:29.406650+00:00,vets-service,vets-service-799f7d5b65-vzxc7,2026-07-29T16:02:25.404917+00:00,DEBUG,f9aa455138f56050,f9aa455138f56050,io-8080-exec-17,o.s.web.servlet.DispatcherServlet,Completed 200 OK
2026-07-29T16:02:29.406650+00:00,vets-service,vets-service-799f7d5b65-vzxc7,2026-07-29T16:02:25.154431+00:00,DEBUG,ad90c505eb122e69,d2ec17ae4e0196c3,nio-8080-exec-5,o.s.web.servlet.DispatcherServlet,Completed 200 OK
2026-07-29T16:02:29.406650+00:00,vets-service,vets-service-799f7d5b65-vzxc7,2026-07-29T16:02:24.904100+00:00,DEBUG,ad90c505eb122e69,82b8ad3ff41d67ca,nio-8080-exec-5,o.s.web.servlet.DispatcherServlet,"GET ""/vets"", parameters={}"
2026-07-29T16:02:29.406650+00:00,vets-service,vets-service-799f7d5b65-vzxc7,2026-07-29T16:02:23.901035+00:00,DEBUG,c6a0a34b66ee3907,3457ef3c238f8a5e,io-8080-exec-21,o.s.web.servlet.DispatcherServlet,Completed 200 OK
2026-07-29T16:02:29.406650+00:00,vets-service,vets-service-799f7d5b65-vzxc7,2026-07-29T16:02:23.650784+00:00,DEBUG,c6a0a34b66ee3907,db08e633517a94de,io-8080-exec-21,o.s.web.servlet.DispatcherServlet,"GET ""/vets"", parameters={}"
2026-07-29T16:02:29.406650+00:00,vets-service,vets-service-799f7d5b65-vzxc7,2026-07-29T16:02:23.650780+00:00,DEBUG,2a268301f6620ce6,1db2fd08fb47106e,io-8080-exec-18,o.s.web.servlet.DispatcherServlet,Completed 200 OK
2026-07-29T16:02:29.406650+00:00,vets-service,vets-service-799f7d5b65-vzxc7,2026-07-29T16:02:23.149521+00:00,DEBUG,2a268301f6620ce6,e711db705cdbe27c,io-8080-exec-18,o.s.web.servlet.DispatcherServlet,"GET ""/vets"", parameters={}"
2026-07-29T16:02:29.406650+00:00,vets-service,vets-service-799f7d5b65-vzxc7,2026-07-29T16:02:22.396490+00:00,DEBUG,6fdd4d896423037b,0f0a29416726563b,nio-8080-exec-3,o.s.web.servlet.DispatcherServlet,Completed 200 OK
2026-07-29T16:02:29.406650+00:00,vets-service,vets-service-799f7d5b65-vzxc7,2026-07-29T16:02:22.396487+00:00,DEBUG,6fdd4d896423037b,d0147d3c85a54a4c,nio-8080-exec-3,o.s.web.servlet.DispatcherServlet,"GET ""/vets"", parameters={}"
2026-07-29T16:02:29.406650+00:00,vets-service,vets-service-799f7d5b65-vzxc7,2026-07-29T16:02:21.644459+00:00,DEBUG,e927ccc9b191215d,b7e0f8809fce904a,nio-8080-exec-9,o.s.web.servlet.DispatcherServlet,Completed 200 OK
2026-07-29T16:02:29.406650+00:00,vets-service,vets-service-799f7d5b65-vzxc7,2026-07-29T16:02:21.644455+00:00,DEBUG,e927ccc9b191215d,0ebbbb1e28e43eb9,nio-8080-exec-9,o.s.web.servlet.DispatcherServlet,"GET ""/vets"", parameters={}"
2026-07-29T16:02:29.406650+00:00,vets-service,vets-service-799f7d5b65-vzxc7,2026-07-29T16:02:21.394031+00:00,DEBUG,2c19c754882c0c7d,2c19c754882c0c7d,nio-8080-exec-8,o.s.web.servlet.DispatcherServlet,Completed 200 OK
2026-07-29T16:02:29.406650+00:00,vets-service,vets-service-799f7d5b65-vzxc7,2026-07-29T16:02:20.139551+00:00,DEBUG,bfdda21f2fcfaf18,a207d2199a329d53,io-8080-exec-19,o.s.web.servlet.DispatcherServlet,Completed 200 OK
2026-07-29T16:02:29.406650+00:00,vets-service,vets-service-799f7d5b65-vzxc7,2026-07-29T16:02:20.139490+00:00,DEBUG,bfdda21f2fcfaf18,e5190e7591595358,io-8080-exec-19,o.s.web.servlet.DispatcherServlet,"GET ""/vets"", parameters={}"
2026-07-29T16:02:29.406650+00:00,vets-service,vets-service-799f7d5b65-vzxc7,2026-07-29T16:02:19.386920+00:00,DEBUG,5779b1ad3cfd35fe,d6103adeba18eb5e,io-8080-exec-20,o.s.web.servlet.DispatcherServlet,Completed 200 OK
2026-07-29T16:02:29.406650+00:00,vets-service,vets-service-799f7d5b65-vzxc7,2026-07-29T16:02:19.386916+00:00,DEBUG,5779b1ad3cfd35fe,4aa8d3bc9bf29a5c,io-8080-exec-20,o.s.web.servlet.DispatcherServlet,"GET ""/vets"", parameters={}"
2026-07-29T16:02:29.406650+00:00,vets-service,vets-service-799f7d5b65-vzxc7,2026-07-29T16:02:16.875915+00:00,DEBUG,b477884a9106edd8,92fb30d4b18153cf,io-8080-exec-15,o.s.web.servlet.DispatcherServlet,Completed 200 OK
2026-07-29T16:02:29.406650+00:00,vets-service,vets-service-799f7d5b65-vzxc7,2026-07-29T16:02:16.875850+00:00,DEBUG,b477884a9106edd8,41cbcac5c977acd0,io-8080-exec-15,o.s.web.servlet.DispatcherServlet,"GET ""/vets"", parameters={}"
2026-07-29T16:02:29.406650+00:00,vets-service,vets-service-799f7d5b65-vzxc7,2026-07-29T16:02:16.122984+00:00,DEBUG,a295bb759544df30,6b3be5dc073e9f2c,io-8080-exec-17,o.s.web.servlet.DispatcherServlet,Completed 200 OK
2026-07-29T16:02:29.406650+00:00,vets-service,vets-service-799f7d5b65-vzxc7,2026-07-29T16:02:15.872764+00:00,DEBUG,a295bb759544df30,a651c724a59fcf68,io-8080-exec-17,o.s.web.servlet.DispatcherServlet,"GET ""/vets"", parameters={}"
2026-07-29T16:02:29.406650+00:00,vets-service,vets-service-799f7d5b65-vzxc7,2026-07-29T16:02:15.119746+00:00,DEBUG,5d0f5f19c4f64168,eb4c3213e7fda27e,nio-8080-exec-5,o.s.web.servlet.DispatcherServlet,Completed 200 OK
2026-07-29T16:02:29.406650+00:00,vets-service,vets-service-799f7d5b65-vzxc7,2026-07-29T16:02:15.119742+00:00,DEBUG,5d0f5f19c4f64168,d66db4380920831e,nio-8080-exec-5,o.s.web.servlet.DispatcherServlet,"GET ""/vets"", parameters={}"
2026-07-29T16:02:29.406650+00:00,vets-service,vets-service-799f7d5b65-vzxc7,2026-07-29T16:02:13.113840+00:00,DEBUG,e07f8af799ad6722,66eb3287c3a4279e,io-8080-exec-21,o.s.web.servlet.DispatcherServlet,Completed 200 OK
2026-07-29T16:02:29.406650+00:00,vets-service,vets-service-799f7d5b65-vzxc7,2026-07-29T16:02:12.862823+00:00,DEBUG,e07f8af799ad6722,a2c7b3ebce514daa,io-8080-exec-21,o.s.web.servlet.DispatcherServlet,"GET ""/vets"", parameters={}"
2026-07-29T16:02:29.406650+00:00,vets-service,vets-service-799f7d5b65-vzxc7,2026-07-29T16:02:12.862799+00:00,DEBUG,766e782148d510ec,9a9063ebe5e7726d,io-8080-exec-18,o.s.web.servlet.DispatcherServlet,Completed 200 OK
2026-07-29T16:02:29.406650+00:00,vets-service,vets-service-799f7d5b65-vzxc7,2026-07-29T16:02:12.862794+00:00,DEBUG,766e782148d510ec,7a1a0dd476c41808,io-8080-exec-18,o.s.web.servlet.DispatcherServlet,"GET ""/vets"", parameters={}"
2026-07-29T16:02:29.406650+00:00,vets-service,vets-service-799f7d5b65-vzxc7,2026-07-29T16:02:11.109285+00:00,DEBUG,fa4d5f2e309ab178,2b88dff4526239ed,nio-8080-exec-3,o.s.web.servlet.DispatcherServlet,Completed 200 OK
2026-07-29T16:02:29.406650+00:00,vets-service,vets-service-799f7d5b65-vzxc7,2026-07-29T16:02:10.857984+00:00,DEBUG,fa4d5f2e309ab178,21b486f9127686be,nio-8080-exec-3,o.s.web.servlet.DispatcherServlet,"GET ""/vets"", parameters={}"
2026-07-29T16:02:29.406650+00:00,vets-service,vets-service-799f7d5b65-vzxc7,2026-07-29T16:02:10.357394+00:00,DEBUG,f7cbbfbef3d062e1,f7cbbfbef3d062e1,nio-8080-exec-9,o.s.web.servlet.DispatcherServlet,Completed 200 OK
2026-07-29T16:02:29.406650+00:00,vets-service,vets-service-799f7d5b65-vzxc7,2026-07-29T16:02:08.349966+00:00,DEBUG,01d242fcf7d3872b,2f178f58b99a2c62,nio-8080-exec-8,o.s.web.servlet.DispatcherServlet,Completed 200 OK
2026-07-29T16:02:29.406650+00:00,vets-service,vets-service-799f7d5b65-vzxc7,2026-07-29T16:02:08.099395+00:00,DEBUG,01d242fcf7d3872b,2626dabffb20c71b,nio-8080-exec-8,o.s.web.servlet.DispatcherServlet,"GET ""/vets"", parameters={}"
2026-07-29T16:02:29.406650+00:00,vets-service,vets-service-799f7d5b65-vzxc7,2026-07-29T16:02:07.347935+00:00,DEBUG,202ef83dc69d0ae9,d15fb1b9960f6d6e,io-8080-exec-19,o.s.web.servlet.DispatcherServlet,Completed 200 OK
2026-07-29T16:02:29.406650+00:00,vets-service,vets-service-799f7d5b65-vzxc7,2026-07-29T16:02:07.347931+00:00,DEBUG,202ef83dc69d0ae9,c0a41492bd149e7e,io-8080-exec-19,o.s.web.servlet.DispatcherServlet,"GET ""/vets"", parameters={}"
2026-07-29T16:02:29.406650+00:00,vets-service,vets-service-799f7d5b65-vzxc7,2026-07-29T16:02:07.096736+00:00,DEBUG,d881282313d869d7,e3790561a1047007,io-8080-exec-20,o.s.web.servlet.DispatcherServlet,Completed 200 OK
2026-07-29T16:02:29.406650+00:00,vets-service,vets-service-799f7d5b65-vzxc7,2026-07-29T16:02:06.846610+00:00,DEBUG,d881282313d869d7,575d1dd36ae99c86,io-8080-exec-20,o.s.web.servlet.DispatcherServlet,"GET ""/vets"", parameters={}"
2026-07-29T16:02:29.406650+00:00,vets-service,vets-service-799f7d5b65-vzxc7,2026-07-29T16:02:06.846598+00:00,DEBUG,f7599a730f0022bd,f7599a730f0022bd,io-8080-exec-15,o.s.web.servlet.DispatcherServlet,Completed 200 OK
2026-07-29T16:02:29.406650+00:00,vets-service,vets-service-799f7d5b65-vzxc7,2026-07-29T16:02:06.595827+00:00,DEBUG,934f35f9f581d916,134a2cba1ca08d4c,io-8080-exec-17,o.s.web.servlet.DispatcherServlet,Completed 200 OK
2026-07-29T16:02:29.406650+00:00,vets-service,vets-service-799f7d5b65-vzxc7,2026-07-29T16:02:06.344476+00:00,DEBUG,8354c7190542c853,8354c7190542c853,nio-8080-exec-5,o.s.web.servlet.DispatcherServlet,Completed 200 OK
2026-07-29T16:02:29.406650+00:00,vets-service,vets-service-799f7d5b65-vzxc7,2026-07-29T16:02:06.344445+00:00,DEBUG,5d780a32fb8c3203,d05c3c1026b7dc58,io-8080-exec-21,o.s.web.servlet.DispatcherServlet,Completed 200 OK
2026-07-29T16:02:29.406650+00:00,vets-service,vets-service-799f7d5b65-vzxc7,2026-07-29T16:02:05.843221+00:00,DEBUG,934f35f9f581d916,cdcd127395fcb62a,io-8080-exec-17,o.s.web.servlet.DispatcherServlet,"GET ""/vets"", parameters={}"
2026-07-29T16:02:29.406650+00:00,vets-service,vets-service-799f7d5b65-vzxc7,2026-07-29T16:02:05.342015+00:00,DEBUG,5d780a32fb8c3203,ac4736c714605c1a,io-8080-exec-21,o.s.web.servlet.DispatcherServlet,"GET ""/vets"", parameters={}"
2026-07-29T16:02:29.406650+00:00,vets-service,vets-service-799f7d5b65-vzxc7,2026-07-29T16:02:04.338865+00:00,DEBUG,0bd772d8bd70808b,9abf221b4e3a8167,io-8080-exec-18,o.s.web.servlet.DispatcherServlet,Completed 200 OK
2026-07-29T16:02:29.406650+00:00,vets-service,vets-service-799f7d5b65-vzxc7,2026-07-29T16:02:03.837592+00:00,DEBUG,0bd772d8bd70808b,528e9fbe7d136fd3,io-8080-exec-18,o.s.web.servlet.DispatcherServlet,"GET ""/vets"", parameters={}"
2026-07-29T16:02:29.406650+00:00,vets-service,vets-service-799f7d5b65-vzxc7,2026-07-29T16:01:58.820739+00:00,DEBUG,c853edbb66a98a81,0affdbb77c44b918,nio-8080-exec-3,o.s.web.servlet.DispatcherServlet,Completed 200 OK
2026-07-29T16:02:29.406650+00:00,vets-service,vets-service-799f7d5b65-vzxc7,2026-07-29T16:01:58.820737+00:00,DEBUG,8b0eece39dae688d,22039953457b0414,nio-8080-exec-9,o.s.web.servlet.DispatcherServlet,Completed 200 OK
2026-07-29T16:02:29.406650+00:00,vets-service,vets-service-799f7d5b65-vzxc7,2026-07-29T16:01:58.570497+00:00,DEBUG,c853edbb66a98a81,3f3037a2349970cb,nio-8080-exec-3,o.s.web.servlet.DispatcherServlet,"GET ""/vets"", parameters={}"
2026-07-29T16:02:29.406650+00:00,vets-service,vets-service-799f7d5b65-vzxc7,2026-07-29T16:01:58.320316+00:00,DEBUG,8b0eece39dae688d,04743491ba3108c2,nio-8080-exec-9,o.s.web.servlet.DispatcherServlet,"GET ""/vets"", parameters={}"
2026-07-29T16:02:29.406650+00:00,vets-service,vets-service-799f7d5b65-vzxc7,2026-07-29T16:01:56.565784+00:00,DEBUG,8a3a96dc50eeb7d5,26e507af9fd42da8,nio-8080-exec-8,o.s.web.servlet.DispatcherServlet,Completed 200 OK
2026-07-29T16:02:29.406650+00:00,vets-service,vets-service-799f7d5b65-vzxc7,2026-07-29T16:01:56.565781+00:00,DEBUG,b4f826f94cf07bc0,c21e004e53bf6ea7,io-8080-exec-19,o.s.web.servlet.DispatcherServlet,Completed 200 OK
2026-07-29T16:02:29.406650+00:00,vets-service,vets-service-799f7d5b65-vzxc7,2026-07-29T16:01:56.063842+00:00,DEBUG,8a3a96dc50eeb7d5,1d6bf92538aebd95,nio-8080-exec-8,o.s.web.servlet.DispatcherServlet,"GET ""/vets"", parameters={}"
2026-07-29T16:02:29.406650+00:00,vets-service,vets-service-799f7d5b65-vzxc7,2026-07-29T16:01:56.063838+00:00,DEBUG,1dff515dbb753e47,c3180219d40d14ea,io-8080-exec-20,o.s.web.servlet.DispatcherServlet,Completed 200 OK
2026-07-29T16:02:29.406650+00:00,vets-service,vets-service-799f7d5b65-vzxc7,2026-07-29T16:01:55.312035+00:00,DEBUG,4e96ac6efac650ce,4e96ac6efac650ce,io-8080-exec-15,o.s.web.servlet.DispatcherServlet,Completed 200 OK
2026-07-29T16:02:29.406650+00:00,vets-service,vets-service-799f7d5b65-vzxc7,2026-07-29T16:01:55.311997+00:00,DEBUG,e4d07b9ccf005751,dd768f35180a8379,nio-8080-exec-5,o.s.web.servlet.DispatcherServlet,Completed 200 OK
2026-07-29T16:02:29.406650+00:00,vets-service,vets-service-799f7d5b65-vzxc7,2026-07-29T16:01:55.061869+00:00,DEBUG,b4f826f94cf07bc0,85740947a914ad98,io-8080-exec-19,o.s.web.servlet.DispatcherServlet,"GET ""/vets"", parameters={}"
2026-07-29T16:02:29.406650+00:00,vets-service,vets-service-799f7d5b65-vzxc7,2026-07-29T16:01:54.309424+00:00,DEBUG,1dff515dbb753e47,5093ab7bd941c5cf,io-8080-exec-20,o.s.web.servlet.DispatcherServlet,"GET ""/vets"", parameters={}"
2026-07-29T16:02:29.406650+00:00,vets-service,vets-service-799f7d5b65-vzxc7,2026-07-29T16:01:53.807366+00:00,DEBUG,e4d07b9ccf005751,f5c7464643c114d8,nio-8080-exec-5,o.s.web.servlet.DispatcherServlet,"GET ""/vets"", parameters={}"
2026-07-29T16:02:29.406650+00:00,vets-service,vets-service-799f7d5b65-vzxc7,2026-07-29T16:01:51.550186+00:00,DEBUG,5522dad7c070981b,92c92e7d2cfc54bd,io-8080-exec-17,o.s.web.servlet.DispatcherServlet,Completed 200 OK
2026-07-29T16:02:29.406650+00:00,vets-service,vets-service-799f7d5b65-vzxc7,2026-07-29T16:01:51.300081+00:00,DEBUG,3561558cb67812a8,3561558cb67812a8,io-8080-exec-21,o.s.web.servlet.DispatcherServlet,Completed 200 OK
2026-07-29T16:02:29.406650+00:00,vets-service,vets-service-799f7d5b65-vzxc7,2026-07-29T16:01:51.300059+00:00,DEBUG,5522dad7c070981b,ccca230ae41a2293,io-8080-exec-17,o.s.web.servlet.DispatcherServlet,"GET ""/vets"", parameters={}"
2026-07-29T16:02:29.406650+00:00,vets-service,vets-service-799f7d5b65-vzxc7,2026-07-29T16:01:50.047090+00:00,DEBUG,a37a38b98bc5276d,fb4102130ad5ebc6,io-8080-exec-18,o.s.web.servlet.DispatcherServlet,Completed 200 OK
2026-07-29T16:02:29.406650+00:00,vets-service,vets-service-799f7d5b65-vzxc7,2026-07-29T16:01:50.047086+00:00,DEBUG,a37a38b98bc5276d,e61279637f229f44,io-8080-exec-18,o.s.web.servlet.DispatcherServlet,"GET ""/vets"", parameters={}"
2026-07-29T16:02:29.406650+00:00,vets-service,vets-service-799f7d5b65-vzxc7,2026-07-29T16:01:49.546629+00:00,DEBUG,78af8041d8db380a,217f14c2fada204c,nio-8080-exec-3,o.s.web.servlet.DispatcherServlet,Completed 200 OK
2026-07-29T16:02:29.406650+00:00,vets-service,vets-service-799f7d5b65-vzxc7,2026-07-29T16:01:49.546626+00:00,DEBUG,78af8041d8db380a,dcdac2a7e8d96a6b,nio-8080-exec-3,o.s.web.servlet.DispatcherServlet,"GET ""/vets"", parameters={}"
2026-07-29T16:02:29.406650+00:00,vets-service,vets-service-799f7d5b65-vzxc7,2026-07-29T16:01:48.293321+00:00,DEBUG,c97316b72101e55c,fe7f61f83878a4f1,nio-8080-exec-9,o.s.web.servlet.DispatcherServlet,Completed 200 OK
2026-07-29T16:02:29.406650+00:00,vets-service,vets-service-799f7d5b65-vzxc7,2026-07-29T16:01:48.293317+00:00,DEBUG,c97316b72101e55c,b9a65cacc3edad2d,nio-8080-exec-9,o.s.web.servlet.DispatcherServlet,"GET ""/vets"", parameters={}"
2026-07-29T16:02:29.406650+00:00,vets-service,vets-service-799f7d5b65-vzxc7,2026-07-29T16:01:48.042327+00:00,DEBUG,fdeeb8b0e467722b,41b1d7e87776aaed,nio-8080-exec-8,o.s.web.servlet.DispatcherServlet,Completed 200 OK
2026-07-29T16:02:29.406650+00:00,vets-service,vets-service-799f7d5b65-vzxc7,2026-07-29T16:01:48.042323+00:00,DEBUG,fdeeb8b0e467722b,147d12a81a01f135,nio-8080-exec-8,o.s.web.servlet.DispatcherServlet,"GET ""/vets"", parameters={}"
2026-07-29T16:02:29.406650+00:00,vets-service,vets-service-799f7d5b65-vzxc7,2026-07-29T16:01:46.789448+00:00,DEBUG,80b4f921c0625b04,80b4f921c0625b04,io-8080-exec-15,o.s.web.servlet.DispatcherServlet,Completed 200 OK
2026-07-29T16:02:29.406650+00:00,vets-service,vets-service-799f7d5b65-vzxc7,2026-07-29T16:01:46.287217+00:00,DEBUG,199e0bb056c57aeb,85fcad699dcb7b39,io-8080-exec-19,o.s.web.servlet.DispatcherServlet,Completed 200 OK
2026-07-29T16:02:29.406650+00:00,vets-service,vets-service-799f7d5b65-vzxc7,2026-07-29T16:01:46.287214+00:00,DEBUG,199e0bb056c57aeb,d52880851bca7239,io-8080-exec-19,o.s.web.servlet.DispatcherServlet,"GET ""/vets"", parameters={}"
2026-07-29T16:02:29.406650+00:00,vets-service,vets-service-799f7d5b65-vzxc7,2026-07-29T16:01:45.785924+00:00,DEBUG,c3d5567cb2f2db38,45af58fe3eacf04f,io-8080-exec-20,o.s.web.servlet.DispatcherServlet,Completed 200 OK
2026-07-29T16:02:29.406650+00:00,vets-service,vets-service-799f7d5b65-vzxc7,2026-07-29T16:01:45.785922+00:00,DEBUG,c3d5567cb2f2db38,ddc2c61a2302692b,io-8080-exec-20,o.s.web.servlet.DispatcherServlet,"GET ""/vets"", parameters={}"
2026-07-29T16:02:29.406650+00:00,vets-service,vets-service-799f7d5b65-vzxc7,2026-07-29T16:01:44.281511+00:00,DEBUG,1ed99a8ae406a912,14bd47aa92536ca1,nio-8080-exec-5,o.s.web.servlet.DispatcherServlet,Completed 200 OK
2026-07-29T16:02:29.406650+00:00,vets-service,vets-service-799f7d5b65-vzxc7,2026-07-29T16:01:44.031070+00:00,DEBUG,1ed99a8ae406a912,7009755254f086e7,nio-8080-exec-5,o.s.web.servlet.DispatcherServlet,"GET ""/vets"", parameters={}"
2026-07-29T16:02:29.406650+00:00,vets-service,vets-service-799f7d5b65-vzxc7,2026-07-29T16:01:44.031039+00:00,DEBUG,c1bf6ce59daeb7fc,ed4c33edad721cc5,io-8080-exec-21,o.s.web.servlet.DispatcherServlet,Completed 200 OK
2026-07-29T16:02:29.406650+00:00,vets-service,vets-service-799f7d5b65-vzxc7,2026-07-29T16:01:44.031012+00:00,DEBUG,c1bf6ce59daeb7fc,49996a7114699ee4,io-8080-exec-21,o.s.web.servlet.DispatcherServlet,"GET ""/vets"", parameters={}"
2026-07-29T16:02:29.406650+00:00,vets-service,vets-service-799f7d5b65-vzxc7,2026-07-29T16:01:44.031008+00:00,DEBUG,a06e5218b7a43e73,b4b5613c7c99a38d,io-8080-exec-17,o.s.web.servlet.DispatcherServlet,Completed 200 OK
2026-07-29T16:02:29.406650+00:00,vets-service,vets-service-799f7d5b65-vzxc7,2026-07-29T16:01:43.779595+00:00,DEBUG,a06e5218b7a43e73,ed041a3bd15383d7,io-8080-exec-17,o.s.web.servlet.DispatcherServlet,"GET ""/vets"", parameters={}"
2026-07-29T16:02:29.406650+00:00,vets-service,vets-service-799f7d5b65-vzxc7,2026-07-29T16:01:43.528482+00:00,DEBUG,1a0c60f010378ee8,121ef395d2788b38,io-8080-exec-18,o.s.web.servlet.DispatcherServlet,Completed 200 OK
2026-07-29T16:02:29.406650+00:00,vets-service,vets-service-799f7d5b65-vzxc7,2026-07-29T16:01:43.528478+00:00,DEBUG,1a0c60f010378ee8,837d41f49d5148f2,io-8080-exec-18,o.s.web.servlet.DispatcherServlet,"GET ""/vets"", parameters={}"
2026-07-29T16:02:29.406650+00:00,vets-service,vets-service-799f7d5b65-vzxc7,2026-07-29T16:01:43.278284+00:00,DEBUG,297b110ce49421b1,c2926593591fc33d,nio-8080-exec-3,o.s.web.servlet.DispatcherServlet,Completed 200 OK
2026-07-29T16:02:29.406650+00:00,vets-service,vets-service-799f7d5b65-vzxc7,2026-07-29T16:01:43.027218+00:00,DEBUG,297b110ce49421b1,d415280594a4a790,nio-8080-exec-3,o.s.web.servlet.DispatcherServlet,"GET ""/vets"", parameters={}"
2026-07-29T16:02:29.406650+00:00,vets-service,vets-service-799f7d5b65-vzxc7,2026-07-29T16:01:42.275285+00:00,DEBUG,fec49e69df3cce96,f47dbcf8c51ebacc,nio-8080-exec-9,o.s.web.servlet.DispatcherServlet,Completed 200 OK
2026-07-29T16:02:29.406650+00:00,vets-service,vets-service-799f7d5b65-vzxc7,2026-07-29T16:01:42.275276+00:00,DEBUG,fec49e69df3cce96,7047860fc4dbb268,nio-8080-exec-9,o.s.web.servlet.DispatcherServlet,"GET ""/vets"", parameters={}"
2026-07-29T16:02:29.406650+00:00,vets-service,vets-service-799f7d5b65-vzxc7,2026-07-29T16:01:40.267996+00:00,DEBUG,140b0cd815d7d8aa,140b0cd815d7d8aa,nio-8080-exec-8,o.s.web.servlet.DispatcherServlet,Completed 200 OK
2026-07-29T16:02:29.406650+00:00,vets-service,vets-service-799f7d5b65-vzxc7,2026-07-29T16:01:39.765913+00:00,DEBUG,ed186627fb9ac2f8,ed90b8de87c99097,io-8080-exec-15,o.s.web.servlet.DispatcherServlet,Completed 200 OK
2026-07-29T16:02:29.406650+00:00,vets-service,vets-service-799f7d5b65-vzxc7,2026-07-29T16:01:39.514613+00:00,DEBUG,ed186627fb9ac2f8,f0b33eb0b534cc70,io-8080-exec-15,o.s.web.servlet.DispatcherServlet,"GET ""/vets"", parameters={}"
2026-07-29T16:02:29.406650+00:00,vets-service,vets-service-799f7d5b65-vzxc7,2026-07-29T16:01:38.512266+00:00,DEBUG,4da2eefd1a09dff6,51613f238185377d,io-8080-exec-19,o.s.web.servlet.DispatcherServlet,Completed 200 OK
2026-07-29T16:02:29.406650+00:00,vets-service,vets-service-799f7d5b65-vzxc7,2026-07-29T16:01:38.262222+00:00,DEBUG,4da2eefd1a09dff6,636a3035daf57a67,io-8080-exec-19,o.s.web.servlet.DispatcherServlet,"GET ""/vets"", parameters={}"
2026-07-29T16:02:29.406650+00:00,vets-service,vets-service-799f7d5b65-vzxc7,2026-07-29T16:01:37.509725+00:00,DEBUG,b5fa1dcb1dab6e2b,d77efedcfe9f291f,io-8080-exec-20,o.s.web.servlet.DispatcherServlet,Completed 200 OK
2026-07-29T16:02:29.406650+00:00,vets-service,vets-service-799f7d5b65-vzxc7,2026-07-29T16:01:37.259458+00:00,DEBUG,b5fa1dcb1dab6e2b,657e76333432fc28,io-8080-exec-20,o.s.web.servlet.DispatcherServlet,"GET ""/vets"", parameters={}"
2026-07-29T16:02:29.406650+00:00,vets-service,vets-service-799f7d5b65-vzxc7,2026-07-29T16:01:36.758421+00:00,DEBUG,4c8d8740fdf6b9df,96f296609012136b,nio-8080-exec-5,o.s.web.servlet.DispatcherServlet,Completed 200 OK
2026-07-29T16:02:29.406650+00:00,vets-service,vets-service-799f7d5b65-vzxc7,2026-07-29T16:01:36.507230+00:00,DEBUG,4c8d8740fdf6b9df,6a5a12d789a37fb6,nio-8080-exec-5,o.s.web.servlet.DispatcherServlet,"GET ""/vets"", parameters={}"
2026-07-29T16:02:29.406650+00:00,vets-service,vets-service-799f7d5b65-vzxc7,2026-07-29T16:01:36.507204+00:00,DEBUG,a169f2ff5824493b,a169f2ff5824493b,io-8080-exec-21,o.s.web.servlet.DispatcherServlet,Completed 200 OK
2026-07-29T16:02:29.406650+00:00,vets-service,vets-service-799f7d5b65-vzxc7,2026-07-29T16:01:36.006794+00:00,DEBUG,c039f3a1bab2ca12,4d603e9d52315c99,io-8080-exec-17,o.s.web.servlet.DispatcherServlet,Completed 200 OK
2026-07-29T16:02:29.406650+00:00,vets-service,vets-service-799f7d5b65-vzxc7,2026-07-29T16:01:35.755852+00:00,DEBUG,c039f3a1bab2ca12,275ab466f134954e,io-8080-exec-17,o.s.web.servlet.DispatcherServlet,"GET ""/vets"", parameters={}"
2026-07-29T16:02:29.406650+00:00,vets-service,vets-service-799f7d5b65-vzxc7,2026-07-29T16:01:35.504753+00:00,DEBUG,10a78b68ab59f80a,0fc4430e66d64027,io-8080-exec-18,o.s.web.servlet.DispatcherServlet,Completed 200 OK
2026-07-29T16:02:29.406650+00:00,vets-service,vets-service-799f7d5b65-vzxc7,2026-07-29T16:01:35.254458+00:00,DEBUG,10a78b68ab59f80a,c65682c9b8b3d0d8,io-8080-exec-18,o.s.web.servlet.DispatcherServlet,"GET ""/vets"", parameters={}"
2026-07-29T16:02:29.406650+00:00,vets-service,vets-service-799f7d5b65-vzxc7,2026-07-29T16:01:35.004436+00:00,DEBUG,2826a89c35faae8e,dfaf763fbcbef3e4,nio-8080-exec-3,o.s.web.servlet.DispatcherServlet,Completed 200 OK
2026-07-29T16:02:29.406650+00:00,vets-service,vets-service-799f7d5b65-vzxc7,2026-07-29T16:01:35.004435+00:00,DEBUG,2826a89c35faae8e,14e9e0f7bf41b35e,nio-8080-exec-3,o.s.web.servlet.DispatcherServlet,"GET ""/vets"", parameters={}"
2026-07-29T16:02:29.406650+00:00,vets-service,vets-service-799f7d5b65-vzxc7,2026-07-29T16:01:34.502082+00:00,DEBUG,83fa16f28618113c,54e16c49d2fbdcc9,nio-8080-exec-9,o.s.web.servlet.DispatcherServlet,Completed 200 OK
2026-07-29T16:02:29.406650+00:00,vets-service,vets-service-799f7d5b65-vzxc7,2026-07-29T16:01:34.251931+00:00,DEBUG,83fa16f28618113c,33fb26abcfdc1055,nio-8080-exec-9,o.s.web.servlet.DispatcherServlet,"GET ""/vets"", parameters={}"
2026-07-29T16:02:29.406650+00:00,vets-service,vets-service-799f7d5b65-vzxc7,2026-07-29T16:01:34.251927+00:00,DEBUG,3850c39e6f57aab8,0e10c86c612f682a,nio-8080-exec-8,o.s.web.servlet.DispatcherServlet,Completed 200 OK
2026-07-29T16:02:29.406650+00:00,vets-service,vets-service-799f7d5b65-vzxc7,2026-07-29T16:01:34.001845+00:00,DEBUG,3850c39e6f57aab8,4616469ceee81eb8,nio-8080-exec-8,o.s.web.servlet.DispatcherServlet,"GET ""/vets"", parameters={}"
2026-07-29T16:02:29.406650+00:00,vets-service,vets-service-799f7d5b65-vzxc7,2026-07-29T16:01:34.001822+00:00,DEBUG,01e31002a9851f1a,08fd19a783dee2cf,io-8080-exec-15,o.s.web.servlet.DispatcherServlet,Completed 200 OK
2026-07-29T16:02:29.406650+00:00,vets-service,vets-service-799f7d5b65-vzxc7,2026-07-29T16:01:34.001818+00:00,DEBUG,01e31002a9851f1a,8c1e417922bd2807,io-8080-exec-15,o.s.web.servlet.DispatcherServlet,"GET ""/vets"", parameters={}"
2026-07-29T16:02:29.406650+00:00,vets-service,vets-service-799f7d5b65-vzxc7,2026-07-29T16:01:33.750674+00:00,DEBUG,5e73fb3c3dc2a285,b6431e85a45f1333,io-8080-exec-19,o.s.web.servlet.DispatcherServlet,Completed 200 OK
2026-07-29T16:02:29.406650+00:00,vets-service,vets-service-799f7d5b65-vzxc7,2026-07-29T16:01:33.500570+00:00,DEBUG,5e73fb3c3dc2a285,878f36d8b38d439a,io-8080-exec-19,o.s.web.servlet.DispatcherServlet,"GET ""/vets"", parameters={}"
2026-07-29T16:02:29.406650+00:00,vets-service,vets-service-799f7d5b65-vzxc7,2026-07-29T16:01:33.500551+00:00,DEBUG,c763934c2ffcbd8b,b13af65bc9383945,io-8080-exec-20,o.s.web.servlet.DispatcherServlet,Completed 200 OK
2026-07-29T16:02:29.406650+00:00,vets-service,vets-service-799f7d5b65-vzxc7,2026-07-29T16:01:33.500549+00:00,DEBUG,c763934c2ffcbd8b,0704080009086d74,io-8080-exec-20,o.s.web.servlet.DispatcherServlet,"GET ""/vets"", parameters={}"
2026-07-29T16:02:29.406650+00:00,vets-service,vets-service-799f7d5b65-vzxc7,2026-07-29T16:01:32.496776+00:00,DEBUG,c95505f9891aa945,058d1261aea74f4e,nio-8080-exec-5,o.s.web.servlet.DispatcherServlet,Completed 200 OK
2026-07-29T16:02:29.406650+00:00,vets-service,vets-service-799f7d5b65-vzxc7,2026-07-29T16:01:32.245690+00:00,DEBUG,c95505f9891aa945,9f2144400cddfa55,nio-8080-exec-5,o.s.web.servlet.DispatcherServlet,"GET ""/vets"", parameters={}"
2026-07-29T16:02:29.406650+00:00,vets-service,vets-service-799f7d5b65-vzxc7,2026-07-29T16:01:31.995435+00:00,DEBUG,5ca9b749387ae72b,17beebe49acab18c,io-8080-exec-21,o.s.web.servlet.DispatcherServlet,Completed 200 OK
2026-07-29T16:02:29.406650+00:00,vets-service,vets-service-799f7d5b65-vzxc7,2026-07-29T16:01:31.744591+00:00,DEBUG,9abed717f2ff4a62,75869e71bc50075d,io-8080-exec-17,o.s.web.servlet.DispatcherServlet,Completed 200 OK
2026-07-29T16:02:29.406650+00:00,vets-service,vets-service-799f7d5b65-vzxc7,2026-07-29T16:01:31.744586+00:00,DEBUG,5ca9b749387ae72b,84db1bf0241b4ee7,io-8080-exec-21,o.s.web.servlet.DispatcherServlet,"GET ""/vets"", parameters={}"
2026-07-29T16:02:29.406650+00:00,vets-service,vets-service-799f7d5b65-vzxc7,2026-07-29T16:01:31.493796+00:00,DEBUG,c876a5e8135825b0,7982b2c32b5e3717,io-8080-exec-18,o.s.web.servlet.DispatcherServlet,Completed 200 OK
2026-07-29T16:02:29.406650+00:00,vets-service,vets-service-799f7d5b65-vzxc7,2026-07-29T16:01:31.243227+00:00,DEBUG,b80d156521243a8b,6594689a8cf001ab,nio-8080-exec-3,o.s.web.servlet.DispatcherServlet,Completed 200 OK
2026-07-29T16:02:29.406650+00:00,vets-service,vets-service-799f7d5b65-vzxc7,2026-07-29T16:01:31.243222+00:00,DEBUG,9abed717f2ff4a62,336cb68966911ed5,io-8080-exec-17,o.s.web.servlet.DispatcherServlet,"GET ""/vets"", parameters={}"
2026-07-29T16:02:29.406650+00:00,vets-service,vets-service-799f7d5b65-vzxc7,2026-07-29T16:01:30.992954+00:00,DEBUG,42bcb3f59cd9c309,9a458dfb4ca0149b,nio-8080-exec-9,o.s.web.servlet.DispatcherServlet,Completed 200 OK
2026-07-29T16:02:29.406650+00:00,vets-service,vets-service-799f7d5b65-vzxc7,2026-07-29T16:01:30.992952+00:00,DEBUG,c876a5e8135825b0,faa1bce5ebd52e63,io-8080-exec-18,o.s.web.servlet.DispatcherServlet,"GET ""/vets"", parameters={}"
2026-07-29T16:02:29.406650+00:00,vets-service,vets-service-799f7d5b65-vzxc7,2026-07-29T16:01:30.490836+00:00,DEBUG,b80d156521243a8b,2373b08718bd6c78,nio-8080-exec-3,o.s.web.servlet.DispatcherServlet,"GET ""/vets"", parameters={}"
2026-07-29T16:02:29.406650+00:00,vets-service,vets-service-799f7d5b65-vzxc7,2026-07-29T16:01:30.239916+00:00,DEBUG,a849acee7d6164e3,4f2f4415cf9f1e9d,nio-8080-exec-8,o.s.web.servlet.DispatcherServlet,Completed 200 OK
2026-07-29T16:02:29.406650+00:00,vets-service,vets-service-799f7d5b65-vzxc7,2026-07-29T16:01:29.988807+00:00,DEBUG,42bcb3f59cd9c309,854ddcbf41f4882b,nio-8080-exec-9,o.s.web.servlet.DispatcherServlet,"GET ""/vets"", parameters={}"
2026-07-29T16:02:29.406650+00:00,vets-service,vets-service-799f7d5b65-vzxc7,2026-07-29T16:01:29.488311+00:00,DEBUG,a849acee7d6164e3,ba829209f2ddc08b,nio-8080-exec-8,o.s.web.servlet.DispatcherServlet,"GET ""/vets"", parameters={}"
2026-07-29T16:02:29.406650+00:00,vets-service,vets-service-799f7d5b65-vzxc7,2026-07-29T16:01:27.734129+00:00,DEBUG,a6907ecf42ab46b3,3e6ed97dbba3707a,io-8080-exec-15,o.s.web.servlet.DispatcherServlet,Completed 200 OK
2026-07-29T16:02:29.406650+00:00,vets-service,vets-service-799f7d5b65-vzxc7,2026-07-29T16:01:26.981980+00:00,DEBUG,a6907ecf42ab46b3,1a8c0d46379b764b,io-8080-exec-15,o.s.web.servlet.DispatcherServlet,"GET ""/vets"", parameters={}"
2026-07-29T16:02:29.406650+00:00,vets-service,vets-service-799f7d5b65-vzxc7,2026-07-29T16:01:26.731235+00:00,DEBUG,87d7f99d36543f95,87d7f99d36543f95,io-8080-exec-19,o.s.web.servlet.DispatcherServlet,Completed 200 OK
2026-07-29T16:02:29.406650+00:00,vets-service,vets-service-799f7d5b65-vzxc7,2026-07-29T16:01:25.979428+00:00,DEBUG,b3b207c68eca9992,7319c68bec68444a,io-8080-exec-20,o.s.web.servlet.DispatcherServlet,Completed 200 OK
2026-07-29T16:02:29.406650+00:00,vets-service,vets-service-799f7d5b65-vzxc7,2026-07-29T16:01:25.979423+00:00,DEBUG,b3b207c68eca9992,652bae881dad32f4,io-8080-exec-20,o.s.web.servlet.DispatcherServlet,"GET ""/vets"", parameters={}"
2026-07-29T16:02:29.406650+00:00,vets-service,vets-service-799f7d5b65-vzxc7,2026-07-29T16:01:25.478060+00:00,DEBUG,3c20223e7c8123f9,e3baf8484d3515ce,nio-8080-exec-5,o.s.web.servlet.DispatcherServlet,Completed 200 OK
2026-07-29T16:02:29.406650+00:00,vets-service,vets-service-799f7d5b65-vzxc7,2026-07-29T16:01:25.478032+00:00,DEBUG,98c46eedf9e39c82,98c46eedf9e39c82,io-8080-exec-21,o.s.web.servlet.DispatcherServlet,Completed 200 OK
2026-07-29T16:02:29.406650+00:00,vets-service,vets-service-799f7d5b65-vzxc7,2026-07-29T16:01:25.226871+00:00,DEBUG,3c20223e7c8123f9,f9c231437d676450,nio-8080-exec-5,o.s.web.servlet.DispatcherServlet,"GET ""/vets"", parameters={}"
2026-07-29T16:02:29.406650+00:00,vets-service,vets-service-799f7d5b65-vzxc7,2026-07-29T16:01:24.975799+00:00,DEBUG,4df74ad951c15d5f,1fd082dee2749d19,io-8080-exec-17,o.s.web.servlet.DispatcherServlet,Completed 200 OK
2026-07-29T16:02:29.406650+00:00,vets-service,vets-service-799f7d5b65-vzxc7,2026-07-29T16:01:24.975794+00:00,DEBUG,4df74ad951c15d5f,02ce4d91a44f3a25,io-8080-exec-17,o.s.web.servlet.DispatcherServlet,"GET ""/vets"", parameters={}"
2026-07-29T16:02:29.406650+00:00,visits-service,visits-service-6868c8596f-9q28w,2026-07-29T16:02:20.256187+00:00,DEBUG,588c9bb1311d6313,588c9bb1311d6313,nio-8080-exec-8,o.s.web.servlet.DispatcherServlet,Completed 200 OK
2026-07-29T16:02:29.406650+00:00,visits-service,visits-service-6868c8596f-9q28w,2026-07-29T16:02:16.746165+00:00,DEBUG,7824dc5afed79492,7824dc5afed79492,io-8080-exec-10,o.s.web.servlet.DispatcherServlet,Completed 200 OK
2026-07-29T16:02:29.406650+00:00,visits-service,visits-service-6868c8596f-9q28w,2026-07-29T16:02:15.993654+00:00,DEBUG,18fb04a1986c817b,18fb04a1986c817b,nio-8080-exec-1,o.s.web.servlet.DispatcherServlet,Completed 200 OK
2026-07-29T16:02:29.406650+00:00,visits-service,visits-service-6868c8596f-9q28w,2026-07-29T16:02:14.237571+00:00,DEBUG,70d82becc540e5e0,3e1aa2fa64ca91d2,nio-8080-exec-9,o.s.web.servlet.DispatcherServlet,Completed 200 OK
2026-07-29T16:02:29.406650+00:00,visits-service,visits-service-6868c8596f-9q28w,2026-07-29T16:02:13.986330+00:00,DEBUG,70d82becc540e5e0,3e1aa2fa64ca91d2,nio-8080-exec-9,o.s.web.servlet.DispatcherServlet,"GET ""/owners/1/pets/1/visits"", parameters={}"
2026-07-29T16:02:29.406650+00:00,visits-service,visits-service-6868c8596f-9q28w,2026-07-29T16:02:12.483797+00:00,DEBUG,0df051d367fd44e2,529947a32240b757,nio-8080-exec-6,o.s.web.servlet.DispatcherServlet,Completed 200 OK
2026-07-29T16:02:29.406650+00:00,visits-service,visits-service-6868c8596f-9q28w,2026-07-29T16:02:12.483782+00:00,DEBUG,0df051d367fd44e2,529947a32240b757,nio-8080-exec-6,o.s.web.servlet.DispatcherServlet,"GET ""/owners/1/pets/1/visits"", parameters={}"
2026-07-29T16:02:29.406650+00:00,visits-service,visits-service-6868c8596f-9q28w,2026-07-29T16:02:11.731296+00:00,DEBUG,b4f68f6b83ecc9ec,870d1582ac1c6198,nio-8080-exec-4,o.s.web.servlet.DispatcherServlet,Completed 200 OK
2026-07-29T16:02:29.406650+00:00,visits-service,visits-service-6868c8596f-9q28w,2026-07-29T16:02:11.731245+00:00,DEBUG,b4f68f6b83ecc9ec,870d1582ac1c6198,nio-8080-exec-4,o.s.web.servlet.DispatcherServlet,"GET ""/owners/1/pets/1/visits"", parameters={}"
2026-07-29T16:02:29.406650+00:00,visits-service,visits-service-6868c8596f-9q28w,2026-07-29T16:02:10.728102+00:00,DEBUG,6aeca1116a08020c,13bd519414fbb272,nio-8080-exec-7,o.s.web.servlet.DispatcherServlet,Completed 200 OK
2026-07-29T16:02:29.406650+00:00,visits-service,visits-service-6868c8596f-9q28w,2026-07-29T16:02:10.728097+00:00,DEBUG,6aeca1116a08020c,13bd519414fbb272,nio-8080-exec-7,o.s.web.servlet.DispatcherServlet,"GET ""/owners/1/pets/1/visits"", parameters={}"
2026-07-29T16:02:29.406650+00:00,visits-service,visits-service-6868c8596f-9q28w,2026-07-29T16:02:09.223059+00:00,DEBUG,07b66f34a89bb8fa,999a1a7d4ff15b2a,nio-8080-exec-3,o.s.web.servlet.DispatcherServlet,Completed 200 OK
2026-07-29T16:02:29.406650+00:00,visits-service,visits-service-6868c8596f-9q28w,2026-07-29T16:02:09.222993+00:00,DEBUG,07b66f34a89bb8fa,999a1a7d4ff15b2a,nio-8080-exec-3,o.s.web.servlet.DispatcherServlet,"GET ""/owners/1/pets/1/visits"", parameters={}"
2026-07-29T16:02:29.406650+00:00,visits-service,visits-service-6868c8596f-9q28w,2026-07-29T16:02:06.716186+00:00,DEBUG,b47750a7c706b70d,4a5c0b94420c6597,nio-8080-exec-2,o.s.web.servlet.DispatcherServlet,Completed 200 OK
2026-07-29T16:02:29.406650+00:00,visits-service,visits-service-6868c8596f-9q28w,2026-07-29T16:02:06.716184+00:00,DEBUG,b47750a7c706b70d,4a5c0b94420c6597,nio-8080-exec-2,o.s.web.servlet.DispatcherServlet,"GET ""/owners/1/pets/1/visits"", parameters={}"
2026-07-29T16:02:29.406650+00:00,visits-service,visits-service-6868c8596f-9q28w,2026-07-29T16:02:05.462214+00:00,DEBUG,90a11d0fa6fddbfd,90a11d0fa6fddbfd,nio-8080-exec-5,o.s.web.servlet.DispatcherServlet,Completed 200 OK
2026-07-29T16:02:29.406650+00:00,visits-service,visits-service-6868c8596f-9q28w,2026-07-29T16:02:05.212078+00:00,DEBUG,ebe140bad6b6ca1a,59b8ea786ce3a7bb,nio-8080-exec-8,o.s.web.servlet.DispatcherServlet,Completed 200 OK
2026-07-29T16:02:29.406650+00:00,visits-service,visits-service-6868c8596f-9q28w,2026-07-29T16:02:05.212074+00:00,DEBUG,ebe140bad6b6ca1a,59b8ea786ce3a7bb,nio-8080-exec-8,o.s.web.servlet.DispatcherServlet,"GET ""/owners/1/pets/1/visits"", parameters={}"
2026-07-29T16:02:29.406650+00:00,visits-service,visits-service-6868c8596f-9q28w,2026-07-29T16:02:04.960818+00:00,DEBUG,a269e4e41264d8b9,f5cc7d18a7d61fa6,io-8080-exec-10,o.s.web.servlet.DispatcherServlet,Completed 200 OK
2026-07-29T16:02:29.406650+00:00,visits-service,visits-service-6868c8596f-9q28w,2026-07-29T16:02:04.709757+00:00,DEBUG,a269e4e41264d8b9,f5cc7d18a7d61fa6,io-8080-exec-10,o.s.web.servlet.DispatcherServlet,"GET ""/owners/1/pets/1/visits"", parameters={}"
2026-07-29T16:02:29.406650+00:00,visits-service,visits-service-6868c8596f-9q28w,2026-07-29T16:02:03.206749+00:00,DEBUG,e5b9dedaec665914,25c2ce97675f1a88,nio-8080-exec-1,o.s.web.servlet.DispatcherServlet,Completed 200 OK
2026-07-29T16:02:29.406650+00:00,visits-service,visits-service-6868c8596f-9q28w,2026-07-29T16:02:03.206746+00:00,DEBUG,e5b9dedaec665914,25c2ce97675f1a88,nio-8080-exec-1,o.s.web.servlet.DispatcherServlet,"GET ""/owners/1/pets/1/visits"", parameters={}"
2026-07-29T16:02:29.406650+00:00,visits-service,visits-service-6868c8596f-9q28w,2026-07-29T16:02:02.204144+00:00,DEBUG,17d25684e63e7f23,c4cc2aafc1c422a7,nio-8080-exec-9,o.s.web.servlet.DispatcherServlet,Completed 200 OK
2026-07-29T16:02:29.406650+00:00,visits-service,visits-service-6868c8596f-9q28w,2026-07-29T16:02:02.204140+00:00,DEBUG,17d25684e63e7f23,c4cc2aafc1c422a7,nio-8080-exec-9,o.s.web.servlet.DispatcherServlet,"GET ""/owners/1/pets/1/visits"", parameters={}"
2026-07-29T16:02:29.406650+00:00,visits-service,visits-service-6868c8596f-9q28w,2026-07-29T16:02:01.702418+00:00,DEBUG,c0d76e939969afab,c0d76e939969afab,nio-8080-exec-6,o.s.web.servlet.DispatcherServlet,Completed 200 OK
2026-07-29T16:02:29.406650+00:00,visits-service,visits-service-6868c8596f-9q28w,2026-07-29T16:02:01.702369+00:00,DEBUG,c8f4985b801b75ac,06a41e7087b6e1d3,nio-8080-exec-4,o.s.web.servlet.DispatcherServlet,Completed 200 OK
2026-07-29T16:02:29.406650+00:00,visits-service,visits-service-6868c8596f-9q28w,2026-07-29T16:02:01.702365+00:00,DEBUG,c8f4985b801b75ac,06a41e7087b6e1d3,nio-8080-exec-4,o.s.web.servlet.DispatcherServlet,"GET ""/owners/1/pets/1/visits"", parameters={}"
2026-07-29T16:02:29.406650+00:00,visits-service,visits-service-6868c8596f-9q28w,2026-07-29T16:02:00.197177+00:00,DEBUG,e70880bdbb9f5b6e,fa146b1d4d0c870d,nio-8080-exec-7,o.s.web.servlet.DispatcherServlet,Completed 200 OK
2026-07-29T16:02:29.406650+00:00,visits-service,visits-service-6868c8596f-9q28w,2026-07-29T16:02:00.197172+00:00,DEBUG,e70880bdbb9f5b6e,fa146b1d4d0c870d,nio-8080-exec-7,o.s.web.servlet.DispatcherServlet,"GET ""/owners/1/pets/1/visits"", parameters={}"
2026-07-29T16:02:29.406650+00:00,visits-service,visits-service-6868c8596f-9q28w,2026-07-29T16:01:59.195531+00:00,DEBUG,27eb9445ca7ddf5e,23282883c37f432b,nio-8080-exec-3,o.s.web.servlet.DispatcherServlet,Completed 200 OK
2026-07-29T16:02:29.406650+00:00,visits-service,visits-service-6868c8596f-9q28w,2026-07-29T16:01:59.195527+00:00,DEBUG,27eb9445ca7ddf5e,23282883c37f432b,nio-8080-exec-3,o.s.web.servlet.DispatcherServlet,"GET ""/owners/1/pets/1/visits"", parameters={}"
2026-07-29T16:02:29.406650+00:00,visits-service,visits-service-6868c8596f-9q28w,2026-07-29T16:01:58.443084+00:00,DEBUG,e392e2cfcc374560,fd5d60dc91cbf33c,nio-8080-exec-2,o.s.web.servlet.DispatcherServlet,Completed 200 OK
2026-07-29T16:02:29.406650+00:00,visits-service,visits-service-6868c8596f-9q28w,2026-07-29T16:01:58.443080+00:00,DEBUG,e392e2cfcc374560,fd5d60dc91cbf33c,nio-8080-exec-2,o.s.web.servlet.DispatcherServlet,"GET ""/owners/1/pets/1/visits"", parameters={}"
2026-07-29T16:02:29.406650+00:00,visits-service,visits-service-6868c8596f-9q28w,2026-07-29T16:01:57.940708+00:00,DEBUG,e2c3089fb2b93115,3adcd7b2560b4e67,nio-8080-exec-5,o.s.web.servlet.DispatcherServlet,Completed 200 OK
2026-07-29T16:02:29.406650+00:00,visits-service,visits-service-6868c8596f-9q28w,2026-07-29T16:01:57.940704+00:00,DEBUG,e2c3089fb2b93115,3adcd7b2560b4e67,nio-8080-exec-5,o.s.web.servlet.DispatcherServlet,"GET ""/owners/1/pets/1/visits"", parameters={}"
2026-07-29T16:02:29.406650+00:00,visits-service,visits-service-6868c8596f-9q28w,2026-07-29T16:01:57.690229+00:00,DEBUG,1bb50c9c05d9ed34,a45a46300c8dbcfa,nio-8080-exec-8,o.s.web.servlet.DispatcherServlet,Completed 200 OK
2026-07-29T16:02:29.406650+00:00,visits-service,visits-service-6868c8596f-9q28w,2026-07-29T16:01:57.690165+00:00,DEBUG,1bb50c9c05d9ed34,a45a46300c8dbcfa,nio-8080-exec-8,o.s.web.servlet.DispatcherServlet,"GET ""/owners/1/pets/1/visits"", parameters={}"
2026-07-29T16:02:29.406650+00:00,visits-service,visits-service-6868c8596f-9q28w,2026-07-29T16:01:55.934700+00:00,DEBUG,517f5d2360a7ef7a,8416ac33c6cbacf4,io-8080-exec-10,o.s.web.servlet.DispatcherServlet,Completed 200 OK
2026-07-29T16:02:29.406650+00:00,visits-service,visits-service-6868c8596f-9q28w,2026-07-29T16:01:55.934665+00:00,DEBUG,2ee128f2de1593ec,2ee128f2de1593ec,nio-8080-exec-1,o.s.web.servlet.DispatcherServlet,Completed 200 OK
2026-07-29T16:02:29.406650+00:00,visits-service,visits-service-6868c8596f-9q28w,2026-07-29T16:01:55.683755+00:00,DEBUG,517f5d2360a7ef7a,8416ac33c6cbacf4,io-8080-exec-10,o.s.web.servlet.DispatcherServlet,"GET ""/owners/1/pets/1/visits"", parameters={}"
2026-07-29T16:02:29.406650+00:00,visits-service,visits-service-6868c8596f-9q28w,2026-07-29T16:01:53.680209+00:00,DEBUG,4f4b0b0e50d89d0d,b7b5df6311cf473c,nio-8080-exec-9,o.s.web.servlet.DispatcherServlet,Completed 200 OK
2026-07-29T16:02:29.406650+00:00,visits-service,visits-service-6868c8596f-9q28w,2026-07-29T16:01:53.680163+00:00,DEBUG,4f4b0b0e50d89d0d,b7b5df6311cf473c,nio-8080-exec-9,o.s.web.servlet.DispatcherServlet,"GET ""/owners/1/pets/1/visits"", parameters={}"
2026-07-29T16:02:29.406650+00:00,visits-service,visits-service-6868c8596f-9q28w,2026-07-29T16:01:53.178240+00:00,DEBUG,5dc242ed1b1ac1bd,0944c35330146af5,nio-8080-exec-6,o.s.web.servlet.DispatcherServlet,Completed 200 OK
2026-07-29T16:02:29.406650+00:00,visits-service,visits-service-6868c8596f-9q28w,2026-07-29T16:01:53.178216+00:00,DEBUG,5dc242ed1b1ac1bd,0944c35330146af5,nio-8080-exec-6,o.s.web.servlet.DispatcherServlet,"GET ""/owners/1/pets/1/visits"", parameters={}"
2026-07-29T16:02:29.406650+00:00,visits-service,visits-service-6868c8596f-9q28w,2026-07-29T16:01:52.677402+00:00,DEBUG,fff2e6ef07f2d53e,9ef877557df861c0,nio-8080-exec-4,o.s.web.servlet.DispatcherServlet,Completed 200 OK
2026-07-29T16:02:29.406650+00:00,visits-service,visits-service-6868c8596f-9q28w,2026-07-29T16:01:52.426373+00:00,DEBUG,fff2e6ef07f2d53e,9ef877557df861c0,nio-8080-exec-4,o.s.web.servlet.DispatcherServlet,"GET ""/owners/1/pets/1/visits"", parameters={}"
2026-07-29T16:02:29.406650+00:00,visits-service,visits-service-6868c8596f-9q28w,2026-07-29T16:01:51.674975+00:00,DEBUG,b5acb027742dfe0f,68c52144fb5972ee,nio-8080-exec-7,o.s.web.servlet.DispatcherServlet,Completed 200 OK
2026-07-29T16:02:29.406650+00:00,visits-service,visits-service-6868c8596f-9q28w,2026-07-29T16:01:51.674971+00:00,DEBUG,b5acb027742dfe0f,68c52144fb5972ee,nio-8080-exec-7,o.s.web.servlet.DispatcherServlet,"GET ""/owners/1/pets/1/visits"", parameters={}"
2026-07-29T16:02:29.406650+00:00,visits-service,visits-service-6868c8596f-9q28w,2026-07-29T16:01:50.922559+00:00,DEBUG,fb6d0a3cd74a0322,b581a390a73440bc,nio-8080-exec-3,o.s.web.servlet.DispatcherServlet,Completed 200 OK
2026-07-29T16:02:29.406650+00:00,visits-service,visits-service-6868c8596f-9q28w,2026-07-29T16:01:50.671187+00:00,DEBUG,fb6d0a3cd74a0322,b581a390a73440bc,nio-8080-exec-3,o.s.web.servlet.DispatcherServlet,"GET ""/owners/1/pets/1/visits"", parameters={}"
2026-07-29T16:02:29.406650+00:00,visits-service,visits-service-6868c8596f-9q28w,2026-07-29T16:01:50.420128+00:00,DEBUG,a7e382f88c49fa8d,a7e382f88c49fa8d,nio-8080-exec-2,o.s.web.servlet.DispatcherServlet,Completed 200 OK
2026-07-29T16:02:29.406650+00:00,visits-service,visits-service-6868c8596f-9q28w,2026-07-29T16:01:49.667091+00:00,DEBUG,dbea75a2ddf0fbff,ceb4772399580277,nio-8080-exec-5,o.s.web.servlet.DispatcherServlet,Completed 200 OK
2026-07-29T16:02:29.406650+00:00,visits-service,visits-service-6868c8596f-9q28w,2026-07-29T16:01:49.667087+00:00,DEBUG,dbea75a2ddf0fbff,ceb4772399580277,nio-8080-exec-5,o.s.web.servlet.DispatcherServlet,"GET ""/owners/1/pets/1/visits"", parameters={}"
2026-07-29T16:02:29.406650+00:00,visits-service,visits-service-6868c8596f-9q28w,2026-07-29T16:01:49.166028+00:00,DEBUG,af74f31b6ba2d841,24c9ad26580b08c3,nio-8080-exec-8,o.s.web.servlet.DispatcherServlet,Completed 200 OK
2026-07-29T16:02:29.406650+00:00,visits-service,visits-service-6868c8596f-9q28w,2026-07-29T16:01:49.166025+00:00,DEBUG,af74f31b6ba2d841,24c9ad26580b08c3,nio-8080-exec-8,o.s.web.servlet.DispatcherServlet,"GET ""/owners/1/pets/1/visits"", parameters={}"
2026-07-29T16:02:29.406650+00:00,visits-service,visits-service-6868c8596f-9q28w,2026-07-29T16:01:48.664762+00:00,DEBUG,c936a66d97869f4d,cfc5aba880c770d6,nio-8080-exec-1,o.s.web.servlet.DispatcherServlet,Completed 200 OK
2026-07-29T16:02:29.406650+00:00,visits-service,visits-service-6868c8596f-9q28w,2026-07-29T16:01:48.664758+00:00,DEBUG,c936a66d97869f4d,cfc5aba880c770d6,nio-8080-exec-1,o.s.web.servlet.DispatcherServlet,"GET ""/owners/1/pets/1/visits"", parameters={}"
2026-07-29T16:02:29.406650+00:00,visits-service,visits-service-6868c8596f-9q28w,2026-07-29T16:01:46.656688+00:00,DEBUG,8dff4c39a2357252,8dff4c39a2357252,io-8080-exec-10,o.s.web.servlet.DispatcherServlet,Completed 200 OK
2026-07-29T16:02:29.406650+00:00,visits-service,visits-service-6868c8596f-9q28w,2026-07-29T16:01:44.902092+00:00,DEBUG,9e1f514290b010b8,ae59fd39ebd1e3e6,nio-8080-exec-9,o.s.web.servlet.DispatcherServlet,Completed 200 OK
2026-07-29T16:02:29.406650+00:00,visits-service,visits-service-6868c8596f-9q28w,2026-07-29T16:01:44.902088+00:00,DEBUG,9e1f514290b010b8,ae59fd39ebd1e3e6,nio-8080-exec-9,o.s.web.servlet.DispatcherServlet,"GET ""/owners/1/pets/1/visits"", parameters={}"
2026-07-29T16:02:29.406650+00:00,visits-service,visits-service-6868c8596f-9q28w,2026-07-29T16:01:41.896007+00:00,DEBUG,f64a831c40bf1964,4f1a615952d2913a,nio-8080-exec-6,o.s.web.servlet.DispatcherServlet,Completed 200 OK
2026-07-29T16:02:29.406650+00:00,visits-service,visits-service-6868c8596f-9q28w,2026-07-29T16:01:41.896003+00:00,DEBUG,f64a831c40bf1964,4f1a615952d2913a,nio-8080-exec-6,o.s.web.servlet.DispatcherServlet,"GET ""/owners/1/pets/1/visits"", parameters={}"
2026-07-29T16:02:29.406650+00:00,visits-service,visits-service-6868c8596f-9q28w,2026-07-29T16:01:41.394599+00:00,DEBUG,e5a84dc9c05b51fe,cd0a20949b43b48d,nio-8080-exec-4,o.s.web.servlet.DispatcherServlet,Completed 200 OK
2026-07-29T16:02:29.406650+00:00,visits-service,visits-service-6868c8596f-9q28w,2026-07-29T16:01:41.394595+00:00,DEBUG,e5a84dc9c05b51fe,cd0a20949b43b48d,nio-8080-exec-4,o.s.web.servlet.DispatcherServlet,"GET ""/owners/1/pets/1/visits"", parameters={}"
2026-07-29T16:02:29.406650+00:00,visits-service,visits-service-6868c8596f-9q28w,2026-07-29T16:01:40.392442+00:00,DEBUG,e3a965c9da106931,91de0aacd30cc9ee,nio-8080-exec-7,o.s.web.servlet.DispatcherServlet,Completed 200 OK
2026-07-29T16:02:29.406650+00:00,visits-service,visits-service-6868c8596f-9q28w,2026-07-29T16:01:40.392438+00:00,DEBUG,e3a965c9da106931,91de0aacd30cc9ee,nio-8080-exec-7,o.s.web.servlet.DispatcherServlet,"GET ""/owners/1/pets/1/visits"", parameters={}"
2026-07-29T16:02:29.406650+00:00,visits-service,visits-service-6868c8596f-9q28w,2026-07-29T16:01:39.890664+00:00,DEBUG,7afae5c2d72a838e,e2c8fca2bb0653c2,nio-8080-exec-3,o.s.web.servlet.DispatcherServlet,Completed 200 OK
2026-07-29T16:02:29.406650+00:00,visits-service,visits-service-6868c8596f-9q28w,2026-07-29T16:01:39.890660+00:00,DEBUG,7afae5c2d72a838e,e2c8fca2bb0653c2,nio-8080-exec-3,o.s.web.servlet.DispatcherServlet,"GET ""/owners/1/pets/1/visits"", parameters={}"
2026-07-29T16:02:29.406650+00:00,visits-service,visits-service-6868c8596f-9q28w,2026-07-29T16:01:39.138280+00:00,DEBUG,4bd5dc132289da89,b57bc6a7fb55f262,nio-8080-exec-2,o.s.web.servlet.DispatcherServlet,Completed 200 OK
2026-07-29T16:02:29.406650+00:00,visits-service,visits-service-6868c8596f-9q28w,2026-07-29T16:01:39.138276+00:00,DEBUG,4bd5dc132289da89,b57bc6a7fb55f262,nio-8080-exec-2,o.s.web.servlet.DispatcherServlet,"GET ""/owners/1/pets/1/visits"", parameters={}"
2026-07-29T16:02:29.406650+00:00,visits-service,visits-service-6868c8596f-9q28w,2026-07-29T16:01:38.385539+00:00,DEBUG,bb1a7af2ce5f38d5,462fc611463538ac,nio-8080-exec-5,o.s.web.servlet.DispatcherServlet,Completed 200 OK
2026-07-29T16:02:29.406650+00:00,visits-service,visits-service-6868c8596f-9q28w,2026-07-29T16:01:38.385474+00:00,DEBUG,bb1a7af2ce5f38d5,462fc611463538ac,nio-8080-exec-5,o.s.web.servlet.DispatcherServlet,"GET ""/owners/1/pets/1/visits"", parameters={}"
2026-07-29T16:02:29.406650+00:00,visits-service,visits-service-6868c8596f-9q28w,2026-07-29T16:01:36.880886+00:00,DEBUG,a0410e05f26f4806,a9de4077726bb97e,nio-8080-exec-8,o.s.web.servlet.DispatcherServlet,Completed 200 OK
2026-07-29T16:02:29.406650+00:00,visits-service,visits-service-6868c8596f-9q28w,2026-07-29T16:01:36.880881+00:00,DEBUG,a0410e05f26f4806,a9de4077726bb97e,nio-8080-exec-8,o.s.web.servlet.DispatcherServlet,"GET ""/owners/1/pets/1/visits"", parameters={}"
2026-07-29T16:02:29.406650+00:00,visits-service,visits-service-6868c8596f-9q28w,2026-07-29T16:01:35.878768+00:00,DEBUG,05f8ab7db345a477,05f8ab7db345a477,nio-8080-exec-1,o.s.web.servlet.DispatcherServlet,Completed 200 OK
2026-07-29T16:02:29.406650+00:00,visits-service,visits-service-6868c8596f-9q28w,2026-07-29T16:01:35.377335+00:00,DEBUG,3b9bdf5dd6ef4791,c22ef964dfd7c3cb,io-8080-exec-10,o.s.web.servlet.DispatcherServlet,Completed 200 OK
2026-07-29T16:02:29.406650+00:00,visits-service,visits-service-6868c8596f-9q28w,2026-07-29T16:01:35.377309+00:00,DEBUG,3b9bdf5dd6ef4791,c22ef964dfd7c3cb,io-8080-exec-10,o.s.web.servlet.DispatcherServlet,"GET ""/owners/1/pets/1/visits"", parameters={}"
2026-07-29T16:02:29.406650+00:00,visits-service,visits-service-6868c8596f-9q28w,2026-07-29T16:01:35.377285+00:00,DEBUG,faf88270d6bac26b,faf88270d6bac26b,nio-8080-exec-9,o.s.web.servlet.DispatcherServlet,Completed 200 OK
2026-07-29T16:02:29.406650+00:00,visits-service,visits-service-6868c8596f-9q28w,2026-07-29T16:01:34.625323+00:00,DEBUG,f197ea04c151cdc9,ce8c6ece3ec68950,nio-8080-exec-6,o.s.web.servlet.DispatcherServlet,Completed 200 OK
2026-07-29T16:02:29.406650+00:00,visits-service,visits-service-6868c8596f-9q28w,2026-07-29T16:01:34.625319+00:00,DEBUG,f197ea04c151cdc9,ce8c6ece3ec68950,nio-8080-exec-6,o.s.web.servlet.DispatcherServlet,"GET ""/owners/1/pets/1/visits"", parameters={}"
2026-07-29T16:02:29.406650+00:00,visits-service,visits-service-6868c8596f-9q28w,2026-07-29T16:01:33.120701+00:00,DEBUG,f1b31d76c49eede0,5f181803d5428848,nio-8080-exec-4,o.s.web.servlet.DispatcherServlet,Completed 200 OK
2026-07-29T16:02:29.406650+00:00,visits-service,visits-service-6868c8596f-9q28w,2026-07-29T16:01:33.120697+00:00,DEBUG,f1b31d76c49eede0,5f181803d5428848,nio-8080-exec-4,o.s.web.servlet.DispatcherServlet,"GET ""/owners/1/pets/1/visits"", parameters={}"
2026-07-29T16:02:29.406650+00:00,visits-service,visits-service-6868c8596f-9q28w,2026-07-29T16:01:31.615514+00:00,DEBUG,5dbe84366efc5ec0,5dbe84366efc5ec0,nio-8080-exec-7,o.s.web.servlet.DispatcherServlet,Completed 200 OK
2026-07-29T16:02:29.406650+00:00,visits-service,visits-service-6868c8596f-9q28w,2026-07-29T16:01:31.615479+00:00,DEBUG,55f9dd70cab2a081,8c37a0b5662bd350,nio-8080-exec-3,o.s.web.servlet.DispatcherServlet,Completed 200 OK
2026-07-29T16:02:29.406650+00:00,visits-service,visits-service-6868c8596f-9q28w,2026-07-29T16:01:31.365226+00:00,DEBUG,55f9dd70cab2a081,8c37a0b5662bd350,nio-8080-exec-3,o.s.web.servlet.DispatcherServlet,"GET ""/owners/1/pets/1/visits"", parameters={}"
2026-07-29T16:02:29.406650+00:00,visits-service,visits-service-6868c8596f-9q28w,2026-07-29T16:01:29.108039+00:00,DEBUG,905984452be84b50,4ba033086c8102e9,nio-8080-exec-2,o.s.web.servlet.DispatcherServlet,Completed 200 OK
2026-07-29T16:02:29.406650+00:00,visits-service,visits-service-6868c8596f-9q28w,2026-07-29T16:01:28.857041+00:00,DEBUG,905984452be84b50,4ba033086c8102e9,nio-8080-exec-2,o.s.web.servlet.DispatcherServlet,"GET ""/owners/1/pets/1/visits"", parameters={}"
2026-07-29T16:02:29.406650+00:00,visits-service,visits-service-6868c8596f-9q28w,2026-07-29T16:01:28.857037+00:00,DEBUG,bedfa8779d9963a4,20844725139b6678,nio-8080-exec-5,o.s.web.servlet.DispatcherServlet,Completed 200 OK
2026-07-29T16:02:29.406650+00:00,visits-service,visits-service-6868c8596f-9q28w,2026-07-29T16:01:28.606039+00:00,DEBUG,bedfa8779d9963a4,20844725139b6678,nio-8080-exec-5,o.s.web.servlet.DispatcherServlet,"GET ""/owners/1/pets/1/visits"", parameters={}"
2026-07-29T16:02:29.406650+00:00,visits-service,visits-service-6868c8596f-9q28w,2026-07-29T16:01:28.606035+00:00,DEBUG,d5f54d1cd9f23bbd,8f1448eb99db0bc4,nio-8080-exec-8,o.s.web.servlet.DispatcherServlet,Completed 200 OK
2026-07-29T16:02:29.406650+00:00,visits-service,visits-service-6868c8596f-9q28w,2026-07-29T16:01:28.355398+00:00,DEBUG,d5f54d1cd9f23bbd,8f1448eb99db0bc4,nio-8080-exec-8,o.s.web.servlet.DispatcherServlet,"GET ""/owners/1/pets/1/visits"", parameters={}"
2026-07-29T16:02:29.406650+00:00,visits-service,visits-service-6868c8596f-9q28w,2026-07-29T16:01:28.104739+00:00,DEBUG,995a174efe096800,8c1119d6635b8c36,nio-8080-exec-1,o.s.web.servlet.DispatcherServlet,Completed 200 OK
2026-07-29T16:02:29.406650+00:00,visits-service,visits-service-6868c8596f-9q28w,2026-07-29T16:01:27.853709+00:00,DEBUG,995a174efe096800,8c1119d6635b8c36,nio-8080-exec-1,o.s.web.servlet.DispatcherServlet,"GET ""/owners/1/pets/1/visits"", parameters={}"
2026-07-29T16:02:29.406650+00:00,visits-service,visits-service-6868c8596f-9q28w,2026-07-29T16:01:27.853686+00:00,DEBUG,0f655770279382f2,e83c094dbf9c3760,io-8080-exec-10,o.s.web.servlet.DispatcherServlet,Completed 200 OK
2026-07-29T16:02:29.406650+00:00,visits-service,visits-service-6868c8596f-9q28w,2026-07-29T16:01:27.853683+00:00,DEBUG,0f655770279382f2,e83c094dbf9c3760,io-8080-exec-10,o.s.web.servlet.DispatcherServlet,"GET ""/owners/1/pets/1/visits"", parameters={}"
2026-07-29T16:02:29.406650+00:00,visits-service,visits-service-6868c8596f-9q28w,2026-07-29T16:01:27.602768+00:00,DEBUG,210e97de639e5bc1,0e69c066745780be,nio-8080-exec-9,o.s.web.servlet.DispatcherServlet,Completed 200 OK
2026-07-29T16:02:29.406650+00:00,visits-service,visits-service-6868c8596f-9q28w,2026-07-29T16:01:27.602764+00:00,DEBUG,210e97de639e5bc1,0e69c066745780be,nio-8080-exec-9,o.s.web.servlet.DispatcherServlet,"GET ""/owners/1/pets/1/visits"", parameters={}"
2026-07-29T16:02:29.406650+00:00,visits-service,visits-service-6868c8596f-9q28w,2026-07-29T16:01:27.352512+00:00,DEBUG,a741ca99e2980055,034de54d3adab574,nio-8080-exec-6,o.s.web.servlet.DispatcherServlet,Completed 200 OK
2026-07-29T16:02:29.406650+00:00,visits-service,visits-service-6868c8596f-9q28w,2026-07-29T16:01:27.352508+00:00,DEBUG,a741ca99e2980055,034de54d3adab574,nio-8080-exec-6,o.s.web.servlet.DispatcherServlet,"GET ""/owners/1/pets/1/visits"", parameters={}"
2026-07-29T16:02:29.406650+00:00,visits-service,visits-service-6868c8596f-9q28w,2026-07-29T16:01:26.600791+00:00,DEBUG,4997ba7b0bcb8e12,87006be1f4128778,nio-8080-exec-4,o.s.web.servlet.DispatcherServlet,Completed 200 OK
2026-07-29T16:02:29.406650+00:00,visits-service,visits-service-6868c8596f-9q28w,2026-07-29T16:01:26.600787+00:00,DEBUG,4997ba7b0bcb8e12,87006be1f4128778,nio-8080-exec-4,o.s.web.servlet.DispatcherServlet,"GET ""/owners/1/pets/1/visits"", parameters={}"
2026-07-29T16:02:29.406650+00:00,visits-service,visits-service-6868c8596f-9q28w,2026-07-29T16:01:26.350073+00:00,DEBUG,c4bceadf9a5cf2ec,8b1afa6f2a7c7a8b,nio-8080-exec-7,o.s.web.servlet.DispatcherServlet,Completed 200 OK
2026-07-29T16:02:29.406650+00:00,visits-service,visits-service-6868c8596f-9q28w,2026-07-29T16:01:26.350069+00:00,DEBUG,c4bceadf9a5cf2ec,8b1afa6f2a7c7a8b,nio-8080-exec-7,o.s.web.servlet.DispatcherServlet,"GET ""/owners/1/pets/1/visits"", parameters={}"
2026-07-29T16:02:29.406650+00:00,visits-service,visits-service-6868c8596f-9q28w,2026-07-29T16:01:25.345728+00:00,DEBUG,72bb8921d0f4dbc1,40179dbcb3b5abec,nio-8080-exec-3,o.s.web.servlet.DispatcherServlet,Completed 200 OK
2026-07-29T16:02:29.406650+00:00,visits-service,visits-service-6868c8596f-9q28w,2026-07-29T16:01:25.345726+00:00,DEBUG,72bb8921d0f4dbc1,40179dbcb3b5abec,nio-8080-exec-3,o.s.web.servlet.DispatcherServlet,"GET ""/owners/1/pets/1/visits"", parameters={}"
2026-07-29T16:02:29.406650+00:00,visits-service,visits-service-6868c8596f-t5sfr,2026-07-29T16:02:29.418412+00:00,DEBUG,8f56e434a710a126,5ff41aa4a82e6fca,nio-8080-exec-7,o.s.web.servlet.DispatcherServlet,Completed 200 OK
2026-07-29T16:02:29.406650+00:00,visits-service,visits-service-6868c8596f-t5sfr,2026-07-29T16:02:29.167148+00:00,DEBUG,8f56e434a710a126,5ff41aa4a82e6fca,nio-8080-exec-7,o.s.web.servlet.DispatcherServlet,"GET ""/owners/1/pets/1/visits"", parameters={}"
2026-07-29T16:02:29.406650+00:00,visits-service,visits-service-6868c8596f-t5sfr,2026-07-29T16:02:28.916999+00:00,DEBUG,4c1d49226ed5c9a3,04d9aff5ca1643d9,nio-8080-exec-4,o.s.web.servlet.DispatcherServlet,Completed 200 OK
2026-07-29T16:02:29.406650+00:00,visits-service,visits-service-6868c8596f-t5sfr,2026-07-29T16:02:28.916963+00:00,DEBUG,4c1d49226ed5c9a3,04d9aff5ca1643d9,nio-8080-exec-4,o.s.web.servlet.DispatcherServlet,"GET ""/owners/1/pets/1/visits"", parameters={}"
2026-07-29T16:02:29.406650+00:00,visits-service,visits-service-6868c8596f-t5sfr,2026-07-29T16:02:28.916958+00:00,DEBUG,aa2627783a535f96,61ace39d1356c2a7,nio-8080-exec-8,o.s.web.servlet.DispatcherServlet,Completed 200 OK
2026-07-29T16:02:29.406650+00:00,visits-service,visits-service-6868c8596f-t5sfr,2026-07-29T16:02:28.666708+00:00,DEBUG,aa2627783a535f96,61ace39d1356c2a7,nio-8080-exec-8,o.s.web.servlet.DispatcherServlet,"GET ""/owners/1/pets/1/visits"", parameters={}"
2026-07-29T16:02:29.406650+00:00,visits-service,visits-service-6868c8596f-t5sfr,2026-07-29T16:02:28.165233+00:00,DEBUG,3bbd62e370ffab60,d56dbaad1c0f4306,nio-8080-exec-5,o.s.web.servlet.DispatcherServlet,Completed 200 OK
2026-07-29T16:02:29.406650+00:00,visits-service,visits-service-6868c8596f-t5sfr,2026-07-29T16:02:28.165230+00:00,DEBUG,3bbd62e370ffab60,d56dbaad1c0f4306,nio-8080-exec-5,o.s.web.servlet.DispatcherServlet,"GET ""/owners/1/pets/1/visits"", parameters={}"
2026-07-29T16:02:29.406650+00:00,visits-service,visits-service-6868c8596f-t5sfr,2026-07-29T16:02:27.663981+00:00,DEBUG,185728fd7803af83,4acef6def28eba75,nio-8080-exec-6,o.s.web.servlet.DispatcherServlet,Completed 200 OK
2026-07-29T16:02:29.406650+00:00,visits-service,visits-service-6868c8596f-t5sfr,2026-07-29T16:02:27.663953+00:00,DEBUG,185728fd7803af83,4acef6def28eba75,nio-8080-exec-6,o.s.web.servlet.DispatcherServlet,"GET ""/owners/1/pets/1/visits"", parameters={}"
2026-07-29T16:02:29.406650+00:00,visits-service,visits-service-6868c8596f-t5sfr,2026-07-29T16:02:27.663936+00:00,DEBUG,af95106827da58ee,3191576f0bd4181b,io-8080-exec-10,o.s.web.servlet.DispatcherServlet,Completed 200 OK
2026-07-29T16:02:29.406650+00:00,visits-service,visits-service-6868c8596f-t5sfr,2026-07-29T16:02:27.663933+00:00,DEBUG,af95106827da58ee,3191576f0bd4181b,io-8080-exec-10,o.s.web.servlet.DispatcherServlet,"GET ""/owners/1/pets/1/visits"", parameters={}"
2026-07-29T16:02:29.406650+00:00,visits-service,visits-service-6868c8596f-t5sfr,2026-07-29T16:02:26.911496+00:00,DEBUG,52760f2ce5218d53,171c49c4428eb5fe,nio-8080-exec-1,o.s.web.servlet.DispatcherServlet,Completed 200 OK
2026-07-29T16:02:29.406650+00:00,visits-service,visits-service-6868c8596f-t5sfr,2026-07-29T16:02:26.911474+00:00,DEBUG,52760f2ce5218d53,171c49c4428eb5fe,nio-8080-exec-1,o.s.web.servlet.DispatcherServlet,"GET ""/owners/1/pets/1/visits"", parameters={}"
2026-07-29T16:02:29.406650+00:00,visits-service,visits-service-6868c8596f-t5sfr,2026-07-29T16:02:26.911420+00:00,DEBUG,988cb3237ae6b952,988cb3237ae6b952,nio-8080-exec-9,o.s.web.servlet.DispatcherServlet,Completed 200 OK
2026-07-29T16:02:29.406650+00:00,visits-service,visits-service-6868c8596f-t5sfr,2026-07-29T16:02:26.911392+00:00,DEBUG,36918b8babcae5b6,3582e9928cc7b241,nio-8080-exec-2,o.s.web.servlet.DispatcherServlet,Completed 200 OK
2026-07-29T16:02:29.406650+00:00,visits-service,visits-service-6868c8596f-t5sfr,2026-07-29T16:02:26.659825+00:00,DEBUG,36918b8babcae5b6,3582e9928cc7b241,nio-8080-exec-2,o.s.web.servlet.DispatcherServlet,"GET ""/owners/1/pets/1/visits"", parameters={}"
2026-07-29T16:02:29.406650+00:00,visits-service,visits-service-6868c8596f-t5sfr,2026-07-29T16:02:25.404956+00:00,DEBUG,60814ed5185b7a17,60814ed5185b7a17,nio-8080-exec-3,o.s.web.servlet.DispatcherServlet,Completed 200 OK
2026-07-29T16:02:29.406650+00:00,visits-service,visits-service-6868c8596f-t5sfr,2026-07-29T16:02:24.903945+00:00,DEBUG,06f13b2ec16387c3,ab76b05c1f3043ab,nio-8080-exec-7,o.s.web.servlet.DispatcherServlet,Completed 200 OK
2026-07-29T16:02:29.406650+00:00,visits-service,visits-service-6868c8596f-t5sfr,2026-07-29T16:02:24.652894+00:00,DEBUG,06f13b2ec16387c3,ab76b05c1f3043ab,nio-8080-exec-7,o.s.web.servlet.DispatcherServlet,"GET ""/owners/1/pets/1/visits"", parameters={}"
2026-07-29T16:02:29.406650+00:00,visits-service,visits-service-6868c8596f-t5sfr,2026-07-29T16:02:24.402698+00:00,DEBUG,f24411c34459be13,9d0339044e494031,nio-8080-exec-4,o.s.web.servlet.DispatcherServlet,Completed 200 OK
2026-07-29T16:02:29.406650+00:00,visits-service,visits-service-6868c8596f-t5sfr,2026-07-29T16:02:24.402686+00:00,DEBUG,f24411c34459be13,9d0339044e494031,nio-8080-exec-4,o.s.web.servlet.DispatcherServlet,"GET ""/owners/1/pets/1/visits"", parameters={}"
2026-07-29T16:02:29.406650+00:00,visits-service,visits-service-6868c8596f-t5sfr,2026-07-29T16:02:23.399763+00:00,DEBUG,6fef3185e79da357,cdd6f2899dd83843,nio-8080-exec-8,o.s.web.servlet.DispatcherServlet,Completed 200 OK
2026-07-29T16:02:29.406650+00:00,visits-service,visits-service-6868c8596f-t5sfr,2026-07-29T16:02:23.399759+00:00,DEBUG,5c1283f75586b967,952523d8aa833847,nio-8080-exec-5,o.s.web.servlet.DispatcherServlet,Completed 200 OK
2026-07-29T16:02:29.406650+00:00,visits-service,visits-service-6868c8596f-t5sfr,2026-07-29T16:02:23.149650+00:00,DEBUG,6fef3185e79da357,cdd6f2899dd83843,nio-8080-exec-8,o.s.web.servlet.DispatcherServlet,"GET ""/owners/1/pets/1/visits"", parameters={}"
2026-07-29T16:02:29.406650+00:00,visits-service,visits-service-6868c8596f-t5sfr,2026-07-29T16:02:22.898647+00:00,DEBUG,5c1283f75586b967,952523d8aa833847,nio-8080-exec-5,o.s.web.servlet.DispatcherServlet,"GET ""/owners/1/pets/1/visits"", parameters={}"
2026-07-29T16:02:29.406650+00:00,visits-service,visits-service-6868c8596f-t5sfr,2026-07-29T16:02:22.396444+00:00,DEBUG,9aa6f167ce33a4df,0be603b20c270334,nio-8080-exec-6,o.s.web.servlet.DispatcherServlet,Completed 200 OK
2026-07-29T16:02:29.406650+00:00,visits-service,visits-service-6868c8596f-t5sfr,2026-07-29T16:02:22.396440+00:00,DEBUG,9aa6f167ce33a4df,0be603b20c270334,nio-8080-exec-6,o.s.web.servlet.DispatcherServlet,"GET ""/owners/1/pets/1/visits"", parameters={}"
2026-07-29T16:02:29.406650+00:00,visits-service,visits-service-6868c8596f-t5sfr,2026-07-29T16:02:21.394096+00:00,DEBUG,eb67e3bdd5fcae1b,4661fa6089b7f2be,io-8080-exec-10,o.s.web.servlet.DispatcherServlet,Completed 200 OK
2026-07-29T16:02:29.406650+00:00,visits-service,visits-service-6868c8596f-t5sfr,2026-07-29T16:02:21.394094+00:00,DEBUG,eb67e3bdd5fcae1b,4661fa6089b7f2be,io-8080-exec-10,o.s.web.servlet.DispatcherServlet,"GET ""/owners/1/pets/1/visits"", parameters={}"
2026-07-29T16:02:29.406650+00:00,visits-service,visits-service-6868c8596f-t5sfr,2026-07-29T16:02:20.892101+00:00,DEBUG,75ace7ad50c84b87,6021ac2e2a195c24,nio-8080-exec-1,o.s.web.servlet.DispatcherServlet,Completed 200 OK
2026-07-29T16:02:29.406650+00:00,visits-service,visits-service-6868c8596f-t5sfr,2026-07-29T16:02:20.892097+00:00,DEBUG,75ace7ad50c84b87,6021ac2e2a195c24,nio-8080-exec-1,o.s.web.servlet.DispatcherServlet,"GET ""/owners/1/pets/1/visits"", parameters={}"
2026-07-29T16:02:29.406650+00:00,visits-service,visits-service-6868c8596f-t5sfr,2026-07-29T16:02:20.390198+00:00,DEBUG,1053b4180a50af50,d172edd341441615,nio-8080-exec-9,o.s.web.servlet.DispatcherServlet,Completed 200 OK
2026-07-29T16:02:29.406650+00:00,visits-service,visits-service-6868c8596f-t5sfr,2026-07-29T16:02:20.390195+00:00,DEBUG,1053b4180a50af50,d172edd341441615,nio-8080-exec-9,o.s.web.servlet.DispatcherServlet,"GET ""/owners/1/pets/1/visits"", parameters={}"
2026-07-29T16:02:29.406650+00:00,visits-service,visits-service-6868c8596f-t5sfr,2026-07-29T16:02:19.135366+00:00,DEBUG,a8b4ac0ee0f30245,4c705d39eb488ab6,nio-8080-exec-2,o.s.web.servlet.DispatcherServlet,Completed 200 OK
2026-07-29T16:02:29.406650+00:00,visits-service,visits-service-6868c8596f-t5sfr,2026-07-29T16:02:19.135362+00:00,DEBUG,a8b4ac0ee0f30245,4c705d39eb488ab6,nio-8080-exec-2,o.s.web.servlet.DispatcherServlet,"GET ""/owners/1/pets/1/visits"", parameters={}"
2026-07-29T16:02:29.406650+00:00,visits-service,visits-service-6868c8596f-t5sfr,2026-07-29T16:02:18.884259+00:00,DEBUG,410e6d33b78ad3bf,ded1eac51a21450a,nio-8080-exec-3,o.s.web.servlet.DispatcherServlet,Completed 200 OK
2026-07-29T16:02:29.406650+00:00,visits-service,visits-service-6868c8596f-t5sfr,2026-07-29T16:02:18.884256+00:00,DEBUG,410e6d33b78ad3bf,ded1eac51a21450a,nio-8080-exec-3,o.s.web.servlet.DispatcherServlet,"GET ""/owners/1/pets/1/visits"", parameters={}"
2026-07-29T16:02:29.406650+00:00,visits-service,visits-service-6868c8596f-t5sfr,2026-07-29T16:02:17.629468+00:00,DEBUG,1d8c67048d73ebc1,8b52211d0daaba5a,nio-8080-exec-7,o.s.web.servlet.DispatcherServlet,Completed 200 OK
2026-07-29T16:02:29.406650+00:00,visits-service,visits-service-6868c8596f-t5sfr,2026-07-29T16:02:17.629441+00:00,DEBUG,1d8c67048d73ebc1,8b52211d0daaba5a,nio-8080-exec-7,o.s.web.servlet.DispatcherServlet,"GET ""/owners/1/pets/1/visits"", parameters={}"
2026-07-29T16:02:29.406650+00:00,visits-service,visits-service-6868c8596f-t5sfr,2026-07-29T16:02:17.378165+00:00,DEBUG,40ac113fef640ad2,fa8f3adbd38c5b73,nio-8080-exec-4,o.s.web.servlet.DispatcherServlet,Completed 200 OK
2026-07-29T16:02:29.406650+00:00,visits-service,visits-service-6868c8596f-t5sfr,2026-07-29T16:02:17.378161+00:00,DEBUG,40ac113fef640ad2,fa8f3adbd38c5b73,nio-8080-exec-4,o.s.web.servlet.DispatcherServlet,"GET ""/owners/1/pets/1/visits"", parameters={}"
2026-07-29T16:02:29.406650+00:00,visits-service,visits-service-6868c8596f-t5sfr,2026-07-29T16:02:16.373690+00:00,DEBUG,9dcc8a777bf7b61e,0744b50d7e99bbf8,nio-8080-exec-8,o.s.web.servlet.DispatcherServlet,Completed 200 OK
2026-07-29T16:02:29.406650+00:00,visits-service,visits-service-6868c8596f-t5sfr,2026-07-29T16:02:16.373680+00:00,DEBUG,9dcc8a777bf7b61e,0744b50d7e99bbf8,nio-8080-exec-8,o.s.web.servlet.DispatcherServlet,"GET ""/owners/1/pets/1/visits"", parameters={}"
2026-07-29T16:02:29.406650+00:00,visits-service,visits-service-6868c8596f-t5sfr,2026-07-29T16:02:15.872666+00:00,DEBUG,e19c71334a1c256f,62ce60e393a32462,nio-8080-exec-5,o.s.web.servlet.DispatcherServlet,Completed 200 OK
2026-07-29T16:02:29.406650+00:00,visits-service,visits-service-6868c8596f-t5sfr,2026-07-29T16:02:15.872662+00:00,DEBUG,e19c71334a1c256f,62ce60e393a32462,nio-8080-exec-5,o.s.web.servlet.DispatcherServlet,"GET ""/owners/1/pets/1/visits"", parameters={}"
2026-07-29T16:02:29.406650+00:00,visits-service,visits-service-6868c8596f-t5sfr,2026-07-29T16:02:15.621578+00:00,DEBUG,c29abb14c2cf52aa,c29abb14c2cf52aa,nio-8080-exec-6,o.s.web.servlet.DispatcherServlet,Completed 200 OK
2026-07-29T16:02:29.406650+00:00,visits-service,visits-service-6868c8596f-t5sfr,2026-07-29T16:02:15.621522+00:00,DEBUG,16154913cf259788,12ec330c68f1e41f,io-8080-exec-10,o.s.web.servlet.DispatcherServlet,Completed 200 OK
2026-07-29T16:02:29.406650+00:00,visits-service,visits-service-6868c8596f-t5sfr,2026-07-29T16:02:15.621518+00:00,DEBUG,16154913cf259788,12ec330c68f1e41f,io-8080-exec-10,o.s.web.servlet.DispatcherServlet,"GET ""/owners/1/pets/1/visits"", parameters={}"
2026-07-29T16:02:29.406650+00:00,visits-service,visits-service-6868c8596f-t5sfr,2026-07-29T16:02:14.367703+00:00,DEBUG,d947a5e889a7bcb7,5858498262fb4de6,nio-8080-exec-1,o.s.web.servlet.DispatcherServlet,Completed 200 OK
2026-07-29T16:02:29.406650+00:00,visits-service,visits-service-6868c8596f-t5sfr,2026-07-29T16:02:14.367699+00:00,DEBUG,d947a5e889a7bcb7,5858498262fb4de6,nio-8080-exec-1,o.s.web.servlet.DispatcherServlet,"GET ""/owners/1/pets/1/visits"", parameters={}"
2026-07-29T16:02:29.406650+00:00,visits-service,visits-service-6868c8596f-t5sfr,2026-07-29T16:02:13.364251+00:00,DEBUG,cb97083229a326b2,e9639ae03cf79d30,nio-8080-exec-9,o.s.web.servlet.DispatcherServlet,Completed 200 OK
2026-07-29T16:02:29.406650+00:00,visits-service,visits-service-6868c8596f-t5sfr,2026-07-29T16:02:13.364247+00:00,DEBUG,cb97083229a326b2,e9639ae03cf79d30,nio-8080-exec-9,o.s.web.servlet.DispatcherServlet,"GET ""/owners/1/pets/1/visits"", parameters={}"
2026-07-29T16:02:29.406650+00:00,visits-service,visits-service-6868c8596f-t5sfr,2026-07-29T16:02:12.362470+00:00,DEBUG,c47e6e57c968cf2e,fe21e2511eebb145,nio-8080-exec-2,o.s.web.servlet.DispatcherServlet,Completed 200 OK
2026-07-29T16:02:29.406650+00:00,visits-service,visits-service-6868c8596f-t5sfr,2026-07-29T16:02:12.362466+00:00,DEBUG,c47e6e57c968cf2e,fe21e2511eebb145,nio-8080-exec-2,o.s.web.servlet.DispatcherServlet,"GET ""/owners/1/pets/1/visits"", parameters={}"
2026-07-29T16:02:29.406650+00:00,visits-service,visits-service-6868c8596f-t5sfr,2026-07-29T16:02:11.360699+00:00,DEBUG,d565f0e84a5507db,60f39c96e15c1a8f,nio-8080-exec-3,o.s.web.servlet.DispatcherServlet,Completed 200 OK
2026-07-29T16:02:29.406650+00:00,visits-service,visits-service-6868c8596f-t5sfr,2026-07-29T16:02:11.360695+00:00,DEBUG,d565f0e84a5507db,60f39c96e15c1a8f,nio-8080-exec-3,o.s.web.servlet.DispatcherServlet,"GET ""/owners/1/pets/1/visits"", parameters={}"
2026-07-29T16:02:29.406650+00:00,visits-service,visits-service-6868c8596f-t5sfr,2026-07-29T16:02:10.357313+00:00,DEBUG,621d83721c37acab,621d83721c37acab,nio-8080-exec-7,o.s.web.servlet.DispatcherServlet,Completed 200 OK
2026-07-29T16:02:29.406650+00:00,visits-service,visits-service-6868c8596f-t5sfr,2026-07-29T16:02:10.106085+00:00,DEBUG,965c217f33f322b0,5fc94cb8be63a491,nio-8080-exec-4,o.s.web.servlet.DispatcherServlet,Completed 200 OK
2026-07-29T16:02:29.406650+00:00,visits-service,visits-service-6868c8596f-t5sfr,2026-07-29T16:02:10.106081+00:00,DEBUG,965c217f33f322b0,5fc94cb8be63a491,nio-8080-exec-4,o.s.web.servlet.DispatcherServlet,"GET ""/owners/1/pets/1/visits"", parameters={}"
2026-07-29T16:02:29.406650+00:00,visits-service,visits-service-6868c8596f-t5sfr,2026-07-29T16:02:08.350079+00:00,DEBUG,ed05f003b4f5a7c0,c702c69b6643495e,nio-8080-exec-8,o.s.web.servlet.DispatcherServlet,Completed 200 OK
2026-07-29T16:02:29.406650+00:00,visits-service,visits-service-6868c8596f-t5sfr,2026-07-29T16:02:08.350077+00:00,DEBUG,ed05f003b4f5a7c0,c702c69b6643495e,nio-8080-exec-8,o.s.web.servlet.DispatcherServlet,"GET ""/owners/1/pets/1/visits"", parameters={}"
2026-07-29T16:02:29.406650+00:00,visits-service,visits-service-6868c8596f-t5sfr,2026-07-29T16:02:06.846550+00:00,DEBUG,6801d7ab7d0c4118,6801d7ab7d0c4118,nio-8080-exec-5,o.s.web.servlet.DispatcherServlet,Completed 200 OK
2026-07-29T16:02:29.406650+00:00,visits-service,visits-service-6868c8596f-t5sfr,2026-07-29T16:02:06.595939+00:00,DEBUG,a15d83359196b2e4,aeb0ed64e4d70e35,nio-8080-exec-6,o.s.web.servlet.DispatcherServlet,Completed 200 OK
2026-07-29T16:02:29.406650+00:00,visits-service,visits-service-6868c8596f-t5sfr,2026-07-29T16:02:06.344504+00:00,DEBUG,a15d83359196b2e4,aeb0ed64e4d70e35,nio-8080-exec-6,o.s.web.servlet.DispatcherServlet,"GET ""/owners/1/pets/1/visits"", parameters={}"
2026-07-29T16:02:29.406650+00:00,visits-service,visits-service-6868c8596f-t5sfr,2026-07-29T16:02:05.091706+00:00,DEBUG,496b7f52f9b93111,3131794213b7f3c5,io-8080-exec-10,o.s.web.servlet.DispatcherServlet,Completed 200 OK
2026-07-29T16:02:29.406650+00:00,visits-service,visits-service-6868c8596f-t5sfr,2026-07-29T16:02:04.841162+00:00,DEBUG,496b7f52f9b93111,3131794213b7f3c5,io-8080-exec-10,o.s.web.servlet.DispatcherServlet,"GET ""/owners/1/pets/1/visits"", parameters={}"
2026-07-29T16:02:29.406650+00:00,visits-service,visits-service-6868c8596f-t5sfr,2026-07-29T16:02:03.837638+00:00,DEBUG,a82a93912b119c4d,5e2dbe5f1adb6b99,nio-8080-exec-1,o.s.web.servlet.DispatcherServlet,Completed 200 OK
2026-07-29T16:02:29.406650+00:00,visits-service,visits-service-6868c8596f-t5sfr,2026-07-29T16:02:03.586543+00:00,DEBUG,a82a93912b119c4d,5e2dbe5f1adb6b99,nio-8080-exec-1,o.s.web.servlet.DispatcherServlet,"GET ""/owners/1/pets/1/visits"", parameters={}"
2026-07-29T16:02:29.406650+00:00,visits-service,visits-service-6868c8596f-t5sfr,2026-07-29T16:02:03.335688+00:00,DEBUG,af5c9967bde4261c,c4060ff3a940eba0,nio-8080-exec-9,o.s.web.servlet.DispatcherServlet,Completed 200 OK
2026-07-29T16:02:29.406650+00:00,visits-service,visits-service-6868c8596f-t5sfr,2026-07-29T16:02:03.335683+00:00,DEBUG,af5c9967bde4261c,c4060ff3a940eba0,nio-8080-exec-9,o.s.web.servlet.DispatcherServlet,"GET ""/owners/1/pets/1/visits"", parameters={}"
2026-07-29T16:02:29.406650+00:00,visits-service,visits-service-6868c8596f-t5sfr,2026-07-29T16:02:02.833635+00:00,DEBUG,31640e4023195bc9,b33fcf20fb8a3b8e,nio-8080-exec-2,o.s.web.servlet.DispatcherServlet,Completed 200 OK
2026-07-29T16:02:29.406650+00:00,visits-service,visits-service-6868c8596f-t5sfr,2026-07-29T16:02:02.582680+00:00,DEBUG,31640e4023195bc9,b33fcf20fb8a3b8e,nio-8080-exec-2,o.s.web.servlet.DispatcherServlet,"GET ""/owners/1/pets/1/visits"", parameters={}"
2026-07-29T16:02:29.406650+00:00,visits-service,visits-service-6868c8596f-t5sfr,2026-07-29T16:02:01.830929+00:00,DEBUG,7d17463ecbd67f46,c343f050a34a1417,nio-8080-exec-3,o.s.web.servlet.DispatcherServlet,Completed 200 OK
2026-07-29T16:02:29.406650+00:00,visits-service,visits-service-6868c8596f-t5sfr,2026-07-29T16:02:01.830925+00:00,DEBUG,7d17463ecbd67f46,c343f050a34a1417,nio-8080-exec-3,o.s.web.servlet.DispatcherServlet,"GET ""/owners/1/pets/1/visits"", parameters={}"
2026-07-29T16:02:29.406650+00:00,visits-service,visits-service-6868c8596f-t5sfr,2026-07-29T16:02:00.828045+00:00,DEBUG,419c20802e74b0a6,25a70ba085f7e0f6,nio-8080-exec-7,o.s.web.servlet.DispatcherServlet,Completed 200 OK
2026-07-29T16:02:29.406650+00:00,visits-service,visits-service-6868c8596f-t5sfr,2026-07-29T16:02:00.828014+00:00,DEBUG,419c20802e74b0a6,25a70ba085f7e0f6,nio-8080-exec-7,o.s.web.servlet.DispatcherServlet,"GET ""/owners/1/pets/1/visits"", parameters={}"
2026-07-29T16:02:29.406650+00:00,visits-service,visits-service-6868c8596f-t5sfr,2026-07-29T16:02:00.827988+00:00,DEBUG,c47d70c8131f3a2b,c47d70c8131f3a2b,nio-8080-exec-4,o.s.web.servlet.DispatcherServlet,Completed 200 OK
2026-07-29T16:02:29.406650+00:00,visits-service,visits-service-6868c8596f-t5sfr,2026-07-29T16:02:00.075477+00:00,DEBUG,330c396ac3e35b3b,79f113ecca85c98b,nio-8080-exec-8,o.s.web.servlet.DispatcherServlet,Completed 200 OK
2026-07-29T16:02:29.406650+00:00,visits-service,visits-service-6868c8596f-t5sfr,2026-07-29T16:01:59.824189+00:00,DEBUG,330c396ac3e35b3b,79f113ecca85c98b,nio-8080-exec-8,o.s.web.servlet.DispatcherServlet,"GET ""/owners/1/pets/1/visits"", parameters={}"
2026-07-29T16:02:29.406650+00:00,visits-service,visits-service-6868c8596f-t5sfr,2026-07-29T16:01:58.820662+00:00,DEBUG,7916eb96cafe521e,a6197e9e9969f9b3,nio-8080-exec-5,o.s.web.servlet.DispatcherServlet,Completed 200 OK
2026-07-29T16:02:29.406650+00:00,visits-service,visits-service-6868c8596f-t5sfr,2026-07-29T16:01:58.820657+00:00,DEBUG,7916eb96cafe521e,a6197e9e9969f9b3,nio-8080-exec-5,o.s.web.servlet.DispatcherServlet,"GET ""/owners/1/pets/1/visits"", parameters={}"
2026-07-29T16:02:29.406650+00:00,visits-service,visits-service-6868c8596f-t5sfr,2026-07-29T16:01:58.069148+00:00,DEBUG,a1928ffb5648ccff,9410f79235a6038a,nio-8080-exec-6,o.s.web.servlet.DispatcherServlet,Completed 200 OK
2026-07-29T16:02:29.406650+00:00,visits-service,visits-service-6868c8596f-t5sfr,2026-07-29T16:01:58.069143+00:00,DEBUG,a1928ffb5648ccff,9410f79235a6038a,nio-8080-exec-6,o.s.web.servlet.DispatcherServlet,"GET ""/owners/1/pets/1/visits"", parameters={}"
2026-07-29T16:02:29.406650+00:00,visits-service,visits-service-6868c8596f-t5sfr,2026-07-29T16:01:57.819078+00:00,DEBUG,f61a4556654fb3be,2383f8985071dc79,io-8080-exec-10,o.s.web.servlet.DispatcherServlet,Completed 200 OK
2026-07-29T16:02:29.406650+00:00,visits-service,visits-service-6868c8596f-t5sfr,2026-07-29T16:01:57.818975+00:00,DEBUG,f61a4556654fb3be,2383f8985071dc79,io-8080-exec-10,o.s.web.servlet.DispatcherServlet,"GET ""/owners/1/pets/1/visits"", parameters={}"
2026-07-29T16:02:29.406650+00:00,visits-service,visits-service-6868c8596f-t5sfr,2026-07-29T16:01:57.568774+00:00,DEBUG,1c77cfcabe05a7f3,71b23d6288431cdd,nio-8080-exec-1,o.s.web.servlet.DispatcherServlet,Completed 200 OK
2026-07-29T16:02:29.406650+00:00,visits-service,visits-service-6868c8596f-t5sfr,2026-07-29T16:01:57.318054+00:00,DEBUG,1c77cfcabe05a7f3,71b23d6288431cdd,nio-8080-exec-1,o.s.web.servlet.DispatcherServlet,"GET ""/owners/1/pets/1/visits"", parameters={}"
2026-07-29T16:02:29.406650+00:00,visits-service,visits-service-6868c8596f-t5sfr,2026-07-29T16:01:55.562799+00:00,DEBUG,d1b27c42ba1a16e6,cf5aa05ca8e2d037,nio-8080-exec-9,o.s.web.servlet.DispatcherServlet,Completed 200 OK
2026-07-29T16:02:29.406650+00:00,visits-service,visits-service-6868c8596f-t5sfr,2026-07-29T16:01:55.562795+00:00,DEBUG,d1b27c42ba1a16e6,cf5aa05ca8e2d037,nio-8080-exec-9,o.s.web.servlet.DispatcherServlet,"GET ""/owners/1/pets/1/visits"", parameters={}"
2026-07-29T16:02:29.406650+00:00,visits-service,visits-service-6868c8596f-t5sfr,2026-07-29T16:01:55.311798+00:00,DEBUG,6be54d95f1c7a13c,6be54d95f1c7a13c,nio-8080-exec-2,o.s.web.servlet.DispatcherServlet,Completed 200 OK
2026-07-29T16:02:29.406650+00:00,visits-service,visits-service-6868c8596f-t5sfr,2026-07-29T16:01:53.055110+00:00,DEBUG,c8b78bfada82601f,905e9d8874571264,nio-8080-exec-3,o.s.web.servlet.DispatcherServlet,Completed 200 OK
2026-07-29T16:02:29.406650+00:00,visits-service,visits-service-6868c8596f-t5sfr,2026-07-29T16:01:53.055066+00:00,DEBUG,c8b78bfada82601f,905e9d8874571264,nio-8080-exec-3,o.s.web.servlet.DispatcherServlet,"GET ""/owners/1/pets/1/visits"", parameters={}"
2026-07-29T16:02:29.406650+00:00,visits-service,visits-service-6868c8596f-t5sfr,2026-07-29T16:01:52.553248+00:00,DEBUG,b3b2e624b14e0b9c,a6608705406271f1,nio-8080-exec-7,o.s.web.servlet.DispatcherServlet,Completed 200 OK
2026-07-29T16:02:29.406650+00:00,visits-service,visits-service-6868c8596f-t5sfr,2026-07-29T16:01:52.302904+00:00,DEBUG,b3b2e624b14e0b9c,a6608705406271f1,nio-8080-exec-7,o.s.web.servlet.DispatcherServlet,"GET ""/owners/1/pets/1/visits"", parameters={}"
2026-07-29T16:02:29.406650+00:00,visits-service,visits-service-6868c8596f-t5sfr,2026-07-29T16:01:51.550289+00:00,DEBUG,6e67154575e5f113,f224c34ac52e4904,nio-8080-exec-4,o.s.web.servlet.DispatcherServlet,Completed 200 OK
2026-07-29T16:02:29.406650+00:00,visits-service,visits-service-6868c8596f-t5sfr,2026-07-29T16:01:51.550287+00:00,DEBUG,6e67154575e5f113,f224c34ac52e4904,nio-8080-exec-4,o.s.web.servlet.DispatcherServlet,"GET ""/owners/1/pets/1/visits"", parameters={}"
2026-07-29T16:02:29.406650+00:00,visits-service,visits-service-6868c8596f-t5sfr,2026-07-29T16:01:50.548732+00:00,DEBUG,89aef4d7490237fa,a847b8e575d85bad,nio-8080-exec-8,o.s.web.servlet.DispatcherServlet,Completed 200 OK
2026-07-29T16:02:29.406650+00:00,visits-service,visits-service-6868c8596f-t5sfr,2026-07-29T16:01:50.548728+00:00,DEBUG,89aef4d7490237fa,a847b8e575d85bad,nio-8080-exec-8,o.s.web.servlet.DispatcherServlet,"GET ""/owners/1/pets/1/visits"", parameters={}"
2026-07-29T16:02:29.406650+00:00,visits-service,visits-service-6868c8596f-t5sfr,2026-07-29T16:01:49.296473+00:00,DEBUG,4c892947f9fb8de5,453086a33a1f701b,nio-8080-exec-5,o.s.web.servlet.DispatcherServlet,Completed 200 OK
2026-07-29T16:02:29.406650+00:00,visits-service,visits-service-6868c8596f-t5sfr,2026-07-29T16:01:49.296470+00:00,DEBUG,4c892947f9fb8de5,453086a33a1f701b,nio-8080-exec-5,o.s.web.servlet.DispatcherServlet,"GET ""/owners/1/pets/1/visits"", parameters={}"
2026-07-29T16:02:29.406650+00:00,visits-service,visits-service-6868c8596f-t5sfr,2026-07-29T16:01:49.045375+00:00,DEBUG,cbddbb19c88e1a75,c2fb8d9988e87592,nio-8080-exec-6,o.s.web.servlet.DispatcherServlet,Completed 200 OK
2026-07-29T16:02:29.406650+00:00,visits-service,visits-service-6868c8596f-t5sfr,2026-07-29T16:01:49.045371+00:00,DEBUG,cbddbb19c88e1a75,c2fb8d9988e87592,nio-8080-exec-6,o.s.web.servlet.DispatcherServlet,"GET ""/owners/1/pets/1/visits"", parameters={}"
2026-07-29T16:02:29.406650+00:00,visits-service,visits-service-6868c8596f-t5sfr,2026-07-29T16:01:47.792129+00:00,DEBUG,875a49eb6c61d739,043615c3ffa5911f,io-8080-exec-10,o.s.web.servlet.DispatcherServlet,Completed 200 OK
2026-07-29T16:02:29.406650+00:00,visits-service,visits-service-6868c8596f-t5sfr,2026-07-29T16:01:47.792125+00:00,DEBUG,875a49eb6c61d739,043615c3ffa5911f,io-8080-exec-10,o.s.web.servlet.DispatcherServlet,"GET ""/owners/1/pets/1/visits"", parameters={}"
2026-07-29T16:02:29.406650+00:00,visits-service,visits-service-6868c8596f-t5sfr,2026-07-29T16:01:46.789488+00:00,DEBUG,b3a8556b4e4f3fad,b3a8556b4e4f3fad,nio-8080-exec-1,o.s.web.servlet.DispatcherServlet,Completed 200 OK
2026-07-29T16:02:29.406650+00:00,visits-service,visits-service-6868c8596f-t5sfr,2026-07-29T16:01:45.785877+00:00,DEBUG,ec17b2268814087c,ec17b2268814087c,nio-8080-exec-9,o.s.web.servlet.DispatcherServlet,Completed 200 OK
2026-07-29T16:02:29.406650+00:00,visits-service,visits-service-6868c8596f-t5sfr,2026-07-29T16:01:42.525276+00:00,DEBUG,2e708d68ed4c1013,f48b8c0e337aed26,nio-8080-exec-2,o.s.web.servlet.DispatcherServlet,Completed 200 OK
2026-07-29T16:02:29.406650+00:00,visits-service,visits-service-6868c8596f-t5sfr,2026-07-29T16:01:42.525273+00:00,DEBUG,2e708d68ed4c1013,f48b8c0e337aed26,nio-8080-exec-2,o.s.web.servlet.DispatcherServlet,"GET ""/owners/1/pets/1/visits"", parameters={}"
2026-07-29T16:02:29.406650+00:00,visits-service,visits-service-6868c8596f-t5sfr,2026-07-29T16:01:41.522087+00:00,DEBUG,fff8c2367ecb10c2,46dbfc5b6a4148a8,nio-8080-exec-3,o.s.web.servlet.DispatcherServlet,Completed 200 OK
2026-07-29T16:02:29.406650+00:00,visits-service,visits-service-6868c8596f-t5sfr,2026-07-29T16:01:41.522083+00:00,DEBUG,fff8c2367ecb10c2,46dbfc5b6a4148a8,nio-8080-exec-3,o.s.web.servlet.DispatcherServlet,"GET ""/owners/1/pets/1/visits"", parameters={}"
2026-07-29T16:02:29.406650+00:00,visits-service,visits-service-6868c8596f-t5sfr,2026-07-29T16:01:41.020114+00:00,DEBUG,2298129a7d40578b,351a15b8d1c751e4,nio-8080-exec-7,o.s.web.servlet.DispatcherServlet,Completed 200 OK
2026-07-29T16:02:29.406650+00:00,visits-service,visits-service-6868c8596f-t5sfr,2026-07-29T16:01:41.019896+00:00,DEBUG,2298129a7d40578b,351a15b8d1c751e4,nio-8080-exec-7,o.s.web.servlet.DispatcherServlet,"GET ""/owners/1/pets/1/visits"", parameters={}"
2026-07-29T16:02:29.406650+00:00,visits-service,visits-service-6868c8596f-t5sfr,2026-07-29T16:01:40.267886+00:00,DEBUG,4f5daab1ebcb7658,4f5daab1ebcb7658,nio-8080-exec-4,o.s.web.servlet.DispatcherServlet,Completed 200 OK
2026-07-29T16:02:29.406650+00:00,visits-service,visits-service-6868c8596f-t5sfr,2026-07-29T16:01:40.016768+00:00,DEBUG,0ee84f6d53cc7e91,17a3adf3812bd743,nio-8080-exec-8,o.s.web.servlet.DispatcherServlet,Completed 200 OK
2026-07-29T16:02:29.406650+00:00,visits-service,visits-service-6868c8596f-t5sfr,2026-07-29T16:01:40.016764+00:00,DEBUG,0ee84f6d53cc7e91,17a3adf3812bd743,nio-8080-exec-8,o.s.web.servlet.DispatcherServlet,"GET ""/owners/1/pets/1/visits"", parameters={}"
2026-07-29T16:02:29.406650+00:00,visits-service,visits-service-6868c8596f-t5sfr,2026-07-29T16:01:39.263539+00:00,DEBUG,35a3b435e1f2f9dc,0377b42930493775,nio-8080-exec-5,o.s.web.servlet.DispatcherServlet,Completed 200 OK
2026-07-29T16:02:29.406650+00:00,visits-service,visits-service-6868c8596f-t5sfr,2026-07-29T16:01:39.263533+00:00,DEBUG,35a3b435e1f2f9dc,0377b42930493775,nio-8080-exec-5,o.s.web.servlet.DispatcherServlet,"GET ""/owners/1/pets/1/visits"", parameters={}"
2026-07-29T16:02:29.406650+00:00,visits-service,visits-service-6868c8596f-t5sfr,2026-07-29T16:01:38.512318+00:00,DEBUG,746e45fad220ffc1,35853a7764ae9245,nio-8080-exec-6,o.s.web.servlet.DispatcherServlet,Completed 200 OK
2026-07-29T16:02:29.406650+00:00,visits-service,visits-service-6868c8596f-t5sfr,2026-07-29T16:01:38.512316+00:00,DEBUG,746e45fad220ffc1,35853a7764ae9245,nio-8080-exec-6,o.s.web.servlet.DispatcherServlet,"GET ""/owners/1/pets/1/visits"", parameters={}"
2026-07-29T16:02:29.406650+00:00,visits-service,visits-service-6868c8596f-t5sfr,2026-07-29T16:01:38.011034+00:00,DEBUG,cc1fc4e02e86bd82,ee7ed55fd69223cf,io-8080-exec-10,o.s.web.servlet.DispatcherServlet,Completed 200 OK
2026-07-29T16:02:29.406650+00:00,visits-service,visits-service-6868c8596f-t5sfr,2026-07-29T16:01:38.011030+00:00,DEBUG,cc1fc4e02e86bd82,ee7ed55fd69223cf,io-8080-exec-10,o.s.web.servlet.DispatcherServlet,"GET ""/owners/1/pets/1/visits"", parameters={}"
2026-07-29T16:02:29.406650+00:00,visits-service,visits-service-6868c8596f-t5sfr,2026-07-29T16:01:36.006760+00:00,DEBUG,149698d43936301f,ea3e39caf2072e70,nio-8080-exec-1,o.s.web.servlet.DispatcherServlet,Completed 200 OK
2026-07-29T16:02:29.406650+00:00,visits-service,visits-service-6868c8596f-t5sfr,2026-07-29T16:01:36.006757+00:00,DEBUG,149698d43936301f,ea3e39caf2072e70,nio-8080-exec-1,o.s.web.servlet.DispatcherServlet,"GET ""/owners/1/pets/1/visits"", parameters={}"
2026-07-29T16:02:29.406650+00:00,visits-service,visits-service-6868c8596f-t5sfr,2026-07-29T16:01:35.004454+00:00,DEBUG,a85640d70170c8be,fd48c0109f34a758,nio-8080-exec-9,o.s.web.servlet.DispatcherServlet,Completed 200 OK
2026-07-29T16:02:29.406650+00:00,visits-service,visits-service-6868c8596f-t5sfr,2026-07-29T16:01:35.004330+00:00,DEBUG,a85640d70170c8be,fd48c0109f34a758,nio-8080-exec-9,o.s.web.servlet.DispatcherServlet,"GET ""/owners/1/pets/1/visits"", parameters={}"
2026-07-29T16:02:29.406650+00:00,visits-service,visits-service-6868c8596f-t5sfr,2026-07-29T16:01:33.249848+00:00,DEBUG,39c2e2f0c9323edd,63d9c45b851ed12a,nio-8080-exec-2,o.s.web.servlet.DispatcherServlet,Completed 200 OK
2026-07-29T16:02:29.406650+00:00,visits-service,visits-service-6868c8596f-t5sfr,2026-07-29T16:01:33.249845+00:00,DEBUG,39c2e2f0c9323edd,63d9c45b851ed12a,nio-8080-exec-2,o.s.web.servlet.DispatcherServlet,"GET ""/owners/1/pets/1/visits"", parameters={}"
2026-07-29T16:02:29.406650+00:00,visits-service,visits-service-6868c8596f-t5sfr,2026-07-29T16:01:31.995391+00:00,DEBUG,16533f8d2defa50f,1d436b4326d0c061,nio-8080-exec-3,o.s.web.servlet.DispatcherServlet,Completed 200 OK
2026-07-29T16:02:29.406650+00:00,visits-service,visits-service-6868c8596f-t5sfr,2026-07-29T16:01:31.995387+00:00,DEBUG,16533f8d2defa50f,1d436b4326d0c061,nio-8080-exec-3,o.s.web.servlet.DispatcherServlet,"GET ""/owners/1/pets/1/visits"", parameters={}"
2026-07-29T16:02:29.406650+00:00,visits-service,visits-service-6868c8596f-t5sfr,2026-07-29T16:01:31.243049+00:00,DEBUG,97dc90a20fb847fc,7031e956e036cb2d,nio-8080-exec-7,o.s.web.servlet.DispatcherServlet,Completed 200 OK
2026-07-29T16:02:29.406650+00:00,visits-service,visits-service-6868c8596f-t5sfr,2026-07-29T16:01:30.992818+00:00,DEBUG,97dc90a20fb847fc,7031e956e036cb2d,nio-8080-exec-7,o.s.web.servlet.DispatcherServlet,"GET ""/owners/1/pets/1/visits"", parameters={}"
2026-07-29T16:02:29.406650+00:00,visits-service,visits-service-6868c8596f-t5sfr,2026-07-29T16:01:30.741953+00:00,DEBUG,7e6d3b8b05b6a339,7e6d3b8b05b6a339,nio-8080-exec-4,o.s.web.servlet.DispatcherServlet,Completed 200 OK
2026-07-29T16:02:29.406650+00:00,visits-service,visits-service-6868c8596f-t5sfr,2026-07-29T16:01:28.736116+00:00,DEBUG,9cd462d413c354da,c5f08920d3fa9581,nio-8080-exec-8,o.s.web.servlet.DispatcherServlet,Completed 200 OK
2026-07-29T16:02:29.406650+00:00,visits-service,visits-service-6868c8596f-t5sfr,2026-07-29T16:01:28.736112+00:00,DEBUG,9cd462d413c354da,c5f08920d3fa9581,nio-8080-exec-8,o.s.web.servlet.DispatcherServlet,"GET ""/owners/1/pets/1/visits"", parameters={}"
2026-07-29T16:02:29.406650+00:00,visits-service,visits-service-6868c8596f-t5sfr,2026-07-29T16:01:26.731189+00:00,DEBUG,877b816aef4cfc04,877b816aef4cfc04,nio-8080-exec-5,o.s.web.servlet.DispatcherServlet,Completed 200 OK
2026-07-29T16:02:29.406650+00:00,visits-service,visits-service-6868c8596f-t5sfr,2026-07-29T16:01:25.478210+00:00,DEBUG,ee4afe6f68261fd9,ee4afe6f68261fd9,nio-8080-exec-6,o.s.web.servlet.DispatcherServlet,Completed 200 OK
2026-07-29T16:03:29.395875+00:00,customers-service,customers-service-68987c986f-cpzz4,2026-07-29T16:03:28.881900+00:00,DEBUG,97dea38ecb1a16f6,f8d3f8fa0a740e76,io-8080-exec-23,o.s.web.servlet.DispatcherServlet,Completed 200 OK
2026-07-29T16:03:29.395875+00:00,customers-service,customers-service-68987c986f-cpzz4,2026-07-29T16:03:28.128544+00:00,DEBUG,72ca0b937bce9ab6,a0e8e1d3a9843114,io-8080-exec-14,o.s.web.servlet.DispatcherServlet,"GET ""/owners"", parameters={}"
2026-07-29T16:03:29.395875+00:00,customers-service,customers-service-68987c986f-cpzz4,2026-07-29T16:03:27.878536+00:00,DEBUG,ea5a5aae54453e34,47c46b03a4a818d1,io-8080-exec-13,o.s.web.servlet.DispatcherServlet,Completed 200 OK
2026-07-29T16:03:29.395875+00:00,customers-service,customers-service-68987c986f-cpzz4,2026-07-29T16:03:27.376937+00:00,DEBUG,97dea38ecb1a16f6,7b8531281be8f180,io-8080-exec-23,o.s.web.servlet.DispatcherServlet,"GET ""/owners"", parameters={}"
2026-07-29T16:03:29.395875+00:00,customers-service,customers-service-68987c986f-cpzz4,2026-07-29T16:03:26.875341+00:00,DEBUG,0d2f0b8c73fc6f27,0d2f0b8c73fc6f27,nio-8080-exec-6,o.s.web.servlet.DispatcherServlet,Completed 200 OK
2026-07-29T16:03:29.395875+00:00,customers-service,customers-service-68987c986f-cpzz4,2026-07-29T16:03:26.624622+00:00,DEBUG,ea5a5aae54453e34,051cc08d1e03395f,io-8080-exec-13,o.s.web.servlet.DispatcherServlet,"GET ""/owners"", parameters={}"
2026-07-29T16:03:29.395875+00:00,customers-service,customers-service-68987c986f-cpzz4,2026-07-29T16:03:26.123732+00:00,DEBUG,c6b05b0cdbd4ac1c,c6b05b0cdbd4ac1c,nio-8080-exec-9,o.s.web.servlet.DispatcherServlet,Completed 200 OK
2026-07-29T16:03:29.395875+00:00,customers-service,customers-service-68987c986f-cpzz4,2026-07-29T16:03:25.372506+00:00,DEBUG,b1aee8b76ab24fa5,63b87470cf50918b,nio-8080-exec-8,o.s.web.servlet.DispatcherServlet,Completed 200 OK
2026-07-29T16:03:29.395875+00:00,customers-service,customers-service-68987c986f-cpzz4,2026-07-29T16:03:25.122176+00:00,DEBUG,b1aee8b76ab24fa5,89f2209a44c5e4ca,nio-8080-exec-8,o.s.web.servlet.DispatcherServlet,"GET ""/owners"", parameters={}"
2026-07-29T16:03:29.395875+00:00,customers-service,customers-service-68987c986f-cpzz4,2026-07-29T16:03:24.870796+00:00,DEBUG,1e79a709437d59bc,dba7e13b3e572d5c,nio-8080-exec-3,o.s.web.servlet.DispatcherServlet,Completed 200 OK
2026-07-29T16:03:29.395875+00:00,customers-service,customers-service-68987c986f-cpzz4,2026-07-29T16:03:24.620652+00:00,DEBUG,1e79a709437d59bc,32cb871a28f2d6af,nio-8080-exec-3,o.s.web.servlet.DispatcherServlet,"GET ""/owners"", parameters={}"
2026-07-29T16:03:29.395875+00:00,customers-service,customers-service-68987c986f-cpzz4,2026-07-29T16:03:23.618696+00:00,DEBUG,d3b9e69faf1fb89e,7d6d0cb4ed62f560,io-8080-exec-17,o.s.web.servlet.DispatcherServlet,Completed 200 OK
2026-07-29T16:03:29.395875+00:00,customers-service,customers-service-68987c986f-cpzz4,2026-07-29T16:03:23.618692+00:00,DEBUG,d3b9e69faf1fb89e,88c20f490b8d7a1d,io-8080-exec-17,o.s.web.servlet.DispatcherServlet,"GET ""/owners/1"", parameters={}"
2026-07-29T16:03:29.395875+00:00,customers-service,customers-service-68987c986f-cpzz4,2026-07-29T16:03:23.116431+00:00,DEBUG,8a064a5aa95b7717,767948158cbe34f8,nio-8080-exec-7,o.s.web.servlet.DispatcherServlet,Completed 200 OK
2026-07-29T16:03:29.395875+00:00,customers-service,customers-service-68987c986f-cpzz4,2026-07-29T16:03:22.865299+00:00,DEBUG,8a064a5aa95b7717,4ce638fc5b5c316a,nio-8080-exec-7,o.s.web.servlet.DispatcherServlet,"GET ""/owners/1"", parameters={}"
2026-07-29T16:03:29.395875+00:00,customers-service,customers-service-68987c986f-cpzz4,2026-07-29T16:03:22.615030+00:00,DEBUG,d626cb239f7bd7be,eb1819db223409eb,io-8080-exec-10,o.s.web.servlet.DispatcherServlet,Completed 200 OK
2026-07-29T16:03:29.395875+00:00,customers-service,customers-service-68987c986f-cpzz4,2026-07-29T16:03:22.364441+00:00,DEBUG,d626cb239f7bd7be,608133e1c4525c9a,io-8080-exec-10,o.s.web.servlet.DispatcherServlet,"GET ""/owners/1"", parameters={}"
2026-07-29T16:03:29.395875+00:00,customers-service,customers-service-68987c986f-cpzz4,2026-07-29T16:03:22.113621+00:00,DEBUG,3cf37b9a459ddeea,47c8916bf66c91e5,io-8080-exec-14,o.s.web.servlet.DispatcherServlet,Completed 200 OK
2026-07-29T16:03:29.395875+00:00,customers-service,customers-service-68987c986f-cpzz4,2026-07-29T16:03:22.113577+00:00,DEBUG,3cf37b9a459ddeea,b215339319208e27,io-8080-exec-14,o.s.web.servlet.DispatcherServlet,"GET ""/owners/1"", parameters={}"
2026-07-29T16:03:29.395875+00:00,customers-service,customers-service-68987c986f-cpzz4,2026-07-29T16:03:21.863224+00:00,DEBUG,dcdf063ea7ce477d,0c1ced0fe5e575cc,io-8080-exec-23,o.s.web.servlet.DispatcherServlet,Completed 200 OK
2026-07-29T16:03:29.395875+00:00,customers-service,customers-service-68987c986f-cpzz4,2026-07-29T16:03:21.612825+00:00,DEBUG,dcdf063ea7ce477d,2452a8a5c8531f11,io-8080-exec-23,o.s.web.servlet.DispatcherServlet,"GET ""/owners"", parameters={}"
2026-07-29T16:03:29.395875+00:00,customers-service,customers-service-68987c986f-cpzz4,2026-07-29T16:03:21.112056+00:00,DEBUG,8a8ad55f5401405c,1d49627e588b0ca8,nio-8080-exec-6,o.s.web.servlet.DispatcherServlet,Completed 200 OK
2026-07-29T16:03:29.395875+00:00,customers-service,customers-service-68987c986f-cpzz4,2026-07-29T16:03:21.112044+00:00,DEBUG,8a8ad55f5401405c,589217b120e51aef,nio-8080-exec-6,o.s.web.servlet.DispatcherServlet,"GET ""/owners/1"", parameters={}"
2026-07-29T16:03:29.395875+00:00,customers-service,customers-service-68987c986f-cpzz4,2026-07-29T16:03:20.860890+00:00,DEBUG,e880259d37f6162e,2a564319502294ae,io-8080-exec-13,o.s.web.servlet.DispatcherServlet,Completed 200 OK
2026-07-29T16:03:29.395875+00:00,customers-service,customers-service-68987c986f-cpzz4,2026-07-29T16:03:20.609857+00:00,DEBUG,d71d4253d9f88e55,5b37067f730f8659,nio-8080-exec-9,o.s.web.servlet.DispatcherServlet,Completed 200 OK
2026-07-29T16:03:29.395875+00:00,customers-service,customers-service-68987c986f-cpzz4,2026-07-29T16:03:20.108065+00:00,DEBUG,d71d4253d9f88e55,3113de1412d135ea,nio-8080-exec-9,o.s.web.servlet.DispatcherServlet,"GET ""/owners/1"", parameters={}"
2026-07-29T16:03:29.395875+00:00,customers-service,customers-service-68987c986f-cpzz4,2026-07-29T16:03:19.857646+00:00,DEBUG,8fda65bc93b0dc9d,f1a2489b338fa93b,nio-8080-exec-8,o.s.web.servlet.DispatcherServlet,Completed 200 OK
2026-07-29T16:03:29.395875+00:00,customers-service,customers-service-68987c986f-cpzz4,2026-07-29T16:03:19.857582+00:00,DEBUG,e880259d37f6162e,0f072b4cfcd0bd69,io-8080-exec-13,o.s.web.servlet.DispatcherServlet,"GET ""/owners"", parameters={}"
2026-07-29T16:03:29.395875+00:00,customers-service,customers-service-68987c986f-cpzz4,2026-07-29T16:03:19.356147+00:00,DEBUG,120223cd47a060bb,18d20c97339f69a9,nio-8080-exec-3,o.s.web.servlet.DispatcherServlet,Completed 200 OK
2026-07-29T16:03:29.395875+00:00,customers-service,customers-service-68987c986f-cpzz4,2026-07-29T16:03:18.855014+00:00,DEBUG,8fda65bc93b0dc9d,0f20421e08e14133,nio-8080-exec-8,o.s.web.servlet.DispatcherServlet,"GET ""/owners"", parameters={}"
2026-07-29T16:03:29.395875+00:00,customers-service,customers-service-68987c986f-cpzz4,2026-07-29T16:03:18.102829+00:00,DEBUG,120223cd47a060bb,093da08c2ab17304,nio-8080-exec-3,o.s.web.servlet.DispatcherServlet,"GET ""/owners"", parameters={}"
2026-07-29T16:03:29.395875+00:00,customers-service,customers-service-68987c986f-cpzz4,2026-07-29T16:03:17.349988+00:00,DEBUG,db3e956f7717ab4e,2e14a65e48a3c678,io-8080-exec-17,o.s.web.servlet.DispatcherServlet,Completed 200 OK
2026-07-29T16:03:29.395875+00:00,customers-service,customers-service-68987c986f-cpzz4,2026-07-29T16:03:17.099272+00:00,DEBUG,db3e956f7717ab4e,5afe0b86b296ea43,io-8080-exec-17,o.s.web.servlet.DispatcherServlet,"GET ""/owners/1"", parameters={}"
2026-07-29T16:03:29.395875+00:00,customers-service,customers-service-68987c986f-cpzz4,2026-07-29T16:03:16.848381+00:00,DEBUG,38212ef44c79a539,1df236e690337c06,nio-8080-exec-7,o.s.web.servlet.DispatcherServlet,Completed 200 OK
2026-07-29T16:03:29.395875+00:00,customers-service,customers-service-68987c986f-cpzz4,2026-07-29T16:03:16.347064+00:00,DEBUG,5b8570db122cb609,5b8570db122cb609,io-8080-exec-10,o.s.web.servlet.DispatcherServlet,Completed 200 OK
2026-07-29T16:03:29.395875+00:00,customers-service,customers-service-68987c986f-cpzz4,2026-07-29T16:03:15.846080+00:00,DEBUG,38212ef44c79a539,2de97c224f1ec1e4,nio-8080-exec-7,o.s.web.servlet.DispatcherServlet,"GET ""/owners"", parameters={}"
2026-07-29T16:03:29.395875+00:00,customers-service,customers-service-68987c986f-cpzz4,2026-07-29T16:03:15.846076+00:00,DEBUG,ab39e4fb944dc131,f6ebd8a8fda19fcd,io-8080-exec-14,o.s.web.servlet.DispatcherServlet,Completed 200 OK
2026-07-29T16:03:29.395875+00:00,customers-service,customers-service-68987c986f-cpzz4,2026-07-29T16:03:15.344605+00:00,DEBUG,4043f8a237e6dfd9,84d902e4f6dfc6f6,io-8080-exec-23,o.s.web.servlet.DispatcherServlet,Completed 200 OK
2026-07-29T16:03:29.395875+00:00,customers-service,customers-service-68987c986f-cpzz4,2026-07-29T16:03:14.843785+00:00,DEBUG,ab39e4fb944dc131,014c2dca9117cbd1,io-8080-exec-14,o.s.web.servlet.DispatcherServlet,"GET ""/owners"", parameters={}"
2026-07-29T16:03:29.395875+00:00,customers-service,customers-service-68987c986f-cpzz4,2026-07-29T16:03:14.593057+00:00,DEBUG,9213c6fc6040f4f9,fcf5d3a37a0b6e08,nio-8080-exec-6,o.s.web.servlet.DispatcherServlet,Completed 200 OK
2026-07-29T16:03:29.395875+00:00,customers-service,customers-service-68987c986f-cpzz4,2026-07-29T16:03:14.342037+00:00,DEBUG,4043f8a237e6dfd9,972f33b9388ae6d3,io-8080-exec-23,o.s.web.servlet.DispatcherServlet,"GET ""/owners"", parameters={}"
2026-07-29T16:03:29.395875+00:00,customers-service,customers-service-68987c986f-cpzz4,2026-07-29T16:03:14.342036+00:00,DEBUG,9418dc88c341f854,a246fb8dd2e56044,nio-8080-exec-9,o.s.web.servlet.DispatcherServlet,Completed 200 OK
2026-07-29T16:03:29.395875+00:00,customers-service,customers-service-68987c986f-cpzz4,2026-07-29T16:03:13.840965+00:00,DEBUG,9213c6fc6040f4f9,c9db40a8b5f4ba7b,nio-8080-exec-6,o.s.web.servlet.DispatcherServlet,"GET ""/owners"", parameters={}"
2026-07-29T16:03:29.395875+00:00,customers-service,customers-service-68987c986f-cpzz4,2026-07-29T16:03:13.590855+00:00,DEBUG,0109db60e347c248,4a651f5617da1d02,io-8080-exec-13,o.s.web.servlet.DispatcherServlet,Completed 200 OK
2026-07-29T16:03:29.395875+00:00,customers-service,customers-service-68987c986f-cpzz4,2026-07-29T16:03:13.340693+00:00,DEBUG,9418dc88c341f854,a3d63f1d41910d30,nio-8080-exec-9,o.s.web.servlet.DispatcherServlet,"GET ""/owners"", parameters={}"
2026-07-29T16:03:29.395875+00:00,customers-service,customers-service-68987c986f-cpzz4,2026-07-29T16:03:13.340691+00:00,DEBUG,0796b7865a016639,90d22442bc92b51b,nio-8080-exec-8,o.s.web.servlet.DispatcherServlet,Completed 200 OK
2026-07-29T16:03:29.395875+00:00,customers-service,customers-service-68987c986f-cpzz4,2026-07-29T16:03:12.839179+00:00,DEBUG,0796b7865a016639,fad19888c50b7ff7,nio-8080-exec-8,o.s.web.servlet.DispatcherServlet,"GET ""/owners/1"", parameters={}"
2026-07-29T16:03:29.395875+00:00,customers-service,customers-service-68987c986f-cpzz4,2026-07-29T16:03:12.839174+00:00,DEBUG,60f199e579e5054e,b33eafcc527cd20a,nio-8080-exec-3,o.s.web.servlet.DispatcherServlet,Completed 200 OK
2026-07-29T16:03:29.395875+00:00,customers-service,customers-service-68987c986f-cpzz4,2026-07-29T16:03:12.588382+00:00,DEBUG,0109db60e347c248,9efbd710d561307f,io-8080-exec-13,o.s.web.servlet.DispatcherServlet,"GET ""/owners"", parameters={}"
2026-07-29T16:03:29.395875+00:00,customers-service,customers-service-68987c986f-cpzz4,2026-07-29T16:03:12.338082+00:00,DEBUG,9001bb54fa1d8c58,f52bd4f624a38437,io-8080-exec-17,o.s.web.servlet.DispatcherServlet,Completed 200 OK
2026-07-29T16:03:29.395875+00:00,customers-service,customers-service-68987c986f-cpzz4,2026-07-29T16:03:11.584711+00:00,DEBUG,60f199e579e5054e,7998820c366e89d8,nio-8080-exec-3,o.s.web.servlet.DispatcherServlet,"GET ""/owners"", parameters={}"
2026-07-29T16:03:29.395875+00:00,customers-service,customers-service-68987c986f-cpzz4,2026-07-29T16:03:11.334563+00:00,DEBUG,9001bb54fa1d8c58,e4a360db67f6ed54,io-8080-exec-17,o.s.web.servlet.DispatcherServlet,"GET ""/owners"", parameters={}"
2026-07-29T16:03:29.395875+00:00,customers-service,customers-service-68987c986f-cpzz4,2026-07-29T16:03:11.334539+00:00,DEBUG,31fba2015c6a5f03,31fba2015c6a5f03,io-8080-exec-10,o.s.web.servlet.DispatcherServlet,Completed 200 OK
2026-07-29T16:03:29.395875+00:00,customers-service,customers-service-68987c986f-cpzz4,2026-07-29T16:03:10.582275+00:00,DEBUG,7e9ca097bfcc3002,4336a689059dd066,nio-8080-exec-7,o.s.web.servlet.DispatcherServlet,Completed 200 OK
2026-07-29T16:03:29.395875+00:00,customers-service,customers-service-68987c986f-cpzz4,2026-07-29T16:03:10.331638+00:00,DEBUG,7e9ca097bfcc3002,d1b0698cf3506fd6,nio-8080-exec-7,o.s.web.servlet.DispatcherServlet,"GET ""/owners"", parameters={}"
2026-07-29T16:03:29.395875+00:00,customers-service,customers-service-68987c986f-cpzz4,2026-07-29T16:03:10.331614+00:00,DEBUG,9c7a9954102c78e5,42efbea3746dbcd3,io-8080-exec-14,o.s.web.servlet.DispatcherServlet,Completed 200 OK
2026-07-29T16:03:29.395875+00:00,customers-service,customers-service-68987c986f-cpzz4,2026-07-29T16:03:10.331610+00:00,DEBUG,9c7a9954102c78e5,966fc7de85e96a75,io-8080-exec-14,o.s.web.servlet.DispatcherServlet,"GET ""/owners"", parameters={}"
2026-07-29T16:03:29.395875+00:00,customers-service,customers-service-68987c986f-cpzz4,2026-07-29T16:03:09.579237+00:00,DEBUG,7128f2b9f45a4a1f,1c1a4681c5aeb748,io-8080-exec-23,o.s.web.servlet.DispatcherServlet,Completed 200 OK
2026-07-29T16:03:29.395875+00:00,customers-service,customers-service-68987c986f-cpzz4,2026-07-29T16:03:09.328984+00:00,DEBUG,7128f2b9f45a4a1f,0a7a9d134fdb4719,io-8080-exec-23,o.s.web.servlet.DispatcherServlet,"GET ""/owners/1"", parameters={}"
2026-07-29T16:03:29.395875+00:00,customers-service,customers-service-68987c986f-cpzz4,2026-07-29T16:03:09.328959+00:00,DEBUG,fa4a587f482197fe,960c6f28802e6cd0,nio-8080-exec-6,o.s.web.servlet.DispatcherServlet,Completed 200 OK
2026-07-29T16:03:29.395875+00:00,customers-service,customers-service-68987c986f-cpzz4,2026-07-29T16:03:09.328955+00:00,DEBUG,fa4a587f482197fe,86b4b817d22f2bb0,nio-8080-exec-6,o.s.web.servlet.DispatcherServlet,"GET ""/owners/1"", parameters={}"
2026-07-29T16:03:29.395875+00:00,customers-service,customers-service-68987c986f-cpzz4,2026-07-29T16:03:08.576263+00:00,DEBUG,222ba0f12192204c,9c7b8845e6fa5da9,nio-8080-exec-9,o.s.web.servlet.DispatcherServlet,Completed 200 OK
2026-07-29T16:03:29.395875+00:00,customers-service,customers-service-68987c986f-cpzz4,2026-07-29T16:03:08.325839+00:00,DEBUG,222ba0f12192204c,7282859c73842bb7,nio-8080-exec-9,o.s.web.servlet.DispatcherServlet,"GET ""/owners/1"", parameters={}"
2026-07-29T16:03:29.395875+00:00,customers-service,customers-service-68987c986f-cpzz4,2026-07-29T16:03:08.075725+00:00,DEBUG,b87444ddbbf285a0,78874a5ab0c29a7e,nio-8080-exec-8,o.s.web.servlet.DispatcherServlet,Completed 200 OK
2026-07-29T16:03:29.395875+00:00,customers-service,customers-service-68987c986f-cpzz4,2026-07-29T16:03:08.075721+00:00,DEBUG,b87444ddbbf285a0,f666b51f8818e57c,nio-8080-exec-8,o.s.web.servlet.DispatcherServlet,"GET ""/owners/1"", parameters={}"
2026-07-29T16:03:29.395875+00:00,customers-service,customers-service-68987c986f-cpzz4,2026-07-29T16:03:07.071869+00:00,DEBUG,d057c82f7898c852,9524ee4042530b71,io-8080-exec-13,o.s.web.servlet.DispatcherServlet,Completed 200 OK
2026-07-29T16:03:29.395875+00:00,customers-service,customers-service-68987c986f-cpzz4,2026-07-29T16:03:07.071844+00:00,DEBUG,d057c82f7898c852,f3c0b932aed31bc9,io-8080-exec-13,o.s.web.servlet.DispatcherServlet,"GET ""/owners/1"", parameters={}"
2026-07-29T16:03:29.395875+00:00,customers-service,customers-service-68987c986f-cpzz4,2026-07-29T16:03:07.071841+00:00,DEBUG,3b10f5e58af8c215,434b9ba60019c334,nio-8080-exec-3,o.s.web.servlet.DispatcherServlet,Completed 200 OK
2026-07-29T16:03:29.395875+00:00,customers-service,customers-service-68987c986f-cpzz4,2026-07-29T16:03:06.820975+00:00,DEBUG,3b10f5e58af8c215,4cb06a05d162e5ec,nio-8080-exec-3,o.s.web.servlet.DispatcherServlet,"GET ""/owners/1"", parameters={}"
2026-07-29T16:03:29.395875+00:00,customers-service,customers-service-68987c986f-cpzz4,2026-07-29T16:03:06.820949+00:00,DEBUG,c59fa8eebbd27fbf,c59fa8eebbd27fbf,io-8080-exec-17,o.s.web.servlet.DispatcherServlet,Completed 200 OK
2026-07-29T16:03:29.395875+00:00,customers-service,customers-service-68987c986f-cpzz4,2026-07-29T16:03:06.569733+00:00,DEBUG,e604eb5c28c388c4,04da1a1adbe023b0,io-8080-exec-10,o.s.web.servlet.DispatcherServlet,Completed 200 OK
2026-07-29T16:03:29.395875+00:00,customers-service,customers-service-68987c986f-cpzz4,2026-07-29T16:03:06.319020+00:00,DEBUG,b8874f1f25366c14,8e3d1e179d896b87,nio-8080-exec-7,o.s.web.servlet.DispatcherServlet,Completed 200 OK
2026-07-29T16:03:29.395875+00:00,customers-service,customers-service-68987c986f-cpzz4,2026-07-29T16:03:06.319016+00:00,DEBUG,b8874f1f25366c14,9b2727032e6bb7ed,nio-8080-exec-7,o.s.web.servlet.DispatcherServlet,"GET ""/owners/1"", parameters={}"
2026-07-29T16:03:29.395875+00:00,customers-service,customers-service-68987c986f-cpzz4,2026-07-29T16:03:06.067986+00:00,DEBUG,e604eb5c28c388c4,5fff336bb8468be9,io-8080-exec-10,o.s.web.servlet.DispatcherServlet,"GET ""/owners"", parameters={}"
2026-07-29T16:03:29.395875+00:00,customers-service,customers-service-68987c986f-cpzz4,2026-07-29T16:03:05.315076+00:00,DEBUG,7a6b146089c5a0bc,8691db07f492267a,io-8080-exec-14,o.s.web.servlet.DispatcherServlet,Completed 200 OK
2026-07-29T16:03:29.395875+00:00,customers-service,customers-service-68987c986f-cpzz4,2026-07-29T16:03:05.064758+00:00,DEBUG,7a6b146089c5a0bc,8687f57b90330694,io-8080-exec-14,o.s.web.servlet.DispatcherServlet,"GET ""/owners/1"", parameters={}"
2026-07-29T16:03:29.395875+00:00,customers-service,customers-service-68987c986f-cpzz4,2026-07-29T16:03:05.064754+00:00,DEBUG,cf7dd40452b3af54,cb745a8cba003f39,io-8080-exec-23,o.s.web.servlet.DispatcherServlet,Completed 200 OK
2026-07-29T16:03:29.395875+00:00,customers-service,customers-service-68987c986f-cpzz4,2026-07-29T16:03:04.813714+00:00,DEBUG,cf7dd40452b3af54,969acdb1b7d02129,io-8080-exec-23,o.s.web.servlet.DispatcherServlet,"GET ""/owners"", parameters={}"
2026-07-29T16:03:29.395875+00:00,customers-service,customers-service-68987c986f-cpzz4,2026-07-29T16:03:04.312298+00:00,DEBUG,9e5869c76102b09b,1a03cc4300a00876,nio-8080-exec-6,o.s.web.servlet.DispatcherServlet,Completed 200 OK
2026-07-29T16:03:29.395875+00:00,customers-service,customers-service-68987c986f-cpzz4,2026-07-29T16:03:04.312272+00:00,DEBUG,008c1a58511c5e32,9a3095b579d5db0b,nio-8080-exec-9,o.s.web.servlet.DispatcherServlet,Completed 200 OK
2026-07-29T16:03:29.395875+00:00,customers-service,customers-service-68987c986f-cpzz4,2026-07-29T16:03:04.312268+00:00,DEBUG,9e5869c76102b09b,c9fde5110dfbaea0,nio-8080-exec-6,o.s.web.servlet.DispatcherServlet,"GET ""/owners/1"", parameters={}"
2026-07-29T16:03:29.395875+00:00,customers-service,customers-service-68987c986f-cpzz4,2026-07-29T16:03:04.062111+00:00,DEBUG,008c1a58511c5e32,3b7737f4db107f26,nio-8080-exec-9,o.s.web.servlet.DispatcherServlet,"GET ""/owners"", parameters={}"
2026-07-29T16:03:29.395875+00:00,customers-service,customers-service-68987c986f-cpzz4,2026-07-29T16:03:03.560430+00:00,DEBUG,da89a1d9d95b2d10,5af5718f6f9c0761,nio-8080-exec-8,o.s.web.servlet.DispatcherServlet,Completed 200 OK
2026-07-29T16:03:29.395875+00:00,customers-service,customers-service-68987c986f-cpzz4,2026-07-29T16:03:03.309356+00:00,DEBUG,b517fc6b4299adf0,e4b7cff9c9aeb4a9,io-8080-exec-13,o.s.web.servlet.DispatcherServlet,Completed 200 OK
2026-07-29T16:03:29.395875+00:00,customers-service,customers-service-68987c986f-cpzz4,2026-07-29T16:03:03.309352+00:00,DEBUG,da89a1d9d95b2d10,22cb84ceddeaf4e0,nio-8080-exec-8,o.s.web.servlet.DispatcherServlet,"GET ""/owners"", parameters={}"
2026-07-29T16:03:29.395875+00:00,customers-service,customers-service-68987c986f-cpzz4,2026-07-29T16:03:03.059075+00:00,DEBUG,b517fc6b4299adf0,e4694b026a4d6239,io-8080-exec-13,o.s.web.servlet.DispatcherServlet,"GET ""/owners"", parameters={}"
2026-07-29T16:03:29.395875+00:00,customers-service,customers-service-68987c986f-cpzz4,2026-07-29T16:03:02.055423+00:00,DEBUG,85a757d7fc5f8bbd,4063ef3ae4aac807,nio-8080-exec-3,o.s.web.servlet.DispatcherServlet,Completed 200 OK
2026-07-29T16:03:29.395875+00:00,customers-service,customers-service-68987c986f-cpzz4,2026-07-29T16:03:02.055419+00:00,DEBUG,85a757d7fc5f8bbd,794306f909e9c756,nio-8080-exec-3,o.s.web.servlet.DispatcherServlet,"GET ""/owners/1"", parameters={}"
2026-07-29T16:03:29.395875+00:00,customers-service,customers-service-68987c986f-cpzz4,2026-07-29T16:03:01.804383+00:00,DEBUG,a4c4714aaba8d559,8744c2a47686d9f8,io-8080-exec-17,o.s.web.servlet.DispatcherServlet,Completed 200 OK
2026-07-29T16:03:29.395875+00:00,customers-service,customers-service-68987c986f-cpzz4,2026-07-29T16:03:01.553808+00:00,DEBUG,a4c4714aaba8d559,a4b3f55951c033b7,io-8080-exec-17,o.s.web.servlet.DispatcherServlet,"GET ""/owners/1"", parameters={}"
2026-07-29T16:03:29.395875+00:00,customers-service,customers-service-68987c986f-cpzz4,2026-07-29T16:03:01.303618+00:00,DEBUG,7d8fb684f0f9be07,7d8fb684f0f9be07,nio-8080-exec-7,o.s.web.servlet.DispatcherServlet,Completed 200 OK
2026-07-29T16:03:29.395875+00:00,customers-service,customers-service-68987c986f-cpzz4,2026-07-29T16:03:01.053120+00:00,DEBUG,4cedb936ca7deaef,24f7294d7bf8e36e,io-8080-exec-10,o.s.web.servlet.DispatcherServlet,Completed 200 OK
2026-07-29T16:03:29.395875+00:00,customers-service,customers-service-68987c986f-cpzz4,2026-07-29T16:03:00.802005+00:00,DEBUG,4cedb936ca7deaef,1e942d22b288e506,io-8080-exec-10,o.s.web.servlet.DispatcherServlet,"GET ""/owners"", parameters={}"
2026-07-29T16:03:29.395875+00:00,customers-service,customers-service-68987c986f-cpzz4,2026-07-29T16:03:00.049991+00:00,DEBUG,66ccb226fe55b0f9,405009a9d77538c8,io-8080-exec-14,o.s.web.servlet.DispatcherServlet,Completed 200 OK
2026-07-29T16:03:29.395875+00:00,customers-service,customers-service-68987c986f-cpzz4,2026-07-29T16:03:00.049981+00:00,DEBUG,66ccb226fe55b0f9,4d8597def5a851f6,io-8080-exec-14,o.s.web.servlet.DispatcherServlet,"GET ""/owners"", parameters={}"
2026-07-29T16:03:29.395875+00:00,customers-service,customers-service-68987c986f-cpzz4,2026-07-29T16:02:58.794709+00:00,DEBUG,1ed5d1f4e988e307,6f474c06f9500510,io-8080-exec-23,o.s.web.servlet.DispatcherServlet,Completed 200 OK
2026-07-29T16:03:29.395875+00:00,customers-service,customers-service-68987c986f-cpzz4,2026-07-29T16:02:58.794684+00:00,DEBUG,1ed5d1f4e988e307,c84bad8de295dbd4,io-8080-exec-23,o.s.web.servlet.DispatcherServlet,"GET ""/owners/1"", parameters={}"
2026-07-29T16:03:29.395875+00:00,customers-service,customers-service-68987c986f-cpzz4,2026-07-29T16:02:58.794680+00:00,DEBUG,1f5f5855e7eb18cf,1349d228c7426697,nio-8080-exec-6,o.s.web.servlet.DispatcherServlet,Completed 200 OK
2026-07-29T16:03:29.395875+00:00,customers-service,customers-service-68987c986f-cpzz4,2026-07-29T16:02:58.543737+00:00,DEBUG,1f5f5855e7eb18cf,fff6fa9ecffc55db,nio-8080-exec-6,o.s.web.servlet.DispatcherServlet,"GET ""/owners/1"", parameters={}"
2026-07-29T16:03:29.395875+00:00,customers-service,customers-service-68987c986f-cpzz4,2026-07-29T16:02:57.540562+00:00,DEBUG,33b3aebf1828ac55,3ae226bae4d894a0,nio-8080-exec-9,o.s.web.servlet.DispatcherServlet,Completed 200 OK
2026-07-29T16:03:29.395875+00:00,customers-service,customers-service-68987c986f-cpzz4,2026-07-29T16:02:57.540558+00:00,DEBUG,33b3aebf1828ac55,bf26e30a37d45fb1,nio-8080-exec-9,o.s.web.servlet.DispatcherServlet,"GET ""/owners"", parameters={}"
2026-07-29T16:03:29.395875+00:00,customers-service,customers-service-68987c986f-cpzz4,2026-07-29T16:02:57.290071+00:00,DEBUG,ee338095da6f863e,cf6cc326b9bed31c,nio-8080-exec-8,o.s.web.servlet.DispatcherServlet,Completed 200 OK
2026-07-29T16:03:29.395875+00:00,customers-service,customers-service-68987c986f-cpzz4,2026-07-29T16:02:57.290004+00:00,DEBUG,ee338095da6f863e,4632d22a7ca1cc4b,nio-8080-exec-8,o.s.web.servlet.DispatcherServlet,"GET ""/owners/1"", parameters={}"
2026-07-29T16:03:29.395875+00:00,customers-service,customers-service-68987c986f-cpzz4,2026-07-29T16:02:56.537538+00:00,DEBUG,410d4edb763470cf,52b70bb2a45369a8,io-8080-exec-13,o.s.web.servlet.DispatcherServlet,Completed 200 OK
2026-07-29T16:03:29.395875+00:00,customers-service,customers-service-68987c986f-cpzz4,2026-07-29T16:02:56.286282+00:00,DEBUG,410d4edb763470cf,d480497f11d80c1f,io-8080-exec-13,o.s.web.servlet.DispatcherServlet,"GET ""/owners/1"", parameters={}"
2026-07-29T16:03:29.395875+00:00,customers-service,customers-service-68987c986f-cpzz4,2026-07-29T16:02:56.286249+00:00,DEBUG,c3f8f9bed40e8150,c3f8f9bed40e8150,nio-8080-exec-3,o.s.web.servlet.DispatcherServlet,Completed 200 OK
2026-07-29T16:03:29.395875+00:00,customers-service,customers-service-68987c986f-cpzz4,2026-07-29T16:02:56.286218+00:00,DEBUG,001b6704b9704fac,b6f75d7320c61609,io-8080-exec-17,o.s.web.servlet.DispatcherServlet,Completed 200 OK
2026-07-29T16:03:29.395875+00:00,customers-service,customers-service-68987c986f-cpzz4,2026-07-29T16:02:56.035234+00:00,DEBUG,001b6704b9704fac,d3fda624ba582eff,io-8080-exec-17,o.s.web.servlet.DispatcherServlet,"GET ""/owners/1"", parameters={}"
2026-07-29T16:03:29.395875+00:00,customers-service,customers-service-68987c986f-cpzz4,2026-07-29T16:02:55.533459+00:00,DEBUG,d8332b100fd5d98a,5b66fed9db4d3313,nio-8080-exec-7,o.s.web.servlet.DispatcherServlet,Completed 200 OK
2026-07-29T16:03:29.395875+00:00,customers-service,customers-service-68987c986f-cpzz4,2026-07-29T16:02:55.533435+00:00,DEBUG,70ba5a7a25dd399c,f05a5d09707ccd4f,io-8080-exec-10,o.s.web.servlet.DispatcherServlet,Completed 200 OK
2026-07-29T16:03:29.395875+00:00,customers-service,customers-service-68987c986f-cpzz4,2026-07-29T16:02:55.533431+00:00,DEBUG,d8332b100fd5d98a,c2e49c1f10096926,nio-8080-exec-7,o.s.web.servlet.DispatcherServlet,"GET ""/owners/1"", parameters={}"
2026-07-29T16:03:29.395875+00:00,customers-service,customers-service-68987c986f-cpzz4,2026-07-29T16:02:55.282643+00:00,DEBUG,70ba5a7a25dd399c,8dae3fa3a0a00a01,io-8080-exec-10,o.s.web.servlet.DispatcherServlet,"GET ""/owners"", parameters={}"
2026-07-29T16:03:29.395875+00:00,customers-service,customers-service-68987c986f-cpzz4,2026-07-29T16:02:54.529752+00:00,DEBUG,df6c78eb1fab19f4,369020fd81241654,io-8080-exec-14,o.s.web.servlet.DispatcherServlet,Completed 200 OK
2026-07-29T16:03:29.395875+00:00,customers-service,customers-service-68987c986f-cpzz4,2026-07-29T16:02:54.529748+00:00,DEBUG,df6c78eb1fab19f4,16cfa668938f5208,io-8080-exec-14,o.s.web.servlet.DispatcherServlet,"GET ""/owners"", parameters={}"
2026-07-29T16:03:29.395875+00:00,customers-service,customers-service-68987c986f-cpzz4,2026-07-29T16:02:54.278355+00:00,DEBUG,a306ed8d5e1f693e,ec70cab5569991c9,io-8080-exec-23,o.s.web.servlet.DispatcherServlet,Completed 200 OK
2026-07-29T16:03:29.395875+00:00,customers-service,customers-service-68987c986f-cpzz4,2026-07-29T16:02:54.027832+00:00,DEBUG,a306ed8d5e1f693e,9ff818d6356e6cbd,io-8080-exec-23,o.s.web.servlet.DispatcherServlet,"GET ""/owners/1"", parameters={}"
2026-07-29T16:03:29.395875+00:00,customers-service,customers-service-68987c986f-cpzz4,2026-07-29T16:02:53.776795+00:00,DEBUG,166295064eabd569,39ed65161b2c5e85,nio-8080-exec-6,o.s.web.servlet.DispatcherServlet,Completed 200 OK
2026-07-29T16:03:29.395875+00:00,customers-service,customers-service-68987c986f-cpzz4,2026-07-29T16:02:53.526578+00:00,DEBUG,166295064eabd569,6fb005c244ae0c4e,nio-8080-exec-6,o.s.web.servlet.DispatcherServlet,"GET ""/owners/1"", parameters={}"
2026-07-29T16:03:29.395875+00:00,customers-service,customers-service-68987c986f-cpzz4,2026-07-29T16:02:53.526574+00:00,DEBUG,7b46ba527509f677,4f95a99884c4fcb1,nio-8080-exec-9,o.s.web.servlet.DispatcherServlet,Completed 200 OK
2026-07-29T16:03:29.395875+00:00,customers-service,customers-service-68987c986f-cpzz4,2026-07-29T16:02:53.275673+00:00,DEBUG,c54462d250e1e7d8,fd0310aa8687186c,nio-8080-exec-8,o.s.web.servlet.DispatcherServlet,Completed 200 OK
2026-07-29T16:03:29.395875+00:00,customers-service,customers-service-68987c986f-cpzz4,2026-07-29T16:02:53.275670+00:00,DEBUG,7b46ba527509f677,cd3a07506e83b86d,nio-8080-exec-9,o.s.web.servlet.DispatcherServlet,"GET ""/owners"", parameters={}"
2026-07-29T16:03:29.395875+00:00,customers-service,customers-service-68987c986f-cpzz4,2026-07-29T16:02:53.025525+00:00,DEBUG,c54462d250e1e7d8,44f48f0c5e2af1d1,nio-8080-exec-8,o.s.web.servlet.DispatcherServlet,"GET ""/owners"", parameters={}"
2026-07-29T16:03:29.395875+00:00,customers-service,customers-service-68987c986f-cpzz4,2026-07-29T16:02:52.021894+00:00,DEBUG,ba7d8918da82c652,67d015dffbd5720b,io-8080-exec-13,o.s.web.servlet.DispatcherServlet,Completed 200 OK
2026-07-29T16:03:29.395875+00:00,customers-service,customers-service-68987c986f-cpzz4,2026-07-29T16:02:52.021890+00:00,DEBUG,ba7d8918da82c652,6350806dc18d2231,io-8080-exec-13,o.s.web.servlet.DispatcherServlet,"GET ""/owners/1"", parameters={}"
2026-07-29T16:03:29.395875+00:00,customers-service,customers-service-68987c986f-cpzz4,2026-07-29T16:02:51.270031+00:00,DEBUG,6448387bbd6c5134,36163afd9ad0464c,nio-8080-exec-3,o.s.web.servlet.DispatcherServlet,Completed 200 OK
2026-07-29T16:03:29.395875+00:00,customers-service,customers-service-68987c986f-cpzz4,2026-07-29T16:02:51.018677+00:00,DEBUG,6448387bbd6c5134,e59f8e73ff94c2fd,nio-8080-exec-3,o.s.web.servlet.DispatcherServlet,"GET ""/owners"", parameters={}"
2026-07-29T16:03:29.395875+00:00,customers-service,customers-service-68987c986f-cpzz4,2026-07-29T16:02:50.768567+00:00,DEBUG,f39f054f0e672f62,d99a182a2e5b058b,io-8080-exec-17,o.s.web.servlet.DispatcherServlet,Completed 200 OK
2026-07-29T16:03:29.395875+00:00,customers-service,customers-service-68987c986f-cpzz4,2026-07-29T16:02:50.517551+00:00,DEBUG,f39f054f0e672f62,47ded989184c55a0,io-8080-exec-17,o.s.web.servlet.DispatcherServlet,"GET ""/owners"", parameters={}"
2026-07-29T16:03:29.395875+00:00,customers-service,customers-service-68987c986f-cpzz4,2026-07-29T16:02:50.267475+00:00,DEBUG,3bfdc78b54780157,ea9e623ef9c82b81,nio-8080-exec-7,o.s.web.servlet.DispatcherServlet,Completed 200 OK
2026-07-29T16:03:29.395875+00:00,customers-service,customers-service-68987c986f-cpzz4,2026-07-29T16:02:50.016757+00:00,DEBUG,3bfdc78b54780157,9599de2d482ffbc6,nio-8080-exec-7,o.s.web.servlet.DispatcherServlet,"GET ""/owners/1"", parameters={}"
2026-07-29T16:03:29.395875+00:00,customers-service,customers-service-68987c986f-cpzz4,2026-07-29T16:02:49.765501+00:00,DEBUG,57a8419d0006334f,a09d06c79caa72ed,io-8080-exec-10,o.s.web.servlet.DispatcherServlet,Completed 200 OK
2026-07-29T16:03:29.395875+00:00,customers-service,customers-service-68987c986f-cpzz4,2026-07-29T16:02:49.765499+00:00,DEBUG,57a8419d0006334f,b82b21f121bc020b,io-8080-exec-10,o.s.web.servlet.DispatcherServlet,"GET ""/owners/1"", parameters={}"
2026-07-29T16:03:29.395875+00:00,customers-service,customers-service-68987c986f-cpzz4,2026-07-29T16:02:49.515486+00:00,DEBUG,3c70b68f48f8bef9,f8de2d2ef76ee014,io-8080-exec-14,o.s.web.servlet.DispatcherServlet,Completed 200 OK
2026-07-29T16:03:29.395875+00:00,customers-service,customers-service-68987c986f-cpzz4,2026-07-29T16:02:49.515483+00:00,DEBUG,3c70b68f48f8bef9,0590e3b40e7c090f,io-8080-exec-14,o.s.web.servlet.DispatcherServlet,"GET ""/owners"", parameters={}"
2026-07-29T16:03:29.395875+00:00,customers-service,customers-service-68987c986f-cpzz4,2026-07-29T16:02:49.013130+00:00,DEBUG,77fe4f33dacc5e14,91f2839e55cd53df,io-8080-exec-23,o.s.web.servlet.DispatcherServlet,Completed 200 OK
2026-07-29T16:03:29.395875+00:00,customers-service,customers-service-68987c986f-cpzz4,2026-07-29T16:02:49.013126+00:00,DEBUG,77fe4f33dacc5e14,8b87afddcca30178,io-8080-exec-23,o.s.web.servlet.DispatcherServlet,"GET ""/owners"", parameters={}"
2026-07-29T16:03:29.395875+00:00,customers-service,customers-service-68987c986f-cpzz4,2026-07-29T16:02:48.259875+00:00,DEBUG,d22c68971c23f832,20f6ac7c46709166,nio-8080-exec-6,o.s.web.servlet.DispatcherServlet,Completed 200 OK
2026-07-29T16:03:29.395875+00:00,customers-service,customers-service-68987c986f-cpzz4,2026-07-29T16:02:48.009767+00:00,DEBUG,d22c68971c23f832,e4ad49f44f4d7012,nio-8080-exec-6,o.s.web.servlet.DispatcherServlet,"GET ""/owners"", parameters={}"
2026-07-29T16:03:29.395875+00:00,customers-service,customers-service-68987c986f-cpzz4,2026-07-29T16:02:48.009763+00:00,DEBUG,b3192c570a3b0187,6be44a8c688609e3,nio-8080-exec-9,o.s.web.servlet.DispatcherServlet,Completed 200 OK
2026-07-29T16:03:29.395875+00:00,customers-service,customers-service-68987c986f-cpzz4,2026-07-29T16:02:47.758528+00:00,DEBUG,b3192c570a3b0187,6525b1be32dc099b,nio-8080-exec-9,o.s.web.servlet.DispatcherServlet,"GET ""/owners"", parameters={}"
2026-07-29T16:03:29.395875+00:00,customers-service,customers-service-68987c986f-cpzz4,2026-07-29T16:02:47.256873+00:00,DEBUG,ede027ebb989e337,3841527fda43e638,nio-8080-exec-8,o.s.web.servlet.DispatcherServlet,Completed 200 OK
2026-07-29T16:03:29.395875+00:00,customers-service,customers-service-68987c986f-cpzz4,2026-07-29T16:02:47.256868+00:00,DEBUG,ede027ebb989e337,91d9793cf49c9cfc,nio-8080-exec-8,o.s.web.servlet.DispatcherServlet,"GET ""/owners/1"", parameters={}"
2026-07-29T16:03:29.395875+00:00,customers-service,customers-service-68987c986f-cpzz4,2026-07-29T16:02:47.006008+00:00,DEBUG,3badc28f131d4c53,f66126195bcebf90,io-8080-exec-13,o.s.web.servlet.DispatcherServlet,Completed 200 OK
2026-07-29T16:03:29.395875+00:00,customers-service,customers-service-68987c986f-cpzz4,2026-07-29T16:02:47.005981+00:00,DEBUG,246bd6d1cde74c62,bb6f543a12c00959,nio-8080-exec-3,o.s.web.servlet.DispatcherServlet,Completed 200 OK
2026-07-29T16:03:29.395875+00:00,customers-service,customers-service-68987c986f-cpzz4,2026-07-29T16:02:47.005977+00:00,DEBUG,3badc28f131d4c53,42383d92a14c8e6a,io-8080-exec-13,o.s.web.servlet.DispatcherServlet,"GET ""/owners/1"", parameters={}"
2026-07-29T16:03:29.395875+00:00,customers-service,customers-service-68987c986f-cpzz4,2026-07-29T16:02:46.755095+00:00,DEBUG,f7fd433b42893d43,f7fd433b42893d43,io-8080-exec-17,o.s.web.servlet.DispatcherServlet,Completed 200 OK
2026-07-29T16:03:29.395875+00:00,customers-service,customers-service-68987c986f-cpzz4,2026-07-29T16:02:46.755018+00:00,DEBUG,246bd6d1cde74c62,42ed50318f535000,nio-8080-exec-3,o.s.web.servlet.DispatcherServlet,"GET ""/owners"", parameters={}"
2026-07-29T16:03:29.395875+00:00,customers-service,customers-service-68987c986f-cpzz4,2026-07-29T16:02:46.253164+00:00,DEBUG,a1361a2b664c924a,a1361a2b664c924a,nio-8080-exec-7,o.s.web.servlet.DispatcherServlet,Completed 200 OK
2026-07-29T16:03:29.395875+00:00,customers-service,customers-service-68987c986f-cpzz4,2026-07-29T16:02:46.253139+00:00,DEBUG,10d61aa38a694e26,fac823543d04813e,io-8080-exec-10,o.s.web.servlet.DispatcherServlet,Completed 200 OK
2026-07-29T16:03:29.395875+00:00,customers-service,customers-service-68987c986f-cpzz4,2026-07-29T16:02:46.002042+00:00,DEBUG,10d61aa38a694e26,f2b6b62dfb9edd2c,io-8080-exec-10,o.s.web.servlet.DispatcherServlet,"GET ""/owners/1"", parameters={}"
2026-07-29T16:03:29.395875+00:00,customers-service,customers-service-68987c986f-cpzz4,2026-07-29T16:02:44.750404+00:00,DEBUG,b87dc8b16609085b,27705b9216b03672,io-8080-exec-14,o.s.web.servlet.DispatcherServlet,Completed 200 OK
2026-07-29T16:03:29.395875+00:00,customers-service,customers-service-68987c986f-cpzz4,2026-07-29T16:02:44.750372+00:00,DEBUG,b87dc8b16609085b,75d775454aeb5d6c,io-8080-exec-14,o.s.web.servlet.DispatcherServlet,"GET ""/owners/1"", parameters={}"
2026-07-29T16:03:29.395875+00:00,customers-service,customers-service-68987c986f-cpzz4,2026-07-29T16:02:44.750368+00:00,DEBUG,c6f3cbe1ed7c7374,60f407216a960450,io-8080-exec-23,o.s.web.servlet.DispatcherServlet,Completed 200 OK
2026-07-29T16:03:29.395875+00:00,customers-service,customers-service-68987c986f-cpzz4,2026-07-29T16:02:44.500186+00:00,DEBUG,c6f3cbe1ed7c7374,86ee9af9ac80a733,io-8080-exec-23,o.s.web.servlet.DispatcherServlet,"GET ""/owners/1"", parameters={}"
2026-07-29T16:03:29.395875+00:00,customers-service,customers-service-68987c986f-cpzz4,2026-07-29T16:02:44.249414+00:00,DEBUG,670db7566551b037,2b3fc8952612c9bf,nio-8080-exec-6,o.s.web.servlet.DispatcherServlet,Completed 200 OK
2026-07-29T16:03:29.395875+00:00,customers-service,customers-service-68987c986f-cpzz4,2026-07-29T16:02:43.998584+00:00,DEBUG,670db7566551b037,f422d93ea28a93df,nio-8080-exec-6,o.s.web.servlet.DispatcherServlet,"GET ""/owners/1"", parameters={}"
2026-07-29T16:03:29.395875+00:00,customers-service,customers-service-68987c986f-cpzz4,2026-07-29T16:02:43.748048+00:00,DEBUG,2e3c3377f02d3062,8998ff071aa42413,nio-8080-exec-9,o.s.web.servlet.DispatcherServlet,Completed 200 OK
2026-07-29T16:03:29.395875+00:00,customers-service,customers-service-68987c986f-cpzz4,2026-07-29T16:02:43.497566+00:00,DEBUG,2e3c3377f02d3062,21f8d92383f575e5,nio-8080-exec-9,o.s.web.servlet.DispatcherServlet,"GET ""/owners"", parameters={}"
2026-07-29T16:03:29.395875+00:00,customers-service,customers-service-68987c986f-cpzz4,2026-07-29T16:02:43.246523+00:00,DEBUG,c7b1fdc0feeea78a,684df19637ab3db6,nio-8080-exec-8,o.s.web.servlet.DispatcherServlet,Completed 200 OK
2026-07-29T16:03:29.395875+00:00,customers-service,customers-service-68987c986f-cpzz4,2026-07-29T16:02:42.995712+00:00,DEBUG,c7b1fdc0feeea78a,38e65bb45d9f87b3,nio-8080-exec-8,o.s.web.servlet.DispatcherServlet,"GET ""/owners"", parameters={}"
2026-07-29T16:03:29.395875+00:00,customers-service,customers-service-68987c986f-cpzz4,2026-07-29T16:02:42.244147+00:00,DEBUG,1171c926dafaf414,1e04b45cf7b982f3,io-8080-exec-13,o.s.web.servlet.DispatcherServlet,Completed 200 OK
2026-07-29T16:03:29.395875+00:00,customers-service,customers-service-68987c986f-cpzz4,2026-07-29T16:02:42.244143+00:00,DEBUG,1171c926dafaf414,d13784f8529d9d0a,io-8080-exec-13,o.s.web.servlet.DispatcherServlet,"GET ""/owners/1"", parameters={}"
2026-07-29T16:03:29.395875+00:00,customers-service,customers-service-68987c986f-cpzz4,2026-07-29T16:02:41.492503+00:00,DEBUG,c7b29731c1e2d5b8,4eba3c7a7614de77,io-8080-exec-17,o.s.web.servlet.DispatcherServlet,Completed 200 OK
2026-07-29T16:03:29.395875+00:00,customers-service,customers-service-68987c986f-cpzz4,2026-07-29T16:02:41.492500+00:00,DEBUG,9d4c77837448ed8c,d1e8701652e7ec66,nio-8080-exec-3,o.s.web.servlet.DispatcherServlet,Completed 200 OK
2026-07-29T16:03:29.395875+00:00,customers-service,customers-service-68987c986f-cpzz4,2026-07-29T16:02:41.241320+00:00,DEBUG,c7b29731c1e2d5b8,b11aa2b43083cd30,io-8080-exec-17,o.s.web.servlet.DispatcherServlet,"GET ""/owners"", parameters={}"
2026-07-29T16:03:29.395875+00:00,customers-service,customers-service-68987c986f-cpzz4,2026-07-29T16:02:41.241304+00:00,DEBUG,a9249104cd542091,a9249104cd542091,nio-8080-exec-7,o.s.web.servlet.DispatcherServlet,Completed 200 OK
2026-07-29T16:03:29.395875+00:00,customers-service,customers-service-68987c986f-cpzz4,2026-07-29T16:02:40.990113+00:00,DEBUG,9d4c77837448ed8c,2b380c4db60e9a13,nio-8080-exec-3,o.s.web.servlet.DispatcherServlet,"GET ""/owners"", parameters={}"
2026-07-29T16:03:29.395875+00:00,customers-service,customers-service-68987c986f-cpzz4,2026-07-29T16:02:40.488831+00:00,DEBUG,924291126a038e7b,a19ff894ec583188,io-8080-exec-10,o.s.web.servlet.DispatcherServlet,Completed 200 OK
2026-07-29T16:03:29.395875+00:00,customers-service,customers-service-68987c986f-cpzz4,2026-07-29T16:02:39.987641+00:00,DEBUG,ac7bcd7a1f0ac316,908e1f0c9ee8cd1f,io-8080-exec-14,o.s.web.servlet.DispatcherServlet,Completed 200 OK
2026-07-29T16:03:29.395875+00:00,customers-service,customers-service-68987c986f-cpzz4,2026-07-29T16:02:39.737286+00:00,DEBUG,924291126a038e7b,454b5dc8f80f4899,io-8080-exec-10,o.s.web.servlet.DispatcherServlet,"GET ""/owners"", parameters={}"
2026-07-29T16:03:29.395875+00:00,customers-service,customers-service-68987c986f-cpzz4,2026-07-29T16:02:39.487130+00:00,DEBUG,ac7bcd7a1f0ac316,73d4048688757828,io-8080-exec-14,o.s.web.servlet.DispatcherServlet,"GET ""/owners/1"", parameters={}"
2026-07-29T16:03:29.395875+00:00,customers-service,customers-service-68987c986f-cpzz4,2026-07-29T16:02:39.236120+00:00,DEBUG,f28f8b77e5126429,a27f05d5f5938e5f,io-8080-exec-23,o.s.web.servlet.DispatcherServlet,Completed 200 OK
2026-07-29T16:03:29.395875+00:00,customers-service,customers-service-68987c986f-cpzz4,2026-07-29T16:02:38.985870+00:00,DEBUG,f04fd35a8fb3d7db,3872832df8f63d7e,nio-8080-exec-6,o.s.web.servlet.DispatcherServlet,Completed 200 OK
2026-07-29T16:03:29.395875+00:00,customers-service,customers-service-68987c986f-cpzz4,2026-07-29T16:02:38.485610+00:00,DEBUG,f28f8b77e5126429,f85b93b2662f751d,io-8080-exec-23,o.s.web.servlet.DispatcherServlet,"GET ""/owners"", parameters={}"
2026-07-29T16:03:29.395875+00:00,customers-service,customers-service-68987c986f-cpzz4,2026-07-29T16:02:38.234760+00:00,DEBUG,6d1681ecc5cff832,d754ade9e66ff0e3,nio-8080-exec-9,o.s.web.servlet.DispatcherServlet,Completed 200 OK
2026-07-29T16:03:29.395875+00:00,customers-service,customers-service-68987c986f-cpzz4,2026-07-29T16:02:37.983980+00:00,DEBUG,f04fd35a8fb3d7db,268b7614454bef5a,nio-8080-exec-6,o.s.web.servlet.DispatcherServlet,"GET ""/owners"", parameters={}"
2026-07-29T16:03:29.395875+00:00,customers-service,customers-service-68987c986f-cpzz4,2026-07-29T16:02:37.983977+00:00,DEBUG,6d1681ecc5cff832,a570ddf475de0456,nio-8080-exec-9,o.s.web.servlet.DispatcherServlet,"GET ""/owners/1"", parameters={}"
2026-07-29T16:03:29.395875+00:00,customers-service,customers-service-68987c986f-cpzz4,2026-07-29T16:02:36.981728+00:00,DEBUG,634f16eefde947a1,cacac3030e452bd3,nio-8080-exec-8,o.s.web.servlet.DispatcherServlet,Completed 200 OK
2026-07-29T16:03:29.395875+00:00,customers-service,customers-service-68987c986f-cpzz4,2026-07-29T16:02:36.480412+00:00,DEBUG,634f16eefde947a1,630936dc5112201b,nio-8080-exec-8,o.s.web.servlet.DispatcherServlet,"GET ""/owners"", parameters={}"
2026-07-29T16:03:29.395875+00:00,customers-service,customers-service-68987c986f-cpzz4,2026-07-29T16:02:36.229397+00:00,DEBUG,b4a5025e0d84df31,13b23829b140d1e2,io-8080-exec-13,o.s.web.servlet.DispatcherServlet,Completed 200 OK
2026-07-29T16:03:29.395875+00:00,customers-service,customers-service-68987c986f-cpzz4,2026-07-29T16:02:36.229392+00:00,DEBUG,b4a5025e0d84df31,dffa95f426ad00a4,io-8080-exec-13,o.s.web.servlet.DispatcherServlet,"GET ""/owners"", parameters={}"
2026-07-29T16:03:29.395875+00:00,customers-service,customers-service-68987c986f-cpzz4,2026-07-29T16:02:35.979147+00:00,DEBUG,52bde1f5e518af0e,806a2f8a36901fe2,io-8080-exec-17,o.s.web.servlet.DispatcherServlet,Completed 200 OK
2026-07-29T16:03:29.395875+00:00,customers-service,customers-service-68987c986f-cpzz4,2026-07-29T16:02:35.727816+00:00,DEBUG,52bde1f5e518af0e,2cb47a4038a67a68,io-8080-exec-17,o.s.web.servlet.DispatcherServlet,"GET ""/owners"", parameters={}"
2026-07-29T16:03:29.395875+00:00,customers-service,customers-service-68987c986f-cpzz4,2026-07-29T16:02:34.473242+00:00,DEBUG,5fa88219cb9a36e9,dc71ab9da6c71130,nio-8080-exec-7,o.s.web.servlet.DispatcherServlet,Completed 200 OK
2026-07-29T16:03:29.395875+00:00,customers-service,customers-service-68987c986f-cpzz4,2026-07-29T16:02:34.222412+00:00,DEBUG,5fa88219cb9a36e9,500d3e39b473493d,nio-8080-exec-7,o.s.web.servlet.DispatcherServlet,"GET ""/owners"", parameters={}"
2026-07-29T16:03:29.395875+00:00,customers-service,customers-service-68987c986f-cpzz4,2026-07-29T16:02:34.222408+00:00,DEBUG,5aa913195f93d7db,16a99210b95d9c11,nio-8080-exec-3,o.s.web.servlet.DispatcherServlet,Completed 200 OK
2026-07-29T16:03:29.395875+00:00,customers-service,customers-service-68987c986f-cpzz4,2026-07-29T16:02:33.971984+00:00,DEBUG,8feea368b558dc42,756c919f2c93bfe1,io-8080-exec-10,o.s.web.servlet.DispatcherServlet,Completed 200 OK
2026-07-29T16:03:29.395875+00:00,customers-service,customers-service-68987c986f-cpzz4,2026-07-29T16:02:33.971981+00:00,DEBUG,5aa913195f93d7db,4fb2d85bc62991b0,nio-8080-exec-3,o.s.web.servlet.DispatcherServlet,"GET ""/owners"", parameters={}"
2026-07-29T16:03:29.395875+00:00,customers-service,customers-service-68987c986f-cpzz4,2026-07-29T16:02:33.720812+00:00,DEBUG,8feea368b558dc42,64551762c6299afd,io-8080-exec-10,o.s.web.servlet.DispatcherServlet,"GET ""/owners"", parameters={}"
2026-07-29T16:03:29.395875+00:00,customers-service,customers-service-68987c986f-cpzz4,2026-07-29T16:02:33.219802+00:00,DEBUG,708c32dab1bf99e7,e34d513e4a779471,io-8080-exec-14,o.s.web.servlet.DispatcherServlet,Completed 200 OK
2026-07-29T16:03:29.395875+00:00,customers-service,customers-service-68987c986f-cpzz4,2026-07-29T16:02:33.219798+00:00,DEBUG,708c32dab1bf99e7,733337febbeb18e1,io-8080-exec-14,o.s.web.servlet.DispatcherServlet,"GET ""/owners"", parameters={}"
2026-07-29T16:03:29.395875+00:00,customers-service,customers-service-68987c986f-cpzz4,2026-07-29T16:02:32.718945+00:00,DEBUG,0b917843a266940c,e477f6e243330467,io-8080-exec-23,o.s.web.servlet.DispatcherServlet,Completed 200 OK
2026-07-29T16:03:29.395875+00:00,customers-service,customers-service-68987c986f-cpzz4,2026-07-29T16:02:32.718921+00:00,DEBUG,7728d45ae30307e2,9642e21599123994,nio-8080-exec-6,o.s.web.servlet.DispatcherServlet,Completed 200 OK
2026-07-29T16:03:29.395875+00:00,customers-service,customers-service-68987c986f-cpzz4,2026-07-29T16:02:32.718917+00:00,DEBUG,0b917843a266940c,61f59f38155e94c4,io-8080-exec-23,o.s.web.servlet.DispatcherServlet,"GET ""/owners"", parameters={}"
2026-07-29T16:03:29.395875+00:00,customers-service,customers-service-68987c986f-cpzz4,2026-07-29T16:02:32.467822+00:00,DEBUG,7728d45ae30307e2,c726d3dc9d0b4aee,nio-8080-exec-6,o.s.web.servlet.DispatcherServlet,"GET ""/owners"", parameters={}"
2026-07-29T16:03:29.395875+00:00,customers-service,customers-service-68987c986f-cpzz4,2026-07-29T16:02:32.217064+00:00,DEBUG,15114e0e3ae10fb3,aeb7d2f8db88b3a9,nio-8080-exec-9,o.s.web.servlet.DispatcherServlet,Completed 200 OK
2026-07-29T16:03:29.395875+00:00,customers-service,customers-service-68987c986f-cpzz4,2026-07-29T16:02:31.966053+00:00,DEBUG,15114e0e3ae10fb3,dbf2aa070e71aca8,nio-8080-exec-9,o.s.web.servlet.DispatcherServlet,"GET ""/owners"", parameters={}"
2026-07-29T16:03:29.395875+00:00,customers-service,customers-service-68987c986f-cpzz4,2026-07-29T16:02:31.463686+00:00,DEBUG,c5548b27a7d28a95,c5548b27a7d28a95,nio-8080-exec-8,o.s.web.servlet.DispatcherServlet,Completed 200 OK
2026-07-29T16:03:29.395875+00:00,customers-service,customers-service-68987c986f-cpzz4,2026-07-29T16:02:31.213020+00:00,DEBUG,4f3e59764f00e228,80f541fa27286024,io-8080-exec-13,o.s.web.servlet.DispatcherServlet,Completed 200 OK
2026-07-29T16:03:29.395875+00:00,customers-service,customers-service-68987c986f-cpzz4,2026-07-29T16:02:31.212971+00:00,DEBUG,c82756a339e6a6e3,22c9f528e4259f20,io-8080-exec-17,o.s.web.servlet.DispatcherServlet,Completed 200 OK
2026-07-29T16:03:29.395875+00:00,customers-service,customers-service-68987c986f-cpzz4,2026-07-29T16:02:31.212966+00:00,DEBUG,4f3e59764f00e228,35c15c1cd90f5f4a,io-8080-exec-13,o.s.web.servlet.DispatcherServlet,"GET ""/owners/1"", parameters={}"
2026-07-29T16:03:29.395875+00:00,customers-service,customers-service-68987c986f-cpzz4,2026-07-29T16:02:30.961688+00:00,DEBUG,c82756a339e6a6e3,5111098bb84d94ef,io-8080-exec-17,o.s.web.servlet.DispatcherServlet,"GET ""/owners"", parameters={}"
2026-07-29T16:03:29.395875+00:00,customers-service,customers-service-68987c986f-cpzz4,2026-07-29T16:02:30.209505+00:00,DEBUG,f3440f24ca7fdd00,e13e9557507d071a,nio-8080-exec-7,o.s.web.servlet.DispatcherServlet,Completed 200 OK
2026-07-29T16:03:29.395875+00:00,customers-service,customers-service-68987c986f-cpzz4,2026-07-29T16:02:30.209500+00:00,DEBUG,f3440f24ca7fdd00,21007c4eba43da29,nio-8080-exec-7,o.s.web.servlet.DispatcherServlet,"GET ""/owners"", parameters={}"
2026-07-29T16:03:29.395875+00:00,customers-service,customers-service-68987c986f-cpzz4,2026-07-29T16:02:29.708241+00:00,DEBUG,0892fbb782b4a7d5,056b39dc6f8cd451,nio-8080-exec-3,o.s.web.servlet.DispatcherServlet,Completed 200 OK
2026-07-29T16:03:29.395875+00:00,customers-service,customers-service-68987c986f-cpzz4,2026-07-29T16:02:29.708208+00:00,DEBUG,f3a7caee7dc32e2e,1d7fa78d08deb0c7,io-8080-exec-10,o.s.web.servlet.DispatcherServlet,Completed 200 OK
2026-07-29T16:03:29.395875+00:00,customers-service,customers-service-68987c986f-cpzz4,2026-07-29T16:02:29.708204+00:00,DEBUG,0892fbb782b4a7d5,e8411f11645b8fc8,nio-8080-exec-3,o.s.web.servlet.DispatcherServlet,"GET ""/owners/1"", parameters={}"
2026-07-29T16:03:29.395875+00:00,customers-service,customers-service-68987c986f-cpzz4,2026-07-29T16:02:29.457080+00:00,DEBUG,f3a7caee7dc32e2e,cfc5e7b579f0983a,io-8080-exec-10,o.s.web.servlet.DispatcherServlet,"GET ""/owners"", parameters={}"
2026-07-29T16:03:29.395875+00:00,customers-service,customers-service-68987c986f-cpzz4,2026-07-29T16:02:28.453512+00:00,DEBUG,4c40ac4f8056a908,f44cd51644003552,io-8080-exec-14,o.s.web.servlet.DispatcherServlet,Completed 200 OK
2026-07-29T16:03:29.395875+00:00,customers-service,customers-service-68987c986f-cpzz4,2026-07-29T16:02:28.202630+00:00,DEBUG,4c40ac4f8056a908,0756ee4640c28440,io-8080-exec-14,o.s.web.servlet.DispatcherServlet,"GET ""/owners"", parameters={}"
2026-07-29T16:03:29.395875+00:00,customers-service,customers-service-68987c986f-cpzz4,2026-07-29T16:02:27.451440+00:00,DEBUG,23897bcca1a570ca,c54b4a98514ebc95,io-8080-exec-23,o.s.web.servlet.DispatcherServlet,Completed 200 OK
2026-07-29T16:03:29.395875+00:00,customers-service,customers-service-68987c986f-cpzz4,2026-07-29T16:02:27.200105+00:00,DEBUG,23897bcca1a570ca,4b125b957bf4198b,io-8080-exec-23,o.s.web.servlet.DispatcherServlet,"GET ""/owners"", parameters={}"
2026-07-29T16:03:29.395875+00:00,customers-service,customers-service-68987c986f-cpzz4,2026-07-29T16:02:26.698948+00:00,DEBUG,2abac69502050332,2abac69502050332,nio-8080-exec-6,o.s.web.servlet.DispatcherServlet,Completed 200 OK
2026-07-29T16:03:29.395875+00:00,customers-service,customers-service-68987c986f-cpzz4,2026-07-29T16:02:26.698889+00:00,DEBUG,64b0a65ad2c8afe6,6c5ce73b43a3a7d5,nio-8080-exec-9,o.s.web.servlet.DispatcherServlet,Completed 200 OK
2026-07-29T16:03:29.395875+00:00,customers-service,customers-service-68987c986f-cpzz4,2026-07-29T16:02:26.698887+00:00,DEBUG,64b0a65ad2c8afe6,0b29de4f7dada776,nio-8080-exec-9,o.s.web.servlet.DispatcherServlet,"GET ""/owners/1"", parameters={}"
2026-07-29T16:03:29.395875+00:00,customers-service,customers-service-68987c986f-cpzz4,2026-07-29T16:02:26.197626+00:00,DEBUG,8042083d4f712db8,8042083d4f712db8,nio-8080-exec-8,o.s.web.servlet.DispatcherServlet,Completed 200 OK
2026-07-29T16:03:29.395875+00:00,customers-service,customers-service-68987c986f-cpzz4,2026-07-29T16:02:26.197598+00:00,DEBUG,b49a92447cb8905c,dfb52531667f837b,io-8080-exec-13,o.s.web.servlet.DispatcherServlet,Completed 200 OK
2026-07-29T16:03:29.395875+00:00,customers-service,customers-service-68987c986f-cpzz4,2026-07-29T16:02:25.946633+00:00,DEBUG,b49a92447cb8905c,a11ad028b601bc14,io-8080-exec-13,o.s.web.servlet.DispatcherServlet,"GET ""/owners"", parameters={}"
2026-07-29T16:03:29.395875+00:00,customers-service,customers-service-68987c986f-cpzz4,2026-07-29T16:02:25.446016+00:00,DEBUG,a7639fbd8d2cf71c,42888b315af54cca,io-8080-exec-17,o.s.web.servlet.DispatcherServlet,Completed 200 OK
2026-07-29T16:03:29.395875+00:00,customers-service,customers-service-68987c986f-cpzz4,2026-07-29T16:02:25.445997+00:00,DEBUG,a7639fbd8d2cf71c,4e834ad49d581227,io-8080-exec-17,o.s.web.servlet.DispatcherServlet,"GET ""/owners/1"", parameters={}"
2026-07-29T16:03:29.395875+00:00,customers-service,customers-service-68987c986f-cpzz4,2026-07-29T16:02:25.445993+00:00,DEBUG,9c75a75e16029a2c,a9a329b9a8d97421,nio-8080-exec-7,o.s.web.servlet.DispatcherServlet,Completed 200 OK
2026-07-29T16:03:29.395875+00:00,customers-service,customers-service-68987c986f-cpzz4,2026-07-29T16:02:25.195701+00:00,DEBUG,9c75a75e16029a2c,fceb5f2a0e89131c,nio-8080-exec-7,o.s.web.servlet.DispatcherServlet,"GET ""/owners/1"", parameters={}"
2026-07-29T16:03:29.395875+00:00,customers-service,customers-service-68987c986f-ctsnj,2026-07-29T16:03:29.218210+00:00,DEBUG,318d38bfcdc400ff,2db703947af31362,io-8080-exec-32,o.s.web.servlet.DispatcherServlet,Completed 200 OK
2026-07-29T16:03:29.395875+00:00,customers-service,customers-service-68987c986f-ctsnj,2026-07-29T16:03:29.218206+00:00,DEBUG,06df88bb6fa1d4ba,4813cfe676b84fc5,io-8080-exec-25,o.s.web.servlet.DispatcherServlet,"GET ""/owners"", parameters={}"
2026-07-29T16:03:29.395875+00:00,customers-service,customers-service-68987c986f-ctsnj,2026-07-29T16:03:28.968114+00:00,DEBUG,790f011e147f142c,4adef61725254bee,io-8080-exec-10,o.s.web.servlet.DispatcherServlet,"GET ""/owners/1"", parameters={}"
2026-07-29T16:03:29.395875+00:00,customers-service,customers-service-68987c986f-ctsnj,2026-07-29T16:03:28.968109+00:00,DEBUG,318d38bfcdc400ff,2cf5337dcdc59ca0,io-8080-exec-32,o.s.web.servlet.DispatcherServlet,"GET ""/owners/1"", parameters={}"
2026-07-29T16:03:29.395875+00:00,customers-service,customers-service-68987c986f-ctsnj,2026-07-29T16:03:28.466209+00:00,DEBUG,1125d7a7707efc40,fc9473c5447acece,nio-8080-exec-3,o.s.web.servlet.DispatcherServlet,Completed 200 OK
2026-07-29T16:03:29.395875+00:00,customers-service,customers-service-68987c986f-ctsnj,2026-07-29T16:03:28.215271+00:00,DEBUG,378a057f455f514f,05e2d59c1c9600e1,io-8080-exec-20,o.s.web.servlet.DispatcherServlet,Completed 200 OK
2026-07-29T16:03:29.395875+00:00,customers-service,customers-service-68987c986f-ctsnj,2026-07-29T16:03:28.215264+00:00,DEBUG,1f208807d261b4e8,448816dab1bee835,nio-8080-exec-2,o.s.web.servlet.DispatcherServlet,Completed 200 OK
2026-07-29T16:03:29.395875+00:00,customers-service,customers-service-68987c986f-ctsnj,2026-07-29T16:03:27.714529+00:00,DEBUG,378a057f455f514f,ba6c127042239f5f,io-8080-exec-20,o.s.web.servlet.DispatcherServlet,"GET ""/owners/1"", parameters={}"
2026-07-29T16:03:29.395875+00:00,customers-service,customers-service-68987c986f-ctsnj,2026-07-29T16:03:27.463457+00:00,DEBUG,1f208807d261b4e8,debabc016d99b678,nio-8080-exec-2,o.s.web.servlet.DispatcherServlet,"GET ""/owners/1"", parameters={}"
2026-07-29T16:03:29.395875+00:00,customers-service,customers-service-68987c986f-ctsnj,2026-07-29T16:03:26.961300+00:00,DEBUG,1125d7a7707efc40,0b79ce8e71700a84,nio-8080-exec-3,o.s.web.servlet.DispatcherServlet,"GET ""/owners"", parameters={}"
2026-07-29T16:03:29.395875+00:00,customers-service,customers-service-68987c986f-ctsnj,2026-07-29T16:03:25.957518+00:00,DEBUG,b8ccf3abaec04a95,b8ccf3abaec04a95,io-8080-exec-18,o.s.web.servlet.DispatcherServlet,Completed 200 OK
2026-07-29T16:03:29.395875+00:00,customers-service,customers-service-68987c986f-ctsnj,2026-07-29T16:03:25.957448+00:00,DEBUG,2bd2f55491b5a27b,8b52b70e9eaf8fdd,nio-8080-exec-5,o.s.web.servlet.DispatcherServlet,Completed 200 OK
2026-07-29T16:03:29.395875+00:00,customers-service,customers-service-68987c986f-ctsnj,2026-07-29T16:03:25.706003+00:00,DEBUG,2bd2f55491b5a27b,3b8f96e003583069,nio-8080-exec-5,o.s.web.servlet.DispatcherServlet,"GET ""/owners/1"", parameters={}"
2026-07-29T16:03:29.395875+00:00,customers-service,customers-service-68987c986f-ctsnj,2026-07-29T16:03:25.455182+00:00,DEBUG,baf230b03148f7ee,9a174dbf5bda193a,io-8080-exec-13,o.s.web.servlet.DispatcherServlet,Completed 200 OK
2026-07-29T16:03:29.395875+00:00,customers-service,customers-service-68987c986f-ctsnj,2026-07-29T16:03:25.455178+00:00,DEBUG,baf230b03148f7ee,ae1aa6d2ba1def39,io-8080-exec-13,o.s.web.servlet.DispatcherServlet,"GET ""/owners/1"", parameters={}"
2026-07-29T16:03:29.395875+00:00,customers-service,customers-service-68987c986f-ctsnj,2026-07-29T16:03:24.954401+00:00,DEBUG,7b9796df317a566f,ed47b4318dd0a964,nio-8080-exec-9,o.s.web.servlet.DispatcherServlet,Completed 200 OK
2026-07-29T16:03:29.395875+00:00,customers-service,customers-service-68987c986f-ctsnj,2026-07-29T16:03:24.954372+00:00,DEBUG,7b9796df317a566f,ca26d5dce1a78f32,nio-8080-exec-9,o.s.web.servlet.DispatcherServlet,"GET ""/owners/1"", parameters={}"
2026-07-29T16:03:29.395875+00:00,customers-service,customers-service-68987c986f-ctsnj,2026-07-29T16:03:24.453463+00:00,DEBUG,d7c756d407da82c4,d6067b62a0492efd,io-8080-exec-17,o.s.web.servlet.DispatcherServlet,Completed 200 OK
2026-07-29T16:03:29.395875+00:00,customers-service,customers-service-68987c986f-ctsnj,2026-07-29T16:03:24.453457+00:00,DEBUG,d7c756d407da82c4,843b06cb3bc99ada,io-8080-exec-17,o.s.web.servlet.DispatcherServlet,"GET ""/owners/1"", parameters={}"
2026-07-29T16:03:29.395875+00:00,customers-service,customers-service-68987c986f-ctsnj,2026-07-29T16:03:24.202352+00:00,DEBUG,4dbbab36b9479ef0,a6dbdd3ae6d2af99,io-8080-exec-25,o.s.web.servlet.DispatcherServlet,Completed 200 OK
2026-07-29T16:03:29.395875+00:00,customers-service,customers-service-68987c986f-ctsnj,2026-07-29T16:03:24.202346+00:00,DEBUG,4dbbab36b9479ef0,58399df55673eb71,io-8080-exec-25,o.s.web.servlet.DispatcherServlet,"GET ""/owners/1"", parameters={}"
2026-07-29T16:03:29.395875+00:00,customers-service,customers-service-68987c986f-ctsnj,2026-07-29T16:03:23.196991+00:00,DEBUG,d03bcd98d5c4be2c,7b7255c27d7148cf,io-8080-exec-10,o.s.web.servlet.DispatcherServlet,Completed 200 OK
2026-07-29T16:03:29.395875+00:00,customers-service,customers-service-68987c986f-ctsnj,2026-07-29T16:03:23.196985+00:00,DEBUG,d03bcd98d5c4be2c,e713085c933eee0b,io-8080-exec-10,o.s.web.servlet.DispatcherServlet,"GET ""/owners/1"", parameters={}"
2026-07-29T16:03:29.395875+00:00,customers-service,customers-service-68987c986f-ctsnj,2026-07-29T16:03:22.945973+00:00,DEBUG,1162aeb9fcaf6c99,5de581e69cdf77c5,io-8080-exec-32,o.s.web.servlet.DispatcherServlet,Completed 200 OK
2026-07-29T16:03:29.395875+00:00,customers-service,customers-service-68987c986f-ctsnj,2026-07-29T16:03:22.695196+00:00,DEBUG,67ba969a1f814fd3,86911772cd47cd93,io-8080-exec-20,o.s.web.servlet.DispatcherServlet,Completed 200 OK
2026-07-29T16:03:29.395875+00:00,customers-service,customers-service-68987c986f-ctsnj,2026-07-29T16:03:22.695178+00:00,DEBUG,1162aeb9fcaf6c99,826a82b54f1ecdde,io-8080-exec-32,o.s.web.servlet.DispatcherServlet,"GET ""/owners"", parameters={}"
2026-07-29T16:03:29.395875+00:00,customers-service,customers-service-68987c986f-ctsnj,2026-07-29T16:03:22.695175+00:00,DEBUG,67ba969a1f814fd3,2ecb7716159c789a,io-8080-exec-20,o.s.web.servlet.DispatcherServlet,"GET ""/owners"", parameters={}"
2026-07-29T16:03:29.395875+00:00,customers-service,customers-service-68987c986f-ctsnj,2026-07-29T16:03:22.444833+00:00,DEBUG,c5934ee55ef7e16d,a203e40520bf9b21,nio-8080-exec-2,o.s.web.servlet.DispatcherServlet,Completed 200 OK
2026-07-29T16:03:29.395875+00:00,customers-service,customers-service-68987c986f-ctsnj,2026-07-29T16:03:22.194116+00:00,DEBUG,c5934ee55ef7e16d,a26f1a2a2f8483e4,nio-8080-exec-2,o.s.web.servlet.DispatcherServlet,"GET ""/owners/1"", parameters={}"
2026-07-29T16:03:29.395875+00:00,customers-service,customers-service-68987c986f-ctsnj,2026-07-29T16:03:22.194112+00:00,DEBUG,454405689dd238a5,56d540311cdd8663,nio-8080-exec-3,o.s.web.servlet.DispatcherServlet,Completed 200 OK
2026-07-29T16:03:29.395875+00:00,customers-service,customers-service-68987c986f-ctsnj,2026-07-29T16:03:21.943497+00:00,DEBUG,ef60551856af587c,ef60551856af587c,io-8080-exec-18,o.s.web.servlet.DispatcherServlet,Completed 200 OK
2026-07-29T16:03:29.395875+00:00,customers-service,customers-service-68987c986f-ctsnj,2026-07-29T16:03:21.943389+00:00,DEBUG,454405689dd238a5,9bb69c06d8b2c229,nio-8080-exec-3,o.s.web.servlet.DispatcherServlet,"GET ""/owners"", parameters={}"
2026-07-29T16:03:29.395875+00:00,customers-service,customers-service-68987c986f-ctsnj,2026-07-29T16:03:21.943386+00:00,DEBUG,ec148f8550d1b037,9bd2910b1192647b,nio-8080-exec-5,o.s.web.servlet.DispatcherServlet,Completed 200 OK
2026-07-29T16:03:29.395875+00:00,customers-service,customers-service-68987c986f-ctsnj,2026-07-29T16:03:21.693342+00:00,DEBUG,ec148f8550d1b037,4f15a8a2172280f4,nio-8080-exec-5,o.s.web.servlet.DispatcherServlet,"GET ""/owners/1"", parameters={}"
2026-07-29T16:03:29.395875+00:00,customers-service,customers-service-68987c986f-ctsnj,2026-07-29T16:03:21.693339+00:00,DEBUG,2f14561462bed735,487a0b706c0508cb,io-8080-exec-13,o.s.web.servlet.DispatcherServlet,Completed 200 OK
2026-07-29T16:03:29.395875+00:00,customers-service,customers-service-68987c986f-ctsnj,2026-07-29T16:03:21.442309+00:00,DEBUG,2f14561462bed735,61f1a008dd7b7b60,io-8080-exec-13,o.s.web.servlet.DispatcherServlet,"GET ""/owners"", parameters={}"
2026-07-29T16:03:29.395875+00:00,customers-service,customers-service-68987c986f-ctsnj,2026-07-29T16:03:20.940902+00:00,DEBUG,81b673b998a14c1b,3b58c147a964c442,nio-8080-exec-9,o.s.web.servlet.DispatcherServlet,Completed 200 OK
2026-07-29T16:03:29.395875+00:00,customers-service,customers-service-68987c986f-ctsnj,2026-07-29T16:03:20.690030+00:00,DEBUG,0634b98aa003724c,0634b98aa003724c,io-8080-exec-17,o.s.web.servlet.DispatcherServlet,Completed 200 OK
2026-07-29T16:03:29.395875+00:00,customers-service,customers-service-68987c986f-ctsnj,2026-07-29T16:03:20.689999+00:00,DEBUG,222274dd34c71c5f,b371d1f485894935,io-8080-exec-25,o.s.web.servlet.DispatcherServlet,Completed 200 OK
2026-07-29T16:03:29.395875+00:00,customers-service,customers-service-68987c986f-ctsnj,2026-07-29T16:03:20.689996+00:00,DEBUG,81b673b998a14c1b,fcf72bd2b2279386,nio-8080-exec-9,o.s.web.servlet.DispatcherServlet,"GET ""/owners"", parameters={}"
2026-07-29T16:03:29.395875+00:00,customers-service,customers-service-68987c986f-ctsnj,2026-07-29T16:03:20.438854+00:00,DEBUG,a122898408e6db1e,f143d4a7b0d701a0,io-8080-exec-10,o.s.web.servlet.DispatcherServlet,Completed 200 OK
2026-07-29T16:03:29.395875+00:00,customers-service,customers-service-68987c986f-ctsnj,2026-07-29T16:03:20.188256+00:00,DEBUG,a122898408e6db1e,7968ba3ecbebec5b,io-8080-exec-10,o.s.web.servlet.DispatcherServlet,"GET ""/owners/1"", parameters={}"
2026-07-29T16:03:29.395875+00:00,customers-service,customers-service-68987c986f-ctsnj,2026-07-29T16:03:19.937384+00:00,DEBUG,b608af87df57cdc3,9e0f7e2c40ef174e,io-8080-exec-32,o.s.web.servlet.DispatcherServlet,Completed 200 OK
2026-07-29T16:03:29.395875+00:00,customers-service,customers-service-68987c986f-ctsnj,2026-07-29T16:03:19.937364+00:00,DEBUG,2e8a2f20737b1759,26159a6fd7829472,io-8080-exec-20,o.s.web.servlet.DispatcherServlet,Completed 200 OK
2026-07-29T16:03:29.395875+00:00,customers-service,customers-service-68987c986f-ctsnj,2026-07-29T16:03:19.937360+00:00,DEBUG,222274dd34c71c5f,499a22fb065659fa,io-8080-exec-25,o.s.web.servlet.DispatcherServlet,"GET ""/owners"", parameters={}"
2026-07-29T16:03:29.395875+00:00,customers-service,customers-service-68987c986f-ctsnj,2026-07-29T16:03:19.435257+00:00,DEBUG,bb340d091b8500cd,a70acfb35f46b98a,nio-8080-exec-2,o.s.web.servlet.DispatcherServlet,Completed 200 OK
2026-07-29T16:03:29.395875+00:00,customers-service,customers-service-68987c986f-ctsnj,2026-07-29T16:03:19.184526+00:00,DEBUG,b608af87df57cdc3,7bb834c6754ee2f2,io-8080-exec-32,o.s.web.servlet.DispatcherServlet,"GET ""/owners"", parameters={}"
2026-07-29T16:03:29.395875+00:00,customers-service,customers-service-68987c986f-ctsnj,2026-07-29T16:03:19.184523+00:00,DEBUG,c115db2c07fdfaa0,c2acc20c249d2dcc,io-8080-exec-18,o.s.web.servlet.DispatcherServlet,Completed 200 OK
2026-07-29T16:03:29.395875+00:00,customers-service,customers-service-68987c986f-ctsnj,2026-07-29T16:03:18.934278+00:00,DEBUG,2e8a2f20737b1759,fe5034cd10e3fc28,io-8080-exec-20,o.s.web.servlet.DispatcherServlet,"GET ""/owners"", parameters={}"
2026-07-29T16:03:29.395875+00:00,customers-service,customers-service-68987c986f-ctsnj,2026-07-29T16:03:18.934270+00:00,DEBUG,5229c414a6be8806,96695f874449f9dd,nio-8080-exec-3,o.s.web.servlet.DispatcherServlet,Completed 200 OK
2026-07-29T16:03:29.395875+00:00,customers-service,customers-service-68987c986f-ctsnj,2026-07-29T16:03:18.684160+00:00,DEBUG,c115db2c07fdfaa0,e558c564d500d903,io-8080-exec-18,o.s.web.servlet.DispatcherServlet,"GET ""/owners/1"", parameters={}"
2026-07-29T16:03:29.395875+00:00,customers-service,customers-service-68987c986f-ctsnj,2026-07-29T16:03:18.182561+00:00,DEBUG,bb340d091b8500cd,7224db829ae23d58,nio-8080-exec-2,o.s.web.servlet.DispatcherServlet,"GET ""/owners"", parameters={}"
2026-07-29T16:03:29.395875+00:00,customers-service,customers-service-68987c986f-ctsnj,2026-07-29T16:03:17.680874+00:00,DEBUG,5229c414a6be8806,f4d20157dc3a7312,nio-8080-exec-3,o.s.web.servlet.DispatcherServlet,"GET ""/owners"", parameters={}"
2026-07-29T16:03:29.395875+00:00,customers-service,customers-service-68987c986f-ctsnj,2026-07-29T16:03:17.179233+00:00,DEBUG,7f25e6bc407d7b52,1668f29d8d9b50ad,nio-8080-exec-5,o.s.web.servlet.DispatcherServlet,Completed 200 OK
2026-07-29T16:03:29.395875+00:00,customers-service,customers-service-68987c986f-ctsnj,2026-07-29T16:03:16.927570+00:00,DEBUG,101bace99eb55143,39ac57d509eeefc1,io-8080-exec-13,o.s.web.servlet.DispatcherServlet,Completed 200 OK
2026-07-29T16:03:29.395875+00:00,customers-service,customers-service-68987c986f-ctsnj,2026-07-29T16:03:16.927559+00:00,DEBUG,7f25e6bc407d7b52,bc36db4b59104607,nio-8080-exec-5,o.s.web.servlet.DispatcherServlet,"GET ""/owners/1"", parameters={}"
2026-07-29T16:03:29.395875+00:00,customers-service,customers-service-68987c986f-ctsnj,2026-07-29T16:03:16.676314+00:00,DEBUG,95f096650e118984,7cadda141402c631,io-8080-exec-17,o.s.web.servlet.DispatcherServlet,Completed 200 OK
2026-07-29T16:03:29.395875+00:00,customers-service,customers-service-68987c986f-ctsnj,2026-07-29T16:03:16.676308+00:00,DEBUG,101bace99eb55143,469150ebfdbcffc4,io-8080-exec-13,o.s.web.servlet.DispatcherServlet,"GET ""/owners/1"", parameters={}"
2026-07-29T16:03:29.395875+00:00,customers-service,customers-service-68987c986f-ctsnj,2026-07-29T16:03:15.673547+00:00,DEBUG,95f096650e118984,fd133a818f2389c0,io-8080-exec-17,o.s.web.servlet.DispatcherServlet,"GET ""/owners"", parameters={}"
2026-07-29T16:03:29.395875+00:00,customers-service,customers-service-68987c986f-ctsnj,2026-07-29T16:03:15.673542+00:00,DEBUG,d7214b2ce7471388,e17d98d5923bbbf2,nio-8080-exec-9,o.s.web.servlet.DispatcherServlet,Completed 200 OK
2026-07-29T16:03:29.395875+00:00,customers-service,customers-service-68987c986f-ctsnj,2026-07-29T16:03:15.423108+00:00,DEBUG,f8683d55438d8faf,743978159d336b69,io-8080-exec-10,o.s.web.servlet.DispatcherServlet,Completed 200 OK
2026-07-29T16:03:29.395875+00:00,customers-service,customers-service-68987c986f-ctsnj,2026-07-29T16:03:15.172139+00:00,DEBUG,d7214b2ce7471388,832bd6be0e74a335,nio-8080-exec-9,o.s.web.servlet.DispatcherServlet,"GET ""/owners/1"", parameters={}"
2026-07-29T16:03:29.395875+00:00,customers-service,customers-service-68987c986f-ctsnj,2026-07-29T16:03:15.172132+00:00,DEBUG,e4bf81f7fd5b3918,ae593602c01280a9,io-8080-exec-25,o.s.web.servlet.DispatcherServlet,Completed 200 OK
2026-07-29T16:03:29.395875+00:00,customers-service,customers-service-68987c986f-ctsnj,2026-07-29T16:03:14.921792+00:00,DEBUG,e4bf81f7fd5b3918,ea1778427d75af1e,io-8080-exec-25,o.s.web.servlet.DispatcherServlet,"GET ""/owners/1"", parameters={}"
2026-07-29T16:03:29.395875+00:00,customers-service,customers-service-68987c986f-ctsnj,2026-07-29T16:03:14.671636+00:00,DEBUG,d1c02e628943ecfe,cf5bc88a8ab251b3,io-8080-exec-32,o.s.web.servlet.DispatcherServlet,Completed 200 OK
2026-07-29T16:03:29.395875+00:00,customers-service,customers-service-68987c986f-ctsnj,2026-07-29T16:03:14.671616+00:00,DEBUG,afc51f95f60420a2,7fe1c161c016b23e,io-8080-exec-20,o.s.web.servlet.DispatcherServlet,Completed 200 OK
2026-07-29T16:03:29.395875+00:00,customers-service,customers-service-68987c986f-ctsnj,2026-07-29T16:03:14.671613+00:00,DEBUG,f8683d55438d8faf,581a25570bd9c202,io-8080-exec-10,o.s.web.servlet.DispatcherServlet,"GET ""/owners"", parameters={}"
2026-07-29T16:03:29.395875+00:00,customers-service,customers-service-68987c986f-ctsnj,2026-07-29T16:03:14.420985+00:00,DEBUG,212fddf8ba74d89f,ed85d76701e8df2b,io-8080-exec-18,o.s.web.servlet.DispatcherServlet,Completed 200 OK
2026-07-29T16:03:29.395875+00:00,customers-service,customers-service-68987c986f-ctsnj,2026-07-29T16:03:14.170042+00:00,DEBUG,afc51f95f60420a2,acad7d1e5393bba4,io-8080-exec-20,o.s.web.servlet.DispatcherServlet,"GET ""/owners/1"", parameters={}"
2026-07-29T16:03:29.395875+00:00,customers-service,customers-service-68987c986f-ctsnj,2026-07-29T16:03:13.919596+00:00,DEBUG,d8eca057f2b690e7,079b29fe527f6477,nio-8080-exec-2,o.s.web.servlet.DispatcherServlet,Completed 200 OK
2026-07-29T16:03:29.395875+00:00,customers-service,customers-service-68987c986f-ctsnj,2026-07-29T16:03:13.919592+00:00,DEBUG,d1c02e628943ecfe,b2e224e042e4ca52,io-8080-exec-32,o.s.web.servlet.DispatcherServlet,"GET ""/owners"", parameters={}"
2026-07-29T16:03:29.395875+00:00,customers-service,customers-service-68987c986f-ctsnj,2026-07-29T16:03:13.668852+00:00,DEBUG,212fddf8ba74d89f,590b12bec04e5203,io-8080-exec-18,o.s.web.servlet.DispatcherServlet,"GET ""/owners"", parameters={}"
2026-07-29T16:03:29.395875+00:00,customers-service,customers-service-68987c986f-ctsnj,2026-07-29T16:03:13.417863+00:00,DEBUG,9f075e9068ae41a4,9edf4ee48183cc37,nio-8080-exec-3,o.s.web.servlet.DispatcherServlet,Completed 200 OK
2026-07-29T16:03:29.395875+00:00,customers-service,customers-service-68987c986f-ctsnj,2026-07-29T16:03:13.167023+00:00,DEBUG,d8eca057f2b690e7,c47ba9df495cdd14,nio-8080-exec-2,o.s.web.servlet.DispatcherServlet,"GET ""/owners"", parameters={}"
2026-07-29T16:03:29.395875+00:00,customers-service,customers-service-68987c986f-ctsnj,2026-07-29T16:03:12.916870+00:00,DEBUG,077461aafe72e3e3,e0f84dba473ba27c,nio-8080-exec-5,o.s.web.servlet.DispatcherServlet,Completed 200 OK
2026-07-29T16:03:29.395875+00:00,customers-service,customers-service-68987c986f-ctsnj,2026-07-29T16:03:12.415245+00:00,DEBUG,9f075e9068ae41a4,738d27364d77bac3,nio-8080-exec-3,o.s.web.servlet.DispatcherServlet,"GET ""/owners"", parameters={}"
2026-07-29T16:03:29.395875+00:00,customers-service,customers-service-68987c986f-ctsnj,2026-07-29T16:03:11.663040+00:00,DEBUG,077461aafe72e3e3,3222a12dd7bc1e78,nio-8080-exec-5,o.s.web.servlet.DispatcherServlet,"GET ""/owners"", parameters={}"
2026-07-29T16:03:29.395875+00:00,customers-service,customers-service-68987c986f-ctsnj,2026-07-29T16:03:10.910468+00:00,DEBUG,5865bf4ccf73c922,19a0152a5a90a71b,io-8080-exec-13,o.s.web.servlet.DispatcherServlet,Completed 200 OK
2026-07-29T16:03:29.395875+00:00,customers-service,customers-service-68987c986f-ctsnj,2026-07-29T16:03:10.910459+00:00,DEBUG,5865bf4ccf73c922,d00df9ebf7cd8b4a,io-8080-exec-13,o.s.web.servlet.DispatcherServlet,"GET ""/owners/1"", parameters={}"
2026-07-29T16:03:29.395875+00:00,customers-service,customers-service-68987c986f-ctsnj,2026-07-29T16:03:10.910445+00:00,DEBUG,559d069448f1b8e8,0597446f74b50226,io-8080-exec-17,o.s.web.servlet.DispatcherServlet,Completed 200 OK
2026-07-29T16:03:29.395875+00:00,customers-service,customers-service-68987c986f-ctsnj,2026-07-29T16:03:10.910425+00:00,DEBUG,a9051b00ca72a2d1,a9051b00ca72a2d1,nio-8080-exec-9,o.s.web.servlet.DispatcherServlet,Completed 200 OK
2026-07-29T16:03:29.395875+00:00,customers-service,customers-service-68987c986f-ctsnj,2026-07-29T16:03:10.660414+00:00,DEBUG,559d069448f1b8e8,1c8979d79420fdc0,io-8080-exec-17,o.s.web.servlet.DispatcherServlet,"GET ""/owners"", parameters={}"
2026-07-29T16:03:29.395875+00:00,customers-service,customers-service-68987c986f-ctsnj,2026-07-29T16:03:09.909253+00:00,DEBUG,dacede63857b5bba,eb97b7349c3ccd8d,io-8080-exec-25,o.s.web.servlet.DispatcherServlet,Completed 200 OK
2026-07-29T16:03:29.395875+00:00,customers-service,customers-service-68987c986f-ctsnj,2026-07-29T16:03:09.909218+00:00,DEBUG,b4372cd59c442c63,c459726b67a90f18,io-8080-exec-10,o.s.web.servlet.DispatcherServlet,Completed 200 OK
2026-07-29T16:03:29.395875+00:00,customers-service,customers-service-68987c986f-ctsnj,2026-07-29T16:03:09.909209+00:00,DEBUG,dacede63857b5bba,84ff99b8e131e3b8,io-8080-exec-25,o.s.web.servlet.DispatcherServlet,"GET ""/owners/1"", parameters={}"
2026-07-29T16:03:29.395875+00:00,customers-service,customers-service-68987c986f-ctsnj,2026-07-29T16:03:09.658511+00:00,DEBUG,b4372cd59c442c63,a4148940ff9bbfde,io-8080-exec-10,o.s.web.servlet.DispatcherServlet,"GET ""/owners"", parameters={}"
2026-07-29T16:03:29.395875+00:00,customers-service,customers-service-68987c986f-ctsnj,2026-07-29T16:03:09.157539+00:00,DEBUG,e17b865415f42262,ad3e147fd24c2401,io-8080-exec-20,o.s.web.servlet.DispatcherServlet,Completed 200 OK
2026-07-29T16:03:29.395875+00:00,customers-service,customers-service-68987c986f-ctsnj,2026-07-29T16:03:09.157521+00:00,DEBUG,23eec8502888e3ee,44052fc4643d8d72,io-8080-exec-32,o.s.web.servlet.DispatcherServlet,Completed 200 OK
2026-07-29T16:03:29.395875+00:00,customers-service,customers-service-68987c986f-ctsnj,2026-07-29T16:03:09.157517+00:00,DEBUG,e17b865415f42262,1057ce6877fa91ad,io-8080-exec-20,o.s.web.servlet.DispatcherServlet,"GET ""/owners/1"", parameters={}"
2026-07-29T16:03:29.395875+00:00,customers-service,customers-service-68987c986f-ctsnj,2026-07-29T16:03:08.907158+00:00,DEBUG,23eec8502888e3ee,3067664998a1511f,io-8080-exec-32,o.s.web.servlet.DispatcherServlet,"GET ""/owners"", parameters={}"
2026-07-29T16:03:29.395875+00:00,customers-service,customers-service-68987c986f-ctsnj,2026-07-29T16:03:07.903994+00:00,DEBUG,46a4fa884e784791,a833134800034dc4,io-8080-exec-18,o.s.web.servlet.DispatcherServlet,Completed 200 OK
2026-07-29T16:03:29.395875+00:00,customers-service,customers-service-68987c986f-ctsnj,2026-07-29T16:03:07.653478+00:00,DEBUG,46a4fa884e784791,4f494efa0a9823ac,io-8080-exec-18,o.s.web.servlet.DispatcherServlet,"GET ""/owners/1"", parameters={}"
2026-07-29T16:03:29.395875+00:00,customers-service,customers-service-68987c986f-ctsnj,2026-07-29T16:03:07.402381+00:00,DEBUG,211c1baf515a97bb,cfa83370f62dbc6f,nio-8080-exec-2,o.s.web.servlet.DispatcherServlet,Completed 200 OK
2026-07-29T16:03:29.395875+00:00,customers-service,customers-service-68987c986f-ctsnj,2026-07-29T16:03:07.151669+00:00,DEBUG,211c1baf515a97bb,d1cfabda18566fdd,nio-8080-exec-2,o.s.web.servlet.DispatcherServlet,"GET ""/owners/1"", parameters={}"
2026-07-29T16:03:29.395875+00:00,customers-service,customers-service-68987c986f-ctsnj,2026-07-29T16:03:06.900411+00:00,DEBUG,17ab8f75236eaa68,923167c6e08fb0aa,nio-8080-exec-3,o.s.web.servlet.DispatcherServlet,Completed 200 OK
2026-07-29T16:03:29.395875+00:00,customers-service,customers-service-68987c986f-ctsnj,2026-07-29T16:03:06.649997+00:00,DEBUG,17ab8f75236eaa68,7bd6a493de2fdde8,nio-8080-exec-3,o.s.web.servlet.DispatcherServlet,"GET ""/owners"", parameters={}"
2026-07-29T16:03:29.395875+00:00,customers-service,customers-service-68987c986f-ctsnj,2026-07-29T16:03:06.649900+00:00,DEBUG,aaaaa07a95dc4389,bdae7485d08cdf61,nio-8080-exec-5,o.s.web.servlet.DispatcherServlet,Completed 200 OK
2026-07-29T16:03:29.395875+00:00,customers-service,customers-service-68987c986f-ctsnj,2026-07-29T16:03:06.649894+00:00,DEBUG,aaaaa07a95dc4389,a46a0d0deb66e5ae,nio-8080-exec-5,o.s.web.servlet.DispatcherServlet,"GET ""/owners/1"", parameters={}"
2026-07-29T16:03:29.395875+00:00,customers-service,customers-service-68987c986f-ctsnj,2026-07-29T16:03:05.897841+00:00,DEBUG,55a02e7fc301b27d,69bc66b27744373a,io-8080-exec-13,o.s.web.servlet.DispatcherServlet,Completed 200 OK
2026-07-29T16:03:29.395875+00:00,customers-service,customers-service-68987c986f-ctsnj,2026-07-29T16:03:05.897808+00:00,DEBUG,55a02e7fc301b27d,f292abca1a1097ad,io-8080-exec-13,o.s.web.servlet.DispatcherServlet,"GET ""/owners/1"", parameters={}"
2026-07-29T16:03:29.395875+00:00,customers-service,customers-service-68987c986f-ctsnj,2026-07-29T16:03:05.897770+00:00,DEBUG,9f98f4c8231fe029,9f98f4c8231fe029,nio-8080-exec-9,o.s.web.servlet.DispatcherServlet,Completed 200 OK
2026-07-29T16:03:29.395875+00:00,customers-service,customers-service-68987c986f-ctsnj,2026-07-29T16:03:05.647411+00:00,DEBUG,57766e3b27a91453,7fd8860f6a2fd99d,io-8080-exec-17,o.s.web.servlet.DispatcherServlet,Completed 200 OK
2026-07-29T16:03:29.395875+00:00,customers-service,customers-service-68987c986f-ctsnj,2026-07-29T16:03:05.647400+00:00,DEBUG,57766e3b27a91453,3bb3462131b48567,io-8080-exec-17,o.s.web.servlet.DispatcherServlet,"GET ""/owners"", parameters={}"
2026-07-29T16:03:29.395875+00:00,customers-service,customers-service-68987c986f-ctsnj,2026-07-29T16:03:04.644259+00:00,DEBUG,188b84bdf5fcf555,d0b57c223c2a92ad,io-8080-exec-25,o.s.web.servlet.DispatcherServlet,Completed 200 OK
2026-07-29T16:03:29.395875+00:00,customers-service,customers-service-68987c986f-ctsnj,2026-07-29T16:03:04.644234+00:00,DEBUG,188b84bdf5fcf555,3c36e7c0140ad0e7,io-8080-exec-25,o.s.web.servlet.DispatcherServlet,"GET ""/owners/1"", parameters={}"
2026-07-29T16:03:29.395875+00:00,customers-service,customers-service-68987c986f-ctsnj,2026-07-29T16:03:04.644230+00:00,DEBUG,fd14f0f4f03ced63,ee266fe58dc057b8,io-8080-exec-10,o.s.web.servlet.DispatcherServlet,Completed 200 OK
2026-07-29T16:03:29.395875+00:00,customers-service,customers-service-68987c986f-ctsnj,2026-07-29T16:03:04.393226+00:00,DEBUG,fd14f0f4f03ced63,5c671279f61c630d,io-8080-exec-10,o.s.web.servlet.DispatcherServlet,"GET ""/owners"", parameters={}"
2026-07-29T16:03:29.395875+00:00,customers-service,customers-service-68987c986f-ctsnj,2026-07-29T16:03:03.891998+00:00,DEBUG,1293ec91ea0ebb45,ef97a5645b4e2847,io-8080-exec-20,o.s.web.servlet.DispatcherServlet,Completed 200 OK
2026-07-29T16:03:29.395875+00:00,customers-service,customers-service-68987c986f-ctsnj,2026-07-29T16:03:03.640971+00:00,DEBUG,1293ec91ea0ebb45,02a4b4f028d5cf1a,io-8080-exec-20,o.s.web.servlet.DispatcherServlet,"GET ""/owners/1"", parameters={}"
2026-07-29T16:03:29.395875+00:00,customers-service,customers-service-68987c986f-ctsnj,2026-07-29T16:03:03.640955+00:00,DEBUG,4f2c363b19575e58,1823d342d3c257ef,io-8080-exec-32,o.s.web.servlet.DispatcherServlet,Completed 200 OK
2026-07-29T16:03:29.395875+00:00,customers-service,customers-service-68987c986f-ctsnj,2026-07-29T16:03:03.640951+00:00,DEBUG,4f2c363b19575e58,39ebd4d0fdc1e86b,io-8080-exec-32,o.s.web.servlet.DispatcherServlet,"GET ""/owners/1"", parameters={}"
2026-07-29T16:03:29.395875+00:00,customers-service,customers-service-68987c986f-ctsnj,2026-07-29T16:03:02.386423+00:00,DEBUG,4797da1a922dc553,34d9734264c576a6,io-8080-exec-18,o.s.web.servlet.DispatcherServlet,Completed 200 OK
2026-07-29T16:03:29.395875+00:00,customers-service,customers-service-68987c986f-ctsnj,2026-07-29T16:03:02.136184+00:00,DEBUG,4797da1a922dc553,42e2dec0eb0bea22,io-8080-exec-18,o.s.web.servlet.DispatcherServlet,"GET ""/owners/1"", parameters={}"
2026-07-29T16:03:29.395875+00:00,customers-service,customers-service-68987c986f-ctsnj,2026-07-29T16:03:02.136125+00:00,DEBUG,73f02747eb63cdbb,08c3acf0694fd820,nio-8080-exec-2,o.s.web.servlet.DispatcherServlet,Completed 200 OK
2026-07-29T16:03:29.395875+00:00,customers-service,customers-service-68987c986f-ctsnj,2026-07-29T16:03:02.136111+00:00,DEBUG,73f02747eb63cdbb,87260a50137b99e0,nio-8080-exec-2,o.s.web.servlet.DispatcherServlet,"GET ""/owners"", parameters={}"
2026-07-29T16:03:29.395875+00:00,customers-service,customers-service-68987c986f-ctsnj,2026-07-29T16:03:02.136070+00:00,DEBUG,836c20e40e473482,836c20e40e473482,nio-8080-exec-3,o.s.web.servlet.DispatcherServlet,Completed 200 OK
2026-07-29T16:03:29.395875+00:00,customers-service,customers-service-68987c986f-ctsnj,2026-07-29T16:03:01.383151+00:00,DEBUG,aa827e99881e66dc,28e93059a3d3825c,nio-8080-exec-5,o.s.web.servlet.DispatcherServlet,Completed 200 OK
2026-07-29T16:03:29.395875+00:00,customers-service,customers-service-68987c986f-ctsnj,2026-07-29T16:03:01.383041+00:00,DEBUG,aa827e99881e66dc,4282820cfd8c096c,nio-8080-exec-5,o.s.web.servlet.DispatcherServlet,"GET ""/owners/1"", parameters={}"
2026-07-29T16:03:29.395875+00:00,customers-service,customers-service-68987c986f-ctsnj,2026-07-29T16:03:01.383035+00:00,DEBUG,6a6000cd9cb4aa5f,a6e3cc33b830eff6,io-8080-exec-13,o.s.web.servlet.DispatcherServlet,Completed 200 OK
2026-07-29T16:03:29.395875+00:00,customers-service,customers-service-68987c986f-ctsnj,2026-07-29T16:03:01.132822+00:00,DEBUG,6a6000cd9cb4aa5f,2afc5884ab0ed4d6,io-8080-exec-13,o.s.web.servlet.DispatcherServlet,"GET ""/owners"", parameters={}"
2026-07-29T16:03:29.395875+00:00,customers-service,customers-service-68987c986f-ctsnj,2026-07-29T16:02:59.879516+00:00,DEBUG,f49a6a5d84c6b9fa,946b173c7402f3e8,nio-8080-exec-9,o.s.web.servlet.DispatcherServlet,Completed 200 OK
2026-07-29T16:03:29.395875+00:00,customers-service,customers-service-68987c986f-ctsnj,2026-07-29T16:02:59.628154+00:00,DEBUG,f49a6a5d84c6b9fa,dcf7564c49d41465,nio-8080-exec-9,o.s.web.servlet.DispatcherServlet,"GET ""/owners/1"", parameters={}"
2026-07-29T16:03:29.395875+00:00,customers-service,customers-service-68987c986f-ctsnj,2026-07-29T16:02:59.125679+00:00,DEBUG,febe642a532e1f5c,6c3bfc71c0a1029d,io-8080-exec-17,o.s.web.servlet.DispatcherServlet,Completed 200 OK
2026-07-29T16:03:29.395875+00:00,customers-service,customers-service-68987c986f-ctsnj,2026-07-29T16:02:58.874828+00:00,DEBUG,febe642a532e1f5c,9ac63fe0b6cd5746,io-8080-exec-17,o.s.web.servlet.DispatcherServlet,"GET ""/owners"", parameters={}"
2026-07-29T16:03:29.395875+00:00,customers-service,customers-service-68987c986f-ctsnj,2026-07-29T16:02:58.372916+00:00,DEBUG,b024ca978aebd7d0,6d5a140abc7f9dbc,io-8080-exec-25,o.s.web.servlet.DispatcherServlet,Completed 200 OK
2026-07-29T16:03:29.395875+00:00,customers-service,customers-service-68987c986f-ctsnj,2026-07-29T16:02:58.122362+00:00,DEBUG,b024ca978aebd7d0,1d80387f5bb9fd9b,io-8080-exec-25,o.s.web.servlet.DispatcherServlet,"GET ""/owners"", parameters={}"
2026-07-29T16:03:29.395875+00:00,customers-service,customers-service-68987c986f-ctsnj,2026-07-29T16:02:58.122359+00:00,DEBUG,c0040c9faeeac207,e3a792554bb70f16,io-8080-exec-10,o.s.web.servlet.DispatcherServlet,Completed 200 OK
2026-07-29T16:03:29.395875+00:00,customers-service,customers-service-68987c986f-ctsnj,2026-07-29T16:02:57.871476+00:00,DEBUG,c0040c9faeeac207,e0315c7cfb883b3b,io-8080-exec-10,o.s.web.servlet.DispatcherServlet,"GET ""/owners/1"", parameters={}"
2026-07-29T16:03:29.395875+00:00,customers-service,customers-service-68987c986f-ctsnj,2026-07-29T16:02:57.118991+00:00,DEBUG,63e9d460cde3500b,7bba3b95775ef7ad,io-8080-exec-20,o.s.web.servlet.DispatcherServlet,Completed 200 OK
2026-07-29T16:03:29.395875+00:00,customers-service,customers-service-68987c986f-ctsnj,2026-07-29T16:02:57.118986+00:00,DEBUG,63e9d460cde3500b,cc6675cd46db916f,io-8080-exec-20,o.s.web.servlet.DispatcherServlet,"GET ""/owners/1"", parameters={}"
2026-07-29T16:03:29.395875+00:00,customers-service,customers-service-68987c986f-ctsnj,2026-07-29T16:02:56.617110+00:00,DEBUG,63aeb8b84566b82e,ab4c3b923e4697b4,io-8080-exec-32,o.s.web.servlet.DispatcherServlet,Completed 200 OK
2026-07-29T16:03:29.395875+00:00,customers-service,customers-service-68987c986f-ctsnj,2026-07-29T16:02:56.366435+00:00,DEBUG,63aeb8b84566b82e,a858c2b138d867e9,io-8080-exec-32,o.s.web.servlet.DispatcherServlet,"GET ""/owners"", parameters={}"
2026-07-29T16:03:29.395875+00:00,customers-service,customers-service-68987c986f-ctsnj,2026-07-29T16:02:55.863744+00:00,DEBUG,cc8b7d4ac8763bf2,cc8b7d4ac8763bf2,io-8080-exec-18,o.s.web.servlet.DispatcherServlet,Completed 200 OK
2026-07-29T16:03:29.395875+00:00,customers-service,customers-service-68987c986f-ctsnj,2026-07-29T16:02:55.863672+00:00,DEBUG,a108f535a0367d47,26f6e581a72d20a1,nio-8080-exec-2,o.s.web.servlet.DispatcherServlet,Completed 200 OK
2026-07-29T16:03:29.395875+00:00,customers-service,customers-service-68987c986f-ctsnj,2026-07-29T16:02:55.863666+00:00,DEBUG,a108f535a0367d47,20728c6c88757304,nio-8080-exec-2,o.s.web.servlet.DispatcherServlet,"GET ""/owners/1"", parameters={}"
2026-07-29T16:03:29.395875+00:00,customers-service,customers-service-68987c986f-ctsnj,2026-07-29T16:02:55.613414+00:00,DEBUG,f38f613d1f52bd15,65da161eca294896,nio-8080-exec-3,o.s.web.servlet.DispatcherServlet,Completed 200 OK
2026-07-29T16:03:29.395875+00:00,customers-service,customers-service-68987c986f-ctsnj,2026-07-29T16:02:55.613407+00:00,DEBUG,f38f613d1f52bd15,24b5a874996156d3,nio-8080-exec-3,o.s.web.servlet.DispatcherServlet,"GET ""/owners/1"", parameters={}"
2026-07-29T16:03:29.395875+00:00,customers-service,customers-service-68987c986f-ctsnj,2026-07-29T16:02:55.112498+00:00,DEBUG,9192f1afe0c4756b,755242d461dda244,nio-8080-exec-5,o.s.web.servlet.DispatcherServlet,Completed 200 OK
2026-07-29T16:03:29.395875+00:00,customers-service,customers-service-68987c986f-ctsnj,2026-07-29T16:02:54.861044+00:00,DEBUG,9192f1afe0c4756b,44a545d4d1c0a3d5,nio-8080-exec-5,o.s.web.servlet.DispatcherServlet,"GET ""/owners"", parameters={}"
2026-07-29T16:03:29.395875+00:00,customers-service,customers-service-68987c986f-ctsnj,2026-07-29T16:02:54.861020+00:00,DEBUG,bd708bb2f285225d,0549c2f24c734322,io-8080-exec-13,o.s.web.servlet.DispatcherServlet,Completed 200 OK
2026-07-29T16:03:29.395875+00:00,customers-service,customers-service-68987c986f-ctsnj,2026-07-29T16:02:54.861006+00:00,DEBUG,bd708bb2f285225d,980333635f7e0696,io-8080-exec-13,o.s.web.servlet.DispatcherServlet,"GET ""/owners"", parameters={}"
2026-07-29T16:03:29.395875+00:00,customers-service,customers-service-68987c986f-ctsnj,2026-07-29T16:02:54.108208+00:00,DEBUG,5bbe7f3673dc1dfe,a3340f949e88b70f,nio-8080-exec-9,o.s.web.servlet.DispatcherServlet,Completed 200 OK
2026-07-29T16:03:29.395875+00:00,customers-service,customers-service-68987c986f-ctsnj,2026-07-29T16:02:53.857296+00:00,DEBUG,5bbe7f3673dc1dfe,8d2383744f44c600,nio-8080-exec-9,o.s.web.servlet.DispatcherServlet,"GET ""/owners"", parameters={}"
2026-07-29T16:03:29.395875+00:00,customers-service,customers-service-68987c986f-ctsnj,2026-07-29T16:02:53.606582+00:00,DEBUG,7a0c15074596da3f,7341a4a66f4c701d,io-8080-exec-17,o.s.web.servlet.DispatcherServlet,Completed 200 OK
2026-07-29T16:03:29.395875+00:00,customers-service,customers-service-68987c986f-ctsnj,2026-07-29T16:02:53.356339+00:00,DEBUG,7a0c15074596da3f,69b76e1f863bf376,io-8080-exec-17,o.s.web.servlet.DispatcherServlet,"GET ""/owners"", parameters={}"
2026-07-29T16:03:29.395875+00:00,customers-service,customers-service-68987c986f-ctsnj,2026-07-29T16:02:52.853980+00:00,DEBUG,216cd47624b3713d,7be95b98b71a97e6,io-8080-exec-25,o.s.web.servlet.DispatcherServlet,Completed 200 OK
2026-07-29T16:03:29.395875+00:00,customers-service,customers-service-68987c986f-ctsnj,2026-07-29T16:02:52.853975+00:00,DEBUG,216cd47624b3713d,710f2303b08d56d6,io-8080-exec-25,o.s.web.servlet.DispatcherServlet,"GET ""/owners/1"", parameters={}"
2026-07-29T16:03:29.395875+00:00,customers-service,customers-service-68987c986f-ctsnj,2026-07-29T16:02:51.598829+00:00,DEBUG,bb2c8b5ccca2dab8,fd5693491afe78a9,io-8080-exec-10,o.s.web.servlet.DispatcherServlet,Completed 200 OK
2026-07-29T16:03:29.395875+00:00,customers-service,customers-service-68987c986f-ctsnj,2026-07-29T16:02:51.348196+00:00,DEBUG,bb2c8b5ccca2dab8,722b93f2921f2d00,io-8080-exec-10,o.s.web.servlet.DispatcherServlet,"GET ""/owners"", parameters={}"
2026-07-29T16:03:29.395875+00:00,customers-service,customers-service-68987c986f-ctsnj,2026-07-29T16:02:50.846133+00:00,DEBUG,c9c3b8c99610eafe,c9c3b8c99610eafe,io-8080-exec-20,o.s.web.servlet.DispatcherServlet,Completed 200 OK
2026-07-29T16:03:29.395875+00:00,customers-service,customers-service-68987c986f-ctsnj,2026-07-29T16:02:50.343737+00:00,DEBUG,05fce917649cc010,48cfbff0904d0b44,io-8080-exec-32,o.s.web.servlet.DispatcherServlet,Completed 200 OK
2026-07-29T16:03:29.395875+00:00,customers-service,customers-service-68987c986f-ctsnj,2026-07-29T16:02:50.343730+00:00,DEBUG,05fce917649cc010,eaf63b03e4b5d235,io-8080-exec-32,o.s.web.servlet.DispatcherServlet,"GET ""/owners/1"", parameters={}"
2026-07-29T16:03:29.395875+00:00,customers-service,customers-service-68987c986f-ctsnj,2026-07-29T16:02:50.092916+00:00,DEBUG,b05e43d6919f6d36,bc14e806a53e7e8b,io-8080-exec-18,o.s.web.servlet.DispatcherServlet,Completed 200 OK
2026-07-29T16:03:29.395875+00:00,customers-service,customers-service-68987c986f-ctsnj,2026-07-29T16:02:49.842078+00:00,DEBUG,b05e43d6919f6d36,f97dbd547e700287,io-8080-exec-18,o.s.web.servlet.DispatcherServlet,"GET ""/owners"", parameters={}"
2026-07-29T16:03:29.395875+00:00,customers-service,customers-service-68987c986f-ctsnj,2026-07-29T16:02:49.341099+00:00,DEBUG,be841177a3cc2379,dc3bfa9964b4ad9b,nio-8080-exec-2,o.s.web.servlet.DispatcherServlet,Completed 200 OK
2026-07-29T16:03:29.395875+00:00,customers-service,customers-service-68987c986f-ctsnj,2026-07-29T16:02:49.341093+00:00,DEBUG,be841177a3cc2379,cf4f734bf881ca63,nio-8080-exec-2,o.s.web.servlet.DispatcherServlet,"GET ""/owners/1"", parameters={}"
2026-07-29T16:03:29.395875+00:00,customers-service,customers-service-68987c986f-ctsnj,2026-07-29T16:02:48.839800+00:00,DEBUG,466ea54e7d8b238d,9e6be8d445f67388,nio-8080-exec-3,o.s.web.servlet.DispatcherServlet,Completed 200 OK
2026-07-29T16:03:29.395875+00:00,customers-service,customers-service-68987c986f-ctsnj,2026-07-29T16:02:48.589609+00:00,DEBUG,466ea54e7d8b238d,2deb4027ab7c406d,nio-8080-exec-3,o.s.web.servlet.DispatcherServlet,"GET ""/owners"", parameters={}"
2026-07-29T16:03:29.395875+00:00,customers-service,customers-service-68987c986f-ctsnj,2026-07-29T16:02:47.836986+00:00,DEBUG,2d783f44858764bc,aedf74c5186b8ce3,nio-8080-exec-5,o.s.web.servlet.DispatcherServlet,Completed 200 OK
2026-07-29T16:03:29.395875+00:00,customers-service,customers-service-68987c986f-ctsnj,2026-07-29T16:02:47.586852+00:00,DEBUG,2d783f44858764bc,b3b400caf1952908,nio-8080-exec-5,o.s.web.servlet.DispatcherServlet,"GET ""/owners"", parameters={}"
2026-07-29T16:03:29.395875+00:00,customers-service,customers-service-68987c986f-ctsnj,2026-07-29T16:02:47.084917+00:00,DEBUG,e841ccf3955fea4c,c52f67b62d65e076,io-8080-exec-13,o.s.web.servlet.DispatcherServlet,Completed 200 OK
2026-07-29T16:03:29.395875+00:00,customers-service,customers-service-68987c986f-ctsnj,2026-07-29T16:02:47.084895+00:00,DEBUG,e841ccf3955fea4c,c8a60dae1605a5d9,io-8080-exec-13,o.s.web.servlet.DispatcherServlet,"GET ""/owners/1"", parameters={}"
2026-07-29T16:03:29.395875+00:00,customers-service,customers-service-68987c986f-ctsnj,2026-07-29T16:02:46.331678+00:00,DEBUG,b17170dae0fb3a50,fe8571832d7a4d96,nio-8080-exec-9,o.s.web.servlet.DispatcherServlet,Completed 200 OK
2026-07-29T16:03:29.395875+00:00,customers-service,customers-service-68987c986f-ctsnj,2026-07-29T16:02:46.331672+00:00,DEBUG,b17170dae0fb3a50,f309e064c0b4b6d3,nio-8080-exec-9,o.s.web.servlet.DispatcherServlet,"GET ""/owners/1"", parameters={}"
2026-07-29T16:03:29.395875+00:00,customers-service,customers-service-68987c986f-ctsnj,2026-07-29T16:02:45.579152+00:00,DEBUG,311c7cc9700c5322,fceeff89193a48f7,io-8080-exec-17,o.s.web.servlet.DispatcherServlet,Completed 200 OK
2026-07-29T16:03:29.395875+00:00,customers-service,customers-service-68987c986f-ctsnj,2026-07-29T16:02:45.579148+00:00,DEBUG,311c7cc9700c5322,98dda7408de0892f,io-8080-exec-17,o.s.web.servlet.DispatcherServlet,"GET ""/owners/1"", parameters={}"
2026-07-29T16:03:29.395875+00:00,customers-service,customers-service-68987c986f-ctsnj,2026-07-29T16:02:44.324244+00:00,DEBUG,26ff4864939275f4,46e17ea47bfefa5c,io-8080-exec-25,o.s.web.servlet.DispatcherServlet,Completed 200 OK
2026-07-29T16:03:29.395875+00:00,customers-service,customers-service-68987c986f-ctsnj,2026-07-29T16:02:44.324240+00:00,DEBUG,26ff4864939275f4,4e40de916d11c079,io-8080-exec-25,o.s.web.servlet.DispatcherServlet,"GET ""/owners"", parameters={}"
2026-07-29T16:03:29.395875+00:00,customers-service,customers-service-68987c986f-ctsnj,2026-07-29T16:02:44.073198+00:00,DEBUG,4e055ab26a7d85e7,9ecab1682bca1287,io-8080-exec-10,o.s.web.servlet.DispatcherServlet,Completed 200 OK
2026-07-29T16:03:29.395875+00:00,customers-service,customers-service-68987c986f-ctsnj,2026-07-29T16:02:43.822505+00:00,DEBUG,4e055ab26a7d85e7,dd2a89b8370eb0e3,io-8080-exec-10,o.s.web.servlet.DispatcherServlet,"GET ""/owners/1"", parameters={}"
2026-07-29T16:03:29.395875+00:00,customers-service,customers-service-68987c986f-ctsnj,2026-07-29T16:02:42.818430+00:00,DEBUG,122729c665e9be99,36fd1d7a32b6c09c,io-8080-exec-20,o.s.web.servlet.DispatcherServlet,Completed 200 OK
2026-07-29T16:03:29.395875+00:00,customers-service,customers-service-68987c986f-ctsnj,2026-07-29T16:02:42.567969+00:00,DEBUG,122729c665e9be99,bcf6cb37d5cc8be5,io-8080-exec-20,o.s.web.servlet.DispatcherServlet,"GET ""/owners"", parameters={}"
2026-07-29T16:03:29.395875+00:00,customers-service,customers-service-68987c986f-ctsnj,2026-07-29T16:02:42.065413+00:00,DEBUG,4103d581950bcb96,4103d581950bcb96,io-8080-exec-32,o.s.web.servlet.DispatcherServlet,Completed 200 OK
2026-07-29T16:03:29.395875+00:00,customers-service,customers-service-68987c986f-ctsnj,2026-07-29T16:02:41.563610+00:00,DEBUG,97b2b9557fc84d5d,3f418f10d81c0d8c,io-8080-exec-18,o.s.web.servlet.DispatcherServlet,Completed 200 OK
2026-07-29T16:03:29.395875+00:00,customers-service,customers-service-68987c986f-ctsnj,2026-07-29T16:02:41.563601+00:00,DEBUG,97b2b9557fc84d5d,f73d468d91688026,io-8080-exec-18,o.s.web.servlet.DispatcherServlet,"GET ""/owners/1"", parameters={}"
2026-07-29T16:03:29.395875+00:00,customers-service,customers-service-68987c986f-ctsnj,2026-07-29T16:02:41.062450+00:00,DEBUG,003ac441f17227ef,a64f41ad568bfd84,nio-8080-exec-2,o.s.web.servlet.DispatcherServlet,Completed 200 OK
2026-07-29T16:03:29.395875+00:00,customers-service,customers-service-68987c986f-ctsnj,2026-07-29T16:02:40.811479+00:00,DEBUG,472ae3da2786b561,472ae3da2786b561,nio-8080-exec-3,o.s.web.servlet.DispatcherServlet,Completed 200 OK
2026-07-29T16:03:29.395875+00:00,customers-service,customers-service-68987c986f-ctsnj,2026-07-29T16:02:40.058912+00:00,DEBUG,4d8451a2cc675ce8,97fbdd19d84134bc,nio-8080-exec-5,o.s.web.servlet.DispatcherServlet,Completed 200 OK
2026-07-29T16:03:29.395875+00:00,customers-service,customers-service-68987c986f-ctsnj,2026-07-29T16:02:39.808082+00:00,DEBUG,003ac441f17227ef,e2fe1f219f083e71,nio-8080-exec-2,o.s.web.servlet.DispatcherServlet,"GET ""/owners"", parameters={}"
2026-07-29T16:03:29.395875+00:00,customers-service,customers-service-68987c986f-ctsnj,2026-07-29T16:02:39.557242+00:00,DEBUG,4d8451a2cc675ce8,77dd25ce709c4c02,nio-8080-exec-5,o.s.web.servlet.DispatcherServlet,"GET ""/owners/1"", parameters={}"
2026-07-29T16:03:29.395875+00:00,customers-service,customers-service-68987c986f-ctsnj,2026-07-29T16:02:39.306900+00:00,DEBUG,0ca755dd3468c775,24af16e110fe6cc1,io-8080-exec-13,o.s.web.servlet.DispatcherServlet,Completed 200 OK
2026-07-29T16:03:29.395875+00:00,customers-service,customers-service-68987c986f-ctsnj,2026-07-29T16:02:38.805578+00:00,DEBUG,7fbc4393889b44dc,79c96c2af1a02e22,nio-8080-exec-9,o.s.web.servlet.DispatcherServlet,Completed 200 OK
2026-07-29T16:03:29.395875+00:00,customers-service,customers-service-68987c986f-ctsnj,2026-07-29T16:02:38.304429+00:00,DEBUG,0ca755dd3468c775,b1f8a8e93255123a,io-8080-exec-13,o.s.web.servlet.DispatcherServlet,"GET ""/owners"", parameters={}"
2026-07-29T16:03:29.395875+00:00,customers-service,customers-service-68987c986f-ctsnj,2026-07-29T16:02:37.804045+00:00,DEBUG,7fbc4393889b44dc,fd0c34a2f37b4f39,nio-8080-exec-9,o.s.web.servlet.DispatcherServlet,"GET ""/owners"", parameters={}"
2026-07-29T16:03:29.395875+00:00,customers-service,customers-service-68987c986f-ctsnj,2026-07-29T16:02:36.801788+00:00,DEBUG,e25f9003d6a5da41,2d7108d86ea13b29,io-8080-exec-17,o.s.web.servlet.DispatcherServlet,Completed 200 OK
2026-07-29T16:03:29.395875+00:00,customers-service,customers-service-68987c986f-ctsnj,2026-07-29T16:02:36.550684+00:00,DEBUG,e25f9003d6a5da41,c987a2d32a09a12a,io-8080-exec-17,o.s.web.servlet.DispatcherServlet,"GET ""/owners/1"", parameters={}"
2026-07-29T16:03:29.395875+00:00,customers-service,customers-service-68987c986f-ctsnj,2026-07-29T16:02:35.797045+00:00,DEBUG,1a0a775660f74cc7,1a0a775660f74cc7,io-8080-exec-25,o.s.web.servlet.DispatcherServlet,Completed 200 OK
2026-07-29T16:03:29.395875+00:00,customers-service,customers-service-68987c986f-ctsnj,2026-07-29T16:02:35.294842+00:00,DEBUG,d50488c93a12e3c8,71d7c1270bc2dd6b,io-8080-exec-10,o.s.web.servlet.DispatcherServlet,Completed 200 OK
2026-07-29T16:03:29.395875+00:00,customers-service,customers-service-68987c986f-ctsnj,2026-07-29T16:02:35.294836+00:00,DEBUG,2dce5fca166cb4dd,bec968852eb9f390,io-8080-exec-20,o.s.web.servlet.DispatcherServlet,Completed 200 OK
2026-07-29T16:03:29.395875+00:00,customers-service,customers-service-68987c986f-ctsnj,2026-07-29T16:02:34.792219+00:00,DEBUG,2dce5fca166cb4dd,b5d5344bdf59ae92,io-8080-exec-20,o.s.web.servlet.DispatcherServlet,"GET ""/owners/1"", parameters={}"
2026-07-29T16:03:29.395875+00:00,customers-service,customers-service-68987c986f-ctsnj,2026-07-29T16:02:34.792213+00:00,DEBUG,d50488c93a12e3c8,f70aa520e4ef5e52,io-8080-exec-10,o.s.web.servlet.DispatcherServlet,"GET ""/owners"", parameters={}"
2026-07-29T16:03:29.395875+00:00,customers-service,customers-service-68987c986f-ctsnj,2026-07-29T16:02:33.538227+00:00,DEBUG,0bd69047dca96c94,88f9cebeb1d75344,io-8080-exec-32,o.s.web.servlet.DispatcherServlet,Completed 200 OK
2026-07-29T16:03:29.395875+00:00,customers-service,customers-service-68987c986f-ctsnj,2026-07-29T16:02:33.287317+00:00,DEBUG,0bd69047dca96c94,e3e5a061499d7b8c,io-8080-exec-32,o.s.web.servlet.DispatcherServlet,"GET ""/owners"", parameters={}"
2026-07-29T16:03:29.395875+00:00,customers-service,customers-service-68987c986f-ctsnj,2026-07-29T16:02:33.287299+00:00,DEBUG,de16ba0d0732153c,df0f9135e9fe771b,io-8080-exec-18,o.s.web.servlet.DispatcherServlet,Completed 200 OK
2026-07-29T16:03:29.395875+00:00,customers-service,customers-service-68987c986f-ctsnj,2026-07-29T16:02:33.287296+00:00,DEBUG,de16ba0d0732153c,8814c2ca5387357e,io-8080-exec-18,o.s.web.servlet.DispatcherServlet,"GET ""/owners/1"", parameters={}"
2026-07-29T16:03:29.395875+00:00,customers-service,customers-service-68987c986f-ctsnj,2026-07-29T16:02:32.536201+00:00,DEBUG,dc5eb504ab02f073,caa1fe384e5be5cf,nio-8080-exec-3,o.s.web.servlet.DispatcherServlet,Completed 200 OK
2026-07-29T16:03:29.395875+00:00,customers-service,customers-service-68987c986f-ctsnj,2026-07-29T16:02:32.285461+00:00,DEBUG,b3fe87ed7dc06a63,0389eab834e3dd28,nio-8080-exec-2,o.s.web.servlet.DispatcherServlet,Completed 200 OK
2026-07-29T16:03:29.395875+00:00,customers-service,customers-service-68987c986f-ctsnj,2026-07-29T16:02:32.285455+00:00,DEBUG,dc5eb504ab02f073,d786a77edb87c481,nio-8080-exec-3,o.s.web.servlet.DispatcherServlet,"GET ""/owners"", parameters={}"
2026-07-29T16:03:29.395875+00:00,customers-service,customers-service-68987c986f-ctsnj,2026-07-29T16:02:32.034119+00:00,DEBUG,b3fe87ed7dc06a63,f4ee7c060941892b,nio-8080-exec-2,o.s.web.servlet.DispatcherServlet,"GET ""/owners"", parameters={}"
2026-07-29T16:03:29.395875+00:00,customers-service,customers-service-68987c986f-ctsnj,2026-07-29T16:02:30.530584+00:00,DEBUG,77716ab0afc014ac,53067ff18bb80fd3,nio-8080-exec-5,o.s.web.servlet.DispatcherServlet,Completed 200 OK
2026-07-29T16:03:29.395875+00:00,customers-service,customers-service-68987c986f-ctsnj,2026-07-29T16:02:30.530577+00:00,DEBUG,77716ab0afc014ac,56189a3534a98c02,nio-8080-exec-5,o.s.web.servlet.DispatcherServlet,"GET ""/owners/1"", parameters={}"
2026-07-29T16:03:29.395875+00:00,customers-service,customers-service-68987c986f-ctsnj,2026-07-29T16:02:30.279046+00:00,DEBUG,fd7188855b6430b9,577d2353c5c13079,io-8080-exec-13,o.s.web.servlet.DispatcherServlet,Completed 200 OK
2026-07-29T16:03:29.395875+00:00,customers-service,customers-service-68987c986f-ctsnj,2026-07-29T16:02:30.279015+00:00,DEBUG,fd7188855b6430b9,4600d26b34a30377,io-8080-exec-13,o.s.web.servlet.DispatcherServlet,"GET ""/owners/1"", parameters={}"
2026-07-29T16:03:29.395875+00:00,customers-service,customers-service-68987c986f-ctsnj,2026-07-29T16:02:28.524216+00:00,DEBUG,e7945941a9bd3ec2,860b1f4e4af864ac,nio-8080-exec-9,o.s.web.servlet.DispatcherServlet,Completed 200 OK
2026-07-29T16:03:29.395875+00:00,customers-service,customers-service-68987c986f-ctsnj,2026-07-29T16:02:28.524180+00:00,DEBUG,e7945941a9bd3ec2,184ff5d9a9b11888,nio-8080-exec-9,o.s.web.servlet.DispatcherServlet,"GET ""/owners/1"", parameters={}"
2026-07-29T16:03:29.395875+00:00,customers-service,customers-service-68987c986f-ctsnj,2026-07-29T16:02:28.524140+00:00,DEBUG,bd1136bb810828c9,14367614ef9f4dad,io-8080-exec-17,o.s.web.servlet.DispatcherServlet,Completed 200 OK
2026-07-29T16:03:29.395875+00:00,customers-service,customers-service-68987c986f-ctsnj,2026-07-29T16:02:28.524133+00:00,DEBUG,bd1136bb810828c9,ad628b5823037ab2,io-8080-exec-17,o.s.web.servlet.DispatcherServlet,"GET ""/owners/1"", parameters={}"
2026-07-29T16:03:29.395875+00:00,customers-service,customers-service-68987c986f-ctsnj,2026-07-29T16:02:26.265769+00:00,DEBUG,7db618c1302f3ee7,c044f56434ed4217,io-8080-exec-25,o.s.web.servlet.DispatcherServlet,Completed 200 OK
2026-07-29T16:03:29.395875+00:00,customers-service,customers-service-68987c986f-ctsnj,2026-07-29T16:02:26.265726+00:00,DEBUG,bb739dd95825e004,2b9351c78d812f7a,io-8080-exec-20,o.s.web.servlet.DispatcherServlet,Completed 200 OK
2026-07-29T16:03:29.395875+00:00,customers-service,customers-service-68987c986f-ctsnj,2026-07-29T16:02:26.265714+00:00,DEBUG,7db618c1302f3ee7,82eec0f721bed1cc,io-8080-exec-25,o.s.web.servlet.DispatcherServlet,"GET ""/owners/1"", parameters={}"
2026-07-29T16:03:29.395875+00:00,customers-service,customers-service-68987c986f-ctsnj,2026-07-29T16:02:26.015350+00:00,DEBUG,bb739dd95825e004,e8b70f8de7995c19,io-8080-exec-20,o.s.web.servlet.DispatcherServlet,"GET ""/owners"", parameters={}"
2026-07-29T16:03:29.395875+00:00,customers-service,customers-service-68987c986f-ctsnj,2026-07-29T16:02:25.764356+00:00,DEBUG,f512a0ff0ea041fb,f512a0ff0ea041fb,io-8080-exec-10,o.s.web.servlet.DispatcherServlet,Completed 200 OK
2026-07-29T16:03:29.395875+00:00,customers-service,customers-service-68987c986f-ctsnj,2026-07-29T16:02:25.011682+00:00,DEBUG,db1386404634ee9b,4f26265102c141da,io-8080-exec-32,o.s.web.servlet.DispatcherServlet,Completed 200 OK
2026-07-29T16:03:29.395875+00:00,customers-service,customers-service-68987c986f-ctsnj,2026-07-29T16:02:25.011678+00:00,DEBUG,db1386404634ee9b,f612a3acb8473319,io-8080-exec-32,o.s.web.servlet.DispatcherServlet,"GET ""/owners/1"", parameters={}"
2026-07-29T16:03:29.395875+00:00,vets-service,vets-service-799f7d5b65-7wskt,2026-07-29T16:03:29.131836+00:00,DEBUG,0b2b9d88d7327a68,ad27cc5535c3a8a3,nio-8080-exec-3,o.s.web.servlet.DispatcherServlet,Completed 200 OK
2026-07-29T16:03:29.395875+00:00,vets-service,vets-service-799f7d5b65-7wskt,2026-07-29T16:03:28.379519+00:00,DEBUG,0b2b9d88d7327a68,9569402c1c020336,nio-8080-exec-3,o.s.web.servlet.DispatcherServlet,"GET ""/vets"", parameters={}"
2026-07-29T16:03:29.395875+00:00,vets-service,vets-service-799f7d5b65-7wskt,2026-07-29T16:03:28.379515+00:00,DEBUG,c73629fe5993bfc3,804bb90308612f14,nio-8080-exec-1,o.s.web.servlet.DispatcherServlet,Completed 200 OK
2026-07-29T16:03:29.395875+00:00,vets-service,vets-service-799f7d5b65-7wskt,2026-07-29T16:03:27.376833+00:00,DEBUG,c73629fe5993bfc3,765c0de8804098ad,nio-8080-exec-1,o.s.web.servlet.DispatcherServlet,"GET ""/vets"", parameters={}"
2026-07-29T16:03:29.395875+00:00,vets-service,vets-service-799f7d5b65-7wskt,2026-07-29T16:03:25.872995+00:00,DEBUG,1b808cf50dfb3276,aa6914067f7d962f,nio-8080-exec-7,o.s.web.servlet.DispatcherServlet,Completed 200 OK
2026-07-29T16:03:29.395875+00:00,vets-service,vets-service-799f7d5b65-7wskt,2026-07-29T16:03:25.622690+00:00,DEBUG,1b808cf50dfb3276,62ad7aab903ca7df,nio-8080-exec-7,o.s.web.servlet.DispatcherServlet,"GET ""/vets"", parameters={}"
2026-07-29T16:03:29.395875+00:00,vets-service,vets-service-799f7d5b65-7wskt,2026-07-29T16:03:24.370593+00:00,DEBUG,46eb852d6463de72,46eb852d6463de72,nio-8080-exec-2,o.s.web.servlet.DispatcherServlet,Completed 200 OK
2026-07-29T16:03:29.395875+00:00,vets-service,vets-service-799f7d5b65-7wskt,2026-07-29T16:03:24.370565+00:00,DEBUG,bed9ea2cb2e18d1a,c8dee95fe97f9de2,nio-8080-exec-8,o.s.web.servlet.DispatcherServlet,Completed 200 OK
2026-07-29T16:03:29.395875+00:00,vets-service,vets-service-799f7d5b65-7wskt,2026-07-29T16:03:24.119665+00:00,DEBUG,bed9ea2cb2e18d1a,6a5fc773e962ab5c,nio-8080-exec-8,o.s.web.servlet.DispatcherServlet,"GET ""/vets"", parameters={}"
2026-07-29T16:03:29.395875+00:00,vets-service,vets-service-799f7d5b65-7wskt,2026-07-29T16:03:21.362318+00:00,DEBUG,b6a08a37b60f3217,1ea33b345b1331b8,io-8080-exec-10,o.s.web.servlet.DispatcherServlet,Completed 200 OK
2026-07-29T16:03:29.395875+00:00,vets-service,vets-service-799f7d5b65-7wskt,2026-07-29T16:03:21.362315+00:00,DEBUG,b6a08a37b60f3217,cd3b499f6281fb52,io-8080-exec-10,o.s.web.servlet.DispatcherServlet,"GET ""/vets"", parameters={}"
2026-07-29T16:03:29.395875+00:00,vets-service,vets-service-799f7d5b65-7wskt,2026-07-29T16:03:21.112115+00:00,DEBUG,afe15a34315b8caa,083e684151ee1569,nio-8080-exec-4,o.s.web.servlet.DispatcherServlet,Completed 200 OK
2026-07-29T16:03:29.395875+00:00,vets-service,vets-service-799f7d5b65-7wskt,2026-07-29T16:03:20.860815+00:00,DEBUG,afe15a34315b8caa,1304cb9e82a950f7,nio-8080-exec-4,o.s.web.servlet.DispatcherServlet,"GET ""/vets"", parameters={}"
2026-07-29T16:03:29.395875+00:00,vets-service,vets-service-799f7d5b65-7wskt,2026-07-29T16:03:18.102933+00:00,DEBUG,4b0de58faa44876c,8b4d430e1c4d61c1,io-8080-exec-12,o.s.web.servlet.DispatcherServlet,Completed 200 OK
2026-07-29T16:03:29.395875+00:00,vets-service,vets-service-799f7d5b65-7wskt,2026-07-29T16:03:17.851906+00:00,DEBUG,17deb8e1ef002310,a66339c8cbc9d5b3,nio-8080-exec-6,o.s.web.servlet.DispatcherServlet,Completed 200 OK
2026-07-29T16:03:29.395875+00:00,vets-service,vets-service-799f7d5b65-7wskt,2026-07-29T16:03:17.601023+00:00,DEBUG,4b0de58faa44876c,918a62749682a426,io-8080-exec-12,o.s.web.servlet.DispatcherServlet,"GET ""/vets"", parameters={}"
2026-07-29T16:03:29.395875+00:00,vets-service,vets-service-799f7d5b65-7wskt,2026-07-29T16:03:17.350190+00:00,DEBUG,17deb8e1ef002310,4ab703ee50c2a56e,nio-8080-exec-6,o.s.web.servlet.DispatcherServlet,"GET ""/vets"", parameters={}"
2026-07-29T16:03:29.395875+00:00,vets-service,vets-service-799f7d5b65-7wskt,2026-07-29T16:03:15.845970+00:00,DEBUG,6508c44c4f2fdf55,6508c44c4f2fdf55,io-8080-exec-13,o.s.web.servlet.DispatcherServlet,Completed 200 OK
2026-07-29T16:03:29.395875+00:00,vets-service,vets-service-799f7d5b65-7wskt,2026-07-29T16:03:15.344537+00:00,DEBUG,1266ba36571ccd54,1266ba36571ccd54,nio-8080-exec-3,o.s.web.servlet.DispatcherServlet,Completed 200 OK
2026-07-29T16:03:29.395875+00:00,vets-service,vets-service-799f7d5b65-7wskt,2026-07-29T16:03:15.094243+00:00,DEBUG,d0e4b3c691bd8a3b,bd74b53a4fe193a3,nio-8080-exec-1,o.s.web.servlet.DispatcherServlet,Completed 200 OK
2026-07-29T16:03:29.395875+00:00,vets-service,vets-service-799f7d5b65-7wskt,2026-07-29T16:03:14.341938+00:00,DEBUG,d0e4b3c691bd8a3b,5f5a1cc84ff68c76,nio-8080-exec-1,o.s.web.servlet.DispatcherServlet,"GET ""/vets"", parameters={}"
2026-07-29T16:03:29.395875+00:00,vets-service,vets-service-799f7d5b65-7wskt,2026-07-29T16:03:14.091753+00:00,DEBUG,22afa32bcb2e8ba8,fb257ef4e15751a5,nio-8080-exec-7,o.s.web.servlet.DispatcherServlet,Completed 200 OK
2026-07-29T16:03:29.395875+00:00,vets-service,vets-service-799f7d5b65-7wskt,2026-07-29T16:03:13.340394+00:00,DEBUG,22afa32bcb2e8ba8,17cbd5d7d765dc20,nio-8080-exec-7,o.s.web.servlet.DispatcherServlet,"GET ""/vets"", parameters={}"
2026-07-29T16:03:29.395875+00:00,vets-service,vets-service-799f7d5b65-7wskt,2026-07-29T16:03:09.329128+00:00,DEBUG,f22558963467ae76,f22558963467ae76,nio-8080-exec-2,o.s.web.servlet.DispatcherServlet,Completed 200 OK
2026-07-29T16:03:29.395875+00:00,vets-service,vets-service-799f7d5b65-7wskt,2026-07-29T16:03:08.827245+00:00,DEBUG,82d059f0605992d1,0207c92e1f72dc27,nio-8080-exec-8,o.s.web.servlet.DispatcherServlet,Completed 200 OK
2026-07-29T16:03:29.395875+00:00,vets-service,vets-service-799f7d5b65-7wskt,2026-07-29T16:03:08.827219+00:00,DEBUG,82d059f0605992d1,014231153b8279ec,nio-8080-exec-8,o.s.web.servlet.DispatcherServlet,"GET ""/vets"", parameters={}"
2026-07-29T16:03:29.395875+00:00,vets-service,vets-service-799f7d5b65-7wskt,2026-07-29T16:03:08.827216+00:00,DEBUG,086c0abd1c59895c,19e7d62ffbb32659,io-8080-exec-10,o.s.web.servlet.DispatcherServlet,Completed 200 OK
2026-07-29T16:03:29.395875+00:00,vets-service,vets-service-799f7d5b65-7wskt,2026-07-29T16:03:08.576251+00:00,DEBUG,086c0abd1c59895c,b9e5af16a3ef15aa,io-8080-exec-10,o.s.web.servlet.DispatcherServlet,"GET ""/vets"", parameters={}"
2026-07-29T16:03:29.395875+00:00,vets-service,vets-service-799f7d5b65-7wskt,2026-07-29T16:03:03.560539+00:00,DEBUG,a0d398355a41d966,b20c94d4f9f61953,nio-8080-exec-4,o.s.web.servlet.DispatcherServlet,Completed 200 OK
2026-07-29T16:03:29.395875+00:00,vets-service,vets-service-799f7d5b65-7wskt,2026-07-29T16:03:03.560536+00:00,DEBUG,a0d398355a41d966,8825c60e1a60fac6,nio-8080-exec-4,o.s.web.servlet.DispatcherServlet,"GET ""/vets"", parameters={}"
2026-07-29T16:03:29.395875+00:00,vets-service,vets-service-799f7d5b65-7wskt,2026-07-29T16:03:03.059148+00:00,DEBUG,cf3d4552c63d78d8,3c4c05bc817f5980,io-8080-exec-12,o.s.web.servlet.DispatcherServlet,Completed 200 OK
2026-07-29T16:03:29.395875+00:00,vets-service,vets-service-799f7d5b65-7wskt,2026-07-29T16:03:03.059144+00:00,DEBUG,cf3d4552c63d78d8,c1f59e7c0752e158,io-8080-exec-12,o.s.web.servlet.DispatcherServlet,"GET ""/vets"", parameters={}"
2026-07-29T16:03:29.395875+00:00,vets-service,vets-service-799f7d5b65-7wskt,2026-07-29T16:03:00.551050+00:00,DEBUG,0e9d7c4e34e5473f,5addf4661d8295d2,nio-8080-exec-6,o.s.web.servlet.DispatcherServlet,Completed 200 OK
2026-07-29T16:03:29.395875+00:00,vets-service,vets-service-799f7d5b65-7wskt,2026-07-29T16:03:00.551047+00:00,DEBUG,0e9d7c4e34e5473f,107ce1550820c37d,nio-8080-exec-6,o.s.web.servlet.DispatcherServlet,"GET ""/vets"", parameters={}"
2026-07-29T16:03:29.395875+00:00,vets-service,vets-service-799f7d5b65-7wskt,2026-07-29T16:03:00.300829+00:00,DEBUG,849594058dfb3ad8,849594058dfb3ad8,io-8080-exec-13,o.s.web.servlet.DispatcherServlet,Completed 200 OK
2026-07-29T16:03:29.395875+00:00,vets-service,vets-service-799f7d5b65-7wskt,2026-07-29T16:03:00.300801+00:00,DEBUG,96d00834f9c11ba0,a0db41d2f14adfd7,nio-8080-exec-3,o.s.web.servlet.DispatcherServlet,Completed 200 OK
2026-07-29T16:03:29.395875+00:00,vets-service,vets-service-799f7d5b65-7wskt,2026-07-29T16:03:00.050141+00:00,DEBUG,96d00834f9c11ba0,2946e38a04d401fe,nio-8080-exec-3,o.s.web.servlet.DispatcherServlet,"GET ""/vets"", parameters={}"
2026-07-29T16:03:29.395875+00:00,vets-service,vets-service-799f7d5b65-7wskt,2026-07-29T16:02:56.787943+00:00,DEBUG,c7689988903d53ea,2640f5e8d7fb0eae,nio-8080-exec-1,o.s.web.servlet.DispatcherServlet,Completed 200 OK
2026-07-29T16:03:29.395875+00:00,vets-service,vets-service-799f7d5b65-7wskt,2026-07-29T16:02:56.787939+00:00,DEBUG,c7689988903d53ea,ab3c6b91944e61e9,nio-8080-exec-1,o.s.web.servlet.DispatcherServlet,"GET ""/vets"", parameters={}"
2026-07-29T16:03:29.395875+00:00,vets-service,vets-service-799f7d5b65-7wskt,2026-07-29T16:02:56.035350+00:00,DEBUG,a1033becae705751,e67cafa52ea6ebfe,nio-8080-exec-7,o.s.web.servlet.DispatcherServlet,Completed 200 OK
2026-07-29T16:03:29.395875+00:00,vets-service,vets-service-799f7d5b65-7wskt,2026-07-29T16:02:56.035329+00:00,DEBUG,3f23bec15dc87278,3f23bec15dc87278,nio-8080-exec-2,o.s.web.servlet.DispatcherServlet,Completed 200 OK
2026-07-29T16:03:29.395875+00:00,vets-service,vets-service-799f7d5b65-7wskt,2026-07-29T16:02:56.035303+00:00,DEBUG,a1033becae705751,0ed02124eacd0e4b,nio-8080-exec-7,o.s.web.servlet.DispatcherServlet,"GET ""/vets"", parameters={}"
2026-07-29T16:03:29.395875+00:00,vets-service,vets-service-799f7d5b65-7wskt,2026-07-29T16:02:54.278553+00:00,DEBUG,bd2352eb3137214d,bd2352eb3137214d,nio-8080-exec-8,o.s.web.servlet.DispatcherServlet,Completed 200 OK
2026-07-29T16:03:29.395875+00:00,vets-service,vets-service-799f7d5b65-7wskt,2026-07-29T16:02:52.523813+00:00,DEBUG,cff5f37911f78fab,b013dc05e3ddc96f,io-8080-exec-10,o.s.web.servlet.DispatcherServlet,Completed 200 OK
2026-07-29T16:03:29.395875+00:00,vets-service,vets-service-799f7d5b65-7wskt,2026-07-29T16:02:52.523786+00:00,DEBUG,cff5f37911f78fab,752277c768aed59a,io-8080-exec-10,o.s.web.servlet.DispatcherServlet,"GET ""/vets"", parameters={}"
2026-07-29T16:03:29.395875+00:00,vets-service,vets-service-799f7d5b65-7wskt,2026-07-29T16:02:52.523782+00:00,DEBUG,62d03283c8549dcd,4ab7537d81976720,nio-8080-exec-4,o.s.web.servlet.DispatcherServlet,Completed 200 OK
2026-07-29T16:03:29.395875+00:00,vets-service,vets-service-799f7d5b65-7wskt,2026-07-29T16:02:52.273142+00:00,DEBUG,62d03283c8549dcd,7e59acf8b541280c,nio-8080-exec-4,o.s.web.servlet.DispatcherServlet,"GET ""/vets"", parameters={}"
2026-07-29T16:03:29.395875+00:00,vets-service,vets-service-799f7d5b65-7wskt,2026-07-29T16:02:51.018715+00:00,DEBUG,2242fec5f19e534e,15a40422b3d4e50e,io-8080-exec-12,o.s.web.servlet.DispatcherServlet,Completed 200 OK
2026-07-29T16:03:29.395875+00:00,vets-service,vets-service-799f7d5b65-7wskt,2026-07-29T16:02:50.768414+00:00,DEBUG,2242fec5f19e534e,160c1d4d68a9e050,io-8080-exec-12,o.s.web.servlet.DispatcherServlet,"GET ""/vets"", parameters={}"
2026-07-29T16:03:29.395875+00:00,vets-service,vets-service-799f7d5b65-7wskt,2026-07-29T16:02:49.765393+00:00,DEBUG,88a3befdd6a69da9,a2aedf4b352b63e9,nio-8080-exec-6,o.s.web.servlet.DispatcherServlet,Completed 200 OK
2026-07-29T16:03:29.395875+00:00,vets-service,vets-service-799f7d5b65-7wskt,2026-07-29T16:02:49.515344+00:00,DEBUG,88a3befdd6a69da9,bcec6f300dbdc8f0,nio-8080-exec-6,o.s.web.servlet.DispatcherServlet,"GET ""/vets"", parameters={}"
2026-07-29T16:03:29.395875+00:00,vets-service,vets-service-799f7d5b65-7wskt,2026-07-29T16:02:46.002164+00:00,DEBUG,3cfd02ee455cac00,78d1996283668884,io-8080-exec-13,o.s.web.servlet.DispatcherServlet,Completed 200 OK
2026-07-29T16:03:29.395875+00:00,vets-service,vets-service-799f7d5b65-7wskt,2026-07-29T16:02:46.002155+00:00,DEBUG,3cfd02ee455cac00,8e4216739f2a9d8b,io-8080-exec-13,o.s.web.servlet.DispatcherServlet,"GET ""/vets"", parameters={}"
2026-07-29T16:03:29.395875+00:00,vets-service,vets-service-799f7d5b65-7wskt,2026-07-29T16:02:46.002153+00:00,DEBUG,ccd3fc6a79677000,b51575d7ee0c1744,nio-8080-exec-3,o.s.web.servlet.DispatcherServlet,Completed 200 OK
2026-07-29T16:03:29.395875+00:00,vets-service,vets-service-799f7d5b65-7wskt,2026-07-29T16:02:45.752011+00:00,DEBUG,ccd3fc6a79677000,c399d37c7094d56a,nio-8080-exec-3,o.s.web.servlet.DispatcherServlet,"GET ""/vets"", parameters={}"
2026-07-29T16:03:29.395875+00:00,vets-service,vets-service-799f7d5b65-7wskt,2026-07-29T16:02:45.501818+00:00,DEBUG,789308b8ba4bbbd9,789308b8ba4bbbd9,nio-8080-exec-1,o.s.web.servlet.DispatcherServlet,Completed 200 OK
2026-07-29T16:03:29.395875+00:00,vets-service,vets-service-799f7d5b65-7wskt,2026-07-29T16:02:43.246721+00:00,DEBUG,34805aecf9c79888,ac1584d4581f832b,nio-8080-exec-2,o.s.web.servlet.DispatcherServlet,Completed 200 OK
2026-07-29T16:03:29.395875+00:00,vets-service,vets-service-799f7d5b65-7wskt,2026-07-29T16:02:42.995922+00:00,DEBUG,34805aecf9c79888,080f465e32941643,nio-8080-exec-2,o.s.web.servlet.DispatcherServlet,"GET ""/vets"", parameters={}"
2026-07-29T16:03:29.395875+00:00,vets-service,vets-service-799f7d5b65-7wskt,2026-07-29T16:02:42.995900+00:00,DEBUG,e29525d2897edbc8,b4df07d853877363,nio-8080-exec-7,o.s.web.servlet.DispatcherServlet,Completed 200 OK
2026-07-29T16:03:29.395875+00:00,vets-service,vets-service-799f7d5b65-7wskt,2026-07-29T16:02:42.745258+00:00,DEBUG,e29525d2897edbc8,6454d83c99323ee2,nio-8080-exec-7,o.s.web.servlet.DispatcherServlet,"GET ""/vets"", parameters={}"
2026-07-29T16:03:29.395875+00:00,vets-service,vets-service-799f7d5b65-7wskt,2026-07-29T16:02:41.241349+00:00,DEBUG,b66ce148ba929bd2,173c44ce21b2d6b7,nio-8080-exec-8,o.s.web.servlet.DispatcherServlet,Completed 200 OK
2026-07-29T16:03:29.395875+00:00,vets-service,vets-service-799f7d5b65-7wskt,2026-07-29T16:02:40.990022+00:00,DEBUG,4297fc0190a82369,69e6826bc6ffee24,io-8080-exec-10,o.s.web.servlet.DispatcherServlet,Completed 200 OK
2026-07-29T16:03:29.395875+00:00,vets-service,vets-service-799f7d5b65-7wskt,2026-07-29T16:02:40.488929+00:00,DEBUG,b66ce148ba929bd2,6b644bd2175f04f5,nio-8080-exec-8,o.s.web.servlet.DispatcherServlet,"GET ""/vets"", parameters={}"
2026-07-29T16:03:29.395875+00:00,vets-service,vets-service-799f7d5b65-7wskt,2026-07-29T16:02:39.987417+00:00,DEBUG,4297fc0190a82369,0d02f13245e3f016,io-8080-exec-10,o.s.web.servlet.DispatcherServlet,"GET ""/vets"", parameters={}"
2026-07-29T16:03:29.395875+00:00,vets-service,vets-service-799f7d5b65-7wskt,2026-07-29T16:02:39.487051+00:00,DEBUG,b68a57511e602d91,b68a57511e602d91,nio-8080-exec-4,o.s.web.servlet.DispatcherServlet,Completed 200 OK
2026-07-29T16:03:29.395875+00:00,vets-service,vets-service-799f7d5b65-7wskt,2026-07-29T16:02:37.483129+00:00,DEBUG,267b7c0b393954ba,5d4ee21a42a22798,io-8080-exec-12,o.s.web.servlet.DispatcherServlet,Completed 200 OK
2026-07-29T16:03:29.395875+00:00,vets-service,vets-service-799f7d5b65-7wskt,2026-07-29T16:02:37.483125+00:00,DEBUG,fdff808985674698,eec5e408edb7c161,nio-8080-exec-6,o.s.web.servlet.DispatcherServlet,Completed 200 OK
2026-07-29T16:03:29.395875+00:00,vets-service,vets-service-799f7d5b65-7wskt,2026-07-29T16:02:36.981630+00:00,DEBUG,267b7c0b393954ba,32fcfff796c8a635,io-8080-exec-12,o.s.web.servlet.DispatcherServlet,"GET ""/vets"", parameters={}"
2026-07-29T16:03:29.395875+00:00,vets-service,vets-service-799f7d5b65-7wskt,2026-07-29T16:02:36.730703+00:00,DEBUG,fdff808985674698,d0da57d9c64415fd,nio-8080-exec-6,o.s.web.servlet.DispatcherServlet,"GET ""/vets"", parameters={}"
2026-07-29T16:03:29.395875+00:00,vets-service,vets-service-799f7d5b65-7wskt,2026-07-29T16:02:35.978996+00:00,DEBUG,2402c4d6f31f6a83,2402c4d6f31f6a83,io-8080-exec-13,o.s.web.servlet.DispatcherServlet,Completed 200 OK
2026-07-29T16:03:29.395875+00:00,vets-service,vets-service-799f7d5b65-7wskt,2026-07-29T16:02:34.473068+00:00,DEBUG,498f6a5af37e8a03,52c68f023b325dbe,nio-8080-exec-3,o.s.web.servlet.DispatcherServlet,Completed 200 OK
2026-07-29T16:03:29.395875+00:00,vets-service,vets-service-799f7d5b65-7wskt,2026-07-29T16:02:34.473065+00:00,DEBUG,498f6a5af37e8a03,3bf119e7fc102089,nio-8080-exec-3,o.s.web.servlet.DispatcherServlet,"GET ""/vets"", parameters={}"
2026-07-29T16:03:29.395875+00:00,vets-service,vets-service-799f7d5b65-7wskt,2026-07-29T16:02:34.222311+00:00,DEBUG,9b1efc1d944c4977,3a49438f3b43ad61,nio-8080-exec-1,o.s.web.servlet.DispatcherServlet,Completed 200 OK
2026-07-29T16:03:29.395875+00:00,vets-service,vets-service-799f7d5b65-7wskt,2026-07-29T16:02:34.222306+00:00,DEBUG,9b1efc1d944c4977,cd13ec8a9ee79342,nio-8080-exec-1,o.s.web.servlet.DispatcherServlet,"GET ""/vets"", parameters={}"
2026-07-29T16:03:29.395875+00:00,vets-service,vets-service-799f7d5b65-7wskt,2026-07-29T16:02:30.460576+00:00,DEBUG,e30a4638e2b32dda,e30a4638e2b32dda,nio-8080-exec-2,o.s.web.servlet.DispatcherServlet,Completed 200 OK
2026-07-29T16:03:29.395875+00:00,vets-service,vets-service-799f7d5b65-7wskt,2026-07-29T16:02:29.958841+00:00,DEBUG,e1819ba424c4e737,da3a1251ee67fa02,nio-8080-exec-7,o.s.web.servlet.DispatcherServlet,Completed 200 OK
2026-07-29T16:03:29.395875+00:00,vets-service,vets-service-799f7d5b65-7wskt,2026-07-29T16:02:29.958816+00:00,DEBUG,e1819ba424c4e737,fc116abd25c8d055,nio-8080-exec-7,o.s.web.servlet.DispatcherServlet,"GET ""/vets"", parameters={}"
2026-07-29T16:03:29.395875+00:00,vets-service,vets-service-799f7d5b65-7wskt,2026-07-29T16:02:29.958812+00:00,DEBUG,827cf4411a127c1f,0197063608223ae1,nio-8080-exec-8,o.s.web.servlet.DispatcherServlet,Completed 200 OK
2026-07-29T16:03:29.395875+00:00,vets-service,vets-service-799f7d5b65-7wskt,2026-07-29T16:02:29.708368+00:00,DEBUG,827cf4411a127c1f,43c4e9d4fd30942d,nio-8080-exec-8,o.s.web.servlet.DispatcherServlet,"GET ""/vets"", parameters={}"
2026-07-29T16:03:29.395875+00:00,vets-service,vets-service-799f7d5b65-7wskt,2026-07-29T16:02:27.200059+00:00,DEBUG,ad3bac9e2cfbf042,77e6c9f73c4933d0,io-8080-exec-10,o.s.web.servlet.DispatcherServlet,Completed 200 OK
2026-07-29T16:03:29.395875+00:00,vets-service,vets-service-799f7d5b65-7wskt,2026-07-29T16:02:27.200056+00:00,DEBUG,ad3bac9e2cfbf042,b1809acceaa2984e,io-8080-exec-10,o.s.web.servlet.DispatcherServlet,"GET ""/vets"", parameters={}"
2026-07-29T16:03:29.395875+00:00,vets-service,vets-service-799f7d5b65-7wskt,2026-07-29T16:02:26.698908+00:00,DEBUG,2d9de95a01b3e192,19716e7aaf276546,nio-8080-exec-4,o.s.web.servlet.DispatcherServlet,Completed 200 OK
2026-07-29T16:03:29.395875+00:00,vets-service,vets-service-799f7d5b65-7wskt,2026-07-29T16:02:26.448222+00:00,DEBUG,2d9de95a01b3e192,0a2a4834c21dbc83,nio-8080-exec-4,o.s.web.servlet.DispatcherServlet,"GET ""/vets"", parameters={}"
2026-07-29T16:03:29.395875+00:00,vets-service,vets-service-799f7d5b65-7wskt,2026-07-29T16:02:24.694527+00:00,DEBUG,6de676d49ce7ad6e,52ac6e47014de822,io-8080-exec-12,o.s.web.servlet.DispatcherServlet,Completed 200 OK
2026-07-29T16:03:29.395875+00:00,vets-service,vets-service-799f7d5b65-7wskt,2026-07-29T16:02:24.694523+00:00,DEBUG,6de676d49ce7ad6e,50abb6f1b6ce7431,io-8080-exec-12,o.s.web.servlet.DispatcherServlet,"GET ""/vets"", parameters={}"
2026-07-29T16:03:29.395875+00:00,vets-service,vets-service-799f7d5b65-vzxc7,2026-07-29T16:03:28.845439+00:00,DEBUG,ad5b75086fae8c62,ccc98bc3a48dbf1f,io-8080-exec-18,o.s.web.servlet.DispatcherServlet,"GET ""/vets"", parameters={}"
2026-07-29T16:03:29.395875+00:00,vets-service,vets-service-799f7d5b65-vzxc7,2026-07-29T16:03:28.594413+00:00,DEBUG,65905058baa743aa,d8efb2c4289a427f,nio-8080-exec-3,o.s.web.servlet.DispatcherServlet,"GET ""/vets"", parameters={}"
2026-07-29T16:03:29.395875+00:00,vets-service,vets-service-799f7d5b65-vzxc7,2026-07-29T16:03:27.590605+00:00,DEBUG,0f7e133649cecfbf,e71f76238cb09546,nio-8080-exec-8,o.s.web.servlet.DispatcherServlet,Completed 200 OK
2026-07-29T16:03:29.395875+00:00,vets-service,vets-service-799f7d5b65-vzxc7,2026-07-29T16:03:27.089175+00:00,DEBUG,f42f501f10741a1e,f26e8bbcbb9a6455,io-8080-exec-19,o.s.web.servlet.DispatcherServlet,Completed 200 OK
2026-07-29T16:03:29.395875+00:00,vets-service,vets-service-799f7d5b65-vzxc7,2026-07-29T16:03:26.838173+00:00,DEBUG,b05225213d6115d9,65a4fcd939fee9b2,io-8080-exec-20,o.s.web.servlet.DispatcherServlet,Completed 200 OK
2026-07-29T16:03:29.395875+00:00,vets-service,vets-service-799f7d5b65-vzxc7,2026-07-29T16:03:26.838151+00:00,DEBUG,8378df2f086fdf36,8378df2f086fdf36,nio-8080-exec-9,o.s.web.servlet.DispatcherServlet,Completed 200 OK
2026-07-29T16:03:29.395875+00:00,vets-service,vets-service-799f7d5b65-vzxc7,2026-07-29T16:03:26.838121+00:00,DEBUG,0f7e133649cecfbf,036f9f2f8858881a,nio-8080-exec-8,o.s.web.servlet.DispatcherServlet,"GET ""/vets"", parameters={}"
2026-07-29T16:03:29.395875+00:00,vets-service,vets-service-799f7d5b65-vzxc7,2026-07-29T16:03:26.336087+00:00,DEBUG,f42f501f10741a1e,cf01e10928835fb7,io-8080-exec-19,o.s.web.servlet.DispatcherServlet,"GET ""/vets"", parameters={}"
2026-07-29T16:03:29.395875+00:00,vets-service,vets-service-799f7d5b65-vzxc7,2026-07-29T16:03:26.085201+00:00,DEBUG,b05225213d6115d9,ac85cac7cf68b21b,io-8080-exec-20,o.s.web.servlet.DispatcherServlet,"GET ""/vets"", parameters={}"
2026-07-29T16:03:29.395875+00:00,vets-service,vets-service-799f7d5b65-vzxc7,2026-07-29T16:03:25.333082+00:00,DEBUG,4b76b8ea7c8e2ccc,4b76b8ea7c8e2ccc,io-8080-exec-15,o.s.web.servlet.DispatcherServlet,Completed 200 OK
2026-07-29T16:03:29.395875+00:00,vets-service,vets-service-799f7d5b65-vzxc7,2026-07-29T16:03:23.827763+00:00,DEBUG,1ba3556863b542e5,49f1eb09161debf7,io-8080-exec-17,o.s.web.servlet.DispatcherServlet,Completed 200 OK
2026-07-29T16:03:29.395875+00:00,vets-service,vets-service-799f7d5b65-vzxc7,2026-07-29T16:03:23.827759+00:00,DEBUG,1ba3556863b542e5,8e2136432dd5f2c5,io-8080-exec-17,o.s.web.servlet.DispatcherServlet,"GET ""/vets"", parameters={}"
2026-07-29T16:03:29.395875+00:00,vets-service,vets-service-799f7d5b65-vzxc7,2026-07-29T16:03:23.576964+00:00,DEBUG,52767fa3c8f6a192,2ac882b6af5a8260,nio-8080-exec-5,o.s.web.servlet.DispatcherServlet,Completed 200 OK
2026-07-29T16:03:29.395875+00:00,vets-service,vets-service-799f7d5b65-vzxc7,2026-07-29T16:03:23.325971+00:00,DEBUG,52767fa3c8f6a192,5d32961a0cd4e368,nio-8080-exec-5,o.s.web.servlet.DispatcherServlet,"GET ""/vets"", parameters={}"
2026-07-29T16:03:29.395875+00:00,vets-service,vets-service-799f7d5b65-vzxc7,2026-07-29T16:03:23.325948+00:00,DEBUG,71dc0e587f6330ca,ec9234b54be6ad83,io-8080-exec-21,o.s.web.servlet.DispatcherServlet,Completed 200 OK
2026-07-29T16:03:29.395875+00:00,vets-service,vets-service-799f7d5b65-vzxc7,2026-07-29T16:03:23.325945+00:00,DEBUG,71dc0e587f6330ca,99bbdfc110f8ebca,io-8080-exec-21,o.s.web.servlet.DispatcherServlet,"GET ""/vets"", parameters={}"
2026-07-29T16:03:29.395875+00:00,vets-service,vets-service-799f7d5b65-vzxc7,2026-07-29T16:03:21.320102+00:00,DEBUG,4a3e9d8492582725,4a3e9d8492582725,io-8080-exec-18,o.s.web.servlet.DispatcherServlet,Completed 200 OK
2026-07-29T16:03:29.395875+00:00,vets-service,vets-service-799f7d5b65-vzxc7,2026-07-29T16:03:20.067328+00:00,DEBUG,3daac2bd81e15a05,f511af6999a97fb2,nio-8080-exec-3,o.s.web.servlet.DispatcherServlet,Completed 200 OK
2026-07-29T16:03:29.395875+00:00,vets-service,vets-service-799f7d5b65-vzxc7,2026-07-29T16:03:19.565495+00:00,DEBUG,3daac2bd81e15a05,2ce57d41908540ac,nio-8080-exec-3,o.s.web.servlet.DispatcherServlet,"GET ""/vets"", parameters={}"
2026-07-29T16:03:29.395875+00:00,vets-service,vets-service-799f7d5b65-vzxc7,2026-07-29T16:03:19.314171+00:00,DEBUG,1ec96a5ea6649a2a,0bc7bb59b3872aab,nio-8080-exec-9,o.s.web.servlet.DispatcherServlet,Completed 200 OK
2026-07-29T16:03:29.395875+00:00,vets-service,vets-service-799f7d5b65-vzxc7,2026-07-29T16:03:18.812320+00:00,DEBUG,db5599ed15041df1,13b612202044821d,nio-8080-exec-8,o.s.web.servlet.DispatcherServlet,Completed 200 OK
2026-07-29T16:03:29.395875+00:00,vets-service,vets-service-799f7d5b65-vzxc7,2026-07-29T16:03:18.562159+00:00,DEBUG,1ec96a5ea6649a2a,8b00db2122f6c3a6,nio-8080-exec-9,o.s.web.servlet.DispatcherServlet,"GET ""/vets"", parameters={}"
2026-07-29T16:03:29.395875+00:00,vets-service,vets-service-799f7d5b65-vzxc7,2026-07-29T16:03:18.060156+00:00,DEBUG,db5599ed15041df1,7c1768445ba9c459,nio-8080-exec-8,o.s.web.servlet.DispatcherServlet,"GET ""/vets"", parameters={}"
2026-07-29T16:03:29.395875+00:00,vets-service,vets-service-799f7d5b65-vzxc7,2026-07-29T16:03:17.558465+00:00,DEBUG,b475ff07ac7b1598,760e6b1be60cdacd,io-8080-exec-19,o.s.web.servlet.DispatcherServlet,Completed 200 OK
2026-07-29T16:03:29.395875+00:00,vets-service,vets-service-799f7d5b65-vzxc7,2026-07-29T16:03:16.806712+00:00,DEBUG,b475ff07ac7b1598,6ad0ddf88ecc0b14,io-8080-exec-19,o.s.web.servlet.DispatcherServlet,"GET ""/vets"", parameters={}"
2026-07-29T16:03:29.395875+00:00,vets-service,vets-service-799f7d5b65-vzxc7,2026-07-29T16:03:16.806709+00:00,DEBUG,66aab7760117ace2,2f0c2cd79b525c8a,io-8080-exec-20,o.s.web.servlet.DispatcherServlet,Completed 200 OK
2026-07-29T16:03:29.395875+00:00,vets-service,vets-service-799f7d5b65-vzxc7,2026-07-29T16:03:16.305697+00:00,DEBUG,81f39854d1b1f3c4,3a6a7e7c8b8d2e59,io-8080-exec-15,o.s.web.servlet.DispatcherServlet,Completed 200 OK
2026-07-29T16:03:29.395875+00:00,vets-service,vets-service-799f7d5b65-vzxc7,2026-07-29T16:03:16.054993+00:00,DEBUG,66aab7760117ace2,78ec2d8ac32bd512,io-8080-exec-20,o.s.web.servlet.DispatcherServlet,"GET ""/vets"", parameters={}"
2026-07-29T16:03:29.395875+00:00,vets-service,vets-service-799f7d5b65-vzxc7,2026-07-29T16:03:15.553208+00:00,DEBUG,81f39854d1b1f3c4,de2a4a49e6b8a588,io-8080-exec-15,o.s.web.servlet.DispatcherServlet,"GET ""/vets"", parameters={}"
2026-07-29T16:03:29.395875+00:00,vets-service,vets-service-799f7d5b65-vzxc7,2026-07-29T16:03:12.796225+00:00,DEBUG,b3fc821e1211aae2,ae4fe4089451c55e,io-8080-exec-17,o.s.web.servlet.DispatcherServlet,Completed 200 OK
2026-07-29T16:03:29.395875+00:00,vets-service,vets-service-799f7d5b65-vzxc7,2026-07-29T16:03:12.044016+00:00,DEBUG,b3fc821e1211aae2,7ba2bd569532aea2,io-8080-exec-17,o.s.web.servlet.DispatcherServlet,"GET ""/vets"", parameters={}"
2026-07-29T16:03:29.395875+00:00,vets-service,vets-service-799f7d5b65-vzxc7,2026-07-29T16:03:11.291244+00:00,DEBUG,1fbae9c18be76760,467616d5d4ca16d8,nio-8080-exec-5,o.s.web.servlet.DispatcherServlet,Completed 200 OK
2026-07-29T16:03:29.395875+00:00,vets-service,vets-service-799f7d5b65-vzxc7,2026-07-29T16:03:11.040867+00:00,DEBUG,1fbae9c18be76760,b805d39d8c52f10f,nio-8080-exec-5,o.s.web.servlet.DispatcherServlet,"GET ""/vets"", parameters={}"
2026-07-29T16:03:29.395875+00:00,vets-service,vets-service-799f7d5b65-vzxc7,2026-07-29T16:03:10.287933+00:00,DEBUG,94893f3025c7e9cf,94893f3025c7e9cf,io-8080-exec-21,o.s.web.servlet.DispatcherServlet,Completed 200 OK
2026-07-29T16:03:29.395875+00:00,vets-service,vets-service-799f7d5b65-vzxc7,2026-07-29T16:03:09.786428+00:00,DEBUG,d98f26658146bcf0,7780f6cd6379cf61,io-8080-exec-18,o.s.web.servlet.DispatcherServlet,Completed 200 OK
2026-07-29T16:03:29.395875+00:00,vets-service,vets-service-799f7d5b65-vzxc7,2026-07-29T16:03:09.535290+00:00,DEBUG,d98f26658146bcf0,0806fdd2958efc7f,io-8080-exec-18,o.s.web.servlet.DispatcherServlet,"GET ""/vets"", parameters={}"
2026-07-29T16:03:29.395875+00:00,vets-service,vets-service-799f7d5b65-vzxc7,2026-07-29T16:03:08.029638+00:00,DEBUG,126a1f64172ce86f,c14f5e8e0ad3c7ba,nio-8080-exec-3,o.s.web.servlet.DispatcherServlet,Completed 200 OK
2026-07-29T16:03:29.395875+00:00,vets-service,vets-service-799f7d5b65-vzxc7,2026-07-29T16:03:08.029634+00:00,DEBUG,126a1f64172ce86f,d3ec143bae1d5354,nio-8080-exec-3,o.s.web.servlet.DispatcherServlet,"GET ""/vets"", parameters={}"
2026-07-29T16:03:29.395875+00:00,vets-service,vets-service-799f7d5b65-vzxc7,2026-07-29T16:03:07.527560+00:00,DEBUG,864e1664394300ed,2728422313f6d2eb,nio-8080-exec-9,o.s.web.servlet.DispatcherServlet,Completed 200 OK
2026-07-29T16:03:29.395875+00:00,vets-service,vets-service-799f7d5b65-vzxc7,2026-07-29T16:03:07.527557+00:00,DEBUG,864e1664394300ed,645b937f4feadc48,nio-8080-exec-9,o.s.web.servlet.DispatcherServlet,"GET ""/vets"", parameters={}"
2026-07-29T16:03:29.395875+00:00,vets-service,vets-service-799f7d5b65-vzxc7,2026-07-29T16:03:06.775280+00:00,DEBUG,b13b3f0b826c664c,b13b3f0b826c664c,nio-8080-exec-8,o.s.web.servlet.DispatcherServlet,Completed 200 OK
2026-07-29T16:03:29.395875+00:00,vets-service,vets-service-799f7d5b65-vzxc7,2026-07-29T16:03:06.525134+00:00,DEBUG,fedba1404354eb58,fedba1404354eb58,io-8080-exec-19,o.s.web.servlet.DispatcherServlet,Completed 200 OK
2026-07-29T16:03:29.395875+00:00,vets-service,vets-service-799f7d5b65-vzxc7,2026-07-29T16:03:05.521922+00:00,DEBUG,0cc99aba794e9e04,31692c488ead9e31,io-8080-exec-20,o.s.web.servlet.DispatcherServlet,Completed 200 OK
2026-07-29T16:03:29.395875+00:00,vets-service,vets-service-799f7d5b65-vzxc7,2026-07-29T16:03:05.521919+00:00,DEBUG,0cc99aba794e9e04,c0ec2d9a828e6cdf,io-8080-exec-20,o.s.web.servlet.DispatcherServlet,"GET ""/vets"", parameters={}"
2026-07-29T16:03:29.395875+00:00,vets-service,vets-service-799f7d5b65-vzxc7,2026-07-29T16:03:02.511485+00:00,DEBUG,73c67a17a5dc0b55,57dd7d4a86c433ea,io-8080-exec-15,o.s.web.servlet.DispatcherServlet,Completed 200 OK
2026-07-29T16:03:29.395875+00:00,vets-service,vets-service-799f7d5b65-vzxc7,2026-07-29T16:03:02.511481+00:00,DEBUG,73c67a17a5dc0b55,279b1ac8131a887f,io-8080-exec-15,o.s.web.servlet.DispatcherServlet,"GET ""/vets"", parameters={}"
2026-07-29T16:03:29.395875+00:00,vets-service,vets-service-799f7d5b65-vzxc7,2026-07-29T16:03:02.009803+00:00,DEBUG,e4a31db168233072,1346f3b60357c3e6,io-8080-exec-17,o.s.web.servlet.DispatcherServlet,Completed 200 OK
2026-07-29T16:03:29.395875+00:00,vets-service,vets-service-799f7d5b65-vzxc7,2026-07-29T16:03:01.759430+00:00,DEBUG,e4a31db168233072,c044272df5b18cfc,io-8080-exec-17,o.s.web.servlet.DispatcherServlet,"GET ""/vets"", parameters={}"
2026-07-29T16:03:29.395875+00:00,vets-service,vets-service-799f7d5b65-vzxc7,2026-07-29T16:03:01.258139+00:00,DEBUG,9d3976af88234e9a,a30f2659d4ca8709,nio-8080-exec-5,o.s.web.servlet.DispatcherServlet,Completed 200 OK
2026-07-29T16:03:29.395875+00:00,vets-service,vets-service-799f7d5b65-vzxc7,2026-07-29T16:03:01.007291+00:00,DEBUG,9d3976af88234e9a,522620505e814dce,nio-8080-exec-5,o.s.web.servlet.DispatcherServlet,"GET ""/vets"", parameters={}"
2026-07-29T16:03:29.395875+00:00,vets-service,vets-service-799f7d5b65-vzxc7,2026-07-29T16:02:58.000412+00:00,DEBUG,271ebe6665357edc,74abe440f6b0c7b7,io-8080-exec-21,o.s.web.servlet.DispatcherServlet,Completed 200 OK
2026-07-29T16:03:29.395875+00:00,vets-service,vets-service-799f7d5b65-vzxc7,2026-07-29T16:02:57.749979+00:00,DEBUG,271ebe6665357edc,c02c4a8e01a18e37,io-8080-exec-21,o.s.web.servlet.DispatcherServlet,"GET ""/vets"", parameters={}"
2026-07-29T16:03:29.395875+00:00,vets-service,vets-service-799f7d5b65-vzxc7,2026-07-29T16:02:57.749975+00:00,DEBUG,7d8f0aaa09e94f1c,f1d70ac3ae0f610b,io-8080-exec-18,o.s.web.servlet.DispatcherServlet,Completed 200 OK
2026-07-29T16:03:29.395875+00:00,vets-service,vets-service-799f7d5b65-vzxc7,2026-07-29T16:02:57.498743+00:00,DEBUG,7d8f0aaa09e94f1c,aa83c9a59c57645c,io-8080-exec-18,o.s.web.servlet.DispatcherServlet,"GET ""/vets"", parameters={}"
2026-07-29T16:03:29.395875+00:00,vets-service,vets-service-799f7d5b65-vzxc7,2026-07-29T16:02:56.996818+00:00,DEBUG,9989cdaa8d4ee43e,b4bfb24b40f373ad,nio-8080-exec-3,o.s.web.servlet.DispatcherServlet,Completed 200 OK
2026-07-29T16:03:29.395875+00:00,vets-service,vets-service-799f7d5b65-vzxc7,2026-07-29T16:02:56.996814+00:00,DEBUG,9989cdaa8d4ee43e,9d08e332644f82b0,nio-8080-exec-3,o.s.web.servlet.DispatcherServlet,"GET ""/vets"", parameters={}"
2026-07-29T16:03:29.395875+00:00,vets-service,vets-service-799f7d5b65-vzxc7,2026-07-29T16:02:55.493384+00:00,DEBUG,4d4681662f1c23a4,4d4681662f1c23a4,nio-8080-exec-9,o.s.web.servlet.DispatcherServlet,Completed 200 OK
2026-07-29T16:03:29.395875+00:00,vets-service,vets-service-799f7d5b65-vzxc7,2026-07-29T16:02:55.242700+00:00,DEBUG,ed6361f869ad7036,5bae3bea0e7ec6d9,nio-8080-exec-8,o.s.web.servlet.DispatcherServlet,Completed 200 OK
2026-07-29T16:03:29.395875+00:00,vets-service,vets-service-799f7d5b65-vzxc7,2026-07-29T16:02:54.992414+00:00,DEBUG,ed6361f869ad7036,4d1a5b550432aff6,nio-8080-exec-8,o.s.web.servlet.DispatcherServlet,"GET ""/vets"", parameters={}"
2026-07-29T16:03:29.395875+00:00,vets-service,vets-service-799f7d5b65-vzxc7,2026-07-29T16:02:54.741408+00:00,DEBUG,c6d60e8621a200e6,8c1ac607edfb1ba5,io-8080-exec-19,o.s.web.servlet.DispatcherServlet,Completed 200 OK
2026-07-29T16:03:29.395875+00:00,vets-service,vets-service-799f7d5b65-vzxc7,2026-07-29T16:02:54.490458+00:00,DEBUG,c6d60e8621a200e6,348aa20f29a22a71,io-8080-exec-19,o.s.web.servlet.DispatcherServlet,"GET ""/vets"", parameters={}"
2026-07-29T16:03:29.395875+00:00,vets-service,vets-service-799f7d5b65-vzxc7,2026-07-29T16:02:52.735243+00:00,DEBUG,af64c339a39f235f,3c9d4830110ab4be,io-8080-exec-20,o.s.web.servlet.DispatcherServlet,Completed 200 OK
2026-07-29T16:03:29.395875+00:00,vets-service,vets-service-799f7d5b65-vzxc7,2026-07-29T16:02:52.483936+00:00,DEBUG,af64c339a39f235f,78ca1650fa432dd9,io-8080-exec-20,o.s.web.servlet.DispatcherServlet,"GET ""/vets"", parameters={}"
2026-07-29T16:03:29.395875+00:00,vets-service,vets-service-799f7d5b65-vzxc7,2026-07-29T16:02:52.233088+00:00,DEBUG,8a66bc4231ea1ca0,e2909647c4a3cad7,io-8080-exec-15,o.s.web.servlet.DispatcherServlet,Completed 200 OK
2026-07-29T16:03:29.395875+00:00,vets-service,vets-service-799f7d5b65-vzxc7,2026-07-29T16:02:52.233076+00:00,DEBUG,8a66bc4231ea1ca0,a2c6b8a4b893a87f,io-8080-exec-15,o.s.web.servlet.DispatcherServlet,"GET ""/vets"", parameters={}"
2026-07-29T16:03:29.395875+00:00,vets-service,vets-service-799f7d5b65-vzxc7,2026-07-29T16:02:51.480293+00:00,DEBUG,c9c14592daf35123,c9c14592daf35123,io-8080-exec-17,o.s.web.servlet.DispatcherServlet,Completed 200 OK
2026-07-29T16:03:29.395875+00:00,vets-service,vets-service-799f7d5b65-vzxc7,2026-07-29T16:02:51.480264+00:00,DEBUG,0f7b9f6c0bbc0d55,24e40a9f99f36d95,nio-8080-exec-5,o.s.web.servlet.DispatcherServlet,Completed 200 OK
2026-07-29T16:03:29.395875+00:00,vets-service,vets-service-799f7d5b65-vzxc7,2026-07-29T16:02:51.229836+00:00,DEBUG,0f7b9f6c0bbc0d55,194fc539d241878f,nio-8080-exec-5,o.s.web.servlet.DispatcherServlet,"GET ""/vets"", parameters={}"
2026-07-29T16:03:29.395875+00:00,vets-service,vets-service-799f7d5b65-vzxc7,2026-07-29T16:02:51.229815+00:00,DEBUG,70b2d994acf2b6c9,c82ab28fe9533a8e,io-8080-exec-21,o.s.web.servlet.DispatcherServlet,Completed 200 OK
2026-07-29T16:03:29.395875+00:00,vets-service,vets-service-799f7d5b65-vzxc7,2026-07-29T16:02:51.229812+00:00,DEBUG,70b2d994acf2b6c9,4222361e53b69667,io-8080-exec-21,o.s.web.servlet.DispatcherServlet,"GET ""/vets"", parameters={}"
2026-07-29T16:03:29.395875+00:00,vets-service,vets-service-799f7d5b65-vzxc7,2026-07-29T16:02:49.224080+00:00,DEBUG,27baf2db30f0e8c3,cf409e79a44e98e7,io-8080-exec-18,o.s.web.servlet.DispatcherServlet,Completed 200 OK
2026-07-29T16:03:29.395875+00:00,vets-service,vets-service-799f7d5b65-vzxc7,2026-07-29T16:02:49.224076+00:00,DEBUG,27baf2db30f0e8c3,c4bd2b571106ad6b,io-8080-exec-18,o.s.web.servlet.DispatcherServlet,"GET ""/vets"", parameters={}"
2026-07-29T16:03:29.395875+00:00,vets-service,vets-service-799f7d5b65-vzxc7,2026-07-29T16:02:47.469190+00:00,DEBUG,41c4ecd5ce759f67,3662948256adffcc,nio-8080-exec-3,o.s.web.servlet.DispatcherServlet,Completed 200 OK
2026-07-29T16:03:29.395875+00:00,vets-service,vets-service-799f7d5b65-vzxc7,2026-07-29T16:02:47.469186+00:00,DEBUG,41c4ecd5ce759f67,9ea4221642ead6c2,nio-8080-exec-3,o.s.web.servlet.DispatcherServlet,"GET ""/vets"", parameters={}"
2026-07-29T16:03:29.395875+00:00,vets-service,vets-service-799f7d5b65-vzxc7,2026-07-29T16:02:46.717039+00:00,DEBUG,33f6f348b9cd3e1c,33f6f348b9cd3e1c,nio-8080-exec-9,o.s.web.servlet.DispatcherServlet,Completed 200 OK
2026-07-29T16:03:29.395875+00:00,vets-service,vets-service-799f7d5b65-vzxc7,2026-07-29T16:02:46.717003+00:00,DEBUG,01036edd3b9843e2,85a7f417d74e5ff1,nio-8080-exec-8,o.s.web.servlet.DispatcherServlet,Completed 200 OK
2026-07-29T16:03:29.395875+00:00,vets-service,vets-service-799f7d5b65-vzxc7,2026-07-29T16:02:46.717000+00:00,DEBUG,01036edd3b9843e2,9305047dc9ab86f1,nio-8080-exec-8,o.s.web.servlet.DispatcherServlet,"GET ""/vets"", parameters={}"
2026-07-29T16:03:29.395875+00:00,vets-service,vets-service-799f7d5b65-vzxc7,2026-07-29T16:02:45.464073+00:00,DEBUG,7ca70eb7925fe375,c4eea790a0d57745,io-8080-exec-19,o.s.web.servlet.DispatcherServlet,Completed 200 OK
2026-07-29T16:03:29.395875+00:00,vets-service,vets-service-799f7d5b65-vzxc7,2026-07-29T16:02:45.213032+00:00,DEBUG,7ca70eb7925fe375,153fe07963b82762,io-8080-exec-19,o.s.web.servlet.DispatcherServlet,"GET ""/vets"", parameters={}"
2026-07-29T16:03:29.395875+00:00,vets-service,vets-service-799f7d5b65-vzxc7,2026-07-29T16:02:43.960958+00:00,DEBUG,878a798e60478d88,972279fb9c041eec,io-8080-exec-20,o.s.web.servlet.DispatcherServlet,Completed 200 OK
2026-07-29T16:03:29.395875+00:00,vets-service,vets-service-799f7d5b65-vzxc7,2026-07-29T16:02:43.709849+00:00,DEBUG,878a798e60478d88,4e9e366007adb927,io-8080-exec-20,o.s.web.servlet.DispatcherServlet,"GET ""/vets"", parameters={}"
2026-07-29T16:03:29.395875+00:00,vets-service,vets-service-799f7d5b65-vzxc7,2026-07-29T16:02:43.459601+00:00,DEBUG,db79d600405cb1c4,890f511730ab17a1,io-8080-exec-15,o.s.web.servlet.DispatcherServlet,Completed 200 OK
2026-07-29T16:03:29.395875+00:00,vets-service,vets-service-799f7d5b65-vzxc7,2026-07-29T16:02:43.459597+00:00,DEBUG,db79d600405cb1c4,b2e17d4dab13e685,io-8080-exec-15,o.s.web.servlet.DispatcherServlet,"GET ""/vets"", parameters={}"
2026-07-29T16:03:29.395875+00:00,vets-service,vets-service-799f7d5b65-vzxc7,2026-07-29T16:02:42.205634+00:00,DEBUG,20004fe341349429,dc93cd6cee2fc11a,io-8080-exec-17,o.s.web.servlet.DispatcherServlet,Completed 200 OK
2026-07-29T16:03:29.395875+00:00,vets-service,vets-service-799f7d5b65-vzxc7,2026-07-29T16:02:41.955399+00:00,DEBUG,20004fe341349429,c1c30fb50eabb830,io-8080-exec-17,o.s.web.servlet.DispatcherServlet,"GET ""/vets"", parameters={}"
2026-07-29T16:03:29.395875+00:00,vets-service,vets-service-799f7d5b65-vzxc7,2026-07-29T16:02:41.955395+00:00,DEBUG,ffa088faac878acd,412b14a856685914,nio-8080-exec-5,o.s.web.servlet.DispatcherServlet,Completed 200 OK
2026-07-29T16:03:29.395875+00:00,vets-service,vets-service-799f7d5b65-vzxc7,2026-07-29T16:02:41.704902+00:00,DEBUG,ffa088faac878acd,6719c4e4d7bcf1cd,nio-8080-exec-5,o.s.web.servlet.DispatcherServlet,"GET ""/vets"", parameters={}"
2026-07-29T16:03:29.395875+00:00,vets-service,vets-service-799f7d5b65-vzxc7,2026-07-29T16:02:41.203518+00:00,DEBUG,eba468609085101d,c5e7ff034374cfd3,io-8080-exec-21,o.s.web.servlet.DispatcherServlet,Completed 200 OK
2026-07-29T16:03:29.395875+00:00,vets-service,vets-service-799f7d5b65-vzxc7,2026-07-29T16:02:40.702410+00:00,DEBUG,eba468609085101d,c416b16098391fbc,io-8080-exec-21,o.s.web.servlet.DispatcherServlet,"GET ""/vets"", parameters={}"
2026-07-29T16:03:29.395875+00:00,vets-service,vets-service-799f7d5b65-vzxc7,2026-07-29T16:02:40.451249+00:00,DEBUG,ff6f51c909ad360e,ff6f51c909ad360e,io-8080-exec-18,o.s.web.servlet.DispatcherServlet,Completed 200 OK
2026-07-29T16:03:29.395875+00:00,vets-service,vets-service-799f7d5b65-vzxc7,2026-07-29T16:02:39.949063+00:00,DEBUG,67a1af25b207406b,e7f2f76388de031b,nio-8080-exec-9,o.s.web.servlet.DispatcherServlet,Completed 200 OK
2026-07-29T16:03:29.395875+00:00,vets-service,vets-service-799f7d5b65-vzxc7,2026-07-29T16:02:39.949017+00:00,DEBUG,2bbc2d929d0ea011,a784d3fc624dce86,nio-8080-exec-3,o.s.web.servlet.DispatcherServlet,Completed 200 OK
2026-07-29T16:03:29.395875+00:00,vets-service,vets-service-799f7d5b65-vzxc7,2026-07-29T16:02:39.948982+00:00,DEBUG,b7ba99321e0c3fa6,5836ab1f48c31007,nio-8080-exec-8,o.s.web.servlet.DispatcherServlet,Completed 200 OK
2026-07-29T16:03:29.395875+00:00,vets-service,vets-service-799f7d5b65-vzxc7,2026-07-29T16:02:39.196578+00:00,DEBUG,2bbc2d929d0ea011,3978a92cf4ad83c6,nio-8080-exec-3,o.s.web.servlet.DispatcherServlet,"GET ""/vets"", parameters={}"
2026-07-29T16:03:29.395875+00:00,vets-service,vets-service-799f7d5b65-vzxc7,2026-07-29T16:02:39.196574+00:00,DEBUG,67a1af25b207406b,73038efd89daf68f,nio-8080-exec-9,o.s.web.servlet.DispatcherServlet,"GET ""/vets"", parameters={}"
2026-07-29T16:03:29.395875+00:00,vets-service,vets-service-799f7d5b65-vzxc7,2026-07-29T16:02:38.946407+00:00,DEBUG,b7ba99321e0c3fa6,68630eeda421deda,nio-8080-exec-8,o.s.web.servlet.DispatcherServlet,"GET ""/vets"", parameters={}"
2026-07-29T16:03:29.395875+00:00,vets-service,vets-service-799f7d5b65-vzxc7,2026-07-29T16:02:36.439942+00:00,DEBUG,a05de323677adfc3,a05de323677adfc3,io-8080-exec-19,o.s.web.servlet.DispatcherServlet,Completed 200 OK
2026-07-29T16:03:29.395875+00:00,vets-service,vets-service-799f7d5b65-vzxc7,2026-07-29T16:02:36.439910+00:00,DEBUG,614286c7ac79644d,892597774ff7936c,io-8080-exec-20,o.s.web.servlet.DispatcherServlet,Completed 200 OK
2026-07-29T16:03:29.395875+00:00,vets-service,vets-service-799f7d5b65-vzxc7,2026-07-29T16:02:36.189284+00:00,DEBUG,614286c7ac79644d,31b1fc05672756c0,io-8080-exec-20,o.s.web.servlet.DispatcherServlet,"GET ""/vets"", parameters={}"
2026-07-29T16:03:29.395875+00:00,vets-service,vets-service-799f7d5b65-vzxc7,2026-07-29T16:02:36.189279+00:00,DEBUG,e1b95bb489bc9b88,527867a611866c54,io-8080-exec-15,o.s.web.servlet.DispatcherServlet,Completed 200 OK
2026-07-29T16:03:29.395875+00:00,vets-service,vets-service-799f7d5b65-vzxc7,2026-07-29T16:02:35.938358+00:00,DEBUG,e1b95bb489bc9b88,618bfabf7d34326d,io-8080-exec-15,o.s.web.servlet.DispatcherServlet,"GET ""/vets"", parameters={}"
2026-07-29T16:03:29.395875+00:00,vets-service,vets-service-799f7d5b65-vzxc7,2026-07-29T16:02:35.687279+00:00,DEBUG,6b094ebd6984008d,fe4440b5cc821ed4,io-8080-exec-17,o.s.web.servlet.DispatcherServlet,Completed 200 OK
2026-07-29T16:03:29.395875+00:00,vets-service,vets-service-799f7d5b65-vzxc7,2026-07-29T16:02:35.436358+00:00,DEBUG,6b094ebd6984008d,f776afab1885e8cd,io-8080-exec-17,o.s.web.servlet.DispatcherServlet,"GET ""/vets"", parameters={}"
2026-07-29T16:03:29.395875+00:00,vets-service,vets-service-799f7d5b65-vzxc7,2026-07-29T16:02:33.679275+00:00,DEBUG,c70a15856c6d4159,03ba6996f3593d7d,nio-8080-exec-5,o.s.web.servlet.DispatcherServlet,Completed 200 OK
2026-07-29T16:03:29.395875+00:00,vets-service,vets-service-799f7d5b65-vzxc7,2026-07-29T16:02:33.679270+00:00,DEBUG,c70a15856c6d4159,22281ea3ef1eae87,nio-8080-exec-5,o.s.web.servlet.DispatcherServlet,"GET ""/vets"", parameters={}"
2026-07-29T16:03:29.395875+00:00,vets-service,vets-service-799f7d5b65-vzxc7,2026-07-29T16:02:31.924765+00:00,DEBUG,4a01383c2f969ea9,2b2c50a57955f29a,io-8080-exec-21,o.s.web.servlet.DispatcherServlet,Completed 200 OK
2026-07-29T16:03:29.395875+00:00,vets-service,vets-service-799f7d5b65-vzxc7,2026-07-29T16:02:31.674727+00:00,DEBUG,4a01383c2f969ea9,a7a8b273bf3fcf57,io-8080-exec-21,o.s.web.servlet.DispatcherServlet,"GET ""/vets"", parameters={}"
2026-07-29T16:03:29.395875+00:00,vets-service,vets-service-799f7d5b65-vzxc7,2026-07-29T16:02:31.423822+00:00,DEBUG,2d66982701dc4ad7,492251444f612914,io-8080-exec-18,o.s.web.servlet.DispatcherServlet,Completed 200 OK
2026-07-29T16:03:29.395875+00:00,vets-service,vets-service-799f7d5b65-vzxc7,2026-07-29T16:02:31.173002+00:00,DEBUG,2d66982701dc4ad7,be83c706935c072d,io-8080-exec-18,o.s.web.servlet.DispatcherServlet,"GET ""/vets"", parameters={}"
2026-07-29T16:03:29.395875+00:00,vets-service,vets-service-799f7d5b65-vzxc7,2026-07-29T16:02:29.418311+00:00,DEBUG,29252d1a02103c94,cabfc6bbe27c2771,nio-8080-exec-3,o.s.web.servlet.DispatcherServlet,Completed 200 OK
2026-07-29T16:03:29.395875+00:00,vets-service,vets-service-799f7d5b65-vzxc7,2026-07-29T16:02:29.167337+00:00,DEBUG,29252d1a02103c94,def50371eb0d5085,nio-8080-exec-3,o.s.web.servlet.DispatcherServlet,"GET ""/vets"", parameters={}"
2026-07-29T16:03:29.395875+00:00,vets-service,vets-service-799f7d5b65-vzxc7,2026-07-29T16:02:28.165097+00:00,DEBUG,35cce4dd61a43ac5,c7b0c80bcf06d0a3,nio-8080-exec-9,o.s.web.servlet.DispatcherServlet,Completed 200 OK
2026-07-29T16:03:29.395875+00:00,vets-service,vets-service-799f7d5b65-vzxc7,2026-07-29T16:02:27.914431+00:00,DEBUG,35cce4dd61a43ac5,db8b7974160eefe9,nio-8080-exec-9,o.s.web.servlet.DispatcherServlet,"GET ""/vets"", parameters={}"
2026-07-29T16:03:29.395875+00:00,vets-service,vets-service-799f7d5b65-vzxc7,2026-07-29T16:02:27.663861+00:00,DEBUG,3fd3afb3513a1371,a5eb19e9fa82a687,nio-8080-exec-8,o.s.web.servlet.DispatcherServlet,Completed 200 OK
2026-07-29T16:03:29.395875+00:00,vets-service,vets-service-799f7d5b65-vzxc7,2026-07-29T16:02:27.413384+00:00,DEBUG,3fd3afb3513a1371,00aa8bff42a27799,nio-8080-exec-8,o.s.web.servlet.DispatcherServlet,"GET ""/vets"", parameters={}"
2026-07-29T16:03:29.395875+00:00,vets-service,vets-service-799f7d5b65-vzxc7,2026-07-29T16:02:26.911438+00:00,DEBUG,132cbe97e91ed125,132cbe97e91ed125,io-8080-exec-19,o.s.web.servlet.DispatcherServlet,Completed 200 OK
2026-07-29T16:03:29.395875+00:00,vets-service,vets-service-799f7d5b65-vzxc7,2026-07-29T16:02:25.906522+00:00,DEBUG,b98ad51da0020e6c,eb08c16d59f6ec93,io-8080-exec-20,o.s.web.servlet.DispatcherServlet,Completed 200 OK
2026-07-29T16:03:29.395875+00:00,vets-service,vets-service-799f7d5b65-vzxc7,2026-07-29T16:02:25.656036+00:00,DEBUG,b98ad51da0020e6c,2728adc0caea5ba2,io-8080-exec-20,o.s.web.servlet.DispatcherServlet,"GET ""/vets"", parameters={}"
2026-07-29T16:03:29.395875+00:00,vets-service,vets-service-799f7d5b65-vzxc7,2026-07-29T16:02:25.656002+00:00,DEBUG,89d706b046505800,159ab7feb4888047,io-8080-exec-15,o.s.web.servlet.DispatcherServlet,Completed 200 OK
2026-07-29T16:03:29.395875+00:00,vets-service,vets-service-799f7d5b65-vzxc7,2026-07-29T16:02:25.655997+00:00,DEBUG,89d706b046505800,67ab714de7f71d5e,io-8080-exec-15,o.s.web.servlet.DispatcherServlet,"GET ""/vets"", parameters={}"
2026-07-29T16:03:29.395875+00:00,vets-service,vets-service-799f7d5b65-vzxc7,2026-07-29T16:02:25.404917+00:00,DEBUG,f9aa455138f56050,f9aa455138f56050,io-8080-exec-17,o.s.web.servlet.DispatcherServlet,Completed 200 OK
2026-07-29T16:03:29.395875+00:00,vets-service,vets-service-799f7d5b65-vzxc7,2026-07-29T16:02:25.154431+00:00,DEBUG,ad90c505eb122e69,d2ec17ae4e0196c3,nio-8080-exec-5,o.s.web.servlet.DispatcherServlet,Completed 200 OK
2026-07-29T16:03:29.395875+00:00,vets-service,vets-service-799f7d5b65-vzxc7,2026-07-29T16:02:24.904100+00:00,DEBUG,ad90c505eb122e69,82b8ad3ff41d67ca,nio-8080-exec-5,o.s.web.servlet.DispatcherServlet,"GET ""/vets"", parameters={}"
2026-07-29T16:03:29.395875+00:00,visits-service,visits-service-6868c8596f-9q28w,2026-07-29T16:03:20.441682+00:00,DEBUG,064e1cf844b742da,064e1cf844b742da,nio-8080-exec-5,o.s.web.servlet.DispatcherServlet,Completed 200 OK
2026-07-29T16:03:29.395875+00:00,visits-service,visits-service-6868c8596f-9q28w,2026-07-29T16:03:16.681065+00:00,DEBUG,3ad1df1d178be1da,3ad1df1d178be1da,nio-8080-exec-8,o.s.web.servlet.DispatcherServlet,Completed 200 OK
2026-07-29T16:03:29.395875+00:00,visits-service,visits-service-6868c8596f-9q28w,2026-07-29T16:03:15.928660+00:00,DEBUG,195093a18bde58c9,195093a18bde58c9,io-8080-exec-10,o.s.web.servlet.DispatcherServlet,Completed 200 OK
2026-07-29T16:03:29.395875+00:00,visits-service,visits-service-6868c8596f-9q28w,2026-07-29T16:03:05.395446+00:00,DEBUG,d0d456bf34d78546,d0d456bf34d78546,nio-8080-exec-1,o.s.web.servlet.DispatcherServlet,Completed 200 OK
2026-07-29T16:03:29.395875+00:00,visits-service,visits-service-6868c8596f-9q28w,2026-07-29T16:03:01.635748+00:00,DEBUG,a7895db782900816,a7895db782900816,nio-8080-exec-9,o.s.web.servlet.DispatcherServlet,Completed 200 OK
2026-07-29T16:03:29.395875+00:00,visits-service,visits-service-6868c8596f-9q28w,2026-07-29T16:02:55.866065+00:00,DEBUG,8b2e20fe21bea2b6,8b2e20fe21bea2b6,nio-8080-exec-6,o.s.web.servlet.DispatcherServlet,Completed 200 OK
2026-07-29T16:03:29.395875+00:00,visits-service,visits-service-6868c8596f-9q28w,2026-07-29T16:02:50.351046+00:00,DEBUG,1e8b30e29d35c4b1,1e8b30e29d35c4b1,nio-8080-exec-4,o.s.web.servlet.DispatcherServlet,Completed 200 OK
2026-07-29T16:03:29.395875+00:00,visits-service,visits-service-6868c8596f-9q28w,2026-07-29T16:02:46.590362+00:00,DEBUG,bf72a761c7f978ed,bf72a761c7f978ed,nio-8080-exec-7,o.s.web.servlet.DispatcherServlet,Completed 200 OK
2026-07-29T16:03:29.395875+00:00,visits-service,visits-service-6868c8596f-9q28w,2026-07-29T16:02:36.058132+00:00,DEBUG,1a14e4b19ac57eb5,1a14e4b19ac57eb5,nio-8080-exec-3,o.s.web.servlet.DispatcherServlet,Completed 200 OK
2026-07-29T16:03:29.395875+00:00,visits-service,visits-service-6868c8596f-9q28w,2026-07-29T16:02:35.306075+00:00,DEBUG,669dec05863b2223,669dec05863b2223,nio-8080-exec-2,o.s.web.servlet.DispatcherServlet,Completed 200 OK
2026-07-29T16:03:29.395875+00:00,visits-service,visits-service-6868c8596f-9q28w,2026-07-29T16:02:31.793325+00:00,DEBUG,d2b4fc4c35fa499f,d2b4fc4c35fa499f,nio-8080-exec-5,o.s.web.servlet.DispatcherServlet,Completed 200 OK
2026-07-29T16:03:29.395875+00:00,visits-service,visits-service-6868c8596f-t5sfr,2026-07-29T16:03:28.343048+00:00,DEBUG,f345c58ab39137e1,e9993c94a251aeae,nio-8080-exec-7,o.s.web.servlet.DispatcherServlet,Completed 200 OK
2026-07-29T16:03:29.395875+00:00,visits-service,visits-service-6868c8596f-t5sfr,2026-07-29T16:03:28.342983+00:00,DEBUG,43c544d85755d6f9,6b7694a7dafbe4fa,nio-8080-exec-3,o.s.web.servlet.DispatcherServlet,Completed 200 OK
2026-07-29T16:03:29.395875+00:00,visits-service,visits-service-6868c8596f-t5sfr,2026-07-29T16:03:28.342979+00:00,DEBUG,43c544d85755d6f9,6b7694a7dafbe4fa,nio-8080-exec-3,o.s.web.servlet.DispatcherServlet,"GET ""/owners/1/pets/1/visits"", parameters={}"
2026-07-29T16:03:29.395875+00:00,visits-service,visits-service-6868c8596f-t5sfr,2026-07-29T16:03:27.840857+00:00,DEBUG,f345c58ab39137e1,e9993c94a251aeae,nio-8080-exec-7,o.s.web.servlet.DispatcherServlet,"GET ""/owners/1/pets/1/visits"", parameters={}"
2026-07-29T16:03:29.395875+00:00,visits-service,visits-service-6868c8596f-t5sfr,2026-07-29T16:03:27.089323+00:00,DEBUG,4ece24e1c0177ad2,34ee47f87b8c488b,nio-8080-exec-4,o.s.web.servlet.DispatcherServlet,Completed 200 OK
2026-07-29T16:03:29.395875+00:00,visits-service,visits-service-6868c8596f-t5sfr,2026-07-29T16:03:26.838297+00:00,DEBUG,4ece24e1c0177ad2,34ee47f87b8c488b,nio-8080-exec-4,o.s.web.servlet.DispatcherServlet,"GET ""/owners/1/pets/1/visits"", parameters={}"
2026-07-29T16:03:29.395875+00:00,visits-service,visits-service-6868c8596f-t5sfr,2026-07-29T16:03:26.838273+00:00,DEBUG,010a7e21be38fe1f,010a7e21be38fe1f,nio-8080-exec-8,o.s.web.servlet.DispatcherServlet,Completed 200 OK
2026-07-29T16:03:29.395875+00:00,visits-service,visits-service-6868c8596f-t5sfr,2026-07-29T16:03:26.336179+00:00,DEBUG,cb8a9dcef9c83468,7d97379626f45194,nio-8080-exec-5,o.s.web.servlet.DispatcherServlet,Completed 200 OK
2026-07-29T16:03:29.395875+00:00,visits-service,visits-service-6868c8596f-t5sfr,2026-07-29T16:03:26.336175+00:00,DEBUG,cb8a9dcef9c83468,7d97379626f45194,nio-8080-exec-5,o.s.web.servlet.DispatcherServlet,"GET ""/owners/1/pets/1/visits"", parameters={}"
2026-07-29T16:03:29.395875+00:00,visits-service,visits-service-6868c8596f-t5sfr,2026-07-29T16:03:26.085080+00:00,DEBUG,02db768dbe4f1caf,f352767e8e3f702a,nio-8080-exec-6,o.s.web.servlet.DispatcherServlet,Completed 200 OK
2026-07-29T16:03:29.395875+00:00,visits-service,visits-service-6868c8596f-t5sfr,2026-07-29T16:03:25.835037+00:00,DEBUG,02db768dbe4f1caf,f352767e8e3f702a,nio-8080-exec-6,o.s.web.servlet.DispatcherServlet,"GET ""/owners/1/pets/1/visits"", parameters={}"
2026-07-29T16:03:29.395875+00:00,visits-service,visits-service-6868c8596f-t5sfr,2026-07-29T16:03:25.332952+00:00,DEBUG,88cfafe6f692c33e,88cfafe6f692c33e,io-8080-exec-10,o.s.web.servlet.DispatcherServlet,Completed 200 OK
2026-07-29T16:03:29.395875+00:00,visits-service,visits-service-6868c8596f-t5sfr,2026-07-29T16:03:25.332904+00:00,DEBUG,c29c74898d8c695c,789380edb1bf7023,nio-8080-exec-1,o.s.web.servlet.DispatcherServlet,Completed 200 OK
2026-07-29T16:03:29.395875+00:00,visits-service,visits-service-6868c8596f-t5sfr,2026-07-29T16:03:25.332900+00:00,DEBUG,c29c74898d8c695c,789380edb1bf7023,nio-8080-exec-1,o.s.web.servlet.DispatcherServlet,"GET ""/owners/1/pets/1/visits"", parameters={}"
2026-07-29T16:03:29.395875+00:00,visits-service,visits-service-6868c8596f-t5sfr,2026-07-29T16:03:24.831130+00:00,DEBUG,f688555d651356f0,6de18bd01cbe7ef6,nio-8080-exec-9,o.s.web.servlet.DispatcherServlet,Completed 200 OK
2026-07-29T16:03:29.395875+00:00,visits-service,visits-service-6868c8596f-t5sfr,2026-07-29T16:03:24.831126+00:00,DEBUG,f688555d651356f0,6de18bd01cbe7ef6,nio-8080-exec-9,o.s.web.servlet.DispatcherServlet,"GET ""/owners/1/pets/1/visits"", parameters={}"
2026-07-29T16:03:29.395875+00:00,visits-service,visits-service-6868c8596f-t5sfr,2026-07-29T16:03:24.077803+00:00,DEBUG,86dc9c5d176acf33,a535cfc66cee9415,nio-8080-exec-2,o.s.web.servlet.DispatcherServlet,Completed 200 OK
2026-07-29T16:03:29.395875+00:00,visits-service,visits-service-6868c8596f-t5sfr,2026-07-29T16:03:23.827569+00:00,DEBUG,86dc9c5d176acf33,a535cfc66cee9415,nio-8080-exec-2,o.s.web.servlet.DispatcherServlet,"GET ""/owners/1/pets/1/visits"", parameters={}"
2026-07-29T16:03:29.395875+00:00,visits-service,visits-service-6868c8596f-t5sfr,2026-07-29T16:03:20.819618+00:00,DEBUG,a8d4285d0991f4ec,c14307bee801c447,nio-8080-exec-3,o.s.web.servlet.DispatcherServlet,Completed 200 OK
2026-07-29T16:03:29.395875+00:00,visits-service,visits-service-6868c8596f-t5sfr,2026-07-29T16:03:20.819614+00:00,DEBUG,a8d4285d0991f4ec,c14307bee801c447,nio-8080-exec-3,o.s.web.servlet.DispatcherServlet,"GET ""/owners/1/pets/1/visits"", parameters={}"
2026-07-29T16:03:29.395875+00:00,visits-service,visits-service-6868c8596f-t5sfr,2026-07-29T16:03:20.569432+00:00,DEBUG,252b22e793900899,8915ff593c779b26,nio-8080-exec-7,o.s.web.servlet.DispatcherServlet,Completed 200 OK
2026-07-29T16:03:29.395875+00:00,visits-service,visits-service-6868c8596f-t5sfr,2026-07-29T16:03:20.318083+00:00,DEBUG,252b22e793900899,8915ff593c779b26,nio-8080-exec-7,o.s.web.servlet.DispatcherServlet,"GET ""/owners/1/pets/1/visits"", parameters={}"
2026-07-29T16:03:29.395875+00:00,visits-service,visits-service-6868c8596f-t5sfr,2026-07-29T16:03:19.816445+00:00,DEBUG,b296ea694ea464c4,338a1110d889bdd4,nio-8080-exec-4,o.s.web.servlet.DispatcherServlet,Completed 200 OK
2026-07-29T16:03:29.395875+00:00,visits-service,visits-service-6868c8596f-t5sfr,2026-07-29T16:03:19.565305+00:00,DEBUG,b296ea694ea464c4,338a1110d889bdd4,nio-8080-exec-4,o.s.web.servlet.DispatcherServlet,"GET ""/owners/1/pets/1/visits"", parameters={}"
2026-07-29T16:03:29.395875+00:00,visits-service,visits-service-6868c8596f-t5sfr,2026-07-29T16:03:19.314256+00:00,DEBUG,91bdd266eb89ad50,59d21f39c68009b7,nio-8080-exec-8,o.s.web.servlet.DispatcherServlet,Completed 200 OK
2026-07-29T16:03:29.395875+00:00,visits-service,visits-service-6868c8596f-t5sfr,2026-07-29T16:03:19.063577+00:00,DEBUG,91bdd266eb89ad50,59d21f39c68009b7,nio-8080-exec-8,o.s.web.servlet.DispatcherServlet,"GET ""/owners/1/pets/1/visits"", parameters={}"
2026-07-29T16:03:29.395875+00:00,visits-service,visits-service-6868c8596f-t5sfr,2026-07-29T16:03:17.558315+00:00,DEBUG,7a2be5b8dcbf23bb,a983d75829a64175,nio-8080-exec-5,o.s.web.servlet.DispatcherServlet,Completed 200 OK
2026-07-29T16:03:29.395875+00:00,visits-service,visits-service-6868c8596f-t5sfr,2026-07-29T16:03:17.558309+00:00,DEBUG,7a2be5b8dcbf23bb,a983d75829a64175,nio-8080-exec-5,o.s.web.servlet.DispatcherServlet,"GET ""/owners/1/pets/1/visits"", parameters={}"
2026-07-29T16:03:29.395875+00:00,visits-service,visits-service-6868c8596f-t5sfr,2026-07-29T16:03:16.556426+00:00,DEBUG,ea5dc638dbd2cc19,cc6f00d4374756c0,nio-8080-exec-6,o.s.web.servlet.DispatcherServlet,Completed 200 OK
2026-07-29T16:03:29.395875+00:00,visits-service,visits-service-6868c8596f-t5sfr,2026-07-29T16:03:16.556422+00:00,DEBUG,ea5dc638dbd2cc19,cc6f00d4374756c0,nio-8080-exec-6,o.s.web.servlet.DispatcherServlet,"GET ""/owners/1/pets/1/visits"", parameters={}"
2026-07-29T16:03:29.395875+00:00,visits-service,visits-service-6868c8596f-t5sfr,2026-07-29T16:03:16.305614+00:00,DEBUG,427d5ee749a448b1,9527bff79b74fc82,io-8080-exec-10,o.s.web.servlet.DispatcherServlet,Completed 200 OK
2026-07-29T16:03:29.395875+00:00,visits-service,visits-service-6868c8596f-t5sfr,2026-07-29T16:03:16.305603+00:00,DEBUG,427d5ee749a448b1,9527bff79b74fc82,io-8080-exec-10,o.s.web.servlet.DispatcherServlet,"GET ""/owners/1/pets/1/visits"", parameters={}"
2026-07-29T16:03:29.395875+00:00,visits-service,visits-service-6868c8596f-t5sfr,2026-07-29T16:03:15.803989+00:00,DEBUG,de8cab0dcb9e0f77,de8cab0dcb9e0f77,nio-8080-exec-1,o.s.web.servlet.DispatcherServlet,Completed 200 OK
2026-07-29T16:03:29.395875+00:00,visits-service,visits-service-6868c8596f-t5sfr,2026-07-29T16:03:15.553035+00:00,DEBUG,136aa4e4431e79b6,7def9d16f8f3ab74,nio-8080-exec-9,o.s.web.servlet.DispatcherServlet,Completed 200 OK
2026-07-29T16:03:29.395875+00:00,visits-service,visits-service-6868c8596f-t5sfr,2026-07-29T16:03:15.553031+00:00,DEBUG,136aa4e4431e79b6,7def9d16f8f3ab74,nio-8080-exec-9,o.s.web.servlet.DispatcherServlet,"GET ""/owners/1/pets/1/visits"", parameters={}"
2026-07-29T16:03:29.395875+00:00,visits-service,visits-service-6868c8596f-t5sfr,2026-07-29T16:03:15.302280+00:00,DEBUG,05570690e84a4a1a,f51fd06e87d09f89,nio-8080-exec-2,o.s.web.servlet.DispatcherServlet,Completed 200 OK
2026-07-29T16:03:29.395875+00:00,visits-service,visits-service-6868c8596f-t5sfr,2026-07-29T16:03:15.051953+00:00,DEBUG,05570690e84a4a1a,f51fd06e87d09f89,nio-8080-exec-2,o.s.web.servlet.DispatcherServlet,"GET ""/owners/1/pets/1/visits"", parameters={}"
2026-07-29T16:03:29.395875+00:00,visits-service,visits-service-6868c8596f-t5sfr,2026-07-29T16:03:13.046814+00:00,DEBUG,fb44d76b29a3ddaf,28140c4f69cb058a,nio-8080-exec-3,o.s.web.servlet.DispatcherServlet,Completed 200 OK
2026-07-29T16:03:29.395875+00:00,visits-service,visits-service-6868c8596f-t5sfr,2026-07-29T16:03:13.046811+00:00,DEBUG,fb44d76b29a3ddaf,28140c4f69cb058a,nio-8080-exec-3,o.s.web.servlet.DispatcherServlet,"GET ""/owners/1/pets/1/visits"", parameters={}"
2026-07-29T16:03:29.395875+00:00,visits-service,visits-service-6868c8596f-t5sfr,2026-07-29T16:03:12.545274+00:00,DEBUG,8336b5ea4a411c0a,d6a51d2ad6ebe594,nio-8080-exec-7,o.s.web.servlet.DispatcherServlet,Completed 200 OK
2026-07-29T16:03:29.395875+00:00,visits-service,visits-service-6868c8596f-t5sfr,2026-07-29T16:03:12.294508+00:00,DEBUG,8336b5ea4a411c0a,d6a51d2ad6ebe594,nio-8080-exec-7,o.s.web.servlet.DispatcherServlet,"GET ""/owners/1/pets/1/visits"", parameters={}"
2026-07-29T16:03:29.395875+00:00,visits-service,visits-service-6868c8596f-t5sfr,2026-07-29T16:03:12.294505+00:00,DEBUG,c9ee3368eda94384,ced3a1c528d7e425,nio-8080-exec-4,o.s.web.servlet.DispatcherServlet,Completed 200 OK
2026-07-29T16:03:29.395875+00:00,visits-service,visits-service-6868c8596f-t5sfr,2026-07-29T16:03:12.044120+00:00,DEBUG,c9ee3368eda94384,ced3a1c528d7e425,nio-8080-exec-4,o.s.web.servlet.DispatcherServlet,"GET ""/owners/1/pets/1/visits"", parameters={}"
2026-07-29T16:03:29.395875+00:00,visits-service,visits-service-6868c8596f-t5sfr,2026-07-29T16:03:11.541834+00:00,DEBUG,cdfd0b50063ea39a,438a722add0b335c,nio-8080-exec-8,o.s.web.servlet.DispatcherServlet,Completed 200 OK
2026-07-29T16:03:29.395875+00:00,visits-service,visits-service-6868c8596f-t5sfr,2026-07-29T16:03:11.541830+00:00,DEBUG,cdfd0b50063ea39a,438a722add0b335c,nio-8080-exec-8,o.s.web.servlet.DispatcherServlet,"GET ""/owners/1/pets/1/visits"", parameters={}"
2026-07-29T16:03:29.395875+00:00,visits-service,visits-service-6868c8596f-t5sfr,2026-07-29T16:03:10.539371+00:00,DEBUG,abfcde2dff5ae4bb,7a1390f981607ab5,nio-8080-exec-5,o.s.web.servlet.DispatcherServlet,Completed 200 OK
2026-07-29T16:03:29.395875+00:00,visits-service,visits-service-6868c8596f-t5sfr,2026-07-29T16:03:10.539367+00:00,DEBUG,abfcde2dff5ae4bb,7a1390f981607ab5,nio-8080-exec-5,o.s.web.servlet.DispatcherServlet,"GET ""/owners/1/pets/1/visits"", parameters={}"
2026-07-29T16:03:29.395875+00:00,visits-service,visits-service-6868c8596f-t5sfr,2026-07-29T16:03:10.288026+00:00,DEBUG,fa2e014a35fc86f1,fa2e014a35fc86f1,nio-8080-exec-6,o.s.web.servlet.DispatcherServlet,Completed 200 OK
2026-07-29T16:03:29.395875+00:00,visits-service,visits-service-6868c8596f-t5sfr,2026-07-29T16:03:10.288007+00:00,DEBUG,f9611212a5995934,7304fcd2cbabc434,io-8080-exec-10,o.s.web.servlet.DispatcherServlet,Completed 200 OK
2026-07-29T16:03:29.395875+00:00,visits-service,visits-service-6868c8596f-t5sfr,2026-07-29T16:03:10.037216+00:00,DEBUG,f9611212a5995934,7304fcd2cbabc434,io-8080-exec-10,o.s.web.servlet.DispatcherServlet,"GET ""/owners/1/pets/1/visits"", parameters={}"
2026-07-29T16:03:29.395875+00:00,visits-service,visits-service-6868c8596f-t5sfr,2026-07-29T16:03:08.280262+00:00,DEBUG,0121765e74b7765f,f9f7cc4fd938d816,nio-8080-exec-1,o.s.web.servlet.DispatcherServlet,Completed 200 OK
2026-07-29T16:03:29.395875+00:00,visits-service,visits-service-6868c8596f-t5sfr,2026-07-29T16:03:08.280259+00:00,DEBUG,0121765e74b7765f,f9f7cc4fd938d816,nio-8080-exec-1,o.s.web.servlet.DispatcherServlet,"GET ""/owners/1/pets/1/visits"", parameters={}"
2026-07-29T16:03:29.395875+00:00,visits-service,visits-service-6868c8596f-t5sfr,2026-07-29T16:03:07.527359+00:00,DEBUG,b1837e3d5b90b6cb,20d6efd8f2d7b097,nio-8080-exec-9,o.s.web.servlet.DispatcherServlet,Completed 200 OK
2026-07-29T16:03:29.395875+00:00,visits-service,visits-service-6868c8596f-t5sfr,2026-07-29T16:03:07.527355+00:00,DEBUG,b1837e3d5b90b6cb,20d6efd8f2d7b097,nio-8080-exec-9,o.s.web.servlet.DispatcherServlet,"GET ""/owners/1/pets/1/visits"", parameters={}"
2026-07-29T16:03:29.395875+00:00,visits-service,visits-service-6868c8596f-t5sfr,2026-07-29T16:03:06.775444+00:00,DEBUG,1c2cfbb12b57effb,1c2cfbb12b57effb,nio-8080-exec-2,o.s.web.servlet.DispatcherServlet,Completed 200 OK
2026-07-29T16:03:29.395875+00:00,visits-service,visits-service-6868c8596f-t5sfr,2026-07-29T16:03:06.525202+00:00,DEBUG,f718b37845e637db,050df443c73599e9,nio-8080-exec-3,o.s.web.servlet.DispatcherServlet,Completed 200 OK
2026-07-29T16:03:29.395875+00:00,visits-service,visits-service-6868c8596f-t5sfr,2026-07-29T16:03:06.525200+00:00,DEBUG,f718b37845e637db,050df443c73599e9,nio-8080-exec-3,o.s.web.servlet.DispatcherServlet,"GET ""/owners/1/pets/1/visits"", parameters={}"
2026-07-29T16:03:29.395875+00:00,visits-service,visits-service-6868c8596f-t5sfr,2026-07-29T16:03:05.772123+00:00,DEBUG,cf5363efefa96a5f,c67beae970349cfb,nio-8080-exec-7,o.s.web.servlet.DispatcherServlet,Completed 200 OK
2026-07-29T16:03:29.395875+00:00,visits-service,visits-service-6868c8596f-t5sfr,2026-07-29T16:03:05.772119+00:00,DEBUG,cf5363efefa96a5f,c67beae970349cfb,nio-8080-exec-7,o.s.web.servlet.DispatcherServlet,"GET ""/owners/1/pets/1/visits"", parameters={}"
2026-07-29T16:03:29.395875+00:00,visits-service,visits-service-6868c8596f-t5sfr,2026-07-29T16:03:05.271532+00:00,DEBUG,e263a5078c30e2a3,8c15bb3891ca362c,nio-8080-exec-4,o.s.web.servlet.DispatcherServlet,Completed 200 OK
2026-07-29T16:03:29.395875+00:00,visits-service,visits-service-6868c8596f-t5sfr,2026-07-29T16:03:05.271528+00:00,DEBUG,e263a5078c30e2a3,8c15bb3891ca362c,nio-8080-exec-4,o.s.web.servlet.DispatcherServlet,"GET ""/owners/1/pets/1/visits"", parameters={}"
2026-07-29T16:03:29.395875+00:00,visits-service,visits-service-6868c8596f-t5sfr,2026-07-29T16:03:05.020872+00:00,DEBUG,b2d7318597f2d87d,c77666db199f51a3,nio-8080-exec-8,o.s.web.servlet.DispatcherServlet,Completed 200 OK
2026-07-29T16:03:29.395875+00:00,visits-service,visits-service-6868c8596f-t5sfr,2026-07-29T16:03:05.020868+00:00,DEBUG,b2d7318597f2d87d,c77666db199f51a3,nio-8080-exec-8,o.s.web.servlet.DispatcherServlet,"GET ""/owners/1/pets/1/visits"", parameters={}"
2026-07-29T16:03:29.395875+00:00,visits-service,visits-service-6868c8596f-t5sfr,2026-07-29T16:03:04.016827+00:00,DEBUG,ccc1e0eba6b0f5f9,99c284069d1de4db,nio-8080-exec-5,o.s.web.servlet.DispatcherServlet,Completed 200 OK
2026-07-29T16:03:29.395875+00:00,visits-service,visits-service-6868c8596f-t5sfr,2026-07-29T16:03:04.016823+00:00,DEBUG,ccc1e0eba6b0f5f9,99c284069d1de4db,nio-8080-exec-5,o.s.web.servlet.DispatcherServlet,"GET ""/owners/1/pets/1/visits"", parameters={}"
2026-07-29T16:03:29.395875+00:00,visits-service,visits-service-6868c8596f-t5sfr,2026-07-29T16:03:02.762548+00:00,DEBUG,8fa34fc97c763b6a,dbbe241f165c2f56,nio-8080-exec-6,o.s.web.servlet.DispatcherServlet,Completed 200 OK
2026-07-29T16:03:29.395875+00:00,visits-service,visits-service-6868c8596f-t5sfr,2026-07-29T16:03:02.762544+00:00,DEBUG,8fa34fc97c763b6a,dbbe241f165c2f56,nio-8080-exec-6,o.s.web.servlet.DispatcherServlet,"GET ""/owners/1/pets/1/visits"", parameters={}"
2026-07-29T16:03:29.395875+00:00,visits-service,visits-service-6868c8596f-t5sfr,2026-07-29T16:03:02.511646+00:00,DEBUG,c50949e75008eae1,bb89c49175c7551f,io-8080-exec-10,o.s.web.servlet.DispatcherServlet,Completed 200 OK
2026-07-29T16:03:29.395875+00:00,visits-service,visits-service-6868c8596f-t5sfr,2026-07-29T16:03:02.511642+00:00,DEBUG,c50949e75008eae1,bb89c49175c7551f,io-8080-exec-10,o.s.web.servlet.DispatcherServlet,"GET ""/owners/1/pets/1/visits"", parameters={}"
2026-07-29T16:03:29.395875+00:00,visits-service,visits-service-6868c8596f-t5sfr,2026-07-29T16:03:01.007375+00:00,DEBUG,3795d7ce33a38b55,f958a1a5bd031586,nio-8080-exec-1,o.s.web.servlet.DispatcherServlet,Completed 200 OK
2026-07-29T16:03:29.395875+00:00,visits-service,visits-service-6868c8596f-t5sfr,2026-07-29T16:03:01.007372+00:00,DEBUG,3795d7ce33a38b55,f958a1a5bd031586,nio-8080-exec-1,o.s.web.servlet.DispatcherServlet,"GET ""/owners/1/pets/1/visits"", parameters={}"
2026-07-29T16:03:29.395875+00:00,visits-service,visits-service-6868c8596f-t5sfr,2026-07-29T16:03:00.756153+00:00,DEBUG,c07ce373c548d417,c07ce373c548d417,nio-8080-exec-9,o.s.web.servlet.DispatcherServlet,Completed 200 OK
2026-07-29T16:03:29.395875+00:00,visits-service,visits-service-6868c8596f-t5sfr,2026-07-29T16:03:00.756125+00:00,DEBUG,38aacc4b8c443686,599c528cd8f2e03c,nio-8080-exec-2,o.s.web.servlet.DispatcherServlet,Completed 200 OK
2026-07-29T16:03:29.395875+00:00,visits-service,visits-service-6868c8596f-t5sfr,2026-07-29T16:03:00.505844+00:00,DEBUG,38aacc4b8c443686,599c528cd8f2e03c,nio-8080-exec-2,o.s.web.servlet.DispatcherServlet,"GET ""/owners/1/pets/1/visits"", parameters={}"
2026-07-29T16:03:29.395875+00:00,visits-service,visits-service-6868c8596f-t5sfr,2026-07-29T16:03:00.255782+00:00,DEBUG,b012488130494a1c,7ebdc02d1dca72c3,nio-8080-exec-3,o.s.web.servlet.DispatcherServlet,Completed 200 OK
2026-07-29T16:03:29.395875+00:00,visits-service,visits-service-6868c8596f-t5sfr,2026-07-29T16:03:00.255778+00:00,DEBUG,b012488130494a1c,7ebdc02d1dca72c3,nio-8080-exec-3,o.s.web.servlet.DispatcherServlet,"GET ""/owners/1/pets/1/visits"", parameters={}"
2026-07-29T16:03:29.395875+00:00,visits-service,visits-service-6868c8596f-t5sfr,2026-07-29T16:02:59.503773+00:00,DEBUG,a9064fc04a53f2ff,8ffb835ca433617c,nio-8080-exec-7,o.s.web.servlet.DispatcherServlet,Completed 200 OK
2026-07-29T16:03:29.395875+00:00,visits-service,visits-service-6868c8596f-t5sfr,2026-07-29T16:02:59.503749+00:00,DEBUG,a9064fc04a53f2ff,8ffb835ca433617c,nio-8080-exec-7,o.s.web.servlet.DispatcherServlet,"GET ""/owners/1/pets/1/visits"", parameters={}"
2026-07-29T16:03:29.395875+00:00,visits-service,visits-service-6868c8596f-t5sfr,2026-07-29T16:02:59.503687+00:00,DEBUG,38cd0e5ef2625ccd,77d9ad64ac7344a6,nio-8080-exec-4,o.s.web.servlet.DispatcherServlet,Completed 200 OK
2026-07-29T16:03:29.395875+00:00,visits-service,visits-service-6868c8596f-t5sfr,2026-07-29T16:02:59.503683+00:00,DEBUG,38cd0e5ef2625ccd,77d9ad64ac7344a6,nio-8080-exec-4,o.s.web.servlet.DispatcherServlet,"GET ""/owners/1/pets/1/visits"", parameters={}"
2026-07-29T16:03:29.395875+00:00,visits-service,visits-service-6868c8596f-t5sfr,2026-07-29T16:02:59.252868+00:00,DEBUG,252b5f4a8987292f,ad8b3c9e3acf7063,nio-8080-exec-8,o.s.web.servlet.DispatcherServlet,Completed 200 OK
2026-07-29T16:03:29.395875+00:00,visits-service,visits-service-6868c8596f-t5sfr,2026-07-29T16:02:59.252864+00:00,DEBUG,252b5f4a8987292f,ad8b3c9e3acf7063,nio-8080-exec-8,o.s.web.servlet.DispatcherServlet,"GET ""/owners/1/pets/1/visits"", parameters={}"
2026-07-29T16:03:29.395875+00:00,visits-service,visits-service-6868c8596f-t5sfr,2026-07-29T16:02:59.002672+00:00,DEBUG,aa0e4e06de88a19c,7bfb400ce957a4c3,nio-8080-exec-5,o.s.web.servlet.DispatcherServlet,Completed 200 OK
2026-07-29T16:03:29.395875+00:00,visits-service,visits-service-6868c8596f-t5sfr,2026-07-29T16:02:59.002668+00:00,DEBUG,aa0e4e06de88a19c,7bfb400ce957a4c3,nio-8080-exec-5,o.s.web.servlet.DispatcherServlet,"GET ""/owners/1/pets/1/visits"", parameters={}"
2026-07-29T16:03:29.395875+00:00,visits-service,visits-service-6868c8596f-t5sfr,2026-07-29T16:02:58.501152+00:00,DEBUG,4802a730bc6efc25,a31b3b16dc3dcfdd,nio-8080-exec-6,o.s.web.servlet.DispatcherServlet,Completed 200 OK
2026-07-29T16:03:29.395875+00:00,visits-service,visits-service-6868c8596f-t5sfr,2026-07-29T16:02:58.501148+00:00,DEBUG,4802a730bc6efc25,a31b3b16dc3dcfdd,nio-8080-exec-6,o.s.web.servlet.DispatcherServlet,"GET ""/owners/1/pets/1/visits"", parameters={}"
2026-07-29T16:03:29.395875+00:00,visits-service,visits-service-6868c8596f-t5sfr,2026-07-29T16:02:58.250699+00:00,DEBUG,901902184e165085,7455abcad4924a84,io-8080-exec-10,o.s.web.servlet.DispatcherServlet,Completed 200 OK
2026-07-29T16:03:29.395875+00:00,visits-service,visits-service-6868c8596f-t5sfr,2026-07-29T16:02:58.000308+00:00,DEBUG,901902184e165085,7455abcad4924a84,io-8080-exec-10,o.s.web.servlet.DispatcherServlet,"GET ""/owners/1/pets/1/visits"", parameters={}"
2026-07-29T16:03:29.395875+00:00,visits-service,visits-service-6868c8596f-t5sfr,2026-07-29T16:02:56.746607+00:00,DEBUG,18ddfd1835df7ec7,6b24aa4c51851d36,nio-8080-exec-1,o.s.web.servlet.DispatcherServlet,Completed 200 OK
2026-07-29T16:03:29.395875+00:00,visits-service,visits-service-6868c8596f-t5sfr,2026-07-29T16:02:56.496465+00:00,DEBUG,18ddfd1835df7ec7,6b24aa4c51851d36,nio-8080-exec-1,o.s.web.servlet.DispatcherServlet,"GET ""/owners/1/pets/1/visits"", parameters={}"
2026-07-29T16:03:29.395875+00:00,visits-service,visits-service-6868c8596f-t5sfr,2026-07-29T16:02:55.493289+00:00,DEBUG,c5057202566b4d02,c5057202566b4d02,nio-8080-exec-9,o.s.web.servlet.DispatcherServlet,Completed 200 OK
2026-07-29T16:03:29.395875+00:00,visits-service,visits-service-6868c8596f-t5sfr,2026-07-29T16:02:54.239310+00:00,DEBUG,39e61b17f82c9762,0bd26c307ac4d433,nio-8080-exec-2,o.s.web.servlet.DispatcherServlet,Completed 200 OK
2026-07-29T16:03:29.395875+00:00,visits-service,visits-service-6868c8596f-t5sfr,2026-07-29T16:02:54.239306+00:00,DEBUG,39e61b17f82c9762,0bd26c307ac4d433,nio-8080-exec-2,o.s.web.servlet.DispatcherServlet,"GET ""/owners/1/pets/1/visits"", parameters={}"
2026-07-29T16:03:29.395875+00:00,visits-service,visits-service-6868c8596f-t5sfr,2026-07-29T16:02:53.738180+00:00,DEBUG,2bfec2a211959d59,8dce68f22ffb8737,nio-8080-exec-3,o.s.web.servlet.DispatcherServlet,Completed 200 OK
2026-07-29T16:03:29.395875+00:00,visits-service,visits-service-6868c8596f-t5sfr,2026-07-29T16:02:53.738176+00:00,DEBUG,2bfec2a211959d59,8dce68f22ffb8737,nio-8080-exec-3,o.s.web.servlet.DispatcherServlet,"GET ""/owners/1/pets/1/visits"", parameters={}"
2026-07-29T16:03:29.395875+00:00,visits-service,visits-service-6868c8596f-t5sfr,2026-07-29T16:02:52.985566+00:00,DEBUG,d638003fd060fa0e,f81ebd31cdbc8136,nio-8080-exec-7,o.s.web.servlet.DispatcherServlet,Completed 200 OK
2026-07-29T16:03:29.395875+00:00,visits-service,visits-service-6868c8596f-t5sfr,2026-07-29T16:02:52.985562+00:00,DEBUG,d638003fd060fa0e,f81ebd31cdbc8136,nio-8080-exec-7,o.s.web.servlet.DispatcherServlet,"GET ""/owners/1/pets/1/visits"", parameters={}"
2026-07-29T16:03:29.395875+00:00,visits-service,visits-service-6868c8596f-t5sfr,2026-07-29T16:02:51.731376+00:00,DEBUG,a432eb3d63d7443b,901dd0a1f8181a0c,nio-8080-exec-4,o.s.web.servlet.DispatcherServlet,Completed 200 OK
2026-07-29T16:03:29.395875+00:00,visits-service,visits-service-6868c8596f-t5sfr,2026-07-29T16:02:51.731353+00:00,DEBUG,a432eb3d63d7443b,901dd0a1f8181a0c,nio-8080-exec-4,o.s.web.servlet.DispatcherServlet,"GET ""/owners/1/pets/1/visits"", parameters={}"
2026-07-29T16:03:29.395875+00:00,visits-service,visits-service-6868c8596f-t5sfr,2026-07-29T16:02:51.731328+00:00,DEBUG,77ed13d71795435a,2c42d9bca55df7b2,nio-8080-exec-8,o.s.web.servlet.DispatcherServlet,Completed 200 OK
2026-07-29T16:03:29.395875+00:00,visits-service,visits-service-6868c8596f-t5sfr,2026-07-29T16:02:51.731325+00:00,DEBUG,77ed13d71795435a,2c42d9bca55df7b2,nio-8080-exec-8,o.s.web.servlet.DispatcherServlet,"GET ""/owners/1/pets/1/visits"", parameters={}"
2026-07-29T16:03:29.395875+00:00,visits-service,visits-service-6868c8596f-t5sfr,2026-07-29T16:02:50.477972+00:00,DEBUG,ca5d0f326b04d491,033655c4d0ccaf53,nio-8080-exec-5,o.s.web.servlet.DispatcherServlet,Completed 200 OK
2026-07-29T16:03:29.395875+00:00,visits-service,visits-service-6868c8596f-t5sfr,2026-07-29T16:02:50.477968+00:00,DEBUG,ca5d0f326b04d491,033655c4d0ccaf53,nio-8080-exec-5,o.s.web.servlet.DispatcherServlet,"GET ""/owners/1/pets/1/visits"", parameters={}"
2026-07-29T16:03:29.395875+00:00,visits-service,visits-service-6868c8596f-t5sfr,2026-07-29T16:02:48.722918+00:00,DEBUG,43779fbbdd73ced0,284ba000775e7ca3,nio-8080-exec-6,o.s.web.servlet.DispatcherServlet,Completed 200 OK
2026-07-29T16:03:29.395875+00:00,visits-service,visits-service-6868c8596f-t5sfr,2026-07-29T16:02:48.722914+00:00,DEBUG,43779fbbdd73ced0,284ba000775e7ca3,nio-8080-exec-6,o.s.web.servlet.DispatcherServlet,"GET ""/owners/1/pets/1/visits"", parameters={}"
2026-07-29T16:03:29.395875+00:00,visits-service,visits-service-6868c8596f-t5sfr,2026-07-29T16:02:48.472335+00:00,DEBUG,809cf298ba320a62,41ebc14ce7540146,io-8080-exec-10,o.s.web.servlet.DispatcherServlet,Completed 200 OK
2026-07-29T16:03:29.395875+00:00,visits-service,visits-service-6868c8596f-t5sfr,2026-07-29T16:02:48.472331+00:00,DEBUG,809cf298ba320a62,41ebc14ce7540146,io-8080-exec-10,o.s.web.servlet.DispatcherServlet,"GET ""/owners/1/pets/1/visits"", parameters={}"
2026-07-29T16:03:29.395875+00:00,visits-service,visits-service-6868c8596f-t5sfr,2026-07-29T16:02:48.221615+00:00,DEBUG,a06265946afa3581,07dd459aa4baeb9d,nio-8080-exec-1,o.s.web.servlet.DispatcherServlet,Completed 200 OK
2026-07-29T16:03:29.395875+00:00,visits-service,visits-service-6868c8596f-t5sfr,2026-07-29T16:02:48.221611+00:00,DEBUG,a06265946afa3581,07dd459aa4baeb9d,nio-8080-exec-1,o.s.web.servlet.DispatcherServlet,"GET ""/owners/1/pets/1/visits"", parameters={}"
2026-07-29T16:03:29.395875+00:00,visits-service,visits-service-6868c8596f-t5sfr,2026-07-29T16:02:47.971155+00:00,DEBUG,e13085925dbb3ea9,150fd17cb43255ef,nio-8080-exec-9,o.s.web.servlet.DispatcherServlet,Completed 200 OK
2026-07-29T16:03:29.395875+00:00,visits-service,visits-service-6868c8596f-t5sfr,2026-07-29T16:02:47.970919+00:00,DEBUG,e13085925dbb3ea9,150fd17cb43255ef,nio-8080-exec-9,o.s.web.servlet.DispatcherServlet,"GET ""/owners/1/pets/1/visits"", parameters={}"
2026-07-29T16:03:29.395875+00:00,visits-service,visits-service-6868c8596f-t5sfr,2026-07-29T16:02:46.717046+00:00,DEBUG,b0506e883d7f8cc1,b0506e883d7f8cc1,nio-8080-exec-2,o.s.web.servlet.DispatcherServlet,Completed 200 OK
2026-07-29T16:03:29.395875+00:00,visits-service,visits-service-6868c8596f-t5sfr,2026-07-29T16:02:46.466027+00:00,DEBUG,405d73a244a18ca9,74f131f2976c02b8,nio-8080-exec-3,o.s.web.servlet.DispatcherServlet,Completed 200 OK
2026-07-29T16:03:29.395875+00:00,visits-service,visits-service-6868c8596f-t5sfr,2026-07-29T16:02:46.466022+00:00,DEBUG,405d73a244a18ca9,74f131f2976c02b8,nio-8080-exec-3,o.s.web.servlet.DispatcherServlet,"GET ""/owners/1/pets/1/visits"", parameters={}"
2026-07-29T16:03:29.395875+00:00,visits-service,visits-service-6868c8596f-t5sfr,2026-07-29T16:02:45.715398+00:00,DEBUG,c36d45b42e6ed409,c36d45b42e6ed409,nio-8080-exec-7,o.s.web.servlet.DispatcherServlet,Completed 200 OK
2026-07-29T16:03:29.395875+00:00,visits-service,visits-service-6868c8596f-t5sfr,2026-07-29T16:02:45.464274+00:00,DEBUG,38bb587e5b575d06,da867010302094de,nio-8080-exec-4,o.s.web.servlet.DispatcherServlet,Completed 200 OK
2026-07-29T16:03:29.395875+00:00,visits-service,visits-service-6868c8596f-t5sfr,2026-07-29T16:02:45.464267+00:00,DEBUG,38bb587e5b575d06,da867010302094de,nio-8080-exec-4,o.s.web.servlet.DispatcherServlet,"GET ""/owners/1/pets/1/visits"", parameters={}"
2026-07-29T16:03:29.395875+00:00,visits-service,visits-service-6868c8596f-t5sfr,2026-07-29T16:02:45.212988+00:00,DEBUG,13e43ece772b3ba4,a9c5eebe6034c8dd,nio-8080-exec-8,o.s.web.servlet.DispatcherServlet,Completed 200 OK
2026-07-29T16:03:29.395875+00:00,visits-service,visits-service-6868c8596f-t5sfr,2026-07-29T16:02:45.212985+00:00,DEBUG,13e43ece772b3ba4,a9c5eebe6034c8dd,nio-8080-exec-8,o.s.web.servlet.DispatcherServlet,"GET ""/owners/1/pets/1/visits"", parameters={}"
2026-07-29T16:03:29.395875+00:00,visits-service,visits-service-6868c8596f-t5sfr,2026-07-29T16:02:44.962982+00:00,DEBUG,988cda27e6df073f,1116ac29d3e34434,nio-8080-exec-5,o.s.web.servlet.DispatcherServlet,Completed 200 OK
2026-07-29T16:03:29.395875+00:00,visits-service,visits-service-6868c8596f-t5sfr,2026-07-29T16:02:44.962978+00:00,DEBUG,988cda27e6df073f,1116ac29d3e34434,nio-8080-exec-5,o.s.web.servlet.DispatcherServlet,"GET ""/owners/1/pets/1/visits"", parameters={}"
2026-07-29T16:03:29.395875+00:00,visits-service,visits-service-6868c8596f-t5sfr,2026-07-29T16:02:44.462025+00:00,DEBUG,80a47497ac9ebe52,84ca1e965eacbf45,nio-8080-exec-6,o.s.web.servlet.DispatcherServlet,Completed 200 OK
2026-07-29T16:03:29.395875+00:00,visits-service,visits-service-6868c8596f-t5sfr,2026-07-29T16:02:44.462022+00:00,DEBUG,80a47497ac9ebe52,84ca1e965eacbf45,nio-8080-exec-6,o.s.web.servlet.DispatcherServlet,"GET ""/owners/1/pets/1/visits"", parameters={}"
2026-07-29T16:03:29.395875+00:00,visits-service,visits-service-6868c8596f-t5sfr,2026-07-29T16:02:43.209362+00:00,DEBUG,6b5783c84a9b1e25,6c78e8b796f5725a,io-8080-exec-10,o.s.web.servlet.DispatcherServlet,Completed 200 OK
2026-07-29T16:03:29.395875+00:00,visits-service,visits-service-6868c8596f-t5sfr,2026-07-29T16:02:43.209358+00:00,DEBUG,6b5783c84a9b1e25,6c78e8b796f5725a,io-8080-exec-10,o.s.web.servlet.DispatcherServlet,"GET ""/owners/1/pets/1/visits"", parameters={}"
2026-07-29T16:03:29.395875+00:00,visits-service,visits-service-6868c8596f-t5sfr,2026-07-29T16:02:42.456542+00:00,DEBUG,2a69acbff2a086c7,347e862689655f8d,nio-8080-exec-1,o.s.web.servlet.DispatcherServlet,Completed 200 OK
2026-07-29T16:03:29.395875+00:00,visits-service,visits-service-6868c8596f-t5sfr,2026-07-29T16:02:42.456538+00:00,DEBUG,2a69acbff2a086c7,347e862689655f8d,nio-8080-exec-1,o.s.web.servlet.DispatcherServlet,"GET ""/owners/1/pets/1/visits"", parameters={}"
2026-07-29T16:03:29.395875+00:00,visits-service,visits-service-6868c8596f-t5sfr,2026-07-29T16:02:42.205728+00:00,DEBUG,86baf78bf24ef96a,940db6e1f9d5c575,nio-8080-exec-9,o.s.web.servlet.DispatcherServlet,Completed 200 OK
2026-07-29T16:03:29.395875+00:00,visits-service,visits-service-6868c8596f-t5sfr,2026-07-29T16:02:42.205726+00:00,DEBUG,86baf78bf24ef96a,940db6e1f9d5c575,nio-8080-exec-9,o.s.web.servlet.DispatcherServlet,"GET ""/owners/1/pets/1/visits"", parameters={}"
2026-07-29T16:03:29.395875+00:00,visits-service,visits-service-6868c8596f-t5sfr,2026-07-29T16:02:41.453716+00:00,DEBUG,fe8ce8d4a5440a66,9352d62dbd706f80,nio-8080-exec-2,o.s.web.servlet.DispatcherServlet,Completed 200 OK
2026-07-29T16:03:29.395875+00:00,visits-service,visits-service-6868c8596f-t5sfr,2026-07-29T16:02:41.453697+00:00,DEBUG,fe8ce8d4a5440a66,9352d62dbd706f80,nio-8080-exec-2,o.s.web.servlet.DispatcherServlet,"GET ""/owners/1/pets/1/visits"", parameters={}"
2026-07-29T16:03:29.395875+00:00,visits-service,visits-service-6868c8596f-t5sfr,2026-07-29T16:02:40.952714+00:00,DEBUG,d1ce935104cea11d,dc58d97ca5b081dc,nio-8080-exec-3,o.s.web.servlet.DispatcherServlet,Completed 200 OK
2026-07-29T16:03:29.395875+00:00,visits-service,visits-service-6868c8596f-t5sfr,2026-07-29T16:02:40.952710+00:00,DEBUG,d1ce935104cea11d,dc58d97ca5b081dc,nio-8080-exec-3,o.s.web.servlet.DispatcherServlet,"GET ""/owners/1/pets/1/visits"", parameters={}"
2026-07-29T16:03:29.395875+00:00,visits-service,visits-service-6868c8596f-t5sfr,2026-07-29T16:02:40.451310+00:00,DEBUG,d1a5d112d731b139,fc320d84a4b7977e,nio-8080-exec-7,o.s.web.servlet.DispatcherServlet,Completed 200 OK
2026-07-29T16:03:29.395875+00:00,visits-service,visits-service-6868c8596f-t5sfr,2026-07-29T16:02:40.451288+00:00,DEBUG,d1a5d112d731b139,fc320d84a4b7977e,nio-8080-exec-7,o.s.web.servlet.DispatcherServlet,"GET ""/owners/1/pets/1/visits"", parameters={}"
2026-07-29T16:03:29.395875+00:00,visits-service,visits-service-6868c8596f-t5sfr,2026-07-29T16:02:40.451283+00:00,DEBUG,81f33dd719ce1651,81f33dd719ce1651,nio-8080-exec-4,o.s.web.servlet.DispatcherServlet,Completed 200 OK
2026-07-29T16:03:29.395875+00:00,visits-service,visits-service-6868c8596f-t5sfr,2026-07-29T16:02:40.200288+00:00,DEBUG,c47080b6a580f355,640cc2490c37c88c,nio-8080-exec-8,o.s.web.servlet.DispatcherServlet,Completed 200 OK
2026-07-29T16:03:29.395875+00:00,visits-service,visits-service-6868c8596f-t5sfr,2026-07-29T16:02:40.200284+00:00,DEBUG,c47080b6a580f355,640cc2490c37c88c,nio-8080-exec-8,o.s.web.servlet.DispatcherServlet,"GET ""/owners/1/pets/1/visits"", parameters={}"
2026-07-29T16:03:29.395875+00:00,visits-service,visits-service-6868c8596f-t5sfr,2026-07-29T16:02:38.946511+00:00,DEBUG,acc3b13115ea727d,fda82bc2a4c4ef3e,nio-8080-exec-5,o.s.web.servlet.DispatcherServlet,Completed 200 OK
2026-07-29T16:03:29.395875+00:00,visits-service,visits-service-6868c8596f-t5sfr,2026-07-29T16:02:38.696169+00:00,DEBUG,acc3b13115ea727d,fda82bc2a4c4ef3e,nio-8080-exec-5,o.s.web.servlet.DispatcherServlet,"GET ""/owners/1/pets/1/visits"", parameters={}"
2026-07-29T16:03:29.395875+00:00,visits-service,visits-service-6868c8596f-t5sfr,2026-07-29T16:02:38.444976+00:00,DEBUG,f05de96175f97c58,54c86147aa762bcf,nio-8080-exec-6,o.s.web.servlet.DispatcherServlet,Completed 200 OK
2026-07-29T16:03:29.395875+00:00,visits-service,visits-service-6868c8596f-t5sfr,2026-07-29T16:02:38.194026+00:00,DEBUG,f05de96175f97c58,54c86147aa762bcf,nio-8080-exec-6,o.s.web.servlet.DispatcherServlet,"GET ""/owners/1/pets/1/visits"", parameters={}"
2026-07-29T16:03:29.395875+00:00,visits-service,visits-service-6868c8596f-t5sfr,2026-07-29T16:02:37.693632+00:00,DEBUG,e49624959db38ac5,fb6c2ccddd8cd6a3,io-8080-exec-10,o.s.web.servlet.DispatcherServlet,Completed 200 OK
2026-07-29T16:03:29.395875+00:00,visits-service,visits-service-6868c8596f-t5sfr,2026-07-29T16:02:37.693627+00:00,DEBUG,e49624959db38ac5,fb6c2ccddd8cd6a3,io-8080-exec-10,o.s.web.servlet.DispatcherServlet,"GET ""/owners/1/pets/1/visits"", parameters={}"
2026-07-29T16:03:29.395875+00:00,visits-service,visits-service-6868c8596f-t5sfr,2026-07-29T16:02:37.442522+00:00,DEBUG,97ad87f3c3e0db1f,f3524e2bf297d120,nio-8080-exec-1,o.s.web.servlet.DispatcherServlet,Completed 200 OK
2026-07-29T16:03:29.395875+00:00,visits-service,visits-service-6868c8596f-t5sfr,2026-07-29T16:02:37.442518+00:00,DEBUG,97ad87f3c3e0db1f,f3524e2bf297d120,nio-8080-exec-1,o.s.web.servlet.DispatcherServlet,"GET ""/owners/1/pets/1/visits"", parameters={}"
2026-07-29T16:03:29.395875+00:00,visits-service,visits-service-6868c8596f-t5sfr,2026-07-29T16:02:37.192150+00:00,DEBUG,4a60b04e99f3fc11,9d9a5be6199b3078,nio-8080-exec-9,o.s.web.servlet.DispatcherServlet,Completed 200 OK
2026-07-29T16:03:29.395875+00:00,visits-service,visits-service-6868c8596f-t5sfr,2026-07-29T16:02:37.192080+00:00,DEBUG,4a60b04e99f3fc11,9d9a5be6199b3078,nio-8080-exec-9,o.s.web.servlet.DispatcherServlet,"GET ""/owners/1/pets/1/visits"", parameters={}"
2026-07-29T16:03:29.395875+00:00,visits-service,visits-service-6868c8596f-t5sfr,2026-07-29T16:02:37.192061+00:00,DEBUG,f303e9664a51b06e,b9f9c11a7a064a6a,nio-8080-exec-2,o.s.web.servlet.DispatcherServlet,Completed 200 OK
2026-07-29T16:03:29.395875+00:00,visits-service,visits-service-6868c8596f-t5sfr,2026-07-29T16:02:37.192059+00:00,DEBUG,f303e9664a51b06e,b9f9c11a7a064a6a,nio-8080-exec-2,o.s.web.servlet.DispatcherServlet,"GET ""/owners/1/pets/1/visits"", parameters={}"
2026-07-29T16:03:29.395875+00:00,visits-service,visits-service-6868c8596f-t5sfr,2026-07-29T16:02:35.687249+00:00,DEBUG,0481ca259cf44805,e86c6fcf886616a0,nio-8080-exec-3,o.s.web.servlet.DispatcherServlet,Completed 200 OK
2026-07-29T16:03:29.395875+00:00,visits-service,visits-service-6868c8596f-t5sfr,2026-07-29T16:02:35.687247+00:00,DEBUG,0481ca259cf44805,e86c6fcf886616a0,nio-8080-exec-3,o.s.web.servlet.DispatcherServlet,"GET ""/owners/1/pets/1/visits"", parameters={}"
2026-07-29T16:03:29.395875+00:00,visits-service,visits-service-6868c8596f-t5sfr,2026-07-29T16:02:35.185155+00:00,DEBUG,67a05facfcf27376,c7e2e3dda21fe151,nio-8080-exec-7,o.s.web.servlet.DispatcherServlet,Completed 200 OK
2026-07-29T16:03:29.395875+00:00,visits-service,visits-service-6868c8596f-t5sfr,2026-07-29T16:02:35.185128+00:00,DEBUG,ba4c5df8479edf32,cbcde4baaaa85efe,nio-8080-exec-4,o.s.web.servlet.DispatcherServlet,Completed 200 OK
2026-07-29T16:03:29.395875+00:00,visits-service,visits-service-6868c8596f-t5sfr,2026-07-29T16:02:35.185104+00:00,DEBUG,67a05facfcf27376,c7e2e3dda21fe151,nio-8080-exec-7,o.s.web.servlet.DispatcherServlet,"GET ""/owners/1/pets/1/visits"", parameters={}"
2026-07-29T16:03:29.395875+00:00,visits-service,visits-service-6868c8596f-t5sfr,2026-07-29T16:02:35.185100+00:00,DEBUG,ba4c5df8479edf32,cbcde4baaaa85efe,nio-8080-exec-4,o.s.web.servlet.DispatcherServlet,"GET ""/owners/1/pets/1/visits"", parameters={}"
2026-07-29T16:03:29.395875+00:00,visits-service,visits-service-6868c8596f-t5sfr,2026-07-29T16:02:34.683491+00:00,DEBUG,2acb7c0cda7c530b,501384b269fc5afa,nio-8080-exec-8,o.s.web.servlet.DispatcherServlet,Completed 200 OK
2026-07-29T16:03:29.395875+00:00,visits-service,visits-service-6868c8596f-t5sfr,2026-07-29T16:02:34.683487+00:00,DEBUG,2acb7c0cda7c530b,501384b269fc5afa,nio-8080-exec-8,o.s.web.servlet.DispatcherServlet,"GET ""/owners/1/pets/1/visits"", parameters={}"
2026-07-29T16:03:29.395875+00:00,visits-service,visits-service-6868c8596f-t5sfr,2026-07-29T16:02:32.926932+00:00,DEBUG,18adf20b1e9e212f,d3bfd48ff3102a09,nio-8080-exec-5,o.s.web.servlet.DispatcherServlet,Completed 200 OK
2026-07-29T16:03:29.395875+00:00,visits-service,visits-service-6868c8596f-t5sfr,2026-07-29T16:02:32.926928+00:00,DEBUG,18adf20b1e9e212f,d3bfd48ff3102a09,nio-8080-exec-5,o.s.web.servlet.DispatcherServlet,"GET ""/owners/1/pets/1/visits"", parameters={}"
2026-07-29T16:03:29.395875+00:00,visits-service,visits-service-6868c8596f-t5sfr,2026-07-29T16:02:32.676483+00:00,DEBUG,8c97106343f076cf,8761b852f23ba447,nio-8080-exec-6,o.s.web.servlet.DispatcherServlet,Completed 200 OK
2026-07-29T16:03:29.395875+00:00,visits-service,visits-service-6868c8596f-t5sfr,2026-07-29T16:02:32.676478+00:00,DEBUG,8c97106343f076cf,8761b852f23ba447,nio-8080-exec-6,o.s.web.servlet.DispatcherServlet,"GET ""/owners/1/pets/1/visits"", parameters={}"
2026-07-29T16:03:29.395875+00:00,visits-service,visits-service-6868c8596f-t5sfr,2026-07-29T16:02:31.674885+00:00,DEBUG,7b376c3151a6e816,44816bf977f438f2,io-8080-exec-10,o.s.web.servlet.DispatcherServlet,Completed 200 OK
2026-07-29T16:03:29.395875+00:00,visits-service,visits-service-6868c8596f-t5sfr,2026-07-29T16:02:31.674881+00:00,DEBUG,7b376c3151a6e816,44816bf977f438f2,io-8080-exec-10,o.s.web.servlet.DispatcherServlet,"GET ""/owners/1/pets/1/visits"", parameters={}"
2026-07-29T16:03:29.395875+00:00,visits-service,visits-service-6868c8596f-t5sfr,2026-07-29T16:02:31.423776+00:00,DEBUG,2c22619491f86036,a2ef5426d013a682,nio-8080-exec-1,o.s.web.servlet.DispatcherServlet,Completed 200 OK
2026-07-29T16:03:29.395875+00:00,visits-service,visits-service-6868c8596f-t5sfr,2026-07-29T16:02:31.423772+00:00,DEBUG,2c22619491f86036,a2ef5426d013a682,nio-8080-exec-1,o.s.web.servlet.DispatcherServlet,"GET ""/owners/1/pets/1/visits"", parameters={}"
2026-07-29T16:03:29.395875+00:00,visits-service,visits-service-6868c8596f-t5sfr,2026-07-29T16:02:30.671108+00:00,DEBUG,97f27ab57f3e2042,4479194ef160b325,nio-8080-exec-9,o.s.web.servlet.DispatcherServlet,Completed 200 OK
2026-07-29T16:03:29.395875+00:00,visits-service,visits-service-6868c8596f-t5sfr,2026-07-29T16:02:30.670997+00:00,DEBUG,97f27ab57f3e2042,4479194ef160b325,nio-8080-exec-9,o.s.web.servlet.DispatcherServlet,"GET ""/owners/1/pets/1/visits"", parameters={}"
2026-07-29T16:03:29.395875+00:00,visits-service,visits-service-6868c8596f-t5sfr,2026-07-29T16:02:30.670965+00:00,DEBUG,594c696818df1045,594c696818df1045,nio-8080-exec-2,o.s.web.servlet.DispatcherServlet,Completed 200 OK
2026-07-29T16:03:29.395875+00:00,visits-service,visits-service-6868c8596f-t5sfr,2026-07-29T16:02:30.670807+00:00,DEBUG,9bdc8c5618621440,d5b84e8eb3b51277,nio-8080-exec-3,o.s.web.servlet.DispatcherServlet,Completed 200 OK
2026-07-29T16:03:29.395875+00:00,visits-service,visits-service-6868c8596f-t5sfr,2026-07-29T16:02:30.670803+00:00,DEBUG,9bdc8c5618621440,d5b84e8eb3b51277,nio-8080-exec-3,o.s.web.servlet.DispatcherServlet,"GET ""/owners/1/pets/1/visits"", parameters={}"
2026-07-29T16:03:29.395875+00:00,visits-service,visits-service-6868c8596f-t5sfr,2026-07-29T16:02:29.418412+00:00,DEBUG,8f56e434a710a126,5ff41aa4a82e6fca,nio-8080-exec-7,o.s.web.servlet.DispatcherServlet,Completed 200 OK
2026-07-29T16:03:29.395875+00:00,visits-service,visits-service-6868c8596f-t5sfr,2026-07-29T16:02:29.167148+00:00,DEBUG,8f56e434a710a126,5ff41aa4a82e6fca,nio-8080-exec-7,o.s.web.servlet.DispatcherServlet,"GET ""/owners/1/pets/1/visits"", parameters={}"
2026-07-29T16:03:29.395875+00:00,visits-service,visits-service-6868c8596f-t5sfr,2026-07-29T16:02:28.916999+00:00,DEBUG,4c1d49226ed5c9a3,04d9aff5ca1643d9,nio-8080-exec-4,o.s.web.servlet.DispatcherServlet,Completed 200 OK
2026-07-29T16:03:29.395875+00:00,visits-service,visits-service-6868c8596f-t5sfr,2026-07-29T16:02:28.916963+00:00,DEBUG,4c1d49226ed5c9a3,04d9aff5ca1643d9,nio-8080-exec-4,o.s.web.servlet.DispatcherServlet,"GET ""/owners/1/pets/1/visits"", parameters={}"
2026-07-29T16:03:29.395875+00:00,visits-service,visits-service-6868c8596f-t5sfr,2026-07-29T16:02:28.916958+00:00,DEBUG,aa2627783a535f96,61ace39d1356c2a7,nio-8080-exec-8,o.s.web.servlet.DispatcherServlet,Completed 200 OK
2026-07-29T16:03:29.395875+00:00,visits-service,visits-service-6868c8596f-t5sfr,2026-07-29T16:02:28.666708+00:00,DEBUG,aa2627783a535f96,61ace39d1356c2a7,nio-8080-exec-8,o.s.web.servlet.DispatcherServlet,"GET ""/owners/1/pets/1/visits"", parameters={}"
2026-07-29T16:03:29.395875+00:00,visits-service,visits-service-6868c8596f-t5sfr,2026-07-29T16:02:28.165233+00:00,DEBUG,3bbd62e370ffab60,d56dbaad1c0f4306,nio-8080-exec-5,o.s.web.servlet.DispatcherServlet,Completed 200 OK
2026-07-29T16:03:29.395875+00:00,visits-service,visits-service-6868c8596f-t5sfr,2026-07-29T16:02:28.165230+00:00,DEBUG,3bbd62e370ffab60,d56dbaad1c0f4306,nio-8080-exec-5,o.s.web.servlet.DispatcherServlet,"GET ""/owners/1/pets/1/visits"", parameters={}"
2026-07-29T16:03:29.395875+00:00,visits-service,visits-service-6868c8596f-t5sfr,2026-07-29T16:02:27.663981+00:00,DEBUG,185728fd7803af83,4acef6def28eba75,nio-8080-exec-6,o.s.web.servlet.DispatcherServlet,Completed 200 OK
2026-07-29T16:03:29.395875+00:00,visits-service,visits-service-6868c8596f-t5sfr,2026-07-29T16:02:27.663953+00:00,DEBUG,185728fd7803af83,4acef6def28eba75,nio-8080-exec-6,o.s.web.servlet.DispatcherServlet,"GET ""/owners/1/pets/1/visits"", parameters={}"
2026-07-29T16:03:29.395875+00:00,visits-service,visits-service-6868c8596f-t5sfr,2026-07-29T16:02:27.663936+00:00,DEBUG,af95106827da58ee,3191576f0bd4181b,io-8080-exec-10,o.s.web.servlet.DispatcherServlet,Completed 200 OK
2026-07-29T16:03:29.395875+00:00,visits-service,visits-service-6868c8596f-t5sfr,2026-07-29T16:02:27.663933+00:00,DEBUG,af95106827da58ee,3191576f0bd4181b,io-8080-exec-10,o.s.web.servlet.DispatcherServlet,"GET ""/owners/1/pets/1/visits"", parameters={}"
2026-07-29T16:03:29.395875+00:00,visits-service,visits-service-6868c8596f-t5sfr,2026-07-29T16:02:26.911496+00:00,DEBUG,52760f2ce5218d53,171c49c4428eb5fe,nio-8080-exec-1,o.s.web.servlet.DispatcherServlet,Completed 200 OK
2026-07-29T16:03:29.395875+00:00,visits-service,visits-service-6868c8596f-t5sfr,2026-07-29T16:02:26.911474+00:00,DEBUG,52760f2ce5218d53,171c49c4428eb5fe,nio-8080-exec-1,o.s.web.servlet.DispatcherServlet,"GET ""/owners/1/pets/1/visits"", parameters={}"
2026-07-29T16:03:29.395875+00:00,visits-service,visits-service-6868c8596f-t5sfr,2026-07-29T16:02:26.911420+00:00,DEBUG,988cb3237ae6b952,988cb3237ae6b952,nio-8080-exec-9,o.s.web.servlet.DispatcherServlet,Completed 200 OK
2026-07-29T16:03:29.395875+00:00,visits-service,visits-service-6868c8596f-t5sfr,2026-07-29T16:02:26.911392+00:00,DEBUG,36918b8babcae5b6,3582e9928cc7b241,nio-8080-exec-2,o.s.web.servlet.DispatcherServlet,Completed 200 OK
2026-07-29T16:03:29.395875+00:00,visits-service,visits-service-6868c8596f-t5sfr,2026-07-29T16:02:26.659825+00:00,DEBUG,36918b8babcae5b6,3582e9928cc7b241,nio-8080-exec-2,o.s.web.servlet.DispatcherServlet,"GET ""/owners/1/pets/1/visits"", parameters={}"
2026-07-29T16:03:29.395875+00:00,visits-service,visits-service-6868c8596f-t5sfr,2026-07-29T16:02:25.404956+00:00,DEBUG,60814ed5185b7a17,60814ed5185b7a17,nio-8080-exec-3,o.s.web.servlet.DispatcherServlet,Completed 200 OK
2026-07-29T16:03:29.395875+00:00,visits-service,visits-service-6868c8596f-t5sfr,2026-07-29T16:02:24.903945+00:00,DEBUG,06f13b2ec16387c3,ab76b05c1f3043ab,nio-8080-exec-7,o.s.web.servlet.DispatcherServlet,Completed 200 OK
2026-07-29T16:03:29.395875+00:00,visits-service,visits-service-6868c8596f-t5sfr,2026-07-29T16:02:24.652894+00:00,DEBUG,06f13b2ec16387c3,ab76b05c1f3043ab,nio-8080-exec-7,o.s.web.servlet.DispatcherServlet,"GET ""/owners/1/pets/1/visits"", parameters={}"
