collected_at,trace_id,start_timestamp,total_duration_ms,spans_count,unique_services_count,services_list,has_error,root_http_method,root_http_path,root_http_status,db_query_count,db_total_duration_ms,internal_calls_count
2026-07-29T16:16:41.700802+00:00,05f05b8f738df1e0,2026-07-29T16:15:40.007236+00:00,133.132,4,2,vets-service|api-gateway,False,GET,/api/vet/vets,200,1,131.946,1
2026-07-29T16:16:41.700802+00:00,20befd57d947f110,2026-07-29T16:15:39.801893+00:00,192.979,4,2,vets-service|api-gateway,False,GET,/api/vet/vets,200,1,179.212,1
2026-07-29T16:16:41.700802+00:00,436659cc7856275a,2026-07-29T16:15:39.673755+00:00,255.974,4,2,customers-service|api-gateway,False,GET,/api/customer/owners,200,1,254.784,1
2026-07-29T16:16:41.700802+00:00,4c7a676036d6a311,2026-07-29T16:15:39.467684+00:00,31.92,3,2,api-gateway|visits-service,False,GET,/api/visit/owners/1/pets/1/visits,200,0,0.0,1
2026-07-29T16:16:41.700802+00:00,ce1c6803ca17bdd5,2026-07-29T16:15:39.300331+00:00,29.65,3,2,api-gateway|visits-service,False,GET,/api/visit/owners/1/pets/1/visits,200,0,0.0,1
2026-07-29T16:16:41.700802+00:00,f2b97c351d508506,2026-07-29T16:15:39.133934+00:00,165.807,4,2,customers-service|api-gateway,False,GET,/api/customer/owners,200,1,161.297,1
2026-07-29T16:16:41.700802+00:00,f25632a71c168eed,2026-07-29T16:15:39.009272+00:00,72.103,4,2,customers-service|api-gateway,False,GET,/api/customer/owners/1,200,1,71.063,1
2026-07-29T16:16:41.700802+00:00,6fd70155ad3d4146,2026-07-29T16:15:38.841974+00:00,210.136,4,2,customers-service|api-gateway,False,GET,/api/customer/owners,200,1,208.926,1
2026-07-29T16:16:41.700802+00:00,082f14881a670fa1,2026-07-29T16:15:38.633819+00:00,267.932,4,2,customers-service|api-gateway,False,GET,/api/customer/owners,200,1,263.022,1
2026-07-29T16:16:41.700802+00:00,713fd0a0b2366d81,2026-07-29T16:15:38.467530+00:00,105.649,4,2,customers-service|api-gateway,False,GET,/api/customer/owners/1,200,1,93.149,1
2026-07-29T16:16:41.700802+00:00,cb941727bf7d5604,2026-07-29T16:15:38.300517+00:00,166.018,4,2,vets-service|api-gateway,False,GET,/api/vet/vets,200,1,154.409,1
2026-07-29T16:16:41.700802+00:00,4440bb5837dd255c,2026-07-29T16:15:38.133933+00:00,161.187,4,2,vets-service|api-gateway,False,GET,/api/vet/vets,200,1,149.961,1
2026-07-29T16:16:41.700802+00:00,a05136876e2a0413,2026-07-29T16:15:38.007016+00:00,21.991,3,2,visits-service|api-gateway,False,GET,/api/visit/owners/1/pets/1/visits,200,0,0.0,1
2026-07-29T16:16:41.700802+00:00,11e14318d333e521,2026-07-29T16:15:37.801103+00:00,24.478,3,2,api-gateway|visits-service,False,GET,/api/visit/owners/1/pets/1/visits,200,0,0.0,1
2026-07-29T16:16:41.700802+00:00,b62070c92fe6dac1,2026-07-29T16:15:37.672865+00:00,10.858,3,2,visits-service|api-gateway,False,GET,/api/visit/owners/1/pets/1/visits,200,0,0.0,1
2026-07-29T16:16:41.700802+00:00,63fbef2829243b56,2026-07-29T16:15:37.468169+00:00,33.565,3,2,api-gateway|visits-service,False,GET,/api/visit/owners/1/pets/1/visits,200,0,0.0,1
2026-07-29T16:16:41.700802+00:00,29e4bc9c307a45cb,2026-07-29T16:15:37.300230+00:00,19.924,3,2,api-gateway|visits-service,False,GET,/api/visit/owners/1/pets/1/visits,200,0,0.0,1
2026-07-29T16:16:41.700802+00:00,0d37b32caab68609,2026-07-29T16:15:37.136334+00:00,68.712,4,2,customers-service|api-gateway,False,GET,/api/customer/owners/1,200,1,67.436,1
2026-07-29T16:16:41.700802+00:00,9cc94c38488737b3,2026-07-29T16:15:37.006666+00:00,131.123,4,2,vets-service|api-gateway,False,GET,/api/vet/vets,200,1,129.842,1
2026-07-29T16:16:41.700802+00:00,5602aa91952c77ae,2026-07-29T16:15:36.840368+00:00,18.923,3,2,visits-service|api-gateway,False,GET,/api/visit/owners/1/pets/1/visits,200,0,0.0,1
2026-07-29T16:16:41.700802+00:00,2d01d79966c0ae5b,2026-07-29T16:15:36.634532+00:00,200.309,4,2,customers-service|api-gateway,False,GET,/api/customer/owners,200,1,188.509,1
2026-07-29T16:16:41.700802+00:00,1d747f92cb74fd91,2026-07-29T16:15:36.468249+00:00,48.076,3,2,api-gateway|visits-service,False,GET,/api/visit/owners/1/pets/1/visits,200,0,0.0,1
2026-07-29T16:16:41.700802+00:00,9b9f73be53ea711b,2026-07-29T16:15:36.300000+00:00,212.958,4,2,customers-service|api-gateway,False,GET,/api/customer/owners,200,1,200.2,1
2026-07-29T16:16:41.700802+00:00,17b9b5c1893dc7a7,2026-07-29T16:15:36.133905+00:00,197.854,4,2,vets-service|api-gateway,False,GET,/api/vet/vets,200,1,185.274,1
2026-07-29T16:16:41.700802+00:00,01f2d89f2c195028,2026-07-29T16:15:36.009417+00:00,141.06,4,2,vets-service|api-gateway,False,GET,/api/vet/vets,200,1,139.776,1
2026-07-29T16:16:41.700802+00:00,7c0c6a6297aeb84b,2026-07-29T16:15:35.800926+00:00,168.462,4,2,customers-service|api-gateway,False,GET,/api/customer/owners,200,1,162.345,1
2026-07-29T16:16:41.700802+00:00,56f5c1b21d9f4693,2026-07-29T16:15:35.637309+00:00,186.431,4,2,customers-service|api-gateway,False,GET,/api/customer/owners,200,1,174.039,1
2026-07-29T16:16:41.700802+00:00,a7379f8c3f9217dd,2026-07-29T16:15:35.505357+00:00,20.952,3,2,visits-service|api-gateway,False,GET,/api/visit/owners/1/pets/1/visits,200,0,0.0,1
2026-07-29T16:16:41.700802+00:00,ae25a3a091c8a54d,2026-07-29T16:15:35.300857+00:00,29.124,3,2,api-gateway|visits-service,False,GET,/api/visit/owners/1/pets/1/visits,200,0,0.0,1
2026-07-29T16:16:41.700802+00:00,9e2f7e5c74b97fe9,2026-07-29T16:15:35.134448+00:00,168.406,4,2,customers-service|api-gateway,False,GET,/api/customer/owners,200,1,164.706,1
2026-07-29T16:16:41.700802+00:00,0b63997546227912,2026-07-29T16:15:35.007840+00:00,179.898,4,2,customers-service|api-gateway,False,GET,/api/customer/owners,200,1,178.757,1
2026-07-29T16:16:41.700802+00:00,d9b3cc7de85b2b5f,2026-07-29T16:15:34.800412+00:00,143.238,4,2,vets-service|api-gateway,False,GET,/api/vet/vets,200,1,128.705,1
2026-07-29T16:16:41.700802+00:00,600ad66f7445b00c,2026-07-29T16:15:34.634377+00:00,204.514,4,2,customers-service|api-gateway,False,GET,/api/customer/owners,200,1,190.49,1
2026-07-29T16:16:41.700802+00:00,ba25409f180c192f,2026-07-29T16:15:34.467684+00:00,144.536,4,2,vets-service|api-gateway,False,GET,/api/vet/vets,200,1,131.729,1
2026-07-29T16:16:41.700802+00:00,a22ff5b7de98027a,2026-07-29T16:15:34.300818+00:00,168.225,4,2,customers-service|api-gateway,False,GET,/api/customer/owners,200,1,163.314,1
2026-07-29T16:16:41.700802+00:00,7e5b2f6611e09ec1,2026-07-29T16:15:34.134405+00:00,72.288,4,2,customers-service|api-gateway,False,GET,/api/customer/owners/1,200,1,60.751,1
2026-07-29T16:16:41.700802+00:00,8e3a8f6869cb57e1,2026-07-29T16:15:33.969166+00:00,192.45,4,2,customers-service|api-gateway,False,GET,/api/customer/owners,200,1,192.45,1
2026-07-29T16:16:41.700802+00:00,9935fb8c1421a612,2026-07-29T16:15:33.840446+00:00,67.095,4,2,customers-service|api-gateway,False,GET,/api/customer/owners/1,200,1,65.9,1
2026-07-29T16:16:41.700802+00:00,0e10d9acd2ebef10,2026-07-29T16:15:33.634275+00:00,146.867,4,2,vets-service|api-gateway,False,GET,/api/vet/vets,200,1,133.45,1
2026-07-29T16:16:41.700802+00:00,9e05bd87969fa9a5,2026-07-29T16:15:33.467571+00:00,150.407,4,2,vets-service|api-gateway,False,GET,/api/vet/vets,200,1,137.358,1
2026-07-29T16:16:41.700802+00:00,536af9d61bded51d,2026-07-29T16:15:33.299933+00:00,76.958,4,2,customers-service|api-gateway,False,GET,/api/customer/owners/1,200,1,65.467,1
2026-07-29T16:16:41.700802+00:00,3b803415096d2060,2026-07-29T16:15:33.134901+00:00,80.34,4,2,customers-service|api-gateway,False,GET,/api/customer/owners/1,200,1,75.305,1
2026-07-29T16:16:41.700802+00:00,dd547f80b35b4416,2026-07-29T16:15:32.967626+00:00,231.661,4,2,customers-service|api-gateway,False,GET,/api/customer/owners,200,1,220.851,1
2026-07-29T16:16:41.700802+00:00,7f9bf4c95da08ffe,2026-07-29T16:15:32.800384+00:00,149.066,4,2,vets-service|api-gateway,False,GET,/api/vet/vets,200,1,137.974,1
2026-07-29T16:16:41.700802+00:00,7dec7b8b287a2ea8,2026-07-29T16:15:32.672706+00:00,20.922,3,2,visits-service|api-gateway,False,GET,/api/visit/owners/1/pets/1/visits,200,0,0.0,1
2026-07-29T16:16:41.700802+00:00,017afa7b51720c9c,2026-07-29T16:15:32.467766+00:00,142.642,4,2,vets-service|api-gateway,False,GET,/api/vet/vets,200,1,129.428,1
2026-07-29T16:16:41.700802+00:00,29a6addffb6ca40f,2026-07-29T16:15:32.339946+00:00,17.693,3,2,visits-service|api-gateway,False,GET,/api/visit/owners/1/pets/1/visits,200,0,0.0,1
2026-07-29T16:16:41.700802+00:00,f25cb31d1162b1c1,2026-07-29T16:15:32.134782+00:00,73.274,4,2,customers-service|api-gateway,False,GET,/api/customer/owners/1,200,1,68.859,1
2026-07-29T16:16:41.700802+00:00,cc7470391f5c6479,2026-07-29T16:15:32.010158+00:00,152.774,4,2,vets-service|api-gateway,False,GET,/api/vet/vets,200,1,151.531,1
2026-07-29T16:16:41.700802+00:00,159b5d8951b14a89,2026-07-29T16:15:31.801339+00:00,35.638,3,2,api-gateway|visits-service,False,GET,/api/visit/owners/1/pets/1/visits,200,0,0.0,1
2026-07-29T16:16:41.700802+00:00,fbefde3890392839,2026-07-29T16:15:31.678388+00:00,37.419,3,2,visits-service|api-gateway,False,GET,/api/visit/owners/1/pets/1/visits,200,0,0.0,1
2026-07-29T16:16:41.700802+00:00,a56f63c6d66ab1d1,2026-07-29T16:15:31.467465+00:00,82.162,4,2,customers-service|api-gateway,False,GET,/api/customer/owners/1,200,1,65.853,1
2026-07-29T16:16:41.700802+00:00,2bfb4653a4d5dc8a,2026-07-29T16:15:31.301504+00:00,147.087,4,2,vets-service|api-gateway,False,GET,/api/vet/vets,200,1,133.391,1
2026-07-29T16:16:41.700802+00:00,9d67fb863c7f8494,2026-07-29T16:15:31.134588+00:00,132.061,4,2,vets-service|api-gateway,False,GET,/api/vet/vets,200,1,118.347,1
2026-07-29T16:16:41.700802+00:00,5d50d604c76c91b8,2026-07-29T16:15:31.013840+00:00,183.374,4,2,customers-service|api-gateway,False,GET,/api/customer/owners,200,1,182.167,1
2026-07-29T16:16:41.700802+00:00,5ecca993d8830006,2026-07-29T16:15:30.801058+00:00,196.225,4,2,vets-service|api-gateway,False,GET,/api/vet/vets,200,1,182.753,1
2026-07-29T16:16:41.700802+00:00,4c85a06715a1c573,2026-07-29T16:15:30.634601+00:00,44.083,3,2,api-gateway|visits-service,False,GET,/api/visit/owners/1/pets/1/visits,200,0,0.0,1
2026-07-29T16:16:41.700802+00:00,93e02b2cc3ea2977,2026-07-29T16:15:30.467453+00:00,134.228,4,2,vets-service|api-gateway,False,GET,/api/vet/vets,200,1,121.54,1
2026-07-29T16:16:41.700802+00:00,b31529d8585bad65,2026-07-29T16:15:30.301088+00:00,69.99,4,2,customers-service|api-gateway,False,GET,/api/customer/owners/1,200,1,64.455,1
2026-07-29T16:16:41.700802+00:00,401f4cb138d46143,2026-07-29T16:15:30.175231+00:00,19.666,3,2,visits-service|api-gateway,False,GET,/api/visit/owners/1/pets/1/visits,200,0,0.0,1
2026-07-29T16:16:41.700802+00:00,c6c1fbc71994f782,2026-07-29T16:15:30.011953+00:00,183.611,4,2,customers-service|api-gateway,False,GET,/api/customer/owners,200,1,182.434,1
2026-07-29T16:16:41.700802+00:00,30818adcf9a30ad5,2026-07-29T16:15:29.801203+00:00,139.99,4,2,vets-service|api-gateway,False,GET,/api/vet/vets,200,1,127.063,1
2026-07-29T16:16:41.700802+00:00,a387be7129e9a51c,2026-07-29T16:15:29.675322+00:00,20.67,3,2,visits-service|api-gateway,False,GET,/api/visit/owners/1/pets/1/visits,200,0,0.0,1
2026-07-29T16:16:41.700802+00:00,27f202011c94086f,2026-07-29T16:15:29.467835+00:00,68.03,4,2,customers-service|api-gateway,False,GET,/api/customer/owners/1,200,1,62.198,1
2026-07-29T16:16:41.700802+00:00,e3e978133a204e24,2026-07-29T16:15:29.300512+00:00,183.681,4,2,customers-service|api-gateway,False,GET,/api/customer/owners,200,1,169.676,1
2026-07-29T16:16:41.700802+00:00,42a06fdd599840ca,2026-07-29T16:15:29.179352+00:00,17.588,3,2,visits-service|api-gateway,False,GET,/api/visit/owners/1/pets/1/visits,200,0,0.0,1
2026-07-29T16:16:41.700802+00:00,7ec37b565267bf49,2026-07-29T16:15:29.010966+00:00,65.176,4,2,customers-service|api-gateway,False,GET,/api/customer/owners/1,200,1,63.977,1
2026-07-29T16:16:41.700802+00:00,73de8e2e14013087,2026-07-29T16:15:28.843675+00:00,187.325,4,2,vets-service|api-gateway,False,GET,/api/vet/vets,200,1,186.274,1
2026-07-29T16:16:41.700802+00:00,6b45beba9a4c5bfb,2026-07-29T16:15:28.634909+00:00,73.164,4,2,customers-service|api-gateway,False,GET,/api/customer/owners/1,200,1,66.815,1
2026-07-29T16:16:41.700802+00:00,77671fb052a1c9ae,2026-07-29T16:15:28.467943+00:00,136.381,4,2,vets-service|api-gateway,False,GET,/api/vet/vets,200,1,122.923,1
2026-07-29T16:16:41.700802+00:00,1ed88e384435edaa,2026-07-29T16:15:28.301085+00:00,75.261,4,2,customers-service|api-gateway,False,GET,/api/customer/owners/1,200,1,62.904,1
2026-07-29T16:16:41.700802+00:00,8993e17993e08b0d,2026-07-29T16:15:28.133783+00:00,59.695,4,2,customers-service|api-gateway,False,GET,/api/customer/owners/1,200,1,56.484,1
2026-07-29T16:16:41.700802+00:00,991547b8b478b494,2026-07-29T16:15:28.010153+00:00,189.082,4,2,customers-service|api-gateway,False,GET,/api/customer/owners,200,1,188.103,1
2026-07-29T16:16:41.700802+00:00,1cc7f2bfadeef2b5,2026-07-29T16:15:27.841347+00:00,165.683,4,2,customers-service|api-gateway,False,GET,/api/customer/owners,200,1,164.697,1
2026-07-29T16:16:41.700802+00:00,473ad7d950c1f1be,2026-07-29T16:15:27.675091+00:00,19.908,3,2,visits-service|api-gateway,False,GET,/api/visit/owners/1/pets/1/visits,200,0,0.0,1
2026-07-29T16:16:41.700802+00:00,e7e70df250600591,2026-07-29T16:15:27.467258+00:00,166.439,4,2,customers-service|api-gateway,False,GET,/api/customer/owners,200,1,163.322,1
2026-07-29T16:16:41.700802+00:00,e808fdca6b99bf78,2026-07-29T16:15:27.301036+00:00,26.496,3,2,api-gateway|visits-service,False,GET,/api/visit/owners/1/pets/1/visits,200,0,0.0,1
2026-07-29T16:16:41.700802+00:00,216fa90fead74e71,2026-07-29T16:15:27.133701+00:00,74.939,4,2,customers-service|api-gateway,False,GET,/api/customer/owners/1,200,1,62.648,1
2026-07-29T16:16:41.700802+00:00,70ec2acfa835a6f3,2026-07-29T16:15:26.969402+00:00,71.284,4,2,customers-service|api-gateway,False,GET,/api/customer/owners/1,200,1,70.228,1
2026-07-29T16:16:41.700802+00:00,7eaace7012e7b85f,2026-07-29T16:15:26.843057+00:00,189.217,4,2,customers-service|api-gateway,False,GET,/api/customer/owners,200,1,188.006,1
2026-07-29T16:16:41.700802+00:00,2c56d73991c7959c,2026-07-29T16:15:26.675023+00:00,21.72,3,2,visits-service|api-gateway,False,GET,/api/visit/owners/1/pets/1/visits,200,0,0.0,1
2026-07-29T16:16:41.700802+00:00,a6caca0bfa4a64e6,2026-07-29T16:15:26.468398+00:00,137.301,4,2,vets-service|api-gateway,False,GET,/api/vet/vets,200,1,126.394,1
2026-07-29T16:16:41.700802+00:00,65b460c9cc0d90ac,2026-07-29T16:15:26.342713+00:00,18.709,3,2,visits-service|api-gateway,False,GET,/api/visit/owners/1/pets/1/visits,200,0,0.0,1
2026-07-29T16:16:41.700802+00:00,0e6abed744435f5d,2026-07-29T16:15:26.134219+00:00,138.697,4,2,vets-service|api-gateway,False,GET,/api/vet/vets,200,1,124.502,1
2026-07-29T16:16:41.700802+00:00,05e8bd2c887640e8,2026-07-29T16:15:26.005398+00:00,16.375,3,2,visits-service|api-gateway,False,GET,/api/visit/owners/1/pets/1/visits,200,0,0.0,1
2026-07-29T16:16:41.700802+00:00,72049f37f1b4eabf,2026-07-29T16:15:25.839961+00:00,215.577,4,2,customers-service|api-gateway,False,GET,/api/customer/owners,200,1,214.367,1
2026-07-29T16:16:41.700802+00:00,f9700be5a8fd73a9,2026-07-29T16:15:25.672465+00:00,236.305,4,2,customers-service|api-gateway,False,GET,/api/customer/owners/1,200,1,235.297,1
2026-07-29T16:16:41.700802+00:00,b216691c6aff2091,2026-07-29T16:15:25.467851+00:00,495.6,4,2,customers-service|api-gateway,False,GET,/api/customer/owners,200,1,492.237,1
2026-07-29T16:16:41.700802+00:00,ae33fd5e46f48f95,2026-07-29T16:15:25.341104+00:00,21.414,3,2,visits-service|api-gateway,False,GET,/api/visit/owners/1/pets/1/visits,200,0,0.0,1
2026-07-29T16:16:41.700802+00:00,f496d781547cc1a6,2026-07-29T16:15:25.134179+00:00,440.465,4,2,customers-service|api-gateway,False,GET,/api/customer/owners/1,200,1,429.421,1
2026-07-29T16:16:41.700802+00:00,4bb27c54b7f4b8e2,2026-07-29T16:15:25.006069+00:00,114.347,3,2,visits-service|api-gateway,False,GET,/api/visit/owners/1/pets/1/visits,200,0,0.0,1
2026-07-29T16:16:41.700802+00:00,1a8c27b0d1ee9dba,2026-07-29T16:15:24.800704+00:00,994.705,4,2,customers-service|api-gateway,False,GET,/api/customer/owners,200,1,988.916,1
2026-07-29T16:16:41.700802+00:00,fe5fcfaa23f53ccb,2026-07-29T16:15:24.633774+00:00,940.773,4,2,vets-service|api-gateway,False,GET,/api/vet/vets,200,1,928.256,1
2026-07-29T16:16:41.700802+00:00,8c30e63e58add00f,2026-07-29T16:15:24.467563+00:00,870.635,4,2,vets-service|api-gateway,False,GET,/api/vet/vets,200,1,859.292,1
2026-07-29T16:16:41.700802+00:00,b8d5d384f0a53fcb,2026-07-29T16:15:24.344610+00:00,761.053,4,2,vets-service|api-gateway,False,GET,/api/vet/vets,200,1,759.814,1
2026-07-29T16:16:41.700802+00:00,5685d055280d9bd2,2026-07-29T16:15:24.178841+00:00,958.888,4,2,customers-service|api-gateway,False,GET,/api/customer/owners,200,1,957.894,1
2026-07-29T16:16:41.700802+00:00,c39f0deea9bc9727,2026-07-29T16:15:23.968700+00:00,398.344,4,2,customers-service|api-gateway,False,GET,/api/customer/owners/1,200,1,378.214,1
2026-07-29T16:16:41.700802+00:00,e2469e99ed012321,2026-07-29T16:15:23.856039+00:00,83.105,3,2,visits-service|api-gateway,False,GET,/api/visit/owners/1/pets/1/visits,200,0,0.0,1
2026-07-29T16:16:41.700802+00:00,914c5ad3b99f9f74,2026-07-29T16:15:23.634704+00:00,259.494,4,2,customers-service|api-gateway,False,GET,/api/customer/owners/1,200,1,253.953,1
2026-07-29T16:16:41.700802+00:00,30eae75f49fd92b7,2026-07-29T16:15:23.530629+00:00,173.299,3,2,visits-service|api-gateway,False,GET,/api/visit/owners/1/pets/1/visits,200,0,0.0,1
2026-07-29T16:16:41.700802+00:00,53980a1666448da7,2026-07-29T16:15:23.363359+00:00,801.119,4,2,vets-service|api-gateway,False,GET,/api/vet/vets,200,1,799.65,1
2026-07-29T16:16:41.700802+00:00,f538b6060e2d46e5,2026-07-29T16:15:23.198567+00:00,965.695,4,2,customers-service|api-gateway,False,GET,/api/customer/owners,200,1,964.419,1
2026-07-29T16:16:41.700802+00:00,5a5b7759c47f6124,2026-07-29T16:15:22.967013+00:00,686.038,4,2,vets-service|api-gateway,False,GET,/api/vet/vets,200,1,671.248,1
2026-07-29T16:16:41.700802+00:00,501d3b4241b24a18,2026-07-29T16:15:22.800789+00:00,468.96,4,2,customers-service|api-gateway,False,GET,/api/customer/owners/1,200,1,465.686,1
2026-07-29T16:16:41.700802+00:00,85b0077c79ae9c3e,2026-07-29T16:15:22.637773+00:00,1510.104,4,2,customers-service|api-gateway,False,GET,/api/customer/owners,200,1,1508.906,1
2026-07-29T16:16:41.700802+00:00,793070f41cf12ffa,2026-07-29T16:15:22.467820+00:00,1176.363,4,2,customers-service|api-gateway,False,GET,/api/customer/owners,200,1,1160.395,1
2026-07-29T16:16:41.700802+00:00,93d3f474b676ad65,2026-07-29T16:15:22.300928+00:00,1352.12,4,2,customers-service|api-gateway,False,GET,/api/customer/owners,200,1,1336.338,1
2026-07-29T16:16:41.700802+00:00,90fd91894ed90d04,2026-07-29T16:15:22.134202+00:00,172.969,3,2,api-gateway|visits-service,False,GET,/api/visit/owners/1/pets/1/visits,200,0,0.0,1
2026-07-29T16:16:41.700802+00:00,bcfdc1c9dac536e0,2026-07-29T16:15:22.073302+00:00,997.325,4,2,vets-service|api-gateway,False,GET,/api/vet/vets,200,1,995.968,1
2026-07-29T16:16:41.700802+00:00,54a1cac16c1377b0,2026-07-29T16:15:21.801443+00:00,999.92,4,2,vets-service|api-gateway,False,GET,/api/vet/vets,200,1,987.509,1
2026-07-29T16:16:41.700802+00:00,c48c3fa32af28315,2026-07-29T16:15:21.633461+00:00,669.671,4,2,customers-service|api-gateway,False,GET,/api/customer/owners/1,200,1,658.277,1
2026-07-29T16:16:41.700802+00:00,b4c266149c38d476,2026-07-29T16:15:21.532703+00:00,147.619,3,2,visits-service|api-gateway,False,GET,/api/visit/owners/1/pets/1/visits,200,0,0.0,1
2026-07-29T16:16:41.700802+00:00,0e0f3250ecb89958,2026-07-29T16:15:21.365411+00:00,766.778,4,2,vets-service|api-gateway,False,GET,/api/vet/vets,200,1,765.704,1
2026-07-29T16:16:41.700802+00:00,793bdc50ee69cefb,2026-07-29T16:15:21.134410+00:00,103.475,3,2,api-gateway|visits-service,False,GET,/api/visit/owners/1/pets/1/visits,200,0,0.0,1
2026-07-29T16:16:41.700802+00:00,5127f7c92615e578,2026-07-29T16:15:20.966828+00:00,486.919,4,2,customers-service|api-gateway,False,GET,/api/customer/owners,200,1,482.862,1
2026-07-29T16:16:41.700802+00:00,d65b85ebe37ae75d,2026-07-29T16:15:20.862181+00:00,137.747,4,2,vets-service|api-gateway,False,GET,/api/vet/vets,200,1,136.566,1
2026-07-29T16:16:41.700802+00:00,8437e8c462662417,2026-07-29T16:15:20.634179+00:00,132.718,4,2,vets-service|api-gateway,False,GET,/api/vet/vets,200,1,121.023,1
2026-07-29T16:16:41.700802+00:00,453f1ccfbe604ee7,2026-07-29T16:15:20.467176+00:00,55.705,4,2,customers-service|api-gateway,False,GET,/api/customer/owners/1,200,1,52.423,1
2026-07-29T16:16:41.700802+00:00,dafe08409a1568e3,2026-07-29T16:15:20.300668+00:00,75.484,4,2,customers-service|api-gateway,False,GET,/api/customer/owners/1,200,1,63.341,1
2026-07-29T16:16:41.700802+00:00,34614876f6417bc8,2026-07-29T16:15:20.134121+00:00,350.038,4,2,vets-service|api-gateway,False,GET,/api/vet/vets,200,1,338.932,1
2026-07-29T16:16:41.700802+00:00,1e3e4ec4829de485,2026-07-29T16:15:20.028752+00:00,12.164,3,2,visits-service|api-gateway,False,GET,/api/visit/owners/1/pets/1/visits,200,0,0.0,1
2026-07-29T16:16:41.700802+00:00,c723c6c4ccf5f074,2026-07-29T16:15:19.863871+00:00,19.143,3,2,visits-service|api-gateway,False,GET,/api/visit/owners/1/pets/1/visits,200,0,0.0,1
2026-07-29T16:16:41.700802+00:00,1783432cf0d7bcf1,2026-07-29T16:15:19.698125+00:00,68.43,4,2,customers-service|api-gateway,False,GET,/api/customer/owners/1,200,1,67.217,1
2026-07-29T16:16:41.700802+00:00,588001faa4abacb8,2026-07-29T16:15:19.467517+00:00,78.743,4,2,customers-service|api-gateway,False,GET,/api/customer/owners/1,200,1,66.258,1
2026-07-29T16:16:41.700802+00:00,e89b3411f8e604bf,2026-07-29T16:15:19.301094+00:00,136.604,4,2,vets-service|api-gateway,False,GET,/api/vet/vets,200,1,124.567,1
2026-07-29T16:16:41.700802+00:00,b53b1e3c4a45f8a0,2026-07-29T16:15:19.133968+00:00,139.578,4,2,vets-service|api-gateway,False,GET,/api/vet/vets,200,1,125.396,1
2026-07-29T16:16:41.700802+00:00,c0cce6cb53c8dfcd,2026-07-29T16:15:19.030479+00:00,124.262,4,2,vets-service|api-gateway,False,GET,/api/vet/vets,200,1,122.989,1
2026-07-29T16:16:41.700802+00:00,c734e316268bcccb,2026-07-29T16:15:18.800994+00:00,31.577,3,2,api-gateway|visits-service,False,GET,/api/visit/owners/1/pets/1/visits,200,0,0.0,1
2026-07-29T16:16:41.700802+00:00,40fc237d7b71e7c3,2026-07-29T16:15:18.634636+00:00,143.125,4,2,vets-service|api-gateway,False,GET,/api/vet/vets,200,1,128.528,1
2026-07-29T16:16:41.700802+00:00,1f83f81f68703866,2026-07-29T16:15:18.529631+00:00,10.85,3,2,visits-service|api-gateway,False,GET,/api/visit/owners/1/pets/1/visits,200,0,0.0,1
2026-07-29T16:16:41.700802+00:00,2d2035362cdd047d,2026-07-29T16:15:18.301608+00:00,152.314,4,2,vets-service|api-gateway,False,GET,/api/vet/vets,200,1,137.7,1
2026-07-29T16:16:41.700802+00:00,fa0e46701ab4e1b3,2026-07-29T16:15:18.134825+00:00,26.116,3,2,api-gateway|visits-service,False,GET,/api/visit/owners/1/pets/1/visits,200,0,0.0,1
2026-07-29T16:16:41.700802+00:00,a1770950b21fef8b,2026-07-29T16:15:18.029389+00:00,11.367,3,2,visits-service|api-gateway,False,GET,/api/visit/owners/1/pets/1/visits,200,0,0.0,1
2026-07-29T16:16:41.700802+00:00,e20874bdfec2a3d3,2026-07-29T16:15:17.863724+00:00,27.148,3,2,visits-service|api-gateway,False,GET,/api/visit/owners/1/pets/1/visits,200,0,0.0,1
2026-07-29T16:16:41.700802+00:00,07a94ab564ee491e,2026-07-29T16:15:17.634405+00:00,38.879,3,2,api-gateway|visits-service,False,GET,/api/visit/owners/1/pets/1/visits,200,0,0.0,1
2026-07-29T16:16:41.700802+00:00,a330336cc123a4b2,2026-07-29T16:15:17.467579+00:00,170.719,4,2,customers-service|api-gateway,False,GET,/api/customer/owners,200,1,167.407,1
2026-07-29T16:16:41.700802+00:00,f25870b92013255c,2026-07-29T16:15:17.300696+00:00,74.49,4,2,customers-service|api-gateway,False,GET,/api/customer/owners/1,200,1,68.976,1
2026-07-29T16:16:41.700802+00:00,86a08be89239b992,2026-07-29T16:15:17.134645+00:00,184.2,4,2,customers-service|api-gateway,False,GET,/api/customer/owners,200,1,170.193,1
2026-07-29T16:16:41.700802+00:00,05134f91b676b6e2,2026-07-29T16:15:17.028400+00:00,152.992,4,2,vets-service|api-gateway,False,GET,/api/vet/vets,200,1,151.645,1
2026-07-29T16:16:41.700802+00:00,10e830647deeee87,2026-07-29T16:15:16.862224+00:00,204.304,4,2,customers-service|api-gateway,False,GET,/api/customer/owners,200,1,203.18,1
2026-07-29T16:16:41.700802+00:00,6526cd6fa18ab45a,2026-07-29T16:15:16.694053+00:00,126.354,4,2,vets-service|api-gateway,False,GET,/api/vet/vets,200,1,125.154,1
2026-07-29T16:16:41.700802+00:00,171350a8cf6f5ea6,2026-07-29T16:15:16.467002+00:00,145.81,4,2,vets-service|api-gateway,False,GET,/api/vet/vets,200,1,132.694,1
2026-07-29T16:16:41.700802+00:00,557323b0596c3518,2026-07-29T16:15:16.362447+00:00,31.936,3,2,visits-service|api-gateway,False,GET,/api/visit/owners/1/pets/1/visits,200,0,0.0,1
2026-07-29T16:16:41.700802+00:00,b29500eaecb6dd88,2026-07-29T16:15:16.133977+00:00,214.793,4,2,customers-service|api-gateway,False,GET,/api/customer/owners,200,1,201.447,1
2026-07-29T16:16:41.700802+00:00,69212474f298b76b,2026-07-29T16:15:16.026998+00:00,17.753,3,2,visits-service|api-gateway,False,GET,/api/visit/owners/1/pets/1/visits,200,0,0.0,1
2026-07-29T16:16:41.700802+00:00,c314f84d08b11299,2026-07-29T16:15:15.801023+00:00,54.926,4,2,customers-service|api-gateway,False,GET,/api/customer/owners/1,200,1,51.578,1
2026-07-29T16:16:41.700802+00:00,80b50520c7caeab7,2026-07-29T16:15:15.694688+00:00,17.959,3,2,visits-service|api-gateway,False,GET,/api/visit/owners/1/pets/1/visits,200,0,0.0,1
2026-07-29T16:16:41.700802+00:00,5995f8c17c001edf,2026-07-29T16:15:15.468252+00:00,73.019,4,2,customers-service|api-gateway,False,GET,/api/customer/owners/1,200,1,67.243,1
2026-07-29T16:16:41.700802+00:00,ed9ec923bab548b9,2026-07-29T16:15:15.360517+00:00,18.507,3,2,visits-service|api-gateway,False,GET,/api/visit/owners/1/pets/1/visits,200,0,0.0,1
2026-07-29T16:16:41.700802+00:00,0e1c54c56b86e5a9,2026-07-29T16:15:15.134034+00:00,134.784,4,2,vets-service|api-gateway,False,GET,/api/vet/vets,200,1,120.828,1
2026-07-29T16:16:41.700802+00:00,ade27e0096a40faa,2026-07-29T16:15:15.027026+00:00,29.969,3,2,visits-service|api-gateway,False,GET,/api/visit/owners/1/pets/1/visits,200,0,0.0,1
2026-07-29T16:16:41.700802+00:00,a3e7dd994d07b947,2026-07-29T16:15:14.858736+00:00,197.496,4,2,customers-service|api-gateway,False,GET,/api/customer/owners,200,1,196.262,1
2026-07-29T16:16:41.700802+00:00,c6090b7c04a3084c,2026-07-29T16:15:14.691442+00:00,220.635,4,2,customers-service|api-gateway,False,GET,/api/customer/owners,200,1,219.574,1
2026-07-29T16:16:41.700802+00:00,7f2357ca6057d0ed,2026-07-29T16:15:14.525458+00:00,229.394,4,2,customers-service|api-gateway,False,GET,/api/customer/owners,200,1,228.351,1
2026-07-29T16:16:41.700802+00:00,f5c20927806ba8d4,2026-07-29T16:15:14.300161+00:00,149.492,4,2,vets-service|api-gateway,False,GET,/api/vet/vets,200,1,137.827,1
2026-07-29T16:16:41.700802+00:00,23d25da0bf1c37f1,2026-07-29T16:15:14.133966+00:00,185.547,4,2,customers-service|api-gateway,False,GET,/api/customer/owners,200,1,180.188,1
2026-07-29T16:16:41.700802+00:00,9daaec57618429a2,2026-07-29T16:15:13.970212+00:00,73.909,4,2,customers-service|api-gateway,False,GET,/api/customer/owners/1,200,1,73.909,1
2026-07-29T16:16:41.700802+00:00,d4f433a915da9d67,2026-07-29T16:15:13.857898+00:00,180.024,4,2,customers-service|api-gateway,False,GET,/api/customer/owners,200,1,178.891,1
2026-07-29T16:16:41.700802+00:00,efecd9c8a8e20e2e,2026-07-29T16:15:13.692631+00:00,135.301,4,2,vets-service|api-gateway,False,GET,/api/vet/vets,200,1,133.985,1
2026-07-29T16:16:41.700802+00:00,2e547445050dfb97,2026-07-29T16:15:13.467481+00:00,73.72,4,2,customers-service|api-gateway,False,GET,/api/customer/owners/1,200,1,61.105,1
2026-07-29T16:16:41.700802+00:00,4461504274962328,2026-07-29T16:15:13.301262+00:00,185.905,4,2,customers-service|api-gateway,False,GET,/api/customer/owners,200,1,173.573,1
2026-07-29T16:16:41.700802+00:00,c4cbb1beaf378627,2026-07-29T16:15:13.133760+00:00,176.285,4,2,vets-service|api-gateway,False,GET,/api/vet/vets,200,1,163.484,1
2026-07-29T16:16:41.700802+00:00,629b5c17aad117f4,2026-07-29T16:15:12.967172+00:00,170.497,4,2,vets-service|api-gateway,False,GET,/api/vet/vets,200,1,157.639,1
2026-07-29T16:16:41.700802+00:00,239838ce41476c2f,2026-07-29T16:15:12.801467+00:00,77.705,4,2,customers-service|api-gateway,False,GET,/api/customer/owners/1,200,1,71.818,1
2026-07-29T16:16:41.700802+00:00,4205679824683fce,2026-07-29T16:15:12.634004+00:00,87.434,4,2,customers-service|api-gateway,False,GET,/api/customer/owners/1,200,1,81.467,1
2026-07-29T16:16:41.700802+00:00,e2faafb0eb2403b7,2026-07-29T16:15:12.522414+00:00,16.236,3,2,visits-service|api-gateway,False,GET,/api/visit/owners/1/pets/1/visits,200,0,0.0,1
2026-07-29T16:16:41.700802+00:00,a738bbfcb9168ad0,2026-07-29T16:15:12.301542+00:00,145.908,4,2,vets-service|api-gateway,False,GET,/api/vet/vets,200,1,132.843,1
2026-07-29T16:16:41.700802+00:00,b434bd7de19c69d7,2026-07-29T16:15:12.134686+00:00,241.132,4,2,customers-service|api-gateway,False,GET,/api/customer/owners,200,1,225.96,1
2026-07-29T16:16:41.700802+00:00,36e3c0a8d9bfe004,2026-07-29T16:15:12.023484+00:00,20.332,3,2,visits-service|api-gateway,False,GET,/api/visit/owners/1/pets/1/visits,200,0,0.0,1
2026-07-29T16:16:41.700802+00:00,403cae1a6f094a5e,2026-07-29T16:15:11.857898+00:00,177.372,4,2,customers-service|api-gateway,False,GET,/api/customer/owners,200,1,176.226,1
2026-07-29T16:16:41.700802+00:00,8c5368f87b38036a,2026-07-29T16:15:11.692120+00:00,55.555,4,2,customers-service|api-gateway,False,GET,/api/customer/owners/1,200,1,54.291,1
2026-07-29T16:16:41.700802+00:00,bebb002ff56bc5ad,2026-07-29T16:15:11.468385+00:00,72.637,4,2,customers-service|api-gateway,False,GET,/api/customer/owners/1,200,1,66.451,1
2026-07-29T16:16:41.700802+00:00,8081225cc412d1e8,2026-07-29T16:15:11.301275+00:00,73.124,4,2,customers-service|api-gateway,False,GET,/api/customer/owners/1,200,1,66.746,1
2026-07-29T16:16:41.700802+00:00,7a11707df745234a,2026-07-29T16:15:11.133893+00:00,89.747,4,2,customers-service|api-gateway,False,GET,/api/customer/owners/1,200,1,75.057,1
2026-07-29T16:16:41.700802+00:00,8a44e8eaef75cf64,2026-07-29T16:15:11.025154+00:00,101.824,4,2,customers-service|api-gateway,False,GET,/api/customer/owners/1,200,1,100.845,1
2026-07-29T16:16:41.700802+00:00,3482b251c091ee0a,2026-07-29T16:15:10.858360+00:00,134.699,4,2,vets-service|api-gateway,False,GET,/api/vet/vets,200,1,133.46,1
2026-07-29T16:16:41.700802+00:00,1ec0b9a79bf00b8a,2026-07-29T16:15:10.691335+00:00,169.171,4,2,customers-service|api-gateway,False,GET,/api/customer/owners,200,1,168.079,1
2026-07-29T16:16:41.700802+00:00,f9190b0ed6fd6086,2026-07-29T16:15:10.467165+00:00,136.27,4,2,vets-service|api-gateway,False,GET,/api/vet/vets,200,1,123.842,1
2026-07-29T16:16:41.700802+00:00,6db8ebd75766ff05,2026-07-29T16:15:10.301332+00:00,131.165,4,2,vets-service|api-gateway,False,GET,/api/vet/vets,200,1,119.122,1
2026-07-29T16:16:41.700802+00:00,30b7870d9e21e1fa,2026-07-29T16:15:10.134070+00:00,62.853,4,2,customers-service|api-gateway,False,GET,/api/customer/owners/1,200,1,59.73,1
2026-07-29T16:16:41.700802+00:00,360702606fbf6a6c,2026-07-29T16:15:10.023795+00:00,18.325,3,2,visits-service|api-gateway,False,GET,/api/visit/owners/1/pets/1/visits,200,0,0.0,1
2026-07-29T16:16:41.700802+00:00,689c49f6e21c08b7,2026-07-29T16:15:09.800579+00:00,63.269,4,2,customers-service|api-gateway,False,GET,/api/customer/owners/1,200,1,59.662,1
2026-07-29T16:16:41.700802+00:00,447f2a0ae6df806e,2026-07-29T16:15:09.690899+00:00,205.306,4,2,customers-service|api-gateway,False,GET,/api/customer/owners,200,1,204.004,1
2026-07-29T16:16:41.700802+00:00,b82e6fe5cfae6520,2026-07-29T16:15:09.467140+00:00,142.049,4,2,vets-service|api-gateway,False,GET,/api/vet/vets,200,1,129.164,1
2026-07-29T16:16:41.700802+00:00,22b57435839cde28,2026-07-29T16:15:09.300815+00:00,80.996,4,2,customers-service|api-gateway,False,GET,/api/customer/owners/1,200,1,69.415,1
2026-07-29T16:16:41.700802+00:00,b956671c8de944a6,2026-07-29T16:15:09.189741+00:00,25.064,3,2,visits-service|api-gateway,False,GET,/api/visit/owners/1/pets/1/visits,200,0,0.0,1
2026-07-29T16:16:41.700802+00:00,e132eca0a253b921,2026-07-29T16:15:08.967825+00:00,188.696,4,2,customers-service|api-gateway,False,GET,/api/customer/owners,200,1,174.298,1
2026-07-29T16:16:41.700802+00:00,41c264739869267d,2026-07-29T16:15:08.801425+00:00,77.591,4,2,customers-service|api-gateway,False,GET,/api/customer/owners/1,200,1,71.919,1
2026-07-29T16:16:41.700802+00:00,b18d948549378195,2026-07-29T16:15:08.634133+00:00,143.545,4,2,vets-service|api-gateway,False,GET,/api/vet/vets,200,1,129.046,1
2026-07-29T16:16:41.700802+00:00,e6ab6b67e94abea4,2026-07-29T16:15:08.470651+00:00,167.514,4,2,customers-service|api-gateway,False,GET,/api/customer/owners,200,1,163.662,1
2026-07-29T16:16:41.700802+00:00,3e8a66653b0f24d6,2026-07-29T16:15:08.301584+00:00,177.091,4,2,customers-service|api-gateway,False,GET,/api/customer/owners,200,1,163.996,1
2026-07-29T16:16:41.700802+00:00,55a73446920e4257,2026-07-29T16:15:08.134178+00:00,191.954,4,2,vets-service|api-gateway,False,GET,/api/vet/vets,200,1,179.091,1
2026-07-29T16:16:41.700802+00:00,7ce18c222094ab99,2026-07-29T16:15:07.967182+00:00,351.375,4,2,customers-service|api-gateway,False,GET,/api/customer/owners,200,1,339.47,1
2026-07-29T16:16:41.700802+00:00,b0cd9660af499206,2026-07-29T16:15:07.854099+00:00,243.094,4,2,vets-service|api-gateway,False,GET,/api/vet/vets,200,1,241.765,1
2026-07-29T16:16:41.700802+00:00,7246b3e1e9a07f47,2026-07-29T16:15:07.688004+00:00,53.936,4,2,customers-service|api-gateway,False,GET,/api/customer/owners/1,200,1,52.791,1
2026-07-29T16:16:41.700802+00:00,f6110f82f0297573,2026-07-29T16:15:07.466998+00:00,68.925,4,2,customers-service|api-gateway,False,GET,/api/customer/owners/1,200,1,64.828,1
2026-07-29T16:16:41.700802+00:00,d9ea7ede4f53bb65,2026-07-29T16:15:07.300767+00:00,68.564,4,2,customers-service|api-gateway,False,GET,/api/customer/owners/1,200,1,65.657,1
2026-07-29T16:16:41.700802+00:00,b8075dbcb703fb8b,2026-07-29T16:15:07.133772+00:00,82.455,4,2,customers-service|api-gateway,False,GET,/api/customer/owners/1,200,1,70.318,1
2026-07-29T16:16:41.700802+00:00,92f34afc48f02feb,2026-07-29T16:15:06.967349+00:00,263.472,4,2,customers-service|api-gateway,False,GET,/api/customer/owners,200,1,252.298,1
2026-07-29T16:16:41.700802+00:00,2ed6a994c21db728,2026-07-29T16:15:06.853550+00:00,18.656,3,2,visits-service|api-gateway,False,GET,/api/visit/owners/1/pets/1/visits,200,0,0.0,1
2026-07-29T16:16:41.700802+00:00,ebc005d9f666e750,2026-07-29T16:15:06.634090+00:00,148.683,4,2,vets-service|api-gateway,False,GET,/api/vet/vets,200,1,136.246,1
2026-07-29T16:16:41.700802+00:00,9b197dd5ae4d93c2,2026-07-29T16:15:06.522001+00:00,26.384,3,2,visits-service|api-gateway,False,GET,/api/visit/owners/1/pets/1/visits,200,0,0.0,1
2026-07-29T16:16:41.700802+00:00,d071a41beb2c276a,2026-07-29T16:15:06.300916+00:00,26.99,3,2,api-gateway|visits-service,False,GET,/api/visit/owners/1/pets/1/visits,200,0,0.0,1
2026-07-29T16:16:41.700802+00:00,f6d2bd8ea3ebeb9c,2026-07-29T16:15:06.136086+00:00,233.309,4,2,customers-service|api-gateway,False,GET,/api/customer/owners,200,1,221.909,1
2026-07-29T16:16:41.700802+00:00,3d56aca040d4294a,2026-07-29T16:15:05.967352+00:00,158.89,4,2,customers-service|api-gateway,False,GET,/api/customer/owners,200,1,155.389,1
2026-07-29T16:16:41.700802+00:00,91edf55270a218c1,2026-07-29T16:15:05.800795+00:00,54.836,4,2,customers-service|api-gateway,False,GET,/api/customer/owners/1,200,1,51.581,1
2026-07-29T16:16:41.700802+00:00,f4ed191514aaea34,2026-07-29T16:15:05.686959+00:00,20.009,3,2,visits-service|api-gateway,False,GET,/api/visit/owners/1/pets/1/visits,200,0,0.0,1
2026-07-29T16:16:41.700802+00:00,4c8752088f5ebbff,2026-07-29T16:15:05.467343+00:00,68.3,4,2,customers-service|api-gateway,False,GET,/api/customer/owners/1,200,1,57.221,1
2026-07-29T16:16:41.700802+00:00,b7634258519f809e,2026-07-29T16:15:05.301484+00:00,82.673,4,2,customers-service|api-gateway,False,GET,/api/customer/owners/1,200,1,67.506,1
2026-07-29T16:16:41.700802+00:00,2dec2441ccfd14f0,2026-07-29T16:15:05.135992+00:00,81.971,4,2,customers-service|api-gateway,False,GET,/api/customer/owners/1,200,1,66.535,1
2026-07-29T16:16:41.700802+00:00,78f44477cd3b12d0,2026-07-29T16:15:04.967833+00:00,150.315,4,2,vets-service|api-gateway,False,GET,/api/vet/vets,200,1,135.642,1
2026-07-29T16:16:41.700802+00:00,5d50767891bb5f7a,2026-07-29T16:15:04.800575+00:00,28.974,3,2,api-gateway|visits-service,False,GET,/api/visit/owners/1/pets/1/visits,200,0,0.0,1
2026-07-29T16:16:41.700802+00:00,80410363c04b866b,2026-07-29T16:15:04.684656+00:00,160.285,4,2,vets-service|api-gateway,False,GET,/api/vet/vets,200,1,158.981,1
2026-07-29T16:16:41.700802+00:00,ec5876d6189839f2,2026-07-29T16:15:04.467460+00:00,60.858,4,2,customers-service|api-gateway,False,GET,/api/customer/owners/1,200,1,56.822,1
2026-07-29T16:16:41.700802+00:00,e12e2345903b53b8,2026-07-29T16:15:04.300434+00:00,195.078,4,2,customers-service|api-gateway,False,GET,/api/customer/owners,200,1,189.576,1
2026-07-29T16:16:41.700802+00:00,92f69de741076804,2026-07-29T16:15:04.134273+00:00,196.444,4,2,customers-service|api-gateway,False,GET,/api/customer/owners,200,1,182.641,1
2026-07-29T16:16:41.700802+00:00,9218ea6c17f3ab34,2026-07-29T16:15:03.968237+00:00,229.611,4,2,customers-service|api-gateway,False,GET,/api/customer/owners,200,1,215.355,1
2026-07-29T16:16:41.700802+00:00,afe9673fc5719419,2026-07-29T16:15:03.852676+00:00,69.301,4,2,customers-service|api-gateway,False,GET,/api/customer/owners/1,200,1,68.222,1
2026-07-29T16:16:41.700802+00:00,2c5d558b7e5d89b1,2026-07-29T16:15:03.633959+00:00,32.39,3,2,api-gateway|visits-service,False,GET,/api/visit/owners/1/pets/1/visits,200,0,0.0,1
2026-07-29T16:16:41.700802+00:00,bde6fe1796e38ba7,2026-07-29T16:15:03.467794+00:00,67.672,4,2,customers-service|api-gateway,False,GET,/api/customer/owners/1,200,1,61.779,1
2026-07-29T16:16:41.700802+00:00,1884c8de0d7cab38,2026-07-29T16:15:03.301249+00:00,145.293,4,2,vets-service|api-gateway,False,GET,/api/vet/vets,200,1,132.3,1
2026-07-29T16:16:41.700802+00:00,2b1e881550465168,2026-07-29T16:15:03.133435+00:00,142.78,4,2,vets-service|api-gateway,False,GET,/api/vet/vets,200,1,130.966,1
2026-07-29T16:16:41.700802+00:00,cb592aec3a369123,2026-07-29T16:15:02.967057+00:00,191.041,4,2,customers-service|api-gateway,False,GET,/api/customer/owners,200,1,186.555,1
2026-07-29T16:16:41.700802+00:00,b537a0ce61fd31b9,2026-07-29T16:15:02.849124+00:00,171.87,4,2,customers-service|api-gateway,False,GET,/api/customer/owners,200,1,170.673,1
2026-07-29T16:16:41.700802+00:00,8294c72e9734bc15,2026-07-29T16:15:02.683866+00:00,177.168,4,2,customers-service|api-gateway,False,GET,/api/customer/owners,200,1,175.976,1
2026-07-29T16:16:41.700802+00:00,73f5aa0dc4961523,2026-07-29T16:15:02.467648+00:00,29.629,3,2,api-gateway|visits-service,False,GET,/api/visit/owners/1/pets/1/visits,200,0,0.0,1
2026-07-29T16:16:41.700802+00:00,c0819fc751a48df9,2026-07-29T16:15:02.300798+00:00,29.237,3,2,api-gateway|visits-service,False,GET,/api/visit/owners/1/pets/1/visits,200,0,0.0,1
2026-07-29T16:16:41.700802+00:00,28c02779fd0565ea,2026-07-29T16:15:02.133298+00:00,27.991,3,2,api-gateway|visits-service,False,GET,/api/visit/owners/1/pets/1/visits,200,0,0.0,1
2026-07-29T16:16:41.700802+00:00,b4335e8143533499,2026-07-29T16:15:01.967926+00:00,146.093,4,2,vets-service|api-gateway,False,GET,/api/vet/vets,200,1,133.064,1
2026-07-29T16:16:41.700802+00:00,8ac142ee9d6a348b,2026-07-29T16:15:01.801543+00:00,31.81,3,2,api-gateway|visits-service,False,GET,/api/visit/owners/1/pets/1/visits,200,0,0.0,1
2026-07-29T16:16:41.700802+00:00,ffdc5da7fdea1913,2026-07-29T16:15:01.683030+00:00,78.471,4,2,customers-service|api-gateway,False,GET,/api/customer/owners/1,200,1,77.313,1
2026-07-29T16:16:41.700802+00:00,27bbc38ccbeb1bf4,2026-07-29T16:15:01.467482+00:00,40.509,3,2,api-gateway|visits-service,False,GET,/api/visit/owners/1/pets/1/visits,200,0,0.0,1
2026-07-29T16:16:41.700802+00:00,7ee63018aea0bfa0,2026-07-29T16:15:01.301225+00:00,256.472,4,2,customers-service|api-gateway,False,GET,/api/customer/owners,200,1,250.393,1
2026-07-29T16:16:41.700802+00:00,58e391ac4a051df5,2026-07-29T16:15:01.134331+00:00,201.477,4,2,customers-service|api-gateway,False,GET,/api/customer/owners,200,1,195.995,1
2026-07-29T16:16:41.700802+00:00,837c0a6ce434bd8a,2026-07-29T16:15:00.966812+00:00,22.387,3,2,api-gateway|visits-service,False,GET,/api/visit/owners/1/pets/1/visits,200,0,0.0,1
2026-07-29T16:16:41.700802+00:00,813154cc1f1ff212,2026-07-29T16:15:00.848817+00:00,19.401,3,2,visits-service|api-gateway,False,GET,/api/visit/owners/1/pets/1/visits,200,0,0.0,1
2026-07-29T16:16:41.700802+00:00,cd932d687cb180d7,2026-07-29T16:15:00.633818+00:00,37.715,3,2,api-gateway|visits-service,False,GET,/api/visit/owners/1/pets/1/visits,200,0,0.0,1
2026-07-29T16:16:41.700802+00:00,a7c1f44ad6e8ca5d,2026-07-29T16:15:00.467390+00:00,142.605,4,2,vets-service|api-gateway,False,GET,/api/vet/vets,200,1,130.227,1
2026-07-29T16:16:41.700802+00:00,681c9befe3803377,2026-07-29T16:15:00.300979+00:00,144.02,4,2,vets-service|api-gateway,False,GET,/api/vet/vets,200,1,131.672,1
2026-07-29T16:16:41.700802+00:00,fc3980e965346ecc,2026-07-29T16:15:00.134115+00:00,174.426,4,2,customers-service|api-gateway,False,GET,/api/customer/owners,200,1,161.346,1
2026-07-29T16:16:41.700802+00:00,499e486ac936e48f,2026-07-29T16:14:59.968072+00:00,173.772,4,2,customers-service|api-gateway,False,GET,/api/customer/owners,200,1,160.979,1
2026-07-29T16:16:41.700802+00:00,6efb8bfd5b519074,2026-07-29T16:14:59.848705+00:00,63.84,4,2,customers-service|api-gateway,False,GET,/api/customer/owners/1,200,1,62.735,1
2026-07-29T16:16:41.700802+00:00,bd77608ca26a67fc,2026-07-29T16:14:59.634278+00:00,205.121,4,2,customers-service|api-gateway,False,GET,/api/customer/owners,200,1,199.524,1
2026-07-29T16:16:41.700802+00:00,72904051894bc4dc,2026-07-29T16:14:59.468066+00:00,147.436,4,2,vets-service|api-gateway,False,GET,/api/vet/vets,200,1,133.308,1
2026-07-29T16:16:41.700802+00:00,f99c13914b4e0125,2026-07-29T16:14:59.300514+00:00,70.678,4,2,customers-service|api-gateway,False,GET,/api/customer/owners/1,200,1,64.667,1
2026-07-29T16:16:41.700802+00:00,2b24640a6159d7a5,2026-07-29T16:14:59.134732+00:00,130.638,4,2,vets-service|api-gateway,False,GET,/api/vet/vets,200,1,116.961,1
2026-07-29T16:16:41.700802+00:00,a8ac27f08c86a03c,2026-07-29T16:14:58.968160+00:00,185.12,4,2,customers-service|api-gateway,False,GET,/api/customer/owners,200,1,170.873,1
2026-07-29T16:16:41.700802+00:00,74b6486977798754,2026-07-29T16:14:58.848349+00:00,176.415,4,2,customers-service|api-gateway,False,GET,/api/customer/owners,200,1,175.209,1
2026-07-29T16:16:41.700802+00:00,f04c663ec17c1693,2026-07-29T16:14:58.682054+00:00,144.362,4,2,vets-service|api-gateway,False,GET,/api/vet/vets,200,1,143.119,1
2026-07-29T16:16:41.700802+00:00,de3d9ea1386c275e,2026-07-29T16:14:58.515319+00:00,153.01,4,2,vets-service|api-gateway,False,GET,/api/vet/vets,200,1,151.791,1
2026-07-29T16:16:41.700802+00:00,38fa5e0f5359bbd5,2026-07-29T16:14:58.301452+00:00,31.989,3,2,api-gateway|visits-service,False,GET,/api/visit/owners/1/pets/1/visits,200,0,0.0,1
2026-07-29T16:16:41.700802+00:00,d3b8ca8f5ff97be6,2026-07-29T16:14:58.134375+00:00,187.734,4,2,vets-service|api-gateway,False,GET,/api/vet/vets,200,1,175.275,1
2026-07-29T16:16:41.700802+00:00,2485f9f0019a78af,2026-07-29T16:14:58.012565+00:00,67.743,4,2,customers-service|api-gateway,False,GET,/api/customer/owners/1,200,1,66.56,1
2026-07-29T16:16:41.700802+00:00,c17c44638ef5589e,2026-07-29T16:14:57.845781+00:00,168.135,4,2,vets-service|api-gateway,False,GET,/api/vet/vets,200,1,166.739,1
2026-07-29T16:16:41.700802+00:00,f6b64eb17cccb542,2026-07-29T16:14:57.634374+00:00,173.524,4,2,customers-service|api-gateway,False,GET,/api/customer/owners,200,1,169.523,1
2026-07-29T16:16:41.700802+00:00,5c3ff7ee9294aeb5,2026-07-29T16:14:57.467587+00:00,31.093,3,2,api-gateway|visits-service,False,GET,/api/visit/owners/1/pets/1/visits,200,0,0.0,1
2026-07-29T16:16:41.700802+00:00,b0fbb0f1add8aaf4,2026-07-29T16:14:57.301113+00:00,127.172,4,2,vets-service|api-gateway,False,GET,/api/vet/vets,200,1,115.403,1
2026-07-29T16:16:41.700802+00:00,3883abf5e3ff0510,2026-07-29T16:14:57.133533+00:00,37.821,3,2,api-gateway|visits-service,False,GET,/api/visit/owners/1/pets/1/visits,200,0,0.0,1
2026-07-29T16:16:41.700802+00:00,8845817cd2d3c4e3,2026-07-29T16:14:56.967319+00:00,161.569,4,2,vets-service|api-gateway,False,GET,/api/vet/vets,200,1,145.327,1
2026-07-29T16:16:41.700802+00:00,c552f7d26b6af50e,2026-07-29T16:14:56.845436+00:00,131.705,4,2,vets-service|api-gateway,False,GET,/api/vet/vets,200,1,130.404,1
2026-07-29T16:16:41.700802+00:00,f66d30384d579314,2026-07-29T16:14:56.634051+00:00,46.492,3,2,api-gateway|visits-service,False,GET,/api/visit/owners/1/pets/1/visits,200,0,0.0,1
2026-07-29T16:16:41.700802+00:00,aad45d31daeab918,2026-07-29T16:14:56.467312+00:00,158.134,4,2,customers-service|api-gateway,False,GET,/api/customer/owners,200,1,154.498,1
2026-07-29T16:16:41.700802+00:00,d9469fb9694ea939,2026-07-29T16:14:56.301348+00:00,80.684,4,2,customers-service|api-gateway,False,GET,/api/customer/owners/1,200,1,66.376,1
2026-07-29T16:16:41.700802+00:00,7586c684b34ba12b,2026-07-29T16:14:56.134007+00:00,33.407,3,2,api-gateway|visits-service,False,GET,/api/visit/owners/1/pets/1/visits,200,0,0.0,1
2026-07-29T16:16:41.700802+00:00,b84f6fc6c9abaa8b,2026-07-29T16:14:56.012578+00:00,61.122,4,2,customers-service|api-gateway,False,GET,/api/customer/owners/1,200,1,59.932,1
2026-07-29T16:16:41.700802+00:00,6ba98308beffea14,2026-07-29T16:14:55.800537+00:00,87.738,4,2,customers-service|api-gateway,False,GET,/api/customer/owners/1,200,1,81.348,1
2026-07-29T16:16:41.700802+00:00,1567665bb9d0d387,2026-07-29T16:14:55.678660+00:00,273.51,4,2,vets-service|api-gateway,False,GET,/api/vet/vets,200,1,272.474,1
2026-07-29T16:16:41.700802+00:00,00865218954da726,2026-07-29T16:14:55.510575+00:00,400.697,4,2,vets-service|api-gateway,False,GET,/api/vet/vets,200,1,399.735,1
2026-07-29T16:16:41.700802+00:00,3bef0c78a915b840,2026-07-29T16:14:55.301419+00:00,268.389,3,2,api-gateway|visits-service,False,GET,/api/visit/owners/1/pets/1/visits,200,0,0.0,1
2026-07-29T16:16:41.700802+00:00,f341ec4a6f459fe6,2026-07-29T16:14:55.175669+00:00,759.924,4,2,customers-service|api-gateway,False,GET,/api/customer/owners,200,1,758.986,1
2026-07-29T16:16:41.700802+00:00,9d74f09de76327ed,2026-07-29T16:14:55.011895+00:00,842.48,4,2,vets-service|api-gateway,False,GET,/api/vet/vets,200,1,841.358,1
2026-07-29T16:16:41.700802+00:00,fe90df321253cece,2026-07-29T16:14:54.844349+00:00,31.797,3,2,visits-service|api-gateway,False,GET,/api/visit/owners/1/pets/1/visits,200,0,0.0,1
2026-07-29T16:16:41.700802+00:00,33960ad106247540,2026-07-29T16:14:54.634380+00:00,944.232,4,2,vets-service|api-gateway,False,GET,/api/vet/vets,200,1,932.672,1
2026-07-29T16:16:41.700802+00:00,605d3b543d9704a9,2026-07-29T16:14:54.467674+00:00,143.728,3,2,api-gateway|visits-service,False,GET,/api/visit/owners/1/pets/1/visits,200,0,0.0,1
2026-07-29T16:16:41.700802+00:00,87275365ede49a0a,2026-07-29T16:14:54.343831+00:00,298.029,4,2,customers-service|api-gateway,False,GET,/api/customer/owners/1,200,1,297.153,1
2026-07-29T16:16:41.700802+00:00,c125e1d99565ddf4,2026-07-29T16:14:54.175941+00:00,463.699,4,2,customers-service|api-gateway,False,GET,/api/customer/owners/1,200,1,462.754,1
2026-07-29T16:16:41.700802+00:00,a66c9f6d5b4de300,2026-07-29T16:14:53.967400+00:00,168.508,3,2,api-gateway|visits-service,False,GET,/api/visit/owners/1/pets/1/visits,200,0,0.0,1
2026-07-29T16:16:41.700802+00:00,effe7231bb06e5a2,2026-07-29T16:14:53.800452+00:00,1034.552,4,2,customers-service|api-gateway,False,GET,/api/customer/owners,200,1,1028.777,1
2026-07-29T16:16:41.700802+00:00,f80ca98af83d06df,2026-07-29T16:14:53.634150+00:00,743.208,4,2,vets-service|api-gateway,False,GET,/api/vet/vets,200,1,727.752,1
2026-07-29T16:16:41.700802+00:00,19dc37404155b764,2026-07-29T16:14:53.508773+00:00,398.947,4,2,customers-service|api-gateway,False,GET,/api/customer/owners/1,200,1,397.799,1
2026-07-29T16:16:41.700802+00:00,b267ba1649a7f3f7,2026-07-29T16:14:53.301729+00:00,110.086,3,2,api-gateway|visits-service,False,GET,/api/visit/owners/1/pets/1/visits,200,0,0.0,1
2026-07-29T16:16:41.700802+00:00,0084567a116cccf6,2026-07-29T16:14:53.134907+00:00,128.126,3,2,api-gateway|visits-service,False,GET,/api/visit/owners/1/pets/1/visits,200,0,0.0,1
2026-07-29T16:16:41.700802+00:00,c67ef93fa140d13c,2026-07-29T16:14:52.967270+00:00,460.064,4,2,vets-service|api-gateway,False,GET,/api/vet/vets,200,1,447.648,1
2026-07-29T16:16:41.700802+00:00,19eb58f1a068913a,2026-07-29T16:14:52.800881+00:00,1090.186,4,2,customers-service|api-gateway,False,GET,/api/customer/owners,200,1,1086.376,1
2026-07-29T16:16:41.700802+00:00,59ba1da8172f17f4,2026-07-29T16:14:52.634482+00:00,625.629,4,2,customers-service|api-gateway,False,GET,/api/customer/owners/1,200,1,619.925,1
2026-07-29T16:16:41.700802+00:00,af0d343a7051b41d,2026-07-29T16:14:52.467122+00:00,814.128,4,2,vets-service|api-gateway,False,GET,/api/vet/vets,200,1,800.402,1
2026-07-29T16:16:41.700802+00:00,417718bdeddcbdb6,2026-07-29T16:14:52.300288+00:00,235.935,3,2,api-gateway|visits-service,False,GET,/api/visit/owners/1/pets/1/visits,200,0,0.0,1
2026-07-29T16:16:41.700802+00:00,ce8f60ae34e303e5,2026-07-29T16:14:52.134269+00:00,1285.703,4,2,customers-service|api-gateway,False,GET,/api/customer/owners,200,1,1273.612,1
2026-07-29T16:16:41.700802+00:00,cd35bf2a7b558f43,2026-07-29T16:14:52.035421+00:00,1031.511,4,2,vets-service|api-gateway,False,GET,/api/vet/vets,200,1,1030.403,1
2026-07-29T16:16:41.700802+00:00,5c318dc928583687,2026-07-29T16:14:51.800195+00:00,500.074,4,2,customers-service|api-gateway,False,GET,/api/customer/owners/1,200,1,487.548,1
2026-07-29T16:16:41.700802+00:00,41e1478c0fb3304e,2026-07-29T16:14:51.633795+00:00,1629.76,4,2,customers-service|api-gateway,False,GET,/api/customer/owners,200,1,1583.034,1
2026-07-29T16:16:41.700802+00:00,61ebdddb24eb930c,2026-07-29T16:14:51.468402+00:00,1087.397,4,2,vets-service|api-gateway,False,GET,/api/vet/vets,200,1,1074.422,1
2026-07-29T16:16:41.700802+00:00,389483012a8d2960,2026-07-29T16:14:51.301435+00:00,517.259,4,2,customers-service|api-gateway,False,GET,/api/customer/owners/1,200,1,512.028,1
2026-07-29T16:16:41.700802+00:00,9e457bd02d4da7b1,2026-07-29T16:14:51.174875+00:00,501.625,4,2,customers-service|api-gateway,False,GET,/api/customer/owners/1,200,1,500.309,1
2026-07-29T16:16:41.700802+00:00,d484471557a6ccd2,2026-07-29T16:14:50.967257+00:00,1113.531,4,2,vets-service|api-gateway,False,GET,/api/vet/vets,200,1,1099.583,1
2026-07-29T16:16:41.700802+00:00,320d636033a78580,2026-07-29T16:14:50.801409+00:00,1278.469,4,2,vets-service|api-gateway,False,GET,/api/vet/vets,200,1,1264.602,1
2026-07-29T16:16:41.700802+00:00,fbd77ae9a81464ec,2026-07-29T16:14:50.634401+00:00,1446.144,4,2,vets-service|api-gateway,False,GET,/api/vet/vets,200,1,1433.938,1
2026-07-29T16:16:41.700802+00:00,ce7a8e685c8d81b2,2026-07-29T16:14:50.467293+00:00,783.843,4,2,customers-service|api-gateway,False,GET,/api/customer/owners/1,200,1,779.724,1
2026-07-29T16:16:41.700802+00:00,c3ed950b1d30ee01,2026-07-29T16:14:50.302051+00:00,48.671,3,2,api-gateway|visits-service,False,GET,/api/visit/owners/1/pets/1/visits,200,0,0.0,1
2026-07-29T16:16:41.700802+00:00,ddc7574cb4fd7313,2026-07-29T16:14:50.133771+00:00,1685.241,4,2,customers-service|api-gateway,False,GET,/api/customer/owners,200,1,1682.276,1
2026-07-29T16:16:41.700802+00:00,03ed80884a56a2ad,2026-07-29T16:14:50.067724+00:00,545.538,4,2,customers-service|api-gateway,False,GET,/api/customer/owners/1,200,1,544.576,1
2026-07-29T16:16:41.700802+00:00,a6993a84ad292ab4,2026-07-29T16:14:49.838490+00:00,1838.224,4,2,customers-service|api-gateway,False,GET,/api/customer/owners,200,1,1837.344,1
2026-07-29T16:16:41.700802+00:00,42422c01a37d46d4,2026-07-29T16:14:49.634471+00:00,681.728,4,2,customers-service|api-gateway,False,GET,/api/customer/owners/1,200,1,675.947,1
2026-07-29T16:16:41.700802+00:00,327cc8b541806ffd,2026-07-29T16:14:49.467909+00:00,1098.334,4,2,vets-service|api-gateway,False,GET,/api/vet/vets,200,1,1086.26,1
2026-07-29T16:16:41.700802+00:00,22d413db3cf64197,2026-07-29T16:14:49.301837+00:00,262.493,4,2,customers-service|api-gateway,False,GET,/api/customer/owners/1,200,1,255.961,1
2026-07-29T16:16:41.700802+00:00,ba174e114b7e82cd,2026-07-29T16:14:49.173941+00:00,424.41,4,2,customers-service|api-gateway,False,GET,/api/customer/owners/1,200,1,423.154,1
2026-07-29T16:16:41.700802+00:00,06efacb7a3bcf023,2026-07-29T16:14:48.968416+00:00,1101.736,4,2,customers-service|api-gateway,False,GET,/api/customer/owners,200,1,1096.724,1
2026-07-29T16:16:41.700802+00:00,c071fa51ea2f586e,2026-07-29T16:14:48.801445+00:00,549.582,4,2,vets-service|api-gateway,False,GET,/api/vet/vets,200,1,534.754,1
2026-07-29T16:16:41.700802+00:00,cbc6ade541663f7a,2026-07-29T16:14:48.634773+00:00,705.582,4,2,vets-service|api-gateway,False,GET,/api/vet/vets,200,1,692.869,1
2026-07-29T16:16:41.700802+00:00,18cf2a777fa96c9c,2026-07-29T16:14:48.467898+00:00,370.346,4,2,customers-service|api-gateway,False,GET,/api/customer/owners/1,200,1,364.379,1
2026-07-29T16:16:41.700802+00:00,2b2c9f4723b28339,2026-07-29T16:14:48.339494+00:00,309.726,4,2,customers-service|api-gateway,False,GET,/api/customer/owners/1,200,1,308.639,1
2026-07-29T16:16:41.700802+00:00,d43ae8376f15b975,2026-07-29T16:14:48.172468+00:00,489.393,4,2,vets-service|api-gateway,False,GET,/api/vet/vets,200,1,488.234,1
2026-07-29T16:16:41.700802+00:00,ff64d4ef2361bab0,2026-07-29T16:14:47.967289+00:00,257.801,4,2,customers-service|api-gateway,False,GET,/api/customer/owners/1,200,1,252.954,1
2026-07-29T16:16:41.700802+00:00,880f9af5c3a989e4,2026-07-29T16:14:47.838609+00:00,175.977,3,2,visits-service|api-gateway,False,GET,/api/visit/owners/1/pets/1/visits,200,0,0.0,1
2026-07-29T16:16:41.700802+00:00,d16bb35cb977594a,2026-07-29T16:14:47.633705+00:00,970.245,4,2,customers-service|api-gateway,False,GET,/api/customer/owners,200,1,964.41,1
2026-07-29T16:16:41.700802+00:00,bb1294a48dbe1bbe,2026-07-29T16:14:47.467793+00:00,25.62,3,2,api-gateway|visits-service,False,GET,/api/visit/owners/1/pets/1/visits,200,0,0.0,1
2026-07-29T16:16:41.700802+00:00,a586279d4019bb66,2026-07-29T16:14:47.300453+00:00,916.575,4,2,vets-service|api-gateway,False,GET,/api/vet/vets,200,1,903.543,1
2026-07-29T16:16:41.700802+00:00,430d8c29647aae33,2026-07-29T16:14:47.133984+00:00,114.6,3,2,api-gateway|visits-service,False,GET,/api/visit/owners/1/pets/1/visits,200,0,0.0,1
2026-07-29T16:16:41.700802+00:00,f264215d262a2ed1,2026-07-29T16:14:47.003176+00:00,46.719,3,2,visits-service|api-gateway,False,GET,/api/visit/owners/1/pets/1/visits,200,0,0.0,1
2026-07-29T16:16:41.700802+00:00,b3bf6d365bacc72b,2026-07-29T16:14:46.800825+00:00,32.559,3,2,api-gateway|visits-service,False,GET,/api/visit/owners/1/pets/1/visits,200,0,0.0,1
2026-07-29T16:16:41.700802+00:00,9b450bcecef26a7f,2026-07-29T16:14:46.634335+00:00,860.856,4,2,vets-service|api-gateway,False,GET,/api/vet/vets,200,1,846.307,1
2026-07-29T16:16:41.700802+00:00,bd125959e323544a,2026-07-29T16:14:46.467719+00:00,367.036,4,2,customers-service|api-gateway,False,GET,/api/customer/owners/1,200,1,362.707,1
2026-07-29T16:16:41.700802+00:00,065c7097b913fc30,2026-07-29T16:14:46.339247+00:00,1170.895,4,2,customers-service|api-gateway,False,GET,/api/customer/owners,200,1,1169.7,1
2026-07-29T16:16:41.700802+00:00,b0cb3abf04be3f35,2026-07-29T16:14:46.135766+00:00,59.883,4,2,customers-service|api-gateway,False,GET,/api/customer/owners/1,200,1,56.038,1
2026-07-29T16:16:41.700802+00:00,74904f58a73122ba,2026-07-29T16:14:46.006436+00:00,21.525,3,2,visits-service|api-gateway,False,GET,/api/visit/owners/1/pets/1/visits,200,0,0.0,1
2026-07-29T16:16:41.700802+00:00,89a4fb9586e71173,2026-07-29T16:14:45.802331+00:00,178.813,4,2,customers-service|api-gateway,False,GET,/api/customer/owners,200,1,177.039,1
2026-07-29T16:16:41.700802+00:00,8d4be9d9e21f4bdb,2026-07-29T16:14:45.670425+00:00,67.856,4,2,customers-service|api-gateway,False,GET,/api/customer/owners/1,200,1,66.658,1
2026-07-29T16:16:41.700802+00:00,ec0157762ed03a29,2026-07-29T16:14:45.468013+00:00,174.785,4,2,customers-service|api-gateway,False,GET,/api/customer/owners,200,1,170.103,1
2026-07-29T16:16:41.700802+00:00,3e566ceb1569502d,2026-07-29T16:14:45.301526+00:00,31.116,3,2,api-gateway|visits-service,False,GET,/api/visit/owners/1/pets/1/visits,200,0,0.0,1
2026-07-29T16:16:41.700802+00:00,77b4047a900d6359,2026-07-29T16:14:45.133809+00:00,136.264,4,2,vets-service|api-gateway,False,GET,/api/vet/vets,200,1,120.818,1
2026-07-29T16:16:41.700802+00:00,22dfc1578a1c003c,2026-07-29T16:14:44.967498+00:00,191.501,4,2,customers-service|api-gateway,False,GET,/api/customer/owners,200,1,185.453,1
2026-07-29T16:16:41.700802+00:00,b12f5cc79f1d30f3,2026-07-29T16:14:44.837534+00:00,61.381,4,2,customers-service|api-gateway,False,GET,/api/customer/owners/1,200,1,60.31,1
2026-07-29T16:16:41.700802+00:00,7c0f52202f42eb56,2026-07-29T16:14:44.671598+00:00,137.186,4,2,vets-service|api-gateway,False,GET,/api/vet/vets,200,1,135.859,1
2026-07-29T16:16:41.700802+00:00,bca10f844eeec102,2026-07-29T16:14:44.467373+00:00,78.412,4,2,customers-service|api-gateway,False,GET,/api/customer/owners/1,200,1,72.24,1
2026-07-29T16:16:41.700802+00:00,33c4a63961055147,2026-07-29T16:14:44.300589+00:00,196.64,4,2,customers-service|api-gateway,False,GET,/api/customer/owners,200,1,191.522,1
2026-07-29T16:16:41.700802+00:00,e188ebe8cd5614dd,2026-07-29T16:14:44.133694+00:00,79.858,4,2,customers-service|api-gateway,False,GET,/api/customer/owners/1,200,1,65.971,1
2026-07-29T16:16:41.700802+00:00,1c5afab93e65f58f,2026-07-29T16:14:44.004409+00:00,18.392,3,2,visits-service|api-gateway,False,GET,/api/visit/owners/1/pets/1/visits,200,0,0.0,1
2026-07-29T16:16:41.700802+00:00,b05dcfb12a302964,2026-07-29T16:14:43.839202+00:00,19.111,3,2,visits-service|api-gateway,False,GET,/api/visit/owners/1/pets/1/visits,200,0,0.0,1
2026-07-29T16:16:41.700802+00:00,32139ca363e912b6,2026-07-29T16:14:43.634935+00:00,30.512,3,2,api-gateway|visits-service,False,GET,/api/visit/owners/1/pets/1/visits,200,0,0.0,1
2026-07-29T16:16:41.700802+00:00,2924d9748718de7e,2026-07-29T16:14:43.467402+00:00,29.875,3,2,api-gateway|visits-service,False,GET,/api/visit/owners/1/pets/1/visits,200,0,0.0,1
2026-07-29T16:16:41.700802+00:00,7c451035d0150d82,2026-07-29T16:14:43.300096+00:00,205.342,4,2,customers-service|api-gateway,False,GET,/api/customer/owners,200,1,201.604,1
2026-07-29T16:16:41.700802+00:00,cde14e798891abe2,2026-07-29T16:14:43.135441+00:00,170.255,4,2,customers-service|api-gateway,False,GET,/api/customer/owners,200,1,167.563,1
2026-07-29T16:16:41.700802+00:00,122310ae0f6bd767,2026-07-29T16:14:42.967278+00:00,140.019,4,2,vets-service|api-gateway,False,GET,/api/vet/vets,200,1,127.56,1
2026-07-29T16:16:41.700802+00:00,730c77fdf9a0ad46,2026-07-29T16:14:42.838881+00:00,170.515,4,2,customers-service|api-gateway,False,GET,/api/customer/owners,200,1,169.326,1
2026-07-29T16:16:41.700802+00:00,b92b646ad0df1735,2026-07-29T16:14:42.634177+00:00,56.735,4,2,customers-service|api-gateway,False,GET,/api/customer/owners/1,200,1,53.455,1
2026-07-29T16:16:41.700802+00:00,ffd83eb0b1c6665c,2026-07-29T16:14:42.468744+00:00,212.422,4,2,customers-service|api-gateway,False,GET,/api/customer/owners,200,1,206.641,1
2026-07-29T16:16:41.700802+00:00,e54c4fc8abe9811c,2026-07-29T16:14:42.302833+00:00,220.201,4,2,customers-service|api-gateway,False,GET,/api/customer/owners/1,200,1,217.477,1
2026-07-29T16:16:41.700802+00:00,a61a410351d0eaea,2026-07-29T16:14:42.134869+00:00,34.359,3,2,api-gateway|visits-service,False,GET,/api/visit/owners/1/pets/1/visits,200,0,0.0,1
2026-07-29T16:16:41.700802+00:00,c693aac3631a6878,2026-07-29T16:16:41.318874+00:00,191.53,2,1,customers-service,False,,,200,1,190.264,0
2026-07-29T16:17:41.689485+00:00,7db7e5d14edaaace,2026-07-29T16:17:40.854250+00:00,588.194,4,2,vets-service|api-gateway,False,GET,/api/vet/vets,200,1,587.079,1
2026-07-29T16:17:41.689485+00:00,b2c5b3887012aad7,2026-07-29T16:17:40.649031+00:00,45.465,3,2,api-gateway|visits-service,False,GET,/api/visit/owners/1/pets/1/visits,200,0,0.0,1
2026-07-29T16:17:41.689485+00:00,bdece005855fa6c6,2026-07-29T16:17:40.519090+00:00,210.378,4,2,customers-service|api-gateway,False,GET,/api/customer/owners/1,200,1,209.394,1
2026-07-29T16:17:41.689485+00:00,214df3817d1ebe16,2026-07-29T16:17:40.315422+00:00,838.444,2,1,api-gateway,False,GET,/api/vet/vets,200,0,0.0,1
2026-07-29T16:17:41.689485+00:00,8d3f20d2c61d6c2e,2026-07-29T16:17:40.187291+00:00,765.054,4,2,vets-service|api-gateway,False,GET,/api/vet/vets,200,1,763.775,1
2026-07-29T16:17:41.689485+00:00,c8b9932af1751d84,2026-07-29T16:17:39.981946+00:00,709.462,4,2,vets-service|api-gateway,False,GET,/api/vet/vets,200,1,695.639,1
2026-07-29T16:17:41.689485+00:00,96ad33a6b0a7974d,2026-07-29T16:17:39.853086+00:00,293.381,4,2,customers-service|api-gateway,False,GET,/api/customer/owners/1,200,1,292.342,1
2026-07-29T16:17:41.689485+00:00,a222ae505e59ff04,2026-07-29T16:17:39.690246+00:00,456.323,4,2,customers-service|api-gateway,False,GET,/api/customer/owners/1,200,1,455.325,1
2026-07-29T16:17:41.689485+00:00,20199d905ce85501,2026-07-29T16:17:39.520796+00:00,802.537,4,2,vets-service|api-gateway,False,GET,/api/vet/vets,200,1,801.206,1
2026-07-29T16:17:41.689485+00:00,371d3c5fcab33078,2026-07-29T16:17:39.315704+00:00,334.373,4,2,customers-service|api-gateway,False,GET,/api/customer/owners/1,200,1,327.348,1
2026-07-29T16:17:41.689485+00:00,7cecf33f28bddd9f,2026-07-29T16:17:39.148013+00:00,972.697,4,2,customers-service|api-gateway,False,GET,/api/customer/owners,200,1,967.029,1
2026-07-29T16:17:41.689485+00:00,52df00585f905772,2026-07-29T16:17:39.018642+00:00,1148.896,4,2,customers-service|api-gateway,False,GET,/api/customer/owners,200,1,1147.934,1
2026-07-29T16:17:41.689485+00:00,25caf73738657b96,2026-07-29T16:17:38.853516+00:00,94.233,3,2,visits-service|api-gateway,False,GET,/api/visit/owners/1/pets/1/visits,200,0,0.0,1
2026-07-29T16:17:41.689485+00:00,50b4026ae219dba9,2026-07-29T16:17:38.647941+00:00,1229.466,4,2,customers-service|api-gateway,False,GET,/api/customer/owners,200,1,1225.402,1
2026-07-29T16:17:41.689485+00:00,5c433f754629c153,2026-07-29T16:17:38.518788+00:00,447.241,4,2,customers-service|api-gateway,False,GET,/api/customer/owners/1,200,1,446.191,1
2026-07-29T16:17:41.689485+00:00,5b353068a0fca15c,2026-07-29T16:17:38.315145+00:00,130.255,3,2,api-gateway|visits-service,False,GET,/api/visit/owners/1/pets/1/visits,200,0,0.0,1
2026-07-29T16:17:41.689485+00:00,97b0dab731a4d3ce,2026-07-29T16:17:38.187161+00:00,47.049,3,2,visits-service|api-gateway,False,GET,/api/visit/owners/1/pets/1/visits,200,0,0.0,1
2026-07-29T16:17:41.689485+00:00,1eb7e3f662f53747,2026-07-29T16:17:38.017868+00:00,681.152,4,2,customers-service|api-gateway,False,GET,/api/customer/owners/1,200,1,680.088,1
2026-07-29T16:17:41.689485+00:00,421d46600ef2d95c,2026-07-29T16:17:37.815477+00:00,1090.719,4,2,customers-service|api-gateway,False,GET,/api/customer/owners,200,1,1085.062,1
2026-07-29T16:17:41.689485+00:00,9d6e7ebcee19d688,2026-07-29T16:17:37.687912+00:00,1278.062,4,2,customers-service|api-gateway,False,GET,/api/customer/owners,200,1,1277.025,1
2026-07-29T16:17:41.689485+00:00,04f48eb856e49cd5,2026-07-29T16:17:37.521266+00:00,939.62,4,2,vets-service|api-gateway,False,GET,/api/vet/vets,200,1,938.456,1
2026-07-29T16:17:41.689485+00:00,efb35605e1ab8581,2026-07-29T16:17:37.353642+00:00,1584.098,4,2,customers-service|api-gateway,False,GET,/api/customer/owners,200,1,1582.767,1
2026-07-29T16:17:41.689485+00:00,3b711d273d47ee02,2026-07-29T16:17:37.151500+00:00,502.933,4,2,customers-service|api-gateway,False,GET,/api/customer/owners/1,200,1,498.925,1
2026-07-29T16:17:41.689485+00:00,6a1926e0e124caf4,2026-07-29T16:17:37.018739+00:00,163.478,3,2,visits-service|api-gateway,False,GET,/api/visit/owners/1/pets/1/visits,200,0,0.0,1
2026-07-29T16:17:41.689485+00:00,f27e92d1b61f8ac5,2026-07-29T16:17:36.854571+00:00,1376.901,4,2,vets-service|api-gateway,False,GET,/api/vet/vets,200,1,1375.842,1
2026-07-29T16:17:41.689485+00:00,9447e713b7894137,2026-07-29T16:17:36.685845+00:00,278.479,3,2,visits-service|api-gateway,False,GET,/api/visit/owners/1/pets/1/visits,200,0,0.0,1
2026-07-29T16:17:41.689485+00:00,ac9c2b0bddf84355,2026-07-29T16:17:36.481403+00:00,2199.156,4,2,customers-service|api-gateway,False,GET,/api/customer/owners,200,1,2195.431,1
2026-07-29T16:17:41.689485+00:00,dc06bac2387c1d4d,2026-07-29T16:17:36.353440+00:00,1094.808,4,2,vets-service|api-gateway,False,GET,/api/vet/vets,200,1,1093.627,1
2026-07-29T16:17:41.689485+00:00,a334a48f6740242f,2026-07-29T16:17:36.186239+00:00,777.197,4,2,customers-service|api-gateway,False,GET,/api/customer/owners/1,200,1,776.035,1
2026-07-29T16:17:41.689485+00:00,fe4a1b362a39e6ac,2026-07-29T16:17:36.019210+00:00,1162.764,4,2,vets-service|api-gateway,False,GET,/api/vet/vets,200,1,1161.494,1
2026-07-29T16:17:41.689485+00:00,ffe80f1b8e088164,2026-07-29T16:17:35.858841+00:00,1555.363,4,2,customers-service|api-gateway,False,GET,/api/customer/owners,200,1,1554.134,1
2026-07-29T16:17:41.689485+00:00,490fca3ee114da8e,2026-07-29T16:17:35.647540+00:00,401.281,4,2,customers-service|api-gateway,False,GET,/api/customer/owners/1,200,1,396.882,1
2026-07-29T16:17:41.689485+00:00,c16a30b62a3e9835,2026-07-29T16:17:35.481453+00:00,22.368,3,2,api-gateway|visits-service,False,GET,/api/visit/owners/1/pets/1/visits,200,0,0.0,1
2026-07-29T16:17:41.689485+00:00,3e63ce63d1f1d15c,2026-07-29T16:17:35.351839+00:00,76.959,4,2,customers-service|api-gateway,False,GET,/api/customer/owners/1,200,1,75.84,1
2026-07-29T16:17:41.689485+00:00,afe46933efb482cb,2026-07-29T16:17:35.186852+00:00,31.405,3,2,visits-service|api-gateway,False,GET,/api/visit/owners/1/pets/1/visits,200,0,0.0,1
2026-07-29T16:17:41.689485+00:00,9480ffb47bdf8451,2026-07-29T16:17:35.020610+00:00,213.882,4,2,customers-service|api-gateway,False,GET,/api/customer/owners,200,1,212.771,1
2026-07-29T16:17:41.689485+00:00,9460845a08dc635e,2026-07-29T16:17:34.815591+00:00,201.543,4,2,customers-service|api-gateway,False,GET,/api/customer/owners,200,1,195.32,1
2026-07-29T16:17:41.689485+00:00,accfb1f04ecb2d70,2026-07-29T16:17:34.648253+00:00,168.689,4,2,vets-service|api-gateway,False,GET,/api/vet/vets,200,1,150.062,1
2026-07-29T16:17:41.689485+00:00,76f60ada12a3d616,2026-07-29T16:17:34.521474+00:00,21.734,3,2,visits-service|api-gateway,False,GET,/api/visit/owners/1/pets/1/visits,200,0,0.0,1
2026-07-29T16:17:41.689485+00:00,e015ca54c5ce51bc,2026-07-29T16:17:34.353788+00:00,23.284,3,2,visits-service|api-gateway,False,GET,/api/visit/owners/1/pets/1/visits,200,0,0.0,1
2026-07-29T16:17:41.689485+00:00,94c67b546f4d97ef,2026-07-29T16:17:34.186544+00:00,135.964,4,2,vets-service|api-gateway,False,GET,/api/vet/vets,200,1,134.712,1
2026-07-29T16:17:41.689485+00:00,676112fad7d4a06d,2026-07-29T16:17:34.018942+00:00,129.931,4,2,vets-service|api-gateway,False,GET,/api/vet/vets,200,1,128.589,1
2026-07-29T16:17:41.689485+00:00,c944b0b53e3b364d,2026-07-29T16:17:33.815654+00:00,196.313,4,2,customers-service|api-gateway,False,GET,/api/customer/owners,200,1,191.706,1
2026-07-29T16:17:41.689485+00:00,cffffd2cbd4ec88e,2026-07-29T16:17:33.687481+00:00,223.247,4,2,customers-service|api-gateway,False,GET,/api/customer/owners,200,1,222.126,1
2026-07-29T16:17:41.689485+00:00,4c4a31a47d60c2bf,2026-07-29T16:17:33.524752+00:00,187.079,4,2,vets-service|api-gateway,False,GET,/api/vet/vets,200,1,185.91,1
2026-07-29T16:17:41.689485+00:00,6a035dddca72debd,2026-07-29T16:17:33.353380+00:00,568.462,4,2,customers-service|api-gateway,False,GET,/api/customer/owners,200,1,567.286,1
2026-07-29T16:17:41.689485+00:00,14ecb30cf59c4ef8,2026-07-29T16:17:33.187861+00:00,25.591,3,2,visits-service|api-gateway,False,GET,/api/visit/owners/1/pets/1/visits,200,0,0.0,1
2026-07-29T16:17:41.689485+00:00,df3a84e84b6d68f0,2026-07-29T16:17:33.020940+00:00,190.728,4,2,vets-service|api-gateway,False,GET,/api/vet/vets,200,1,189.795,1
2026-07-29T16:17:41.689485+00:00,aa6eb6838993d3e8,2026-07-29T16:17:32.853537+00:00,131.313,4,2,vets-service|api-gateway,False,GET,/api/vet/vets,200,1,130.067,1
2026-07-29T16:17:41.689485+00:00,7f49af6888090429,2026-07-29T16:17:32.648917+00:00,93.867,4,2,customers-service|api-gateway,False,GET,/api/customer/owners/1,200,1,87.514,1
2026-07-29T16:17:41.689485+00:00,ce04fa1e6a28610e,2026-07-29T16:17:32.520410+00:00,243.493,4,2,customers-service|api-gateway,False,GET,/api/customer/owners,200,1,242.27,1
2026-07-29T16:17:41.689485+00:00,82d8743001b299f7,2026-07-29T16:17:32.353137+00:00,64.781,4,2,customers-service|api-gateway,False,GET,/api/customer/owners/1,200,1,63.594,1
2026-07-29T16:17:41.689485+00:00,e28e6c368a85a2a2,2026-07-29T16:17:32.152014+00:00,77.219,4,2,customers-service|api-gateway,False,GET,/api/customer/owners/1,200,1,75.128,1
2026-07-29T16:17:41.689485+00:00,c2cd1525f3bb5263,2026-07-29T16:17:31.981726+00:00,67.433,4,2,customers-service|api-gateway,False,GET,/api/customer/owners/1,200,1,62.14,1
2026-07-29T16:17:41.689485+00:00,f1b4c3fdb9a16699,2026-07-29T16:17:31.854452+00:00,18.366,3,2,visits-service|api-gateway,False,GET,/api/visit/owners/1/pets/1/visits,200,0,0.0,1
2026-07-29T16:17:41.689485+00:00,cad10d56be59a2c7,2026-07-29T16:17:31.685365+00:00,61.575,4,2,customers-service|api-gateway,False,GET,/api/customer/owners/1,200,1,60.546,1
2026-07-29T16:17:41.689485+00:00,06896eebb39c094e,2026-07-29T16:17:31.520790+00:00,172.868,4,2,customers-service|api-gateway,False,GET,/api/customer/owners,200,1,171.79,1
2026-07-29T16:17:41.689485+00:00,d62cb9eb49154d0f,2026-07-29T16:17:31.351969+00:00,18.718,3,2,visits-service|api-gateway,False,GET,/api/visit/owners/1/pets/1/visits,200,0,0.0,1
2026-07-29T16:17:41.689485+00:00,96a7c068acfaaadd,2026-07-29T16:17:31.185425+00:00,143.376,4,2,vets-service|api-gateway,False,GET,/api/vet/vets,200,1,142.164,1
2026-07-29T16:17:41.689485+00:00,310d6a9c253457e8,2026-07-29T16:17:31.018740+00:00,134.29,4,2,vets-service|api-gateway,False,GET,/api/vet/vets,200,1,133.076,1
2026-07-29T16:17:41.689485+00:00,1b96effcde6b956c,2026-07-29T16:17:30.815669+00:00,182.391,4,2,customers-service|api-gateway,False,GET,/api/customer/owners,200,1,177.133,1
2026-07-29T16:17:41.689485+00:00,098d8d5b8f17807d,2026-07-29T16:17:30.687473+00:00,67.498,4,2,customers-service|api-gateway,False,GET,/api/customer/owners/1,200,1,66.22,1
2026-07-29T16:17:41.689485+00:00,6127aaac8a19cb4f,2026-07-29T16:17:30.519721+00:00,173.985,4,2,customers-service|api-gateway,False,GET,/api/customer/owners,200,1,172.867,1
2026-07-29T16:17:41.689485+00:00,74a5f945e33b8ed2,2026-07-29T16:17:30.316427+00:00,76.981,4,2,customers-service|api-gateway,False,GET,/api/customer/owners/1,200,1,75.619,1
2026-07-29T16:17:41.689485+00:00,e60160d40d6fd563,2026-07-29T16:17:30.187870+00:00,23.765,3,2,visits-service|api-gateway,False,GET,/api/visit/owners/1/pets/1/visits,200,0,0.0,1
2026-07-29T16:17:41.689485+00:00,c9e9cbb5adace981,2026-07-29T16:17:30.020461+00:00,19.371,3,2,visits-service|api-gateway,False,GET,/api/visit/owners/1/pets/1/visits,200,0,0.0,1
2026-07-29T16:17:41.689485+00:00,eb0551df3c57289b,2026-07-29T16:17:29.814700+00:00,22.998,3,2,api-gateway|visits-service,False,GET,/api/visit/owners/1/pets/1/visits,200,0,0.0,1
2026-07-29T16:17:41.689485+00:00,95de4827d2a30998,2026-07-29T16:17:29.648450+00:00,41.172,3,2,api-gateway|visits-service,False,GET,/api/visit/owners/1/pets/1/visits,200,0,0.0,1
2026-07-29T16:17:41.689485+00:00,6b4597ce078ba047,2026-07-29T16:17:29.483101+00:00,168.621,4,2,vets-service|api-gateway,False,GET,/api/vet/vets,200,1,157.559,1
2026-07-29T16:17:41.689485+00:00,6fec51d6b15a9336,2026-07-29T16:17:29.317025+00:00,76.264,4,2,customers-service|api-gateway,False,GET,/api/customer/owners/1,200,1,76.264,1
2026-07-29T16:17:41.689485+00:00,234602c972f15611,2026-07-29T16:17:29.185394+00:00,145.99,4,2,vets-service|api-gateway,False,GET,/api/vet/vets,200,1,144.731,1
2026-07-29T16:17:41.689485+00:00,61bbceb2ab98dbc3,2026-07-29T16:17:29.018350+00:00,140.432,4,2,customers-service|api-gateway,False,GET,/api/customer/owners/1,200,1,139.291,1
2026-07-29T16:17:41.689485+00:00,f7ba91f102b5163a,2026-07-29T16:17:28.853227+00:00,228.114,4,2,customers-service|api-gateway,False,GET,/api/customer/owners,200,1,226.897,1
2026-07-29T16:17:41.689485+00:00,231d5eff072455e3,2026-07-29T16:17:28.648043+00:00,216.186,4,2,customers-service|api-gateway,False,GET,/api/customer/owners,200,1,212.497,1
2026-07-29T16:17:41.689485+00:00,87d535746e008a3e,2026-07-29T16:17:28.519690+00:00,78.015,4,2,customers-service|api-gateway,False,GET,/api/customer/owners/1,200,1,76.713,1
2026-07-29T16:17:41.689485+00:00,d60318a0c6b39271,2026-07-29T16:17:28.315555+00:00,151.792,4,2,vets-service|api-gateway,False,GET,/api/vet/vets,200,1,138.663,1
2026-07-29T16:17:41.689485+00:00,41b3034234b42a9a,2026-07-29T16:17:28.186808+00:00,21.066,3,2,visits-service|api-gateway,False,GET,/api/visit/owners/1/pets/1/visits,200,0,0.0,1
2026-07-29T16:17:41.689485+00:00,fb6a2bd2fe20bdb7,2026-07-29T16:17:28.020768+00:00,203.2,4,2,customers-service|api-gateway,False,GET,/api/customer/owners,200,1,202.092,1
2026-07-29T16:17:41.689485+00:00,eb29198eddc1012b,2026-07-29T16:17:27.853739+00:00,131.841,4,2,vets-service|api-gateway,False,GET,/api/vet/vets,200,1,130.43,1
2026-07-29T16:17:41.689485+00:00,ab73952cebcc075d,2026-07-29T16:17:27.648121+00:00,116.723,4,2,customers-service|api-gateway,False,GET,/api/customer/owners/1,200,1,113.095,1
2026-07-29T16:17:41.689485+00:00,3f382479fc3367c9,2026-07-29T16:17:27.481810+00:00,216.217,4,2,customers-service|api-gateway,False,GET,/api/customer/owners,200,1,213.097,1
2026-07-29T16:17:41.689485+00:00,efd86fbb99165a8f,2026-07-29T16:17:27.354790+00:00,174.817,4,2,customers-service|api-gateway,False,GET,/api/customer/owners,200,1,173.778,1
2026-07-29T16:17:41.689485+00:00,db4c31a6c9805f87,2026-07-29T16:17:27.186050+00:00,18.01,3,2,visits-service|api-gateway,False,GET,/api/visit/owners/1/pets/1/visits,200,0,0.0,1
2026-07-29T16:17:41.689485+00:00,7f70e2a4b1351c17,2026-07-29T16:17:27.019228+00:00,134.874,4,2,vets-service|api-gateway,False,GET,/api/vet/vets,200,1,133.617,1
2026-07-29T16:17:41.689485+00:00,e67699df4f94d6e3,2026-07-29T16:17:26.852908+00:00,122.792,4,2,vets-service|api-gateway,False,GET,/api/vet/vets,200,1,121.792,1
2026-07-29T16:17:41.689485+00:00,d28c95884b60ef6a,2026-07-29T16:17:26.686925+00:00,159.501,4,2,vets-service|api-gateway,False,GET,/api/vet/vets,200,1,158.198,1
2026-07-29T16:17:41.689485+00:00,af6f257627e905e2,2026-07-29T16:17:26.481869+00:00,34.949,3,2,api-gateway|visits-service,False,GET,/api/visit/owners/1/pets/1/visits,200,0,0.0,1
2026-07-29T16:17:41.689485+00:00,7d5381236569970f,2026-07-29T16:17:26.354368+00:00,87.589,4,2,customers-service|api-gateway,False,GET,/api/customer/owners/1,200,1,86.408,1
2026-07-29T16:17:41.689485+00:00,a6af28a04e5ac6bb,2026-07-29T16:17:26.152198+00:00,82.128,4,2,customers-service|api-gateway,False,GET,/api/customer/owners/1,200,1,80.366,1
2026-07-29T16:17:41.689485+00:00,b051625d305a2b9f,2026-07-29T16:17:26.020949+00:00,23.389,3,2,visits-service|api-gateway,False,GET,/api/visit/owners/1/pets/1/visits,200,0,0.0,1
2026-07-29T16:17:41.689485+00:00,00bb7a533c17eba8,2026-07-29T16:17:25.854640+00:00,74.379,4,2,customers-service|api-gateway,False,GET,/api/customer/owners/1,200,1,73.207,1
2026-07-29T16:17:41.689485+00:00,87a097b919cf0740,2026-07-29T16:17:25.648406+00:00,32.114,3,2,api-gateway|visits-service,False,GET,/api/visit/owners/1/pets/1/visits,200,0,0.0,1
2026-07-29T16:17:41.689485+00:00,63b58f5b1e60d89b,2026-07-29T16:17:25.519791+00:00,129.379,4,2,vets-service|api-gateway,False,GET,/api/vet/vets,200,1,128.111,1
2026-07-29T16:17:41.689485+00:00,ba3d9b3249f910fb,2026-07-29T16:17:25.351400+00:00,18.216,3,2,visits-service|api-gateway,False,GET,/api/visit/owners/1/pets/1/visits,200,0,0.0,1
2026-07-29T16:17:41.689485+00:00,ea1876d42d3db760,2026-07-29T16:17:25.185384+00:00,171.673,4,2,customers-service|api-gateway,False,GET,/api/customer/owners,200,1,170.646,1
2026-07-29T16:17:41.689485+00:00,2a03d882c91bcd1a,2026-07-29T16:17:25.022943+00:00,149.649,4,2,vets-service|api-gateway,False,GET,/api/vet/vets,200,1,148.404,1
2026-07-29T16:17:41.689485+00:00,b1ca93e26c0c30d4,2026-07-29T16:17:24.815055+00:00,182.613,4,2,customers-service|api-gateway,False,GET,/api/customer/owners,200,1,175.542,1
2026-07-29T16:17:41.689485+00:00,c9f08d53610dcd6a,2026-07-29T16:17:24.687127+00:00,15.562,3,2,visits-service|api-gateway,False,GET,/api/visit/owners/1/pets/1/visits,200,0,0.0,1
2026-07-29T16:17:41.689485+00:00,171174089ccaae68,2026-07-29T16:17:24.518639+00:00,108.134,4,2,vets-service|api-gateway,False,GET,/api/vet/vets,200,1,106.893,1
2026-07-29T16:17:41.689485+00:00,19956f4ab46c93f1,2026-07-29T16:17:24.316782+00:00,76.939,4,2,customers-service|api-gateway,False,GET,/api/customer/owners/1,200,1,74.636,1
2026-07-29T16:17:41.689485+00:00,298aab08cfe96800,2026-07-29T16:17:24.148368+00:00,199.4,4,2,customers-service|api-gateway,False,GET,/api/customer/owners,200,1,187.377,1
2026-07-29T16:17:41.689485+00:00,3ac47796867e63a1,2026-07-29T16:17:23.982129+00:00,188.258,4,2,customers-service|api-gateway,False,GET,/api/customer/owners,200,1,175.911,1
2026-07-29T16:17:41.689485+00:00,8cc9813ed8ffc021,2026-07-29T16:17:23.852293+00:00,24.903,3,2,visits-service|api-gateway,False,GET,/api/visit/owners/1/pets/1/visits,200,0,0.0,1
2026-07-29T16:17:41.689485+00:00,2395a2397bd2d6a7,2026-07-29T16:17:23.647919+00:00,172.133,4,2,customers-service|api-gateway,False,GET,/api/customer/owners,200,1,167.959,1
2026-07-29T16:17:41.689485+00:00,f113815ddb3ae703,2026-07-29T16:17:23.482094+00:00,84.663,4,2,customers-service|api-gateway,False,GET,/api/customer/owners/1,200,1,72.025,1
2026-07-29T16:17:41.689485+00:00,3df3f181df208b9c,2026-07-29T16:17:23.353354+00:00,17.101,3,2,visits-service|api-gateway,False,GET,/api/visit/owners/1/pets/1/visits,200,0,0.0,1
2026-07-29T16:17:41.689485+00:00,2d7f27b434b5ce59,2026-07-29T16:17:23.185953+00:00,143.658,4,2,vets-service|api-gateway,False,GET,/api/vet/vets,200,1,142.66,1
2026-07-29T16:17:41.689485+00:00,5fc35f112cffdb0d,2026-07-29T16:17:23.019818+00:00,149.409,4,2,vets-service|api-gateway,False,GET,/api/vet/vets,200,1,148.179,1
2026-07-29T16:17:41.689485+00:00,d2150eae1fc67fd2,2026-07-29T16:17:22.815184+00:00,160.749,4,2,customers-service|api-gateway,False,GET,/api/customer/owners/1,200,1,143.246,1
2026-07-29T16:17:41.689485+00:00,5d1306bec92a5dd5,2026-07-29T16:17:22.649276+00:00,112.221,4,2,customers-service|api-gateway,False,GET,/api/customer/owners/1,200,1,106.108,1
2026-07-29T16:17:41.689485+00:00,822c24b5fb180516,2026-07-29T16:17:22.481814+00:00,59.242,3,2,api-gateway|visits-service,False,GET,/api/visit/owners/1/pets/1/visits,200,0,0.0,1
2026-07-29T16:17:41.689485+00:00,a83e4464b0b09f7d,2026-07-29T16:17:22.352035+00:00,18.732,3,2,visits-service|api-gateway,False,GET,/api/visit/owners/1/pets/1/visits,200,0,0.0,1
2026-07-29T16:17:41.689485+00:00,61558e44ae11aa31,2026-07-29T16:17:22.187393+00:00,143.677,4,2,vets-service|api-gateway,False,GET,/api/vet/vets,200,1,142.381,1
2026-07-29T16:17:41.689485+00:00,1151175c2c68fab5,2026-07-29T16:17:22.019929+00:00,17.762,3,2,visits-service|api-gateway,False,GET,/api/visit/owners/1/pets/1/visits,200,0,0.0,1
2026-07-29T16:17:41.689485+00:00,dc77949b781d1504,2026-07-29T16:17:21.815239+00:00,210.984,4,2,customers-service|api-gateway,False,GET,/api/customer/owners,200,1,204.879,1
2026-07-29T16:17:41.689485+00:00,8aec09406b0db773,2026-07-29T16:17:21.686904+00:00,136.62,4,2,vets-service|api-gateway,False,GET,/api/vet/vets,200,1,135.267,1
2026-07-29T16:17:41.689485+00:00,c3a6b4902abf3311,2026-07-29T16:17:21.481389+00:00,80.543,4,2,customers-service|api-gateway,False,GET,/api/customer/owners/1,200,1,69.202,1
2026-07-29T16:17:41.689485+00:00,4056d9ffda90d8f6,2026-07-29T16:17:21.315058+00:00,204.261,4,2,customers-service|api-gateway,False,GET,/api/customer/owners,200,1,192.424,1
2026-07-29T16:17:41.689485+00:00,04aa1286d62f513d,2026-07-29T16:17:21.186905+00:00,123.865,4,2,vets-service|api-gateway,False,GET,/api/vet/vets,200,1,122.627,1
2026-07-29T16:17:41.689485+00:00,6f338d418e52c8d2,2026-07-29T16:17:20.982033+00:00,29.118,3,2,api-gateway|visits-service,False,GET,/api/visit/owners/1/pets/1/visits,200,0,0.0,1
2026-07-29T16:17:41.689485+00:00,8b13e4ebc8637965,2026-07-29T16:17:20.815174+00:00,170.364,4,2,customers-service|api-gateway,False,GET,/api/customer/owners,200,1,166.76,1
2026-07-29T16:17:41.689485+00:00,ffcf90531f27ca18,2026-07-29T16:17:20.648384+00:00,32.354,3,2,api-gateway|visits-service,False,GET,/api/visit/owners/1/pets/1/visits,200,0,0.0,1
2026-07-29T16:17:41.689485+00:00,a6fa63f6de449451,2026-07-29T16:17:20.519665+00:00,135.222,4,2,vets-service|api-gateway,False,GET,/api/vet/vets,200,1,133.89,1
2026-07-29T16:17:41.689485+00:00,0125e0c9728d7779,2026-07-29T16:17:20.314898+00:00,141.743,4,2,vets-service|api-gateway,False,GET,/api/vet/vets,200,1,129.546,1
2026-07-29T16:17:41.689485+00:00,d1ced4981be65751,2026-07-29T16:17:20.148919+00:00,228.892,4,2,customers-service|api-gateway,False,GET,/api/customer/owners,200,1,216.024,1
2026-07-29T16:17:41.689485+00:00,02179cfe44eb332d,2026-07-29T16:17:20.018928+00:00,156.876,4,2,vets-service|api-gateway,False,GET,/api/vet/vets,200,1,155.717,1
2026-07-29T16:17:41.689485+00:00,a447aa454f472a37,2026-07-29T16:17:19.814803+00:00,71.801,4,2,customers-service|api-gateway,False,GET,/api/customer/owners/1,200,1,60.026,1
2026-07-29T16:17:41.689485+00:00,f6ecd196397545d1,2026-07-29T16:17:19.685832+00:00,142.71,4,2,vets-service|api-gateway,False,GET,/api/vet/vets,200,1,141.371,1
2026-07-29T16:17:41.689485+00:00,784297113b6af298,2026-07-29T16:17:19.482301+00:00,77.557,4,2,customers-service|api-gateway,False,GET,/api/customer/owners/1,200,1,71.639,1
2026-07-29T16:17:41.689485+00:00,c041501eec947cf1,2026-07-29T16:17:19.317235+00:00,182.151,4,2,customers-service|api-gateway,False,GET,/api/customer/owners,200,1,178.539,1
2026-07-29T16:17:41.689485+00:00,e990ccac063aecc9,2026-07-29T16:17:19.148108+00:00,82.809,4,2,customers-service|api-gateway,False,GET,/api/customer/owners/1,200,1,69.054,1
2026-07-29T16:17:41.689485+00:00,a3112643d1967925,2026-07-29T16:17:19.020693+00:00,26.561,3,2,visits-service|api-gateway,False,GET,/api/visit/owners/1/pets/1/visits,200,0,0.0,1
2026-07-29T16:17:41.689485+00:00,dd4f5972bd5c7036,2026-07-29T16:17:18.815502+00:00,33.265,3,2,api-gateway|visits-service,False,GET,/api/visit/owners/1/pets/1/visits,200,0,0.0,1
2026-07-29T16:17:41.689485+00:00,2d3f3efef4f2360b,2026-07-29T16:17:18.685842+00:00,131.781,4,2,vets-service|api-gateway,False,GET,/api/vet/vets,200,1,130.507,1
2026-07-29T16:17:41.689485+00:00,e49046641f4ef540,2026-07-29T16:17:18.481503+00:00,152.859,4,2,vets-service|api-gateway,False,GET,/api/vet/vets,200,1,138.257,1
2026-07-29T16:17:41.689485+00:00,90d2bd5fe2519ad4,2026-07-29T16:17:18.315490+00:00,149.772,4,2,vets-service|api-gateway,False,GET,/api/vet/vets,200,1,135.521,1
2026-07-29T16:17:41.689485+00:00,c841db19e042d523,2026-07-29T16:17:18.148114+00:00,84.262,4,2,customers-service|api-gateway,False,GET,/api/customer/owners/1,200,1,71.318,1
2026-07-29T16:17:41.689485+00:00,935c4f6c0792329f,2026-07-29T16:17:17.985469+00:00,195.74,4,2,customers-service|api-gateway,False,GET,/api/customer/owners,200,1,193.771,1
2026-07-29T16:17:41.689485+00:00,d98b5ee79b475480,2026-07-29T16:17:17.854396+00:00,13.028,3,2,visits-service|api-gateway,False,GET,/api/visit/owners/1/pets/1/visits,200,0,0.0,1
2026-07-29T16:17:41.689485+00:00,516f03818be93c1d,2026-07-29T16:17:17.647934+00:00,212.56,4,2,customers-service|api-gateway,False,GET,/api/customer/owners,200,1,197.182,1
2026-07-29T16:17:41.689485+00:00,b2ed240b7343fa26,2026-07-29T16:17:17.482511+00:00,74.911,4,2,customers-service|api-gateway,False,GET,/api/customer/owners/1,200,1,62.087,1
2026-07-29T16:17:41.689485+00:00,4ab5d4ea49110f86,2026-07-29T16:17:17.353496+00:00,21.642,3,2,visits-service|api-gateway,False,GET,/api/visit/owners/1/pets/1/visits,200,0,0.0,1
2026-07-29T16:17:41.689485+00:00,f7e87ae849b9ee94,2026-07-29T16:17:17.186817+00:00,139.544,4,2,vets-service|api-gateway,False,GET,/api/vet/vets,200,1,138.132,1
2026-07-29T16:17:41.689485+00:00,64081485dbe78c4d,2026-07-29T16:17:16.981568+00:00,71.571,4,2,customers-service|api-gateway,False,GET,/api/customer/owners/1,200,1,66.041,1
2026-07-29T16:17:41.689485+00:00,ae7b08e7ac2ccdfb,2026-07-29T16:17:16.815070+00:00,78.411,4,2,customers-service|api-gateway,False,GET,/api/customer/owners/1,200,1,72.343,1
2026-07-29T16:17:41.689485+00:00,c8850a52d7d5c3e5,2026-07-29T16:17:16.648816+00:00,84.87,4,2,customers-service|api-gateway,False,GET,/api/customer/owners/1,200,1,70.808,1
2026-07-29T16:17:41.689485+00:00,64861c95adf64b54,2026-07-29T16:17:16.522526+00:00,129.905,4,2,vets-service|api-gateway,False,GET,/api/vet/vets,200,1,128.654,1
2026-07-29T16:17:41.689485+00:00,ac24fe567e67c1ee,2026-07-29T16:17:16.315114+00:00,191.23,4,2,customers-service|api-gateway,False,GET,/api/customer/owners,200,1,176.773,1
2026-07-29T16:17:41.689485+00:00,3df5701ef1705654,2026-07-29T16:17:16.152573+00:00,175.057,4,2,customers-service|api-gateway,False,GET,/api/customer/owners,200,1,173.114,1
2026-07-29T16:17:41.689485+00:00,00eaf266890e9fb6,2026-07-29T16:17:15.982230+00:00,190.529,4,2,customers-service|api-gateway,False,GET,/api/customer/owners,200,1,176.775,1
2026-07-29T16:17:41.689485+00:00,c91188d844407e25,2026-07-29T16:17:15.815496+00:00,207.303,4,2,customers-service|api-gateway,False,GET,/api/customer/owners,200,1,191.115,1
2026-07-29T16:17:41.689485+00:00,0d0c79e9f9d7ed1e,2026-07-29T16:17:15.648264+00:00,80.16,4,2,customers-service|api-gateway,False,GET,/api/customer/owners/1,200,1,76.165,1
2026-07-29T16:17:41.689485+00:00,d90f1d06b8ac59d9,2026-07-29T16:17:15.481946+00:00,224.095,4,2,customers-service|api-gateway,False,GET,/api/customer/owners,200,1,218.14,1
2026-07-29T16:17:41.689485+00:00,8f2c1f9df14e8107,2026-07-29T16:17:15.350964+00:00,19.746,3,2,visits-service|api-gateway,False,GET,/api/visit/owners/1/pets/1/visits,200,0,0.0,1
2026-07-29T16:17:41.689485+00:00,578cb937a45da834,2026-07-29T16:17:15.148574+00:00,235.17,4,2,customers-service|api-gateway,False,GET,/api/customer/owners,200,1,222.676,1
2026-07-29T16:17:41.689485+00:00,2859eb84b6df6ab4,2026-07-29T16:17:15.019286+00:00,194.574,4,2,vets-service|api-gateway,False,GET,/api/vet/vets,200,1,193.274,1
2026-07-29T16:17:41.689485+00:00,25008b5303174d4d,2026-07-29T16:17:14.814952+00:00,247.148,4,2,customers-service|api-gateway,False,GET,/api/customer/owners,200,1,232.601,1
2026-07-29T16:17:41.689485+00:00,96da678e7138e092,2026-07-29T16:17:14.647666+00:00,32.456,3,2,api-gateway|visits-service,False,GET,/api/visit/owners/1/pets/1/visits,200,0,0.0,1
2026-07-29T16:17:41.689485+00:00,155dc69317f45424,2026-07-29T16:17:14.481814+00:00,36.104,3,2,api-gateway|visits-service,False,GET,/api/visit/owners/1/pets/1/visits,200,0,0.0,1
2026-07-29T16:17:41.689485+00:00,067c2868092533e4,2026-07-29T16:17:14.353699+00:00,24.635,3,2,visits-service|api-gateway,False,GET,/api/visit/owners/1/pets/1/visits,200,0,0.0,1
2026-07-29T16:17:41.689485+00:00,68b1cb298808d7cf,2026-07-29T16:17:14.152468+00:00,186.004,4,2,customers-service|api-gateway,False,GET,/api/customer/owners,200,1,184.138,1
2026-07-29T16:17:41.689485+00:00,80c13be0174f6aa6,2026-07-29T16:17:13.982107+00:00,74.469,4,2,customers-service|api-gateway,False,GET,/api/customer/owners/1,200,1,61.199,1
2026-07-29T16:17:41.689485+00:00,0529a1212890c5f6,2026-07-29T16:17:13.815356+00:00,187.821,4,2,customers-service|api-gateway,False,GET,/api/customer/owners,200,1,173.712,1
2026-07-29T16:17:41.689485+00:00,b8374ff3e3f3693d,2026-07-29T16:17:13.649265+00:00,71.862,4,2,customers-service|api-gateway,False,GET,/api/customer/owners/1,200,1,65.563,1
2026-07-29T16:17:41.689485+00:00,8dea6f1140db6f43,2026-07-29T16:17:13.481763+00:00,30.194,3,2,api-gateway|visits-service,False,GET,/api/visit/owners/1/pets/1/visits,200,0,0.0,1
2026-07-29T16:17:41.689485+00:00,95ed8cabbe802b35,2026-07-29T16:17:13.315117+00:00,80.727,4,2,customers-service|api-gateway,False,GET,/api/customer/owners/1,200,1,74.754,1
2026-07-29T16:17:41.689485+00:00,9e0e3f26c386f721,2026-07-29T16:17:13.148791+00:00,77.306,4,2,customers-service|api-gateway,False,GET,/api/customer/owners/1,200,1,64.736,1
2026-07-29T16:17:41.689485+00:00,8ad03a50783da02f,2026-07-29T16:17:12.981687+00:00,245.346,4,2,customers-service|api-gateway,False,GET,/api/customer/owners,200,1,232.232,1
2026-07-29T16:17:41.689485+00:00,9c87dff6679274f9,2026-07-29T16:17:12.815052+00:00,77.898,4,2,customers-service|api-gateway,False,GET,/api/customer/owners/1,200,1,74.055,1
2026-07-29T16:17:41.689485+00:00,a608ddf3548c3222,2026-07-29T16:17:12.649000+00:00,204.098,4,2,customers-service|api-gateway,False,GET,/api/customer/owners,200,1,191.285,1
2026-07-29T16:17:41.689485+00:00,54be6b2d2f30e055,2026-07-29T16:17:12.481771+00:00,30.579,3,2,api-gateway|visits-service,False,GET,/api/visit/owners/1/pets/1/visits,200,0,0.0,1
2026-07-29T16:17:41.689485+00:00,db08acb4c0422ee2,2026-07-29T16:17:12.316485+00:00,260.672,4,2,customers-service|api-gateway,False,GET,/api/customer/owners,200,1,247.687,1
2026-07-29T16:17:41.689485+00:00,fdab33d5471434b8,2026-07-29T16:17:12.151306+00:00,173.396,4,2,customers-service|api-gateway,False,GET,/api/customer/owners,200,1,173.396,1
2026-07-29T16:17:41.689485+00:00,9f718a03ac63df61,2026-07-29T16:17:12.017771+00:00,127.798,4,2,vets-service|api-gateway,False,GET,/api/vet/vets,200,1,126.561,1
2026-07-29T16:17:41.689485+00:00,8da7da1b978963fb,2026-07-29T16:17:11.815515+00:00,175.946,4,2,customers-service|api-gateway,False,GET,/api/customer/owners,200,1,170.931,1
2026-07-29T16:17:41.689485+00:00,a75a4b398ab2e616,2026-07-29T16:17:11.691057+00:00,123.323,4,2,vets-service|api-gateway,False,GET,/api/vet/vets,200,1,122.021,1
2026-07-29T16:17:41.689485+00:00,868207422bf0db6c,2026-07-29T16:17:11.481451+00:00,28.831,3,2,api-gateway|visits-service,False,GET,/api/visit/owners/1/pets/1/visits,200,0,0.0,1
2026-07-29T16:17:41.689485+00:00,a7b8caced087d46f,2026-07-29T16:17:11.315021+00:00,176.188,4,2,customers-service|api-gateway,False,GET,/api/customer/owners,200,1,164.943,1
2026-07-29T16:17:41.689485+00:00,e50a50fe77367320,2026-07-29T16:17:11.149700+00:00,200.623,4,2,customers-service|api-gateway,False,GET,/api/customer/owners,200,1,190.85,1
2026-07-29T16:17:41.689485+00:00,9386ffdc1a120a5b,2026-07-29T16:17:10.985261+00:00,194.835,4,2,customers-service|api-gateway,False,GET,/api/customer/owners,200,1,193.421,1
2026-07-29T16:17:41.689485+00:00,7a0b7b051931d5f9,2026-07-29T16:17:10.854647+00:00,10.885,3,2,visits-service|api-gateway,False,GET,/api/visit/owners/1/pets/1/visits,200,0,0.0,1
2026-07-29T16:17:41.689485+00:00,ca00d40da9fc9307,2026-07-29T16:17:10.686784+00:00,11.259,3,2,visits-service|api-gateway,False,GET,/api/visit/owners/1/pets/1/visits,200,0,0.0,1
2026-07-29T16:17:41.689485+00:00,e7bb26f10b44f2ee,2026-07-29T16:17:10.481419+00:00,34.848,3,2,api-gateway|visits-service,False,GET,/api/visit/owners/1/pets/1/visits,200,0,0.0,1
2026-07-29T16:17:41.689485+00:00,600bea61dca68fa1,2026-07-29T16:17:10.314065+00:00,76.862,4,2,customers-service|api-gateway,False,GET,/api/customer/owners/1,200,1,64.553,1
2026-07-29T16:17:41.689485+00:00,2f947fc5cc654441,2026-07-29T16:17:10.186994+00:00,24.931,3,2,visits-service|api-gateway,False,GET,/api/visit/owners/1/pets/1/visits,200,0,0.0,1
2026-07-29T16:17:41.689485+00:00,21a6d5c97b14b6dd,2026-07-29T16:17:09.981681+00:00,201.871,4,2,customers-service|api-gateway,False,GET,/api/customer/owners,200,1,189.319,1
2026-07-29T16:17:41.689485+00:00,29b7550e16e63c8c,2026-07-29T16:17:09.815270+00:00,295.001,4,2,customers-service|api-gateway,False,GET,/api/customer/owners,200,1,287.794,1
2026-07-29T16:17:41.689485+00:00,7fe735e8e3399f12,2026-07-29T16:17:09.648325+00:00,295.963,4,2,customers-service|api-gateway,False,GET,/api/customer/owners/1,200,1,281.703,1
2026-07-29T16:17:41.689485+00:00,d1bdb80c2c2a5ede,2026-07-29T16:17:09.481298+00:00,585.789,4,2,customers-service|api-gateway,False,GET,/api/customer/owners,200,1,581.812,1
2026-07-29T16:17:41.689485+00:00,50da11e909e081e6,2026-07-29T16:17:09.315566+00:00,705.381,4,2,customers-service|api-gateway,False,GET,/api/customer/owners,200,1,689.895,1
2026-07-29T16:17:41.689485+00:00,c9cb5b5b7b58a25b,2026-07-29T16:17:09.148701+00:00,301.058,4,2,customers-service|api-gateway,False,GET,/api/customer/owners/1,200,1,296.717,1
2026-07-29T16:17:41.689485+00:00,7817fd4bd9628d64,2026-07-29T16:17:09.020495+00:00,11.304,3,2,visits-service|api-gateway,False,GET,/api/visit/owners/1/pets/1/visits,200,0,0.0,1
2026-07-29T16:17:41.689485+00:00,38f2b6ff887a6576,2026-07-29T16:17:08.815345+00:00,171.449,3,2,api-gateway|visits-service,False,GET,/api/visit/owners/1/pets/1/visits,200,0,0.0,1
2026-07-29T16:17:41.689485+00:00,38d70c46e50ca975,2026-07-29T16:17:08.685791+00:00,78.728,3,2,visits-service|api-gateway,False,GET,/api/visit/owners/1/pets/1/visits,200,0,0.0,1
2026-07-29T16:17:41.689485+00:00,3035338d66746c2d,2026-07-29T16:17:08.481963+00:00,29.617,3,2,api-gateway|visits-service,False,GET,/api/visit/owners/1/pets/1/visits,200,0,0.0,1
2026-07-29T16:17:41.689485+00:00,838d056627555b17,2026-07-29T16:17:08.315383+00:00,1133.508,4,2,customers-service|api-gateway,False,GET,/api/customer/owners,200,1,1120.144,1
2026-07-29T16:17:41.689485+00:00,05dba589bbe17813,2026-07-29T16:17:08.185881+00:00,596.386,4,2,vets-service|api-gateway,False,GET,/api/vet/vets,200,1,595.279,1
2026-07-29T16:17:41.689485+00:00,b9c2243ad8042d14,2026-07-29T16:17:07.982085+00:00,745.922,4,2,vets-service|api-gateway,False,GET,/api/vet/vets,200,1,729.282,1
2026-07-29T16:17:41.689485+00:00,df23b0e1dfcfffb6,2026-07-29T16:17:07.815507+00:00,214.236,3,2,api-gateway|visits-service,False,GET,/api/visit/owners/1/pets/1/visits,200,0,0.0,1
2026-07-29T16:17:41.689485+00:00,8177466786f13bde,2026-07-29T16:17:07.648577+00:00,371.259,4,2,customers-service|api-gateway,False,GET,/api/customer/owners/1,200,1,367.039,1
2026-07-29T16:17:41.689485+00:00,2e0aa977937c8a12,2026-07-29T16:17:07.517686+00:00,796.978,4,2,vets-service|api-gateway,False,GET,/api/vet/vets,200,1,795.697,1
2026-07-29T16:17:41.689485+00:00,0680fa96e69a1e31,2026-07-29T16:17:07.353839+00:00,695.522,4,2,vets-service|api-gateway,False,GET,/api/vet/vets,200,1,694.501,1
2026-07-29T16:17:41.689485+00:00,9fbccf47c8d4a47a,2026-07-29T16:17:07.187527+00:00,1091.115,4,2,customers-service|api-gateway,False,GET,/api/customer/owners,200,1,1090.058,1
2026-07-29T16:17:41.689485+00:00,cf374ce084e727fb,2026-07-29T16:17:07.020343+00:00,800.724,4,2,vets-service|api-gateway,False,GET,/api/vet/vets,200,1,799.518,1
2026-07-29T16:17:41.689485+00:00,7c2d9734ac626db5,2026-07-29T16:17:06.814906+00:00,964.673,4,2,vets-service|api-gateway,False,GET,/api/vet/vets,200,1,949.515,1
2026-07-29T16:17:41.689485+00:00,b46b60328f116072,2026-07-29T16:17:06.648685+00:00,1130.573,4,2,customers-service|api-gateway,False,GET,/api/customer/owners,200,1,1116.312,1
2026-07-29T16:17:41.689485+00:00,f8c4052ccc431688,2026-07-29T16:17:06.517825+00:00,175.419,3,2,visits-service|api-gateway,False,GET,/api/visit/owners/1/pets/1/visits,200,0,0.0,1
2026-07-29T16:17:41.689485+00:00,7be1425d50d347ab,2026-07-29T16:17:06.315373+00:00,354.877,4,2,customers-service|api-gateway,False,GET,/api/customer/owners/1,200,1,349.602,1
2026-07-29T16:17:41.689485+00:00,9af8e60f7bd4c9fc,2026-07-29T16:17:06.187215+00:00,53.329,3,2,visits-service|api-gateway,False,GET,/api/visit/owners/1/pets/1/visits,200,0,0.0,1
2026-07-29T16:17:41.689485+00:00,c82400d2807d1946,2026-07-29T16:17:05.984070+00:00,1399.053,4,2,customers-service|api-gateway,False,GET,/api/customer/owners,200,1,1395.919,1
2026-07-29T16:17:41.689485+00:00,f171345891e6d7bc,2026-07-29T16:17:05.814849+00:00,1334.59,4,2,customers-service|api-gateway,False,GET,/api/customer/owners,200,1,1319.658,1
2026-07-29T16:17:41.689485+00:00,d64e948de87a5cb8,2026-07-29T16:17:05.686734+00:00,785.619,4,2,vets-service|api-gateway,False,GET,/api/vet/vets,200,1,784.418,1
2026-07-29T16:17:41.689485+00:00,6bc0098f13e298f2,2026-07-29T16:17:05.482461+00:00,971.313,4,2,customers-service|api-gateway,False,GET,/api/customer/owners,200,1,959.155,1
2026-07-29T16:17:41.689485+00:00,e4daa2f3000d0d19,2026-07-29T16:17:05.352312+00:00,620.055,4,2,vets-service|api-gateway,False,GET,/api/vet/vets,200,1,618.515,1
2026-07-29T16:17:41.689485+00:00,b326731155754e4e,2026-07-29T16:17:05.148264+00:00,39.914,3,2,api-gateway|visits-service,False,GET,/api/visit/owners/1/pets/1/visits,200,0,0.0,1
2026-07-29T16:17:41.689485+00:00,610e5a8e55832001,2026-07-29T16:17:04.982290+00:00,74.256,4,2,customers-service|api-gateway,False,GET,/api/customer/owners/1,200,1,68.513,1
2026-07-29T16:17:41.689485+00:00,f53ef0562a799540,2026-07-29T16:17:04.851660+00:00,9.635,3,2,visits-service|api-gateway,False,GET,/api/visit/owners/1/pets/1/visits,200,0,0.0,1
2026-07-29T16:17:41.689485+00:00,c1b3ac84ed9e782e,2026-07-29T16:17:04.647987+00:00,190.837,4,2,customers-service|api-gateway,False,GET,/api/customer/owners,200,1,178.775,1
2026-07-29T16:17:41.689485+00:00,476a78c7f8d9a045,2026-07-29T16:17:04.481992+00:00,35.358,3,2,api-gateway|visits-service,False,GET,/api/visit/owners/1/pets/1/visits,200,0,0.0,1
2026-07-29T16:17:41.689485+00:00,20d9cd4c5975a50d,2026-07-29T16:17:04.314643+00:00,86.846,4,2,customers-service|api-gateway,False,GET,/api/customer/owners/1,200,1,72.618,1
2026-07-29T16:17:41.689485+00:00,849f12af297519a7,2026-07-29T16:17:04.148291+00:00,170.685,4,2,customers-service|api-gateway,False,GET,/api/customer/owners,200,1,165.117,1
2026-07-29T16:17:41.689485+00:00,87b8d6c40853a992,2026-07-29T16:17:04.021288+00:00,131.011,4,2,vets-service|api-gateway,False,GET,/api/vet/vets,200,1,129.842,1
2026-07-29T16:17:41.689485+00:00,38818af4d895dcf3,2026-07-29T16:17:03.815615+00:00,80.882,4,2,customers-service|api-gateway,False,GET,/api/customer/owners/1,200,1,74.286,1
2026-07-29T16:17:41.689485+00:00,e76e76413e9e3039,2026-07-29T16:17:03.649124+00:00,71.343,4,2,customers-service|api-gateway,False,GET,/api/customer/owners/1,200,1,56.925,1
2026-07-29T16:17:41.689485+00:00,0eae223170e3ecf8,2026-07-29T16:17:03.481470+00:00,153.158,4,2,vets-service|api-gateway,False,GET,/api/vet/vets,200,1,139.359,1
2026-07-29T16:17:41.689485+00:00,dbf972eecc6cf9ca,2026-07-29T16:17:03.315261+00:00,221.478,4,2,customers-service|api-gateway,False,GET,/api/customer/owners,200,1,206.812,1
2026-07-29T16:17:41.689485+00:00,dbc94296b678f41e,2026-07-29T16:17:03.151886+00:00,72.593,4,2,customers-service|api-gateway,False,GET,/api/customer/owners/1,200,1,70.585,1
2026-07-29T16:17:41.689485+00:00,534f2ed8525415d7,2026-07-29T16:17:03.020287+00:00,167.772,4,2,vets-service|api-gateway,False,GET,/api/vet/vets,200,1,166.809,1
2026-07-29T16:17:41.689485+00:00,1ce0e19cfebf7e6f,2026-07-29T16:17:02.854018+00:00,198.61,4,2,vets-service|api-gateway,False,GET,/api/vet/vets,200,1,197.356,1
2026-07-29T16:17:41.689485+00:00,dec99e01fd44445d,2026-07-29T16:17:02.651323+00:00,83.642,4,2,customers-service|api-gateway,False,GET,/api/customer/owners/1,200,1,71.845,1
2026-07-29T16:17:41.689485+00:00,54547c8db4f07c06,2026-07-29T16:17:02.482303+00:00,35.186,3,2,api-gateway|visits-service,False,GET,/api/visit/owners/1/pets/1/visits,200,0,0.0,1
2026-07-29T16:17:41.689485+00:00,3265308e4907c48b,2026-07-29T16:17:02.314288+00:00,95.134,4,2,customers-service|api-gateway,False,GET,/api/customer/owners/1,200,1,83.773,1
2026-07-29T16:17:41.689485+00:00,68394979bbe08aea,2026-07-29T16:17:02.147913+00:00,204.325,4,2,customers-service|api-gateway,False,GET,/api/customer/owners,200,1,200.551,1
2026-07-29T16:17:41.689485+00:00,0625c085175439ab,2026-07-29T16:17:02.018232+00:00,134.505,4,2,vets-service|api-gateway,False,GET,/api/vet/vets,200,1,133.255,1
2026-07-29T16:17:41.689485+00:00,ed30c339ef0bbefd,2026-07-29T16:17:01.815150+00:00,84.463,4,2,customers-service|api-gateway,False,GET,/api/customer/owners/1,200,1,78.23,1
2026-07-29T16:17:41.689485+00:00,f1d37c70e8061131,2026-07-29T16:17:01.687299+00:00,18.806,3,2,visits-service|api-gateway,False,GET,/api/visit/owners/1/pets/1/visits,200,0,0.0,1
2026-07-29T16:17:41.689485+00:00,d06d12bae9bf8f2d,2026-07-29T16:17:01.482323+00:00,33.662,3,2,api-gateway|visits-service,False,GET,/api/visit/owners/1/pets/1/visits,200,0,0.0,1
2026-07-29T16:17:41.689485+00:00,86589acb649ed77d,2026-07-29T16:17:01.315437+00:00,71.268,4,2,customers-service|api-gateway,False,GET,/api/customer/owners/1,200,1,56.876,1
2026-07-29T16:17:41.689485+00:00,9d639e03ad23aa15,2026-07-29T16:17:01.186761+00:00,62.464,4,2,customers-service|api-gateway,False,GET,/api/customer/owners/1,200,1,61.323,1
2026-07-29T16:17:41.689485+00:00,08fa68a08cd804b4,2026-07-29T16:17:00.981687+00:00,71.192,4,2,customers-service|api-gateway,False,GET,/api/customer/owners/1,200,1,65.089,1
2026-07-29T16:17:41.689485+00:00,7676bf4750709720,2026-07-29T16:17:00.855389+00:00,119.913,4,2,vets-service|api-gateway,False,GET,/api/vet/vets,200,1,118.667,1
2026-07-29T16:17:41.689485+00:00,5778ac0769651b1b,2026-07-29T16:17:00.648459+00:00,79.93,4,2,customers-service|api-gateway,False,GET,/api/customer/owners/1,200,1,66.514,1
2026-07-29T16:17:41.689485+00:00,31fb9f76cabcbfe9,2026-07-29T16:17:00.481556+00:00,76.312,4,2,customers-service|api-gateway,False,GET,/api/customer/owners/1,200,1,64.788,1
2026-07-29T16:17:41.689485+00:00,ed8d4b8857418d1d,2026-07-29T16:17:00.314506+00:00,159.034,4,2,customers-service|api-gateway,False,GET,/api/customer/owners,200,1,155.084,1
2026-07-29T16:17:41.689485+00:00,e511226a12960fd2,2026-07-29T16:17:00.186434+00:00,131.188,4,2,vets-service|api-gateway,False,GET,/api/vet/vets,200,1,130.11,1
2026-07-29T16:17:41.689485+00:00,027e704f3303f97f,2026-07-29T16:16:59.981479+00:00,28.775,3,2,api-gateway|visits-service,False,GET,/api/visit/owners/1/pets/1/visits,200,0,0.0,1
2026-07-29T16:17:41.689485+00:00,54caf9163a6e9bc2,2026-07-29T16:16:59.852753+00:00,130.444,4,2,vets-service|api-gateway,False,GET,/api/vet/vets,200,1,129.146,1
2026-07-29T16:17:41.689485+00:00,e0ce5cf63967a7b0,2026-07-29T16:16:59.687726+00:00,18.826,3,2,visits-service|api-gateway,False,GET,/api/visit/owners/1/pets/1/visits,200,0,0.0,1
2026-07-29T16:17:41.689485+00:00,100679725f8ee492,2026-07-29T16:16:59.482398+00:00,31.171,3,2,api-gateway|visits-service,False,GET,/api/visit/owners/1/pets/1/visits,200,0,0.0,1
2026-07-29T16:17:41.689485+00:00,7a3440db4d72a979,2026-07-29T16:16:59.314987+00:00,75.954,4,2,customers-service|api-gateway,False,GET,/api/customer/owners/1,200,1,70.248,1
2026-07-29T16:17:41.689485+00:00,1486e40c5c6734ad,2026-07-29T16:16:59.148918+00:00,151.191,4,2,vets-service|api-gateway,False,GET,/api/vet/vets,200,1,138.138,1
2026-07-29T16:17:41.689485+00:00,a699964e40c68faf,2026-07-29T16:16:58.981663+00:00,82.524,4,2,customers-service|api-gateway,False,GET,/api/customer/owners/1,200,1,67.386,1
2026-07-29T16:17:41.689485+00:00,cfb45ee90ada4057,2026-07-29T16:16:58.852560+00:00,128.233,4,2,vets-service|api-gateway,False,GET,/api/vet/vets,200,1,126.935,1
2026-07-29T16:17:41.689485+00:00,db8586ce2196545f,2026-07-29T16:16:58.649281+00:00,78.922,4,2,customers-service|api-gateway,False,GET,/api/customer/owners/1,200,1,65.003,1
2026-07-29T16:17:41.689485+00:00,487a98b5c5b20acc,2026-07-29T16:16:58.517502+00:00,170.128,4,2,vets-service|api-gateway,False,GET,/api/vet/vets,200,1,168.833,1
2026-07-29T16:17:41.689485+00:00,8524bde66f38e033,2026-07-29T16:16:58.354588+00:00,120.48,4,2,vets-service|api-gateway,False,GET,/api/vet/vets,200,1,119.134,1
2026-07-29T16:17:41.689485+00:00,859ae7f2642a4741,2026-07-29T16:16:58.152128+00:00,77.108,4,2,customers-service|api-gateway,False,GET,/api/customer/owners/1,200,1,75.152,1
2026-07-29T16:17:41.689485+00:00,734f17db1f93b939,2026-07-29T16:16:58.018644+00:00,137.657,4,2,vets-service|api-gateway,False,GET,/api/vet/vets,200,1,136.372,1
2026-07-29T16:17:41.689485+00:00,3728739506afd82c,2026-07-29T16:16:57.814686+00:00,82.339,4,2,customers-service|api-gateway,False,GET,/api/customer/owners/1,200,1,67.703,1
2026-07-29T16:17:41.689485+00:00,5aed9bd8d1316ddf,2026-07-29T16:16:57.649205+00:00,31.996,3,2,api-gateway|visits-service,False,GET,/api/visit/owners/1/pets/1/visits,200,0,0.0,1
2026-07-29T16:17:41.689485+00:00,d8e88ec9855e8013,2026-07-29T16:16:57.518298+00:00,29.349,3,2,visits-service|api-gateway,False,GET,/api/visit/owners/1/pets/1/visits,200,0,0.0,1
2026-07-29T16:17:41.689485+00:00,9f0e934781bca75d,2026-07-29T16:16:57.315277+00:00,147.873,4,2,vets-service|api-gateway,False,GET,/api/vet/vets,200,1,135.318,1
2026-07-29T16:17:41.689485+00:00,8bd3667d154b768f,2026-07-29T16:16:57.186014+00:00,19.578,3,2,visits-service|api-gateway,False,GET,/api/visit/owners/1/pets/1/visits,200,0,0.0,1
2026-07-29T16:17:41.689485+00:00,9851c55fcb59c637,2026-07-29T16:16:56.981235+00:00,73.04,4,2,customers-service|api-gateway,False,GET,/api/customer/owners/1,200,1,61.256,1
2026-07-29T16:17:41.689485+00:00,6a69346b5ede9f1e,2026-07-29T16:16:56.814280+00:00,75.607,4,2,customers-service|api-gateway,False,GET,/api/customer/owners/1,200,1,72.165,1
2026-07-29T16:17:41.689485+00:00,6173c79745da3dcf,2026-07-29T16:16:56.648641+00:00,79.783,4,2,customers-service|api-gateway,False,GET,/api/customer/owners/1,200,1,76.062,1
2026-07-29T16:17:41.689485+00:00,57889321a1d48ebb,2026-07-29T16:16:56.481243+00:00,192.956,4,2,customers-service|api-gateway,False,GET,/api/customer/owners,200,1,180.802,1
2026-07-29T16:17:41.689485+00:00,6fecae444844911a,2026-07-29T16:16:56.315616+00:00,194.684,4,2,customers-service|api-gateway,False,GET,/api/customer/owners,200,1,182.631,1
2026-07-29T16:17:41.689485+00:00,a5fed52555c6a565,2026-07-29T16:16:56.150437+00:00,70.952,4,2,customers-service|api-gateway,False,GET,/api/customer/owners/1,200,1,69.686,1
2026-07-29T16:17:41.689485+00:00,c67de8b5487037e7,2026-07-29T16:16:55.981952+00:00,129.768,4,2,vets-service|api-gateway,False,GET,/api/vet/vets,200,1,116.041,1
2026-07-29T16:17:41.689485+00:00,fe818a1edef6113c,2026-07-29T16:16:55.815424+00:00,32.294,3,2,api-gateway|visits-service,False,GET,/api/visit/owners/1/pets/1/visits,200,0,0.0,1
2026-07-29T16:17:41.689485+00:00,eb687da6e47b9f83,2026-07-29T16:16:55.648490+00:00,79.143,4,2,customers-service|api-gateway,False,GET,/api/customer/owners/1,200,1,64.66,1
2026-07-29T16:17:41.689485+00:00,f47d6c093982f48c,2026-07-29T16:16:55.481515+00:00,161.992,4,2,vets-service|api-gateway,False,GET,/api/vet/vets,200,1,149.382,1
2026-07-29T16:17:41.689485+00:00,e9410a82a7d0b4d9,2026-07-29T16:16:55.314278+00:00,28.769,3,2,api-gateway|visits-service,False,GET,/api/visit/owners/1/pets/1/visits,200,0,0.0,1
2026-07-29T16:17:41.689485+00:00,3c37171082478e3f,2026-07-29T16:16:55.148592+00:00,182.589,4,2,customers-service|api-gateway,False,GET,/api/customer/owners,200,1,169.728,1
2026-07-29T16:17:41.689485+00:00,a90f9f606ae222b5,2026-07-29T16:16:55.020386+00:00,33.129,3,2,visits-service|api-gateway,False,GET,/api/visit/owners/1/pets/1/visits,200,0,0.0,1
2026-07-29T16:17:41.689485+00:00,dd0dcc1f9f731bc4,2026-07-29T16:16:54.815305+00:00,161.056,4,2,vets-service|api-gateway,False,GET,/api/vet/vets,200,1,147.624,1
2026-07-29T16:17:41.689485+00:00,ba03d879034c6f83,2026-07-29T16:16:54.648422+00:00,255.933,4,2,customers-service|api-gateway,False,GET,/api/customer/owners,200,1,249.938,1
2026-07-29T16:17:41.689485+00:00,62cfb302f8ee8e85,2026-07-29T16:16:54.481259+00:00,33.338,3,2,api-gateway|visits-service,False,GET,/api/visit/owners/1/pets/1/visits,200,0,0.0,1
2026-07-29T16:17:41.689485+00:00,f1896652b098808c,2026-07-29T16:16:54.314771+00:00,131.953,4,2,vets-service|api-gateway,False,GET,/api/vet/vets,200,1,119.302,1
2026-07-29T16:17:41.689485+00:00,6ca1f573065e04f5,2026-07-29T16:16:54.148783+00:00,146.328,4,2,vets-service|api-gateway,False,GET,/api/vet/vets,200,1,131.484,1
2026-07-29T16:17:41.689485+00:00,be4c7788e6f5c0c6,2026-07-29T16:16:54.020962+00:00,13.909,3,2,visits-service|api-gateway,False,GET,/api/visit/owners/1/pets/1/visits,200,0,0.0,1
2026-07-29T16:17:41.689485+00:00,a35c58088e27ac6e,2026-07-29T16:16:53.852930+00:00,21.134,3,2,visits-service|api-gateway,False,GET,/api/visit/owners/1/pets/1/visits,200,0,0.0,1
2026-07-29T16:17:41.689485+00:00,b5b8dd6e4354003d,2026-07-29T16:16:53.647791+00:00,34.368,3,2,api-gateway|visits-service,False,GET,/api/visit/owners/1/pets/1/visits,200,0,0.0,1
2026-07-29T16:17:41.689485+00:00,1e1c71e23d18290e,2026-07-29T16:16:53.481425+00:00,65.837,4,2,customers-service|api-gateway,False,GET,/api/customer/owners/1,200,1,61.957,1
2026-07-29T16:17:41.689485+00:00,73943bfe996ba710,2026-07-29T16:16:53.315230+00:00,220.823,4,2,customers-service|api-gateway,False,GET,/api/customer/owners,200,1,208.22,1
2026-07-29T16:17:41.689485+00:00,b4ce398580ae0f81,2026-07-29T16:16:53.184638+00:00,81.666,4,2,customers-service|api-gateway,False,GET,/api/customer/owners/1,200,1,80.763,1
2026-07-29T16:17:41.689485+00:00,6ab6738336fb462e,2026-07-29T16:16:52.981271+00:00,69.754,4,2,customers-service|api-gateway,False,GET,/api/customer/owners/1,200,1,66.249,1
2026-07-29T16:17:41.689485+00:00,7cc96aabbafa6f41,2026-07-29T16:16:52.814579+00:00,87.943,4,2,customers-service|api-gateway,False,GET,/api/customer/owners/1,200,1,74.556,1
2026-07-29T16:17:41.689485+00:00,4a9682790efd116a,2026-07-29T16:16:52.685906+00:00,20.161,3,2,visits-service|api-gateway,False,GET,/api/visit/owners/1/pets/1/visits,200,0,0.0,1
2026-07-29T16:17:41.689485+00:00,05a03da91dbfa0f5,2026-07-29T16:16:52.482006+00:00,69.291,4,2,customers-service|api-gateway,False,GET,/api/customer/owners/1,200,1,56.551,1
2026-07-29T16:17:41.689485+00:00,6c50799650f07734,2026-07-29T16:16:52.315359+00:00,198.444,4,2,vets-service|api-gateway,False,GET,/api/vet/vets,200,1,182.656,1
2026-07-29T16:17:41.689485+00:00,8bc2903597eb9a9b,2026-07-29T16:16:52.191885+00:00,32.52,3,2,visits-service|api-gateway,False,GET,/api/visit/owners/1/pets/1/visits,200,0,0.0,1
2026-07-29T16:17:41.689485+00:00,fee329f288b6f987,2026-07-29T16:16:51.982164+00:00,30.864,3,2,api-gateway|visits-service,False,GET,/api/visit/owners/1/pets/1/visits,200,0,0.0,1
2026-07-29T16:17:41.689485+00:00,6dce126024f57c91,2026-07-29T16:16:51.815699+00:00,187.528,4,2,customers-service|api-gateway,False,GET,/api/customer/owners,200,1,181.706,1
2026-07-29T16:17:41.689485+00:00,3d5cac0b45bf7a29,2026-07-29T16:16:51.649255+00:00,80.468,4,2,customers-service|api-gateway,False,GET,/api/customer/owners/1,200,1,74.128,1
2026-07-29T16:17:41.689485+00:00,fe8e0f4c8566ea4a,2026-07-29T16:16:51.481585+00:00,204.619,4,2,customers-service|api-gateway,False,GET,/api/customer/owners,200,1,190.572,1
2026-07-29T16:17:41.689485+00:00,177ec8051e73269d,2026-07-29T16:16:51.315527+00:00,177.825,4,2,customers-service|api-gateway,False,GET,/api/customer/owners,200,1,162.883,1
2026-07-29T16:17:41.689485+00:00,b91bd8ec4f98b611,2026-07-29T16:16:51.150568+00:00,66.683,4,2,customers-service|api-gateway,False,GET,/api/customer/owners/1,200,1,65.173,1
2026-07-29T16:17:41.689485+00:00,b234d894e19c8e72,2026-07-29T16:16:50.982078+00:00,161.805,4,2,vets-service|api-gateway,False,GET,/api/vet/vets,200,1,148.135,1
2026-07-29T16:17:41.689485+00:00,e77dc91b3c8bced9,2026-07-29T16:16:50.851868+00:00,155.81,4,2,vets-service|api-gateway,False,GET,/api/vet/vets,200,1,154.54,1
2026-07-29T16:17:41.689485+00:00,1a2a96a489b8bcab,2026-07-29T16:16:50.686134+00:00,16.935,3,2,visits-service|api-gateway,False,GET,/api/visit/owners/1/pets/1/visits,200,0,0.0,1
2026-07-29T16:17:41.689485+00:00,f4433de9a3969979,2026-07-29T16:16:50.481128+00:00,203.496,4,2,customers-service|api-gateway,False,GET,/api/customer/owners,200,1,191.939,1
2026-07-29T16:17:41.689485+00:00,869cda490614a512,2026-07-29T16:16:50.314174+00:00,139.572,4,2,vets-service|api-gateway,False,GET,/api/vet/vets,200,1,127.412,1
2026-07-29T16:17:41.689485+00:00,de8e75469626fafe,2026-07-29T16:16:50.185425+00:00,69.604,4,2,customers-service|api-gateway,False,GET,/api/customer/owners/1,200,1,68.55,1
2026-07-29T16:17:41.689485+00:00,be999286564b5111,2026-07-29T16:16:49.981170+00:00,145.612,4,2,vets-service|api-gateway,False,GET,/api/vet/vets,200,1,133.797,1
2026-07-29T16:17:41.689485+00:00,12c45e4b97c0c7a9,2026-07-29T16:16:49.814887+00:00,167.533,4,2,customers-service|api-gateway,False,GET,/api/customer/owners,200,1,164.718,1
2026-07-29T16:17:41.689485+00:00,4550ec256d313d77,2026-07-29T16:16:49.648555+00:00,165.906,4,2,customers-service|api-gateway,False,GET,/api/customer/owners,200,1,161.952,1
2026-07-29T16:17:41.689485+00:00,e7799ebfee6d8b9e,2026-07-29T16:16:49.481480+00:00,71.798,4,2,customers-service|api-gateway,False,GET,/api/customer/owners/1,200,1,59.948,1
2026-07-29T16:17:41.689485+00:00,d5ff0827f999d6f2,2026-07-29T16:16:49.314485+00:00,132.397,4,2,vets-service|api-gateway,False,GET,/api/vet/vets,200,1,119.358,1
2026-07-29T16:17:41.689485+00:00,793e78d12cf88338,2026-07-29T16:16:49.147979+00:00,140.515,4,2,vets-service|api-gateway,False,GET,/api/vet/vets,200,1,118.214,1
2026-07-29T16:17:41.689485+00:00,bef8348fc13f56df,2026-07-29T16:16:48.981341+00:00,293.899,4,2,vets-service|api-gateway,False,GET,/api/vet/vets,200,1,283.024,1
2026-07-29T16:17:41.689485+00:00,cde32dc1a9662abb,2026-07-29T16:16:48.851855+00:00,413.291,4,2,vets-service|api-gateway,False,GET,/api/vet/vets,200,1,412.358,1
2026-07-29T16:17:41.689485+00:00,127a7462a52dcb6e,2026-07-29T16:16:48.705943+00:00,479.066,4,2,customers-service|api-gateway,False,GET,/api/customer/owners/1,200,1,477.926,1
2026-07-29T16:17:41.689485+00:00,14a54819df0b35fe,2026-07-29T16:16:48.481758+00:00,459.539,4,2,customers-service|api-gateway,False,GET,/api/customer/owners/1,200,1,456.779,1
2026-07-29T16:17:41.689485+00:00,c629d1e9d58026e3,2026-07-29T16:16:48.315599+00:00,864.706,4,2,vets-service|api-gateway,False,GET,/api/vet/vets,200,1,852.357,1
2026-07-29T16:17:41.689485+00:00,dd6f9c22fd7ad0a1,2026-07-29T16:16:48.222412+00:00,996.413,4,2,customers-service|api-gateway,False,GET,/api/customer/owners,200,1,995.487,1
2026-07-29T16:17:41.689485+00:00,2eb2ab96a0a013d5,2026-07-29T16:16:47.986006+00:00,1197.773,4,2,customers-service|api-gateway,False,GET,/api/customer/owners,200,1,1196.442,1
2026-07-29T16:17:41.689485+00:00,0f75c11c8b044a06,2026-07-29T16:16:47.853744+00:00,384.665,3,2,visits-service|api-gateway,False,GET,/api/visit/owners/1/pets/1/visits,200,0,0.0,1
2026-07-29T16:17:41.689485+00:00,f6fc965b41249c25,2026-07-29T16:16:47.649096+00:00,1299.919,4,2,customers-service|api-gateway,False,GET,/api/customer/owners,200,1,1285.898,1
2026-07-29T16:17:41.689485+00:00,1573c78ac8f88d42,2026-07-29T16:16:47.481935+00:00,1449.277,4,2,customers-service|api-gateway,False,GET,/api/customer/owners,200,1,1446.097,1
2026-07-29T16:17:41.689485+00:00,25fc200d0ff9ecbf,2026-07-29T16:16:47.315032+00:00,1370.766,4,2,customers-service|api-gateway,False,GET,/api/customer/owners,200,1,1359.321,1
2026-07-29T16:17:41.689485+00:00,659b3de04eef0414,2026-07-29T16:16:47.148731+00:00,1315.808,4,2,customers-service|api-gateway,False,GET,/api/customer/owners,200,1,1309.761,1
2026-07-29T16:17:41.689485+00:00,0726197472fdf3af,2026-07-29T16:16:46.981329+00:00,474.666,4,2,customers-service|api-gateway,False,GET,/api/customer/owners/1,200,1,470.541,1
2026-07-29T16:17:41.689485+00:00,0292c05982f20889,2026-07-29T16:16:46.818415+00:00,423.375,4,2,customers-service|api-gateway,False,GET,/api/customer/owners/1,200,1,421.968,1
2026-07-29T16:17:41.689485+00:00,cfda3cd069946e24,2026-07-29T16:16:46.647702+00:00,120.775,3,2,api-gateway|visits-service,False,GET,/api/visit/owners/1/pets/1/visits,200,0,0.0,1
2026-07-29T16:17:41.689485+00:00,aab257a6f239d678,2026-07-29T16:16:46.539710+00:00,113.033,3,2,visits-service|api-gateway,False,GET,/api/visit/owners/1/pets/1/visits,200,0,0.0,1
2026-07-29T16:17:41.689485+00:00,cdef5140357a3b58,2026-07-29T16:16:46.385911+00:00,265.082,3,2,visits-service|api-gateway,False,GET,/api/visit/owners/1/pets/1/visits,200,0,0.0,1
2026-07-29T16:17:41.689485+00:00,1e7e69400febd88e,2026-07-29T16:16:46.148782+00:00,460.015,3,2,api-gateway|visits-service,False,GET,/api/visit/owners/1/pets/1/visits,200,0,0.0,1
2026-07-29T16:17:41.689485+00:00,294cc2393907cc44,2026-07-29T16:16:45.981857+00:00,1286.255,4,2,customers-service|api-gateway,False,GET,/api/customer/owners,200,1,1245.759,1
2026-07-29T16:17:41.689485+00:00,209f42187897ca14,2026-07-29T16:16:45.814883+00:00,550.979,4,2,customers-service|api-gateway,False,GET,/api/customer/owners/1,200,1,547.062,1
2026-07-29T16:17:41.689485+00:00,50d1c709685576c4,2026-07-29T16:16:45.648436+00:00,33.467,3,2,api-gateway|visits-service,False,GET,/api/visit/owners/1/pets/1/visits,200,0,0.0,1
2026-07-29T16:17:41.689485+00:00,679e71e57d71edff,2026-07-29T16:16:45.527682+00:00,1486.573,4,2,customers-service|api-gateway,False,GET,/api/customer/owners,200,1,1485.41,1
2026-07-29T16:17:41.689485+00:00,19f1c0f360bc0bc7,2026-07-29T16:16:45.315774+00:00,1456.493,4,2,customers-service|api-gateway,False,GET,/api/customer/owners,200,1,1441.689,1
2026-07-29T16:17:41.689485+00:00,722aaa487d3504ab,2026-07-29T16:16:45.188124+00:00,21.243,3,2,visits-service|api-gateway,False,GET,/api/visit/owners/1/pets/1/visits,200,0,0.0,1
2026-07-29T16:17:41.689485+00:00,bf75c25e78212194,2026-07-29T16:16:44.995181+00:00,1153.709,4,2,customers-service|api-gateway,False,GET,/api/customer/owners,200,1,1152.021,1
2026-07-29T16:17:41.689485+00:00,015341d22ef0b145,2026-07-29T16:16:44.816245+00:00,842.647,4,2,vets-service|api-gateway,False,GET,/api/vet/vets,200,1,796.665,1
2026-07-29T16:17:41.689485+00:00,14cecd01b79e6c9d,2026-07-29T16:16:44.649121+00:00,789.938,4,2,vets-service|api-gateway,False,GET,/api/vet/vets,200,1,744.086,1
2026-07-29T16:17:41.689485+00:00,ceac482400d39070,2026-07-29T16:16:44.483173+00:00,1163.221,4,2,customers-service|api-gateway,False,GET,/api/customer/owners,200,1,1156.579,1
2026-07-29T16:17:41.689485+00:00,b03d33c11b9e1b7e,2026-07-29T16:16:44.316273+00:00,680.685,4,2,vets-service|api-gateway,False,GET,/api/vet/vets,200,1,636.615,1
2026-07-29T16:17:41.689485+00:00,17220c12aac555a9,2026-07-29T16:16:44.219658+00:00,20.573,3,2,visits-service|api-gateway,False,GET,/api/visit/owners/1/pets/1/visits,200,0,0.0,1
2026-07-29T16:17:41.689485+00:00,dbca7944fc4f9e1a,2026-07-29T16:17:41.186718+00:00,518.177,2,1,vets-service,False,,,200,1,517.316,0
2026-07-29T16:17:41.689485+00:00,12fe3dce8bcab2f2,2026-07-29T16:17:41.021126+00:00,683.758,2,1,vets-service,False,,,200,1,682.641,0
2026-07-29T16:18:41.689733+00:00,e7e62fe2581386c0,2026-07-29T16:18:41.481663+00:00,112.923,2,1,api-gateway,False,GET,/api/customer/owners/1,200,0,0.0,1
2026-07-29T16:18:41.689733+00:00,f78b31785afeea71,2026-07-29T16:18:41.315176+00:00,275.088,2,1,api-gateway,False,GET,/api/customer/owners,200,0,0.0,1
2026-07-29T16:18:41.689733+00:00,a900fe590c3b3f28,2026-07-29T16:18:41.149008+00:00,33.623,3,2,api-gateway|visits-service,False,GET,/api/visit/owners/1/pets/1/visits,200,0,0.0,1
2026-07-29T16:18:41.689733+00:00,772f27a789f29124,2026-07-29T16:18:40.981785+00:00,200.833,4,2,customers-service|api-gateway,False,GET,/api/customer/owners,200,1,187.259,1
2026-07-29T16:18:41.689733+00:00,ad7576ee16eafb4b,2026-07-29T16:18:40.814750+00:00,66.889,4,2,customers-service|api-gateway,False,GET,/api/customer/owners/1,200,1,62.87,1
2026-07-29T16:18:41.689733+00:00,9572d664430f87d3,2026-07-29T16:18:40.648549+00:00,30.237,3,2,api-gateway|visits-service,False,GET,/api/visit/owners/1/pets/1/visits,200,0,0.0,1
2026-07-29T16:18:41.689733+00:00,122a69721a310a22,2026-07-29T16:18:40.519098+00:00,88.596,4,2,customers-service|api-gateway,False,GET,/api/customer/owners/1,200,1,87.378,1
2026-07-29T16:18:41.689733+00:00,13bd2289aad22db3,2026-07-29T16:18:40.315438+00:00,65.324,4,2,customers-service|api-gateway,False,GET,/api/customer/owners/1,200,1,61.385,1
2026-07-29T16:18:41.689733+00:00,e8bb0e610deed033,2026-07-29T16:18:40.189368+00:00,69.608,4,2,customers-service|api-gateway,False,GET,/api/customer/owners/1,200,1,68.616,1
2026-07-29T16:18:41.689733+00:00,c7906f3298ca3c75,2026-07-29T16:18:39.981253+00:00,84.689,4,2,customers-service|api-gateway,False,GET,/api/customer/owners/1,200,1,80.676,1
2026-07-29T16:18:41.689733+00:00,7a40c63ce4adfb30,2026-07-29T16:18:39.814824+00:00,82.466,4,2,customers-service|api-gateway,False,GET,/api/customer/owners/1,200,1,71.757,1
2026-07-29T16:18:41.689733+00:00,e80c4ff4f3550900,2026-07-29T16:18:39.648240+00:00,196.729,4,2,customers-service|api-gateway,False,GET,/api/customer/owners,200,1,183.568,1
2026-07-29T16:18:41.689733+00:00,44809cb54ca437e4,2026-07-29T16:18:39.484372+00:00,62.259,4,2,customers-service|api-gateway,False,GET,/api/customer/owners/1,200,1,60.541,1
2026-07-29T16:18:41.689733+00:00,fce052310371d084,2026-07-29T16:18:39.353343+00:00,28.968,3,2,visits-service|api-gateway,False,GET,/api/visit/owners/1/pets/1/visits,200,0,0.0,1
2026-07-29T16:18:41.689733+00:00,2c12a0579df5fd3d,2026-07-29T16:18:39.186000+00:00,83.169,4,2,customers-service|api-gateway,False,GET,/api/customer/owners/1,200,1,82.273,1
2026-07-29T16:18:41.689733+00:00,27be4fbf8367b19b,2026-07-29T16:18:38.981786+00:00,26.699,3,2,api-gateway|visits-service,False,GET,/api/visit/owners/1/pets/1/visits,200,0,0.0,1
2026-07-29T16:18:41.689733+00:00,ecbec7e899501715,2026-07-29T16:18:38.814737+00:00,138.259,4,2,vets-service|api-gateway,False,GET,/api/vet/vets,200,1,124.251,1
2026-07-29T16:18:41.689733+00:00,80696afda1533231,2026-07-29T16:18:38.648480+00:00,33.941,3,2,api-gateway|visits-service,False,GET,/api/visit/owners/1/pets/1/visits,200,0,0.0,1
2026-07-29T16:18:41.689733+00:00,511381ef1650ad35,2026-07-29T16:18:38.481885+00:00,205.408,4,2,vets-service|api-gateway,False,GET,/api/vet/vets,200,1,194.135,1
2026-07-29T16:18:41.689733+00:00,c4358c6d60b488ce,2026-07-29T16:18:38.317491+00:00,243.354,4,2,customers-service|api-gateway,False,GET,/api/customer/owners,200,1,243.354,1
2026-07-29T16:18:41.689733+00:00,7ff46cadf0a4afde,2026-07-29T16:18:38.186672+00:00,172.194,4,2,customers-service|api-gateway,False,GET,/api/customer/owners,200,1,170.939,1
2026-07-29T16:18:41.689733+00:00,2123c431b9bc167b,2026-07-29T16:18:37.982788+00:00,206.497,4,2,customers-service|api-gateway,False,GET,/api/customer/owners,200,1,200.627,1
2026-07-29T16:18:41.689733+00:00,6fb78612d48620a7,2026-07-29T16:18:37.815217+00:00,184.604,4,2,vets-service|api-gateway,False,GET,/api/vet/vets,200,1,170.167,1
2026-07-29T16:18:41.689733+00:00,b7059e8728eb9dab,2026-07-29T16:18:37.648750+00:00,248.452,4,2,customers-service|api-gateway,False,GET,/api/customer/owners,200,1,231.262,1
2026-07-29T16:18:41.689733+00:00,e0600eb44f5dd159,2026-07-29T16:18:37.481650+00:00,219.368,4,2,customers-service|api-gateway,False,GET,/api/customer/owners,200,1,207.07,1
2026-07-29T16:18:41.689733+00:00,165d0a7adfbedb83,2026-07-29T16:18:37.354640+00:00,136.986,4,2,vets-service|api-gateway,False,GET,/api/vet/vets,200,1,135.635,1
2026-07-29T16:18:41.689733+00:00,6cad525a22ec3479,2026-07-29T16:18:37.185833+00:00,17.778,3,2,visits-service|api-gateway,False,GET,/api/visit/owners/1/pets/1/visits,200,0,0.0,1
2026-07-29T16:18:41.689733+00:00,f307f5b5fac38c51,2026-07-29T16:18:36.981871+00:00,30.471,3,2,api-gateway|visits-service,False,GET,/api/visit/owners/1/pets/1/visits,200,0,0.0,1
2026-07-29T16:18:41.689733+00:00,020585613301b434,2026-07-29T16:18:36.815693+00:00,219.718,4,2,customers-service|api-gateway,False,GET,/api/customer/owners,200,1,214.501,1
2026-07-29T16:18:41.689733+00:00,625c84c4384a4c2d,2026-07-29T16:18:36.648679+00:00,221.883,4,2,customers-service|api-gateway,False,GET,/api/customer/owners,200,1,210.19,1
2026-07-29T16:18:41.689733+00:00,32ce5809e8c469b9,2026-07-29T16:18:36.482303+00:00,169.572,4,2,customers-service|api-gateway,False,GET,/api/customer/owners,200,1,165.674,1
2026-07-29T16:18:41.689733+00:00,9897b76c63fdce26,2026-07-29T16:18:36.354389+00:00,166.731,4,2,customers-service|api-gateway,False,GET,/api/customer/owners,200,1,165.599,1
2026-07-29T16:18:41.689733+00:00,4e985a5581348459,2026-07-29T16:18:36.147998+00:00,80.697,4,2,customers-service|api-gateway,False,GET,/api/customer/owners/1,200,1,74.218,1
2026-07-29T16:18:41.689733+00:00,f473090bc3f70440,2026-07-29T16:18:35.981886+00:00,34.533,3,2,api-gateway|visits-service,False,GET,/api/visit/owners/1/pets/1/visits,200,0,0.0,1
2026-07-29T16:18:41.689733+00:00,73171457f15112b1,2026-07-29T16:18:35.815708+00:00,79.171,4,2,customers-service|api-gateway,False,GET,/api/customer/owners/1,200,1,67.53,1
2026-07-29T16:18:41.689733+00:00,b48362a74079558b,2026-07-29T16:18:35.648395+00:00,187.838,4,2,customers-service|api-gateway,False,GET,/api/customer/owners,200,1,175.038,1
2026-07-29T16:18:41.689733+00:00,7fa4a247ab819140,2026-07-29T16:18:35.481879+00:00,165.558,4,2,customers-service|api-gateway,False,GET,/api/customer/owners,200,1,160.88,1
2026-07-29T16:18:41.689733+00:00,4aa9da8830c337f8,2026-07-29T16:18:35.353728+00:00,152.479,4,2,customers-service|api-gateway,False,GET,/api/customer/owners,200,1,151.354,1
2026-07-29T16:18:41.689733+00:00,17c4f95d118d4a3f,2026-07-29T16:18:35.148414+00:00,125.561,4,2,vets-service|api-gateway,False,GET,/api/vet/vets,200,1,111.458,1
2026-07-29T16:18:41.689733+00:00,db8e66c8bf14a6a5,2026-07-29T16:18:35.021060+00:00,17.397,3,2,visits-service|api-gateway,False,GET,/api/visit/owners/1/pets/1/visits,200,0,0.0,1
2026-07-29T16:18:41.689733+00:00,d6f2d17911d61e51,2026-07-29T16:18:34.815364+00:00,30.223,3,2,api-gateway|visits-service,False,GET,/api/visit/owners/1/pets/1/visits,200,0,0.0,1
2026-07-29T16:18:41.689733+00:00,5bc7385324435638,2026-07-29T16:18:34.648965+00:00,40.536,3,2,api-gateway|visits-service,False,GET,/api/visit/owners/1/pets/1/visits,200,0,0.0,1
2026-07-29T16:18:41.689733+00:00,a5654ff60a32cead,2026-07-29T16:18:34.519620+00:00,118.118,4,2,vets-service|api-gateway,False,GET,/api/vet/vets,200,1,116.785,1
2026-07-29T16:18:41.689733+00:00,51d7aca77dee4c43,2026-07-29T16:18:34.316133+00:00,85.503,4,2,customers-service|api-gateway,False,GET,/api/customer/owners/1,200,1,84.39,1
2026-07-29T16:18:41.689733+00:00,8300f66fbde422a0,2026-07-29T16:18:34.189095+00:00,23.443,3,2,visits-service|api-gateway,False,GET,/api/visit/owners/1/pets/1/visits,200,0,0.0,1
2026-07-29T16:18:41.689733+00:00,23f216d1f307c1b3,2026-07-29T16:18:34.020927+00:00,191.564,4,2,customers-service|api-gateway,False,GET,/api/customer/owners,200,1,190.459,1
2026-07-29T16:18:41.689733+00:00,36cdf2f20a35abb4,2026-07-29T16:18:33.815788+00:00,31.543,3,2,api-gateway|visits-service,False,GET,/api/visit/owners/1/pets/1/visits,200,0,0.0,1
2026-07-29T16:18:41.689733+00:00,7dbfee79042831de,2026-07-29T16:18:33.649035+00:00,180.006,4,2,customers-service|api-gateway,False,GET,/api/customer/owners,200,1,173.564,1
2026-07-29T16:18:41.689733+00:00,3a9f9b7ba1bcc862,2026-07-29T16:18:33.482237+00:00,131.98,4,2,vets-service|api-gateway,False,GET,/api/vet/vets,200,1,119.391,1
2026-07-29T16:18:41.689733+00:00,e1526c82c6536d0f,2026-07-29T16:18:33.355408+00:00,68.38,4,2,customers-service|api-gateway,False,GET,/api/customer/owners/1,200,1,67.42,1
2026-07-29T16:18:41.689733+00:00,25bf9167b4d235ac,2026-07-29T16:18:33.148476+00:00,29.401,3,2,api-gateway|visits-service,False,GET,/api/visit/owners/1/pets/1/visits,200,0,0.0,1
2026-07-29T16:18:41.689733+00:00,45295389062350f9,2026-07-29T16:18:33.019686+00:00,18.712,3,2,visits-service|api-gateway,False,GET,/api/visit/owners/1/pets/1/visits,200,0,0.0,1
2026-07-29T16:18:41.689733+00:00,6dcbaa69aace39a7,2026-07-29T16:18:32.815643+00:00,140.884,4,2,vets-service|api-gateway,False,GET,/api/vet/vets,200,1,127.403,1
2026-07-29T16:18:41.689733+00:00,9ae00b0af2fd9083,2026-07-29T16:18:32.648076+00:00,30.403,3,2,api-gateway|visits-service,False,GET,/api/visit/owners/1/pets/1/visits,200,0,0.0,1
2026-07-29T16:18:41.689733+00:00,da74829ef9c6e8e9,2026-07-29T16:18:32.482389+00:00,132.485,4,2,vets-service|api-gateway,False,GET,/api/vet/vets,200,1,119.38,1
2026-07-29T16:18:41.689733+00:00,ef4d8b4f5f38329a,2026-07-29T16:18:32.354488+00:00,66.192,4,2,customers-service|api-gateway,False,GET,/api/customer/owners/1,200,1,65.061,1
2026-07-29T16:18:41.689733+00:00,e6e33fff5a6a8470,2026-07-29T16:18:32.189116+00:00,122.64,4,2,vets-service|api-gateway,False,GET,/api/vet/vets,200,1,121.242,1
2026-07-29T16:18:41.689733+00:00,b1ec0a00d149d44f,2026-07-29T16:18:31.981184+00:00,45.927,3,2,api-gateway|visits-service,False,GET,/api/visit/owners/1/pets/1/visits,200,0,0.0,1
2026-07-29T16:18:41.689733+00:00,df80e8a6969798e6,2026-07-29T16:18:31.815199+00:00,420.384,4,2,customers-service|api-gateway,False,GET,/api/customer/owners,200,1,414.936,1
2026-07-29T16:18:41.689733+00:00,ad85c38c835b4749,2026-07-29T16:18:31.649269+00:00,33.068,3,2,api-gateway|visits-service,False,GET,/api/visit/owners/1/pets/1/visits,200,0,0.0,1
2026-07-29T16:18:41.689733+00:00,79fb2e1c5797856f,2026-07-29T16:18:31.482255+00:00,285.718,4,2,customers-service|api-gateway,False,GET,/api/customer/owners,200,1,271.818,1
2026-07-29T16:18:41.689733+00:00,e1b8582221bb8b38,2026-07-29T16:18:31.355089+00:00,133.146,4,2,vets-service|api-gateway,False,GET,/api/vet/vets,200,1,131.88,1
2026-07-29T16:18:41.689733+00:00,717284ca3e26aa65,2026-07-29T16:18:31.149195+00:00,204.823,4,2,customers-service|api-gateway,False,GET,/api/customer/owners,200,1,199.668,1
2026-07-29T16:18:41.689733+00:00,597e1080590a9f23,2026-07-29T16:18:31.021795+00:00,261.941,4,2,customers-service|api-gateway,False,GET,/api/customer/owners,200,1,260.798,1
2026-07-29T16:18:41.689733+00:00,0a939b176037384e,2026-07-29T16:18:30.814870+00:00,152.478,4,2,vets-service|api-gateway,False,GET,/api/vet/vets,200,1,136.789,1
2026-07-29T16:18:41.689733+00:00,fafbed23939508f6,2026-07-29T16:18:30.648146+00:00,82.705,4,2,customers-service|api-gateway,False,GET,/api/customer/owners/1,200,1,75.946,1
2026-07-29T16:18:41.689733+00:00,67afff34b2dbca15,2026-07-29T16:18:30.483375+00:00,195.679,4,2,customers-service|api-gateway,False,GET,/api/customer/owners,200,1,182.619,1
2026-07-29T16:18:41.689733+00:00,ca100dbbf48f0a51,2026-07-29T16:18:30.315229+00:00,364.357,4,2,vets-service|api-gateway,False,GET,/api/vet/vets,200,1,349.01,1
2026-07-29T16:18:41.689733+00:00,3b1fca4a802786f0,2026-07-29T16:18:30.187076+00:00,143.458,4,2,vets-service|api-gateway,False,GET,/api/vet/vets,200,1,142.344,1
2026-07-29T16:18:41.689733+00:00,2af4b0926737eae3,2026-07-29T16:18:30.020844+00:00,188.022,4,2,customers-service|api-gateway,False,GET,/api/customer/owners,200,1,186.984,1
2026-07-29T16:18:41.689733+00:00,1f5566dc34ed6823,2026-07-29T16:18:29.815486+00:00,142.887,4,2,vets-service|api-gateway,False,GET,/api/vet/vets,200,1,129.122,1
2026-07-29T16:18:41.689733+00:00,68581fa1d7c6ce7e,2026-07-29T16:18:29.648529+00:00,187.037,4,2,customers-service|api-gateway,False,GET,/api/customer/owners,200,1,182.256,1
2026-07-29T16:18:41.689733+00:00,8c6c6846d0b241cc,2026-07-29T16:18:29.521501+00:00,12.831,3,2,visits-service|api-gateway,False,GET,/api/visit/owners/1/pets/1/visits,200,0,0.0,1
2026-07-29T16:18:41.689733+00:00,3f3be08c16cc960a,2026-07-29T16:18:29.315219+00:00,32.605,3,2,api-gateway|visits-service,False,GET,/api/visit/owners/1/pets/1/visits,200,0,0.0,1
2026-07-29T16:18:41.689733+00:00,dfe83adf9117fcab,2026-07-29T16:18:29.185785+00:00,168.088,4,2,customers-service|api-gateway,False,GET,/api/customer/owners,200,1,166.864,1
2026-07-29T16:18:41.689733+00:00,3f1e92854e1d553d,2026-07-29T16:18:28.982103+00:00,87.66,4,2,customers-service|api-gateway,False,GET,/api/customer/owners/1,200,1,84.026,1
2026-07-29T16:18:41.689733+00:00,60aef934da50087b,2026-07-29T16:18:28.814966+00:00,89.827,4,2,customers-service|api-gateway,False,GET,/api/customer/owners/1,200,1,78.063,1
2026-07-29T16:18:41.689733+00:00,f7c2b3bc959097e6,2026-07-29T16:18:28.648347+00:00,169.959,4,2,customers-service|api-gateway,False,GET,/api/customer/owners,200,1,164.196,1
2026-07-29T16:18:41.689733+00:00,8a97e7ebf5513da5,2026-07-29T16:18:28.481512+00:00,191.184,4,2,customers-service|api-gateway,False,GET,/api/customer/owners,200,1,177.341,1
2026-07-29T16:18:41.689733+00:00,c4ce0eb0bbe9f712,2026-07-29T16:18:28.353178+00:00,134.134,4,2,vets-service|api-gateway,False,GET,/api/vet/vets,200,1,132.85,1
2026-07-29T16:18:41.689733+00:00,ee4844437c716686,2026-07-29T16:18:28.187003+00:00,166.38,4,2,customers-service|api-gateway,False,GET,/api/customer/owners,200,1,165.11,1
2026-07-29T16:18:41.689733+00:00,9d611b126ba821b7,2026-07-29T16:18:27.982296+00:00,178.686,4,2,customers-service|api-gateway,False,GET,/api/customer/owners,200,1,172.834,1
2026-07-29T16:18:41.689733+00:00,9f51a23610a152dc,2026-07-29T16:18:27.815384+00:00,143.513,4,2,vets-service|api-gateway,False,GET,/api/vet/vets,200,1,130.329,1
2026-07-29T16:18:41.689733+00:00,251280cd04979c83,2026-07-29T16:18:27.648065+00:00,149.319,4,2,vets-service|api-gateway,False,GET,/api/vet/vets,200,1,136.378,1
2026-07-29T16:18:41.689733+00:00,3af544a6173ca61f,2026-07-29T16:18:27.481975+00:00,152.378,4,2,vets-service|api-gateway,False,GET,/api/vet/vets,200,1,140.311,1
2026-07-29T16:18:41.689733+00:00,96fb0c81753372fe,2026-07-29T16:18:27.354703+00:00,173.297,4,2,customers-service|api-gateway,False,GET,/api/customer/owners,200,1,172.248,1
2026-07-29T16:18:41.689733+00:00,650b3a8784a5640a,2026-07-29T16:18:27.185737+00:00,128.654,4,2,vets-service|api-gateway,False,GET,/api/vet/vets,200,1,127.37,1
2026-07-29T16:18:41.689733+00:00,e50e3d289b049e69,2026-07-29T16:18:26.982117+00:00,198.189,4,2,customers-service|api-gateway,False,GET,/api/customer/owners,200,1,194.361,1
2026-07-29T16:18:41.689733+00:00,fe2e260e04cc5332,2026-07-29T16:18:26.852569+00:00,19.001,3,2,visits-service|api-gateway,False,GET,/api/visit/owners/1/pets/1/visits,200,0,0.0,1
2026-07-29T16:18:41.689733+00:00,7c3d8113e07ba0db,2026-07-29T16:18:26.647699+00:00,79.169,4,2,customers-service|api-gateway,False,GET,/api/customer/owners/1,200,1,66.511,1
2026-07-29T16:18:41.689733+00:00,266abe024a9d16c5,2026-07-29T16:18:26.519390+00:00,19.615,3,2,visits-service|api-gateway,False,GET,/api/visit/owners/1/pets/1/visits,200,0,0.0,1
2026-07-29T16:18:41.689733+00:00,856a3e6fa1022230,2026-07-29T16:18:26.318767+00:00,172.416,4,2,customers-service|api-gateway,False,GET,/api/customer/owners,200,1,170.862,1
2026-07-29T16:18:41.689733+00:00,2b79940a8a76a848,2026-07-29T16:18:26.187601+00:00,168.975,4,2,customers-service|api-gateway,False,GET,/api/customer/owners,200,1,167.749,1
2026-07-29T16:18:41.689733+00:00,cbb0d0d41d29fa96,2026-07-29T16:18:25.982870+00:00,138.783,4,2,vets-service|api-gateway,False,GET,/api/vet/vets,200,1,124.833,1
2026-07-29T16:18:41.689733+00:00,caecb464a797433e,2026-07-29T16:18:25.814602+00:00,31.251,3,2,api-gateway|visits-service,False,GET,/api/visit/owners/1/pets/1/visits,200,0,0.0,1
2026-07-29T16:18:41.689733+00:00,f078977e44185c06,2026-07-29T16:18:25.648219+00:00,34.61,3,2,api-gateway|visits-service,False,GET,/api/visit/owners/1/pets/1/visits,200,0,0.0,1
2026-07-29T16:18:41.689733+00:00,a2c043c6132febaf,2026-07-29T16:18:25.519843+00:00,64.22,4,2,customers-service|api-gateway,False,GET,/api/customer/owners/1,200,1,63.121,1
2026-07-29T16:18:41.689733+00:00,19020420b3aaff83,2026-07-29T16:18:25.317157+00:00,166.187,4,2,customers-service|api-gateway,False,GET,/api/customer/owners,200,1,166.187,1
2026-07-29T16:18:41.689733+00:00,4743156cd9b26637,2026-07-29T16:18:25.185534+00:00,125.273,4,2,vets-service|api-gateway,False,GET,/api/vet/vets,200,1,123.881,1
2026-07-29T16:18:41.689733+00:00,06f06aa568aec174,2026-07-29T16:18:25.020938+00:00,135.946,4,2,vets-service|api-gateway,False,GET,/api/vet/vets,200,1,134.781,1
2026-07-29T16:18:41.689733+00:00,e7556a596abe230c,2026-07-29T16:18:24.815337+00:00,87.653,4,2,customers-service|api-gateway,False,GET,/api/customer/owners/1,200,1,74.106,1
2026-07-29T16:18:41.689733+00:00,df02e57c8fe63d40,2026-07-29T16:18:24.648788+00:00,38.198,3,2,api-gateway|visits-service,False,GET,/api/visit/owners/1/pets/1/visits,200,0,0.0,1
2026-07-29T16:18:41.689733+00:00,aced469aa64a66ac,2026-07-29T16:18:24.484232+00:00,86.628,4,2,customers-service|api-gateway,False,GET,/api/customer/owners/1,200,1,85.488,1
2026-07-29T16:18:41.689733+00:00,1011bd7e985ff909,2026-07-29T16:18:24.354503+00:00,162.0,4,2,vets-service|api-gateway,False,GET,/api/vet/vets,200,1,160.652,1
2026-07-29T16:18:41.689733+00:00,098457921a50c9eb,2026-07-29T16:18:24.148419+00:00,153.005,4,2,vets-service|api-gateway,False,GET,/api/vet/vets,200,1,139.146,1
2026-07-29T16:18:41.689733+00:00,2fb762eaa08bc639,2026-07-29T16:18:23.981830+00:00,34.595,3,2,api-gateway|visits-service,False,GET,/api/visit/owners/1/pets/1/visits,200,0,0.0,1
2026-07-29T16:18:41.689733+00:00,73a8f5d707e53b5b,2026-07-29T16:18:23.814420+00:00,87.53,4,2,customers-service|api-gateway,False,GET,/api/customer/owners/1,200,1,69.164,1
2026-07-29T16:18:41.689733+00:00,54cabe8ed4d7806f,2026-07-29T16:18:23.648990+00:00,186.122,4,2,customers-service|api-gateway,False,GET,/api/customer/owners,200,1,179.54,1
2026-07-29T16:18:41.689733+00:00,e239886abf5a762a,2026-07-29T16:18:23.520353+00:00,32.433,3,2,visits-service|api-gateway,False,GET,/api/visit/owners/1/pets/1/visits,200,0,0.0,1
2026-07-29T16:18:41.689733+00:00,ba2f63c2e334083a,2026-07-29T16:18:23.351767+00:00,18.931,3,2,visits-service|api-gateway,False,GET,/api/visit/owners/1/pets/1/visits,200,0,0.0,1
2026-07-29T16:18:41.689733+00:00,0a57789ccc23252a,2026-07-29T16:18:23.187827+00:00,66.484,4,2,customers-service|api-gateway,False,GET,/api/customer/owners/1,200,1,65.557,1
2026-07-29T16:18:41.689733+00:00,7dd52db826f5d849,2026-07-29T16:18:23.018546+00:00,123.961,4,2,vets-service|api-gateway,False,GET,/api/vet/vets,200,1,122.695,1
2026-07-29T16:18:41.689733+00:00,c9072dc645e928ea,2026-07-29T16:18:22.852337+00:00,201.167,4,2,customers-service|api-gateway,False,GET,/api/customer/owners,200,1,199.949,1
2026-07-29T16:18:41.689733+00:00,93d2e663277966e0,2026-07-29T16:18:22.647906+00:00,31.822,3,2,api-gateway|visits-service,False,GET,/api/visit/owners/1/pets/1/visits,200,0,0.0,1
2026-07-29T16:18:41.689733+00:00,450fa4103aec1565,2026-07-29T16:18:22.483018+00:00,64.459,4,2,customers-service|api-gateway,False,GET,/api/customer/owners/1,200,1,63.124,1
2026-07-29T16:18:41.689733+00:00,5825f02d87936d93,2026-07-29T16:18:22.351601+00:00,75.569,4,2,customers-service|api-gateway,False,GET,/api/customer/owners/1,200,1,74.371,1
2026-07-29T16:18:41.689733+00:00,06951154df016fbb,2026-07-29T16:18:22.148587+00:00,73.814,4,2,customers-service|api-gateway,False,GET,/api/customer/owners/1,200,1,69.346,1
2026-07-29T16:18:41.689733+00:00,099080aac9299d0b,2026-07-29T16:18:22.019053+00:00,18.614,3,2,visits-service|api-gateway,False,GET,/api/visit/owners/1/pets/1/visits,200,0,0.0,1
2026-07-29T16:18:41.689733+00:00,7c07ded6efcaa8c0,2026-07-29T16:18:21.814908+00:00,141.196,4,2,vets-service|api-gateway,False,GET,/api/vet/vets,200,1,127.25,1
2026-07-29T16:18:41.689733+00:00,1c16edf570997922,2026-07-29T16:18:21.648434+00:00,37.926,3,2,api-gateway|visits-service,False,GET,/api/visit/owners/1/pets/1/visits,200,0,0.0,1
2026-07-29T16:18:41.689733+00:00,ff8bf6258b7be35b,2026-07-29T16:18:21.520287+00:00,62.426,4,2,customers-service|api-gateway,False,GET,/api/customer/owners/1,200,1,61.231,1
2026-07-29T16:18:41.689733+00:00,f9a2c42674e5870c,2026-07-29T16:18:21.353902+00:00,168.522,4,2,vets-service|api-gateway,False,GET,/api/vet/vets,200,1,167.338,1
2026-07-29T16:18:41.689733+00:00,5485dfc0b9016d33,2026-07-29T16:18:21.151321+00:00,71.654,4,2,customers-service|api-gateway,False,GET,/api/customer/owners/1,200,1,67.721,1
2026-07-29T16:18:41.689733+00:00,d5f0b40613db3674,2026-07-29T16:18:21.021577+00:00,82.676,4,2,customers-service|api-gateway,False,GET,/api/customer/owners/1,200,1,81.548,1
2026-07-29T16:18:41.689733+00:00,d87f0f87c1562a75,2026-07-29T16:18:20.815682+00:00,150.97,4,2,vets-service|api-gateway,False,GET,/api/vet/vets,200,1,137.268,1
2026-07-29T16:18:41.689733+00:00,a16dd6d5510c95d4,2026-07-29T16:18:20.647971+00:00,235.95,4,2,customers-service|api-gateway,False,GET,/api/customer/owners,200,1,216.603,1
2026-07-29T16:18:41.689733+00:00,0811825b7292523d,2026-07-29T16:18:20.481283+00:00,195.306,4,2,customers-service|api-gateway,False,GET,/api/customer/owners,200,1,191.611,1
2026-07-29T16:18:41.689733+00:00,0801a94fb6978544,2026-07-29T16:18:20.353188+00:00,32.467,3,2,visits-service|api-gateway,False,GET,/api/visit/owners/1/pets/1/visits,200,0,0.0,1
2026-07-29T16:18:41.689733+00:00,76d6c1d2e4bf8f33,2026-07-29T16:18:20.189449+00:00,61.686,4,2,customers-service|api-gateway,False,GET,/api/customer/owners/1,200,1,60.608,1
2026-07-29T16:18:41.689733+00:00,da567fb03ce60cb9,2026-07-29T16:18:20.021373+00:00,124.22,4,2,vets-service|api-gateway,False,GET,/api/vet/vets,200,1,122.905,1
2026-07-29T16:18:41.689733+00:00,8cc15b6dd94ec6db,2026-07-29T16:18:19.853527+00:00,24.469,3,2,visits-service|api-gateway,False,GET,/api/visit/owners/1/pets/1/visits,200,0,0.0,1
2026-07-29T16:18:41.689733+00:00,66c6e1c9fdb980b6,2026-07-29T16:18:19.648932+00:00,146.542,4,2,vets-service|api-gateway,False,GET,/api/vet/vets,200,1,133.309,1
2026-07-29T16:18:41.689733+00:00,f5923550188f9c38,2026-07-29T16:18:19.481495+00:00,135.265,4,2,vets-service|api-gateway,False,GET,/api/vet/vets,200,1,123.026,1
2026-07-29T16:18:41.689733+00:00,5b3bb3d2b985e5cd,2026-07-29T16:18:19.353677+00:00,192.953,4,2,customers-service|api-gateway,False,GET,/api/customer/owners/1,200,1,191.875,1
2026-07-29T16:18:41.689733+00:00,c8e8e3d3cdcfad4d,2026-07-29T16:18:19.188163+00:00,294.914,4,2,customers-service|api-gateway,False,GET,/api/customer/owners/1,200,1,293.726,1
2026-07-29T16:18:41.689733+00:00,b897119b09eaa79f,2026-07-29T16:18:18.981436+00:00,584.426,4,2,customers-service|api-gateway,False,GET,/api/customer/owners,200,1,579.883,1
2026-07-29T16:18:41.689733+00:00,5905083837820f44,2026-07-29T16:18:18.815528+00:00,169.621,3,2,api-gateway|visits-service,False,GET,/api/visit/owners/1/pets/1/visits,200,0,0.0,1
2026-07-29T16:18:41.689733+00:00,fc03e37bf6cff981,2026-07-29T16:18:18.650708+00:00,832.007,4,2,customers-service|api-gateway,False,GET,/api/customer/owners,200,1,830.812,1
2026-07-29T16:18:41.689733+00:00,23115dd72c70d8b9,2026-07-29T16:18:18.481417+00:00,283.669,4,2,customers-service|api-gateway,False,GET,/api/customer/owners/1,200,1,273.072,1
2026-07-29T16:18:41.689733+00:00,7219139f1211d1c0,2026-07-29T16:18:18.352827+00:00,1130.332,4,2,customers-service|api-gateway,False,GET,/api/customer/owners,200,1,1129.008,1
2026-07-29T16:18:41.689733+00:00,5417048b6bb358af,2026-07-29T16:18:18.148271+00:00,849.612,4,2,customers-service|api-gateway,False,GET,/api/customer/owners,200,1,844.912,1
2026-07-29T16:18:41.689733+00:00,818fe7340111c89b,2026-07-29T16:18:18.022276+00:00,495.307,4,2,customers-service|api-gateway,False,GET,/api/customer/owners/1,200,1,494.144,1
2026-07-29T16:18:41.689733+00:00,dcbdd76e2cb92064,2026-07-29T16:18:17.814750+00:00,235.994,3,2,api-gateway|visits-service,False,GET,/api/visit/owners/1/pets/1/visits,200,0,0.0,1
2026-07-29T16:18:41.689733+00:00,2abe7d046cd8f743,2026-07-29T16:18:17.648331+00:00,1111.278,4,2,customers-service|api-gateway,False,GET,/api/customer/owners,200,1,1098.075,1
2026-07-29T16:18:41.689733+00:00,c8598450c2584663,2026-07-29T16:18:17.481913+00:00,339.186,4,2,customers-service|api-gateway,False,GET,/api/customer/owners/1,200,1,335.026,1
2026-07-29T16:18:41.689733+00:00,86f160745e19f3e9,2026-07-29T16:18:17.315104+00:00,952.536,4,2,vets-service|api-gateway,False,GET,/api/vet/vets,200,1,938.954,1
2026-07-29T16:18:41.689733+00:00,46d1dd816f210888,2026-07-29T16:18:17.148400+00:00,435.176,4,2,customers-service|api-gateway,False,GET,/api/customer/owners/1,200,1,423.613,1
2026-07-29T16:18:41.689733+00:00,809152b788c66a3d,2026-07-29T16:18:16.981692+00:00,1304.342,4,2,customers-service|api-gateway,False,GET,/api/customer/owners,200,1,1301.112,1
2026-07-29T16:18:41.689733+00:00,130eaa48037ddea0,2026-07-29T16:18:16.815163+00:00,981.006,4,2,vets-service|api-gateway,False,GET,/api/vet/vets,200,1,968.679,1
2026-07-29T16:18:41.689733+00:00,89a45312b229e517,2026-07-29T16:18:16.686070+00:00,313.405,4,2,customers-service|api-gateway,False,GET,/api/customer/owners/1,200,1,312.257,1
2026-07-29T16:18:41.689733+00:00,c0de6438bbee40b2,2026-07-29T16:18:16.481585+00:00,234.351,3,2,api-gateway|visits-service,False,GET,/api/visit/owners/1/pets/1/visits,200,0,0.0,1
2026-07-29T16:18:41.689733+00:00,96faa2df2bbfa06b,2026-07-29T16:18:16.354571+00:00,603.393,4,2,customers-service|api-gateway,False,GET,/api/customer/owners/1,200,1,602.188,1
2026-07-29T16:18:41.689733+00:00,4a092e703b6e5672,2026-07-29T16:18:16.185500+00:00,1168.299,4,2,customers-service|api-gateway,False,GET,/api/customer/owners,200,1,1167.163,1
2026-07-29T16:18:41.689733+00:00,c4498305a7405860,2026-07-29T16:18:15.981225+00:00,1124.597,4,2,customers-service|api-gateway,False,GET,/api/customer/owners,200,1,1118.674,1
2026-07-29T16:18:41.689733+00:00,a4e56f7e9d359a25,2026-07-29T16:18:15.815116+00:00,894.146,4,2,vets-service|api-gateway,False,GET,/api/vet/vets,200,1,882.888,1
2026-07-29T16:18:41.689733+00:00,807f64b645b149ca,2026-07-29T16:18:15.688833+00:00,811.158,4,2,vets-service|api-gateway,False,GET,/api/vet/vets,200,1,809.868,1
2026-07-29T16:18:41.689733+00:00,bdc6cd6012c55bb3,2026-07-29T16:18:15.483445+00:00,984.303,4,2,customers-service|api-gateway,False,GET,/api/customer/owners,200,1,982.317,1
2026-07-29T16:18:41.689733+00:00,4fc4ae127221e00b,2026-07-29T16:18:15.314186+00:00,681.343,4,2,vets-service|api-gateway,False,GET,/api/vet/vets,200,1,670.093,1
2026-07-29T16:18:41.689733+00:00,b1f39d2bee0522be,2026-07-29T16:18:15.187647+00:00,331.544,4,2,customers-service|api-gateway,False,GET,/api/customer/owners/1,200,1,330.28,1
2026-07-29T16:18:41.689733+00:00,210620b698f8c175,2026-07-29T16:18:15.021024+00:00,516.602,4,2,vets-service|api-gateway,False,GET,/api/vet/vets,200,1,515.341,1
2026-07-29T16:18:41.689733+00:00,3406d32d9d5d76bd,2026-07-29T16:18:14.815566+00:00,106.21,3,2,api-gateway|visits-service,False,GET,/api/visit/owners/1/pets/1/visits,200,0,0.0,1
2026-07-29T16:18:41.689733+00:00,d011b987f95a0be1,2026-07-29T16:18:14.649074+00:00,260.768,4,2,customers-service|api-gateway,False,GET,/api/customer/owners/1,200,1,254.707,1
2026-07-29T16:18:41.689733+00:00,94722187e076e5c2,2026-07-29T16:18:14.481571+00:00,83.5,4,2,customers-service|api-gateway,False,GET,/api/customer/owners/1,200,1,68.664,1
2026-07-29T16:18:41.689733+00:00,62d329fcdde3dc6b,2026-07-29T16:18:14.354668+00:00,64.327,4,2,customers-service|api-gateway,False,GET,/api/customer/owners/1,200,1,63.213,1
2026-07-29T16:18:41.689733+00:00,8f5dee0cb3c420b9,2026-07-29T16:18:14.187022+00:00,70.167,4,2,customers-service|api-gateway,False,GET,/api/customer/owners/1,200,1,68.899,1
2026-07-29T16:18:41.689733+00:00,3ab4035b68b93237,2026-07-29T16:18:14.019503+00:00,127.331,4,2,vets-service|api-gateway,False,GET,/api/vet/vets,200,1,126.114,1
2026-07-29T16:18:41.689733+00:00,d426a4c73a7a5d2f,2026-07-29T16:18:13.815234+00:00,50.075,3,2,api-gateway|visits-service,False,GET,/api/visit/owners/1/pets/1/visits,200,0,0.0,1
2026-07-29T16:18:41.689733+00:00,b8f23074e78fba9b,2026-07-29T16:18:13.650784+00:00,88.502,4,2,customers-service|api-gateway,False,GET,/api/customer/owners/1,200,1,84.89,1
2026-07-29T16:18:41.689733+00:00,e767941f51e972c9,2026-07-29T16:18:13.483581+00:00,69.655,4,2,customers-service|api-gateway,False,GET,/api/customer/owners/1,200,1,65.738,1
2026-07-29T16:18:41.689733+00:00,3fed396f1d31e37d,2026-07-29T16:18:13.355960+00:00,15.949,3,2,visits-service|api-gateway,False,GET,/api/visit/owners/1/pets/1/visits,200,0,0.0,1
2026-07-29T16:18:41.689733+00:00,504fbfc422d558a0,2026-07-29T16:18:13.187663+00:00,168.611,4,2,customers-service|api-gateway,False,GET,/api/customer/owners,200,1,167.395,1
2026-07-29T16:18:41.689733+00:00,fd3b4c4f21a10baf,2026-07-29T16:18:13.021418+00:00,126.287,4,2,vets-service|api-gateway,False,GET,/api/vet/vets,200,1,124.918,1
2026-07-29T16:18:41.689733+00:00,d1ab25d776d447a2,2026-07-29T16:18:12.815332+00:00,140.17,4,2,vets-service|api-gateway,False,GET,/api/vet/vets,200,1,126.555,1
2026-07-29T16:18:41.689733+00:00,be07b5875ac5407e,2026-07-29T16:18:12.648787+00:00,33.041,3,2,api-gateway|visits-service,False,GET,/api/visit/owners/1/pets/1/visits,200,0,0.0,1
2026-07-29T16:18:41.689733+00:00,666a07a20f2ec1c7,2026-07-29T16:18:12.481725+00:00,66.928,4,2,customers-service|api-gateway,False,GET,/api/customer/owners/1,200,1,63.391,1
2026-07-29T16:18:41.689733+00:00,62dd05290fad990d,2026-07-29T16:18:12.353982+00:00,73.545,4,2,customers-service|api-gateway,False,GET,/api/customer/owners/1,200,1,72.37,1
2026-07-29T16:18:41.689733+00:00,25fa1ed1c88cf95b,2026-07-29T16:18:12.188281+00:00,64.327,4,2,customers-service|api-gateway,False,GET,/api/customer/owners/1,200,1,63.391,1
2026-07-29T16:18:41.689733+00:00,b94bad23a3afdf75,2026-07-29T16:18:12.021382+00:00,179.243,4,2,customers-service|api-gateway,False,GET,/api/customer/owners,200,1,178.143,1
2026-07-29T16:18:41.689733+00:00,6d9288f79bb1abef,2026-07-29T16:18:11.815442+00:00,89.939,4,2,customers-service|api-gateway,False,GET,/api/customer/owners/1,200,1,84.182,1
2026-07-29T16:18:41.689733+00:00,ab1affc16288cbd4,2026-07-29T16:18:11.648514+00:00,37.859,3,2,api-gateway|visits-service,False,GET,/api/visit/owners/1/pets/1/visits,200,0,0.0,1
2026-07-29T16:18:41.689733+00:00,d8c7382340cd1f0f,2026-07-29T16:18:11.481795+00:00,78.663,4,2,customers-service|api-gateway,False,GET,/api/customer/owners/1,200,1,73.004,1
2026-07-29T16:18:41.689733+00:00,226b0caba67b9571,2026-07-29T16:18:11.354622+00:00,62.722,4,2,customers-service|api-gateway,False,GET,/api/customer/owners/1,200,1,61.656,1
2026-07-29T16:18:41.689733+00:00,1a3a7e6be4278346,2026-07-29T16:18:11.188247+00:00,119.865,4,2,vets-service|api-gateway,False,GET,/api/vet/vets,200,1,118.532,1
2026-07-29T16:18:41.689733+00:00,b3df4dde7ecdd678,2026-07-29T16:18:11.020186+00:00,150.643,4,2,vets-service|api-gateway,False,GET,/api/vet/vets,200,1,149.352,1
2026-07-29T16:18:41.689733+00:00,4b9522a4d73fca57,2026-07-29T16:18:10.815359+00:00,87.869,4,2,customers-service|api-gateway,False,GET,/api/customer/owners/1,200,1,81.672,1
2026-07-29T16:18:41.689733+00:00,a24e028a87678cb9,2026-07-29T16:18:10.648581+00:00,93.964,4,2,customers-service|api-gateway,False,GET,/api/customer/owners/1,200,1,80.517,1
2026-07-29T16:18:41.689733+00:00,0ab50d3fbf5497b8,2026-07-29T16:18:10.481248+00:00,73.287,4,2,customers-service|api-gateway,False,GET,/api/customer/owners/1,200,1,59.024,1
2026-07-29T16:18:41.689733+00:00,5e8f2cb378b4fa94,2026-07-29T16:18:10.352425+00:00,178.352,4,2,customers-service|api-gateway,False,GET,/api/customer/owners,200,1,177.091,1
2026-07-29T16:18:41.689733+00:00,83091a13a9c1bf2e,2026-07-29T16:18:10.148893+00:00,67.838,4,2,customers-service|api-gateway,False,GET,/api/customer/owners/1,200,1,63.194,1
2026-07-29T16:18:41.689733+00:00,6a7333194797525f,2026-07-29T16:18:10.019514+00:00,137.474,4,2,vets-service|api-gateway,False,GET,/api/vet/vets,200,1,136.272,1
2026-07-29T16:18:41.689733+00:00,0e043563261d6ff7,2026-07-29T16:18:09.815280+00:00,141.496,4,2,vets-service|api-gateway,False,GET,/api/vet/vets,200,1,126.811,1
2026-07-29T16:18:41.689733+00:00,908e0cc5436e15f9,2026-07-29T16:18:09.649320+00:00,32.143,3,2,api-gateway|visits-service,False,GET,/api/visit/owners/1/pets/1/visits,200,0,0.0,1
2026-07-29T16:18:41.689733+00:00,cacbdd988ec948d7,2026-07-29T16:18:09.521223+00:00,10.581,3,2,visits-service|api-gateway,False,GET,/api/visit/owners/1/pets/1/visits,200,0,0.0,1
2026-07-29T16:18:41.689733+00:00,6a63888066c49105,2026-07-29T16:18:09.352715+00:00,17.137,3,2,visits-service|api-gateway,False,GET,/api/visit/owners/1/pets/1/visits,200,0,0.0,1
2026-07-29T16:18:41.689733+00:00,751f78c307068a8c,2026-07-29T16:18:09.152084+00:00,191.139,4,2,customers-service|api-gateway,False,GET,/api/customer/owners,200,1,189.926,1
2026-07-29T16:18:41.689733+00:00,d9e501f2a7e59129,2026-07-29T16:18:09.021782+00:00,117.364,4,2,vets-service|api-gateway,False,GET,/api/vet/vets,200,1,116.138,1
2026-07-29T16:18:41.689733+00:00,bb66f09e925cf52e,2026-07-29T16:18:08.852444+00:00,173.165,4,2,vets-service|api-gateway,False,GET,/api/vet/vets,200,1,172.131,1
2026-07-29T16:18:41.689733+00:00,2a07627f5cec7f32,2026-07-29T16:18:08.687273+00:00,202.706,4,2,customers-service|api-gateway,False,GET,/api/customer/owners,200,1,201.414,1
2026-07-29T16:18:41.689733+00:00,0c6cf475aa67088e,2026-07-29T16:18:08.518959+00:00,27.569,3,2,visits-service|api-gateway,False,GET,/api/visit/owners/1/pets/1/visits,200,0,0.0,1
2026-07-29T16:18:41.689733+00:00,ee66fbcf43261cf2,2026-07-29T16:18:08.314593+00:00,254.913,4,2,customers-service|api-gateway,False,GET,/api/customer/owners,200,1,249.531,1
2026-07-29T16:18:41.689733+00:00,ecc298f6b0acbe5e,2026-07-29T16:18:08.187428+00:00,54.617,4,2,customers-service|api-gateway,False,GET,/api/customer/owners/1,200,1,53.641,1
2026-07-29T16:18:41.689733+00:00,decf81abe9b6efa8,2026-07-29T16:18:08.021886+00:00,177.116,4,2,customers-service|api-gateway,False,GET,/api/customer/owners,200,1,176.104,1
2026-07-29T16:18:41.689733+00:00,011d61400ab23b65,2026-07-29T16:18:07.853564+00:00,90.359,4,2,customers-service|api-gateway,False,GET,/api/customer/owners/1,200,1,89.234,1
2026-07-29T16:18:41.689733+00:00,2d52901eb6882404,2026-07-29T16:18:07.649015+00:00,161.786,4,2,vets-service|api-gateway,False,GET,/api/vet/vets,200,1,146.82,1
2026-07-29T16:18:41.689733+00:00,e218c9c50a7655fd,2026-07-29T16:18:07.520411+00:00,10.721,3,2,visits-service|api-gateway,False,GET,/api/visit/owners/1/pets/1/visits,200,0,0.0,1
2026-07-29T16:18:41.689733+00:00,08ffd8440c16a5ee,2026-07-29T16:18:07.354024+00:00,23.278,3,2,visits-service|api-gateway,False,GET,/api/visit/owners/1/pets/1/visits,200,0,0.0,1
2026-07-29T16:18:41.689733+00:00,b0603043444d2aad,2026-07-29T16:18:07.187533+00:00,21.944,3,2,visits-service|api-gateway,False,GET,/api/visit/owners/1/pets/1/visits,200,0,0.0,1
2026-07-29T16:18:41.689733+00:00,93b17e569172ce7e,2026-07-29T16:18:06.981488+00:00,29.886,3,2,api-gateway|visits-service,False,GET,/api/visit/owners/1/pets/1/visits,200,0,0.0,1
2026-07-29T16:18:41.689733+00:00,4113a43926b34de1,2026-07-29T16:18:06.815360+00:00,135.575,4,2,vets-service|api-gateway,False,GET,/api/vet/vets,200,1,124.247,1
2026-07-29T16:18:41.689733+00:00,7c193c6fe6e264c6,2026-07-29T16:18:06.648515+00:00,141.924,4,2,vets-service|api-gateway,False,GET,/api/vet/vets,200,1,128.79,1
2026-07-29T16:18:41.689733+00:00,355a696bd9ae8945,2026-07-29T16:18:06.481123+00:00,169.065,4,2,customers-service|api-gateway,False,GET,/api/customer/owners,200,1,165.785,1
2026-07-29T16:18:41.689733+00:00,0cbf42b04ef49a12,2026-07-29T16:18:06.352949+00:00,136.246,4,2,vets-service|api-gateway,False,GET,/api/vet/vets,200,1,134.983,1
2026-07-29T16:18:41.689733+00:00,a7cfd03632655e2d,2026-07-29T16:18:06.151762+00:00,169.456,4,2,customers-service|api-gateway,False,GET,/api/customer/owners,200,1,168.194,1
2026-07-29T16:18:41.689733+00:00,7339982473bf41ed,2026-07-29T16:18:05.981925+00:00,33.798,3,2,api-gateway|visits-service,False,GET,/api/visit/owners/1/pets/1/visits,200,0,0.0,1
2026-07-29T16:18:41.689733+00:00,8a27d8482c2788b2,2026-07-29T16:18:05.854003+00:00,21.161,3,2,visits-service|api-gateway,False,GET,/api/visit/owners/1/pets/1/visits,200,0,0.0,1
2026-07-29T16:18:41.689733+00:00,dd28a2e8b3c7e790,2026-07-29T16:18:05.648967+00:00,70.526,4,2,customers-service|api-gateway,False,GET,/api/customer/owners/1,200,1,57.349,1
2026-07-29T16:18:41.689733+00:00,3f2a4683c9944fe5,2026-07-29T16:18:05.481714+00:00,66.324,4,2,customers-service|api-gateway,False,GET,/api/customer/owners/1,200,1,61.142,1
2026-07-29T16:18:41.689733+00:00,0b8b319e4bcbe126,2026-07-29T16:18:05.352644+00:00,177.095,4,2,customers-service|api-gateway,False,GET,/api/customer/owners,200,1,175.942,1
2026-07-29T16:18:41.689733+00:00,48b0db9bb46f884b,2026-07-29T16:18:05.187493+00:00,117.804,4,2,vets-service|api-gateway,False,GET,/api/vet/vets,200,1,116.457,1
2026-07-29T16:18:41.689733+00:00,2fe8c12bad8409ea,2026-07-29T16:18:05.020786+00:00,63.342,4,2,customers-service|api-gateway,False,GET,/api/customer/owners/1,200,1,62.202,1
2026-07-29T16:18:41.689733+00:00,48efceb2f2da8897,2026-07-29T16:18:04.815715+00:00,132.791,4,2,vets-service|api-gateway,False,GET,/api/vet/vets,200,1,117.412,1
2026-07-29T16:18:41.689733+00:00,9647f65af32e12a9,2026-07-29T16:18:04.648142+00:00,47.557,3,2,api-gateway|visits-service,False,GET,/api/visit/owners/1/pets/1/visits,200,0,0.0,1
2026-07-29T16:18:41.689733+00:00,468fa3860cfe2e36,2026-07-29T16:18:04.482369+00:00,139.159,4,2,vets-service|api-gateway,False,GET,/api/vet/vets,200,1,125.15,1
2026-07-29T16:18:41.689733+00:00,7a25fcfa1d8b30f2,2026-07-29T16:18:04.352000+00:00,17.411,3,2,visits-service|api-gateway,False,GET,/api/visit/owners/1/pets/1/visits,200,0,0.0,1
2026-07-29T16:18:41.689733+00:00,cc3689c4ba337c4d,2026-07-29T16:18:04.185452+00:00,70.118,4,2,customers-service|api-gateway,False,GET,/api/customer/owners/1,200,1,68.981,1
2026-07-29T16:18:41.689733+00:00,a8303406118d7d2d,2026-07-29T16:18:04.021029+00:00,159.04,4,2,vets-service|api-gateway,False,GET,/api/vet/vets,200,1,157.861,1
2026-07-29T16:18:41.689733+00:00,9d67cf15546de7c7,2026-07-29T16:18:03.852147+00:00,19.589,3,2,visits-service|api-gateway,False,GET,/api/visit/owners/1/pets/1/visits,200,0,0.0,1
2026-07-29T16:18:41.689733+00:00,1e7dafafc0210107,2026-07-29T16:18:03.649189+00:00,175.497,4,2,customers-service|api-gateway,False,GET,/api/customer/owners,200,1,171.17,1
2026-07-29T16:18:41.689733+00:00,ec3e620b34095056,2026-07-29T16:18:03.519176+00:00,18.147,3,2,visits-service|api-gateway,False,GET,/api/visit/owners/1/pets/1/visits,200,0,0.0,1
2026-07-29T16:18:41.689733+00:00,4fcc429155b0d964,2026-07-29T16:18:03.317328+00:00,165.15,4,2,customers-service|api-gateway,False,GET,/api/customer/owners/1,200,1,163.731,1
2026-07-29T16:18:41.689733+00:00,3f5f080885055d17,2026-07-29T16:18:03.185914+00:00,117.447,4,2,vets-service|api-gateway,False,GET,/api/vet/vets,200,1,116.31,1
2026-07-29T16:18:41.689733+00:00,5158ac060ded5996,2026-07-29T16:18:03.020262+00:00,182.147,4,2,customers-service|api-gateway,False,GET,/api/customer/owners,200,1,180.849,1
2026-07-29T16:18:41.689733+00:00,dec0b3800513fd5d,2026-07-29T16:18:02.815433+00:00,136.25,4,2,vets-service|api-gateway,False,GET,/api/vet/vets,200,1,121.323,1
2026-07-29T16:18:41.689733+00:00,d7c193c69c289bcb,2026-07-29T16:18:02.648830+00:00,29.618,3,2,api-gateway|visits-service,False,GET,/api/visit/owners/1/pets/1/visits,200,0,0.0,1
2026-07-29T16:18:41.689733+00:00,3261922397f6c215,2026-07-29T16:18:02.481126+00:00,144.482,4,2,vets-service|api-gateway,False,GET,/api/vet/vets,200,1,131.729,1
2026-07-29T16:18:41.689733+00:00,e329429f01b430de,2026-07-29T16:18:02.316871+00:00,54.97,4,2,customers-service|api-gateway,False,GET,/api/customer/owners/1,200,1,53.65,1
2026-07-29T16:18:41.689733+00:00,1b86d0b639f69b3a,2026-07-29T16:18:02.188533+00:00,18.085,3,2,visits-service|api-gateway,False,GET,/api/visit/owners/1/pets/1/visits,200,0,0.0,1
2026-07-29T16:18:41.689733+00:00,982c6939abadc35a,2026-07-29T16:18:02.020952+00:00,174.044,4,2,customers-service|api-gateway,False,GET,/api/customer/owners,200,1,173.094,1
2026-07-29T16:18:41.689733+00:00,c0849d2843efec1e,2026-07-29T16:18:01.854458+00:00,183.801,4,2,vets-service|api-gateway,False,GET,/api/vet/vets,200,1,182.55,1
2026-07-29T16:18:41.689733+00:00,4a44328aa3b3d4ad,2026-07-29T16:18:01.649122+00:00,30.492,3,2,api-gateway|visits-service,False,GET,/api/visit/owners/1/pets/1/visits,200,0,0.0,1
2026-07-29T16:18:41.689733+00:00,11d2b483f9c0fb67,2026-07-29T16:18:01.482104+00:00,236.22,4,2,vets-service|api-gateway,False,GET,/api/vet/vets,200,1,221.971,1
2026-07-29T16:18:41.689733+00:00,30d4b5f4d24613ff,2026-07-29T16:18:01.354674+00:00,132.238,4,2,vets-service|api-gateway,False,GET,/api/vet/vets,200,1,130.961,1
2026-07-29T16:18:41.689733+00:00,8db257b2c1c3b281,2026-07-29T16:18:01.187762+00:00,73.959,4,2,customers-service|api-gateway,False,GET,/api/customer/owners/1,200,1,73.04,1
2026-07-29T16:18:41.689733+00:00,bf1796133c5a65a7,2026-07-29T16:18:01.019184+00:00,126.415,4,2,vets-service|api-gateway,False,GET,/api/vet/vets,200,1,125.181,1
2026-07-29T16:18:41.689733+00:00,8700df921e3b0ba1,2026-07-29T16:18:00.815469+00:00,31.011,3,2,api-gateway|visits-service,False,GET,/api/visit/owners/1/pets/1/visits,200,0,0.0,1
2026-07-29T16:18:41.689733+00:00,6e0717ee07fd1125,2026-07-29T16:18:00.686394+00:00,185.426,4,2,customers-service|api-gateway,False,GET,/api/customer/owners,200,1,184.366,1
2026-07-29T16:18:41.689733+00:00,11af59f98cad755a,2026-07-29T16:18:00.481587+00:00,217.664,4,2,vets-service|api-gateway,False,GET,/api/vet/vets,200,1,206.823,1
2026-07-29T16:18:41.689733+00:00,f699f13b1f9ebe71,2026-07-29T16:18:00.315149+00:00,192.598,4,2,customers-service|api-gateway,False,GET,/api/customer/owners,200,1,189.062,1
2026-07-29T16:18:41.689733+00:00,d55ac9afcd314bbc,2026-07-29T16:18:00.148466+00:00,73.171,4,2,customers-service|api-gateway,False,GET,/api/customer/owners/1,200,1,68.883,1
2026-07-29T16:18:41.689733+00:00,20cabc970ff7c066,2026-07-29T16:18:00.022162+00:00,66.075,4,2,customers-service|api-gateway,False,GET,/api/customer/owners/1,200,1,65.048,1
2026-07-29T16:18:41.689733+00:00,e46341b97f546e26,2026-07-29T16:17:59.853650+00:00,167.19,4,2,vets-service|api-gateway,False,GET,/api/vet/vets,200,1,166.166,1
2026-07-29T16:18:41.689733+00:00,3d52008fe5470710,2026-07-29T16:17:59.688736+00:00,26.879,3,2,visits-service|api-gateway,False,GET,/api/visit/owners/1/pets/1/visits,200,0,0.0,1
2026-07-29T16:18:41.689733+00:00,50fafac287607079,2026-07-29T16:17:59.482280+00:00,246.846,4,2,customers-service|api-gateway,False,GET,/api/customer/owners,200,1,241.92,1
2026-07-29T16:18:41.689733+00:00,101c044443d48414,2026-07-29T16:17:59.353555+00:00,36.548,3,2,visits-service|api-gateway,False,GET,/api/visit/owners/1/pets/1/visits,200,0,0.0,1
2026-07-29T16:18:41.689733+00:00,3639a7280ed5185e,2026-07-29T16:17:59.187239+00:00,251.226,4,2,vets-service|api-gateway,False,GET,/api/vet/vets,200,1,249.781,1
2026-07-29T16:18:41.689733+00:00,67a1e39b0925e6c7,2026-07-29T16:17:59.019605+00:00,288.982,4,2,customers-service|api-gateway,False,GET,/api/customer/owners,200,1,287.761,1
2026-07-29T16:18:41.689733+00:00,42892b4f6cd1ccfd,2026-07-29T16:17:58.852797+00:00,69.584,4,2,customers-service|api-gateway,False,GET,/api/customer/owners/1,200,1,68.4,1
2026-07-29T16:18:41.689733+00:00,7c58b7441f95383a,2026-07-29T16:17:58.649366+00:00,76.069,4,2,customers-service|api-gateway,False,GET,/api/customer/owners/1,200,1,60.468,1
2026-07-29T16:18:41.689733+00:00,6070cfa2886f531b,2026-07-29T16:17:58.482186+00:00,194.702,4,2,customers-service|api-gateway,False,GET,/api/customer/owners,200,1,188.748,1
2026-07-29T16:18:41.689733+00:00,f5993248d83d1c02,2026-07-29T16:17:58.316027+00:00,71.273,4,2,customers-service|api-gateway,False,GET,/api/customer/owners/1,200,1,69.503,1
2026-07-29T16:18:41.689733+00:00,2037d2acea5894ab,2026-07-29T16:17:58.186571+00:00,173.04,4,2,customers-service|api-gateway,False,GET,/api/customer/owners,200,1,171.952,1
2026-07-29T16:18:41.689733+00:00,9aa92e1940ae6533,2026-07-29T16:17:58.021413+00:00,127.074,4,2,vets-service|api-gateway,False,GET,/api/vet/vets,200,1,125.84,1
2026-07-29T16:18:41.689733+00:00,6027e9a3a8e05372,2026-07-29T16:17:57.815110+00:00,181.642,4,2,customers-service|api-gateway,False,GET,/api/customer/owners,200,1,175.364,1
2026-07-29T16:18:41.689733+00:00,a504e53aca1636ac,2026-07-29T16:17:57.688464+00:00,161.722,4,2,customers-service|api-gateway,False,GET,/api/customer/owners,200,1,160.549,1
2026-07-29T16:18:41.689733+00:00,696346d29b0e00ba,2026-07-29T16:17:57.480948+00:00,77.79,4,2,customers-service|api-gateway,False,GET,/api/customer/owners/1,200,1,65.632,1
2026-07-29T16:18:41.689733+00:00,bbbd78f9b11d427b,2026-07-29T16:17:57.314172+00:00,244.332,4,2,vets-service|api-gateway,False,GET,/api/vet/vets,200,1,232.686,1
2026-07-29T16:18:41.689733+00:00,2d3e5be73645877a,2026-07-29T16:17:57.186583+00:00,55.971,3,2,visits-service|api-gateway,False,GET,/api/visit/owners/1/pets/1/visits,200,0,0.0,1
2026-07-29T16:18:41.689733+00:00,d71528ed9754cbff,2026-07-29T16:17:57.019228+00:00,318.615,4,2,customers-service|api-gateway,False,GET,/api/customer/owners,200,1,317.46,1
2026-07-29T16:18:41.689733+00:00,0e2c8030869f8a21,2026-07-29T16:17:56.814592+00:00,236.247,4,2,customers-service|api-gateway,False,GET,/api/customer/owners,200,1,232.028,1
2026-07-29T16:18:41.689733+00:00,6c5ab9c7d9f16cc7,2026-07-29T16:17:56.685065+00:00,18.018,3,2,visits-service|api-gateway,False,GET,/api/visit/owners/1/pets/1/visits,200,0,0.0,1
2026-07-29T16:18:41.689733+00:00,850835637added41,2026-07-29T16:17:56.482070+00:00,175.528,4,2,customers-service|api-gateway,False,GET,/api/customer/owners,200,1,172.14,1
2026-07-29T16:18:41.689733+00:00,32d47e4d88196c44,2026-07-29T16:17:56.315654+00:00,187.412,4,2,customers-service|api-gateway,False,GET,/api/customer/owners,200,1,171.782,1
2026-07-29T16:18:41.689733+00:00,d3e2c881c2e69803,2026-07-29T16:17:56.186544+00:00,127.264,4,2,vets-service|api-gateway,False,GET,/api/vet/vets,200,1,125.981,1
2026-07-29T16:18:41.689733+00:00,8485b8c1d00aeb60,2026-07-29T16:17:55.982328+00:00,144.577,4,2,vets-service|api-gateway,False,GET,/api/vet/vets,200,1,130.225,1
2026-07-29T16:18:41.689733+00:00,318cdde992f26018,2026-07-29T16:17:55.814893+00:00,178.423,4,2,customers-service|api-gateway,False,GET,/api/customer/owners,200,1,172.283,1
2026-07-29T16:18:41.689733+00:00,86958e4347463f0c,2026-07-29T16:17:55.687353+00:00,61.891,4,2,customers-service|api-gateway,False,GET,/api/customer/owners/1,200,1,60.832,1
2026-07-29T16:18:41.689733+00:00,d05a86c18ddc70d6,2026-07-29T16:17:55.481414+00:00,176.401,4,2,vets-service|api-gateway,False,GET,/api/vet/vets,200,1,162.717,1
2026-07-29T16:18:41.689733+00:00,8d353ba97c90bfd7,2026-07-29T16:17:55.314367+00:00,181.89,4,2,customers-service|api-gateway,False,GET,/api/customer/owners,200,1,169.889,1
2026-07-29T16:18:41.689733+00:00,611ea074cf19fd75,2026-07-29T16:17:55.187841+00:00,20.164,3,2,visits-service|api-gateway,False,GET,/api/visit/owners/1/pets/1/visits,200,0,0.0,1
2026-07-29T16:18:41.689733+00:00,a42900f7476ec4f7,2026-07-29T16:17:55.019976+00:00,134.394,4,2,vets-service|api-gateway,False,GET,/api/vet/vets,200,1,133.111,1
2026-07-29T16:18:41.689733+00:00,c2bc75736463a6f2,2026-07-29T16:17:54.854327+00:00,148.248,4,2,vets-service|api-gateway,False,GET,/api/vet/vets,200,1,146.917,1
2026-07-29T16:18:41.689733+00:00,7c3974556330c583,2026-07-29T16:17:54.648890+00:00,141.502,4,2,vets-service|api-gateway,False,GET,/api/vet/vets,200,1,127.095,1
2026-07-29T16:18:41.689733+00:00,f4798138ec3689a0,2026-07-29T16:17:54.481731+00:00,34.053,3,2,api-gateway|visits-service,False,GET,/api/visit/owners/1/pets/1/visits,200,0,0.0,1
2026-07-29T16:18:41.689733+00:00,878d0b3c1207d029,2026-07-29T16:17:54.353103+00:00,26.619,3,2,visits-service|api-gateway,False,GET,/api/visit/owners/1/pets/1/visits,200,0,0.0,1
2026-07-29T16:18:41.689733+00:00,7730e723fee3c8ff,2026-07-29T16:17:54.185858+00:00,20.785,3,2,visits-service|api-gateway,False,GET,/api/visit/owners/1/pets/1/visits,200,0,0.0,1
2026-07-29T16:18:41.689733+00:00,d9a8f16fd764da77,2026-07-29T16:17:54.018300+00:00,145.296,4,2,vets-service|api-gateway,False,GET,/api/vet/vets,200,1,144.013,1
2026-07-29T16:18:41.689733+00:00,c92f0a80a4b483fc,2026-07-29T16:17:53.853468+00:00,131.622,4,2,vets-service|api-gateway,False,GET,/api/vet/vets,200,1,130.329,1
2026-07-29T16:18:41.689733+00:00,299e82a1829189a1,2026-07-29T16:17:53.687003+00:00,84.743,4,2,customers-service|api-gateway,False,GET,/api/customer/owners/1,200,1,83.567,1
2026-07-29T16:18:41.689733+00:00,0704541cce386b3f,2026-07-29T16:17:53.481737+00:00,250.309,4,2,customers-service|api-gateway,False,GET,/api/customer/owners,200,1,246.564,1
2026-07-29T16:18:41.689733+00:00,14d422f97e02d45f,2026-07-29T16:17:53.315378+00:00,193.21,4,2,customers-service|api-gateway,False,GET,/api/customer/owners,200,1,189.181,1
2026-07-29T16:18:41.689733+00:00,04055f13a16bc4bd,2026-07-29T16:17:53.186125+00:00,18.058,3,2,visits-service|api-gateway,False,GET,/api/visit/owners/1/pets/1/visits,200,0,0.0,1
2026-07-29T16:18:41.689733+00:00,d2a3509da3f73bf0,2026-07-29T16:17:53.018788+00:00,189.052,4,2,customers-service|api-gateway,False,GET,/api/customer/owners,200,1,188.138,1
2026-07-29T16:18:41.689733+00:00,7cb746cda7563ce1,2026-07-29T16:17:52.815357+00:00,61.47,4,2,customers-service|api-gateway,False,GET,/api/customer/owners/1,200,1,57.985,1
2026-07-29T16:18:41.689733+00:00,fb6f36766ed3a06a,2026-07-29T16:17:52.647982+00:00,134.237,4,2,vets-service|api-gateway,False,GET,/api/vet/vets,200,1,121.33,1
2026-07-29T16:18:41.689733+00:00,b1e4d3f824649321,2026-07-29T16:17:52.518931+00:00,175.591,4,2,customers-service|api-gateway,False,GET,/api/customer/owners,200,1,174.505,1
2026-07-29T16:18:41.689733+00:00,90abbf2b6d3fbf32,2026-07-29T16:17:52.354350+00:00,16.586,3,2,visits-service|api-gateway,False,GET,/api/visit/owners/1/pets/1/visits,200,0,0.0,1
2026-07-29T16:18:41.689733+00:00,5d3e6659d3b74109,2026-07-29T16:17:52.187711+00:00,189.337,4,2,customers-service|api-gateway,False,GET,/api/customer/owners,200,1,188.309,1
2026-07-29T16:18:41.689733+00:00,018266aa1f079c28,2026-07-29T16:17:52.020560+00:00,79.643,4,2,customers-service|api-gateway,False,GET,/api/customer/owners/1,200,1,78.535,1
2026-07-29T16:18:41.689733+00:00,566d516b73564170,2026-07-29T16:17:51.815165+00:00,223.306,4,2,customers-service|api-gateway,False,GET,/api/customer/owners,200,1,216.885,1
2026-07-29T16:18:41.689733+00:00,72a2b92a5ac8f919,2026-07-29T16:17:51.648190+00:00,417.707,4,2,vets-service|api-gateway,False,GET,/api/vet/vets,200,1,402.964,1
2026-07-29T16:18:41.689733+00:00,6f09e5f64a6f0910,2026-07-29T16:17:51.481134+00:00,68.467,4,2,customers-service|api-gateway,False,GET,/api/customer/owners/1,200,1,63.961,1
2026-07-29T16:18:41.689733+00:00,f9017cf0f20aab96,2026-07-29T16:17:51.352800+00:00,119.535,4,2,vets-service|api-gateway,False,GET,/api/vet/vets,200,1,118.241,1
2026-07-29T16:18:41.689733+00:00,59fa2d33e0227f1a,2026-07-29T16:17:51.187007+00:00,10.356,3,2,visits-service|api-gateway,False,GET,/api/visit/owners/1/pets/1/visits,200,0,0.0,1
2026-07-29T16:18:41.689733+00:00,2f496b804c5bd5c5,2026-07-29T16:17:51.020243+00:00,399.988,4,2,customers-service|api-gateway,False,GET,/api/customer/owners,200,1,399.08,1
2026-07-29T16:18:41.689733+00:00,b1da04056b5203ca,2026-07-29T16:17:50.815305+00:00,25.086,3,2,api-gateway|visits-service,False,GET,/api/visit/owners/1/pets/1/visits,200,0,0.0,1
2026-07-29T16:18:41.689733+00:00,b8f189fe0ef50a5b,2026-07-29T16:17:50.686026+00:00,12.235,3,2,visits-service|api-gateway,False,GET,/api/visit/owners/1/pets/1/visits,200,0,0.0,1
2026-07-29T16:18:41.689733+00:00,123ade757d42472a,2026-07-29T16:17:50.481758+00:00,188.503,3,2,api-gateway|visits-service,False,GET,/api/visit/owners/1/pets/1/visits,200,0,0.0,1
2026-07-29T16:18:41.689733+00:00,baad6d8441c69f4f,2026-07-29T16:17:50.352827+00:00,114.912,3,2,visits-service|api-gateway,False,GET,/api/visit/owners/1/pets/1/visits,200,0,0.0,1
2026-07-29T16:18:41.689733+00:00,3caf0a646de7c200,2026-07-29T16:17:50.188224+00:00,546.517,4,2,customers-service|api-gateway,False,GET,/api/customer/owners/1,200,1,545.442,1
2026-07-29T16:18:41.689733+00:00,da7613ddbf21944f,2026-07-29T16:17:50.021005+00:00,423.281,3,2,visits-service|api-gateway,False,GET,/api/visit/owners/1/pets/1/visits,200,0,0.0,1
2026-07-29T16:18:41.689733+00:00,5a5a12af0771b602,2026-07-29T16:17:49.814939+00:00,938.035,4,2,customers-service|api-gateway,False,GET,/api/customer/owners,200,1,932.456,1
2026-07-29T16:18:41.689733+00:00,d5f8ecb66416c304,2026-07-29T16:17:49.688096+00:00,1063.499,4,2,customers-service|api-gateway,False,GET,/api/customer/owners,200,1,1062.436,1
2026-07-29T16:18:41.689733+00:00,dcd32f5738fd9621,2026-07-29T16:17:49.521990+00:00,465.048,4,2,customers-service|api-gateway,False,GET,/api/customer/owners/1,200,1,463.893,1
2026-07-29T16:18:41.689733+00:00,a3ca7b08fcbfb1cf,2026-07-29T16:17:49.315425+00:00,168.746,3,2,api-gateway|visits-service,False,GET,/api/visit/owners/1/pets/1/visits,200,0,0.0,1
2026-07-29T16:18:41.689733+00:00,ac0915fc092c75af,2026-07-29T16:17:49.188969+00:00,81.875,3,2,visits-service|api-gateway,False,GET,/api/visit/owners/1/pets/1/visits,200,0,0.0,1
2026-07-29T16:18:41.689733+00:00,a61c96d27c4b2a81,2026-07-29T16:17:48.983369+00:00,274.591,4,2,customers-service|api-gateway,False,GET,/api/customer/owners/1,200,1,273.567,1
2026-07-29T16:18:41.689733+00:00,6b2bbe1f765a2639,2026-07-29T16:17:48.851923+00:00,177.968,3,2,visits-service|api-gateway,False,GET,/api/visit/owners/1/pets/1/visits,200,0,0.0,1
2026-07-29T16:18:41.689733+00:00,912b889845a1ba91,2026-07-29T16:17:48.688185+00:00,369.673,4,2,customers-service|api-gateway,False,GET,/api/customer/owners/1,200,1,368.527,1
2026-07-29T16:18:41.689733+00:00,4636c7b135c23457,2026-07-29T16:17:48.520798+00:00,758.339,4,2,vets-service|api-gateway,False,GET,/api/vet/vets,200,1,757.048,1
2026-07-29T16:18:41.689733+00:00,b8f006f8a3fcc0f3,2026-07-29T16:17:48.315007+00:00,1169.09,4,2,customers-service|api-gateway,False,GET,/api/customer/owners,200,1,1162.737,1
2026-07-29T16:18:41.689733+00:00,49cc7a5f6a7d6fa3,2026-07-29T16:17:48.186797+00:00,121.716,3,2,visits-service|api-gateway,False,GET,/api/visit/owners/1/pets/1/visits,200,0,0.0,1
2026-07-29T16:18:41.689733+00:00,4d2f5254617e90a5,2026-07-29T16:17:48.020053+00:00,796.44,4,2,customers-service|api-gateway,False,GET,/api/customer/owners,200,1,795.275,1
2026-07-29T16:18:41.689733+00:00,94b6cbea3f9da9f1,2026-07-29T16:17:47.852373+00:00,454.865,4,2,customers-service|api-gateway,False,GET,/api/customer/owners/1,200,1,453.931,1
2026-07-29T16:18:41.689733+00:00,a84e5ed265cdc504,2026-07-29T16:17:47.648442+00:00,894.354,4,2,customers-service|api-gateway,False,GET,/api/customer/owners,200,1,887.631,1
2026-07-29T16:18:41.689733+00:00,7ad3d83c50a6376f,2026-07-29T16:17:47.481626+00:00,1035.813,4,2,customers-service|api-gateway,False,GET,/api/customer/owners,200,1,1022.801,1
2026-07-29T16:18:41.689733+00:00,7deae2d3ae6ed673,2026-07-29T16:17:47.351979+00:00,481.565,4,2,customers-service|api-gateway,False,GET,/api/customer/owners/1,200,1,480.37,1
2026-07-29T16:18:41.689733+00:00,28ec750fda12c24f,2026-07-29T16:17:47.150374+00:00,1115.125,4,2,customers-service|api-gateway,False,GET,/api/customer/owners,200,1,1113.434,1
2026-07-29T16:18:41.689733+00:00,ad1232acc6fbc0b8,2026-07-29T16:17:47.020184+00:00,1038.782,4,2,customers-service|api-gateway,False,GET,/api/customer/owners,200,1,1037.626,1
2026-07-29T16:18:41.689733+00:00,c5e64ffdf99af13c,2026-07-29T16:17:46.814570+00:00,36.766,3,2,api-gateway|visits-service,False,GET,/api/visit/owners/1/pets/1/visits,200,0,0.0,1
2026-07-29T16:18:41.689733+00:00,47d767c5003ef432,2026-07-29T16:17:46.648045+00:00,1161.906,4,2,customers-service|api-gateway,False,GET,/api/customer/owners,200,1,1155.539,1
2026-07-29T16:18:41.689733+00:00,9fb8a6c734c3d450,2026-07-29T16:17:46.520190+00:00,828.821,4,2,vets-service|api-gateway,False,GET,/api/vet/vets,200,1,827.524,1
2026-07-29T16:18:41.689733+00:00,d4bf6395392b28ad,2026-07-29T16:17:46.354323+00:00,95.173,3,2,visits-service|api-gateway,False,GET,/api/visit/owners/1/pets/1/visits,200,0,0.0,1
2026-07-29T16:18:41.689733+00:00,c1dba0ea402b9f23,2026-07-29T16:17:46.187726+00:00,54.65,3,2,visits-service|api-gateway,False,GET,/api/visit/owners/1/pets/1/visits,200,0,0.0,1
2026-07-29T16:18:41.689733+00:00,dc29f8bedaebfc03,2026-07-29T16:17:46.020572+00:00,883.294,4,2,customers-service|api-gateway,False,GET,/api/customer/owners,200,1,882.298,1
2026-07-29T16:18:41.689733+00:00,77021d7f86722cc6,2026-07-29T16:17:45.815323+00:00,43.954,3,2,api-gateway|visits-service,False,GET,/api/visit/owners/1/pets/1/visits,200,0,0.0,1
2026-07-29T16:18:41.689733+00:00,ba06d18dbed47517,2026-07-29T16:17:45.647870+00:00,127.608,4,2,vets-service|api-gateway,False,GET,/api/vet/vets,200,1,116.047,1
2026-07-29T16:18:41.689733+00:00,be37c787ae97e983,2026-07-29T16:17:45.482344+00:00,154.58,4,2,vets-service|api-gateway,False,GET,/api/vet/vets,200,1,142.266,1
2026-07-29T16:18:41.689733+00:00,4374839cde4265c7,2026-07-29T16:17:45.314293+00:00,221.107,4,2,vets-service|api-gateway,False,GET,/api/vet/vets,200,1,208.669,1
2026-07-29T16:18:41.689733+00:00,29fbe7b13005b1f9,2026-07-29T16:17:45.187170+00:00,18.767,3,2,visits-service|api-gateway,False,GET,/api/visit/owners/1/pets/1/visits,200,0,0.0,1
2026-07-29T16:18:41.689733+00:00,b079c7d2088540fd,2026-07-29T16:17:44.981491+00:00,180.53,4,2,customers-service|api-gateway,False,GET,/api/customer/owners,200,1,176.089,1
2026-07-29T16:18:41.689733+00:00,133492c258753313,2026-07-29T16:17:44.851485+00:00,76.158,4,2,customers-service|api-gateway,False,GET,/api/customer/owners/1,200,1,75.027,1
2026-07-29T16:18:41.689733+00:00,e4ff2b582ebd35ed,2026-07-29T16:17:44.687977+00:00,227.176,4,2,customers-service|api-gateway,False,GET,/api/customer/owners,200,1,226.029,1
2026-07-29T16:18:41.689733+00:00,b0e0a10314c4105e,2026-07-29T16:17:44.519984+00:00,258.245,4,2,customers-service|api-gateway,False,GET,/api/customer/owners/1,200,1,257.156,1
2026-07-29T16:18:41.689733+00:00,cf2b40f193aeaf79,2026-07-29T16:17:44.315133+00:00,166.32,3,2,api-gateway|visits-service,False,GET,/api/visit/owners/1/pets/1/visits,200,0,0.0,1
2026-07-29T16:18:41.689733+00:00,ef7bb2411ecaccac,2026-07-29T16:17:44.148661+00:00,339.727,4,2,customers-service|api-gateway,False,GET,/api/customer/owners/1,200,1,333.268,1
2026-07-29T16:18:41.689733+00:00,17b0d84d9c2aca30,2026-07-29T16:17:44.020031+00:00,23.67,3,2,visits-service|api-gateway,False,GET,/api/visit/owners/1/pets/1/visits,200,0,0.0,1
2026-07-29T16:18:41.689733+00:00,32710f822df84b3c,2026-07-29T16:17:43.814896+00:00,939.904,4,2,customers-service|api-gateway,False,GET,/api/customer/owners,200,1,935.609,1
2026-07-29T16:18:41.689733+00:00,8ba1b38412d2a9c5,2026-07-29T16:17:43.649119+00:00,364.564,4,2,customers-service|api-gateway,False,GET,/api/customer/owners/1,200,1,359.334,1
2026-07-29T16:18:41.689733+00:00,ceed43c99103a32d,2026-07-29T16:17:43.519391+00:00,28.707,3,2,visits-service|api-gateway,False,GET,/api/visit/owners/1/pets/1/visits,200,0,0.0,1
2026-07-29T16:18:41.689733+00:00,688e4630a3a353c8,2026-07-29T16:17:43.354134+00:00,705.23,4,2,vets-service|api-gateway,False,GET,/api/vet/vets,200,1,704.177,1
2026-07-29T16:18:41.689733+00:00,50b9a035e857149e,2026-07-29T16:17:43.188376+00:00,139.737,3,2,visits-service|api-gateway,False,GET,/api/visit/owners/1/pets/1/visits,200,0,0.0,1
2026-07-29T16:18:41.689733+00:00,db950da3613be8b7,2026-07-29T16:17:43.021188+00:00,1022.436,4,2,customers-service|api-gateway,False,GET,/api/customer/owners,200,1,1021.357,1
2026-07-29T16:18:41.689733+00:00,5453fc9898da8f63,2026-07-29T16:17:42.854161+00:00,472.135,4,2,customers-service|api-gateway,False,GET,/api/customer/owners/1,200,1,470.903,1
2026-07-29T16:18:41.689733+00:00,b1bf96ec721d25d1,2026-07-29T16:17:42.648059+00:00,125.781,3,2,api-gateway|visits-service,False,GET,/api/visit/owners/1/pets/1/visits,200,0,0.0,1
2026-07-29T16:18:41.689733+00:00,9670e29d5cb48419,2026-07-29T16:17:42.517677+00:00,30.837,3,2,visits-service|api-gateway,False,GET,/api/visit/owners/1/pets/1/visits,200,0,0.0,1
2026-07-29T16:18:41.689733+00:00,f85f87a3f3b9856f,2026-07-29T16:17:42.353138+00:00,456.974,4,2,customers-service|api-gateway,False,GET,/api/customer/owners/1,200,1,455.795,1
2026-07-29T16:18:41.689733+00:00,39e733732b5ec332,2026-07-29T16:17:42.186021+00:00,1126.065,4,2,customers-service|api-gateway,False,GET,/api/customer/owners,200,1,1124.694,1
2026-07-29T16:18:41.689733+00:00,c815605335b6a629,2026-07-29T16:17:41.983260+00:00,296.953,4,2,customers-service|api-gateway,False,GET,/api/customer/owners/1,200,1,296.953,1
2026-07-29T16:18:41.689733+00:00,3da51a5025cb1a18,2026-07-29T16:17:41.814966+00:00,318.708,4,2,customers-service|api-gateway,False,GET,/api/customer/owners/1,200,1,315.588,1
2026-07-29T16:18:41.689733+00:00,476bc3f01ad60a01,2026-07-29T16:17:41.685478+00:00,619.926,4,2,vets-service|api-gateway,False,GET,/api/vet/vets,200,1,618.666,1
2026-07-29T16:18:41.689733+00:00,cd428bd3fbb15c2d,2026-07-29T16:17:41.519405+00:00,787.515,4,2,vets-service|api-gateway,False,GET,/api/vet/vets,200,1,786.236,1
2026-07-29T16:18:41.689733+00:00,e4edaf3326674923,2026-07-29T16:17:41.314517+00:00,837.466,4,2,customers-service|api-gateway,False,GET,/api/customer/owners,200,1,834.552,1
2026-07-29T16:19:41.689736+00:00,6461664ee5e9cdf4,2026-07-29T16:19:41.647912+00:00,126.998,2,1,api-gateway,False,GET,/api/vet/vets,200,0,0.0,1
2026-07-29T16:19:41.689736+00:00,7423fc0eb7ba8f36,2026-07-29T16:19:41.481055+00:00,83.812,4,2,customers-service|api-gateway,False,GET,/api/customer/owners/1,200,1,71.031,1
2026-07-29T16:19:41.689736+00:00,805469cfc9bb4d28,2026-07-29T16:19:41.315376+00:00,87.279,4,2,customers-service|api-gateway,False,GET,/api/customer/owners/1,200,1,75.903,1
2026-07-29T16:19:41.689736+00:00,6bbc66e6034c9b82,2026-07-29T16:19:41.147824+00:00,153.779,4,2,vets-service|api-gateway,False,GET,/api/vet/vets,200,1,139.919,1
2026-07-29T16:19:41.689736+00:00,953ad2aa956702da,2026-07-29T16:19:41.019123+00:00,17.928,3,2,visits-service|api-gateway,False,GET,/api/visit/owners/1/pets/1/visits,200,0,0.0,1
2026-07-29T16:19:41.689736+00:00,5cdef37c523b6c60,2026-07-29T16:19:40.815051+00:00,176.196,4,2,vets-service|api-gateway,False,GET,/api/vet/vets,200,1,162.703,1
2026-07-29T16:19:41.689736+00:00,ef663027281e0408,2026-07-29T16:19:40.649045+00:00,238.542,4,2,customers-service|api-gateway,False,GET,/api/customer/owners,200,1,225.074,1
2026-07-29T16:19:41.689736+00:00,95c607700e8f0980,2026-07-29T16:19:40.483069+00:00,75.634,4,2,customers-service|api-gateway,False,GET,/api/customer/owners/1,200,1,73.827,1
2026-07-29T16:19:41.689736+00:00,9c870a133d34079b,2026-07-29T16:19:40.315237+00:00,73.034,4,2,customers-service|api-gateway,False,GET,/api/customer/owners/1,200,1,67.905,1
2026-07-29T16:19:41.689736+00:00,0c4b37e1dab8c33b,2026-07-29T16:19:40.148874+00:00,184.159,4,2,customers-service|api-gateway,False,GET,/api/customer/owners,200,1,178.028,1
2026-07-29T16:19:41.689736+00:00,86a1a35b7f08c77b,2026-07-29T16:19:39.981664+00:00,183.994,4,2,customers-service|api-gateway,False,GET,/api/customer/owners,200,1,171.325,1
2026-07-29T16:19:41.689736+00:00,0b881543538ec5b6,2026-07-29T16:19:39.814915+00:00,134.121,4,2,vets-service|api-gateway,False,GET,/api/vet/vets,200,1,122.815,1
2026-07-29T16:19:41.689736+00:00,5256feaa6408a048,2026-07-29T16:19:39.688977+00:00,66.909,4,2,customers-service|api-gateway,False,GET,/api/customer/owners/1,200,1,65.86,1
2026-07-29T16:19:41.689736+00:00,a6d879e39f21d9a0,2026-07-29T16:19:39.481282+00:00,150.545,4,2,vets-service|api-gateway,False,GET,/api/vet/vets,200,1,136.019,1
2026-07-29T16:19:41.689736+00:00,8c9b64c4f061a76a,2026-07-29T16:19:39.315203+00:00,120.918,4,2,vets-service|api-gateway,False,GET,/api/vet/vets,200,1,108.233,1
2026-07-29T16:19:41.689736+00:00,0630b1c1495b1a74,2026-07-29T16:19:39.148374+00:00,134.135,4,2,vets-service|api-gateway,False,GET,/api/vet/vets,200,1,121.934,1
2026-07-29T16:19:41.689736+00:00,1f1513bb6f0782ee,2026-07-29T16:19:38.982020+00:00,143.172,4,2,vets-service|api-gateway,False,GET,/api/vet/vets,200,1,126.801,1
2026-07-29T16:19:41.689736+00:00,1ac32f81b8250e6d,2026-07-29T16:19:38.815235+00:00,136.932,4,2,vets-service|api-gateway,False,GET,/api/vet/vets,200,1,123.011,1
2026-07-29T16:19:41.689736+00:00,4536407e68e8400b,2026-07-29T16:19:38.648794+00:00,181.492,4,2,customers-service|api-gateway,False,GET,/api/customer/owners,200,1,167.636,1
2026-07-29T16:19:41.689736+00:00,9834933f7de8b6e7,2026-07-29T16:19:38.521188+00:00,21.312,3,2,visits-service|api-gateway,False,GET,/api/visit/owners/1/pets/1/visits,200,0,0.0,1
2026-07-29T16:19:41.689736+00:00,ab5a9e8ff43c8805,2026-07-29T16:19:38.314113+00:00,76.818,4,2,customers-service|api-gateway,False,GET,/api/customer/owners/1,200,1,65.322,1
2026-07-29T16:19:41.689736+00:00,2dc99ac512a20a9d,2026-07-29T16:19:38.148109+00:00,165.141,4,2,customers-service|api-gateway,False,GET,/api/customer/owners,200,1,161.114,1
2026-07-29T16:19:41.689736+00:00,4004acee508e8834,2026-07-29T16:19:37.981423+00:00,74.849,4,2,customers-service|api-gateway,False,GET,/api/customer/owners/1,200,1,71.524,1
2026-07-29T16:19:41.689736+00:00,f30add260371fb78,2026-07-29T16:19:37.814818+00:00,149.861,4,2,vets-service|api-gateway,False,GET,/api/vet/vets,200,1,132.237,1
2026-07-29T16:19:41.689736+00:00,5e0008b954517b8e,2026-07-29T16:19:37.686680+00:00,125.187,4,2,vets-service|api-gateway,False,GET,/api/vet/vets,200,1,124.075,1
2026-07-29T16:19:41.689736+00:00,2336aa81b4757790,2026-07-29T16:19:37.484879+00:00,70.438,4,2,customers-service|api-gateway,False,GET,/api/customer/owners/1,200,1,68.854,1
2026-07-29T16:19:41.689736+00:00,fbc1f751dfaa243a,2026-07-29T16:19:37.353023+00:00,38.57,3,2,visits-service|api-gateway,False,GET,/api/visit/owners/1/pets/1/visits,200,0,0.0,1
2026-07-29T16:19:41.689736+00:00,ee511843b16fccd5,2026-07-29T16:19:37.148691+00:00,157.267,4,2,vets-service|api-gateway,False,GET,/api/vet/vets,200,1,144.154,1
2026-07-29T16:19:41.689736+00:00,22de5a893d96ea1e,2026-07-29T16:19:37.020655+00:00,19.465,3,2,visits-service|api-gateway,False,GET,/api/visit/owners/1/pets/1/visits,200,0,0.0,1
2026-07-29T16:19:41.689736+00:00,c5787a4242b7c6e6,2026-07-29T16:19:36.815064+00:00,155.036,4,2,vets-service|api-gateway,False,GET,/api/vet/vets,200,1,143.297,1
2026-07-29T16:19:41.689736+00:00,64bb41211e3949c0,2026-07-29T16:19:36.688280+00:00,18.718,3,2,visits-service|api-gateway,False,GET,/api/visit/owners/1/pets/1/visits,200,0,0.0,1
2026-07-29T16:19:41.689736+00:00,e4ae9f014be8c1bd,2026-07-29T16:19:36.481166+00:00,133.45,4,2,vets-service|api-gateway,False,GET,/api/vet/vets,200,1,121.837,1
2026-07-29T16:19:41.689736+00:00,b4de3f2edf857ee3,2026-07-29T16:19:36.353486+00:00,9.886,3,2,visits-service|api-gateway,False,GET,/api/visit/owners/1/pets/1/visits,200,0,0.0,1
2026-07-29T16:19:41.689736+00:00,85bf3cf70a0930ad,2026-07-29T16:19:36.147879+00:00,81.271,4,2,customers-service|api-gateway,False,GET,/api/customer/owners/1,200,1,69.088,1
2026-07-29T16:19:41.689736+00:00,f493804bde626873,2026-07-29T16:19:36.022208+00:00,20.3,3,2,visits-service|api-gateway,False,GET,/api/visit/owners/1/pets/1/visits,200,0,0.0,1
2026-07-29T16:19:41.689736+00:00,66565975c4253d6e,2026-07-29T16:19:35.815560+00:00,76.187,4,2,customers-service|api-gateway,False,GET,/api/customer/owners/1,200,1,61.761,1
2026-07-29T16:19:41.689736+00:00,f750553b9c1204ba,2026-07-29T16:19:35.688985+00:00,17.199,3,2,visits-service|api-gateway,False,GET,/api/visit/owners/1/pets/1/visits,200,0,0.0,1
2026-07-29T16:19:41.689736+00:00,884487062a7b0c62,2026-07-29T16:19:35.481293+00:00,147.972,4,2,vets-service|api-gateway,False,GET,/api/vet/vets,200,1,136.793,1
2026-07-29T16:19:41.689736+00:00,76fd6062e4d602c9,2026-07-29T16:19:35.315127+00:00,75.489,4,2,customers-service|api-gateway,False,GET,/api/customer/owners/1,200,1,61.681,1
2026-07-29T16:19:41.689736+00:00,406390d6567361a7,2026-07-29T16:19:35.148835+00:00,123.24,4,2,vets-service|api-gateway,False,GET,/api/vet/vets,200,1,109.841,1
2026-07-29T16:19:41.689736+00:00,3f5c0d9641515d8c,2026-07-29T16:19:34.981872+00:00,137.467,4,2,vets-service|api-gateway,False,GET,/api/vet/vets,200,1,124.449,1
2026-07-29T16:19:41.689736+00:00,e5cbbc66f51ef449,2026-07-29T16:19:34.814707+00:00,195.299,4,2,customers-service|api-gateway,False,GET,/api/customer/owners,200,1,182.129,1
2026-07-29T16:19:41.689736+00:00,06447e7569e0b498,2026-07-29T16:19:34.686806+00:00,24.229,3,2,visits-service|api-gateway,False,GET,/api/visit/owners/1/pets/1/visits,200,0,0.0,1
2026-07-29T16:19:41.689736+00:00,ae24db40e4adf7ba,2026-07-29T16:19:34.519863+00:00,17.331,3,2,visits-service|api-gateway,False,GET,/api/visit/owners/1/pets/1/visits,200,0,0.0,1
2026-07-29T16:19:41.689736+00:00,4e744ead30847aef,2026-07-29T16:19:34.314848+00:00,176.176,4,2,customers-service|api-gateway,False,GET,/api/customer/owners,200,1,172.659,1
2026-07-29T16:19:41.689736+00:00,aa07556718ec7ee6,2026-07-29T16:19:34.147797+00:00,147.771,4,2,customers-service|api-gateway,False,GET,/api/customer/owners,200,1,142.459,1
2026-07-29T16:19:41.689736+00:00,aaf378a214511488,2026-07-29T16:19:33.981907+00:00,53.382,3,2,api-gateway|visits-service,False,GET,/api/visit/owners/1/pets/1/visits,200,0,0.0,1
2026-07-29T16:19:41.689736+00:00,d2b99c33b71fd7cb,2026-07-29T16:19:33.814864+00:00,87.716,4,2,customers-service|api-gateway,False,GET,/api/customer/owners/1,200,1,84.273,1
2026-07-29T16:19:41.689736+00:00,2adc3080db4ad9e8,2026-07-29T16:19:33.647820+00:00,205.348,4,2,customers-service|api-gateway,False,GET,/api/customer/owners,200,1,193.573,1
2026-07-29T16:19:41.689736+00:00,143e387e881994d3,2026-07-29T16:19:33.481576+00:00,92.83,4,2,customers-service|api-gateway,False,GET,/api/customer/owners/1,200,1,80.678,1
2026-07-29T16:19:41.689736+00:00,91d1baef7bcbf5ff,2026-07-29T16:19:33.353996+00:00,21.611,3,2,visits-service|api-gateway,False,GET,/api/visit/owners/1/pets/1/visits,200,0,0.0,1
2026-07-29T16:19:41.689736+00:00,6eda49dd19931717,2026-07-29T16:19:33.148395+00:00,65.923,4,2,customers-service|api-gateway,False,GET,/api/customer/owners/1,200,1,53.623,1
2026-07-29T16:19:41.689736+00:00,f92a257ca93bf734,2026-07-29T16:19:33.020321+00:00,24.615,3,2,visits-service|api-gateway,False,GET,/api/visit/owners/1/pets/1/visits,200,0,0.0,1
2026-07-29T16:19:41.689736+00:00,69a75336a32ee85c,2026-07-29T16:19:32.815269+00:00,36.8,3,2,api-gateway|visits-service,False,GET,/api/visit/owners/1/pets/1/visits,200,0,0.0,1
2026-07-29T16:19:41.689736+00:00,9d2296e55788f7dc,2026-07-29T16:19:32.649048+00:00,181.127,4,2,customers-service|api-gateway,False,GET,/api/customer/owners,200,1,167.029,1
2026-07-29T16:19:41.689736+00:00,d57117a24a33abd7,2026-07-29T16:19:32.521489+00:00,19.641,3,2,visits-service|api-gateway,False,GET,/api/visit/owners/1/pets/1/visits,200,0,0.0,1
2026-07-29T16:19:41.689736+00:00,09ed3a51af36edf1,2026-07-29T16:19:32.315510+00:00,140.122,4,2,vets-service|api-gateway,False,GET,/api/vet/vets,200,1,125.882,1
2026-07-29T16:19:41.689736+00:00,8ffafd89c75b6f7d,2026-07-29T16:19:32.148119+00:00,82.973,4,2,customers-service|api-gateway,False,GET,/api/customer/owners/1,200,1,77.239,1
2026-07-29T16:19:41.689736+00:00,53da1639693812b5,2026-07-29T16:19:31.981453+00:00,152.903,4,2,vets-service|api-gateway,False,GET,/api/vet/vets,200,1,140.179,1
2026-07-29T16:19:41.689736+00:00,04e3edc8e2850d9e,2026-07-29T16:19:31.817613+00:00,136.674,4,2,vets-service|api-gateway,False,GET,/api/vet/vets,200,1,126.879,1
2026-07-29T16:19:41.689736+00:00,8ab79b818d9e35d2,2026-07-29T16:19:31.692631+00:00,20.372,3,2,visits-service|api-gateway,False,GET,/api/visit/owners/1/pets/1/visits,200,0,0.0,1
2026-07-29T16:19:41.689736+00:00,f2436418b5b5a0f0,2026-07-29T16:19:31.485359+00:00,81.991,4,2,customers-service|api-gateway,False,GET,/api/customer/owners/1,200,1,80.238,1
2026-07-29T16:19:41.689736+00:00,c03aeb786439f739,2026-07-29T16:19:31.314218+00:00,153.106,4,2,vets-service|api-gateway,False,GET,/api/vet/vets,200,1,140.757,1
2026-07-29T16:19:41.689736+00:00,a5368f10d7cc17f1,2026-07-29T16:19:31.148894+00:00,141.374,4,2,vets-service|api-gateway,False,GET,/api/vet/vets,200,1,129.553,1
2026-07-29T16:19:41.689736+00:00,5ed96688965b20ae,2026-07-29T16:19:30.981725+00:00,34.99,3,2,api-gateway|visits-service,False,GET,/api/visit/owners/1/pets/1/visits,200,0,0.0,1
2026-07-29T16:19:41.689736+00:00,49c50b684f88e93d,2026-07-29T16:19:30.854036+00:00,20.582,3,2,visits-service|api-gateway,False,GET,/api/visit/owners/1/pets/1/visits,200,0,0.0,1
2026-07-29T16:19:41.689736+00:00,2f93e0380aad20c8,2026-07-29T16:19:30.648264+00:00,190.365,4,2,customers-service|api-gateway,False,GET,/api/customer/owners,200,1,184.277,1
2026-07-29T16:19:41.689736+00:00,797b2e05e97e4067,2026-07-29T16:19:30.482054+00:00,64.943,4,2,customers-service|api-gateway,False,GET,/api/customer/owners/1,200,1,53.913,1
2026-07-29T16:19:41.689736+00:00,0e0975c7edb1f199,2026-07-29T16:19:30.314721+00:00,179.88,4,2,customers-service|api-gateway,False,GET,/api/customer/owners,200,1,167.308,1
2026-07-29T16:19:41.689736+00:00,eedb6c8059f1666c,2026-07-29T16:19:30.148446+00:00,214.171,4,2,customers-service|api-gateway,False,GET,/api/customer/owners,200,1,202.542,1
2026-07-29T16:19:41.689736+00:00,d5de4d38a43c2bf9,2026-07-29T16:19:29.981695+00:00,71.403,4,2,customers-service|api-gateway,False,GET,/api/customer/owners/1,200,1,58.84,1
2026-07-29T16:19:41.689736+00:00,c3e479bab654fdf1,2026-07-29T16:19:29.815281+00:00,62.079,4,2,customers-service|api-gateway,False,GET,/api/customer/owners/1,200,1,58.815,1
2026-07-29T16:19:41.689736+00:00,3e8141a70b410438,2026-07-29T16:19:29.648292+00:00,167.018,4,2,vets-service|api-gateway,False,GET,/api/vet/vets,200,1,155.551,1
2026-07-29T16:19:41.689736+00:00,65e9b241fb8b2713,2026-07-29T16:19:29.484386+00:00,155.601,4,2,customers-service|api-gateway,False,GET,/api/customer/owners,200,1,155.601,1
2026-07-29T16:19:41.689736+00:00,0cb1180af12fa26b,2026-07-29T16:19:29.315033+00:00,170.679,4,2,customers-service|api-gateway,False,GET,/api/customer/owners,200,1,166.066,1
2026-07-29T16:19:41.689736+00:00,3a90ae600a46c3a0,2026-07-29T16:19:29.147779+00:00,66.103,4,2,customers-service|api-gateway,False,GET,/api/customer/owners/1,200,1,51.508,1
2026-07-29T16:19:41.689736+00:00,acda6f0d177f362f,2026-07-29T16:19:29.021425+00:00,17.432,3,2,visits-service|api-gateway,False,GET,/api/visit/owners/1/pets/1/visits,200,0,0.0,1
2026-07-29T16:19:41.689736+00:00,358943d4bda1f335,2026-07-29T16:19:28.814384+00:00,143.69,4,2,customers-service|api-gateway,False,GET,/api/customer/owners/1,200,1,132.11,1
2026-07-29T16:19:41.689736+00:00,f5cfd2cf7e83cca5,2026-07-29T16:19:28.648234+00:00,381.387,4,2,customers-service|api-gateway,False,GET,/api/customer/owners,200,1,366.715,1
2026-07-29T16:19:41.689736+00:00,0b8eeb9d0d1f80b2,2026-07-29T16:19:28.482031+00:00,426.746,4,2,customers-service|api-gateway,False,GET,/api/customer/owners/1,200,1,420.906,1
2026-07-29T16:19:41.689736+00:00,74e58e00063aad0d,2026-07-29T16:19:28.318249+00:00,364.372,4,2,customers-service|api-gateway,False,GET,/api/customer/owners/1,200,1,363.065,1
2026-07-29T16:19:41.689736+00:00,70aa8cbadd49f443,2026-07-29T16:19:28.150066+00:00,821.685,4,2,customers-service|api-gateway,False,GET,/api/customer/owners,200,1,809.372,1
2026-07-29T16:19:41.689736+00:00,3778e5a38cff9263,2026-07-29T16:19:27.981863+00:00,941.755,4,2,vets-service|api-gateway,False,GET,/api/vet/vets,200,1,928.382,1
2026-07-29T16:19:41.689736+00:00,b34cf175f191f911,2026-07-29T16:19:27.817042+00:00,152.701,3,2,api-gateway|visits-service,False,GET,/api/visit/owners/1/pets/1/visits,200,0,0.0,1
2026-07-29T16:19:41.689736+00:00,af11214c08fb0c71,2026-07-29T16:19:27.688321+00:00,70.728,3,2,visits-service|api-gateway,False,GET,/api/visit/owners/1/pets/1/visits,200,0,0.0,1
2026-07-29T16:19:41.689736+00:00,b52556a8e47f2cd4,2026-07-29T16:19:27.519362+00:00,227.077,3,2,visits-service|api-gateway,False,GET,/api/visit/owners/1/pets/1/visits,200,0,0.0,1
2026-07-29T16:19:41.689736+00:00,4e5f0f8ef85049b8,2026-07-29T16:19:27.317068+00:00,1363.045,4,2,customers-service|api-gateway,False,GET,/api/customer/owners,200,1,1361.948,1
2026-07-29T16:19:41.689736+00:00,0d3a7fc47a8a576a,2026-07-29T16:19:27.148782+00:00,797.805,4,2,customers-service|api-gateway,False,GET,/api/customer/owners/1,200,1,784.789,1
2026-07-29T16:19:41.689736+00:00,f3669a2f1240749c,2026-07-29T16:19:26.981587+00:00,1465.979,4,2,vets-service|api-gateway,False,GET,/api/vet/vets,200,1,1414.022,1
2026-07-29T16:19:41.689736+00:00,553fd07a5849eefb,2026-07-29T16:19:26.816776+00:00,1379.269,4,2,vets-service|api-gateway,False,GET,/api/vet/vets,200,1,1368.142,1
2026-07-29T16:19:41.689736+00:00,393e89118e72b540,2026-07-29T16:19:26.648331+00:00,1564.764,4,2,vets-service|api-gateway,False,GET,/api/vet/vets,200,1,1552.017,1
2026-07-29T16:19:41.689736+00:00,09eb70f0b69b91f7,2026-07-29T16:19:26.482049+00:00,1711.545,4,2,vets-service|api-gateway,False,GET,/api/vet/vets,200,1,1695.225,1
2026-07-29T16:19:41.689736+00:00,1cb652a9e32dd4e1,2026-07-29T16:19:26.315404+00:00,1877.009,4,2,customers-service|api-gateway,False,GET,/api/customer/owners,200,1,1861.237,1
2026-07-29T16:19:41.689736+00:00,20d72ad7f49b7c71,2026-07-29T16:19:26.148899+00:00,2043.882,4,2,customers-service|api-gateway,False,GET,/api/customer/owners,200,1,2028.834,1
2026-07-29T16:19:41.689736+00:00,395c6a95bee11675,2026-07-29T16:19:25.981794+00:00,1483.345,4,2,vets-service|api-gateway,False,GET,/api/vet/vets,200,1,1470.086,1
2026-07-29T16:19:41.689736+00:00,f62f324348307d11,2026-07-29T16:19:25.815457+00:00,39.914,3,2,api-gateway|visits-service,False,GET,/api/visit/owners/1/pets/1/visits,200,0,0.0,1
2026-07-29T16:19:41.689736+00:00,150698b98982ea9d,2026-07-29T16:19:25.648776+00:00,870.38,4,2,vets-service|api-gateway,False,GET,/api/vet/vets,200,1,857.56,1
2026-07-29T16:19:41.689736+00:00,7cd985b88b899281,2026-07-29T16:19:25.481651+00:00,866.81,4,2,vets-service|api-gateway,False,GET,/api/vet/vets,200,1,854.358,1
2026-07-29T16:19:41.689736+00:00,848fbc573ce8cd12,2026-07-29T16:19:25.355099+00:00,63.496,3,2,visits-service|api-gateway,False,GET,/api/visit/owners/1/pets/1/visits,200,0,0.0,1
2026-07-29T16:19:41.689736+00:00,7d973327c3f8a0ee,2026-07-29T16:19:25.148094+00:00,951.382,4,2,vets-service|api-gateway,False,GET,/api/vet/vets,200,1,935.439,1
2026-07-29T16:19:41.689736+00:00,13e9bfb87e7f119c,2026-07-29T16:19:24.983391+00:00,424.52,4,2,customers-service|api-gateway,False,GET,/api/customer/owners/1,200,1,420.935,1
2026-07-29T16:19:41.689736+00:00,db00a4e53ba36d68,2026-07-29T16:19:24.854664+00:00,81.042,3,2,visits-service|api-gateway,False,GET,/api/visit/owners/1/pets/1/visits,200,0,0.0,1
2026-07-29T16:19:41.689736+00:00,1f79fa34e506a3cf,2026-07-29T16:19:24.647684+00:00,495.021,4,2,customers-service|api-gateway,False,GET,/api/customer/owners/1,200,1,490.822,1
2026-07-29T16:19:41.689736+00:00,219bd3d3454002a0,2026-07-29T16:19:24.525038+00:00,36.738,3,2,visits-service|api-gateway,False,GET,/api/visit/owners/1/pets/1/visits,200,0,0.0,1
2026-07-29T16:19:41.689736+00:00,52d8f8c36dc8f4fd,2026-07-29T16:19:24.315434+00:00,601.083,4,2,vets-service|api-gateway,False,GET,/api/vet/vets,200,1,587.95,1
2026-07-29T16:19:41.689736+00:00,5cc62a74745e71e4,2026-07-29T16:19:24.186173+00:00,39.687,3,2,visits-service|api-gateway,False,GET,/api/visit/owners/1/pets/1/visits,200,0,0.0,1
2026-07-29T16:19:41.689736+00:00,01317889273ddd33,2026-07-29T16:19:23.981392+00:00,81.462,4,2,customers-service|api-gateway,False,GET,/api/customer/owners/1,200,1,67.754,1
2026-07-29T16:19:41.689736+00:00,a16eb553623df1a6,2026-07-29T16:19:23.815068+00:00,80.279,4,2,customers-service|api-gateway,False,GET,/api/customer/owners/1,200,1,74.073,1
2026-07-29T16:19:41.689736+00:00,d6f2c6e9adbc3b00,2026-07-29T16:19:23.648919+00:00,190.85,4,2,customers-service|api-gateway,False,GET,/api/customer/owners,200,1,177.658,1
2026-07-29T16:19:41.689736+00:00,7246dc1d9c30c676,2026-07-29T16:19:23.520619+00:00,122.459,4,2,vets-service|api-gateway,False,GET,/api/vet/vets,200,1,121.367,1
2026-07-29T16:19:41.689736+00:00,6d2252084ca54739,2026-07-29T16:19:23.314798+00:00,66.885,4,2,customers-service|api-gateway,False,GET,/api/customer/owners/1,200,1,54.146,1
2026-07-29T16:19:41.689736+00:00,75497b2963100522,2026-07-29T16:19:23.148850+00:00,148.56,4,2,vets-service|api-gateway,False,GET,/api/vet/vets,200,1,135.125,1
2026-07-29T16:19:41.689736+00:00,a45721867a9832e6,2026-07-29T16:19:22.982097+00:00,151.085,4,2,vets-service|api-gateway,False,GET,/api/vet/vets,200,1,135.114,1
2026-07-29T16:19:41.689736+00:00,f70662c16495249c,2026-07-29T16:19:22.814865+00:00,72.787,4,2,customers-service|api-gateway,False,GET,/api/customer/owners/1,200,1,60.406,1
2026-07-29T16:19:41.689736+00:00,46f3f8ccb8f5b6f0,2026-07-29T16:19:22.648348+00:00,171.108,4,2,customers-service|api-gateway,False,GET,/api/customer/owners,200,1,167.478,1
2026-07-29T16:19:41.689736+00:00,b8ca5f6c01e3a712,2026-07-29T16:19:22.483372+00:00,164.827,4,2,customers-service|api-gateway,False,GET,/api/customer/owners,200,1,163.542,1
2026-07-29T16:19:41.689736+00:00,5bfa5672082eb8c8,2026-07-29T16:19:22.315088+00:00,203.099,4,2,customers-service|api-gateway,False,GET,/api/customer/owners,200,1,191.508,1
2026-07-29T16:19:41.689736+00:00,83782e048e4a2848,2026-07-29T16:19:22.148519+00:00,174.108,4,2,customers-service|api-gateway,False,GET,/api/customer/owners,200,1,169.619,1
2026-07-29T16:19:41.689736+00:00,803a422a293ebdee,2026-07-29T16:19:22.019899+00:00,18.362,3,2,visits-service|api-gateway,False,GET,/api/visit/owners/1/pets/1/visits,200,0,0.0,1
2026-07-29T16:19:41.689736+00:00,a8d949b41dceec5b,2026-07-29T16:19:21.815407+00:00,85.781,4,2,customers-service|api-gateway,False,GET,/api/customer/owners/1,200,1,74.148,1
2026-07-29T16:19:41.689736+00:00,635748ef32a190fa,2026-07-29T16:19:21.648913+00:00,150.787,4,2,vets-service|api-gateway,False,GET,/api/vet/vets,200,1,137.736,1
2026-07-29T16:19:41.689736+00:00,170f7672cc6cbe70,2026-07-29T16:19:21.520534+00:00,20.405,3,2,visits-service|api-gateway,False,GET,/api/visit/owners/1/pets/1/visits,200,0,0.0,1
2026-07-29T16:19:41.689736+00:00,a0418ae87adec518,2026-07-29T16:19:21.315045+00:00,251.588,4,2,customers-service|api-gateway,False,GET,/api/customer/owners,200,1,239.665,1
2026-07-29T16:19:41.689736+00:00,20fffb52c38d1baa,2026-07-29T16:19:21.148429+00:00,244.149,4,2,customers-service|api-gateway,False,GET,/api/customer/owners,200,1,231.514,1
2026-07-29T16:19:41.689736+00:00,04c977cd7ce09bea,2026-07-29T16:19:21.019643+00:00,21.1,3,2,visits-service|api-gateway,False,GET,/api/visit/owners/1/pets/1/visits,200,0,0.0,1
2026-07-29T16:19:41.689736+00:00,09067a3e1121dd03,2026-07-29T16:19:20.815117+00:00,73.741,4,2,customers-service|api-gateway,False,GET,/api/customer/owners/1,200,1,70.443,1
2026-07-29T16:19:41.689736+00:00,5a3b58e0a28779c9,2026-07-29T16:19:20.648579+00:00,156.174,4,2,customers-service|api-gateway,False,GET,/api/customer/owners,200,1,151.674,1
2026-07-29T16:19:41.689736+00:00,a7256ccfe84a72bf,2026-07-29T16:19:20.481422+00:00,78.132,4,2,customers-service|api-gateway,False,GET,/api/customer/owners/1,200,1,66.38,1
2026-07-29T16:19:41.689736+00:00,3f2e983bf4a588ee,2026-07-29T16:19:20.317527+00:00,30.084,3,2,api-gateway|visits-service,False,GET,/api/visit/owners/1/pets/1/visits,200,0,0.0,1
2026-07-29T16:19:41.689736+00:00,f42a22689ed48357,2026-07-29T16:19:20.188065+00:00,19.702,3,2,visits-service|api-gateway,False,GET,/api/visit/owners/1/pets/1/visits,200,0,0.0,1
2026-07-29T16:19:41.689736+00:00,e0070b6bf011b2f4,2026-07-29T16:19:19.982014+00:00,104.56,4,2,customers-service|api-gateway,False,GET,/api/customer/owners/1,200,1,101.469,1
2026-07-29T16:19:41.689736+00:00,1aa33ac386f3540d,2026-07-29T16:19:19.815414+00:00,155.879,4,2,vets-service|api-gateway,False,GET,/api/vet/vets,200,1,143.15,1
2026-07-29T16:19:41.689736+00:00,9956d882c8f7acc8,2026-07-29T16:19:19.648867+00:00,144.29,4,2,vets-service|api-gateway,False,GET,/api/vet/vets,200,1,130.618,1
2026-07-29T16:19:41.689736+00:00,70801afb55fe8e4a,2026-07-29T16:19:19.481212+00:00,350.567,4,2,vets-service|api-gateway,False,GET,/api/vet/vets,200,1,338.818,1
2026-07-29T16:19:41.689736+00:00,5e6c91d3bf208335,2026-07-29T16:19:19.315031+00:00,69.857,4,2,customers-service|api-gateway,False,GET,/api/customer/owners/1,200,1,55.948,1
2026-07-29T16:19:41.689736+00:00,2d06aced3d1f54d5,2026-07-29T16:19:19.148188+00:00,144.33,4,2,vets-service|api-gateway,False,GET,/api/vet/vets,200,1,132.029,1
2026-07-29T16:19:41.689736+00:00,900321489e423a38,2026-07-29T16:19:18.981632+00:00,94.13,4,2,customers-service|api-gateway,False,GET,/api/customer/owners/1,200,1,83.008,1
2026-07-29T16:19:41.689736+00:00,15e3a27fa8b52588,2026-07-29T16:19:18.814479+00:00,76.517,4,2,customers-service|api-gateway,False,GET,/api/customer/owners/1,200,1,63.303,1
2026-07-29T16:19:41.689736+00:00,b3ac1fecd9c9955c,2026-07-29T16:19:18.651312+00:00,71.031,4,2,customers-service|api-gateway,False,GET,/api/customer/owners/1,200,1,69.306,1
2026-07-29T16:19:41.689736+00:00,639c20b2cd4e0444,2026-07-29T16:19:18.485074+00:00,66.952,4,2,customers-service|api-gateway,False,GET,/api/customer/owners/1,200,1,65.198,1
2026-07-29T16:19:41.689736+00:00,b8f01b0df93cc190,2026-07-29T16:19:18.316486+00:00,142.469,4,2,vets-service|api-gateway,False,GET,/api/vet/vets,200,1,130.531,1
2026-07-29T16:19:41.689736+00:00,16b184dab5ea0ac9,2026-07-29T16:19:18.148804+00:00,210.02,4,2,customers-service|api-gateway,False,GET,/api/customer/owners,200,1,196.009,1
2026-07-29T16:19:41.689736+00:00,eefa42f071ca1a29,2026-07-29T16:19:17.981581+00:00,203.649,4,2,customers-service|api-gateway,False,GET,/api/customer/owners,200,1,198.005,1
2026-07-29T16:19:41.689736+00:00,97a3ba5c7a6090b5,2026-07-29T16:19:17.815100+00:00,30.868,3,2,api-gateway|visits-service,False,GET,/api/visit/owners/1/pets/1/visits,200,0,0.0,1
2026-07-29T16:19:41.689736+00:00,c3bd964795ac9bd3,2026-07-29T16:19:17.648530+00:00,176.216,4,2,customers-service|api-gateway,False,GET,/api/customer/owners,200,1,161.554,1
2026-07-29T16:19:41.689736+00:00,cbf0693f065d9b6b,2026-07-29T16:19:17.519901+00:00,99.946,4,2,customers-service|api-gateway,False,GET,/api/customer/owners/1,200,1,98.845,1
2026-07-29T16:19:41.689736+00:00,b1312d1fdce0524b,2026-07-29T16:19:17.314802+00:00,132.44,4,2,vets-service|api-gateway,False,GET,/api/vet/vets,200,1,115.733,1
2026-07-29T16:19:41.689736+00:00,2c184d13d97f4575,2026-07-29T16:19:17.148675+00:00,82.16,4,2,customers-service|api-gateway,False,GET,/api/customer/owners/1,200,1,68.208,1
2026-07-29T16:19:41.689736+00:00,0e43521efbb47ce8,2026-07-29T16:19:16.981444+00:00,152.292,4,2,vets-service|api-gateway,False,GET,/api/vet/vets,200,1,139.648,1
2026-07-29T16:19:41.689736+00:00,66917d06aeb23930,2026-07-29T16:19:16.815266+00:00,173.996,4,2,vets-service|api-gateway,False,GET,/api/vet/vets,200,1,160.998,1
2026-07-29T16:19:41.689736+00:00,fe33b06d63d8bb8c,2026-07-29T16:19:16.650303+00:00,71.386,4,2,customers-service|api-gateway,False,GET,/api/customer/owners/1,200,1,70.28,1
2026-07-29T16:19:41.689736+00:00,1f51611bef3d6602,2026-07-29T16:19:16.483523+00:00,67.412,4,2,customers-service|api-gateway,False,GET,/api/customer/owners/1,200,1,65.853,1
2026-07-29T16:19:41.689736+00:00,28bda358ade5824a,2026-07-29T16:19:16.314891+00:00,50.412,3,2,api-gateway|visits-service,False,GET,/api/visit/owners/1/pets/1/visits,200,0,0.0,1
2026-07-29T16:19:41.689736+00:00,2dc0b1eeb967f598,2026-07-29T16:19:16.189150+00:00,19.607,3,2,visits-service|api-gateway,False,GET,/api/visit/owners/1/pets/1/visits,200,0,0.0,1
2026-07-29T16:19:41.689736+00:00,53e3d4d5b2ebbd89,2026-07-29T16:19:15.981355+00:00,145.799,4,2,vets-service|api-gateway,False,GET,/api/vet/vets,200,1,131.118,1
2026-07-29T16:19:41.689736+00:00,544218226526c172,2026-07-29T16:19:15.815060+00:00,206.579,4,2,customers-service|api-gateway,False,GET,/api/customer/owners,200,1,193.082,1
2026-07-29T16:19:41.689736+00:00,bcc9ff1d4d38d61b,2026-07-29T16:19:15.648298+00:00,190.074,4,2,customers-service|api-gateway,False,GET,/api/customer/owners,200,1,184.678,1
2026-07-29T16:19:41.689736+00:00,0b6e968b505931d2,2026-07-29T16:19:15.481664+00:00,28.227,3,2,api-gateway|visits-service,False,GET,/api/visit/owners/1/pets/1/visits,200,0,0.0,1
2026-07-29T16:19:41.689736+00:00,4580a923ebed170e,2026-07-29T16:19:15.314816+00:00,161.411,4,2,vets-service|api-gateway,False,GET,/api/vet/vets,200,1,149.305,1
2026-07-29T16:19:41.689736+00:00,2519e06c86d9932a,2026-07-29T16:19:15.147836+00:00,28.543,3,2,api-gateway|visits-service,False,GET,/api/visit/owners/1/pets/1/visits,200,0,0.0,1
2026-07-29T16:19:41.689736+00:00,c652dafa50906c6e,2026-07-29T16:19:14.981716+00:00,144.697,4,2,vets-service|api-gateway,False,GET,/api/vet/vets,200,1,131.773,1
2026-07-29T16:19:41.689736+00:00,54f1cd7dcc5a5d39,2026-07-29T16:19:14.815411+00:00,186.463,4,2,customers-service|api-gateway,False,GET,/api/customer/owners,200,1,171.569,1
2026-07-29T16:19:41.689736+00:00,0821065b2c9ed444,2026-07-29T16:19:14.648838+00:00,189.953,4,2,customers-service|api-gateway,False,GET,/api/customer/owners,200,1,176.776,1
2026-07-29T16:19:41.689736+00:00,09ed3fb7d577670d,2026-07-29T16:19:14.519803+00:00,177.423,4,2,customers-service|api-gateway,False,GET,/api/customer/owners,200,1,176.351,1
2026-07-29T16:19:41.689736+00:00,a3d5d3579ae79aeb,2026-07-29T16:19:14.315885+00:00,74.825,4,2,customers-service|api-gateway,False,GET,/api/customer/owners/1,200,1,69.124,1
2026-07-29T16:19:41.689736+00:00,00296f79f459888f,2026-07-29T16:19:14.148321+00:00,151.409,4,2,vets-service|api-gateway,False,GET,/api/vet/vets,200,1,137.175,1
2026-07-29T16:19:41.689736+00:00,8abd636e696a0f24,2026-07-29T16:19:13.982305+00:00,45.079,3,2,api-gateway|visits-service,False,GET,/api/visit/owners/1/pets/1/visits,200,0,0.0,1
2026-07-29T16:19:41.689736+00:00,9d04bb175531abaa,2026-07-29T16:19:13.815612+00:00,207.155,4,2,customers-service|api-gateway,False,GET,/api/customer/owners,200,1,201.582,1
2026-07-29T16:19:41.689736+00:00,d044f8814d287840,2026-07-29T16:19:13.649719+00:00,181.272,4,2,customers-service|api-gateway,False,GET,/api/customer/owners,200,1,169.38,1
2026-07-29T16:19:41.689736+00:00,10d9e9a50a613350,2026-07-29T16:19:13.483187+00:00,171.323,4,2,customers-service|api-gateway,False,GET,/api/customer/owners,200,1,170.173,1
2026-07-29T16:19:41.689736+00:00,bf191aca9d34b2c3,2026-07-29T16:19:13.358396+00:00,138.444,4,2,vets-service|api-gateway,False,GET,/api/vet/vets,200,1,137.168,1
2026-07-29T16:19:41.689736+00:00,8ada4494d40520a9,2026-07-29T16:19:13.148739+00:00,95.627,4,2,customers-service|api-gateway,False,GET,/api/customer/owners/1,200,1,83.579,1
2026-07-29T16:19:41.689736+00:00,6d6a1deab620872a,2026-07-29T16:19:12.981611+00:00,233.376,4,2,customers-service|api-gateway,False,GET,/api/customer/owners,200,1,219.819,1
2026-07-29T16:19:41.689736+00:00,f94c50b02c67396b,2026-07-29T16:19:12.814545+00:00,81.5,4,2,customers-service|api-gateway,False,GET,/api/customer/owners/1,200,1,70.006,1
2026-07-29T16:19:41.689736+00:00,c7b607f2d14ece7a,2026-07-29T16:19:12.648764+00:00,170.056,4,2,customers-service|api-gateway,False,GET,/api/customer/owners,200,1,166.127,1
2026-07-29T16:19:41.689736+00:00,bc527283e4bb1162,2026-07-29T16:19:12.483170+00:00,58.484,4,2,customers-service|api-gateway,False,GET,/api/customer/owners/1,200,1,58.484,1
2026-07-29T16:19:41.689736+00:00,0fe6c0f1897eac2d,2026-07-29T16:19:12.315521+00:00,82.17,4,2,customers-service|api-gateway,False,GET,/api/customer/owners/1,200,1,68.855,1
2026-07-29T16:19:41.689736+00:00,e11a88adeea4e9df,2026-07-29T16:19:12.148375+00:00,30.012,3,2,api-gateway|visits-service,False,GET,/api/visit/owners/1/pets/1/visits,200,0,0.0,1
2026-07-29T16:19:41.689736+00:00,f1a249afbc6da565,2026-07-29T16:19:11.981657+00:00,191.252,4,2,customers-service|api-gateway,False,GET,/api/customer/owners,200,1,186.944,1
2026-07-29T16:19:41.689736+00:00,b7f9bc7bf938426a,2026-07-29T16:19:11.815395+00:00,30.153,3,2,api-gateway|visits-service,False,GET,/api/visit/owners/1/pets/1/visits,200,0,0.0,1
2026-07-29T16:19:41.689736+00:00,2cf278a260587b0b,2026-07-29T16:19:11.648288+00:00,229.204,4,2,customers-service|api-gateway,False,GET,/api/customer/owners,200,1,215.389,1
2026-07-29T16:19:41.689736+00:00,6d5f06b36e3844e6,2026-07-29T16:19:11.520226+00:00,172.114,4,2,vets-service|api-gateway,False,GET,/api/vet/vets,200,1,170.899,1
2026-07-29T16:19:41.689736+00:00,51ac8a54343c0802,2026-07-29T16:19:11.353388+00:00,20.497,3,2,visits-service|api-gateway,False,GET,/api/visit/owners/1/pets/1/visits,200,0,0.0,1
2026-07-29T16:19:41.689736+00:00,42be59c8ea581329,2026-07-29T16:19:11.148239+00:00,21.217,3,2,api-gateway|visits-service,False,GET,/api/visit/owners/1/pets/1/visits,200,0,0.0,1
2026-07-29T16:19:41.689736+00:00,7361dab639adb016,2026-07-29T16:19:10.982321+00:00,142.797,4,2,vets-service|api-gateway,False,GET,/api/vet/vets,200,1,130.134,1
2026-07-29T16:19:41.689736+00:00,965bbf943051bfcd,2026-07-29T16:19:10.815618+00:00,31.229,3,2,api-gateway|visits-service,False,GET,/api/visit/owners/1/pets/1/visits,200,0,0.0,1
2026-07-29T16:19:41.689736+00:00,ccffc21a352f9f27,2026-07-29T16:19:10.649002+00:00,187.548,4,2,customers-service|api-gateway,False,GET,/api/customer/owners,200,1,173.884,1
2026-07-29T16:19:41.689736+00:00,5c884c60491a9efe,2026-07-29T16:19:10.520000+00:00,177.351,4,2,customers-service|api-gateway,False,GET,/api/customer/owners,200,1,176.244,1
2026-07-29T16:19:41.689736+00:00,bdecac0ae92298c9,2026-07-29T16:19:10.315121+00:00,58.701,4,2,customers-service|api-gateway,False,GET,/api/customer/owners/1,200,1,52.822,1
2026-07-29T16:19:41.689736+00:00,738505e71b99db3e,2026-07-29T16:19:10.149195+00:00,76.053,4,2,customers-service|api-gateway,False,GET,/api/customer/owners/1,200,1,70.059,1
2026-07-29T16:19:41.689736+00:00,ca1993a81d0906c1,2026-07-29T16:19:09.981312+00:00,77.009,4,2,customers-service|api-gateway,False,GET,/api/customer/owners/1,200,1,63.786,1
2026-07-29T16:19:41.689736+00:00,775ce5bb710183d0,2026-07-29T16:19:09.816770+00:00,87.802,4,2,customers-service|api-gateway,False,GET,/api/customer/owners/1,200,1,85.144,1
2026-07-29T16:19:41.689736+00:00,988dca3be93b754d,2026-07-29T16:19:09.687523+00:00,19.742,3,2,visits-service|api-gateway,False,GET,/api/visit/owners/1/pets/1/visits,200,0,0.0,1
2026-07-29T16:19:41.689736+00:00,daff49028a896f0d,2026-07-29T16:19:09.521359+00:00,58.543,4,2,customers-service|api-gateway,False,GET,/api/customer/owners/1,200,1,57.396,1
2026-07-29T16:19:41.689736+00:00,d7f5f5623f8fbf1f,2026-07-29T16:19:09.315326+00:00,72.763,4,2,customers-service|api-gateway,False,GET,/api/customer/owners/1,200,1,59.757,1
2026-07-29T16:19:41.689736+00:00,a2831a78a884a175,2026-07-29T16:19:09.148774+00:00,72.527,4,2,customers-service|api-gateway,False,GET,/api/customer/owners/1,200,1,61.112,1
2026-07-29T16:19:41.689736+00:00,a249878b63e72068,2026-07-29T16:19:08.981526+00:00,23.439,3,2,api-gateway|visits-service,False,GET,/api/visit/owners/1/pets/1/visits,200,0,0.0,1
2026-07-29T16:19:41.689736+00:00,2c05b0061bb6f42b,2026-07-29T16:19:08.814356+00:00,69.3,4,2,customers-service|api-gateway,False,GET,/api/customer/owners/1,200,1,65.285,1
2026-07-29T16:19:41.689736+00:00,85c4a94743017fd4,2026-07-29T16:19:08.651164+00:00,59.113,4,2,customers-service|api-gateway,False,GET,/api/customer/owners/1,200,1,57.87,1
2026-07-29T16:19:41.689736+00:00,4fd62192e21d2937,2026-07-29T16:19:08.481955+00:00,28.014,3,2,api-gateway|visits-service,False,GET,/api/visit/owners/1/pets/1/visits,200,0,0.0,1
2026-07-29T16:19:41.689736+00:00,8d5b6d58bddec447,2026-07-29T16:19:08.354486+00:00,19.679,3,2,visits-service|api-gateway,False,GET,/api/visit/owners/1/pets/1/visits,200,0,0.0,1
2026-07-29T16:19:41.689736+00:00,18bb239044db4f2a,2026-07-29T16:19:08.148957+00:00,73.177,4,2,customers-service|api-gateway,False,GET,/api/customer/owners/1,200,1,59.129,1
2026-07-29T16:19:41.689736+00:00,c52ae8adb0b00a30,2026-07-29T16:19:07.981945+00:00,132.188,4,2,vets-service|api-gateway,False,GET,/api/vet/vets,200,1,119.32,1
2026-07-29T16:19:41.689736+00:00,fa6a0d72663be4e5,2026-07-29T16:19:07.815741+00:00,145.968,4,2,vets-service|api-gateway,False,GET,/api/vet/vets,200,1,122.092,1
2026-07-29T16:19:41.689736+00:00,242b2d06b08bed72,2026-07-29T16:19:07.648573+00:00,153.51,4,2,vets-service|api-gateway,False,GET,/api/vet/vets,200,1,140.633,1
2026-07-29T16:19:41.689736+00:00,a8645d79c59b8b12,2026-07-29T16:19:07.483701+00:00,185.14,4,2,customers-service|api-gateway,False,GET,/api/customer/owners,200,1,183.983,1
2026-07-29T16:19:41.689736+00:00,32cd7116218da975,2026-07-29T16:19:07.314384+00:00,84.477,4,2,customers-service|api-gateway,False,GET,/api/customer/owners/1,200,1,73.002,1
2026-07-29T16:19:41.689736+00:00,cc1f4bfb92795d2c,2026-07-29T16:19:07.151105+00:00,155.281,4,2,vets-service|api-gateway,False,GET,/api/vet/vets,200,1,145.083,1
2026-07-29T16:19:41.689736+00:00,f4b53b095c6e084c,2026-07-29T16:19:06.982251+00:00,182.515,4,2,customers-service|api-gateway,False,GET,/api/customer/owners,200,1,169.476,1
2026-07-29T16:19:41.689736+00:00,c5f28703a626928b,2026-07-29T16:19:06.815273+00:00,76.052,4,2,customers-service|api-gateway,False,GET,/api/customer/owners/1,200,1,62.49,1
2026-07-29T16:19:41.689736+00:00,3c01fb044b84490e,2026-07-29T16:19:06.688153+00:00,16.638,3,2,visits-service|api-gateway,False,GET,/api/visit/owners/1/pets/1/visits,200,0,0.0,1
2026-07-29T16:19:41.689736+00:00,7ddcbba243b7ba8f,2026-07-29T16:19:06.483090+00:00,53.292,4,2,customers-service|api-gateway,False,GET,/api/customer/owners/1,200,1,51.294,1
2026-07-29T16:19:41.689736+00:00,0179ce2f8fd1d9b6,2026-07-29T16:19:06.354791+00:00,368.332,4,2,vets-service|api-gateway,False,GET,/api/vet/vets,200,1,367.34,1
2026-07-29T16:19:41.689736+00:00,30af3aeca4bb23ca,2026-07-29T16:19:06.149596+00:00,60.058,3,2,api-gateway|visits-service,False,GET,/api/visit/owners/1/pets/1/visits,200,0,0.0,1
2026-07-29T16:19:41.689736+00:00,1ca6cf750c5a6a77,2026-07-29T16:19:05.980809+00:00,68.942,4,2,customers-service|api-gateway,False,GET,/api/customer/owners/1,200,1,65.101,1
2026-07-29T16:19:41.689736+00:00,fd55eb458c4306da,2026-07-29T16:19:05.815535+00:00,133.989,4,2,vets-service|api-gateway,False,GET,/api/vet/vets,200,1,120.806,1
2026-07-29T16:19:41.689736+00:00,81aaa215e3331c86,2026-07-29T16:19:05.649117+00:00,73.464,4,2,customers-service|api-gateway,False,GET,/api/customer/owners/1,200,1,60.25,1
2026-07-29T16:19:41.689736+00:00,54b78155529d0128,2026-07-29T16:19:05.483401+00:00,157.598,4,2,customers-service|api-gateway,False,GET,/api/customer/owners,200,1,155.73,1
2026-07-29T16:19:41.689736+00:00,6764714b6e4946ab,2026-07-29T16:19:05.354593+00:00,17.142,3,2,visits-service|api-gateway,False,GET,/api/visit/owners/1/pets/1/visits,200,0,0.0,1
2026-07-29T16:19:41.689736+00:00,8dd8331d09ccd14e,2026-07-29T16:19:05.147994+00:00,187.423,4,2,customers-service|api-gateway,False,GET,/api/customer/owners,200,1,175.946,1
2026-07-29T16:19:41.689736+00:00,d43e6ef063452895,2026-07-29T16:19:04.981621+00:00,71.523,4,2,customers-service|api-gateway,False,GET,/api/customer/owners/1,200,1,60.107,1
2026-07-29T16:19:41.689736+00:00,ce3108c30875fac6,2026-07-29T16:19:04.815228+00:00,31.314,3,2,api-gateway|visits-service,False,GET,/api/visit/owners/1/pets/1/visits,200,0,0.0,1
2026-07-29T16:19:41.689736+00:00,bb050dea5637e834,2026-07-29T16:19:04.649139+00:00,82.198,4,2,customers-service|api-gateway,False,GET,/api/customer/owners/1,200,1,68.856,1
2026-07-29T16:19:41.689736+00:00,782444d000f62952,2026-07-29T16:19:04.519274+00:00,127.917,4,2,vets-service|api-gateway,False,GET,/api/vet/vets,200,1,126.645,1
2026-07-29T16:19:41.689736+00:00,f7e849c359b4da5e,2026-07-29T16:19:04.318083+00:00,185.242,4,2,customers-service|api-gateway,False,GET,/api/customer/owners,200,1,183.815,1
2026-07-29T16:19:41.689736+00:00,5fa6e770ec9e0ef9,2026-07-29T16:19:04.148542+00:00,174.641,3,2,api-gateway|visits-service,False,GET,/api/visit/owners/1/pets/1/visits,200,0,0.0,1
2026-07-29T16:19:41.689736+00:00,f1c9f41d7dd8b05c,2026-07-29T16:19:04.019520+00:00,99.084,3,2,visits-service|api-gateway,False,GET,/api/visit/owners/1/pets/1/visits,200,0,0.0,1
2026-07-29T16:19:41.689736+00:00,510eb84c9fed3989,2026-07-29T16:19:03.854438+00:00,598.817,4,2,customers-service|api-gateway,False,GET,/api/customer/owners,200,1,597.651,1
2026-07-29T16:19:41.689736+00:00,7224f07f3ea0b193,2026-07-29T16:19:03.647966+00:00,781.246,4,2,customers-service|api-gateway,False,GET,/api/customer/owners,200,1,778.114,1
2026-07-29T16:19:41.689736+00:00,9154f7621aa2e83d,2026-07-29T16:19:03.481807+00:00,120.879,3,2,api-gateway|visits-service,False,GET,/api/visit/owners/1/pets/1/visits,200,0,0.0,1
2026-07-29T16:19:41.689736+00:00,2ba7fcae7e373fa0,2026-07-29T16:19:03.315663+00:00,778.506,4,2,vets-service|api-gateway,False,GET,/api/vet/vets,200,1,764.876,1
2026-07-29T16:19:41.689736+00:00,286fe0504f06bc64,2026-07-29T16:19:03.153035+00:00,469.174,4,2,customers-service|api-gateway,False,GET,/api/customer/owners/1,200,1,469.174,1
2026-07-29T16:19:41.689736+00:00,80f5f451417c5d60,2026-07-29T16:19:02.982566+00:00,405.471,4,2,customers-service|api-gateway,False,GET,/api/customer/owners/1,200,1,393.338,1
2026-07-29T16:19:41.689736+00:00,3416325b77d63279,2026-07-29T16:19:02.815116+00:00,67.833,3,2,api-gateway|visits-service,False,GET,/api/visit/owners/1/pets/1/visits,200,0,0.0,1
2026-07-29T16:19:41.689736+00:00,311ea796982b2edf,2026-07-29T16:19:02.648761+00:00,468.338,4,2,customers-service|api-gateway,False,GET,/api/customer/owners/1,200,1,454.849,1
2026-07-29T16:19:41.689736+00:00,52e29a86bc9953c0,2026-07-29T16:19:02.481566+00:00,894.361,4,2,vets-service|api-gateway,False,GET,/api/vet/vets,200,1,881.521,1
2026-07-29T16:19:41.689736+00:00,d238b176a62782e2,2026-07-29T16:19:02.315329+00:00,837.887,4,2,customers-service|api-gateway,False,GET,/api/customer/owners,200,1,824.129,1
2026-07-29T16:19:41.689736+00:00,dc0ae76b910ea8cd,2026-07-29T16:19:02.189257+00:00,16.225,3,2,visits-service|api-gateway,False,GET,/api/visit/owners/1/pets/1/visits,200,0,0.0,1
2026-07-29T16:19:41.689736+00:00,17bc27ae7e68d31c,2026-07-29T16:19:01.982270+00:00,186.874,3,2,api-gateway|visits-service,False,GET,/api/visit/owners/1/pets/1/visits,200,0,0.0,1
2026-07-29T16:19:41.689736+00:00,72a4c34f57cdd0dd,2026-07-29T16:19:01.854928+00:00,598.212,4,2,vets-service|api-gateway,False,GET,/api/vet/vets,200,1,597.003,1
2026-07-29T16:19:41.689736+00:00,d72be71d892a5efd,2026-07-29T16:19:01.648670+00:00,527.13,4,2,customers-service|api-gateway,False,GET,/api/customer/owners/1,200,1,521.376,1
2026-07-29T16:19:41.689736+00:00,cdf6f33c377e6c6c,2026-07-29T16:19:01.482585+00:00,446.978,4,2,customers-service|api-gateway,False,GET,/api/customer/owners/1,200,1,441.702,1
2026-07-29T16:19:41.689736+00:00,16e431043cd939b1,2026-07-29T16:19:01.315208+00:00,871.073,4,2,vets-service|api-gateway,False,GET,/api/vet/vets,200,1,856.989,1
2026-07-29T16:19:41.689736+00:00,fe2a5238a0f86df6,2026-07-29T16:19:01.148852+00:00,150.858,3,2,api-gateway|visits-service,False,GET,/api/visit/owners/1/pets/1/visits,200,0,0.0,1
2026-07-29T16:19:41.689736+00:00,479e7c8a275ff923,2026-07-29T16:19:01.021793+00:00,61.87,3,2,visits-service|api-gateway,False,GET,/api/visit/owners/1/pets/1/visits,200,0,0.0,1
2026-07-29T16:19:41.689736+00:00,7d8d156eb519c9d4,2026-07-29T16:19:00.814698+00:00,1130.564,4,2,customers-service|api-gateway,False,GET,/api/customer/owners,200,1,1119.406,1
2026-07-29T16:19:41.689736+00:00,d6cc0cf59ca1d573,2026-07-29T16:19:00.647880+00:00,409.644,4,2,customers-service|api-gateway,False,GET,/api/customer/owners/1,200,1,405.347,1
2026-07-29T16:19:41.689736+00:00,c3a6897fd71cba1c,2026-07-29T16:19:00.481543+00:00,351.181,4,2,customers-service|api-gateway,False,GET,/api/customer/owners/1,200,1,340.227,1
2026-07-29T16:19:41.689736+00:00,bd4f3988954ffda5,2026-07-29T16:19:00.314472+00:00,531.699,4,2,vets-service|api-gateway,False,GET,/api/vet/vets,200,1,520.759,1
2026-07-29T16:19:41.689736+00:00,2bf4390d61278184,2026-07-29T16:19:00.186461+00:00,214.241,4,2,customers-service|api-gateway,False,GET,/api/customer/owners/1,200,1,213.233,1
2026-07-29T16:19:41.689736+00:00,707e2e8cbc38df58,2026-07-29T16:18:59.982258+00:00,170.599,3,2,api-gateway|visits-service,False,GET,/api/visit/owners/1/pets/1/visits,200,0,0.0,1
2026-07-29T16:19:41.689736+00:00,8a56fad91f689e16,2026-07-29T16:18:59.815553+00:00,545.312,4,2,vets-service|api-gateway,False,GET,/api/vet/vets,200,1,532.446,1
2026-07-29T16:19:41.689736+00:00,3efea83af51d9667,2026-07-29T16:18:59.648365+00:00,687.049,4,2,vets-service|api-gateway,False,GET,/api/vet/vets,200,1,674.051,1
2026-07-29T16:19:41.689736+00:00,55e47549f0b56b1e,2026-07-29T16:18:59.482494+00:00,30.004,3,2,api-gateway|visits-service,False,GET,/api/visit/owners/1/pets/1/visits,200,0,0.0,1
2026-07-29T16:19:41.689736+00:00,b36b387f5f57858f,2026-07-29T16:18:59.314881+00:00,97.327,4,2,customers-service|api-gateway,False,GET,/api/customer/owners/1,200,1,91.021,1
2026-07-29T16:19:41.689736+00:00,5b98a32d033ee3a4,2026-07-29T16:18:59.188341+00:00,254.998,4,2,customers-service|api-gateway,False,GET,/api/customer/owners,200,1,253.85,1
2026-07-29T16:19:41.689736+00:00,b4d6aacdd5a719c1,2026-07-29T16:18:58.981854+00:00,134.702,4,2,vets-service|api-gateway,False,GET,/api/vet/vets,200,1,120.907,1
2026-07-29T16:19:41.689736+00:00,731311dafb213a95,2026-07-29T16:18:58.814872+00:00,197.648,4,2,customers-service|api-gateway,False,GET,/api/customer/owners,200,1,191.745,1
2026-07-29T16:19:41.689736+00:00,ccfd58d79fd6837d,2026-07-29T16:18:58.688834+00:00,18.105,3,2,visits-service|api-gateway,False,GET,/api/visit/owners/1/pets/1/visits,200,0,0.0,1
2026-07-29T16:19:41.689736+00:00,487a60cdc5d67dd8,2026-07-29T16:18:58.521374+00:00,171.406,4,2,customers-service|api-gateway,False,GET,/api/customer/owners,200,1,170.364,1
2026-07-29T16:19:41.689736+00:00,6007ed1d9317bbe1,2026-07-29T16:18:58.315368+00:00,68.657,4,2,customers-service|api-gateway,False,GET,/api/customer/owners/1,200,1,64.325,1
2026-07-29T16:19:41.689736+00:00,78f9d0b5ef9d3c25,2026-07-29T16:18:58.148165+00:00,81.554,4,2,customers-service|api-gateway,False,GET,/api/customer/owners/1,200,1,67.895,1
2026-07-29T16:19:41.689736+00:00,db03959bfc6a184f,2026-07-29T16:18:57.981812+00:00,191.205,4,2,customers-service|api-gateway,False,GET,/api/customer/owners,200,1,178.642,1
2026-07-29T16:19:41.689736+00:00,e2f8a75d0530284d,2026-07-29T16:18:57.815329+00:00,38.483,3,2,api-gateway|visits-service,False,GET,/api/visit/owners/1/pets/1/visits,200,0,0.0,1
2026-07-29T16:19:41.689736+00:00,d8b523bb70659568,2026-07-29T16:18:57.648457+00:00,227.461,4,2,customers-service|api-gateway,False,GET,/api/customer/owners,200,1,223.933,1
2026-07-29T16:19:41.689736+00:00,50ea4c4692bccea5,2026-07-29T16:18:57.519968+00:00,75.159,4,2,customers-service|api-gateway,False,GET,/api/customer/owners/1,200,1,74.046,1
2026-07-29T16:19:41.689736+00:00,d96aec35a48c926e,2026-07-29T16:18:57.318655+00:00,171.082,4,2,customers-service|api-gateway,False,GET,/api/customer/owners,200,1,169.793,1
2026-07-29T16:19:41.689736+00:00,f306fb879d94f110,2026-07-29T16:18:57.148857+00:00,166.643,4,2,vets-service|api-gateway,False,GET,/api/vet/vets,200,1,153.093,1
2026-07-29T16:19:41.689736+00:00,533ced815cc8f4c7,2026-07-29T16:18:56.981356+00:00,71.95,4,2,customers-service|api-gateway,False,GET,/api/customer/owners/1,200,1,61.01,1
2026-07-29T16:19:41.689736+00:00,0b99d88b621be143,2026-07-29T16:18:56.815352+00:00,179.018,4,2,customers-service|api-gateway,False,GET,/api/customer/owners,200,1,175.243,1
2026-07-29T16:19:41.689736+00:00,f7a1d98bec1145d1,2026-07-29T16:18:56.647593+00:00,39.555,3,2,api-gateway|visits-service,False,GET,/api/visit/owners/1/pets/1/visits,200,0,0.0,1
2026-07-29T16:19:41.689736+00:00,cf0367dde538c5cf,2026-07-29T16:18:56.518894+00:00,19.666,3,2,visits-service|api-gateway,False,GET,/api/visit/owners/1/pets/1/visits,200,0,0.0,1
2026-07-29T16:19:41.689736+00:00,f719ebccfc228205,2026-07-29T16:18:56.352784+00:00,70.256,4,2,customers-service|api-gateway,False,GET,/api/customer/owners/1,200,1,69.134,1
2026-07-29T16:19:41.689736+00:00,70a7e4bc2fd3b13c,2026-07-29T16:18:56.148870+00:00,76.992,4,2,customers-service|api-gateway,False,GET,/api/customer/owners/1,200,1,63.141,1
2026-07-29T16:19:41.689736+00:00,458145dd1e1ff2c3,2026-07-29T16:18:55.982161+00:00,31.116,3,2,api-gateway|visits-service,False,GET,/api/visit/owners/1/pets/1/visits,200,0,0.0,1
2026-07-29T16:19:41.689736+00:00,12c2fb6d0ea72cb7,2026-07-29T16:18:55.814985+00:00,23.735,3,2,api-gateway|visits-service,False,GET,/api/visit/owners/1/pets/1/visits,200,0,0.0,1
2026-07-29T16:19:41.689736+00:00,0e41370d8db7deec,2026-07-29T16:18:55.649038+00:00,42.415,3,2,api-gateway|visits-service,False,GET,/api/visit/owners/1/pets/1/visits,200,0,0.0,1
2026-07-29T16:19:41.689736+00:00,51a10431b1be2a37,2026-07-29T16:18:55.482581+00:00,59.677,4,2,customers-service|api-gateway,False,GET,/api/customer/owners/1,200,1,58.477,1
2026-07-29T16:19:41.689736+00:00,4c7b864a8a819f1e,2026-07-29T16:18:55.315659+00:00,27.929,3,2,api-gateway|visits-service,False,GET,/api/visit/owners/1/pets/1/visits,200,0,0.0,1
2026-07-29T16:19:41.689736+00:00,fc09e53bc77cf198,2026-07-29T16:18:55.148439+00:00,79.529,4,2,customers-service|api-gateway,False,GET,/api/customer/owners/1,200,1,65.509,1
2026-07-29T16:19:41.689736+00:00,54d2fc5c052f4dc7,2026-07-29T16:18:54.982335+00:00,143.601,4,2,vets-service|api-gateway,False,GET,/api/vet/vets,200,1,130.343,1
2026-07-29T16:19:41.689736+00:00,82f4828939e0102f,2026-07-29T16:18:54.814958+00:00,34.797,3,2,api-gateway|visits-service,False,GET,/api/visit/owners/1/pets/1/visits,200,0,0.0,1
2026-07-29T16:19:41.689736+00:00,c3339e2e0a67059c,2026-07-29T16:18:54.647762+00:00,70.49,4,2,customers-service|api-gateway,False,GET,/api/customer/owners/1,200,1,67.072,1
2026-07-29T16:19:41.689736+00:00,a6ca523948642ad9,2026-07-29T16:18:54.521012+00:00,173.372,4,2,customers-service|api-gateway,False,GET,/api/customer/owners,200,1,172.22,1
2026-07-29T16:19:41.689736+00:00,685ce0c65dd28627,2026-07-29T16:18:54.317081+00:00,163.6,4,2,customers-service|api-gateway,False,GET,/api/customer/owners,200,1,162.418,1
2026-07-29T16:19:41.689736+00:00,86c4d78e67adc672,2026-07-29T16:18:54.148736+00:00,94.982,4,2,customers-service|api-gateway,False,GET,/api/customer/owners/1,200,1,82.648,1
2026-07-29T16:19:41.689736+00:00,684e467694040fc5,2026-07-29T16:18:54.020933+00:00,363.622,4,2,customers-service|api-gateway,False,GET,/api/customer/owners,200,1,362.639,1
2026-07-29T16:19:41.689736+00:00,319f52f6c9442e53,2026-07-29T16:18:53.853857+00:00,487.388,4,2,customers-service|api-gateway,False,GET,/api/customer/owners,200,1,486.287,1
2026-07-29T16:19:41.689736+00:00,811ba2a09389bc5f,2026-07-29T16:18:53.648513+00:00,68.768,3,2,api-gateway|visits-service,False,GET,/api/visit/owners/1/pets/1/visits,200,0,0.0,1
2026-07-29T16:19:41.689736+00:00,5b3490d9650dd078,2026-07-29T16:18:53.481861+00:00,750.552,4,2,vets-service|api-gateway,False,GET,/api/vet/vets,200,1,740.499,1
2026-07-29T16:19:41.689736+00:00,bdeaaee31da134fa,2026-07-29T16:18:53.314772+00:00,935.322,4,2,customers-service|api-gateway,False,GET,/api/customer/owners,200,1,932.34,1
2026-07-29T16:19:41.689736+00:00,013f082c58c61854,2026-07-29T16:18:53.148341+00:00,809.959,4,2,vets-service|api-gateway,False,GET,/api/vet/vets,200,1,794.663,1
2026-07-29T16:19:41.689736+00:00,d432a4c8bc9e126c,2026-07-29T16:18:52.982199+00:00,1197.975,4,2,customers-service|api-gateway,False,GET,/api/customer/owners,200,1,1192.067,1
2026-07-29T16:19:41.689736+00:00,21d22a08132da033,2026-07-29T16:18:52.815443+00:00,1135.84,4,2,customers-service|api-gateway,False,GET,/api/customer/owners,200,1,1122.791,1
2026-07-29T16:19:41.689736+00:00,2434590bb9616573,2026-07-29T16:18:52.688992+00:00,815.106,4,2,vets-service|api-gateway,False,GET,/api/vet/vets,200,1,813.796,1
2026-07-29T16:19:41.689736+00:00,dfaf595b5ea7352a,2026-07-29T16:18:52.482381+00:00,292.533,4,2,customers-service|api-gateway,False,GET,/api/customer/owners/1,200,1,279.136,1
2026-07-29T16:19:41.689736+00:00,f4d27c08e8bcbee5,2026-07-29T16:18:52.317503+00:00,1169.018,4,2,customers-service|api-gateway,False,GET,/api/customer/owners,200,1,1169.018,1
2026-07-29T16:19:41.689736+00:00,f343ff5bdb82d7a1,2026-07-29T16:18:52.148170+00:00,1099.515,4,2,customers-service|api-gateway,False,GET,/api/customer/owners,200,1,1087.145,1
2026-07-29T16:19:41.689736+00:00,6c122a3b9a0f2d92,2026-07-29T16:18:51.981321+00:00,53.661,3,2,api-gateway|visits-service,False,GET,/api/visit/owners/1/pets/1/visits,200,0,0.0,1
2026-07-29T16:19:41.689736+00:00,c4471cc842a17908,2026-07-29T16:18:51.816317+00:00,218.307,3,2,api-gateway|visits-service,False,GET,/api/visit/owners/1/pets/1/visits,200,0,0.0,1
2026-07-29T16:19:41.689736+00:00,c63f182e64d0973d,2026-07-29T16:18:51.650349+00:00,373.27,4,2,customers-service|api-gateway,False,GET,/api/customer/owners/1,200,1,370.537,1
2026-07-29T16:19:41.689736+00:00,a0e10302870d882c,2026-07-29T16:18:51.481891+00:00,1258.102,4,2,customers-service|api-gateway,False,GET,/api/customer/owners,200,1,1245.78,1
2026-07-29T16:19:41.689736+00:00,b22f205d94619229,2026-07-29T16:18:51.352400+00:00,107.472,3,2,visits-service|api-gateway,False,GET,/api/visit/owners/1/pets/1/visits,200,0,0.0,1
2026-07-29T16:19:41.689736+00:00,732b6c789b225e91,2026-07-29T16:18:51.147866+00:00,901.688,4,2,customers-service|api-gateway,False,GET,/api/customer/owners,200,1,897.584,1
2026-07-29T16:19:41.689736+00:00,04e1db15bbd15c10,2026-07-29T16:18:50.981486+00:00,834.028,4,2,vets-service|api-gateway,False,GET,/api/vet/vets,200,1,820.951,1
2026-07-29T16:19:41.689736+00:00,dea712eb48c90de6,2026-07-29T16:18:50.814523+00:00,1204.316,4,2,customers-service|api-gateway,False,GET,/api/customer/owners,200,1,1192.478,1
2026-07-29T16:19:41.689736+00:00,fb7ddcfd33c819f4,2026-07-29T16:18:50.648005+00:00,47.815,3,2,api-gateway|visits-service,False,GET,/api/visit/owners/1/pets/1/visits,200,0,0.0,1
2026-07-29T16:19:41.689736+00:00,613b8c2e1e2589e1,2026-07-29T16:18:50.481152+00:00,214.563,3,2,api-gateway|visits-service,False,GET,/api/visit/owners/1/pets/1/visits,200,0,0.0,1
2026-07-29T16:19:41.689736+00:00,9e8e251b067811bc,2026-07-29T16:18:50.315242+00:00,875.864,4,2,customers-service|api-gateway,False,GET,/api/customer/owners,200,1,864.816,1
2026-07-29T16:19:41.689736+00:00,adcd9eaf3eb12a4f,2026-07-29T16:18:50.188372+00:00,61.7,3,2,visits-service|api-gateway,False,GET,/api/visit/owners/1/pets/1/visits,200,0,0.0,1
2026-07-29T16:19:41.689736+00:00,11577cc4fc8c94c2,2026-07-29T16:18:49.981543+00:00,743.309,4,2,customers-service|api-gateway,False,GET,/api/customer/owners,200,1,739.054,1
2026-07-29T16:19:41.689736+00:00,cc4bb3fbc2a10dd2,2026-07-29T16:18:49.814385+00:00,36.182,3,2,api-gateway|visits-service,False,GET,/api/visit/owners/1/pets/1/visits,200,0,0.0,1
2026-07-29T16:19:41.689736+00:00,ce8379f9d5989b2e,2026-07-29T16:18:49.648223+00:00,593.668,4,2,vets-service|api-gateway,False,GET,/api/vet/vets,200,1,580.605,1
2026-07-29T16:19:41.689736+00:00,0bfd96c61576f1e2,2026-07-29T16:18:49.519496+00:00,159.755,3,2,visits-service|api-gateway,False,GET,/api/visit/owners/1/pets/1/visits,200,0,0.0,1
2026-07-29T16:19:41.689736+00:00,88f65c7e6951535a,2026-07-29T16:18:49.314920+00:00,714.318,4,2,vets-service|api-gateway,False,GET,/api/vet/vets,200,1,702.463,1
2026-07-29T16:19:41.689736+00:00,b82c2d75e42fd5ca,2026-07-29T16:18:49.187363+00:00,19.588,3,2,visits-service|api-gateway,False,GET,/api/visit/owners/1/pets/1/visits,200,0,0.0,1
2026-07-29T16:19:41.689736+00:00,f188de375dd80626,2026-07-29T16:18:48.982294+00:00,138.138,4,2,vets-service|api-gateway,False,GET,/api/vet/vets,200,1,117.32,1
2026-07-29T16:19:41.689736+00:00,fc227b32af7a850c,2026-07-29T16:18:48.815368+00:00,214.571,4,2,customers-service|api-gateway,False,GET,/api/customer/owners,200,1,203.074,1
2026-07-29T16:19:41.689736+00:00,c4c1f85ac9c4e4ff,2026-07-29T16:18:48.648231+00:00,174.672,4,2,customers-service|api-gateway,False,GET,/api/customer/owners,200,1,170.633,1
2026-07-29T16:19:41.689736+00:00,56a209d512b291a1,2026-07-29T16:18:48.519821+00:00,75.617,4,2,customers-service|api-gateway,False,GET,/api/customer/owners/1,200,1,74.452,1
2026-07-29T16:19:41.689736+00:00,bc219045b1d7f59f,2026-07-29T16:18:48.352516+00:00,194.27,4,2,vets-service|api-gateway,False,GET,/api/vet/vets,200,1,193.163,1
2026-07-29T16:19:41.689736+00:00,9f88cb17d529c1fd,2026-07-29T16:18:48.148133+00:00,140.224,4,2,vets-service|api-gateway,False,GET,/api/vet/vets,200,1,127.775,1
2026-07-29T16:19:41.689736+00:00,627671f18a6c9a2d,2026-07-29T16:18:47.980966+00:00,152.93,4,2,vets-service|api-gateway,False,GET,/api/vet/vets,200,1,141.303,1
2026-07-29T16:19:41.689736+00:00,986ad2e1f199a7e6,2026-07-29T16:18:47.814408+00:00,165.989,4,2,vets-service|api-gateway,False,GET,/api/vet/vets,200,1,154.191,1
2026-07-29T16:19:41.689736+00:00,67e5f69d00b8bc8a,2026-07-29T16:18:47.647983+00:00,23.244,3,2,api-gateway|visits-service,False,GET,/api/visit/owners/1/pets/1/visits,200,0,0.0,1
2026-07-29T16:19:41.689736+00:00,f14f35bbf0cce54e,2026-07-29T16:18:47.481902+00:00,156.433,4,2,customers-service|api-gateway,False,GET,/api/customer/owners,200,1,153.12,1
2026-07-29T16:19:41.689736+00:00,e172487e36f6ef04,2026-07-29T16:18:47.314792+00:00,32.732,3,2,api-gateway|visits-service,False,GET,/api/visit/owners/1/pets/1/visits,200,0,0.0,1
2026-07-29T16:19:41.689736+00:00,b606064a566dfb18,2026-07-29T16:18:47.188857+00:00,130.125,4,2,vets-service|api-gateway,False,GET,/api/vet/vets,200,1,128.904,1
2026-07-29T16:19:41.689736+00:00,9826b68a83740466,2026-07-29T16:18:47.019859+00:00,17.818,3,2,visits-service|api-gateway,False,GET,/api/visit/owners/1/pets/1/visits,200,0,0.0,1
2026-07-29T16:19:41.689736+00:00,08eb1dd48b26f81b,2026-07-29T16:18:46.815141+00:00,168.526,4,2,vets-service|api-gateway,False,GET,/api/vet/vets,200,1,156.743,1
2026-07-29T16:19:41.689736+00:00,c7b088fe7f2c7504,2026-07-29T16:18:46.648043+00:00,73.62,4,2,customers-service|api-gateway,False,GET,/api/customer/owners/1,200,1,61.864,1
2026-07-29T16:19:41.689736+00:00,8e9c4c1aeb4119cf,2026-07-29T16:18:46.481663+00:00,211.201,4,2,customers-service|api-gateway,False,GET,/api/customer/owners,200,1,199.038,1
2026-07-29T16:19:41.689736+00:00,059512d49a97b51f,2026-07-29T16:18:46.314491+00:00,75.451,4,2,customers-service|api-gateway,False,GET,/api/customer/owners/1,200,1,71.881,1
2026-07-29T16:19:41.689736+00:00,212e626e5b2441a7,2026-07-29T16:18:46.188115+00:00,208.173,4,2,customers-service|api-gateway,False,GET,/api/customer/owners,200,1,206.99,1
2026-07-29T16:19:41.689736+00:00,686830cab433704d,2026-07-29T16:18:45.981487+00:00,75.266,4,2,customers-service|api-gateway,False,GET,/api/customer/owners/1,200,1,71.844,1
2026-07-29T16:19:41.689736+00:00,58e85f4d15cdfbbe,2026-07-29T16:18:45.814718+00:00,151.612,4,2,vets-service|api-gateway,False,GET,/api/vet/vets,200,1,139.025,1
2026-07-29T16:19:41.689736+00:00,0190744b41ec1a23,2026-07-29T16:18:45.648079+00:00,216.908,4,2,customers-service|api-gateway,False,GET,/api/customer/owners,200,1,203.524,1
2026-07-29T16:19:41.689736+00:00,69ef52dabd0a8509,2026-07-29T16:18:45.480864+00:00,183.897,4,2,customers-service|api-gateway,False,GET,/api/customer/owners,200,1,179.78,1
2026-07-29T16:19:41.689736+00:00,fe4f52c4ed96534e,2026-07-29T16:18:45.315131+00:00,34.756,3,2,api-gateway|visits-service,False,GET,/api/visit/owners/1/pets/1/visits,200,0,0.0,1
2026-07-29T16:19:41.689736+00:00,55c0d39689e86b8e,2026-07-29T16:18:45.185853+00:00,126.289,4,2,vets-service|api-gateway,False,GET,/api/vet/vets,200,1,125.154,1
2026-07-29T16:19:41.689736+00:00,c7b6fff91646509f,2026-07-29T16:18:44.981186+00:00,183.671,4,2,customers-service|api-gateway,False,GET,/api/customer/owners,200,1,171.796,1
2026-07-29T16:19:41.689736+00:00,119ecc321239fa99,2026-07-29T16:18:44.815544+00:00,31.277,3,2,api-gateway|visits-service,False,GET,/api/visit/owners/1/pets/1/visits,200,0,0.0,1
2026-07-29T16:19:41.689736+00:00,8d2025e0798a53f1,2026-07-29T16:18:44.648021+00:00,140.85,4,2,vets-service|api-gateway,False,GET,/api/vet/vets,200,1,127.369,1
2026-07-29T16:19:41.689736+00:00,d4c19b63930418d6,2026-07-29T16:18:44.482150+00:00,180.689,4,2,customers-service|api-gateway,False,GET,/api/customer/owners,200,1,169.281,1
2026-07-29T16:19:41.689736+00:00,7994e63f635f117b,2026-07-29T16:18:44.353817+00:00,129.435,4,2,vets-service|api-gateway,False,GET,/api/vet/vets,200,1,128.184,1
2026-07-29T16:19:41.689736+00:00,7660a34d8cc53939,2026-07-29T16:18:44.147588+00:00,193.589,4,2,customers-service|api-gateway,False,GET,/api/customer/owners,200,1,189.497,1
2026-07-29T16:19:41.689736+00:00,8fb1bc2173e3adb2,2026-07-29T16:18:43.981319+00:00,184.683,4,2,customers-service|api-gateway,False,GET,/api/customer/owners,200,1,173.122,1
2026-07-29T16:19:41.689736+00:00,ace2a79877dd1e52,2026-07-29T16:18:43.814728+00:00,139.145,4,2,vets-service|api-gateway,False,GET,/api/vet/vets,200,1,128.214,1
2026-07-29T16:19:41.689736+00:00,c6a083d2a7797b60,2026-07-29T16:18:43.648631+00:00,162.18,4,2,customers-service|api-gateway,False,GET,/api/customer/owners,200,1,158.353,1
2026-07-29T16:19:41.689736+00:00,9d2553ccea6dae0d,2026-07-29T16:18:43.481722+00:00,166.953,4,2,customers-service|api-gateway,False,GET,/api/customer/owners,200,1,154.461,1
2026-07-29T16:19:41.689736+00:00,6c3e10e654329057,2026-07-29T16:18:43.317201+00:00,94.831,4,2,customers-service|api-gateway,False,GET,/api/customer/owners/1,200,1,94.831,1
2026-07-29T16:19:41.689736+00:00,532cdb444144ffcf,2026-07-29T16:18:43.187197+00:00,29.032,3,2,visits-service|api-gateway,False,GET,/api/visit/owners/1/pets/1/visits,200,0,0.0,1
2026-07-29T16:19:41.689736+00:00,8fd9760670d71a7b,2026-07-29T16:18:42.982018+00:00,176.841,4,2,customers-service|api-gateway,False,GET,/api/customer/owners,200,1,164.286,1
2026-07-29T16:19:41.689736+00:00,a29c05f4ecd34ee0,2026-07-29T16:18:42.814966+00:00,193.112,4,2,customers-service|api-gateway,False,GET,/api/customer/owners,200,1,179.997,1
2026-07-29T16:19:41.689736+00:00,6e07eeb43276043a,2026-07-29T16:18:42.647926+00:00,174.894,4,2,customers-service|api-gateway,False,GET,/api/customer/owners,200,1,170.299,1
2026-07-29T16:19:41.689736+00:00,ddade0710499f099,2026-07-29T16:18:42.519327+00:00,131.887,4,2,vets-service|api-gateway,False,GET,/api/vet/vets,200,1,130.725,1
2026-07-29T16:19:41.689736+00:00,aa05e82562da8c39,2026-07-29T16:18:42.352981+00:00,125.997,4,2,vets-service|api-gateway,False,GET,/api/vet/vets,200,1,124.742,1
2026-07-29T16:19:41.689736+00:00,7dbd644a172ec282,2026-07-29T16:18:42.185772+00:00,53.974,4,2,customers-service|api-gateway,False,GET,/api/customer/owners/1,200,1,53.025,1
2026-07-29T16:19:41.689736+00:00,ae4d3461905b7b90,2026-07-29T16:18:41.981876+00:00,77.907,4,2,customers-service|api-gateway,False,GET,/api/customer/owners/1,200,1,74.693,1
2026-07-29T16:19:41.689736+00:00,91d32b92bd3d0696,2026-07-29T16:18:41.814920+00:00,212.0,4,2,customers-service|api-gateway,False,GET,/api/customer/owners,200,1,200.516,1
2026-07-29T16:19:41.689736+00:00,966f229e076b9be0,2026-07-29T16:18:41.648542+00:00,135.918,4,2,vets-service|api-gateway,False,GET,/api/vet/vets,200,1,122.705,1
2026-07-29T16:20:41.700510+00:00,75f9152336030515,2026-07-29T16:20:41.814467+00:00,31.888,2,1,api-gateway,False,GET,/api/visit/owners/1/pets/1/visits,200,0,0.0,1
2026-07-29T16:20:41.700510+00:00,d2fa144fad8da5b0,2026-07-29T16:20:41.648896+00:00,76.433,2,1,api-gateway,False,GET,/api/customer/owners/1,200,0,0.0,1
2026-07-29T16:20:41.700510+00:00,9e1e8b8abed60a22,2026-07-29T16:20:41.482418+00:00,224.177,2,1,api-gateway,False,GET,/api/customer/owners,200,0,0.0,1
2026-07-29T16:20:41.700510+00:00,1fb92cb5712f11c0,2026-07-29T16:20:41.315734+00:00,101.519,4,2,customers-service|api-gateway,False,GET,/api/customer/owners/1,200,1,95.859,1
2026-07-29T16:20:41.700510+00:00,36a217e97e517502,2026-07-29T16:20:41.149040+00:00,29.811,3,2,api-gateway|visits-service,False,GET,/api/visit/owners/1/pets/1/visits,200,0,0.0,1
2026-07-29T16:20:41.700510+00:00,4c9ed49064f43a4f,2026-07-29T16:20:40.980978+00:00,215.154,4,2,customers-service|api-gateway,False,GET,/api/customer/owners,200,1,186.925,1
2026-07-29T16:20:41.700510+00:00,a48dd005a00274de,2026-07-29T16:20:40.815238+00:00,201.045,4,2,customers-service|api-gateway,False,GET,/api/customer/owners,200,1,197.061,1
2026-07-29T16:20:41.700510+00:00,d4ed66ae7bf1afe0,2026-07-29T16:20:40.651267+00:00,71.077,4,2,customers-service|api-gateway,False,GET,/api/customer/owners/1,200,1,69.632,1
2026-07-29T16:20:41.700510+00:00,73d716d6aa996647,2026-07-29T16:20:40.520698+00:00,136.129,4,2,vets-service|api-gateway,False,GET,/api/vet/vets,200,1,134.866,1
2026-07-29T16:20:41.700510+00:00,2d1e32abdff350d6,2026-07-29T16:20:40.315071+00:00,170.715,4,2,customers-service|api-gateway,False,GET,/api/customer/owners,200,1,166.641,1
2026-07-29T16:20:41.700510+00:00,3fd8f06fbcada651,2026-07-29T16:20:40.148418+00:00,149.85,4,2,vets-service|api-gateway,False,GET,/api/vet/vets,200,1,137.088,1
2026-07-29T16:20:41.700510+00:00,17adea799e9994ee,2026-07-29T16:20:39.981329+00:00,43.943,3,2,api-gateway|visits-service,False,GET,/api/visit/owners/1/pets/1/visits,200,0,0.0,1
2026-07-29T16:20:41.700510+00:00,5b0bf2334373ba4d,2026-07-29T16:20:39.815416+00:00,195.031,4,2,customers-service|api-gateway,False,GET,/api/customer/owners,200,1,182.095,1
2026-07-29T16:20:41.700510+00:00,84543f7d40029de0,2026-07-29T16:20:39.687688+00:00,10.843,3,2,visits-service|api-gateway,False,GET,/api/visit/owners/1/pets/1/visits,200,0,0.0,1
2026-07-29T16:20:41.700510+00:00,7f9c30071406c546,2026-07-29T16:20:39.484056+00:00,182.733,4,2,customers-service|api-gateway,False,GET,/api/customer/owners,200,1,181.121,1
2026-07-29T16:20:41.700510+00:00,fcf3094b88e2420b,2026-07-29T16:20:39.314733+00:00,20.893,3,2,api-gateway|visits-service,False,GET,/api/visit/owners/1/pets/1/visits,200,0,0.0,1
2026-07-29T16:20:41.700510+00:00,9514bd6d2f675891,2026-07-29T16:20:39.148752+00:00,37.794,3,2,api-gateway|visits-service,False,GET,/api/visit/owners/1/pets/1/visits,200,0,0.0,1
2026-07-29T16:20:41.700510+00:00,21b1be8cc445dd66,2026-07-29T16:20:38.981915+00:00,85.289,4,2,customers-service|api-gateway,False,GET,/api/customer/owners/1,200,1,69.651,1
2026-07-29T16:20:41.700510+00:00,c235da4ad5860c85,2026-07-29T16:20:38.855080+00:00,18.083,3,2,visits-service|api-gateway,False,GET,/api/visit/owners/1/pets/1/visits,200,0,0.0,1
2026-07-29T16:20:41.700510+00:00,d83610a78cd67e9b,2026-07-29T16:20:38.689400+00:00,57.709,4,2,customers-service|api-gateway,False,GET,/api/customer/owners/1,200,1,56.704,1
2026-07-29T16:20:41.700510+00:00,d4d6917ec0222727,2026-07-29T16:20:38.521885+00:00,131.858,4,2,vets-service|api-gateway,False,GET,/api/vet/vets,200,1,130.606,1
2026-07-29T16:20:41.700510+00:00,05b1841dca73d558,2026-07-29T16:20:38.315613+00:00,135.105,3,2,api-gateway|visits-service,False,GET,/api/visit/owners/1/pets/1/visits,200,0,0.0,1
2026-07-29T16:20:41.700510+00:00,7b09a128a6556afe,2026-07-29T16:20:38.148368+00:00,323.015,4,2,customers-service|api-gateway,False,GET,/api/customer/owners/1,200,1,318.278,1
2026-07-29T16:20:41.700510+00:00,5ac1dc00a0b6287e,2026-07-29T16:20:37.981000+00:00,590.784,4,2,customers-service|api-gateway,False,GET,/api/customer/owners,200,1,586.362,1
2026-07-29T16:20:41.700510+00:00,27d8ddf1348d8cf0,2026-07-29T16:20:37.814688+00:00,402.787,4,2,customers-service|api-gateway,False,GET,/api/customer/owners/1,200,1,388.643,1
2026-07-29T16:20:41.700510+00:00,fed9997ea2f8d24e,2026-07-29T16:20:37.688941+00:00,843.384,4,2,customers-service|api-gateway,False,GET,/api/customer/owners,200,1,842.447,1
2026-07-29T16:20:41.700510+00:00,9beedee503da7051,2026-07-29T16:20:37.522207+00:00,994.476,4,2,vets-service|api-gateway,False,GET,/api/vet/vets,200,1,993.289,1
2026-07-29T16:20:41.700510+00:00,b6db8c602c165fd9,2026-07-29T16:20:37.315146+00:00,171.687,3,2,api-gateway|visits-service,False,GET,/api/visit/owners/1/pets/1/visits,200,0,0.0,1
2026-07-29T16:20:41.700510+00:00,b53fdc9587807b47,2026-07-29T16:20:37.194582+00:00,741.86,4,2,customers-service|api-gateway,False,GET,/api/customer/owners/1,200,1,740.473,1
2026-07-29T16:20:41.700510+00:00,951c57333e5e6d1d,2026-07-29T16:20:37.024070+00:00,496.385,4,2,customers-service|api-gateway,False,GET,/api/customer/owners/1,200,1,495.345,1
2026-07-29T16:20:41.700510+00:00,d231447553720f30,2026-07-29T16:20:36.818400+00:00,1158.867,4,2,customers-service|api-gateway,False,GET,/api/customer/owners,200,1,1157.35,1
2026-07-29T16:20:41.700510+00:00,17a1c40d0d4355aa,2026-07-29T16:20:36.690027+00:00,100.311,3,2,visits-service|api-gateway,False,GET,/api/visit/owners/1/pets/1/visits,200,0,0.0,1
2026-07-29T16:20:41.700510+00:00,f3e8350b47e213a5,2026-07-29T16:20:36.522643+00:00,990.4,4,2,vets-service|api-gateway,False,GET,/api/vet/vets,200,1,989.19,1
2026-07-29T16:20:41.700510+00:00,53ebfde3972ebafc,2026-07-29T16:20:36.355211+00:00,655.715,4,2,customers-service|api-gateway,False,GET,/api/customer/owners/1,200,1,654.493,1
2026-07-29T16:20:41.700510+00:00,4527d0530e11a6e3,2026-07-29T16:20:36.189951+00:00,1332.689,4,2,customers-service|api-gateway,False,GET,/api/customer/owners,200,1,1331.633,1
2026-07-29T16:20:41.700510+00:00,f44958d220c62aba,2026-07-29T16:20:35.981865+00:00,1283.226,4,2,customers-service|api-gateway,False,GET,/api/customer/owners,200,1,1270.304,1
2026-07-29T16:20:41.700510+00:00,6f194bf650107b7e,2026-07-29T16:20:35.853398+00:00,1169.248,4,2,vets-service|api-gateway,False,GET,/api/vet/vets,200,1,1167.981,1
2026-07-29T16:20:41.700510+00:00,e92434577c8d320a,2026-07-29T16:20:35.648143+00:00,632.398,4,2,customers-service|api-gateway,False,GET,/api/customer/owners/1,200,1,618.062,1
2026-07-29T16:20:41.700510+00:00,97c7c6315c1c8153,2026-07-29T16:20:35.481185+00:00,78.69,3,2,api-gateway|visits-service,False,GET,/api/visit/owners/1/pets/1/visits,200,0,0.0,1
2026-07-29T16:20:41.700510+00:00,a689ef83a863fd9d,2026-07-29T16:20:35.355549+00:00,952.992,4,2,vets-service|api-gateway,False,GET,/api/vet/vets,200,1,951.981,1
2026-07-29T16:20:41.700510+00:00,4132f7911bc772b5,2026-07-29T16:20:35.148984+00:00,1372.336,4,2,customers-service|api-gateway,False,GET,/api/customer/owners,200,1,1366.691,1
2026-07-29T16:20:41.700510+00:00,88170e8b4078d7fc,2026-07-29T16:20:35.022817+00:00,807.681,4,2,vets-service|api-gateway,False,GET,/api/vet/vets,200,1,806.418,1
2026-07-29T16:20:41.700510+00:00,c965e36b026c3c7f,2026-07-29T16:20:34.815542+00:00,269.991,4,2,customers-service|api-gateway,False,GET,/api/customer/owners/1,200,1,263.032,1
2026-07-29T16:20:41.700510+00:00,4f23c27cd935eb06,2026-07-29T16:20:34.688772+00:00,906.553,4,2,vets-service|api-gateway,False,GET,/api/vet/vets,200,1,905.455,1
2026-07-29T16:20:41.700510+00:00,fe6af11740078dc5,2026-07-29T16:20:34.522567+00:00,122.911,3,2,visits-service|api-gateway,False,GET,/api/visit/owners/1/pets/1/visits,200,0,0.0,1
2026-07-29T16:20:41.700510+00:00,7888988b73019716,2026-07-29T16:20:34.355895+00:00,296.299,4,2,customers-service|api-gateway,False,GET,/api/customer/owners/1,200,1,295.219,1
2026-07-29T16:20:41.700510+00:00,8d80019a4036702c,2026-07-29T16:20:34.188988+00:00,225.349,4,2,customers-service|api-gateway,False,GET,/api/customer/owners/1,200,1,224.122,1
2026-07-29T16:20:41.700510+00:00,7c7d55c0e2f82bb5,2026-07-29T16:20:34.021357+00:00,630.775,4,2,vets-service|api-gateway,False,GET,/api/vet/vets,200,1,629.49,1
2026-07-29T16:20:41.700510+00:00,c04711ba0ce9450e,2026-07-29T16:20:33.815713+00:00,176.094,3,2,api-gateway|visits-service,False,GET,/api/visit/owners/1/pets/1/visits,200,0,0.0,1
2026-07-29T16:20:41.700510+00:00,ec639b869150877f,2026-07-29T16:20:33.688454+00:00,130.92,3,2,visits-service|api-gateway,False,GET,/api/visit/owners/1/pets/1/visits,200,0,0.0,1
2026-07-29T16:20:41.700510+00:00,e36dd317c32c23c7,2026-07-29T16:20:33.520117+00:00,315.624,4,2,customers-service|api-gateway,False,GET,/api/customer/owners,200,1,314.409,1
2026-07-29T16:20:41.700510+00:00,f28a152b828a8714,2026-07-29T16:20:33.354337+00:00,120.403,4,2,vets-service|api-gateway,False,GET,/api/vet/vets,200,1,119.047,1
2026-07-29T16:20:41.700510+00:00,c1850fc5997eae7c,2026-07-29T16:20:33.189180+00:00,110.022,4,2,vets-service|api-gateway,False,GET,/api/vet/vets,200,1,108.703,1
2026-07-29T16:20:41.700510+00:00,232ed47c65e79b56,2026-07-29T16:20:32.981941+00:00,136.391,4,2,vets-service|api-gateway,False,GET,/api/vet/vets,200,1,124.22,1
2026-07-29T16:20:41.700510+00:00,4df3de3d38a83193,2026-07-29T16:20:32.856135+00:00,26.933,3,2,visits-service|api-gateway,False,GET,/api/visit/owners/1/pets/1/visits,200,0,0.0,1
2026-07-29T16:20:41.700510+00:00,44d53b28af8ee552,2026-07-29T16:20:32.687602+00:00,133.393,4,2,vets-service|api-gateway,False,GET,/api/vet/vets,200,1,131.948,1
2026-07-29T16:20:41.700510+00:00,711a27b5c8221fff,2026-07-29T16:20:32.521771+00:00,134.084,4,2,vets-service|api-gateway,False,GET,/api/vet/vets,200,1,132.813,1
2026-07-29T16:20:41.700510+00:00,f0191d4a55c8e60b,2026-07-29T16:20:32.314950+00:00,36.275,3,2,api-gateway|visits-service,False,GET,/api/visit/owners/1/pets/1/visits,200,0,0.0,1
2026-07-29T16:20:41.700510+00:00,95e5acdf8bbcafd8,2026-07-29T16:20:32.148755+00:00,81.196,4,2,customers-service|api-gateway,False,GET,/api/customer/owners/1,200,1,68.268,1
2026-07-29T16:20:41.700510+00:00,75ce21ae00e060ad,2026-07-29T16:20:32.022329+00:00,135.587,4,2,vets-service|api-gateway,False,GET,/api/vet/vets,200,1,134.279,1
2026-07-29T16:20:41.700510+00:00,f30f62ffbf152da1,2026-07-29T16:20:31.818634+00:00,56.727,4,2,customers-service|api-gateway,False,GET,/api/customer/owners/1,200,1,55.307,1
2026-07-29T16:20:41.700510+00:00,9a2210210f90f478,2026-07-29T16:20:31.648301+00:00,21.13,3,2,api-gateway|visits-service,False,GET,/api/visit/owners/1/pets/1/visits,200,0,0.0,1
2026-07-29T16:20:41.700510+00:00,e143b5b4c945aa43,2026-07-29T16:20:31.520457+00:00,11.921,3,2,visits-service|api-gateway,False,GET,/api/visit/owners/1/pets/1/visits,200,0,0.0,1
2026-07-29T16:20:41.700510+00:00,234af9f5e2e7ae3c,2026-07-29T16:20:31.315926+00:00,20.504,3,2,api-gateway|visits-service,False,GET,/api/visit/owners/1/pets/1/visits,200,0,0.0,1
2026-07-29T16:20:41.700510+00:00,4790f3ffa11b8098,2026-07-29T16:20:31.148410+00:00,170.92,4,2,customers-service|api-gateway,False,GET,/api/customer/owners,200,1,165.126,1
2026-07-29T16:20:41.700510+00:00,189d11e4530b6f76,2026-07-29T16:20:30.982307+00:00,46.941,3,2,api-gateway|visits-service,False,GET,/api/visit/owners/1/pets/1/visits,200,0,0.0,1
2026-07-29T16:20:41.700510+00:00,79a992395f61a9d5,2026-07-29T16:20:30.852954+00:00,10.591,3,2,visits-service|api-gateway,False,GET,/api/visit/owners/1/pets/1/visits,200,0,0.0,1
2026-07-29T16:20:41.700510+00:00,d1bbb5fe2fab386d,2026-07-29T16:20:30.688329+00:00,17.865,3,2,visits-service|api-gateway,False,GET,/api/visit/owners/1/pets/1/visits,200,0,0.0,1
2026-07-29T16:20:41.700510+00:00,2f380ecc3046f0e8,2026-07-29T16:20:30.483432+00:00,188.444,4,2,customers-service|api-gateway,False,GET,/api/customer/owners,200,1,187.396,1
2026-07-29T16:20:41.700510+00:00,708d075d7f3c56ea,2026-07-29T16:20:30.315056+00:00,28.834,3,2,api-gateway|visits-service,False,GET,/api/visit/owners/1/pets/1/visits,200,0,0.0,1
2026-07-29T16:20:41.700510+00:00,5db63265b6256f8d,2026-07-29T16:20:30.192331+00:00,165.872,4,2,customers-service|api-gateway,False,GET,/api/customer/owners,200,1,164.972,1
2026-07-29T16:20:41.700510+00:00,3b6f3c6e9a2999b9,2026-07-29T16:20:29.984690+00:00,177.58,4,2,customers-service|api-gateway,False,GET,/api/customer/owners,200,1,162.85,1
2026-07-29T16:20:41.700510+00:00,9e2d4018e439379e,2026-07-29T16:20:29.855997+00:00,127.992,4,2,vets-service|api-gateway,False,GET,/api/vet/vets,200,1,126.794,1
2026-07-29T16:20:41.700510+00:00,11996913f9cb3ded,2026-07-29T16:20:29.690636+00:00,24.619,3,2,visits-service|api-gateway,False,GET,/api/visit/owners/1/pets/1/visits,200,0,0.0,1
2026-07-29T16:20:41.700510+00:00,37bc53300326aeb5,2026-07-29T16:20:29.521081+00:00,196.752,4,2,customers-service|api-gateway,False,GET,/api/customer/owners,200,1,195.73,1
2026-07-29T16:20:41.700510+00:00,a30e02b209a438a4,2026-07-29T16:20:29.315283+00:00,32.643,3,2,api-gateway|visits-service,False,GET,/api/visit/owners/1/pets/1/visits,200,0,0.0,1
2026-07-29T16:20:41.700510+00:00,7efd13b02ae927db,2026-07-29T16:20:29.148372+00:00,32.785,3,2,api-gateway|visits-service,False,GET,/api/visit/owners/1/pets/1/visits,200,0,0.0,1
2026-07-29T16:20:41.700510+00:00,ac04f00dc8e35c9b,2026-07-29T16:20:28.981719+00:00,74.661,4,2,customers-service|api-gateway,False,GET,/api/customer/owners/1,200,1,61.878,1
2026-07-29T16:20:41.700510+00:00,f8b162c22e3c9f95,2026-07-29T16:20:28.814769+00:00,161.42,4,2,customers-service|api-gateway,False,GET,/api/customer/owners,200,1,156.262,1
2026-07-29T16:20:41.700510+00:00,45b3c0684a22add6,2026-07-29T16:20:28.651326+00:00,57.108,4,2,customers-service|api-gateway,False,GET,/api/customer/owners/1,200,1,55.89,1
2026-07-29T16:20:41.700510+00:00,8c6c1666bf6788e9,2026-07-29T16:20:28.485734+00:00,178.938,4,2,customers-service|api-gateway,False,GET,/api/customer/owners,200,1,176.941,1
2026-07-29T16:20:41.700510+00:00,3372990117e0e815,2026-07-29T16:20:28.314825+00:00,36.328,3,2,api-gateway|visits-service,False,GET,/api/visit/owners/1/pets/1/visits,200,0,0.0,1
2026-07-29T16:20:41.700510+00:00,d24178dca93db75f,2026-07-29T16:20:28.188096+00:00,94.266,4,2,customers-service|api-gateway,False,GET,/api/customer/owners/1,200,1,93.115,1
2026-07-29T16:20:41.700510+00:00,1ad1487af0d8e755,2026-07-29T16:20:27.981739+00:00,196.145,4,2,vets-service|api-gateway,False,GET,/api/vet/vets,200,1,182.967,1
2026-07-29T16:20:41.700510+00:00,7dbce6f361479357,2026-07-29T16:20:27.856129+00:00,17.935,3,2,visits-service|api-gateway,False,GET,/api/visit/owners/1/pets/1/visits,200,0,0.0,1
2026-07-29T16:20:41.700510+00:00,a205ca3f73d22ba0,2026-07-29T16:20:27.686678+00:00,18.353,3,2,visits-service|api-gateway,False,GET,/api/visit/owners/1/pets/1/visits,200,0,0.0,1
2026-07-29T16:20:41.700510+00:00,1e4f01ea48eaf77f,2026-07-29T16:20:27.520066+00:00,130.232,4,2,vets-service|api-gateway,False,GET,/api/vet/vets,200,1,128.926,1
2026-07-29T16:20:41.700510+00:00,211d4612a999e81d,2026-07-29T16:20:27.315567+00:00,36.705,3,2,api-gateway|visits-service,False,GET,/api/visit/owners/1/pets/1/visits,200,0,0.0,1
2026-07-29T16:20:41.700510+00:00,dfdbc8c4cfc1b113,2026-07-29T16:20:27.189443+00:00,155.028,4,2,customers-service|api-gateway,False,GET,/api/customer/owners,200,1,153.927,1
2026-07-29T16:20:41.700510+00:00,2f8e9295b6e19385,2026-07-29T16:20:26.981989+00:00,140.476,4,2,vets-service|api-gateway,False,GET,/api/vet/vets,200,1,125.754,1
2026-07-29T16:20:41.700510+00:00,37d88983a59d6e63,2026-07-29T16:20:26.855389+00:00,59.013,4,2,customers-service|api-gateway,False,GET,/api/customer/owners/1,200,1,57.858,1
2026-07-29T16:20:41.700510+00:00,367331b8f92c2142,2026-07-29T16:20:26.697128+00:00,178.338,4,2,customers-service|api-gateway,False,GET,/api/customer/owners,200,1,177.302,1
2026-07-29T16:20:41.700510+00:00,5d20c742c0a76c9d,2026-07-29T16:20:26.482503+00:00,60.491,4,2,customers-service|api-gateway,False,GET,/api/customer/owners/1,200,1,54.088,1
2026-07-29T16:20:41.700510+00:00,3364cafbe07707d5,2026-07-29T16:20:26.314993+00:00,30.701,3,2,api-gateway|visits-service,False,GET,/api/visit/owners/1/pets/1/visits,200,0,0.0,1
2026-07-29T16:20:41.700510+00:00,e1ba66809affa62f,2026-07-29T16:20:26.147858+00:00,31.929,3,2,api-gateway|visits-service,False,GET,/api/visit/owners/1/pets/1/visits,200,0,0.0,1
2026-07-29T16:20:41.700510+00:00,92207b384cfcfb6e,2026-07-29T16:20:25.981758+00:00,160.358,4,2,customers-service|api-gateway,False,GET,/api/customer/owners,200,1,156.983,1
2026-07-29T16:20:41.700510+00:00,79716e9415a68abd,2026-07-29T16:20:25.814840+00:00,176.55,4,2,customers-service|api-gateway,False,GET,/api/customer/owners,200,1,172.582,1
2026-07-29T16:20:41.700510+00:00,73ab9bf21896a9cb,2026-07-29T16:20:25.688735+00:00,130.233,4,2,vets-service|api-gateway,False,GET,/api/vet/vets,200,1,129.009,1
2026-07-29T16:20:41.700510+00:00,540d627bc00b705a,2026-07-29T16:20:25.519747+00:00,142.849,4,2,customers-service|api-gateway,False,GET,/api/customer/owners,200,1,141.756,1
2026-07-29T16:20:41.700510+00:00,7e646bea76672d41,2026-07-29T16:20:25.354280+00:00,182.474,4,2,customers-service|api-gateway,False,GET,/api/customer/owners,200,1,181.431,1
2026-07-29T16:20:41.700510+00:00,753565ac615dbc09,2026-07-29T16:20:25.187125+00:00,63.436,4,2,customers-service|api-gateway,False,GET,/api/customer/owners/1,200,1,62.123,1
2026-07-29T16:20:41.700510+00:00,ec74c295c4519263,2026-07-29T16:20:24.982383+00:00,75.552,4,2,customers-service|api-gateway,False,GET,/api/customer/owners/1,200,1,62.64,1
2026-07-29T16:20:41.700510+00:00,0c7ebcdfe3e83802,2026-07-29T16:20:24.855420+00:00,115.129,4,2,vets-service|api-gateway,False,GET,/api/vet/vets,200,1,113.991,1
2026-07-29T16:20:41.700510+00:00,f6431ce7e9bb7ab2,2026-07-29T16:20:24.651292+00:00,56.685,4,2,customers-service|api-gateway,False,GET,/api/customer/owners/1,200,1,55.026,1
2026-07-29T16:20:41.700510+00:00,7686e501142c4051,2026-07-29T16:20:24.524617+00:00,145.208,4,2,vets-service|api-gateway,False,GET,/api/vet/vets,200,1,143.892,1
2026-07-29T16:20:41.700510+00:00,10b0733953e877e0,2026-07-29T16:20:24.314826+00:00,32.849,3,2,api-gateway|visits-service,False,GET,/api/visit/owners/1/pets/1/visits,200,0,0.0,1
2026-07-29T16:20:41.700510+00:00,2f2a88dc1870ac01,2026-07-29T16:20:24.148997+00:00,64.055,4,2,customers-service|api-gateway,False,GET,/api/customer/owners/1,200,1,58.628,1
2026-07-29T16:20:41.700510+00:00,aa11e246cdb3bf05,2026-07-29T16:20:23.981540+00:00,69.725,4,2,customers-service|api-gateway,False,GET,/api/customer/owners/1,200,1,65.275,1
2026-07-29T16:20:41.700510+00:00,6076e3451f0b1a2b,2026-07-29T16:20:23.854873+00:00,22.186,3,2,visits-service|api-gateway,False,GET,/api/visit/owners/1/pets/1/visits,200,0,0.0,1
2026-07-29T16:20:41.700510+00:00,7fa82285840e4184,2026-07-29T16:20:23.688541+00:00,168.851,4,2,customers-service|api-gateway,False,GET,/api/customer/owners,200,1,167.677,1
2026-07-29T16:20:41.700510+00:00,04b7bea4cc9a98e0,2026-07-29T16:20:23.481551+00:00,27.814,3,2,api-gateway|visits-service,False,GET,/api/visit/owners/1/pets/1/visits,200,0,0.0,1
2026-07-29T16:20:41.700510+00:00,2b95b5adaa0bcf78,2026-07-29T16:20:23.353356+00:00,64.041,4,2,customers-service|api-gateway,False,GET,/api/customer/owners/1,200,1,63.035,1
2026-07-29T16:20:41.700510+00:00,bada11fb7a119574,2026-07-29T16:20:23.187783+00:00,70.084,4,2,customers-service|api-gateway,False,GET,/api/customer/owners/1,200,1,69.087,1
2026-07-29T16:20:41.700510+00:00,b7c66654d7fbccc3,2026-07-29T16:20:22.981793+00:00,32.424,3,2,api-gateway|visits-service,False,GET,/api/visit/owners/1/pets/1/visits,200,0,0.0,1
2026-07-29T16:20:41.700510+00:00,4cea7d9d5a51bd3e,2026-07-29T16:20:22.814731+00:00,149.821,4,2,vets-service|api-gateway,False,GET,/api/vet/vets,200,1,136.214,1
2026-07-29T16:20:41.700510+00:00,f4a1c3cae53ab87a,2026-07-29T16:20:22.689150+00:00,19.79,3,2,visits-service|api-gateway,False,GET,/api/visit/owners/1/pets/1/visits,200,0,0.0,1
2026-07-29T16:20:41.700510+00:00,21514783114d68ee,2026-07-29T16:20:22.522269+00:00,123.225,4,2,vets-service|api-gateway,False,GET,/api/vet/vets,200,1,122.052,1
2026-07-29T16:20:41.700510+00:00,7e6ae2e00bc56084,2026-07-29T16:20:22.353358+00:00,216.27,4,2,customers-service|api-gateway,False,GET,/api/customer/owners,200,1,215.144,1
2026-07-29T16:20:41.700510+00:00,1665ab1ab205325e,2026-07-29T16:20:22.148012+00:00,230.787,4,2,customers-service|api-gateway,False,GET,/api/customer/owners,200,1,225.71,1
2026-07-29T16:20:41.700510+00:00,21fffbf236713b84,2026-07-29T16:20:22.022614+00:00,136.258,4,2,vets-service|api-gateway,False,GET,/api/vet/vets,200,1,135.047,1
2026-07-29T16:20:41.700510+00:00,8025d16307ba8e92,2026-07-29T16:20:21.855784+00:00,23.035,3,2,visits-service|api-gateway,False,GET,/api/visit/owners/1/pets/1/visits,200,0,0.0,1
2026-07-29T16:20:41.700510+00:00,de91b08bbff56fd6,2026-07-29T16:20:21.688830+00:00,34.902,3,2,visits-service|api-gateway,False,GET,/api/visit/owners/1/pets/1/visits,200,0,0.0,1
2026-07-29T16:20:41.700510+00:00,44b2c9140f0c6e79,2026-07-29T16:20:21.481690+00:00,68.612,4,2,customers-service|api-gateway,False,GET,/api/customer/owners/1,200,1,65.086,1
2026-07-29T16:20:41.700510+00:00,1e164be415f7f6d5,2026-07-29T16:20:21.314762+00:00,193.432,4,2,customers-service|api-gateway,False,GET,/api/customer/owners,200,1,189.545,1
2026-07-29T16:20:41.700510+00:00,4d98118d7498c000,2026-07-29T16:20:21.187282+00:00,81.29,4,2,customers-service|api-gateway,False,GET,/api/customer/owners/1,200,1,80.088,1
2026-07-29T16:20:41.700510+00:00,7b3bd93195d0f413,2026-07-29T16:20:20.981929+00:00,30.984,3,2,api-gateway|visits-service,False,GET,/api/visit/owners/1/pets/1/visits,200,0,0.0,1
2026-07-29T16:20:41.700510+00:00,5372ccca860278d6,2026-07-29T16:20:20.854606+00:00,19.887,3,2,visits-service|api-gateway,False,GET,/api/visit/owners/1/pets/1/visits,200,0,0.0,1
2026-07-29T16:20:41.700510+00:00,dd2e3b75d1c8c746,2026-07-29T16:20:20.688761+00:00,129.082,4,2,vets-service|api-gateway,False,GET,/api/vet/vets,200,1,127.672,1
2026-07-29T16:20:41.700510+00:00,e347a3c6537cdd21,2026-07-29T16:20:20.520364+00:00,197.496,4,2,customers-service|api-gateway,False,GET,/api/customer/owners,200,1,196.405,1
2026-07-29T16:20:41.700510+00:00,0c68accb7688bace,2026-07-29T16:20:20.314835+00:00,29.237,3,2,api-gateway|visits-service,False,GET,/api/visit/owners/1/pets/1/visits,200,0,0.0,1
2026-07-29T16:20:41.700510+00:00,57d3d463a4fba483,2026-07-29T16:20:20.189319+00:00,174.046,4,2,customers-service|api-gateway,False,GET,/api/customer/owners,200,1,173.101,1
2026-07-29T16:20:41.700510+00:00,3e1d31cf4b28eb74,2026-07-29T16:20:19.981453+00:00,145.238,4,2,vets-service|api-gateway,False,GET,/api/vet/vets,200,1,132.652,1
2026-07-29T16:20:41.700510+00:00,4f45c61ee4060c60,2026-07-29T16:20:19.854650+00:00,74.733,4,2,customers-service|api-gateway,False,GET,/api/customer/owners/1,200,1,73.403,1
2026-07-29T16:20:41.700510+00:00,1dfc286fff8e9b7b,2026-07-29T16:20:19.688475+00:00,21.131,3,2,visits-service|api-gateway,False,GET,/api/visit/owners/1/pets/1/visits,200,0,0.0,1
2026-07-29T16:20:41.700510+00:00,2735aee30d1010cf,2026-07-29T16:20:19.519618+00:00,20.462,3,2,visits-service|api-gateway,False,GET,/api/visit/owners/1/pets/1/visits,200,0,0.0,1
2026-07-29T16:20:41.700510+00:00,f5fcbb90e8a8e85d,2026-07-29T16:20:19.314905+00:00,44.017,3,2,api-gateway|visits-service,False,GET,/api/visit/owners/1/pets/1/visits,200,0,0.0,1
2026-07-29T16:20:41.700510+00:00,bea8bce85f8ec5fa,2026-07-29T16:20:19.147931+00:00,72.226,4,2,customers-service|api-gateway,False,GET,/api/customer/owners/1,200,1,66.004,1
2026-07-29T16:20:41.700510+00:00,855d976b8fe4cad5,2026-07-29T16:20:18.982163+00:00,54.037,3,2,api-gateway|visits-service,False,GET,/api/visit/owners/1/pets/1/visits,200,0,0.0,1
2026-07-29T16:20:41.700510+00:00,56dbe64dc6e15c20,2026-07-29T16:20:18.814685+00:00,147.946,4,2,vets-service|api-gateway,False,GET,/api/vet/vets,200,1,129.563,1
2026-07-29T16:20:41.700510+00:00,ddf46ae8a8dcfc0a,2026-07-29T16:20:18.686748+00:00,141.512,4,2,vets-service|api-gateway,False,GET,/api/vet/vets,200,1,140.275,1
2026-07-29T16:20:41.700510+00:00,b4ee76ac00ae6a2e,2026-07-29T16:20:18.484460+00:00,181.222,4,2,customers-service|api-gateway,False,GET,/api/customer/owners,200,1,179.452,1
2026-07-29T16:20:41.700510+00:00,8cf9844066ddd1dd,2026-07-29T16:20:18.315576+00:00,183.958,4,2,customers-service|api-gateway,False,GET,/api/customer/owners,200,1,177.496,1
2026-07-29T16:20:41.700510+00:00,316c51a4591f927f,2026-07-29T16:20:18.188766+00:00,136.911,4,2,vets-service|api-gateway,False,GET,/api/vet/vets,200,1,135.497,1
2026-07-29T16:20:41.700510+00:00,6ef4fa20c92a7935,2026-07-29T16:20:17.981524+00:00,37.741,3,2,api-gateway|visits-service,False,GET,/api/visit/owners/1/pets/1/visits,200,0,0.0,1
2026-07-29T16:20:41.700510+00:00,5ac97e0ed619dcd9,2026-07-29T16:20:17.815099+00:00,204.094,4,2,customers-service|api-gateway,False,GET,/api/customer/owners,200,1,191.393,1
2026-07-29T16:20:41.700510+00:00,fa57652bcdb9a143,2026-07-29T16:20:17.687365+00:00,128.965,4,2,vets-service|api-gateway,False,GET,/api/vet/vets,200,1,127.596,1
2026-07-29T16:20:41.700510+00:00,730301d6850e99ce,2026-07-29T16:20:17.520983+00:00,171.914,4,2,customers-service|api-gateway,False,GET,/api/customer/owners,200,1,170.913,1
2026-07-29T16:20:41.700510+00:00,57d16af7656388b7,2026-07-29T16:20:17.355539+00:00,178.199,4,2,customers-service|api-gateway,False,GET,/api/customer/owners,200,1,177.1,1
2026-07-29T16:20:41.700510+00:00,fd0e6f16843d12ed,2026-07-29T16:20:17.187000+00:00,72.608,4,2,customers-service|api-gateway,False,GET,/api/customer/owners/1,200,1,71.454,1
2026-07-29T16:20:41.700510+00:00,db99f742444e47d8,2026-07-29T16:20:16.981829+00:00,159.317,4,2,customers-service|api-gateway,False,GET,/api/customer/owners,200,1,155.473,1
2026-07-29T16:20:41.700510+00:00,a7ce052139bacf79,2026-07-29T16:20:16.817431+00:00,69.396,4,2,customers-service|api-gateway,False,GET,/api/customer/owners/1,200,1,69.396,1
2026-07-29T16:20:41.700510+00:00,c84eb4a626a2f153,2026-07-29T16:20:16.650214+00:00,174.64,4,2,customers-service|api-gateway,False,GET,/api/customer/owners,200,1,173.189,1
2026-07-29T16:20:41.700510+00:00,8acf49ad82d5a594,2026-07-29T16:20:16.524003+00:00,19.166,3,2,visits-service|api-gateway,False,GET,/api/visit/owners/1/pets/1/visits,200,0,0.0,1
2026-07-29T16:20:41.700510+00:00,e1a09bf0c4cd91bc,2026-07-29T16:20:16.353767+00:00,134.542,4,2,vets-service|api-gateway,False,GET,/api/vet/vets,200,1,133.288,1
2026-07-29T16:20:41.700510+00:00,4f396d58193b060d,2026-07-29T16:20:16.150273+00:00,29.353,3,2,api-gateway|visits-service,False,GET,/api/visit/owners/1/pets/1/visits,200,0,0.0,1
2026-07-29T16:20:41.700510+00:00,73a0bf52e969779c,2026-07-29T16:20:16.026362+00:00,180.421,4,2,vets-service|api-gateway,False,GET,/api/vet/vets,200,1,179.155,1
2026-07-29T16:20:41.700510+00:00,d0190d3daa27b5a2,2026-07-29T16:20:15.853670+00:00,31.072,3,2,visits-service|api-gateway,False,GET,/api/visit/owners/1/pets/1/visits,200,0,0.0,1
2026-07-29T16:20:41.700510+00:00,434fe9a45ca46802,2026-07-29T16:20:15.689484+00:00,57.544,4,2,customers-service|api-gateway,False,GET,/api/customer/owners/1,200,1,56.455,1
2026-07-29T16:20:41.700510+00:00,298d9f4867d5a997,2026-07-29T16:20:15.519484+00:00,227.515,4,2,customers-service|api-gateway,False,GET,/api/customer/owners,200,1,226.488,1
2026-07-29T16:20:41.700510+00:00,71cb7f0ebf735e1d,2026-07-29T16:20:15.354447+00:00,265.308,4,2,customers-service|api-gateway,False,GET,/api/customer/owners,200,1,264.321,1
2026-07-29T16:20:41.700510+00:00,2933c6bd4f402686,2026-07-29T16:20:15.189436+00:00,211.07,4,2,customers-service|api-gateway,False,GET,/api/customer/owners,200,1,209.945,1
2026-07-29T16:20:41.700510+00:00,92d03e60777dcaab,2026-07-29T16:20:14.981934+00:00,36.504,3,2,api-gateway|visits-service,False,GET,/api/visit/owners/1/pets/1/visits,200,0,0.0,1
2026-07-29T16:20:41.700510+00:00,766c4121492068f1,2026-07-29T16:20:14.814965+00:00,148.325,4,2,vets-service|api-gateway,False,GET,/api/vet/vets,200,1,136.042,1
2026-07-29T16:20:41.700510+00:00,b92223b5469f9a58,2026-07-29T16:20:14.687779+00:00,19.571,3,2,visits-service|api-gateway,False,GET,/api/visit/owners/1/pets/1/visits,200,0,0.0,1
2026-07-29T16:20:41.700510+00:00,be0c88b5c2096529,2026-07-29T16:20:14.520828+00:00,145.938,4,2,vets-service|api-gateway,False,GET,/api/vet/vets,200,1,144.605,1
2026-07-29T16:20:41.700510+00:00,e63800753b276b1c,2026-07-29T16:20:14.315036+00:00,155.338,4,2,customers-service|api-gateway,False,GET,/api/customer/owners,200,1,152.178,1
2026-07-29T16:20:41.700510+00:00,6db9f559b7bbb238,2026-07-29T16:20:14.148245+00:00,76.982,4,2,customers-service|api-gateway,False,GET,/api/customer/owners/1,200,1,71.414,1
2026-07-29T16:20:41.700510+00:00,bcdff8aa8913f0cb,2026-07-29T16:20:14.022651+00:00,124.067,4,2,vets-service|api-gateway,False,GET,/api/vet/vets,200,1,123.029,1
2026-07-29T16:20:41.700510+00:00,6b21b909f5b81404,2026-07-29T16:20:13.866771+00:00,21.213,3,2,visits-service|api-gateway,False,GET,/api/visit/owners/1/pets/1/visits,200,0,0.0,1
2026-07-29T16:20:41.700510+00:00,ab9dda18d60ebacb,2026-07-29T16:20:13.651705+00:00,194.849,4,2,customers-service|api-gateway,False,GET,/api/customer/owners,200,1,193.116,1
2026-07-29T16:20:41.700510+00:00,c9ceadeaea31b76e,2026-07-29T16:20:13.551883+00:00,164.792,4,2,vets-service|api-gateway,False,GET,/api/vet/vets,200,1,163.48,1
2026-07-29T16:20:41.700510+00:00,192b5a4be37d5a3a,2026-07-29T16:20:13.355456+00:00,196.591,4,2,vets-service|api-gateway,False,GET,/api/vet/vets,200,1,195.097,1
2026-07-29T16:20:41.700510+00:00,c59b498b95cc0244,2026-07-29T16:20:13.148403+00:00,32.018,3,2,api-gateway|visits-service,False,GET,/api/visit/owners/1/pets/1/visits,200,0,0.0,1
2026-07-29T16:20:41.700510+00:00,43943a69ed56551e,2026-07-29T16:20:13.021389+00:00,178.227,4,2,vets-service|api-gateway,False,GET,/api/vet/vets,200,1,177.082,1
2026-07-29T16:20:41.700510+00:00,883bfd0e2c14f70d,2026-07-29T16:20:12.853916+00:00,19.277,3,2,visits-service|api-gateway,False,GET,/api/visit/owners/1/pets/1/visits,200,0,0.0,1
2026-07-29T16:20:41.700510+00:00,71be3236e6fb6360,2026-07-29T16:20:12.687487+00:00,144.958,4,2,vets-service|api-gateway,False,GET,/api/vet/vets,200,1,143.564,1
2026-07-29T16:20:41.700510+00:00,c5933db35ca4b476,2026-07-29T16:20:12.519042+00:00,46.846,4,2,customers-service|api-gateway,False,GET,/api/customer/owners/1,200,1,46.096,1
2026-07-29T16:20:41.700510+00:00,031b650299a268a7,2026-07-29T16:20:12.354314+00:00,174.025,4,2,vets-service|api-gateway,False,GET,/api/vet/vets,200,1,173.047,1
2026-07-29T16:20:41.700510+00:00,f0058fe0897b01ad,2026-07-29T16:20:12.187397+00:00,227.283,4,2,customers-service|api-gateway,False,GET,/api/customer/owners,200,1,226.077,1
2026-07-29T16:20:41.700510+00:00,cce4b2fe79455012,2026-07-29T16:20:12.037810+00:00,212.362,4,2,customers-service|api-gateway,False,GET,/api/customer/owners,200,1,211.431,1
2026-07-29T16:20:41.700510+00:00,f1ef383418dcf935,2026-07-29T16:20:11.872886+00:00,242.117,4,2,customers-service|api-gateway,False,GET,/api/customer/owners,200,1,240.824,1
2026-07-29T16:20:41.700510+00:00,cae6909edce9c3a5,2026-07-29T16:20:11.707916+00:00,24.75,3,2,visits-service|api-gateway,False,GET,/api/visit/owners/1/pets/1/visits,200,0,0.0,1
2026-07-29T16:20:41.700510+00:00,094ac1a92a3c95ee,2026-07-29T16:20:11.519372+00:00,18.85,3,2,visits-service|api-gateway,False,GET,/api/visit/owners/1/pets/1/visits,200,0,0.0,1
2026-07-29T16:20:41.700510+00:00,68af8923184d30c5,2026-07-29T16:20:11.315337+00:00,175.893,4,2,customers-service|api-gateway,False,GET,/api/customer/owners,200,1,171.52,1
2026-07-29T16:20:41.700510+00:00,c8f99a7b12f92989,2026-07-29T16:20:11.147473+00:00,64.531,4,2,customers-service|api-gateway,False,GET,/api/customer/owners/1,200,1,60.92,1
2026-07-29T16:20:41.700510+00:00,a1bb528006ee7b8e,2026-07-29T16:20:10.981446+00:00,204.114,4,2,customers-service|api-gateway,False,GET,/api/customer/owners,200,1,198.846,1
2026-07-29T16:20:41.700510+00:00,7015ce5cf1f9b533,2026-07-29T16:20:10.815434+00:00,151.026,4,2,vets-service|api-gateway,False,GET,/api/vet/vets,200,1,137.559,1
2026-07-29T16:20:41.700510+00:00,41004174b641f675,2026-07-29T16:20:10.689128+00:00,30.546,3,2,visits-service|api-gateway,False,GET,/api/visit/owners/1/pets/1/visits,200,0,0.0,1
2026-07-29T16:20:41.700510+00:00,baaf25c21b209ce6,2026-07-29T16:20:10.520475+00:00,73.547,4,2,customers-service|api-gateway,False,GET,/api/customer/owners/1,200,1,72.301,1
2026-07-29T16:20:41.700510+00:00,7cc7ffa8410813b8,2026-07-29T16:20:10.355962+00:00,49.815,4,2,customers-service|api-gateway,False,GET,/api/customer/owners/1,200,1,48.76,1
2026-07-29T16:20:41.700510+00:00,ea6c9e324306eb83,2026-07-29T16:20:10.194533+00:00,162.023,4,2,customers-service|api-gateway,False,GET,/api/customer/owners,200,1,160.983,1
2026-07-29T16:20:41.700510+00:00,38ee65d1e5051ea1,2026-07-29T16:20:09.981672+00:00,43.98,3,2,api-gateway|visits-service,False,GET,/api/visit/owners/1/pets/1/visits,200,0,0.0,1
2026-07-29T16:20:41.700510+00:00,2b37b81bfbfc4474,2026-07-29T16:20:09.818444+00:00,59.378,4,2,customers-service|api-gateway,False,GET,/api/customer/owners/1,200,1,59.378,1
2026-07-29T16:20:41.700510+00:00,d87d8fb444cfeb26,2026-07-29T16:20:09.688940+00:00,228.558,4,2,customers-service|api-gateway,False,GET,/api/customer/owners,200,1,227.324,1
2026-07-29T16:20:41.700510+00:00,181bd18e15b7a79c,2026-07-29T16:20:09.483349+00:00,167.522,4,2,customers-service|api-gateway,False,GET,/api/customer/owners,200,1,166.15,1
2026-07-29T16:20:41.700510+00:00,bda19049b7a21f7f,2026-07-29T16:20:09.315180+00:00,68.982,4,2,customers-service|api-gateway,False,GET,/api/customer/owners/1,200,1,64.218,1
2026-07-29T16:20:41.700510+00:00,cbe1b9b8e5e4fa76,2026-07-29T16:20:09.188852+00:00,112.981,4,2,customers-service|api-gateway,False,GET,/api/customer/owners/1,200,1,111.8,1
2026-07-29T16:20:41.700510+00:00,c41c9ca8f1baf366,2026-07-29T16:20:09.021009+00:00,115.656,4,2,vets-service|api-gateway,False,GET,/api/vet/vets,200,1,114.516,1
2026-07-29T16:20:41.700510+00:00,361ad85bb9a0fbfd,2026-07-29T16:20:08.854930+00:00,204.442,4,2,customers-service|api-gateway,False,GET,/api/customer/owners,200,1,203.371,1
2026-07-29T16:20:41.700510+00:00,e8d4959f557f53d8,2026-07-29T16:20:08.688367+00:00,169.832,4,2,vets-service|api-gateway,False,GET,/api/vet/vets,200,1,168.614,1
2026-07-29T16:20:41.700510+00:00,d54589e72cee2bba,2026-07-29T16:20:08.519641+00:00,64.087,4,2,customers-service|api-gateway,False,GET,/api/customer/owners/1,200,1,62.808,1
2026-07-29T16:20:41.700510+00:00,b1fcf6bc047069a1,2026-07-29T16:20:08.354192+00:00,135.192,4,2,vets-service|api-gateway,False,GET,/api/vet/vets,200,1,133.962,1
2026-07-29T16:20:41.700510+00:00,983e3b1a056c447a,2026-07-29T16:20:08.148788+00:00,246.64,4,2,customers-service|api-gateway,False,GET,/api/customer/owners/1,200,1,242.319,1
2026-07-29T16:20:41.700510+00:00,b0640459a859c0bd,2026-07-29T16:20:08.022975+00:00,354.996,4,2,customers-service|api-gateway,False,GET,/api/customer/owners/1,200,1,353.912,1
2026-07-29T16:20:41.700510+00:00,f340b7178c1a8d23,2026-07-29T16:20:07.854214+00:00,565.38,4,2,vets-service|api-gateway,False,GET,/api/vet/vets,200,1,564.029,1
2026-07-29T16:20:41.700510+00:00,7f2fb41e2b56d285,2026-07-29T16:20:07.687128+00:00,198.313,3,2,visits-service|api-gateway,False,GET,/api/visit/owners/1/pets/1/visits,200,0,0.0,1
2026-07-29T16:20:41.700510+00:00,90ef18c7407c5bad,2026-07-29T16:20:07.537088+00:00,110.724,3,2,visits-service|api-gateway,False,GET,/api/visit/owners/1/pets/1/visits,200,0,0.0,1
2026-07-29T16:20:41.700510+00:00,8280b1e2dae2269e,2026-07-29T16:20:07.318653+00:00,307.333,4,2,customers-service|api-gateway,False,GET,/api/customer/owners/1,200,1,305.861,1
2026-07-29T16:20:41.700510+00:00,42252775d1d4403b,2026-07-29T16:20:07.151987+00:00,478.131,4,2,customers-service|api-gateway,False,GET,/api/customer/owners/1,200,1,476.707,1
2026-07-29T16:20:41.700510+00:00,4c0c5a0f409c2797,2026-07-29T16:20:07.021423+00:00,600.339,4,2,customers-service|api-gateway,False,GET,/api/customer/owners/1,200,1,599.04,1
2026-07-29T16:20:41.700510+00:00,c5692e9397ee566e,2026-07-29T16:20:06.884762+00:00,771.873,4,2,vets-service|api-gateway,False,GET,/api/vet/vets,200,1,770.698,1
2026-07-29T16:20:41.700510+00:00,0db3ecf98793c889,2026-07-29T16:20:06.647730+00:00,947.616,4,2,vets-service|api-gateway,False,GET,/api/vet/vets,200,1,930.659,1
2026-07-29T16:20:41.700510+00:00,08258f0dcd15700d,2026-07-29T16:20:06.522643+00:00,158.241,3,2,visits-service|api-gateway,False,GET,/api/visit/owners/1/pets/1/visits,200,0,0.0,1
2026-07-29T16:20:41.700510+00:00,0998316183a17886,2026-07-29T16:20:06.356001+00:00,85.813,3,2,visits-service|api-gateway,False,GET,/api/visit/owners/1/pets/1/visits,200,0,0.0,1
2026-07-29T16:20:41.700510+00:00,67ec4b5b1a7635c2,2026-07-29T16:20:06.188933+00:00,977.821,4,2,customers-service|api-gateway,False,GET,/api/customer/owners,200,1,976.681,1
2026-07-29T16:20:41.700510+00:00,cc7d5354471db5a1,2026-07-29T16:20:05.981290+00:00,188.94,3,2,api-gateway|visits-service,False,GET,/api/visit/owners/1/pets/1/visits,200,0,0.0,1
2026-07-29T16:20:41.700510+00:00,03d15b9dc137b550,2026-07-29T16:20:05.855306+00:00,1057.62,4,2,customers-service|api-gateway,False,GET,/api/customer/owners,200,1,1056.511,1
2026-07-29T16:20:41.700510+00:00,3771f1da794fd9c4,2026-07-29T16:20:05.648095+00:00,774.193,4,2,customers-service|api-gateway,False,GET,/api/customer/owners/1,200,1,769.755,1
2026-07-29T16:20:41.700510+00:00,e73f21fd161c7efa,2026-07-29T16:20:05.543616+00:00,422.456,4,2,customers-service|api-gateway,False,GET,/api/customer/owners/1,200,1,421.317,1
2026-07-29T16:20:41.700510+00:00,5b64cbe4f3c3a95b,2026-07-29T16:20:05.355421+00:00,208.31,3,2,visits-service|api-gateway,False,GET,/api/visit/owners/1/pets/1/visits,200,0,0.0,1
2026-07-29T16:20:41.700510+00:00,6279a3367a006ddc,2026-07-29T16:20:05.188975+00:00,148.348,3,2,visits-service|api-gateway,False,GET,/api/visit/owners/1/pets/1/visits,200,0,0.0,1
2026-07-29T16:20:41.700510+00:00,3230575f68aa592b,2026-07-29T16:20:04.982141+00:00,81.007,3,2,api-gateway|visits-service,False,GET,/api/visit/owners/1/pets/1/visits,200,0,0.0,1
2026-07-29T16:20:41.700510+00:00,d859f0b0ff1a6d3f,2026-07-29T16:20:04.815562+00:00,259.488,3,2,api-gateway|visits-service,False,GET,/api/visit/owners/1/pets/1/visits,200,0,0.0,1
2026-07-29T16:20:41.700510+00:00,b9213dad1cb07dca,2026-07-29T16:20:04.688615+00:00,171.094,3,2,visits-service|api-gateway,False,GET,/api/visit/owners/1/pets/1/visits,200,0,0.0,1
2026-07-29T16:20:41.700510+00:00,25baa1482cbaae5e,2026-07-29T16:20:04.485578+00:00,348.441,4,2,customers-service|api-gateway,False,GET,/api/customer/owners/1,200,1,348.441,1
2026-07-29T16:20:41.700510+00:00,60bcd7e7543577d1,2026-07-29T16:20:04.355595+00:00,773.141,4,2,vets-service|api-gateway,False,GET,/api/vet/vets,200,1,771.938,1
2026-07-29T16:20:41.700510+00:00,9a60f97fa54c1722,2026-07-29T16:20:04.148432+00:00,920.681,4,2,customers-service|api-gateway,False,GET,/api/customer/owners,200,1,915.37,1
2026-07-29T16:20:41.700510+00:00,5acbf637defe9700,2026-07-29T16:20:03.981658+00:00,841.052,4,2,vets-service|api-gateway,False,GET,/api/vet/vets,200,1,828.398,1
2026-07-29T16:20:41.700510+00:00,09a0834af7f8995b,2026-07-29T16:20:03.815610+00:00,177.462,3,2,api-gateway|visits-service,False,GET,/api/visit/owners/1/pets/1/visits,200,0,0.0,1
2026-07-29T16:20:41.700510+00:00,310ca5da2d31c9a5,2026-07-29T16:20:03.648956+00:00,550.14,4,2,vets-service|api-gateway,False,GET,/api/vet/vets,200,1,537.046,1
2026-07-29T16:20:41.700510+00:00,2e4995043e6d42a1,2026-07-29T16:20:03.523226+00:00,327.104,4,2,customers-service|api-gateway,False,GET,/api/customer/owners/1,200,1,326.194,1
2026-07-29T16:20:41.700510+00:00,9bfc010893bec940,2026-07-29T16:20:03.355333+00:00,50.477,3,2,visits-service|api-gateway,False,GET,/api/visit/owners/1/pets/1/visits,200,0,0.0,1
2026-07-29T16:20:41.700510+00:00,ca28958200940c5e,2026-07-29T16:20:03.187236+00:00,619.315,4,2,customers-service|api-gateway,False,GET,/api/customer/owners/1,200,1,618.031,1
2026-07-29T16:20:41.700510+00:00,adf94181bf3067b0,2026-07-29T16:20:03.022434+00:00,149.103,3,2,visits-service|api-gateway,False,GET,/api/visit/owners/1/pets/1/visits,200,0,0.0,1
2026-07-29T16:20:41.700510+00:00,99197fc8abbded02,2026-07-29T16:20:02.855290+00:00,1154.949,4,2,customers-service|api-gateway,False,GET,/api/customer/owners,200,1,1153.703,1
2026-07-29T16:20:41.700510+00:00,006d782ea93a75ba,2026-07-29T16:20:02.688575+00:00,470.826,4,2,customers-service|api-gateway,False,GET,/api/customer/owners/1,200,1,469.629,1
2026-07-29T16:20:41.700510+00:00,7a8f62b6d749bfdd,2026-07-29T16:20:02.484287+00:00,1140.706,4,2,customers-service|api-gateway,False,GET,/api/customer/owners,200,1,1140.706,1
2026-07-29T16:20:41.700510+00:00,493c7cc221f02c2c,2026-07-29T16:20:02.355522+00:00,100.322,3,2,visits-service|api-gateway,False,GET,/api/visit/owners/1/pets/1/visits,200,0,0.0,1
2026-07-29T16:20:41.700510+00:00,e7f120ca0c745fc4,2026-07-29T16:20:02.148729+00:00,741.123,4,2,vets-service|api-gateway,False,GET,/api/vet/vets,200,1,726.14,1
2026-07-29T16:20:41.700510+00:00,35d98e06c3ae566a,2026-07-29T16:20:02.022613+00:00,197.297,3,2,visits-service|api-gateway,False,GET,/api/visit/owners/1/pets/1/visits,200,0,0.0,1
2026-07-29T16:20:41.700510+00:00,04c3c24de3994f40,2026-07-29T16:20:01.814844+00:00,393.531,4,2,customers-service|api-gateway,False,GET,/api/customer/owners/1,200,1,387.706,1
2026-07-29T16:20:41.700510+00:00,7088e9a83a1630d4,2026-07-29T16:20:01.688723+00:00,47.864,3,2,visits-service|api-gateway,False,GET,/api/visit/owners/1/pets/1/visits,200,0,0.0,1
2026-07-29T16:20:41.700510+00:00,1dac117819ea6c07,2026-07-29T16:20:01.485288+00:00,1182.596,4,2,customers-service|api-gateway,False,GET,/api/customer/owners,200,1,1180.821,1
2026-07-29T16:20:41.700510+00:00,30a03d1717c04679,2026-07-29T16:20:01.314759+00:00,887.654,4,2,vets-service|api-gateway,False,GET,/api/vet/vets,200,1,864.518,1
2026-07-29T16:20:41.700510+00:00,26ce6321f79e0756,2026-07-29T16:20:01.187611+00:00,75.538,3,2,visits-service|api-gateway,False,GET,/api/visit/owners/1/pets/1/visits,200,0,0.0,1
2026-07-29T16:20:41.700510+00:00,169e5318f59ee8cc,2026-07-29T16:20:00.981837+00:00,726.098,4,2,vets-service|api-gateway,False,GET,/api/vet/vets,200,1,712.479,1
2026-07-29T16:20:41.700510+00:00,e7079bab7ca0d27a,2026-07-29T16:20:00.854863+00:00,10.516,3,2,visits-service|api-gateway,False,GET,/api/visit/owners/1/pets/1/visits,200,0,0.0,1
2026-07-29T16:20:41.700510+00:00,a0d79faa11b86056,2026-07-29T16:20:00.689150+00:00,161.98,3,2,visits-service|api-gateway,False,GET,/api/visit/owners/1/pets/1/visits,200,0,0.0,1
2026-07-29T16:20:41.700510+00:00,01d27cb7c70feb72,2026-07-29T16:20:00.481136+00:00,357.032,4,2,customers-service|api-gateway,False,GET,/api/customer/owners/1,200,1,346.007,1
2026-07-29T16:20:41.700510+00:00,8cc8f0d93ff450d5,2026-07-29T16:20:00.355038+00:00,42.518,3,2,visits-service|api-gateway,False,GET,/api/visit/owners/1/pets/1/visits,200,0,0.0,1
2026-07-29T16:20:41.700510+00:00,46d714cf9dbd8a09,2026-07-29T16:20:00.187707+00:00,209.855,3,2,visits-service|api-gateway,False,GET,/api/visit/owners/1/pets/1/visits,200,0,0.0,1
2026-07-29T16:20:41.700510+00:00,6d48b2d721114b39,2026-07-29T16:20:00.019377+00:00,135.193,3,2,visits-service|api-gateway,False,GET,/api/visit/owners/1/pets/1/visits,200,0,0.0,1
2026-07-29T16:20:41.700510+00:00,56962ef8f133e6fc,2026-07-29T16:19:59.814843+00:00,773.523,4,2,vets-service|api-gateway,False,GET,/api/vet/vets,200,1,762.463,1
2026-07-29T16:20:41.700510+00:00,b6037ce301f8ae7a,2026-07-29T16:19:59.647625+00:00,722.523,4,2,vets-service|api-gateway,False,GET,/api/vet/vets,200,1,710.233,1
2026-07-29T16:20:41.700510+00:00,f55077c3b2430429,2026-07-29T16:19:59.482212+00:00,419.454,4,2,customers-service|api-gateway,False,GET,/api/customer/owners/1,200,1,406.112,1
2026-07-29T16:20:41.700510+00:00,c96ead254fc93b47,2026-07-29T16:19:59.353426+00:00,142.025,3,2,visits-service|api-gateway,False,GET,/api/visit/owners/1/pets/1/visits,200,0,0.0,1
2026-07-29T16:20:41.700510+00:00,844b8f51244550a5,2026-07-29T16:19:59.147935+00:00,744.928,4,2,vets-service|api-gateway,False,GET,/api/vet/vets,200,1,731.133,1
2026-07-29T16:20:41.700510+00:00,014aebd656604e8b,2026-07-29T16:19:59.021555+00:00,94.833,3,2,visits-service|api-gateway,False,GET,/api/visit/owners/1/pets/1/visits,200,0,0.0,1
2026-07-29T16:20:41.700510+00:00,1230fef009f9a8e2,2026-07-29T16:19:58.855013+00:00,20.21,3,2,visits-service|api-gateway,False,GET,/api/visit/owners/1/pets/1/visits,200,0,0.0,1
2026-07-29T16:20:41.700510+00:00,b3d81c8292bf9155,2026-07-29T16:19:58.648056+00:00,163.453,4,2,vets-service|api-gateway,False,GET,/api/vet/vets,200,1,148.961,1
2026-07-29T16:20:41.700510+00:00,31a185d0b925fdde,2026-07-29T16:19:58.481086+00:00,189.973,4,2,customers-service|api-gateway,False,GET,/api/customer/owners,200,1,176.095,1
2026-07-29T16:20:41.700510+00:00,64fabb4a648d4c23,2026-07-29T16:19:58.314488+00:00,208.802,4,2,customers-service|api-gateway,False,GET,/api/customer/owners,200,1,195.814,1
2026-07-29T16:20:41.700510+00:00,ff7b0e249f8a8bf5,2026-07-29T16:19:58.148483+00:00,184.017,4,2,customers-service|api-gateway,False,GET,/api/customer/owners,200,1,179.921,1
2026-07-29T16:20:41.700510+00:00,42c769b4e907af2a,2026-07-29T16:19:57.983254+00:00,37.753,3,2,api-gateway|visits-service,False,GET,/api/visit/owners/1/pets/1/visits,200,0,0.0,1
2026-07-29T16:20:41.700510+00:00,ee503cfef6f73c28,2026-07-29T16:19:57.855811+00:00,22.134,3,2,visits-service|api-gateway,False,GET,/api/visit/owners/1/pets/1/visits,200,0,0.0,1
2026-07-29T16:20:41.700510+00:00,0d970ef3b3acd1ff,2026-07-29T16:19:57.651342+00:00,211.497,4,2,customers-service|api-gateway,False,GET,/api/customer/owners,200,1,209.605,1
2026-07-29T16:20:41.700510+00:00,a4a3a1801f8895af,2026-07-29T16:19:57.519669+00:00,20.746,3,2,visits-service|api-gateway,False,GET,/api/visit/owners/1/pets/1/visits,200,0,0.0,1
2026-07-29T16:20:41.700510+00:00,675e655d6c12cee1,2026-07-29T16:19:57.315478+00:00,171.852,4,2,customers-service|api-gateway,False,GET,/api/customer/owners,200,1,167.588,1
2026-07-29T16:20:41.700510+00:00,c4f5f9f11d03e7b0,2026-07-29T16:19:57.149018+00:00,101.18,4,2,customers-service|api-gateway,False,GET,/api/customer/owners/1,200,1,86.079,1
2026-07-29T16:20:41.700510+00:00,a85d29a3c91260db,2026-07-29T16:19:56.981969+00:00,88.609,4,2,customers-service|api-gateway,False,GET,/api/customer/owners/1,200,1,74.868,1
2026-07-29T16:20:41.700510+00:00,87a2e962a6c3753a,2026-07-29T16:19:56.854519+00:00,20.462,3,2,visits-service|api-gateway,False,GET,/api/visit/owners/1/pets/1/visits,200,0,0.0,1
2026-07-29T16:20:41.700510+00:00,31757b27f516951b,2026-07-29T16:19:56.688171+00:00,209.687,4,2,customers-service|api-gateway,False,GET,/api/customer/owners,200,1,208.715,1
2026-07-29T16:20:41.700510+00:00,910e8d0b4409970f,2026-07-29T16:19:56.482155+00:00,80.351,4,2,customers-service|api-gateway,False,GET,/api/customer/owners/1,200,1,66.78,1
2026-07-29T16:20:41.700510+00:00,d8f4ab3a3efd6ebf,2026-07-29T16:19:56.355183+00:00,21.084,3,2,visits-service|api-gateway,False,GET,/api/visit/owners/1/pets/1/visits,200,0,0.0,1
2026-07-29T16:20:41.700510+00:00,e54da6e9cd9a8fee,2026-07-29T16:19:56.149128+00:00,71.304,4,2,customers-service|api-gateway,False,GET,/api/customer/owners/1,200,1,61.402,1
2026-07-29T16:20:41.700510+00:00,e7bce3fb659bdb38,2026-07-29T16:19:55.981773+00:00,133.898,4,2,vets-service|api-gateway,False,GET,/api/vet/vets,200,1,121.455,1
2026-07-29T16:20:41.700510+00:00,700a728e33ab0614,2026-07-29T16:19:55.814887+00:00,167.94,4,2,vets-service|api-gateway,False,GET,/api/vet/vets,200,1,147.697,1
2026-07-29T16:20:41.700510+00:00,e387056c6fcad98b,2026-07-29T16:19:55.653318+00:00,60.918,4,2,customers-service|api-gateway,False,GET,/api/customer/owners/1,200,1,59.437,1
2026-07-29T16:20:41.700510+00:00,41a7f3354f840e5d,2026-07-29T16:19:55.519729+00:00,18.882,3,2,visits-service|api-gateway,False,GET,/api/visit/owners/1/pets/1/visits,200,0,0.0,1
2026-07-29T16:20:41.700510+00:00,5e0cb57af4c560c3,2026-07-29T16:19:55.315244+00:00,176.542,4,2,customers-service|api-gateway,False,GET,/api/customer/owners,200,1,171.0,1
2026-07-29T16:20:41.700510+00:00,d3c92e90e0994bad,2026-07-29T16:19:55.149070+00:00,33.697,3,2,api-gateway|visits-service,False,GET,/api/visit/owners/1/pets/1/visits,200,0,0.0,1
2026-07-29T16:20:41.700510+00:00,556bd0ee86976662,2026-07-29T16:19:54.980803+00:00,72.024,4,2,customers-service|api-gateway,False,GET,/api/customer/owners/1,200,1,61.14,1
2026-07-29T16:20:41.700510+00:00,3ed8d4955b4158b5,2026-07-29T16:19:54.815436+00:00,161.558,4,2,vets-service|api-gateway,False,GET,/api/vet/vets,200,1,144.009,1
2026-07-29T16:20:41.700510+00:00,8f75cd234bf0a86e,2026-07-29T16:19:54.688725+00:00,193.083,4,2,customers-service|api-gateway,False,GET,/api/customer/owners,200,1,192.141,1
2026-07-29T16:20:41.700510+00:00,13ed7244c72e624f,2026-07-29T16:19:54.520269+00:00,18.948,3,2,visits-service|api-gateway,False,GET,/api/visit/owners/1/pets/1/visits,200,0,0.0,1
2026-07-29T16:20:41.700510+00:00,d747e32550e773b4,2026-07-29T16:19:54.315502+00:00,141.036,4,2,vets-service|api-gateway,False,GET,/api/vet/vets,200,1,127.278,1
2026-07-29T16:20:41.700510+00:00,ca3c3a6da5188a48,2026-07-29T16:19:54.150869+00:00,69.763,4,2,customers-service|api-gateway,False,GET,/api/customer/owners/1,200,1,60.001,1
2026-07-29T16:20:41.700510+00:00,f3737ccb3032c0b0,2026-07-29T16:19:53.981580+00:00,80.677,4,2,customers-service|api-gateway,False,GET,/api/customer/owners/1,200,1,67.074,1
2026-07-29T16:20:41.700510+00:00,0970ed3518a8d573,2026-07-29T16:19:53.815642+00:00,136.561,4,2,vets-service|api-gateway,False,GET,/api/vet/vets,200,1,123.245,1
2026-07-29T16:20:41.700510+00:00,15e7a929f2f419af,2026-07-29T16:19:53.647968+00:00,141.954,4,2,vets-service|api-gateway,False,GET,/api/vet/vets,200,1,127.487,1
2026-07-29T16:20:41.700510+00:00,7993dd5ad9521d69,2026-07-29T16:19:53.521702+00:00,20.874,3,2,visits-service|api-gateway,False,GET,/api/visit/owners/1/pets/1/visits,200,0,0.0,1
2026-07-29T16:20:41.700510+00:00,fa3f6503d3febcd3,2026-07-29T16:19:53.315399+00:00,173.961,4,2,customers-service|api-gateway,False,GET,/api/customer/owners,200,1,167.779,1
2026-07-29T16:20:41.700510+00:00,66382544ea6854df,2026-07-29T16:19:53.148353+00:00,187.683,4,2,customers-service|api-gateway,False,GET,/api/customer/owners,200,1,181.33,1
2026-07-29T16:20:41.700510+00:00,4006f15b29920938,2026-07-29T16:19:52.981926+00:00,31.627,3,2,api-gateway|visits-service,False,GET,/api/visit/owners/1/pets/1/visits,200,0,0.0,1
2026-07-29T16:20:41.700510+00:00,b7bf545528dbda2a,2026-07-29T16:19:52.814717+00:00,127.863,4,2,vets-service|api-gateway,False,GET,/api/vet/vets,200,1,115.912,1
2026-07-29T16:20:41.700510+00:00,54e3edc8f8ca3608,2026-07-29T16:19:52.650792+00:00,63.822,4,2,customers-service|api-gateway,False,GET,/api/customer/owners/1,200,1,62.673,1
2026-07-29T16:20:41.700510+00:00,6f5b1af16e18ab3b,2026-07-29T16:19:52.481845+00:00,177.025,4,2,customers-service|api-gateway,False,GET,/api/customer/owners,200,1,165.18,1
2026-07-29T16:20:41.700510+00:00,a257c5ea0cd349a4,2026-07-29T16:19:52.352690+00:00,16.539,3,2,visits-service|api-gateway,False,GET,/api/visit/owners/1/pets/1/visits,200,0,0.0,1
2026-07-29T16:20:41.700510+00:00,b542cb6c960d6f59,2026-07-29T16:19:52.147935+00:00,129.96,4,2,vets-service|api-gateway,False,GET,/api/vet/vets,200,1,118.372,1
2026-07-29T16:20:41.700510+00:00,03bab83210543bd2,2026-07-29T16:19:51.981403+00:00,172.78,4,2,customers-service|api-gateway,False,GET,/api/customer/owners,200,1,161.183,1
2026-07-29T16:20:41.700510+00:00,0b44144c2543f4ac,2026-07-29T16:19:51.815852+00:00,146.764,4,2,vets-service|api-gateway,False,GET,/api/vet/vets,200,1,134.683,1
2026-07-29T16:20:41.700510+00:00,8627229c43bd852e,2026-07-29T16:19:51.647945+00:00,146.48,4,2,vets-service|api-gateway,False,GET,/api/vet/vets,200,1,135.08,1
2026-07-29T16:20:41.700510+00:00,f0768ea0dc1ab090,2026-07-29T16:19:51.482078+00:00,72.419,4,2,customers-service|api-gateway,False,GET,/api/customer/owners/1,200,1,59.462,1
2026-07-29T16:20:41.700510+00:00,806213e33be4f1e5,2026-07-29T16:19:51.314819+00:00,136.938,4,2,vets-service|api-gateway,False,GET,/api/vet/vets,200,1,124.128,1
2026-07-29T16:20:41.700510+00:00,29ce06fa8413fe79,2026-07-29T16:19:51.188963+00:00,19.129,3,2,visits-service|api-gateway,False,GET,/api/visit/owners/1/pets/1/visits,200,0,0.0,1
2026-07-29T16:20:41.700510+00:00,0dd46080cdeb613c,2026-07-29T16:19:50.981718+00:00,30.799,3,2,api-gateway|visits-service,False,GET,/api/visit/owners/1/pets/1/visits,200,0,0.0,1
2026-07-29T16:20:41.700510+00:00,48c6d5bb3a99dc71,2026-07-29T16:19:50.814824+00:00,140.925,4,2,vets-service|api-gateway,False,GET,/api/vet/vets,200,1,128.219,1
2026-07-29T16:20:41.700510+00:00,352d466aebb6218e,2026-07-29T16:19:50.649261+00:00,67.598,4,2,customers-service|api-gateway,False,GET,/api/customer/owners/1,200,1,54.045,1
2026-07-29T16:20:41.700510+00:00,31d59541a9242fa2,2026-07-29T16:19:50.481333+00:00,63.515,4,2,customers-service|api-gateway,False,GET,/api/customer/owners/1,200,1,57.916,1
2026-07-29T16:20:41.700510+00:00,a3c17610dbd8d54a,2026-07-29T16:19:50.314738+00:00,145.192,4,2,vets-service|api-gateway,False,GET,/api/vet/vets,200,1,132.539,1
2026-07-29T16:20:41.700510+00:00,26a31443895d0a49,2026-07-29T16:19:50.148307+00:00,132.468,4,2,vets-service|api-gateway,False,GET,/api/vet/vets,200,1,119.81,1
2026-07-29T16:20:41.700510+00:00,b30a21c6e418c772,2026-07-29T16:19:50.022546+00:00,22.441,3,2,visits-service|api-gateway,False,GET,/api/visit/owners/1/pets/1/visits,200,0,0.0,1
2026-07-29T16:20:41.700510+00:00,dd1df936dfacee54,2026-07-29T16:19:49.853430+00:00,21.755,3,2,visits-service|api-gateway,False,GET,/api/visit/owners/1/pets/1/visits,200,0,0.0,1
2026-07-29T16:20:41.700510+00:00,40852e25cc554a8a,2026-07-29T16:19:49.652033+00:00,172.581,4,2,customers-service|api-gateway,False,GET,/api/customer/owners,200,1,170.685,1
2026-07-29T16:20:41.700510+00:00,d272cb20c74f4c8a,2026-07-29T16:19:49.481331+00:00,134.734,4,2,vets-service|api-gateway,False,GET,/api/vet/vets,200,1,122.051,1
2026-07-29T16:20:41.700510+00:00,ef8b4b190011bae1,2026-07-29T16:19:49.315255+00:00,139.352,4,2,vets-service|api-gateway,False,GET,/api/vet/vets,200,1,125.323,1
2026-07-29T16:20:41.700510+00:00,9bfebe34f0e44450,2026-07-29T16:19:49.148981+00:00,31.771,3,2,api-gateway|visits-service,False,GET,/api/visit/owners/1/pets/1/visits,200,0,0.0,1
2026-07-29T16:20:41.700510+00:00,5e9d8bdfd4ff5b9f,2026-07-29T16:19:48.981487+00:00,70.622,4,2,customers-service|api-gateway,False,GET,/api/customer/owners/1,200,1,64.203,1
2026-07-29T16:20:41.700510+00:00,f806a9dbfb6a42f7,2026-07-29T16:19:48.855330+00:00,9.846,3,2,visits-service|api-gateway,False,GET,/api/visit/owners/1/pets/1/visits,200,0,0.0,1
2026-07-29T16:20:41.700510+00:00,f9dd795711cc8f46,2026-07-29T16:19:48.691699+00:00,22.726,3,2,visits-service|api-gateway,False,GET,/api/visit/owners/1/pets/1/visits,200,0,0.0,1
2026-07-29T16:20:41.700510+00:00,77e386e5b2f51b1a,2026-07-29T16:19:48.482094+00:00,82.325,4,2,customers-service|api-gateway,False,GET,/api/customer/owners/1,200,1,69.277,1
2026-07-29T16:20:41.700510+00:00,58c7d4fec13a7b86,2026-07-29T16:19:48.356070+00:00,16.928,3,2,visits-service|api-gateway,False,GET,/api/visit/owners/1/pets/1/visits,200,0,0.0,1
2026-07-29T16:20:41.700510+00:00,015ccdeb0c376574,2026-07-29T16:19:48.147999+00:00,190.442,4,2,customers-service|api-gateway,False,GET,/api/customer/owners,200,1,175.829,1
2026-07-29T16:20:41.700510+00:00,bef358d853d99a07,2026-07-29T16:19:47.981893+00:00,134.375,4,2,vets-service|api-gateway,False,GET,/api/vet/vets,200,1,121.649,1
2026-07-29T16:20:41.700510+00:00,7632ec1a36dc6422,2026-07-29T16:19:47.815724+00:00,43.857,3,2,api-gateway|visits-service,False,GET,/api/visit/owners/1/pets/1/visits,200,0,0.0,1
2026-07-29T16:20:41.700510+00:00,d175d02483c7269f,2026-07-29T16:19:47.649177+00:00,260.288,4,2,customers-service|api-gateway,False,GET,/api/customer/owners,200,1,246.33,1
2026-07-29T16:20:41.700510+00:00,050d3102945a3b93,2026-07-29T16:19:47.522012+00:00,20.767,3,2,visits-service|api-gateway,False,GET,/api/visit/owners/1/pets/1/visits,200,0,0.0,1
2026-07-29T16:20:41.700510+00:00,aa91bb5284b44fab,2026-07-29T16:19:47.315180+00:00,165.944,4,2,customers-service|api-gateway,False,GET,/api/customer/owners,200,1,153.006,1
2026-07-29T16:20:41.700510+00:00,9d99d461c43c47c7,2026-07-29T16:19:47.148593+00:00,43.078,3,2,api-gateway|visits-service,False,GET,/api/visit/owners/1/pets/1/visits,200,0,0.0,1
2026-07-29T16:20:41.700510+00:00,71994b0beae2356f,2026-07-29T16:19:46.980900+00:00,61.992,4,2,customers-service|api-gateway,False,GET,/api/customer/owners/1,200,1,58.885,1
2026-07-29T16:20:41.700510+00:00,cc30ee019e8a7f5e,2026-07-29T16:19:46.815718+00:00,185.258,4,2,customers-service|api-gateway,False,GET,/api/customer/owners,200,1,180.008,1
2026-07-29T16:20:41.700510+00:00,ea2a08c60aaf6f97,2026-07-29T16:19:46.651318+00:00,70.883,4,2,customers-service|api-gateway,False,GET,/api/customer/owners/1,200,1,70.883,1
2026-07-29T16:20:41.700510+00:00,a7fd874fe22d2a2d,2026-07-29T16:19:46.481414+00:00,166.044,4,2,customers-service|api-gateway,False,GET,/api/customer/owners,200,1,153.801,1
2026-07-29T16:20:41.700510+00:00,11de13ef1503fbd1,2026-07-29T16:19:46.355050+00:00,19.388,3,2,visits-service|api-gateway,False,GET,/api/visit/owners/1/pets/1/visits,200,0,0.0,1
2026-07-29T16:20:41.700510+00:00,c2f17da76f4ca819,2026-07-29T16:19:46.148867+00:00,173.728,4,2,customers-service|api-gateway,False,GET,/api/customer/owners,200,1,159.796,1
2026-07-29T16:20:41.700510+00:00,3a22bb357dd3ec13,2026-07-29T16:19:46.021841+00:00,15.144,3,2,visits-service|api-gateway,False,GET,/api/visit/owners/1/pets/1/visits,200,0,0.0,1
2026-07-29T16:20:41.700510+00:00,d6ad7f841812a03d,2026-07-29T16:19:45.816542+00:00,185.28,4,2,customers-service|api-gateway,False,GET,/api/customer/owners,200,1,171.717,1
2026-07-29T16:20:41.700510+00:00,1b884d176553b47a,2026-07-29T16:19:45.648244+00:00,70.812,4,2,customers-service|api-gateway,False,GET,/api/customer/owners/1,200,1,56.976,1
2026-07-29T16:20:41.700510+00:00,96aa87c3c14e2d59,2026-07-29T16:19:45.482104+00:00,131.763,4,2,vets-service|api-gateway,False,GET,/api/vet/vets,200,1,119.734,1
2026-07-29T16:20:41.700510+00:00,1a6b23e96d26765e,2026-07-29T16:19:45.314498+00:00,148.033,4,2,vets-service|api-gateway,False,GET,/api/vet/vets,200,1,135.453,1
2026-07-29T16:20:41.700510+00:00,b294594896b0d1b6,2026-07-29T16:19:45.147773+00:00,138.053,4,2,vets-service|api-gateway,False,GET,/api/vet/vets,200,1,126.577,1
2026-07-29T16:20:41.700510+00:00,f0fe2ccd71b18f12,2026-07-29T16:19:44.982085+00:00,196.961,4,2,customers-service|api-gateway,False,GET,/api/customer/owners,200,1,192.471,1
2026-07-29T16:20:41.700510+00:00,e6aaaf2df3692e8c,2026-07-29T16:19:44.814937+00:00,71.769,4,2,customers-service|api-gateway,False,GET,/api/customer/owners/1,200,1,68.383,1
2026-07-29T16:20:41.700510+00:00,732d689d77175d7c,2026-07-29T16:19:44.688923+00:00,122.357,4,2,vets-service|api-gateway,False,GET,/api/vet/vets,200,1,121.334,1
2026-07-29T16:20:41.700510+00:00,5302532b59c6ad96,2026-07-29T16:19:44.482317+00:00,151.061,4,2,vets-service|api-gateway,False,GET,/api/vet/vets,200,1,136.301,1
2026-07-29T16:20:41.700510+00:00,4cc000ffc3bca5d1,2026-07-29T16:19:44.315334+00:00,193.354,4,2,customers-service|api-gateway,False,GET,/api/customer/owners,200,1,187.725,1
2026-07-29T16:20:41.700510+00:00,2f597813a11b20cf,2026-07-29T16:19:44.148512+00:00,86.543,4,2,customers-service|api-gateway,False,GET,/api/customer/owners/1,200,1,72.303,1
2026-07-29T16:20:41.700510+00:00,a8dcdc724e11aa34,2026-07-29T16:19:43.981557+00:00,151.647,4,2,vets-service|api-gateway,False,GET,/api/vet/vets,200,1,138.435,1
2026-07-29T16:20:41.700510+00:00,7c353708ad4a165d,2026-07-29T16:19:43.814737+00:00,52.058,3,2,api-gateway|visits-service,False,GET,/api/visit/owners/1/pets/1/visits,200,0,0.0,1
2026-07-29T16:20:41.700510+00:00,90e78eb25d49c8f3,2026-07-29T16:19:43.688667+00:00,115.316,4,2,vets-service|api-gateway,False,GET,/api/vet/vets,200,1,114.221,1
2026-07-29T16:20:41.700510+00:00,0129923c2523c030,2026-07-29T16:19:43.481839+00:00,137.408,4,2,vets-service|api-gateway,False,GET,/api/vet/vets,200,1,125.078,1
2026-07-29T16:20:41.700510+00:00,740b8ca487543065,2026-07-29T16:19:43.315128+00:00,80.652,4,2,customers-service|api-gateway,False,GET,/api/customer/owners/1,200,1,67.472,1
2026-07-29T16:20:41.700510+00:00,470747eb27fdbc6d,2026-07-29T16:19:43.188983+00:00,19.464,3,2,visits-service|api-gateway,False,GET,/api/visit/owners/1/pets/1/visits,200,0,0.0,1
2026-07-29T16:20:41.700510+00:00,d7eaa63601f921b2,2026-07-29T16:19:42.981912+00:00,125.567,4,2,vets-service|api-gateway,False,GET,/api/vet/vets,200,1,112.644,1
2026-07-29T16:20:41.700510+00:00,0040d917f2c646f2,2026-07-29T16:19:42.814416+00:00,190.333,4,2,customers-service|api-gateway,False,GET,/api/customer/owners,200,1,176.981,1
2026-07-29T16:20:41.700510+00:00,27e8377fc1183ba6,2026-07-29T16:19:42.688685+00:00,159.927,4,2,customers-service|api-gateway,False,GET,/api/customer/owners,200,1,158.765,1
2026-07-29T16:20:41.700510+00:00,ebe0283682321dbb,2026-07-29T16:19:42.481621+00:00,135.626,4,2,vets-service|api-gateway,False,GET,/api/vet/vets,200,1,123.624,1
2026-07-29T16:20:41.700510+00:00,8826f952af5bdc88,2026-07-29T16:19:42.315205+00:00,53.369,4,2,customers-service|api-gateway,False,GET,/api/customer/owners/1,200,1,50.207,1
2026-07-29T16:20:41.700510+00:00,87eb85eeec7a2e9a,2026-07-29T16:19:42.148048+00:00,63.97,4,2,customers-service|api-gateway,False,GET,/api/customer/owners/1,200,1,59.866,1
2026-07-29T16:20:41.700510+00:00,b5dea50600fe1124,2026-07-29T16:19:41.981821+00:00,86.255,4,2,customers-service|api-gateway,False,GET,/api/customer/owners/1,200,1,82.051,1
2026-07-29T16:20:41.700510+00:00,df47ca0ec5b49c8e,2026-07-29T16:19:41.814380+00:00,200.809,4,2,customers-service|api-gateway,False,GET,/api/customer/owners,200,1,189.768,1
2026-07-29T16:21:41.690004+00:00,97225dd7b2377c64,2026-07-29T16:21:40.983313+00:00,73.783,4,2,customers-service|api-gateway,False,GET,/api/customer/owners/1,200,1,72.487,1
2026-07-29T16:21:41.690004+00:00,86e0c8ccc71f42bb,2026-07-29T16:21:40.815676+00:00,40.751,3,2,api-gateway|visits-service,False,GET,/api/visit/owners/1/pets/1/visits,200,0,0.0,1
2026-07-29T16:21:41.690004+00:00,a92a4fc0dfe619e1,2026-07-29T16:21:40.688649+00:00,127.671,4,2,vets-service|api-gateway,False,GET,/api/vet/vets,200,1,126.451,1
2026-07-29T16:21:41.690004+00:00,dd1aa4208b59c4b3,2026-07-29T16:21:40.482036+00:00,79.59,4,2,customers-service|api-gateway,False,GET,/api/customer/owners/1,200,1,69.113,1
2026-07-29T16:21:41.690004+00:00,544fd7aa97eae706,2026-07-29T16:21:40.316969+00:00,165.912,4,2,customers-service|api-gateway,False,GET,/api/customer/owners,200,1,156.038,1
2026-07-29T16:21:41.690004+00:00,7beeb84326837014,2026-07-29T16:21:40.148091+00:00,172.924,4,2,customers-service|api-gateway,False,GET,/api/customer/owners,200,1,160.562,1
2026-07-29T16:21:41.690004+00:00,6ce748566dc24b12,2026-07-29T16:21:40.021219+00:00,72.869,4,2,customers-service|api-gateway,False,GET,/api/customer/owners/1,200,1,71.776,1
2026-07-29T16:21:41.690004+00:00,edbd0da60a8de44b,2026-07-29T16:21:39.817966+00:00,155.629,4,2,customers-service|api-gateway,False,GET,/api/customer/owners,200,1,153.793,1
2026-07-29T16:21:41.690004+00:00,7fcc264aebd60b03,2026-07-29T16:21:39.648179+00:00,38.4,3,2,api-gateway|visits-service,False,GET,/api/visit/owners/1/pets/1/visits,200,0,0.0,1
2026-07-29T16:21:41.690004+00:00,6ca37595686ba3a0,2026-07-29T16:21:39.524561+00:00,133.184,4,2,vets-service|api-gateway,False,GET,/api/vet/vets,200,1,131.841,1
2026-07-29T16:21:41.690004+00:00,f5906c809e1518d6,2026-07-29T16:21:39.315252+00:00,30.286,3,2,api-gateway|visits-service,False,GET,/api/visit/owners/1/pets/1/visits,200,0,0.0,1
2026-07-29T16:21:41.690004+00:00,e62b778c2b10e4c5,2026-07-29T16:21:39.148357+00:00,68.172,4,2,customers-service|api-gateway,False,GET,/api/customer/owners/1,200,1,55.514,1
2026-07-29T16:21:41.690004+00:00,1f04f62f6914c539,2026-07-29T16:21:39.022775+00:00,171.894,4,2,customers-service|api-gateway,False,GET,/api/customer/owners,200,1,170.813,1
2026-07-29T16:21:41.690004+00:00,bda0f09dd4bd9a72,2026-07-29T16:21:38.856552+00:00,116.582,4,2,vets-service|api-gateway,False,GET,/api/vet/vets,200,1,115.464,1
2026-07-29T16:21:41.690004+00:00,47918cc3cc9c5bd7,2026-07-29T16:21:38.648159+00:00,82.381,4,2,customers-service|api-gateway,False,GET,/api/customer/owners/1,200,1,69.369,1
2026-07-29T16:21:41.690004+00:00,d99fcf1d7c8f810c,2026-07-29T16:21:38.482129+00:00,31.17,3,2,api-gateway|visits-service,False,GET,/api/visit/owners/1/pets/1/visits,200,0,0.0,1
2026-07-29T16:21:41.690004+00:00,a6ebd06ca5d96ce8,2026-07-29T16:21:38.315717+00:00,94.272,4,2,customers-service|api-gateway,False,GET,/api/customer/owners/1,200,1,81.034,1
2026-07-29T16:21:41.690004+00:00,7b56be6dc1a3dbaa,2026-07-29T16:21:38.188257+00:00,20.908,3,2,visits-service|api-gateway,False,GET,/api/visit/owners/1/pets/1/visits,200,0,0.0,1
2026-07-29T16:21:41.690004+00:00,4a5e0664d0e48bc7,2026-07-29T16:21:38.023269+00:00,130.822,4,2,vets-service|api-gateway,False,GET,/api/vet/vets,200,1,129.64,1
2026-07-29T16:21:41.690004+00:00,42da05cd3119dcf3,2026-07-29T16:21:37.818279+00:00,178.292,4,2,customers-service|api-gateway,False,GET,/api/customer/owners,200,1,176.11,1
2026-07-29T16:21:41.690004+00:00,6f622e371dd4a323,2026-07-29T16:21:37.689166+00:00,149.258,4,2,vets-service|api-gateway,False,GET,/api/vet/vets,200,1,147.994,1
2026-07-29T16:21:41.690004+00:00,4c3cb3f241e33329,2026-07-29T16:21:37.481981+00:00,135.296,4,2,vets-service|api-gateway,False,GET,/api/vet/vets,200,1,122.304,1
2026-07-29T16:21:41.690004+00:00,3362dda8225bb91b,2026-07-29T16:21:37.314852+00:00,154.774,4,2,vets-service|api-gateway,False,GET,/api/vet/vets,200,1,141.711,1
2026-07-29T16:21:41.690004+00:00,dffe4f4263de43b9,2026-07-29T16:21:37.148070+00:00,259.731,4,2,customers-service|api-gateway,False,GET,/api/customer/owners,200,1,248.27,1
2026-07-29T16:21:41.690004+00:00,8da691b4980eddf7,2026-07-29T16:21:37.020816+00:00,187.881,4,2,customers-service|api-gateway,False,GET,/api/customer/owners,200,1,186.772,1
2026-07-29T16:21:41.690004+00:00,ddeaa82455058932,2026-07-29T16:21:36.815420+00:00,76.036,4,2,customers-service|api-gateway,False,GET,/api/customer/owners/1,200,1,63.464,1
2026-07-29T16:21:41.690004+00:00,d81d1b2d9ed58688,2026-07-29T16:21:36.648262+00:00,69.404,4,2,customers-service|api-gateway,False,GET,/api/customer/owners/1,200,1,57.232,1
2026-07-29T16:21:41.690004+00:00,560e9660b62a1ac5,2026-07-29T16:21:36.481893+00:00,27.559,3,2,api-gateway|visits-service,False,GET,/api/visit/owners/1/pets/1/visits,200,0,0.0,1
2026-07-29T16:21:41.690004+00:00,865496a0c7ea6ec1,2026-07-29T16:21:36.314539+00:00,148.097,4,2,vets-service|api-gateway,False,GET,/api/vet/vets,200,1,135.49,1
2026-07-29T16:21:41.690004+00:00,2cf0a0a54e7561b5,2026-07-29T16:21:36.188683+00:00,20.77,3,2,visits-service|api-gateway,False,GET,/api/visit/owners/1/pets/1/visits,200,0,0.0,1
2026-07-29T16:21:41.690004+00:00,c733193f14a52e69,2026-07-29T16:21:36.020979+00:00,62.507,4,2,customers-service|api-gateway,False,GET,/api/customer/owners/1,200,1,61.429,1
2026-07-29T16:21:41.690004+00:00,f8bd558ea1bc20ea,2026-07-29T16:21:35.817271+00:00,265.614,4,2,customers-service|api-gateway,False,GET,/api/customer/owners,200,1,265.614,1
2026-07-29T16:21:41.690004+00:00,cc3b01cf57deb756,2026-07-29T16:21:35.648468+00:00,271.363,4,2,customers-service|api-gateway,False,GET,/api/customer/owners,200,1,158.3,1
2026-07-29T16:21:41.690004+00:00,40cad3c8a42b456d,2026-07-29T16:21:35.524727+00:00,120.632,4,2,vets-service|api-gateway,False,GET,/api/vet/vets,200,1,119.294,1
2026-07-29T16:21:41.690004+00:00,7c88acd7e9050a48,2026-07-29T16:21:35.314981+00:00,21.564,3,2,api-gateway|visits-service,False,GET,/api/visit/owners/1/pets/1/visits,200,0,0.0,1
2026-07-29T16:21:41.690004+00:00,babdea824fed3dba,2026-07-29T16:21:35.147811+00:00,178.751,4,2,customers-service|api-gateway,False,GET,/api/customer/owners,200,1,164.292,1
2026-07-29T16:21:41.690004+00:00,a9516f3989547c5d,2026-07-29T16:21:34.981604+00:00,43.153,3,2,api-gateway|visits-service,False,GET,/api/visit/owners/1/pets/1/visits,200,0,0.0,1
2026-07-29T16:21:41.690004+00:00,939232e26319c5b6,2026-07-29T16:21:34.815509+00:00,33.052,3,2,api-gateway|visits-service,False,GET,/api/visit/owners/1/pets/1/visits,200,0,0.0,1
2026-07-29T16:21:41.690004+00:00,134db9d784d6e780,2026-07-29T16:21:34.689223+00:00,123.069,4,2,vets-service|api-gateway,False,GET,/api/vet/vets,200,1,121.802,1
2026-07-29T16:21:41.690004+00:00,f321855e39868314,2026-07-29T16:21:34.481213+00:00,67.257,4,2,customers-service|api-gateway,False,GET,/api/customer/owners/1,200,1,53.719,1
2026-07-29T16:21:41.690004+00:00,f9ed34154066f809,2026-07-29T16:21:34.315036+00:00,29.412,3,2,api-gateway|visits-service,False,GET,/api/visit/owners/1/pets/1/visits,200,0,0.0,1
2026-07-29T16:21:41.690004+00:00,f2e1546563555460,2026-07-29T16:21:34.148356+00:00,181.626,4,2,customers-service|api-gateway,False,GET,/api/customer/owners,200,1,168.572,1
2026-07-29T16:21:41.690004+00:00,58f1f3ab95c49798,2026-07-29T16:21:33.984541+00:00,65.679,4,2,customers-service|api-gateway,False,GET,/api/customer/owners/1,200,1,63.889,1
2026-07-29T16:21:41.690004+00:00,22559328948739d6,2026-07-29T16:21:33.857394+00:00,170.369,4,2,customers-service|api-gateway,False,GET,/api/customer/owners,200,1,169.136,1
2026-07-29T16:21:41.690004+00:00,2fc279f6763cd733,2026-07-29T16:21:33.689608+00:00,128.457,4,2,vets-service|api-gateway,False,GET,/api/vet/vets,200,1,127.245,1
2026-07-29T16:21:41.690004+00:00,40c34da5c7a3591a,2026-07-29T16:21:33.481392+00:00,181.598,4,2,customers-service|api-gateway,False,GET,/api/customer/owners,200,1,169.168,1
2026-07-29T16:21:41.690004+00:00,ffc965d97d46667e,2026-07-29T16:21:33.314688+00:00,31.805,3,2,api-gateway|visits-service,False,GET,/api/visit/owners/1/pets/1/visits,200,0,0.0,1
2026-07-29T16:21:41.690004+00:00,0cbd37352a02e49e,2026-07-29T16:21:33.148956+00:00,172.694,4,2,vets-service|api-gateway,False,GET,/api/vet/vets,200,1,158.639,1
2026-07-29T16:21:41.690004+00:00,234c98bdef31c00e,2026-07-29T16:21:33.023229+00:00,116.509,4,2,vets-service|api-gateway,False,GET,/api/vet/vets,200,1,115.317,1
2026-07-29T16:21:41.690004+00:00,06df6ff0addd6495,2026-07-29T16:21:32.815116+00:00,33.38,3,2,api-gateway|visits-service,False,GET,/api/visit/owners/1/pets/1/visits,200,0,0.0,1
2026-07-29T16:21:41.690004+00:00,436a0271ef0a4a8c,2026-07-29T16:21:32.647955+00:00,61.01,4,2,customers-service|api-gateway,False,GET,/api/customer/owners/1,200,1,48.808,1
2026-07-29T16:21:41.690004+00:00,b105be85cb57292e,2026-07-29T16:21:32.521215+00:00,134.919,4,2,vets-service|api-gateway,False,GET,/api/vet/vets,200,1,133.624,1
2026-07-29T16:21:41.690004+00:00,c594402d9f9066bb,2026-07-29T16:21:32.314968+00:00,33.08,3,2,api-gateway|visits-service,False,GET,/api/visit/owners/1/pets/1/visits,200,0,0.0,1
2026-07-29T16:21:41.690004+00:00,d0d6f85422baf34e,2026-07-29T16:21:32.148283+00:00,82.654,4,2,customers-service|api-gateway,False,GET,/api/customer/owners/1,200,1,68.936,1
2026-07-29T16:21:41.690004+00:00,89353669610ac233,2026-07-29T16:21:31.985122+00:00,185.956,4,2,customers-service|api-gateway,False,GET,/api/customer/owners,200,1,184.631,1
2026-07-29T16:21:41.690004+00:00,1b9ce511ee9d99cf,2026-07-29T16:21:31.815541+00:00,71.762,4,2,customers-service|api-gateway,False,GET,/api/customer/owners/1,200,1,57.857,1
2026-07-29T16:21:41.690004+00:00,1d99da0ab68ab20a,2026-07-29T16:21:31.648225+00:00,192.367,4,2,customers-service|api-gateway,False,GET,/api/customer/owners,200,1,176.718,1
2026-07-29T16:21:41.690004+00:00,931c5538b0f3a26e,2026-07-29T16:21:31.482260+00:00,71.638,4,2,customers-service|api-gateway,False,GET,/api/customer/owners/1,200,1,56.721,1
2026-07-29T16:21:41.690004+00:00,43d3133cb0dfb2a5,2026-07-29T16:21:31.314747+00:00,96.037,3,2,api-gateway|visits-service,False,GET,/api/visit/owners/1/pets/1/visits,200,0,0.0,1
2026-07-29T16:21:41.690004+00:00,0eed52f1cf8ddf78,2026-07-29T16:21:31.148822+00:00,81.225,4,2,customers-service|api-gateway,False,GET,/api/customer/owners/1,200,1,67.808,1
2026-07-29T16:21:41.690004+00:00,93f3d8742f2c5d22,2026-07-29T16:21:30.983368+00:00,67.571,4,2,customers-service|api-gateway,False,GET,/api/customer/owners/1,200,1,66.451,1
2026-07-29T16:21:41.690004+00:00,2c8b92680896f5a6,2026-07-29T16:21:30.814949+00:00,73.505,4,2,customers-service|api-gateway,False,GET,/api/customer/owners/1,200,1,60.655,1
2026-07-29T16:21:41.690004+00:00,568e7bde0bfcb724,2026-07-29T16:21:30.688833+00:00,120.664,4,2,vets-service|api-gateway,False,GET,/api/vet/vets,200,1,119.42,1
2026-07-29T16:21:41.690004+00:00,044e46b726285107,2026-07-29T16:21:30.481842+00:00,33.067,3,2,api-gateway|visits-service,False,GET,/api/visit/owners/1/pets/1/visits,200,0,0.0,1
2026-07-29T16:21:41.690004+00:00,0792564d3ea861bf,2026-07-29T16:21:30.315377+00:00,108.352,4,2,customers-service|api-gateway,False,GET,/api/customer/owners/1,200,1,48.682,1
2026-07-29T16:21:41.690004+00:00,8e9f0a331f7ff974,2026-07-29T16:21:30.148964+00:00,274.765,4,2,vets-service|api-gateway,False,GET,/api/vet/vets,200,1,147.295,1
2026-07-29T16:21:41.690004+00:00,e016a5b2922dba2b,2026-07-29T16:21:29.983906+00:00,30.834,3,2,api-gateway|visits-service,False,GET,/api/visit/owners/1/pets/1/visits,200,0,0.0,1
2026-07-29T16:21:41.690004+00:00,ea3ab6bdffd92443,2026-07-29T16:21:29.853913+00:00,188.753,4,2,customers-service|api-gateway,False,GET,/api/customer/owners,200,1,187.538,1
2026-07-29T16:21:41.690004+00:00,cf6ec866aaa154b2,2026-07-29T16:21:29.648788+00:00,189.37,4,2,customers-service|api-gateway,False,GET,/api/customer/owners,200,1,177.387,1
2026-07-29T16:21:41.690004+00:00,84dc0980e5c3063e,2026-07-29T16:21:29.482008+00:00,141.617,4,2,vets-service|api-gateway,False,GET,/api/vet/vets,200,1,127.517,1
2026-07-29T16:21:41.690004+00:00,7ecc41b67eab2d5b,2026-07-29T16:21:29.315763+00:00,148.511,4,2,vets-service|api-gateway,False,GET,/api/vet/vets,200,1,133.961,1
2026-07-29T16:21:41.690004+00:00,173d617e87894917,2026-07-29T16:21:29.149020+00:00,200.741,4,2,customers-service|api-gateway,False,GET,/api/customer/owners,200,1,194.484,1
2026-07-29T16:21:41.690004+00:00,7720103a08b0ce44,2026-07-29T16:21:29.023119+00:00,63.639,4,2,customers-service|api-gateway,False,GET,/api/customer/owners/1,200,1,62.545,1
2026-07-29T16:21:41.690004+00:00,5b04e7f249a4e49c,2026-07-29T16:21:28.856160+00:00,182.283,4,2,customers-service|api-gateway,False,GET,/api/customer/owners,200,1,181.105,1
2026-07-29T16:21:41.690004+00:00,de473b83cbc2b462,2026-07-29T16:21:28.689029+00:00,175.234,4,2,customers-service|api-gateway,False,GET,/api/customer/owners,200,1,174.096,1
2026-07-29T16:21:41.690004+00:00,e2c305d7a5add621,2026-07-29T16:21:28.481782+00:00,29.493,3,2,api-gateway|visits-service,False,GET,/api/visit/owners/1/pets/1/visits,200,0,0.0,1
2026-07-29T16:21:41.690004+00:00,be9e9924b183e476,2026-07-29T16:21:28.315135+00:00,154.902,4,2,vets-service|api-gateway,False,GET,/api/vet/vets,200,1,141.879,1
2026-07-29T16:21:41.690004+00:00,902d4fe6d57bb908,2026-07-29T16:21:28.148175+00:00,138.761,4,2,vets-service|api-gateway,False,GET,/api/vet/vets,200,1,126.3,1
2026-07-29T16:21:41.690004+00:00,05d7d4f9a8b73caf,2026-07-29T16:21:28.022556+00:00,123.098,4,2,vets-service|api-gateway,False,GET,/api/vet/vets,200,1,121.746,1
2026-07-29T16:21:41.690004+00:00,ffbdca9abb10474a,2026-07-29T16:21:27.856622+00:00,58.701,4,2,customers-service|api-gateway,False,GET,/api/customer/owners/1,200,1,57.563,1
2026-07-29T16:21:41.690004+00:00,b0c7493911c51e9c,2026-07-29T16:21:27.648739+00:00,46.477,3,2,api-gateway|visits-service,False,GET,/api/visit/owners/1/pets/1/visits,200,0,0.0,1
2026-07-29T16:21:41.690004+00:00,9f92ffbb97ea35ba,2026-07-29T16:21:27.481601+00:00,213.615,3,2,api-gateway|visits-service,False,GET,/api/visit/owners/1/pets/1/visits,200,0,0.0,1
2026-07-29T16:21:41.690004+00:00,6c0b90f9d6bdfb3b,2026-07-29T16:21:27.317968+00:00,528.255,4,2,customers-service|api-gateway,False,GET,/api/customer/owners,200,1,526.705,1
2026-07-29T16:21:41.690004+00:00,c9553a148ad718d4,2026-07-29T16:21:27.148960+00:00,81.789,3,2,api-gateway|visits-service,False,GET,/api/visit/owners/1/pets/1/visits,200,0,0.0,1
2026-07-29T16:21:41.690004+00:00,d7c8bf445d6bb6db,2026-07-29T16:21:26.981636+00:00,814.798,4,2,customers-service|api-gateway,False,GET,/api/customer/owners,200,1,801.377,1
2026-07-29T16:21:41.690004+00:00,21b10969721cb69b,2026-07-29T16:21:26.857231+00:00,147.606,3,2,visits-service|api-gateway,False,GET,/api/visit/owners/1/pets/1/visits,200,0,0.0,1
2026-07-29T16:21:41.690004+00:00,fd5bb3217f0e53e0,2026-07-29T16:21:26.649837+00:00,1054.853,4,2,customers-service|api-gateway,False,GET,/api/customer/owners,200,1,1041.853,1
2026-07-29T16:21:41.690004+00:00,55e4addc0398ff72,2026-07-29T16:21:26.481779+00:00,751.588,4,2,vets-service|api-gateway,False,GET,/api/vet/vets,200,1,738.31,1
2026-07-29T16:21:41.690004+00:00,a9c1f7dc89172fb1,2026-07-29T16:21:26.315437+00:00,453.778,4,2,customers-service|api-gateway,False,GET,/api/customer/owners/1,200,1,410.695,1
2026-07-29T16:21:41.690004+00:00,791cee80d827393f,2026-07-29T16:21:26.188364+00:00,602.363,4,2,vets-service|api-gateway,False,GET,/api/vet/vets,200,1,601.381,1
2026-07-29T16:21:41.690004+00:00,85bc84d6540d969e,2026-07-29T16:21:25.981327+00:00,788.119,4,2,customers-service|api-gateway,False,GET,/api/customer/owners,200,1,759.654,1
2026-07-29T16:21:41.690004+00:00,0095dac79405330f,2026-07-29T16:21:25.815355+00:00,444.18,4,2,customers-service|api-gateway,False,GET,/api/customer/owners/1,200,1,439.437,1
2026-07-29T16:21:41.690004+00:00,a6ed9136db923286,2026-07-29T16:21:25.689238+00:00,367.147,4,2,customers-service|api-gateway,False,GET,/api/customer/owners/1,200,1,365.997,1
2026-07-29T16:21:41.690004+00:00,469f0eb9894a92f9,2026-07-29T16:21:25.481304+00:00,297.292,4,2,customers-service|api-gateway,False,GET,/api/customer/owners/1,200,1,285.016,1
2026-07-29T16:21:41.690004+00:00,a0b4ba8aff83a1c6,2026-07-29T16:21:25.315049+00:00,463.395,4,2,customers-service|api-gateway,False,GET,/api/customer/owners/1,200,1,450.227,1
2026-07-29T16:21:41.690004+00:00,06d5fb76ecca08bc,2026-07-29T16:21:25.189674+00:00,875.133,4,2,customers-service|api-gateway,False,GET,/api/customer/owners,200,1,874.123,1
2026-07-29T16:21:41.690004+00:00,af3f55f50a1072a3,2026-07-29T16:21:24.982783+00:00,311.841,4,2,customers-service|api-gateway,False,GET,/api/customer/owners/1,200,1,308.633,1
2026-07-29T16:21:41.690004+00:00,b764498e02a93724,2026-07-29T16:21:24.814386+00:00,75.897,3,2,api-gateway|visits-service,False,GET,/api/visit/owners/1/pets/1/visits,200,0,0.0,1
2026-07-29T16:21:41.690004+00:00,d91b7c5c0a60d8b9,2026-07-29T16:21:24.688148+00:00,230.432,3,2,visits-service|api-gateway,False,GET,/api/visit/owners/1/pets/1/visits,200,0,0.0,1
2026-07-29T16:21:41.690004+00:00,11225157ec7239ae,2026-07-29T16:21:24.481133+00:00,806.973,4,2,vets-service|api-gateway,False,GET,/api/vet/vets,200,1,792.843,1
2026-07-29T16:21:41.690004+00:00,28c12e4d17e1d7f5,2026-07-29T16:21:24.354382+00:00,555.301,4,2,customers-service|api-gateway,False,GET,/api/customer/owners/1,200,1,554.19,1
2026-07-29T16:21:41.690004+00:00,24e16cf0905790e8,2026-07-29T16:21:24.148207+00:00,34.059,3,2,api-gateway|visits-service,False,GET,/api/visit/owners/1/pets/1/visits,200,0,0.0,1
2026-07-29T16:21:41.690004+00:00,20ae9ddb3c041e1e,2026-07-29T16:21:24.022488+00:00,1135.906,4,2,customers-service|api-gateway,False,GET,/api/customer/owners,200,1,1134.747,1
2026-07-29T16:21:41.690004+00:00,cbb5e0d9f7122e23,2026-07-29T16:21:23.815049+00:00,367.602,4,2,customers-service|api-gateway,False,GET,/api/customer/owners/1,200,1,349.932,1
2026-07-29T16:21:41.690004+00:00,d6add2df5927b398,2026-07-29T16:21:23.648194+00:00,68.885,3,2,api-gateway|visits-service,False,GET,/api/visit/owners/1/pets/1/visits,200,0,0.0,1
2026-07-29T16:21:41.690004+00:00,bc0f782a7a1737f3,2026-07-29T16:21:23.481556+00:00,106.83,3,2,api-gateway|visits-service,False,GET,/api/visit/owners/1/pets/1/visits,200,0,0.0,1
2026-07-29T16:21:41.690004+00:00,2c43d3dcd468edea,2026-07-29T16:21:23.314969+00:00,846.423,4,2,vets-service|api-gateway,False,GET,/api/vet/vets,200,1,832.715,1
2026-07-29T16:21:41.690004+00:00,d86582850869ff78,2026-07-29T16:21:23.148187+00:00,1032.224,4,2,customers-service|api-gateway,False,GET,/api/customer/owners,200,1,1017.924,1
2026-07-29T16:21:41.690004+00:00,d282fa30741a1c50,2026-07-29T16:21:22.981925+00:00,360.036,4,2,customers-service|api-gateway,False,GET,/api/customer/owners/1,200,1,347.87,1
2026-07-29T16:21:41.690004+00:00,f9b262fc855cc0c1,2026-07-29T16:21:22.816891+00:00,900.632,4,2,customers-service|api-gateway,False,GET,/api/customer/owners/1,200,1,897.569,1
2026-07-29T16:21:41.690004+00:00,b05258d0499bd479,2026-07-29T16:21:22.687770+00:00,185.331,4,2,customers-service|api-gateway,False,GET,/api/customer/owners,200,1,184.252,1
2026-07-29T16:21:41.690004+00:00,4275c899d7b793f1,2026-07-29T16:21:22.481340+00:00,74.093,4,2,customers-service|api-gateway,False,GET,/api/customer/owners/1,200,1,60.538,1
2026-07-29T16:21:41.690004+00:00,7e17462fb50675ea,2026-07-29T16:21:22.314266+00:00,66.045,4,2,customers-service|api-gateway,False,GET,/api/customer/owners/1,200,1,53.688,1
2026-07-29T16:21:41.690004+00:00,450d96d3a3690053,2026-07-29T16:21:22.147869+00:00,213.965,4,2,customers-service|api-gateway,False,GET,/api/customer/owners,200,1,202.462,1
2026-07-29T16:21:41.690004+00:00,d49ad5fcd10250bb,2026-07-29T16:21:21.983366+00:00,155.873,4,2,customers-service|api-gateway,False,GET,/api/customer/owners,200,1,154.899,1
2026-07-29T16:21:41.690004+00:00,0c64d26f565d45b7,2026-07-29T16:21:21.854545+00:00,148.768,4,2,vets-service|api-gateway,False,GET,/api/vet/vets,200,1,147.48,1
2026-07-29T16:21:41.690004+00:00,3110ec6b637a27ca,2026-07-29T16:21:21.688118+00:00,177.219,4,2,customers-service|api-gateway,False,GET,/api/customer/owners,200,1,176.327,1
2026-07-29T16:21:41.690004+00:00,0f0cb2d5347c1d46,2026-07-29T16:21:21.481307+00:00,180.367,4,2,customers-service|api-gateway,False,GET,/api/customer/owners,200,1,168.157,1
2026-07-29T16:21:41.690004+00:00,8b49ac06a0328189,2026-07-29T16:21:21.314479+00:00,136.156,4,2,vets-service|api-gateway,False,GET,/api/vet/vets,200,1,123.516,1
2026-07-29T16:21:41.690004+00:00,daea7f11f632f478,2026-07-29T16:21:21.147934+00:00,132.226,4,2,vets-service|api-gateway,False,GET,/api/vet/vets,200,1,120.12,1
2026-07-29T16:21:41.690004+00:00,e8b9c20dbd4c7247,2026-07-29T16:21:21.020754+00:00,18.266,3,2,visits-service|api-gateway,False,GET,/api/visit/owners/1/pets/1/visits,200,0,0.0,1
2026-07-29T16:21:41.690004+00:00,c7496165f6c3052d,2026-07-29T16:21:20.854300+00:00,65.413,4,2,customers-service|api-gateway,False,GET,/api/customer/owners/1,200,1,64.32,1
2026-07-29T16:21:41.690004+00:00,6238525d0465a831,2026-07-29T16:21:20.688665+00:00,176.701,4,2,customers-service|api-gateway,False,GET,/api/customer/owners,200,1,175.759,1
2026-07-29T16:21:41.690004+00:00,eb2155ed76230c38,2026-07-29T16:21:20.481524+00:00,63.395,4,2,customers-service|api-gateway,False,GET,/api/customer/owners/1,200,1,59.849,1
2026-07-29T16:21:41.690004+00:00,61af1e7c7f6cc280,2026-07-29T16:21:20.314592+00:00,30.288,3,2,api-gateway|visits-service,False,GET,/api/visit/owners/1/pets/1/visits,200,0,0.0,1
2026-07-29T16:21:41.690004+00:00,eb351d1728d7f74b,2026-07-29T16:21:20.148118+00:00,69.817,4,2,customers-service|api-gateway,False,GET,/api/customer/owners/1,200,1,57.419,1
2026-07-29T16:21:41.690004+00:00,6fe84f986f45b222,2026-07-29T16:21:20.023226+00:00,67.072,4,2,customers-service|api-gateway,False,GET,/api/customer/owners/1,200,1,65.998,1
2026-07-29T16:21:41.690004+00:00,a1d768ae2f0c9860,2026-07-29T16:21:19.855225+00:00,19.089,3,2,visits-service|api-gateway,False,GET,/api/visit/owners/1/pets/1/visits,200,0,0.0,1
2026-07-29T16:21:41.690004+00:00,269d24466bb54aef,2026-07-29T16:21:19.688823+00:00,159.606,4,2,customers-service|api-gateway,False,GET,/api/customer/owners,200,1,158.463,1
2026-07-29T16:21:41.690004+00:00,ce19baf7ccda10e2,2026-07-29T16:21:19.522394+00:00,128.727,4,2,vets-service|api-gateway,False,GET,/api/vet/vets,200,1,127.539,1
2026-07-29T16:21:41.690004+00:00,7ceac75265f0f3a5,2026-07-29T16:21:19.315710+00:00,75.281,4,2,customers-service|api-gateway,False,GET,/api/customer/owners/1,200,1,61.965,1
2026-07-29T16:21:41.690004+00:00,2ea820e003018eba,2026-07-29T16:21:19.149136+00:00,153.586,4,2,vets-service|api-gateway,False,GET,/api/vet/vets,200,1,139.555,1
2026-07-29T16:21:41.690004+00:00,c1e460b18f840d3a,2026-07-29T16:21:19.023121+00:00,125.933,4,2,vets-service|api-gateway,False,GET,/api/vet/vets,200,1,124.637,1
2026-07-29T16:21:41.690004+00:00,5909227bdf024261,2026-07-29T16:21:18.854203+00:00,166.701,4,2,vets-service|api-gateway,False,GET,/api/vet/vets,200,1,165.285,1
2026-07-29T16:21:41.690004+00:00,983d530b81f0ffa0,2026-07-29T16:21:18.688747+00:00,130.918,4,2,vets-service|api-gateway,False,GET,/api/vet/vets,200,1,129.557,1
2026-07-29T16:21:41.690004+00:00,a75baa0d3fe4e810,2026-07-29T16:21:18.481218+00:00,75.557,4,2,customers-service|api-gateway,False,GET,/api/customer/owners/1,200,1,72.229,1
2026-07-29T16:21:41.690004+00:00,86d51f54e4c77f7e,2026-07-29T16:21:18.314791+00:00,73.989,4,2,customers-service|api-gateway,False,GET,/api/customer/owners/1,200,1,59.466,1
2026-07-29T16:21:41.690004+00:00,e7023f55a31c40b2,2026-07-29T16:21:18.148079+00:00,80.463,4,2,customers-service|api-gateway,False,GET,/api/customer/owners/1,200,1,65.603,1
2026-07-29T16:21:41.690004+00:00,1b4b3b08778dc090,2026-07-29T16:21:17.982002+00:00,51.498,3,2,api-gateway|visits-service,False,GET,/api/visit/owners/1/pets/1/visits,200,0,0.0,1
2026-07-29T16:21:41.690004+00:00,fe42cc021774315d,2026-07-29T16:21:17.855921+00:00,64.485,4,2,customers-service|api-gateway,False,GET,/api/customer/owners/1,200,1,63.379,1
2026-07-29T16:21:41.690004+00:00,20d72627627dc608,2026-07-29T16:21:17.691637+00:00,69.992,4,2,customers-service|api-gateway,False,GET,/api/customer/owners/1,200,1,68.922,1
2026-07-29T16:21:41.690004+00:00,b702ef5c5e1244b1,2026-07-29T16:21:17.523169+00:00,163.484,4,2,vets-service|api-gateway,False,GET,/api/vet/vets,200,1,162.304,1
2026-07-29T16:21:41.690004+00:00,6d38fe392388953e,2026-07-29T16:21:17.315263+00:00,142.137,4,2,vets-service|api-gateway,False,GET,/api/vet/vets,200,1,127.984,1
2026-07-29T16:21:41.690004+00:00,52d75c8bdf874d27,2026-07-29T16:21:17.148731+00:00,88.775,4,2,customers-service|api-gateway,False,GET,/api/customer/owners/1,200,1,82.986,1
2026-07-29T16:21:41.690004+00:00,251ca7ffe7fbd6a5,2026-07-29T16:21:16.981768+00:00,181.104,4,2,customers-service|api-gateway,False,GET,/api/customer/owners,200,1,167.674,1
2026-07-29T16:21:41.690004+00:00,9e88c2c554da30db,2026-07-29T16:21:16.859339+00:00,76.24,4,2,customers-service|api-gateway,False,GET,/api/customer/owners/1,200,1,75.087,1
2026-07-29T16:21:41.690004+00:00,7f68c0d7114da119,2026-07-29T16:21:16.648510+00:00,23.08,3,2,api-gateway|visits-service,False,GET,/api/visit/owners/1/pets/1/visits,200,0,0.0,1
2026-07-29T16:21:41.690004+00:00,f1f1c5fd53d2bbb3,2026-07-29T16:21:16.523361+00:00,130.122,4,2,vets-service|api-gateway,False,GET,/api/vet/vets,200,1,128.828,1
2026-07-29T16:21:41.690004+00:00,49e3d8e2c64b9fa0,2026-07-29T16:21:16.315661+00:00,32.551,3,2,api-gateway|visits-service,False,GET,/api/visit/owners/1/pets/1/visits,200,0,0.0,1
2026-07-29T16:21:41.690004+00:00,7c61ccb153716e58,2026-07-29T16:21:16.148836+00:00,31.483,3,2,api-gateway|visits-service,False,GET,/api/visit/owners/1/pets/1/visits,200,0,0.0,1
2026-07-29T16:21:41.690004+00:00,c45ce6bd9df30367,2026-07-29T16:21:15.983916+00:00,29.124,3,2,api-gateway|visits-service,False,GET,/api/visit/owners/1/pets/1/visits,200,0,0.0,1
2026-07-29T16:21:41.690004+00:00,b3c6f98f6776b2bb,2026-07-29T16:21:15.854863+00:00,20.626,3,2,visits-service|api-gateway,False,GET,/api/visit/owners/1/pets/1/visits,200,0,0.0,1
2026-07-29T16:21:41.690004+00:00,6dfdeed1b4049ef7,2026-07-29T16:21:15.688109+00:00,59.547,4,2,customers-service|api-gateway,False,GET,/api/customer/owners/1,200,1,58.375,1
2026-07-29T16:21:41.690004+00:00,ddb3f0a8c0023123,2026-07-29T16:21:15.521193+00:00,183.921,4,2,customers-service|api-gateway,False,GET,/api/customer/owners,200,1,183.02,1
2026-07-29T16:21:41.690004+00:00,37a7acf93855b259,2026-07-29T16:21:15.315165+00:00,159.136,4,2,customers-service|api-gateway,False,GET,/api/customer/owners,200,1,155.234,1
2026-07-29T16:21:41.690004+00:00,ecb596a4259da1ac,2026-07-29T16:21:15.148908+00:00,136.869,4,2,vets-service|api-gateway,False,GET,/api/vet/vets,200,1,120.663,1
2026-07-29T16:21:41.690004+00:00,76e4be57ff29ac80,2026-07-29T16:21:14.981304+00:00,182.853,4,2,customers-service|api-gateway,False,GET,/api/customer/owners,200,1,165.792,1
2026-07-29T16:21:41.690004+00:00,dc414571688af839,2026-07-29T16:21:14.854561+00:00,172.346,4,2,customers-service|api-gateway,False,GET,/api/customer/owners,200,1,171.218,1
2026-07-29T16:21:41.690004+00:00,fd13ed1600077029,2026-07-29T16:21:14.688699+00:00,65.031,4,2,customers-service|api-gateway,False,GET,/api/customer/owners/1,200,1,63.916,1
2026-07-29T16:21:41.690004+00:00,6137ed7836a61384,2026-07-29T16:21:14.480948+00:00,26.782,3,2,api-gateway|visits-service,False,GET,/api/visit/owners/1/pets/1/visits,200,0,0.0,1
2026-07-29T16:21:41.690004+00:00,0432db377579c198,2026-07-29T16:21:14.314512+00:00,169.807,4,2,customers-service|api-gateway,False,GET,/api/customer/owners,200,1,159.95,1
2026-07-29T16:21:41.690004+00:00,74ef1b25738f763f,2026-07-29T16:21:14.151118+00:00,171.817,4,2,customers-service|api-gateway,False,GET,/api/customer/owners,200,1,168.276,1
2026-07-29T16:21:41.690004+00:00,e531805d032f25c1,2026-07-29T16:21:14.024178+00:00,23.799,3,2,visits-service|api-gateway,False,GET,/api/visit/owners/1/pets/1/visits,200,0,0.0,1
2026-07-29T16:21:41.690004+00:00,c990567f77bd6396,2026-07-29T16:21:13.856377+00:00,125.475,4,2,vets-service|api-gateway,False,GET,/api/vet/vets,200,1,124.306,1
2026-07-29T16:21:41.690004+00:00,da35a80125f94b60,2026-07-29T16:21:13.647946+00:00,30.154,3,2,api-gateway|visits-service,False,GET,/api/visit/owners/1/pets/1/visits,200,0,0.0,1
2026-07-29T16:21:41.690004+00:00,16061d5dd5fafd76,2026-07-29T16:21:13.520256+00:00,174.679,4,2,customers-service|api-gateway,False,GET,/api/customer/owners,200,1,173.715,1
2026-07-29T16:21:41.690004+00:00,86f5a1ea12bd3de1,2026-07-29T16:21:13.314875+00:00,181.207,4,2,customers-service|api-gateway,False,GET,/api/customer/owners,200,1,169.899,1
2026-07-29T16:21:41.690004+00:00,fef47beb364ceb09,2026-07-29T16:21:13.148884+00:00,184.744,4,2,customers-service|api-gateway,False,GET,/api/customer/owners,200,1,172.075,1
2026-07-29T16:21:41.690004+00:00,2b52d73831a69f87,2026-07-29T16:21:12.982179+00:00,273.557,4,2,vets-service|api-gateway,False,GET,/api/vet/vets,200,1,262.227,1
2026-07-29T16:21:41.690004+00:00,4ebb8cdddf54bfe8,2026-07-29T16:21:12.815438+00:00,450.073,4,2,customers-service|api-gateway,False,GET,/api/customer/owners,200,1,436.883,1
2026-07-29T16:21:41.690004+00:00,c99c0ce654aa35c0,2026-07-29T16:21:12.648270+00:00,26.178,3,2,api-gateway|visits-service,False,GET,/api/visit/owners/1/pets/1/visits,200,0,0.0,1
2026-07-29T16:21:41.690004+00:00,20b46a28606405ec,2026-07-29T16:21:12.481139+00:00,189.054,3,2,api-gateway|visits-service,False,GET,/api/visit/owners/1/pets/1/visits,200,0,0.0,1
2026-07-29T16:21:41.690004+00:00,518ab681f48a5fe1,2026-07-29T16:21:12.314410+00:00,813.094,4,2,vets-service|api-gateway,False,GET,/api/vet/vets,200,1,800.408,1
2026-07-29T16:21:41.690004+00:00,3a8141320c93a85a,2026-07-29T16:21:12.148741+00:00,280.92,4,2,customers-service|api-gateway,False,GET,/api/customer/owners/1,200,1,275.557,1
2026-07-29T16:21:41.690004+00:00,283497347fdc232c,2026-07-29T16:21:11.981948+00:00,211.401,3,2,api-gateway|visits-service,False,GET,/api/visit/owners/1/pets/1/visits,200,0,0.0,1
2026-07-29T16:21:41.690004+00:00,50199b81a8832a45,2026-07-29T16:21:11.859462+00:00,823.228,4,2,vets-service|api-gateway,False,GET,/api/vet/vets,200,1,822.04,1
2026-07-29T16:21:41.690004+00:00,1f2066a0744a800e,2026-07-29T16:21:11.649217+00:00,777.133,4,2,vets-service|api-gateway,False,GET,/api/vet/vets,200,1,764.797,1
2026-07-29T16:21:41.690004+00:00,fe604a5a231276f7,2026-07-29T16:21:11.482045+00:00,685.258,4,2,customers-service|api-gateway,False,GET,/api/customer/owners/1,200,1,671.416,1
2026-07-29T16:21:41.690004+00:00,c12994167d004a5e,2026-07-29T16:21:11.317127+00:00,886.334,4,2,vets-service|api-gateway,False,GET,/api/vet/vets,200,1,873.532,1
2026-07-29T16:21:41.690004+00:00,e35aa62f89201243,2026-07-29T16:21:11.148520+00:00,1054.904,4,2,customers-service|api-gateway,False,GET,/api/customer/owners,200,1,1040.611,1
2026-07-29T16:21:41.690004+00:00,2a723346e69e9005,2026-07-29T16:21:11.021903+00:00,962.544,4,2,customers-service|api-gateway,False,GET,/api/customer/owners,200,1,961.406,1
2026-07-29T16:21:41.690004+00:00,2a3da158363daeec,2026-07-29T16:21:10.856572+00:00,668.937,4,2,vets-service|api-gateway,False,GET,/api/vet/vets,200,1,667.9,1
2026-07-29T16:21:41.690004+00:00,75c1749b75a7b5e8,2026-07-29T16:21:10.647776+00:00,120.099,3,2,api-gateway|visits-service,False,GET,/api/visit/owners/1/pets/1/visits,200,0,0.0,1
2026-07-29T16:21:41.690004+00:00,41856486609ce8a5,2026-07-29T16:21:10.483490+00:00,284.543,4,2,customers-service|api-gateway,False,GET,/api/customer/owners/1,200,1,283.398,1
2026-07-29T16:21:41.690004+00:00,86965b78e437b7d0,2026-07-29T16:21:10.355406+00:00,678.453,4,2,customers-service|api-gateway,False,GET,/api/customer/owners,200,1,677.455,1
2026-07-29T16:21:41.690004+00:00,9513a85f700cccad,2026-07-29T16:21:10.149746+00:00,455.509,4,2,customers-service|api-gateway,False,GET,/api/customer/owners/1,200,1,445.384,1
2026-07-29T16:21:41.690004+00:00,305288182be43741,2026-07-29T16:21:09.981748+00:00,160.834,3,2,api-gateway|visits-service,False,GET,/api/visit/owners/1/pets/1/visits,200,0,0.0,1
2026-07-29T16:21:41.690004+00:00,d4ba79abb545a006,2026-07-29T16:21:09.875883+00:00,776.918,4,2,customers-service|api-gateway,False,GET,/api/customer/owners,200,1,776.041,1
2026-07-29T16:21:41.690004+00:00,b923a4bd0318cc49,2026-07-29T16:21:09.707092+00:00,962.038,4,2,customers-service|api-gateway,False,GET,/api/customer/owners,200,1,961.228,1
2026-07-29T16:21:41.690004+00:00,580806ec6ebb31d2,2026-07-29T16:21:09.521660+00:00,403.068,4,2,customers-service|api-gateway,False,GET,/api/customer/owners/1,200,1,401.941,1
2026-07-29T16:21:41.690004+00:00,34c0f09a13290c4b,2026-07-29T16:21:09.314751+00:00,112.011,3,2,api-gateway|visits-service,False,GET,/api/visit/owners/1/pets/1/visits,200,0,0.0,1
2026-07-29T16:21:41.690004+00:00,763502055a8f03c8,2026-07-29T16:21:09.152178+00:00,750.523,4,2,customers-service|api-gateway,False,GET,/api/customer/owners,200,1,748.934,1
2026-07-29T16:21:41.690004+00:00,d3ded312f5f1aa13,2026-07-29T16:21:08.981187+00:00,454.689,4,2,customers-service|api-gateway,False,GET,/api/customer/owners/1,200,1,410.431,1
2026-07-29T16:21:41.690004+00:00,7294917f87e85392,2026-07-29T16:21:08.855928+00:00,1061.801,4,2,customers-service|api-gateway,False,GET,/api/customer/owners,200,1,1060.618,1
2026-07-29T16:21:41.690004+00:00,4041ecf882da3e7f,2026-07-29T16:21:08.650536+00:00,353.245,4,2,customers-service|api-gateway,False,GET,/api/customer/owners/1,200,1,352.352,1
2026-07-29T16:21:41.690004+00:00,b56a0b053a7e25b0,2026-07-29T16:21:08.481471+00:00,125.287,3,2,api-gateway|visits-service,False,GET,/api/visit/owners/1/pets/1/visits,200,0,0.0,1
2026-07-29T16:21:41.690004+00:00,a631325e82bcd696,2026-07-29T16:21:08.354134+00:00,284.925,4,2,vets-service|api-gateway,False,GET,/api/vet/vets,200,1,283.864,1
2026-07-29T16:21:41.690004+00:00,81e2acc78e052aa0,2026-07-29T16:21:08.148666+00:00,128.068,4,2,vets-service|api-gateway,False,GET,/api/vet/vets,200,1,116.103,1
2026-07-29T16:21:41.690004+00:00,5b6e1f6964b873c0,2026-07-29T16:21:07.982545+00:00,176.888,4,2,customers-service|api-gateway,False,GET,/api/customer/owners,200,1,163.573,1
2026-07-29T16:21:41.690004+00:00,41cd7e3c4a51ed91,2026-07-29T16:21:07.818951+00:00,168.001,4,2,customers-service|api-gateway,False,GET,/api/customer/owners,200,1,166.3,1
2026-07-29T16:21:41.690004+00:00,e8d39beca765cc79,2026-07-29T16:21:07.689089+00:00,170.262,4,2,customers-service|api-gateway,False,GET,/api/customer/owners,200,1,169.005,1
2026-07-29T16:21:41.690004+00:00,5d702a072e105209,2026-07-29T16:21:07.482100+00:00,174.707,4,2,customers-service|api-gateway,False,GET,/api/customer/owners,200,1,168.926,1
2026-07-29T16:21:41.690004+00:00,95b42b8a0f898d53,2026-07-29T16:21:07.315500+00:00,173.985,4,2,customers-service|api-gateway,False,GET,/api/customer/owners,200,1,160.668,1
2026-07-29T16:21:41.690004+00:00,f123eac87fa706ae,2026-07-29T16:21:07.148542+00:00,148.199,4,2,customers-service|api-gateway,False,GET,/api/customer/owners,200,1,143.844,1
2026-07-29T16:21:41.690004+00:00,b24ab8dbe3da633f,2026-07-29T16:21:06.981023+00:00,185.924,4,2,customers-service|api-gateway,False,GET,/api/customer/owners,200,1,173.982,1
2026-07-29T16:21:41.690004+00:00,c5af66f835fc501b,2026-07-29T16:21:06.818570+00:00,81.888,4,2,customers-service|api-gateway,False,GET,/api/customer/owners/1,200,1,80.558,1
2026-07-29T16:21:41.690004+00:00,3aaf3f8773d6b908,2026-07-29T16:21:06.688345+00:00,178.562,4,2,customers-service|api-gateway,False,GET,/api/customer/owners,200,1,177.358,1
2026-07-29T16:21:41.690004+00:00,44eeccfcae007bd2,2026-07-29T16:21:06.482189+00:00,28.386,3,2,api-gateway|visits-service,False,GET,/api/visit/owners/1/pets/1/visits,200,0,0.0,1
2026-07-29T16:21:41.690004+00:00,63f9767d9ab9b75d,2026-07-29T16:21:06.315318+00:00,136.413,4,2,vets-service|api-gateway,False,GET,/api/vet/vets,200,1,122.792,1
2026-07-29T16:21:41.690004+00:00,36321aaac2405c3e,2026-07-29T16:21:06.147985+00:00,138.517,4,2,vets-service|api-gateway,False,GET,/api/vet/vets,200,1,126.273,1
2026-07-29T16:21:41.690004+00:00,efad35967c8921b0,2026-07-29T16:21:05.981816+00:00,181.431,4,2,customers-service|api-gateway,False,GET,/api/customer/owners,200,1,177.867,1
2026-07-29T16:21:41.690004+00:00,5d3583d46fe50492,2026-07-29T16:21:05.855117+00:00,17.865,3,2,visits-service|api-gateway,False,GET,/api/visit/owners/1/pets/1/visits,200,0,0.0,1
2026-07-29T16:21:41.690004+00:00,a344d150eca3f11f,2026-07-29T16:21:05.687107+00:00,65.97,4,2,customers-service|api-gateway,False,GET,/api/customer/owners/1,200,1,64.589,1
2026-07-29T16:21:41.690004+00:00,e153468e4822cf39,2026-07-29T16:21:05.521399+00:00,139.452,4,2,vets-service|api-gateway,False,GET,/api/vet/vets,200,1,138.233,1
2026-07-29T16:21:41.690004+00:00,3fa8cde27f357a1c,2026-07-29T16:21:05.314998+00:00,64.611,4,2,customers-service|api-gateway,False,GET,/api/customer/owners/1,200,1,59.588,1
2026-07-29T16:21:41.690004+00:00,c987cc753d7382c8,2026-07-29T16:21:05.148915+00:00,31.891,3,2,api-gateway|visits-service,False,GET,/api/visit/owners/1/pets/1/visits,200,0,0.0,1
2026-07-29T16:21:41.690004+00:00,58f5d6c6f516adf0,2026-07-29T16:21:05.021258+00:00,25.281,3,2,visits-service|api-gateway,False,GET,/api/visit/owners/1/pets/1/visits,200,0,0.0,1
2026-07-29T16:21:41.690004+00:00,67b50ce998620f42,2026-07-29T16:21:04.855264+00:00,61.853,4,2,customers-service|api-gateway,False,GET,/api/customer/owners/1,200,1,60.684,1
2026-07-29T16:21:41.690004+00:00,2cef7cadc64f6fbf,2026-07-29T16:21:04.689191+00:00,116.975,4,2,vets-service|api-gateway,False,GET,/api/vet/vets,200,1,115.637,1
2026-07-29T16:21:41.690004+00:00,616d14f7054b9cb8,2026-07-29T16:21:04.482173+00:00,31.858,3,2,api-gateway|visits-service,False,GET,/api/visit/owners/1/pets/1/visits,200,0,0.0,1
2026-07-29T16:21:41.690004+00:00,0231c9ef747bd7cf,2026-07-29T16:21:04.315373+00:00,28.768,3,2,api-gateway|visits-service,False,GET,/api/visit/owners/1/pets/1/visits,200,0,0.0,1
2026-07-29T16:21:41.690004+00:00,63e388adf4b9e042,2026-07-29T16:21:04.148788+00:00,145.608,4,2,vets-service|api-gateway,False,GET,/api/vet/vets,200,1,130.915,1
2026-07-29T16:21:41.690004+00:00,2b9daf4289dff060,2026-07-29T16:21:03.985205+00:00,70.987,4,2,customers-service|api-gateway,False,GET,/api/customer/owners/1,200,1,69.208,1
2026-07-29T16:21:41.690004+00:00,740091f6e88f2199,2026-07-29T16:21:03.855995+00:00,166.248,4,2,vets-service|api-gateway,False,GET,/api/vet/vets,200,1,165.02,1
2026-07-29T16:21:41.690004+00:00,c01d0ace5eea18e3,2026-07-29T16:21:03.690598+00:00,141.239,4,2,vets-service|api-gateway,False,GET,/api/vet/vets,200,1,139.99,1
2026-07-29T16:21:41.690004+00:00,f5ebe0a8de0960cf,2026-07-29T16:21:03.481386+00:00,29.967,3,2,api-gateway|visits-service,False,GET,/api/visit/owners/1/pets/1/visits,200,0,0.0,1
2026-07-29T16:21:41.690004+00:00,f29c83f210cb4994,2026-07-29T16:21:03.314425+00:00,29.142,3,2,api-gateway|visits-service,False,GET,/api/visit/owners/1/pets/1/visits,200,0,0.0,1
2026-07-29T16:21:41.690004+00:00,d1fa89085c7fa000,2026-07-29T16:21:03.148254+00:00,148.543,4,2,vets-service|api-gateway,False,GET,/api/vet/vets,200,1,136.752,1
2026-07-29T16:21:41.690004+00:00,e051012fb081f9de,2026-07-29T16:21:02.981409+00:00,141.179,4,2,vets-service|api-gateway,False,GET,/api/vet/vets,200,1,128.873,1
2026-07-29T16:21:41.690004+00:00,896910399c1c8687,2026-07-29T16:21:02.855242+00:00,133.557,4,2,vets-service|api-gateway,False,GET,/api/vet/vets,200,1,132.262,1
2026-07-29T16:21:41.690004+00:00,36e86a0925106548,2026-07-29T16:21:02.687360+00:00,61.927,4,2,customers-service|api-gateway,False,GET,/api/customer/owners/1,200,1,60.67,1
2026-07-29T16:21:41.690004+00:00,3c73e451b74cb841,2026-07-29T16:21:02.481628+00:00,150.023,4,2,customers-service|api-gateway,False,GET,/api/customer/owners,200,1,146.094,1
2026-07-29T16:21:41.690004+00:00,87d89d8eb2e6d7d7,2026-07-29T16:21:02.315042+00:00,182.51,4,2,customers-service|api-gateway,False,GET,/api/customer/owners,200,1,169.593,1
2026-07-29T16:21:41.690004+00:00,15ee3ee4644f4b44,2026-07-29T16:21:02.148451+00:00,72.339,4,2,customers-service|api-gateway,False,GET,/api/customer/owners/1,200,1,65.774,1
2026-07-29T16:21:41.690004+00:00,3fcb8d9f83338bc7,2026-07-29T16:21:01.981881+00:00,168.673,4,2,customers-service|api-gateway,False,GET,/api/customer/owners,200,1,154.149,1
2026-07-29T16:21:41.690004+00:00,3c630b5f432fe548,2026-07-29T16:21:01.818761+00:00,165.668,4,2,customers-service|api-gateway,False,GET,/api/customer/owners,200,1,163.974,1
2026-07-29T16:21:41.690004+00:00,d3124a9ebe0b61a9,2026-07-29T16:21:01.689462+00:00,71.797,4,2,customers-service|api-gateway,False,GET,/api/customer/owners/1,200,1,70.65,1
2026-07-29T16:21:41.690004+00:00,064c9bd89399478d,2026-07-29T16:21:01.482002+00:00,184.28,4,2,customers-service|api-gateway,False,GET,/api/customer/owners,200,1,178.27,1
2026-07-29T16:21:41.690004+00:00,df12585ab2a48c35,2026-07-29T16:21:01.315149+00:00,177.264,4,2,customers-service|api-gateway,False,GET,/api/customer/owners,200,1,164.152,1
2026-07-29T16:21:41.690004+00:00,0e192a85f24bbd46,2026-07-29T16:21:01.147673+00:00,28.997,3,2,api-gateway|visits-service,False,GET,/api/visit/owners/1/pets/1/visits,200,0,0.0,1
2026-07-29T16:21:41.690004+00:00,2513fbb6aedd692f,2026-07-29T16:21:01.022025+00:00,23.019,3,2,visits-service|api-gateway,False,GET,/api/visit/owners/1/pets/1/visits,200,0,0.0,1
2026-07-29T16:21:41.690004+00:00,4306d43ef8363fc6,2026-07-29T16:21:00.857015+00:00,151.429,4,2,vets-service|api-gateway,False,GET,/api/vet/vets,200,1,150.145,1
2026-07-29T16:21:41.690004+00:00,6638c45a6d06c44c,2026-07-29T16:21:00.650268+00:00,171.415,4,2,customers-service|api-gateway,False,GET,/api/customer/owners,200,1,171.415,1
2026-07-29T16:21:41.690004+00:00,4a89f2f90f73bc19,2026-07-29T16:21:00.482115+00:00,29.949,3,2,api-gateway|visits-service,False,GET,/api/visit/owners/1/pets/1/visits,200,0,0.0,1
2026-07-29T16:21:41.690004+00:00,50b8b0ddac48da2a,2026-07-29T16:21:00.356062+00:00,129.571,4,2,vets-service|api-gateway,False,GET,/api/vet/vets,200,1,128.375,1
2026-07-29T16:21:41.690004+00:00,d239c68af5e09026,2026-07-29T16:21:00.147784+00:00,211.745,4,2,customers-service|api-gateway,False,GET,/api/customer/owners,200,1,196.943,1
2026-07-29T16:21:41.690004+00:00,6149e04962c2d098,2026-07-29T16:21:00.025823+00:00,16.804,3,2,visits-service|api-gateway,False,GET,/api/visit/owners/1/pets/1/visits,200,0,0.0,1
2026-07-29T16:21:41.690004+00:00,b8073f1c068ca7a5,2026-07-29T16:20:59.854572+00:00,130.977,4,2,vets-service|api-gateway,False,GET,/api/vet/vets,200,1,129.689,1
2026-07-29T16:21:41.690004+00:00,703c37d3c2a7e0b9,2026-07-29T16:20:59.690745+00:00,135.459,4,2,vets-service|api-gateway,False,GET,/api/vet/vets,200,1,134.183,1
2026-07-29T16:21:41.690004+00:00,1f4c8d2db1211a00,2026-07-29T16:20:59.481790+00:00,36.638,3,2,api-gateway|visits-service,False,GET,/api/visit/owners/1/pets/1/visits,200,0,0.0,1
2026-07-29T16:21:41.690004+00:00,06b7872ceaa370b7,2026-07-29T16:20:59.315538+00:00,197.364,4,2,customers-service|api-gateway,False,GET,/api/customer/owners,200,1,191.305,1
2026-07-29T16:21:41.690004+00:00,b765fdd8d75597c9,2026-07-29T16:20:59.149206+00:00,33.597,3,2,api-gateway|visits-service,False,GET,/api/visit/owners/1/pets/1/visits,200,0,0.0,1
2026-07-29T16:21:41.690004+00:00,0ea7ff9b8692f1a6,2026-07-29T16:20:59.023752+00:00,64.805,4,2,customers-service|api-gateway,False,GET,/api/customer/owners/1,200,1,63.61,1
2026-07-29T16:21:41.690004+00:00,84daa2030606a857,2026-07-29T16:20:58.815699+00:00,25.819,3,2,api-gateway|visits-service,False,GET,/api/visit/owners/1/pets/1/visits,200,0,0.0,1
2026-07-29T16:21:41.690004+00:00,79dfb411bb86033f,2026-07-29T16:20:58.691493+00:00,126.332,4,2,vets-service|api-gateway,False,GET,/api/vet/vets,200,1,124.794,1
2026-07-29T16:21:41.690004+00:00,c507219e2b41e78d,2026-07-29T16:20:58.481518+00:00,28.951,3,2,api-gateway|visits-service,False,GET,/api/visit/owners/1/pets/1/visits,200,0,0.0,1
2026-07-29T16:21:41.690004+00:00,2fd5ed663d32311d,2026-07-29T16:20:58.315561+00:00,40.358,3,2,api-gateway|visits-service,False,GET,/api/visit/owners/1/pets/1/visits,200,0,0.0,1
2026-07-29T16:21:41.690004+00:00,4c70ebae19eb1568,2026-07-29T16:20:58.147905+00:00,62.807,4,2,customers-service|api-gateway,False,GET,/api/customer/owners/1,200,1,59.372,1
2026-07-29T16:21:41.690004+00:00,e837b72260577d54,2026-07-29T16:20:58.020155+00:00,21.039,3,2,visits-service|api-gateway,False,GET,/api/visit/owners/1/pets/1/visits,200,0,0.0,1
2026-07-29T16:21:41.690004+00:00,b3a55d2fdee4bef2,2026-07-29T16:20:57.854517+00:00,143.039,4,2,vets-service|api-gateway,False,GET,/api/vet/vets,200,1,141.764,1
2026-07-29T16:21:41.690004+00:00,7fd85c9deb82ece8,2026-07-29T16:20:57.687419+00:00,130.688,4,2,vets-service|api-gateway,False,GET,/api/vet/vets,200,1,129.436,1
2026-07-29T16:21:41.690004+00:00,599507ccfeb5731d,2026-07-29T16:20:57.481780+00:00,28.491,3,2,api-gateway|visits-service,False,GET,/api/visit/owners/1/pets/1/visits,200,0,0.0,1
2026-07-29T16:21:41.690004+00:00,860c27404c8da9b6,2026-07-29T16:20:57.315576+00:00,31.988,3,2,api-gateway|visits-service,False,GET,/api/visit/owners/1/pets/1/visits,200,0,0.0,1
2026-07-29T16:21:41.690004+00:00,f475cadb91bbde32,2026-07-29T16:20:57.148163+00:00,32.214,3,2,api-gateway|visits-service,False,GET,/api/visit/owners/1/pets/1/visits,200,0,0.0,1
2026-07-29T16:21:41.690004+00:00,5bcec7414c37fa00,2026-07-29T16:20:56.981323+00:00,169.686,4,2,vets-service|api-gateway,False,GET,/api/vet/vets,200,1,155.224,1
2026-07-29T16:21:41.690004+00:00,d348f26a134d2783,2026-07-29T16:20:56.856250+00:00,148.913,4,2,vets-service|api-gateway,False,GET,/api/vet/vets,200,1,147.736,1
2026-07-29T16:21:41.690004+00:00,938e50ebc19012aa,2026-07-29T16:20:56.689092+00:00,72.858,4,2,customers-service|api-gateway,False,GET,/api/customer/owners/1,200,1,71.812,1
2026-07-29T16:21:41.690004+00:00,5fd7d47cf8670c9e,2026-07-29T16:20:56.521621+00:00,191.525,4,2,vets-service|api-gateway,False,GET,/api/vet/vets,200,1,190.266,1
2026-07-29T16:21:41.690004+00:00,3f1740cd91f9881e,2026-07-29T16:20:56.315718+00:00,135.811,4,2,customers-service|api-gateway,False,GET,/api/customer/owners/1,200,1,92.327,1
2026-07-29T16:21:41.690004+00:00,a3a42ba31046c3be,2026-07-29T16:20:56.149393+00:00,141.874,4,2,vets-service|api-gateway,False,GET,/api/vet/vets,200,1,128.681,1
2026-07-29T16:21:41.690004+00:00,a6a253fbddb035f7,2026-07-29T16:20:55.981455+00:00,186.338,4,2,customers-service|api-gateway,False,GET,/api/customer/owners,200,1,172.032,1
2026-07-29T16:21:41.690004+00:00,ccd10118cb68c068,2026-07-29T16:20:55.855430+00:00,114.207,4,2,vets-service|api-gateway,False,GET,/api/vet/vets,200,1,113.032,1
2026-07-29T16:21:41.690004+00:00,762b76810ac34a70,2026-07-29T16:20:55.687714+00:00,123.716,4,2,vets-service|api-gateway,False,GET,/api/vet/vets,200,1,122.434,1
2026-07-29T16:21:41.690004+00:00,20e916cd51d98f3a,2026-07-29T16:20:55.521769+00:00,122.095,4,2,vets-service|api-gateway,False,GET,/api/vet/vets,200,1,120.796,1
2026-07-29T16:21:41.690004+00:00,2e80324c86284611,2026-07-29T16:20:55.314887+00:00,29.319,3,2,api-gateway|visits-service,False,GET,/api/visit/owners/1/pets/1/visits,200,0,0.0,1
2026-07-29T16:21:41.690004+00:00,c1fb3bc37bfa2b96,2026-07-29T16:20:55.148531+00:00,134.631,4,2,vets-service|api-gateway,False,GET,/api/vet/vets,200,1,121.751,1
2026-07-29T16:21:41.690004+00:00,bb1627227229f520,2026-07-29T16:20:54.983090+00:00,54.171,4,2,customers-service|api-gateway,False,GET,/api/customer/owners/1,200,1,54.171,1
2026-07-29T16:21:41.690004+00:00,f3283316e1f4005a,2026-07-29T16:20:54.853457+00:00,131.01,4,2,vets-service|api-gateway,False,GET,/api/vet/vets,200,1,129.709,1
2026-07-29T16:21:41.690004+00:00,4c9c67bf72f1126b,2026-07-29T16:20:54.687223+00:00,120.201,4,2,vets-service|api-gateway,False,GET,/api/vet/vets,200,1,118.856,1
2026-07-29T16:21:41.690004+00:00,61bdb96361d1d30e,2026-07-29T16:20:54.481803+00:00,29.898,3,2,api-gateway|visits-service,False,GET,/api/visit/owners/1/pets/1/visits,200,0,0.0,1
2026-07-29T16:21:41.690004+00:00,45a450ebfb7226e6,2026-07-29T16:20:54.314611+00:00,89.33,4,2,customers-service|api-gateway,False,GET,/api/customer/owners/1,200,1,77.635,1
2026-07-29T16:21:41.690004+00:00,14579494a8972a4a,2026-07-29T16:20:54.148047+00:00,61.26,4,2,customers-service|api-gateway,False,GET,/api/customer/owners/1,200,1,57.556,1
2026-07-29T16:21:41.690004+00:00,4632b5bfb7a538e2,2026-07-29T16:20:54.023605+00:00,11.254,3,2,visits-service|api-gateway,False,GET,/api/visit/owners/1/pets/1/visits,200,0,0.0,1
2026-07-29T16:21:41.690004+00:00,a8ce92e8fe65baf5,2026-07-29T16:20:53.855790+00:00,21.323,3,2,visits-service|api-gateway,False,GET,/api/visit/owners/1/pets/1/visits,200,0,0.0,1
2026-07-29T16:21:41.690004+00:00,7fa1e78e5587c4b0,2026-07-29T16:20:53.690839+00:00,118.986,4,2,vets-service|api-gateway,False,GET,/api/vet/vets,200,1,117.682,1
2026-07-29T16:21:41.690004+00:00,67c7a22f38c7b7d4,2026-07-29T16:20:53.481981+00:00,31.115,3,2,api-gateway|visits-service,False,GET,/api/visit/owners/1/pets/1/visits,200,0,0.0,1
2026-07-29T16:21:41.690004+00:00,11338c11f2e87136,2026-07-29T16:20:53.315141+00:00,72.425,4,2,customers-service|api-gateway,False,GET,/api/customer/owners/1,200,1,60.774,1
2026-07-29T16:21:41.690004+00:00,573053a6988c2ee1,2026-07-29T16:20:53.148787+00:00,133.896,4,2,vets-service|api-gateway,False,GET,/api/vet/vets,200,1,120.876,1
2026-07-29T16:21:41.690004+00:00,ccbd8be641283b47,2026-07-29T16:20:53.021395+00:00,17.764,3,2,visits-service|api-gateway,False,GET,/api/visit/owners/1/pets/1/visits,200,0,0.0,1
2026-07-29T16:21:41.690004+00:00,4511603064cf77ec,2026-07-29T16:20:52.853133+00:00,118.987,4,2,vets-service|api-gateway,False,GET,/api/vet/vets,200,1,117.75,1
2026-07-29T16:21:41.690004+00:00,b6d417a71f7e4c4d,2026-07-29T16:20:52.687778+00:00,128.634,4,2,vets-service|api-gateway,False,GET,/api/vet/vets,200,1,127.389,1
2026-07-29T16:21:41.690004+00:00,caa00057ff569ac2,2026-07-29T16:20:52.482379+00:00,185.92,4,2,customers-service|api-gateway,False,GET,/api/customer/owners,200,1,181.121,1
2026-07-29T16:21:41.690004+00:00,5bebe86cce92be03,2026-07-29T16:20:52.355662+00:00,110.849,4,2,vets-service|api-gateway,False,GET,/api/vet/vets,200,1,109.89,1
2026-07-29T16:21:41.690004+00:00,d8499b21c7b0964b,2026-07-29T16:20:52.148780+00:00,190.262,4,2,customers-service|api-gateway,False,GET,/api/customer/owners,200,1,175.64,1
2026-07-29T16:21:41.690004+00:00,93f5a8b2455e2cb9,2026-07-29T16:20:51.982112+00:00,133.949,4,2,vets-service|api-gateway,False,GET,/api/vet/vets,200,1,119.733,1
2026-07-29T16:21:41.690004+00:00,5d3215baeda4aa20,2026-07-29T16:20:51.856187+00:00,126.937,4,2,vets-service|api-gateway,False,GET,/api/vet/vets,200,1,125.8,1
2026-07-29T16:21:41.690004+00:00,629462b51471ab08,2026-07-29T16:20:51.693837+00:00,151.857,4,2,vets-service|api-gateway,False,GET,/api/vet/vets,200,1,150.592,1
2026-07-29T16:21:41.690004+00:00,6543ddff9ef747bf,2026-07-29T16:20:51.481051+00:00,176.456,4,2,customers-service|api-gateway,False,GET,/api/customer/owners,200,1,173.23,1
2026-07-29T16:21:41.690004+00:00,904e24de9bd6e47d,2026-07-29T16:20:51.315162+00:00,76.487,4,2,customers-service|api-gateway,False,GET,/api/customer/owners/1,200,1,63.774,1
2026-07-29T16:21:41.690004+00:00,580c4a4cbe519e25,2026-07-29T16:20:51.148582+00:00,73.616,4,2,customers-service|api-gateway,False,GET,/api/customer/owners/1,200,1,65.89,1
2026-07-29T16:21:41.690004+00:00,06a4fdee528dff66,2026-07-29T16:20:51.022108+00:00,17.383,3,2,visits-service|api-gateway,False,GET,/api/visit/owners/1/pets/1/visits,200,0,0.0,1
2026-07-29T16:21:41.690004+00:00,c5a1303e321ad5cd,2026-07-29T16:20:50.853533+00:00,173.547,4,2,customers-service|api-gateway,False,GET,/api/customer/owners,200,1,172.19,1
2026-07-29T16:21:41.690004+00:00,f0a4320667be06c1,2026-07-29T16:20:50.650034+00:00,52.637,4,2,customers-service|api-gateway,False,GET,/api/customer/owners/1,200,1,51.665,1
2026-07-29T16:21:41.690004+00:00,9bfddea50b3d0caf,2026-07-29T16:20:50.521411+00:00,121.406,4,2,vets-service|api-gateway,False,GET,/api/vet/vets,200,1,120.217,1
2026-07-29T16:21:41.690004+00:00,fd2f0de95d6f78f0,2026-07-29T16:20:50.356531+00:00,128.793,4,2,vets-service|api-gateway,False,GET,/api/vet/vets,200,1,127.488,1
2026-07-29T16:21:41.690004+00:00,f3a73a057747ab32,2026-07-29T16:20:50.148052+00:00,143.797,4,2,vets-service|api-gateway,False,GET,/api/vet/vets,200,1,128.428,1
2026-07-29T16:21:41.690004+00:00,7c74dd1da21b1962,2026-07-29T16:20:50.023059+00:00,359.096,4,2,vets-service|api-gateway,False,GET,/api/vet/vets,200,1,357.975,1
2026-07-29T16:21:41.690004+00:00,6ecf02e4f142d9e3,2026-07-29T16:20:49.855566+00:00,202.037,4,2,customers-service|api-gateway,False,GET,/api/customer/owners,200,1,200.72,1
2026-07-29T16:21:41.690004+00:00,e93858bd0e977d67,2026-07-29T16:20:49.648841+00:00,29.432,3,2,api-gateway|visits-service,False,GET,/api/visit/owners/1/pets/1/visits,200,0,0.0,1
2026-07-29T16:21:41.690004+00:00,2d296625a6b0fcd0,2026-07-29T16:20:49.481810+00:00,151.8,4,2,customers-service|api-gateway,False,GET,/api/customer/owners,200,1,147.872,1
2026-07-29T16:21:41.690004+00:00,4b7fe54b1b597054,2026-07-29T16:20:49.353702+00:00,128.112,4,2,vets-service|api-gateway,False,GET,/api/vet/vets,200,1,126.922,1
2026-07-29T16:21:41.690004+00:00,7e90666608ebc638,2026-07-29T16:20:49.148952+00:00,192.414,4,2,customers-service|api-gateway,False,GET,/api/customer/owners,200,1,175.906,1
2026-07-29T16:21:41.690004+00:00,6a9807bd05b7a78b,2026-07-29T16:20:49.023127+00:00,20.521,3,2,visits-service|api-gateway,False,GET,/api/visit/owners/1/pets/1/visits,200,0,0.0,1
2026-07-29T16:21:41.690004+00:00,f68ef88513cea9cb,2026-07-29T16:20:48.856485+00:00,122.233,4,2,vets-service|api-gateway,False,GET,/api/vet/vets,200,1,120.912,1
2026-07-29T16:21:41.690004+00:00,52f0e043bf6e04b7,2026-07-29T16:20:48.651056+00:00,70.733,4,2,customers-service|api-gateway,False,GET,/api/customer/owners/1,200,1,69.25,1
2026-07-29T16:21:41.690004+00:00,1f875268c8c51b99,2026-07-29T16:20:48.520708+00:00,181.78,4,2,customers-service|api-gateway,False,GET,/api/customer/owners,200,1,180.805,1
2026-07-29T16:21:41.690004+00:00,e4c296feca4eedb1,2026-07-29T16:20:48.315662+00:00,167.481,4,2,customers-service|api-gateway,False,GET,/api/customer/owners,200,1,162.115,1
2026-07-29T16:21:41.690004+00:00,9dfa2b85bcb4c3a6,2026-07-29T16:20:48.147655+00:00,188.266,4,2,customers-service|api-gateway,False,GET,/api/customer/owners,200,1,175.593,1
2026-07-29T16:21:41.690004+00:00,fa86d738c21c2af0,2026-07-29T16:20:47.981965+00:00,183.392,4,2,customers-service|api-gateway,False,GET,/api/customer/owners,200,1,178.816,1
2026-07-29T16:21:41.690004+00:00,f5db885d072c6b4e,2026-07-29T16:20:47.853296+00:00,53.796,4,2,customers-service|api-gateway,False,GET,/api/customer/owners/1,200,1,52.706,1
2026-07-29T16:21:41.690004+00:00,9424dfa1ef336c33,2026-07-29T16:20:47.651279+00:00,161.167,4,2,customers-service|api-gateway,False,GET,/api/customer/owners,200,1,159.616,1
2026-07-29T16:21:41.690004+00:00,dd4659fa7540bcc2,2026-07-29T16:20:47.482280+00:00,29.52,3,2,api-gateway|visits-service,False,GET,/api/visit/owners/1/pets/1/visits,200,0,0.0,1
2026-07-29T16:21:41.690004+00:00,9ba1df78ed441161,2026-07-29T16:20:47.356022+00:00,168.955,4,2,customers-service|api-gateway,False,GET,/api/customer/owners,200,1,167.633,1
2026-07-29T16:21:41.690004+00:00,0be3ba94ec365f2a,2026-07-29T16:20:47.148925+00:00,67.864,4,2,customers-service|api-gateway,False,GET,/api/customer/owners/1,200,1,62.507,1
2026-07-29T16:21:41.690004+00:00,3c8f9acc8a81ca21,2026-07-29T16:20:46.982063+00:00,211.535,4,2,customers-service|api-gateway,False,GET,/api/customer/owners,200,1,197.97,1
2026-07-29T16:21:41.690004+00:00,35a6bd9518063645,2026-07-29T16:20:46.855499+00:00,131.796,4,2,vets-service|api-gateway,False,GET,/api/vet/vets,200,1,130.607,1
2026-07-29T16:21:41.690004+00:00,827f0b67dc741b00,2026-07-29T16:20:46.687375+00:00,20.712,3,2,visits-service|api-gateway,False,GET,/api/visit/owners/1/pets/1/visits,200,0,0.0,1
2026-07-29T16:21:41.690004+00:00,f9b32f75a5b2fd28,2026-07-29T16:20:46.481768+00:00,175.627,4,2,customers-service|api-gateway,False,GET,/api/customer/owners,200,1,170.682,1
2026-07-29T16:21:41.690004+00:00,42bfa00169bb27d8,2026-07-29T16:20:46.356382+00:00,70.827,4,2,customers-service|api-gateway,False,GET,/api/customer/owners/1,200,1,69.695,1
2026-07-29T16:21:41.690004+00:00,d0c4b65b6c2ee24b,2026-07-29T16:20:46.148978+00:00,192.961,4,2,customers-service|api-gateway,False,GET,/api/customer/owners,200,1,186.363,1
2026-07-29T16:21:41.690004+00:00,6abeca44bedf66af,2026-07-29T16:20:45.981226+00:00,203.956,4,2,customers-service|api-gateway,False,GET,/api/customer/owners,200,1,189.333,1
2026-07-29T16:21:41.690004+00:00,426e781fa8621e29,2026-07-29T16:20:45.818254+00:00,187.711,4,2,customers-service|api-gateway,False,GET,/api/customer/owners,200,1,186.444,1
2026-07-29T16:21:41.690004+00:00,afd408ce64ef21e9,2026-07-29T16:20:45.687229+00:00,188.043,4,2,customers-service|api-gateway,False,GET,/api/customer/owners,200,1,186.686,1
2026-07-29T16:21:41.690004+00:00,69167a54dcbc7fbc,2026-07-29T16:20:45.482287+00:00,169.279,4,2,customers-service|api-gateway,False,GET,/api/customer/owners,200,1,165.767,1
2026-07-29T16:21:41.690004+00:00,838efa35952216f6,2026-07-29T16:20:45.354352+00:00,131.219,4,2,vets-service|api-gateway,False,GET,/api/vet/vets,200,1,129.97,1
2026-07-29T16:21:41.690004+00:00,5f632a35ae9ce197,2026-07-29T16:20:45.147942+00:00,181.881,4,2,customers-service|api-gateway,False,GET,/api/customer/owners,200,1,170.215,1
2026-07-29T16:21:41.690004+00:00,b7aa7b4f9a62e614,2026-07-29T16:20:45.020856+00:00,19.437,3,2,visits-service|api-gateway,False,GET,/api/visit/owners/1/pets/1/visits,200,0,0.0,1
2026-07-29T16:21:41.690004+00:00,57363df7bbe922bc,2026-07-29T16:20:44.854747+00:00,120.544,4,2,vets-service|api-gateway,False,GET,/api/vet/vets,200,1,119.257,1
2026-07-29T16:21:41.690004+00:00,c4f206abf20f88b0,2026-07-29T16:20:44.688366+00:00,19.028,3,2,visits-service|api-gateway,False,GET,/api/visit/owners/1/pets/1/visits,200,0,0.0,1
2026-07-29T16:21:41.690004+00:00,ef0ab988d57578f7,2026-07-29T16:20:44.481432+00:00,70.302,4,2,customers-service|api-gateway,False,GET,/api/customer/owners/1,200,1,64.988,1
2026-07-29T16:21:41.690004+00:00,50b400184de06fad,2026-07-29T16:20:44.314927+00:00,29.575,3,2,api-gateway|visits-service,False,GET,/api/visit/owners/1/pets/1/visits,200,0,0.0,1
2026-07-29T16:21:41.690004+00:00,b6bd886c4051427c,2026-07-29T16:20:44.148889+00:00,30.496,3,2,api-gateway|visits-service,False,GET,/api/visit/owners/1/pets/1/visits,200,0,0.0,1
2026-07-29T16:21:41.690004+00:00,173ba63c3d7938a2,2026-07-29T16:20:43.982374+00:00,155.062,4,2,vets-service|api-gateway,False,GET,/api/vet/vets,200,1,141.329,1
2026-07-29T16:21:41.690004+00:00,183f4c012718e905,2026-07-29T16:20:43.854787+00:00,10.954,3,2,visits-service|api-gateway,False,GET,/api/visit/owners/1/pets/1/visits,200,0,0.0,1
2026-07-29T16:21:41.690004+00:00,d72b1793b9852590,2026-07-29T16:20:43.688049+00:00,17.346,3,2,visits-service|api-gateway,False,GET,/api/visit/owners/1/pets/1/visits,200,0,0.0,1
2026-07-29T16:21:41.690004+00:00,4207825576dcdd4e,2026-07-29T16:20:43.521274+00:00,122.576,4,2,vets-service|api-gateway,False,GET,/api/vet/vets,200,1,121.3,1
2026-07-29T16:21:41.690004+00:00,d804cff8957a6834,2026-07-29T16:20:43.315148+00:00,30.452,3,2,api-gateway|visits-service,False,GET,/api/visit/owners/1/pets/1/visits,200,0,0.0,1
2026-07-29T16:21:41.690004+00:00,1bc960d85d18e97a,2026-07-29T16:20:43.148101+00:00,204.223,4,2,customers-service|api-gateway,False,GET,/api/customer/owners,200,1,193.087,1
2026-07-29T16:21:41.690004+00:00,2466c3aabdac4ac8,2026-07-29T16:20:42.981158+00:00,169.33,4,2,vets-service|api-gateway,False,GET,/api/vet/vets,200,1,158.579,1
2026-07-29T16:21:41.690004+00:00,5785d77e1866cab1,2026-07-29T16:20:42.816069+00:00,57.356,4,2,customers-service|api-gateway,False,GET,/api/customer/owners/1,200,1,57.356,1
2026-07-29T16:21:41.690004+00:00,62086e8635eb054e,2026-07-29T16:20:42.688432+00:00,127.845,4,2,vets-service|api-gateway,False,GET,/api/vet/vets,200,1,126.593,1
2026-07-29T16:21:41.690004+00:00,227c1ddad4ca1bc8,2026-07-29T16:20:42.482471+00:00,19.723,3,2,api-gateway|visits-service,False,GET,/api/visit/owners/1/pets/1/visits,200,0,0.0,1
2026-07-29T16:21:41.690004+00:00,cd3a07e14cadaa7e,2026-07-29T16:20:42.315236+00:00,28.973,3,2,api-gateway|visits-service,False,GET,/api/visit/owners/1/pets/1/visits,200,0,0.0,1
2026-07-29T16:21:41.690004+00:00,4e83020abb6dcb92,2026-07-29T16:20:42.148472+00:00,34.822,3,2,api-gateway|visits-service,False,GET,/api/visit/owners/1/pets/1/visits,200,0,0.0,1
2026-07-29T16:21:41.690004+00:00,d6d2d803f02adf85,2026-07-29T16:20:41.981150+00:00,85.798,4,2,customers-service|api-gateway,False,GET,/api/customer/owners/1,200,1,73.056,1
2026-07-29T16:21:41.690004+00:00,29afe7878d6368f2,2026-07-29T16:21:41.649179+00:00,202.73,4,2,customers-service|api-gateway,False,GET,/api/customer/owners,200,1,190.356,1
2026-07-29T16:21:41.690004+00:00,c4f687263d3a2149,2026-07-29T16:21:41.482117+00:00,85.323,4,2,customers-service|api-gateway,False,GET,/api/customer/owners/1,200,1,72.036,1
2026-07-29T16:21:41.690004+00:00,e02104441f600da0,2026-07-29T16:21:41.314583+00:00,183.65,4,2,customers-service|api-gateway,False,GET,/api/customer/owners,200,1,170.204,1
2026-07-29T16:21:41.690004+00:00,773e0abc6654d4c1,2026-07-29T16:21:41.148343+00:00,74.488,4,2,customers-service|api-gateway,False,GET,/api/customer/owners/1,200,1,62.281,1
