collected_at,trace_id,start_timestamp,total_duration_ms,spans_count,unique_services_count,services_list,has_error,root_http_method,root_http_path,root_http_status,db_query_count,db_total_duration_ms,internal_calls_count
2026-07-29T15:40:15.620882+00:00,1eddba2552437f94,2026-07-29T15:39:13.707139+00:00,223.374,4,2,api-gateway|customers-service,False,GET,/api/customer/owners,200,1,221.865,1
2026-07-29T15:40:15.620882+00:00,a36db177b6a5dc18,2026-07-29T15:39:13.538729+00:00,22.92,3,2,visits-service|api-gateway,False,GET,/api/visit/owners/1/pets/1/visits,200,0,0.0,1
2026-07-29T15:40:15.620882+00:00,f16972db90ebb714,2026-07-29T15:39:13.371846+00:00,27.424,3,2,visits-service|api-gateway,False,GET,/api/visit/owners/1/pets/1/visits,200,0,0.0,1
2026-07-29T15:40:15.620882+00:00,9aeb653196b44a6c,2026-07-29T15:39:13.205163+00:00,106.628,4,2,api-gateway|customers-service,False,GET,/api/customer/owners/1,200,1,103.059,1
2026-07-29T15:40:15.620882+00:00,2e273d8d08dce7cf,2026-07-29T15:39:13.058011+00:00,33.24,3,2,api-gateway|visits-service,False,GET,/api/visit/owners/1/pets/1/visits,200,0,0.0,1
2026-07-29T15:40:15.620882+00:00,20d2d2169314f2fe,2026-07-29T15:39:12.871770+00:00,288.661,4,2,api-gateway|customers-service,False,GET,/api/customer/owners,200,1,284.648,1
2026-07-29T15:40:15.620882+00:00,d6570f69a1b00d97,2026-07-29T15:39:12.707527+00:00,110.474,4,2,api-gateway|customers-service,False,GET,/api/customer/owners/1,200,1,109.181,1
2026-07-29T15:40:15.620882+00:00,26e7d9c430f363da,2026-07-29T15:39:12.558031+00:00,257.921,4,2,api-gateway|customers-service,False,GET,/api/customer/owners,200,1,256.723,1
2026-07-29T15:40:15.620882+00:00,16b3351840e3a10f,2026-07-29T15:39:12.371842+00:00,499.429,4,2,vets-service|api-gateway,False,GET,/api/vet/vets,200,1,483.537,1
2026-07-29T15:40:15.620882+00:00,9928ec80b3c1995e,2026-07-29T15:39:12.225004+00:00,190.564,4,2,api-gateway|vets-service,False,GET,/api/vet/vets,200,1,189.116,1
2026-07-29T15:40:15.620882+00:00,7b7a4e24a328a064,2026-07-29T15:39:12.057928+00:00,23.33,3,2,api-gateway|visits-service,False,GET,/api/visit/owners/1/pets/1/visits,200,0,0.0,1
2026-07-29T15:40:15.620882+00:00,b87acb5d9c7fdd9e,2026-07-29T15:39:11.873770+00:00,255.476,4,2,vets-service|api-gateway,False,GET,/api/vet/vets,200,1,242.25,1
2026-07-29T15:40:15.620882+00:00,8b455112247b0cc6,2026-07-29T15:39:11.725685+00:00,248.143,4,2,api-gateway|vets-service,False,GET,/api/vet/vets,200,1,246.674,1
2026-07-29T15:40:15.620882+00:00,43c621cef01c7b58,2026-07-29T15:39:11.538456+00:00,93.554,4,2,api-gateway|customers-service,False,GET,/api/customer/owners/1,200,1,90.444,1
2026-07-29T15:40:15.620882+00:00,8d7c8cdb89e4f2c6,2026-07-29T15:39:11.371644+00:00,101.407,4,2,api-gateway|customers-service,False,GET,/api/customer/owners/1,200,1,96.93,1
2026-07-29T15:40:15.620882+00:00,59d378f5c1a17c83,2026-07-29T15:39:11.205778+00:00,33.752,3,2,visits-service|api-gateway,False,GET,/api/visit/owners/1/pets/1/visits,200,0,0.0,1
2026-07-29T15:40:15.620882+00:00,28266799f4588ca8,2026-07-29T15:39:11.039408+00:00,171.081,4,2,vets-service|api-gateway,False,GET,/api/vet/vets,200,1,156.812,1
2026-07-29T15:40:15.620882+00:00,2e6b1e7aad0a16c9,2026-07-29T15:39:10.872813+00:00,30.447,3,2,visits-service|api-gateway,False,GET,/api/visit/owners/1/pets/1/visits,200,0,0.0,1
2026-07-29T15:40:15.620882+00:00,dfa32269b702779f,2026-07-29T15:39:10.708392+00:00,95.799,4,2,api-gateway|customers-service,False,GET,/api/customer/owners/1,200,1,93.985,1
2026-07-29T15:40:15.620882+00:00,9371bbc96202cc60,2026-07-29T15:39:10.558305+00:00,390.651,4,2,api-gateway|vets-service,False,GET,/api/vet/vets,200,1,389.217,1
2026-07-29T15:40:15.620882+00:00,56a1cca21b00adc3,2026-07-29T15:39:10.372716+00:00,38.336,3,2,visits-service|api-gateway,False,GET,/api/visit/owners/1/pets/1/visits,200,0,0.0,1
2026-07-29T15:40:15.620882+00:00,86ab57c46d0930bd,2026-07-29T15:39:10.205925+00:00,123.981,4,2,api-gateway|customers-service,False,GET,/api/customer/owners/1,200,1,118.221,1
2026-07-29T15:40:15.620882+00:00,3597973781ea28f4,2026-07-29T15:39:10.039454+00:00,84.934,4,2,api-gateway|customers-service,False,GET,/api/customer/owners/1,200,1,78.957,1
2026-07-29T15:40:15.620882+00:00,089850755894c62b,2026-07-29T15:39:09.872467+00:00,239.484,4,2,api-gateway|customers-service,False,GET,/api/customer/owners,200,1,222.829,1
2026-07-29T15:40:15.620882+00:00,36933baebc7f1d04,2026-07-29T15:39:09.715143+00:00,204.006,4,2,api-gateway|customers-service,False,GET,/api/customer/owners,200,1,202.473,1
2026-07-29T15:40:15.620882+00:00,a080bfd7266162b9,2026-07-29T15:39:09.538977+00:00,88.488,4,2,api-gateway|customers-service,False,GET,/api/customer/owners/1,200,1,83.006,1
2026-07-29T15:40:15.620882+00:00,271ef589eb7e581f,2026-07-29T15:39:09.372542+00:00,226.815,4,2,api-gateway|customers-service,False,GET,/api/customer/owners,200,1,221.053,1
2026-07-29T15:40:15.620882+00:00,5efd2a96fa8c4648,2026-07-29T15:39:09.205346+00:00,112.776,4,2,api-gateway|customers-service,False,GET,/api/customer/owners/1,200,1,106.919,1
2026-07-29T15:40:15.620882+00:00,4c1ce23ebca8d64e,2026-07-29T15:39:09.038562+00:00,81.71,4,2,api-gateway|customers-service,False,GET,/api/customer/owners/1,200,1,75.805,1
2026-07-29T15:40:15.620882+00:00,3cf98a2e1392498a,2026-07-29T15:39:08.892145+00:00,95.551,4,2,api-gateway|customers-service,False,GET,/api/customer/owners/1,200,1,94.668,1
2026-07-29T15:40:15.620882+00:00,69a1a5abc63ed382,2026-07-29T15:39:08.708878+00:00,267.067,4,2,api-gateway|customers-service,False,GET,/api/customer/owners,200,1,265.497,1
2026-07-29T15:40:15.620882+00:00,1121cfe09e78c61d,2026-07-29T15:39:08.541001+00:00,101.321,4,2,api-gateway|customers-service,False,GET,/api/customer/owners/1,200,1,100.295,1
2026-07-29T15:40:15.620882+00:00,c64cb5797b2afbed,2026-07-29T15:39:08.371518+00:00,251.218,4,2,api-gateway|customers-service,False,GET,/api/customer/owners,200,1,246.889,1
2026-07-29T15:40:15.620882+00:00,3547463c1c39e499,2026-07-29T15:39:08.205465+00:00,209.338,4,2,vets-service|api-gateway,False,GET,/api/vet/vets,200,1,194.657,1
2026-07-29T15:40:15.620882+00:00,65d59c5989bc3c5b,2026-07-29T15:39:08.039123+00:00,79.971,4,2,api-gateway|customers-service,False,GET,/api/customer/owners/1,200,1,75.645,1
2026-07-29T15:40:15.620882+00:00,a4712f87094ba542,2026-07-29T15:39:07.872948+00:00,60.801,3,2,visits-service|api-gateway,False,GET,/api/visit/owners/1/pets/1/visits,200,0,0.0,1
2026-07-29T15:40:15.620882+00:00,18c3f0c9ef6a59d9,2026-07-29T15:39:07.709379+00:00,130.131,4,2,api-gateway|customers-service,False,GET,/api/customer/owners/1,200,1,128.071,1
2026-07-29T15:40:15.620882+00:00,50a721e6fbc3d791,2026-07-29T15:39:07.560048+00:00,84.677,4,2,api-gateway|customers-service,False,GET,/api/customer/owners/1,200,1,83.501,1
2026-07-29T15:40:15.620882+00:00,d713d6dc8e38455e,2026-07-29T15:39:07.371335+00:00,99.114,4,2,api-gateway|customers-service,False,GET,/api/customer/owners/1,200,1,94.624,1
2026-07-29T15:40:15.620882+00:00,e8be951d8156755e,2026-07-29T15:39:07.225009+00:00,205.269,4,2,api-gateway|vets-service,False,GET,/api/vet/vets,200,1,203.353,1
2026-07-29T15:40:15.620882+00:00,517486606012ec5c,2026-07-29T15:39:07.038987+00:00,141.387,4,2,api-gateway|customers-service,False,GET,/api/customer/owners/1,200,1,137.41,1
2026-07-29T15:40:15.620882+00:00,82d9d54d1daa1e48,2026-07-29T15:39:06.872000+00:00,370.521,4,2,vets-service|api-gateway,False,GET,/api/vet/vets,200,1,357.675,1
2026-07-29T15:40:15.620882+00:00,6faa02751ed3c310,2026-07-29T15:39:06.725747+00:00,200.639,4,2,api-gateway|vets-service,False,GET,/api/vet/vets,200,1,198.86,1
2026-07-29T15:40:15.620882+00:00,5e4d3fb1845510e9,2026-07-29T15:39:06.542442+00:00,99.287,4,2,api-gateway|customers-service,False,GET,/api/customer/owners/1,200,1,97.343,1
2026-07-29T15:40:15.620882+00:00,f4ed4fd6b74929e2,2026-07-29T15:39:06.372241+00:00,195.708,4,2,vets-service|api-gateway,False,GET,/api/vet/vets,200,1,181.651,1
2026-07-29T15:40:15.620882+00:00,f2b9ed016087184d,2026-07-29T15:39:06.226394+00:00,180.824,4,2,api-gateway|vets-service,False,GET,/api/vet/vets,200,1,179.465,1
2026-07-29T15:40:15.620882+00:00,2ecc37333d2b7d9f,2026-07-29T15:39:06.038510+00:00,93.254,4,2,api-gateway|customers-service,False,GET,/api/customer/owners/1,200,1,87.024,1
2026-07-29T15:40:15.620882+00:00,1ed90cabbb336339,2026-07-29T15:39:05.871580+00:00,23.166,3,2,visits-service|api-gateway,False,GET,/api/visit/owners/1/pets/1/visits,200,0,0.0,1
2026-07-29T15:40:15.620882+00:00,7c909b22208999dc,2026-07-29T15:39:05.724922+00:00,149.708,4,2,api-gateway|vets-service,False,GET,/api/vet/vets,200,1,148.427,1
2026-07-29T15:40:15.620882+00:00,ce808e60c87cf9b5,2026-07-29T15:39:05.540750+00:00,29.146,3,2,visits-service|api-gateway,False,GET,/api/visit/owners/1/pets/1/visits,200,0,0.0,1
2026-07-29T15:40:15.620882+00:00,5549cf50f9c8770a,2026-07-29T15:39:05.372531+00:00,19.848,3,2,visits-service|api-gateway,False,GET,/api/visit/owners/1/pets/1/visits,200,0,0.0,1
2026-07-29T15:40:15.620882+00:00,60ed790b929cd310,2026-07-29T15:39:05.206155+00:00,86.881,4,2,api-gateway|customers-service,False,GET,/api/customer/owners/1,200,1,80.957,1
2026-07-29T15:40:15.620882+00:00,38959c13db2c48fb,2026-07-29T15:39:05.039706+00:00,98.01,4,2,api-gateway|customers-service,False,GET,/api/customer/owners/1,200,1,83.169,1
2026-07-29T15:40:15.620882+00:00,345efc6b84e3b506,2026-07-29T15:39:04.872136+00:00,21.539,3,2,visits-service|api-gateway,False,GET,/api/visit/owners/1/pets/1/visits,200,0,0.0,1
2026-07-29T15:40:15.620882+00:00,ab8543485c292e5e,2026-07-29T15:39:04.705371+00:00,35.54,3,2,visits-service|api-gateway,False,GET,/api/visit/owners/1/pets/1/visits,200,0,0.0,1
2026-07-29T15:40:15.620882+00:00,76be37f5a5ec07b4,2026-07-29T15:39:04.541625+00:00,168.793,4,2,api-gateway|customers-service,False,GET,/api/customer/owners,200,1,167.503,1
2026-07-29T15:40:15.620882+00:00,7da8132f876cd20b,2026-07-29T15:39:04.372550+00:00,94.711,4,2,api-gateway|customers-service,False,GET,/api/customer/owners/1,200,1,88.527,1
2026-07-29T15:40:15.620882+00:00,8c22935b98cf76af,2026-07-29T15:39:04.224458+00:00,131.315,4,2,api-gateway|vets-service,False,GET,/api/vet/vets,200,1,129.971,1
2026-07-29T15:40:15.620882+00:00,2c5f97167007b920,2026-07-29T15:39:04.039568+00:00,81.379,4,2,api-gateway|customers-service,False,GET,/api/customer/owners/1,200,1,74.924,1
2026-07-29T15:40:15.620882+00:00,a4e07f66dd0b0ae3,2026-07-29T15:39:03.892412+00:00,198.15,4,2,api-gateway|vets-service,False,GET,/api/vet/vets,200,1,196.774,1
2026-07-29T15:40:15.620882+00:00,7049b72ac5bc57d2,2026-07-29T15:39:03.708489+00:00,174.437,4,2,api-gateway|customers-service,False,GET,/api/customer/owners,200,1,172.892,1
2026-07-29T15:40:15.620882+00:00,c6c8ff88b6d385f3,2026-07-29T15:39:03.539053+00:00,21.272,3,2,visits-service|api-gateway,False,GET,/api/visit/owners/1/pets/1/visits,200,0,0.0,1
2026-07-29T15:40:15.620882+00:00,b633044173eac881,2026-07-29T15:39:03.372183+00:00,20.268,3,2,visits-service|api-gateway,False,GET,/api/visit/owners/1/pets/1/visits,200,0,0.0,1
2026-07-29T15:40:15.620882+00:00,7e631a6763e0d326,2026-07-29T15:39:03.205247+00:00,244.746,4,2,api-gateway|customers-service,False,GET,/api/customer/owners,200,1,239.322,1
2026-07-29T15:40:15.620882+00:00,d20f049e203b150e,2026-07-29T15:39:03.040762+00:00,268.65,4,2,api-gateway|customers-service,False,GET,/api/customer/owners,200,1,255.917,1
2026-07-29T15:40:15.620882+00:00,3281137b53c272f2,2026-07-29T15:39:02.872176+00:00,23.55,3,2,visits-service|api-gateway,False,GET,/api/visit/owners/1/pets/1/visits,200,0,0.0,1
2026-07-29T15:40:15.620882+00:00,10ff2be7e2c2ed4b,2026-07-29T15:39:02.705079+00:00,26.116,3,2,visits-service|api-gateway,False,GET,/api/visit/owners/1/pets/1/visits,200,0,0.0,1
2026-07-29T15:40:15.620882+00:00,01f2a70678808468,2026-07-29T15:39:02.558683+00:00,144.05,4,2,api-gateway|vets-service,False,GET,/api/vet/vets,200,1,142.489,1
2026-07-29T15:40:15.620882+00:00,72c024a63d455764,2026-07-29T15:39:02.372460+00:00,31.53,3,2,visits-service|api-gateway,False,GET,/api/visit/owners/1/pets/1/visits,200,0,0.0,1
2026-07-29T15:40:15.620882+00:00,f6aac413283d013d,2026-07-29T15:39:02.205423+00:00,191.278,4,2,api-gateway|customers-service,False,GET,/api/customer/owners,200,1,184.24,1
2026-07-29T15:40:15.620882+00:00,08a1a5ced5e966f4,2026-07-29T15:39:02.038566+00:00,77.638,4,2,api-gateway|customers-service,False,GET,/api/customer/owners/1,200,1,74.313,1
2026-07-29T15:40:15.620882+00:00,de9945a3a234cb28,2026-07-29T15:39:01.872333+00:00,217.249,4,2,api-gateway|customers-service,False,GET,/api/customer/owners,200,1,211.34,1
2026-07-29T15:40:15.620882+00:00,2308b9ef06145787,2026-07-29T15:39:01.705846+00:00,27.471,3,2,visits-service|api-gateway,False,GET,/api/visit/owners/1/pets/1/visits,200,0,0.0,1
2026-07-29T15:40:15.620882+00:00,34f82047a8bfc0c6,2026-07-29T15:39:01.558707+00:00,132.365,4,2,api-gateway|customers-service,False,GET,/api/customer/owners/1,200,1,131.348,1
2026-07-29T15:40:15.620882+00:00,e6120f021aaac3a4,2026-07-29T15:39:01.402330+00:00,366.404,4,2,api-gateway|customers-service,False,GET,/api/customer/owners,200,1,364.719,1
2026-07-29T15:40:15.620882+00:00,f3916bc90b829f52,2026-07-29T15:39:01.205998+00:00,426.305,4,2,api-gateway|customers-service,False,GET,/api/customer/owners/1,200,1,422.869,1
2026-07-29T15:40:15.620882+00:00,58b4aaf72f2d755e,2026-07-29T15:39:01.064092+00:00,660.326,4,2,api-gateway|customers-service,False,GET,/api/customer/owners,200,1,658.866,1
2026-07-29T15:40:15.620882+00:00,ab70ed34767c941c,2026-07-29T15:39:00.896519+00:00,763.895,4,2,api-gateway|vets-service,False,GET,/api/vet/vets,200,1,762.459,1
2026-07-29T15:40:15.620882+00:00,5aa84959d4e0c68a,2026-07-29T15:39:00.705694+00:00,944.668,4,2,vets-service|api-gateway,False,GET,/api/vet/vets,200,1,933.8,1
2026-07-29T15:40:15.620882+00:00,708bf3ec519437ee,2026-07-29T15:39:00.541671+00:00,1125.194,4,2,api-gateway|customers-service,False,GET,/api/customer/owners,200,1,1123.858,1
2026-07-29T15:40:15.620882+00:00,6100fd78f4e37b6e,2026-07-29T15:39:00.372761+00:00,1021.733,4,2,vets-service|api-gateway,False,GET,/api/vet/vets,200,1,1008.201,1
2026-07-29T15:40:15.620882+00:00,b00cc7fcfa980848,2026-07-29T15:39:00.204635+00:00,1406.156,4,2,api-gateway|customers-service,False,GET,/api/customer/owners,200,1,1402.848,1
2026-07-29T15:40:15.620882+00:00,fe67c311958dd3ec,2026-07-29T15:39:00.057847+00:00,1347.877,4,2,api-gateway|customers-service,False,GET,/api/customer/owners,200,1,1346.733,1
2026-07-29T15:40:15.620882+00:00,be9f4510d0352e78,2026-07-29T15:38:59.871751+00:00,1268.718,4,2,api-gateway|customers-service,False,GET,/api/customer/owners,200,1,1264.419,1
2026-07-29T15:40:15.620882+00:00,ebcf662c462e002b,2026-07-29T15:38:59.764571+00:00,930.442,4,2,api-gateway|vets-service,False,GET,/api/vet/vets,200,1,929.23,1
2026-07-29T15:40:15.620882+00:00,c17283970611d16e,2026-07-29T15:38:59.558974+00:00,1118.493,4,2,api-gateway|vets-service,False,GET,/api/vet/vets,200,1,1117.021,1
2026-07-29T15:40:15.620882+00:00,451c8d143250d812,2026-07-29T15:38:59.372402+00:00,849.113,4,2,vets-service|api-gateway,False,GET,/api/vet/vets,200,1,836.137,1
2026-07-29T15:40:15.620882+00:00,fd6ce9f1ae4c9242,2026-07-29T15:38:59.205671+00:00,1225.038,4,2,api-gateway|customers-service,False,GET,/api/customer/owners,200,1,1219.987,1
2026-07-29T15:40:15.620882+00:00,4e146d9654b01389,2026-07-29T15:38:59.060430+00:00,912.516,4,2,api-gateway|vets-service,False,GET,/api/vet/vets,200,1,910.9,1
2026-07-29T15:40:15.620882+00:00,357ecbda623fc9cc,2026-07-29T15:38:58.872825+00:00,860.778,4,2,vets-service|api-gateway,False,GET,/api/vet/vets,200,1,847.506,1
2026-07-29T15:40:15.620882+00:00,1b137f86bfc05e98,2026-07-29T15:38:58.726377+00:00,172.116,3,2,api-gateway|visits-service,False,GET,/api/visit/owners/1/pets/1/visits,200,0,0.0,1
2026-07-29T15:40:15.620882+00:00,a1b37864cdfa0128,2026-07-29T15:38:58.541265+00:00,1412.812,4,2,api-gateway|customers-service,False,GET,/api/customer/owners,200,1,1412.812,1
2026-07-29T15:40:15.620882+00:00,af952b1e803ba525,2026-07-29T15:38:58.371962+00:00,39.766,3,2,visits-service|api-gateway,False,GET,/api/visit/owners/1/pets/1/visits,200,0,0.0,1
2026-07-29T15:40:15.620882+00:00,377bda1fad8c063b,2026-07-29T15:38:58.224481+00:00,1275.028,4,2,api-gateway|customers-service,False,GET,/api/customer/owners,200,1,1273.864,1
2026-07-29T15:40:15.620882+00:00,0e02181eac85e5ac,2026-07-29T15:38:58.039002+00:00,1183.099,4,2,api-gateway|customers-service,False,GET,/api/customer/owners,200,1,1178.992,1
2026-07-29T15:40:15.620882+00:00,b757e7e1ac539e2e,2026-07-29T15:38:57.871240+00:00,286.71,4,2,api-gateway|customers-service,False,GET,/api/customer/owners/1,200,1,283.501,1
2026-07-29T15:40:15.620882+00:00,4d6d01536b976c3c,2026-07-29T15:38:57.726480+00:00,219.832,3,2,api-gateway|visits-service,False,GET,/api/visit/owners/1/pets/1/visits,200,0,0.0,1
2026-07-29T15:40:15.620882+00:00,57c0549bedb4a02f,2026-07-29T15:38:57.561332+00:00,391.874,4,2,api-gateway|customers-service,False,GET,/api/customer/owners/1,200,1,390.69,1
2026-07-29T15:40:15.620882+00:00,e91536b6db2c3a42,2026-07-29T15:38:57.371930+00:00,1066.312,4,2,api-gateway|customers-service,False,GET,/api/customer/owners,200,1,1060.958,1
2026-07-29T15:40:15.620882+00:00,bc8a44e7842c2ab4,2026-07-29T15:38:57.207008+00:00,484.96,4,2,api-gateway|customers-service,False,GET,/api/customer/owners/1,200,1,484.96,1
2026-07-29T15:40:15.620882+00:00,94b7e7a4efe863ca,2026-07-29T15:38:57.058137+00:00,287.551,4,2,api-gateway|customers-service,False,GET,/api/customer/owners/1,200,1,286.448,1
2026-07-29T15:40:15.620882+00:00,c144f9aad74b29e6,2026-07-29T15:38:56.891799+00:00,1033.821,4,2,api-gateway|vets-service,False,GET,/api/vet/vets,200,1,1032.298,1
2026-07-29T15:40:15.620882+00:00,b1e89d7d79a8dbae,2026-07-29T15:38:56.705652+00:00,605.844,4,2,api-gateway|customers-service,False,GET,/api/customer/owners/1,200,1,599.244,1
2026-07-29T15:40:15.620882+00:00,ecbc11fb2f4a9b6d,2026-07-29T15:38:56.538127+00:00,148.379,3,2,visits-service|api-gateway,False,GET,/api/visit/owners/1/pets/1/visits,200,0,0.0,1
2026-07-29T15:40:15.620882+00:00,e66fad37cf40d72c,2026-07-29T15:38:56.372075+00:00,1121.648,4,2,api-gateway|customers-service,False,GET,/api/customer/owners,200,1,1117.554,1
2026-07-29T15:40:15.620882+00:00,35784bc11fd4bdb7,2026-07-29T15:38:56.206809+00:00,20.194,3,2,visits-service|api-gateway,False,GET,/api/visit/owners/1/pets/1/visits,200,0,0.0,1
2026-07-29T15:40:15.620882+00:00,5940613382cd2490,2026-07-29T15:38:56.060285+00:00,424.5,4,2,api-gateway|customers-service,False,GET,/api/customer/owners/1,200,1,423.341,1
2026-07-29T15:40:15.620882+00:00,eefe9cac1f5a5233,2026-07-29T15:38:55.871850+00:00,340.971,4,2,api-gateway|customers-service,False,GET,/api/customer/owners/1,200,1,336.623,1
2026-07-29T15:40:15.620882+00:00,e851f61d62a37322,2026-07-29T15:38:55.705971+00:00,33.496,3,2,visits-service|api-gateway,False,GET,/api/visit/owners/1/pets/1/visits,200,0,0.0,1
2026-07-29T15:40:15.620882+00:00,f1505fd4c6b21f65,2026-07-29T15:38:55.541536+00:00,1386.685,4,2,api-gateway|customers-service,False,GET,/api/customer/owners,200,1,1386.685,1
2026-07-29T15:40:15.620882+00:00,98ace170fe9fda4b,2026-07-29T15:38:55.372173+00:00,124.514,3,2,visits-service|api-gateway,False,GET,/api/visit/owners/1/pets/1/visits,200,0,0.0,1
2026-07-29T15:40:15.620882+00:00,0911778f50c7496d,2026-07-29T15:38:55.227015+00:00,289.1,4,2,api-gateway|customers-service,False,GET,/api/customer/owners/1,200,1,288.124,1
2026-07-29T15:40:15.620882+00:00,1596e313d078e13d,2026-07-29T15:38:55.038623+00:00,1184.884,4,2,api-gateway|customers-service,False,GET,/api/customer/owners,200,1,1181.466,1
2026-07-29T15:40:15.620882+00:00,e10dafefaaa90cb7,2026-07-29T15:38:54.873776+00:00,607.453,4,2,api-gateway|customers-service,False,GET,/api/customer/owners/1,200,1,604.89,1
2026-07-29T15:40:15.620882+00:00,041d7f12fad0cb12,2026-07-29T15:38:54.706075+00:00,1028.884,4,2,vets-service|api-gateway,False,GET,/api/vet/vets,200,1,1013.858,1
2026-07-29T15:40:15.620882+00:00,3ec2c638419b55dc,2026-07-29T15:38:54.538529+00:00,967.676,4,2,vets-service|api-gateway,False,GET,/api/vet/vets,200,1,957.258,1
2026-07-29T15:40:15.620882+00:00,3c74852e75311088,2026-07-29T15:38:54.371953+00:00,1362.778,4,2,vets-service|api-gateway,False,GET,/api/vet/vets,200,1,1349.911,1
2026-07-29T15:40:15.620882+00:00,079de5def775971d,2026-07-29T15:38:54.224290+00:00,1291.263,4,2,api-gateway|vets-service,False,GET,/api/vet/vets,200,1,1290.056,1
2026-07-29T15:40:15.620882+00:00,d6096ebb4cbcf09a,2026-07-29T15:38:54.057578+00:00,956.225,4,2,api-gateway|customers-service,False,GET,/api/customer/owners/1,200,1,955.281,1
2026-07-29T15:40:15.620882+00:00,7dcc15a84ebc0a2d,2026-07-29T15:38:53.890999+00:00,1135.906,4,2,api-gateway|vets-service,False,GET,/api/vet/vets,200,1,1134.679,1
2026-07-29T15:40:15.620882+00:00,8ca4e733bf490f44,2026-07-29T15:38:53.705397+00:00,459.808,4,2,api-gateway|customers-service,False,GET,/api/customer/owners/1,200,1,455.658,1
2026-07-29T15:40:15.620882+00:00,3c3e9e552382b2a8,2026-07-29T15:38:53.538795+00:00,182.837,3,2,visits-service|api-gateway,False,GET,/api/visit/owners/1/pets/1/visits,200,0,0.0,1
2026-07-29T15:40:15.620882+00:00,9bacb3ec2887c367,2026-07-29T15:38:53.374577+00:00,1651.108,4,2,api-gateway|customers-service,False,GET,/api/customer/owners,200,1,1648.641,1
2026-07-29T15:40:15.620882+00:00,d9d4149238a4d3bd,2026-07-29T15:38:53.207467+00:00,707.135,4,2,api-gateway|customers-service,False,GET,/api/customer/owners/1,200,1,707.135,1
2026-07-29T15:40:15.620882+00:00,5567636240eef0a0,2026-07-29T15:38:53.038347+00:00,1129.119,4,2,vets-service|api-gateway,False,GET,/api/vet/vets,200,1,1117.313,1
2026-07-29T15:40:15.620882+00:00,bdbb8ca5f1b74328,2026-07-29T15:38:52.892122+00:00,365.771,4,2,api-gateway|customers-service,False,GET,/api/customer/owners/1,200,1,364.641,1
2026-07-29T15:40:15.620882+00:00,67220c7ab583e835,2026-07-29T15:38:52.705303+00:00,297.65,4,2,api-gateway|customers-service,False,GET,/api/customer/owners/1,200,1,282.981,1
2026-07-29T15:40:15.620882+00:00,d089c309ef8d97d9,2026-07-29T15:38:52.580438+00:00,231.89,4,2,api-gateway|customers-service,False,GET,/api/customer/owners/1,200,1,230.735,1
2026-07-29T15:40:15.620882+00:00,c4b54e708c135c07,2026-07-29T15:38:52.374015+00:00,637.17,4,2,api-gateway|customers-service,False,GET,/api/customer/owners,200,1,636.022,1
2026-07-29T15:40:15.620882+00:00,dc72fba7e0cc315b,2026-07-29T15:38:52.209528+00:00,792.728,4,2,api-gateway|customers-service,False,GET,/api/customer/owners,200,1,792.728,1
2026-07-29T15:40:15.620882+00:00,252609255dcc01b5,2026-07-29T15:38:52.038147+00:00,101.961,4,2,api-gateway|customers-service,False,GET,/api/customer/owners/1,200,1,98.276,1
2026-07-29T15:40:15.620882+00:00,a3bf58b343675cf1,2026-07-29T15:38:51.891387+00:00,22.731,3,2,api-gateway|visits-service,False,GET,/api/visit/owners/1/pets/1/visits,200,0,0.0,1
2026-07-29T15:40:15.620882+00:00,6f3f6f7b73485e8e,2026-07-29T15:38:51.706530+00:00,220.284,4,2,api-gateway|customers-service,False,GET,/api/customer/owners,200,1,219.15,1
2026-07-29T15:40:15.620882+00:00,405ef80e872835ba,2026-07-29T15:38:51.541312+00:00,259.432,4,2,api-gateway|customers-service,False,GET,/api/customer/owners,200,1,258.349,1
2026-07-29T15:40:15.620882+00:00,45dc319754189f23,2026-07-29T15:38:51.372818+00:00,197.991,4,2,api-gateway|customers-service,False,GET,/api/customer/owners,200,1,192.208,1
2026-07-29T15:40:15.620882+00:00,d52743ddf8008bd7,2026-07-29T15:38:51.205968+00:00,182.151,4,2,vets-service|api-gateway,False,GET,/api/vet/vets,200,1,163.598,1
2026-07-29T15:40:15.620882+00:00,d71d1a7c67a0d6d1,2026-07-29T15:38:51.039049+00:00,184.542,4,2,vets-service|api-gateway,False,GET,/api/vet/vets,200,1,146.636,1
2026-07-29T15:40:15.620882+00:00,5934dfaa356e03d9,2026-07-29T15:38:50.875582+00:00,81.753,4,2,api-gateway|customers-service,False,GET,/api/customer/owners/1,200,1,79.547,1
2026-07-29T15:40:15.620882+00:00,b59c8e0a043e97be,2026-07-29T15:38:50.705178+00:00,40.956,3,2,visits-service|api-gateway,False,GET,/api/visit/owners/1/pets/1/visits,200,0,0.0,1
2026-07-29T15:40:15.620882+00:00,5c6a518302c8844a,2026-07-29T15:38:50.559002+00:00,179.801,4,2,api-gateway|vets-service,False,GET,/api/vet/vets,200,1,178.319,1
2026-07-29T15:40:15.620882+00:00,3cf04ca6fd8c26be,2026-07-29T15:38:50.392908+00:00,185.283,4,2,api-gateway|vets-service,False,GET,/api/vet/vets,200,1,183.759,1
2026-07-29T15:40:15.620882+00:00,b64bbb213a649a23,2026-07-29T15:38:50.208342+00:00,94.307,4,2,api-gateway|customers-service,False,GET,/api/customer/owners/1,200,1,89.978,1
2026-07-29T15:40:15.620882+00:00,dff66e294032d1a0,2026-07-29T15:38:50.039198+00:00,245.267,4,2,vets-service|api-gateway,False,GET,/api/vet/vets,200,1,231.213,1
2026-07-29T15:40:15.620882+00:00,be6d00d9e8cc79a3,2026-07-29T15:38:49.893226+00:00,46.156,3,2,api-gateway|visits-service,False,GET,/api/visit/owners/1/pets/1/visits,200,0,0.0,1
2026-07-29T15:40:15.620882+00:00,3066fa0a68978df7,2026-07-29T15:38:49.726574+00:00,184.542,4,2,api-gateway|vets-service,False,GET,/api/vet/vets,200,1,183.211,1
2026-07-29T15:40:15.620882+00:00,9350a06c60af9e5c,2026-07-29T15:38:49.542712+00:00,241.874,4,2,api-gateway|customers-service,False,GET,/api/customer/owners,200,1,239.896,1
2026-07-29T15:40:15.620882+00:00,9dae53b03c336bf8,2026-07-29T15:38:49.373571+00:00,159.472,4,2,vets-service|api-gateway,False,GET,/api/vet/vets,200,1,144.905,1
2026-07-29T15:40:15.620882+00:00,ea661de223d4b944,2026-07-29T15:38:49.205748+00:00,53.279,3,2,visits-service|api-gateway,False,GET,/api/visit/owners/1/pets/1/visits,200,0,0.0,1
2026-07-29T15:40:15.620882+00:00,80595626c94d2b2e,2026-07-29T15:38:49.059442+00:00,201.95,4,2,api-gateway|vets-service,False,GET,/api/vet/vets,200,1,200.634,1
2026-07-29T15:40:15.620882+00:00,acf9cf4eeabee89f,2026-07-29T15:38:48.876137+00:00,60.223,4,2,api-gateway|customers-service,False,GET,/api/customer/owners/1,200,1,58.268,1
2026-07-29T15:40:15.620882+00:00,4af11b4afa27a26b,2026-07-29T15:38:48.708562+00:00,104.707,4,2,api-gateway|customers-service,False,GET,/api/customer/owners/1,200,1,102.813,1
2026-07-29T15:40:15.620882+00:00,c202702f340bac04,2026-07-29T15:38:48.542953+00:00,85.296,4,2,api-gateway|customers-service,False,GET,/api/customer/owners/1,200,1,83.539,1
2026-07-29T15:40:15.620882+00:00,c30676755c97f7bd,2026-07-29T15:38:48.372042+00:00,94.226,4,2,api-gateway|customers-service,False,GET,/api/customer/owners/1,200,1,88.857,1
2026-07-29T15:40:15.620882+00:00,0acebf48ccb3181b,2026-07-29T15:38:48.205752+00:00,260.56,4,2,api-gateway|customers-service,False,GET,/api/customer/owners,200,1,255.214,1
2026-07-29T15:40:15.620882+00:00,babf4d6dcc7d381e,2026-07-29T15:38:48.058940+00:00,170.416,4,2,api-gateway|vets-service,False,GET,/api/vet/vets,200,1,168.858,1
2026-07-29T15:40:15.620882+00:00,e14fc9c89eda8cda,2026-07-29T15:38:47.891641+00:00,135.011,4,2,api-gateway|vets-service,False,GET,/api/vet/vets,200,1,133.706,1
2026-07-29T15:40:15.620882+00:00,66b72aabb5a15c05,2026-07-29T15:38:47.724039+00:00,168.042,4,2,api-gateway|vets-service,False,GET,/api/vet/vets,200,1,166.854,1
2026-07-29T15:40:15.620882+00:00,e6eb72dcb048f1b1,2026-07-29T15:38:47.538920+00:00,30.645,3,2,visits-service|api-gateway,False,GET,/api/visit/owners/1/pets/1/visits,200,0,0.0,1
2026-07-29T15:40:15.620882+00:00,a3811efa0baae753,2026-07-29T15:38:47.371650+00:00,146.008,4,2,vets-service|api-gateway,False,GET,/api/vet/vets,200,1,133.381,1
2026-07-29T15:40:15.620882+00:00,8ba3d0213e3375e9,2026-07-29T15:38:47.205553+00:00,64.018,4,2,api-gateway|customers-service,False,GET,/api/customer/owners/1,200,1,59.033,1
2026-07-29T15:40:15.620882+00:00,48a6846dde30325d,2026-07-29T15:38:47.038324+00:00,63.161,4,2,api-gateway|customers-service,False,GET,/api/customer/owners/1,200,1,59.432,1
2026-07-29T15:40:15.620882+00:00,97c45a4e82d98e17,2026-07-29T15:38:46.894093+00:00,125.766,4,2,api-gateway|vets-service,False,GET,/api/vet/vets,200,1,124.417,1
2026-07-29T15:40:15.620882+00:00,dfa4af3d3be2df12,2026-07-29T15:38:46.708513+00:00,74.202,4,2,api-gateway|customers-service,False,GET,/api/customer/owners/1,200,1,72.161,1
2026-07-29T15:40:15.620882+00:00,4ae2d5edee82993f,2026-07-29T15:38:46.539165+00:00,23.278,3,2,visits-service|api-gateway,False,GET,/api/visit/owners/1/pets/1/visits,200,0,0.0,1
2026-07-29T15:40:15.620882+00:00,e103480e016c97bb,2026-07-29T15:38:46.393702+00:00,182.018,4,2,api-gateway|vets-service,False,GET,/api/vet/vets,200,1,180.707,1
2026-07-29T15:40:15.620882+00:00,6386632fd1f86130,2026-07-29T15:38:46.205460+00:00,41.48,3,2,visits-service|api-gateway,False,GET,/api/visit/owners/1/pets/1/visits,200,0,0.0,1
2026-07-29T15:40:15.620882+00:00,3a138eaf96f799d8,2026-07-29T15:38:46.038977+00:00,87.829,4,2,api-gateway|customers-service,False,GET,/api/customer/owners/1,200,1,84.445,1
2026-07-29T15:40:15.620882+00:00,dcc49d16a2658e12,2026-07-29T15:38:45.873982+00:00,251.632,4,2,api-gateway|customers-service,False,GET,/api/customer/owners,200,1,248.995,1
2026-07-29T15:40:15.620882+00:00,fbcccf9c79502880,2026-07-29T15:38:45.708254+00:00,185.55,4,2,api-gateway|customers-service,False,GET,/api/customer/owners,200,1,183.878,1
2026-07-29T15:40:15.620882+00:00,0fcf15d4f3036803,2026-07-29T15:38:45.542689+00:00,76.562,4,2,api-gateway|customers-service,False,GET,/api/customer/owners/1,200,1,75.353,1
2026-07-29T15:40:15.620882+00:00,15c0eb433a81e70e,2026-07-29T15:38:45.372126+00:00,80.082,4,2,api-gateway|customers-service,False,GET,/api/customer/owners/1,200,1,73.413,1
2026-07-29T15:40:15.620882+00:00,6d8d2d403adfd947,2026-07-29T15:38:45.205869+00:00,239.837,4,2,api-gateway|customers-service,False,GET,/api/customer/owners,200,1,182.158,1
2026-07-29T15:40:15.620882+00:00,00d370606b2e17b9,2026-07-29T15:38:45.039221+00:00,202.222,4,2,api-gateway|customers-service,False,GET,/api/customer/owners,200,1,195.868,1
2026-07-29T15:40:15.620882+00:00,e56380405edad612,2026-07-29T15:38:44.893347+00:00,144.277,4,2,api-gateway|vets-service,False,GET,/api/vet/vets,200,1,142.782,1
2026-07-29T15:40:15.620882+00:00,390e144f1742e238,2026-07-29T15:38:44.708488+00:00,90.151,4,2,api-gateway|customers-service,False,GET,/api/customer/owners/1,200,1,88.103,1
2026-07-29T15:40:15.620882+00:00,448554838298fb1c,2026-07-29T15:38:44.538620+00:00,30.107,3,2,visits-service|api-gateway,False,GET,/api/visit/owners/1/pets/1/visits,200,0,0.0,1
2026-07-29T15:40:15.620882+00:00,0377f560e0821551,2026-07-29T15:38:44.372102+00:00,33.288,3,2,visits-service|api-gateway,False,GET,/api/visit/owners/1/pets/1/visits,200,0,0.0,1
2026-07-29T15:40:15.620882+00:00,ba9b33a39be6687a,2026-07-29T15:38:44.205810+00:00,39.135,3,2,visits-service|api-gateway,False,GET,/api/visit/owners/1/pets/1/visits,200,0,0.0,1
2026-07-29T15:40:15.620882+00:00,224264bc160304ff,2026-07-29T15:38:44.038364+00:00,64.462,4,2,api-gateway|customers-service,False,GET,/api/customer/owners/1,200,1,58.744,1
2026-07-29T15:40:15.620882+00:00,d7700eb1b7211176,2026-07-29T15:38:43.875231+00:00,92.948,4,2,api-gateway|customers-service,False,GET,/api/customer/owners/1,200,1,91.154,1
2026-07-29T15:40:15.620882+00:00,b8cd492c4a228e66,2026-07-29T15:38:43.707062+00:00,170.844,4,2,api-gateway|customers-service,False,GET,/api/customer/owners,200,1,170.844,1
2026-07-29T15:40:15.620882+00:00,d681aba83a5c3c24,2026-07-29T15:38:43.542584+00:00,102.177,4,2,api-gateway|customers-service,False,GET,/api/customer/owners/1,200,1,100.543,1
2026-07-29T15:40:15.620882+00:00,9dd8fe97f91d8eaf,2026-07-29T15:38:43.376163+00:00,207.327,4,2,api-gateway|customers-service,False,GET,/api/customer/owners,200,1,205.464,1
2026-07-29T15:40:15.620882+00:00,678357a5ded4ea2e,2026-07-29T15:38:43.205063+00:00,141.101,4,2,vets-service|api-gateway,False,GET,/api/vet/vets,200,1,128.015,1
2026-07-29T15:40:15.620882+00:00,11c4a35d1908d6f5,2026-07-29T15:38:43.039594+00:00,21.64,3,2,visits-service|api-gateway,False,GET,/api/visit/owners/1/pets/1/visits,200,0,0.0,1
2026-07-29T15:40:15.620882+00:00,a7f30cfabd217984,2026-07-29T15:38:42.892436+00:00,16.813,3,2,api-gateway|visits-service,False,GET,/api/visit/owners/1/pets/1/visits,200,0,0.0,1
2026-07-29T15:40:15.620882+00:00,298c8237a9be42a8,2026-07-29T15:38:42.707216+00:00,192.026,4,2,api-gateway|customers-service,False,GET,/api/customer/owners,200,1,190.295,1
2026-07-29T15:40:15.620882+00:00,1905443148c8d9f5,2026-07-29T15:38:42.558015+00:00,177.072,4,2,api-gateway|customers-service,False,GET,/api/customer/owners,200,1,175.892,1
2026-07-29T15:40:15.620882+00:00,316af3b4439aa200,2026-07-29T15:38:42.371496+00:00,217.543,4,2,vets-service|api-gateway,False,GET,/api/vet/vets,200,1,204.084,1
2026-07-29T15:40:15.620882+00:00,e8c399998514b5c2,2026-07-29T15:38:42.204800+00:00,35.12,3,2,visits-service|api-gateway,False,GET,/api/visit/owners/1/pets/1/visits,200,0,0.0,1
2026-07-29T15:40:15.620882+00:00,314cc0f891fae611,2026-07-29T15:38:42.059370+00:00,160.185,4,2,api-gateway|vets-service,False,GET,/api/vet/vets,200,1,158.928,1
2026-07-29T15:40:15.620882+00:00,f822b520ceeba9cb,2026-07-29T15:38:41.875847+00:00,118.902,4,2,api-gateway|customers-service,False,GET,/api/customer/owners/1,200,1,116.531,1
2026-07-29T15:40:15.620882+00:00,3c25782577d4bcf5,2026-07-29T15:38:41.707176+00:00,275.95,4,2,api-gateway|customers-service,False,GET,/api/customer/owners,200,1,275.95,1
2026-07-29T15:40:15.620882+00:00,0de6e7b8aae88713,2026-07-29T15:38:41.558912+00:00,153.286,4,2,api-gateway|vets-service,False,GET,/api/vet/vets,200,1,151.978,1
2026-07-29T15:40:15.620882+00:00,4d8fb1d5bfdb2cef,2026-07-29T15:38:41.372759+00:00,94.851,4,2,api-gateway|customers-service,False,GET,/api/customer/owners/1,200,1,89.504,1
2026-07-29T15:40:15.620882+00:00,339d98521e195192,2026-07-29T15:38:41.226356+00:00,231.901,4,2,api-gateway|customers-service,False,GET,/api/customer/owners,200,1,230.711,1
2026-07-29T15:40:15.620882+00:00,8c4d301cabae5a46,2026-07-29T15:38:41.060431+00:00,256.533,4,2,api-gateway|customers-service,False,GET,/api/customer/owners,200,1,255.304,1
2026-07-29T15:40:15.620882+00:00,9302ad007d4f2f94,2026-07-29T15:38:40.892488+00:00,25.401,3,2,api-gateway|visits-service,False,GET,/api/visit/owners/1/pets/1/visits,200,0,0.0,1
2026-07-29T15:40:15.620882+00:00,47fc4567fd1b68bf,2026-07-29T15:38:40.726229+00:00,208.486,4,2,api-gateway|customers-service,False,GET,/api/customer/owners,200,1,207.571,1
2026-07-29T15:40:15.620882+00:00,0be151997091f2b6,2026-07-29T15:38:40.559860+00:00,135.179,4,2,api-gateway|vets-service,False,GET,/api/vet/vets,200,1,133.839,1
2026-07-29T15:40:15.620882+00:00,ba4ddf511e99d9a3,2026-07-29T15:38:40.393127+00:00,196.752,4,2,api-gateway|customers-service,False,GET,/api/customer/owners,200,1,195.472,1
2026-07-29T15:40:15.620882+00:00,174dcf2ccb10d4e3,2026-07-29T15:38:40.205699+00:00,25.381,3,2,visits-service|api-gateway,False,GET,/api/visit/owners/1/pets/1/visits,200,0,0.0,1
2026-07-29T15:40:15.620882+00:00,8e5f5d099f4ca6cb,2026-07-29T15:38:40.039457+00:00,107.878,4,2,api-gateway|customers-service,False,GET,/api/customer/owners/1,200,1,101.917,1
2026-07-29T15:40:15.620882+00:00,7ebfedfd84006ef1,2026-07-29T15:38:39.893124+00:00,20.45,3,2,api-gateway|visits-service,False,GET,/api/visit/owners/1/pets/1/visits,200,0,0.0,1
2026-07-29T15:40:15.620882+00:00,3ca61e619a4bcc1f,2026-07-29T15:38:39.707148+00:00,188.784,4,2,api-gateway|customers-service,False,GET,/api/customer/owners,200,1,187.279,1
2026-07-29T15:40:15.620882+00:00,ee199f36f98c4e77,2026-07-29T15:38:39.559515+00:00,202.523,4,2,api-gateway|vets-service,False,GET,/api/vet/vets,200,1,201.236,1
2026-07-29T15:40:15.620882+00:00,57dd9b266e425fca,2026-07-29T15:38:39.371684+00:00,194.553,4,2,vets-service|api-gateway,False,GET,/api/vet/vets,200,1,180.958,1
2026-07-29T15:40:15.620882+00:00,b5ce8304fb7d1948,2026-07-29T15:38:39.205263+00:00,102.728,4,2,api-gateway|customers-service,False,GET,/api/customer/owners/1,200,1,99.594,1
2026-07-29T15:40:15.620882+00:00,fa91092152dbc6d3,2026-07-29T15:38:39.040480+00:00,97.175,4,2,api-gateway|customers-service,False,GET,/api/customer/owners/1,200,1,94.136,1
2026-07-29T15:40:15.620882+00:00,8c94c828262cbdd7,2026-07-29T15:38:38.871882+00:00,201.079,4,2,vets-service|api-gateway,False,GET,/api/vet/vets,200,1,187.622,1
2026-07-29T15:40:15.620882+00:00,e225da20875a5cbf,2026-07-29T15:38:38.725366+00:00,69.967,4,2,api-gateway|customers-service,False,GET,/api/customer/owners/1,200,1,68.806,1
2026-07-29T15:40:15.620882+00:00,e3a7b468a3113db0,2026-07-29T15:38:38.559202+00:00,162.782,4,2,api-gateway|vets-service,False,GET,/api/vet/vets,200,1,161.35,1
2026-07-29T15:40:15.620882+00:00,34f77ae8cb706945,2026-07-29T15:38:38.393457+00:00,72.548,4,2,api-gateway|customers-service,False,GET,/api/customer/owners/1,200,1,71.351,1
2026-07-29T15:40:15.620882+00:00,bac42be73e4efe48,2026-07-29T15:38:38.205209+00:00,38.923,3,2,visits-service|api-gateway,False,GET,/api/visit/owners/1/pets/1/visits,200,0,0.0,1
2026-07-29T15:40:15.620882+00:00,5e0aa8dd0de2554f,2026-07-29T15:38:38.060945+00:00,207.755,4,2,api-gateway|customers-service,False,GET,/api/customer/owners,200,1,206.692,1
2026-07-29T15:40:15.620882+00:00,c53c19335799ea59,2026-07-29T15:38:37.872076+00:00,263.26,4,2,api-gateway|customers-service,False,GET,/api/customer/owners,200,1,249.911,1
2026-07-29T15:40:15.620882+00:00,6d92ceedc316c687,2026-07-29T15:38:37.709388+00:00,230.902,4,2,api-gateway|customers-service,False,GET,/api/customer/owners,200,1,229.379,1
2026-07-29T15:40:15.620882+00:00,7b08da8a35253459,2026-07-29T15:38:37.539349+00:00,23.603,3,2,visits-service|api-gateway,False,GET,/api/visit/owners/1/pets/1/visits,200,0,0.0,1
2026-07-29T15:40:15.620882+00:00,42c8868a227fa79d,2026-07-29T15:38:37.372274+00:00,181.689,4,2,vets-service|api-gateway,False,GET,/api/vet/vets,200,1,170.031,1
2026-07-29T15:40:15.620882+00:00,5e7f8c0ab48d00e0,2026-07-29T15:38:37.207862+00:00,28.973,3,2,visits-service|api-gateway,False,GET,/api/visit/owners/1/pets/1/visits,200,0,0.0,1
2026-07-29T15:40:15.620882+00:00,ea5e1da3046063c9,2026-07-29T15:38:37.038038+00:00,184.427,4,2,vets-service|api-gateway,False,GET,/api/vet/vets,200,1,171.962,1
2026-07-29T15:40:15.620882+00:00,406e461d06174d4a,2026-07-29T15:38:36.872050+00:00,321.232,4,2,api-gateway|customers-service,False,GET,/api/customer/owners,200,1,315.186,1
2026-07-29T15:40:15.620882+00:00,6a6ef98b0b9939cb,2026-07-29T15:38:36.709701+00:00,88.863,4,2,api-gateway|customers-service,False,GET,/api/customer/owners/1,200,1,87.003,1
2026-07-29T15:40:15.620882+00:00,7c8d52649d92827b,2026-07-29T15:38:36.561651+00:00,215.889,4,2,api-gateway|vets-service,False,GET,/api/vet/vets,200,1,214.471,1
2026-07-29T15:40:15.620882+00:00,ab64fa08fe614be3,2026-07-29T15:38:36.372547+00:00,23.333,3,2,visits-service|api-gateway,False,GET,/api/visit/owners/1/pets/1/visits,200,0,0.0,1
2026-07-29T15:40:15.620882+00:00,c9ca3010bfdbde9e,2026-07-29T15:38:36.205894+00:00,25.71,3,2,visits-service|api-gateway,False,GET,/api/visit/owners/1/pets/1/visits,200,0,0.0,1
2026-07-29T15:40:15.620882+00:00,9d554d922f081617,2026-07-29T15:38:36.038202+00:00,220.371,4,2,api-gateway|customers-service,False,GET,/api/customer/owners,200,1,213.475,1
2026-07-29T15:40:15.620882+00:00,7e44ee5f7d977ac3,2026-07-29T15:38:35.893381+00:00,22.369,3,2,api-gateway|visits-service,False,GET,/api/visit/owners/1/pets/1/visits,200,0,0.0,1
2026-07-29T15:40:15.620882+00:00,9873c8f267ec0401,2026-07-29T15:38:35.724331+00:00,148.92,4,2,api-gateway|vets-service,False,GET,/api/vet/vets,200,1,147.486,1
2026-07-29T15:40:15.620882+00:00,f36012a39ccbd8eb,2026-07-29T15:38:35.558380+00:00,69.794,4,2,api-gateway|customers-service,False,GET,/api/customer/owners/1,200,1,68.715,1
2026-07-29T15:40:15.620882+00:00,6f5baa08ea997139,2026-07-29T15:38:35.392982+00:00,142.754,4,2,api-gateway|vets-service,False,GET,/api/vet/vets,200,1,141.406,1
2026-07-29T15:40:15.620882+00:00,1566cb592af23a39,2026-07-29T15:38:35.225210+00:00,194.424,4,2,api-gateway|customers-service,False,GET,/api/customer/owners,200,1,193.317,1
2026-07-29T15:40:15.620882+00:00,43b58ca244a3f955,2026-07-29T15:38:35.039211+00:00,25.612,3,2,visits-service|api-gateway,False,GET,/api/visit/owners/1/pets/1/visits,200,0,0.0,1
2026-07-29T15:40:15.620882+00:00,7b1bc8ef6420f07c,2026-07-29T15:38:34.893332+00:00,38.002,3,2,api-gateway|visits-service,False,GET,/api/visit/owners/1/pets/1/visits,200,0,0.0,1
2026-07-29T15:40:15.620882+00:00,e6bf5c4c14b9e034,2026-07-29T15:38:34.726446+00:00,12.478,3,2,api-gateway|visits-service,False,GET,/api/visit/owners/1/pets/1/visits,200,0,0.0,1
2026-07-29T15:40:15.620882+00:00,3f73a74835fe8c95,2026-07-29T15:38:34.559375+00:00,71.541,4,2,api-gateway|customers-service,False,GET,/api/customer/owners/1,200,1,70.367,1
2026-07-29T15:40:15.620882+00:00,9a11024188c75d0f,2026-07-29T15:38:34.371967+00:00,155.564,4,2,vets-service|api-gateway,False,GET,/api/vet/vets,200,1,141.212,1
2026-07-29T15:40:15.620882+00:00,11b640cba51baa96,2026-07-29T15:38:34.205944+00:00,65.471,3,2,visits-service|api-gateway,False,GET,/api/visit/owners/1/pets/1/visits,200,0,0.0,1
2026-07-29T15:40:15.620882+00:00,32f4d0c47e6dabc3,2026-07-29T15:38:34.038809+00:00,171.79,4,2,vets-service|api-gateway,False,GET,/api/vet/vets,200,1,158.608,1
2026-07-29T15:40:15.620882+00:00,c895442efb2f1928,2026-07-29T15:38:33.892836+00:00,106.28,4,2,api-gateway|customers-service,False,GET,/api/customer/owners/1,200,1,105.151,1
2026-07-29T15:40:15.620882+00:00,1334b31d7a3b13b4,2026-07-29T15:38:33.726572+00:00,12.025,3,2,api-gateway|visits-service,False,GET,/api/visit/owners/1/pets/1/visits,200,0,0.0,1
2026-07-29T15:40:15.620882+00:00,494b73723d3284de,2026-07-29T15:38:33.559754+00:00,227.073,4,2,api-gateway|vets-service,False,GET,/api/vet/vets,200,1,225.682,1
2026-07-29T15:40:15.620882+00:00,eb4dbedb899d4802,2026-07-29T15:38:33.372335+00:00,25.652,3,2,visits-service|api-gateway,False,GET,/api/visit/owners/1/pets/1/visits,200,0,0.0,1
2026-07-29T15:40:15.620882+00:00,c86287df3a7b8499,2026-07-29T15:38:33.206076+00:00,36.005,3,2,visits-service|api-gateway,False,GET,/api/visit/owners/1/pets/1/visits,200,0,0.0,1
2026-07-29T15:40:15.620882+00:00,c679045a564c28a0,2026-07-29T15:38:33.057816+00:00,137.691,4,2,api-gateway|vets-service,False,GET,/api/vet/vets,200,1,136.311,1
2026-07-29T15:40:15.620882+00:00,5618c339796b920a,2026-07-29T15:38:32.871942+00:00,121.66,4,2,api-gateway|customers-service,False,GET,/api/customer/owners/1,200,1,117.819,1
2026-07-29T15:40:15.620882+00:00,3bdf7fdf8d20196f,2026-07-29T15:38:32.708263+00:00,73.776,4,2,api-gateway|customers-service,False,GET,/api/customer/owners/1,200,1,72.452,1
2026-07-29T15:40:15.620882+00:00,aa6785ead3081b82,2026-07-29T15:38:32.538108+00:00,32.406,3,2,visits-service|api-gateway,False,GET,/api/visit/owners/1/pets/1/visits,200,0,0.0,1
2026-07-29T15:40:15.620882+00:00,99dd51dcf78f2645,2026-07-29T15:38:32.390836+00:00,143.036,4,2,api-gateway|vets-service,False,GET,/api/vet/vets,200,1,141.598,1
2026-07-29T15:40:15.620882+00:00,7974e01604018264,2026-07-29T15:38:32.205552+00:00,95.404,4,2,api-gateway|customers-service,False,GET,/api/customer/owners/1,200,1,89.618,1
2026-07-29T15:40:15.620882+00:00,ffc56b54e19330f8,2026-07-29T15:38:32.038202+00:00,86.85,4,2,api-gateway|customers-service,False,GET,/api/customer/owners/1,200,1,82.873,1
2026-07-29T15:40:15.620882+00:00,e72c58668f1f16b8,2026-07-29T15:38:31.892539+00:00,57.308,4,2,api-gateway|customers-service,False,GET,/api/customer/owners/1,200,1,56.191,1
2026-07-29T15:40:15.620882+00:00,2fd8597fc5bdad1d,2026-07-29T15:38:31.727163+00:00,59.801,4,2,api-gateway|customers-service,False,GET,/api/customer/owners/1,200,1,58.682,1
2026-07-29T15:40:15.620882+00:00,e16bf65d8cc7e95f,2026-07-29T15:38:31.564247+00:00,156.149,4,2,api-gateway|vets-service,False,GET,/api/vet/vets,200,1,154.805,1
2026-07-29T15:40:15.620882+00:00,4a306c96da2637e0,2026-07-29T15:38:31.372860+00:00,24.012,3,2,visits-service|api-gateway,False,GET,/api/visit/owners/1/pets/1/visits,200,0,0.0,1
2026-07-29T15:40:15.620882+00:00,8309fbc4e9cdb6f5,2026-07-29T15:38:31.225304+00:00,101.231,4,2,api-gateway|customers-service,False,GET,/api/customer/owners/1,200,1,100.298,1
2026-07-29T15:40:15.620882+00:00,c0f997658dabf8f5,2026-07-29T15:38:31.039033+00:00,40.013,3,2,visits-service|api-gateway,False,GET,/api/visit/owners/1/pets/1/visits,200,0,0.0,1
2026-07-29T15:40:15.620882+00:00,f4cde0b9f201de35,2026-07-29T15:38:30.872315+00:00,150.007,4,2,api-gateway|customers-service,False,GET,/api/customer/owners/1,200,1,135.806,1
2026-07-29T15:40:15.620882+00:00,3a6ea0c19a44b6a5,2026-07-29T15:38:30.708824+00:00,94.161,4,2,api-gateway|customers-service,False,GET,/api/customer/owners/1,200,1,92.441,1
2026-07-29T15:40:15.620882+00:00,454daeee0608821e,2026-07-29T15:38:30.538463+00:00,22.714,3,2,visits-service|api-gateway,False,GET,/api/visit/owners/1/pets/1/visits,200,0,0.0,1
2026-07-29T15:40:15.620882+00:00,af9a4bf9f8ea6901,2026-07-29T15:38:30.372255+00:00,175.103,4,2,vets-service|api-gateway,False,GET,/api/vet/vets,200,1,159.837,1
2026-07-29T15:40:15.620882+00:00,48be589930d15252,2026-07-29T15:38:30.206292+00:00,207.379,4,2,api-gateway|customers-service,False,GET,/api/customer/owners,200,1,202.043,1
2026-07-29T15:40:15.620882+00:00,b977381a4f9ee32a,2026-07-29T15:38:30.039579+00:00,23.79,3,2,visits-service|api-gateway,False,GET,/api/visit/owners/1/pets/1/visits,200,0,0.0,1
2026-07-29T15:40:15.620882+00:00,026049e5d5813522,2026-07-29T15:38:29.872798+00:00,172.164,4,2,vets-service|api-gateway,False,GET,/api/vet/vets,200,1,157.324,1
2026-07-29T15:40:15.620882+00:00,505e3d822c344d76,2026-07-29T15:38:29.725846+00:00,157.578,4,2,api-gateway|vets-service,False,GET,/api/vet/vets,200,1,156.238,1
2026-07-29T15:40:15.620882+00:00,f26ac95b4e46b525,2026-07-29T15:38:29.561750+00:00,19.855,3,2,api-gateway|visits-service,False,GET,/api/visit/owners/1/pets/1/visits,200,0,0.0,1
2026-07-29T15:40:15.620882+00:00,054e8707b96c2171,2026-07-29T15:38:29.392475+00:00,180.591,4,2,api-gateway|vets-service,False,GET,/api/vet/vets,200,1,179.126,1
2026-07-29T15:40:15.620882+00:00,bca6b35ff84b9508,2026-07-29T15:38:29.205886+00:00,208.962,4,2,api-gateway|customers-service,False,GET,/api/customer/owners,200,1,204.055,1
2026-07-29T15:40:15.620882+00:00,d2aaf6228d8c5108,2026-07-29T15:38:29.038912+00:00,32.01,3,2,visits-service|api-gateway,False,GET,/api/visit/owners/1/pets/1/visits,200,0,0.0,1
2026-07-29T15:40:15.620882+00:00,e5b9fabcc2903e75,2026-07-29T15:38:28.872426+00:00,198.414,4,2,vets-service|api-gateway,False,GET,/api/vet/vets,200,1,183.566,1
2026-07-29T15:40:15.620882+00:00,28b454ff2bd41c4f,2026-07-29T15:38:28.708501+00:00,155.972,4,2,api-gateway|customers-service,False,GET,/api/customer/owners/1,200,1,154.278,1
2026-07-29T15:40:15.620882+00:00,06eaec1218e09edd,2026-07-29T15:38:28.558023+00:00,30.831,3,2,api-gateway|visits-service,False,GET,/api/visit/owners/1/pets/1/visits,200,0,0.0,1
2026-07-29T15:40:15.620882+00:00,a061d0fd16aea150,2026-07-29T15:38:28.392232+00:00,319.121,4,2,api-gateway|customers-service,False,GET,/api/customer/owners,200,1,317.913,1
2026-07-29T15:40:15.620882+00:00,d978258ee5a8c3ec,2026-07-29T15:38:28.205634+00:00,24.899,3,2,visits-service|api-gateway,False,GET,/api/visit/owners/1/pets/1/visits,200,0,0.0,1
2026-07-29T15:40:15.620882+00:00,79c70dc87fc7031b,2026-07-29T15:38:28.038254+00:00,31.511,3,2,visits-service|api-gateway,False,GET,/api/visit/owners/1/pets/1/visits,200,0,0.0,1
2026-07-29T15:40:15.620882+00:00,1a5baf89c5021246,2026-07-29T15:38:27.872551+00:00,197.476,4,2,vets-service|api-gateway,False,GET,/api/vet/vets,200,1,182.555,1
2026-07-29T15:40:15.620882+00:00,7d80e75acee2120c,2026-07-29T15:38:27.724146+00:00,252.23,4,2,api-gateway|vets-service,False,GET,/api/vet/vets,200,1,250.89,1
2026-07-29T15:40:15.620882+00:00,227fe279c0617641,2026-07-29T15:38:27.559156+00:00,273.558,4,2,api-gateway|customers-service,False,GET,/api/customer/owners,200,1,272.227,1
2026-07-29T15:40:15.620882+00:00,60f8f08c5d96f8c8,2026-07-29T15:38:27.371566+00:00,33.444,3,2,visits-service|api-gateway,False,GET,/api/visit/owners/1/pets/1/visits,200,0,0.0,1
2026-07-29T15:40:15.620882+00:00,836f1a20fc9f39d6,2026-07-29T15:38:27.227020+00:00,448.079,4,2,api-gateway|customers-service,False,GET,/api/customer/owners,200,1,446.829,1
2026-07-29T15:40:15.620882+00:00,c9df5d51bc811d39,2026-07-29T15:38:27.038563+00:00,87.83,4,2,api-gateway|customers-service,False,GET,/api/customer/owners/1,200,1,84.83,1
2026-07-29T15:40:15.620882+00:00,e340ae014d70c1c7,2026-07-29T15:38:26.890723+00:00,453.686,4,2,api-gateway|customers-service,False,GET,/api/customer/owners,200,1,452.561,1
2026-07-29T15:40:15.620882+00:00,f471f77e7c5f73e6,2026-07-29T15:38:26.725567+00:00,152.453,4,2,api-gateway|vets-service,False,GET,/api/vet/vets,200,1,151.049,1
2026-07-29T15:40:15.620882+00:00,9ac0b97d0fab0ce4,2026-07-29T15:38:26.558642+00:00,15.174,3,2,api-gateway|visits-service,False,GET,/api/visit/owners/1/pets/1/visits,200,0,0.0,1
2026-07-29T15:40:15.620882+00:00,6f7cd05ee34ce853,2026-07-29T15:38:26.392333+00:00,177.239,4,2,api-gateway|vets-service,False,GET,/api/vet/vets,200,1,175.902,1
2026-07-29T15:40:15.620882+00:00,f2bbbe45854549b2,2026-07-29T15:38:26.205701+00:00,36.941,3,2,visits-service|api-gateway,False,GET,/api/visit/owners/1/pets/1/visits,200,0,0.0,1
2026-07-29T15:40:15.620882+00:00,c4cb974d150ef979,2026-07-29T15:38:26.038165+00:00,180.056,4,2,vets-service|api-gateway,False,GET,/api/vet/vets,200,1,167.499,1
2026-07-29T15:40:15.620882+00:00,d28afd58238951d8,2026-07-29T15:38:25.875393+00:00,76.47,4,2,api-gateway|customers-service,False,GET,/api/customer/owners/1,200,1,74.997,1
2026-07-29T15:40:15.620882+00:00,09845895b78efeef,2026-07-29T15:38:25.708875+00:00,95.48,4,2,api-gateway|customers-service,False,GET,/api/customer/owners/1,200,1,93.628,1
2026-07-29T15:40:15.620882+00:00,a50b58fbc1112bfc,2026-07-29T15:38:25.558781+00:00,72.957,4,2,api-gateway|customers-service,False,GET,/api/customer/owners/1,200,1,70.968,1
2026-07-29T15:40:15.620882+00:00,62022d886fcde9f2,2026-07-29T15:38:25.376229+00:00,254.503,4,2,api-gateway|customers-service,False,GET,/api/customer/owners,200,1,251.964,1
2026-07-29T15:40:15.620882+00:00,bc5ed954e837c3df,2026-07-29T15:38:25.206282+00:00,34.447,3,2,visits-service|api-gateway,False,GET,/api/visit/owners/1/pets/1/visits,200,0,0.0,1
2026-07-29T15:40:15.620882+00:00,9590fca6ee61c1f2,2026-07-29T15:38:25.039050+00:00,147.638,4,2,vets-service|api-gateway,False,GET,/api/vet/vets,200,1,133.975,1
2026-07-29T15:40:15.620882+00:00,7bf086668d7c0a37,2026-07-29T15:38:24.872514+00:00,190.799,4,2,api-gateway|customers-service,False,GET,/api/customer/owners,200,1,177.305,1
2026-07-29T15:40:15.620882+00:00,3c9a7cccd57ec420,2026-07-29T15:38:24.728062+00:00,19.454,3,2,api-gateway|visits-service,False,GET,/api/visit/owners/1/pets/1/visits,200,0,0.0,1
2026-07-29T15:40:15.620882+00:00,5f26e64ed8d85801,2026-07-29T15:38:24.558607+00:00,204.35,4,2,api-gateway|customers-service,False,GET,/api/customer/owners,200,1,203.203,1
2026-07-29T15:40:15.620882+00:00,4d7c63e5602a7aac,2026-07-29T15:38:24.392519+00:00,65.058,4,2,api-gateway|customers-service,False,GET,/api/customer/owners/1,200,1,63.88,1
2026-07-29T15:40:15.620882+00:00,15513efa7fdbc056,2026-07-29T15:38:24.204702+00:00,424.981,4,2,api-gateway|customers-service,False,GET,/api/customer/owners,200,1,421.248,1
2026-07-29T15:40:15.620882+00:00,fe66668da67120e6,2026-07-29T15:38:24.038187+00:00,230.733,4,2,api-gateway|customers-service,False,GET,/api/customer/owners,200,1,225.693,1
2026-07-29T15:40:15.620882+00:00,65ad6afbb512d934,2026-07-29T15:38:23.872422+00:00,263.447,4,2,api-gateway|customers-service,False,GET,/api/customer/owners,200,1,257.166,1
2026-07-29T15:40:15.620882+00:00,5c4bee311992b7e5,2026-07-29T15:38:23.726737+00:00,204.49,4,2,api-gateway|vets-service,False,GET,/api/vet/vets,200,1,203.064,1
2026-07-29T15:40:15.620882+00:00,709a3098e5b2660c,2026-07-29T15:38:23.559558+00:00,240.586,4,2,api-gateway|customers-service,False,GET,/api/customer/owners,200,1,239.431,1
2026-07-29T15:40:15.620882+00:00,feccc8e17759db7d,2026-07-29T15:38:23.371918+00:00,37.037,3,2,visits-service|api-gateway,False,GET,/api/visit/owners/1/pets/1/visits,200,0,0.0,1
2026-07-29T15:40:15.620882+00:00,dbfb91e1849bf625,2026-07-29T15:38:23.205477+00:00,283.53,4,2,api-gateway|customers-service,False,GET,/api/customer/owners,200,1,277.851,1
2026-07-29T15:40:15.620882+00:00,51a239a7635ca949,2026-07-29T15:38:23.038054+00:00,27.044,3,2,visits-service|api-gateway,False,GET,/api/visit/owners/1/pets/1/visits,200,0,0.0,1
2026-07-29T15:40:15.620882+00:00,8e7296b61afabfef,2026-07-29T15:38:22.892994+00:00,204.542,4,2,api-gateway|customers-service,False,GET,/api/customer/owners,200,1,203.337,1
2026-07-29T15:40:15.620882+00:00,c9e0d2baee343df9,2026-07-29T15:38:22.725759+00:00,18.763,3,2,api-gateway|visits-service,False,GET,/api/visit/owners/1/pets/1/visits,200,0,0.0,1
2026-07-29T15:40:15.620882+00:00,08ce014c9a9a9587,2026-07-29T15:38:22.559037+00:00,241.056,4,2,api-gateway|customers-service,False,GET,/api/customer/owners,200,1,239.934,1
2026-07-29T15:40:15.620882+00:00,bf40ff73a97d37ad,2026-07-29T15:38:22.393778+00:00,64.932,4,2,api-gateway|customers-service,False,GET,/api/customer/owners/1,200,1,63.844,1
2026-07-29T15:40:15.620882+00:00,9ea525cf60e88f17,2026-07-29T15:38:22.205931+00:00,96.419,4,2,api-gateway|customers-service,False,GET,/api/customer/owners/1,200,1,91.252,1
2026-07-29T15:40:15.620882+00:00,272407fcc8dad02c,2026-07-29T15:38:22.057778+00:00,326.083,4,2,api-gateway|vets-service,False,GET,/api/vet/vets,200,1,324.728,1
2026-07-29T15:40:15.620882+00:00,15fa2feaa886974b,2026-07-29T15:38:21.893171+00:00,444.993,4,2,api-gateway|vets-service,False,GET,/api/vet/vets,200,1,443.552,1
2026-07-29T15:40:15.620882+00:00,202d54de926e872a,2026-07-29T15:38:21.726061+00:00,50.636,3,2,api-gateway|visits-service,False,GET,/api/visit/owners/1/pets/1/visits,200,0,0.0,1
2026-07-29T15:40:15.620882+00:00,dfff204f0584871c,2026-07-29T15:38:21.559045+00:00,697.875,4,2,api-gateway|customers-service,False,GET,/api/customer/owners/1,200,1,696.734,1
2026-07-29T15:40:15.620882+00:00,d2d510da8b8f8515,2026-07-29T15:38:21.401016+00:00,345.199,3,2,api-gateway|visits-service,False,GET,/api/visit/owners/1/pets/1/visits,200,0,0.0,1
2026-07-29T15:40:15.620882+00:00,569c81155d24db6a,2026-07-29T15:38:21.226227+00:00,302.017,3,2,api-gateway|visits-service,False,GET,/api/visit/owners/1/pets/1/visits,200,0,0.0,1
2026-07-29T15:40:15.620882+00:00,eb241342a3f231d2,2026-07-29T15:38:21.038480+00:00,958.518,4,2,api-gateway|customers-service,False,GET,/api/customer/owners/1,200,1,952.459,1
2026-07-29T15:40:15.620882+00:00,15c2db8b88f0ff81,2026-07-29T15:38:20.872463+00:00,1451.611,4,2,api-gateway|customers-service,False,GET,/api/customer/owners,200,1,1446.22,1
2026-07-29T15:40:15.620882+00:00,7587a803a14e7cc9,2026-07-29T15:38:20.724327+00:00,1017.561,4,2,api-gateway|customers-service,False,GET,/api/customer/owners/1,200,1,1016.421,1
2026-07-29T15:40:15.620882+00:00,2a1c68ae4169ff7d,2026-07-29T15:38:20.556988+00:00,228.811,3,2,api-gateway|visits-service,False,GET,/api/visit/owners/1/pets/1/visits,200,0,0.0,1
2026-07-29T15:40:15.620882+00:00,02b25f14be93b714,2026-07-29T15:38:20.391505+00:00,665.888,4,2,api-gateway|customers-service,False,GET,/api/customer/owners/1,200,1,664.668,1
2026-07-29T15:40:15.620882+00:00,c7b90768e87b4728,2026-07-29T15:38:20.205599+00:00,2054.579,4,2,api-gateway|customers-service,False,GET,/api/customer/owners,200,1,2050.046,1
2026-07-29T15:40:15.620882+00:00,eb98169942c16ae3,2026-07-29T15:38:20.038409+00:00,32.364,3,2,visits-service|api-gateway,False,GET,/api/visit/owners/1/pets/1/visits,200,0,0.0,1
2026-07-29T15:40:15.620882+00:00,53752229b152a25e,2026-07-29T15:38:19.871672+00:00,1427.345,4,2,vets-service|api-gateway,False,GET,/api/vet/vets,200,1,1412.767,1
2026-07-29T15:40:15.620882+00:00,4142c48b0824efce,2026-07-29T15:38:19.704958+00:00,2280.881,4,2,api-gateway|customers-service,False,GET,/api/customer/owners,200,1,2267.316,1
2026-07-29T15:40:15.620882+00:00,8e728159ab775112,2026-07-29T15:38:19.557856+00:00,504.697,4,2,api-gateway|customers-service,False,GET,/api/customer/owners/1,200,1,503.48,1
2026-07-29T15:40:15.620882+00:00,5638c1b11a67b471,2026-07-29T15:38:19.391738+00:00,84.091,3,2,api-gateway|visits-service,False,GET,/api/visit/owners/1/pets/1/visits,200,0,0.0,1
2026-07-29T15:40:15.620882+00:00,232361b8c61bb167,2026-07-29T15:38:19.209016+00:00,486.717,4,2,api-gateway|customers-service,False,GET,/api/customer/owners/1,200,1,484.781,1
2026-07-29T15:40:15.620882+00:00,7409fc96a33eb7e0,2026-07-29T15:38:19.039133+00:00,2012.387,4,2,api-gateway|customers-service,False,GET,/api/customer/owners,200,1,2006.76,1
2026-07-29T15:40:15.620882+00:00,fd9acdc4cb8774ab,2026-07-29T15:38:18.892822+00:00,920.977,4,2,api-gateway|vets-service,False,GET,/api/vet/vets,200,1,919.808,1
2026-07-29T15:40:15.620882+00:00,cc4eaaade2ead941,2026-07-29T15:38:18.705252+00:00,533.386,4,2,api-gateway|customers-service,False,GET,/api/customer/owners/1,200,1,527.671,1
2026-07-29T15:40:15.620882+00:00,7a68d2b8126efbc4,2026-07-29T15:38:18.538248+00:00,459.81,3,2,visits-service|api-gateway,False,GET,/api/visit/owners/1/pets/1/visits,200,0,0.0,1
2026-07-29T15:40:15.620882+00:00,8451f0c2c0b6e926,2026-07-29T15:38:18.393111+00:00,1316.166,4,2,api-gateway|vets-service,False,GET,/api/vet/vets,200,1,1314.672,1
2026-07-29T15:40:15.620882+00:00,96943967688fadc3,2026-07-29T15:38:18.205663+00:00,780.7,4,2,api-gateway|customers-service,False,GET,/api/customer/owners/1,200,1,767.511,1
2026-07-29T15:40:15.620882+00:00,0fb8b7c1eb923c7f,2026-07-29T15:38:18.038459+00:00,269.443,4,2,api-gateway|customers-service,False,GET,/api/customer/owners/1,200,1,264.367,1
2026-07-29T15:40:15.620882+00:00,f326ecafbf21c734,2026-07-29T15:38:17.890741+00:00,660.67,4,2,api-gateway|vets-service,False,GET,/api/vet/vets,200,1,659.167,1
2026-07-29T15:40:15.620882+00:00,0d36902643280e2e,2026-07-29T15:38:17.723825+00:00,384.552,4,2,api-gateway|customers-service,False,GET,/api/customer/owners/1,200,1,383.462,1
2026-07-29T15:40:15.620882+00:00,6f2445a4a3c4026b,2026-07-29T15:38:17.539329+00:00,1447.653,4,2,api-gateway|customers-service,False,GET,/api/customer/owners,200,1,1433.203,1
2026-07-29T15:40:15.620882+00:00,87ed6fd99a47bf49,2026-07-29T15:38:17.393793+00:00,731.537,4,2,api-gateway|customers-service,False,GET,/api/customer/owners,200,1,730.451,1
2026-07-29T15:40:15.620882+00:00,3d08c863c12b09b3,2026-07-29T15:38:17.208530+00:00,489.364,4,2,api-gateway|customers-service,False,GET,/api/customer/owners,200,1,488.012,1
2026-07-29T15:40:15.620882+00:00,bef8c2ff23308e0c,2026-07-29T15:38:17.038724+00:00,101.754,4,2,api-gateway|customers-service,False,GET,/api/customer/owners/1,200,1,97.361,1
2026-07-29T15:40:15.620882+00:00,6994fa8628d9b183,2026-07-29T15:38:16.894055+00:00,38.337,3,2,api-gateway|visits-service,False,GET,/api/visit/owners/1/pets/1/visits,200,0,0.0,1
2026-07-29T15:40:15.620882+00:00,b62e6bf8f134c3b8,2026-07-29T15:38:16.705271+00:00,252.661,4,2,api-gateway|customers-service,False,GET,/api/customer/owners,200,1,247.488,1
2026-07-29T15:40:15.620882+00:00,7a93d84ebc9ab526,2026-07-29T15:38:16.558668+00:00,12.401,3,2,api-gateway|visits-service,False,GET,/api/visit/owners/1/pets/1/visits,200,0,0.0,1
2026-07-29T15:40:15.620882+00:00,96aa81be636ccb8e,2026-07-29T15:38:16.393031+00:00,212.549,4,2,api-gateway|vets-service,False,GET,/api/vet/vets,200,1,211.18,1
2026-07-29T15:40:15.620882+00:00,e8f63dab4ec67641,2026-07-29T15:38:16.226982+00:00,122.959,4,2,api-gateway|customers-service,False,GET,/api/customer/owners/1,200,1,121.674,1
2026-07-29T15:40:15.620882+00:00,1daea81b0f99bc79,2026-07-29T15:38:16.039619+00:00,27.781,3,2,visits-service|api-gateway,False,GET,/api/visit/owners/1/pets/1/visits,200,0,0.0,1
2026-07-29T15:40:15.620882+00:00,674a6894f966398a,2026-07-29T15:40:15.189197+00:00,244.895,2,1,customers-service,False,,,200,1,243.612,0
2026-07-29T15:41:15.613623+00:00,d5159878e171ba4f,2026-07-29T15:41:14.156884+00:00,649.463,4,2,api-gateway|customers-service,False,GET,/api/customer/owners/1,200,1,645.445,1
2026-07-29T15:41:15.613623+00:00,dddec5b8d650c3b5,2026-07-29T15:41:13.991013+00:00,1088.999,4,2,api-gateway|customers-service,False,GET,/api/customer/owners,200,1,1074.231,1
2026-07-29T15:41:15.613623+00:00,39be8aa5baa7a9d3,2026-07-29T15:41:13.826333+00:00,276.33,4,2,api-gateway|customers-service,False,GET,/api/customer/owners/1,200,1,276.33,1
2026-07-29T15:41:15.613623+00:00,901db05b35d16db7,2026-07-29T15:41:13.656949+00:00,450.77,4,2,api-gateway|customers-service,False,GET,/api/customer/owners/1,200,1,438.399,1
2026-07-29T15:41:15.613623+00:00,c2a56bdfabf1fc16,2026-07-29T15:41:13.491908+00:00,357.754,4,2,api-gateway|customers-service,False,GET,/api/customer/owners/1,200,1,346.732,1
2026-07-29T15:41:15.613623+00:00,448e354c080b5437,2026-07-29T15:41:13.323498+00:00,66.749,3,2,visits-service|api-gateway,False,GET,/api/visit/owners/1/pets/1/visits,200,0,0.0,1
2026-07-29T15:41:15.613623+00:00,aba087d870e38581,2026-07-29T15:41:13.160915+00:00,920.174,4,2,api-gateway|customers-service,False,GET,/api/customer/owners,200,1,918.676,1
2026-07-29T15:41:15.613623+00:00,c4170d16a2cd70dd,2026-07-29T15:41:13.021857+00:00,641.579,4,2,api-gateway|vets-service,False,GET,/api/vet/vets,200,1,640.191,1
2026-07-29T15:41:15.613623+00:00,7af17eb3fb8d35e5,2026-07-29T15:41:12.824583+00:00,200.855,3,2,visits-service|api-gateway,False,GET,/api/visit/owners/1/pets/1/visits,200,0,0.0,1
2026-07-29T15:41:15.613623+00:00,95d0ad6df0ce2e6d,2026-07-29T15:41:12.657983+00:00,125.094,3,2,visits-service|api-gateway,False,GET,/api/visit/owners/1/pets/1/visits,200,0,0.0,1
2026-07-29T15:41:15.613623+00:00,77d6e62d0a76a0d0,2026-07-29T15:41:12.520369+00:00,775.851,4,2,api-gateway|vets-service,False,GET,/api/vet/vets,200,1,773.807,1
2026-07-29T15:41:15.613623+00:00,6d737863c4e23546,2026-07-29T15:41:12.323968+00:00,1064.356,4,2,api-gateway|customers-service,False,GET,/api/customer/owners,200,1,1060.489,1
2026-07-29T15:41:15.613623+00:00,39d281b0335a53ce,2026-07-29T15:41:12.189633+00:00,849.534,4,2,api-gateway|vets-service,False,GET,/api/vet/vets,200,1,848.354,1
2026-07-29T15:41:15.613623+00:00,73a37cc0a89740c7,2026-07-29T15:41:11.990175+00:00,535.403,4,2,api-gateway|customers-service,False,GET,/api/customer/owners/1,200,1,521.667,1
2026-07-29T15:41:15.613623+00:00,6940c5b0336e3706,2026-07-29T15:41:11.855610+00:00,1401.734,4,2,api-gateway|customers-service,False,GET,/api/customer/owners,200,1,1400.721,1
2026-07-29T15:41:15.613623+00:00,39bc05a6e0659763,2026-07-29T15:41:11.656643+00:00,177.496,3,2,visits-service|api-gateway,False,GET,/api/visit/owners/1/pets/1/visits,200,0,0.0,1
2026-07-29T15:41:15.613623+00:00,d1b1e9e0f84f2e86,2026-07-29T15:41:11.490408+00:00,146.932,3,2,visits-service|api-gateway,False,GET,/api/visit/owners/1/pets/1/visits,200,0,0.0,1
2026-07-29T15:41:15.613623+00:00,5aa8f082987263c9,2026-07-29T15:41:11.324256+00:00,113.106,3,2,visits-service|api-gateway,False,GET,/api/visit/owners/1/pets/1/visits,200,0,0.0,1
2026-07-29T15:41:15.613623+00:00,07c4baabebc44592,2026-07-29T15:41:11.161006+00:00,918.065,4,2,api-gateway|customers-service,False,GET,/api/customer/owners,200,1,916.69,1
2026-07-29T15:41:15.613623+00:00,2f6ab5120142e9b7,2026-07-29T15:41:10.991067+00:00,856.16,4,2,api-gateway|customers-service,False,GET,/api/customer/owners,200,1,851.246,1
2026-07-29T15:41:15.613623+00:00,04a5585b57017620,2026-07-29T15:41:10.856393+00:00,414.462,4,2,api-gateway|vets-service,False,GET,/api/vet/vets,200,1,413.24,1
2026-07-29T15:41:15.613623+00:00,dec465743bfabf29,2026-07-29T15:41:10.657191+00:00,156.877,4,2,api-gateway|customers-service,False,GET,/api/customer/owners/1,200,1,143.189,1
2026-07-29T15:41:15.613623+00:00,134882779f322fe9,2026-07-29T15:41:10.523478+00:00,130.89,4,2,api-gateway|vets-service,False,GET,/api/vet/vets,200,1,129.537,1
2026-07-29T15:41:15.613623+00:00,3f282a428e9a29af,2026-07-29T15:41:10.323411+00:00,88.165,4,2,api-gateway|customers-service,False,GET,/api/customer/owners/1,200,1,77.787,1
2026-07-29T15:41:15.613623+00:00,30b84622ae237db2,2026-07-29T15:41:10.157276+00:00,220.71,4,2,api-gateway|customers-service,False,GET,/api/customer/owners,200,1,216.525,1
2026-07-29T15:41:15.613623+00:00,9c83f7f0289e72cf,2026-07-29T15:41:09.994584+00:00,97.298,4,2,api-gateway|customers-service,False,GET,/api/customer/owners/1,200,1,95.226,1
2026-07-29T15:41:15.613623+00:00,c117ad0e5df05d0a,2026-07-29T15:41:09.857128+00:00,166.228,4,2,api-gateway|vets-service,False,GET,/api/vet/vets,200,1,165.162,1
2026-07-29T15:41:15.613623+00:00,d0e49d1081ec3d11,2026-07-29T15:41:09.657048+00:00,198.97,4,2,api-gateway|customers-service,False,GET,/api/customer/owners,200,1,186.169,1
2026-07-29T15:41:15.613623+00:00,63b23428b6b51bdc,2026-07-29T15:41:09.490483+00:00,88.711,4,2,api-gateway|customers-service,False,GET,/api/customer/owners/1,200,1,75.254,1
2026-07-29T15:41:15.613623+00:00,c953aa8912beae91,2026-07-29T15:41:09.323289+00:00,35.21,3,2,visits-service|api-gateway,False,GET,/api/visit/owners/1/pets/1/visits,200,0,0.0,1
2026-07-29T15:41:15.613623+00:00,080742de15c4bbd7,2026-07-29T15:41:09.161147+00:00,71.585,4,2,api-gateway|customers-service,False,GET,/api/customer/owners/1,200,1,70.235,1
2026-07-29T15:41:15.613623+00:00,9f80d98c9bdb153c,2026-07-29T15:41:08.993804+00:00,79.641,4,2,api-gateway|customers-service,False,GET,/api/customer/owners/1,200,1,77.816,1
2026-07-29T15:41:15.613623+00:00,21c2e1258a02bf2d,2026-07-29T15:41:08.823480+00:00,30.331,3,2,visits-service|api-gateway,False,GET,/api/visit/owners/1/pets/1/visits,200,0,0.0,1
2026-07-29T15:41:15.613623+00:00,2c65b58fb15d9a7f,2026-07-29T15:41:08.690355+00:00,183.971,4,2,api-gateway|vets-service,False,GET,/api/vet/vets,200,1,182.595,1
2026-07-29T15:41:15.613623+00:00,7076b36f344516fc,2026-07-29T15:41:08.490016+00:00,21.741,3,2,visits-service|api-gateway,False,GET,/api/visit/owners/1/pets/1/visits,200,0,0.0,1
2026-07-29T15:41:15.613623+00:00,6353af5e704de986,2026-07-29T15:41:08.324273+00:00,41.96,3,2,visits-service|api-gateway,False,GET,/api/visit/owners/1/pets/1/visits,200,0,0.0,1
2026-07-29T15:41:15.613623+00:00,c7f662e5bf7691f0,2026-07-29T15:41:08.188349+00:00,80.342,4,2,api-gateway|customers-service,False,GET,/api/customer/owners/1,200,1,79.213,1
2026-07-29T15:41:15.613623+00:00,2cad3ff365e5bd35,2026-07-29T15:41:08.022770+00:00,17.781,3,2,api-gateway|visits-service,False,GET,/api/visit/owners/1/pets/1/visits,200,0,0.0,1
2026-07-29T15:41:15.613623+00:00,d91a5cb040b588ba,2026-07-29T15:41:07.857913+00:00,112.955,4,2,api-gateway|vets-service,False,GET,/api/vet/vets,200,1,111.88,1
2026-07-29T15:41:15.613623+00:00,0648ef3eb4ee8818,2026-07-29T15:41:07.657609+00:00,90.467,4,2,api-gateway|customers-service,False,GET,/api/customer/owners/1,200,1,76.177,1
2026-07-29T15:41:15.613623+00:00,8641ad650f752e04,2026-07-29T15:41:07.523802+00:00,133.609,4,2,api-gateway|vets-service,False,GET,/api/vet/vets,200,1,132.066,1
2026-07-29T15:41:15.613623+00:00,c11942bbf9761371,2026-07-29T15:41:07.355070+00:00,127.216,4,2,api-gateway|vets-service,False,GET,/api/vet/vets,200,1,125.986,1
2026-07-29T15:41:15.613623+00:00,0422acf1367ddc59,2026-07-29T15:41:07.161473+00:00,75.87,4,2,api-gateway|customers-service,False,GET,/api/customer/owners/1,200,1,74.273,1
2026-07-29T15:41:15.613623+00:00,f1b402d8c46b08cb,2026-07-29T15:41:06.991273+00:00,26.553,3,2,visits-service|api-gateway,False,GET,/api/visit/owners/1/pets/1/visits,200,0,0.0,1
2026-07-29T15:41:15.613623+00:00,d196f0e5ab571da8,2026-07-29T15:41:06.823882+00:00,33.656,3,2,visits-service|api-gateway,False,GET,/api/visit/owners/1/pets/1/visits,200,0,0.0,1
2026-07-29T15:41:15.613623+00:00,2b4c560200962194,2026-07-29T15:41:06.659787+00:00,211.229,4,2,api-gateway|customers-service,False,GET,/api/customer/owners,200,1,209.387,1
2026-07-29T15:41:15.613623+00:00,206eb03d57d2a45f,2026-07-29T15:41:06.490729+00:00,30.477,3,2,visits-service|api-gateway,False,GET,/api/visit/owners/1/pets/1/visits,200,0,0.0,1
2026-07-29T15:41:15.613623+00:00,b683a51fef86d7e9,2026-07-29T15:41:06.323324+00:00,300.507,4,2,api-gateway|customers-service,False,GET,/api/customer/owners/1,200,1,287.064,1
2026-07-29T15:41:15.613623+00:00,1dd1307393a93ea2,2026-07-29T15:41:06.191664+00:00,134.238,4,2,api-gateway|vets-service,False,GET,/api/vet/vets,200,1,132.857,1
2026-07-29T15:41:15.613623+00:00,4f7a288d9ef6099e,2026-07-29T15:41:06.025894+00:00,19.826,3,2,api-gateway|visits-service,False,GET,/api/visit/owners/1/pets/1/visits,200,0,0.0,1
2026-07-29T15:41:15.613623+00:00,acd3fec99e228681,2026-07-29T15:41:05.823575+00:00,33.136,3,2,visits-service|api-gateway,False,GET,/api/visit/owners/1/pets/1/visits,200,0,0.0,1
2026-07-29T15:41:15.613623+00:00,7809d2133e94832a,2026-07-29T15:41:05.692379+00:00,129.932,4,2,api-gateway|vets-service,False,GET,/api/vet/vets,200,1,128.651,1
2026-07-29T15:41:15.613623+00:00,f0489e3c673d05ac,2026-07-29T15:41:05.490286+00:00,188.468,4,2,api-gateway|customers-service,False,GET,/api/customer/owners,200,1,177.049,1
2026-07-29T15:41:15.613623+00:00,5814463d2d90bd91,2026-07-29T15:41:05.360511+00:00,130.965,4,2,api-gateway|vets-service,False,GET,/api/vet/vets,200,1,129.822,1
2026-07-29T15:41:15.613623+00:00,d781009227ff6610,2026-07-29T15:41:05.193268+00:00,121.443,4,2,api-gateway|vets-service,False,GET,/api/vet/vets,200,1,120.146,1
2026-07-29T15:41:15.613623+00:00,9a09b892a2588357,2026-07-29T15:41:04.994235+00:00,79.6,4,2,api-gateway|customers-service,False,GET,/api/customer/owners/1,200,1,77.888,1
2026-07-29T15:41:15.613623+00:00,d4f4a36d566bb8cf,2026-07-29T15:41:04.827546+00:00,84.647,4,2,api-gateway|customers-service,False,GET,/api/customer/owners/1,200,1,82.997,1
2026-07-29T15:41:15.613623+00:00,31a72952d2a19927,2026-07-29T15:41:04.657734+00:00,102.704,4,2,api-gateway|customers-service,False,GET,/api/customer/owners/1,200,1,89.887,1
2026-07-29T15:41:15.613623+00:00,42223e715eebfc71,2026-07-29T15:41:04.490599+00:00,107.715,4,2,api-gateway|customers-service,False,GET,/api/customer/owners/1,200,1,93.498,1
2026-07-29T15:41:15.613623+00:00,8a2303972209ce57,2026-07-29T15:41:04.324563+00:00,36.693,3,2,visits-service|api-gateway,False,GET,/api/visit/owners/1/pets/1/visits,200,0,0.0,1
2026-07-29T15:41:15.613623+00:00,e09df78558d68885,2026-07-29T15:41:04.160080+00:00,74.271,4,2,api-gateway|customers-service,False,GET,/api/customer/owners/1,200,1,72.208,1
2026-07-29T15:41:15.613623+00:00,e1d3adfca66534f6,2026-07-29T15:41:03.990964+00:00,32.26,3,2,visits-service|api-gateway,False,GET,/api/visit/owners/1/pets/1/visits,200,0,0.0,1
2026-07-29T15:41:15.613623+00:00,abb13b34a7013bf2,2026-07-29T15:41:03.862482+00:00,139.875,4,2,api-gateway|vets-service,False,GET,/api/vet/vets,200,1,138.606,1
2026-07-29T15:41:15.613623+00:00,dda4daacaf128d5b,2026-07-29T15:41:03.660083+00:00,191.138,4,2,api-gateway|customers-service,False,GET,/api/customer/owners,200,1,189.319,1
2026-07-29T15:41:15.613623+00:00,078c23ea6e2d2989,2026-07-29T15:41:03.492481+00:00,204.848,4,2,api-gateway|customers-service,False,GET,/api/customer/owners,200,1,192.191,1
2026-07-29T15:41:15.613623+00:00,402824a07319bd7a,2026-07-29T15:41:03.324004+00:00,191.13,4,2,api-gateway|customers-service,False,GET,/api/customer/owners,200,1,178.113,1
2026-07-29T15:41:15.613623+00:00,c0c5f9e39faa83f7,2026-07-29T15:41:03.159300+00:00,76.543,4,2,api-gateway|customers-service,False,GET,/api/customer/owners/1,200,1,75.202,1
2026-07-29T15:41:15.613623+00:00,59299c62017f941f,2026-07-29T15:41:03.027678+00:00,181.443,4,2,api-gateway|vets-service,False,GET,/api/vet/vets,200,1,180.104,1
2026-07-29T15:41:15.613623+00:00,e80d6d0e740c112d,2026-07-29T15:41:02.860820+00:00,129.046,4,2,api-gateway|vets-service,False,GET,/api/vet/vets,200,1,127.816,1
2026-07-29T15:41:15.613623+00:00,18f85982a4bcc8e1,2026-07-29T15:41:02.695361+00:00,148.029,4,2,api-gateway|vets-service,False,GET,/api/vet/vets,200,1,146.674,1
2026-07-29T15:41:15.613623+00:00,6d00c65b983887ab,2026-07-29T15:41:02.490383+00:00,34.77,3,2,visits-service|api-gateway,False,GET,/api/visit/owners/1/pets/1/visits,200,0,0.0,1
2026-07-29T15:41:15.613623+00:00,0e1727bdcb57dbda,2026-07-29T15:41:02.323375+00:00,86.422,4,2,api-gateway|customers-service,False,GET,/api/customer/owners/1,200,1,80.559,1
2026-07-29T15:41:15.613623+00:00,e6e3f727d31ff7a8,2026-07-29T15:41:02.156703+00:00,250.868,4,2,api-gateway|customers-service,False,GET,/api/customer/owners,200,1,239.218,1
2026-07-29T15:41:15.613623+00:00,0156f96041d71130,2026-07-29T15:41:02.029421+00:00,105.427,4,2,api-gateway|customers-service,False,GET,/api/customer/owners/1,200,1,104.357,1
2026-07-29T15:41:15.613623+00:00,4eddebec2e4afaf6,2026-07-29T15:41:01.861540+00:00,140.812,4,2,api-gateway|vets-service,False,GET,/api/vet/vets,200,1,139.705,1
2026-07-29T15:41:15.613623+00:00,b2043b8d8d7ce83b,2026-07-29T15:41:01.694704+00:00,148.054,4,2,api-gateway|vets-service,False,GET,/api/vet/vets,200,1,146.701,1
2026-07-29T15:41:15.613623+00:00,7f2a98b3fa7fa08d,2026-07-29T15:41:01.494833+00:00,435.674,4,2,api-gateway|customers-service,False,GET,/api/customer/owners,200,1,433.761,1
2026-07-29T15:41:15.613623+00:00,2caebf531da119df,2026-07-29T15:41:01.361765+00:00,179.06,4,2,api-gateway|vets-service,False,GET,/api/vet/vets,200,1,177.702,1
2026-07-29T15:41:15.613623+00:00,056abf74cdcedd71,2026-07-29T15:41:01.156498+00:00,38.128,3,2,visits-service|api-gateway,False,GET,/api/visit/owners/1/pets/1/visits,200,0,0.0,1
2026-07-29T15:41:15.613623+00:00,380a7d8bbf8a67b7,2026-07-29T15:41:00.995178+00:00,169.385,4,2,api-gateway|customers-service,False,GET,/api/customer/owners,200,1,168.081,1
2026-07-29T15:41:15.613623+00:00,ec06e183d3364abd,2026-07-29T15:41:00.858753+00:00,192.291,4,2,api-gateway|customers-service,False,GET,/api/customer/owners,200,1,191.361,1
2026-07-29T15:41:15.613623+00:00,4a1aee8e9faacbe3,2026-07-29T15:41:00.657255+00:00,48.618,3,2,visits-service|api-gateway,False,GET,/api/visit/owners/1/pets/1/visits,200,0,0.0,1
2026-07-29T15:41:15.613623+00:00,7024e1dfc9752853,2026-07-29T15:41:00.527865+00:00,192.772,4,2,api-gateway|vets-service,False,GET,/api/vet/vets,200,1,191.583,1
2026-07-29T15:41:15.613623+00:00,e1f5dd03aece9df9,2026-07-29T15:41:00.362124+00:00,142.952,4,2,api-gateway|vets-service,False,GET,/api/vet/vets,200,1,141.707,1
2026-07-29T15:41:15.613623+00:00,39ed3f797d40f628,2026-07-29T15:41:00.192129+00:00,86.781,4,2,api-gateway|customers-service,False,GET,/api/customer/owners/1,200,1,85.641,1
2026-07-29T15:41:15.613623+00:00,b84477205026aa4d,2026-07-29T15:40:59.991010+00:00,32.041,3,2,visits-service|api-gateway,False,GET,/api/visit/owners/1/pets/1/visits,200,0,0.0,1
2026-07-29T15:41:15.613623+00:00,2d86e085cf169b55,2026-07-29T15:40:59.826409+00:00,177.938,4,2,api-gateway|customers-service,False,GET,/api/customer/owners,200,1,175.467,1
2026-07-29T15:41:15.613623+00:00,a77403059af3a2ce,2026-07-29T15:40:59.667084+00:00,191.921,4,2,api-gateway|customers-service,False,GET,/api/customer/owners,200,1,190.077,1
2026-07-29T15:41:15.613623+00:00,d624a38a328bf1da,2026-07-29T15:40:59.491248+00:00,36.845,3,2,visits-service|api-gateway,False,GET,/api/visit/owners/1/pets/1/visits,200,0,0.0,1
2026-07-29T15:41:15.613623+00:00,c228d355f97fc5cf,2026-07-29T15:40:59.361224+00:00,130.676,4,2,api-gateway|vets-service,False,GET,/api/vet/vets,200,1,129.387,1
2026-07-29T15:41:15.613623+00:00,40745d13d9ec4635,2026-07-29T15:40:59.192794+00:00,67.599,4,2,api-gateway|customers-service,False,GET,/api/customer/owners/1,200,1,66.776,1
2026-07-29T15:41:15.613623+00:00,4998b603f4c0348f,2026-07-29T15:40:58.990799+00:00,32.128,3,2,visits-service|api-gateway,False,GET,/api/visit/owners/1/pets/1/visits,200,0,0.0,1
2026-07-29T15:41:15.613623+00:00,7142f668299d92f1,2026-07-29T15:40:58.824091+00:00,71.977,4,2,api-gateway|customers-service,False,GET,/api/customer/owners/1,200,1,60.198,1
2026-07-29T15:41:15.613623+00:00,75f85169af17d5ec,2026-07-29T15:40:58.690803+00:00,135.115,4,2,api-gateway|vets-service,False,GET,/api/vet/vets,200,1,133.764,1
2026-07-29T15:41:15.613623+00:00,b729705e573e846e,2026-07-29T15:40:58.490481+00:00,165.52,4,2,api-gateway|customers-service,False,GET,/api/customer/owners,200,1,162.322,1
2026-07-29T15:41:15.613623+00:00,0e69c4ca68858136,2026-07-29T15:40:58.358995+00:00,118.511,4,2,api-gateway|vets-service,False,GET,/api/vet/vets,200,1,117.143,1
2026-07-29T15:41:15.613623+00:00,bf4f817f64b41821,2026-07-29T15:40:58.192825+00:00,126.271,4,2,api-gateway|vets-service,False,GET,/api/vet/vets,200,1,124.996,1
2026-07-29T15:41:15.613623+00:00,f6b69b029727ce9b,2026-07-29T15:40:58.023688+00:00,132.842,4,2,api-gateway|vets-service,False,GET,/api/vet/vets,200,1,131.553,1
2026-07-29T15:41:15.613623+00:00,7684fe2c750ad4c8,2026-07-29T15:40:57.857892+00:00,130.465,4,2,api-gateway|vets-service,False,GET,/api/vet/vets,200,1,129.113,1
2026-07-29T15:41:15.613623+00:00,ee42746ebe4036eb,2026-07-29T15:40:57.659041+00:00,185.363,4,2,api-gateway|customers-service,False,GET,/api/customer/owners,200,1,184.26,1
2026-07-29T15:41:15.613623+00:00,9ed8e9fcbf4b4ced,2026-07-29T15:40:57.523023+00:00,128.017,4,2,api-gateway|vets-service,False,GET,/api/vet/vets,200,1,126.748,1
2026-07-29T15:41:15.613623+00:00,243d23ffb378e0ec,2026-07-29T15:40:57.323643+00:00,35.156,3,2,visits-service|api-gateway,False,GET,/api/visit/owners/1/pets/1/visits,200,0,0.0,1
2026-07-29T15:41:15.613623+00:00,cd6182447e87f7d7,2026-07-29T15:40:57.157238+00:00,147.926,4,2,vets-service|api-gateway,False,GET,/api/vet/vets,200,1,133.739,1
2026-07-29T15:41:15.613623+00:00,76c447b39b2f9985,2026-07-29T15:40:57.025633+00:00,142.597,4,2,api-gateway|vets-service,False,GET,/api/vet/vets,200,1,141.358,1
2026-07-29T15:41:15.613623+00:00,85a28de834077eba,2026-07-29T15:40:56.858003+00:00,168.008,4,2,api-gateway|vets-service,False,GET,/api/vet/vets,200,1,166.673,1
2026-07-29T15:41:15.613623+00:00,50adfbce645f0b4c,2026-07-29T15:40:56.693455+00:00,156.979,4,2,api-gateway|vets-service,False,GET,/api/vet/vets,200,1,155.723,1
2026-07-29T15:41:15.613623+00:00,562c7f6918f97c65,2026-07-29T15:40:56.526465+00:00,221.291,4,2,api-gateway|vets-service,False,GET,/api/vet/vets,200,1,219.996,1
2026-07-29T15:41:15.613623+00:00,0ff38b7a04d71dc8,2026-07-29T15:40:56.323499+00:00,338.245,4,2,api-gateway|customers-service,False,GET,/api/customer/owners,200,1,324.928,1
2026-07-29T15:41:15.613623+00:00,81a864609cb510ad,2026-07-29T15:40:56.159604+00:00,18.662,3,2,visits-service|api-gateway,False,GET,/api/visit/owners/1/pets/1/visits,200,0,0.0,1
2026-07-29T15:41:15.613623+00:00,0ca33b07a6af8a46,2026-07-29T15:40:56.024739+00:00,293.275,4,2,api-gateway|customers-service,False,GET,/api/customer/owners,200,1,292.274,1
2026-07-29T15:41:15.613623+00:00,8dbeb06eed8b30ce,2026-07-29T15:40:55.823538+00:00,35.676,3,2,visits-service|api-gateway,False,GET,/api/visit/owners/1/pets/1/visits,200,0,0.0,1
2026-07-29T15:41:15.613623+00:00,c14a210a9031311e,2026-07-29T15:40:55.657309+00:00,35.468,3,2,visits-service|api-gateway,False,GET,/api/visit/owners/1/pets/1/visits,200,0,0.0,1
2026-07-29T15:41:15.613623+00:00,2728f2716fe1f562,2026-07-29T15:40:55.523353+00:00,169.144,4,2,api-gateway|vets-service,False,GET,/api/vet/vets,200,1,167.808,1
2026-07-29T15:41:15.613623+00:00,7f559dce103c38fe,2026-07-29T15:40:55.323458+00:00,178.021,4,2,api-gateway|customers-service,False,GET,/api/customer/owners,200,1,173.479,1
2026-07-29T15:41:15.613623+00:00,4894c568f3a38805,2026-07-29T15:40:55.189508+00:00,36.716,3,2,api-gateway|visits-service,False,GET,/api/visit/owners/1/pets/1/visits,200,0,0.0,1
2026-07-29T15:41:15.613623+00:00,52d09ca267603309,2026-07-29T15:40:54.992007+00:00,229.637,4,2,api-gateway|customers-service,False,GET,/api/customer/owners,200,1,229.637,1
2026-07-29T15:41:15.613623+00:00,29878f38a6a4deed,2026-07-29T15:40:54.855485+00:00,227.217,4,2,api-gateway|customers-service,False,GET,/api/customer/owners,200,1,226.035,1
2026-07-29T15:41:15.613623+00:00,c7a3ffc6163c418c,2026-07-29T15:40:54.656862+00:00,102.089,4,2,api-gateway|customers-service,False,GET,/api/customer/owners/1,200,1,99.107,1
2026-07-29T15:41:15.613623+00:00,3d307fc47ba9eb9a,2026-07-29T15:40:54.490435+00:00,299.591,4,2,api-gateway|customers-service,False,GET,/api/customer/owners,200,1,285.769,1
2026-07-29T15:41:15.613623+00:00,7ebebef15e5a6820,2026-07-29T15:40:54.323768+00:00,21.861,3,2,visits-service|api-gateway,False,GET,/api/visit/owners/1/pets/1/visits,200,0,0.0,1
2026-07-29T15:41:15.613623+00:00,8fffb3672153b84c,2026-07-29T15:40:54.157326+00:00,229.888,4,2,api-gateway|customers-service,False,GET,/api/customer/owners,200,1,224.166,1
2026-07-29T15:41:15.613623+00:00,1b6fbd7bd53bd51d,2026-07-29T15:40:54.020691+00:00,36.155,3,2,api-gateway|visits-service,False,GET,/api/visit/owners/1/pets/1/visits,200,0,0.0,1
2026-07-29T15:41:15.613623+00:00,d742d84229de682f,2026-07-29T15:40:53.824148+00:00,21.403,3,2,visits-service|api-gateway,False,GET,/api/visit/owners/1/pets/1/visits,200,0,0.0,1
2026-07-29T15:41:15.613623+00:00,4326fe93549ad4bc,2026-07-29T15:40:53.656692+00:00,39.289,3,2,visits-service|api-gateway,False,GET,/api/visit/owners/1/pets/1/visits,200,0,0.0,1
2026-07-29T15:41:15.613623+00:00,8bceeb591f6ce20f,2026-07-29T15:40:53.490635+00:00,37.215,3,2,visits-service|api-gateway,False,GET,/api/visit/owners/1/pets/1/visits,200,0,0.0,1
2026-07-29T15:41:15.613623+00:00,8410e0f9bd9996e7,2026-07-29T15:40:53.355989+00:00,194.992,4,2,api-gateway|vets-service,False,GET,/api/vet/vets,200,1,193.868,1
2026-07-29T15:41:15.613623+00:00,a5d2e907dfa8e1cb,2026-07-29T15:40:53.157803+00:00,248.612,4,2,api-gateway|customers-service,False,GET,/api/customer/owners,200,1,230.189,1
2026-07-29T15:41:15.613623+00:00,4a6177a8c1ccb665,2026-07-29T15:40:53.023404+00:00,19.635,3,2,api-gateway|visits-service,False,GET,/api/visit/owners/1/pets/1/visits,200,0,0.0,1
2026-07-29T15:41:15.613623+00:00,b3e448841ea980b7,2026-07-29T15:40:52.854445+00:00,146.745,4,2,api-gateway|vets-service,False,GET,/api/vet/vets,200,1,145.585,1
2026-07-29T15:41:15.613623+00:00,b127453d4580009d,2026-07-29T15:40:52.656782+00:00,55.563,3,2,visits-service|api-gateway,False,GET,/api/visit/owners/1/pets/1/visits,200,0,0.0,1
2026-07-29T15:41:15.613623+00:00,870a928fd6e8cfa9,2026-07-29T15:40:52.490763+00:00,274.507,4,2,api-gateway|customers-service,False,GET,/api/customer/owners,200,1,269.113,1
2026-07-29T15:41:15.613623+00:00,7f3371dad3d6dda1,2026-07-29T15:40:52.323639+00:00,91.657,4,2,api-gateway|customers-service,False,GET,/api/customer/owners/1,200,1,78.548,1
2026-07-29T15:41:15.613623+00:00,029ad10480c845e5,2026-07-29T15:40:52.159377+00:00,59.833,4,2,api-gateway|customers-service,False,GET,/api/customer/owners/1,200,1,59.833,1
2026-07-29T15:41:15.613623+00:00,1fb8bc7755f258d5,2026-07-29T15:40:52.021235+00:00,171.698,4,2,api-gateway|customers-service,False,GET,/api/customer/owners,200,1,170.46,1
2026-07-29T15:41:15.613623+00:00,f88421e905d4f5f6,2026-07-29T15:40:51.825719+00:00,63.49,4,2,api-gateway|customers-service,False,GET,/api/customer/owners/1,200,1,62.23,1
2026-07-29T15:41:15.613623+00:00,ed8aa64a4c20e472,2026-07-29T15:40:51.657865+00:00,84.167,4,2,api-gateway|customers-service,False,GET,/api/customer/owners/1,200,1,71.473,1
2026-07-29T15:41:15.613623+00:00,2c63e6b77fcc85e6,2026-07-29T15:40:51.491174+00:00,35.23,3,2,visits-service|api-gateway,False,GET,/api/visit/owners/1/pets/1/visits,200,0,0.0,1
2026-07-29T15:41:15.613623+00:00,55ed73fbe2304586,2026-07-29T15:40:51.323674+00:00,73.462,4,2,api-gateway|customers-service,False,GET,/api/customer/owners/1,200,1,67.474,1
2026-07-29T15:41:15.613623+00:00,69192ed171dbc936,2026-07-29T15:40:51.157921+00:00,208.368,4,2,api-gateway|customers-service,False,GET,/api/customer/owners,200,1,192.011,1
2026-07-29T15:41:15.613623+00:00,c230d78e107310dc,2026-07-29T15:40:50.990647+00:00,31.022,3,2,visits-service|api-gateway,False,GET,/api/visit/owners/1/pets/1/visits,200,0,0.0,1
2026-07-29T15:41:15.613623+00:00,40a585ce09d86216,2026-07-29T15:40:50.855154+00:00,174.127,4,2,api-gateway|vets-service,False,GET,/api/vet/vets,200,1,173.092,1
2026-07-29T15:41:15.613623+00:00,e514f32a26e5aae4,2026-07-29T15:40:50.687566+00:00,141.072,4,2,api-gateway|vets-service,False,GET,/api/vet/vets,200,1,139.678,1
2026-07-29T15:41:15.613623+00:00,6778a91c9b279d39,2026-07-29T15:40:50.490863+00:00,109.855,4,2,api-gateway|customers-service,False,GET,/api/customer/owners/1,200,1,105.467,1
2026-07-29T15:41:15.613623+00:00,31ae7e71c5b12213,2026-07-29T15:40:50.323560+00:00,197.099,4,2,api-gateway|customers-service,False,GET,/api/customer/owners,200,1,184.634,1
2026-07-29T15:41:15.613623+00:00,11a53bbebe980074,2026-07-29T15:40:50.157107+00:00,308.817,4,2,api-gateway|customers-service,False,GET,/api/customer/owners,200,1,303.103,1
2026-07-29T15:41:15.613623+00:00,83bc665d5116a9a7,2026-07-29T15:40:49.990076+00:00,131.758,4,2,vets-service|api-gateway,False,GET,/api/vet/vets,200,1,121.098,1
2026-07-29T15:41:15.613623+00:00,94c976246afa8b19,2026-07-29T15:40:49.852498+00:00,185.142,4,2,api-gateway|customers-service,False,GET,/api/customer/owners,200,1,184.432,1
2026-07-29T15:41:15.613623+00:00,f380ae72e977ab7c,2026-07-29T15:40:49.657029+00:00,191.46,4,2,vets-service|api-gateway,False,GET,/api/vet/vets,200,1,179.739,1
2026-07-29T15:41:15.613623+00:00,fb6e6203b881d7eb,2026-07-29T15:40:49.490324+00:00,72.24,4,2,api-gateway|customers-service,False,GET,/api/customer/owners/1,200,1,60.457,1
2026-07-29T15:41:15.613623+00:00,1169732caf600e95,2026-07-29T15:40:49.324209+00:00,443.787,4,2,api-gateway|customers-service,False,GET,/api/customer/owners,200,1,438.394,1
2026-07-29T15:41:15.613623+00:00,51899367a7d80a24,2026-07-29T15:40:49.159629+00:00,291.572,4,2,api-gateway|customers-service,False,GET,/api/customer/owners,200,1,287.748,1
2026-07-29T15:41:15.613623+00:00,99e4c6630843a33f,2026-07-29T15:40:49.018584+00:00,16.532,3,2,api-gateway|visits-service,False,GET,/api/visit/owners/1/pets/1/visits,200,0,0.0,1
2026-07-29T15:41:15.613623+00:00,b8483b3fd1fa6103,2026-07-29T15:40:48.824434+00:00,148.428,4,2,vets-service|api-gateway,False,GET,/api/vet/vets,200,1,135.818,1
2026-07-29T15:41:15.613623+00:00,a13cb26c395d4a6c,2026-07-29T15:40:48.656731+00:00,85.351,4,2,api-gateway|customers-service,False,GET,/api/customer/owners/1,200,1,74.639,1
2026-07-29T15:41:15.613623+00:00,66665c5244df5347,2026-07-29T15:40:48.490030+00:00,80.932,3,2,visits-service|api-gateway,False,GET,/api/visit/owners/1/pets/1/visits,200,0,0.0,1
2026-07-29T15:41:15.613623+00:00,b0c2b5e6a4199405,2026-07-29T15:40:48.324142+00:00,247.19,4,2,vets-service|api-gateway,False,GET,/api/vet/vets,200,1,157.965,1
2026-07-29T15:41:15.613623+00:00,2470f837198b91ed,2026-07-29T15:40:48.157314+00:00,252.958,4,2,vets-service|api-gateway,False,GET,/api/vet/vets,200,1,133.496,1
2026-07-29T15:41:15.613623+00:00,150db0d3aa41b903,2026-07-29T15:40:48.020330+00:00,10.698,3,2,api-gateway|visits-service,False,GET,/api/visit/owners/1/pets/1/visits,200,0,0.0,1
2026-07-29T15:41:15.613623+00:00,daf7347823f556a8,2026-07-29T15:40:47.825047+00:00,48.138,3,2,visits-service|api-gateway,False,GET,/api/visit/owners/1/pets/1/visits,200,0,0.0,1
2026-07-29T15:41:15.613623+00:00,9f3d7cd688b8433c,2026-07-29T15:40:47.657113+00:00,30.774,3,2,visits-service|api-gateway,False,GET,/api/visit/owners/1/pets/1/visits,200,0,0.0,1
2026-07-29T15:41:15.613623+00:00,be3a4548c0d3afeb,2026-07-29T15:40:47.490377+00:00,29.735,3,2,visits-service|api-gateway,False,GET,/api/visit/owners/1/pets/1/visits,200,0,0.0,1
2026-07-29T15:41:15.613623+00:00,d8db2ace63434da6,2026-07-29T15:40:47.323932+00:00,141.658,4,2,vets-service|api-gateway,False,GET,/api/vet/vets,200,1,129.37,1
2026-07-29T15:41:15.613623+00:00,6513d9715c48a41b,2026-07-29T15:40:47.157116+00:00,168.372,4,2,api-gateway|customers-service,False,GET,/api/customer/owners,200,1,155.497,1
2026-07-29T15:41:15.613623+00:00,2ecd839bd1cc89fe,2026-07-29T15:40:46.993338+00:00,165.862,4,2,api-gateway|customers-service,False,GET,/api/customer/owners,200,1,164.234,1
2026-07-29T15:41:15.613623+00:00,810844363776f794,2026-07-29T15:40:46.851652+00:00,21.547,3,2,api-gateway|visits-service,False,GET,/api/visit/owners/1/pets/1/visits,200,0,0.0,1
2026-07-29T15:41:15.613623+00:00,b9efe4c6355a94b8,2026-07-29T15:40:46.657519+00:00,115.791,4,2,api-gateway|customers-service,False,GET,/api/customer/owners/1,200,1,102.431,1
2026-07-29T15:41:15.613623+00:00,728f2fc865c7f475,2026-07-29T15:40:46.490756+00:00,205.5,4,2,vets-service|api-gateway,False,GET,/api/vet/vets,200,1,188.727,1
2026-07-29T15:41:15.613623+00:00,35d4f5b7be3342a8,2026-07-29T15:40:46.327850+00:00,491.665,4,2,api-gateway|customers-service,False,GET,/api/customer/owners,200,1,489.5,1
2026-07-29T15:41:15.613623+00:00,79edd9b23d6c4e4d,2026-07-29T15:40:46.157659+00:00,299.627,4,2,api-gateway|customers-service,False,GET,/api/customer/owners,200,1,232.354,1
2026-07-29T15:41:15.613623+00:00,e63937b62dde4a2e,2026-07-29T15:40:45.990235+00:00,35.496,3,2,visits-service|api-gateway,False,GET,/api/visit/owners/1/pets/1/visits,200,0,0.0,1
2026-07-29T15:41:15.613623+00:00,7c2c51529f6faf75,2026-07-29T15:40:45.827256+00:00,89.848,4,2,api-gateway|customers-service,False,GET,/api/customer/owners/1,200,1,88.073,1
2026-07-29T15:41:15.613623+00:00,e7436096ad478436,2026-07-29T15:40:45.657505+00:00,225.146,4,2,vets-service|api-gateway,False,GET,/api/vet/vets,200,1,207.464,1
2026-07-29T15:41:15.613623+00:00,ba2c7c76cb8f19f2,2026-07-29T15:40:45.490458+00:00,297.401,4,2,api-gateway|customers-service,False,GET,/api/customer/owners,200,1,283.148,1
2026-07-29T15:41:15.613623+00:00,df07444e9b3123b9,2026-07-29T15:40:45.323891+00:00,124.038,4,2,api-gateway|customers-service,False,GET,/api/customer/owners/1,200,1,117.945,1
2026-07-29T15:41:15.613623+00:00,ca955701c92eb24a,2026-07-29T15:40:45.184578+00:00,26.862,3,2,api-gateway|visits-service,False,GET,/api/visit/owners/1/pets/1/visits,200,0,0.0,1
2026-07-29T15:41:15.613623+00:00,2398c9b0affcebc0,2026-07-29T15:40:44.990793+00:00,199.518,4,2,vets-service|api-gateway,False,GET,/api/vet/vets,200,1,184.54,1
2026-07-29T15:41:15.613623+00:00,4eaad671dcb250dd,2026-07-29T15:40:44.823750+00:00,189.289,4,2,vets-service|api-gateway,False,GET,/api/vet/vets,200,1,175.258,1
2026-07-29T15:41:15.613623+00:00,b7efa17e80a2c37e,2026-07-29T15:40:44.657553+00:00,44.238,3,2,visits-service|api-gateway,False,GET,/api/visit/owners/1/pets/1/visits,200,0,0.0,1
2026-07-29T15:41:15.613623+00:00,71d3395f3d8f2733,2026-07-29T15:40:44.490714+00:00,259.807,4,2,api-gateway|customers-service,False,GET,/api/customer/owners,200,1,245.093,1
2026-07-29T15:41:15.613623+00:00,13b193fdd4f0f67e,2026-07-29T15:40:44.324287+00:00,130.953,3,2,visits-service|api-gateway,False,GET,/api/visit/owners/1/pets/1/visits,200,0,0.0,1
2026-07-29T15:41:15.613623+00:00,e5c3a6f480f0307f,2026-07-29T15:40:44.157209+00:00,297.928,4,2,vets-service|api-gateway,False,GET,/api/vet/vets,200,1,174.036,1
2026-07-29T15:41:15.613623+00:00,0967e47227541e9c,2026-07-29T15:40:43.990534+00:00,51.143,3,2,visits-service|api-gateway,False,GET,/api/visit/owners/1/pets/1/visits,200,0,0.0,1
2026-07-29T15:41:15.613623+00:00,6f3e065da15b4454,2026-07-29T15:40:43.825230+00:00,300.984,4,2,api-gateway|customers-service,False,GET,/api/customer/owners,200,1,299.581,1
2026-07-29T15:41:15.613623+00:00,219bafd67d11f71b,2026-07-29T15:40:43.657586+00:00,244.871,4,2,vets-service|api-gateway,False,GET,/api/vet/vets,200,1,235.475,1
2026-07-29T15:41:15.613623+00:00,d920e90c895b4018,2026-07-29T15:40:43.490106+00:00,254.56,4,2,vets-service|api-gateway,False,GET,/api/vet/vets,200,1,242.365,1
2026-07-29T15:41:15.613623+00:00,a27d86bf832b1e3a,2026-07-29T15:40:43.324079+00:00,143.856,3,2,visits-service|api-gateway,False,GET,/api/visit/owners/1/pets/1/visits,200,0,0.0,1
2026-07-29T15:41:15.613623+00:00,7295341d8ab2cb4c,2026-07-29T15:40:43.157608+00:00,115.207,4,2,api-gateway|customers-service,False,GET,/api/customer/owners/1,200,1,101.115,1
2026-07-29T15:41:15.613623+00:00,2f58b53cc205c6c9,2026-07-29T15:40:43.015397+00:00,128.848,4,2,api-gateway|customers-service,False,GET,/api/customer/owners/1,200,1,127.749,1
2026-07-29T15:41:15.613623+00:00,2d360b0e1d95f6ef,2026-07-29T15:40:42.825653+00:00,333.21,4,2,api-gateway|customers-service,False,GET,/api/customer/owners/1,200,1,331.963,1
2026-07-29T15:41:15.613623+00:00,a8af7b829b40e8fc,2026-07-29T15:40:42.658209+00:00,416.075,4,2,api-gateway|customers-service,False,GET,/api/customer/owners/1,200,1,414.742,1
2026-07-29T15:41:15.613623+00:00,85fa851a4bc00fa5,2026-07-29T15:40:42.489884+00:00,39.184,3,2,visits-service|api-gateway,False,GET,/api/visit/owners/1/pets/1/visits,200,0,0.0,1
2026-07-29T15:41:15.613623+00:00,c71b9052ff16d23d,2026-07-29T15:40:42.323903+00:00,38.494,3,2,visits-service|api-gateway,False,GET,/api/visit/owners/1/pets/1/visits,200,0,0.0,1
2026-07-29T15:41:15.613623+00:00,472507859ddcdb6c,2026-07-29T15:40:42.157024+00:00,245.942,4,2,vets-service|api-gateway,False,GET,/api/vet/vets,200,1,232.742,1
2026-07-29T15:41:15.613623+00:00,4d554907797b7380,2026-07-29T15:40:41.990258+00:00,287.784,4,2,api-gateway|customers-service,False,GET,/api/customer/owners,200,1,275.935,1
2026-07-29T15:41:15.613623+00:00,f478f16357edf062,2026-07-29T15:40:41.845464+00:00,111.707,4,2,api-gateway|customers-service,False,GET,/api/customer/owners/1,200,1,110.617,1
2026-07-29T15:41:15.613623+00:00,f8cc658d2a381fd4,2026-07-29T15:40:41.656826+00:00,76.317,4,2,api-gateway|customers-service,False,GET,/api/customer/owners/1,200,1,72.566,1
2026-07-29T15:41:15.613623+00:00,912ea21f9e86f779,2026-07-29T15:40:41.490303+00:00,215.833,4,2,api-gateway|customers-service,False,GET,/api/customer/owners,200,1,212.286,1
2026-07-29T15:41:15.613623+00:00,fe86cc5956bcd999,2026-07-29T15:40:41.324409+00:00,165.27,4,2,vets-service|api-gateway,False,GET,/api/vet/vets,200,1,151.942,1
2026-07-29T15:41:15.613623+00:00,1c04ece6e30e5759,2026-07-29T15:40:41.157695+00:00,235.28,4,2,api-gateway|customers-service,False,GET,/api/customer/owners,200,1,221.911,1
2026-07-29T15:41:15.613623+00:00,70d9b0baa20850de,2026-07-29T15:40:41.013303+00:00,223.246,4,2,api-gateway|vets-service,False,GET,/api/vet/vets,200,1,222.142,1
2026-07-29T15:41:15.613623+00:00,9e969aacfd941ec9,2026-07-29T15:40:40.848990+00:00,351.16,4,2,api-gateway|vets-service,False,GET,/api/vet/vets,200,1,350.212,1
2026-07-29T15:41:15.613623+00:00,7d82f4a17d4010ca,2026-07-29T15:40:40.663257+00:00,436.535,4,2,api-gateway|customers-service,False,GET,/api/customer/owners/1,200,1,434.848,1
2026-07-29T15:41:15.613623+00:00,5e9f4f64b45fd2b2,2026-07-29T15:40:40.513290+00:00,712.015,4,2,api-gateway|customers-service,False,GET,/api/customer/owners,200,1,711.099,1
2026-07-29T15:41:15.613623+00:00,b55ec9d55330eaab,2026-07-29T15:40:40.345807+00:00,489.588,4,2,api-gateway|customers-service,False,GET,/api/customer/owners/1,200,1,488.474,1
2026-07-29T15:41:15.613623+00:00,0fdcfbcfa737895b,2026-07-29T15:40:40.157454+00:00,929.7,4,2,vets-service|api-gateway,False,GET,/api/vet/vets,200,1,917.111,1
2026-07-29T15:41:15.613623+00:00,ccf5194b22bbd02f,2026-07-29T15:40:40.011594+00:00,117.617,3,2,api-gateway|visits-service,False,GET,/api/visit/owners/1/pets/1/visits,200,0,0.0,1
2026-07-29T15:41:15.613623+00:00,d7f7cd8eff1de344,2026-07-29T15:40:39.825663+00:00,1000.127,4,2,vets-service|api-gateway,False,GET,/api/vet/vets,200,1,988.229,1
2026-07-29T15:41:15.613623+00:00,3dac80f6ec2b0405,2026-07-29T15:40:39.657398+00:00,955.581,4,2,vets-service|api-gateway,False,GET,/api/vet/vets,200,1,943.963,1
2026-07-29T15:41:15.613623+00:00,b0c2f96e438c489d,2026-07-29T15:40:39.492163+00:00,1345.833,4,2,api-gateway|customers-service,False,GET,/api/customer/owners,200,1,1344.053,1
2026-07-29T15:41:15.613623+00:00,8278bc6606e8f935,2026-07-29T15:40:39.344658+00:00,530.304,4,2,api-gateway|customers-service,False,GET,/api/customer/owners/1,200,1,529.084,1
2026-07-29T15:41:15.613623+00:00,d2e2443c5f9d4cdd,2026-07-29T15:40:39.157738+00:00,1440.527,4,2,api-gateway|customers-service,False,GET,/api/customer/owners,200,1,1432.263,1
2026-07-29T15:41:15.613623+00:00,13335c9709763479,2026-07-29T15:40:38.990578+00:00,1115.977,4,2,vets-service|api-gateway,False,GET,/api/vet/vets,200,1,1103.253,1
2026-07-29T15:41:15.613623+00:00,970a8f54cd09f7c2,2026-07-29T15:40:38.828428+00:00,338.99,4,2,api-gateway|customers-service,False,GET,/api/customer/owners/1,200,1,336.603,1
2026-07-29T15:41:15.613623+00:00,63e62323e9b97d3d,2026-07-29T15:40:38.657128+00:00,740.76,4,2,vets-service|api-gateway,False,GET,/api/vet/vets,200,1,728.768,1
2026-07-29T15:41:15.613623+00:00,74909aef1afbf9ea,2026-07-29T15:40:38.490626+00:00,915.642,4,2,api-gateway|customers-service,False,GET,/api/customer/owners,200,1,903.84,1
2026-07-29T15:41:15.613623+00:00,6360d1d0761df345,2026-07-29T15:40:38.323733+00:00,222.035,3,2,visits-service|api-gateway,False,GET,/api/visit/owners/1/pets/1/visits,200,0,0.0,1
2026-07-29T15:41:15.613623+00:00,897d48c8270d2e1b,2026-07-29T15:40:38.177392+00:00,978.388,4,2,api-gateway|customers-service,False,GET,/api/customer/owners,200,1,977.342,1
2026-07-29T15:41:15.613623+00:00,5041210e13eaaf3c,2026-07-29T15:40:37.994285+00:00,925.945,4,2,api-gateway|customers-service,False,GET,/api/customer/owners,200,1,924.008,1
2026-07-29T15:41:15.613623+00:00,c1c87ee2f4b6ff46,2026-07-29T15:40:37.878345+00:00,217.169,3,2,api-gateway|visits-service,False,GET,/api/visit/owners/1/pets/1/visits,200,0,0.0,1
2026-07-29T15:41:15.613623+00:00,61639c2b1eb145c8,2026-07-29T15:40:37.679774+00:00,187.515,3,2,api-gateway|visits-service,False,GET,/api/visit/owners/1/pets/1/visits,200,0,0.0,1
2026-07-29T15:41:15.613623+00:00,1264647bd54c384b,2026-07-29T15:40:37.490840+00:00,1075.156,4,2,api-gateway|customers-service,False,GET,/api/customer/owners,200,1,1046.538,1
2026-07-29T15:41:15.613623+00:00,3e5d93036a8320db,2026-07-29T15:40:37.324034+00:00,1013.333,4,2,api-gateway|customers-service,False,GET,/api/customer/owners,200,1,1001.846,1
2026-07-29T15:41:15.613623+00:00,b78547f38960c62a,2026-07-29T15:40:37.157186+00:00,459.677,4,2,api-gateway|customers-service,False,GET,/api/customer/owners/1,200,1,455.442,1
2026-07-29T15:41:15.613623+00:00,c780baa3f81d14a6,2026-07-29T15:40:37.011159+00:00,131.087,3,2,api-gateway|visits-service,False,GET,/api/visit/owners/1/pets/1/visits,200,0,0.0,1
2026-07-29T15:41:15.613623+00:00,37f8530311d0961a,2026-07-29T15:40:36.846214+00:00,1000.639,4,2,api-gateway|customers-service,False,GET,/api/customer/owners,200,1,999.335,1
2026-07-29T15:41:15.613623+00:00,2457eba4f2600ad3,2026-07-29T15:40:36.656930+00:00,489.01,4,2,vets-service|api-gateway,False,GET,/api/vet/vets,200,1,478.422,1
2026-07-29T15:41:15.613623+00:00,a8d8ebca4d25c132,2026-07-29T15:40:36.490968+00:00,54.409,3,2,visits-service|api-gateway,False,GET,/api/visit/owners/1/pets/1/visits,200,0,0.0,1
2026-07-29T15:41:15.613623+00:00,18ebb7268eba244e,2026-07-29T15:40:36.323689+00:00,232.22,4,2,api-gateway|customers-service,False,GET,/api/customer/owners/1,200,1,221.502,1
2026-07-29T15:41:15.613623+00:00,6d3e3489ea1ca072,2026-07-29T15:40:36.157369+00:00,169.56,4,2,vets-service|api-gateway,False,GET,/api/vet/vets,200,1,158.843,1
2026-07-29T15:41:15.613623+00:00,96b652d543179bcd,2026-07-29T15:40:35.991541+00:00,184.882,4,2,api-gateway|customers-service,False,GET,/api/customer/owners,200,1,183.77,1
2026-07-29T15:41:15.613623+00:00,4f8f408580391267,2026-07-29T15:40:35.844255+00:00,197.591,4,2,api-gateway|customers-service,False,GET,/api/customer/owners,200,1,196.507,1
2026-07-29T15:41:15.613623+00:00,01560c7e3b927d08,2026-07-29T15:40:35.678653+00:00,30.479,3,2,api-gateway|visits-service,False,GET,/api/visit/owners/1/pets/1/visits,200,0,0.0,1
2026-07-29T15:41:15.613623+00:00,5fb9da94e620ac1f,2026-07-29T15:40:35.491176+00:00,195.848,4,2,vets-service|api-gateway,False,GET,/api/vet/vets,200,1,174.191,1
2026-07-29T15:41:15.613623+00:00,441e6c058af2a45d,2026-07-29T15:40:35.324575+00:00,95.106,4,2,api-gateway|customers-service,False,GET,/api/customer/owners/1,200,1,81.857,1
2026-07-29T15:41:15.613623+00:00,7844d3c107c7d270,2026-07-29T15:40:35.157742+00:00,203.32,4,2,api-gateway|customers-service,False,GET,/api/customer/owners,200,1,197.32,1
2026-07-29T15:41:15.613623+00:00,74930159adb30395,2026-07-29T15:40:35.012632+00:00,18.784,3,2,api-gateway|visits-service,False,GET,/api/visit/owners/1/pets/1/visits,200,0,0.0,1
2026-07-29T15:41:15.613623+00:00,8b0bf8a5ddf318c0,2026-07-29T15:40:34.823822+00:00,132.03,4,2,vets-service|api-gateway,False,GET,/api/vet/vets,200,1,118.501,1
2026-07-29T15:41:15.613623+00:00,3c59e93c85e165f3,2026-07-29T15:40:34.656783+00:00,132.488,4,2,vets-service|api-gateway,False,GET,/api/vet/vets,200,1,118.749,1
2026-07-29T15:41:15.613623+00:00,4f733d53c0c0eb6e,2026-07-29T15:40:34.491000+00:00,143.417,4,2,vets-service|api-gateway,False,GET,/api/vet/vets,200,1,130.927,1
2026-07-29T15:41:15.613623+00:00,e5c8b2f38162506a,2026-07-29T15:40:34.324115+00:00,71.399,4,2,api-gateway|customers-service,False,GET,/api/customer/owners/1,200,1,60.336,1
2026-07-29T15:41:15.613623+00:00,14e9451b8d32f196,2026-07-29T15:40:34.157927+00:00,206.36,4,2,vets-service|api-gateway,False,GET,/api/vet/vets,200,1,192.926,1
2026-07-29T15:41:15.613623+00:00,39f47f8075811785,2026-07-29T15:40:34.012645+00:00,75.386,4,2,api-gateway|customers-service,False,GET,/api/customer/owners/1,200,1,74.187,1
2026-07-29T15:41:15.613623+00:00,8d9bded2e9f19982,2026-07-29T15:40:33.844293+00:00,11.146,3,2,api-gateway|visits-service,False,GET,/api/visit/owners/1/pets/1/visits,200,0,0.0,1
2026-07-29T15:41:15.613623+00:00,2a2ed8f6fa3b81a2,2026-07-29T15:40:33.679706+00:00,11.798,3,2,api-gateway|visits-service,False,GET,/api/visit/owners/1/pets/1/visits,200,0,0.0,1
2026-07-29T15:41:15.613623+00:00,e2b52184226b518c,2026-07-29T15:40:33.491223+00:00,192.88,4,2,api-gateway|customers-service,False,GET,/api/customer/owners,200,1,185.567,1
2026-07-29T15:41:15.613623+00:00,f844076e1bc769e2,2026-07-29T15:40:33.324749+00:00,168.84,4,2,vets-service|api-gateway,False,GET,/api/vet/vets,200,1,155.043,1
2026-07-29T15:41:15.613623+00:00,e7e05ca61db71463,2026-07-29T15:40:33.179189+00:00,18.872,3,2,api-gateway|visits-service,False,GET,/api/visit/owners/1/pets/1/visits,200,0,0.0,1
2026-07-29T15:41:15.613623+00:00,64958b0c5448d2f8,2026-07-29T15:40:33.012564+00:00,60.098,4,2,api-gateway|customers-service,False,GET,/api/customer/owners/1,200,1,59.064,1
2026-07-29T15:41:15.613623+00:00,c9ee6cac675e8547,2026-07-29T15:40:32.844776+00:00,175.325,4,2,api-gateway|customers-service,False,GET,/api/customer/owners,200,1,174.503,1
2026-07-29T15:41:15.613623+00:00,c7660ef1d826477d,2026-07-29T15:40:32.660838+00:00,69.454,4,2,api-gateway|customers-service,False,GET,/api/customer/owners/1,200,1,67.668,1
2026-07-29T15:41:15.613623+00:00,825665d8feee241e,2026-07-29T15:40:32.490842+00:00,76.024,4,2,api-gateway|customers-service,False,GET,/api/customer/owners/1,200,1,63.539,1
2026-07-29T15:41:15.613623+00:00,6da93aac30361b22,2026-07-29T15:40:32.322989+00:00,191.747,4,2,api-gateway|customers-service,False,GET,/api/customer/owners,200,1,180.549,1
2026-07-29T15:41:15.613623+00:00,b3384e81f474034f,2026-07-29T15:40:32.176880+00:00,20.349,3,2,api-gateway|visits-service,False,GET,/api/visit/owners/1/pets/1/visits,200,0,0.0,1
2026-07-29T15:41:15.613623+00:00,3bc56b9ca21e6511,2026-07-29T15:40:32.013523+00:00,11.347,3,2,api-gateway|visits-service,False,GET,/api/visit/owners/1/pets/1/visits,200,0,0.0,1
2026-07-29T15:41:15.613623+00:00,8860555e8763ad49,2026-07-29T15:40:31.827586+00:00,88.364,4,2,api-gateway|customers-service,False,GET,/api/customer/owners/1,200,1,86.317,1
2026-07-29T15:41:15.613623+00:00,7b19084e4bce28bd,2026-07-29T15:40:31.657816+00:00,148.869,4,2,vets-service|api-gateway,False,GET,/api/vet/vets,200,1,134.783,1
2026-07-29T15:41:15.613623+00:00,bb8b564d7c78b953,2026-07-29T15:40:31.490886+00:00,22.253,3,2,visits-service|api-gateway,False,GET,/api/visit/owners/1/pets/1/visits,200,0,0.0,1
2026-07-29T15:41:15.613623+00:00,577105770c073fbd,2026-07-29T15:40:31.323666+00:00,143.773,4,2,vets-service|api-gateway,False,GET,/api/vet/vets,200,1,130.127,1
2026-07-29T15:41:15.613623+00:00,d9a50a6a7f5ba949,2026-07-29T15:40:31.178538+00:00,11.408,3,2,api-gateway|visits-service,False,GET,/api/visit/owners/1/pets/1/visits,200,0,0.0,1
2026-07-29T15:41:15.613623+00:00,d8e1b1de8b315dbb,2026-07-29T15:40:31.010521+00:00,196.297,4,2,api-gateway|customers-service,False,GET,/api/customer/owners,200,1,195.154,1
2026-07-29T15:41:15.613623+00:00,0cc51da815a3a317,2026-07-29T15:40:30.844066+00:00,21.875,3,2,api-gateway|visits-service,False,GET,/api/visit/owners/1/pets/1/visits,200,0,0.0,1
2026-07-29T15:41:15.613623+00:00,8f786ad041d15411,2026-07-29T15:40:30.677100+00:00,68.584,4,2,api-gateway|customers-service,False,GET,/api/customer/owners/1,200,1,67.333,1
2026-07-29T15:41:15.613623+00:00,ac3399fdeece11a9,2026-07-29T15:40:30.490809+00:00,168.176,4,2,api-gateway|customers-service,False,GET,/api/customer/owners,200,1,163.263,1
2026-07-29T15:41:15.613623+00:00,aa0bafae3e48bfe4,2026-07-29T15:40:30.324536+00:00,88.238,4,2,api-gateway|customers-service,False,GET,/api/customer/owners/1,200,1,75.084,1
2026-07-29T15:41:15.613623+00:00,92e85a3887ef0694,2026-07-29T15:40:30.157074+00:00,135.244,4,2,vets-service|api-gateway,False,GET,/api/vet/vets,200,1,121.257,1
2026-07-29T15:41:15.613623+00:00,2c9117f93c4c1fb6,2026-07-29T15:40:30.013563+00:00,71.157,4,2,api-gateway|customers-service,False,GET,/api/customer/owners/1,200,1,69.869,1
2026-07-29T15:41:15.613623+00:00,b8f44c979ddd4d70,2026-07-29T15:40:29.827584+00:00,175.691,4,2,api-gateway|customers-service,False,GET,/api/customer/owners,200,1,174.03,1
2026-07-29T15:41:15.613623+00:00,d9c5548f9bf399d0,2026-07-29T15:40:29.678691+00:00,11.278,3,2,api-gateway|visits-service,False,GET,/api/visit/owners/1/pets/1/visits,200,0,0.0,1
2026-07-29T15:41:15.613623+00:00,8371a5452484904b,2026-07-29T15:40:29.489781+00:00,40.674,3,2,visits-service|api-gateway,False,GET,/api/visit/owners/1/pets/1/visits,200,0,0.0,1
2026-07-29T15:41:15.613623+00:00,36233fc13bd3fc4c,2026-07-29T15:40:29.324341+00:00,133.34,4,2,vets-service|api-gateway,False,GET,/api/vet/vets,200,1,119.089,1
2026-07-29T15:41:15.613623+00:00,da6249680b33d5a3,2026-07-29T15:40:29.158795+00:00,135.119,4,2,vets-service|api-gateway,False,GET,/api/vet/vets,200,1,120.91,1
2026-07-29T15:41:15.613623+00:00,4b6b65dac6e81d2e,2026-07-29T15:40:29.012466+00:00,65.18,4,2,api-gateway|customers-service,False,GET,/api/customer/owners/1,200,1,64.154,1
2026-07-29T15:41:15.613623+00:00,1e61867396318bff,2026-07-29T15:40:28.845210+00:00,70.999,4,2,api-gateway|customers-service,False,GET,/api/customer/owners/1,200,1,69.822,1
2026-07-29T15:41:15.613623+00:00,fa9dea36251441b6,2026-07-29T15:40:28.656848+00:00,157.561,4,2,vets-service|api-gateway,False,GET,/api/vet/vets,200,1,145.008,1
2026-07-29T15:41:15.613623+00:00,739c83f6d9c2ac7d,2026-07-29T15:40:28.490453+00:00,110.368,4,2,api-gateway|customers-service,False,GET,/api/customer/owners/1,200,1,106.859,1
2026-07-29T15:41:15.613623+00:00,22a10dc1cbfd3bbc,2026-07-29T15:40:28.323574+00:00,24.638,3,2,visits-service|api-gateway,False,GET,/api/visit/owners/1/pets/1/visits,200,0,0.0,1
2026-07-29T15:41:15.613623+00:00,eca48f68daa53a06,2026-07-29T15:40:28.157380+00:00,80.327,4,2,api-gateway|customers-service,False,GET,/api/customer/owners/1,200,1,66.506,1
2026-07-29T15:41:15.613623+00:00,dff8b95182fb8692,2026-07-29T15:40:28.012199+00:00,71.047,4,2,api-gateway|customers-service,False,GET,/api/customer/owners/1,200,1,69.75,1
2026-07-29T15:41:15.613623+00:00,c221aa595054765a,2026-07-29T15:40:27.827339+00:00,183.897,4,2,api-gateway|customers-service,False,GET,/api/customer/owners,200,1,182.236,1
2026-07-29T15:41:15.613623+00:00,a841086a28551381,2026-07-29T15:40:27.656574+00:00,134.089,4,2,vets-service|api-gateway,False,GET,/api/vet/vets,200,1,121.38,1
2026-07-29T15:41:15.613623+00:00,e3e60dead80c3a30,2026-07-29T15:40:27.490236+00:00,132.761,4,2,vets-service|api-gateway,False,GET,/api/vet/vets,200,1,121.242,1
2026-07-29T15:41:15.613623+00:00,f3631a5b0cf762cc,2026-07-29T15:40:27.323788+00:00,18.796,3,2,visits-service|api-gateway,False,GET,/api/visit/owners/1/pets/1/visits,200,0,0.0,1
2026-07-29T15:41:15.613623+00:00,f20e7360cbae4efa,2026-07-29T15:40:27.157349+00:00,174.485,4,2,api-gateway|customers-service,False,GET,/api/customer/owners,200,1,161.316,1
2026-07-29T15:41:15.613623+00:00,391cbeb3bf59b262,2026-07-29T15:40:26.993222+00:00,206.676,4,2,api-gateway|customers-service,False,GET,/api/customer/owners,200,1,196.238,1
2026-07-29T15:41:15.613623+00:00,de88cfd32f39e820,2026-07-29T15:40:26.845272+00:00,20.903,3,2,api-gateway|visits-service,False,GET,/api/visit/owners/1/pets/1/visits,200,0,0.0,1
2026-07-29T15:41:15.613623+00:00,2057e439883cf6ce,2026-07-29T15:40:26.659984+00:00,236.904,4,2,api-gateway|customers-service,False,GET,/api/customer/owners,200,1,234.727,1
2026-07-29T15:41:15.613623+00:00,a56638ba204e611a,2026-07-29T15:40:26.490999+00:00,211.788,4,2,vets-service|api-gateway,False,GET,/api/vet/vets,200,1,198.107,1
2026-07-29T15:41:15.613623+00:00,ab7ab6947a99fe1c,2026-07-29T15:40:26.323951+00:00,253.465,4,2,vets-service|api-gateway,False,GET,/api/vet/vets,200,1,239.494,1
2026-07-29T15:41:15.613623+00:00,b781714763042ce5,2026-07-29T15:40:26.157271+00:00,265.767,4,2,api-gateway|customers-service,False,GET,/api/customer/owners,200,1,253.31,1
2026-07-29T15:41:15.613623+00:00,52f454dd01a02bfd,2026-07-29T15:40:25.991340+00:00,206.815,4,2,api-gateway|customers-service,False,GET,/api/customer/owners,200,1,193.241,1
2026-07-29T15:41:15.613623+00:00,138b79a43b1593db,2026-07-29T15:40:25.846043+00:00,18.383,3,2,api-gateway|visits-service,False,GET,/api/visit/owners/1/pets/1/visits,200,0,0.0,1
2026-07-29T15:41:15.613623+00:00,299ce968a1941761,2026-07-29T15:40:25.677963+00:00,11.772,3,2,api-gateway|visits-service,False,GET,/api/visit/owners/1/pets/1/visits,200,0,0.0,1
2026-07-29T15:41:15.613623+00:00,03b434dd68cbdccb,2026-07-29T15:40:25.490422+00:00,38.272,3,2,visits-service|api-gateway,False,GET,/api/visit/owners/1/pets/1/visits,200,0,0.0,1
2026-07-29T15:41:15.613623+00:00,fe1c33009566a132,2026-07-29T15:40:25.324150+00:00,172.177,4,2,api-gateway|customers-service,False,GET,/api/customer/owners,200,1,167.172,1
2026-07-29T15:41:15.613623+00:00,2e23662e70d7e617,2026-07-29T15:40:25.157804+00:00,134.406,4,2,api-gateway|customers-service,False,GET,/api/customer/owners/1,200,1,119.347,1
2026-07-29T15:41:15.613623+00:00,f1d0343c2ecd924d,2026-07-29T15:40:25.012167+00:00,155.359,4,2,api-gateway|vets-service,False,GET,/api/vet/vets,200,1,153.892,1
2026-07-29T15:41:15.613623+00:00,89ea92e235ebb2aa,2026-07-29T15:40:24.845214+00:00,57.075,4,2,api-gateway|customers-service,False,GET,/api/customer/owners/1,200,1,55.84,1
2026-07-29T15:41:15.613623+00:00,a46fe24d92f5d71f,2026-07-29T15:40:24.659174+00:00,64.387,4,2,api-gateway|customers-service,False,GET,/api/customer/owners/1,200,1,63.28,1
2026-07-29T15:41:15.613623+00:00,19eea7c4f9d8f5c5,2026-07-29T15:40:24.490977+00:00,78.901,4,2,api-gateway|customers-service,False,GET,/api/customer/owners/1,200,1,66.594,1
2026-07-29T15:41:15.613623+00:00,1e67698f2320ac04,2026-07-29T15:40:24.324069+00:00,201.526,4,2,api-gateway|customers-service,False,GET,/api/customer/owners,200,1,189.031,1
2026-07-29T15:41:15.613623+00:00,6552ccbe1c9796de,2026-07-29T15:40:24.156848+00:00,23.515,3,2,visits-service|api-gateway,False,GET,/api/visit/owners/1/pets/1/visits,200,0,0.0,1
2026-07-29T15:41:15.613623+00:00,283150f8b031ac08,2026-07-29T15:40:24.011492+00:00,13.033,3,2,api-gateway|visits-service,False,GET,/api/visit/owners/1/pets/1/visits,200,0,0.0,1
2026-07-29T15:41:15.613623+00:00,75125a61bf9ba537,2026-07-29T15:40:23.843742+00:00,17.994,3,2,api-gateway|visits-service,False,GET,/api/visit/owners/1/pets/1/visits,200,0,0.0,1
2026-07-29T15:41:15.613623+00:00,e38599911de1e73b,2026-07-29T15:40:23.659328+00:00,68.562,4,2,api-gateway|customers-service,False,GET,/api/customer/owners/1,200,1,68.562,1
2026-07-29T15:41:15.613623+00:00,e2c15121e1bc8fc4,2026-07-29T15:40:23.490759+00:00,65.016,4,2,api-gateway|customers-service,False,GET,/api/customer/owners/1,200,1,50.224,1
2026-07-29T15:41:15.613623+00:00,5cd85bf26d706e94,2026-07-29T15:40:23.324028+00:00,201.443,4,2,api-gateway|customers-service,False,GET,/api/customer/owners,200,1,187.502,1
2026-07-29T15:41:15.613623+00:00,76501c791247d7a0,2026-07-29T15:40:23.156903+00:00,193.622,4,2,api-gateway|customers-service,False,GET,/api/customer/owners,200,1,187.84,1
2026-07-29T15:41:15.613623+00:00,03824d573a41ae05,2026-07-29T15:40:23.012192+00:00,55.476,4,2,api-gateway|customers-service,False,GET,/api/customer/owners/1,200,1,54.351,1
2026-07-29T15:41:15.613623+00:00,4deed17af39db326,2026-07-29T15:40:22.845630+00:00,191.083,4,2,api-gateway|customers-service,False,GET,/api/customer/owners,200,1,190.069,1
2026-07-29T15:41:15.613623+00:00,1ea08cd9a6268387,2026-07-29T15:40:22.659390+00:00,76.487,4,2,api-gateway|customers-service,False,GET,/api/customer/owners/1,200,1,74.776,1
2026-07-29T15:41:15.613623+00:00,8281244b60ccc1fb,2026-07-29T15:40:22.511220+00:00,77.416,4,2,api-gateway|customers-service,False,GET,/api/customer/owners/1,200,1,76.269,1
2026-07-29T15:41:15.613623+00:00,2ce02c34d6b91591,2026-07-29T15:40:22.323705+00:00,197.426,4,2,api-gateway|customers-service,False,GET,/api/customer/owners,200,1,185.165,1
2026-07-29T15:41:15.613623+00:00,edd2a5f2f4f7d819,2026-07-29T15:40:22.157268+00:00,168.988,4,2,vets-service|api-gateway,False,GET,/api/vet/vets,200,1,156.884,1
2026-07-29T15:41:15.613623+00:00,e92d4fd43aba1887,2026-07-29T15:40:21.992117+00:00,79.394,4,2,api-gateway|customers-service,False,GET,/api/customer/owners/1,200,1,79.394,1
2026-07-29T15:41:15.613623+00:00,09bce17344112ee4,2026-07-29T15:40:21.844151+00:00,83.471,4,2,api-gateway|customers-service,False,GET,/api/customer/owners/1,200,1,82.144,1
2026-07-29T15:41:15.613623+00:00,904ec021ac622705,2026-07-29T15:40:21.659211+00:00,233.044,4,2,api-gateway|customers-service,False,GET,/api/customer/owners,200,1,233.044,1
2026-07-29T15:41:15.613623+00:00,05d2f69b56958d40,2026-07-29T15:40:21.512229+00:00,433.536,4,2,api-gateway|customers-service,False,GET,/api/customer/owners,200,1,432.484,1
2026-07-29T15:41:15.613623+00:00,6a846fbc94fad657,2026-07-29T15:40:21.323712+00:00,22.304,3,2,visits-service|api-gateway,False,GET,/api/visit/owners/1/pets/1/visits,200,0,0.0,1
2026-07-29T15:41:15.613623+00:00,c26dcd097cf5fee9,2026-07-29T15:40:21.157786+00:00,206.908,4,2,api-gateway|customers-service,False,GET,/api/customer/owners,200,1,193.233,1
2026-07-29T15:41:15.613623+00:00,190fa6d112661f0f,2026-07-29T15:40:20.994620+00:00,73.207,4,2,api-gateway|customers-service,False,GET,/api/customer/owners/1,200,1,71.447,1
2026-07-29T15:41:15.613623+00:00,9a16c67e03f608da,2026-07-29T15:40:20.843971+00:00,167.709,3,2,api-gateway|visits-service,False,GET,/api/visit/owners/1/pets/1/visits,200,0,0.0,1
2026-07-29T15:41:15.613623+00:00,ac0c50e5701f4c49,2026-07-29T15:40:20.678476+00:00,85.101,3,2,api-gateway|visits-service,False,GET,/api/visit/owners/1/pets/1/visits,200,0,0.0,1
2026-07-29T15:41:15.613623+00:00,dd491efa7cea1071,2026-07-29T15:40:20.513090+00:00,262.852,4,2,api-gateway|customers-service,False,GET,/api/customer/owners/1,200,1,261.781,1
2026-07-29T15:41:15.613623+00:00,d1475f9a867bd108,2026-07-29T15:40:20.345798+00:00,430.433,4,2,api-gateway|customers-service,False,GET,/api/customer/owners/1,200,1,429.631,1
2026-07-29T15:41:15.613623+00:00,7bb7f3c743694572,2026-07-29T15:40:20.157318+00:00,135.366,3,2,visits-service|api-gateway,False,GET,/api/visit/owners/1/pets/1/visits,200,0,0.0,1
2026-07-29T15:41:15.613623+00:00,22b8fa73ab6642ee,2026-07-29T15:40:19.991213+00:00,756.929,4,2,vets-service|api-gateway,False,GET,/api/vet/vets,200,1,743.888,1
2026-07-29T15:41:15.613623+00:00,d7417076faa474c1,2026-07-29T15:40:19.824529+00:00,476.385,4,2,api-gateway|customers-service,False,GET,/api/customer/owners/1,200,1,431.192,1
2026-07-29T15:41:15.613623+00:00,6e5f36f45ed61fa4,2026-07-29T15:40:19.679491+00:00,385.802,4,2,api-gateway|customers-service,False,GET,/api/customer/owners/1,200,1,384.727,1
2026-07-29T15:41:15.613623+00:00,1ddb2637a7144838,2026-07-29T15:40:19.513278+00:00,52.636,3,2,api-gateway|visits-service,False,GET,/api/visit/owners/1/pets/1/visits,200,0,0.0,1
2026-07-29T15:41:15.613623+00:00,221bad7d65998b93,2026-07-29T15:40:19.324313+00:00,1212.492,4,2,api-gateway|customers-service,False,GET,/api/customer/owners,200,1,1182.889,1
2026-07-29T15:41:15.613623+00:00,3f37fa811b5329b1,2026-07-29T15:40:19.158172+00:00,164.235,3,2,visits-service|api-gateway,False,GET,/api/visit/owners/1/pets/1/visits,200,0,0.0,1
2026-07-29T15:41:15.613623+00:00,24875ce25f36f67a,2026-07-29T15:40:19.011476+00:00,91.411,3,2,api-gateway|visits-service,False,GET,/api/visit/owners/1/pets/1/visits,200,0,0.0,1
2026-07-29T15:41:15.613623+00:00,c2d85975f889939c,2026-07-29T15:40:18.824388+00:00,974.837,4,2,vets-service|api-gateway,False,GET,/api/vet/vets,200,1,942.55,1
2026-07-29T15:41:15.613623+00:00,919349b6079db528,2026-07-29T15:40:18.658326+00:00,902.257,4,2,vets-service|api-gateway,False,GET,/api/vet/vets,200,1,869.135,1
2026-07-29T15:41:15.613623+00:00,b3681cc77b790b8e,2026-07-29T15:40:18.510396+00:00,106.79,3,2,api-gateway|visits-service,False,GET,/api/visit/owners/1/pets/1/visits,200,0,0.0,1
2026-07-29T15:41:15.613623+00:00,789e44daead0159e,2026-07-29T15:40:18.324150+00:00,993.89,4,2,vets-service|api-gateway,False,GET,/api/vet/vets,200,1,955.693,1
2026-07-29T15:41:15.613623+00:00,6367154f31c4ca18,2026-07-29T15:40:18.158278+00:00,1168.842,4,2,api-gateway|customers-service,False,GET,/api/customer/owners,200,1,1156.123,1
2026-07-29T15:41:15.613623+00:00,201ee40c1af7cd22,2026-07-29T15:40:17.992777+00:00,252.982,3,2,visits-service|api-gateway,False,GET,/api/visit/owners/1/pets/1/visits,200,0,0.0,1
2026-07-29T15:41:15.613623+00:00,2c4aadae2217f29b,2026-07-29T15:41:14.325439+00:00,1424.435,2,1,customers-service,False,,,200,1,1423.317,0
2026-07-29T15:42:15.613678+00:00,33f6b9a7a0dc5689,2026-07-29T15:42:15.324521+00:00,21.91,3,2,visits-service|api-gateway,False,GET,/api/visit/owners/1/pets/1/visits,200,0,0.0,1
2026-07-29T15:42:15.613678+00:00,c547edf7c6048b7f,2026-07-29T15:42:15.157105+00:00,41.659,3,2,visits-service|api-gateway,False,GET,/api/visit/owners/1/pets/1/visits,200,0,0.0,1
2026-07-29T15:42:15.613678+00:00,48b71dc069b8b3a2,2026-07-29T15:42:15.010475+00:00,74.366,4,2,api-gateway|customers-service,False,GET,/api/customer/owners/1,200,1,73.403,1
2026-07-29T15:42:15.613678+00:00,c5b7c5fa7dfe5a28,2026-07-29T15:42:14.844772+00:00,19.223,3,2,api-gateway|visits-service,False,GET,/api/visit/owners/1/pets/1/visits,200,0,0.0,1
2026-07-29T15:42:15.613678+00:00,fe5f6c6e0eb0ea49,2026-07-29T15:42:14.656783+00:00,153.673,4,2,vets-service|api-gateway,False,GET,/api/vet/vets,200,1,140.538,1
2026-07-29T15:42:15.613678+00:00,f27f626e6271ef94,2026-07-29T15:42:14.490792+00:00,173.678,4,2,api-gateway|customers-service,False,GET,/api/customer/owners,200,1,168.727,1
2026-07-29T15:42:15.613678+00:00,4deabfe73ee55191,2026-07-29T15:42:14.344678+00:00,72.184,4,2,api-gateway|customers-service,False,GET,/api/customer/owners/1,200,1,70.925,1
2026-07-29T15:42:15.613678+00:00,938d6f95fd05823d,2026-07-29T15:42:14.161175+00:00,80.015,4,2,api-gateway|customers-service,False,GET,/api/customer/owners/1,200,1,77.587,1
2026-07-29T15:42:15.613678+00:00,0a7d1e023fea19c9,2026-07-29T15:42:14.011890+00:00,104.696,4,2,api-gateway|customers-service,False,GET,/api/customer/owners/1,200,1,103.486,1
2026-07-29T15:42:15.613678+00:00,2267e79335f5e17d,2026-07-29T15:42:13.824423+00:00,79.469,4,2,api-gateway|customers-service,False,GET,/api/customer/owners/1,200,1,73.658,1
2026-07-29T15:42:15.613678+00:00,c6cafee620a1a0ba,2026-07-29T15:42:13.656973+00:00,34.867,3,2,visits-service|api-gateway,False,GET,/api/visit/owners/1/pets/1/visits,200,0,0.0,1
2026-07-29T15:42:15.613678+00:00,d538175688ef1eef,2026-07-29T15:42:13.490347+00:00,140.225,4,2,vets-service|api-gateway,False,GET,/api/vet/vets,200,1,126.271,1
2026-07-29T15:42:15.613678+00:00,c06da4fe4a986ced,2026-07-29T15:42:13.345509+00:00,132.944,4,2,api-gateway|vets-service,False,GET,/api/vet/vets,200,1,131.704,1
2026-07-29T15:42:15.613678+00:00,237b646262346ea2,2026-07-29T15:42:13.178576+00:00,182.071,4,2,api-gateway|customers-service,False,GET,/api/customer/owners,200,1,180.94,1
2026-07-29T15:42:15.613678+00:00,edd7d9b2aa35e029,2026-07-29T15:42:13.012696+00:00,132.446,4,2,api-gateway|vets-service,False,GET,/api/vet/vets,200,1,131.148,1
2026-07-29T15:42:15.613678+00:00,138b3384ac6a4675,2026-07-29T15:42:12.824146+00:00,22.184,3,2,visits-service|api-gateway,False,GET,/api/visit/owners/1/pets/1/visits,200,0,0.0,1
2026-07-29T15:42:15.613678+00:00,105fc65969f0a521,2026-07-29T15:42:12.657040+00:00,154.596,4,2,vets-service|api-gateway,False,GET,/api/vet/vets,200,1,137.462,1
2026-07-29T15:42:15.613678+00:00,94cb594a42610b50,2026-07-29T15:42:12.510707+00:00,21.864,3,2,api-gateway|visits-service,False,GET,/api/visit/owners/1/pets/1/visits,200,0,0.0,1
2026-07-29T15:42:15.613678+00:00,ac08d3a70e0f0c75,2026-07-29T15:42:12.346215+00:00,20.909,3,2,api-gateway|visits-service,False,GET,/api/visit/owners/1/pets/1/visits,200,0,0.0,1
2026-07-29T15:42:15.613678+00:00,728445431fa9610d,2026-07-29T15:42:12.160456+00:00,64.908,4,2,api-gateway|customers-service,False,GET,/api/customer/owners/1,200,1,63.283,1
2026-07-29T15:42:15.613678+00:00,9f676bbe21bf481c,2026-07-29T15:42:12.012631+00:00,26.852,3,2,api-gateway|visits-service,False,GET,/api/visit/owners/1/pets/1/visits,200,0,0.0,1
2026-07-29T15:42:15.613678+00:00,420ed5184b873a16,2026-07-29T15:42:11.845383+00:00,73.885,4,2,api-gateway|customers-service,False,GET,/api/customer/owners/1,200,1,72.746,1
2026-07-29T15:42:15.613678+00:00,03cd5b90f08991bc,2026-07-29T15:42:11.656231+00:00,150.365,4,2,vets-service|api-gateway,False,GET,/api/vet/vets,200,1,136.621,1
2026-07-29T15:42:15.613678+00:00,0faef93ce71a955b,2026-07-29T15:42:11.490735+00:00,188.05,4,2,api-gateway|customers-service,False,GET,/api/customer/owners,200,1,184.571,1
2026-07-29T15:42:15.613678+00:00,4ed545dca7ef586f,2026-07-29T15:42:11.350539+00:00,138.821,4,2,api-gateway|vets-service,False,GET,/api/vet/vets,200,1,137.575,1
2026-07-29T15:42:15.613678+00:00,5cfee083916621ab,2026-07-29T15:42:11.178459+00:00,78.803,4,2,api-gateway|customers-service,False,GET,/api/customer/owners/1,200,1,77.821,1
2026-07-29T15:42:15.613678+00:00,058503579573b98d,2026-07-29T15:42:10.990725+00:00,34.398,3,2,visits-service|api-gateway,False,GET,/api/visit/owners/1/pets/1/visits,200,0,0.0,1
2026-07-29T15:42:15.613678+00:00,e1924bb8f0b1d9ce,2026-07-29T15:42:10.824183+00:00,76.407,4,2,api-gateway|customers-service,False,GET,/api/customer/owners/1,200,1,70.442,1
2026-07-29T15:42:15.613678+00:00,d1e74a7b68797cb0,2026-07-29T15:42:10.678678+00:00,80.965,4,2,api-gateway|customers-service,False,GET,/api/customer/owners/1,200,1,73.607,1
2026-07-29T15:42:15.613678+00:00,0581b71fec4a885a,2026-07-29T15:42:10.490825+00:00,169.201,4,2,vets-service|api-gateway,False,GET,/api/vet/vets,200,1,155.014,1
2026-07-29T15:42:15.613678+00:00,a891347a523b07b1,2026-07-29T15:42:10.327588+00:00,60.3,4,2,api-gateway|customers-service,False,GET,/api/customer/owners/1,200,1,58.601,1
2026-07-29T15:42:15.613678+00:00,15fc3c44dd544937,2026-07-29T15:42:10.179154+00:00,67.053,4,2,api-gateway|customers-service,False,GET,/api/customer/owners/1,200,1,65.898,1
2026-07-29T15:42:15.613678+00:00,8cd4c29cfe8467cc,2026-07-29T15:42:09.994540+00:00,184.924,4,2,api-gateway|customers-service,False,GET,/api/customer/owners,200,1,183.309,1
2026-07-29T15:42:15.613678+00:00,7e0d5cb98cc07f6f,2026-07-29T15:42:09.845608+00:00,196.079,4,2,api-gateway|customers-service,False,GET,/api/customer/owners,200,1,194.821,1
2026-07-29T15:42:15.613678+00:00,669b99994a6549d5,2026-07-29T15:42:09.657653+00:00,182.428,4,2,api-gateway|customers-service,False,GET,/api/customer/owners,200,1,176.499,1
2026-07-29T15:42:15.613678+00:00,519ca1cda2d65035,2026-07-29T15:42:09.489853+00:00,192.153,4,2,api-gateway|customers-service,False,GET,/api/customer/owners,200,1,178.993,1
2026-07-29T15:42:15.613678+00:00,4af8938006083221,2026-07-29T15:42:09.327459+00:00,182.3,4,2,api-gateway|customers-service,False,GET,/api/customer/owners,200,1,180.816,1
2026-07-29T15:42:15.613678+00:00,bb2031c779b77274,2026-07-29T15:42:09.157400+00:00,32.493,3,2,visits-service|api-gateway,False,GET,/api/visit/owners/1/pets/1/visits,200,0,0.0,1
2026-07-29T15:42:15.613678+00:00,59bd4326143d1ef6,2026-07-29T15:42:09.012450+00:00,122.468,4,2,api-gateway|vets-service,False,GET,/api/vet/vets,200,1,121.19,1
2026-07-29T15:42:15.613678+00:00,9a346704b6b1ffd4,2026-07-29T15:42:08.842426+00:00,173.881,4,2,api-gateway|customers-service,False,GET,/api/customer/owners,200,1,172.726,1
2026-07-29T15:42:15.613678+00:00,696605aad8cd25bc,2026-07-29T15:42:08.657221+00:00,89.474,4,2,api-gateway|customers-service,False,GET,/api/customer/owners/1,200,1,83.571,1
2026-07-29T15:42:15.613678+00:00,103c50d061a21082,2026-07-29T15:42:08.490931+00:00,150.962,4,2,vets-service|api-gateway,False,GET,/api/vet/vets,200,1,138.173,1
2026-07-29T15:42:15.613678+00:00,f82ec8f26332a950,2026-07-29T15:42:08.343380+00:00,88.893,4,2,api-gateway|customers-service,False,GET,/api/customer/owners/1,200,1,87.712,1
2026-07-29T15:42:15.613678+00:00,d949e7d27fa5144d,2026-07-29T15:42:08.177078+00:00,205.915,4,2,api-gateway|vets-service,False,GET,/api/vet/vets,200,1,204.654,1
2026-07-29T15:42:15.613678+00:00,4963813a323e0af0,2026-07-29T15:42:07.993928+00:00,177.584,4,2,api-gateway|customers-service,False,GET,/api/customer/owners,200,1,176.237,1
2026-07-29T15:42:15.613678+00:00,aaaee815dcf24132,2026-07-29T15:42:07.845451+00:00,55.436,4,2,api-gateway|customers-service,False,GET,/api/customer/owners/1,200,1,54.323,1
2026-07-29T15:42:15.613678+00:00,e294f64f6050a5eb,2026-07-29T15:42:07.657484+00:00,68.946,4,2,api-gateway|customers-service,False,GET,/api/customer/owners/1,200,1,65.323,1
2026-07-29T15:42:15.613678+00:00,e15a35eb8c9881ed,2026-07-29T15:42:07.510818+00:00,11.793,3,2,api-gateway|visits-service,False,GET,/api/visit/owners/1/pets/1/visits,200,0,0.0,1
2026-07-29T15:42:15.613678+00:00,1fa18b8341a0ad47,2026-07-29T15:42:07.200313+00:00,222.93,3,2,api-gateway|visits-service,False,GET,/api/visit/owners/1/pets/1/visits,200,0,0.0,1
2026-07-29T15:42:15.613678+00:00,43c10a4441748499,2026-07-29T15:42:07.046725+00:00,372.119,3,2,api-gateway|visits-service,False,GET,/api/visit/owners/1/pets/1/visits,200,0,0.0,1
2026-07-29T15:42:15.613678+00:00,4af23d9a2f824ff1,2026-07-29T15:42:06.824970+00:00,738.972,4,2,api-gateway|customers-service,False,GET,/api/customer/owners,200,1,725.349,1
2026-07-29T15:42:15.613678+00:00,3fbf664db8e2d0b0,2026-07-29T15:42:06.678813+00:00,738.914,3,2,api-gateway|visits-service,False,GET,/api/visit/owners/1/pets/1/visits,200,0,0.0,1
2026-07-29T15:42:15.613678+00:00,a91c84dcfbd0737d,2026-07-29T15:42:06.511855+00:00,1013.818,4,2,api-gateway|vets-service,False,GET,/api/vet/vets,200,1,1012.866,1
2026-07-29T15:42:15.613678+00:00,a79dbe98735a33db,2026-07-29T15:42:06.345326+00:00,1177.333,4,2,api-gateway|vets-service,False,GET,/api/vet/vets,200,1,1176.285,1
2026-07-29T15:42:15.613678+00:00,fee27db2df2c4db6,2026-07-29T15:42:06.179455+00:00,1235.871,3,2,api-gateway|visits-service,False,GET,/api/visit/owners/1/pets/1/visits,200,0,0.0,1
2026-07-29T15:42:15.613678+00:00,c44fa6ea516f5ebe,2026-07-29T15:42:06.011763+00:00,1494.114,4,2,api-gateway|vets-service,False,GET,/api/vet/vets,200,1,1492.992,1
2026-07-29T15:42:15.613678+00:00,5b01996fadd4c92a,2026-07-29T15:42:05.826601+00:00,1570.563,4,2,api-gateway|customers-service,False,GET,/api/customer/owners/1,200,1,1569.228,1
2026-07-29T15:42:15.613678+00:00,dfbca9d4c7585bf6,2026-07-29T15:42:05.676562+00:00,1842.114,4,2,api-gateway|vets-service,False,GET,/api/vet/vets,200,1,1841.105,1
2026-07-29T15:42:15.613678+00:00,1b715ba7ba15578c,2026-07-29T15:42:05.490976+00:00,184.301,4,2,vets-service|api-gateway,False,GET,/api/vet/vets,200,1,172.228,1
2026-07-29T15:42:15.613678+00:00,22e02ec9cad6034b,2026-07-29T15:42:05.344008+00:00,102.251,4,2,api-gateway|customers-service,False,GET,/api/customer/owners/1,200,1,101.075,1
2026-07-29T15:42:15.613678+00:00,3f0efee46dc91f50,2026-07-29T15:42:05.179262+00:00,132.623,4,2,api-gateway|vets-service,False,GET,/api/vet/vets,200,1,131.255,1
2026-07-29T15:42:15.613678+00:00,dd0064b69ca9cd8d,2026-07-29T15:42:04.993956+00:00,173.436,4,2,api-gateway|customers-service,False,GET,/api/customer/owners,200,1,171.632,1
2026-07-29T15:42:15.613678+00:00,da2c69616ec728d9,2026-07-29T15:42:04.845631+00:00,180.556,4,2,api-gateway|customers-service,False,GET,/api/customer/owners,200,1,179.365,1
2026-07-29T15:42:15.613678+00:00,b82e12fcd7493ebb,2026-07-29T15:42:04.659764+00:00,178.008,4,2,api-gateway|customers-service,False,GET,/api/customer/owners,200,1,174.061,1
2026-07-29T15:42:15.613678+00:00,6f7cffc031931ad3,2026-07-29T15:42:04.510215+00:00,198.681,4,2,api-gateway|customers-service,False,GET,/api/customer/owners,200,1,197.497,1
2026-07-29T15:42:15.613678+00:00,32be36756713950e,2026-07-29T15:42:04.326447+00:00,188.591,4,2,api-gateway|customers-service,False,GET,/api/customer/owners,200,1,187.261,1
2026-07-29T15:42:15.613678+00:00,a6b5b3f8ba53f85c,2026-07-29T15:42:04.157734+00:00,29.682,3,2,visits-service|api-gateway,False,GET,/api/visit/owners/1/pets/1/visits,200,0,0.0,1
2026-07-29T15:42:15.613678+00:00,d89ab8c99a59f352,2026-07-29T15:42:04.012069+00:00,33.751,3,2,api-gateway|visits-service,False,GET,/api/visit/owners/1/pets/1/visits,200,0,0.0,1
2026-07-29T15:42:15.613678+00:00,1e7607402a1d3d8b,2026-07-29T15:42:03.823584+00:00,39.76,3,2,visits-service|api-gateway,False,GET,/api/visit/owners/1/pets/1/visits,200,0,0.0,1
2026-07-29T15:42:15.613678+00:00,e4075a0ac3d4c04f,2026-07-29T15:42:03.678203+00:00,66.165,4,2,api-gateway|customers-service,False,GET,/api/customer/owners/1,200,1,64.881,1
2026-07-29T15:42:15.613678+00:00,6d469598daef45a9,2026-07-29T15:42:03.491730+00:00,146.751,4,2,vets-service|api-gateway,False,GET,/api/vet/vets,200,1,133.6,1
2026-07-29T15:42:15.613678+00:00,cf470e101f0bb497,2026-07-29T15:42:03.324285+00:00,196.657,4,2,api-gateway|customers-service,False,GET,/api/customer/owners,200,1,190.797,1
2026-07-29T15:42:15.613678+00:00,178643995444e439,2026-07-29T15:42:03.175663+00:00,19.31,3,2,api-gateway|visits-service,False,GET,/api/visit/owners/1/pets/1/visits,200,0,0.0,1
2026-07-29T15:42:15.613678+00:00,7e66e951a7c86106,2026-07-29T15:42:03.011030+00:00,152.207,4,2,api-gateway|vets-service,False,GET,/api/vet/vets,200,1,150.916,1
2026-07-29T15:42:15.613678+00:00,4fe4da8a7c8a6427,2026-07-29T15:42:02.845175+00:00,89.663,4,2,api-gateway|customers-service,False,GET,/api/customer/owners/1,200,1,88.565,1
2026-07-29T15:42:15.613678+00:00,fc0ad8eeb4d7c0eb,2026-07-29T15:42:02.656958+00:00,83.34,4,2,api-gateway|customers-service,False,GET,/api/customer/owners/1,200,1,79.246,1
2026-07-29T15:42:15.613678+00:00,d8d2768e66119379,2026-07-29T15:42:02.490514+00:00,153.807,4,2,vets-service|api-gateway,False,GET,/api/vet/vets,200,1,141.683,1
2026-07-29T15:42:15.613678+00:00,2a3dc882a58b8a7a,2026-07-29T15:42:02.343775+00:00,69.87,4,2,api-gateway|customers-service,False,GET,/api/customer/owners/1,200,1,68.703,1
2026-07-29T15:42:15.613678+00:00,f141834725fc788d,2026-07-29T15:42:02.157398+00:00,35.528,3,2,visits-service|api-gateway,False,GET,/api/visit/owners/1/pets/1/visits,200,0,0.0,1
2026-07-29T15:42:15.613678+00:00,c724f2705e54914e,2026-07-29T15:42:01.993564+00:00,73.283,4,2,api-gateway|customers-service,False,GET,/api/customer/owners/1,200,1,71.621,1
2026-07-29T15:42:15.613678+00:00,64fb1cf57279fd8d,2026-07-29T15:42:01.844507+00:00,10.071,3,2,api-gateway|visits-service,False,GET,/api/visit/owners/1/pets/1/visits,200,0,0.0,1
2026-07-29T15:42:15.613678+00:00,dc8c55ec8c5007e0,2026-07-29T15:42:01.657147+00:00,146.964,4,2,vets-service|api-gateway,False,GET,/api/vet/vets,200,1,135.411,1
2026-07-29T15:42:15.613678+00:00,346f7917bebf8dda,2026-07-29T15:42:01.490734+00:00,30.869,3,2,visits-service|api-gateway,False,GET,/api/visit/owners/1/pets/1/visits,200,0,0.0,1
2026-07-29T15:42:15.613678+00:00,167cdb338a7bff56,2026-07-29T15:42:01.344454+00:00,19.29,3,2,api-gateway|visits-service,False,GET,/api/visit/owners/1/pets/1/visits,200,0,0.0,1
2026-07-29T15:42:15.613678+00:00,700fb9a4f2792ded,2026-07-29T15:42:01.177030+00:00,115.148,4,2,api-gateway|customers-service,False,GET,/api/customer/owners/1,200,1,114.009,1
2026-07-29T15:42:15.613678+00:00,5559a35a5c3749f7,2026-07-29T15:42:01.012041+00:00,148.571,4,2,api-gateway|vets-service,False,GET,/api/vet/vets,200,1,147.171,1
2026-07-29T15:42:15.613678+00:00,19719795aa79c8e1,2026-07-29T15:42:00.824278+00:00,81.328,4,2,api-gateway|customers-service,False,GET,/api/customer/owners/1,200,1,75.127,1
2026-07-29T15:42:15.613678+00:00,3601b3abc7f47cac,2026-07-29T15:42:00.678754+00:00,75.684,4,2,api-gateway|customers-service,False,GET,/api/customer/owners/1,200,1,74.533,1
2026-07-29T15:42:15.613678+00:00,de5aa4d1412bdcab,2026-07-29T15:42:00.491479+00:00,81.218,4,2,api-gateway|customers-service,False,GET,/api/customer/owners/1,200,1,74.774,1
2026-07-29T15:42:15.613678+00:00,c6b60b32e1bc6712,2026-07-29T15:42:00.343444+00:00,64.583,4,2,api-gateway|customers-service,False,GET,/api/customer/owners/1,200,1,63.373,1
2026-07-29T15:42:15.613678+00:00,ea63909d7f7585fe,2026-07-29T15:42:00.160370+00:00,67.736,4,2,api-gateway|customers-service,False,GET,/api/customer/owners/1,200,1,65.926,1
2026-07-29T15:42:15.613678+00:00,982c373cf28237f1,2026-07-29T15:42:00.012993+00:00,135.919,4,2,api-gateway|vets-service,False,GET,/api/vet/vets,200,1,134.66,1
2026-07-29T15:42:15.613678+00:00,f35ce7c41c0c15be,2026-07-29T15:41:59.844850+00:00,135.711,4,2,api-gateway|vets-service,False,GET,/api/vet/vets,200,1,134.24,1
2026-07-29T15:42:15.613678+00:00,17f5a8e2bdfd4ab5,2026-07-29T15:41:59.678739+00:00,69.207,4,2,api-gateway|customers-service,False,GET,/api/customer/owners/1,200,1,67.997,1
2026-07-29T15:42:15.613678+00:00,d956b32edcc8a700,2026-07-29T15:41:59.490592+00:00,143.496,4,2,vets-service|api-gateway,False,GET,/api/vet/vets,200,1,128.886,1
2026-07-29T15:42:15.613678+00:00,eaa5da7100be04e3,2026-07-29T15:41:59.323808+00:00,193.903,4,2,api-gateway|customers-service,False,GET,/api/customer/owners,200,1,187.66,1
2026-07-29T15:42:15.613678+00:00,ba492624e459e530,2026-07-29T15:41:59.177688+00:00,127.666,4,2,api-gateway|vets-service,False,GET,/api/vet/vets,200,1,126.66,1
2026-07-29T15:42:15.613678+00:00,56b92716171a69c6,2026-07-29T15:41:59.009520+00:00,81.789,4,2,api-gateway|customers-service,False,GET,/api/customer/owners/1,200,1,80.703,1
2026-07-29T15:42:15.613678+00:00,81202768a35d2eb7,2026-07-29T15:41:58.827400+00:00,175.882,4,2,api-gateway|customers-service,False,GET,/api/customer/owners,200,1,174.505,1
2026-07-29T15:42:15.613678+00:00,9e29dbdbf873bc59,2026-07-29T15:41:58.678499+00:00,73.237,4,2,api-gateway|customers-service,False,GET,/api/customer/owners/1,200,1,72.003,1
2026-07-29T15:42:15.613678+00:00,8384b788dbd5e737,2026-07-29T15:41:58.490988+00:00,46.731,3,2,visits-service|api-gateway,False,GET,/api/visit/owners/1/pets/1/visits,200,0,0.0,1
2026-07-29T15:42:15.613678+00:00,785a1adc3a021b42,2026-07-29T15:41:58.327042+00:00,92.3,4,2,api-gateway|customers-service,False,GET,/api/customer/owners/1,200,1,90.204,1
2026-07-29T15:42:15.613678+00:00,5b392d136961c445,2026-07-29T15:41:58.178498+00:00,26.128,3,2,api-gateway|visits-service,False,GET,/api/visit/owners/1/pets/1/visits,200,0,0.0,1
2026-07-29T15:42:15.613678+00:00,169bc7281995b8f6,2026-07-29T15:41:58.009426+00:00,58.318,4,2,api-gateway|customers-service,False,GET,/api/customer/owners/1,200,1,57.24,1
2026-07-29T15:42:15.613678+00:00,130e50a6b3cc28f5,2026-07-29T15:41:57.824182+00:00,60.908,4,2,api-gateway|customers-service,False,GET,/api/customer/owners/1,200,1,56.687,1
2026-07-29T15:42:15.613678+00:00,e25ffcbebe406c88,2026-07-29T15:41:57.676835+00:00,202.15,4,2,api-gateway|customers-service,False,GET,/api/customer/owners,200,1,200.847,1
2026-07-29T15:42:15.613678+00:00,fb166fde0216d32b,2026-07-29T15:41:57.490252+00:00,178.333,4,2,api-gateway|customers-service,False,GET,/api/customer/owners,200,1,175.26,1
2026-07-29T15:42:15.613678+00:00,190c99117c6ddc50,2026-07-29T15:41:57.343634+00:00,77.398,4,2,api-gateway|customers-service,False,GET,/api/customer/owners/1,200,1,76.133,1
2026-07-29T15:42:15.613678+00:00,99eea4b299df5b7e,2026-07-29T15:41:57.157952+00:00,37.161,3,2,visits-service|api-gateway,False,GET,/api/visit/owners/1/pets/1/visits,200,0,0.0,1
2026-07-29T15:42:15.613678+00:00,243ea5816e87b856,2026-07-29T15:41:57.011288+00:00,145.071,4,2,api-gateway|vets-service,False,GET,/api/vet/vets,200,1,143.804,1
2026-07-29T15:42:15.613678+00:00,561d31cc2f9a96e8,2026-07-29T15:41:56.845488+00:00,23.605,3,2,api-gateway|visits-service,False,GET,/api/visit/owners/1/pets/1/visits,200,0,0.0,1
2026-07-29T15:42:15.613678+00:00,e910438f0cef3c76,2026-07-29T15:41:56.657684+00:00,160.116,4,2,vets-service|api-gateway,False,GET,/api/vet/vets,200,1,145.366,1
2026-07-29T15:42:15.613678+00:00,163b737b257cf2ec,2026-07-29T15:41:56.491052+00:00,82.679,4,2,api-gateway|customers-service,False,GET,/api/customer/owners/1,200,1,76.946,1
2026-07-29T15:42:15.613678+00:00,d155cdcd6872a8da,2026-07-29T15:41:56.324224+00:00,202.15,4,2,api-gateway|customers-service,False,GET,/api/customer/owners,200,1,189.825,1
2026-07-29T15:42:15.613678+00:00,89cdfdaea1c11aa1,2026-07-29T15:41:56.176418+00:00,127.066,4,2,api-gateway|vets-service,False,GET,/api/vet/vets,200,1,125.814,1
2026-07-29T15:42:15.613678+00:00,12af66fb83f27044,2026-07-29T15:41:55.992014+00:00,68.977,4,2,api-gateway|customers-service,False,GET,/api/customer/owners/1,200,1,67.52,1
2026-07-29T15:42:15.613678+00:00,d4690c64f551bb4c,2026-07-29T15:41:55.844037+00:00,131.204,4,2,api-gateway|vets-service,False,GET,/api/vet/vets,200,1,130.081,1
2026-07-29T15:42:15.613678+00:00,4eacc3dd132a727d,2026-07-29T15:41:55.676795+00:00,176.499,4,2,api-gateway|customers-service,False,GET,/api/customer/owners,200,1,175.436,1
2026-07-29T15:42:15.613678+00:00,2eadf92c17c2825c,2026-07-29T15:41:55.510617+00:00,177.111,4,2,api-gateway|customers-service,False,GET,/api/customer/owners,200,1,175.916,1
2026-07-29T15:42:15.613678+00:00,45e274c5c3585d31,2026-07-29T15:41:55.323548+00:00,400.123,4,2,api-gateway|customers-service,False,GET,/api/customer/owners,200,1,395.687,1
2026-07-29T15:42:15.613678+00:00,5f735383d766ceaf,2026-07-29T15:41:55.159515+00:00,69.647,4,2,api-gateway|customers-service,False,GET,/api/customer/owners/1,200,1,68.224,1
2026-07-29T15:42:15.613678+00:00,5b690df57533b215,2026-07-29T15:41:55.010942+00:00,73.395,4,2,api-gateway|customers-service,False,GET,/api/customer/owners/1,200,1,72.253,1
2026-07-29T15:42:15.613678+00:00,70d263232dd6280f,2026-07-29T15:41:54.843991+00:00,126.797,4,2,api-gateway|vets-service,False,GET,/api/vet/vets,200,1,125.528,1
2026-07-29T15:42:15.613678+00:00,8c527b3351412ff5,2026-07-29T15:41:54.657816+00:00,32.127,3,2,visits-service|api-gateway,False,GET,/api/visit/owners/1/pets/1/visits,200,0,0.0,1
2026-07-29T15:42:15.613678+00:00,289c757741458c38,2026-07-29T15:41:54.492512+00:00,41.382,3,2,visits-service|api-gateway,False,GET,/api/visit/owners/1/pets/1/visits,200,0,0.0,1
2026-07-29T15:42:15.613678+00:00,d03979a6998c6ca7,2026-07-29T15:41:54.346018+00:00,143.635,4,2,api-gateway|vets-service,False,GET,/api/vet/vets,200,1,142.412,1
2026-07-29T15:42:15.613678+00:00,6748192b20732543,2026-07-29T15:41:54.161406+00:00,73.144,4,2,api-gateway|customers-service,False,GET,/api/customer/owners/1,200,1,71.929,1
2026-07-29T15:42:15.613678+00:00,9d5df77a972fa8ba,2026-07-29T15:41:54.011336+00:00,356.428,4,2,api-gateway|vets-service,False,GET,/api/vet/vets,200,1,354.956,1
2026-07-29T15:42:15.613678+00:00,f3819533b2d432ef,2026-07-29T15:41:53.845928+00:00,180.086,4,2,api-gateway|customers-service,False,GET,/api/customer/owners,200,1,179.058,1
2026-07-29T15:42:15.613678+00:00,1c0eaf733369c505,2026-07-29T15:41:53.657783+00:00,155.35,4,2,vets-service|api-gateway,False,GET,/api/vet/vets,200,1,141.978,1
2026-07-29T15:42:15.613678+00:00,ae829c9a7747ead2,2026-07-29T15:41:53.512557+00:00,184.252,4,2,api-gateway|customers-service,False,GET,/api/customer/owners,200,1,183.068,1
2026-07-29T15:42:15.613678+00:00,0682dc2850cdcd9a,2026-07-29T15:41:53.324314+00:00,216.824,4,2,api-gateway|customers-service,False,GET,/api/customer/owners,200,1,210.043,1
2026-07-29T15:42:15.613678+00:00,a9e880500a6a5862,2026-07-29T15:41:53.180172+00:00,128.788,4,2,api-gateway|vets-service,False,GET,/api/vet/vets,200,1,127.69,1
2026-07-29T15:42:15.613678+00:00,db14333136e7908e,2026-07-29T15:41:53.012502+00:00,153.895,4,2,api-gateway|vets-service,False,GET,/api/vet/vets,200,1,152.497,1
2026-07-29T15:42:15.613678+00:00,b1c154dfa7923200,2026-07-29T15:41:52.823981+00:00,35.394,3,2,visits-service|api-gateway,False,GET,/api/visit/owners/1/pets/1/visits,200,0,0.0,1
2026-07-29T15:42:15.613678+00:00,8693731ce4f55d2c,2026-07-29T15:41:52.679099+00:00,22.228,3,2,api-gateway|visits-service,False,GET,/api/visit/owners/1/pets/1/visits,200,0,0.0,1
2026-07-29T15:42:15.613678+00:00,c9a25a1b7e60053f,2026-07-29T15:41:52.490731+00:00,167.359,4,2,vets-service|api-gateway,False,GET,/api/vet/vets,200,1,153.846,1
2026-07-29T15:42:15.613678+00:00,e5b6e63519b890a8,2026-07-29T15:41:52.323480+00:00,193.06,4,2,api-gateway|customers-service,False,GET,/api/customer/owners,200,1,189.617,1
2026-07-29T15:42:15.613678+00:00,ba7f52f160fc39c6,2026-07-29T15:41:52.158428+00:00,32.733,3,2,visits-service|api-gateway,False,GET,/api/visit/owners/1/pets/1/visits,200,0,0.0,1
2026-07-29T15:42:15.613678+00:00,2ac4212c963b308a,2026-07-29T15:41:52.010136+00:00,129.782,4,2,api-gateway|vets-service,False,GET,/api/vet/vets,200,1,128.525,1
2026-07-29T15:42:15.613678+00:00,9879aa90f213aa89,2026-07-29T15:41:51.844832+00:00,152.701,4,2,api-gateway|vets-service,False,GET,/api/vet/vets,200,1,151.226,1
2026-07-29T15:42:15.613678+00:00,63e9e9f7e663a4a1,2026-07-29T15:41:51.657333+00:00,179.929,4,2,vets-service|api-gateway,False,GET,/api/vet/vets,200,1,167.866,1
2026-07-29T15:42:15.613678+00:00,1da26014ccd2dd87,2026-07-29T15:41:51.490383+00:00,30.57,3,2,visits-service|api-gateway,False,GET,/api/visit/owners/1/pets/1/visits,200,0,0.0,1
2026-07-29T15:42:15.613678+00:00,a96f79d2fb9489f3,2026-07-29T15:41:51.342660+00:00,204.561,4,2,api-gateway|customers-service,False,GET,/api/customer/owners,200,1,203.486,1
2026-07-29T15:42:15.613678+00:00,fc25d60443721717,2026-07-29T15:41:51.159002+00:00,185.034,4,2,api-gateway|customers-service,False,GET,/api/customer/owners,200,1,183.992,1
2026-07-29T15:42:15.613678+00:00,0a459ec5a3b28353,2026-07-29T15:41:51.009620+00:00,193.222,4,2,api-gateway|customers-service,False,GET,/api/customer/owners,200,1,192.039,1
2026-07-29T15:42:15.613678+00:00,25bc27c37ebcfaee,2026-07-29T15:41:50.843502+00:00,127.106,4,2,api-gateway|vets-service,False,GET,/api/vet/vets,200,1,125.756,1
2026-07-29T15:42:15.613678+00:00,884e4b01ce8cbb42,2026-07-29T15:41:50.660231+00:00,66.207,4,2,api-gateway|customers-service,False,GET,/api/customer/owners/1,200,1,62.671,1
2026-07-29T15:42:15.613678+00:00,aba951e72ba6db8e,2026-07-29T15:41:50.510736+00:00,229.511,4,2,api-gateway|customers-service,False,GET,/api/customer/owners,200,1,228.34,1
2026-07-29T15:42:15.613678+00:00,72dbcee978dc3cd6,2026-07-29T15:41:50.344566+00:00,269.889,4,2,api-gateway|customers-service,False,GET,/api/customer/owners/1,200,1,268.895,1
2026-07-29T15:42:15.613678+00:00,3403ee55ddd91ffe,2026-07-29T15:41:50.157740+00:00,402.052,4,2,api-gateway|customers-service,False,GET,/api/customer/owners/1,200,1,396.927,1
2026-07-29T15:42:15.613678+00:00,69d01f6357a090e0,2026-07-29T15:41:49.991078+00:00,580.567,4,2,vets-service|api-gateway,False,GET,/api/vet/vets,200,1,565.259,1
2026-07-29T15:42:15.613678+00:00,fa447f932cd58ff6,2026-07-29T15:41:49.824312+00:00,227.194,3,2,visits-service|api-gateway,False,GET,/api/visit/owners/1/pets/1/visits,200,0,0.0,1
2026-07-29T15:42:15.613678+00:00,2831fd5499e03c77,2026-07-29T15:41:49.657009+00:00,984.362,4,2,api-gateway|customers-service,False,GET,/api/customer/owners,200,1,978.118,1
2026-07-29T15:42:15.613678+00:00,e085308e0466dbc8,2026-07-29T15:41:49.512006+00:00,1049.645,4,2,api-gateway|customers-service,False,GET,/api/customer/owners,200,1,1048.478,1
2026-07-29T15:42:15.613678+00:00,ff595d4e7e2b5e23,2026-07-29T15:41:49.376258+00:00,927.873,4,2,api-gateway|vets-service,False,GET,/api/vet/vets,200,1,926.886,1
2026-07-29T15:42:15.613678+00:00,2915fa6c8d83eea5,2026-07-29T15:41:49.178249+00:00,163.865,3,2,api-gateway|visits-service,False,GET,/api/visit/owners/1/pets/1/visits,200,0,0.0,1
2026-07-29T15:42:15.613678+00:00,438bf3ad558f2079,2026-07-29T15:41:48.994742+00:00,1293.24,4,2,api-gateway|customers-service,False,GET,/api/customer/owners,200,1,1293.24,1
2026-07-29T15:42:15.613678+00:00,aa00378019ba0419,2026-07-29T15:41:48.885764+00:00,1173.661,4,2,api-gateway|vets-service,False,GET,/api/vet/vets,200,1,1172.621,1
2026-07-29T15:42:15.613678+00:00,5f6513dd53cc13c8,2026-07-29T15:41:48.678525+00:00,1355.457,4,2,api-gateway|vets-service,False,GET,/api/vet/vets,200,1,1354.253,1
2026-07-29T15:42:15.613678+00:00,cd06366b95fc405d,2026-07-29T15:41:48.490044+00:00,1089.447,4,2,vets-service|api-gateway,False,GET,/api/vet/vets,200,1,1071.917,1
2026-07-29T15:42:15.613678+00:00,0ebe0aac0f5d20fc,2026-07-29T15:41:48.345370+00:00,1004.915,4,2,api-gateway|vets-service,False,GET,/api/vet/vets,200,1,1003.847,1
2026-07-29T15:42:15.613678+00:00,2a48f23dfa00f49c,2026-07-29T15:41:48.178351+00:00,170.612,3,2,api-gateway|visits-service,False,GET,/api/visit/owners/1/pets/1/visits,200,0,0.0,1
2026-07-29T15:42:15.613678+00:00,f8ac72f332ae14db,2026-07-29T15:41:48.013636+00:00,1788.05,4,2,api-gateway|customers-service,False,GET,/api/customer/owners,200,1,1786.889,1
2026-07-29T15:42:15.613678+00:00,7e17496cdfa0fafb,2026-07-29T15:41:47.844257+00:00,120.583,3,2,api-gateway|visits-service,False,GET,/api/visit/owners/1/pets/1/visits,200,0,0.0,1
2026-07-29T15:42:15.613678+00:00,6d854e598f8e6a45,2026-07-29T15:41:47.676782+00:00,1643.383,4,2,api-gateway|customers-service,False,GET,/api/customer/owners,200,1,1642.163,1
2026-07-29T15:42:15.613678+00:00,cad4efc68564cd50,2026-07-29T15:41:47.490408+00:00,1086.014,4,2,vets-service|api-gateway,False,GET,/api/vet/vets,200,1,1075.191,1
2026-07-29T15:42:15.613678+00:00,64d85de88042e5eb,2026-07-29T15:41:47.323502+00:00,1283.031,4,2,api-gateway|customers-service,False,GET,/api/customer/owners,200,1,1279.282,1
2026-07-29T15:42:15.613678+00:00,561018bde71441e3,2026-07-29T15:41:47.178147+00:00,1154.696,4,2,api-gateway|vets-service,False,GET,/api/vet/vets,200,1,1153.271,1
2026-07-29T15:42:15.613678+00:00,37ace493890760b2,2026-07-29T15:41:46.990227+00:00,1586.851,4,2,api-gateway|customers-service,False,GET,/api/customer/owners,200,1,1581.129,1
2026-07-29T15:42:15.613678+00:00,ace8841b4f00a71f,2026-07-29T15:41:46.824872+00:00,171.972,3,2,visits-service|api-gateway,False,GET,/api/visit/owners/1/pets/1/visits,200,0,0.0,1
2026-07-29T15:42:15.613678+00:00,b5bd05faf6adb65a,2026-07-29T15:41:46.678485+00:00,100.712,3,2,api-gateway|visits-service,False,GET,/api/visit/owners/1/pets/1/visits,200,0,0.0,1
2026-07-29T15:42:15.613678+00:00,9b433b5198d249b9,2026-07-29T15:41:46.490423+00:00,43.299,3,2,visits-service|api-gateway,False,GET,/api/visit/owners/1/pets/1/visits,200,0,0.0,1
2026-07-29T15:42:15.613678+00:00,fd9fa48fe5c7e17d,2026-07-29T15:41:46.343942+00:00,1610.445,4,2,api-gateway|customers-service,False,GET,/api/customer/owners,200,1,1609.328,1
2026-07-29T15:42:15.613678+00:00,499f0e5a27b03ba0,2026-07-29T15:41:46.156954+00:00,1547.96,4,2,api-gateway|customers-service,False,GET,/api/customer/owners,200,1,1542.456,1
2026-07-29T15:42:15.613678+00:00,09565d39fec356eb,2026-07-29T15:41:45.990139+00:00,787.698,4,2,vets-service|api-gateway,False,GET,/api/vet/vets,200,1,775.211,1
2026-07-29T15:42:15.613678+00:00,217f5eff30c007eb,2026-07-29T15:41:45.823868+00:00,696.894,4,2,vets-service|api-gateway,False,GET,/api/vet/vets,200,1,684.046,1
2026-07-29T15:42:15.613678+00:00,f1239f9aee8ab82e,2026-07-29T15:41:45.657796+00:00,655.057,4,2,api-gateway|customers-service,False,GET,/api/customer/owners,200,1,641.036,1
2026-07-29T15:42:15.613678+00:00,8a1a65c05b112fcc,2026-07-29T15:41:45.490313+00:00,74.211,4,2,api-gateway|customers-service,False,GET,/api/customer/owners/1,200,1,60.319,1
2026-07-29T15:42:15.613678+00:00,09d55f811e3d7a53,2026-07-29T15:41:45.323329+00:00,152.274,4,2,vets-service|api-gateway,False,GET,/api/vet/vets,200,1,138.919,1
2026-07-29T15:42:15.613678+00:00,33297d3d36f98d71,2026-07-29T15:41:45.159878+00:00,163.743,4,2,api-gateway|customers-service,False,GET,/api/customer/owners,200,1,162.607,1
2026-07-29T15:42:15.613678+00:00,64ca599210eeca71,2026-07-29T15:41:44.994090+00:00,73.796,4,2,api-gateway|customers-service,False,GET,/api/customer/owners/1,200,1,72.512,1
2026-07-29T15:42:15.613678+00:00,14e8f157c507dd63,2026-07-29T15:41:44.824340+00:00,213.137,4,2,api-gateway|customers-service,False,GET,/api/customer/owners,200,1,198.544,1
2026-07-29T15:42:15.613678+00:00,e967d027044ddaf0,2026-07-29T15:41:44.678173+00:00,44.79,3,2,api-gateway|visits-service,False,GET,/api/visit/owners/1/pets/1/visits,200,0,0.0,1
2026-07-29T15:42:15.613678+00:00,2772ad9e10cdd8f7,2026-07-29T15:41:44.491083+00:00,237.959,4,2,api-gateway|customers-service,False,GET,/api/customer/owners,200,1,231.843,1
2026-07-29T15:42:15.613678+00:00,b042f483aad81e59,2026-07-29T15:41:44.345225+00:00,19.34,3,2,api-gateway|visits-service,False,GET,/api/visit/owners/1/pets/1/visits,200,0,0.0,1
2026-07-29T15:42:15.613678+00:00,8bda0d6dd45ff4cf,2026-07-29T15:41:44.156933+00:00,88.325,4,2,api-gateway|customers-service,False,GET,/api/customer/owners/1,200,1,76.611,1
2026-07-29T15:42:15.613678+00:00,82d2d25015c229c6,2026-07-29T15:41:44.011922+00:00,17.542,3,2,api-gateway|visits-service,False,GET,/api/visit/owners/1/pets/1/visits,200,0,0.0,1
2026-07-29T15:42:15.613678+00:00,3d637d68236fae4b,2026-07-29T15:41:43.844276+00:00,162.612,4,2,api-gateway|vets-service,False,GET,/api/vet/vets,200,1,161.24,1
2026-07-29T15:42:15.613678+00:00,6dd4fca94f660925,2026-07-29T15:41:43.657417+00:00,32.881,3,2,visits-service|api-gateway,False,GET,/api/visit/owners/1/pets/1/visits,200,0,0.0,1
2026-07-29T15:42:15.613678+00:00,919376bdeb690108,2026-07-29T15:41:43.490778+00:00,77.668,4,2,api-gateway|customers-service,False,GET,/api/customer/owners/1,200,1,65.421,1
2026-07-29T15:42:15.613678+00:00,060299d9fc86250d,2026-07-29T15:41:43.345301+00:00,21.602,3,2,api-gateway|visits-service,False,GET,/api/visit/owners/1/pets/1/visits,200,0,0.0,1
2026-07-29T15:42:15.613678+00:00,1cdbaa3ea42abe80,2026-07-29T15:41:43.160360+00:00,172.703,4,2,api-gateway|customers-service,False,GET,/api/customer/owners,200,1,170.361,1
2026-07-29T15:42:15.613678+00:00,b70bbfc72280a669,2026-07-29T15:41:42.991319+00:00,33.535,3,2,visits-service|api-gateway,False,GET,/api/visit/owners/1/pets/1/visits,200,0,0.0,1
2026-07-29T15:42:15.613678+00:00,978605b71bc78231,2026-07-29T15:41:42.843159+00:00,128.812,4,2,api-gateway|vets-service,False,GET,/api/vet/vets,200,1,127.491,1
2026-07-29T15:42:15.613678+00:00,9101e0cf86a34265,2026-07-29T15:41:42.657074+00:00,187.429,4,2,api-gateway|customers-service,False,GET,/api/customer/owners,200,1,183.609,1
2026-07-29T15:42:15.613678+00:00,b372ca986f847b5a,2026-07-29T15:41:42.490409+00:00,200.077,4,2,api-gateway|customers-service,False,GET,/api/customer/owners,200,1,189.291,1
2026-07-29T15:42:15.613678+00:00,69afb1b16713f715,2026-07-29T15:41:42.323706+00:00,191.996,4,2,vets-service|api-gateway,False,GET,/api/vet/vets,200,1,179.523,1
2026-07-29T15:42:15.613678+00:00,2fa6c69f58b55b69,2026-07-29T15:41:42.161167+00:00,90.0,4,2,api-gateway|customers-service,False,GET,/api/customer/owners/1,200,1,88.736,1
2026-07-29T15:42:15.613678+00:00,3e97468e05542698,2026-07-29T15:41:42.009992+00:00,231.737,4,2,api-gateway|vets-service,False,GET,/api/vet/vets,200,1,230.414,1
2026-07-29T15:42:15.613678+00:00,479bac3bb2238108,2026-07-29T15:41:41.824200+00:00,74.36,4,2,api-gateway|customers-service,False,GET,/api/customer/owners/1,200,1,61.87,1
2026-07-29T15:42:15.613678+00:00,5c7006ca306b8497,2026-07-29T15:41:41.656822+00:00,225.006,4,2,api-gateway|customers-service,False,GET,/api/customer/owners,200,1,213.433,1
2026-07-29T15:42:15.613678+00:00,cf9d2224f64686d5,2026-07-29T15:41:41.490196+00:00,180.285,4,2,api-gateway|customers-service,False,GET,/api/customer/owners,200,1,176.808,1
2026-07-29T15:42:15.613678+00:00,907c352e852d5ce1,2026-07-29T15:41:41.342903+00:00,18.973,3,2,api-gateway|visits-service,False,GET,/api/visit/owners/1/pets/1/visits,200,0,0.0,1
2026-07-29T15:42:15.613678+00:00,1d1fbce9cd652bb6,2026-07-29T15:41:41.161417+00:00,203.012,4,2,api-gateway|customers-service,False,GET,/api/customer/owners,200,1,203.012,1
2026-07-29T15:42:15.613678+00:00,1873801aa0e1ac70,2026-07-29T15:41:41.009817+00:00,158.349,4,2,api-gateway|vets-service,False,GET,/api/vet/vets,200,1,157.175,1
2026-07-29T15:42:15.613678+00:00,51c3619ff89ac5a0,2026-07-29T15:41:40.827635+00:00,199.615,4,2,api-gateway|customers-service,False,GET,/api/customer/owners/1,200,1,197.746,1
2026-07-29T15:42:15.613678+00:00,24d4f62eb0945018,2026-07-29T15:41:40.657382+00:00,481.325,4,2,api-gateway|customers-service,False,GET,/api/customer/owners,200,1,467.846,1
2026-07-29T15:42:15.613678+00:00,6bbeed78390a54be,2026-07-29T15:41:40.491329+00:00,515.41,4,2,api-gateway|customers-service,False,GET,/api/customer/owners/1,200,1,503.411,1
2026-07-29T15:42:15.613678+00:00,8944d64ca72796dd,2026-07-29T15:41:40.323589+00:00,609.647,4,2,api-gateway|customers-service,False,GET,/api/customer/owners/1,200,1,596.294,1
2026-07-29T15:42:15.613678+00:00,6b46afba4ba49ac8,2026-07-29T15:41:40.179084+00:00,800.97,4,2,api-gateway|vets-service,False,GET,/api/vet/vets,200,1,799.88,1
2026-07-29T15:42:15.613678+00:00,fba4a72885f908f8,2026-07-29T15:41:39.989784+00:00,21.124,3,2,visits-service|api-gateway,False,GET,/api/visit/owners/1/pets/1/visits,200,0,0.0,1
2026-07-29T15:42:15.613678+00:00,e398bdd2cb888e51,2026-07-29T15:41:39.824249+00:00,877.461,4,2,vets-service|api-gateway,False,GET,/api/vet/vets,200,1,862.499,1
2026-07-29T15:42:15.613678+00:00,fe72c068c683b3c5,2026-07-29T15:41:39.675651+00:00,96.447,3,2,api-gateway|visits-service,False,GET,/api/visit/owners/1/pets/1/visits,200,0,0.0,1
2026-07-29T15:42:15.613678+00:00,5e62e34005f087a3,2026-07-29T15:41:39.509499+00:00,511.052,4,2,api-gateway|vets-service,False,GET,/api/vet/vets,200,1,509.938,1
2026-07-29T15:42:15.613678+00:00,8cb6598f3359ec11,2026-07-29T15:41:39.323939+00:00,200.434,3,2,visits-service|api-gateway,False,GET,/api/visit/owners/1/pets/1/visits,200,0,0.0,1
2026-07-29T15:42:15.613678+00:00,c8c77db5373bedfc,2026-07-29T15:41:39.178063+00:00,607.678,4,2,api-gateway|vets-service,False,GET,/api/vet/vets,200,1,606.547,1
2026-07-29T15:42:15.613678+00:00,8a762e5b6657468c,2026-07-29T15:41:38.993326+00:00,292.488,4,2,api-gateway|customers-service,False,GET,/api/customer/owners/1,200,1,291.114,1
2026-07-29T15:42:15.613678+00:00,7288e6ae08bb2d17,2026-07-29T15:41:38.824366+00:00,723.457,4,2,vets-service|api-gateway,False,GET,/api/vet/vets,200,1,711.33,1
2026-07-29T15:42:15.613678+00:00,9ec8f07a053f0680,2026-07-29T15:41:38.676280+00:00,147.983,3,2,api-gateway|visits-service,False,GET,/api/visit/owners/1/pets/1/visits,200,0,0.0,1
2026-07-29T15:42:15.613678+00:00,1e95d1b63dc6a7ed,2026-07-29T15:41:38.511121+00:00,768.36,4,2,api-gateway|vets-service,False,GET,/api/vet/vets,200,1,767.275,1
2026-07-29T15:42:15.613678+00:00,a03687104fd08bac,2026-07-29T15:41:38.323291+00:00,273.709,4,2,api-gateway|customers-service,False,GET,/api/customer/owners/1,200,1,268.911,1
2026-07-29T15:42:15.613678+00:00,d770b406a3eba0e7,2026-07-29T15:41:38.176938+00:00,655.654,4,2,api-gateway|vets-service,False,GET,/api/vet/vets,200,1,654.207,1
2026-07-29T15:42:15.613678+00:00,b7ac4597c0309188,2026-07-29T15:41:38.009153+00:00,812.057,4,2,api-gateway|vets-service,False,GET,/api/vet/vets,200,1,810.698,1
2026-07-29T15:42:15.613678+00:00,92575d0ea322e5b8,2026-07-29T15:41:37.823632+00:00,622.869,4,2,api-gateway|customers-service,False,GET,/api/customer/owners/1,200,1,610.375,1
2026-07-29T15:42:15.613678+00:00,61a3cca421a13053,2026-07-29T15:41:37.657714+00:00,939.281,4,2,api-gateway|customers-service,False,GET,/api/customer/owners,200,1,935.546,1
2026-07-29T15:42:15.613678+00:00,36915d069292dc64,2026-07-29T15:41:37.490550+00:00,215.418,3,2,visits-service|api-gateway,False,GET,/api/visit/owners/1/pets/1/visits,200,0,0.0,1
2026-07-29T15:42:15.613678+00:00,ba055813f729b21c,2026-07-29T15:41:37.323681+00:00,381.612,4,2,api-gateway|customers-service,False,GET,/api/customer/owners/1,200,1,370.336,1
2026-07-29T15:42:15.613678+00:00,bae68134983c1309,2026-07-29T15:41:37.179036+00:00,71.714,3,2,api-gateway|visits-service,False,GET,/api/visit/owners/1/pets/1/visits,200,0,0.0,1
2026-07-29T15:42:15.613678+00:00,9af51bac07b8988d,2026-07-29T15:41:37.011361+00:00,720.62,4,2,api-gateway|vets-service,False,GET,/api/vet/vets,200,1,719.479,1
2026-07-29T15:42:15.613678+00:00,28fea8edd3c9d313,2026-07-29T15:41:36.824516+00:00,870.131,4,2,vets-service|api-gateway,False,GET,/api/vet/vets,200,1,856.885,1
2026-07-29T15:42:15.613678+00:00,1da7f5f45cc02dab,2026-07-29T15:41:36.657727+00:00,133.283,3,2,visits-service|api-gateway,False,GET,/api/visit/owners/1/pets/1/visits,200,0,0.0,1
2026-07-29T15:42:15.613678+00:00,cb1e893b54184966,2026-07-29T15:41:36.511356+00:00,95.76,3,2,api-gateway|visits-service,False,GET,/api/visit/owners/1/pets/1/visits,200,0,0.0,1
2026-07-29T15:42:15.613678+00:00,3b9be9be2556ac78,2026-07-29T15:41:36.323718+00:00,296.556,4,2,api-gateway|customers-service,False,GET,/api/customer/owners/1,200,1,283.427,1
2026-07-29T15:42:15.613678+00:00,0eea66e8ef5d6903,2026-07-29T15:41:36.178199+00:00,34.115,3,2,api-gateway|visits-service,False,GET,/api/visit/owners/1/pets/1/visits,200,0,0.0,1
2026-07-29T15:42:15.613678+00:00,a159459d15e813a9,2026-07-29T15:41:36.012461+00:00,26.7,3,2,api-gateway|visits-service,False,GET,/api/visit/owners/1/pets/1/visits,200,0,0.0,1
2026-07-29T15:42:15.613678+00:00,f8fbb7330428687f,2026-07-29T15:41:35.823983+00:00,69.617,4,2,api-gateway|customers-service,False,GET,/api/customer/owners/1,200,1,65.531,1
2026-07-29T15:42:15.613678+00:00,056abb4a63503d95,2026-07-29T15:41:35.656988+00:00,209.288,4,2,api-gateway|customers-service,False,GET,/api/customer/owners,200,1,205.768,1
2026-07-29T15:42:15.613678+00:00,c08c2b9acbd59a20,2026-07-29T15:41:35.490529+00:00,149.651,4,2,api-gateway|customers-service,False,GET,/api/customer/owners/1,200,1,137.871,1
2026-07-29T15:42:15.613678+00:00,b7dc2ec5e68ba46b,2026-07-29T15:41:35.324030+00:00,278.857,4,2,vets-service|api-gateway,False,GET,/api/vet/vets,200,1,267.021,1
2026-07-29T15:42:15.613678+00:00,eabf36703d26d53f,2026-07-29T15:41:35.176754+00:00,26.308,3,2,api-gateway|visits-service,False,GET,/api/visit/owners/1/pets/1/visits,200,0,0.0,1
2026-07-29T15:42:15.613678+00:00,16d7e2281984936f,2026-07-29T15:41:34.993596+00:00,257.308,4,2,api-gateway|customers-service,False,GET,/api/customer/owners,200,1,255.986,1
2026-07-29T15:42:15.613678+00:00,0b615ded1282ac1d,2026-07-29T15:41:34.844796+00:00,188.231,4,2,api-gateway|vets-service,False,GET,/api/vet/vets,200,1,186.983,1
2026-07-29T15:42:15.613678+00:00,6d81a6e97c8b9bc9,2026-07-29T15:41:34.657400+00:00,110.55,4,2,api-gateway|customers-service,False,GET,/api/customer/owners/1,200,1,97.852,1
2026-07-29T15:42:15.613678+00:00,d43c6ad17a8465ae,2026-07-29T15:41:34.511057+00:00,212.814,4,2,api-gateway|vets-service,False,GET,/api/vet/vets,200,1,211.725,1
2026-07-29T15:42:15.613678+00:00,f9e1ec923360e379,2026-07-29T15:41:34.324077+00:00,199.889,4,2,vets-service|api-gateway,False,GET,/api/vet/vets,200,1,187.13,1
2026-07-29T15:42:15.613678+00:00,5a9a7f2994edf47b,2026-07-29T15:41:34.160904+00:00,124.552,4,2,api-gateway|customers-service,False,GET,/api/customer/owners/1,200,1,122.736,1
2026-07-29T15:42:15.613678+00:00,effe36344ff6bf90,2026-07-29T15:41:33.991227+00:00,592.077,4,2,api-gateway|customers-service,False,GET,/api/customer/owners,200,1,579.017,1
2026-07-29T15:42:15.613678+00:00,e1d9db44a710a618,2026-07-29T15:41:33.844892+00:00,25.356,3,2,api-gateway|visits-service,False,GET,/api/visit/owners/1/pets/1/visits,200,0,0.0,1
2026-07-29T15:42:15.613678+00:00,57571cda81ab6bde,2026-07-29T15:41:33.680104+00:00,188.342,4,2,api-gateway|vets-service,False,GET,/api/vet/vets,200,1,186.914,1
2026-07-29T15:42:15.613678+00:00,ee94ae0d0cfef4f8,2026-07-29T15:41:33.490215+00:00,149.135,4,2,api-gateway|customers-service,False,GET,/api/customer/owners/1,200,1,145.349,1
2026-07-29T15:42:15.613678+00:00,98930c776e8bb87e,2026-07-29T15:41:33.323658+00:00,228.171,4,2,vets-service|api-gateway,False,GET,/api/vet/vets,200,1,214.62,1
2026-07-29T15:42:15.613678+00:00,06ed73fe7ed66c94,2026-07-29T15:41:33.176773+00:00,170.437,4,2,api-gateway|vets-service,False,GET,/api/vet/vets,200,1,169.236,1
2026-07-29T15:42:15.613678+00:00,426fb1b9b6571fb5,2026-07-29T15:41:33.011485+00:00,177.307,4,2,api-gateway|vets-service,False,GET,/api/vet/vets,200,1,176.04,1
2026-07-29T15:42:15.613678+00:00,30d8e62317a13200,2026-07-29T15:41:32.845383+00:00,211.808,4,2,api-gateway|vets-service,False,GET,/api/vet/vets,200,1,210.456,1
2026-07-29T15:42:15.613678+00:00,b55bc4ff0d90bf2d,2026-07-29T15:41:32.657912+00:00,50.598,3,2,visits-service|api-gateway,False,GET,/api/visit/owners/1/pets/1/visits,200,0,0.0,1
2026-07-29T15:42:15.613678+00:00,2b1ab165f5a843c8,2026-07-29T15:41:32.511942+00:00,26.96,3,2,api-gateway|visits-service,False,GET,/api/visit/owners/1/pets/1/visits,200,0,0.0,1
2026-07-29T15:42:15.613678+00:00,a353ea6a3296f565,2026-07-29T15:41:32.324401+00:00,107.279,4,2,api-gateway|customers-service,False,GET,/api/customer/owners/1,200,1,93.487,1
2026-07-29T15:42:15.613678+00:00,47df2966b9951726,2026-07-29T15:41:32.159382+00:00,172.67,4,2,api-gateway|customers-service,False,GET,/api/customer/owners,200,1,172.67,1
2026-07-29T15:42:15.613678+00:00,b1e6e38985dcfe25,2026-07-29T15:41:31.990438+00:00,34.654,3,2,visits-service|api-gateway,False,GET,/api/visit/owners/1/pets/1/visits,200,0,0.0,1
2026-07-29T15:42:15.613678+00:00,b702012931d202fd,2026-07-29T15:41:31.845190+00:00,135.038,4,2,api-gateway|vets-service,False,GET,/api/vet/vets,200,1,133.695,1
2026-07-29T15:42:15.613678+00:00,51488409aebbd3e1,2026-07-29T15:41:31.657325+00:00,189.247,4,2,api-gateway|customers-service,False,GET,/api/customer/owners,200,1,177.622,1
2026-07-29T15:42:15.613678+00:00,c94d6e37f05f514d,2026-07-29T15:41:31.510961+00:00,17.657,3,2,api-gateway|visits-service,False,GET,/api/visit/owners/1/pets/1/visits,200,0,0.0,1
2026-07-29T15:42:15.613678+00:00,49d289f0ed0e77f9,2026-07-29T15:41:31.326472+00:00,57.99,4,2,api-gateway|customers-service,False,GET,/api/customer/owners/1,200,1,57.99,1
2026-07-29T15:42:15.613678+00:00,c3d4e568e445d33f,2026-07-29T15:41:31.177481+00:00,19.71,3,2,api-gateway|visits-service,False,GET,/api/visit/owners/1/pets/1/visits,200,0,0.0,1
2026-07-29T15:42:15.613678+00:00,81f2ab53599cec3f,2026-07-29T15:41:30.990203+00:00,80.356,4,2,api-gateway|customers-service,False,GET,/api/customer/owners/1,200,1,68.24,1
2026-07-29T15:42:15.613678+00:00,7c1b8bf71835b5d1,2026-07-29T15:41:30.824279+00:00,75.144,4,2,api-gateway|customers-service,False,GET,/api/customer/owners/1,200,1,69.381,1
2026-07-29T15:42:15.613678+00:00,c34997f23e044ef1,2026-07-29T15:41:30.678671+00:00,174.573,4,2,api-gateway|vets-service,False,GET,/api/vet/vets,200,1,173.314,1
2026-07-29T15:42:15.613678+00:00,fcc91203b7c93e7a,2026-07-29T15:41:30.490246+00:00,127.794,4,2,vets-service|api-gateway,False,GET,/api/vet/vets,200,1,113.991,1
2026-07-29T15:42:15.613678+00:00,78c4eb106302ded5,2026-07-29T15:41:30.344920+00:00,26.79,3,2,api-gateway|visits-service,False,GET,/api/visit/owners/1/pets/1/visits,200,0,0.0,1
2026-07-29T15:42:15.613678+00:00,e00e50ff7b81d19c,2026-07-29T15:41:30.157867+00:00,79.508,4,2,api-gateway|customers-service,False,GET,/api/customer/owners/1,200,1,65.807,1
2026-07-29T15:42:15.613678+00:00,492486c85e469db6,2026-07-29T15:41:30.012119+00:00,125.6,4,2,api-gateway|vets-service,False,GET,/api/vet/vets,200,1,124.095,1
2026-07-29T15:42:15.613678+00:00,6f4e975f9ec4471a,2026-07-29T15:41:29.827471+00:00,175.41,4,2,api-gateway|customers-service,False,GET,/api/customer/owners,200,1,173.542,1
2026-07-29T15:42:15.613678+00:00,4b0437f23a1ba8c2,2026-07-29T15:41:29.679235+00:00,125.886,4,2,api-gateway|vets-service,False,GET,/api/vet/vets,200,1,124.531,1
2026-07-29T15:42:15.613678+00:00,ca30f61b3506ffb5,2026-07-29T15:41:29.490830+00:00,81.395,4,2,api-gateway|customers-service,False,GET,/api/customer/owners/1,200,1,67.655,1
2026-07-29T15:42:15.613678+00:00,70c1f4a7b0e8cd0c,2026-07-29T15:41:29.343040+00:00,19.134,3,2,api-gateway|visits-service,False,GET,/api/visit/owners/1/pets/1/visits,200,0,0.0,1
2026-07-29T15:42:15.613678+00:00,3d911f71d1caec6d,2026-07-29T15:41:29.161041+00:00,163.669,4,2,api-gateway|customers-service,False,GET,/api/customer/owners,200,1,161.982,1
2026-07-29T15:42:15.613678+00:00,acabe2f462b65b02,2026-07-29T15:41:28.991050+00:00,191.921,4,2,api-gateway|customers-service,False,GET,/api/customer/owners,200,1,179.301,1
2026-07-29T15:42:15.613678+00:00,266b105cb55ced03,2026-07-29T15:41:28.824007+00:00,75.951,4,2,api-gateway|customers-service,False,GET,/api/customer/owners/1,200,1,71.2,1
2026-07-29T15:42:15.613678+00:00,091266feb4afe081,2026-07-29T15:41:28.657332+00:00,213.857,4,2,api-gateway|customers-service,False,GET,/api/customer/owners,200,1,201.795,1
2026-07-29T15:42:15.613678+00:00,62b68779aedcee5e,2026-07-29T15:41:28.490519+00:00,186.661,4,2,api-gateway|customers-service,False,GET,/api/customer/owners,200,1,182.204,1
2026-07-29T15:42:15.613678+00:00,87ca400c5eb97c31,2026-07-29T15:41:28.324859+00:00,115.239,4,2,vets-service|api-gateway,False,GET,/api/vet/vets,200,1,103.16,1
2026-07-29T15:42:15.613678+00:00,94e3a5c748be2dd5,2026-07-29T15:41:28.178909+00:00,180.546,4,2,api-gateway|customers-service,False,GET,/api/customer/owners,200,1,179.36,1
2026-07-29T15:42:15.613678+00:00,0f1fa5cc6bdca950,2026-07-29T15:41:28.012680+00:00,121.792,4,2,api-gateway|vets-service,False,GET,/api/vet/vets,200,1,120.5,1
2026-07-29T15:42:15.613678+00:00,517129cf651fbce3,2026-07-29T15:41:27.826281+00:00,77.801,4,2,api-gateway|customers-service,False,GET,/api/customer/owners/1,200,1,76.592,1
2026-07-29T15:42:15.613678+00:00,8592c92e220f221e,2026-07-29T15:41:27.656902+00:00,192.798,4,2,api-gateway|customers-service,False,GET,/api/customer/owners,200,1,180.933,1
2026-07-29T15:42:15.613678+00:00,9ad30a30a96bb9e4,2026-07-29T15:41:27.490418+00:00,168.267,4,2,api-gateway|customers-service,False,GET,/api/customer/owners,200,1,165.201,1
2026-07-29T15:42:15.613678+00:00,10502fd1cae35ae0,2026-07-29T15:41:27.323839+00:00,188.695,4,2,api-gateway|customers-service,False,GET,/api/customer/owners,200,1,177.901,1
2026-07-29T15:42:15.613678+00:00,af7a1e78c5e64420,2026-07-29T15:41:27.160395+00:00,65.266,4,2,api-gateway|customers-service,False,GET,/api/customer/owners/1,200,1,65.266,1
2026-07-29T15:42:15.613678+00:00,6395431fe9cec66b,2026-07-29T15:41:26.990155+00:00,198.399,4,2,api-gateway|customers-service,False,GET,/api/customer/owners,200,1,186.373,1
2026-07-29T15:42:15.613678+00:00,4d4ad3cf04940df4,2026-07-29T15:41:26.823883+00:00,75.485,4,2,api-gateway|customers-service,False,GET,/api/customer/owners/1,200,1,68.914,1
2026-07-29T15:42:15.613678+00:00,26d94e85abc18b9b,2026-07-29T15:41:26.682716+00:00,26.121,3,2,api-gateway|visits-service,False,GET,/api/visit/owners/1/pets/1/visits,200,0,0.0,1
2026-07-29T15:42:15.613678+00:00,f5850cef81829347,2026-07-29T15:41:26.516286+00:00,145.298,4,2,api-gateway|vets-service,False,GET,/api/vet/vets,200,1,144.04,1
2026-07-29T15:42:15.613678+00:00,c4e926b073823bff,2026-07-29T15:41:26.324340+00:00,181.05,4,2,vets-service|api-gateway,False,GET,/api/vet/vets,200,1,167.045,1
2026-07-29T15:42:15.613678+00:00,7bbd093f83ec478e,2026-07-29T15:41:26.160805+00:00,76.712,4,2,api-gateway|customers-service,False,GET,/api/customer/owners/1,200,1,74.608,1
2026-07-29T15:42:15.613678+00:00,f89f2247c9ec0188,2026-07-29T15:41:25.990834+00:00,426.147,4,2,api-gateway|customers-service,False,GET,/api/customer/owners,200,1,412.737,1
2026-07-29T15:42:15.613678+00:00,83829006dcfd0cda,2026-07-29T15:41:25.824291+00:00,118.321,4,2,api-gateway|customers-service,False,GET,/api/customer/owners/1,200,1,95.84,1
2026-07-29T15:42:15.613678+00:00,a13f930f26834ae2,2026-07-29T15:41:25.657539+00:00,34.86,3,2,visits-service|api-gateway,False,GET,/api/visit/owners/1/pets/1/visits,200,0,0.0,1
2026-07-29T15:42:15.613678+00:00,ef9f119013f2ccfd,2026-07-29T15:41:25.516723+00:00,18.9,3,2,api-gateway|visits-service,False,GET,/api/visit/owners/1/pets/1/visits,200,0,0.0,1
2026-07-29T15:42:15.613678+00:00,88de796215ccd05c,2026-07-29T15:41:25.324243+00:00,129.211,4,2,vets-service|api-gateway,False,GET,/api/vet/vets,200,1,115.068,1
2026-07-29T15:42:15.613678+00:00,0c27829d55c3e988,2026-07-29T15:41:25.160742+00:00,62.205,4,2,api-gateway|customers-service,False,GET,/api/customer/owners/1,200,1,60.161,1
2026-07-29T15:42:15.613678+00:00,63ca2c46b1e3f0a4,2026-07-29T15:41:24.990461+00:00,78.992,4,2,api-gateway|customers-service,False,GET,/api/customer/owners/1,200,1,66.809,1
2026-07-29T15:42:15.613678+00:00,472ba26aa56d6959,2026-07-29T15:41:24.848787+00:00,121.392,4,2,api-gateway|vets-service,False,GET,/api/vet/vets,200,1,120.075,1
2026-07-29T15:42:15.613678+00:00,38c684e0f0c9ad40,2026-07-29T15:41:24.657239+00:00,83.173,4,2,api-gateway|customers-service,False,GET,/api/customer/owners/1,200,1,79.284,1
2026-07-29T15:42:15.613678+00:00,e46c0377df345c1e,2026-07-29T15:41:24.490481+00:00,28.873,3,2,visits-service|api-gateway,False,GET,/api/visit/owners/1/pets/1/visits,200,0,0.0,1
2026-07-29T15:42:15.613678+00:00,4c761278bd90ace1,2026-07-29T15:41:24.323973+00:00,134.343,4,2,vets-service|api-gateway,False,GET,/api/vet/vets,200,1,122.691,1
2026-07-29T15:42:15.613678+00:00,184ea7aad8f23a1e,2026-07-29T15:41:24.168332+00:00,189.514,4,2,api-gateway|customers-service,False,GET,/api/customer/owners,200,1,187.706,1
2026-07-29T15:42:15.613678+00:00,eac4f0695c40981a,2026-07-29T15:41:24.015183+00:00,358.571,4,2,api-gateway|vets-service,False,GET,/api/vet/vets,200,1,357.238,1
2026-07-29T15:42:15.613678+00:00,536d5dffe86dbfff,2026-07-29T15:41:23.854024+00:00,156.676,4,2,api-gateway|vets-service,False,GET,/api/vet/vets,200,1,155.447,1
2026-07-29T15:42:15.613678+00:00,9be33768149d22f1,2026-07-29T15:41:23.681691+00:00,26.155,3,2,api-gateway|visits-service,False,GET,/api/visit/owners/1/pets/1/visits,200,0,0.0,1
2026-07-29T15:42:15.613678+00:00,41d12a3895c1648a,2026-07-29T15:41:23.490891+00:00,32.283,3,2,visits-service|api-gateway,False,GET,/api/visit/owners/1/pets/1/visits,200,0,0.0,1
2026-07-29T15:42:15.613678+00:00,cc679f0e89762b59,2026-07-29T15:41:23.323543+00:00,150.344,4,2,vets-service|api-gateway,False,GET,/api/vet/vets,200,1,135.651,1
2026-07-29T15:42:15.613678+00:00,c2e5c22c95e611d5,2026-07-29T15:41:23.181528+00:00,150.567,4,2,api-gateway|vets-service,False,GET,/api/vet/vets,200,1,149.271,1
2026-07-29T15:42:15.613678+00:00,4f010bedebb9c4fb,2026-07-29T15:41:22.990956+00:00,117.527,4,2,api-gateway|customers-service,False,GET,/api/customer/owners/1,200,1,103.26,1
2026-07-29T15:42:15.613678+00:00,70127c1145526bae,2026-07-29T15:41:22.848284+00:00,133.755,4,2,api-gateway|vets-service,False,GET,/api/vet/vets,200,1,132.373,1
2026-07-29T15:42:15.613678+00:00,c5f3546c68b3b2ff,2026-07-29T15:41:22.681394+00:00,127.363,4,2,api-gateway|vets-service,False,GET,/api/vet/vets,200,1,125.916,1
2026-07-29T15:42:15.613678+00:00,348e1eced60c4a5f,2026-07-29T15:41:22.490869+00:00,80.126,4,2,api-gateway|customers-service,False,GET,/api/customer/owners/1,200,1,66.032,1
2026-07-29T15:42:15.613678+00:00,dccafc17b82d1791,2026-07-29T15:41:22.323515+00:00,70.067,4,2,api-gateway|customers-service,False,GET,/api/customer/owners/1,200,1,66.843,1
2026-07-29T15:42:15.613678+00:00,54ee5ed1f17c1ffd,2026-07-29T15:41:22.179293+00:00,126.92,4,2,api-gateway|vets-service,False,GET,/api/vet/vets,200,1,125.621,1
2026-07-29T15:42:15.613678+00:00,0c1b21100dca7912,2026-07-29T15:41:22.014676+00:00,135.177,4,2,api-gateway|vets-service,False,GET,/api/vet/vets,200,1,133.884,1
2026-07-29T15:42:15.613678+00:00,cd6d7c8b6391e96a,2026-07-29T15:41:21.824725+00:00,82.312,4,2,api-gateway|customers-service,False,GET,/api/customer/owners/1,200,1,67.9,1
2026-07-29T15:42:15.613678+00:00,acc8b56b53f571b2,2026-07-29T15:41:21.657626+00:00,77.076,4,2,api-gateway|customers-service,False,GET,/api/customer/owners/1,200,1,68.946,1
2026-07-29T15:42:15.613678+00:00,84473a178b029a01,2026-07-29T15:41:21.491071+00:00,136.021,4,2,api-gateway|customers-service,False,GET,/api/customer/owners/1,200,1,130.462,1
2026-07-29T15:42:15.613678+00:00,ceb26f351c7189f4,2026-07-29T15:41:21.324342+00:00,71.461,4,2,api-gateway|customers-service,False,GET,/api/customer/owners/1,200,1,58.094,1
2026-07-29T15:42:15.613678+00:00,627830ee6db0858e,2026-07-29T15:41:21.180132+00:00,201.014,4,2,api-gateway|customers-service,False,GET,/api/customer/owners,200,1,199.796,1
2026-07-29T15:42:15.613678+00:00,953a9479e5cb0be1,2026-07-29T15:41:20.994291+00:00,197.332,4,2,api-gateway|customers-service,False,GET,/api/customer/owners,200,1,195.491,1
2026-07-29T15:42:15.613678+00:00,f940040fab2ae2aa,2026-07-29T15:41:20.823637+00:00,112.165,4,2,api-gateway|customers-service,False,GET,/api/customer/owners/1,200,1,98.108,1
2026-07-29T15:42:15.613678+00:00,5bfd915cd710eabc,2026-07-29T15:41:20.660980+00:00,230.6,4,2,api-gateway|customers-service,False,GET,/api/customer/owners,200,1,228.677,1
2026-07-29T15:42:15.613678+00:00,7a2f7ed9e9786ef7,2026-07-29T15:41:20.514538+00:00,20.621,3,2,api-gateway|visits-service,False,GET,/api/visit/owners/1/pets/1/visits,200,0,0.0,1
2026-07-29T15:42:15.613678+00:00,bc844a4279de1238,2026-07-29T15:41:20.324373+00:00,144.189,4,2,vets-service|api-gateway,False,GET,/api/vet/vets,200,1,129.674,1
2026-07-29T15:42:15.613678+00:00,de89cb93c3f20e33,2026-07-29T15:41:20.160966+00:00,74.532,4,2,api-gateway|customers-service,False,GET,/api/customer/owners/1,200,1,72.899,1
2026-07-29T15:42:15.613678+00:00,a3247f8384676c16,2026-07-29T15:41:20.015715+00:00,199.842,4,2,api-gateway|customers-service,False,GET,/api/customer/owners,200,1,198.791,1
2026-07-29T15:42:15.613678+00:00,b0ff6e4b5283ec68,2026-07-29T15:41:19.824361+00:00,99.554,4,2,api-gateway|customers-service,False,GET,/api/customer/owners/1,200,1,86.172,1
2026-07-29T15:42:15.613678+00:00,56e95c4fbcde9c2a,2026-07-29T15:41:19.657794+00:00,87.966,4,2,api-gateway|customers-service,False,GET,/api/customer/owners/1,200,1,82.244,1
2026-07-29T15:42:15.613678+00:00,d7337d0a0791cde8,2026-07-29T15:41:19.490388+00:00,34.669,3,2,visits-service|api-gateway,False,GET,/api/visit/owners/1/pets/1/visits,200,0,0.0,1
2026-07-29T15:42:15.613678+00:00,6b3d0ef863b5c8f9,2026-07-29T15:41:19.323702+00:00,209.455,4,2,api-gateway|customers-service,False,GET,/api/customer/owners,200,1,195.296,1
2026-07-29T15:42:15.613678+00:00,2b73ea954916d7c9,2026-07-29T15:41:19.186204+00:00,127.142,4,2,api-gateway|vets-service,False,GET,/api/vet/vets,200,1,125.682,1
2026-07-29T15:42:15.613678+00:00,df831047f2e87e94,2026-07-29T15:41:19.018142+00:00,129.68,4,2,api-gateway|vets-service,False,GET,/api/vet/vets,200,1,128.174,1
2026-07-29T15:42:15.613678+00:00,890ceb76ba3e10da,2026-07-29T15:41:18.827377+00:00,193.354,4,2,api-gateway|customers-service,False,GET,/api/customer/owners,200,1,193.354,1
2026-07-29T15:42:15.613678+00:00,57768d4f690c9e8c,2026-07-29T15:41:18.657054+00:00,39.403,3,2,visits-service|api-gateway,False,GET,/api/visit/owners/1/pets/1/visits,200,0,0.0,1
2026-07-29T15:42:15.613678+00:00,347b471e7c71934a,2026-07-29T15:41:18.490509+00:00,201.801,4,2,api-gateway|customers-service,False,GET,/api/customer/owners,200,1,196.98,1
2026-07-29T15:42:15.613678+00:00,a12d8fdc3e15e0e1,2026-07-29T15:41:18.323165+00:00,138.677,4,2,vets-service|api-gateway,False,GET,/api/vet/vets,200,1,126.115,1
2026-07-29T15:42:15.613678+00:00,2494eae523afa126,2026-07-29T15:41:18.186102+00:00,167.639,4,2,api-gateway|customers-service,False,GET,/api/customer/owners,200,1,166.45,1
2026-07-29T15:42:15.613678+00:00,04d931717abf3ddd,2026-07-29T15:41:17.990985+00:00,95.686,4,2,api-gateway|customers-service,False,GET,/api/customer/owners/1,200,1,81.417,1
2026-07-29T15:42:15.613678+00:00,624b8576ad3ae907,2026-07-29T15:41:17.827614+00:00,183.067,4,2,api-gateway|customers-service,False,GET,/api/customer/owners,200,1,181.481,1
2026-07-29T15:42:15.613678+00:00,ad407a745db3cdc6,2026-07-29T15:41:17.656277+00:00,31.468,3,2,visits-service|api-gateway,False,GET,/api/visit/owners/1/pets/1/visits,200,0,0.0,1
2026-07-29T15:42:15.613678+00:00,da854efca2fe7b24,2026-07-29T15:41:17.491407+00:00,85.043,4,2,api-gateway|customers-service,False,GET,/api/customer/owners/1,200,1,73.191,1
2026-07-29T15:42:15.613678+00:00,6238c9bb0561903d,2026-07-29T15:41:17.324101+00:00,153.196,4,2,vets-service|api-gateway,False,GET,/api/vet/vets,200,1,137.775,1
2026-07-29T15:42:15.613678+00:00,4c7576acdff812c2,2026-07-29T15:41:17.159432+00:00,61.411,4,2,api-gateway|customers-service,False,GET,/api/customer/owners/1,200,1,61.411,1
2026-07-29T15:42:15.613678+00:00,4aee868313b1ec09,2026-07-29T15:41:16.992260+00:00,253.594,4,2,api-gateway|customers-service,False,GET,/api/customer/owners,200,1,253.594,1
2026-07-29T15:42:15.613678+00:00,61f660bfe62b709d,2026-07-29T15:41:16.823545+00:00,31.197,3,2,visits-service|api-gateway,False,GET,/api/visit/owners/1/pets/1/visits,200,0,0.0,1
2026-07-29T15:42:15.613678+00:00,7ed7372a1cb513d7,2026-07-29T15:41:16.685517+00:00,131.601,4,2,api-gateway|vets-service,False,GET,/api/vet/vets,200,1,130.532,1
2026-07-29T15:42:15.613678+00:00,dc0e5efbb2a7e4d3,2026-07-29T15:41:16.490551+00:00,204.073,4,2,api-gateway|customers-service,False,GET,/api/customer/owners,200,1,194.124,1
2026-07-29T15:42:15.613678+00:00,7a3ac96d002a0e73,2026-07-29T15:41:16.323307+00:00,183.417,4,2,api-gateway|customers-service,False,GET,/api/customer/owners,200,1,171.24,1
2026-07-29T15:42:15.613678+00:00,42bd4ca400bec242,2026-07-29T15:41:16.160254+00:00,53.284,4,2,api-gateway|customers-service,False,GET,/api/customer/owners/1,200,1,53.284,1
2026-07-29T15:42:15.613678+00:00,84a0e285f4c7cf88,2026-07-29T15:41:16.016054+00:00,164.466,4,2,api-gateway|customers-service,False,GET,/api/customer/owners,200,1,163.419,1
2026-07-29T15:42:15.613678+00:00,ebb3f00ead2733f9,2026-07-29T15:41:15.826269+00:00,183.268,4,2,api-gateway|customers-service,False,GET,/api/customer/owners,200,1,183.268,1
2026-07-29T15:42:15.613678+00:00,91510eeba235f9d7,2026-07-29T15:41:15.670012+00:00,290.824,4,2,api-gateway|customers-service,False,GET,/api/customer/owners,200,1,290.824,1
2026-07-29T15:42:15.613678+00:00,1e2f25f16ede9ca3,2026-07-29T15:41:15.490740+00:00,464.905,4,2,api-gateway|customers-service,False,GET,/api/customer/owners,200,1,407.866,1
2026-07-29T15:42:15.613678+00:00,13ed0062f2b26ea0,2026-07-29T15:41:15.324234+00:00,603.98,4,2,api-gateway|customers-service,False,GET,/api/customer/owners,200,1,589.584,1
2026-07-29T15:42:15.613678+00:00,add088eba4693e47,2026-07-29T15:41:15.184308+00:00,694.456,4,2,api-gateway|vets-service,False,GET,/api/vet/vets,200,1,693.089,1
2026-07-29T15:42:15.613678+00:00,f2daa63ad5f2a4e7,2026-07-29T15:41:14.993831+00:00,877.47,4,2,api-gateway|customers-service,False,GET,/api/customer/owners,200,1,875.996,1
2026-07-29T15:42:15.613678+00:00,999ed0f2a293b9ba,2026-07-29T15:41:14.851328+00:00,997.961,4,2,api-gateway|vets-service,False,GET,/api/vet/vets,200,1,996.827,1
2026-07-29T15:42:15.613678+00:00,d438ff12bb864723,2026-07-29T15:41:14.682734+00:00,888.775,4,2,api-gateway|vets-service,False,GET,/api/vet/vets,200,1,887.786,1
2026-07-29T15:42:15.613678+00:00,3726e61be25ddeed,2026-07-29T15:41:14.490027+00:00,1288.024,4,2,api-gateway|customers-service,False,GET,/api/customer/owners,200,1,1273.746,1
2026-07-29T15:42:15.613678+00:00,b3a30debb5407baa,2026-07-29T15:42:15.492151+00:00,282.804,2,1,customers-service,False,,,200,1,281.614,0
2026-07-29T15:42:15.613678+00:00,a019fed4ea52e00d,2026-07-29T15:42:15.843120+00:00,213.933,2,1,vets-service,False,,,200,1,212.715,0
2026-07-29T15:42:15.613678+00:00,39ab6c085da99a30,2026-07-29T15:42:15.675929+00:00,252.303,2,1,vets-service,False,,,200,1,250.796,0
2026-07-29T15:43:15.613888+00:00,96fd3112ed584fa7,2026-07-29T15:43:15.491655+00:00,189.868,2,1,api-gateway,False,GET,/api/customer/owners,200,0,0.0,1
2026-07-29T15:43:15.613888+00:00,b79ac93185ed0bc5,2026-07-29T15:43:15.324006+00:00,135.031,4,2,vets-service|api-gateway,False,GET,/api/vet/vets,200,1,121.956,1
2026-07-29T15:43:15.613888+00:00,c21ce4c65e140a02,2026-07-29T15:43:15.157593+00:00,74.16,2,1,api-gateway,False,GET,/api/customer/owners/1,200,0,0.0,1
2026-07-29T15:43:15.613888+00:00,34528e07cf5f55cc,2026-07-29T15:43:14.990259+00:00,166.72,4,2,vets-service|api-gateway,False,GET,/api/vet/vets,200,1,152.296,1
2026-07-29T15:43:15.613888+00:00,84aa5003bad2f4ba,2026-07-29T15:43:14.823615+00:00,162.711,4,2,vets-service|api-gateway,False,GET,/api/vet/vets,200,1,148.888,1
2026-07-29T15:43:15.613888+00:00,d974a0f33a24f3c3,2026-07-29T15:43:14.657694+00:00,179.201,4,2,vets-service|api-gateway,False,GET,/api/vet/vets,200,1,163.166,1
2026-07-29T15:43:15.613888+00:00,d31bbe73daca9c1c,2026-07-29T15:43:14.514023+00:00,33.876,3,2,api-gateway|visits-service,False,GET,/api/visit/owners/1/pets/1/visits,200,0,0.0,1
2026-07-29T15:43:15.613888+00:00,fc222bec35b13dec,2026-07-29T15:43:14.346526+00:00,19.753,3,2,api-gateway|visits-service,False,GET,/api/visit/owners/1/pets/1/visits,200,0,0.0,1
2026-07-29T15:43:15.613888+00:00,987f7c8461f3ef04,2026-07-29T15:43:14.159428+00:00,177.913,4,2,api-gateway|customers-service,False,GET,/api/customer/owners,200,1,176.177,1
2026-07-29T15:43:15.613888+00:00,e3a1e7458224b5e0,2026-07-29T15:43:14.012178+00:00,20.05,3,2,api-gateway|visits-service,False,GET,/api/visit/owners/1/pets/1/visits,200,0,0.0,1
2026-07-29T15:43:15.613888+00:00,984abea8071cdf4d,2026-07-29T15:43:13.824532+00:00,256.038,4,2,api-gateway|customers-service,False,GET,/api/customer/owners,200,1,250.534,1
2026-07-29T15:43:15.613888+00:00,2d71f5dfc36af5dd,2026-07-29T15:43:13.657642+00:00,291.273,4,2,api-gateway|customers-service,False,GET,/api/customer/owners/1,200,1,279.474,1
2026-07-29T15:43:15.613888+00:00,c210878b9bef1ecd,2026-07-29T15:43:13.490828+00:00,446.109,4,2,api-gateway|customers-service,False,GET,/api/customer/owners/1,200,1,441.314,1
2026-07-29T15:43:15.613888+00:00,2d72ce483b7e20a2,2026-07-29T15:43:13.324295+00:00,650.517,4,2,vets-service|api-gateway,False,GET,/api/vet/vets,200,1,638.303,1
2026-07-29T15:43:15.613888+00:00,63eeb9a5989148ab,2026-07-29T15:43:13.157884+00:00,817.417,4,2,api-gateway|customers-service,False,GET,/api/customer/owners,200,1,804.258,1
2026-07-29T15:43:15.613888+00:00,b63f32d6cc543d86,2026-07-29T15:43:12.991028+00:00,226.094,3,2,visits-service|api-gateway,False,GET,/api/visit/owners/1/pets/1/visits,200,0,0.0,1
2026-07-29T15:43:15.613888+00:00,c17b549ae9f10707,2026-07-29T15:43:12.826761+00:00,886.79,4,2,api-gateway|customers-service,False,GET,/api/customer/owners,200,1,885.56,1
2026-07-29T15:43:15.613888+00:00,a89d95a53be152ba,2026-07-29T15:43:12.660881+00:00,1024.455,4,2,api-gateway|customers-service,False,GET,/api/customer/owners,200,1,1022.685,1
2026-07-29T15:43:15.613888+00:00,95c132b739b0a3a7,2026-07-29T15:43:12.490522+00:00,505.018,4,2,api-gateway|customers-service,False,GET,/api/customer/owners/1,200,1,473.16,1
2026-07-29T15:43:15.613888+00:00,290b5e6457edce19,2026-07-29T15:43:12.326255+00:00,405.158,4,2,api-gateway|customers-service,False,GET,/api/customer/owners/1,200,1,403.658,1
2026-07-29T15:43:15.613888+00:00,835ed32c3875f396,2026-07-29T15:43:12.157618+00:00,841.736,4,2,api-gateway|customers-service,False,GET,/api/customer/owners,200,1,836.076,1
2026-07-29T15:43:15.613888+00:00,1bfaf5d036656743,2026-07-29T15:43:11.991273+00:00,753.969,4,2,vets-service|api-gateway,False,GET,/api/vet/vets,200,1,740.933,1
2026-07-29T15:43:15.613888+00:00,a85df2f1df1252ac,2026-07-29T15:43:11.823266+00:00,1180.255,4,2,api-gateway|customers-service,False,GET,/api/customer/owners,200,1,1167.945,1
2026-07-29T15:43:15.613888+00:00,da6a0c8bbdb3ef0f,2026-07-29T15:43:11.656674+00:00,863.041,4,2,vets-service|api-gateway,False,GET,/api/vet/vets,200,1,850.409,1
2026-07-29T15:43:15.613888+00:00,d0569327cbaf21c7,2026-07-29T15:43:11.521040+00:00,975.257,4,2,api-gateway|customers-service,False,GET,/api/customer/owners,200,1,975.257,1
2026-07-29T15:43:15.613888+00:00,af8e32a89cf61de0,2026-07-29T15:43:11.327566+00:00,943.679,4,2,api-gateway|customers-service,False,GET,/api/customer/owners,200,1,942.33,1
2026-07-29T15:43:15.613888+00:00,a5a40a6e57f721eb,2026-07-29T15:43:11.157580+00:00,39.398,3,2,visits-service|api-gateway,False,GET,/api/visit/owners/1/pets/1/visits,200,0,0.0,1
2026-07-29T15:43:15.613888+00:00,51ffbd1d60cde8aa,2026-07-29T15:43:10.989983+00:00,817.194,4,2,api-gateway|customers-service,False,GET,/api/customer/owners,200,1,813.641,1
2026-07-29T15:43:15.613888+00:00,abc4345b4c6c1888,2026-07-29T15:43:10.824984+00:00,146.902,3,2,visits-service|api-gateway,False,GET,/api/visit/owners/1/pets/1/visits,200,0,0.0,1
2026-07-29T15:43:15.613888+00:00,489de6e298470241,2026-07-29T15:43:10.657428+00:00,316.061,4,2,api-gateway|customers-service,False,GET,/api/customer/owners/1,200,1,310.716,1
2026-07-29T15:43:15.613888+00:00,80c1195822001878,2026-07-29T15:43:10.512182+00:00,1051.242,4,2,api-gateway|customers-service,False,GET,/api/customer/owners,200,1,1050.25,1
2026-07-29T15:43:15.613888+00:00,e440d1c9d49e7ab0,2026-07-29T15:43:10.345749+00:00,145.508,3,2,api-gateway|visits-service,False,GET,/api/visit/owners/1/pets/1/visits,200,0,0.0,1
2026-07-29T15:43:15.613888+00:00,43ed1f3d888e3ec9,2026-07-29T15:43:10.157895+00:00,804.071,4,2,vets-service|api-gateway,False,GET,/api/vet/vets,200,1,790.588,1
2026-07-29T15:43:15.613888+00:00,7d770eb829325292,2026-07-29T15:43:09.989971+00:00,42.17,3,2,visits-service|api-gateway,False,GET,/api/visit/owners/1/pets/1/visits,200,0,0.0,1
2026-07-29T15:43:15.613888+00:00,9bb5389ba17000e3,2026-07-29T15:43:09.843061+00:00,891.852,4,2,api-gateway|vets-service,False,GET,/api/vet/vets,200,1,890.512,1
2026-07-29T15:43:15.613888+00:00,bf86be8a76ad5ceb,2026-07-29T15:43:09.656967+00:00,165.352,3,2,visits-service|api-gateway,False,GET,/api/visit/owners/1/pets/1/visits,200,0,0.0,1
2026-07-29T15:43:15.613888+00:00,b01825230c2a9280,2026-07-29T15:43:09.490408+00:00,328.16,4,2,api-gateway|customers-service,False,GET,/api/customer/owners/1,200,1,323.992,1
2026-07-29T15:43:15.613888+00:00,0610bc9bc7f774b0,2026-07-29T15:43:09.325397+00:00,300.556,4,2,api-gateway|customers-service,False,GET,/api/customer/owners/1,200,1,299.278,1
2026-07-29T15:43:15.613888+00:00,a437f1b067968f4a,2026-07-29T15:43:09.157516+00:00,82.846,4,2,api-gateway|customers-service,False,GET,/api/customer/owners/1,200,1,71.449,1
2026-07-29T15:43:15.613888+00:00,cf299801162dbae7,2026-07-29T15:43:08.989985+00:00,134.491,4,2,vets-service|api-gateway,False,GET,/api/vet/vets,200,1,120.5,1
2026-07-29T15:43:15.613888+00:00,115ef816ce86b677,2026-07-29T15:43:08.823250+00:00,147.297,4,2,vets-service|api-gateway,False,GET,/api/vet/vets,200,1,133.506,1
2026-07-29T15:43:15.613888+00:00,a26bdb5f27ddefc7,2026-07-29T15:43:08.657177+00:00,165.445,4,2,api-gateway|customers-service,False,GET,/api/customer/owners,200,1,161.53,1
2026-07-29T15:43:15.613888+00:00,4ea44da366442204,2026-07-29T15:43:08.510753+00:00,17.169,3,2,api-gateway|visits-service,False,GET,/api/visit/owners/1/pets/1/visits,200,0,0.0,1
2026-07-29T15:43:15.613888+00:00,4864b51387ca851f,2026-07-29T15:43:08.325907+00:00,70.66,4,2,api-gateway|customers-service,False,GET,/api/customer/owners/1,200,1,69.26,1
2026-07-29T15:43:15.613888+00:00,4153989ed328a80e,2026-07-29T15:43:08.156831+00:00,361.442,4,2,vets-service|api-gateway,False,GET,/api/vet/vets,200,1,349.223,1
2026-07-29T15:43:15.613888+00:00,9d38f3275df52fd9,2026-07-29T15:43:07.991429+00:00,167.454,4,2,vets-service|api-gateway,False,GET,/api/vet/vets,200,1,154.824,1
2026-07-29T15:43:15.613888+00:00,34b14dee4c627b9d,2026-07-29T15:43:07.823857+00:00,40.538,3,2,visits-service|api-gateway,False,GET,/api/visit/owners/1/pets/1/visits,200,0,0.0,1
2026-07-29T15:43:15.613888+00:00,9724c3a3028c84de,2026-07-29T15:43:07.656308+00:00,207.178,4,2,vets-service|api-gateway,False,GET,/api/vet/vets,200,1,195.659,1
2026-07-29T15:43:15.613888+00:00,17785067844fde86,2026-07-29T15:43:07.510848+00:00,186.28,4,2,api-gateway|customers-service,False,GET,/api/customer/owners,200,1,185.272,1
2026-07-29T15:43:15.613888+00:00,9a9fb4f72782e3c7,2026-07-29T15:43:07.344218+00:00,64.91,4,2,api-gateway|customers-service,False,GET,/api/customer/owners/1,200,1,63.962,1
2026-07-29T15:43:15.613888+00:00,2f4b4679229ee61b,2026-07-29T15:43:07.156910+00:00,151.771,4,2,vets-service|api-gateway,False,GET,/api/vet/vets,200,1,140.251,1
2026-07-29T15:43:15.613888+00:00,9af82ca6409ab691,2026-07-29T15:43:06.990939+00:00,68.198,4,2,api-gateway|customers-service,False,GET,/api/customer/owners/1,200,1,64.28,1
2026-07-29T15:43:15.613888+00:00,82c55ced353d6caa,2026-07-29T15:43:06.823922+00:00,195.085,4,2,api-gateway|customers-service,False,GET,/api/customer/owners,200,1,188.904,1
2026-07-29T15:43:15.613888+00:00,42cfc7cb0430797c,2026-07-29T15:43:06.656843+00:00,135.351,4,2,vets-service|api-gateway,False,GET,/api/vet/vets,200,1,122.469,1
2026-07-29T15:43:15.613888+00:00,1eff1f1da12ffae4,2026-07-29T15:43:06.511539+00:00,130.586,4,2,api-gateway|vets-service,False,GET,/api/vet/vets,200,1,129.344,1
2026-07-29T15:43:15.613888+00:00,60b9fc04a4c015f5,2026-07-29T15:43:06.324399+00:00,150.793,4,2,vets-service|api-gateway,False,GET,/api/vet/vets,200,1,137.518,1
2026-07-29T15:43:15.613888+00:00,b019391f06939860,2026-07-29T15:43:06.179203+00:00,103.084,4,2,api-gateway|customers-service,False,GET,/api/customer/owners/1,200,1,102.074,1
2026-07-29T15:43:15.613888+00:00,a57368b93085560b,2026-07-29T15:43:05.990593+00:00,37.908,3,2,visits-service|api-gateway,False,GET,/api/visit/owners/1/pets/1/visits,200,0,0.0,1
2026-07-29T15:43:15.613888+00:00,3cd1991ee747c2a2,2026-07-29T15:43:05.824098+00:00,152.047,4,2,vets-service|api-gateway,False,GET,/api/vet/vets,200,1,138.146,1
2026-07-29T15:43:15.613888+00:00,21cd756501c5383d,2026-07-29T15:43:05.657930+00:00,235.519,4,2,api-gateway|customers-service,False,GET,/api/customer/owners,200,1,222.191,1
2026-07-29T15:43:15.613888+00:00,88b6acfa916dc2a0,2026-07-29T15:43:05.511614+00:00,125.247,4,2,api-gateway|vets-service,False,GET,/api/vet/vets,200,1,122.544,1
2026-07-29T15:43:15.613888+00:00,452f95ecb58b7409,2026-07-29T15:43:05.325435+00:00,64.362,4,2,api-gateway|customers-service,False,GET,/api/customer/owners/1,200,1,63.267,1
2026-07-29T15:43:15.613888+00:00,80cbd4097dbf2f38,2026-07-29T15:43:05.157103+00:00,136.671,4,2,vets-service|api-gateway,False,GET,/api/vet/vets,200,1,124.055,1
2026-07-29T15:43:15.613888+00:00,6783b7970dc0dda4,2026-07-29T15:43:04.990802+00:00,145.473,4,2,vets-service|api-gateway,False,GET,/api/vet/vets,200,1,131.458,1
2026-07-29T15:43:15.613888+00:00,7b3f8eaaf33511e7,2026-07-29T15:43:04.824125+00:00,160.922,4,2,vets-service|api-gateway,False,GET,/api/vet/vets,200,1,147.666,1
2026-07-29T15:43:15.613888+00:00,ae246657f37df1f6,2026-07-29T15:43:04.657926+00:00,187.474,4,2,api-gateway|customers-service,False,GET,/api/customer/owners,200,1,181.94,1
2026-07-29T15:43:15.613888+00:00,47707985edc76cad,2026-07-29T15:43:04.512431+00:00,112.312,3,2,api-gateway|visits-service,False,GET,/api/visit/owners/1/pets/1/visits,200,0,0.0,1
2026-07-29T15:43:15.613888+00:00,9aea6a7a509f3ba3,2026-07-29T15:43:04.324087+00:00,407.736,4,2,api-gateway|customers-service,False,GET,/api/customer/owners,200,1,393.273,1
2026-07-29T15:43:15.613888+00:00,d60dacbb88d5213a,2026-07-29T15:43:04.160733+00:00,458.89,4,2,api-gateway|customers-service,False,GET,/api/customer/owners/1,200,1,456.88,1
2026-07-29T15:43:15.613888+00:00,d797c79f0333dac8,2026-07-29T15:43:04.012374+00:00,696.545,4,2,api-gateway|customers-service,False,GET,/api/customer/owners,200,1,695.552,1
2026-07-29T15:43:15.613888+00:00,ec7e5732cc5f22f6,2026-07-29T15:43:03.824688+00:00,78.352,3,2,visits-service|api-gateway,False,GET,/api/visit/owners/1/pets/1/visits,200,0,0.0,1
2026-07-29T15:43:15.613888+00:00,86d37819e418c1b7,2026-07-29T15:43:03.659235+00:00,462.525,4,2,api-gateway|customers-service,False,GET,/api/customer/owners/1,200,1,458.702,1
2026-07-29T15:43:15.613888+00:00,cf1aa3aebe9643e6,2026-07-29T15:43:03.490827+00:00,175.65,3,2,visits-service|api-gateway,False,GET,/api/visit/owners/1/pets/1/visits,200,0,0.0,1
2026-07-29T15:43:15.613888+00:00,ffc3aa2b1a22f62b,2026-07-29T15:43:03.324145+00:00,801.525,4,2,vets-service|api-gateway,False,GET,/api/vet/vets,200,1,787.116,1
2026-07-29T15:43:15.613888+00:00,1c12e170dfea765c,2026-07-29T15:43:03.160876+00:00,293.194,4,2,api-gateway|customers-service,False,GET,/api/customer/owners/1,200,1,291.228,1
2026-07-29T15:43:15.613888+00:00,e049103f71a292ae,2026-07-29T15:43:03.012212+00:00,171.559,3,2,api-gateway|visits-service,False,GET,/api/visit/owners/1/pets/1/visits,200,0,0.0,1
2026-07-29T15:43:15.613888+00:00,05fb3b7925b691e2,2026-07-29T15:43:02.824303+00:00,369.584,4,2,api-gateway|customers-service,False,GET,/api/customer/owners/1,200,1,356.351,1
2026-07-29T15:43:15.613888+00:00,a93cdf864ee2a95e,2026-07-29T15:43:02.657822+00:00,304.951,4,2,api-gateway|customers-service,False,GET,/api/customer/owners/1,200,1,299.014,1
2026-07-29T15:43:15.613888+00:00,b0157fd6aa2879eb,2026-07-29T15:43:02.489886+00:00,221.27,3,2,visits-service|api-gateway,False,GET,/api/visit/owners/1/pets/1/visits,200,0,0.0,1
2026-07-29T15:43:15.613888+00:00,fdd0e3b39b93d24e,2026-07-29T15:43:02.323814+00:00,140.561,3,2,visits-service|api-gateway,False,GET,/api/visit/owners/1/pets/1/visits,200,0,0.0,1
2026-07-29T15:43:15.613888+00:00,62cedcf811ff07d6,2026-07-29T15:43:02.157107+00:00,790.45,4,2,vets-service|api-gateway,False,GET,/api/vet/vets,200,1,777.587,1
2026-07-29T15:43:15.613888+00:00,bf8ff2adbb1f9bee,2026-07-29T15:43:02.010369+00:00,702.982,4,2,api-gateway|vets-service,False,GET,/api/vet/vets,200,1,700.541,1
2026-07-29T15:43:15.613888+00:00,9b1825fcb8ac23ba,2026-07-29T15:43:01.828942+00:00,890.176,4,2,api-gateway|customers-service,False,GET,/api/customer/owners,200,1,881.332,1
2026-07-29T15:43:15.613888+00:00,81c9fb5536491f31,2026-07-29T15:43:01.657625+00:00,187.445,3,2,visits-service|api-gateway,False,GET,/api/visit/owners/1/pets/1/visits,200,0,0.0,1
2026-07-29T15:43:15.613888+00:00,4b193e35f6f843a5,2026-07-29T15:43:01.493504+00:00,973.665,4,2,api-gateway|customers-service,False,GET,/api/customer/owners,200,1,973.665,1
2026-07-29T15:43:15.613888+00:00,f7124acbc9498ead,2026-07-29T15:43:01.344452+00:00,56.146,3,2,api-gateway|visits-service,False,GET,/api/visit/owners/1/pets/1/visits,200,0,0.0,1
2026-07-29T15:43:15.613888+00:00,5b438a3e22aaf362,2026-07-29T15:43:01.175554+00:00,475.508,4,2,api-gateway|customers-service,False,GET,/api/customer/owners/1,200,1,474.345,1
2026-07-29T15:43:15.613888+00:00,4c7d8049428a17e0,2026-07-29T15:43:00.990533+00:00,395.615,3,2,visits-service|api-gateway,False,GET,/api/visit/owners/1/pets/1/visits,200,0,0.0,1
2026-07-29T15:43:15.613888+00:00,3ebd51322c26bc40,2026-07-29T15:43:00.823451+00:00,1029.607,4,2,vets-service|api-gateway,False,GET,/api/vet/vets,200,1,1017.818,1
2026-07-29T15:43:15.613888+00:00,c74b69fa3a7ef991,2026-07-29T15:43:00.657626+00:00,480.091,3,2,visits-service|api-gateway,False,GET,/api/visit/owners/1/pets/1/visits,200,0,0.0,1
2026-07-29T15:43:15.613888+00:00,2e1cd0c76f8d2e70,2026-07-29T15:43:00.491951+00:00,1367.356,4,2,api-gateway|customers-service,False,GET,/api/customer/owners,200,1,1364.961,1
2026-07-29T15:43:15.613888+00:00,8525aac78a0175ec,2026-07-29T15:43:00.324181+00:00,813.1,4,2,api-gateway|customers-service,False,GET,/api/customer/owners/1,200,1,800.922,1
2026-07-29T15:43:15.613888+00:00,08c2785922787489,2026-07-29T15:43:00.157473+00:00,980.803,4,2,vets-service|api-gateway,False,GET,/api/vet/vets,200,1,967.337,1
2026-07-29T15:43:15.613888+00:00,d79c41ba1a0c0354,2026-07-29T15:42:59.992801+00:00,1403.222,4,2,api-gateway|customers-service,False,GET,/api/customer/owners,200,1,1401.159,1
2026-07-29T15:43:15.613888+00:00,b1722dedc14ed139,2026-07-29T15:42:59.824244+00:00,1313.467,4,2,api-gateway|customers-service,False,GET,/api/customer/owners,200,1,1300.513,1
2026-07-29T15:43:15.613888+00:00,895e7e6a687b26f8,2026-07-29T15:42:59.657038+00:00,808.604,4,2,vets-service|api-gateway,False,GET,/api/vet/vets,200,1,797.066,1
2026-07-29T15:43:15.613888+00:00,ddd2435f06ded71e,2026-07-29T15:42:59.510804+00:00,170.284,3,2,api-gateway|visits-service,False,GET,/api/visit/owners/1/pets/1/visits,200,0,0.0,1
2026-07-29T15:43:15.613888+00:00,e3ade98b8fc6351b,2026-07-29T15:42:59.327410+00:00,967.68,4,2,api-gateway|customers-service,False,GET,/api/customer/owners,200,1,966.214,1
2026-07-29T15:43:15.613888+00:00,63f956aa080e1649,2026-07-29T15:42:59.177611+00:00,517.277,4,2,api-gateway|vets-service,False,GET,/api/vet/vets,200,1,516.078,1
2026-07-29T15:43:15.613888+00:00,7ce5a14f04b06e25,2026-07-29T15:42:59.013120+00:00,681.739,4,2,api-gateway|vets-service,False,GET,/api/vet/vets,200,1,680.747,1
2026-07-29T15:43:15.613888+00:00,f0414ebb8c7bf2eb,2026-07-29T15:42:58.824278+00:00,132.875,3,2,visits-service|api-gateway,False,GET,/api/visit/owners/1/pets/1/visits,200,0,0.0,1
2026-07-29T15:43:15.613888+00:00,5523b787e9cef1ae,2026-07-29T15:42:58.657576+00:00,762.773,4,2,vets-service|api-gateway,False,GET,/api/vet/vets,200,1,748.25,1
2026-07-29T15:43:15.613888+00:00,2d4e06367581584c,2026-07-29T15:42:58.515817+00:00,1148.893,4,2,api-gateway|customers-service,False,GET,/api/customer/owners,200,1,1147.669,1
2026-07-29T15:43:15.613888+00:00,506503b6c87125e5,2026-07-29T15:42:58.323758+00:00,859.033,4,2,vets-service|api-gateway,False,GET,/api/vet/vets,200,1,848.501,1
2026-07-29T15:43:15.613888+00:00,70f3aa366e9ba2c4,2026-07-29T15:42:58.156726+00:00,568.715,4,2,vets-service|api-gateway,False,GET,/api/vet/vets,200,1,555.792,1
2026-07-29T15:43:15.613888+00:00,4b3132e45a97c34a,2026-07-29T15:42:57.990542+00:00,21.479,3,2,visits-service|api-gateway,False,GET,/api/visit/owners/1/pets/1/visits,200,0,0.0,1
2026-07-29T15:43:15.613888+00:00,5e75fd16beae9b86,2026-07-29T15:42:57.823531+00:00,1125.409,4,2,api-gateway|customers-service,False,GET,/api/customer/owners,200,1,1119.681,1
2026-07-29T15:43:15.613888+00:00,17d087b1d59f5fde,2026-07-29T15:42:57.657758+00:00,109.335,3,2,visits-service|api-gateway,False,GET,/api/visit/owners/1/pets/1/visits,200,0,0.0,1
2026-07-29T15:43:15.613888+00:00,1aded702be566004,2026-07-29T15:42:57.490090+00:00,270.652,4,2,api-gateway|customers-service,False,GET,/api/customer/owners/1,200,1,267.188,1
2026-07-29T15:43:15.613888+00:00,2005d1fea447ff54,2026-07-29T15:42:57.345765+00:00,913.795,4,2,api-gateway|customers-service,False,GET,/api/customer/owners,200,1,912.658,1
2026-07-29T15:43:15.613888+00:00,deb1e7ca4ec515e8,2026-07-29T15:42:57.156583+00:00,220.362,3,2,visits-service|api-gateway,False,GET,/api/visit/owners/1/pets/1/visits,200,0,0.0,1
2026-07-29T15:43:15.613888+00:00,d7d83dbc22b98715,2026-07-29T15:42:56.990256+00:00,772.811,4,2,vets-service|api-gateway,False,GET,/api/vet/vets,200,1,760.757,1
2026-07-29T15:43:15.613888+00:00,9990e4a80d88875b,2026-07-29T15:42:56.823651+00:00,68.146,3,2,visits-service|api-gateway,False,GET,/api/visit/owners/1/pets/1/visits,200,0,0.0,1
2026-07-29T15:43:15.613888+00:00,8278e6170b93b214,2026-07-29T15:42:56.656436+00:00,475.351,4,2,api-gateway|customers-service,False,GET,/api/customer/owners/1,200,1,471.443,1
2026-07-29T15:43:15.613888+00:00,c21c45568e685dbe,2026-07-29T15:42:56.510008+00:00,1027.622,4,2,api-gateway|customers-service,False,GET,/api/customer/owners,200,1,1026.412,1
2026-07-29T15:43:15.613888+00:00,7b4aaa85e5b2ea17,2026-07-29T15:42:56.345285+00:00,81.087,3,2,api-gateway|visits-service,False,GET,/api/visit/owners/1/pets/1/visits,200,0,0.0,1
2026-07-29T15:43:15.613888+00:00,2f40fd9e2d3f120d,2026-07-29T15:42:56.157296+00:00,988.02,4,2,api-gateway|customers-service,False,GET,/api/customer/owners,200,1,984.956,1
2026-07-29T15:43:15.613888+00:00,5887e015b5cb65ad,2026-07-29T15:42:55.990758+00:00,1147.555,4,2,api-gateway|customers-service,False,GET,/api/customer/owners,200,1,1134.855,1
2026-07-29T15:43:15.613888+00:00,abb5f6eb14888fa4,2026-07-29T15:42:55.827903+00:00,573.511,4,2,api-gateway|customers-service,False,GET,/api/customer/owners/1,200,1,571.942,1
2026-07-29T15:43:15.613888+00:00,a6ff9f39d812f77f,2026-07-29T15:42:55.660885+00:00,1019.215,4,2,api-gateway|customers-service,False,GET,/api/customer/owners,200,1,1017.885,1
2026-07-29T15:43:15.613888+00:00,87d51db8ab89724a,2026-07-29T15:42:55.511340+00:00,940.174,4,2,api-gateway|customers-service,False,GET,/api/customer/owners,200,1,939.051,1
2026-07-29T15:43:15.613888+00:00,f682af7021ab8cd2,2026-07-29T15:42:55.344988+00:00,227.107,4,2,api-gateway|customers-service,False,GET,/api/customer/owners/1,200,1,226.064,1
2026-07-29T15:43:15.613888+00:00,1a9b1ac363e281c7,2026-07-29T15:42:55.157256+00:00,775.99,4,2,vets-service|api-gateway,False,GET,/api/vet/vets,200,1,763.058,1
2026-07-29T15:43:15.613888+00:00,d7bc6f94a88c1132,2026-07-29T15:42:54.990256+00:00,31.089,3,2,visits-service|api-gateway,False,GET,/api/visit/owners/1/pets/1/visits,200,0,0.0,1
2026-07-29T15:43:15.613888+00:00,d4e67550fcddbe57,2026-07-29T15:42:54.824210+00:00,56.577,4,2,api-gateway|customers-service,False,GET,/api/customer/owners/1,200,1,52.377,1
2026-07-29T15:43:15.613888+00:00,ca311eb8e668e246,2026-07-29T15:42:54.657081+00:00,27.874,3,2,visits-service|api-gateway,False,GET,/api/visit/owners/1/pets/1/visits,200,0,0.0,1
2026-07-29T15:43:15.613888+00:00,d1e4d574df7b02b0,2026-07-29T15:42:54.511397+00:00,172.21,4,2,api-gateway|customers-service,False,GET,/api/customer/owners,200,1,171.165,1
2026-07-29T15:43:15.613888+00:00,2ed24d10d07b2e83,2026-07-29T15:42:54.326416+00:00,54.095,4,2,api-gateway|customers-service,False,GET,/api/customer/owners/1,200,1,54.095,1
2026-07-29T15:43:15.613888+00:00,5a63449d22fb9d5b,2026-07-29T15:42:54.159604+00:00,153.396,4,2,api-gateway|customers-service,False,GET,/api/customer/owners,200,1,152.089,1
2026-07-29T15:43:15.613888+00:00,0ea458d5632ef26c,2026-07-29T15:42:53.990272+00:00,38.982,3,2,visits-service|api-gateway,False,GET,/api/visit/owners/1/pets/1/visits,200,0,0.0,1
2026-07-29T15:43:15.613888+00:00,8bc743e70d99fc70,2026-07-29T15:42:53.823580+00:00,223.514,4,2,api-gateway|customers-service,False,GET,/api/customer/owners,200,1,209.524,1
2026-07-29T15:43:15.613888+00:00,3fec7c6abdf72d70,2026-07-29T15:42:53.656856+00:00,82.335,4,2,api-gateway|customers-service,False,GET,/api/customer/owners/1,200,1,70.679,1
2026-07-29T15:43:15.613888+00:00,0394bfdd3d43ebe7,2026-07-29T15:42:53.490119+00:00,34.811,3,2,visits-service|api-gateway,False,GET,/api/visit/owners/1/pets/1/visits,200,0,0.0,1
2026-07-29T15:43:15.613888+00:00,5973a867f15e9cb9,2026-07-29T15:42:53.346271+00:00,21.017,3,2,api-gateway|visits-service,False,GET,/api/visit/owners/1/pets/1/visits,200,0,0.0,1
2026-07-29T15:43:15.613888+00:00,8aab9c67224d3794,2026-07-29T15:42:53.156730+00:00,132.971,4,2,vets-service|api-gateway,False,GET,/api/vet/vets,200,1,121.379,1
2026-07-29T15:43:15.613888+00:00,c228fed4585bfa9e,2026-07-29T15:42:52.991390+00:00,154.143,4,2,api-gateway|customers-service,False,GET,/api/customer/owners,200,1,148.518,1
2026-07-29T15:43:15.613888+00:00,f6656cf14ee2447b,2026-07-29T15:42:52.823234+00:00,88.625,4,2,api-gateway|customers-service,False,GET,/api/customer/owners/1,200,1,76.128,1
2026-07-29T15:43:15.613888+00:00,bf5f65960b527469,2026-07-29T15:42:52.656278+00:00,68.931,4,2,api-gateway|customers-service,False,GET,/api/customer/owners/1,200,1,64.797,1
2026-07-29T15:43:15.613888+00:00,631db1f573b898cb,2026-07-29T15:42:52.493689+00:00,65.502,4,2,api-gateway|customers-service,False,GET,/api/customer/owners/1,200,1,65.502,1
2026-07-29T15:43:15.613888+00:00,c0d8a93429bc00a9,2026-07-29T15:42:52.343688+00:00,71.427,4,2,api-gateway|customers-service,False,GET,/api/customer/owners/1,200,1,70.314,1
2026-07-29T15:43:15.613888+00:00,24341470b005c93e,2026-07-29T15:42:52.177104+00:00,17.6,3,2,api-gateway|visits-service,False,GET,/api/visit/owners/1/pets/1/visits,200,0,0.0,1
2026-07-29T15:43:15.613888+00:00,3cc634bbd4e21178,2026-07-29T15:42:52.010125+00:00,192.47,4,2,api-gateway|customers-service,False,GET,/api/customer/owners,200,1,191.494,1
2026-07-29T15:43:15.613888+00:00,ee1c8bf72c81e0ca,2026-07-29T15:42:51.824156+00:00,167.164,4,2,api-gateway|customers-service,False,GET,/api/customer/owners,200,1,163.424,1
2026-07-29T15:43:15.613888+00:00,98a094c911ede1b8,2026-07-29T15:42:51.656309+00:00,160.471,4,2,vets-service|api-gateway,False,GET,/api/vet/vets,200,1,148.624,1
2026-07-29T15:43:15.613888+00:00,8ecfd277bd3f3dcf,2026-07-29T15:42:51.510321+00:00,71.632,4,2,api-gateway|customers-service,False,GET,/api/customer/owners/1,200,1,70.549,1
2026-07-29T15:43:15.613888+00:00,72337f2448dea901,2026-07-29T15:42:51.323887+00:00,138.815,4,2,vets-service|api-gateway,False,GET,/api/vet/vets,200,1,126.772,1
2026-07-29T15:43:15.613888+00:00,8e54e922515c2232,2026-07-29T15:42:51.159442+00:00,63.033,4,2,api-gateway|customers-service,False,GET,/api/customer/owners/1,200,1,61.421,1
2026-07-29T15:43:15.613888+00:00,84c748c6f510072a,2026-07-29T15:42:50.990849+00:00,89.084,4,2,api-gateway|customers-service,False,GET,/api/customer/owners/1,200,1,82.603,1
2026-07-29T15:43:15.613888+00:00,24871b320bf73356,2026-07-29T15:42:50.824213+00:00,33.728,3,2,visits-service|api-gateway,False,GET,/api/visit/owners/1/pets/1/visits,200,0,0.0,1
2026-07-29T15:43:15.613888+00:00,8eaaa153b423af17,2026-07-29T15:42:50.657307+00:00,77.931,4,2,api-gateway|customers-service,False,GET,/api/customer/owners/1,200,1,63.251,1
2026-07-29T15:43:15.613888+00:00,de64102531019720,2026-07-29T15:42:50.511379+00:00,9.339,3,2,api-gateway|visits-service,False,GET,/api/visit/owners/1/pets/1/visits,200,0,0.0,1
2026-07-29T15:43:15.613888+00:00,b1b8ca13d07b21a4,2026-07-29T15:42:50.345000+00:00,170.611,4,2,api-gateway|customers-service,False,GET,/api/customer/owners,200,1,169.582,1
2026-07-29T15:43:15.613888+00:00,673c90016d158e0d,2026-07-29T15:42:50.178964+00:00,21.731,3,2,api-gateway|visits-service,False,GET,/api/visit/owners/1/pets/1/visits,200,0,0.0,1
2026-07-29T15:43:15.613888+00:00,6604b26ade132f99,2026-07-29T15:42:49.990779+00:00,35.601,3,2,visits-service|api-gateway,False,GET,/api/visit/owners/1/pets/1/visits,200,0,0.0,1
2026-07-29T15:43:15.613888+00:00,80b7436934a07c01,2026-07-29T15:42:49.824068+00:00,141.342,4,2,vets-service|api-gateway,False,GET,/api/vet/vets,200,1,128.517,1
2026-07-29T15:43:15.613888+00:00,e0fa1e0960b41f6b,2026-07-29T15:42:49.657560+00:00,156.149,4,2,vets-service|api-gateway,False,GET,/api/vet/vets,200,1,140.017,1
2026-07-29T15:43:15.613888+00:00,92c37e11956d47cd,2026-07-29T15:42:49.512958+00:00,21.457,3,2,api-gateway|visits-service,False,GET,/api/visit/owners/1/pets/1/visits,200,0,0.0,1
2026-07-29T15:43:15.613888+00:00,962dec9125143a36,2026-07-29T15:42:49.327080+00:00,74.664,4,2,api-gateway|customers-service,False,GET,/api/customer/owners/1,200,1,72.739,1
2026-07-29T15:43:15.613888+00:00,7c23c73b847b6c02,2026-07-29T15:42:49.157985+00:00,134.393,4,2,vets-service|api-gateway,False,GET,/api/vet/vets,200,1,120.317,1
2026-07-29T15:43:15.613888+00:00,9fe4677436a94083,2026-07-29T15:42:49.009732+00:00,180.766,4,2,api-gateway|customers-service,False,GET,/api/customer/owners,200,1,179.456,1
2026-07-29T15:43:15.613888+00:00,1e2078c2e4721d4e,2026-07-29T15:42:48.825699+00:00,146.826,4,2,vets-service|api-gateway,False,GET,/api/vet/vets,200,1,129.944,1
2026-07-29T15:43:15.613888+00:00,081ab57db41e1e3b,2026-07-29T15:42:48.657168+00:00,149.216,4,2,vets-service|api-gateway,False,GET,/api/vet/vets,200,1,135.171,1
2026-07-29T15:43:15.613888+00:00,68489d3a39721e64,2026-07-29T15:42:48.493722+00:00,67.946,4,2,api-gateway|customers-service,False,GET,/api/customer/owners/1,200,1,65.75,1
2026-07-29T15:43:15.613888+00:00,a356634b1369b4df,2026-07-29T15:42:48.343734+00:00,120.715,4,2,api-gateway|vets-service,False,GET,/api/vet/vets,200,1,119.917,1
2026-07-29T15:43:15.613888+00:00,31b5fe0efb90d669,2026-07-29T15:42:48.157545+00:00,143.562,4,2,vets-service|api-gateway,False,GET,/api/vet/vets,200,1,131.052,1
2026-07-29T15:43:15.613888+00:00,9caf812323b132e4,2026-07-29T15:42:47.990136+00:00,29.699,3,2,visits-service|api-gateway,False,GET,/api/visit/owners/1/pets/1/visits,200,0,0.0,1
2026-07-29T15:43:15.613888+00:00,865debfea3aec6ab,2026-07-29T15:42:47.823526+00:00,74.846,4,2,api-gateway|customers-service,False,GET,/api/customer/owners/1,200,1,68.16,1
2026-07-29T15:43:15.613888+00:00,8c2add1676d89fb9,2026-07-29T15:42:47.656974+00:00,79.7,4,2,api-gateway|customers-service,False,GET,/api/customer/owners/1,200,1,68.166,1
2026-07-29T15:43:15.613888+00:00,fde39f6ff0818e5f,2026-07-29T15:42:47.490040+00:00,28.167,3,2,visits-service|api-gateway,False,GET,/api/visit/owners/1/pets/1/visits,200,0,0.0,1
2026-07-29T15:43:15.613888+00:00,5b73f3869f916f67,2026-07-29T15:42:47.346014+00:00,66.056,4,2,api-gateway|customers-service,False,GET,/api/customer/owners/1,200,1,65.301,1
2026-07-29T15:43:15.613888+00:00,83b15b7ca86dfe9b,2026-07-29T15:42:47.160307+00:00,176.708,4,2,api-gateway|customers-service,False,GET,/api/customer/owners,200,1,174.697,1
2026-07-29T15:43:15.613888+00:00,029eea2418de3f8e,2026-07-29T15:42:47.011896+00:00,196.736,4,2,api-gateway|customers-service,False,GET,/api/customer/owners,200,1,195.961,1
2026-07-29T15:43:15.613888+00:00,d03dd2e7ca09926e,2026-07-29T15:42:46.823476+00:00,94.51,4,2,api-gateway|customers-service,False,GET,/api/customer/owners/1,200,1,88.494,1
2026-07-29T15:43:15.613888+00:00,e1f53a9c6e5baf9e,2026-07-29T15:42:46.657399+00:00,211.267,4,2,api-gateway|customers-service,False,GET,/api/customer/owners,200,1,205.091,1
2026-07-29T15:43:15.613888+00:00,264b7ddf92630d24,2026-07-29T15:42:46.512673+00:00,150.623,4,2,api-gateway|vets-service,False,GET,/api/vet/vets,200,1,149.185,1
2026-07-29T15:43:15.613888+00:00,cdfd79bf1015f087,2026-07-29T15:42:46.345771+00:00,10.949,3,2,api-gateway|visits-service,False,GET,/api/visit/owners/1/pets/1/visits,200,0,0.0,1
2026-07-29T15:43:15.613888+00:00,f39d14637dae1e0a,2026-07-29T15:42:46.179020+00:00,62.511,4,2,api-gateway|customers-service,False,GET,/api/customer/owners/1,200,1,61.291,1
2026-07-29T15:43:15.613888+00:00,7411402fd053b074,2026-07-29T15:42:46.009667+00:00,189.643,4,2,api-gateway|customers-service,False,GET,/api/customer/owners,200,1,188.478,1
2026-07-29T15:43:15.613888+00:00,4ba29af038288e29,2026-07-29T15:42:45.823559+00:00,28.443,3,2,visits-service|api-gateway,False,GET,/api/visit/owners/1/pets/1/visits,200,0,0.0,1
2026-07-29T15:43:15.613888+00:00,d08d8117e9a133f6,2026-07-29T15:42:45.657324+00:00,189.552,4,2,api-gateway|customers-service,False,GET,/api/customer/owners,200,1,184.705,1
2026-07-29T15:43:15.613888+00:00,625eb0dcb4aa014d,2026-07-29T15:42:45.490748+00:00,196.195,4,2,api-gateway|customers-service,False,GET,/api/customer/owners,200,1,184.323,1
2026-07-29T15:43:15.613888+00:00,a74ba3e641131cfb,2026-07-29T15:42:45.343483+00:00,120.659,4,2,api-gateway|vets-service,False,GET,/api/vet/vets,200,1,119.486,1
2026-07-29T15:43:15.613888+00:00,eb2ad2f0aac0c773,2026-07-29T15:42:45.157190+00:00,158.039,4,2,vets-service|api-gateway,False,GET,/api/vet/vets,200,1,146.624,1
2026-07-29T15:43:15.613888+00:00,c7d9dbf3136ce53a,2026-07-29T15:42:44.994087+00:00,164.437,4,2,api-gateway|customers-service,False,GET,/api/customer/owners,200,1,162.749,1
2026-07-29T15:43:15.613888+00:00,e8bc8a73ecf3d867,2026-07-29T15:42:44.823848+00:00,185.913,4,2,api-gateway|customers-service,False,GET,/api/customer/owners,200,1,180.859,1
2026-07-29T15:43:15.613888+00:00,18b125930ca02806,2026-07-29T15:42:44.657811+00:00,79.641,4,2,api-gateway|customers-service,False,GET,/api/customer/owners/1,200,1,65.934,1
2026-07-29T15:43:15.613888+00:00,b6faadef3962d415,2026-07-29T15:42:44.490605+00:00,32.084,3,2,visits-service|api-gateway,False,GET,/api/visit/owners/1/pets/1/visits,200,0,0.0,1
2026-07-29T15:43:15.613888+00:00,4e7fed148cda2758,2026-07-29T15:42:44.345188+00:00,121.681,4,2,api-gateway|vets-service,False,GET,/api/vet/vets,200,1,120.541,1
2026-07-29T15:43:15.613888+00:00,c1ec2c01a41ed5f1,2026-07-29T15:42:44.178403+00:00,69.455,4,2,api-gateway|customers-service,False,GET,/api/customer/owners/1,200,1,68.15,1
2026-07-29T15:43:15.613888+00:00,e61b875a9bf25c7b,2026-07-29T15:42:43.991066+00:00,129.955,4,2,vets-service|api-gateway,False,GET,/api/vet/vets,200,1,115.928,1
2026-07-29T15:43:15.613888+00:00,ce863979cedad77a,2026-07-29T15:42:43.824469+00:00,155.105,4,2,vets-service|api-gateway,False,GET,/api/vet/vets,200,1,142.426,1
2026-07-29T15:43:15.613888+00:00,1bb867577df59919,2026-07-29T15:42:43.657655+00:00,76.822,4,2,api-gateway|customers-service,False,GET,/api/customer/owners/1,200,1,71.079,1
2026-07-29T15:43:15.613888+00:00,6508548e3a4fe498,2026-07-29T15:42:43.510341+00:00,139.601,4,2,api-gateway|vets-service,False,GET,/api/vet/vets,200,1,138.316,1
2026-07-29T15:43:15.613888+00:00,217a188750cbfa48,2026-07-29T15:42:43.344109+00:00,137.689,4,2,api-gateway|vets-service,False,GET,/api/vet/vets,200,1,136.419,1
2026-07-29T15:43:15.613888+00:00,b8689f1694c0f5e4,2026-07-29T15:42:43.157468+00:00,140.897,4,2,vets-service|api-gateway,False,GET,/api/vet/vets,200,1,128.013,1
2026-07-29T15:43:15.613888+00:00,d7d01f43a297a289,2026-07-29T15:42:43.011761+00:00,154.031,4,2,api-gateway|customers-service,False,GET,/api/customer/owners/1,200,1,152.861,1
2026-07-29T15:43:15.613888+00:00,76eeb3b944b6daaa,2026-07-29T15:42:42.824354+00:00,143.953,4,2,vets-service|api-gateway,False,GET,/api/vet/vets,200,1,130.382,1
2026-07-29T15:43:15.613888+00:00,580a52d2dcab769c,2026-07-29T15:42:42.657370+00:00,22.654,3,2,visits-service|api-gateway,False,GET,/api/visit/owners/1/pets/1/visits,200,0,0.0,1
2026-07-29T15:43:15.613888+00:00,ffe3875da9521040,2026-07-29T15:42:42.510603+00:00,21.504,3,2,api-gateway|visits-service,False,GET,/api/visit/owners/1/pets/1/visits,200,0,0.0,1
2026-07-29T15:43:15.613888+00:00,9867d688f7d4fe35,2026-07-29T15:42:42.324307+00:00,31.189,3,2,visits-service|api-gateway,False,GET,/api/visit/owners/1/pets/1/visits,200,0,0.0,1
2026-07-29T15:43:15.613888+00:00,d04fc6190298a800,2026-07-29T15:42:42.179413+00:00,18.167,3,2,api-gateway|visits-service,False,GET,/api/visit/owners/1/pets/1/visits,200,0,0.0,1
2026-07-29T15:43:15.613888+00:00,bb74f135c79c0658,2026-07-29T15:42:41.992228+00:00,187.806,4,2,api-gateway|customers-service,False,GET,/api/customer/owners,200,1,186.166,1
2026-07-29T15:43:15.613888+00:00,6ca82dd76ba3238b,2026-07-29T15:42:41.823952+00:00,168.464,4,2,api-gateway|customers-service,False,GET,/api/customer/owners,200,1,163.131,1
2026-07-29T15:43:15.613888+00:00,7a5ebdbb71215c78,2026-07-29T15:42:41.657754+00:00,187.496,4,2,api-gateway|customers-service,False,GET,/api/customer/owners,200,1,174.205,1
2026-07-29T15:43:15.613888+00:00,c709813401e0ee4d,2026-07-29T15:42:41.490812+00:00,409.246,4,2,vets-service|api-gateway,False,GET,/api/vet/vets,200,1,362.346,1
2026-07-29T15:43:15.613888+00:00,1e30b8aa09427aab,2026-07-29T15:42:41.344595+00:00,211.88,4,2,api-gateway|customers-service,False,GET,/api/customer/owners,200,1,210.797,1
2026-07-29T15:43:15.613888+00:00,d7bc2669ecb8fcc0,2026-07-29T15:42:41.177694+00:00,17.338,3,2,api-gateway|visits-service,False,GET,/api/visit/owners/1/pets/1/visits,200,0,0.0,1
2026-07-29T15:43:15.613888+00:00,07a0466504c4f92f,2026-07-29T15:42:40.989932+00:00,139.571,4,2,vets-service|api-gateway,False,GET,/api/vet/vets,200,1,126.808,1
2026-07-29T15:43:15.613888+00:00,c07f196cacf70812,2026-07-29T15:42:40.823752+00:00,138.347,4,2,vets-service|api-gateway,False,GET,/api/vet/vets,200,1,126.753,1
2026-07-29T15:43:15.613888+00:00,2371464e456d529b,2026-07-29T15:42:40.657851+00:00,31.296,3,2,visits-service|api-gateway,False,GET,/api/visit/owners/1/pets/1/visits,200,0,0.0,1
2026-07-29T15:43:15.613888+00:00,ec65e9ee397d86b6,2026-07-29T15:42:40.490260+00:00,145.632,4,2,vets-service|api-gateway,False,GET,/api/vet/vets,200,1,133.808,1
2026-07-29T15:43:15.613888+00:00,f00baa78e12a3397,2026-07-29T15:42:40.326449+00:00,59.474,4,2,api-gateway|customers-service,False,GET,/api/customer/owners/1,200,1,59.474,1
2026-07-29T15:43:15.613888+00:00,8e55bf769e540b2e,2026-07-29T15:42:40.159655+00:00,77.874,4,2,api-gateway|customers-service,False,GET,/api/customer/owners/1,200,1,76.536,1
2026-07-29T15:43:15.613888+00:00,259d87cb1ec9169a,2026-07-29T15:42:40.012568+00:00,235.817,4,2,api-gateway|customers-service,False,GET,/api/customer/owners,200,1,234.508,1
2026-07-29T15:43:15.613888+00:00,4b4b81129a9bfbcf,2026-07-29T15:42:39.823856+00:00,162.895,4,2,vets-service|api-gateway,False,GET,/api/vet/vets,200,1,151.421,1
2026-07-29T15:43:15.613888+00:00,adb0a81366ed84a0,2026-07-29T15:42:39.657510+00:00,20.815,3,2,visits-service|api-gateway,False,GET,/api/visit/owners/1/pets/1/visits,200,0,0.0,1
2026-07-29T15:43:15.613888+00:00,d18242b0ed2deca8,2026-07-29T15:42:39.509800+00:00,127.276,4,2,api-gateway|vets-service,False,GET,/api/vet/vets,200,1,125.973,1
2026-07-29T15:43:15.613888+00:00,2107f62a2d30023b,2026-07-29T15:42:39.326368+00:00,171.199,4,2,api-gateway|customers-service,False,GET,/api/customer/owners,200,1,171.199,1
2026-07-29T15:43:15.613888+00:00,498fadb314c996a7,2026-07-29T15:42:39.177481+00:00,20.897,3,2,api-gateway|visits-service,False,GET,/api/visit/owners/1/pets/1/visits,200,0,0.0,1
2026-07-29T15:43:15.613888+00:00,ad9c492b8d4deeab,2026-07-29T15:42:38.990348+00:00,133.588,4,2,vets-service|api-gateway,False,GET,/api/vet/vets,200,1,121.958,1
2026-07-29T15:43:15.613888+00:00,14f3efca1a16c78e,2026-07-29T15:42:38.823799+00:00,31.949,3,2,visits-service|api-gateway,False,GET,/api/visit/owners/1/pets/1/visits,200,0,0.0,1
2026-07-29T15:43:15.613888+00:00,cdf4072358da4fba,2026-07-29T15:42:38.657643+00:00,181.056,4,2,api-gateway|customers-service,False,GET,/api/customer/owners,200,1,167.661,1
2026-07-29T15:43:15.613888+00:00,a6ea13406860ae96,2026-07-29T15:42:38.491289+00:00,141.868,4,2,vets-service|api-gateway,False,GET,/api/vet/vets,200,1,125.486,1
2026-07-29T15:43:15.613888+00:00,a31bd0d551cb61e2,2026-07-29T15:42:38.343341+00:00,191.742,4,2,api-gateway|customers-service,False,GET,/api/customer/owners,200,1,190.477,1
2026-07-29T15:43:15.613888+00:00,50a796841959cb8a,2026-07-29T15:42:38.160722+00:00,181.109,4,2,api-gateway|customers-service,False,GET,/api/customer/owners,200,1,179.828,1
2026-07-29T15:43:15.613888+00:00,78c4e21a084d02b2,2026-07-29T15:42:38.008820+00:00,24.285,3,2,api-gateway|visits-service,False,GET,/api/visit/owners/1/pets/1/visits,200,0,0.0,1
2026-07-29T15:43:15.613888+00:00,6ff703d1bef41e7c,2026-07-29T15:42:37.826232+00:00,388.746,4,2,api-gateway|customers-service,False,GET,/api/customer/owners,200,1,386.98,1
2026-07-29T15:43:15.613888+00:00,28ce0af4521278c4,2026-07-29T15:42:37.656905+00:00,76.446,4,2,api-gateway|customers-service,False,GET,/api/customer/owners/1,200,1,63.453,1
2026-07-29T15:43:15.613888+00:00,060a2181fa1ee41b,2026-07-29T15:42:37.492432+00:00,66.538,4,2,api-gateway|customers-service,False,GET,/api/customer/owners/1,200,1,64.54,1
2026-07-29T15:43:15.613888+00:00,c4c7da5d7c963102,2026-07-29T15:42:37.354757+00:00,22.341,3,2,api-gateway|visits-service,False,GET,/api/visit/owners/1/pets/1/visits,200,0,0.0,1
2026-07-29T15:43:15.613888+00:00,bb74e5fcc3f51783,2026-07-29T15:42:37.157905+00:00,29.512,3,2,visits-service|api-gateway,False,GET,/api/visit/owners/1/pets/1/visits,200,0,0.0,1
2026-07-29T15:43:15.613888+00:00,08071e2baffa9681,2026-07-29T15:42:36.990221+00:00,133.241,4,2,vets-service|api-gateway,False,GET,/api/vet/vets,200,1,121.606,1
2026-07-29T15:43:15.613888+00:00,f74290ddd707350b,2026-07-29T15:42:36.823453+00:00,168.817,4,2,vets-service|api-gateway,False,GET,/api/vet/vets,200,1,157.859,1
2026-07-29T15:43:15.613888+00:00,ccdaf4140a1ccf9a,2026-07-29T15:42:36.657132+00:00,73.206,4,2,api-gateway|customers-service,False,GET,/api/customer/owners/1,200,1,60.567,1
2026-07-29T15:43:15.613888+00:00,1fd4e30bc2943f26,2026-07-29T15:42:36.512510+00:00,24.35,3,2,api-gateway|visits-service,False,GET,/api/visit/owners/1/pets/1/visits,200,0,0.0,1
2026-07-29T15:43:15.613888+00:00,2214190de285a3ab,2026-07-29T15:42:36.347085+00:00,180.604,4,2,api-gateway|customers-service,False,GET,/api/customer/owners,200,1,179.21,1
2026-07-29T15:43:15.613888+00:00,9d5ed4e3b095edff,2026-07-29T15:42:36.161724+00:00,74.529,4,2,api-gateway|customers-service,False,GET,/api/customer/owners/1,200,1,72.686,1
2026-07-29T15:43:15.613888+00:00,9041d3c4add775e0,2026-07-29T15:42:35.991107+00:00,154.278,4,2,vets-service|api-gateway,False,GET,/api/vet/vets,200,1,140.34,1
2026-07-29T15:43:15.613888+00:00,501d9b5ceb403c13,2026-07-29T15:42:35.824423+00:00,31.485,3,2,visits-service|api-gateway,False,GET,/api/visit/owners/1/pets/1/visits,200,0,0.0,1
2026-07-29T15:43:15.613888+00:00,a6580c35c775f369,2026-07-29T15:42:35.657164+00:00,61.486,4,2,api-gateway|customers-service,False,GET,/api/customer/owners/1,200,1,58.236,1
2026-07-29T15:43:15.613888+00:00,2033898bfc58e0cd,2026-07-29T15:42:35.490643+00:00,32.995,3,2,visits-service|api-gateway,False,GET,/api/visit/owners/1/pets/1/visits,200,0,0.0,1
2026-07-29T15:43:15.613888+00:00,479c30ecefcc95c9,2026-07-29T15:42:35.345514+00:00,145.263,4,2,api-gateway|vets-service,False,GET,/api/vet/vets,200,1,144.062,1
2026-07-29T15:43:15.613888+00:00,a2feb970c42fcf85,2026-07-29T15:42:35.179027+00:00,38.953,3,2,api-gateway|visits-service,False,GET,/api/visit/owners/1/pets/1/visits,200,0,0.0,1
2026-07-29T15:43:15.613888+00:00,d6bfe9e012d35312,2026-07-29T15:42:34.991278+00:00,147.868,4,2,vets-service|api-gateway,False,GET,/api/vet/vets,200,1,133.434,1
2026-07-29T15:43:15.613888+00:00,e6a3656d3bcee745,2026-07-29T15:42:34.824258+00:00,146.915,4,2,vets-service|api-gateway,False,GET,/api/vet/vets,200,1,133.468,1
2026-07-29T15:43:15.613888+00:00,ebfac4490a796792,2026-07-29T15:42:34.657578+00:00,81.272,4,2,api-gateway|customers-service,False,GET,/api/customer/owners/1,200,1,66.759,1
2026-07-29T15:43:15.613888+00:00,266e3cc0320e1243,2026-07-29T15:42:34.493953+00:00,73.059,4,2,api-gateway|customers-service,False,GET,/api/customer/owners/1,200,1,71.196,1
2026-07-29T15:43:15.613888+00:00,b02e174746eaaa24,2026-07-29T15:42:34.343711+00:00,21.073,3,2,api-gateway|visits-service,False,GET,/api/visit/owners/1/pets/1/visits,200,0,0.0,1
2026-07-29T15:43:15.613888+00:00,9ddbae335341fcfb,2026-07-29T15:42:34.178205+00:00,173.437,4,2,api-gateway|customers-service,False,GET,/api/customer/owners,200,1,172.275,1
2026-07-29T15:43:15.613888+00:00,853b842ba3855e12,2026-07-29T15:42:33.990936+00:00,139.587,4,2,vets-service|api-gateway,False,GET,/api/vet/vets,200,1,125.952,1
2026-07-29T15:43:15.613888+00:00,42628215933e8926,2026-07-29T15:42:33.823924+00:00,89.517,4,2,api-gateway|customers-service,False,GET,/api/customer/owners/1,200,1,77.083,1
2026-07-29T15:43:15.613888+00:00,7bc9fbd00a5c8ab6,2026-07-29T15:42:33.656895+00:00,158.184,4,2,api-gateway|customers-service,False,GET,/api/customer/owners,200,1,153.544,1
2026-07-29T15:43:15.613888+00:00,04eb477f3e61d113,2026-07-29T15:42:33.490997+00:00,129.891,4,2,vets-service|api-gateway,False,GET,/api/vet/vets,200,1,117.984,1
2026-07-29T15:43:15.613888+00:00,05688a8642e5904d,2026-07-29T15:42:33.326311+00:00,70.993,4,2,api-gateway|customers-service,False,GET,/api/customer/owners/1,200,1,70.993,1
2026-07-29T15:43:15.613888+00:00,72bf8015f2afe399,2026-07-29T15:42:33.178401+00:00,365.975,4,2,api-gateway|vets-service,False,GET,/api/vet/vets,200,1,364.983,1
2026-07-29T15:43:15.613888+00:00,82aeb240094efdeb,2026-07-29T15:42:32.990836+00:00,181.582,4,2,vets-service|api-gateway,False,GET,/api/vet/vets,200,1,168.585,1
2026-07-29T15:43:15.613888+00:00,898546145a20bcc9,2026-07-29T15:42:32.823882+00:00,78.199,4,2,api-gateway|customers-service,False,GET,/api/customer/owners/1,200,1,62.252,1
2026-07-29T15:43:15.613888+00:00,25cc61a2bafb340f,2026-07-29T15:42:32.657489+00:00,33.352,3,2,visits-service|api-gateway,False,GET,/api/visit/owners/1/pets/1/visits,200,0,0.0,1
2026-07-29T15:43:15.613888+00:00,a30c2411058f5933,2026-07-29T15:42:32.492091+00:00,58.803,4,2,api-gateway|customers-service,False,GET,/api/customer/owners/1,200,1,57.631,1
2026-07-29T15:43:15.613888+00:00,1f7e70964712d71f,2026-07-29T15:42:32.343556+00:00,136.669,4,2,api-gateway|vets-service,False,GET,/api/vet/vets,200,1,135.444,1
2026-07-29T15:43:15.613888+00:00,3ef03dcddc124703,2026-07-29T15:42:32.177165+00:00,188.937,4,2,api-gateway|customers-service,False,GET,/api/customer/owners,200,1,187.866,1
2026-07-29T15:43:15.613888+00:00,b9958dac73971290,2026-07-29T15:42:32.009997+00:00,66.729,4,2,api-gateway|customers-service,False,GET,/api/customer/owners/1,200,1,65.562,1
2026-07-29T15:43:15.613888+00:00,88a41f1cf86ece2b,2026-07-29T15:42:31.824501+00:00,82.454,4,2,api-gateway|customers-service,False,GET,/api/customer/owners/1,200,1,76.663,1
2026-07-29T15:43:15.613888+00:00,210180b2f764e60c,2026-07-29T15:42:31.659627+00:00,31.911,3,2,visits-service|api-gateway,False,GET,/api/visit/owners/1/pets/1/visits,200,0,0.0,1
2026-07-29T15:43:15.613888+00:00,993455fc7b783d07,2026-07-29T15:42:31.490482+00:00,185.201,4,2,api-gateway|customers-service,False,GET,/api/customer/owners,200,1,179.337,1
2026-07-29T15:43:15.613888+00:00,c5a60a94a62b9361,2026-07-29T15:42:31.345790+00:00,71.084,4,2,api-gateway|customers-service,False,GET,/api/customer/owners/1,200,1,70.052,1
2026-07-29T15:43:15.613888+00:00,f7f8c869c7965b22,2026-07-29T15:42:31.179153+00:00,171.069,4,2,api-gateway|vets-service,False,GET,/api/vet/vets,200,1,170.048,1
2026-07-29T15:43:15.613888+00:00,6f24365dbfd0a988,2026-07-29T15:42:30.991140+00:00,81.854,4,2,api-gateway|customers-service,False,GET,/api/customer/owners/1,200,1,75.988,1
2026-07-29T15:43:15.613888+00:00,66a1be8e5ad04657,2026-07-29T15:42:30.844636+00:00,175.889,4,2,api-gateway|customers-service,False,GET,/api/customer/owners,200,1,174.643,1
2026-07-29T15:43:15.613888+00:00,b33ea4d556c31dba,2026-07-29T15:42:30.656670+00:00,195.777,4,2,api-gateway|customers-service,False,GET,/api/customer/owners,200,1,182.742,1
2026-07-29T15:43:15.613888+00:00,960bdcd1ca294623,2026-07-29T15:42:30.509905+00:00,18.662,3,2,api-gateway|visits-service,False,GET,/api/visit/owners/1/pets/1/visits,200,0,0.0,1
2026-07-29T15:43:15.613888+00:00,8a0bbc2ed03339e6,2026-07-29T15:42:30.326004+00:00,193.037,4,2,api-gateway|customers-service,False,GET,/api/customer/owners,200,1,191.824,1
2026-07-29T15:43:15.613888+00:00,e219ea84bf5fd34a,2026-07-29T15:42:30.161072+00:00,77.079,4,2,api-gateway|customers-service,False,GET,/api/customer/owners/1,200,1,75.577,1
2026-07-29T15:43:15.613888+00:00,22e4b4d13c632d36,2026-07-29T15:42:30.012563+00:00,81.876,4,2,api-gateway|customers-service,False,GET,/api/customer/owners/1,200,1,80.648,1
2026-07-29T15:43:15.613888+00:00,9aa55996132012be,2026-07-29T15:42:29.824218+00:00,161.091,4,2,vets-service|api-gateway,False,GET,/api/vet/vets,200,1,146.699,1
2026-07-29T15:43:15.613888+00:00,10eb0b5848c031f8,2026-07-29T15:42:29.658292+00:00,32.492,3,2,visits-service|api-gateway,False,GET,/api/visit/owners/1/pets/1/visits,200,0,0.0,1
2026-07-29T15:43:15.613888+00:00,db74aacb4c8ce16c,2026-07-29T15:42:29.513655+00:00,21.578,3,2,api-gateway|visits-service,False,GET,/api/visit/owners/1/pets/1/visits,200,0,0.0,1
2026-07-29T15:43:15.613888+00:00,7b549e1baaa4cbff,2026-07-29T15:42:29.326344+00:00,181.82,4,2,api-gateway|customers-service,False,GET,/api/customer/owners,200,1,180.608,1
2026-07-29T15:43:15.613888+00:00,8425d7327e409a11,2026-07-29T15:42:29.178735+00:00,136.371,4,2,api-gateway|vets-service,False,GET,/api/vet/vets,200,1,135.059,1
2026-07-29T15:43:15.613888+00:00,9382ef7775e62c6b,2026-07-29T15:42:29.010951+00:00,80.941,4,2,api-gateway|customers-service,False,GET,/api/customer/owners/1,200,1,79.777,1
2026-07-29T15:43:15.613888+00:00,c66f1c5a5698f395,2026-07-29T15:42:28.824227+00:00,153.969,4,2,vets-service|api-gateway,False,GET,/api/vet/vets,200,1,141.718,1
2026-07-29T15:43:15.613888+00:00,f4f8969c5fabdd07,2026-07-29T15:42:28.656795+00:00,205.735,4,2,api-gateway|customers-service,False,GET,/api/customer/owners,200,1,192.494,1
2026-07-29T15:43:15.613888+00:00,261a1d56d1c56d84,2026-07-29T15:42:28.490550+00:00,171.252,4,2,vets-service|api-gateway,False,GET,/api/vet/vets,200,1,158.257,1
2026-07-29T15:43:15.613888+00:00,9302089e9849fb89,2026-07-29T15:42:28.328025+00:00,183.738,4,2,api-gateway|customers-service,False,GET,/api/customer/owners,200,1,182.192,1
2026-07-29T15:43:15.613888+00:00,394c858ce9d572aa,2026-07-29T15:42:28.160070+00:00,184.038,4,2,api-gateway|customers-service,False,GET,/api/customer/owners,200,1,182.446,1
2026-07-29T15:43:15.613888+00:00,38d5ca734559755a,2026-07-29T15:42:27.990489+00:00,149.736,4,2,vets-service|api-gateway,False,GET,/api/vet/vets,200,1,136.301,1
2026-07-29T15:43:15.613888+00:00,112c9ee88a359dad,2026-07-29T15:42:27.824202+00:00,133.853,4,2,vets-service|api-gateway,False,GET,/api/vet/vets,200,1,122.543,1
2026-07-29T15:43:15.613888+00:00,1a825cdf03366665,2026-07-29T15:42:27.657884+00:00,33.648,3,2,visits-service|api-gateway,False,GET,/api/visit/owners/1/pets/1/visits,200,0,0.0,1
2026-07-29T15:43:15.613888+00:00,26353c92a9a547d3,2026-07-29T15:42:27.490589+00:00,135.416,4,2,vets-service|api-gateway,False,GET,/api/vet/vets,200,1,122.489,1
2026-07-29T15:43:15.613888+00:00,367a1e66f71d6ca8,2026-07-29T15:42:27.346027+00:00,129.913,4,2,api-gateway|vets-service,False,GET,/api/vet/vets,200,1,128.661,1
2026-07-29T15:43:15.613888+00:00,dd6465736002c10e,2026-07-29T15:42:27.177109+00:00,195.32,4,2,api-gateway|customers-service,False,GET,/api/customer/owners,200,1,194.372,1
2026-07-29T15:43:15.613888+00:00,7fa935436679a423,2026-07-29T15:42:26.990668+00:00,140.755,4,2,vets-service|api-gateway,False,GET,/api/vet/vets,200,1,127.903,1
2026-07-29T15:43:15.613888+00:00,94b4f7292af08bc5,2026-07-29T15:42:26.823559+00:00,30.091,3,2,visits-service|api-gateway,False,GET,/api/visit/owners/1/pets/1/visits,200,0,0.0,1
2026-07-29T15:43:15.613888+00:00,88cd63d7c7876bcd,2026-07-29T15:42:26.656948+00:00,181.106,4,2,api-gateway|customers-service,False,GET,/api/customer/owners,200,1,176.34,1
2026-07-29T15:43:15.613888+00:00,58e29731afd26079,2026-07-29T15:42:26.490235+00:00,224.285,4,2,api-gateway|customers-service,False,GET,/api/customer/owners,200,1,212.624,1
2026-07-29T15:43:15.613888+00:00,5c1cec2ab67e3243,2026-07-29T15:42:26.345591+00:00,11.516,3,2,api-gateway|visits-service,False,GET,/api/visit/owners/1/pets/1/visits,200,0,0.0,1
2026-07-29T15:43:15.613888+00:00,0333bb7ccb2f8a99,2026-07-29T15:42:26.179246+00:00,24.329,3,2,api-gateway|visits-service,False,GET,/api/visit/owners/1/pets/1/visits,200,0,0.0,1
2026-07-29T15:43:15.613888+00:00,cd52e7d2cb8002d2,2026-07-29T15:42:25.990351+00:00,23.363,3,2,visits-service|api-gateway,False,GET,/api/visit/owners/1/pets/1/visits,200,0,0.0,1
2026-07-29T15:43:15.613888+00:00,99628ff1ff3f7139,2026-07-29T15:42:25.823618+00:00,31.603,3,2,visits-service|api-gateway,False,GET,/api/visit/owners/1/pets/1/visits,200,0,0.0,1
2026-07-29T15:43:15.613888+00:00,f5702496fc1e3f4d,2026-07-29T15:42:25.656861+00:00,30.036,3,2,visits-service|api-gateway,False,GET,/api/visit/owners/1/pets/1/visits,200,0,0.0,1
2026-07-29T15:43:15.613888+00:00,3366594ca41a3099,2026-07-29T15:42:25.511741+00:00,18.482,3,2,api-gateway|visits-service,False,GET,/api/visit/owners/1/pets/1/visits,200,0,0.0,1
2026-07-29T15:43:15.613888+00:00,e4224bbc94046b4e,2026-07-29T15:42:25.346322+00:00,72.078,4,2,api-gateway|customers-service,False,GET,/api/customer/owners/1,200,1,71.205,1
2026-07-29T15:43:15.613888+00:00,5368e45bffe201a4,2026-07-29T15:42:25.160057+00:00,93.177,4,2,api-gateway|customers-service,False,GET,/api/customer/owners/1,200,1,91.086,1
2026-07-29T15:43:15.613888+00:00,a013f4d18139698a,2026-07-29T15:42:25.010208+00:00,188.475,3,2,api-gateway|visits-service,False,GET,/api/visit/owners/1/pets/1/visits,200,0,0.0,1
2026-07-29T15:43:15.613888+00:00,e37fb97874c2dbb7,2026-07-29T15:42:24.845012+00:00,437.674,4,2,api-gateway|vets-service,False,GET,/api/vet/vets,200,1,436.601,1
2026-07-29T15:43:15.613888+00:00,450c17dd66f9751b,2026-07-29T15:42:24.657456+00:00,71.61,3,2,visits-service|api-gateway,False,GET,/api/visit/owners/1/pets/1/visits,200,0,0.0,1
2026-07-29T15:43:15.613888+00:00,388ca991800eaee9,2026-07-29T15:42:24.490242+00:00,217.699,3,2,visits-service|api-gateway,False,GET,/api/visit/owners/1/pets/1/visits,200,0,0.0,1
2026-07-29T15:43:15.613888+00:00,8088e4cfeae51a36,2026-07-29T15:42:24.323676+00:00,404.208,4,2,api-gateway|customers-service,False,GET,/api/customer/owners/1,200,1,400.518,1
2026-07-29T15:43:15.613888+00:00,3c0445e494bee71e,2026-07-29T15:42:24.157965+00:00,84.449,3,2,visits-service|api-gateway,False,GET,/api/visit/owners/1/pets/1/visits,200,0,0.0,1
2026-07-29T15:43:15.613888+00:00,67c7e8c97ca277f8,2026-07-29T15:42:24.012689+00:00,22.265,3,2,api-gateway|visits-service,False,GET,/api/visit/owners/1/pets/1/visits,200,0,0.0,1
2026-07-29T15:43:15.613888+00:00,740b4853b1c0045c,2026-07-29T15:42:23.823998+00:00,900.3,4,2,vets-service|api-gateway,False,GET,/api/vet/vets,200,1,888.413,1
2026-07-29T15:43:15.613888+00:00,69b7301369d5a127,2026-07-29T15:42:23.678808+00:00,353.241,4,2,api-gateway|customers-service,False,GET,/api/customer/owners/1,200,1,352.145,1
2026-07-29T15:43:15.613888+00:00,57b7f8d581f010af,2026-07-29T15:42:23.511945+00:00,990.483,4,2,api-gateway|customers-service,False,GET,/api/customer/owners,200,1,989.177,1
2026-07-29T15:43:15.613888+00:00,d55e87431dd0b4b7,2026-07-29T15:42:23.326005+00:00,1159.086,4,2,api-gateway|customers-service,False,GET,/api/customer/owners,200,1,1157.984,1
2026-07-29T15:43:15.613888+00:00,ee0a2e6ddf7081ac,2026-07-29T15:42:23.160829+00:00,371.376,4,2,api-gateway|customers-service,False,GET,/api/customer/owners/1,200,1,369.543,1
2026-07-29T15:43:15.613888+00:00,a53f58eb6a3131e3,2026-07-29T15:42:23.012883+00:00,994.146,4,2,api-gateway|customers-service,False,GET,/api/customer/owners,200,1,992.709,1
2026-07-29T15:43:15.613888+00:00,804c081b00d600eb,2026-07-29T15:42:22.826484+00:00,459.93,4,2,api-gateway|customers-service,False,GET,/api/customer/owners/1,200,1,458.578,1
2026-07-29T15:43:15.613888+00:00,e95683a8168c547f,2026-07-29T15:42:22.657741+00:00,401.557,4,2,vets-service|api-gateway,False,GET,/api/vet/vets,200,1,388.613,1
2026-07-29T15:43:15.613888+00:00,4aedb6a1caf5316f,2026-07-29T15:42:22.490278+00:00,567.742,4,2,vets-service|api-gateway,False,GET,/api/vet/vets,200,1,554.516,1
2026-07-29T15:43:15.613888+00:00,8361c5f2190a5e91,2026-07-29T15:42:22.345748+00:00,143.837,3,2,api-gateway|visits-service,False,GET,/api/visit/owners/1/pets/1/visits,200,0,0.0,1
2026-07-29T15:43:15.613888+00:00,f14442043084851c,2026-07-29T15:42:22.157890+00:00,579.017,4,2,vets-service|api-gateway,False,GET,/api/vet/vets,200,1,565.879,1
2026-07-29T15:43:15.613888+00:00,0aff8a7fc0bf702a,2026-07-29T15:42:21.990490+00:00,230.267,3,2,visits-service|api-gateway,False,GET,/api/visit/owners/1/pets/1/visits,200,0,0.0,1
2026-07-29T15:43:15.613888+00:00,f9199b7d6c5f5d6d,2026-07-29T15:42:21.842622+00:00,408.592,4,2,api-gateway|customers-service,False,GET,/api/customer/owners/1,200,1,407.706,1
2026-07-29T15:43:15.613888+00:00,3695b9ae9e304f8f,2026-07-29T15:42:21.676562+00:00,582.59,4,2,api-gateway|vets-service,False,GET,/api/vet/vets,200,1,581.452,1
2026-07-29T15:43:15.613888+00:00,33a23be3470609f4,2026-07-29T15:42:21.511333+00:00,718.938,4,2,api-gateway|vets-service,False,GET,/api/vet/vets,200,1,717.421,1
2026-07-29T15:43:15.613888+00:00,10c145533e397eb4,2026-07-29T15:42:21.323806+00:00,1394.876,4,2,api-gateway|customers-service,False,GET,/api/customer/owners,200,1,1382.845,1
2026-07-29T15:43:15.613888+00:00,18d1147551db84ee,2026-07-29T15:42:21.159906+00:00,361.367,4,2,api-gateway|customers-service,False,GET,/api/customer/owners/1,200,1,359.872,1
2026-07-29T15:43:15.613888+00:00,f74d52e23ae071c6,2026-07-29T15:42:20.990737+00:00,772.163,4,2,vets-service|api-gateway,False,GET,/api/vet/vets,200,1,759.719,1
2026-07-29T15:43:15.613888+00:00,603fc6f421ef5c87,2026-07-29T15:42:20.824153+00:00,929.964,4,2,api-gateway|customers-service,False,GET,/api/customer/owners,200,1,925.659,1
2026-07-29T15:43:15.613888+00:00,f1c4e36b60eac44c,2026-07-29T15:42:20.680192+00:00,606.408,4,2,api-gateway|vets-service,False,GET,/api/vet/vets,200,1,605.069,1
2026-07-29T15:43:15.613888+00:00,91c9327b4cf5801b,2026-07-29T15:42:20.512202+00:00,37.11,3,2,api-gateway|visits-service,False,GET,/api/visit/owners/1/pets/1/visits,200,0,0.0,1
2026-07-29T15:43:15.613888+00:00,6141d5fdc482d87b,2026-07-29T15:42:20.345696+00:00,25.328,3,2,api-gateway|visits-service,False,GET,/api/visit/owners/1/pets/1/visits,200,0,0.0,1
2026-07-29T15:43:15.613888+00:00,2e9516ce4441d68d,2026-07-29T15:42:20.177210+00:00,134.516,4,2,api-gateway|vets-service,False,GET,/api/vet/vets,200,1,132.972,1
2026-07-29T15:43:15.613888+00:00,96b3a85d84a807a3,2026-07-29T15:42:20.012080+00:00,216.705,4,2,api-gateway|customers-service,False,GET,/api/customer/owners,200,1,215.446,1
2026-07-29T15:43:15.613888+00:00,97776b0aec12bfc4,2026-07-29T15:42:19.824227+00:00,225.726,4,2,api-gateway|customers-service,False,GET,/api/customer/owners,200,1,220.398,1
2026-07-29T15:43:15.613888+00:00,3bbd31c8bedf26dc,2026-07-29T15:42:19.657861+00:00,35.637,3,2,visits-service|api-gateway,False,GET,/api/visit/owners/1/pets/1/visits,200,0,0.0,1
2026-07-29T15:43:15.613888+00:00,7e8c67910094c94d,2026-07-29T15:42:19.490807+00:00,117.731,4,2,api-gateway|customers-service,False,GET,/api/customer/owners/1,200,1,104.993,1
2026-07-29T15:43:15.613888+00:00,0759bd0c647fd0f0,2026-07-29T15:42:19.327442+00:00,130.169,4,2,api-gateway|customers-service,False,GET,/api/customer/owners/1,200,1,128.722,1
2026-07-29T15:43:15.613888+00:00,24d8ddf3c29cdf0a,2026-07-29T15:42:19.178748+00:00,345.128,4,2,api-gateway|customers-service,False,GET,/api/customer/owners,200,1,344.023,1
2026-07-29T15:43:15.613888+00:00,bf55652cfffd938f,2026-07-29T15:42:19.010006+00:00,430.729,4,2,api-gateway|vets-service,False,GET,/api/vet/vets,200,1,429.248,1
2026-07-29T15:43:15.613888+00:00,7e726270abf4410d,2026-07-29T15:42:18.827147+00:00,251.475,4,2,api-gateway|customers-service,False,GET,/api/customer/owners,200,1,250.003,1
2026-07-29T15:43:15.613888+00:00,b8c9199c35021c0a,2026-07-29T15:42:18.657781+00:00,27.33,3,2,visits-service|api-gateway,False,GET,/api/visit/owners/1/pets/1/visits,200,0,0.0,1
2026-07-29T15:43:15.613888+00:00,0a101566d0169c54,2026-07-29T15:42:18.491044+00:00,105.184,4,2,api-gateway|customers-service,False,GET,/api/customer/owners/1,200,1,91.163,1
2026-07-29T15:43:15.613888+00:00,919b9a3878af6227,2026-07-29T15:42:18.324453+00:00,29.582,3,2,visits-service|api-gateway,False,GET,/api/visit/owners/1/pets/1/visits,200,0,0.0,1
2026-07-29T15:43:15.613888+00:00,50a79b5bfc08d9a8,2026-07-29T15:42:18.178072+00:00,175.267,4,2,api-gateway|vets-service,False,GET,/api/vet/vets,200,1,173.928,1
2026-07-29T15:43:15.613888+00:00,150e30bd8dedd920,2026-07-29T15:42:18.010179+00:00,18.212,3,2,api-gateway|visits-service,False,GET,/api/visit/owners/1/pets/1/visits,200,0,0.0,1
2026-07-29T15:43:15.613888+00:00,f1bc40bd869e872f,2026-07-29T15:42:17.842585+00:00,43.087,3,2,api-gateway|visits-service,False,GET,/api/visit/owners/1/pets/1/visits,200,0,0.0,1
2026-07-29T15:43:15.613888+00:00,b58a09ab98f2bb5a,2026-07-29T15:42:17.660418+00:00,45.648,3,2,visits-service|api-gateway,False,GET,/api/visit/owners/1/pets/1/visits,200,0,0.0,1
2026-07-29T15:43:15.613888+00:00,cd206a8830bd29b9,2026-07-29T15:42:17.490586+00:00,475.353,4,2,vets-service|api-gateway,False,GET,/api/vet/vets,200,1,463.6,1
2026-07-29T15:43:15.613888+00:00,b005b0b9bf2aabfb,2026-07-29T15:42:17.323215+00:00,43.433,3,2,visits-service|api-gateway,False,GET,/api/visit/owners/1/pets/1/visits,200,0,0.0,1
2026-07-29T15:43:15.613888+00:00,9091a48f32884baf,2026-07-29T15:42:17.160061+00:00,85.107,4,2,api-gateway|customers-service,False,GET,/api/customer/owners/1,200,1,83.833,1
2026-07-29T15:43:15.613888+00:00,c4798f690fc7d4f2,2026-07-29T15:42:17.011625+00:00,215.682,4,2,api-gateway|vets-service,False,GET,/api/vet/vets,200,1,214.447,1
2026-07-29T15:43:15.613888+00:00,111745e2242ee99b,2026-07-29T15:42:16.846232+00:00,73.019,4,2,api-gateway|customers-service,False,GET,/api/customer/owners/1,200,1,71.88,1
2026-07-29T15:43:15.613888+00:00,9ed7c2f215734d14,2026-07-29T15:42:16.657728+00:00,31.553,3,2,visits-service|api-gateway,False,GET,/api/visit/owners/1/pets/1/visits,200,0,0.0,1
2026-07-29T15:43:15.613888+00:00,fca2d61e83e4c983,2026-07-29T15:42:16.489858+00:00,186.005,4,2,vets-service|api-gateway,False,GET,/api/vet/vets,200,1,171.648,1
2026-07-29T15:43:15.613888+00:00,934ad50c5baa703b,2026-07-29T15:42:16.327607+00:00,89.569,4,2,api-gateway|customers-service,False,GET,/api/customer/owners/1,200,1,88.032,1
2026-07-29T15:43:15.613888+00:00,a606dfea3f7f1589,2026-07-29T15:42:16.176880+00:00,24.596,3,2,api-gateway|visits-service,False,GET,/api/visit/owners/1/pets/1/visits,200,0,0.0,1
2026-07-29T15:43:15.613888+00:00,270f1d3b297ce02f,2026-07-29T15:42:16.009331+00:00,74.582,4,2,api-gateway|customers-service,False,GET,/api/customer/owners/1,200,1,73.41,1
2026-07-29T15:44:15.622870+00:00,a319f9ce1c5b8435,2026-07-29T15:44:15.656933+00:00,33.647,2,1,api-gateway,False,GET,/api/visit/owners/1/pets/1/visits,200,0,0.0,1
2026-07-29T15:44:15.622870+00:00,ddae71225c9aa525,2026-07-29T15:44:15.490525+00:00,33.534,3,2,visits-service|api-gateway,False,GET,/api/visit/owners/1/pets/1/visits,200,0,0.0,1
2026-07-29T15:44:15.622870+00:00,39ebb725d408b1da,2026-07-29T15:44:15.324273+00:00,56.09,4,2,api-gateway|customers-service,False,GET,/api/customer/owners/1,200,1,52.329,1
2026-07-29T15:44:15.622870+00:00,47e7be27212ad616,2026-07-29T15:44:15.157054+00:00,59.794,4,2,api-gateway|customers-service,False,GET,/api/customer/owners/1,200,1,55.729,1
2026-07-29T15:44:15.622870+00:00,f9a15dca42958462,2026-07-29T15:44:14.990913+00:00,145.2,4,2,vets-service|api-gateway,False,GET,/api/vet/vets,200,1,133.77,1
2026-07-29T15:44:15.622870+00:00,8b79c6e1f4c86110,2026-07-29T15:44:14.824028+00:00,187.471,4,2,api-gateway|customers-service,False,GET,/api/customer/owners,200,1,177.593,1
2026-07-29T15:44:15.622870+00:00,998799dd82a39002,2026-07-29T15:44:14.657619+00:00,216.774,4,2,api-gateway|customers-service,False,GET,/api/customer/owners,200,1,205.029,1
2026-07-29T15:44:15.622870+00:00,70ffcb5d95f5ba58,2026-07-29T15:44:14.490085+00:00,197.426,4,2,api-gateway|customers-service,False,GET,/api/customer/owners,200,1,184.092,1
2026-07-29T15:44:15.622870+00:00,160b9b7c72a63885,2026-07-29T15:44:14.346132+00:00,120.788,4,2,api-gateway|vets-service,False,GET,/api/vet/vets,200,1,119.495,1
2026-07-29T15:44:15.622870+00:00,445bdb52abde8c7d,2026-07-29T15:44:14.157908+00:00,76.744,4,2,api-gateway|customers-service,False,GET,/api/customer/owners/1,200,1,63.309,1
2026-07-29T15:44:15.622870+00:00,cd48dc957362043c,2026-07-29T15:44:13.990958+00:00,30.437,3,2,visits-service|api-gateway,False,GET,/api/visit/owners/1/pets/1/visits,200,0,0.0,1
2026-07-29T15:44:15.622870+00:00,0263091ceabf3560,2026-07-29T15:44:13.845563+00:00,21.334,3,2,api-gateway|visits-service,False,GET,/api/visit/owners/1/pets/1/visits,200,0,0.0,1
2026-07-29T15:44:15.622870+00:00,e04003b13d015a33,2026-07-29T15:44:13.678932+00:00,147.032,4,2,api-gateway|vets-service,False,GET,/api/vet/vets,200,1,145.765,1
2026-07-29T15:44:15.622870+00:00,e2af7fdea3732bf0,2026-07-29T15:44:13.492231+00:00,181.755,4,2,api-gateway|customers-service,False,GET,/api/customer/owners,200,1,180.45,1
2026-07-29T15:44:15.622870+00:00,e6cdd5b87f28e869,2026-07-29T15:44:13.325465+00:00,201.049,4,2,api-gateway|customers-service,False,GET,/api/customer/owners,200,1,199.857,1
2026-07-29T15:44:15.622870+00:00,77e88d91e0cb976d,2026-07-29T15:44:13.157765+00:00,162.929,4,2,api-gateway|customers-service,False,GET,/api/customer/owners,200,1,158.461,1
2026-07-29T15:44:15.622870+00:00,3f34efc8a99ac8f1,2026-07-29T15:44:12.990668+00:00,80.249,4,2,api-gateway|customers-service,False,GET,/api/customer/owners/1,200,1,66.439,1
2026-07-29T15:44:15.622870+00:00,25e8cadcb4133156,2026-07-29T15:44:12.824844+00:00,216.152,4,2,api-gateway|customers-service,False,GET,/api/customer/owners,200,1,202.603,1
2026-07-29T15:44:15.622870+00:00,ea0165c9cff52abd,2026-07-29T15:44:12.679230+00:00,236.06,4,2,api-gateway|customers-service,False,GET,/api/customer/owners,200,1,234.937,1
2026-07-29T15:44:15.622870+00:00,f250e712c6aa8d3a,2026-07-29T15:44:12.492165+00:00,164.382,4,2,api-gateway|customers-service,False,GET,/api/customer/owners,200,1,163.133,1
2026-07-29T15:44:15.622870+00:00,543efdd07c180010,2026-07-29T15:44:12.345690+00:00,136.487,4,2,api-gateway|vets-service,False,GET,/api/vet/vets,200,1,135.535,1
2026-07-29T15:44:15.622870+00:00,5f0cc89f40918c22,2026-07-29T15:44:12.157955+00:00,177.191,4,2,api-gateway|customers-service,False,GET,/api/customer/owners,200,1,172.529,1
2026-07-29T15:44:15.622870+00:00,4da9eabf07222af9,2026-07-29T15:44:11.990957+00:00,74.073,4,2,api-gateway|customers-service,False,GET,/api/customer/owners/1,200,1,68.191,1
2026-07-29T15:44:15.622870+00:00,4aea458ba5a3ea24,2026-07-29T15:44:11.823730+00:00,187.472,4,2,api-gateway|customers-service,False,GET,/api/customer/owners,200,1,173.898,1
2026-07-29T15:44:15.622870+00:00,d2b3f03df9a0731e,2026-07-29T15:44:11.683478+00:00,212.16,4,2,api-gateway|customers-service,False,GET,/api/customer/owners,200,1,211.091,1
2026-07-29T15:44:15.622870+00:00,e0111f918a5e4587,2026-07-29T15:44:11.490132+00:00,215.558,4,2,api-gateway|customers-service,False,GET,/api/customer/owners,200,1,201.468,1
2026-07-29T15:44:15.622870+00:00,01cb97b111a1c69b,2026-07-29T15:44:11.327887+00:00,203.956,4,2,api-gateway|customers-service,False,GET,/api/customer/owners,200,1,201.83,1
2026-07-29T15:44:15.622870+00:00,40b1c2ba9ec474bf,2026-07-29T15:44:11.157718+00:00,183.937,4,2,api-gateway|customers-service,False,GET,/api/customer/owners,200,1,178.095,1
2026-07-29T15:44:15.622870+00:00,6692c9ebbd95297d,2026-07-29T15:44:10.990234+00:00,79.478,4,2,api-gateway|customers-service,False,GET,/api/customer/owners/1,200,1,73.961,1
2026-07-29T15:44:15.622870+00:00,d0858d81f14a5021,2026-07-29T15:44:10.823484+00:00,120.488,4,2,api-gateway|customers-service,False,GET,/api/customer/owners/1,200,1,108.215,1
2026-07-29T15:44:15.622870+00:00,2ffce275700c4133,2026-07-29T15:44:10.681822+00:00,52.166,3,2,api-gateway|visits-service,False,GET,/api/visit/owners/1/pets/1/visits,200,0,0.0,1
2026-07-29T15:44:15.622870+00:00,64677f81b6df160e,2026-07-29T15:44:10.490793+00:00,47.825,3,2,visits-service|api-gateway,False,GET,/api/visit/owners/1/pets/1/visits,200,0,0.0,1
2026-07-29T15:44:15.622870+00:00,bb26039e439aedaa,2026-07-29T15:44:10.347408+00:00,123.619,4,2,api-gateway|vets-service,False,GET,/api/vet/vets,200,1,122.262,1
2026-07-29T15:44:15.622870+00:00,99f5d5edb4857771,2026-07-29T15:44:10.157576+00:00,83.556,4,2,api-gateway|customers-service,False,GET,/api/customer/owners/1,200,1,69.132,1
2026-07-29T15:44:15.622870+00:00,05366ea9c208459b,2026-07-29T15:44:09.991036+00:00,241.455,4,2,api-gateway|customers-service,False,GET,/api/customer/owners,200,1,226.576,1
2026-07-29T15:44:15.622870+00:00,43be567e3a65b829,2026-07-29T15:44:09.847475+00:00,19.321,3,2,api-gateway|visits-service,False,GET,/api/visit/owners/1/pets/1/visits,200,0,0.0,1
2026-07-29T15:44:15.622870+00:00,adce216c505710dd,2026-07-29T15:44:09.681159+00:00,141.452,4,2,api-gateway|vets-service,False,GET,/api/vet/vets,200,1,140.221,1
2026-07-29T15:44:15.622870+00:00,95e30476f7186afc,2026-07-29T15:44:09.513349+00:00,118.872,4,2,api-gateway|vets-service,False,GET,/api/vet/vets,200,1,117.58,1
2026-07-29T15:44:15.622870+00:00,439e334477185c4e,2026-07-29T15:44:09.324028+00:00,28.651,3,2,visits-service|api-gateway,False,GET,/api/visit/owners/1/pets/1/visits,200,0,0.0,1
2026-07-29T15:44:15.622870+00:00,6d27bcd98554e475,2026-07-29T15:44:09.160412+00:00,329.525,4,2,api-gateway|customers-service,False,GET,/api/customer/owners,200,1,327.716,1
2026-07-29T15:44:15.622870+00:00,35fefc67fb837022,2026-07-29T15:44:08.991292+00:00,349.326,4,2,api-gateway|customers-service,False,GET,/api/customer/owners/1,200,1,344.365,1
2026-07-29T15:44:15.622870+00:00,01815326401f8e61,2026-07-29T15:44:08.828018+00:00,600.314,4,2,api-gateway|customers-service,False,GET,/api/customer/owners,200,1,599.023,1
2026-07-29T15:44:15.622870+00:00,0a9407ad4a001629,2026-07-29T15:44:08.681027+00:00,691.732,4,2,api-gateway|vets-service,False,GET,/api/vet/vets,200,1,690.761,1
2026-07-29T15:44:15.622870+00:00,f043813c4b1a3f99,2026-07-29T15:44:08.513577+00:00,128.611,3,2,api-gateway|visits-service,False,GET,/api/visit/owners/1/pets/1/visits,200,0,0.0,1
2026-07-29T15:44:15.622870+00:00,c6e7ccd0f5576149,2026-07-29T15:44:08.323999+00:00,772.123,4,2,vets-service|api-gateway,False,GET,/api/vet/vets,200,1,758.53,1
2026-07-29T15:44:15.622870+00:00,de612fe65f1a1c88,2026-07-29T15:44:08.157059+00:00,1176.358,4,2,api-gateway|customers-service,False,GET,/api/customer/owners,200,1,1165.665,1
2026-07-29T15:44:15.622870+00:00,e72fa75526cc8ce4,2026-07-29T15:44:07.990714+00:00,164.349,3,2,visits-service|api-gateway,False,GET,/api/visit/owners/1/pets/1/visits,200,0,0.0,1
2026-07-29T15:44:15.622870+00:00,24d026f507a3b7db,2026-07-29T15:44:07.824019+00:00,331.297,4,2,api-gateway|customers-service,False,GET,/api/customer/owners/1,200,1,326.288,1
2026-07-29T15:44:15.622870+00:00,b58a97bd3116db64,2026-07-29T15:44:07.677765+00:00,949.555,4,2,api-gateway|vets-service,False,GET,/api/vet/vets,200,1,948.222,1
2026-07-29T15:44:15.622870+00:00,bc4e77535170d966,2026-07-29T15:44:07.510638+00:00,915.083,4,2,api-gateway|vets-service,False,GET,/api/vet/vets,200,1,913.974,1
2026-07-29T15:44:15.622870+00:00,997dec3cd16cd172,2026-07-29T15:44:07.323965+00:00,1091.364,4,2,api-gateway|customers-service,False,GET,/api/customer/owners,200,1,1080.298,1
2026-07-29T15:44:15.622870+00:00,40bad48bf8b46c75,2026-07-29T15:44:07.179883+00:00,33.249,3,2,api-gateway|visits-service,False,GET,/api/visit/owners/1/pets/1/visits,200,0,0.0,1
2026-07-29T15:44:15.622870+00:00,27ce1e33f7e80360,2026-07-29T15:44:06.990922+00:00,1397.904,4,2,api-gateway|customers-service,False,GET,/api/customer/owners,200,1,1384.009,1
2026-07-29T15:44:15.622870+00:00,ac22358fcf76016d,2026-07-29T15:44:06.846749+00:00,858.842,4,2,api-gateway|vets-service,False,GET,/api/vet/vets,200,1,857.846,1
2026-07-29T15:44:15.622870+00:00,b652c3b9d42fba6e,2026-07-29T15:44:06.657594+00:00,1488.311,4,2,api-gateway|customers-service,False,GET,/api/customer/owners,200,1,1481.48,1
2026-07-29T15:44:15.622870+00:00,68fccd17740e9a31,2026-07-29T15:44:06.491028+00:00,1434.509,4,2,api-gateway|customers-service,False,GET,/api/customer/owners,200,1,1429.459,1
2026-07-29T15:44:15.622870+00:00,2eac130f8c408e95,2026-07-29T15:44:06.326109+00:00,615.552,4,2,api-gateway|customers-service,False,GET,/api/customer/owners/1,200,1,604.935,1
2026-07-29T15:44:15.622870+00:00,44e6e29b00b10e17,2026-07-29T15:44:06.156960+00:00,1530.62,4,2,api-gateway|customers-service,False,GET,/api/customer/owners,200,1,1517.636,1
2026-07-29T15:44:15.622870+00:00,e99a11c0dad7abdd,2026-07-29T15:44:05.993383+00:00,1424.46,4,2,api-gateway|customers-service,False,GET,/api/customer/owners,200,1,1423.019,1
2026-07-29T15:44:15.622870+00:00,fce239148bdc5607,2026-07-29T15:44:05.845692+00:00,754.131,4,2,api-gateway|vets-service,False,GET,/api/vet/vets,200,1,752.866,1
2026-07-29T15:44:15.622870+00:00,3b9d75232a8d477d,2026-07-29T15:44:05.657197+00:00,469.192,4,2,api-gateway|customers-service,False,GET,/api/customer/owners/1,200,1,458.056,1
2026-07-29T15:44:15.622870+00:00,0de87ae659c500dc,2026-07-29T15:44:05.490594+00:00,128.983,3,2,visits-service|api-gateway,False,GET,/api/visit/owners/1/pets/1/visits,200,0,0.0,1
2026-07-29T15:44:15.622870+00:00,193dca31f5bc0a69,2026-07-29T15:44:05.346436+00:00,52.361,3,2,api-gateway|visits-service,False,GET,/api/visit/owners/1/pets/1/visits,200,0,0.0,1
2026-07-29T15:44:15.622870+00:00,6c9bcf20bb084447,2026-07-29T15:44:05.157649+00:00,45.309,3,2,visits-service|api-gateway,False,GET,/api/visit/owners/1/pets/1/visits,200,0,0.0,1
2026-07-29T15:44:15.622870+00:00,f7a195ce7e54fc36,2026-07-29T15:44:04.994376+00:00,877.019,4,2,api-gateway|customers-service,False,GET,/api/customer/owners,200,1,874.968,1
2026-07-29T15:44:15.622870+00:00,897b22327cdf5f8a,2026-07-29T15:44:04.824484+00:00,182.741,3,2,visits-service|api-gateway,False,GET,/api/visit/owners/1/pets/1/visits,200,0,0.0,1
2026-07-29T15:44:15.622870+00:00,be348c92395f4230,2026-07-29T15:44:04.660073+00:00,953.879,4,2,api-gateway|customers-service,False,GET,/api/customer/owners,200,1,952.295,1
2026-07-29T15:44:15.622870+00:00,9fe85c564e937519,2026-07-29T15:44:04.515956+00:00,323.195,4,2,api-gateway|vets-service,False,GET,/api/vet/vets,200,1,321.877,1
2026-07-29T15:44:15.622870+00:00,70bb6afba23d854a,2026-07-29T15:44:04.324286+00:00,35.096,3,2,visits-service|api-gateway,False,GET,/api/visit/owners/1/pets/1/visits,200,0,0.0,1
2026-07-29T15:44:15.622870+00:00,9f83a9bfb691e280,2026-07-29T15:44:04.180764+00:00,149.924,4,2,api-gateway|vets-service,False,GET,/api/vet/vets,200,1,148.612,1
2026-07-29T15:44:15.622870+00:00,90e83167a32757d5,2026-07-29T15:44:03.990214+00:00,32.944,3,2,visits-service|api-gateway,False,GET,/api/visit/owners/1/pets/1/visits,200,0,0.0,1
2026-07-29T15:44:15.622870+00:00,cf508887352f3dbf,2026-07-29T15:44:03.824483+00:00,93.586,4,2,api-gateway|customers-service,False,GET,/api/customer/owners/1,200,1,78.154,1
2026-07-29T15:44:15.622870+00:00,d7466ebeb9e89083,2026-07-29T15:44:03.657533+00:00,95.299,4,2,api-gateway|customers-service,False,GET,/api/customer/owners/1,200,1,79.627,1
2026-07-29T15:44:15.622870+00:00,bf2d019d5a9ba241,2026-07-29T15:44:03.513303+00:00,164.414,4,2,api-gateway|vets-service,False,GET,/api/vet/vets,200,1,163.041,1
2026-07-29T15:44:15.622870+00:00,18c6cd3d8369ce5f,2026-07-29T15:44:03.327535+00:00,86.405,4,2,api-gateway|customers-service,False,GET,/api/customer/owners/1,200,1,84.506,1
2026-07-29T15:44:15.622870+00:00,752b036063a7bb2d,2026-07-29T15:44:03.157297+00:00,265.981,3,2,visits-service|api-gateway,False,GET,/api/visit/owners/1/pets/1/visits,200,0,0.0,1
2026-07-29T15:44:15.622870+00:00,6390a7edd272888a,2026-07-29T15:44:02.990673+00:00,25.512,3,2,visits-service|api-gateway,False,GET,/api/visit/owners/1/pets/1/visits,200,0,0.0,1
2026-07-29T15:44:15.622870+00:00,ab6f6a9999333429,2026-07-29T15:44:02.844496+00:00,19.587,3,2,api-gateway|visits-service,False,GET,/api/visit/owners/1/pets/1/visits,200,0,0.0,1
2026-07-29T15:44:15.622870+00:00,75a158e3b830ae8a,2026-07-29T15:44:02.680205+00:00,18.848,3,2,api-gateway|visits-service,False,GET,/api/visit/owners/1/pets/1/visits,200,0,0.0,1
2026-07-29T15:44:15.622870+00:00,02344eced1372c0d,2026-07-29T15:44:02.490018+00:00,200.41,4,2,api-gateway|customers-service,False,GET,/api/customer/owners,200,1,186.427,1
2026-07-29T15:44:15.622870+00:00,5133d4f90359fb2b,2026-07-29T15:44:02.326287+00:00,67.799,4,2,api-gateway|customers-service,False,GET,/api/customer/owners/1,200,1,67.799,1
2026-07-29T15:44:15.622870+00:00,9e4c603d2066649f,2026-07-29T15:44:02.157123+00:00,75.966,4,2,api-gateway|customers-service,False,GET,/api/customer/owners/1,200,1,72.363,1
2026-07-29T15:44:15.622870+00:00,9c7f99753fb8f90f,2026-07-29T15:44:01.990723+00:00,185.266,4,2,api-gateway|customers-service,False,GET,/api/customer/owners,200,1,173.478,1
2026-07-29T15:44:15.622870+00:00,4fc003410ce18b60,2026-07-29T15:44:01.824589+00:00,150.602,4,2,vets-service|api-gateway,False,GET,/api/vet/vets,200,1,136.997,1
2026-07-29T15:44:15.622870+00:00,f1e30329ca16793e,2026-07-29T15:44:01.656863+00:00,83.139,4,2,api-gateway|customers-service,False,GET,/api/customer/owners/1,200,1,72.602,1
2026-07-29T15:44:15.622870+00:00,9c693d34d95fed90,2026-07-29T15:44:01.493686+00:00,70.514,4,2,api-gateway|customers-service,False,GET,/api/customer/owners/1,200,1,68.884,1
2026-07-29T15:44:15.622870+00:00,fd121167dafe0f2d,2026-07-29T15:44:01.346385+00:00,144.89,4,2,api-gateway|vets-service,False,GET,/api/vet/vets,200,1,143.627,1
2026-07-29T15:44:15.622870+00:00,23233fbdb282b0ee,2026-07-29T15:44:01.157892+00:00,39.183,3,2,visits-service|api-gateway,False,GET,/api/visit/owners/1/pets/1/visits,200,0,0.0,1
2026-07-29T15:44:15.622870+00:00,c0923619f4d75b1e,2026-07-29T15:44:00.990106+00:00,197.034,4,2,api-gateway|customers-service,False,GET,/api/customer/owners,200,1,182.858,1
2026-07-29T15:44:15.622870+00:00,bad93c34e3e39170,2026-07-29T15:44:00.844544+00:00,20.815,3,2,api-gateway|visits-service,False,GET,/api/visit/owners/1/pets/1/visits,200,0,0.0,1
2026-07-29T15:44:15.622870+00:00,5e8e5ab50b901dc4,2026-07-29T15:44:00.660277+00:00,117.923,4,2,api-gateway|customers-service,False,GET,/api/customer/owners/1,200,1,116.497,1
2026-07-29T15:44:15.622870+00:00,ea2bcb6ecf6c4bb2,2026-07-29T15:44:00.491200+00:00,71.9,3,2,visits-service|api-gateway,False,GET,/api/visit/owners/1/pets/1/visits,200,0,0.0,1
2026-07-29T15:44:15.622870+00:00,a34570eacf0c9677,2026-07-29T15:44:00.346407+00:00,237.812,4,2,api-gateway|vets-service,False,GET,/api/vet/vets,200,1,237.021,1
2026-07-29T15:44:15.622870+00:00,fe329a4997319918,2026-07-29T15:44:00.157703+00:00,122.245,4,2,api-gateway|customers-service,False,GET,/api/customer/owners/1,200,1,108.935,1
2026-07-29T15:44:15.622870+00:00,70c3958ae68076f6,2026-07-29T15:43:59.989751+00:00,298.663,4,2,api-gateway|customers-service,False,GET,/api/customer/owners,200,1,294.248,1
2026-07-29T15:44:15.622870+00:00,4a8046710527810c,2026-07-29T15:43:59.826415+00:00,105.803,4,2,api-gateway|customers-service,False,GET,/api/customer/owners/1,200,1,94.435,1
2026-07-29T15:44:15.622870+00:00,76351083a636ff21,2026-07-29T15:43:59.657564+00:00,270.34,4,2,api-gateway|customers-service,False,GET,/api/customer/owners,200,1,266.968,1
2026-07-29T15:44:15.622870+00:00,584dc8e540907467,2026-07-29T15:43:59.512631+00:00,24.711,3,2,api-gateway|visits-service,False,GET,/api/visit/owners/1/pets/1/visits,200,0,0.0,1
2026-07-29T15:44:15.622870+00:00,35026be581dabbde,2026-07-29T15:43:59.323772+00:00,104.246,4,2,api-gateway|customers-service,False,GET,/api/customer/owners/1,200,1,92.928,1
2026-07-29T15:44:15.622870+00:00,651ff7101408aa5f,2026-07-29T15:43:59.157703+00:00,39.804,3,2,visits-service|api-gateway,False,GET,/api/visit/owners/1/pets/1/visits,200,0,0.0,1
2026-07-29T15:44:15.622870+00:00,1b727ad7280f937d,2026-07-29T15:43:59.013615+00:00,168.935,4,2,api-gateway|vets-service,False,GET,/api/vet/vets,200,1,167.86,1
2026-07-29T15:44:15.622870+00:00,94f5f40650a6d120,2026-07-29T15:43:58.824509+00:00,202.604,4,2,vets-service|api-gateway,False,GET,/api/vet/vets,200,1,187.639,1
2026-07-29T15:44:15.622870+00:00,487eee3168686ee5,2026-07-29T15:43:58.679815+00:00,187.1,4,2,api-gateway|vets-service,False,GET,/api/vet/vets,200,1,185.797,1
2026-07-29T15:44:15.622870+00:00,fe45aaf12ed80aef,2026-07-29T15:43:58.491317+00:00,449.611,4,2,api-gateway|customers-service,False,GET,/api/customer/owners,200,1,443.547,1
2026-07-29T15:44:15.622870+00:00,80467f17fdf1197f,2026-07-29T15:43:58.324083+00:00,191.143,4,2,api-gateway|customers-service,False,GET,/api/customer/owners,200,1,177.447,1
2026-07-29T15:44:15.622870+00:00,3e8b9f161335fcdf,2026-07-29T15:43:58.156954+00:00,182.699,4,2,api-gateway|customers-service,False,GET,/api/customer/owners,200,1,178.345,1
2026-07-29T15:44:15.622870+00:00,0781af8d9e4498d2,2026-07-29T15:43:58.011640+00:00,138.713,4,2,api-gateway|vets-service,False,GET,/api/vet/vets,200,1,137.509,1
2026-07-29T15:44:15.622870+00:00,a356ad80b06c3aab,2026-07-29T15:43:57.823492+00:00,190.756,4,2,api-gateway|customers-service,False,GET,/api/customer/owners,200,1,178.527,1
2026-07-29T15:44:15.622870+00:00,f1ca5b9e3bbfdb29,2026-07-29T15:43:57.679019+00:00,128.009,4,2,api-gateway|vets-service,False,GET,/api/vet/vets,200,1,126.77,1
2026-07-29T15:44:15.622870+00:00,5628e8230a4554d6,2026-07-29T15:43:57.512385+00:00,148.493,4,2,api-gateway|vets-service,False,GET,/api/vet/vets,200,1,147.214,1
2026-07-29T15:44:15.622870+00:00,e752377635e77b1a,2026-07-29T15:43:57.347527+00:00,20.971,3,2,api-gateway|visits-service,False,GET,/api/visit/owners/1/pets/1/visits,200,0,0.0,1
2026-07-29T15:44:15.622870+00:00,bee325d3b8cd9748,2026-07-29T15:43:57.157494+00:00,186.719,4,2,api-gateway|customers-service,False,GET,/api/customer/owners,200,1,179.795,1
2026-07-29T15:44:15.622870+00:00,aabdc19801ee2309,2026-07-29T15:43:56.990335+00:00,194.075,4,2,api-gateway|customers-service,False,GET,/api/customer/owners,200,1,179.274,1
2026-07-29T15:44:15.622870+00:00,93fab868baeea48d,2026-07-29T15:43:56.824811+00:00,210.962,4,2,api-gateway|customers-service,False,GET,/api/customer/owners,200,1,205.594,1
2026-07-29T15:44:15.622870+00:00,16cb6135f5eb1dc7,2026-07-29T15:43:56.678724+00:00,77.452,4,2,api-gateway|customers-service,False,GET,/api/customer/owners/1,200,1,76.342,1
2026-07-29T15:44:15.622870+00:00,70c4e1310034d4a4,2026-07-29T15:43:56.490822+00:00,109.256,4,2,api-gateway|customers-service,False,GET,/api/customer/owners/1,200,1,95.772,1
2026-07-29T15:44:15.622870+00:00,1bc17868370a0445,2026-07-29T15:43:56.327450+00:00,322.85,4,2,api-gateway|customers-service,False,GET,/api/customer/owners/1,200,1,321.545,1
2026-07-29T15:44:15.622870+00:00,cda083a54d2f8c29,2026-07-29T15:43:56.157904+00:00,117.316,4,2,api-gateway|customers-service,False,GET,/api/customer/owners/1,200,1,111.476,1
2026-07-29T15:44:15.622870+00:00,d57ff986e38fbdf8,2026-07-29T15:43:55.990861+00:00,30.25,3,2,visits-service|api-gateway,False,GET,/api/visit/owners/1/pets/1/visits,200,0,0.0,1
2026-07-29T15:44:15.622870+00:00,b688c2b2d3bd0643,2026-07-29T15:43:55.845083+00:00,12.74,3,2,api-gateway|visits-service,False,GET,/api/visit/owners/1/pets/1/visits,200,0,0.0,1
2026-07-29T15:44:15.622870+00:00,8feea938e8102978,2026-07-29T15:43:55.679167+00:00,31.357,3,2,api-gateway|visits-service,False,GET,/api/visit/owners/1/pets/1/visits,200,0,0.0,1
2026-07-29T15:44:15.622870+00:00,5ec0cc770779acdd,2026-07-29T15:43:55.513324+00:00,37.036,3,2,api-gateway|visits-service,False,GET,/api/visit/owners/1/pets/1/visits,200,0,0.0,1
2026-07-29T15:44:15.622870+00:00,d7e6e93a26d6d957,2026-07-29T15:43:55.346617+00:00,163.154,4,2,api-gateway|vets-service,False,GET,/api/vet/vets,200,1,161.917,1
2026-07-29T15:44:15.622870+00:00,e15285c857d53a9f,2026-07-29T15:43:55.157426+00:00,230.146,4,2,api-gateway|customers-service,False,GET,/api/customer/owners,200,1,217.631,1
2026-07-29T15:44:15.622870+00:00,071c74561c8b3de4,2026-07-29T15:43:54.991952+00:00,33.035,3,2,visits-service|api-gateway,False,GET,/api/visit/owners/1/pets/1/visits,200,0,0.0,1
2026-07-29T15:44:15.622870+00:00,2d28dd64e003714c,2026-07-29T15:43:54.824037+00:00,156.529,4,2,vets-service|api-gateway,False,GET,/api/vet/vets,200,1,144.356,1
2026-07-29T15:44:15.622870+00:00,d7eddb72c1261468,2026-07-29T15:43:54.679699+00:00,131.102,4,2,api-gateway|vets-service,False,GET,/api/vet/vets,200,1,129.813,1
2026-07-29T15:44:15.622870+00:00,1d8b16a97923fd4a,2026-07-29T15:43:54.510991+00:00,22.075,3,2,api-gateway|visits-service,False,GET,/api/visit/owners/1/pets/1/visits,200,0,0.0,1
2026-07-29T15:44:15.622870+00:00,5c00c6bb64ceeb4c,2026-07-29T15:43:54.326286+00:00,69.626,4,2,api-gateway|customers-service,False,GET,/api/customer/owners/1,200,1,69.626,1
2026-07-29T15:44:15.622870+00:00,bcd15b0d2d7dfe9a,2026-07-29T15:43:54.157865+00:00,93.065,4,2,api-gateway|customers-service,False,GET,/api/customer/owners/1,200,1,80.418,1
2026-07-29T15:44:15.622870+00:00,2413aa12e47166ac,2026-07-29T15:43:53.990858+00:00,83.234,4,2,api-gateway|customers-service,False,GET,/api/customer/owners/1,200,1,71.276,1
2026-07-29T15:44:15.622870+00:00,8c4b26b3a8ed5e29,2026-07-29T15:43:53.824347+00:00,180.376,4,2,api-gateway|customers-service,False,GET,/api/customer/owners,200,1,175.257,1
2026-07-29T15:44:15.622870+00:00,9bf45b39b4a7adc2,2026-07-29T15:43:53.660314+00:00,76.631,4,2,api-gateway|customers-service,False,GET,/api/customer/owners/1,200,1,74.943,1
2026-07-29T15:44:15.622870+00:00,24964e8345a78361,2026-07-29T15:43:53.490392+00:00,76.895,4,2,api-gateway|customers-service,False,GET,/api/customer/owners/1,200,1,62.68,1
2026-07-29T15:44:15.622870+00:00,7d68bfea626cd7e2,2026-07-29T15:43:53.324821+00:00,39.411,3,2,visits-service|api-gateway,False,GET,/api/visit/owners/1/pets/1/visits,200,0,0.0,1
2026-07-29T15:44:15.622870+00:00,f5b35068de025c64,2026-07-29T15:43:53.157481+00:00,85.151,4,2,api-gateway|customers-service,False,GET,/api/customer/owners/1,200,1,79.131,1
2026-07-29T15:44:15.622870+00:00,b707ca595532fadb,2026-07-29T15:43:53.013735+00:00,131.775,4,2,api-gateway|vets-service,False,GET,/api/vet/vets,200,1,130.502,1
2026-07-29T15:44:15.622870+00:00,df0dcfbbb5d171bf,2026-07-29T15:43:52.823502+00:00,162.626,4,2,vets-service|api-gateway,False,GET,/api/vet/vets,200,1,145.456,1
2026-07-29T15:44:15.622870+00:00,11488d6d0d7b2622,2026-07-29T15:43:52.679342+00:00,69.689,4,2,api-gateway|customers-service,False,GET,/api/customer/owners/1,200,1,68.56,1
2026-07-29T15:44:15.622870+00:00,f4b504d4b1b101ae,2026-07-29T15:43:52.490755+00:00,188.766,4,2,api-gateway|customers-service,False,GET,/api/customer/owners,200,1,175.869,1
2026-07-29T15:44:15.622870+00:00,1c4a467296fc54ec,2026-07-29T15:43:52.344556+00:00,25.118,3,2,api-gateway|visits-service,False,GET,/api/visit/owners/1/pets/1/visits,200,0,0.0,1
2026-07-29T15:44:15.622870+00:00,6dfc17ba12ed5ce0,2026-07-29T15:43:52.160738+00:00,200.499,4,2,api-gateway|customers-service,False,GET,/api/customer/owners,200,1,199.286,1
2026-07-29T15:44:15.622870+00:00,e96e08f7b3299b14,2026-07-29T15:43:51.990647+00:00,77.322,4,2,api-gateway|customers-service,False,GET,/api/customer/owners/1,200,1,70.873,1
2026-07-29T15:44:15.622870+00:00,5811c4b1fb40fb27,2026-07-29T15:43:51.823748+00:00,196.752,4,2,api-gateway|customers-service,False,GET,/api/customer/owners,200,1,183.557,1
2026-07-29T15:44:15.622870+00:00,22b623776735fb0c,2026-07-29T15:43:51.657400+00:00,207.813,4,2,api-gateway|customers-service,False,GET,/api/customer/owners,200,1,204.824,1
2026-07-29T15:44:15.622870+00:00,0e2907d5cc999514,2026-07-29T15:43:51.492220+00:00,23.823,3,2,visits-service|api-gateway,False,GET,/api/visit/owners/1/pets/1/visits,200,0,0.0,1
2026-07-29T15:44:15.622870+00:00,87de8100a78435a8,2026-07-29T15:43:51.347318+00:00,24.024,3,2,api-gateway|visits-service,False,GET,/api/visit/owners/1/pets/1/visits,200,0,0.0,1
2026-07-29T15:44:15.622870+00:00,e6b421bd0dea394b,2026-07-29T15:43:51.157617+00:00,168.653,4,2,api-gateway|customers-service,False,GET,/api/customer/owners,200,1,155.75,1
2026-07-29T15:44:15.622870+00:00,1b4301fb1e58fe3e,2026-07-29T15:43:50.990376+00:00,37.609,3,2,visits-service|api-gateway,False,GET,/api/visit/owners/1/pets/1/visits,200,0,0.0,1
2026-07-29T15:44:15.622870+00:00,2299954fe5c94294,2026-07-29T15:43:50.824810+00:00,74.269,4,2,api-gateway|customers-service,False,GET,/api/customer/owners/1,200,1,59.474,1
2026-07-29T15:44:15.622870+00:00,038743d43db9740c,2026-07-29T15:43:50.660907+00:00,78.769,4,2,api-gateway|customers-service,False,GET,/api/customer/owners/1,200,1,77.007,1
2026-07-29T15:44:15.622870+00:00,1e7d01a4e207c144,2026-07-29T15:43:50.498023+00:00,73.807,4,2,api-gateway|customers-service,False,GET,/api/customer/owners/1,200,1,72.791,1
2026-07-29T15:44:15.622870+00:00,a105b220fbb4883f,2026-07-29T15:43:50.324055+00:00,191.033,4,2,api-gateway|customers-service,False,GET,/api/customer/owners,200,1,178.548,1
2026-07-29T15:44:15.622870+00:00,faa8175f5963d9c3,2026-07-29T15:43:50.178948+00:00,150.173,4,2,api-gateway|vets-service,False,GET,/api/vet/vets,200,1,148.717,1
2026-07-29T15:44:15.622870+00:00,ad5ae686c33520a6,2026-07-29T15:43:50.013831+00:00,21.208,3,2,api-gateway|visits-service,False,GET,/api/visit/owners/1/pets/1/visits,200,0,0.0,1
2026-07-29T15:44:15.622870+00:00,cba7bafb4ce2f7fd,2026-07-29T15:43:49.824471+00:00,194.015,4,2,api-gateway|customers-service,False,GET,/api/customer/owners,200,1,188.991,1
2026-07-29T15:44:15.622870+00:00,7b006169496f64bd,2026-07-29T15:43:49.677671+00:00,180.412,4,2,api-gateway|customers-service,False,GET,/api/customer/owners,200,1,179.156,1
2026-07-29T15:44:15.622870+00:00,8ce607440c768099,2026-07-29T15:43:49.492457+00:00,77.705,4,2,api-gateway|customers-service,False,GET,/api/customer/owners/1,200,1,76.155,1
2026-07-29T15:44:15.622870+00:00,752a98e853a5dc69,2026-07-29T15:43:49.324089+00:00,248.351,4,2,api-gateway|customers-service,False,GET,/api/customer/owners,200,1,235.397,1
2026-07-29T15:44:15.622870+00:00,f8f994d499f93a0f,2026-07-29T15:43:49.157274+00:00,68.981,4,2,api-gateway|customers-service,False,GET,/api/customer/owners/1,200,1,65.728,1
2026-07-29T15:44:15.622870+00:00,bc94b4b0b9cfc9d9,2026-07-29T15:43:48.990028+00:00,35.502,3,2,visits-service|api-gateway,False,GET,/api/visit/owners/1/pets/1/visits,200,0,0.0,1
2026-07-29T15:44:15.622870+00:00,88eb59800b51ebe8,2026-07-29T15:43:48.823665+00:00,34.683,3,2,visits-service|api-gateway,False,GET,/api/visit/owners/1/pets/1/visits,200,0,0.0,1
2026-07-29T15:44:15.622870+00:00,12878a086fad308c,2026-07-29T15:43:48.680699+00:00,501.818,4,2,api-gateway|vets-service,False,GET,/api/vet/vets,200,1,500.618,1
2026-07-29T15:44:15.622870+00:00,81a18b9805847f33,2026-07-29T15:43:48.512534+00:00,243.131,4,2,api-gateway|customers-service,False,GET,/api/customer/owners,200,1,241.929,1
2026-07-29T15:44:15.622870+00:00,22cbc455b9ce6bcb,2026-07-29T15:43:48.324538+00:00,35.197,3,2,visits-service|api-gateway,False,GET,/api/visit/owners/1/pets/1/visits,200,0,0.0,1
2026-07-29T15:44:15.622870+00:00,86e1b267f571b391,2026-07-29T15:43:48.160263+00:00,204.966,4,2,api-gateway|customers-service,False,GET,/api/customer/owners,200,1,203.033,1
2026-07-29T15:44:15.622870+00:00,ae807e9484427c71,2026-07-29T15:43:47.990906+00:00,186.139,4,2,api-gateway|customers-service,False,GET,/api/customer/owners,200,1,172.48,1
2026-07-29T15:44:15.622870+00:00,50171536e0bf9b1a,2026-07-29T15:43:47.824385+00:00,63.198,4,2,api-gateway|customers-service,False,GET,/api/customer/owners/1,200,1,58.0,1
2026-07-29T15:44:15.622870+00:00,cf280cdfadbfa35a,2026-07-29T15:43:47.677822+00:00,159.079,4,2,api-gateway|customers-service,False,GET,/api/customer/owners,200,1,157.878,1
2026-07-29T15:44:15.622870+00:00,010f75db6cbceba7,2026-07-29T15:43:47.492125+00:00,58.825,4,2,api-gateway|customers-service,False,GET,/api/customer/owners/1,200,1,58.825,1
2026-07-29T15:44:15.622870+00:00,a753bb7bbe4a9f01,2026-07-29T15:43:47.323573+00:00,70.303,4,2,api-gateway|customers-service,False,GET,/api/customer/owners/1,200,1,58.223,1
2026-07-29T15:44:15.622870+00:00,45eadff2a82be15d,2026-07-29T15:43:47.160378+00:00,154.981,4,2,api-gateway|customers-service,False,GET,/api/customer/owners,200,1,154.981,1
2026-07-29T15:44:15.622870+00:00,0812b9624e176400,2026-07-29T15:43:47.011843+00:00,128.576,4,2,api-gateway|vets-service,False,GET,/api/vet/vets,200,1,127.216,1
2026-07-29T15:44:15.622870+00:00,9a6a07911645a6ed,2026-07-29T15:43:46.826140+00:00,187.839,4,2,api-gateway|customers-service,False,GET,/api/customer/owners,200,1,177.668,1
2026-07-29T15:44:15.622870+00:00,6ce580a090553bd0,2026-07-29T15:43:46.678401+00:00,138.366,4,2,api-gateway|vets-service,False,GET,/api/vet/vets,200,1,137.091,1
2026-07-29T15:44:15.622870+00:00,655a7e8e57a9daa6,2026-07-29T15:43:46.492212+00:00,172.709,4,2,api-gateway|customers-service,False,GET,/api/customer/owners,200,1,171.326,1
2026-07-29T15:44:15.622870+00:00,e11fc20a20210c80,2026-07-29T15:43:46.346438+00:00,123.407,4,2,api-gateway|vets-service,False,GET,/api/vet/vets,200,1,122.229,1
2026-07-29T15:44:15.622870+00:00,b4448b8404810bdb,2026-07-29T15:43:46.157539+00:00,66.678,4,2,api-gateway|customers-service,False,GET,/api/customer/owners/1,200,1,55.884,1
2026-07-29T15:44:15.622870+00:00,166122f9bd0a69e2,2026-07-29T15:43:46.011743+00:00,121.486,4,2,api-gateway|vets-service,False,GET,/api/vet/vets,200,1,120.428,1
2026-07-29T15:44:15.622870+00:00,1126943c3efd9ffc,2026-07-29T15:43:45.823824+00:00,143.801,4,2,vets-service|api-gateway,False,GET,/api/vet/vets,200,1,129.726,1
2026-07-29T15:44:15.622870+00:00,9b8d8f143008c2df,2026-07-29T15:43:45.679880+00:00,19.013,3,2,api-gateway|visits-service,False,GET,/api/visit/owners/1/pets/1/visits,200,0,0.0,1
2026-07-29T15:44:15.622870+00:00,54a5a7e483e2acbd,2026-07-29T15:43:45.493838+00:00,172.95,4,2,api-gateway|customers-service,False,GET,/api/customer/owners,200,1,171.065,1
2026-07-29T15:44:15.622870+00:00,96fb7a639ffb9e99,2026-07-29T15:43:45.323503+00:00,77.0,4,2,api-gateway|customers-service,False,GET,/api/customer/owners/1,200,1,61.669,1
2026-07-29T15:44:15.622870+00:00,19f45f09ce03f2f6,2026-07-29T15:43:45.157877+00:00,75.455,4,2,api-gateway|customers-service,False,GET,/api/customer/owners/1,200,1,69.999,1
2026-07-29T15:44:15.622870+00:00,ae420f3f32ef9e2d,2026-07-29T15:43:44.990287+00:00,39.745,3,2,visits-service|api-gateway,False,GET,/api/visit/owners/1/pets/1/visits,200,0,0.0,1
2026-07-29T15:44:15.622870+00:00,f9e90d6608d5f8db,2026-07-29T15:43:44.824047+00:00,30.183,3,2,visits-service|api-gateway,False,GET,/api/visit/owners/1/pets/1/visits,200,0,0.0,1
2026-07-29T15:44:15.622870+00:00,fc0cac841be53679,2026-07-29T15:43:44.656980+00:00,197.27,4,2,api-gateway|customers-service,False,GET,/api/customer/owners,200,1,182.969,1
2026-07-29T15:44:15.622870+00:00,03ab6729615c9ff6,2026-07-29T15:43:44.511652+00:00,301.074,4,2,api-gateway|vets-service,False,GET,/api/vet/vets,200,1,299.924,1
2026-07-29T15:44:15.622870+00:00,46bff6f1a7dc202b,2026-07-29T15:43:44.324454+00:00,106.869,3,2,visits-service|api-gateway,False,GET,/api/visit/owners/1/pets/1/visits,200,0,0.0,1
2026-07-29T15:44:15.622870+00:00,b4308053a41e41fa,2026-07-29T15:43:44.160884+00:00,580.332,4,2,api-gateway|customers-service,False,GET,/api/customer/owners,200,1,578.418,1
2026-07-29T15:44:15.622870+00:00,c110f364429ce28b,2026-07-29T15:43:43.990288+00:00,454.439,4,2,api-gateway|customers-service,False,GET,/api/customer/owners/1,200,1,443.682,1
2026-07-29T15:44:15.622870+00:00,82af425ba8f3ce6e,2026-07-29T15:43:43.846713+00:00,823.82,4,2,api-gateway|vets-service,False,GET,/api/vet/vets,200,1,822.486,1
2026-07-29T15:44:15.622870+00:00,f79c2244192f05c3,2026-07-29T15:43:43.677005+00:00,762.498,4,2,api-gateway|vets-service,False,GET,/api/vet/vets,200,1,761.033,1
2026-07-29T15:44:15.622870+00:00,20f4249994527afe,2026-07-29T15:43:43.490798+00:00,448.19,4,2,api-gateway|customers-service,False,GET,/api/customer/owners/1,200,1,442.172,1
2026-07-29T15:44:15.622870+00:00,7c7c510472f8d758,2026-07-29T15:43:43.326558+00:00,1111.379,4,2,api-gateway|customers-service,False,GET,/api/customer/owners,200,1,1109.516,1
2026-07-29T15:44:15.622870+00:00,9dda542d125cfa4f,2026-07-29T15:43:43.178272+00:00,65.183,3,2,api-gateway|visits-service,False,GET,/api/visit/owners/1/pets/1/visits,200,0,0.0,1
2026-07-29T15:44:15.622870+00:00,ab40ce7fed4c629a,2026-07-29T15:43:42.991583+00:00,985.912,4,2,api-gateway|customers-service,False,GET,/api/customer/owners,200,1,974.566,1
2026-07-29T15:44:15.622870+00:00,e488c6b9f56787c5,2026-07-29T15:43:42.845193+00:00,895.004,4,2,api-gateway|customers-service,False,GET,/api/customer/owners,200,1,893.768,1
2026-07-29T15:44:15.622870+00:00,ec52a004ebb1d855,2026-07-29T15:43:42.660397+00:00,1026.173,4,2,api-gateway|customers-service,False,GET,/api/customer/owners,200,1,1024.29,1
2026-07-29T15:44:15.622870+00:00,ea8437c8098a3ed8,2026-07-29T15:43:42.510816+00:00,716.27,4,2,api-gateway|vets-service,False,GET,/api/vet/vets,200,1,714.955,1
2026-07-29T15:44:15.622870+00:00,1738ceb70e1159d0,2026-07-29T15:43:42.345262+00:00,424.077,4,2,api-gateway|customers-service,False,GET,/api/customer/owners/1,200,1,422.919,1
2026-07-29T15:44:15.622870+00:00,06e07876eb65672b,2026-07-29T15:43:42.178724+00:00,609.194,4,2,api-gateway|vets-service,False,GET,/api/vet/vets,200,1,607.981,1
2026-07-29T15:44:15.622870+00:00,b3360661500c4194,2026-07-29T15:43:42.013843+00:00,749.079,4,2,api-gateway|vets-service,False,GET,/api/vet/vets,200,1,747.949,1
2026-07-29T15:44:15.622870+00:00,1c7dc9ab7834aff8,2026-07-29T15:43:41.828554+00:00,911.074,4,2,api-gateway|customers-service,False,GET,/api/customer/owners,200,1,908.955,1
2026-07-29T15:44:15.622870+00:00,e9ffe70429de99cc,2026-07-29T15:43:41.656532+00:00,262.69,4,2,api-gateway|customers-service,False,GET,/api/customer/owners/1,200,1,259.114,1
2026-07-29T15:44:15.622870+00:00,e122cc2ed730e0b0,2026-07-29T15:43:41.511659+00:00,155.713,3,2,api-gateway|visits-service,False,GET,/api/visit/owners/1/pets/1/visits,200,0,0.0,1
2026-07-29T15:44:15.622870+00:00,97dba5800b3a428a,2026-07-29T15:43:41.346943+00:00,92.002,3,2,api-gateway|visits-service,False,GET,/api/visit/owners/1/pets/1/visits,200,0,0.0,1
2026-07-29T15:44:15.622870+00:00,8bc55ade2b3f36f4,2026-07-29T15:43:41.157819+00:00,35.918,3,2,visits-service|api-gateway,False,GET,/api/visit/owners/1/pets/1/visits,200,0,0.0,1
2026-07-29T15:44:15.622870+00:00,4402f212704e8e81,2026-07-29T15:43:40.990222+00:00,447.696,4,2,api-gateway|customers-service,False,GET,/api/customer/owners/1,200,1,434.831,1
2026-07-29T15:44:15.622870+00:00,1dfd62c0d49a75da,2026-07-29T15:43:40.824786+00:00,368.655,4,2,api-gateway|customers-service,False,GET,/api/customer/owners/1,200,1,354.772,1
2026-07-29T15:44:15.622870+00:00,16afe8976c2f3853,2026-07-29T15:43:40.679855+00:00,51.538,3,2,api-gateway|visits-service,False,GET,/api/visit/owners/1/pets/1/visits,200,0,0.0,1
2026-07-29T15:44:15.622870+00:00,c8a309e8f435755e,2026-07-29T15:43:40.490385+00:00,685.603,4,2,api-gateway|customers-service,False,GET,/api/customer/owners/1,200,1,681.307,1
2026-07-29T15:44:15.622870+00:00,d076380352989017,2026-07-29T15:43:40.323151+00:00,642.336,4,2,vets-service|api-gateway,False,GET,/api/vet/vets,200,1,630.114,1
2026-07-29T15:44:15.622870+00:00,d4c195329dda1f81,2026-07-29T15:43:40.157517+00:00,164.67,3,2,visits-service|api-gateway,False,GET,/api/visit/owners/1/pets/1/visits,200,0,0.0,1
2026-07-29T15:44:15.622870+00:00,bf01b202e6d518c1,2026-07-29T15:43:40.014577+00:00,704.748,4,2,api-gateway|vets-service,False,GET,/api/vet/vets,200,1,703.432,1
2026-07-29T15:44:15.622870+00:00,a174eaab2fa01385,2026-07-29T15:43:39.824078+00:00,81.144,4,2,api-gateway|customers-service,False,GET,/api/customer/owners/1,200,1,67.52,1
2026-07-29T15:44:15.622870+00:00,69cb1b873bff16ba,2026-07-29T15:43:39.657332+00:00,179.843,4,2,api-gateway|customers-service,False,GET,/api/customer/owners,200,1,173.732,1
2026-07-29T15:44:15.622870+00:00,d79545154c2cd93d,2026-07-29T15:43:39.492411+00:00,60.383,4,2,api-gateway|customers-service,False,GET,/api/customer/owners/1,200,1,60.383,1
2026-07-29T15:44:15.622870+00:00,4ee5c92ac40f1059,2026-07-29T15:43:39.323393+00:00,65.982,4,2,api-gateway|customers-service,False,GET,/api/customer/owners/1,200,1,53.992,1
2026-07-29T15:44:15.622870+00:00,92c2307b191d2094,2026-07-29T15:43:39.179211+00:00,121.01,4,2,api-gateway|vets-service,False,GET,/api/vet/vets,200,1,119.956,1
2026-07-29T15:44:15.622870+00:00,1f9fcbfd5862e081,2026-07-29T15:43:38.991017+00:00,187.612,4,2,api-gateway|customers-service,False,GET,/api/customer/owners,200,1,173.996,1
2026-07-29T15:44:15.622870+00:00,aef7435a9d33a63f,2026-07-29T15:43:38.824820+00:00,186.211,4,2,api-gateway|customers-service,False,GET,/api/customer/owners,200,1,180.222,1
2026-07-29T15:44:15.622870+00:00,2eed5bfa2737d3b7,2026-07-29T15:43:38.657766+00:00,196.878,4,2,api-gateway|customers-service,False,GET,/api/customer/owners,200,1,182.158,1
2026-07-29T15:44:15.622870+00:00,79889ae3282079f0,2026-07-29T15:43:38.512790+00:00,19.888,3,2,api-gateway|visits-service,False,GET,/api/visit/owners/1/pets/1/visits,200,0,0.0,1
2026-07-29T15:44:15.622870+00:00,9716348e0f97b1d3,2026-07-29T15:43:38.324237+00:00,30.535,3,2,visits-service|api-gateway,False,GET,/api/visit/owners/1/pets/1/visits,200,0,0.0,1
2026-07-29T15:44:15.622870+00:00,869ebfb4c4fabcb8,2026-07-29T15:43:38.179255+00:00,127.371,4,2,api-gateway|vets-service,False,GET,/api/vet/vets,200,1,126.038,1
2026-07-29T15:44:15.622870+00:00,b71a46c796611480,2026-07-29T15:43:38.011654+00:00,21.897,3,2,api-gateway|visits-service,False,GET,/api/visit/owners/1/pets/1/visits,200,0,0.0,1
2026-07-29T15:44:15.622870+00:00,e4970105bf1222e8,2026-07-29T15:43:37.824778+00:00,180.114,4,2,api-gateway|customers-service,False,GET,/api/customer/owners,200,1,175.523,1
2026-07-29T15:44:15.622870+00:00,1aca90172c5e8cbd,2026-07-29T15:43:37.678608+00:00,127.316,4,2,api-gateway|vets-service,False,GET,/api/vet/vets,200,1,126.044,1
2026-07-29T15:44:15.622870+00:00,ccb1a025e5c2b38d,2026-07-29T15:43:37.511510+00:00,18.142,3,2,api-gateway|visits-service,False,GET,/api/visit/owners/1/pets/1/visits,200,0,0.0,1
2026-07-29T15:44:15.622870+00:00,2a2778e53d334746,2026-07-29T15:43:37.344845+00:00,25.319,3,2,api-gateway|visits-service,False,GET,/api/visit/owners/1/pets/1/visits,200,0,0.0,1
2026-07-29T15:44:15.622870+00:00,655b070d18be1a4b,2026-07-29T15:43:37.157435+00:00,77.079,4,2,api-gateway|customers-service,False,GET,/api/customer/owners/1,200,1,73.774,1
2026-07-29T15:44:15.622870+00:00,f21307d0b7164859,2026-07-29T15:43:36.990142+00:00,174.826,4,2,api-gateway|customers-service,False,GET,/api/customer/owners,200,1,169.616,1
2026-07-29T15:44:15.622870+00:00,120fc69c5b89dfbf,2026-07-29T15:43:36.845202+00:00,131.703,4,2,api-gateway|vets-service,False,GET,/api/vet/vets,200,1,130.501,1
2026-07-29T15:44:15.622870+00:00,3c52513f88432655,2026-07-29T15:43:36.657396+00:00,223.787,4,2,api-gateway|customers-service,False,GET,/api/customer/owners,200,1,209.175,1
2026-07-29T15:44:15.622870+00:00,269c02e7a3bdfcdd,2026-07-29T15:43:36.512922+00:00,131.729,4,2,api-gateway|vets-service,False,GET,/api/vet/vets,200,1,130.27,1
2026-07-29T15:44:15.622870+00:00,62116d4d28be5140,2026-07-29T15:43:36.345919+00:00,130.093,4,2,api-gateway|vets-service,False,GET,/api/vet/vets,200,1,128.873,1
2026-07-29T15:44:15.622870+00:00,bfdc6de70b9daf77,2026-07-29T15:43:36.157415+00:00,32.626,3,2,visits-service|api-gateway,False,GET,/api/visit/owners/1/pets/1/visits,200,0,0.0,1
2026-07-29T15:44:15.622870+00:00,a853eb3bf5b5e376,2026-07-29T15:43:35.990572+00:00,83.178,4,2,api-gateway|customers-service,False,GET,/api/customer/owners/1,200,1,71.171,1
2026-07-29T15:44:15.622870+00:00,853edb579307b0ca,2026-07-29T15:43:35.823796+00:00,182.394,4,2,api-gateway|customers-service,False,GET,/api/customer/owners,200,1,177.155,1
2026-07-29T15:44:15.622870+00:00,1abb388bc0bf79a5,2026-07-29T15:43:35.657697+00:00,203.808,4,2,api-gateway|customers-service,False,GET,/api/customer/owners,200,1,190.18,1
2026-07-29T15:44:15.622870+00:00,62bd41c80f107257,2026-07-29T15:43:35.511490+00:00,172.577,4,2,api-gateway|vets-service,False,GET,/api/vet/vets,200,1,171.38,1
2026-07-29T15:44:15.622870+00:00,08dbba611cb7a63d,2026-07-29T15:43:35.327614+00:00,65.947,4,2,api-gateway|customers-service,False,GET,/api/customer/owners/1,200,1,63.57,1
2026-07-29T15:44:15.622870+00:00,8eac5b0038e02473,2026-07-29T15:43:35.179674+00:00,141.384,4,2,api-gateway|vets-service,False,GET,/api/vet/vets,200,1,140.023,1
2026-07-29T15:44:15.622870+00:00,243058ecb1bc147b,2026-07-29T15:43:35.011448+00:00,122.202,4,2,api-gateway|vets-service,False,GET,/api/vet/vets,200,1,120.971,1
2026-07-29T15:44:15.622870+00:00,a72ee7c23e39dec0,2026-07-29T15:43:34.824378+00:00,74.531,4,2,api-gateway|customers-service,False,GET,/api/customer/owners/1,200,1,70.291,1
2026-07-29T15:44:15.622870+00:00,c1a83ef49d87880b,2026-07-29T15:43:34.676414+00:00,127.383,4,2,api-gateway|vets-service,False,GET,/api/vet/vets,200,1,126.161,1
2026-07-29T15:44:15.622870+00:00,1ffc6c43bdc36410,2026-07-29T15:43:34.513471+00:00,175.073,4,2,api-gateway|customers-service,False,GET,/api/customer/owners/1,200,1,173.902,1
2026-07-29T15:44:15.622870+00:00,1145b747b45bd3a3,2026-07-29T15:43:34.346268+00:00,301.379,4,2,api-gateway|customers-service,False,GET,/api/customer/owners/1,200,1,300.276,1
2026-07-29T15:44:15.622870+00:00,a3144dc887716d59,2026-07-29T15:43:34.159780+00:00,558.014,4,2,api-gateway|customers-service,False,GET,/api/customer/owners,200,1,556.736,1
2026-07-29T15:44:15.622870+00:00,d0798480b5cdd7b3,2026-07-29T15:43:34.013675+00:00,152.325,3,2,api-gateway|visits-service,False,GET,/api/visit/owners/1/pets/1/visits,200,0,0.0,1
2026-07-29T15:44:15.622870+00:00,1a26a10bc8b02a53,2026-07-29T15:43:33.826973+00:00,562.658,4,2,api-gateway|customers-service,False,GET,/api/customer/owners/1,200,1,560.541,1
2026-07-29T15:44:15.622870+00:00,5d0b9a42f36c0285,2026-07-29T15:43:33.657605+00:00,509.407,4,2,api-gateway|customers-service,False,GET,/api/customer/owners/1,200,1,503.13,1
2026-07-29T15:44:15.622870+00:00,9a4fa0beb8973c3a,2026-07-29T15:43:33.512044+00:00,1114.736,4,2,api-gateway|vets-service,False,GET,/api/vet/vets,200,1,1113.461,1
2026-07-29T15:44:15.622870+00:00,5be53ed60510fc7a,2026-07-29T15:43:33.323937+00:00,814.389,4,2,api-gateway|customers-service,False,GET,/api/customer/owners/1,200,1,810.023,1
2026-07-29T15:44:15.622870+00:00,fa784ce37e94d5fa,2026-07-29T15:43:33.157023+00:00,1228.159,4,2,api-gateway|customers-service,False,GET,/api/customer/owners,200,1,1212.492,1
2026-07-29T15:44:15.622870+00:00,92bca0517105c8b4,2026-07-29T15:43:33.011422+00:00,1149.693,4,2,api-gateway|vets-service,False,GET,/api/vet/vets,200,1,1148.678,1
2026-07-29T15:44:15.622870+00:00,2f1c639c82143075,2026-07-29T15:43:32.844333+00:00,857.523,4,2,api-gateway|vets-service,False,GET,/api/vet/vets,200,1,856.308,1
2026-07-29T15:44:15.622870+00:00,4866947c54d55878,2026-07-29T15:43:32.677627+00:00,38.803,3,2,api-gateway|visits-service,False,GET,/api/visit/owners/1/pets/1/visits,200,0,0.0,1
2026-07-29T15:44:15.622870+00:00,9fdf0eac223d37e9,2026-07-29T15:43:32.490802+00:00,479.427,4,2,api-gateway|customers-service,False,GET,/api/customer/owners/1,200,1,467.87,1
2026-07-29T15:44:15.622870+00:00,9839ec96ea522aff,2026-07-29T15:43:32.345315+00:00,136.908,3,2,api-gateway|visits-service,False,GET,/api/visit/owners/1/pets/1/visits,200,0,0.0,1
2026-07-29T15:44:15.622870+00:00,0caf1e19089c275f,2026-07-29T15:43:32.157097+00:00,88.604,3,2,visits-service|api-gateway,False,GET,/api/visit/owners/1/pets/1/visits,200,0,0.0,1
2026-07-29T15:44:15.622870+00:00,0948b2c6aa453203,2026-07-29T15:43:31.992111+00:00,709.611,4,2,api-gateway|customers-service,False,GET,/api/customer/owners/1,200,1,708.427,1
2026-07-29T15:44:15.622870+00:00,136ce152fda3381e,2026-07-29T15:43:31.866136+00:00,884.283,4,2,api-gateway|customers-service,False,GET,/api/customer/owners,200,1,883.413,1
2026-07-29T15:44:15.622870+00:00,0e1795f475b97454,2026-07-29T15:43:31.656893+00:00,582.116,4,2,api-gateway|customers-service,False,GET,/api/customer/owners/1,200,1,558.391,1
2026-07-29T15:44:15.622870+00:00,00306809c484ea24,2026-07-29T15:43:31.510149+00:00,127.34,3,2,api-gateway|visits-service,False,GET,/api/visit/owners/1/pets/1/visits,200,0,0.0,1
2026-07-29T15:44:15.622870+00:00,3f3d1925b308adf9,2026-07-29T15:43:31.325347+00:00,1152.347,4,2,api-gateway|customers-service,False,GET,/api/customer/owners,200,1,1151.009,1
2026-07-29T15:44:15.622870+00:00,8015568c7a0a7cff,2026-07-29T15:43:31.156996+00:00,684.142,4,2,api-gateway|customers-service,False,GET,/api/customer/owners/1,200,1,673.772,1
2026-07-29T15:44:15.622870+00:00,0e14e4711ad745e1,2026-07-29T15:43:30.989878+00:00,165.016,3,2,visits-service|api-gateway,False,GET,/api/visit/owners/1/pets/1/visits,200,0,0.0,1
2026-07-29T15:44:15.622870+00:00,8b4b1209cb0a98f6,2026-07-29T15:43:30.824165+00:00,1040.591,4,2,api-gateway|customers-service,False,GET,/api/customer/owners,200,1,1034.898,1
2026-07-29T15:44:15.622870+00:00,2768361bb850a73c,2026-07-29T15:43:30.657694+00:00,1192.074,4,2,api-gateway|customers-service,False,GET,/api/customer/owners,200,1,1180.073,1
2026-07-29T15:44:15.622870+00:00,c0e82a6d1bd7a298,2026-07-29T15:43:30.493449+00:00,1340.834,4,2,api-gateway|customers-service,False,GET,/api/customer/owners,200,1,1337.331,1
2026-07-29T15:44:15.622870+00:00,d29f5f379c8f0213,2026-07-29T15:43:30.346412+00:00,350.406,4,2,api-gateway|customers-service,False,GET,/api/customer/owners/1,200,1,339.911,1
2026-07-29T15:44:15.622870+00:00,afc7de1e223c3437,2026-07-29T15:43:30.157856+00:00,991.654,4,2,api-gateway|customers-service,False,GET,/api/customer/owners,200,1,985.819,1
2026-07-29T15:44:15.622870+00:00,a86ffeedb118d18c,2026-07-29T15:43:29.993821+00:00,279.079,4,2,api-gateway|customers-service,False,GET,/api/customer/owners/1,200,1,277.179,1
2026-07-29T15:44:15.622870+00:00,d7db65101f682cc4,2026-07-29T15:43:29.846041+00:00,44.672,3,2,api-gateway|visits-service,False,GET,/api/visit/owners/1/pets/1/visits,200,0,0.0,1
2026-07-29T15:44:15.622870+00:00,33efd99eccc2c806,2026-07-29T15:43:29.658123+00:00,255.657,4,2,api-gateway|customers-service,False,GET,/api/customer/owners/1,200,1,240.105,1
2026-07-29T15:44:15.622870+00:00,dc35bb008714ff2c,2026-07-29T15:43:29.512245+00:00,10.678,3,2,api-gateway|visits-service,False,GET,/api/visit/owners/1/pets/1/visits,200,0,0.0,1
2026-07-29T15:44:15.622870+00:00,1d7f41d9d5ab0d09,2026-07-29T15:43:29.327880+00:00,186.417,4,2,api-gateway|customers-service,False,GET,/api/customer/owners,200,1,184.423,1
2026-07-29T15:44:15.622870+00:00,e44b24bce7b4c77f,2026-07-29T15:43:29.180570+00:00,18.215,3,2,api-gateway|visits-service,False,GET,/api/visit/owners/1/pets/1/visits,200,0,0.0,1
2026-07-29T15:44:15.622870+00:00,12e66cb7f5005a37,2026-07-29T15:43:28.991226+00:00,28.494,3,2,visits-service|api-gateway,False,GET,/api/visit/owners/1/pets/1/visits,200,0,0.0,1
2026-07-29T15:44:15.622870+00:00,7b2acd2607f0adca,2026-07-29T15:43:28.824151+00:00,71.306,4,2,api-gateway|customers-service,False,GET,/api/customer/owners/1,200,1,59.733,1
2026-07-29T15:44:15.622870+00:00,2aaf3a4674101588,2026-07-29T15:43:28.656458+00:00,137.041,4,2,vets-service|api-gateway,False,GET,/api/vet/vets,200,1,124.489,1
2026-07-29T15:44:15.622870+00:00,04441317efc4cb12,2026-07-29T15:43:28.491529+00:00,197.613,4,2,api-gateway|customers-service,False,GET,/api/customer/owners,200,1,196.089,1
2026-07-29T15:44:15.622870+00:00,09d87689edbb7d76,2026-07-29T15:43:28.346031+00:00,180.249,4,2,api-gateway|vets-service,False,GET,/api/vet/vets,200,1,178.9,1
2026-07-29T15:44:15.622870+00:00,c54d0524865cf68e,2026-07-29T15:43:28.160845+00:00,177.564,4,2,api-gateway|customers-service,False,GET,/api/customer/owners,200,1,175.72,1
2026-07-29T15:44:15.622870+00:00,b51c21fcac557705,2026-07-29T15:43:28.012424+00:00,151.802,4,2,api-gateway|vets-service,False,GET,/api/vet/vets,200,1,150.584,1
2026-07-29T15:44:15.622870+00:00,e6bff153b9a97e69,2026-07-29T15:43:27.844832+00:00,129.893,4,2,api-gateway|vets-service,False,GET,/api/vet/vets,200,1,128.614,1
2026-07-29T15:44:15.622870+00:00,fd62420a68b168ff,2026-07-29T15:43:27.656153+00:00,188.415,4,2,api-gateway|customers-service,False,GET,/api/customer/owners,200,1,176.164,1
2026-07-29T15:44:15.622870+00:00,89f0246cebb1b5a6,2026-07-29T15:43:27.491533+00:00,162.41,4,2,api-gateway|customers-service,False,GET,/api/customer/owners,200,1,161.318,1
2026-07-29T15:44:15.622870+00:00,0933544f028d0983,2026-07-29T15:43:27.345811+00:00,127.632,4,2,api-gateway|vets-service,False,GET,/api/vet/vets,200,1,126.759,1
2026-07-29T15:44:15.622870+00:00,b73e35d581b694ab,2026-07-29T15:43:27.156506+00:00,77.781,4,2,api-gateway|customers-service,False,GET,/api/customer/owners/1,200,1,64.198,1
2026-07-29T15:44:15.622870+00:00,86f6ede697c97b3c,2026-07-29T15:43:26.990219+00:00,27.743,3,2,visits-service|api-gateway,False,GET,/api/visit/owners/1/pets/1/visits,200,0,0.0,1
2026-07-29T15:44:15.622870+00:00,4a610d9fd15da71b,2026-07-29T15:43:26.824866+00:00,202.335,4,2,api-gateway|customers-service,False,GET,/api/customer/owners,200,1,198.836,1
2026-07-29T15:44:15.622870+00:00,dfb6b76920e38422,2026-07-29T15:43:26.678417+00:00,25.865,3,2,api-gateway|visits-service,False,GET,/api/visit/owners/1/pets/1/visits,200,0,0.0,1
2026-07-29T15:44:15.622870+00:00,669a3e51fc7779c9,2026-07-29T15:43:26.511264+00:00,135.821,4,2,api-gateway|vets-service,False,GET,/api/vet/vets,200,1,134.596,1
2026-07-29T15:44:15.622870+00:00,0c904d44f789b9d3,2026-07-29T15:43:26.328439+00:00,185.106,4,2,api-gateway|customers-service,False,GET,/api/customer/owners,200,1,185.106,1
2026-07-29T15:44:15.622870+00:00,43b9c4c5ee5f8752,2026-07-29T15:43:26.157792+00:00,42.76,3,2,visits-service|api-gateway,False,GET,/api/visit/owners/1/pets/1/visits,200,0,0.0,1
2026-07-29T15:44:15.622870+00:00,c8bdf69782361506,2026-07-29T15:43:25.990672+00:00,114.616,4,2,api-gateway|customers-service,False,GET,/api/customer/owners/1,200,1,101.106,1
2026-07-29T15:44:15.622870+00:00,b080fc6020477463,2026-07-29T15:43:25.823787+00:00,37.663,3,2,visits-service|api-gateway,False,GET,/api/visit/owners/1/pets/1/visits,200,0,0.0,1
2026-07-29T15:44:15.622870+00:00,3759dc5e22de1d58,2026-07-29T15:43:25.657913+00:00,199.07,4,2,api-gateway|customers-service,False,GET,/api/customer/owners,200,1,193.598,1
2026-07-29T15:44:15.622870+00:00,5a27b91b8322d276,2026-07-29T15:43:25.513142+00:00,195.858,4,2,api-gateway|customers-service,False,GET,/api/customer/owners,200,1,194.939,1
2026-07-29T15:44:15.622870+00:00,a00b44d7e25e592e,2026-07-29T15:43:25.346938+00:00,129.625,4,2,api-gateway|vets-service,False,GET,/api/vet/vets,200,1,128.343,1
2026-07-29T15:44:15.622870+00:00,9470215d2205fbc1,2026-07-29T15:43:25.159752+00:00,181.214,4,2,api-gateway|customers-service,False,GET,/api/customer/owners,200,1,179.386,1
2026-07-29T15:44:15.622870+00:00,e9cbf2a7289f5bc8,2026-07-29T15:43:24.990490+00:00,180.696,4,2,api-gateway|customers-service,False,GET,/api/customer/owners,200,1,175.463,1
2026-07-29T15:44:15.622870+00:00,d23cefa7c2fccbb0,2026-07-29T15:43:24.823126+00:00,72.584,4,2,api-gateway|customers-service,False,GET,/api/customer/owners/1,200,1,60.935,1
2026-07-29T15:44:15.622870+00:00,961056edea19bd0e,2026-07-29T15:43:24.680346+00:00,16.855,3,2,api-gateway|visits-service,False,GET,/api/visit/owners/1/pets/1/visits,200,0,0.0,1
2026-07-29T15:44:15.622870+00:00,3fe5f9ce2f50d9a9,2026-07-29T15:43:24.512243+00:00,133.719,4,2,api-gateway|vets-service,False,GET,/api/vet/vets,200,1,132.451,1
2026-07-29T15:44:15.622870+00:00,feccb4bebb2aea32,2026-07-29T15:43:24.325367+00:00,57.529,4,2,api-gateway|customers-service,False,GET,/api/customer/owners/1,200,1,56.362,1
2026-07-29T15:44:15.622870+00:00,c71f39bdc45be467,2026-07-29T15:43:24.177615+00:00,120.212,4,2,api-gateway|vets-service,False,GET,/api/vet/vets,200,1,118.923,1
2026-07-29T15:44:15.622870+00:00,7745f47c24c9a6c2,2026-07-29T15:43:23.990424+00:00,212.793,4,2,api-gateway|customers-service,False,GET,/api/customer/owners/1,200,1,209.534,1
2026-07-29T15:44:15.622870+00:00,6ff52602c7260227,2026-07-29T15:43:23.844098+00:00,402.231,4,2,api-gateway|vets-service,False,GET,/api/vet/vets,200,1,401.059,1
2026-07-29T15:44:15.622870+00:00,6da1a1a7a3f85516,2026-07-29T15:43:23.657823+00:00,584.134,4,2,api-gateway|customers-service,False,GET,/api/customer/owners,200,1,572.077,1
2026-07-29T15:44:15.622870+00:00,ab56c18325d706cf,2026-07-29T15:43:23.512760+00:00,184.415,3,2,api-gateway|visits-service,False,GET,/api/visit/owners/1/pets/1/visits,200,0,0.0,1
2026-07-29T15:44:15.622870+00:00,13f62c737fbbadf9,2026-07-29T15:43:23.346144+00:00,824.958,4,2,api-gateway|vets-service,False,GET,/api/vet/vets,200,1,823.749,1
2026-07-29T15:44:15.622870+00:00,25604b4b2fee8c30,2026-07-29T15:43:23.157718+00:00,63.815,3,2,visits-service|api-gateway,False,GET,/api/visit/owners/1/pets/1/visits,200,0,0.0,1
2026-07-29T15:44:15.622870+00:00,f21cf6262ac2a2ea,2026-07-29T15:43:23.010469+00:00,447.976,4,2,api-gateway|customers-service,False,GET,/api/customer/owners/1,200,1,446.855,1
2026-07-29T15:44:15.622870+00:00,014489cc392c743b,2026-07-29T15:43:22.846225+00:00,154.024,3,2,api-gateway|visits-service,False,GET,/api/visit/owners/1/pets/1/visits,200,0,0.0,1
2026-07-29T15:44:15.622870+00:00,38d47679e528f12d,2026-07-29T15:43:22.679979+00:00,84.283,3,2,api-gateway|visits-service,False,GET,/api/visit/owners/1/pets/1/visits,200,0,0.0,1
2026-07-29T15:44:15.622870+00:00,f3774a5a87c2340c,2026-07-29T15:43:22.493129+00:00,985.659,4,2,api-gateway|customers-service,False,GET,/api/customer/owners,200,1,983.788,1
2026-07-29T15:44:15.622870+00:00,d0c476be2ec3290b,2026-07-29T15:43:22.324181+00:00,642.595,4,2,api-gateway|customers-service,False,GET,/api/customer/owners/1,200,1,637.46,1
2026-07-29T15:44:15.622870+00:00,3509d1f3dd0bede0,2026-07-29T15:43:22.178517+00:00,1049.642,4,2,api-gateway|vets-service,False,GET,/api/vet/vets,200,1,1048.331,1
2026-07-29T15:44:15.622870+00:00,9db824b195c304b7,2026-07-29T15:43:22.013756+00:00,973.035,4,2,api-gateway|vets-service,False,GET,/api/vet/vets,200,1,971.599,1
2026-07-29T15:44:15.622870+00:00,7c8f85072d1ca500,2026-07-29T15:43:21.824322+00:00,452.842,4,2,api-gateway|customers-service,False,GET,/api/customer/owners/1,200,1,439.514,1
2026-07-29T15:44:15.622870+00:00,f6c60401161ed984,2026-07-29T15:43:21.659983+00:00,1095.434,4,2,api-gateway|customers-service,False,GET,/api/customer/owners,200,1,1093.494,1
2026-07-29T15:44:15.622870+00:00,b4098cd0629bf244,2026-07-29T15:43:21.512626+00:00,144.07,3,2,api-gateway|visits-service,False,GET,/api/visit/owners/1/pets/1/visits,200,0,0.0,1
2026-07-29T15:44:15.622870+00:00,8f9fb0596ccaaf2c,2026-07-29T15:43:21.326435+00:00,328.462,4,2,api-gateway|customers-service,False,GET,/api/customer/owners/1,200,1,326.534,1
2026-07-29T15:44:15.622870+00:00,5595caf00c3772dc,2026-07-29T15:43:21.181020+00:00,24.679,3,2,api-gateway|visits-service,False,GET,/api/visit/owners/1/pets/1/visits,200,0,0.0,1
2026-07-29T15:44:15.622870+00:00,248b0a0196417586,2026-07-29T15:43:20.990725+00:00,1040.033,4,2,api-gateway|customers-service,False,GET,/api/customer/owners,200,1,1026.868,1
2026-07-29T15:44:15.622870+00:00,da4b0ecefec39c33,2026-07-29T15:43:20.845971+00:00,824.979,4,2,api-gateway|vets-service,False,GET,/api/vet/vets,200,1,823.65,1
2026-07-29T15:44:15.622870+00:00,3fdd975ba29e1652,2026-07-29T15:43:20.680314+00:00,20.015,3,2,api-gateway|visits-service,False,GET,/api/visit/owners/1/pets/1/visits,200,0,0.0,1
2026-07-29T15:44:15.622870+00:00,77f6fc27011caf7a,2026-07-29T15:43:20.490821+00:00,452.466,4,2,api-gateway|customers-service,False,GET,/api/customer/owners/1,200,1,438.098,1
2026-07-29T15:44:15.622870+00:00,c68d3e43be2c438e,2026-07-29T15:43:20.327230+00:00,364.703,4,2,api-gateway|customers-service,False,GET,/api/customer/owners/1,200,1,362.227,1
2026-07-29T15:44:15.622870+00:00,6deac7d251a55368,2026-07-29T15:43:20.179407+00:00,754.77,4,2,api-gateway|vets-service,False,GET,/api/vet/vets,200,1,753.433,1
2026-07-29T15:44:15.622870+00:00,6870899302fda8c3,2026-07-29T15:43:19.991344+00:00,1185.618,4,2,api-gateway|customers-service,False,GET,/api/customer/owners,200,1,1178.637,1
2026-07-29T15:44:15.622870+00:00,b8096efc7bd2947e,2026-07-29T15:43:19.844293+00:00,842.294,4,2,api-gateway|vets-service,False,GET,/api/vet/vets,200,1,841.028,1
2026-07-29T15:44:15.622870+00:00,560a4fa5d5214ec7,2026-07-29T15:43:19.659218+00:00,1023.44,4,2,api-gateway|customers-service,False,GET,/api/customer/owners,200,1,1021.711,1
2026-07-29T15:44:15.622870+00:00,2f14f224d5d0ebc0,2026-07-29T15:43:19.511233+00:00,708.705,4,2,api-gateway|vets-service,False,GET,/api/vet/vets,200,1,707.398,1
2026-07-29T15:44:15.622870+00:00,199e4a654c05840c,2026-07-29T15:43:19.344561+00:00,63.832,4,2,api-gateway|customers-service,False,GET,/api/customer/owners/1,200,1,62.752,1
2026-07-29T15:44:15.622870+00:00,fb094811455e343d,2026-07-29T15:43:19.157435+00:00,48.858,3,2,visits-service|api-gateway,False,GET,/api/visit/owners/1/pets/1/visits,200,0,0.0,1
2026-07-29T15:44:15.622870+00:00,a246c48e969bf7fb,2026-07-29T15:43:18.991299+00:00,149.796,4,2,vets-service|api-gateway,False,GET,/api/vet/vets,200,1,136.083,1
2026-07-29T15:44:15.622870+00:00,5b58df328886a879,2026-07-29T15:43:18.823716+00:00,104.16,4,2,api-gateway|customers-service,False,GET,/api/customer/owners/1,200,1,90.643,1
2026-07-29T15:44:15.622870+00:00,79df5f49ba484540,2026-07-29T15:43:18.657446+00:00,245.053,4,2,api-gateway|customers-service,False,GET,/api/customer/owners,200,1,240.562,1
2026-07-29T15:44:15.622870+00:00,13e6221c31ca78eb,2026-07-29T15:43:18.490686+00:00,187.859,4,2,vets-service|api-gateway,False,GET,/api/vet/vets,200,1,175.987,1
2026-07-29T15:44:15.622870+00:00,f21636e45afec51f,2026-07-29T15:43:18.345496+00:00,21.187,3,2,api-gateway|visits-service,False,GET,/api/visit/owners/1/pets/1/visits,200,0,0.0,1
2026-07-29T15:44:15.622870+00:00,95b73c8f7be10220,2026-07-29T15:43:18.157474+00:00,23.941,3,2,visits-service|api-gateway,False,GET,/api/visit/owners/1/pets/1/visits,200,0,0.0,1
2026-07-29T15:44:15.622870+00:00,f0cde9b6da814c0e,2026-07-29T15:43:17.994044+00:00,281.482,4,2,api-gateway|customers-service,False,GET,/api/customer/owners,200,1,279.937,1
2026-07-29T15:44:15.622870+00:00,6a250c4071dd5c51,2026-07-29T15:43:17.824543+00:00,34.254,3,2,visits-service|api-gateway,False,GET,/api/visit/owners/1/pets/1/visits,200,0,0.0,1
2026-07-29T15:44:15.622870+00:00,ee82d9d67df5fa7e,2026-07-29T15:43:17.656581+00:00,197.303,4,2,api-gateway|customers-service,False,GET,/api/customer/owners,200,1,192.977,1
2026-07-29T15:44:15.622870+00:00,a9f1d2816fc279b3,2026-07-29T15:43:17.512558+00:00,18.756,3,2,api-gateway|visits-service,False,GET,/api/visit/owners/1/pets/1/visits,200,0,0.0,1
2026-07-29T15:44:15.622870+00:00,baa5518234b7764b,2026-07-29T15:43:17.344749+00:00,185.777,4,2,api-gateway|customers-service,False,GET,/api/customer/owners,200,1,184.584,1
2026-07-29T15:44:15.622870+00:00,e8be214627e2f4d7,2026-07-29T15:43:17.157779+00:00,38.552,3,2,visits-service|api-gateway,False,GET,/api/visit/owners/1/pets/1/visits,200,0,0.0,1
2026-07-29T15:44:15.622870+00:00,7cac29980f132dee,2026-07-29T15:43:16.990395+00:00,150.441,4,2,vets-service|api-gateway,False,GET,/api/vet/vets,200,1,135.911,1
2026-07-29T15:44:15.622870+00:00,3fd30f1e7049c630,2026-07-29T15:43:16.824385+00:00,192.448,4,2,api-gateway|customers-service,False,GET,/api/customer/owners,200,1,177.637,1
2026-07-29T15:44:15.622870+00:00,79cb53aa449dcdae,2026-07-29T15:43:16.659264+00:00,63.76,4,2,api-gateway|customers-service,False,GET,/api/customer/owners/1,200,1,62.699,1
2026-07-29T15:44:15.622870+00:00,f4d2089bbdd89e88,2026-07-29T15:43:16.489957+00:00,151.407,4,2,vets-service|api-gateway,False,GET,/api/vet/vets,200,1,139.31,1
2026-07-29T15:44:15.622870+00:00,24d49679cf980819,2026-07-29T15:43:16.344572+00:00,22.42,3,2,api-gateway|visits-service,False,GET,/api/visit/owners/1/pets/1/visits,200,0,0.0,1
2026-07-29T15:44:15.622870+00:00,42acbaf9743b8c02,2026-07-29T15:43:16.159656+00:00,180.215,4,2,api-gateway|customers-service,False,GET,/api/customer/owners,200,1,178.932,1
2026-07-29T15:44:15.622870+00:00,e9319f258a065647,2026-07-29T15:43:15.990918+00:00,71.068,4,2,api-gateway|customers-service,False,GET,/api/customer/owners/1,200,1,66.731,1
2026-07-29T15:44:15.622870+00:00,29455ed347c0894d,2026-07-29T15:43:15.844727+00:00,20.379,3,2,api-gateway|visits-service,False,GET,/api/visit/owners/1/pets/1/visits,200,0,0.0,1
2026-07-29T15:44:15.622870+00:00,42c64fd864a7af64,2026-07-29T15:43:15.656513+00:00,181.704,4,2,api-gateway|customers-service,False,GET,/api/customer/owners,200,1,170.769,1
2026-07-29T15:45:15.613749+00:00,708af2a1c97edb2d,2026-07-29T15:45:14.156459+00:00,259.854,4,2,api-gateway|customers-service,False,GET,/api/customer/owners/1,200,1,247.724,1
2026-07-29T15:45:15.613749+00:00,1d8e15e64082f298,2026-07-29T15:45:13.990770+00:00,234.666,4,2,api-gateway|customers-service,False,GET,/api/customer/owners/1,200,1,230.454,1
2026-07-29T15:45:15.613749+00:00,b2fb7ed3f313bc01,2026-07-29T15:45:13.847868+00:00,22.357,3,2,api-gateway|visits-service,False,GET,/api/visit/owners/1/pets/1/visits,200,0,0.0,1
2026-07-29T15:45:15.613749+00:00,3c90cbc054f5b695,2026-07-29T15:45:13.680447+00:00,64.978,4,2,api-gateway|customers-service,False,GET,/api/customer/owners/1,200,1,63.953,1
2026-07-29T15:45:15.613749+00:00,80732b4d889069cb,2026-07-29T15:45:13.494000+00:00,73.166,4,2,api-gateway|customers-service,False,GET,/api/customer/owners/1,200,1,71.286,1
2026-07-29T15:45:15.613749+00:00,be3c1fc52b7287c7,2026-07-29T15:45:13.324411+00:00,78.307,4,2,api-gateway|customers-service,False,GET,/api/customer/owners/1,200,1,64.277,1
2026-07-29T15:45:15.613749+00:00,69dd8a2804ad00c8,2026-07-29T15:45:13.157516+00:00,178.307,4,2,api-gateway|customers-service,False,GET,/api/customer/owners,200,1,172.014,1
2026-07-29T15:45:15.613749+00:00,f897bfc755dec9b3,2026-07-29T15:45:12.990717+00:00,147.539,4,2,vets-service|api-gateway,False,GET,/api/vet/vets,200,1,134.472,1
2026-07-29T15:45:15.613749+00:00,4c8f73fecdc8c962,2026-07-29T15:45:12.848558+00:00,86.487,4,2,api-gateway|customers-service,False,GET,/api/customer/owners/1,200,1,85.459,1
2026-07-29T15:45:15.613749+00:00,4c5ec04a140a8188,2026-07-29T15:45:12.657166+00:00,140.652,4,2,vets-service|api-gateway,False,GET,/api/vet/vets,200,1,127.277,1
2026-07-29T15:45:15.613749+00:00,922b1c239cd2f8d0,2026-07-29T15:45:12.490497+00:00,145.393,4,2,vets-service|api-gateway,False,GET,/api/vet/vets,200,1,135.884,1
2026-07-29T15:45:15.613749+00:00,c5f2b4527d082d7d,2026-07-29T15:45:12.347684+00:00,190.394,4,2,api-gateway|customers-service,False,GET,/api/customer/owners,200,1,189.275,1
2026-07-29T15:45:15.613749+00:00,51a2313f490fc785,2026-07-29T15:45:12.157256+00:00,216.788,4,2,api-gateway|customers-service,False,GET,/api/customer/owners,200,1,211.751,1
2026-07-29T15:45:15.613749+00:00,bde2da2ed50a80db,2026-07-29T15:45:12.014115+00:00,78.521,4,2,api-gateway|customers-service,False,GET,/api/customer/owners/1,200,1,77.323,1
2026-07-29T15:45:15.613749+00:00,8b1de84109791e67,2026-07-29T15:45:11.846390+00:00,134.426,4,2,api-gateway|vets-service,False,GET,/api/vet/vets,200,1,133.201,1
2026-07-29T15:45:15.613749+00:00,907b4f44016f15f8,2026-07-29T15:45:11.681245+00:00,11.305,3,2,api-gateway|visits-service,False,GET,/api/visit/owners/1/pets/1/visits,200,0,0.0,1
2026-07-29T15:45:15.613749+00:00,a5b5d63f50835838,2026-07-29T15:45:11.491079+00:00,147.698,4,2,vets-service|api-gateway,False,GET,/api/vet/vets,200,1,132.927,1
2026-07-29T15:45:15.613749+00:00,50c7d80b44ea1627,2026-07-29T15:45:11.348075+00:00,11.801,3,2,api-gateway|visits-service,False,GET,/api/visit/owners/1/pets/1/visits,200,0,0.0,1
2026-07-29T15:45:15.613749+00:00,fed4320927f9d772,2026-07-29T15:45:11.157425+00:00,211.735,4,2,api-gateway|customers-service,False,GET,/api/customer/owners,200,1,205.692,1
2026-07-29T15:45:15.613749+00:00,d23843ea373be7be,2026-07-29T15:45:10.990922+00:00,22.691,3,2,visits-service|api-gateway,False,GET,/api/visit/owners/1/pets/1/visits,200,0,0.0,1
2026-07-29T15:45:15.613749+00:00,5721826a413d4d9b,2026-07-29T15:45:10.824296+00:00,28.148,3,2,visits-service|api-gateway,False,GET,/api/visit/owners/1/pets/1/visits,200,0,0.0,1
2026-07-29T15:45:15.613749+00:00,b017f3fd5850c964,2026-07-29T15:45:10.679294+00:00,163.72,4,2,api-gateway|customers-service,False,GET,/api/customer/owners,200,1,162.592,1
2026-07-29T15:45:15.613749+00:00,3ed0a419363a2f0f,2026-07-29T15:45:10.494231+00:00,76.006,4,2,api-gateway|customers-service,False,GET,/api/customer/owners/1,200,1,74.286,1
2026-07-29T15:45:15.613749+00:00,6bf39d7c07cbef67,2026-07-29T15:45:10.348383+00:00,187.706,4,2,api-gateway|customers-service,False,GET,/api/customer/owners,200,1,186.504,1
2026-07-29T15:45:15.613749+00:00,5d812ade9b3b8d1d,2026-07-29T15:45:10.160117+00:00,19.147,3,2,visits-service|api-gateway,False,GET,/api/visit/owners/1/pets/1/visits,200,0,0.0,1
2026-07-29T15:45:15.613749+00:00,da816f9dd28a80ee,2026-07-29T15:45:09.990437+00:00,179.972,4,2,vets-service|api-gateway,False,GET,/api/vet/vets,200,1,166.319,1
2026-07-29T15:45:15.613749+00:00,00f50258771d3401,2026-07-29T15:45:09.823388+00:00,82.37,3,2,visits-service|api-gateway,False,GET,/api/visit/owners/1/pets/1/visits,200,0,0.0,1
2026-07-29T15:45:15.613749+00:00,b01049f24d44128e,2026-07-29T15:45:09.678652+00:00,267.588,4,2,api-gateway|customers-service,False,GET,/api/customer/owners,200,1,266.463,1
2026-07-29T15:45:15.613749+00:00,d515862974db53cf,2026-07-29T15:45:09.490170+00:00,146.945,4,2,vets-service|api-gateway,False,GET,/api/vet/vets,200,1,130.994,1
2026-07-29T15:45:15.613749+00:00,af81479f8357dae2,2026-07-29T15:45:09.323686+00:00,153.632,4,2,vets-service|api-gateway,False,GET,/api/vet/vets,200,1,138.901,1
2026-07-29T15:45:15.613749+00:00,8b5d278ccfa9ce09,2026-07-29T15:45:09.158096+00:00,86.254,4,2,api-gateway|customers-service,False,GET,/api/customer/owners/1,200,1,81.185,1
2026-07-29T15:45:15.613749+00:00,3af1c761a9024272,2026-07-29T15:45:08.991388+00:00,33.731,3,2,visits-service|api-gateway,False,GET,/api/visit/owners/1/pets/1/visits,200,0,0.0,1
2026-07-29T15:45:15.613749+00:00,e4b82ab5e8abc751,2026-07-29T15:45:08.848382+00:00,60.003,4,2,api-gateway|customers-service,False,GET,/api/customer/owners/1,200,1,58.776,1
2026-07-29T15:45:15.613749+00:00,c4bb0ca2e4c0d518,2026-07-29T15:45:08.657173+00:00,35.558,3,2,visits-service|api-gateway,False,GET,/api/visit/owners/1/pets/1/visits,200,0,0.0,1
2026-07-29T15:45:15.613749+00:00,2ac7bedee7274329,2026-07-29T15:45:08.494027+00:00,85.269,4,2,api-gateway|customers-service,False,GET,/api/customer/owners/1,200,1,83.354,1
2026-07-29T15:45:15.613749+00:00,465c8949c9c706bf,2026-07-29T15:45:08.326642+00:00,30.939,3,2,visits-service|api-gateway,False,GET,/api/visit/owners/1/pets/1/visits,200,0,0.0,1
2026-07-29T15:45:15.613749+00:00,a3b90955e4290326,2026-07-29T15:45:08.156531+00:00,198.312,4,2,api-gateway|customers-service,False,GET,/api/customer/owners,200,1,186.259,1
2026-07-29T15:45:15.613749+00:00,520b48457ad3fd2e,2026-07-29T15:45:07.990522+00:00,181.914,4,2,api-gateway|customers-service,False,GET,/api/customer/owners,200,1,177.74,1
2026-07-29T15:45:15.613749+00:00,0ddb366bd0a6d436,2026-07-29T15:45:07.847212+00:00,158.769,4,2,api-gateway|vets-service,False,GET,/api/vet/vets,200,1,157.481,1
2026-07-29T15:45:15.613749+00:00,41722b3e12336fc1,2026-07-29T15:45:07.679489+00:00,206.768,4,2,api-gateway|customers-service,False,GET,/api/customer/owners,200,1,205.465,1
2026-07-29T15:45:15.613749+00:00,0b939c69aa6843cb,2026-07-29T15:45:07.512606+00:00,83.325,4,2,api-gateway|customers-service,False,GET,/api/customer/owners/1,200,1,82.273,1
2026-07-29T15:45:15.613749+00:00,892f14b7b816be1b,2026-07-29T15:45:07.323763+00:00,211.186,4,2,api-gateway|customers-service,False,GET,/api/customer/owners,200,1,207.643,1
2026-07-29T15:45:15.613749+00:00,6c3be24d48d9ac13,2026-07-29T15:45:07.157162+00:00,193.916,4,2,api-gateway|customers-service,False,GET,/api/customer/owners,200,1,182.26,1
2026-07-29T15:45:15.613749+00:00,43f379e4459a17b7,2026-07-29T15:45:06.990340+00:00,25.121,3,2,visits-service|api-gateway,False,GET,/api/visit/owners/1/pets/1/visits,200,0,0.0,1
2026-07-29T15:45:15.613749+00:00,7c27f2ecc3069115,2026-07-29T15:45:06.826798+00:00,191.773,4,2,api-gateway|customers-service,False,GET,/api/customer/owners,200,1,190.409,1
2026-07-29T15:45:15.613749+00:00,914ce03fc9a5acbb,2026-07-29T15:45:06.680767+00:00,124.974,4,2,api-gateway|vets-service,False,GET,/api/vet/vets,200,1,123.945,1
2026-07-29T15:45:15.613749+00:00,092cd0f4e8c67e7b,2026-07-29T15:45:06.490181+00:00,25.812,3,2,visits-service|api-gateway,False,GET,/api/visit/owners/1/pets/1/visits,200,0,0.0,1
2026-07-29T15:45:15.613749+00:00,2aab43b8c9fd593f,2026-07-29T15:45:06.324136+00:00,23.926,3,2,visits-service|api-gateway,False,GET,/api/visit/owners/1/pets/1/visits,200,0,0.0,1
2026-07-29T15:45:15.613749+00:00,d5ace0fe0f6edb24,2026-07-29T15:45:06.157954+00:00,34.302,3,2,visits-service|api-gateway,False,GET,/api/visit/owners/1/pets/1/visits,200,0,0.0,1
2026-07-29T15:45:15.613749+00:00,4b07c062d9b601bb,2026-07-29T15:45:05.990591+00:00,183.163,4,2,api-gateway|customers-service,False,GET,/api/customer/owners,200,1,168.092,1
2026-07-29T15:45:15.613749+00:00,4c59b79e7e768e7c,2026-07-29T15:45:05.826346+00:00,169.135,4,2,api-gateway|customers-service,False,GET,/api/customer/owners,200,1,167.805,1
2026-07-29T15:45:15.613749+00:00,73a36d81ad8ab483,2026-07-29T15:45:05.657089+00:00,22.815,3,2,visits-service|api-gateway,False,GET,/api/visit/owners/1/pets/1/visits,200,0,0.0,1
2026-07-29T15:45:15.613749+00:00,1e188fb8588ee334,2026-07-29T15:45:05.490134+00:00,33.571,3,2,visits-service|api-gateway,False,GET,/api/visit/owners/1/pets/1/visits,200,0,0.0,1
2026-07-29T15:45:15.613749+00:00,647ccf5f002f9790,2026-07-29T15:45:05.344885+00:00,198.478,4,2,api-gateway|customers-service,False,GET,/api/customer/owners,200,1,197.447,1
2026-07-29T15:45:15.613749+00:00,a76c8ea2085c343f,2026-07-29T15:45:05.156830+00:00,165.521,4,2,vets-service|api-gateway,False,GET,/api/vet/vets,200,1,153.472,1
2026-07-29T15:45:15.613749+00:00,cb72c3912f89376e,2026-07-29T15:45:05.012267+00:00,80.958,4,2,api-gateway|customers-service,False,GET,/api/customer/owners/1,200,1,79.6,1
2026-07-29T15:45:15.613749+00:00,b08afb270ccb17b2,2026-07-29T15:45:04.826221+00:00,71.935,4,2,api-gateway|customers-service,False,GET,/api/customer/owners/1,200,1,71.935,1
2026-07-29T15:45:15.613749+00:00,de56cfe18a52afa1,2026-07-29T15:45:04.678178+00:00,71.247,4,2,api-gateway|customers-service,False,GET,/api/customer/owners/1,200,1,70.05,1
2026-07-29T15:45:15.613749+00:00,66d44da4d95fd7e3,2026-07-29T15:45:04.494454+00:00,74.901,4,2,api-gateway|customers-service,False,GET,/api/customer/owners/1,200,1,73.231,1
2026-07-29T15:45:15.613749+00:00,3474930f2dcb48ed,2026-07-29T15:45:04.324300+00:00,218.789,4,2,vets-service|api-gateway,False,GET,/api/vet/vets,200,1,205.245,1
2026-07-29T15:45:15.613749+00:00,7f5e88e7d1b278a3,2026-07-29T15:45:04.157571+00:00,29.311,3,2,visits-service|api-gateway,False,GET,/api/visit/owners/1/pets/1/visits,200,0,0.0,1
2026-07-29T15:45:15.613749+00:00,90d4f5d4d0c426b7,2026-07-29T15:45:03.993798+00:00,184.068,4,2,api-gateway|customers-service,False,GET,/api/customer/owners,200,1,171.386,1
2026-07-29T15:45:15.613749+00:00,c01aaf65566107ee,2026-07-29T15:45:03.827009+00:00,201.954,4,2,api-gateway|customers-service,False,GET,/api/customer/owners,200,1,200.242,1
2026-07-29T15:45:15.613749+00:00,9d4436514ebf69b4,2026-07-29T15:45:03.678569+00:00,60.602,4,2,api-gateway|customers-service,False,GET,/api/customer/owners/1,200,1,59.527,1
2026-07-29T15:45:15.613749+00:00,c20c703c73905409,2026-07-29T15:45:03.510935+00:00,180.67,4,2,api-gateway|customers-service,False,GET,/api/customer/owners,200,1,179.636,1
2026-07-29T15:45:15.613749+00:00,e5c8c1f71b2fab92,2026-07-29T15:45:03.363598+00:00,162.399,4,2,api-gateway|customers-service,False,GET,/api/customer/owners,200,1,162.399,1
2026-07-29T15:45:15.613749+00:00,0e45bbfbcc2191c5,2026-07-29T15:45:03.157742+00:00,31.774,3,2,visits-service|api-gateway,False,GET,/api/visit/owners/1/pets/1/visits,200,0,0.0,1
2026-07-29T15:45:15.613749+00:00,70dcd1f13a8315b9,2026-07-29T15:45:02.991255+00:00,150.57,4,2,vets-service|api-gateway,False,GET,/api/vet/vets,200,1,136.434,1
2026-07-29T15:45:15.613749+00:00,96487153247ca660,2026-07-29T15:45:02.823248+00:00,35.005,3,2,visits-service|api-gateway,False,GET,/api/visit/owners/1/pets/1/visits,200,0,0.0,1
2026-07-29T15:45:15.613749+00:00,e7d3aeffe29764a5,2026-07-29T15:45:02.679158+00:00,74.416,4,2,api-gateway|customers-service,False,GET,/api/customer/owners/1,200,1,73.22,1
2026-07-29T15:45:15.613749+00:00,3ac8e36c7a8a913d,2026-07-29T15:45:02.493673+00:00,64.442,4,2,api-gateway|customers-service,False,GET,/api/customer/owners/1,200,1,62.855,1
2026-07-29T15:45:15.613749+00:00,484e2566fc6a1c2c,2026-07-29T15:45:02.346038+00:00,65.227,4,2,api-gateway|customers-service,False,GET,/api/customer/owners/1,200,1,64.124,1
2026-07-29T15:45:15.613749+00:00,7069ea904ba39301,2026-07-29T15:45:02.158015+00:00,199.877,4,2,api-gateway|customers-service,False,GET,/api/customer/owners,200,1,194.595,1
2026-07-29T15:45:15.613749+00:00,bb4b956cd71bb1c8,2026-07-29T15:45:01.990995+00:00,147.363,4,2,vets-service|api-gateway,False,GET,/api/vet/vets,200,1,133.717,1
2026-07-29T15:45:15.613749+00:00,345eac02e3fb1c43,2026-07-29T15:45:01.823595+00:00,24.577,3,2,visits-service|api-gateway,False,GET,/api/visit/owners/1/pets/1/visits,200,0,0.0,1
2026-07-29T15:45:15.613749+00:00,235391367ad428eb,2026-07-29T15:45:01.680951+00:00,144.953,4,2,api-gateway|vets-service,False,GET,/api/vet/vets,200,1,143.686,1
2026-07-29T15:45:15.613749+00:00,3d9a57b800523341,2026-07-29T15:45:01.514258+00:00,63.156,4,2,api-gateway|customers-service,False,GET,/api/customer/owners/1,200,1,62.09,1
2026-07-29T15:45:15.613749+00:00,03a4764efcf60cd2,2026-07-29T15:45:01.323561+00:00,27.117,3,2,visits-service|api-gateway,False,GET,/api/visit/owners/1/pets/1/visits,200,0,0.0,1
2026-07-29T15:45:15.613749+00:00,da63b97115ce0f72,2026-07-29T15:45:01.157747+00:00,90.368,4,2,api-gateway|customers-service,False,GET,/api/customer/owners/1,200,1,73.926,1
2026-07-29T15:45:15.613749+00:00,7a4bf8ee85b04a9f,2026-07-29T15:45:01.013025+00:00,12.446,3,2,api-gateway|visits-service,False,GET,/api/visit/owners/1/pets/1/visits,200,0,0.0,1
2026-07-29T15:45:15.613749+00:00,b79461afb04708f5,2026-07-29T15:45:00.826170+00:00,60.285,4,2,api-gateway|customers-service,False,GET,/api/customer/owners/1,200,1,60.285,1
2026-07-29T15:45:15.613749+00:00,e5ae9a0b75524dd8,2026-07-29T15:45:00.680956+00:00,72.359,4,2,api-gateway|customers-service,False,GET,/api/customer/owners/1,200,1,71.087,1
2026-07-29T15:45:15.613749+00:00,aa388809596f5d17,2026-07-29T15:45:00.490053+00:00,20.507,3,2,visits-service|api-gateway,False,GET,/api/visit/owners/1/pets/1/visits,200,0,0.0,1
2026-07-29T15:45:15.613749+00:00,e47ca5a01b3f83f5,2026-07-29T15:45:00.323790+00:00,186.676,4,2,api-gateway|customers-service,False,GET,/api/customer/owners,200,1,183.3,1
2026-07-29T15:45:15.613749+00:00,d76301a0fe07a940,2026-07-29T15:45:00.178648+00:00,181.324,4,2,api-gateway|customers-service,False,GET,/api/customer/owners,200,1,180.17,1
2026-07-29T15:45:15.613749+00:00,b6f1dd6d3154d536,2026-07-29T15:45:00.012766+00:00,10.829,3,2,api-gateway|visits-service,False,GET,/api/visit/owners/1/pets/1/visits,200,0,0.0,1
2026-07-29T15:45:15.613749+00:00,e822ad12823ddaf1,2026-07-29T15:44:59.824248+00:00,21.904,3,2,visits-service|api-gateway,False,GET,/api/visit/owners/1/pets/1/visits,200,0,0.0,1
2026-07-29T15:45:15.613749+00:00,5045c3bcb843eee6,2026-07-29T15:44:59.679759+00:00,134.893,4,2,api-gateway|vets-service,False,GET,/api/vet/vets,200,1,133.619,1
2026-07-29T15:45:15.613749+00:00,67ed668c2eb73f7f,2026-07-29T15:44:59.490745+00:00,34.786,3,2,visits-service|api-gateway,False,GET,/api/visit/owners/1/pets/1/visits,200,0,0.0,1
2026-07-29T15:45:15.613749+00:00,030da27c5b10cb6a,2026-07-29T15:44:59.323200+00:00,169.901,4,2,vets-service|api-gateway,False,GET,/api/vet/vets,200,1,157.703,1
2026-07-29T15:45:15.613749+00:00,fd6f0bc195e0ba17,2026-07-29T15:44:59.158594+00:00,27.975,3,2,visits-service|api-gateway,False,GET,/api/visit/owners/1/pets/1/visits,200,0,0.0,1
2026-07-29T15:45:15.613749+00:00,9fba2fd8651d3206,2026-07-29T15:44:58.990090+00:00,163.379,4,2,api-gateway|customers-service,False,GET,/api/customer/owners,200,1,159.117,1
2026-07-29T15:45:15.613749+00:00,fcb6d07896d82bec,2026-07-29T15:44:58.826545+00:00,72.548,4,2,api-gateway|customers-service,False,GET,/api/customer/owners/1,200,1,71.113,1
2026-07-29T15:45:15.613749+00:00,f021f90b3d73eaa0,2026-07-29T15:44:58.680527+00:00,286.306,4,2,api-gateway|customers-service,False,GET,/api/customer/owners/1,200,1,285.136,1
2026-07-29T15:45:15.613749+00:00,8d539d42d4cfa18b,2026-07-29T15:44:58.514737+00:00,401.544,4,2,api-gateway|customers-service,False,GET,/api/customer/owners,200,1,400.423,1
2026-07-29T15:45:15.613749+00:00,12b293b367570ace,2026-07-29T15:44:58.345975+00:00,71.991,4,2,api-gateway|customers-service,False,GET,/api/customer/owners/1,200,1,70.768,1
2026-07-29T15:45:15.613749+00:00,aeb91a9bdb3ede06,2026-07-29T15:44:58.157898+00:00,20.838,3,2,visits-service|api-gateway,False,GET,/api/visit/owners/1/pets/1/visits,200,0,0.0,1
2026-07-29T15:45:15.613749+00:00,04a4cd9162d32d10,2026-07-29T15:44:58.011955+00:00,15.892,3,2,api-gateway|visits-service,False,GET,/api/visit/owners/1/pets/1/visits,200,0,0.0,1
2026-07-29T15:45:15.613749+00:00,a03b9c460384f9ac,2026-07-29T15:44:57.823324+00:00,25.305,3,2,visits-service|api-gateway,False,GET,/api/visit/owners/1/pets/1/visits,200,0,0.0,1
2026-07-29T15:45:15.613749+00:00,41baaa424a445065,2026-07-29T15:44:57.659165+00:00,195.577,4,2,api-gateway|customers-service,False,GET,/api/customer/owners,200,1,195.577,1
2026-07-29T15:45:15.613749+00:00,c6a3dfdf0637af45,2026-07-29T15:44:57.491327+00:00,18.214,3,2,visits-service|api-gateway,False,GET,/api/visit/owners/1/pets/1/visits,200,0,0.0,1
2026-07-29T15:45:15.613749+00:00,0ac3cdb7d7a832a8,2026-07-29T15:44:57.345753+00:00,72.448,4,2,api-gateway|customers-service,False,GET,/api/customer/owners/1,200,1,71.169,1
2026-07-29T15:45:15.613749+00:00,cf3e5b657114611a,2026-07-29T15:44:57.157784+00:00,159.722,4,2,vets-service|api-gateway,False,GET,/api/vet/vets,200,1,144.706,1
2026-07-29T15:45:15.613749+00:00,790c819af1805d2c,2026-07-29T15:44:57.011910+00:00,18.969,3,2,api-gateway|visits-service,False,GET,/api/visit/owners/1/pets/1/visits,200,0,0.0,1
2026-07-29T15:45:15.613749+00:00,059e8874b82b8444,2026-07-29T15:44:56.845555+00:00,134.769,4,2,api-gateway|vets-service,False,GET,/api/vet/vets,200,1,133.563,1
2026-07-29T15:45:15.613749+00:00,8055cdc473745540,2026-07-29T15:44:56.659326+00:00,166.621,4,2,api-gateway|customers-service,False,GET,/api/customer/owners,200,1,165.296,1
2026-07-29T15:45:15.613749+00:00,ee12492099f9ec80,2026-07-29T15:44:56.494053+00:00,163.408,4,2,api-gateway|customers-service,False,GET,/api/customer/owners,200,1,160.754,1
2026-07-29T15:45:15.613749+00:00,9f18d78629a7c832,2026-07-29T15:44:56.323616+00:00,27.521,3,2,visits-service|api-gateway,False,GET,/api/visit/owners/1/pets/1/visits,200,0,0.0,1
2026-07-29T15:45:15.613749+00:00,2ad9fe233f30e3a2,2026-07-29T15:44:56.157454+00:00,21.127,3,2,visits-service|api-gateway,False,GET,/api/visit/owners/1/pets/1/visits,200,0,0.0,1
2026-07-29T15:45:15.613749+00:00,cec17bc3aa39ae29,2026-07-29T15:44:56.013694+00:00,19.332,3,2,api-gateway|visits-service,False,GET,/api/visit/owners/1/pets/1/visits,200,0,0.0,1
2026-07-29T15:45:15.613749+00:00,8bc101c7fec500fc,2026-07-29T15:44:55.824265+00:00,386.332,4,2,vets-service|api-gateway,False,GET,/api/vet/vets,200,1,372.784,1
2026-07-29T15:45:15.613749+00:00,31a3114bbe43b683,2026-07-29T15:44:55.679161+00:00,202.132,4,2,api-gateway|customers-service,False,GET,/api/customer/owners,200,1,200.892,1
2026-07-29T15:45:15.613749+00:00,a8a5a549b5716791,2026-07-29T15:44:55.489888+00:00,132.833,4,2,vets-service|api-gateway,False,GET,/api/vet/vets,200,1,119.24,1
2026-07-29T15:45:15.613749+00:00,21d66df7cb539625,2026-07-29T15:44:55.324059+00:00,51.556,3,2,visits-service|api-gateway,False,GET,/api/visit/owners/1/pets/1/visits,200,0,0.0,1
2026-07-29T15:45:15.613749+00:00,f9851f7f932df6fd,2026-07-29T15:44:55.157378+00:00,138.001,4,2,vets-service|api-gateway,False,GET,/api/vet/vets,200,1,124.333,1
2026-07-29T15:45:15.613749+00:00,e082c626e054af61,2026-07-29T15:44:55.013634+00:00,11.288,3,2,api-gateway|visits-service,False,GET,/api/visit/owners/1/pets/1/visits,200,0,0.0,1
2026-07-29T15:45:15.613749+00:00,51c1cba40d97625d,2026-07-29T15:44:54.846358+00:00,150.297,4,2,api-gateway|vets-service,False,GET,/api/vet/vets,200,1,149.003,1
2026-07-29T15:45:15.613749+00:00,0a82aeac2b1da4d3,2026-07-29T15:44:54.657589+00:00,28.854,3,2,visits-service|api-gateway,False,GET,/api/visit/owners/1/pets/1/visits,200,0,0.0,1
2026-07-29T15:45:15.613749+00:00,62a5ea971223aaaa,2026-07-29T15:44:54.514447+00:00,185.02,4,2,api-gateway|customers-service,False,GET,/api/customer/owners,200,1,184.176,1
2026-07-29T15:45:15.613749+00:00,6d706f52e1ddbfc8,2026-07-29T15:44:54.347637+00:00,63.93,4,2,api-gateway|customers-service,False,GET,/api/customer/owners/1,200,1,62.737,1
2026-07-29T15:45:15.613749+00:00,8b61b49bdf514aea,2026-07-29T15:44:54.156883+00:00,32.313,3,2,visits-service|api-gateway,False,GET,/api/visit/owners/1/pets/1/visits,200,0,0.0,1
2026-07-29T15:45:15.613749+00:00,62b3e3e57ff4d775,2026-07-29T15:44:53.991230+00:00,162.948,4,2,vets-service|api-gateway,False,GET,/api/vet/vets,200,1,149.438,1
2026-07-29T15:45:15.613749+00:00,99f25077d8fa8045,2026-07-29T15:44:53.848151+00:00,154.804,4,2,api-gateway|vets-service,False,GET,/api/vet/vets,200,1,153.506,1
2026-07-29T15:45:15.613749+00:00,18391896da7371d8,2026-07-29T15:44:53.681248+00:00,177.487,4,2,api-gateway|vets-service,False,GET,/api/vet/vets,200,1,176.189,1
2026-07-29T15:45:15.613749+00:00,aa284c4f57a20b93,2026-07-29T15:44:53.492058+00:00,70.255,4,2,api-gateway|customers-service,False,GET,/api/customer/owners/1,200,1,68.509,1
2026-07-29T15:45:15.613749+00:00,7578900f97518ab0,2026-07-29T15:44:53.323337+00:00,23.154,3,2,visits-service|api-gateway,False,GET,/api/visit/owners/1/pets/1/visits,200,0,0.0,1
2026-07-29T15:45:15.613749+00:00,61a00e8a5058a329,2026-07-29T15:44:53.158004+00:00,36.609,3,2,visits-service|api-gateway,False,GET,/api/visit/owners/1/pets/1/visits,200,0,0.0,1
2026-07-29T15:45:15.613749+00:00,986d449c3c92bfb1,2026-07-29T15:44:52.990601+00:00,156.123,4,2,vets-service|api-gateway,False,GET,/api/vet/vets,200,1,144.052,1
2026-07-29T15:45:15.613749+00:00,12301e637d944362,2026-07-29T15:44:52.824296+00:00,34.501,3,2,visits-service|api-gateway,False,GET,/api/visit/owners/1/pets/1/visits,200,0,0.0,1
2026-07-29T15:45:15.613749+00:00,40a8431b4ccecf53,2026-07-29T15:44:52.679400+00:00,180.406,4,2,api-gateway|customers-service,False,GET,/api/customer/owners,200,1,179.099,1
2026-07-29T15:45:15.613749+00:00,66fb0b9a26ef3a54,2026-07-29T15:44:52.493367+00:00,175.515,4,2,api-gateway|customers-service,False,GET,/api/customer/owners,200,1,175.515,1
2026-07-29T15:45:15.613749+00:00,87cfa28950d3bde9,2026-07-29T15:44:52.322970+00:00,144.839,4,2,vets-service|api-gateway,False,GET,/api/vet/vets,200,1,131.507,1
2026-07-29T15:45:15.613749+00:00,96d39166e1fe6970,2026-07-29T15:44:52.157686+00:00,188.918,4,2,api-gateway|customers-service,False,GET,/api/customer/owners,200,1,183.426,1
2026-07-29T15:45:15.613749+00:00,4993e0e61dae89ea,2026-07-29T15:44:51.990897+00:00,79.527,4,2,api-gateway|customers-service,False,GET,/api/customer/owners/1,200,1,65.849,1
2026-07-29T15:45:15.613749+00:00,fabdde60fcab4b50,2026-07-29T15:44:51.846964+00:00,184.715,4,2,api-gateway|customers-service,False,GET,/api/customer/owners,200,1,183.345,1
2026-07-29T15:45:15.613749+00:00,c81ca90ae24eb30f,2026-07-29T15:44:51.678746+00:00,27.164,3,2,api-gateway|visits-service,False,GET,/api/visit/owners/1/pets/1/visits,200,0,0.0,1
2026-07-29T15:45:15.613749+00:00,a0dc941338cd7861,2026-07-29T15:44:51.513008+00:00,100.02,4,2,api-gateway|customers-service,False,GET,/api/customer/owners/1,200,1,98.775,1
2026-07-29T15:45:15.613749+00:00,d5d45422a50c9593,2026-07-29T15:44:51.326879+00:00,249.987,4,2,api-gateway|customers-service,False,GET,/api/customer/owners,200,1,247.916,1
2026-07-29T15:45:15.613749+00:00,284d65751ebc352f,2026-07-29T15:44:51.157055+00:00,157.765,4,2,vets-service|api-gateway,False,GET,/api/vet/vets,200,1,143.644,1
2026-07-29T15:45:15.613749+00:00,bd608411e6af4b84,2026-07-29T15:44:51.014006+00:00,428.856,4,2,api-gateway|customers-service,False,GET,/api/customer/owners,200,1,427.684,1
2026-07-29T15:45:15.613749+00:00,35ce07c03270dfdd,2026-07-29T15:44:50.823540+00:00,59.551,3,2,visits-service|api-gateway,False,GET,/api/visit/owners/1/pets/1/visits,200,0,0.0,1
2026-07-29T15:45:15.613749+00:00,8c7ff7e919eb5f44,2026-07-29T15:44:50.660911+00:00,371.978,4,2,api-gateway|customers-service,False,GET,/api/customer/owners,200,1,370.175,1
2026-07-29T15:45:15.613749+00:00,3fb400dbba69fd3e,2026-07-29T15:44:50.493043+00:00,279.401,4,2,api-gateway|customers-service,False,GET,/api/customer/owners,200,1,279.401,1
2026-07-29T15:45:15.613749+00:00,9b9346674fa5b480,2026-07-29T15:44:50.324381+00:00,182.662,4,2,vets-service|api-gateway,False,GET,/api/vet/vets,200,1,170.532,1
2026-07-29T15:45:15.613749+00:00,f86c735e2aac76d1,2026-07-29T15:44:50.178891+00:00,429.576,4,2,api-gateway|customers-service,False,GET,/api/customer/owners,200,1,428.354,1
2026-07-29T15:45:15.613749+00:00,2bcbd23ad886f8ad,2026-07-29T15:44:49.990488+00:00,81.685,4,2,api-gateway|customers-service,False,GET,/api/customer/owners/1,200,1,69.439,1
2026-07-29T15:45:15.613749+00:00,942451422e0486e3,2026-07-29T15:44:49.845235+00:00,177.67,4,2,api-gateway|customers-service,False,GET,/api/customer/owners,200,1,176.542,1
2026-07-29T15:45:15.613749+00:00,e562f2f10ab7fd46,2026-07-29T15:44:49.658068+00:00,74.847,4,2,api-gateway|customers-service,False,GET,/api/customer/owners/1,200,1,73.591,1
2026-07-29T15:45:15.613749+00:00,98298fc466a66125,2026-07-29T15:44:49.512428+00:00,154.843,4,2,api-gateway|vets-service,False,GET,/api/vet/vets,200,1,153.7,1
2026-07-29T15:45:15.613749+00:00,b66e95911205464f,2026-07-29T15:44:49.324168+00:00,157.335,4,2,vets-service|api-gateway,False,GET,/api/vet/vets,200,1,143.429,1
2026-07-29T15:45:15.613749+00:00,16e20f84cb1e9c5a,2026-07-29T15:44:49.178611+00:00,75.448,4,2,api-gateway|customers-service,False,GET,/api/customer/owners/1,200,1,74.439,1
2026-07-29T15:45:15.613749+00:00,b111e55f81e0aa03,2026-07-29T15:44:48.991054+00:00,76.197,4,2,api-gateway|customers-service,False,GET,/api/customer/owners/1,200,1,70.913,1
2026-07-29T15:45:15.613749+00:00,f8d2a0eedb329ce8,2026-07-29T15:44:48.845491+00:00,137.641,4,2,api-gateway|vets-service,False,GET,/api/vet/vets,200,1,136.387,1
2026-07-29T15:45:15.613749+00:00,64508ccb69065a58,2026-07-29T15:44:48.678537+00:00,158.038,4,2,api-gateway|vets-service,False,GET,/api/vet/vets,200,1,156.815,1
2026-07-29T15:45:15.613749+00:00,db061c06fe1b7378,2026-07-29T15:44:48.493276+00:00,188.322,4,2,api-gateway|customers-service,False,GET,/api/customer/owners,200,1,186.92,1
2026-07-29T15:45:15.613749+00:00,039a0c10e6ebd7c8,2026-07-29T15:44:48.346660+00:00,81.146,4,2,api-gateway|customers-service,False,GET,/api/customer/owners/1,200,1,79.929,1
2026-07-29T15:45:15.613749+00:00,594278862fa743f9,2026-07-29T15:44:48.157435+00:00,41.671,3,2,visits-service|api-gateway,False,GET,/api/visit/owners/1/pets/1/visits,200,0,0.0,1
2026-07-29T15:45:15.613749+00:00,385023b51a447a92,2026-07-29T15:44:47.990944+00:00,161.818,4,2,vets-service|api-gateway,False,GET,/api/vet/vets,200,1,149.092,1
2026-07-29T15:45:15.613749+00:00,796458413a84fffb,2026-07-29T15:44:47.848160+00:00,133.827,4,2,api-gateway|vets-service,False,GET,/api/vet/vets,200,1,132.511,1
2026-07-29T15:45:15.613749+00:00,322ca09140be1e6a,2026-07-29T15:44:47.682853+00:00,85.334,4,2,api-gateway|customers-service,False,GET,/api/customer/owners/1,200,1,84.158,1
2026-07-29T15:45:15.613749+00:00,6dda455552edbbff,2026-07-29T15:44:47.514564+00:00,221.361,4,2,api-gateway|customers-service,False,GET,/api/customer/owners,200,1,220.279,1
2026-07-29T15:45:15.613749+00:00,20c4df0945c37915,2026-07-29T15:44:47.324383+00:00,88.518,4,2,api-gateway|customers-service,False,GET,/api/customer/owners/1,200,1,82.838,1
2026-07-29T15:45:15.613749+00:00,73511ddae4fa2f9c,2026-07-29T15:44:47.157409+00:00,151.599,4,2,vets-service|api-gateway,False,GET,/api/vet/vets,200,1,137.108,1
2026-07-29T15:45:15.613749+00:00,068d75adb351d32a,2026-07-29T15:44:47.014183+00:00,22.084,3,2,api-gateway|visits-service,False,GET,/api/visit/owners/1/pets/1/visits,200,0,0.0,1
2026-07-29T15:45:15.613749+00:00,db6ef682aa831f9f,2026-07-29T15:44:46.824126+00:00,374.294,3,2,visits-service|api-gateway,False,GET,/api/visit/owners/1/pets/1/visits,200,0,0.0,1
2026-07-29T15:45:15.613749+00:00,0d539b22970113a0,2026-07-29T15:44:46.681255+00:00,157.068,4,2,api-gateway|vets-service,False,GET,/api/vet/vets,200,1,155.672,1
2026-07-29T15:45:15.613749+00:00,0d6b0f82819f0e75,2026-07-29T15:44:46.514483+00:00,79.497,4,2,api-gateway|customers-service,False,GET,/api/customer/owners/1,200,1,78.309,1
2026-07-29T15:45:15.613749+00:00,b20e6bf08ec5f3e2,2026-07-29T15:44:46.324718+00:00,81.8,4,2,api-gateway|customers-service,False,GET,/api/customer/owners/1,200,1,75.465,1
2026-07-29T15:45:15.613749+00:00,3c0e5887f8ad233e,2026-07-29T15:44:46.157502+00:00,32.296,3,2,visits-service|api-gateway,False,GET,/api/visit/owners/1/pets/1/visits,200,0,0.0,1
2026-07-29T15:45:15.613749+00:00,f26db6d0aa373146,2026-07-29T15:44:45.990665+00:00,84.225,4,2,api-gateway|customers-service,False,GET,/api/customer/owners/1,200,1,80.633,1
2026-07-29T15:45:15.613749+00:00,1b62aaf59bf70767,2026-07-29T15:44:45.846398+00:00,66.783,4,2,api-gateway|customers-service,False,GET,/api/customer/owners/1,200,1,65.731,1
2026-07-29T15:45:15.613749+00:00,71efdf7692ff3c3f,2026-07-29T15:44:45.680565+00:00,66.555,4,2,api-gateway|customers-service,False,GET,/api/customer/owners/1,200,1,65.54,1
2026-07-29T15:45:15.613749+00:00,f222e42861607240,2026-07-29T15:44:45.490184+00:00,32.752,3,2,visits-service|api-gateway,False,GET,/api/visit/owners/1/pets/1/visits,200,0,0.0,1
2026-07-29T15:45:15.613749+00:00,62db6942ddda0f6f,2026-07-29T15:44:45.348356+00:00,60.521,4,2,api-gateway|customers-service,False,GET,/api/customer/owners/1,200,1,59.607,1
2026-07-29T15:45:15.613749+00:00,526b99ce947bf55a,2026-07-29T15:44:45.157635+00:00,189.887,4,2,api-gateway|customers-service,False,GET,/api/customer/owners,200,1,184.376,1
2026-07-29T15:45:15.613749+00:00,d4e8deac2e087b5b,2026-07-29T15:44:44.990946+00:00,203.408,4,2,api-gateway|customers-service,False,GET,/api/customer/owners,200,1,189.892,1
2026-07-29T15:45:15.613749+00:00,9babec723e1fcb85,2026-07-29T15:44:44.827171+00:00,97.326,4,2,api-gateway|customers-service,False,GET,/api/customer/owners/1,200,1,95.471,1
2026-07-29T15:45:15.613749+00:00,376e29505150035a,2026-07-29T15:44:44.681399+00:00,31.69,3,2,api-gateway|visits-service,False,GET,/api/visit/owners/1/pets/1/visits,200,0,0.0,1
2026-07-29T15:45:15.613749+00:00,0bd9768310f0ed26,2026-07-29T15:44:44.515283+00:00,168.869,4,2,api-gateway|vets-service,False,GET,/api/vet/vets,200,1,167.672,1
2026-07-29T15:45:15.613749+00:00,02223a73b4f8a748,2026-07-29T15:44:44.324353+00:00,66.369,4,2,api-gateway|customers-service,False,GET,/api/customer/owners/1,200,1,60.77,1
2026-07-29T15:45:15.613749+00:00,00e5529343c6f7fc,2026-07-29T15:44:44.180886+00:00,61.817,4,2,api-gateway|customers-service,False,GET,/api/customer/owners/1,200,1,60.654,1
2026-07-29T15:45:15.613749+00:00,34a3a4082dc70998,2026-07-29T15:44:43.990151+00:00,115.512,4,2,api-gateway|customers-service,False,GET,/api/customer/owners/1,200,1,70.727,1
2026-07-29T15:45:15.613749+00:00,8c026f90faa8f65c,2026-07-29T15:44:43.824909+00:00,274.186,4,2,api-gateway|customers-service,False,GET,/api/customer/owners/1,200,1,271.259,1
2026-07-29T15:45:15.613749+00:00,0cf249aee65ddccd,2026-07-29T15:44:43.657363+00:00,486.731,4,2,vets-service|api-gateway,False,GET,/api/vet/vets,200,1,474.174,1
2026-07-29T15:45:15.613749+00:00,4ddc6eacfd82b508,2026-07-29T15:44:43.490155+00:00,534.071,4,2,api-gateway|customers-service,False,GET,/api/customer/owners/1,200,1,499.415,1
2026-07-29T15:45:15.613749+00:00,3e924c4344b99603,2026-07-29T15:44:43.324183+00:00,713.549,4,2,api-gateway|customers-service,False,GET,/api/customer/owners/1,200,1,659.604,1
2026-07-29T15:45:15.613749+00:00,03afcd23d3e6ba6c,2026-07-29T15:44:43.157890+00:00,948.342,4,2,api-gateway|customers-service,False,GET,/api/customer/owners,200,1,934.321,1
2026-07-29T15:45:15.613749+00:00,1369afacfb4df6d0,2026-07-29T15:44:42.990084+00:00,1069.403,4,2,api-gateway|customers-service,False,GET,/api/customer/owners,200,1,1064.788,1
2026-07-29T15:45:15.613749+00:00,9abeb438a6008968,2026-07-29T15:44:42.825707+00:00,1265.391,4,2,api-gateway|customers-service,False,GET,/api/customer/owners,200,1,1253.669,1
2026-07-29T15:45:15.613749+00:00,10b5ecadcc2b479c,2026-07-29T15:44:42.656383+00:00,189.313,3,2,visits-service|api-gateway,False,GET,/api/visit/owners/1/pets/1/visits,200,0,0.0,1
2026-07-29T15:45:15.613749+00:00,80e04a71e812a318,2026-07-29T15:44:42.492243+00:00,1081.209,4,2,api-gateway|customers-service,False,GET,/api/customer/owners,200,1,1081.209,1
2026-07-29T15:45:15.613749+00:00,da182435cf8cc567,2026-07-29T15:44:42.347080+00:00,281.775,4,2,api-gateway|customers-service,False,GET,/api/customer/owners/1,200,1,280.519,1
2026-07-29T15:45:15.613749+00:00,d9988607d6e9daa9,2026-07-29T15:44:42.180513+00:00,704.294,4,2,api-gateway|vets-service,False,GET,/api/vet/vets,200,1,703.038,1
2026-07-29T15:45:15.613749+00:00,58b8528eb69910f1,2026-07-29T15:44:41.990087+00:00,141.301,3,2,visits-service|api-gateway,False,GET,/api/visit/owners/1/pets/1/visits,200,0,0.0,1
2026-07-29T15:45:15.613749+00:00,898a54ae32e838c4,2026-07-29T15:44:41.846737+00:00,73.716,3,2,api-gateway|visits-service,False,GET,/api/visit/owners/1/pets/1/visits,200,0,0.0,1
2026-07-29T15:45:15.613749+00:00,f245f3ed83057b1f,2026-07-29T15:44:41.656652+00:00,742.888,4,2,vets-service|api-gateway,False,GET,/api/vet/vets,200,1,700.275,1
2026-07-29T15:45:15.613749+00:00,6fa732a7515dc70c,2026-07-29T15:44:41.515014+00:00,147.231,3,2,api-gateway|visits-service,False,GET,/api/visit/owners/1/pets/1/visits,200,0,0.0,1
2026-07-29T15:45:15.613749+00:00,9bd6f1b4d1ed0f3d,2026-07-29T15:44:41.348029+00:00,597.294,4,2,api-gateway|vets-service,False,GET,/api/vet/vets,200,1,595.949,1
2026-07-29T15:45:15.613749+00:00,598ad3caa73a087f,2026-07-29T15:44:41.157115+00:00,103.825,3,2,visits-service|api-gateway,False,GET,/api/visit/owners/1/pets/1/visits,200,0,0.0,1
2026-07-29T15:45:15.613749+00:00,8407ed74cf105f73,2026-07-29T15:44:41.024222+00:00,660.662,4,2,api-gateway|vets-service,False,GET,/api/vet/vets,200,1,659.51,1
2026-07-29T15:45:15.613749+00:00,72a74cec75c96e50,2026-07-29T15:44:40.846250+00:00,838.736,4,2,api-gateway|vets-service,False,GET,/api/vet/vets,200,1,837.566,1
2026-07-29T15:45:15.613749+00:00,1e802adb8e27299e,2026-07-29T15:44:40.680428+00:00,111.446,3,2,api-gateway|visits-service,False,GET,/api/visit/owners/1/pets/1/visits,200,0,0.0,1
2026-07-29T15:45:15.613749+00:00,b335c2fb09060c1f,2026-07-29T15:44:40.495270+00:00,998.67,4,2,api-gateway|customers-service,False,GET,/api/customer/owners,200,1,996.79,1
2026-07-29T15:45:15.613749+00:00,736ed9edada81b94,2026-07-29T15:44:40.324269+00:00,218.857,3,2,visits-service|api-gateway,False,GET,/api/visit/owners/1/pets/1/visits,200,0,0.0,1
2026-07-29T15:45:15.613749+00:00,84ecf97ab39ff7dd,2026-07-29T15:44:40.157343+00:00,1120.438,4,2,vets-service|api-gateway,False,GET,/api/vet/vets,200,1,1096.054,1
2026-07-29T15:45:15.613749+00:00,d21b2688b8d28772,2026-07-29T15:44:39.994271+00:00,538.994,4,2,api-gateway|customers-service,False,GET,/api/customer/owners/1,200,1,537.069,1
2026-07-29T15:45:15.613749+00:00,dd78d697a1ca0ed2,2026-07-29T15:44:39.879338+00:00,677.62,4,2,api-gateway|vets-service,False,GET,/api/vet/vets,200,1,676.617,1
2026-07-29T15:45:15.613749+00:00,28f44ef2596f27c8,2026-07-29T15:44:39.680519+00:00,892.279,4,2,api-gateway|customers-service,False,GET,/api/customer/owners,200,1,891.178,1
2026-07-29T15:45:15.613749+00:00,78aa0b8de91058cc,2026-07-29T15:44:39.490392+00:00,588.909,4,2,vets-service|api-gateway,False,GET,/api/vet/vets,200,1,573.765,1
2026-07-29T15:45:15.613749+00:00,e0bde81a34ca533f,2026-07-29T15:44:39.347245+00:00,567.388,4,2,api-gateway|vets-service,False,GET,/api/vet/vets,200,1,566.076,1
2026-07-29T15:45:15.613749+00:00,672b74c586d48a8c,2026-07-29T15:44:39.157531+00:00,143.3,4,2,vets-service|api-gateway,False,GET,/api/vet/vets,200,1,130.236,1
2026-07-29T15:45:15.613749+00:00,74649b3c5cd1c181,2026-07-29T15:44:39.012547+00:00,178.268,4,2,api-gateway|customers-service,False,GET,/api/customer/owners,200,1,177.195,1
2026-07-29T15:45:15.613749+00:00,13fc6c4ebab4d617,2026-07-29T15:44:38.847539+00:00,136.492,4,2,api-gateway|vets-service,False,GET,/api/vet/vets,200,1,135.31,1
2026-07-29T15:45:15.613749+00:00,6d2a829e34973a06,2026-07-29T15:44:38.660849+00:00,65.788,4,2,api-gateway|customers-service,False,GET,/api/customer/owners/1,200,1,64.388,1
2026-07-29T15:45:15.613749+00:00,dd8c879de6588b77,2026-07-29T15:44:38.512548+00:00,128.358,4,2,api-gateway|vets-service,False,GET,/api/vet/vets,200,1,127.077,1
2026-07-29T15:45:15.613749+00:00,17cfd5a77a4a23f3,2026-07-29T15:44:38.323961+00:00,130.349,4,2,vets-service|api-gateway,False,GET,/api/vet/vets,200,1,117.878,1
2026-07-29T15:45:15.613749+00:00,422d9857123efb5c,2026-07-29T15:44:38.157182+00:00,177.996,4,2,api-gateway|customers-service,False,GET,/api/customer/owners,200,1,174.276,1
2026-07-29T15:45:15.613749+00:00,9cc9399c9deca607,2026-07-29T15:44:38.011843+00:00,190.92,4,2,api-gateway|customers-service,False,GET,/api/customer/owners,200,1,189.863,1
2026-07-29T15:45:15.613749+00:00,6ed814fe98dba313,2026-07-29T15:44:37.823423+00:00,359.061,4,2,vets-service|api-gateway,False,GET,/api/vet/vets,200,1,347.068,1
2026-07-29T15:45:15.613749+00:00,94e1b690db4f0478,2026-07-29T15:44:37.678542+00:00,184.912,4,2,api-gateway|vets-service,False,GET,/api/vet/vets,200,1,183.73,1
2026-07-29T15:45:15.613749+00:00,3b8cf51b3046215a,2026-07-29T15:44:37.512563+00:00,68.393,4,2,api-gateway|customers-service,False,GET,/api/customer/owners/1,200,1,67.235,1
2026-07-29T15:45:15.613749+00:00,2777d6f17fba8500,2026-07-29T15:44:37.323182+00:00,145.347,4,2,vets-service|api-gateway,False,GET,/api/vet/vets,200,1,133.604,1
2026-07-29T15:45:15.613749+00:00,6852e135908a5ea1,2026-07-29T15:44:37.157597+00:00,185.501,4,2,api-gateway|customers-service,False,GET,/api/customer/owners,200,1,181.096,1
2026-07-29T15:45:15.613749+00:00,bd586251b2b361de,2026-07-29T15:44:36.990592+00:00,31.443,3,2,visits-service|api-gateway,False,GET,/api/visit/owners/1/pets/1/visits,200,0,0.0,1
2026-07-29T15:45:15.613749+00:00,50d2670180592fa9,2026-07-29T15:44:36.823450+00:00,176.853,4,2,api-gateway|customers-service,False,GET,/api/customer/owners,200,1,171.692,1
2026-07-29T15:45:15.613749+00:00,749f4109a5ab7a04,2026-07-29T15:44:36.681091+00:00,138.888,4,2,api-gateway|vets-service,False,GET,/api/vet/vets,200,1,137.546,1
2026-07-29T15:45:15.613749+00:00,4d479f7ad47846c2,2026-07-29T15:44:36.491008+00:00,38.904,3,2,visits-service|api-gateway,False,GET,/api/visit/owners/1/pets/1/visits,200,0,0.0,1
2026-07-29T15:45:15.613749+00:00,a89a82d2da465b0f,2026-07-29T15:44:36.346870+00:00,89.902,4,2,api-gateway|customers-service,False,GET,/api/customer/owners/1,200,1,88.797,1
2026-07-29T15:45:15.613749+00:00,6b198433c8e6152e,2026-07-29T15:44:36.180522+00:00,307.287,4,2,api-gateway|customers-service,False,GET,/api/customer/owners/1,200,1,306.137,1
2026-07-29T15:45:15.613749+00:00,b7c1ccf59cf64610,2026-07-29T15:44:35.990117+00:00,155.912,4,2,vets-service|api-gateway,False,GET,/api/vet/vets,200,1,142.731,1
2026-07-29T15:45:15.613749+00:00,e24cacfab2c6db87,2026-07-29T15:44:35.849209+00:00,9.592,3,2,api-gateway|visits-service,False,GET,/api/visit/owners/1/pets/1/visits,200,0,0.0,1
2026-07-29T15:45:15.613749+00:00,8faa378057f06f43,2026-07-29T15:44:35.680337+00:00,138.214,4,2,api-gateway|vets-service,False,GET,/api/vet/vets,200,1,137.056,1
2026-07-29T15:45:15.613749+00:00,5fb749ffa02dcc1c,2026-07-29T15:44:35.491295+00:00,33.614,3,2,visits-service|api-gateway,False,GET,/api/visit/owners/1/pets/1/visits,200,0,0.0,1
2026-07-29T15:45:15.613749+00:00,3b35956e53e48283,2026-07-29T15:44:35.348071+00:00,25.386,3,2,api-gateway|visits-service,False,GET,/api/visit/owners/1/pets/1/visits,200,0,0.0,1
2026-07-29T15:45:15.613749+00:00,5c5048eea2614ea5,2026-07-29T15:44:35.157077+00:00,145.078,4,2,vets-service|api-gateway,False,GET,/api/vet/vets,200,1,130.852,1
2026-07-29T15:45:15.613749+00:00,8b5e730a300abf5e,2026-07-29T15:44:34.991458+00:00,155.094,4,2,vets-service|api-gateway,False,GET,/api/vet/vets,200,1,140.029,1
2026-07-29T15:45:15.613749+00:00,f51488f807bde81f,2026-07-29T15:44:34.847695+00:00,151.938,4,2,api-gateway|vets-service,False,GET,/api/vet/vets,200,1,150.719,1
2026-07-29T15:45:15.613749+00:00,79906e6104ba8197,2026-07-29T15:44:34.657217+00:00,24.379,3,2,visits-service|api-gateway,False,GET,/api/visit/owners/1/pets/1/visits,200,0,0.0,1
2026-07-29T15:45:15.613749+00:00,dac4b4b13f31418a,2026-07-29T15:44:34.492123+00:00,176.088,4,2,api-gateway|customers-service,False,GET,/api/customer/owners,200,1,176.088,1
2026-07-29T15:45:15.613749+00:00,c94738165fc1eb4c,2026-07-29T15:44:34.346426+00:00,16.445,3,2,api-gateway|visits-service,False,GET,/api/visit/owners/1/pets/1/visits,200,0,0.0,1
2026-07-29T15:45:15.613749+00:00,d12f06356e181b3b,2026-07-29T15:44:34.156942+00:00,38.571,3,2,visits-service|api-gateway,False,GET,/api/visit/owners/1/pets/1/visits,200,0,0.0,1
2026-07-29T15:45:15.613749+00:00,d2fb7fc337709a72,2026-07-29T15:44:33.989912+00:00,32.529,3,2,visits-service|api-gateway,False,GET,/api/visit/owners/1/pets/1/visits,200,0,0.0,1
2026-07-29T15:45:15.613749+00:00,ee1599fdd6b7c439,2026-07-29T15:44:33.845886+00:00,133.387,4,2,api-gateway|vets-service,False,GET,/api/vet/vets,200,1,132.174,1
2026-07-29T15:45:15.613749+00:00,eb3bbf373841f52c,2026-07-29T15:44:33.661145+00:00,210.811,4,2,api-gateway|customers-service,False,GET,/api/customer/owners,200,1,175.74,1
2026-07-29T15:45:15.613749+00:00,799cfabfd3f5fddf,2026-07-29T15:44:33.491249+00:00,33.013,3,2,visits-service|api-gateway,False,GET,/api/visit/owners/1/pets/1/visits,200,0,0.0,1
2026-07-29T15:45:15.613749+00:00,7d42470ab4ea1d9f,2026-07-29T15:44:33.347579+00:00,141.13,4,2,api-gateway|vets-service,False,GET,/api/vet/vets,200,1,139.937,1
2026-07-29T15:45:15.613749+00:00,3afc0fff97744919,2026-07-29T15:44:33.157909+00:00,30.936,3,2,visits-service|api-gateway,False,GET,/api/visit/owners/1/pets/1/visits,200,0,0.0,1
2026-07-29T15:45:15.613749+00:00,6d5e7c73b9c5d858,2026-07-29T15:44:32.990935+00:00,187.548,4,2,vets-service|api-gateway,False,GET,/api/vet/vets,200,1,173.586,1
2026-07-29T15:45:15.613749+00:00,b72f8cd208e83f42,2026-07-29T15:44:32.846607+00:00,68.992,4,2,api-gateway|customers-service,False,GET,/api/customer/owners/1,200,1,67.836,1
2026-07-29T15:45:15.613749+00:00,6c586ce8816df9ce,2026-07-29T15:44:32.678378+00:00,207.18,4,2,api-gateway|customers-service,False,GET,/api/customer/owners,200,1,205.924,1
2026-07-29T15:45:15.613749+00:00,aa75a904d298ad71,2026-07-29T15:44:32.492350+00:00,69.549,4,2,api-gateway|customers-service,False,GET,/api/customer/owners/1,200,1,68.277,1
2026-07-29T15:45:15.613749+00:00,aa964ba277f5c5b5,2026-07-29T15:44:32.345425+00:00,153.218,4,2,api-gateway|vets-service,False,GET,/api/vet/vets,200,1,151.991,1
2026-07-29T15:45:15.613749+00:00,b9e6dda47cdaf0fa,2026-07-29T15:44:32.157218+00:00,30.74,3,2,visits-service|api-gateway,False,GET,/api/visit/owners/1/pets/1/visits,200,0,0.0,1
2026-07-29T15:45:15.613749+00:00,0c65db59d9d5de4f,2026-07-29T15:44:31.990327+00:00,154.18,4,2,vets-service|api-gateway,False,GET,/api/vet/vets,200,1,142.904,1
2026-07-29T15:45:15.613749+00:00,7eaa74dcebad5853,2026-07-29T15:44:31.845250+00:00,134.568,4,2,api-gateway|vets-service,False,GET,/api/vet/vets,200,1,133.357,1
2026-07-29T15:45:15.613749+00:00,01d326ba6ffdb8a6,2026-07-29T15:44:31.677659+00:00,136.671,4,2,api-gateway|vets-service,False,GET,/api/vet/vets,200,1,135.543,1
2026-07-29T15:45:15.613749+00:00,873e4363af002d70,2026-07-29T15:44:31.494744+00:00,191.976,4,2,api-gateway|customers-service,False,GET,/api/customer/owners,200,1,190.47,1
2026-07-29T15:45:15.613749+00:00,73cfd204cc376256,2026-07-29T15:44:31.347336+00:00,29.262,3,2,api-gateway|visits-service,False,GET,/api/visit/owners/1/pets/1/visits,200,0,0.0,1
2026-07-29T15:45:15.613749+00:00,ceaad49e5b5cd81d,2026-07-29T15:44:31.180514+00:00,107.599,4,2,api-gateway|customers-service,False,GET,/api/customer/owners/1,200,1,106.342,1
2026-07-29T15:45:15.613749+00:00,31a6ef5c6e3d43fb,2026-07-29T15:44:30.990009+00:00,45.072,3,2,visits-service|api-gateway,False,GET,/api/visit/owners/1/pets/1/visits,200,0,0.0,1
2026-07-29T15:45:15.613749+00:00,a1344fadd694d409,2026-07-29T15:44:30.824320+00:00,223.584,4,2,api-gateway|customers-service,False,GET,/api/customer/owners,200,1,208.333,1
2026-07-29T15:45:15.613749+00:00,21a014d6c6e1314e,2026-07-29T15:44:30.660856+00:00,242.762,4,2,api-gateway|customers-service,False,GET,/api/customer/owners,200,1,240.683,1
2026-07-29T15:45:15.613749+00:00,9fec20c98886c13d,2026-07-29T15:44:30.512649+00:00,83.089,4,2,api-gateway|customers-service,False,GET,/api/customer/owners/1,200,1,82.148,1
2026-07-29T15:45:15.613749+00:00,269d719292793555,2026-07-29T15:44:30.325495+00:00,425.962,4,2,api-gateway|customers-service,False,GET,/api/customer/owners,200,1,424.366,1
2026-07-29T15:45:15.613749+00:00,daaf68301ce54169,2026-07-29T15:44:30.180114+00:00,306.965,4,2,api-gateway|vets-service,False,GET,/api/vet/vets,200,1,305.639,1
2026-07-29T15:45:15.613749+00:00,a11d1f54e7662d03,2026-07-29T15:44:30.013234+00:00,420.821,4,2,api-gateway|customers-service,False,GET,/api/customer/owners,200,1,419.697,1
2026-07-29T15:45:15.613749+00:00,d0c457843e55fdd6,2026-07-29T15:44:29.824255+00:00,172.87,4,2,api-gateway|customers-service,False,GET,/api/customer/owners,200,1,168.514,1
2026-07-29T15:45:15.613749+00:00,6e11bf81380cd723,2026-07-29T15:44:29.678272+00:00,19.037,3,2,api-gateway|visits-service,False,GET,/api/visit/owners/1/pets/1/visits,200,0,0.0,1
2026-07-29T15:45:15.613749+00:00,212a8645fb78244b,2026-07-29T15:44:29.511715+00:00,62.872,4,2,api-gateway|customers-service,False,GET,/api/customer/owners/1,200,1,62.048,1
2026-07-29T15:45:15.613749+00:00,69ef4e190e9617d2,2026-07-29T15:44:29.323814+00:00,171.177,4,2,api-gateway|customers-service,False,GET,/api/customer/owners,200,1,168.046,1
2026-07-29T15:45:15.613749+00:00,dac621816d17dcc2,2026-07-29T15:44:29.156754+00:00,129.82,4,2,vets-service|api-gateway,False,GET,/api/vet/vets,200,1,119.242,1
2026-07-29T15:45:15.613749+00:00,bdc9812dd182838e,2026-07-29T15:44:29.009832+00:00,177.518,4,2,api-gateway|customers-service,False,GET,/api/customer/owners,200,1,176.278,1
2026-07-29T15:45:15.613749+00:00,bfbb82bca4db9a94,2026-07-29T15:44:28.824006+00:00,165.118,4,2,vets-service|api-gateway,False,GET,/api/vet/vets,200,1,152.54,1
2026-07-29T15:45:15.613749+00:00,239ab153493e7888,2026-07-29T15:44:28.660507+00:00,160.595,4,2,api-gateway|customers-service,False,GET,/api/customer/owners,200,1,158.381,1
2026-07-29T15:45:15.613749+00:00,a0fae8e3ea51e7a6,2026-07-29T15:44:28.512283+00:00,64.745,4,2,api-gateway|customers-service,False,GET,/api/customer/owners/1,200,1,63.591,1
2026-07-29T15:45:15.613749+00:00,7faa74b965c6ea5d,2026-07-29T15:44:28.327454+00:00,166.597,4,2,api-gateway|customers-service,False,GET,/api/customer/owners,200,1,165.403,1
2026-07-29T15:45:15.613749+00:00,351d01c4159acbed,2026-07-29T15:44:28.180332+00:00,185.776,4,2,api-gateway|customers-service,False,GET,/api/customer/owners,200,1,184.566,1
2026-07-29T15:45:15.613749+00:00,711e4f83942a6030,2026-07-29T15:44:27.990320+00:00,62.197,4,2,api-gateway|customers-service,False,GET,/api/customer/owners/1,200,1,58.526,1
2026-07-29T15:45:15.613749+00:00,22f17303f7bd9de1,2026-07-29T15:44:27.824771+00:00,146.905,4,2,vets-service|api-gateway,False,GET,/api/vet/vets,200,1,132.894,1
2026-07-29T15:45:15.613749+00:00,d37e2aa30e28e84c,2026-07-29T15:44:27.677713+00:00,64.577,4,2,api-gateway|customers-service,False,GET,/api/customer/owners/1,200,1,63.382,1
2026-07-29T15:45:15.613749+00:00,516c4f29a01a0f5a,2026-07-29T15:44:27.492096+00:00,63.126,4,2,api-gateway|customers-service,False,GET,/api/customer/owners/1,200,1,63.126,1
2026-07-29T15:45:15.613749+00:00,a42b204d4176ddfd,2026-07-29T15:44:27.323756+00:00,29.355,3,2,visits-service|api-gateway,False,GET,/api/visit/owners/1/pets/1/visits,200,0,0.0,1
2026-07-29T15:45:15.613749+00:00,5a5201ee968c5c83,2026-07-29T15:44:27.157085+00:00,31.9,3,2,visits-service|api-gateway,False,GET,/api/visit/owners/1/pets/1/visits,200,0,0.0,1
2026-07-29T15:45:15.613749+00:00,9b466c6717874eaa,2026-07-29T15:44:27.014613+00:00,159.772,4,2,api-gateway|customers-service,False,GET,/api/customer/owners,200,1,158.677,1
2026-07-29T15:45:15.613749+00:00,e16b8aa87b7c6297,2026-07-29T15:44:26.827405+00:00,69.991,4,2,api-gateway|customers-service,False,GET,/api/customer/owners/1,200,1,68.592,1
2026-07-29T15:45:15.613749+00:00,4aaaa0b32dc1d8c1,2026-07-29T15:44:26.680551+00:00,177.63,4,2,api-gateway|customers-service,False,GET,/api/customer/owners,200,1,176.376,1
2026-07-29T15:45:15.613749+00:00,cf5dd439f9fb1eb0,2026-07-29T15:44:26.516578+00:00,123.749,4,2,api-gateway|vets-service,False,GET,/api/vet/vets,200,1,122.595,1
2026-07-29T15:45:15.613749+00:00,062644ad36c7d755,2026-07-29T15:44:26.347746+00:00,160.436,4,2,api-gateway|vets-service,False,GET,/api/vet/vets,200,1,159.077,1
2026-07-29T15:45:15.613749+00:00,8fe0f064aab28815,2026-07-29T15:44:26.179954+00:00,66.706,4,2,api-gateway|customers-service,False,GET,/api/customer/owners/1,200,1,65.483,1
2026-07-29T15:45:15.613749+00:00,edd80b102e02713f,2026-07-29T15:44:25.990123+00:00,69.727,4,2,api-gateway|customers-service,False,GET,/api/customer/owners/1,200,1,65.137,1
2026-07-29T15:45:15.613749+00:00,dc9f0924b014fe62,2026-07-29T15:44:25.845537+00:00,63.738,4,2,api-gateway|customers-service,False,GET,/api/customer/owners/1,200,1,62.687,1
2026-07-29T15:45:15.613749+00:00,aa85d1552fbddc99,2026-07-29T15:44:25.658312+00:00,172.982,4,2,api-gateway|customers-service,False,GET,/api/customer/owners,200,1,172.982,1
2026-07-29T15:45:15.613749+00:00,3fd034abb91c397e,2026-07-29T15:44:25.493359+00:00,289.11,4,2,api-gateway|customers-service,False,GET,/api/customer/owners,200,1,287.98,1
2026-07-29T15:45:15.613749+00:00,1aeba4f3bbbe4574,2026-07-29T15:44:25.348516+00:00,408.295,4,2,api-gateway|customers-service,False,GET,/api/customer/owners,200,1,407.129,1
2026-07-29T15:45:15.613749+00:00,ad63ba1e0d4573b6,2026-07-29T15:44:25.157490+00:00,206.154,3,2,visits-service|api-gateway,False,GET,/api/visit/owners/1/pets/1/visits,200,0,0.0,1
2026-07-29T15:45:15.613749+00:00,53c54893ea576ea6,2026-07-29T15:44:25.012328+00:00,701.743,4,2,api-gateway|customers-service,False,GET,/api/customer/owners,200,1,700.495,1
2026-07-29T15:45:15.613749+00:00,8f2871637e206c2a,2026-07-29T15:44:24.846942+00:00,53.125,3,2,api-gateway|visits-service,False,GET,/api/visit/owners/1/pets/1/visits,200,0,0.0,1
2026-07-29T15:45:15.613749+00:00,627dca8fabc292c5,2026-07-29T15:44:24.657563+00:00,28.138,3,2,visits-service|api-gateway,False,GET,/api/visit/owners/1/pets/1/visits,200,0,0.0,1
2026-07-29T15:45:15.613749+00:00,f3cc62767e78602b,2026-07-29T15:44:24.493033+00:00,399.26,4,2,api-gateway|customers-service,False,GET,/api/customer/owners/1,200,1,397.586,1
2026-07-29T15:45:15.613749+00:00,c09af3d7c9c9a8ff,2026-07-29T15:44:24.346972+00:00,97.847,3,2,api-gateway|visits-service,False,GET,/api/visit/owners/1/pets/1/visits,200,0,0.0,1
2026-07-29T15:45:15.613749+00:00,987479c0916d966a,2026-07-29T15:44:24.180193+00:00,957.759,4,2,api-gateway|customers-service,False,GET,/api/customer/owners,200,1,956.403,1
2026-07-29T15:45:15.613749+00:00,14b28d4f9c7f7ad4,2026-07-29T15:44:24.013886+00:00,441.265,4,2,api-gateway|customers-service,False,GET,/api/customer/owners/1,200,1,440.16,1
2026-07-29T15:45:15.613749+00:00,b6d0cd7458340e66,2026-07-29T15:44:23.824746+00:00,1306.17,4,2,api-gateway|customers-service,False,GET,/api/customer/owners,200,1,1301.217,1
2026-07-29T15:45:15.613749+00:00,5c80561dc1314b80,2026-07-29T15:44:23.680605+00:00,1214.505,4,2,api-gateway|vets-service,False,GET,/api/vet/vets,200,1,1213.226,1
2026-07-29T15:45:15.613749+00:00,d6ea777040cee716,2026-07-29T15:44:23.490319+00:00,231.96,3,2,visits-service|api-gateway,False,GET,/api/visit/owners/1/pets/1/visits,200,0,0.0,1
2026-07-29T15:45:15.613749+00:00,fb8719e9265f22a4,2026-07-29T15:44:23.324411+00:00,862.718,4,2,api-gateway|customers-service,False,GET,/api/customer/owners/1,200,1,856.297,1
2026-07-29T15:45:15.613749+00:00,0bb92b609844b278,2026-07-29T15:44:23.178455+00:00,1287.655,4,2,api-gateway|customers-service,False,GET,/api/customer/owners,200,1,1286.796,1
2026-07-29T15:45:15.613749+00:00,21acdd3f546cd98a,2026-07-29T15:44:22.990734+00:00,1200.536,4,2,vets-service|api-gateway,False,GET,/api/vet/vets,200,1,1188.672,1
2026-07-29T15:45:15.613749+00:00,24b7a6608055dbfd,2026-07-29T15:44:22.826216+00:00,1839.979,4,2,api-gateway|customers-service,False,GET,/api/customer/owners,200,1,1838.446,1
2026-07-29T15:45:15.613749+00:00,9ae5a0afba6528a0,2026-07-29T15:44:22.678958+00:00,466.659,4,2,api-gateway|customers-service,False,GET,/api/customer/owners/1,200,1,465.44,1
2026-07-29T15:45:15.613749+00:00,be77b1b554c1b364,2026-07-29T15:44:22.512167+00:00,600.895,4,2,api-gateway|customers-service,False,GET,/api/customer/owners/1,200,1,599.72,1
2026-07-29T15:45:15.613749+00:00,897126dd6f1db83c,2026-07-29T15:44:22.324164+00:00,917.136,4,2,vets-service|api-gateway,False,GET,/api/vet/vets,200,1,883.029,1
2026-07-29T15:45:15.613749+00:00,278ea88a6cc4d8b3,2026-07-29T15:44:22.159149+00:00,477.574,4,2,api-gateway|customers-service,False,GET,/api/customer/owners/1,200,1,477.574,1
2026-07-29T15:45:15.613749+00:00,4a3705488dc4d0af,2026-07-29T15:44:21.990159+00:00,158.562,3,2,visits-service|api-gateway,False,GET,/api/visit/owners/1/pets/1/visits,200,0,0.0,1
2026-07-29T15:45:15.613749+00:00,5c947ef2d8e331e7,2026-07-29T15:44:21.823547+00:00,335.041,4,2,api-gateway|customers-service,False,GET,/api/customer/owners/1,200,1,330.19,1
2026-07-29T15:45:15.613749+00:00,2e3f7f7660001379,2026-07-29T15:44:21.657660+00:00,472.554,4,2,api-gateway|customers-service,False,GET,/api/customer/owners/1,200,1,466.637,1
2026-07-29T15:45:15.613749+00:00,48b96c9d075486b9,2026-07-29T15:44:21.514087+00:00,912.474,4,2,api-gateway|vets-service,False,GET,/api/vet/vets,200,1,911.32,1
2026-07-29T15:45:15.613749+00:00,75f6154cc8fb70d1,2026-07-29T15:44:21.324214+00:00,160.496,3,2,visits-service|api-gateway,False,GET,/api/visit/owners/1/pets/1/visits,200,0,0.0,1
2026-07-29T15:45:15.613749+00:00,6d6fb58c20e7f240,2026-07-29T15:44:21.180217+00:00,115.262,3,2,api-gateway|visits-service,False,GET,/api/visit/owners/1/pets/1/visits,200,0,0.0,1
2026-07-29T15:45:15.613749+00:00,9b0cac3dd3b36664,2026-07-29T15:44:21.012738+00:00,667.979,4,2,api-gateway|vets-service,False,GET,/api/vet/vets,200,1,666.519,1
2026-07-29T15:45:15.613749+00:00,7f0ef943e630f744,2026-07-29T15:44:20.846302+00:00,1298.069,4,2,api-gateway|customers-service,False,GET,/api/customer/owners,200,1,1296.667,1
2026-07-29T15:45:15.613749+00:00,25562f50fdc9c673,2026-07-29T15:44:20.657168+00:00,29.855,3,2,visits-service|api-gateway,False,GET,/api/visit/owners/1/pets/1/visits,200,0,0.0,1
2026-07-29T15:45:15.613749+00:00,7ebcf6910faf6d46,2026-07-29T15:44:20.513842+00:00,45.991,3,2,api-gateway|visits-service,False,GET,/api/visit/owners/1/pets/1/visits,200,0,0.0,1
2026-07-29T15:45:15.613749+00:00,6aafec7ac1f0658f,2026-07-29T15:44:20.345109+00:00,174.348,4,2,api-gateway|vets-service,False,GET,/api/vet/vets,200,1,173.142,1
2026-07-29T15:45:15.613749+00:00,53cd8c3d312a4040,2026-07-29T15:44:20.178985+00:00,200.493,4,2,api-gateway|customers-service,False,GET,/api/customer/owners,200,1,199.497,1
2026-07-29T15:45:15.613749+00:00,553d6be8afe9bd42,2026-07-29T15:44:19.990772+00:00,36.888,3,2,visits-service|api-gateway,False,GET,/api/visit/owners/1/pets/1/visits,200,0,0.0,1
2026-07-29T15:45:15.613749+00:00,75d225d3488b9933,2026-07-29T15:44:19.824546+00:00,151.597,4,2,vets-service|api-gateway,False,GET,/api/vet/vets,200,1,137.825,1
2026-07-29T15:45:15.613749+00:00,ac34f0712e7e4700,2026-07-29T15:44:19.678002+00:00,86.84,4,2,api-gateway|customers-service,False,GET,/api/customer/owners/1,200,1,85.619,1
2026-07-29T15:45:15.613749+00:00,5e3dc89253631ad9,2026-07-29T15:44:19.511478+00:00,32.611,3,2,api-gateway|visits-service,False,GET,/api/visit/owners/1/pets/1/visits,200,0,0.0,1
2026-07-29T15:45:15.613749+00:00,32511795f45aee96,2026-07-29T15:44:19.344723+00:00,151.975,4,2,api-gateway|vets-service,False,GET,/api/vet/vets,200,1,150.72,1
2026-07-29T15:45:15.613749+00:00,77f0e6e2acd987e7,2026-07-29T15:44:19.157453+00:00,163.32,4,2,vets-service|api-gateway,False,GET,/api/vet/vets,200,1,151.111,1
2026-07-29T15:45:15.613749+00:00,6bd2e8e3e5b86509,2026-07-29T15:44:18.990429+00:00,69.901,4,2,api-gateway|customers-service,False,GET,/api/customer/owners/1,200,1,66.583,1
2026-07-29T15:45:15.613749+00:00,f236e01a3d991a03,2026-07-29T15:44:18.824246+00:00,155.294,4,2,vets-service|api-gateway,False,GET,/api/vet/vets,200,1,142.987,1
2026-07-29T15:45:15.613749+00:00,350772d6f528fb59,2026-07-29T15:44:18.678885+00:00,157.542,4,2,api-gateway|vets-service,False,GET,/api/vet/vets,200,1,156.28,1
2026-07-29T15:45:15.613749+00:00,15f90be9d6c6780d,2026-07-29T15:44:18.492585+00:00,184.489,4,2,api-gateway|customers-service,False,GET,/api/customer/owners,200,1,182.921,1
2026-07-29T15:45:15.613749+00:00,5b9f52bc9a1e1323,2026-07-29T15:44:18.324565+00:00,74.408,4,2,api-gateway|customers-service,False,GET,/api/customer/owners/1,200,1,68.335,1
2026-07-29T15:45:15.613749+00:00,a3d4e97b16424cfa,2026-07-29T15:44:18.157642+00:00,38.016,3,2,visits-service|api-gateway,False,GET,/api/visit/owners/1/pets/1/visits,200,0,0.0,1
2026-07-29T15:45:15.613749+00:00,27ef4aa5e76d271d,2026-07-29T15:44:18.012031+00:00,184.535,4,2,api-gateway|customers-service,False,GET,/api/customer/owners,200,1,183.395,1
2026-07-29T15:45:15.613749+00:00,3957bd3fefe9fd03,2026-07-29T15:44:17.845325+00:00,77.693,4,2,api-gateway|customers-service,False,GET,/api/customer/owners/1,200,1,76.515,1
2026-07-29T15:45:15.613749+00:00,91ba89916a95ad6f,2026-07-29T15:44:17.678414+00:00,92.954,4,2,api-gateway|customers-service,False,GET,/api/customer/owners/1,200,1,91.728,1
2026-07-29T15:45:15.613749+00:00,7e524fff1a2b7873,2026-07-29T15:44:17.512342+00:00,193.697,4,2,api-gateway|vets-service,False,GET,/api/vet/vets,200,1,192.488,1
2026-07-29T15:45:15.613749+00:00,3abe4d21545962b8,2026-07-29T15:44:17.325871+00:00,180.295,4,2,api-gateway|customers-service,False,GET,/api/customer/owners,200,1,178.86,1
2026-07-29T15:45:15.613749+00:00,7fc05399fbe791dc,2026-07-29T15:44:17.179567+00:00,153.47,4,2,api-gateway|vets-service,False,GET,/api/vet/vets,200,1,152.319,1
2026-07-29T15:45:15.613749+00:00,c5284fc22620c191,2026-07-29T15:44:16.990356+00:00,32.882,3,2,visits-service|api-gateway,False,GET,/api/visit/owners/1/pets/1/visits,200,0,0.0,1
2026-07-29T15:45:15.613749+00:00,a74df4d5a4151d56,2026-07-29T15:44:16.823372+00:00,264.249,4,2,api-gateway|customers-service,False,GET,/api/customer/owners,200,1,260.377,1
2026-07-29T15:45:15.613749+00:00,5819147945333f11,2026-07-29T15:44:16.660488+00:00,204.296,4,2,api-gateway|customers-service,False,GET,/api/customer/owners,200,1,202.638,1
2026-07-29T15:45:15.613749+00:00,d5082b9234be17bc,2026-07-29T15:44:16.490295+00:00,208.208,4,2,api-gateway|customers-service,False,GET,/api/customer/owners,200,1,195.891,1
2026-07-29T15:45:15.613749+00:00,96f86e96fba55399,2026-07-29T15:44:16.323498+00:00,410.608,4,2,api-gateway|customers-service,False,GET,/api/customer/owners,200,1,398.954,1
2026-07-29T15:45:15.613749+00:00,86f32329d46e9503,2026-07-29T15:44:16.156561+00:00,28.426,3,2,visits-service|api-gateway,False,GET,/api/visit/owners/1/pets/1/visits,200,0,0.0,1
2026-07-29T15:45:15.613749+00:00,be0e27784e52810a,2026-07-29T15:44:15.990623+00:00,197.227,4,2,api-gateway|customers-service,False,GET,/api/customer/owners,200,1,186.176,1
2026-07-29T15:45:15.613749+00:00,787824e0964e5944,2026-07-29T15:44:15.823609+00:00,137.318,4,2,vets-service|api-gateway,False,GET,/api/vet/vets,200,1,126.038,1
2026-07-29T15:45:15.613749+00:00,c21427609eefb656,2026-07-29T15:45:14.846915+00:00,446.018,2,1,customers-service,False,,,200,1,445.025,0
2026-07-29T15:45:15.613749+00:00,172560507bf357aa,2026-07-29T15:45:14.511580+00:00,762.417,2,1,vets-service,False,,,200,1,761.291,0
