collected_at,trace_id,start_timestamp,total_duration_ms,spans_count,unique_services_count,services_list,has_error,root_http_method,root_http_path,root_http_status,db_query_count,db_total_duration_ms,internal_calls_count
2026-07-29T14:27:20.531747+00:00,89fcd39f73e2354e,2026-07-29T14:26:18.889592+00:00,173.108,4,2,api-gateway|customers-service,False,GET,/api/customer/owners,200,1,171.341,1
2026-07-29T14:27:20.531747+00:00,da3b9641d4b23bc6,2026-07-29T14:26:18.706941+00:00,172.023,4,2,api-gateway|customers-service,False,GET,/api/customer/owners,200,1,170.784,1
2026-07-29T14:27:20.531747+00:00,07d3744372b07f9c,2026-07-29T14:26:18.555503+00:00,182.295,4,2,api-gateway|customers-service,False,GET,/api/customer/owners,200,1,179.277,1
2026-07-29T14:27:20.531747+00:00,82bc28916e91513f,2026-07-29T14:26:18.386499+00:00,66.754,4,2,api-gateway|customers-service,False,GET,/api/customer/owners/1,200,1,63.165,1
2026-07-29T14:27:20.531747+00:00,24efce25e206c465,2026-07-29T14:26:18.222033+00:00,395.977,4,2,api-gateway|customers-service,False,GET,/api/customer/owners,200,1,394.013,1
2026-07-29T14:27:20.531747+00:00,fa209229f8d374c1,2026-07-29T14:26:18.054432+00:00,160.286,4,2,api-gateway|vets-service,False,GET,/api/vet/vets,200,1,142.957,1
2026-07-29T14:27:20.531747+00:00,174eda4aa4de1996,2026-07-29T14:26:17.875228+00:00,66.821,4,2,api-gateway|customers-service,False,GET,/api/customer/owners/1,200,1,65.541,1
2026-07-29T14:27:20.531747+00:00,c11609a7b95cf8c0,2026-07-29T14:26:17.724801+00:00,72.335,4,2,api-gateway|customers-service,False,GET,/api/customer/owners/1,200,1,70.169,1
2026-07-29T14:27:20.531747+00:00,b9062fc6d22a532c,2026-07-29T14:26:17.542449+00:00,375.268,4,2,api-gateway|vets-service,False,GET,/api/vet/vets,200,1,373.74,1
2026-07-29T14:27:20.531747+00:00,acabd42426024622,2026-07-29T14:26:17.391823+00:00,237.242,4,2,api-gateway|customers-service,False,GET,/api/customer/owners,200,1,234.607,1
2026-07-29T14:27:20.531747+00:00,796790e6b48e47e0,2026-07-29T14:26:17.220191+00:00,171.445,4,2,api-gateway|customers-service,False,GET,/api/customer/owners,200,1,166.308,1
2026-07-29T14:27:20.531747+00:00,7970bbd79031532f,2026-07-29T14:26:17.053575+00:00,154.356,4,2,api-gateway|vets-service,False,GET,/api/vet/vets,200,1,142.123,1
2026-07-29T14:27:20.531747+00:00,e40d9a21d0490499,2026-07-29T14:26:16.872123+00:00,148.395,4,2,api-gateway|vets-service,False,GET,/api/vet/vets,200,1,147.003,1
2026-07-29T14:27:20.531747+00:00,17d0866a77258bac,2026-07-29T14:26:16.721285+00:00,188.733,4,2,api-gateway|customers-service,False,GET,/api/customer/owners,200,1,188.733,1
2026-07-29T14:27:20.531747+00:00,7af665c122f20fad,2026-07-29T14:26:16.555109+00:00,202.218,4,2,api-gateway|customers-service,False,GET,/api/customer/owners,200,1,200.716,1
2026-07-29T14:27:20.531747+00:00,e27cc759955e6dca,2026-07-29T14:26:16.388018+00:00,86.806,3,2,visits-service|api-gateway,False,GET,/api/visit/owners/1/pets/1/visits,200,0,0.0,1
2026-07-29T14:27:20.531747+00:00,3244c21a463acc1d,2026-07-29T14:26:16.222833+00:00,70.967,3,2,visits-service|api-gateway,False,GET,/api/visit/owners/1/pets/1/visits,200,0,0.0,1
2026-07-29T14:27:20.531747+00:00,1648bbc44adba99f,2026-07-29T14:26:16.053399+00:00,65.194,4,2,api-gateway|customers-service,False,GET,/api/customer/owners/1,200,1,60.42,1
2026-07-29T14:27:20.531747+00:00,57aaaa182d47c1c1,2026-07-29T14:26:15.889977+00:00,45.657,4,2,api-gateway|customers-service,False,GET,/api/customer/owners/1,200,1,45.657,1
2026-07-29T14:27:20.531747+00:00,a7864403260715dd,2026-07-29T14:26:15.724392+00:00,67.008,4,2,api-gateway|customers-service,False,GET,/api/customer/owners/1,200,1,64.966,1
2026-07-29T14:27:20.531747+00:00,2783f8cd3b48f3b4,2026-07-29T14:26:15.567415+00:00,277.205,4,2,api-gateway|customers-service,False,GET,/api/customer/owners,200,1,275.788,1
2026-07-29T14:27:20.531747+00:00,ab2d716de344e35e,2026-07-29T14:26:15.390716+00:00,199.292,4,2,api-gateway|customers-service,False,GET,/api/customer/owners,200,1,197.256,1
2026-07-29T14:27:20.531747+00:00,0a3b52564a9b11ba,2026-07-29T14:26:15.220803+00:00,212.75,4,2,api-gateway|customers-service,False,GET,/api/customer/owners,200,1,205.543,1
2026-07-29T14:27:20.531747+00:00,200299a52498acd8,2026-07-29T14:26:15.041692+00:00,725.0,4,2,api-gateway|customers-service,False,GET,/api/customer/owners,200,1,723.813,1
2026-07-29T14:27:20.531747+00:00,b4a2093ec9de3b45,2026-07-29T14:26:14.887032+00:00,314.269,4,2,api-gateway|vets-service,False,GET,/api/vet/vets,200,1,293.056,1
2026-07-29T14:27:20.531747+00:00,67a281738e9d4f8f,2026-07-29T14:26:14.743918+00:00,21.973,3,2,visits-service|api-gateway,False,GET,/api/visit/owners/1/pets/1/visits,200,0,0.0,1
2026-07-29T14:27:20.531747+00:00,07303e87eb4df9fc,2026-07-29T14:26:14.538424+00:00,285.941,4,2,api-gateway|vets-service,False,GET,/api/vet/vets,200,1,284.695,1
2026-07-29T14:27:20.531747+00:00,292a10e6323ed988,2026-07-29T14:26:14.389312+00:00,173.6,4,2,api-gateway|customers-service,False,GET,/api/customer/owners,200,1,173.6,1
2026-07-29T14:27:20.531747+00:00,84d058bfe9c7236c,2026-07-29T14:26:14.221253+00:00,200.408,4,2,api-gateway|customers-service,False,GET,/api/customer/owners,200,1,194.357,1
2026-07-29T14:27:20.531747+00:00,26c3e1242c507520,2026-07-29T14:26:14.059767+00:00,341.745,4,2,api-gateway|customers-service,False,GET,/api/customer/owners,200,1,340.381,1
2026-07-29T14:27:20.531747+00:00,51620b36b8790971,2026-07-29T14:26:13.891573+00:00,76.85,4,2,api-gateway|customers-service,False,GET,/api/customer/owners/1,200,1,74.244,1
2026-07-29T14:27:20.531747+00:00,a1a4c0d71fe4a245,2026-07-29T14:26:13.715182+00:00,20.053,3,2,visits-service|api-gateway,False,GET,/api/visit/owners/1/pets/1/visits,200,0,0.0,1
2026-07-29T14:27:20.531747+00:00,c54b63b6b7f5a5bc,2026-07-29T14:26:13.539141+00:00,329.407,4,2,api-gateway|customers-service,False,GET,/api/customer/owners,200,1,328.122,1
2026-07-29T14:27:20.531747+00:00,9190de9d5e2c3c3a,2026-07-29T14:26:13.386638+00:00,96.453,4,2,api-gateway|customers-service,False,GET,/api/customer/owners/1,200,1,92.714,1
2026-07-29T14:27:20.531747+00:00,c6a1865d4ea031e2,2026-07-29T14:26:13.222094+00:00,191.21,4,2,api-gateway|customers-service,False,GET,/api/customer/owners,200,1,187.515,1
2026-07-29T14:27:20.531747+00:00,887acabf3866ebf7,2026-07-29T14:26:13.054218+00:00,92.281,4,2,api-gateway|customers-service,False,GET,/api/customer/owners/1,200,1,62.662,1
2026-07-29T14:27:20.531747+00:00,f9ef1ba0ced5d72b,2026-07-29T14:26:12.872401+00:00,120.017,4,2,api-gateway|vets-service,False,GET,/api/vet/vets,200,1,118.609,1
2026-07-29T14:27:20.531747+00:00,54b87a1ff501fa35,2026-07-29T14:26:12.722127+00:00,164.008,4,2,api-gateway|customers-service,False,GET,/api/customer/owners,200,1,162.396,1
2026-07-29T14:27:20.531747+00:00,a281d7d94d70f3cd,2026-07-29T14:26:12.541018+00:00,117.421,4,2,api-gateway|vets-service,False,GET,/api/vet/vets,200,1,115.95,1
2026-07-29T14:27:20.531747+00:00,43e8b205e9070fed,2026-07-29T14:26:12.386805+00:00,30.219,3,2,visits-service|api-gateway,False,GET,/api/visit/owners/1/pets/1/visits,200,0,0.0,1
2026-07-29T14:27:20.531747+00:00,3bcb6850ee79326e,2026-07-29T14:26:12.208007+00:00,166.411,4,2,api-gateway|customers-service,False,GET,/api/customer/owners,200,1,165.614,1
2026-07-29T14:27:20.531747+00:00,5938a915c8f80b26,2026-07-29T14:26:12.053468+00:00,95.186,4,2,api-gateway|customers-service,False,GET,/api/customer/owners/1,200,1,89.164,1
2026-07-29T14:27:20.531747+00:00,4e1138dd2f5923cc,2026-07-29T14:26:11.875546+00:00,16.963,3,2,visits-service|api-gateway,False,GET,/api/visit/owners/1/pets/1/visits,200,0,0.0,1
2026-07-29T14:27:20.531747+00:00,4b6827a7eda32e23,2026-07-29T14:26:11.705753+00:00,160.726,4,2,api-gateway|vets-service,False,GET,/api/vet/vets,200,1,159.651,1
2026-07-29T14:27:20.531747+00:00,9de6b55a8044b27f,2026-07-29T14:26:11.539743+00:00,137.613,4,2,api-gateway|vets-service,False,GET,/api/vet/vets,200,1,136.138,1
2026-07-29T14:27:20.531747+00:00,5d86d50a14ab1641,2026-07-29T14:26:11.391050+00:00,222.286,4,2,api-gateway|customers-service,False,GET,/api/customer/owners,200,1,220.066,1
2026-07-29T14:27:20.531747+00:00,eb0845690b586349,2026-07-29T14:26:11.220104+00:00,23.12,3,2,visits-service|api-gateway,False,GET,/api/visit/owners/1/pets/1/visits,200,0,0.0,1
2026-07-29T14:27:20.531747+00:00,58b01b88867b2eee,2026-07-29T14:26:11.054044+00:00,28.902,3,2,visits-service|api-gateway,False,GET,/api/visit/owners/1/pets/1/visits,200,0,0.0,1
2026-07-29T14:27:20.531747+00:00,411be5ce6a50f1d6,2026-07-29T14:26:10.886655+00:00,191.056,4,2,api-gateway|customers-service,False,GET,/api/customer/owners,200,1,179.036,1
2026-07-29T14:27:20.531747+00:00,d88a8c37bf1948ad,2026-07-29T14:26:10.708674+00:00,16.556,3,2,visits-service|api-gateway,False,GET,/api/visit/owners/1/pets/1/visits,200,0,0.0,1
2026-07-29T14:27:20.531747+00:00,84e9937093c93427,2026-07-29T14:26:10.540366+00:00,18.059,3,2,visits-service|api-gateway,False,GET,/api/visit/owners/1/pets/1/visits,200,0,0.0,1
2026-07-29T14:27:20.531747+00:00,8f39cd2a3127cf05,2026-07-29T14:26:10.387010+00:00,35.403,3,2,visits-service|api-gateway,False,GET,/api/visit/owners/1/pets/1/visits,200,0,0.0,1
2026-07-29T14:27:20.531747+00:00,b53d78fd556dd574,2026-07-29T14:26:10.220838+00:00,133.557,4,2,api-gateway|vets-service,False,GET,/api/vet/vets,200,1,121.395,1
2026-07-29T14:27:20.531747+00:00,82214e3a2530576f,2026-07-29T14:26:10.053519+00:00,167.902,4,2,api-gateway|customers-service,False,GET,/api/customer/owners,200,1,163.763,1
2026-07-29T14:27:20.531747+00:00,40fad949f6d63c4d,2026-07-29T14:26:09.872494+00:00,21.775,3,2,visits-service|api-gateway,False,GET,/api/visit/owners/1/pets/1/visits,200,0,0.0,1
2026-07-29T14:27:20.531747+00:00,23177365939fd3a8,2026-07-29T14:26:09.705813+00:00,66.563,4,2,api-gateway|customers-service,False,GET,/api/customer/owners/1,200,1,65.315,1
2026-07-29T14:27:20.531747+00:00,c11e23077ecc724c,2026-07-29T14:26:09.556038+00:00,170.584,4,2,api-gateway|customers-service,False,GET,/api/customer/owners,200,1,169.195,1
2026-07-29T14:27:20.531747+00:00,e09d6fcb9ddaee77,2026-07-29T14:26:09.387284+00:00,31.374,3,2,visits-service|api-gateway,False,GET,/api/visit/owners/1/pets/1/visits,200,0,0.0,1
2026-07-29T14:27:20.531747+00:00,6e69c54dfd529ae5,2026-07-29T14:26:09.219884+00:00,138.468,4,2,api-gateway|vets-service,False,GET,/api/vet/vets,200,1,126.265,1
2026-07-29T14:27:20.531747+00:00,8833d9e4bf25eec3,2026-07-29T14:26:09.054122+00:00,178.035,4,2,api-gateway|customers-service,False,GET,/api/customer/owners,200,1,172.082,1
2026-07-29T14:27:20.531747+00:00,d6cb7cd02644fe0e,2026-07-29T14:26:08.872543+00:00,23.163,3,2,visits-service|api-gateway,False,GET,/api/visit/owners/1/pets/1/visits,200,0,0.0,1
2026-07-29T14:27:20.531747+00:00,3b34a240b6fd1791,2026-07-29T14:26:08.705216+00:00,20.729,3,2,visits-service|api-gateway,False,GET,/api/visit/owners/1/pets/1/visits,200,0,0.0,1
2026-07-29T14:27:20.531747+00:00,37198214e29e9dc3,2026-07-29T14:26:08.538443+00:00,127.915,4,2,api-gateway|vets-service,False,GET,/api/vet/vets,200,1,126.492,1
2026-07-29T14:27:20.531747+00:00,b70f1e83c830f98f,2026-07-29T14:26:08.373364+00:00,120.641,4,2,api-gateway|vets-service,False,GET,/api/vet/vets,200,1,119.187,1
2026-07-29T14:27:20.531747+00:00,410808f45f4a44e6,2026-07-29T14:26:08.220820+00:00,33.888,3,2,visits-service|api-gateway,False,GET,/api/visit/owners/1/pets/1/visits,200,0,0.0,1
2026-07-29T14:27:20.531747+00:00,bf371f93b1f50246,2026-07-29T14:26:08.053760+00:00,192.629,4,2,api-gateway|customers-service,False,GET,/api/customer/owners,200,1,178.732,1
2026-07-29T14:27:20.531747+00:00,440fbd8ccabeb329,2026-07-29T14:26:07.872722+00:00,19.029,3,2,visits-service|api-gateway,False,GET,/api/visit/owners/1/pets/1/visits,200,0,0.0,1
2026-07-29T14:27:20.531747+00:00,f28eca82e884b2d1,2026-07-29T14:26:07.721668+00:00,170.118,4,2,api-gateway|customers-service,False,GET,/api/customer/owners,200,1,168.521,1
2026-07-29T14:27:20.531747+00:00,f4f4cb1354630b23,2026-07-29T14:26:07.539975+00:00,129.248,4,2,api-gateway|vets-service,False,GET,/api/vet/vets,200,1,127.77,1
2026-07-29T14:27:20.531747+00:00,4f31551cb95c6338,2026-07-29T14:26:07.372605+00:00,18.195,3,2,visits-service|api-gateway,False,GET,/api/visit/owners/1/pets/1/visits,200,0,0.0,1
2026-07-29T14:27:20.531747+00:00,faa273f56d895921,2026-07-29T14:26:07.220486+00:00,33.458,3,2,visits-service|api-gateway,False,GET,/api/visit/owners/1/pets/1/visits,200,0,0.0,1
2026-07-29T14:27:20.531747+00:00,875adb04f068a41f,2026-07-29T14:26:07.053737+00:00,178.694,4,2,api-gateway|customers-service,False,GET,/api/customer/owners,200,1,167.235,1
2026-07-29T14:27:20.531747+00:00,590c1e2a08a35cf8,2026-07-29T14:26:06.889666+00:00,66.778,4,2,api-gateway|customers-service,False,GET,/api/customer/owners/1,200,1,65.216,1
2026-07-29T14:27:20.531747+00:00,bbce55926dd47aec,2026-07-29T14:26:06.707388+00:00,119.003,4,2,api-gateway|vets-service,False,GET,/api/vet/vets,200,1,117.529,1
2026-07-29T14:27:20.531747+00:00,22c45479c7f12573,2026-07-29T14:26:06.541011+00:00,121.926,4,2,api-gateway|vets-service,False,GET,/api/vet/vets,200,1,120.54,1
2026-07-29T14:27:20.531747+00:00,74a5a38ff5740788,2026-07-29T14:26:06.387206+00:00,91.315,4,2,api-gateway|customers-service,False,GET,/api/customer/owners/1,200,1,87.558,1
2026-07-29T14:27:20.531747+00:00,8e7f0b25875bd4a3,2026-07-29T14:26:06.206705+00:00,17.902,3,2,visits-service|api-gateway,False,GET,/api/visit/owners/1/pets/1/visits,200,0,0.0,1
2026-07-29T14:27:20.531747+00:00,3b88f4886a68814b,2026-07-29T14:26:06.054177+00:00,38.523,3,2,visits-service|api-gateway,False,GET,/api/visit/owners/1/pets/1/visits,200,0,0.0,1
2026-07-29T14:27:20.531747+00:00,2db1b4353c64af82,2026-07-29T14:26:05.871568+00:00,68.204,4,2,api-gateway|customers-service,False,GET,/api/customer/owners/1,200,1,66.982,1
2026-07-29T14:27:20.531747+00:00,a541baab34d8950f,2026-07-29T14:26:05.723583+00:00,60.619,4,2,api-gateway|customers-service,False,GET,/api/customer/owners/1,200,1,60.619,1
2026-07-29T14:27:20.531747+00:00,ac3e51a8d4b43fb5,2026-07-29T14:26:05.539462+00:00,114.301,4,2,api-gateway|vets-service,False,GET,/api/vet/vets,200,1,112.865,1
2026-07-29T14:27:20.531747+00:00,af90792e70f87218,2026-07-29T14:26:05.373568+00:00,17.646,3,2,visits-service|api-gateway,False,GET,/api/visit/owners/1/pets/1/visits,200,0,0.0,1
2026-07-29T14:27:20.531747+00:00,a82669c8472f5fb8,2026-07-29T14:26:05.220344+00:00,28.702,3,2,visits-service|api-gateway,False,GET,/api/visit/owners/1/pets/1/visits,200,0,0.0,1
2026-07-29T14:27:20.531747+00:00,e294140b53a8f29f,2026-07-29T14:26:05.054104+00:00,129.335,4,2,api-gateway|vets-service,False,GET,/api/vet/vets,200,1,114.624,1
2026-07-29T14:27:20.531747+00:00,ce16fbc051e8896e,2026-07-29T14:26:04.875235+00:00,78.457,4,2,api-gateway|customers-service,False,GET,/api/customer/owners/1,200,1,77.204,1
2026-07-29T14:27:20.531747+00:00,66b9bdf646bd23ef,2026-07-29T14:26:04.708384+00:00,137.96,4,2,api-gateway|vets-service,False,GET,/api/vet/vets,200,1,136.534,1
2026-07-29T14:27:20.531747+00:00,c700cd6f6e99b370,2026-07-29T14:26:04.541017+00:00,123.792,4,2,api-gateway|vets-service,False,GET,/api/vet/vets,200,1,122.333,1
2026-07-29T14:27:20.531747+00:00,40c1a5f5f5129b41,2026-07-29T14:26:04.372578+00:00,17.89,3,2,visits-service|api-gateway,False,GET,/api/visit/owners/1/pets/1/visits,200,0,0.0,1
2026-07-29T14:27:20.531747+00:00,06128523d417c9c6,2026-07-29T14:26:04.220472+00:00,165.446,4,2,api-gateway|customers-service,False,GET,/api/customer/owners,200,1,160.588,1
2026-07-29T14:27:20.531747+00:00,80be84df771777ea,2026-07-29T14:26:04.053685+00:00,170.343,4,2,api-gateway|customers-service,False,GET,/api/customer/owners,200,1,164.243,1
2026-07-29T14:27:20.531747+00:00,4f666b9834d13130,2026-07-29T14:26:03.872884+00:00,66.081,4,2,api-gateway|customers-service,False,GET,/api/customer/owners/1,200,1,64.842,1
2026-07-29T14:27:20.531747+00:00,7dacc785a9fafab7,2026-07-29T14:26:03.724214+00:00,72.366,4,2,api-gateway|customers-service,False,GET,/api/customer/owners/1,200,1,69.744,1
2026-07-29T14:27:20.531747+00:00,466066aeddb0cb9c,2026-07-29T14:26:03.540447+00:00,202.444,4,2,api-gateway|customers-service,False,GET,/api/customer/owners,200,1,201.216,1
2026-07-29T14:27:20.531747+00:00,6302a6391a19b95c,2026-07-29T14:26:03.391315+00:00,190.703,4,2,api-gateway|customers-service,False,GET,/api/customer/owners,200,1,188.245,1
2026-07-29T14:27:20.531747+00:00,02d812359d8864ad,2026-07-29T14:26:03.206040+00:00,120.487,4,2,api-gateway|vets-service,False,GET,/api/vet/vets,200,1,119.114,1
2026-07-29T14:27:20.531747+00:00,43fda852a0067ba3,2026-07-29T14:26:03.054525+00:00,96.222,4,2,api-gateway|customers-service,False,GET,/api/customer/owners/1,200,1,90.094,1
2026-07-29T14:27:20.531747+00:00,d9512d3553693d50,2026-07-29T14:26:02.873256+00:00,16.065,3,2,visits-service|api-gateway,False,GET,/api/visit/owners/1/pets/1/visits,200,0,0.0,1
2026-07-29T14:27:20.531747+00:00,493509ffcafcc654,2026-07-29T14:26:02.706213+00:00,183.038,4,2,api-gateway|customers-service,False,GET,/api/customer/owners,200,1,181.766,1
2026-07-29T14:27:20.531747+00:00,81e06973361784e9,2026-07-29T14:26:02.556846+00:00,214.222,4,2,api-gateway|customers-service,False,GET,/api/customer/owners,200,1,212.536,1
2026-07-29T14:27:20.531747+00:00,203a289160b751d8,2026-07-29T14:26:02.374996+00:00,17.921,3,2,visits-service|api-gateway,False,GET,/api/visit/owners/1/pets/1/visits,200,0,0.0,1
2026-07-29T14:27:20.531747+00:00,e714f5cff27a500b,2026-07-29T14:26:02.207473+00:00,72.471,4,2,api-gateway|customers-service,False,GET,/api/customer/owners/1,200,1,71.108,1
2026-07-29T14:27:20.531747+00:00,66e4e8ae6151a2a1,2026-07-29T14:26:02.053426+00:00,35.673,3,2,visits-service|api-gateway,False,GET,/api/visit/owners/1/pets/1/visits,200,0,0.0,1
2026-07-29T14:27:20.531747+00:00,40034f2aaebbfe95,2026-07-29T14:26:01.887755+00:00,187.975,4,2,api-gateway|customers-service,False,GET,/api/customer/owners/1,200,1,175.281,1
2026-07-29T14:27:20.531747+00:00,d4e1424a3c51ae6a,2026-07-29T14:26:01.719910+00:00,431.911,4,2,api-gateway|customers-service,False,GET,/api/customer/owners,200,1,427.614,1
2026-07-29T14:27:20.531747+00:00,ab63e01dbe6d479d,2026-07-29T14:26:01.537847+00:00,533.954,4,2,api-gateway|vets-service,False,GET,/api/vet/vets,200,1,532.903,1
2026-07-29T14:27:20.531747+00:00,bbf9050fb9b1b5a7,2026-07-29T14:26:01.386519+00:00,734.563,4,2,api-gateway|customers-service,False,GET,/api/customer/owners,200,1,730.072,1
2026-07-29T14:27:20.531747+00:00,cd7517c3723b0e7e,2026-07-29T14:26:01.223903+00:00,509.944,4,2,api-gateway|customers-service,False,GET,/api/customer/owners/1,200,1,507.847,1
2026-07-29T14:27:20.531747+00:00,5e90b7e14a59916c,2026-07-29T14:26:01.055692+00:00,981.42,4,2,api-gateway|vets-service,False,GET,/api/vet/vets,200,1,970.944,1
2026-07-29T14:27:20.531747+00:00,d027173041af9611,2026-07-29T14:26:00.875485+00:00,401.921,4,2,api-gateway|customers-service,False,GET,/api/customer/owners/1,200,1,400.765,1
2026-07-29T14:27:20.531747+00:00,fd5b5153f17af69b,2026-07-29T14:26:00.705810+00:00,78.272,3,2,visits-service|api-gateway,False,GET,/api/visit/owners/1/pets/1/visits,200,0,0.0,1
2026-07-29T14:27:20.531747+00:00,5a2cf4b450d2e631,2026-07-29T14:26:00.544411+00:00,13.767,3,2,visits-service|api-gateway,False,GET,/api/visit/owners/1/pets/1/visits,200,0,0.0,1
2026-07-29T14:27:20.531747+00:00,532e44daaf515002,2026-07-29T14:26:00.391037+00:00,437.152,4,2,api-gateway|customers-service,False,GET,/api/customer/owners/1,200,1,435.214,1
2026-07-29T14:27:20.531747+00:00,bf3362b1b11868de,2026-07-29T14:26:00.207148+00:00,112.061,3,2,visits-service|api-gateway,False,GET,/api/visit/owners/1/pets/1/visits,200,0,0.0,1
2026-07-29T14:27:20.531747+00:00,df7cc15a1929ccf7,2026-07-29T14:26:00.053953+00:00,50.527,3,2,visits-service|api-gateway,False,GET,/api/visit/owners/1/pets/1/visits,200,0,0.0,1
2026-07-29T14:27:20.531747+00:00,4a6697c758941723,2026-07-29T14:25:59.887966+00:00,1175.513,4,2,api-gateway|customers-service,False,GET,/api/customer/owners,200,1,1160.829,1
2026-07-29T14:27:20.531747+00:00,884b15601e48196a,2026-07-29T14:25:59.707844+00:00,844.02,4,2,api-gateway|vets-service,False,GET,/api/vet/vets,200,1,843.008,1
2026-07-29T14:27:20.531747+00:00,49a62326769a2310,2026-07-29T14:25:59.540071+00:00,91.381,3,2,visits-service|api-gateway,False,GET,/api/visit/owners/1/pets/1/visits,200,0,0.0,1
2026-07-29T14:27:20.531747+00:00,2648df0b515c3b76,2026-07-29T14:25:59.387725+00:00,146.679,3,2,visits-service|api-gateway,False,GET,/api/visit/owners/1/pets/1/visits,200,0,0.0,1
2026-07-29T14:27:20.531747+00:00,66289b7e3f128bc2,2026-07-29T14:25:59.207548+00:00,50.047,3,2,visits-service|api-gateway,False,GET,/api/visit/owners/1/pets/1/visits,200,0,0.0,1
2026-07-29T14:27:20.531747+00:00,9ed1a6bbc2dc2d24,2026-07-29T14:25:59.054120+00:00,212.994,3,2,visits-service|api-gateway,False,GET,/api/visit/owners/1/pets/1/visits,200,0,0.0,1
2026-07-29T14:27:20.531747+00:00,3f59933c8f0bdb61,2026-07-29T14:25:58.874942+00:00,970.314,4,2,api-gateway|vets-service,False,GET,/api/vet/vets,200,1,968.788,1
2026-07-29T14:27:20.531747+00:00,33f9f7be5b661d6f,2026-07-29T14:25:58.721591+00:00,1381.288,4,2,api-gateway|customers-service,False,GET,/api/customer/owners,200,1,1378.717,1
2026-07-29T14:27:20.531747+00:00,53b6828f50b46604,2026-07-29T14:25:58.541534+00:00,1072.306,4,2,api-gateway|vets-service,False,GET,/api/vet/vets,200,1,1070.775,1
2026-07-29T14:27:20.531747+00:00,50fc465643f904c9,2026-07-29T14:25:58.389710+00:00,395.223,4,2,api-gateway|customers-service,False,GET,/api/customer/owners/1,200,1,395.223,1
2026-07-29T14:27:20.531747+00:00,1c7199bd130be30b,2026-07-29T14:25:58.205957+00:00,574.594,4,2,api-gateway|vets-service,False,GET,/api/vet/vets,200,1,572.983,1
2026-07-29T14:27:20.531747+00:00,9961a47f30fba27f,2026-07-29T14:25:58.053756+00:00,264.552,4,2,api-gateway|customers-service,False,GET,/api/customer/owners/1,200,1,259.901,1
2026-07-29T14:27:20.531747+00:00,79c6e2f488c49962,2026-07-29T14:25:57.871758+00:00,670.126,4,2,api-gateway|vets-service,False,GET,/api/vet/vets,200,1,668.676,1
2026-07-29T14:27:20.531747+00:00,a2eeb2d9ef01e7d1,2026-07-29T14:25:57.705351+00:00,1047.249,4,2,api-gateway|customers-service,False,GET,/api/customer/owners,200,1,1046.027,1
2026-07-29T14:27:20.531747+00:00,7d97cf46042a4797,2026-07-29T14:25:57.555537+00:00,308.869,4,2,api-gateway|customers-service,False,GET,/api/customer/owners/1,200,1,307.509,1
2026-07-29T14:27:20.531747+00:00,debb393fb13d2bcf,2026-07-29T14:25:57.387494+00:00,692.428,4,2,api-gateway|customers-service,False,GET,/api/customer/owners,200,1,680.233,1
2026-07-29T14:27:20.531747+00:00,590ff1fe73d3dc46,2026-07-29T14:25:57.205202+00:00,279.003,4,2,api-gateway|vets-service,False,GET,/api/vet/vets,200,1,277.573,1
2026-07-29T14:27:20.531747+00:00,abe6c3a526c77bd2,2026-07-29T14:25:57.039063+00:00,164.642,4,2,api-gateway|vets-service,False,GET,/api/vet/vets,200,1,163.326,1
2026-07-29T14:27:20.531747+00:00,130d662c9e7e9c22,2026-07-29T14:25:56.886916+00:00,140.806,4,2,api-gateway|vets-service,False,GET,/api/vet/vets,200,1,128.982,1
2026-07-29T14:27:20.531747+00:00,4f520b4d66564101,2026-07-29T14:25:56.723026+00:00,66.2,4,2,api-gateway|customers-service,False,GET,/api/customer/owners/1,200,1,64.43,1
2026-07-29T14:27:20.531747+00:00,44bfac14b1f8c037,2026-07-29T14:25:56.555642+00:00,181.889,4,2,api-gateway|customers-service,False,GET,/api/customer/owners,200,1,180.247,1
2026-07-29T14:27:20.531747+00:00,497d892260b2fd66,2026-07-29T14:25:56.372027+00:00,183.121,4,2,api-gateway|customers-service,False,GET,/api/customer/owners,200,1,181.859,1
2026-07-29T14:27:20.531747+00:00,fc3a84faa3081c1d,2026-07-29T14:25:56.220220+00:00,197.455,4,2,api-gateway|customers-service,False,GET,/api/customer/owners,200,1,194.207,1
2026-07-29T14:27:20.531747+00:00,05eb48b2e4bba043,2026-07-29T14:25:56.054331+00:00,32.184,3,2,visits-service|api-gateway,False,GET,/api/visit/owners/1/pets/1/visits,200,0,0.0,1
2026-07-29T14:27:20.531747+00:00,c33cd7f2c95c8ceb,2026-07-29T14:25:55.887202+00:00,130.749,4,2,api-gateway|vets-service,False,GET,/api/vet/vets,200,1,119.135,1
2026-07-29T14:27:20.531747+00:00,cf5c5740df111d31,2026-07-29T14:25:55.705982+00:00,27.146,3,2,visits-service|api-gateway,False,GET,/api/visit/owners/1/pets/1/visits,200,0,0.0,1
2026-07-29T14:27:20.531747+00:00,dd665129cae7e88b,2026-07-29T14:25:55.539133+00:00,174.067,4,2,api-gateway|customers-service,False,GET,/api/customer/owners,200,1,172.766,1
2026-07-29T14:27:20.531747+00:00,ee648f2c12467d88,2026-07-29T14:25:55.391174+00:00,188.843,4,2,api-gateway|customers-service,False,GET,/api/customer/owners,200,1,186.741,1
2026-07-29T14:27:20.531747+00:00,e3ab3482f1d03691,2026-07-29T14:25:55.220959+00:00,211.006,4,2,api-gateway|customers-service,False,GET,/api/customer/owners,200,1,197.133,1
2026-07-29T14:27:20.531747+00:00,074863e34f35b96f,2026-07-29T14:25:55.040229+00:00,67.997,4,2,api-gateway|customers-service,False,GET,/api/customer/owners/1,200,1,66.694,1
2026-07-29T14:27:20.531747+00:00,7017343e398767ea,2026-07-29T14:25:54.871627+00:00,10.611,3,2,visits-service|api-gateway,False,GET,/api/visit/owners/1/pets/1/visits,200,0,0.0,1
2026-07-29T14:27:20.531747+00:00,4d087064bba9cd5b,2026-07-29T14:25:54.706711+00:00,19.027,3,2,visits-service|api-gateway,False,GET,/api/visit/owners/1/pets/1/visits,200,0,0.0,1
2026-07-29T14:27:20.531747+00:00,9f7f77b3bfbd5d5b,2026-07-29T14:25:54.538290+00:00,22.192,3,2,visits-service|api-gateway,False,GET,/api/visit/owners/1/pets/1/visits,200,0,0.0,1
2026-07-29T14:27:20.531747+00:00,3065d21461e9e61f,2026-07-29T14:25:54.373427+00:00,127.5,4,2,api-gateway|vets-service,False,GET,/api/vet/vets,200,1,126.12,1
2026-07-29T14:27:20.531747+00:00,5652dc6d410a588b,2026-07-29T14:25:54.221937+00:00,65.991,4,2,api-gateway|customers-service,False,GET,/api/customer/owners/1,200,1,63.202,1
2026-07-29T14:27:20.531747+00:00,2d476c6735f8e510,2026-07-29T14:25:54.039340+00:00,118.334,4,2,api-gateway|vets-service,False,GET,/api/vet/vets,200,1,116.991,1
2026-07-29T14:27:20.531747+00:00,f4d1dde3a9445c33,2026-07-29T14:25:53.887400+00:00,162.638,4,2,api-gateway|vets-service,False,GET,/api/vet/vets,200,1,148.192,1
2026-07-29T14:27:20.531747+00:00,b13aa49d0e0a5179,2026-07-29T14:25:53.708313+00:00,18.173,3,2,visits-service|api-gateway,False,GET,/api/visit/owners/1/pets/1/visits,200,0,0.0,1
2026-07-29T14:27:20.531747+00:00,94c3ec5094c6cc14,2026-07-29T14:25:53.550019+00:00,120.984,4,2,api-gateway|vets-service,False,GET,/api/vet/vets,200,1,119.542,1
2026-07-29T14:27:20.531747+00:00,852061e9fca91263,2026-07-29T14:25:53.375430+00:00,186.669,4,2,api-gateway|customers-service,False,GET,/api/customer/owners,200,1,185.591,1
2026-07-29T14:27:20.531747+00:00,b1594eb9d94f94b9,2026-07-29T14:25:53.219849+00:00,64.093,4,2,api-gateway|customers-service,False,GET,/api/customer/owners/1,200,1,60.481,1
2026-07-29T14:27:20.531747+00:00,b9883d25bab6ba25,2026-07-29T14:25:53.054150+00:00,162.59,4,2,api-gateway|customers-service,False,GET,/api/customer/owners,200,1,156.692,1
2026-07-29T14:27:20.531747+00:00,577c447b1e0d7f7d,2026-07-29T14:25:52.873379+00:00,65.03,4,2,api-gateway|customers-service,False,GET,/api/customer/owners/1,200,1,63.818,1
2026-07-29T14:27:20.531747+00:00,8c3cd8f7f2c84634,2026-07-29T14:25:52.707468+00:00,74.079,4,2,api-gateway|customers-service,False,GET,/api/customer/owners/1,200,1,72.77,1
2026-07-29T14:27:20.531747+00:00,56ad9533f7e0a507,2026-07-29T14:25:52.555239+00:00,259.795,4,2,api-gateway|customers-service,False,GET,/api/customer/owners,200,1,257.824,1
2026-07-29T14:27:20.531747+00:00,8c4289ddc4d04c4d,2026-07-29T14:25:52.376953+00:00,20.974,3,2,visits-service|api-gateway,False,GET,/api/visit/owners/1/pets/1/visits,200,0,0.0,1
2026-07-29T14:27:20.531747+00:00,6a1ee0b187afa58f,2026-07-29T14:25:52.220701+00:00,31.019,3,2,visits-service|api-gateway,False,GET,/api/visit/owners/1/pets/1/visits,200,0,0.0,1
2026-07-29T14:27:20.531747+00:00,f3a7c8d038151289,2026-07-29T14:25:52.053962+00:00,79.618,4,2,api-gateway|customers-service,False,GET,/api/customer/owners/1,200,1,72.617,1
2026-07-29T14:27:20.531747+00:00,988f8673c9cb5305,2026-07-29T14:25:51.888887+00:00,72.998,4,2,api-gateway|customers-service,False,GET,/api/customer/owners/1,200,1,70.919,1
2026-07-29T14:27:20.531747+00:00,40c1be303f5e0d02,2026-07-29T14:25:51.706542+00:00,21.76,3,2,visits-service|api-gateway,False,GET,/api/visit/owners/1/pets/1/visits,200,0,0.0,1
2026-07-29T14:27:20.531747+00:00,095199b7d4204b81,2026-07-29T14:25:51.538858+00:00,127.105,4,2,api-gateway|vets-service,False,GET,/api/vet/vets,200,1,125.664,1
2026-07-29T14:27:20.531747+00:00,fe778e16a648ea1a,2026-07-29T14:25:51.373241+00:00,63.652,4,2,api-gateway|customers-service,False,GET,/api/customer/owners/1,200,1,62.45,1
2026-07-29T14:27:20.531747+00:00,3ac7c509dcc6b199,2026-07-29T14:25:51.220237+00:00,31.155,3,2,visits-service|api-gateway,False,GET,/api/visit/owners/1/pets/1/visits,200,0,0.0,1
2026-07-29T14:27:20.531747+00:00,30fa2cc53c2ffbd0,2026-07-29T14:25:51.040832+00:00,76.426,4,2,api-gateway|customers-service,False,GET,/api/customer/owners/1,200,1,75.072,1
2026-07-29T14:27:20.531747+00:00,e32d0dc80e828e27,2026-07-29T14:25:50.888568+00:00,63.192,4,2,api-gateway|customers-service,False,GET,/api/customer/owners/1,200,1,61.088,1
2026-07-29T14:27:20.531747+00:00,dd87b9b813c29154,2026-07-29T14:25:50.723161+00:00,71.014,4,2,api-gateway|customers-service,False,GET,/api/customer/owners/1,200,1,69.407,1
2026-07-29T14:27:20.531747+00:00,9c847f8bf904eb30,2026-07-29T14:25:50.556846+00:00,183.587,4,2,api-gateway|customers-service,False,GET,/api/customer/owners,200,1,181.895,1
2026-07-29T14:27:20.531747+00:00,ce2b80ca68c95abd,2026-07-29T14:25:50.374828+00:00,123.545,4,2,api-gateway|vets-service,False,GET,/api/vet/vets,200,1,122.139,1
2026-07-29T14:27:20.531747+00:00,852228846e920377,2026-07-29T14:25:50.207689+00:00,160.323,4,2,api-gateway|customers-service,False,GET,/api/customer/owners,200,1,159.049,1
2026-07-29T14:27:20.531747+00:00,9c7cda9a10cd4cf2,2026-07-29T14:25:50.039351+00:00,62.545,4,2,api-gateway|customers-service,False,GET,/api/customer/owners/1,200,1,61.199,1
2026-07-29T14:27:20.531747+00:00,a7a63eda64e7ebce,2026-07-29T14:25:49.887092+00:00,174.008,4,2,api-gateway|customers-service,False,GET,/api/customer/owners,200,1,167.842,1
2026-07-29T14:27:20.531747+00:00,09741481fe7b4025,2026-07-29T14:25:49.707038+00:00,28.979,3,2,visits-service|api-gateway,False,GET,/api/visit/owners/1/pets/1/visits,200,0,0.0,1
2026-07-29T14:27:20.531747+00:00,9a0ab8248f33aeda,2026-07-29T14:25:49.541187+00:00,148.989,4,2,api-gateway|vets-service,False,GET,/api/vet/vets,200,1,147.743,1
2026-07-29T14:27:20.531747+00:00,aed22d9097d2dc4c,2026-07-29T14:25:49.393153+00:00,76.134,4,2,api-gateway|customers-service,False,GET,/api/customer/owners/1,200,1,73.894,1
2026-07-29T14:27:20.531747+00:00,463348496f16c6da,2026-07-29T14:25:49.220325+00:00,34.162,3,2,visits-service|api-gateway,False,GET,/api/visit/owners/1/pets/1/visits,200,0,0.0,1
2026-07-29T14:27:20.531747+00:00,bd234de360381a81,2026-07-29T14:25:49.054157+00:00,185.28,4,2,api-gateway|customers-service,False,GET,/api/customer/owners,200,1,179.021,1
2026-07-29T14:27:20.531747+00:00,ed2cba0112d2d7eb,2026-07-29T14:25:48.887566+00:00,87.592,4,2,api-gateway|customers-service,False,GET,/api/customer/owners/1,200,1,73.819,1
2026-07-29T14:27:20.531747+00:00,dfc968e53c8d1a75,2026-07-29T14:25:48.707856+00:00,125.801,4,2,api-gateway|vets-service,False,GET,/api/vet/vets,200,1,124.414,1
2026-07-29T14:27:20.531747+00:00,a7e82f82cc3a0587,2026-07-29T14:25:48.544453+00:00,61.074,4,2,api-gateway|customers-service,False,GET,/api/customer/owners/1,200,1,59.694,1
2026-07-29T14:27:20.531747+00:00,c9569c5f136549b3,2026-07-29T14:25:48.390012+00:00,185.048,4,2,api-gateway|customers-service,False,GET,/api/customer/owners,200,1,182.798,1
2026-07-29T14:27:20.531747+00:00,838904af204b08ff,2026-07-29T14:25:48.206195+00:00,20.312,3,2,visits-service|api-gateway,False,GET,/api/visit/owners/1/pets/1/visits,200,0,0.0,1
2026-07-29T14:27:20.531747+00:00,fe0a84cb08b53759,2026-07-29T14:25:48.038623+00:00,125.654,4,2,api-gateway|vets-service,False,GET,/api/vet/vets,200,1,124.276,1
2026-07-29T14:27:20.531747+00:00,9286256c8b5ce6c6,2026-07-29T14:25:47.872608+00:00,127.376,4,2,api-gateway|vets-service,False,GET,/api/vet/vets,200,1,126.057,1
2026-07-29T14:27:20.531747+00:00,925bf42966730bb8,2026-07-29T14:25:47.705884+00:00,100.612,4,2,api-gateway|vets-service,False,GET,/api/vet/vets,200,1,99.195,1
2026-07-29T14:27:20.531747+00:00,0619b5138437ab87,2026-07-29T14:25:47.539927+00:00,120.137,4,2,api-gateway|vets-service,False,GET,/api/vet/vets,200,1,118.727,1
2026-07-29T14:27:20.531747+00:00,c4c122152a336902,2026-07-29T14:25:47.393556+00:00,180.073,4,2,api-gateway|customers-service,False,GET,/api/customer/owners,200,1,178.351,1
2026-07-29T14:27:20.531747+00:00,d190bf856d232e29,2026-07-29T14:25:47.220947+00:00,183.206,4,2,api-gateway|customers-service,False,GET,/api/customer/owners,200,1,178.66,1
2026-07-29T14:27:20.531747+00:00,ec05b2d5d7cc4608,2026-07-29T14:25:47.042257+00:00,70.518,4,2,api-gateway|customers-service,False,GET,/api/customer/owners/1,200,1,69.323,1
2026-07-29T14:27:20.531747+00:00,d069675a931d4610,2026-07-29T14:25:46.872805+00:00,177.546,4,2,api-gateway|customers-service,False,GET,/api/customer/owners,200,1,176.285,1
2026-07-29T14:27:20.531747+00:00,0e7c14861a6c6348,2026-07-29T14:25:46.723369+00:00,185.533,4,2,api-gateway|customers-service,False,GET,/api/customer/owners,200,1,183.851,1
2026-07-29T14:27:20.531747+00:00,25b94a75b6096caf,2026-07-29T14:25:46.557216+00:00,92.137,4,2,api-gateway|customers-service,False,GET,/api/customer/owners/1,200,1,89.806,1
2026-07-29T14:27:20.531747+00:00,feb28019ab3aa62a,2026-07-29T14:25:46.387249+00:00,35.959,3,2,visits-service|api-gateway,False,GET,/api/visit/owners/1/pets/1/visits,200,0,0.0,1
2026-07-29T14:27:20.531747+00:00,ec5329a4b741a254,2026-07-29T14:25:46.207386+00:00,18.368,3,2,visits-service|api-gateway,False,GET,/api/visit/owners/1/pets/1/visits,200,0,0.0,1
2026-07-29T14:27:20.531747+00:00,72070d8f2b546953,2026-07-29T14:25:46.053379+00:00,80.629,4,2,api-gateway|customers-service,False,GET,/api/customer/owners/1,200,1,76.459,1
2026-07-29T14:27:20.531747+00:00,4c4dfe5279e72ac4,2026-07-29T14:25:45.887179+00:00,87.423,4,2,api-gateway|customers-service,False,GET,/api/customer/owners/1,200,1,75.011,1
2026-07-29T14:27:20.531747+00:00,1e6f924a71af3e9a,2026-07-29T14:25:45.706318+00:00,80.038,4,2,api-gateway|customers-service,False,GET,/api/customer/owners/1,200,1,78.761,1
2026-07-29T14:27:20.531747+00:00,2af8af2029f24c96,2026-07-29T14:25:45.540996+00:00,143.301,4,2,api-gateway|vets-service,False,GET,/api/vet/vets,200,1,142.011,1
2026-07-29T14:27:20.531747+00:00,9afd006d2d6d2586,2026-07-29T14:25:45.389647+00:00,28.391,3,2,visits-service|api-gateway,False,GET,/api/visit/owners/1/pets/1/visits,200,0,0.0,1
2026-07-29T14:27:20.531747+00:00,277e9c6d95487d7e,2026-07-29T14:25:45.221261+00:00,84.848,4,2,api-gateway|customers-service,False,GET,/api/customer/owners/1,200,1,78.695,1
2026-07-29T14:27:20.531747+00:00,7bb4cf46e969a8cc,2026-07-29T14:25:45.054576+00:00,32.449,3,2,visits-service|api-gateway,False,GET,/api/visit/owners/1/pets/1/visits,200,0,0.0,1
2026-07-29T14:27:20.531747+00:00,34821a584fa1701d,2026-07-29T14:25:44.876340+00:00,115.62,4,2,api-gateway|vets-service,False,GET,/api/vet/vets,200,1,114.327,1
2026-07-29T14:27:20.531747+00:00,8545467e0ba7c831,2026-07-29T14:25:44.723473+00:00,81.758,4,2,api-gateway|customers-service,False,GET,/api/customer/owners/1,200,1,79.571,1
2026-07-29T14:27:20.531747+00:00,fd6b770a0d767108,2026-07-29T14:25:44.557483+00:00,71.505,4,2,api-gateway|customers-service,False,GET,/api/customer/owners/1,200,1,69.053,1
2026-07-29T14:27:20.531747+00:00,f19fe21a6c6075dd,2026-07-29T14:25:44.387143+00:00,36.801,3,2,visits-service|api-gateway,False,GET,/api/visit/owners/1/pets/1/visits,200,0,0.0,1
2026-07-29T14:27:20.531747+00:00,a068d0f2c3ccd831,2026-07-29T14:25:44.206839+00:00,119.535,4,2,api-gateway|vets-service,False,GET,/api/vet/vets,200,1,118.221,1
2026-07-29T14:27:20.531747+00:00,63704d2b2cf907b1,2026-07-29T14:25:44.040576+00:00,125.994,4,2,api-gateway|vets-service,False,GET,/api/vet/vets,200,1,124.59,1
2026-07-29T14:27:20.531747+00:00,e29c932a46f0e79d,2026-07-29T14:25:43.877018+00:00,168.187,4,2,api-gateway|customers-service,False,GET,/api/customer/owners,200,1,166.965,1
2026-07-29T14:27:20.531747+00:00,133c3c0bb76e43d9,2026-07-29T14:25:43.705813+00:00,171.592,4,2,api-gateway|customers-service,False,GET,/api/customer/owners,200,1,170.249,1
2026-07-29T14:27:20.531747+00:00,0133a34d4b3575b7,2026-07-29T14:25:43.555324+00:00,74.599,4,2,api-gateway|customers-service,False,GET,/api/customer/owners/1,200,1,73.247,1
2026-07-29T14:27:20.531747+00:00,14084197a5d03d5a,2026-07-29T14:25:43.390517+00:00,180.245,4,2,api-gateway|customers-service,False,GET,/api/customer/owners,200,1,178.581,1
2026-07-29T14:27:20.531747+00:00,63c4c6a40471f9b9,2026-07-29T14:25:43.206331+00:00,18.265,3,2,visits-service|api-gateway,False,GET,/api/visit/owners/1/pets/1/visits,200,0,0.0,1
2026-07-29T14:27:20.531747+00:00,f897e6d706a5d963,2026-07-29T14:25:43.054286+00:00,192.858,4,2,api-gateway|customers-service,False,GET,/api/customer/owners,200,1,186.672,1
2026-07-29T14:27:20.531747+00:00,b5c610fa7db7c425,2026-07-29T14:25:42.887345+00:00,143.049,4,2,api-gateway|vets-service,False,GET,/api/vet/vets,200,1,128.671,1
2026-07-29T14:27:20.531747+00:00,352b42cdff0169a7,2026-07-29T14:25:42.706896+00:00,61.957,4,2,api-gateway|customers-service,False,GET,/api/customer/owners/1,200,1,60.712,1
2026-07-29T14:27:20.531747+00:00,28ed49e9bd54bf67,2026-07-29T14:25:42.539990+00:00,77.836,4,2,api-gateway|customers-service,False,GET,/api/customer/owners/1,200,1,76.52,1
2026-07-29T14:27:20.531747+00:00,50517632ea3c95f6,2026-07-29T14:25:42.387521+00:00,29.543,3,2,visits-service|api-gateway,False,GET,/api/visit/owners/1/pets/1/visits,200,0,0.0,1
2026-07-29T14:27:20.531747+00:00,c14050031b06d89d,2026-07-29T14:25:42.221172+00:00,183.847,4,2,api-gateway|customers-service,False,GET,/api/customer/owners,200,1,177.833,1
2026-07-29T14:27:20.531747+00:00,60ed1091d361eb19,2026-07-29T14:25:42.053838+00:00,180.8,4,2,api-gateway|customers-service,False,GET,/api/customer/owners,200,1,174.315,1
2026-07-29T14:27:20.531747+00:00,2fc9f5f012f96734,2026-07-29T14:25:41.874721+00:00,29.984,3,2,visits-service|api-gateway,False,GET,/api/visit/owners/1/pets/1/visits,200,0,0.0,1
2026-07-29T14:27:20.531747+00:00,3be8d4cf28d3cc0a,2026-07-29T14:25:41.724442+00:00,203.41,4,2,api-gateway|customers-service,False,GET,/api/customer/owners,200,1,200.552,1
2026-07-29T14:27:20.531747+00:00,1734b928c2b187c6,2026-07-29T14:25:41.540927+00:00,159.824,4,2,api-gateway|customers-service,False,GET,/api/customer/owners,200,1,158.599,1
2026-07-29T14:27:20.531747+00:00,8b0233e7e9171c65,2026-07-29T14:25:41.387888+00:00,30.995,3,2,visits-service|api-gateway,False,GET,/api/visit/owners/1/pets/1/visits,200,0,0.0,1
2026-07-29T14:27:20.531747+00:00,e0853374447e60f2,2026-07-29T14:25:41.204813+00:00,178.346,4,2,api-gateway|customers-service,False,GET,/api/customer/owners,200,1,177.154,1
2026-07-29T14:27:20.531747+00:00,20cb1092ba252c63,2026-07-29T14:25:41.041039+00:00,18.821,3,2,visits-service|api-gateway,False,GET,/api/visit/owners/1/pets/1/visits,200,0,0.0,1
2026-07-29T14:27:20.531747+00:00,9e759a4341547835,2026-07-29T14:25:40.871432+00:00,120.124,4,2,api-gateway|vets-service,False,GET,/api/vet/vets,200,1,118.961,1
2026-07-29T14:27:20.531747+00:00,a99479323cbe7652,2026-07-29T14:25:40.705778+00:00,125.357,4,2,api-gateway|vets-service,False,GET,/api/vet/vets,200,1,123.89,1
2026-07-29T14:27:20.531747+00:00,9181741aa2900911,2026-07-29T14:25:40.557649+00:00,173.866,4,2,api-gateway|customers-service,False,GET,/api/customer/owners,200,1,171.959,1
2026-07-29T14:27:20.531747+00:00,c17cdab106a1c8b5,2026-07-29T14:25:40.374508+00:00,155.346,4,2,api-gateway|vets-service,False,GET,/api/vet/vets,200,1,154.143,1
2026-07-29T14:27:20.531747+00:00,75f64c2cc0549a32,2026-07-29T14:25:40.220973+00:00,76.894,4,2,api-gateway|customers-service,False,GET,/api/customer/owners/1,200,1,70.303,1
2026-07-29T14:27:20.531747+00:00,ba8d2fb1d95a3759,2026-07-29T14:25:40.053600+00:00,33.463,3,2,visits-service|api-gateway,False,GET,/api/visit/owners/1/pets/1/visits,200,0,0.0,1
2026-07-29T14:27:20.531747+00:00,2d6361619af6d92b,2026-07-29T14:25:39.886816+00:00,85.154,4,2,api-gateway|customers-service,False,GET,/api/customer/owners/1,200,1,78.363,1
2026-07-29T14:27:20.531747+00:00,46c9ab0e028f01f3,2026-07-29T14:25:39.707754+00:00,157.692,4,2,api-gateway|customers-service,False,GET,/api/customer/owners,200,1,156.394,1
2026-07-29T14:27:20.531747+00:00,9171a5589ca32b7c,2026-07-29T14:25:39.539822+00:00,16.156,3,2,visits-service|api-gateway,False,GET,/api/visit/owners/1/pets/1/visits,200,0,0.0,1
2026-07-29T14:27:20.531747+00:00,8cc7d1b513d69946,2026-07-29T14:25:39.374220+00:00,173.011,4,2,api-gateway|customers-service,False,GET,/api/customer/owners,200,1,171.756,1
2026-07-29T14:27:20.531747+00:00,9e373acb28383f36,2026-07-29T14:25:39.219965+00:00,81.681,4,2,api-gateway|customers-service,False,GET,/api/customer/owners/1,200,1,77.055,1
2026-07-29T14:27:20.531747+00:00,df1e26daef405646,2026-07-29T14:25:39.053693+00:00,55.901,3,2,visits-service|api-gateway,False,GET,/api/visit/owners/1/pets/1/visits,200,0,0.0,1
2026-07-29T14:27:20.531747+00:00,5e2caefa6c9f9fd9,2026-07-29T14:25:38.886522+00:00,70.008,4,2,api-gateway|customers-service,False,GET,/api/customer/owners/1,200,1,66.138,1
2026-07-29T14:27:20.531747+00:00,3bc955ab67fd5cbf,2026-07-29T14:25:38.722310+00:00,95.636,4,2,api-gateway|customers-service,False,GET,/api/customer/owners/1,200,1,94.182,1
2026-07-29T14:27:20.531747+00:00,6578e2bf93e01f1b,2026-07-29T14:25:38.541143+00:00,21.159,3,2,visits-service|api-gateway,False,GET,/api/visit/owners/1/pets/1/visits,200,0,0.0,1
2026-07-29T14:27:20.531747+00:00,118435388a345028,2026-07-29T14:25:38.372616+00:00,95.533,4,2,api-gateway|customers-service,False,GET,/api/customer/owners/1,200,1,94.301,1
2026-07-29T14:27:20.531747+00:00,f3c744ef21261fff,2026-07-29T14:25:38.205518+00:00,82.938,4,2,api-gateway|customers-service,False,GET,/api/customer/owners/1,200,1,81.756,1
2026-07-29T14:27:20.531747+00:00,64353731673c52a5,2026-07-29T14:25:38.041509+00:00,140.887,4,2,api-gateway|vets-service,False,GET,/api/vet/vets,200,1,139.419,1
2026-07-29T14:27:20.531747+00:00,d07b3fcbfd7c9902,2026-07-29T14:25:37.886891+00:00,55.722,4,2,api-gateway|customers-service,False,GET,/api/customer/owners/1,200,1,52.068,1
2026-07-29T14:27:20.531747+00:00,e434ff19290a3d51,2026-07-29T14:25:37.722639+00:00,63.643,4,2,api-gateway|customers-service,False,GET,/api/customer/owners/1,200,1,62.053,1
2026-07-29T14:27:20.531747+00:00,020c421c20809334,2026-07-29T14:25:37.556447+00:00,175.22,4,2,api-gateway|customers-service,False,GET,/api/customer/owners,200,1,175.22,1
2026-07-29T14:27:20.531747+00:00,f687e9eaf51c9f94,2026-07-29T14:25:37.372750+00:00,64.122,4,2,api-gateway|customers-service,False,GET,/api/customer/owners/1,200,1,62.915,1
2026-07-29T14:27:20.531747+00:00,5e1c718215348a92,2026-07-29T14:25:37.205154+00:00,184.462,4,2,api-gateway|customers-service,False,GET,/api/customer/owners,200,1,183.408,1
2026-07-29T14:27:20.531747+00:00,80bd349326ea756c,2026-07-29T14:25:37.053999+00:00,59.399,4,2,api-gateway|customers-service,False,GET,/api/customer/owners/1,200,1,56.809,1
2026-07-29T14:27:20.531747+00:00,d7fb1da6d375a9a6,2026-07-29T14:25:36.887179+00:00,73.641,4,2,api-gateway|customers-service,False,GET,/api/customer/owners/1,200,1,66.504,1
2026-07-29T14:27:20.531747+00:00,30b311e6dea1e76f,2026-07-29T14:25:36.720142+00:00,143.205,4,2,api-gateway|vets-service,False,GET,/api/vet/vets,200,1,126.843,1
2026-07-29T14:27:20.531747+00:00,c2d51ce041db1d9a,2026-07-29T14:25:36.538888+00:00,132.001,4,2,api-gateway|vets-service,False,GET,/api/vet/vets,200,1,130.597,1
2026-07-29T14:27:20.531747+00:00,4b18ef842db40cd8,2026-07-29T14:25:36.388682+00:00,179.206,4,2,api-gateway|customers-service,False,GET,/api/customer/owners,200,1,177.85,1
2026-07-29T14:27:20.531747+00:00,6e8df1c3da30fd75,2026-07-29T14:25:36.207067+00:00,123.944,4,2,api-gateway|vets-service,False,GET,/api/vet/vets,200,1,122.5,1
2026-07-29T14:27:20.531747+00:00,2143517a54355fb4,2026-07-29T14:25:36.054428+00:00,35.207,3,2,visits-service|api-gateway,False,GET,/api/visit/owners/1/pets/1/visits,200,0,0.0,1
2026-07-29T14:27:20.531747+00:00,c7f07a7f841fe89e,2026-07-29T14:25:35.870795+00:00,20.052,3,2,visits-service|api-gateway,False,GET,/api/visit/owners/1/pets/1/visits,200,0,0.0,1
2026-07-29T14:27:20.531747+00:00,48e3c8a9412522c4,2026-07-29T14:25:35.705625+00:00,113.0,4,2,api-gateway|vets-service,False,GET,/api/vet/vets,200,1,111.861,1
2026-07-29T14:27:20.531747+00:00,3043d208d683122d,2026-07-29T14:25:35.553436+00:00,130.725,4,2,api-gateway|vets-service,False,GET,/api/vet/vets,200,1,116.971,1
2026-07-29T14:27:20.531747+00:00,442100282fa13000,2026-07-29T14:25:35.373830+00:00,161.739,4,2,api-gateway|customers-service,False,GET,/api/customer/owners,200,1,160.464,1
2026-07-29T14:27:20.531747+00:00,1c13927e8e85784a,2026-07-29T14:25:35.207479+00:00,117.232,4,2,api-gateway|vets-service,False,GET,/api/vet/vets,200,1,115.899,1
2026-07-29T14:27:20.531747+00:00,726325e97e11fc98,2026-07-29T14:25:35.037790+00:00,68.284,4,2,api-gateway|customers-service,False,GET,/api/customer/owners/1,200,1,66.928,1
2026-07-29T14:27:20.531747+00:00,a6ff343065f92402,2026-07-29T14:25:34.888540+00:00,171.29,4,2,api-gateway|customers-service,False,GET,/api/customer/owners,200,1,168.477,1
2026-07-29T14:27:20.531747+00:00,9b3a1deb7756a5a3,2026-07-29T14:25:34.722260+00:00,63.642,4,2,api-gateway|customers-service,False,GET,/api/customer/owners/1,200,1,61.796,1
2026-07-29T14:27:20.531747+00:00,bc1d5700519f3eb5,2026-07-29T14:25:34.557138+00:00,191.283,4,2,api-gateway|customers-service,False,GET,/api/customer/owners,200,1,189.473,1
2026-07-29T14:27:20.531747+00:00,eb9692bc44c53d8e,2026-07-29T14:25:34.376530+00:00,128.085,4,2,api-gateway|vets-service,False,GET,/api/vet/vets,200,1,126.652,1
2026-07-29T14:27:20.531747+00:00,c12e091356a9d147,2026-07-29T14:25:34.206931+00:00,124.579,4,2,api-gateway|vets-service,False,GET,/api/vet/vets,200,1,123.281,1
2026-07-29T14:27:20.531747+00:00,72e8845c4289d468,2026-07-29T14:25:34.053873+00:00,29.6,3,2,visits-service|api-gateway,False,GET,/api/visit/owners/1/pets/1/visits,200,0,0.0,1
2026-07-29T14:27:20.531747+00:00,ab160e441dd8cfb2,2026-07-29T14:25:33.886865+00:00,127.536,4,2,api-gateway|vets-service,False,GET,/api/vet/vets,200,1,112.174,1
2026-07-29T14:27:20.531747+00:00,992fde801f67a9c8,2026-07-29T14:25:33.708066+00:00,17.525,3,2,visits-service|api-gateway,False,GET,/api/visit/owners/1/pets/1/visits,200,0,0.0,1
2026-07-29T14:27:20.531747+00:00,ae399a03cad975fa,2026-07-29T14:25:33.541067+00:00,127.896,4,2,api-gateway|vets-service,False,GET,/api/vet/vets,200,1,126.473,1
2026-07-29T14:27:20.531747+00:00,4e55d9b590faac69,2026-07-29T14:25:33.375456+00:00,21.241,3,2,visits-service|api-gateway,False,GET,/api/visit/owners/1/pets/1/visits,200,0,0.0,1
2026-07-29T14:27:20.531747+00:00,2aafcab4b4857813,2026-07-29T14:25:33.207158+00:00,129.732,4,2,api-gateway|vets-service,False,GET,/api/vet/vets,200,1,128.219,1
2026-07-29T14:27:20.531747+00:00,126e8b4eb8c1fb30,2026-07-29T14:25:33.040156+00:00,19.596,3,2,visits-service|api-gateway,False,GET,/api/visit/owners/1/pets/1/visits,200,0,0.0,1
2026-07-29T14:27:20.531747+00:00,17e0e5bd3cb84bb5,2026-07-29T14:25:32.872074+00:00,12.464,3,2,visits-service|api-gateway,False,GET,/api/visit/owners/1/pets/1/visits,200,0,0.0,1
2026-07-29T14:27:20.531747+00:00,42845fa791b4e572,2026-07-29T14:25:32.708362+00:00,10.725,3,2,visits-service|api-gateway,False,GET,/api/visit/owners/1/pets/1/visits,200,0,0.0,1
2026-07-29T14:27:20.531747+00:00,8134fb000d863155,2026-07-29T14:25:32.540438+00:00,10.41,3,2,visits-service|api-gateway,False,GET,/api/visit/owners/1/pets/1/visits,200,0,0.0,1
2026-07-29T14:27:20.531747+00:00,45fe465b6c8ad259,2026-07-29T14:25:32.373366+00:00,17.335,3,2,visits-service|api-gateway,False,GET,/api/visit/owners/1/pets/1/visits,200,0,0.0,1
2026-07-29T14:27:20.531747+00:00,87a7754bba14e54c,2026-07-29T14:25:32.220422+00:00,31.048,3,2,visits-service|api-gateway,False,GET,/api/visit/owners/1/pets/1/visits,200,0,0.0,1
2026-07-29T14:27:20.531747+00:00,5a470599a374d428,2026-07-29T14:25:32.041439+00:00,68.207,4,2,api-gateway|customers-service,False,GET,/api/customer/owners/1,200,1,67.019,1
2026-07-29T14:27:20.531747+00:00,5fbcca6b2e4af454,2026-07-29T14:25:31.874451+00:00,191.939,4,2,api-gateway|customers-service,False,GET,/api/customer/owners,200,1,190.798,1
2026-07-29T14:27:20.531747+00:00,82a2782108cec903,2026-07-29T14:25:31.707848+00:00,157.075,4,2,api-gateway|vets-service,False,GET,/api/vet/vets,200,1,155.761,1
2026-07-29T14:27:20.531747+00:00,3e31a7d9f3459919,2026-07-29T14:25:31.553839+00:00,135.483,4,2,api-gateway|vets-service,False,GET,/api/vet/vets,200,1,121.54,1
2026-07-29T14:27:20.531747+00:00,380a55458cd27a40,2026-07-29T14:25:31.374555+00:00,138.901,4,2,api-gateway|vets-service,False,GET,/api/vet/vets,200,1,137.421,1
2026-07-29T14:27:20.531747+00:00,b0e24dc19bc588bb,2026-07-29T14:25:31.220519+00:00,74.873,4,2,api-gateway|customers-service,False,GET,/api/customer/owners/1,200,1,70.399,1
2026-07-29T14:27:20.531747+00:00,54220435a58541ea,2026-07-29T14:25:31.054933+00:00,183.412,4,2,api-gateway|customers-service,False,GET,/api/customer/owners,200,1,181.07,1
2026-07-29T14:27:20.531747+00:00,f55b24f34bb2c143,2026-07-29T14:25:30.887478+00:00,65.196,4,2,api-gateway|customers-service,False,GET,/api/customer/owners/1,200,1,60.224,1
2026-07-29T14:27:20.531747+00:00,16449606c9d4383e,2026-07-29T14:25:30.709616+00:00,16.049,3,2,visits-service|api-gateway,False,GET,/api/visit/owners/1/pets/1/visits,200,0,0.0,1
2026-07-29T14:27:20.531747+00:00,a27df96cfbd337c8,2026-07-29T14:25:30.539563+00:00,116.544,4,2,api-gateway|vets-service,False,GET,/api/vet/vets,200,1,115.046,1
2026-07-29T14:27:20.531747+00:00,244c86c8e4261dda,2026-07-29T14:25:30.374761+00:00,121.594,4,2,api-gateway|vets-service,False,GET,/api/vet/vets,200,1,120.147,1
2026-07-29T14:27:20.531747+00:00,2f9219b847fea605,2026-07-29T14:25:30.220592+00:00,64.443,4,2,api-gateway|customers-service,False,GET,/api/customer/owners/1,200,1,53.366,1
2026-07-29T14:27:20.531747+00:00,28af633fe847a1ca,2026-07-29T14:25:30.054098+00:00,80.543,4,2,api-gateway|customers-service,False,GET,/api/customer/owners/1,200,1,67.604,1
2026-07-29T14:27:20.531747+00:00,411bb537d8a38857,2026-07-29T14:25:29.886691+00:00,141.944,4,2,api-gateway|vets-service,False,GET,/api/vet/vets,200,1,128.443,1
2026-07-29T14:27:20.531747+00:00,779b2323a1406990,2026-07-29T14:25:29.722297+00:00,68.615,4,2,api-gateway|customers-service,False,GET,/api/customer/owners/1,200,1,67.153,1
2026-07-29T14:27:20.531747+00:00,077c2ea10015ba6f,2026-07-29T14:25:29.541044+00:00,23.511,3,2,visits-service|api-gateway,False,GET,/api/visit/owners/1/pets/1/visits,200,0,0.0,1
2026-07-29T14:27:20.531747+00:00,6bf61e3747ee3f05,2026-07-29T14:25:29.378497+00:00,32.22,3,2,visits-service|api-gateway,False,GET,/api/visit/owners/1/pets/1/visits,200,0,0.0,1
2026-07-29T14:27:20.531747+00:00,2096934dd6461575,2026-07-29T14:25:29.223865+00:00,172.719,4,2,api-gateway|customers-service,False,GET,/api/customer/owners,200,1,170.638,1
2026-07-29T14:27:20.531747+00:00,1c983c1fef9155b2,2026-07-29T14:25:29.040214+00:00,122.1,4,2,api-gateway|vets-service,False,GET,/api/vet/vets,200,1,120.692,1
2026-07-29T14:27:20.531747+00:00,3b1b89086dd33aae,2026-07-29T14:25:28.872585+00:00,113.319,4,2,api-gateway|vets-service,False,GET,/api/vet/vets,200,1,111.988,1
2026-07-29T14:27:20.531747+00:00,9644914f8ba3d3f2,2026-07-29T14:25:28.705657+00:00,18.456,3,2,visits-service|api-gateway,False,GET,/api/visit/owners/1/pets/1/visits,200,0,0.0,1
2026-07-29T14:27:20.531747+00:00,9f476541f8e68549,2026-07-29T14:25:28.539808+00:00,129.11,4,2,api-gateway|vets-service,False,GET,/api/vet/vets,200,1,126.805,1
2026-07-29T14:27:20.531747+00:00,9a5f66b3d4c3f383,2026-07-29T14:25:28.389288+00:00,173.476,4,2,api-gateway|customers-service,False,GET,/api/customer/owners,200,1,173.476,1
2026-07-29T14:27:20.531747+00:00,b97425d134176915,2026-07-29T14:25:28.221185+00:00,136.265,4,2,api-gateway|vets-service,False,GET,/api/vet/vets,200,1,119.622,1
2026-07-29T14:27:20.531747+00:00,f9248ca951b4ed40,2026-07-29T14:25:28.054346+00:00,94.661,4,2,api-gateway|customers-service,False,GET,/api/customer/owners/1,200,1,81.207,1
2026-07-29T14:27:20.531747+00:00,0469814497ff3f56,2026-07-29T14:25:27.876371+00:00,119.528,4,2,api-gateway|vets-service,False,GET,/api/vet/vets,200,1,118.142,1
2026-07-29T14:27:20.531747+00:00,3c5f8ac7e7519424,2026-07-29T14:25:27.720498+00:00,182.369,4,2,api-gateway|customers-service,False,GET,/api/customer/owners,200,1,169.445,1
2026-07-29T14:27:20.531747+00:00,5fbd40af272a0db3,2026-07-29T14:25:27.556175+00:00,162.956,4,2,api-gateway|customers-service,False,GET,/api/customer/owners,200,1,161.651,1
2026-07-29T14:27:20.531747+00:00,e021c1c315852ca5,2026-07-29T14:25:27.389555+00:00,60.363,4,2,api-gateway|customers-service,False,GET,/api/customer/owners/1,200,1,60.363,1
2026-07-29T14:27:20.531747+00:00,215c4c828b10563e,2026-07-29T14:25:27.222316+00:00,243.551,4,2,api-gateway|customers-service,False,GET,/api/customer/owners,200,1,241.846,1
2026-07-29T14:27:20.531747+00:00,a999bf4d3e25cd87,2026-07-29T14:25:27.038847+00:00,325.899,4,2,api-gateway|vets-service,False,GET,/api/vet/vets,200,1,324.418,1
2026-07-29T14:27:20.531747+00:00,c4c7f7aadcb7967f,2026-07-29T14:25:26.870775+00:00,171.668,3,2,visits-service|api-gateway,False,GET,/api/visit/owners/1/pets/1/visits,200,0,0.0,1
2026-07-29T14:27:20.531747+00:00,f081a6c4d5f53066,2026-07-29T14:25:26.706214+00:00,93.389,3,2,visits-service|api-gateway,False,GET,/api/visit/owners/1/pets/1/visits,200,0,0.0,1
2026-07-29T14:27:20.531747+00:00,fbb5897f983d9254,2026-07-29T14:25:26.556810+00:00,778.88,4,2,api-gateway|customers-service,False,GET,/api/customer/owners,200,1,767.692,1
2026-07-29T14:27:20.531747+00:00,5929c9b28f9298ae,2026-07-29T14:25:26.374224+00:00,685.005,4,2,api-gateway|vets-service,False,GET,/api/vet/vets,200,1,683.983,1
2026-07-29T14:27:20.531747+00:00,f3d31386b8ae837b,2026-07-29T14:25:26.205387+00:00,113.385,3,2,visits-service|api-gateway,False,GET,/api/visit/owners/1/pets/1/visits,200,0,0.0,1
2026-07-29T14:27:20.531747+00:00,3b337f569049b9e6,2026-07-29T14:25:26.054288+00:00,1011.408,4,2,api-gateway|customers-service,False,GET,/api/customer/owners,200,1,994.198,1
2026-07-29T14:27:20.531747+00:00,6e186afa7ec04494,2026-07-29T14:25:25.886756+00:00,728.814,4,2,api-gateway|vets-service,False,GET,/api/vet/vets,200,1,718.011,1
2026-07-29T14:27:20.531747+00:00,b61fdb836e1fed0d,2026-07-29T14:25:25.705674+00:00,855.497,4,2,api-gateway|vets-service,False,GET,/api/vet/vets,200,1,853.761,1
2026-07-29T14:27:20.531747+00:00,6e710d63128ee904,2026-07-29T14:25:25.540192+00:00,59.81,3,2,visits-service|api-gateway,False,GET,/api/visit/owners/1/pets/1/visits,200,0,0.0,1
2026-07-29T14:27:20.531747+00:00,e7b7c906e34b4018,2026-07-29T14:25:25.388540+00:00,467.21,4,2,api-gateway|customers-service,False,GET,/api/customer/owners/1,200,1,465.474,1
2026-07-29T14:27:20.531747+00:00,5ca51b16404a8697,2026-07-29T14:25:25.255681+00:00,605.645,4,2,api-gateway|vets-service,False,GET,/api/vet/vets,200,1,604.589,1
2026-07-29T14:27:20.531747+00:00,71640149b4a1989a,2026-07-29T14:25:25.053990+00:00,1074.843,4,2,api-gateway|customers-service,False,GET,/api/customer/owners,200,1,1071.312,1
2026-07-29T14:27:20.531747+00:00,3176343376553253,2026-07-29T14:25:24.919778+00:00,913.943,4,2,api-gateway|vets-service,False,GET,/api/vet/vets,200,1,912.476,1
2026-07-29T14:27:20.531747+00:00,a1231efbf30c5770,2026-07-29T14:25:24.723396+00:00,1125.083,4,2,api-gateway|customers-service,False,GET,/api/customer/owners,200,1,1123.135,1
2026-07-29T14:27:20.531747+00:00,cd652b4d992a8be9,2026-07-29T14:25:24.554064+00:00,1060.743,4,2,api-gateway|vets-service,False,GET,/api/vet/vets,200,1,1046.192,1
2026-07-29T14:27:20.531747+00:00,b30b31e00348f2d0,2026-07-29T14:25:24.373337+00:00,979.389,4,2,api-gateway|vets-service,False,GET,/api/vet/vets,200,1,977.948,1
2026-07-29T14:27:20.531747+00:00,9135db9e77e3cea8,2026-07-29T14:25:24.248499+00:00,509.207,4,2,api-gateway|customers-service,False,GET,/api/customer/owners/1,200,1,509.207,1
2026-07-29T14:27:20.531747+00:00,357a4ffd837d5ee1,2026-07-29T14:25:24.053586+00:00,1100.648,4,2,api-gateway|customers-service,False,GET,/api/customer/owners,200,1,1086.579,1
2026-07-29T14:27:20.531747+00:00,8473363fbe25c7b5,2026-07-29T14:25:23.887080+00:00,1260.118,4,2,api-gateway|customers-service,False,GET,/api/customer/owners,200,1,1245.108,1
2026-07-29T14:27:20.531747+00:00,ff87d37ca01f67b4,2026-07-29T14:25:23.705767+00:00,104.681,3,2,visits-service|api-gateway,False,GET,/api/visit/owners/1/pets/1/visits,200,0,0.0,1
2026-07-29T14:27:20.531747+00:00,983028aabe83870a,2026-07-29T14:25:23.553256+00:00,760.674,4,2,api-gateway|vets-service,False,GET,/api/vet/vets,200,1,745.524,1
2026-07-29T14:27:20.531747+00:00,2f4e291619db66bf,2026-07-29T14:25:23.371641+00:00,206.688,3,2,visits-service|api-gateway,False,GET,/api/visit/owners/1/pets/1/visits,200,0,0.0,1
2026-07-29T14:27:20.531747+00:00,4cfb19304e4f7402,2026-07-29T14:25:23.220836+00:00,1104.862,4,2,api-gateway|customers-service,False,GET,/api/customer/owners,200,1,1100.024,1
2026-07-29T14:27:20.531747+00:00,9c78a89f248814ee,2026-07-29T14:25:23.055337+00:00,1472.669,4,2,api-gateway|customers-service,False,GET,/api/customer/owners,200,1,1472.669,1
2026-07-29T14:27:20.531747+00:00,26b9408cf37fc32e,2026-07-29T14:25:22.872968+00:00,703.098,4,2,api-gateway|vets-service,False,GET,/api/vet/vets,200,1,701.592,1
2026-07-29T14:27:20.531747+00:00,045990a33494e046,2026-07-29T14:25:22.721443+00:00,881.807,4,2,api-gateway|customers-service,False,GET,/api/customer/owners,200,1,866.311,1
2026-07-29T14:27:20.531747+00:00,e3d7173a7e5f7ce0,2026-07-29T14:25:22.553961+00:00,611.512,4,2,api-gateway|vets-service,False,GET,/api/vet/vets,200,1,597.617,1
2026-07-29T14:27:20.531747+00:00,4e04b2c485469ce0,2026-07-29T14:25:22.373079+00:00,145.968,4,2,api-gateway|vets-service,False,GET,/api/vet/vets,200,1,144.568,1
2026-07-29T14:27:20.531747+00:00,4e82eabf2e6bfdad,2026-07-29T14:25:22.205121+00:00,18.169,3,2,visits-service|api-gateway,False,GET,/api/visit/owners/1/pets/1/visits,200,0,0.0,1
2026-07-29T14:27:20.531747+00:00,b8cc4cb19e345a69,2026-07-29T14:25:22.053734+00:00,132.744,4,2,api-gateway|vets-service,False,GET,/api/vet/vets,200,1,119.127,1
2026-07-29T14:27:20.531747+00:00,4d228f022b60ec72,2026-07-29T14:25:21.887271+00:00,219.308,4,2,api-gateway|customers-service,False,GET,/api/customer/owners,200,1,205.538,1
2026-07-29T14:27:20.531747+00:00,b4d0c5d2554b9c7d,2026-07-29T14:25:21.705514+00:00,20.072,3,2,visits-service|api-gateway,False,GET,/api/visit/owners/1/pets/1/visits,200,0,0.0,1
2026-07-29T14:27:20.531747+00:00,36ba8e6d50cd4fef,2026-07-29T14:25:21.537851+00:00,18.213,3,2,visits-service|api-gateway,False,GET,/api/visit/owners/1/pets/1/visits,200,0,0.0,1
2026-07-29T14:27:20.531747+00:00,5ca59187b7e0741e,2026-07-29T14:25:21.389078+00:00,184.801,4,2,api-gateway|customers-service,False,GET,/api/customer/owners,200,1,183.294,1
2026-07-29T14:27:20.531747+00:00,a1fc968f72cd1239,2026-07-29T14:25:21.207426+00:00,126.771,4,2,api-gateway|vets-service,False,GET,/api/vet/vets,200,1,125.107,1
2026-07-29T14:27:20.531747+00:00,4b8758b602c3c129,2026-07-29T14:25:21.054313+00:00,32.415,3,2,visits-service|api-gateway,False,GET,/api/visit/owners/1/pets/1/visits,200,0,0.0,1
2026-07-29T14:27:20.531747+00:00,31bb51a4ca7e9468,2026-07-29T14:25:20.886627+00:00,135.95,4,2,api-gateway|vets-service,False,GET,/api/vet/vets,200,1,123.17,1
2026-07-29T14:27:20.531747+00:00,0631ff9a20446911,2026-07-29T14:27:20.169925+00:00,182.328,2,1,customers-service,False,,,200,1,180.424,0
2026-07-29T14:28:20.524469+00:00,20ddb9b889689040,2026-07-29T14:28:19.789595+00:00,40.023,3,2,visits-service|api-gateway,False,GET,/api/visit/owners/1/pets/1/visits,200,0,0.0,1
2026-07-29T14:28:20.524469+00:00,17bba1d11b238258,2026-07-29T14:28:19.622442+00:00,196.5,3,2,visits-service|api-gateway,False,GET,/api/visit/owners/1/pets/1/visits,200,0,0.0,1
2026-07-29T14:28:20.524469+00:00,02209f3ed265f20f,2026-07-29T14:28:19.122976+00:00,947.898,2,1,api-gateway,False,GET,/api/vet/vets,200,0,0.0,1
2026-07-29T14:28:20.524469+00:00,3a790ae70ea0ed03,2026-07-29T14:28:18.955864+00:00,851.905,4,2,api-gateway|vets-service,False,GET,/api/vet/vets,200,1,835.829,1
2026-07-29T14:28:20.524469+00:00,0de73c582d6ba88a,2026-07-29T14:28:18.789780+00:00,79.152,3,2,visits-service|api-gateway,False,GET,/api/visit/owners/1/pets/1/visits,200,0,0.0,1
2026-07-29T14:28:20.524469+00:00,e42fb41e58791581,2026-07-29T14:28:18.622804+00:00,735.891,4,2,api-gateway|vets-service,False,GET,/api/vet/vets,200,1,721.874,1
2026-07-29T14:28:20.524469+00:00,e672d1282fa3e5d6,2026-07-29T14:28:18.459479+00:00,1344.909,4,2,api-gateway|customers-service,False,GET,/api/customer/owners,200,1,1342.503,1
2026-07-29T14:28:20.524469+00:00,6e7ab818a23abf09,2026-07-29T14:28:18.289431+00:00,344.86,4,2,api-gateway|customers-service,False,GET,/api/customer/owners/1,200,1,337.958,1
2026-07-29T14:28:20.524469+00:00,b1e4b865f43e2483,2026-07-29T14:28:18.109742+00:00,103.35,3,2,visits-service|api-gateway,False,GET,/api/visit/owners/1/pets/1/visits,200,0,0.0,1
2026-07-29T14:28:20.524469+00:00,275b8ca0c9827eb6,2026-07-29T14:28:17.958430+00:00,918.713,4,2,api-gateway|customers-service,False,GET,/api/customer/owners,200,1,918.713,1
2026-07-29T14:28:20.524469+00:00,67d5b6a84d78b10f,2026-07-29T14:28:17.791008+00:00,1086.234,4,2,api-gateway|customers-service,False,GET,/api/customer/owners,200,1,1086.234,1
2026-07-29T14:28:20.524469+00:00,0ab5d4b2eab8167e,2026-07-29T14:28:17.622278+00:00,1003.532,4,2,api-gateway|customers-service,False,GET,/api/customer/owners,200,1,996.747,1
2026-07-29T14:28:20.524469+00:00,392ef2fa7d04cf0c,2026-07-29T14:28:17.455605+00:00,300.841,4,2,api-gateway|customers-service,False,GET,/api/customer/owners/1,200,1,296.046,1
2026-07-29T14:28:20.524469+00:00,73bd3d66da626efc,2026-07-29T14:28:17.288911+00:00,230.852,3,2,visits-service|api-gateway,False,GET,/api/visit/owners/1/pets/1/visits,200,0,0.0,1
2026-07-29T14:28:20.524469+00:00,e80b75d761f673e9,2026-07-29T14:28:17.125611+00:00,1090.397,4,2,api-gateway|customers-service,False,GET,/api/customer/owners,200,1,1088.639,1
2026-07-29T14:28:20.524469+00:00,844eb7d075de2a47,2026-07-29T14:28:16.945354+00:00,569.219,4,2,api-gateway|vets-service,False,GET,/api/vet/vets,200,1,567.827,1
2026-07-29T14:28:20.524469+00:00,6eac78b9f83e0edb,2026-07-29T14:28:16.789258+00:00,719.842,4,2,api-gateway|vets-service,False,GET,/api/vet/vets,200,1,708.196,1
2026-07-29T14:28:20.524469+00:00,cf87fee1341a402f,2026-07-29T14:28:16.625309+00:00,438.962,4,2,api-gateway|customers-service,False,GET,/api/customer/owners/1,200,1,436.244,1
2026-07-29T14:28:20.524469+00:00,b8f023e13a4735b3,2026-07-29T14:28:16.443671+00:00,803.815,4,2,api-gateway|vets-service,False,GET,/api/vet/vets,200,1,802.227,1
2026-07-29T14:28:20.524469+00:00,18ecf036c9873d27,2026-07-29T14:28:16.277576+00:00,520.186,4,2,api-gateway|vets-service,False,GET,/api/vet/vets,200,1,519.116,1
2026-07-29T14:28:20.524469+00:00,e16f7cb90d8faf83,2026-07-29T14:28:16.122435+00:00,284.708,4,2,api-gateway|customers-service,False,GET,/api/customer/owners/1,200,1,281.362,1
2026-07-29T14:28:20.524469+00:00,5d7fb43bbc66f424,2026-07-29T14:28:15.955050+00:00,31.975,3,2,visits-service|api-gateway,False,GET,/api/visit/owners/1/pets/1/visits,200,0,0.0,1
2026-07-29T14:28:20.524469+00:00,15b3576d12c61358,2026-07-29T14:28:15.777841+00:00,122.203,4,2,api-gateway|vets-service,False,GET,/api/vet/vets,200,1,120.866,1
2026-07-29T14:28:20.524469+00:00,5f2835adb402a218,2026-07-29T14:28:15.622683+00:00,30.522,3,2,visits-service|api-gateway,False,GET,/api/visit/owners/1/pets/1/visits,200,0,0.0,1
2026-07-29T14:28:20.524469+00:00,30ccbcaae363ae17,2026-07-29T14:28:15.455400+00:00,134.293,4,2,api-gateway|vets-service,False,GET,/api/vet/vets,200,1,120.614,1
2026-07-29T14:28:20.524469+00:00,dd4afc228c073f16,2026-07-29T14:28:15.289433+00:00,146.99,4,2,api-gateway|vets-service,False,GET,/api/vet/vets,200,1,132.777,1
2026-07-29T14:28:20.524469+00:00,d72722f152ba3c2d,2026-07-29T14:28:15.122785+00:00,209.735,4,2,api-gateway|customers-service,False,GET,/api/customer/owners,200,1,203.507,1
2026-07-29T14:28:20.524469+00:00,0aec99ccd6ed2b31,2026-07-29T14:28:14.957905+00:00,71.325,4,2,api-gateway|customers-service,False,GET,/api/customer/owners/1,200,1,69.756,1
2026-07-29T14:28:20.524469+00:00,144f24fa47fb7f89,2026-07-29T14:28:14.775349+00:00,135.777,4,2,api-gateway|vets-service,False,GET,/api/vet/vets,200,1,134.407,1
2026-07-29T14:28:20.524469+00:00,cdba6218646dbccb,2026-07-29T14:28:14.622479+00:00,67.238,4,2,api-gateway|customers-service,False,GET,/api/customer/owners/1,200,1,62.149,1
2026-07-29T14:28:20.524469+00:00,e20d816436be1b46,2026-07-29T14:28:14.456556+00:00,30.771,3,2,visits-service|api-gateway,False,GET,/api/visit/owners/1/pets/1/visits,200,0,0.0,1
2026-07-29T14:28:20.524469+00:00,52a1dc8cf6669a9b,2026-07-29T14:28:14.289419+00:00,69.473,4,2,api-gateway|customers-service,False,GET,/api/customer/owners/1,200,1,62.457,1
2026-07-29T14:28:20.524469+00:00,9544e53df23c61cd,2026-07-29T14:28:14.126563+00:00,75.275,4,2,api-gateway|customers-service,False,GET,/api/customer/owners/1,200,1,72.959,1
2026-07-29T14:28:20.524469+00:00,c078bf0012094fc2,2026-07-29T14:28:13.959215+00:00,194.08,4,2,api-gateway|customers-service,False,GET,/api/customer/owners,200,1,191.697,1
2026-07-29T14:28:20.524469+00:00,c0e974da02e1eb42,2026-07-29T14:28:13.793040+00:00,187.785,4,2,api-gateway|customers-service,False,GET,/api/customer/owners,200,1,184.949,1
2026-07-29T14:28:20.524469+00:00,713cfc11f70f8e35,2026-07-29T14:28:13.622216+00:00,31.427,3,2,visits-service|api-gateway,False,GET,/api/visit/owners/1/pets/1/visits,200,0,0.0,1
2026-07-29T14:28:20.524469+00:00,d80a0f9663f81692,2026-07-29T14:28:13.444643+00:00,119.387,4,2,api-gateway|vets-service,False,GET,/api/vet/vets,200,1,118.124,1
2026-07-29T14:28:20.524469+00:00,400e19c8bef7e794,2026-07-29T14:28:13.289522+00:00,134.665,4,2,api-gateway|vets-service,False,GET,/api/vet/vets,200,1,121.428,1
2026-07-29T14:28:20.524469+00:00,4e2c1c2c0486e8d0,2026-07-29T14:28:13.124047+00:00,61.293,4,2,api-gateway|customers-service,False,GET,/api/customer/owners/1,200,1,59.704,1
2026-07-29T14:28:20.524469+00:00,4b44bae48a7c99c4,2026-07-29T14:28:12.957326+00:00,178.587,4,2,api-gateway|customers-service,False,GET,/api/customer/owners,200,1,178.587,1
2026-07-29T14:28:20.524469+00:00,f8c7b508b402e4ce,2026-07-29T14:28:12.789557+00:00,25.048,3,2,visits-service|api-gateway,False,GET,/api/visit/owners/1/pets/1/visits,200,0,0.0,1
2026-07-29T14:28:20.524469+00:00,c29d31188a6fe17a,2026-07-29T14:28:12.622670+00:00,130.601,4,2,api-gateway|vets-service,False,GET,/api/vet/vets,200,1,117.645,1
2026-07-29T14:28:20.524469+00:00,2afbb9553c8e21f9,2026-07-29T14:28:12.455485+00:00,18.569,3,2,visits-service|api-gateway,False,GET,/api/visit/owners/1/pets/1/visits,200,0,0.0,1
2026-07-29T14:28:20.524469+00:00,6bf85e2013bfdc13,2026-07-29T14:28:12.289457+00:00,169.256,3,2,visits-service|api-gateway,False,GET,/api/visit/owners/1/pets/1/visits,200,0,0.0,1
2026-07-29T14:28:20.524469+00:00,efa7d2245c99a101,2026-07-29T14:28:12.110343+00:00,96.759,3,2,visits-service|api-gateway,False,GET,/api/visit/owners/1/pets/1/visits,200,0,0.0,1
2026-07-29T14:28:20.524469+00:00,e3ff023418e61d36,2026-07-29T14:28:11.956227+00:00,36.523,3,2,visits-service|api-gateway,False,GET,/api/visit/owners/1/pets/1/visits,200,0,0.0,1
2026-07-29T14:28:20.524469+00:00,52aead51f5f5345e,2026-07-29T14:28:11.792730+00:00,444.335,4,2,api-gateway|customers-service,False,GET,/api/customer/owners/1,200,1,442.176,1
2026-07-29T14:28:20.524469+00:00,88023dadb5b00762,2026-07-29T14:28:11.622315+00:00,140.987,3,2,visits-service|api-gateway,False,GET,/api/visit/owners/1/pets/1/visits,200,0,0.0,1
2026-07-29T14:28:20.524469+00:00,858c71d58edc8bed,2026-07-29T14:28:11.443109+00:00,548.225,4,2,api-gateway|vets-service,False,GET,/api/vet/vets,200,1,546.99,1
2026-07-29T14:28:20.524469+00:00,8b545af02e00f681,2026-07-29T14:28:11.276241+00:00,920.593,4,2,api-gateway|vets-service,False,GET,/api/vet/vets,200,1,919.116,1
2026-07-29T14:28:20.524469+00:00,a57b34147802be20,2026-07-29T14:28:11.122020+00:00,402.038,4,2,api-gateway|customers-service,False,GET,/api/customer/owners/1,200,1,396.948,1
2026-07-29T14:28:20.524469+00:00,fd610f2d531de63e,2026-07-29T14:28:10.942380+00:00,1254.503,4,2,api-gateway|vets-service,False,GET,/api/vet/vets,200,1,1252.974,1
2026-07-29T14:28:20.524469+00:00,1aa20cabfafc5178,2026-07-29T14:28:10.790258+00:00,483.599,4,2,api-gateway|customers-service,False,GET,/api/customer/owners/1,200,1,482.337,1
2026-07-29T14:28:20.524469+00:00,fb0cbe92c261747b,2026-07-29T14:28:10.622992+00:00,1125.669,4,2,api-gateway|vets-service,False,GET,/api/vet/vets,200,1,1111.084,1
2026-07-29T14:28:20.524469+00:00,896178d89bb58a4c,2026-07-29T14:28:10.459776+00:00,357.262,4,2,api-gateway|customers-service,False,GET,/api/customer/owners/1,200,1,355.568,1
2026-07-29T14:28:20.524469+00:00,2ce8c952d505e235,2026-07-29T14:28:10.292961+00:00,513.068,4,2,api-gateway|customers-service,False,GET,/api/customer/owners/1,200,1,511.016,1
2026-07-29T14:28:20.524469+00:00,b0999e197b66a029,2026-07-29T14:28:10.122930+00:00,204.419,3,2,visits-service|api-gateway,False,GET,/api/visit/owners/1/pets/1/visits,200,0,0.0,1
2026-07-29T14:28:20.524469+00:00,4e1a4f21cde75ae2,2026-07-29T14:28:09.944001+00:00,1292.041,4,2,api-gateway|vets-service,False,GET,/api/vet/vets,200,1,1290.407,1
2026-07-29T14:28:20.524469+00:00,bd0058339212348f,2026-07-29T14:28:09.776032+00:00,198.545,3,2,visits-service|api-gateway,False,GET,/api/visit/owners/1/pets/1/visits,200,0,0.0,1
2026-07-29T14:28:20.524469+00:00,6396b3f4507fdc54,2026-07-29T14:28:09.624552+00:00,384.346,4,2,api-gateway|customers-service,False,GET,/api/customer/owners/1,200,1,384.346,1
2026-07-29T14:28:20.524469+00:00,e00d50d59021601b,2026-07-29T14:28:09.458305+00:00,301.349,4,2,api-gateway|customers-service,False,GET,/api/customer/owners/1,200,1,301.349,1
2026-07-29T14:28:20.524469+00:00,874d0af42adabbd2,2026-07-29T14:28:09.288900+00:00,1253.978,4,2,api-gateway|customers-service,False,GET,/api/customer/owners,200,1,1249.356,1
2026-07-29T14:28:20.524469+00:00,e84a4e53212bed8a,2026-07-29T14:28:09.110510+00:00,144.175,3,2,visits-service|api-gateway,False,GET,/api/visit/owners/1/pets/1/visits,200,0,0.0,1
2026-07-29T14:28:20.524469+00:00,7a8b6412f6976f8a,2026-07-29T14:28:08.957048+00:00,1137.046,4,2,api-gateway|customers-service,False,GET,/api/customer/owners,200,1,1135.227,1
2026-07-29T14:28:20.524469+00:00,08a23b7349c09649,2026-07-29T14:28:08.792048+00:00,1193.546,4,2,api-gateway|customers-service,False,GET,/api/customer/owners,200,1,1191.144,1
2026-07-29T14:28:20.524469+00:00,0d168d71337f1b27,2026-07-29T14:28:08.626272+00:00,1146.673,4,2,api-gateway|customers-service,False,GET,/api/customer/owners,200,1,1144.932,1
2026-07-29T14:28:20.524469+00:00,659a9323e27a4143,2026-07-29T14:28:08.443083+00:00,1073.163,4,2,api-gateway|vets-service,False,GET,/api/vet/vets,200,1,1071.719,1
2026-07-29T14:28:20.524469+00:00,4f1a2990a77fa906,2026-07-29T14:28:08.289866+00:00,84.545,3,2,visits-service|api-gateway,False,GET,/api/visit/owners/1/pets/1/visits,200,0,0.0,1
2026-07-29T14:28:20.524469+00:00,46a0a30cee50587e,2026-07-29T14:28:08.109677+00:00,650.902,4,2,api-gateway|vets-service,False,GET,/api/vet/vets,200,1,649.401,1
2026-07-29T14:28:20.524469+00:00,d08588804d7c4565,2026-07-29T14:28:07.955434+00:00,615.406,4,2,api-gateway|vets-service,False,GET,/api/vet/vets,200,1,602.874,1
2026-07-29T14:28:20.524469+00:00,94cc3808165068a2,2026-07-29T14:28:07.789204+00:00,185.408,3,2,visits-service|api-gateway,False,GET,/api/visit/owners/1/pets/1/visits,200,0,0.0,1
2026-07-29T14:28:20.524469+00:00,8c060e35bdda10a1,2026-07-29T14:28:07.609411+00:00,375.451,4,2,api-gateway|vets-service,False,GET,/api/vet/vets,200,1,374.069,1
2026-07-29T14:28:20.524469+00:00,db2726269c546052,2026-07-29T14:28:07.443765+00:00,149.563,4,2,api-gateway|vets-service,False,GET,/api/vet/vets,200,1,148.032,1
2026-07-29T14:28:20.524469+00:00,7aa2dc933c8a318b,2026-07-29T14:28:07.277126+00:00,140.716,4,2,api-gateway|vets-service,False,GET,/api/vet/vets,200,1,139.238,1
2026-07-29T14:28:20.524469+00:00,e581d479e2549a8b,2026-07-29T14:28:07.122729+00:00,178.584,4,2,api-gateway|vets-service,False,GET,/api/vet/vets,200,1,163.422,1
2026-07-29T14:28:20.524469+00:00,b642deb885ec27d3,2026-07-29T14:28:06.959616+00:00,68.053,4,2,api-gateway|customers-service,False,GET,/api/customer/owners/1,200,1,66.054,1
2026-07-29T14:28:20.524469+00:00,bf6f3a9fb371067b,2026-07-29T14:28:06.789031+00:00,38.561,3,2,visits-service|api-gateway,False,GET,/api/visit/owners/1/pets/1/visits,200,0,0.0,1
2026-07-29T14:28:20.524469+00:00,cfa0874a47c7ea82,2026-07-29T14:28:06.622988+00:00,36.697,3,2,visits-service|api-gateway,False,GET,/api/visit/owners/1/pets/1/visits,200,0,0.0,1
2026-07-29T14:28:20.524469+00:00,28f17afe58a8c263,2026-07-29T14:28:06.456403+00:00,75.394,4,2,api-gateway|customers-service,False,GET,/api/customer/owners/1,200,1,70.354,1
2026-07-29T14:28:20.524469+00:00,19a6a63ebf45771a,2026-07-29T14:28:06.289429+00:00,29.86,3,2,visits-service|api-gateway,False,GET,/api/visit/owners/1/pets/1/visits,200,0,0.0,1
2026-07-29T14:28:20.524469+00:00,0d180f0110c35cf9,2026-07-29T14:28:06.124959+00:00,72.411,4,2,api-gateway|customers-service,False,GET,/api/customer/owners/1,200,1,70.203,1
2026-07-29T14:28:20.524469+00:00,21862f1201c89f8d,2026-07-29T14:28:05.942900+00:00,122.2,4,2,api-gateway|vets-service,False,GET,/api/vet/vets,200,1,120.79,1
2026-07-29T14:28:20.524469+00:00,9d5a1b53a9f21dbd,2026-07-29T14:28:05.791213+00:00,192.604,4,2,api-gateway|customers-service,False,GET,/api/customer/owners,200,1,191.117,1
2026-07-29T14:28:20.524469+00:00,8ed11e79864eeedd,2026-07-29T14:28:05.622017+00:00,36.499,3,2,visits-service|api-gateway,False,GET,/api/visit/owners/1/pets/1/visits,200,0,0.0,1
2026-07-29T14:28:20.524469+00:00,5b9adf4363c1f996,2026-07-29T14:28:05.456062+00:00,182.832,4,2,api-gateway|customers-service,False,GET,/api/customer/owners,200,1,176.225,1
2026-07-29T14:28:20.524469+00:00,f4332550ff19c0e6,2026-07-29T14:28:05.278239+00:00,116.71,4,2,api-gateway|vets-service,False,GET,/api/vet/vets,200,1,115.348,1
2026-07-29T14:28:20.524469+00:00,4d78eb845be45e94,2026-07-29T14:28:05.126000+00:00,84.786,4,2,api-gateway|customers-service,False,GET,/api/customer/owners/1,200,1,82.93,1
2026-07-29T14:28:20.524469+00:00,a0c55848edda48ac,2026-07-29T14:28:04.943416+00:00,18.97,3,2,visits-service|api-gateway,False,GET,/api/visit/owners/1/pets/1/visits,200,0,0.0,1
2026-07-29T14:28:20.524469+00:00,de1e420c060540c8,2026-07-29T14:28:04.790277+00:00,73.093,4,2,api-gateway|customers-service,False,GET,/api/customer/owners/1,200,1,71.25,1
2026-07-29T14:28:20.524469+00:00,79da987978c0623b,2026-07-29T14:28:04.610338+00:00,145.45,4,2,api-gateway|vets-service,False,GET,/api/vet/vets,200,1,144.137,1
2026-07-29T14:28:20.524469+00:00,1412a2268f4433aa,2026-07-29T14:28:04.457404+00:00,289.791,4,2,api-gateway|customers-service,False,GET,/api/customer/owners/1,200,1,287.958,1
2026-07-29T14:28:20.524469+00:00,8f69d02a2b133d59,2026-07-29T14:28:04.289238+00:00,196.646,4,2,api-gateway|customers-service,False,GET,/api/customer/owners,200,1,190.934,1
2026-07-29T14:28:20.524469+00:00,12ee3743d13df451,2026-07-29T14:28:04.126026+00:00,98.145,4,2,api-gateway|customers-service,False,GET,/api/customer/owners/1,200,1,95.906,1
2026-07-29T14:28:20.524469+00:00,49f01671dfcb6466,2026-07-29T14:28:03.956512+00:00,462.172,4,2,api-gateway|customers-service,False,GET,/api/customer/owners,200,1,456.075,1
2026-07-29T14:28:20.524469+00:00,10bd04d389387feb,2026-07-29T14:28:03.789750+00:00,41.852,3,2,visits-service|api-gateway,False,GET,/api/visit/owners/1/pets/1/visits,200,0,0.0,1
2026-07-29T14:28:20.524469+00:00,2efad3c6fe317a06,2026-07-29T14:28:03.622900+00:00,225.567,4,2,api-gateway|vets-service,False,GET,/api/vet/vets,200,1,211.009,1
2026-07-29T14:28:20.524469+00:00,acd0490f21280da9,2026-07-29T14:28:03.455928+00:00,77.75,4,2,api-gateway|customers-service,False,GET,/api/customer/owners/1,200,1,71.226,1
2026-07-29T14:28:20.524469+00:00,e0fee2a1a5eca765,2026-07-29T14:28:03.289543+00:00,34.088,3,2,visits-service|api-gateway,False,GET,/api/visit/owners/1/pets/1/visits,200,0,0.0,1
2026-07-29T14:28:20.524469+00:00,15cb410247777282,2026-07-29T14:28:03.125748+00:00,80.019,4,2,api-gateway|customers-service,False,GET,/api/customer/owners/1,200,1,77.779,1
2026-07-29T14:28:20.524469+00:00,30ee018531e6f965,2026-07-29T14:28:02.957558+00:00,35.014,3,2,visits-service|api-gateway,False,GET,/api/visit/owners/1/pets/1/visits,200,0,0.0,1
2026-07-29T14:28:20.524469+00:00,caec29332598001b,2026-07-29T14:28:02.793009+00:00,76.882,4,2,api-gateway|customers-service,False,GET,/api/customer/owners/1,200,1,74.601,1
2026-07-29T14:28:20.524469+00:00,582ce8f2344de0de,2026-07-29T14:28:02.622730+00:00,143.759,4,2,api-gateway|vets-service,False,GET,/api/vet/vets,200,1,129.525,1
2026-07-29T14:28:20.524469+00:00,1a76db9b77a82099,2026-07-29T14:28:02.455593+00:00,77.507,4,2,api-gateway|customers-service,False,GET,/api/customer/owners/1,200,1,71.318,1
2026-07-29T14:28:20.524469+00:00,0e3d6dd14b4da0d1,2026-07-29T14:28:02.289124+00:00,88.714,4,2,api-gateway|customers-service,False,GET,/api/customer/owners/1,200,1,82.617,1
2026-07-29T14:28:20.524469+00:00,6f47f728d425c079,2026-07-29T14:28:02.109211+00:00,134.992,4,2,api-gateway|vets-service,False,GET,/api/vet/vets,200,1,133.642,1
2026-07-29T14:28:20.524469+00:00,4e5b2f2a5d1f16ac,2026-07-29T14:28:01.958430+00:00,196.088,4,2,api-gateway|customers-service,False,GET,/api/customer/owners,200,1,194.37,1
2026-07-29T14:28:20.524469+00:00,2407d8d7a0cf31b4,2026-07-29T14:28:01.791327+00:00,70.263,4,2,api-gateway|customers-service,False,GET,/api/customer/owners/1,200,1,68.834,1
2026-07-29T14:28:20.524469+00:00,8b0e3b0f90a94271,2026-07-29T14:28:01.622236+00:00,28.929,3,2,visits-service|api-gateway,False,GET,/api/visit/owners/1/pets/1/visits,200,0,0.0,1
2026-07-29T14:28:20.524469+00:00,0210d9eaf2197d62,2026-07-29T14:28:01.455814+00:00,35.921,3,2,visits-service|api-gateway,False,GET,/api/visit/owners/1/pets/1/visits,200,0,0.0,1
2026-07-29T14:28:20.524469+00:00,2b1222fe4c46af49,2026-07-29T14:28:01.276346+00:00,134.078,4,2,api-gateway|vets-service,False,GET,/api/vet/vets,200,1,132.692,1
2026-07-29T14:28:20.524469+00:00,72bdae747aa95bf6,2026-07-29T14:28:01.122674+00:00,187.525,4,2,api-gateway|customers-service,False,GET,/api/customer/owners,200,1,183.399,1
2026-07-29T14:28:20.524469+00:00,528a965ece77df8d,2026-07-29T14:28:00.957163+00:00,167.846,4,2,api-gateway|customers-service,False,GET,/api/customer/owners,200,1,166.359,1
2026-07-29T14:28:20.524469+00:00,76f89c42d47b7570,2026-07-29T14:28:00.791293+00:00,74.968,4,2,api-gateway|customers-service,False,GET,/api/customer/owners/1,200,1,73.14,1
2026-07-29T14:28:20.524469+00:00,bdd04cd3621f2edd,2026-07-29T14:28:00.622526+00:00,135.943,4,2,api-gateway|vets-service,False,GET,/api/vet/vets,200,1,122.974,1
2026-07-29T14:28:20.524469+00:00,c3b4615ab66206cf,2026-07-29T14:28:00.455597+00:00,200.509,4,2,api-gateway|customers-service,False,GET,/api/customer/owners,200,1,195.185,1
2026-07-29T14:28:20.524469+00:00,a8e82d28c1fd53ce,2026-07-29T14:28:00.289538+00:00,34.135,3,2,visits-service|api-gateway,False,GET,/api/visit/owners/1/pets/1/visits,200,0,0.0,1
2026-07-29T14:28:20.524469+00:00,b070073398be67d1,2026-07-29T14:28:00.124640+00:00,74.941,4,2,api-gateway|customers-service,False,GET,/api/customer/owners/1,200,1,72.734,1
2026-07-29T14:28:20.524469+00:00,877a3fdee44637d6,2026-07-29T14:27:59.943566+00:00,113.675,4,2,api-gateway|vets-service,False,GET,/api/vet/vets,200,1,112.581,1
2026-07-29T14:28:20.524469+00:00,9644a7b0d6602691,2026-07-29T14:27:59.776086+00:00,140.302,4,2,api-gateway|vets-service,False,GET,/api/vet/vets,200,1,138.928,1
2026-07-29T14:28:20.524469+00:00,b0d5214ee798d8b6,2026-07-29T14:27:59.622327+00:00,73.81,4,2,api-gateway|customers-service,False,GET,/api/customer/owners/1,200,1,67.321,1
2026-07-29T14:28:20.524469+00:00,4bc40ebbf1fcc314,2026-07-29T14:27:59.456159+00:00,31.499,3,2,visits-service|api-gateway,False,GET,/api/visit/owners/1/pets/1/visits,200,0,0.0,1
2026-07-29T14:28:20.524469+00:00,acfcfd5c12cc9727,2026-07-29T14:27:59.278041+00:00,126.138,4,2,api-gateway|vets-service,False,GET,/api/vet/vets,200,1,124.574,1
2026-07-29T14:28:20.524469+00:00,3c04755c68152c80,2026-07-29T14:27:59.109219+00:00,18.285,3,2,visits-service|api-gateway,False,GET,/api/visit/owners/1/pets/1/visits,200,0,0.0,1
2026-07-29T14:28:20.524469+00:00,ecda14b665654918,2026-07-29T14:27:58.960128+00:00,177.415,4,2,api-gateway|customers-service,False,GET,/api/customer/owners,200,1,175.372,1
2026-07-29T14:28:20.524469+00:00,73a9c9b4d1491ec2,2026-07-29T14:27:58.776324+00:00,138.55,4,2,api-gateway|vets-service,False,GET,/api/vet/vets,200,1,137.14,1
2026-07-29T14:28:20.524469+00:00,7d2e96d9dfa66ea2,2026-07-29T14:27:58.622713+00:00,84.177,4,2,api-gateway|customers-service,False,GET,/api/customer/owners/1,200,1,77.931,1
2026-07-29T14:28:20.524469+00:00,4858fc71a4aa5924,2026-07-29T14:27:58.455636+00:00,73.93,4,2,api-gateway|customers-service,False,GET,/api/customer/owners/1,200,1,68.943,1
2026-07-29T14:28:20.524469+00:00,87851f82e02bc44a,2026-07-29T14:27:58.288915+00:00,155.815,4,2,api-gateway|vets-service,False,GET,/api/vet/vets,200,1,140.994,1
2026-07-29T14:28:20.524469+00:00,8845f0e209973025,2026-07-29T14:27:58.124279+00:00,86.614,4,2,api-gateway|customers-service,False,GET,/api/customer/owners/1,200,1,85.05,1
2026-07-29T14:28:20.524469+00:00,6059f4c1555ce93c,2026-07-29T14:27:57.940840+00:00,18.306,3,2,visits-service|api-gateway,False,GET,/api/visit/owners/1/pets/1/visits,200,0,0.0,1
2026-07-29T14:28:20.524469+00:00,c89e2a55569066b6,2026-07-29T14:27:57.791464+00:00,174.68,4,2,api-gateway|customers-service,False,GET,/api/customer/owners,200,1,172.498,1
2026-07-29T14:28:20.524469+00:00,be3286fea1af2374,2026-07-29T14:27:57.613614+00:00,134.62,4,2,api-gateway|vets-service,False,GET,/api/vet/vets,200,1,133.143,1
2026-07-29T14:28:20.524469+00:00,d1b32e11b15e7954,2026-07-29T14:27:57.456057+00:00,26.252,3,2,visits-service|api-gateway,False,GET,/api/visit/owners/1/pets/1/visits,200,0,0.0,1
2026-07-29T14:28:20.524469+00:00,8869f94f47ad2632,2026-07-29T14:27:57.289458+00:00,73.948,4,2,api-gateway|customers-service,False,GET,/api/customer/owners/1,200,1,69.917,1
2026-07-29T14:28:20.524469+00:00,bd4d235255b49463,2026-07-29T14:27:57.123104+00:00,223.397,4,2,api-gateway|customers-service,False,GET,/api/customer/owners,200,1,218.307,1
2026-07-29T14:28:20.524469+00:00,6a85a3da3086cf6e,2026-07-29T14:27:56.959652+00:00,231.766,4,2,api-gateway|customers-service,False,GET,/api/customer/owners,200,1,230.142,1
2026-07-29T14:28:20.524469+00:00,b714109b6a917dd4,2026-07-29T14:27:56.777116+00:00,130.247,4,2,api-gateway|vets-service,False,GET,/api/vet/vets,200,1,128.812,1
2026-07-29T14:28:20.524469+00:00,89116453cc4bcf5b,2026-07-29T14:27:56.622586+00:00,198.835,4,2,api-gateway|vets-service,False,GET,/api/vet/vets,200,1,184.562,1
2026-07-29T14:28:20.524469+00:00,2a076bd540d5802c,2026-07-29T14:27:56.455880+00:00,240.087,4,2,api-gateway|customers-service,False,GET,/api/customer/owners,200,1,234.242,1
2026-07-29T14:28:20.524469+00:00,f8873516b1f71492,2026-07-29T14:27:56.289214+00:00,144.037,4,2,api-gateway|vets-service,False,GET,/api/vet/vets,200,1,129.039,1
2026-07-29T14:28:20.524469+00:00,b1d59fc483cd6e24,2026-07-29T14:27:56.122820+00:00,135.333,4,2,api-gateway|vets-service,False,GET,/api/vet/vets,200,1,123.083,1
2026-07-29T14:28:20.524469+00:00,38cd70e0ed627216,2026-07-29T14:27:55.941892+00:00,125.25,4,2,api-gateway|vets-service,False,GET,/api/vet/vets,200,1,124.074,1
2026-07-29T14:28:20.524469+00:00,4d00b6028209124e,2026-07-29T14:27:55.790524+00:00,69.454,4,2,api-gateway|customers-service,False,GET,/api/customer/owners/1,200,1,68.033,1
2026-07-29T14:28:20.524469+00:00,489e70c3098008eb,2026-07-29T14:27:55.622382+00:00,70.312,4,2,api-gateway|customers-service,False,GET,/api/customer/owners/1,200,1,66.79,1
2026-07-29T14:28:20.524469+00:00,ae66da7a540c499a,2026-07-29T14:27:55.455545+00:00,187.304,4,2,api-gateway|customers-service,False,GET,/api/customer/owners,200,1,183.968,1
2026-07-29T14:28:20.524469+00:00,e74e2d941975fbf7,2026-07-29T14:27:55.288900+00:00,29.816,3,2,visits-service|api-gateway,False,GET,/api/visit/owners/1/pets/1/visits,200,0,0.0,1
2026-07-29T14:28:20.524469+00:00,7c686db1cb6b484b,2026-07-29T14:27:55.122660+00:00,196.924,4,2,api-gateway|customers-service,False,GET,/api/customer/owners,200,1,193.004,1
2026-07-29T14:28:20.524469+00:00,b4e7db46cd312bb6,2026-07-29T14:27:54.958152+00:00,157.682,4,2,api-gateway|customers-service,False,GET,/api/customer/owners,200,1,156.092,1
2026-07-29T14:28:20.524469+00:00,3e380b83f98f76c5,2026-07-29T14:27:54.776875+00:00,17.712,3,2,visits-service|api-gateway,False,GET,/api/visit/owners/1/pets/1/visits,200,0,0.0,1
2026-07-29T14:28:20.524469+00:00,e4c433052fc78d03,2026-07-29T14:27:54.623709+00:00,29.688,3,2,visits-service|api-gateway,False,GET,/api/visit/owners/1/pets/1/visits,200,0,0.0,1
2026-07-29T14:28:20.524469+00:00,cd0652bbb05fd38d,2026-07-29T14:27:54.455194+00:00,165.88,4,2,api-gateway|customers-service,False,GET,/api/customer/owners,200,1,161.194,1
2026-07-29T14:28:20.524469+00:00,c59b4369830ba8d6,2026-07-29T14:27:54.289123+00:00,175.22,4,2,api-gateway|customers-service,False,GET,/api/customer/owners,200,1,171.74,1
2026-07-29T14:28:20.524469+00:00,e6e389308e692613,2026-07-29T14:27:54.125202+00:00,77.007,4,2,api-gateway|customers-service,False,GET,/api/customer/owners/1,200,1,74.368,1
2026-07-29T14:28:20.524469+00:00,3bb0308d5e2f8028,2026-07-29T14:27:53.944144+00:00,119.179,4,2,api-gateway|vets-service,False,GET,/api/vet/vets,200,1,117.757,1
2026-07-29T14:28:20.524469+00:00,74beb31a4360eec0,2026-07-29T14:27:53.791957+00:00,190.559,4,2,api-gateway|customers-service,False,GET,/api/customer/owners,200,1,188.455,1
2026-07-29T14:28:20.524469+00:00,ec564ae3d5b56216,2026-07-29T14:27:53.621740+00:00,33.074,3,2,visits-service|api-gateway,False,GET,/api/visit/owners/1/pets/1/visits,200,0,0.0,1
2026-07-29T14:28:20.524469+00:00,fffa9c45fe25dce6,2026-07-29T14:27:53.455100+00:00,129.972,4,2,api-gateway|vets-service,False,GET,/api/vet/vets,200,1,116.567,1
2026-07-29T14:28:20.524469+00:00,f3c87d4306b981cc,2026-07-29T14:27:53.274703+00:00,112.035,4,2,api-gateway|vets-service,False,GET,/api/vet/vets,200,1,110.697,1
2026-07-29T14:28:20.524469+00:00,344869dfd3a8b5b7,2026-07-29T14:27:53.122973+00:00,183.003,4,2,api-gateway|customers-service,False,GET,/api/customer/owners,200,1,177.515,1
2026-07-29T14:28:20.524469+00:00,196abea27d4b3786,2026-07-29T14:27:52.942883+00:00,120.666,4,2,api-gateway|vets-service,False,GET,/api/vet/vets,200,1,119.07,1
2026-07-29T14:28:20.524469+00:00,f4d3267004a30c61,2026-07-29T14:27:52.791824+00:00,70.332,4,2,api-gateway|customers-service,False,GET,/api/customer/owners/1,200,1,68.714,1
2026-07-29T14:28:20.524469+00:00,efc2fc28d1d03b10,2026-07-29T14:27:52.622556+00:00,133.216,4,2,api-gateway|vets-service,False,GET,/api/vet/vets,200,1,118.926,1
2026-07-29T14:28:20.524469+00:00,4afda78677b77f69,2026-07-29T14:27:52.455677+00:00,186.43,4,2,api-gateway|customers-service,False,GET,/api/customer/owners,200,1,179.374,1
2026-07-29T14:28:20.524469+00:00,8931dffd5378fcb4,2026-07-29T14:27:52.288559+00:00,145.265,4,2,api-gateway|vets-service,False,GET,/api/vet/vets,200,1,131.28,1
2026-07-29T14:28:20.524469+00:00,78600ab84f093d5b,2026-07-29T14:27:52.108795+00:00,17.624,3,2,visits-service|api-gateway,False,GET,/api/visit/owners/1/pets/1/visits,200,0,0.0,1
2026-07-29T14:28:20.524469+00:00,b0c12896407b7762,2026-07-29T14:27:51.958533+00:00,187.25,4,2,api-gateway|customers-service,False,GET,/api/customer/owners,200,1,185.755,1
2026-07-29T14:28:20.524469+00:00,b9b5ab7aee0121d7,2026-07-29T14:27:51.776813+00:00,276.785,4,2,api-gateway|vets-service,False,GET,/api/vet/vets,200,1,275.348,1
2026-07-29T14:28:20.524469+00:00,b8a4739ba165b935,2026-07-29T14:27:51.609250+00:00,417.501,4,2,api-gateway|vets-service,False,GET,/api/vet/vets,200,1,416.161,1
2026-07-29T14:28:20.524469+00:00,692fd02fd5213819,2026-07-29T14:27:51.457395+00:00,288.909,4,2,api-gateway|customers-service,False,GET,/api/customer/owners/1,200,1,287.5,1
2026-07-29T14:28:20.524469+00:00,07802785f83416ce,2026-07-29T14:27:51.290481+00:00,455.856,4,2,api-gateway|customers-service,False,GET,/api/customer/owners/1,200,1,454.483,1
2026-07-29T14:28:20.524469+00:00,a5af07e1386531a9,2026-07-29T14:27:51.123115+00:00,145.813,3,2,visits-service|api-gateway,False,GET,/api/visit/owners/1/pets/1/visits,200,0,0.0,1
2026-07-29T14:28:20.524469+00:00,f97c1346b5fac21b,2026-07-29T14:27:50.955278+00:00,569.507,4,2,api-gateway|vets-service,False,GET,/api/vet/vets,200,1,557.02,1
2026-07-29T14:28:20.524469+00:00,0f7ea8f4805419f3,2026-07-29T14:27:50.792989+00:00,1169.713,4,2,api-gateway|customers-service,False,GET,/api/customer/owners,200,1,1168.099,1
2026-07-29T14:28:20.524469+00:00,c188e9556522acef,2026-07-29T14:27:50.622297+00:00,666.218,4,2,api-gateway|vets-service,False,GET,/api/vet/vets,200,1,653.384,1
2026-07-29T14:28:20.524469+00:00,027c286dad9d6bb2,2026-07-29T14:27:50.455810+00:00,119.206,3,2,visits-service|api-gateway,False,GET,/api/visit/owners/1/pets/1/visits,200,0,0.0,1
2026-07-29T14:28:20.524469+00:00,7ada2fb6785c817b,2026-07-29T14:27:50.289714+00:00,24.225,3,2,visits-service|api-gateway,False,GET,/api/visit/owners/1/pets/1/visits,200,0,0.0,1
2026-07-29T14:28:20.524469+00:00,b9ea61095e6216bf,2026-07-29T14:27:50.112854+00:00,879.137,4,2,api-gateway|vets-service,False,GET,/api/vet/vets,200,1,877.576,1
2026-07-29T14:28:20.524469+00:00,0c0ec2dcac78849c,2026-07-29T14:27:49.942025+00:00,110.798,3,2,visits-service|api-gateway,False,GET,/api/visit/owners/1/pets/1/visits,200,0,0.0,1
2026-07-29T14:28:20.524469+00:00,26c64a983f96bb56,2026-07-29T14:27:49.789397+00:00,47.943,3,2,visits-service|api-gateway,False,GET,/api/visit/owners/1/pets/1/visits,200,0,0.0,1
2026-07-29T14:28:20.524469+00:00,5a4e5f138b5ba4a8,2026-07-29T14:27:49.609190+00:00,212.701,3,2,visits-service|api-gateway,False,GET,/api/visit/owners/1/pets/1/visits,200,0,0.0,1
2026-07-29T14:28:20.524469+00:00,577cefb1057e2bb5,2026-07-29T14:27:49.456051+00:00,144.302,4,2,api-gateway|customers-service,False,GET,/api/customer/owners/1,200,1,139.843,1
2026-07-29T14:28:20.524469+00:00,4681c2ad91ce1fe8,2026-07-29T14:27:49.289564+00:00,204.522,3,2,visits-service|api-gateway,False,GET,/api/visit/owners/1/pets/1/visits,200,0,0.0,1
2026-07-29T14:28:20.524469+00:00,955d4ababbfa1bba,2026-07-29T14:27:49.125925+00:00,733.337,4,2,api-gateway|customers-service,False,GET,/api/customer/owners,200,1,731.75,1
2026-07-29T14:28:20.524469+00:00,ebc031b1012dc72a,2026-07-29T14:27:48.955315+00:00,308.053,4,2,api-gateway|customers-service,False,GET,/api/customer/owners/1,200,1,301.206,1
2026-07-29T14:28:20.524469+00:00,14435f0fb3cf09e5,2026-07-29T14:27:48.791600+00:00,467.58,4,2,api-gateway|customers-service,False,GET,/api/customer/owners/1,200,1,463.279,1
2026-07-29T14:28:20.524469+00:00,a9c85b71f34fa423,2026-07-29T14:27:48.626409+00:00,399.447,4,2,api-gateway|customers-service,False,GET,/api/customer/owners/1,200,1,397.251,1
2026-07-29T14:28:20.524469+00:00,4db736f0bf7aa51e,2026-07-29T14:27:48.456585+00:00,785.963,4,2,api-gateway|vets-service,False,GET,/api/vet/vets,200,1,771.631,1
2026-07-29T14:28:20.524469+00:00,432bb1b647645c95,2026-07-29T14:27:48.289110+00:00,227.884,3,2,visits-service|api-gateway,False,GET,/api/visit/owners/1/pets/1/visits,200,0,0.0,1
2026-07-29T14:28:20.524469+00:00,31afc7c5e824360a,2026-07-29T14:27:48.122676+00:00,1358.72,4,2,api-gateway|customers-service,False,GET,/api/customer/owners,200,1,1354.426,1
2026-07-29T14:28:20.524469+00:00,89692dd20c7fc129,2026-07-29T14:27:47.956008+00:00,352.326,4,2,api-gateway|customers-service,False,GET,/api/customer/owners/1,200,1,347.645,1
2026-07-29T14:28:20.524469+00:00,91d6929dd007ed0d,2026-07-29T14:27:47.789197+00:00,744.94,4,2,api-gateway|vets-service,False,GET,/api/vet/vets,200,1,732.497,1
2026-07-29T14:28:20.524469+00:00,eb7f396e58acafe5,2026-07-29T14:27:47.626693+00:00,78.449,4,2,api-gateway|customers-service,False,GET,/api/customer/owners/1,200,1,76.724,1
2026-07-29T14:28:20.524469+00:00,9e0f9a89c64f7213,2026-07-29T14:27:47.455511+00:00,818.103,4,2,api-gateway|customers-service,False,GET,/api/customer/owners,200,1,812.406,1
2026-07-29T14:28:20.524469+00:00,e32d8b549b97693b,2026-07-29T14:27:47.288857+00:00,205.8,3,2,visits-service|api-gateway,False,GET,/api/visit/owners/1/pets/1/visits,200,0,0.0,1
2026-07-29T14:28:20.524469+00:00,9c789615e7837860,2026-07-29T14:27:47.125216+00:00,68.712,4,2,api-gateway|customers-service,False,GET,/api/customer/owners/1,200,1,67.295,1
2026-07-29T14:28:20.524469+00:00,9cfb2010516dc4e9,2026-07-29T14:27:46.943125+00:00,24.146,3,2,visits-service|api-gateway,False,GET,/api/visit/owners/1/pets/1/visits,200,0,0.0,1
2026-07-29T14:28:20.524469+00:00,0c59a7096279eefe,2026-07-29T14:27:46.792339+00:00,78.706,4,2,api-gateway|customers-service,False,GET,/api/customer/owners/1,200,1,76.056,1
2026-07-29T14:28:20.524469+00:00,ae10aee0b9726063,2026-07-29T14:27:46.625193+00:00,178.446,4,2,api-gateway|customers-service,False,GET,/api/customer/owners,200,1,175.832,1
2026-07-29T14:28:20.524469+00:00,9ffd9b69aa27e345,2026-07-29T14:27:46.455791+00:00,31.096,3,2,visits-service|api-gateway,False,GET,/api/visit/owners/1/pets/1/visits,200,0,0.0,1
2026-07-29T14:28:20.524469+00:00,cc7025e6770ecab8,2026-07-29T14:27:46.289208+00:00,117.681,4,2,api-gateway|vets-service,False,GET,/api/vet/vets,200,1,105.518,1
2026-07-29T14:28:20.524469+00:00,8299f857d64c88bb,2026-07-29T14:27:46.121800+00:00,174.169,4,2,api-gateway|customers-service,False,GET,/api/customer/owners,200,1,171.029,1
2026-07-29T14:28:20.524469+00:00,122f2d0575c97dbd,2026-07-29T14:27:45.943056+00:00,200.56,4,2,api-gateway|vets-service,False,GET,/api/vet/vets,200,1,199.236,1
2026-07-29T14:28:20.524469+00:00,cab81b0c314cc52a,2026-07-29T14:27:45.810241+00:00,379.223,4,2,api-gateway|customers-service,False,GET,/api/customer/owners,200,1,379.223,1
2026-07-29T14:28:20.524469+00:00,92b758fe63ae2b32,2026-07-29T14:27:45.646145+00:00,531.286,4,2,api-gateway|customers-service,False,GET,/api/customer/owners,200,1,531.286,1
2026-07-29T14:28:20.524469+00:00,ffe6041a9ac704fe,2026-07-29T14:27:45.459041+00:00,584.338,4,2,api-gateway|customers-service,False,GET,/api/customer/owners/1,200,1,582.476,1
2026-07-29T14:28:20.524469+00:00,912dbf18bfbfdbf5,2026-07-29T14:27:45.278164+00:00,772.751,4,2,api-gateway|vets-service,False,GET,/api/vet/vets,200,1,771.438,1
2026-07-29T14:28:20.524469+00:00,3a618d5415093fca,2026-07-29T14:27:45.133242+00:00,674.13,4,2,api-gateway|customers-service,False,GET,/api/customer/owners/1,200,1,671.013,1
2026-07-29T14:28:20.524469+00:00,063f9ab49dfe6adb,2026-07-29T14:27:44.943525+00:00,1079.625,4,2,api-gateway|vets-service,False,GET,/api/vet/vets,200,1,1077.907,1
2026-07-29T14:28:20.524469+00:00,d89a0bd28e75a5fb,2026-07-29T14:27:44.792904+00:00,1259.509,4,2,api-gateway|customers-service,False,GET,/api/customer/owners,200,1,1256.818,1
2026-07-29T14:28:20.524469+00:00,d26830357b3bcf91,2026-07-29T14:27:44.623511+00:00,1411.314,4,2,api-gateway|customers-service,False,GET,/api/customer/owners,200,1,1409.817,1
2026-07-29T14:28:20.524469+00:00,c91212bb54f5b5b8,2026-07-29T14:27:44.458371+00:00,400.034,4,2,api-gateway|customers-service,False,GET,/api/customer/owners/1,200,1,400.034,1
2026-07-29T14:28:20.524469+00:00,524d7181331c9df5,2026-07-29T14:27:44.288830+00:00,85.38,3,2,visits-service|api-gateway,False,GET,/api/visit/owners/1/pets/1/visits,200,0,0.0,1
2026-07-29T14:28:20.524469+00:00,01331a8f8972249a,2026-07-29T14:27:44.110777+00:00,22.71,3,2,visits-service|api-gateway,False,GET,/api/visit/owners/1/pets/1/visits,200,0,0.0,1
2026-07-29T14:28:20.524469+00:00,0362b69881f9a937,2026-07-29T14:27:43.955633+00:00,432.548,4,2,api-gateway|customers-service,False,GET,/api/customer/owners/1,200,1,427.066,1
2026-07-29T14:28:20.524469+00:00,fb294db4d42ebde8,2026-07-29T14:27:43.789545+00:00,817.377,4,2,api-gateway|vets-service,False,GET,/api/vet/vets,200,1,803.724,1
2026-07-29T14:28:20.524469+00:00,1219438f0c29fc5f,2026-07-29T14:27:43.623004+00:00,988.191,4,2,api-gateway|customers-service,False,GET,/api/customer/owners,200,1,982.52,1
2026-07-29T14:28:20.524469+00:00,505e9379ac181081,2026-07-29T14:27:43.444583+00:00,676.132,4,2,api-gateway|vets-service,False,GET,/api/vet/vets,200,1,674.928,1
2026-07-29T14:28:20.524469+00:00,4786cd191072471b,2026-07-29T14:27:43.277684+00:00,839.402,4,2,api-gateway|vets-service,False,GET,/api/vet/vets,200,1,838.0,1
2026-07-29T14:28:20.524469+00:00,d80750ab33703c03,2026-07-29T14:27:43.122876+00:00,400.989,4,2,api-gateway|customers-service,False,GET,/api/customer/owners/1,200,1,395.593,1
2026-07-29T14:28:20.524469+00:00,24f80d31f2aca326,2026-07-29T14:27:42.956238+00:00,326.819,4,2,api-gateway|customers-service,False,GET,/api/customer/owners/1,200,1,320.481,1
2026-07-29T14:28:20.524469+00:00,914d429b21cd9ab5,2026-07-29T14:27:42.776012+00:00,12.345,3,2,visits-service|api-gateway,False,GET,/api/visit/owners/1/pets/1/visits,200,0,0.0,1
2026-07-29T14:28:20.524469+00:00,99af7dd5d173f15f,2026-07-29T14:27:42.625108+00:00,421.771,4,2,api-gateway|customers-service,False,GET,/api/customer/owners/1,200,1,419.956,1
2026-07-29T14:28:20.524469+00:00,e3d61d438deb3466,2026-07-29T14:27:42.458210+00:00,333.535,4,2,api-gateway|customers-service,False,GET,/api/customer/owners/1,200,1,332.374,1
2026-07-29T14:28:20.524469+00:00,0ff527471167cbda,2026-07-29T14:27:42.289331+00:00,26.408,3,2,visits-service|api-gateway,False,GET,/api/visit/owners/1/pets/1/visits,200,0,0.0,1
2026-07-29T14:28:20.524469+00:00,7a3b153d44ee411b,2026-07-29T14:27:42.124719+00:00,191.633,3,2,visits-service|api-gateway,False,GET,/api/visit/owners/1/pets/1/visits,200,0,0.0,1
2026-07-29T14:28:20.524469+00:00,b6cae7180ad32b82,2026-07-29T14:27:41.945881+00:00,114.323,3,2,visits-service|api-gateway,False,GET,/api/visit/owners/1/pets/1/visits,200,0,0.0,1
2026-07-29T14:28:20.524469+00:00,a888800c792a6589,2026-07-29T14:27:41.791162+00:00,993.325,4,2,api-gateway|customers-service,False,GET,/api/customer/owners,200,1,991.666,1
2026-07-29T14:28:20.524469+00:00,69a08d34e018a196,2026-07-29T14:27:41.622535+00:00,89.03,3,2,visits-service|api-gateway,False,GET,/api/visit/owners/1/pets/1/visits,200,0,0.0,1
2026-07-29T14:28:20.524469+00:00,e7f86612873a2373,2026-07-29T14:27:41.455466+00:00,856.245,4,2,api-gateway|customers-service,False,GET,/api/customer/owners,200,1,851.412,1
2026-07-29T14:28:20.524469+00:00,ef7b864276ca2d19,2026-07-29T14:27:41.274717+00:00,605.055,4,2,api-gateway|vets-service,False,GET,/api/vet/vets,200,1,603.687,1
2026-07-29T14:28:20.524469+00:00,2f4554099416a9b1,2026-07-29T14:27:41.122348+00:00,582.856,4,2,api-gateway|vets-service,False,GET,/api/vet/vets,200,1,569.147,1
2026-07-29T14:28:20.524469+00:00,de8a8319a5b2afaa,2026-07-29T14:27:40.958520+00:00,922.602,4,2,api-gateway|customers-service,False,GET,/api/customer/owners,200,1,922.602,1
2026-07-29T14:28:20.524469+00:00,36cb31ea0a9660fb,2026-07-29T14:27:40.792780+00:00,261.431,4,2,api-gateway|customers-service,False,GET,/api/customer/owners/1,200,1,259.624,1
2026-07-29T14:28:20.524469+00:00,3d57f2abe252f91c,2026-07-29T14:27:40.608764+00:00,667.442,4,2,api-gateway|vets-service,False,GET,/api/vet/vets,200,1,666.17,1
2026-07-29T14:28:20.524469+00:00,0f774b246371d4ed,2026-07-29T14:27:40.455280+00:00,115.202,3,2,visits-service|api-gateway,False,GET,/api/visit/owners/1/pets/1/visits,200,0,0.0,1
2026-07-29T14:28:20.524469+00:00,9cbc45ac7a6441e0,2026-07-29T14:27:40.296203+00:00,719.705,4,2,api-gateway|vets-service,False,GET,/api/vet/vets,200,1,718.312,1
2026-07-29T14:28:20.524469+00:00,d1b194d632739837,2026-07-29T14:27:40.109125+00:00,897.09,4,2,api-gateway|vets-service,False,GET,/api/vet/vets,200,1,895.576,1
2026-07-29T14:28:20.524469+00:00,efaabae78db20771,2026-07-29T14:27:39.943254+00:00,827.77,4,2,api-gateway|vets-service,False,GET,/api/vet/vets,200,1,826.341,1
2026-07-29T14:28:20.524469+00:00,4573104543ea4a23,2026-07-29T14:27:39.776638+00:00,777.982,4,2,api-gateway|vets-service,False,GET,/api/vet/vets,200,1,776.725,1
2026-07-29T14:28:20.524469+00:00,8f02582c8c297ac6,2026-07-29T14:27:39.625266+00:00,465.846,4,2,api-gateway|customers-service,False,GET,/api/customer/owners/1,200,1,464.12,1
2026-07-29T14:28:20.524469+00:00,e35c4c6fa7ed6636,2026-07-29T14:27:39.455988+00:00,1096.126,4,2,api-gateway|customers-service,False,GET,/api/customer/owners,200,1,1089.342,1
2026-07-29T14:28:20.524469+00:00,fc11bc2804138c00,2026-07-29T14:27:39.276353+00:00,564.299,4,2,api-gateway|vets-service,False,GET,/api/vet/vets,200,1,562.716,1
2026-07-29T14:28:20.524469+00:00,cbeb965e06282ac6,2026-07-29T14:27:39.122188+00:00,237.476,4,2,api-gateway|customers-service,False,GET,/api/customer/owners/1,200,1,231.293,1
2026-07-29T14:28:20.524469+00:00,cd4a3bd365afa290,2026-07-29T14:27:38.956413+00:00,650.775,4,2,api-gateway|vets-service,False,GET,/api/vet/vets,200,1,602.329,1
2026-07-29T14:28:20.524469+00:00,86090aa91887d768,2026-07-29T14:27:38.788418+00:00,445.324,4,2,api-gateway|customers-service,False,GET,/api/customer/owners/1,200,1,441.618,1
2026-07-29T14:28:20.524469+00:00,e716704d7e0ce4bf,2026-07-29T14:27:38.610122+00:00,621.298,4,2,api-gateway|vets-service,False,GET,/api/vet/vets,200,1,619.936,1
2026-07-29T14:28:20.524469+00:00,00ed763b978500c2,2026-07-29T14:27:38.455604+00:00,903.168,4,2,api-gateway|customers-service,False,GET,/api/customer/owners,200,1,897.077,1
2026-07-29T14:28:20.524469+00:00,1e480418559305b3,2026-07-29T14:27:38.278142+00:00,719.77,4,2,api-gateway|vets-service,False,GET,/api/vet/vets,200,1,718.342,1
2026-07-29T14:28:20.524469+00:00,c45cd94e64584f9e,2026-07-29T14:27:38.123062+00:00,1119.799,4,2,api-gateway|customers-service,False,GET,/api/customer/owners,200,1,1113.922,1
2026-07-29T14:28:20.524469+00:00,d04ad7be2a1066ad,2026-07-29T14:27:37.960172+00:00,1027.427,4,2,api-gateway|customers-service,False,GET,/api/customer/owners,200,1,1024.609,1
2026-07-29T14:28:20.524469+00:00,1243ea7102a174a9,2026-07-29T14:27:37.812029+00:00,200.191,3,2,visits-service|api-gateway,False,GET,/api/visit/owners/1/pets/1/visits,200,0,0.0,1
2026-07-29T14:28:20.524469+00:00,bb630c468d9a6a62,2026-07-29T14:27:37.608877+00:00,162.713,3,2,visits-service|api-gateway,False,GET,/api/visit/owners/1/pets/1/visits,200,0,0.0,1
2026-07-29T14:28:20.524469+00:00,d34b7877601f90e9,2026-07-29T14:27:37.455556+00:00,153.459,3,2,visits-service|api-gateway,False,GET,/api/visit/owners/1/pets/1/visits,200,0,0.0,1
2026-07-29T14:28:20.524469+00:00,d20b7a305bda4b57,2026-07-29T14:27:37.289725+00:00,323.689,4,2,api-gateway|customers-service,False,GET,/api/customer/owners/1,200,1,318.499,1
2026-07-29T14:28:20.524469+00:00,393f1de9bbf70eda,2026-07-29T14:27:37.122858+00:00,510.356,4,2,api-gateway|vets-service,False,GET,/api/vet/vets,200,1,497.731,1
2026-07-29T14:28:20.524469+00:00,25d726cea6edfd6d,2026-07-29T14:27:36.943155+00:00,18.631,3,2,visits-service|api-gateway,False,GET,/api/visit/owners/1/pets/1/visits,200,0,0.0,1
2026-07-29T14:28:20.524469+00:00,a2c830f2ae4491fa,2026-07-29T14:27:36.775520+00:00,208.891,4,2,api-gateway|vets-service,False,GET,/api/vet/vets,200,1,207.391,1
2026-07-29T14:28:20.524469+00:00,cf76cdb8835e5c7a,2026-07-29T14:27:36.623231+00:00,370.027,4,2,api-gateway|vets-service,False,GET,/api/vet/vets,200,1,311.526,1
2026-07-29T14:28:20.524469+00:00,d667c1f6e840c7b2,2026-07-29T14:27:36.459177+00:00,223.317,4,2,api-gateway|customers-service,False,GET,/api/customer/owners/1,200,1,221.511,1
2026-07-29T14:28:20.524469+00:00,a0ba170b215ffb90,2026-07-29T14:27:36.289648+00:00,356.723,4,2,api-gateway|vets-service,False,GET,/api/vet/vets,200,1,342.226,1
2026-07-29T14:28:20.524469+00:00,f013e217ab651139,2026-07-29T14:27:36.122220+00:00,85.011,3,2,visits-service|api-gateway,False,GET,/api/visit/owners/1/pets/1/visits,200,0,0.0,1
2026-07-29T14:28:20.524469+00:00,0cebd326732861b0,2026-07-29T14:27:35.955812+00:00,295.373,4,2,api-gateway|customers-service,False,GET,/api/customer/owners/1,200,1,291.015,1
2026-07-29T14:28:20.524469+00:00,ec794eff182ed5cf,2026-07-29T14:27:35.791394+00:00,61.914,4,2,api-gateway|customers-service,False,GET,/api/customer/owners/1,200,1,61.914,1
2026-07-29T14:28:20.524469+00:00,a54045a87b6ee358,2026-07-29T14:27:35.609638+00:00,36.219,3,2,visits-service|api-gateway,False,GET,/api/visit/owners/1/pets/1/visits,200,0,0.0,1
2026-07-29T14:28:20.524469+00:00,0b93c1b85fa2fdaf,2026-07-29T14:27:35.455973+00:00,207.893,4,2,api-gateway|vets-service,False,GET,/api/vet/vets,200,1,193.972,1
2026-07-29T14:28:20.524469+00:00,4f2a7a5f4c80fee8,2026-07-29T14:27:35.289056+00:00,31.189,3,2,visits-service|api-gateway,False,GET,/api/visit/owners/1/pets/1/visits,200,0,0.0,1
2026-07-29T14:28:20.524469+00:00,ba9b3791b62aaa02,2026-07-29T14:27:35.110960+00:00,11.382,3,2,visits-service|api-gateway,False,GET,/api/visit/owners/1/pets/1/visits,200,0,0.0,1
2026-07-29T14:28:20.524469+00:00,cf4e91cd558eb455,2026-07-29T14:27:34.944153+00:00,17.575,3,2,visits-service|api-gateway,False,GET,/api/visit/owners/1/pets/1/visits,200,0,0.0,1
2026-07-29T14:28:20.524469+00:00,808e84aa8df6c3a4,2026-07-29T14:27:34.791018+00:00,185.76,4,2,api-gateway|customers-service,False,GET,/api/customer/owners,200,1,183.861,1
2026-07-29T14:28:20.524469+00:00,15b9ff5942264d24,2026-07-29T14:27:34.608846+00:00,9.243,3,2,visits-service|api-gateway,False,GET,/api/visit/owners/1/pets/1/visits,200,0,0.0,1
2026-07-29T14:28:20.524469+00:00,4da23bd3bfd64114,2026-07-29T14:27:34.455169+00:00,45.624,3,2,visits-service|api-gateway,False,GET,/api/visit/owners/1/pets/1/visits,200,0,0.0,1
2026-07-29T14:28:20.524469+00:00,c6c110756f08d773,2026-07-29T14:27:34.288911+00:00,145.914,4,2,api-gateway|vets-service,False,GET,/api/vet/vets,200,1,131.858,1
2026-07-29T14:28:20.524469+00:00,3dafc974aa32a0ac,2026-07-29T14:27:34.108595+00:00,11.478,3,2,visits-service|api-gateway,False,GET,/api/visit/owners/1/pets/1/visits,200,0,0.0,1
2026-07-29T14:28:20.524469+00:00,c3b936ded9811c76,2026-07-29T14:27:33.944651+00:00,14.087,3,2,visits-service|api-gateway,False,GET,/api/visit/owners/1/pets/1/visits,200,0,0.0,1
2026-07-29T14:28:20.524469+00:00,a9e5039a79502e86,2026-07-29T14:27:33.793014+00:00,185.556,4,2,api-gateway|customers-service,False,GET,/api/customer/owners/1,200,1,183.467,1
2026-07-29T14:28:20.524469+00:00,8ac877bb9fa82f6a,2026-07-29T14:27:33.624332+00:00,442.823,4,2,api-gateway|customers-service,False,GET,/api/customer/owners,200,1,442.823,1
2026-07-29T14:28:20.524469+00:00,a4fe70833bc6a396,2026-07-29T14:27:33.442477+00:00,143.025,3,2,visits-service|api-gateway,False,GET,/api/visit/owners/1/pets/1/visits,200,0,0.0,1
2026-07-29T14:28:20.524469+00:00,73652707e5fa7eb1,2026-07-29T14:27:33.289113+00:00,313.386,4,2,api-gateway|customers-service,False,GET,/api/customer/owners/1,200,1,307.524,1
2026-07-29T14:28:20.524469+00:00,da4b71e43f6d6bdb,2026-07-29T14:27:33.122404+00:00,207.124,4,2,api-gateway|customers-service,False,GET,/api/customer/owners/1,200,1,200.74,1
2026-07-29T14:28:20.524469+00:00,43519f38160231fe,2026-07-29T14:27:32.942498+00:00,25.989,3,2,visits-service|api-gateway,False,GET,/api/visit/owners/1/pets/1/visits,200,0,0.0,1
2026-07-29T14:28:20.524469+00:00,9e2b545d723335d1,2026-07-29T14:27:32.791500+00:00,65.379,4,2,api-gateway|customers-service,False,GET,/api/customer/owners/1,200,1,65.379,1
2026-07-29T14:28:20.524469+00:00,94487cedd746027a,2026-07-29T14:27:32.624544+00:00,233.039,4,2,api-gateway|customers-service,False,GET,/api/customer/owners,200,1,231.826,1
2026-07-29T14:28:20.524469+00:00,e2fdc1ec3288b027,2026-07-29T14:27:32.457645+00:00,351.276,4,2,api-gateway|customers-service,False,GET,/api/customer/owners,200,1,349.848,1
2026-07-29T14:28:20.524469+00:00,43d2899f6dbaae01,2026-07-29T14:27:32.289313+00:00,143.4,4,2,api-gateway|customers-service,False,GET,/api/customer/owners/1,200,1,139.49,1
2026-07-29T14:28:20.524469+00:00,debdb0568da81670,2026-07-29T14:27:32.121894+00:00,469.08,4,2,api-gateway|customers-service,False,GET,/api/customer/owners,200,1,462.388,1
2026-07-29T14:28:20.524469+00:00,65529b231b102ecd,2026-07-29T14:27:31.955740+00:00,410.471,4,2,api-gateway|customers-service,False,GET,/api/customer/owners,200,1,406.353,1
2026-07-29T14:28:20.524469+00:00,874204398bb3bbb7,2026-07-29T14:27:31.775418+00:00,20.094,3,2,visits-service|api-gateway,False,GET,/api/visit/owners/1/pets/1/visits,200,0,0.0,1
2026-07-29T14:28:20.524469+00:00,f64baacdd88f925b,2026-07-29T14:27:31.643380+00:00,201.786,4,2,api-gateway|customers-service,False,GET,/api/customer/owners,200,1,201.786,1
2026-07-29T14:28:20.524469+00:00,a4b4254f9e901438,2026-07-29T14:27:31.484293+00:00,209.986,4,2,api-gateway|customers-service,False,GET,/api/customer/owners/1,200,1,208.503,1
2026-07-29T14:28:20.524469+00:00,fced370ddbe1ae27,2026-07-29T14:27:31.292208+00:00,509.438,4,2,api-gateway|customers-service,False,GET,/api/customer/owners,200,1,507.562,1
2026-07-29T14:28:20.524469+00:00,584703bf5566c421,2026-07-29T14:27:31.109490+00:00,585.159,4,2,api-gateway|vets-service,False,GET,/api/vet/vets,200,1,583.636,1
2026-07-29T14:28:20.524469+00:00,686dc342e0f14ed9,2026-07-29T14:27:30.957620+00:00,756.283,4,2,api-gateway|customers-service,False,GET,/api/customer/owners,200,1,754.912,1
2026-07-29T14:28:20.524469+00:00,d8a0725640d2ebd6,2026-07-29T14:27:30.791548+00:00,167.77,4,2,api-gateway|customers-service,False,GET,/api/customer/owners,200,1,167.77,1
2026-07-29T14:28:20.524469+00:00,06abb0f79e9cd26d,2026-07-29T14:27:30.624527+00:00,213.131,4,2,api-gateway|customers-service,False,GET,/api/customer/owners,200,1,211.553,1
2026-07-29T14:28:20.524469+00:00,3bcba50dcc54321f,2026-07-29T14:27:30.456949+00:00,84.036,4,2,api-gateway|customers-service,False,GET,/api/customer/owners/1,200,1,81.631,1
2026-07-29T14:28:20.524469+00:00,0ef91e95e4d2aed0,2026-07-29T14:27:30.288918+00:00,260.466,4,2,api-gateway|customers-service,False,GET,/api/customer/owners,200,1,256.381,1
2026-07-29T14:28:20.524469+00:00,ff8181124709f739,2026-07-29T14:27:30.122074+00:00,26.31,3,2,visits-service|api-gateway,False,GET,/api/visit/owners/1/pets/1/visits,200,0,0.0,1
2026-07-29T14:28:20.524469+00:00,ce1c20f0fa2235d1,2026-07-29T14:27:29.944940+00:00,22.965,3,2,visits-service|api-gateway,False,GET,/api/visit/owners/1/pets/1/visits,200,0,0.0,1
2026-07-29T14:28:20.524469+00:00,5fb9040e40c78dc9,2026-07-29T14:27:29.791094+00:00,158.152,4,2,api-gateway|customers-service,False,GET,/api/customer/owners/1,200,1,156.32,1
2026-07-29T14:28:20.524469+00:00,3a5a20f98a4a5491,2026-07-29T14:27:29.626102+00:00,72.342,4,2,api-gateway|customers-service,False,GET,/api/customer/owners/1,200,1,71.008,1
2026-07-29T14:28:20.524469+00:00,e55c3fd20f10281a,2026-07-29T14:27:29.444369+00:00,191.652,4,2,api-gateway|vets-service,False,GET,/api/vet/vets,200,1,190.137,1
2026-07-29T14:28:20.524469+00:00,a25138d97d194155,2026-07-29T14:27:29.288746+00:00,31.286,3,2,visits-service|api-gateway,False,GET,/api/visit/owners/1/pets/1/visits,200,0,0.0,1
2026-07-29T14:28:20.524469+00:00,c1ce64cd08103811,2026-07-29T14:27:29.122575+00:00,205.822,4,2,api-gateway|vets-service,False,GET,/api/vet/vets,200,1,193.233,1
2026-07-29T14:28:20.524469+00:00,486d441941dd9169,2026-07-29T14:27:28.959129+00:00,62.257,4,2,api-gateway|customers-service,False,GET,/api/customer/owners/1,200,1,60.017,1
2026-07-29T14:28:20.524469+00:00,4cc47c28e2ea2db4,2026-07-29T14:27:28.793084+00:00,133.857,4,2,api-gateway|customers-service,False,GET,/api/customer/owners/1,200,1,131.754,1
2026-07-29T14:28:20.524469+00:00,5051baa030499e38,2026-07-29T14:27:28.610495+00:00,21.648,3,2,visits-service|api-gateway,False,GET,/api/visit/owners/1/pets/1/visits,200,0,0.0,1
2026-07-29T14:28:20.524469+00:00,45d3b08c31f547d4,2026-07-29T14:27:28.455973+00:00,24.074,3,2,visits-service|api-gateway,False,GET,/api/visit/owners/1/pets/1/visits,200,0,0.0,1
2026-07-29T14:28:20.524469+00:00,be28d8cffe79d1db,2026-07-29T14:27:28.289270+00:00,134.36,4,2,api-gateway|vets-service,False,GET,/api/vet/vets,200,1,120.026,1
2026-07-29T14:28:20.524469+00:00,7446a344e3d098cf,2026-07-29T14:27:28.122497+00:00,30.454,3,2,visits-service|api-gateway,False,GET,/api/visit/owners/1/pets/1/visits,200,0,0.0,1
2026-07-29T14:28:20.524469+00:00,dc2c7ed1f2ad89e2,2026-07-29T14:27:27.957385+00:00,172.299,4,2,api-gateway|customers-service,False,GET,/api/customer/owners,200,1,169.652,1
2026-07-29T14:28:20.524469+00:00,0a0dfdbd70329e08,2026-07-29T14:27:27.792846+00:00,181.222,4,2,api-gateway|customers-service,False,GET,/api/customer/owners,200,1,179.831,1
2026-07-29T14:28:20.524469+00:00,c4b95fc5c7b23394,2026-07-29T14:27:27.623219+00:00,72.434,4,2,api-gateway|customers-service,False,GET,/api/customer/owners/1,200,1,70.805,1
2026-07-29T14:28:20.524469+00:00,a4667d66eb859c2a,2026-07-29T14:27:27.456105+00:00,147.374,4,2,api-gateway|vets-service,False,GET,/api/vet/vets,200,1,133.519,1
2026-07-29T14:28:20.524469+00:00,29c52d76412a0d44,2026-07-29T14:27:27.289721+00:00,45.267,3,2,visits-service|api-gateway,False,GET,/api/visit/owners/1/pets/1/visits,200,0,0.0,1
2026-07-29T14:28:20.524469+00:00,a8b40598c2946220,2026-07-29T14:27:27.122976+00:00,151.057,4,2,api-gateway|vets-service,False,GET,/api/vet/vets,200,1,136.282,1
2026-07-29T14:28:20.524469+00:00,f742cad733beae50,2026-07-29T14:27:26.955432+00:00,198.834,4,2,api-gateway|customers-service,False,GET,/api/customer/owners,200,1,193.595,1
2026-07-29T14:28:20.524469+00:00,6cb685ef0e7f7ff7,2026-07-29T14:27:26.791587+00:00,211.64,4,2,api-gateway|customers-service,False,GET,/api/customer/owners,200,1,209.854,1
2026-07-29T14:28:20.524469+00:00,0983ceb2439d271e,2026-07-29T14:27:26.624489+00:00,67.156,4,2,api-gateway|customers-service,False,GET,/api/customer/owners/1,200,1,67.156,1
2026-07-29T14:28:20.524469+00:00,5ca1a56cd60fb7ef,2026-07-29T14:27:26.455043+00:00,29.843,3,2,visits-service|api-gateway,False,GET,/api/visit/owners/1/pets/1/visits,200,0,0.0,1
2026-07-29T14:28:20.524469+00:00,82cc94fd858ec3da,2026-07-29T14:27:26.289729+00:00,150.272,4,2,api-gateway|vets-service,False,GET,/api/vet/vets,200,1,134.599,1
2026-07-29T14:28:20.524469+00:00,23d259e13c146fe5,2026-07-29T14:27:26.121431+00:00,19.709,3,2,visits-service|api-gateway,False,GET,/api/visit/owners/1/pets/1/visits,200,0,0.0,1
2026-07-29T14:28:20.524469+00:00,db13e0427a1aa13f,2026-07-29T14:27:25.955336+00:00,196.674,4,2,api-gateway|customers-service,False,GET,/api/customer/owners,200,1,192.273,1
2026-07-29T14:28:20.524469+00:00,b4d4836f32c8999a,2026-07-29T14:27:25.775014+00:00,136.063,4,2,api-gateway|vets-service,False,GET,/api/vet/vets,200,1,134.683,1
2026-07-29T14:28:20.524469+00:00,1c398734af6efdef,2026-07-29T14:27:25.608042+00:00,20.12,3,2,visits-service|api-gateway,False,GET,/api/visit/owners/1/pets/1/visits,200,0,0.0,1
2026-07-29T14:28:20.524469+00:00,a7560736519bc738,2026-07-29T14:27:25.457958+00:00,199.557,4,2,api-gateway|customers-service,False,GET,/api/customer/owners,200,1,198.146,1
2026-07-29T14:28:20.524469+00:00,e7abbba1f25fc012,2026-07-29T14:27:25.289734+00:00,131.139,4,2,api-gateway|customers-service,False,GET,/api/customer/owners/1,200,1,124.257,1
2026-07-29T14:28:20.524469+00:00,e1a72c7764831d30,2026-07-29T14:27:25.122225+00:00,140.093,4,2,api-gateway|vets-service,False,GET,/api/vet/vets,200,1,125.694,1
2026-07-29T14:28:20.524469+00:00,97238a8bbb4c9457,2026-07-29T14:27:24.943742+00:00,10.769,3,2,visits-service|api-gateway,False,GET,/api/visit/owners/1/pets/1/visits,200,0,0.0,1
2026-07-29T14:28:20.524469+00:00,c7d53b4d602dcbf8,2026-07-29T14:27:24.792036+00:00,73.175,4,2,api-gateway|customers-service,False,GET,/api/customer/owners/1,200,1,70.839,1
2026-07-29T14:28:20.524469+00:00,885d52f41c4cc875,2026-07-29T14:27:24.611673+00:00,16.38,3,2,visits-service|api-gateway,False,GET,/api/visit/owners/1/pets/1/visits,200,0,0.0,1
2026-07-29T14:28:20.524469+00:00,5cad58ef25e1a1d8,2026-07-29T14:27:24.442301+00:00,17.838,3,2,visits-service|api-gateway,False,GET,/api/visit/owners/1/pets/1/visits,200,0,0.0,1
2026-07-29T14:28:20.524469+00:00,5a720855527178c9,2026-07-29T14:27:24.289365+00:00,114.858,4,2,api-gateway|vets-service,False,GET,/api/vet/vets,200,1,101.155,1
2026-07-29T14:28:20.524469+00:00,287fb5a0b265fa8d,2026-07-29T14:27:24.122676+00:00,138.047,4,2,api-gateway|vets-service,False,GET,/api/vet/vets,200,1,126.185,1
2026-07-29T14:28:20.524469+00:00,2117dea706cf1307,2026-07-29T14:27:23.959860+00:00,79.991,4,2,api-gateway|customers-service,False,GET,/api/customer/owners/1,200,1,78.075,1
2026-07-29T14:28:20.524469+00:00,ecf89db08b39b9d3,2026-07-29T14:27:23.806138+00:00,137.204,4,2,api-gateway|vets-service,False,GET,/api/vet/vets,200,1,135.728,1
2026-07-29T14:28:20.524469+00:00,eeaa7d48778db405,2026-07-29T14:27:23.642648+00:00,23.102,3,2,visits-service|api-gateway,False,GET,/api/visit/owners/1/pets/1/visits,200,0,0.0,1
2026-07-29T14:28:20.524469+00:00,0a5999a8203a7621,2026-07-29T14:27:23.455884+00:00,93.192,4,2,api-gateway|customers-service,False,GET,/api/customer/owners/1,200,1,75.323,1
2026-07-29T14:28:20.524469+00:00,f3d39e7bd4b96d89,2026-07-29T14:27:23.289324+00:00,192.974,4,2,api-gateway|customers-service,False,GET,/api/customer/owners,200,1,189.098,1
2026-07-29T14:28:20.524469+00:00,efbbcc87cdc3d810,2026-07-29T14:27:23.122939+00:00,79.681,4,2,api-gateway|customers-service,False,GET,/api/customer/owners/1,200,1,76.008,1
2026-07-29T14:28:20.524469+00:00,b04704cd5b9a1c9a,2026-07-29T14:27:22.958031+00:00,72.057,4,2,api-gateway|customers-service,False,GET,/api/customer/owners/1,200,1,70.727,1
2026-07-29T14:28:20.524469+00:00,a63cc1608bb94242,2026-07-29T14:28:20.293025+00:00,261.795,2,1,customers-service,False,,,200,1,259.399,0
2026-07-29T14:28:20.524469+00:00,8b028333bcbe3597,2026-07-29T14:28:19.292972+00:00,1235.435,2,1,customers-service,False,,,200,1,1232.761,0
2026-07-29T14:29:20.524493+00:00,93064cdcf4a7b7fb,2026-07-29T14:29:20.456262+00:00,74.175,2,1,api-gateway,False,GET,/api/customer/owners/1,200,0,0.0,1
2026-07-29T14:29:20.524493+00:00,e67263705c413375,2026-07-29T14:29:20.122758+00:00,260.257,2,1,api-gateway,False,GET,/api/customer/owners,200,0,0.0,1
2026-07-29T14:29:20.524493+00:00,76fff50a142735fe,2026-07-29T14:29:19.955330+00:00,89.659,2,1,api-gateway,False,GET,/api/customer/owners/1,200,0,0.0,1
2026-07-29T14:29:20.524493+00:00,7ee9525fddacb9f5,2026-07-29T14:29:19.789057+00:00,154.559,4,2,api-gateway|vets-service,False,GET,/api/vet/vets,200,1,140.739,1
2026-07-29T14:29:20.524493+00:00,1a4c978e8796e586,2026-07-29T14:29:19.622743+00:00,184.652,4,2,api-gateway|customers-service,False,GET,/api/customer/owners,200,1,179.072,1
2026-07-29T14:29:20.524493+00:00,5d40e33740affae8,2026-07-29T14:29:19.459503+00:00,78.736,4,2,api-gateway|customers-service,False,GET,/api/customer/owners/1,200,1,78.736,1
2026-07-29T14:29:20.524493+00:00,3b77598860a37a62,2026-07-29T14:29:19.277896+00:00,19.582,3,2,visits-service|api-gateway,False,GET,/api/visit/owners/1/pets/1/visits,200,0,0.0,1
2026-07-29T14:29:20.524493+00:00,47ac4a2c55d6fc6d,2026-07-29T14:29:19.113273+00:00,52.98,4,2,api-gateway|customers-service,False,GET,/api/customer/owners/1,200,1,51.787,1
2026-07-29T14:29:20.524493+00:00,18b2e3aaa4277a75,2026-07-29T14:29:18.959572+00:00,176.183,4,2,api-gateway|customers-service,False,GET,/api/customer/owners,200,1,174.076,1
2026-07-29T14:29:20.524493+00:00,16a70e7c373a299e,2026-07-29T14:29:18.789137+00:00,190.512,4,2,api-gateway|customers-service,False,GET,/api/customer/owners,200,1,183.701,1
2026-07-29T14:29:20.524493+00:00,b45c7dcf687b1f6f,2026-07-29T14:29:18.622259+00:00,72.367,4,2,api-gateway|customers-service,False,GET,/api/customer/owners/1,200,1,68.105,1
2026-07-29T14:29:20.524493+00:00,69fd411982d370b5,2026-07-29T14:29:18.455991+00:00,175.867,4,2,api-gateway|customers-service,False,GET,/api/customer/owners,200,1,172.545,1
2026-07-29T14:29:20.524493+00:00,a6e159dc6fa9a3ef,2026-07-29T14:29:18.292407+00:00,185.709,4,2,api-gateway|customers-service,False,GET,/api/customer/owners,200,1,184.163,1
2026-07-29T14:29:20.524493+00:00,a87bda72502b189e,2026-07-29T14:29:18.108649+00:00,24.866,3,2,visits-service|api-gateway,False,GET,/api/visit/owners/1/pets/1/visits,200,0,0.0,1
2026-07-29T14:29:20.524493+00:00,b1937a08b4d342ee,2026-07-29T14:29:17.955925+00:00,130.825,4,2,api-gateway|vets-service,False,GET,/api/vet/vets,200,1,116.414,1
2026-07-29T14:29:20.524493+00:00,b8f69ed5aea3227a,2026-07-29T14:29:17.790017+00:00,134.366,4,2,api-gateway|vets-service,False,GET,/api/vet/vets,200,1,119.824,1
2026-07-29T14:29:20.524493+00:00,076829d93f250bbe,2026-07-29T14:29:17.622990+00:00,79.419,4,2,api-gateway|customers-service,False,GET,/api/customer/owners/1,200,1,73.619,1
2026-07-29T14:29:20.524493+00:00,d90de5db34e44a1b,2026-07-29T14:29:17.455719+00:00,182.451,4,2,api-gateway|customers-service,False,GET,/api/customer/owners,200,1,166.889,1
2026-07-29T14:29:20.524493+00:00,9aa461e6cc1493c2,2026-07-29T14:29:17.293060+00:00,72.938,4,2,api-gateway|customers-service,False,GET,/api/customer/owners/1,200,1,70.547,1
2026-07-29T14:29:20.524493+00:00,63d53c0db56db8ed,2026-07-29T14:29:17.111572+00:00,128.762,4,2,api-gateway|vets-service,False,GET,/api/vet/vets,200,1,127.416,1
2026-07-29T14:29:20.524493+00:00,7941ea7e82e3b868,2026-07-29T14:29:16.956132+00:00,148.283,4,2,api-gateway|vets-service,False,GET,/api/vet/vets,200,1,131.939,1
2026-07-29T14:29:20.524493+00:00,acd34e8a460b35dd,2026-07-29T14:29:16.777664+00:00,26.32,3,2,visits-service|api-gateway,False,GET,/api/visit/owners/1/pets/1/visits,200,0,0.0,1
2026-07-29T14:29:20.524493+00:00,8f0fddced099c849,2026-07-29T14:29:16.622813+00:00,204.132,4,2,api-gateway|customers-service,False,GET,/api/customer/owners,200,1,198.384,1
2026-07-29T14:29:20.524493+00:00,2a2f380ef6cd2dc1,2026-07-29T14:29:16.457272+00:00,74.802,4,2,api-gateway|customers-service,False,GET,/api/customer/owners/1,200,1,72.06,1
2026-07-29T14:29:20.524493+00:00,4b6c3ae353bb0d23,2026-07-29T14:29:16.290126+00:00,33.113,3,2,visits-service|api-gateway,False,GET,/api/visit/owners/1/pets/1/visits,200,0,0.0,1
2026-07-29T14:29:20.524493+00:00,8439081b72f6874d,2026-07-29T14:29:16.124213+00:00,71.283,4,2,api-gateway|customers-service,False,GET,/api/customer/owners/1,200,1,69.464,1
2026-07-29T14:29:20.524493+00:00,555d01ff47287f29,2026-07-29T14:29:15.959707+00:00,166.558,4,2,api-gateway|customers-service,False,GET,/api/customer/owners,200,1,164.685,1
2026-07-29T14:29:20.524493+00:00,4560e7de3a556b76,2026-07-29T14:29:15.789198+00:00,80.502,4,2,api-gateway|customers-service,False,GET,/api/customer/owners/1,200,1,73.753,1
2026-07-29T14:29:20.524493+00:00,fe015d2370f603e3,2026-07-29T14:29:15.622013+00:00,74.02,4,2,api-gateway|customers-service,False,GET,/api/customer/owners/1,200,1,60.737,1
2026-07-29T14:29:20.524493+00:00,ba147f2e4924f618,2026-07-29T14:29:15.442823+00:00,28.847,3,2,visits-service|api-gateway,False,GET,/api/visit/owners/1/pets/1/visits,200,0,0.0,1
2026-07-29T14:29:20.524493+00:00,47d8714b75786e33,2026-07-29T14:29:15.289994+00:00,170.125,4,2,api-gateway|vets-service,False,GET,/api/vet/vets,200,1,155.673,1
2026-07-29T14:29:20.524493+00:00,c746cb84a47e90ea,2026-07-29T14:29:15.122631+00:00,32.4,3,2,visits-service|api-gateway,False,GET,/api/visit/owners/1/pets/1/visits,200,0,0.0,1
2026-07-29T14:29:20.524493+00:00,e7231bcaee442e11,2026-07-29T14:29:14.959465+00:00,62.668,4,2,api-gateway|customers-service,False,GET,/api/customer/owners/1,200,1,60.913,1
2026-07-29T14:29:20.524493+00:00,663e495c0264b89d,2026-07-29T14:29:14.790036+00:00,122.634,4,2,api-gateway|vets-service,False,GET,/api/vet/vets,200,1,108.501,1
2026-07-29T14:29:20.524493+00:00,4ec5248eecb41c5e,2026-07-29T14:29:14.622799+00:00,145.928,4,2,api-gateway|vets-service,False,GET,/api/vet/vets,200,1,131.887,1
2026-07-29T14:29:20.524493+00:00,9acb0311021d4911,2026-07-29T14:29:14.455540+00:00,166.853,4,2,api-gateway|vets-service,False,GET,/api/vet/vets,200,1,152.633,1
2026-07-29T14:29:20.524493+00:00,4463c9d8e546128d,2026-07-29T14:29:14.292847+00:00,71.07,4,2,api-gateway|customers-service,False,GET,/api/customer/owners/1,200,1,69.628,1
2026-07-29T14:29:20.524493+00:00,279304b0303ef15d,2026-07-29T14:29:14.122069+00:00,155.005,4,2,api-gateway|vets-service,False,GET,/api/vet/vets,200,1,138.89,1
2026-07-29T14:29:20.524493+00:00,fa740131204ddb17,2026-07-29T14:29:13.959374+00:00,65.998,4,2,api-gateway|customers-service,False,GET,/api/customer/owners/1,200,1,63.739,1
2026-07-29T14:29:20.524493+00:00,eca3548435461781,2026-07-29T14:29:13.789016+00:00,87.696,4,2,api-gateway|customers-service,False,GET,/api/customer/owners/1,200,1,80.548,1
2026-07-29T14:29:20.524493+00:00,a46b0b8988b973cd,2026-07-29T14:29:13.622816+00:00,300.492,4,2,api-gateway|customers-service,False,GET,/api/customer/owners/1,200,1,294.057,1
2026-07-29T14:29:20.524493+00:00,a28792af409e2fe0,2026-07-29T14:29:13.455842+00:00,355.053,4,2,api-gateway|customers-service,False,GET,/api/customer/owners,200,1,348.064,1
2026-07-29T14:29:20.524493+00:00,1d2e81ae16b50247,2026-07-29T14:29:13.277905+00:00,62.787,4,2,api-gateway|customers-service,False,GET,/api/customer/owners/1,200,1,61.464,1
2026-07-29T14:29:20.524493+00:00,001c11f8dbe1e2e1,2026-07-29T14:29:13.126283+00:00,221.304,4,2,api-gateway|customers-service,False,GET,/api/customer/owners,200,1,219.087,1
2026-07-29T14:29:20.524493+00:00,382b73a53e43b97c,2026-07-29T14:29:12.945579+00:00,127.088,4,2,api-gateway|vets-service,False,GET,/api/vet/vets,200,1,125.61,1
2026-07-29T14:29:20.524493+00:00,cc681cf129b9444f,2026-07-29T14:29:12.778437+00:00,10.676,3,2,visits-service|api-gateway,False,GET,/api/visit/owners/1/pets/1/visits,200,0,0.0,1
2026-07-29T14:29:20.524493+00:00,b7ade9c545f23f15,2026-07-29T14:29:12.622613+00:00,22.873,3,2,visits-service|api-gateway,False,GET,/api/visit/owners/1/pets/1/visits,200,0,0.0,1
2026-07-29T14:29:20.524493+00:00,323cfa8aecebc29e,2026-07-29T14:29:12.454960+00:00,139.2,4,2,api-gateway|vets-service,False,GET,/api/vet/vets,200,1,125.381,1
2026-07-29T14:29:20.524493+00:00,51124704a5d846d1,2026-07-29T14:29:12.277908+00:00,21.418,3,2,visits-service|api-gateway,False,GET,/api/visit/owners/1/pets/1/visits,200,0,0.0,1
2026-07-29T14:29:20.524493+00:00,1e5268f72b00ad12,2026-07-29T14:29:12.122439+00:00,39.3,3,2,visits-service|api-gateway,False,GET,/api/visit/owners/1/pets/1/visits,200,0,0.0,1
2026-07-29T14:29:20.524493+00:00,c57be71eeb182597,2026-07-29T14:29:11.955521+00:00,179.493,4,2,api-gateway|vets-service,False,GET,/api/vet/vets,200,1,162.897,1
2026-07-29T14:29:20.524493+00:00,33a11dde79d10087,2026-07-29T14:29:11.792504+00:00,195.6,4,2,api-gateway|customers-service,False,GET,/api/customer/owners,200,1,193.401,1
2026-07-29T14:29:20.524493+00:00,c5ced8d3ee873222,2026-07-29T14:29:11.622314+00:00,134.086,4,2,api-gateway|vets-service,False,GET,/api/vet/vets,200,1,120.407,1
2026-07-29T14:29:20.524493+00:00,fd981339078d4bf0,2026-07-29T14:29:11.444735+00:00,23.534,3,2,visits-service|api-gateway,False,GET,/api/visit/owners/1/pets/1/visits,200,0,0.0,1
2026-07-29T14:29:20.524493+00:00,10ec1910de35d16d,2026-07-29T14:29:11.277414+00:00,25.661,3,2,visits-service|api-gateway,False,GET,/api/visit/owners/1/pets/1/visits,200,0,0.0,1
2026-07-29T14:29:20.524493+00:00,9438118cfa35a4d3,2026-07-29T14:29:11.124553+00:00,195.059,4,2,api-gateway|customers-service,False,GET,/api/customer/owners,200,1,195.059,1
2026-07-29T14:29:20.524493+00:00,51eb4604e30ceda9,2026-07-29T14:29:10.959709+00:00,74.026,4,2,api-gateway|customers-service,False,GET,/api/customer/owners/1,200,1,71.864,1
2026-07-29T14:29:20.524493+00:00,bb340f2dee96f956,2026-07-29T14:29:10.778085+00:00,20.397,3,2,visits-service|api-gateway,False,GET,/api/visit/owners/1/pets/1/visits,200,0,0.0,1
2026-07-29T14:29:20.524493+00:00,445b542ba31a7388,2026-07-29T14:29:10.622385+00:00,90.816,4,2,api-gateway|customers-service,False,GET,/api/customer/owners/1,200,1,86.426,1
2026-07-29T14:29:20.524493+00:00,3bb696e2f64758ad,2026-07-29T14:29:10.455756+00:00,193.221,4,2,api-gateway|customers-service,False,GET,/api/customer/owners,200,1,187.174,1
2026-07-29T14:29:20.524493+00:00,45cd43d02b9befc9,2026-07-29T14:29:10.278483+00:00,75.209,4,2,api-gateway|customers-service,False,GET,/api/customer/owners/1,200,1,73.958,1
2026-07-29T14:29:20.524493+00:00,1df2d964d7e11ce4,2026-07-29T14:29:10.113789+00:00,168.022,4,2,api-gateway|vets-service,False,GET,/api/vet/vets,200,1,166.67,1
2026-07-29T14:29:20.524493+00:00,63ef42177c1f5ec9,2026-07-29T14:29:09.958882+00:00,199.294,4,2,api-gateway|customers-service,False,GET,/api/customer/owners,200,1,197.447,1
2026-07-29T14:29:20.524493+00:00,3ba0433461acd472,2026-07-29T14:29:09.789162+00:00,88.457,4,2,api-gateway|customers-service,False,GET,/api/customer/owners/1,200,1,81.729,1
2026-07-29T14:29:20.524493+00:00,0ce2dd336928cc08,2026-07-29T14:29:09.623145+00:00,34.917,3,2,visits-service|api-gateway,False,GET,/api/visit/owners/1/pets/1/visits,200,0,0.0,1
2026-07-29T14:29:20.524493+00:00,ff0f4c01a5a7a1f5,2026-07-29T14:29:09.456026+00:00,85.398,4,2,api-gateway|customers-service,False,GET,/api/customer/owners/1,200,1,78.533,1
2026-07-29T14:29:20.524493+00:00,4ca099213eb47598,2026-07-29T14:29:09.278199+00:00,151.169,4,2,api-gateway|vets-service,False,GET,/api/vet/vets,200,1,149.894,1
2026-07-29T14:29:20.524493+00:00,0cc7beaab94eb5ce,2026-07-29T14:29:09.110777+00:00,20.219,3,2,visits-service|api-gateway,False,GET,/api/visit/owners/1/pets/1/visits,200,0,0.0,1
2026-07-29T14:29:20.524493+00:00,116babc536870d12,2026-07-29T14:29:08.959965+00:00,79.76,4,2,api-gateway|customers-service,False,GET,/api/customer/owners/1,200,1,77.578,1
2026-07-29T14:29:20.524493+00:00,1df41a32ee744851,2026-07-29T14:29:08.788575+00:00,153.72,4,2,api-gateway|vets-service,False,GET,/api/vet/vets,200,1,139.637,1
2026-07-29T14:29:20.524493+00:00,942d8d2061cae7cf,2026-07-29T14:29:08.623032+00:00,73.158,4,2,api-gateway|customers-service,False,GET,/api/customer/owners/1,200,1,68.872,1
2026-07-29T14:29:20.524493+00:00,4797bc6b46a79769,2026-07-29T14:29:08.455666+00:00,76.046,4,2,api-gateway|customers-service,False,GET,/api/customer/owners/1,200,1,71.678,1
2026-07-29T14:29:20.524493+00:00,f3cb24bc933a2567,2026-07-29T14:29:08.277855+00:00,20.946,3,2,visits-service|api-gateway,False,GET,/api/visit/owners/1/pets/1/visits,200,0,0.0,1
2026-07-29T14:29:20.524493+00:00,2edcd0f32c1321f2,2026-07-29T14:29:08.109838+00:00,69.01,4,2,api-gateway|customers-service,False,GET,/api/customer/owners/1,200,1,67.802,1
2026-07-29T14:29:20.524493+00:00,43bc39b1b3a659f7,2026-07-29T14:29:07.960076+00:00,74.104,4,2,api-gateway|customers-service,False,GET,/api/customer/owners/1,200,1,71.854,1
2026-07-29T14:29:20.524493+00:00,c274f5fbe34e4353,2026-07-29T14:29:07.778299+00:00,22.842,3,2,visits-service|api-gateway,False,GET,/api/visit/owners/1/pets/1/visits,200,0,0.0,1
2026-07-29T14:29:20.524493+00:00,a0ce051f0782e20e,2026-07-29T14:29:07.622872+00:00,87.09,4,2,api-gateway|customers-service,False,GET,/api/customer/owners/1,200,1,83.217,1
2026-07-29T14:29:20.524493+00:00,51bf4613ab6b6713,2026-07-29T14:29:07.456124+00:00,187.782,4,2,api-gateway|customers-service,False,GET,/api/customer/owners,200,1,181.818,1
2026-07-29T14:29:20.524493+00:00,690f3b83e5fc8ab6,2026-07-29T14:29:07.292250+00:00,188.095,4,2,api-gateway|customers-service,False,GET,/api/customer/owners,200,1,186.122,1
2026-07-29T14:29:20.524493+00:00,7259834f66c7ce77,2026-07-29T14:29:07.122822+00:00,33.124,3,2,visits-service|api-gateway,False,GET,/api/visit/owners/1/pets/1/visits,200,0,0.0,1
2026-07-29T14:29:20.524493+00:00,42ad13bade621ea6,2026-07-29T14:29:06.944612+00:00,14.793,3,2,visits-service|api-gateway,False,GET,/api/visit/owners/1/pets/1/visits,200,0,0.0,1
2026-07-29T14:29:20.524493+00:00,5e4055154a619565,2026-07-29T14:29:06.789340+00:00,33.627,3,2,visits-service|api-gateway,False,GET,/api/visit/owners/1/pets/1/visits,200,0,0.0,1
2026-07-29T14:29:20.524493+00:00,e38dae1015b76048,2026-07-29T14:29:06.609521+00:00,20.562,3,2,visits-service|api-gateway,False,GET,/api/visit/owners/1/pets/1/visits,200,0,0.0,1
2026-07-29T14:29:20.524493+00:00,3238e6824aaf12df,2026-07-29T14:29:06.455433+00:00,164.44,4,2,api-gateway|vets-service,False,GET,/api/vet/vets,200,1,151.238,1
2026-07-29T14:29:20.524493+00:00,abf0ad7d7aed353d,2026-07-29T14:29:06.276758+00:00,19.575,3,2,visits-service|api-gateway,False,GET,/api/visit/owners/1/pets/1/visits,200,0,0.0,1
2026-07-29T14:29:20.524493+00:00,7241f20d3bbbac0d,2026-07-29T14:29:06.124250+00:00,71.954,4,2,api-gateway|customers-service,False,GET,/api/customer/owners/1,200,1,69.802,1
2026-07-29T14:29:20.524493+00:00,1964bbc19fc6db54,2026-07-29T14:29:05.960517+00:00,68.715,4,2,api-gateway|customers-service,False,GET,/api/customer/owners/1,200,1,66.501,1
2026-07-29T14:29:20.524493+00:00,340a83a1b5f2f5ee,2026-07-29T14:29:05.778435+00:00,186.611,4,2,api-gateway|customers-service,False,GET,/api/customer/owners,200,1,185.363,1
2026-07-29T14:29:20.524493+00:00,b777d374c5189f40,2026-07-29T14:29:05.622653+00:00,149.668,4,2,api-gateway|vets-service,False,GET,/api/vet/vets,200,1,136.328,1
2026-07-29T14:29:20.524493+00:00,a24943e28ee69ca7,2026-07-29T14:29:05.455565+00:00,202.027,4,2,api-gateway|customers-service,False,GET,/api/customer/owners,200,1,194.575,1
2026-07-29T14:29:20.524493+00:00,71e984df378d002f,2026-07-29T14:29:05.278225+00:00,23.772,3,2,visits-service|api-gateway,False,GET,/api/visit/owners/1/pets/1/visits,200,0,0.0,1
2026-07-29T14:29:20.524493+00:00,a8418d6c5439a106,2026-07-29T14:29:05.125486+00:00,97.576,4,2,api-gateway|customers-service,False,GET,/api/customer/owners/1,200,1,95.557,1
2026-07-29T14:29:20.524493+00:00,957ac1722765ee8e,2026-07-29T14:29:04.944265+00:00,131.303,4,2,api-gateway|vets-service,False,GET,/api/vet/vets,200,1,129.973,1
2026-07-29T14:29:20.524493+00:00,c827c5ca210dcbb6,2026-07-29T14:29:04.792823+00:00,212.306,4,2,api-gateway|customers-service,False,GET,/api/customer/owners,200,1,210.076,1
2026-07-29T14:29:20.524493+00:00,8448f1d0d85f22cb,2026-07-29T14:29:04.622526+00:00,152.261,4,2,api-gateway|vets-service,False,GET,/api/vet/vets,200,1,138.046,1
2026-07-29T14:29:20.524493+00:00,f92f785c649a411e,2026-07-29T14:29:04.443750+00:00,10.678,3,2,visits-service|api-gateway,False,GET,/api/visit/owners/1/pets/1/visits,200,0,0.0,1
2026-07-29T14:29:20.524493+00:00,2602e97f7dc1e4d8,2026-07-29T14:29:04.291811+00:00,68.042,4,2,api-gateway|customers-service,False,GET,/api/customer/owners/1,200,1,66.76,1
2026-07-29T14:29:20.524493+00:00,18f427e711cd5ed9,2026-07-29T14:29:04.110919+00:00,10.482,3,2,visits-service|api-gateway,False,GET,/api/visit/owners/1/pets/1/visits,200,0,0.0,1
2026-07-29T14:29:20.524493+00:00,90a7779231a8a5c4,2026-07-29T14:29:03.956467+00:00,34.374,3,2,visits-service|api-gateway,False,GET,/api/visit/owners/1/pets/1/visits,200,0,0.0,1
2026-07-29T14:29:20.524493+00:00,57bc437a7884baa4,2026-07-29T14:29:03.789799+00:00,141.928,4,2,api-gateway|vets-service,False,GET,/api/vet/vets,200,1,127.725,1
2026-07-29T14:29:20.524493+00:00,0aa23bd91431727c,2026-07-29T14:29:03.611605+00:00,19.766,3,2,visits-service|api-gateway,False,GET,/api/visit/owners/1/pets/1/visits,200,0,0.0,1
2026-07-29T14:29:20.524493+00:00,4235c33da277854a,2026-07-29T14:29:03.456081+00:00,84.09,4,2,api-gateway|customers-service,False,GET,/api/customer/owners/1,200,1,77.638,1
2026-07-29T14:29:20.524493+00:00,93a1529e1cf26ea9,2026-07-29T14:29:03.293053+00:00,70.282,4,2,api-gateway|customers-service,False,GET,/api/customer/owners/1,200,1,68.133,1
2026-07-29T14:29:20.524493+00:00,60d066d3aa93b32a,2026-07-29T14:29:03.110046+00:00,127.644,4,2,api-gateway|vets-service,False,GET,/api/vet/vets,200,1,126.227,1
2026-07-29T14:29:20.524493+00:00,63eb67d5aab2e186,2026-07-29T14:29:02.945422+00:00,126.708,4,2,api-gateway|vets-service,False,GET,/api/vet/vets,200,1,125.319,1
2026-07-29T14:29:20.524493+00:00,5c639b7790f465ab,2026-07-29T14:29:02.776807+00:00,171.353,4,2,api-gateway|customers-service,False,GET,/api/customer/owners,200,1,170.062,1
2026-07-29T14:29:20.524493+00:00,4a22bd5828d5d978,2026-07-29T14:29:02.622627+00:00,190.283,4,2,api-gateway|customers-service,False,GET,/api/customer/owners,200,1,187.168,1
2026-07-29T14:29:20.524493+00:00,9e7649c069b0bde7,2026-07-29T14:29:02.456174+00:00,187.16,4,2,api-gateway|customers-service,False,GET,/api/customer/owners,200,1,181.871,1
2026-07-29T14:29:20.524493+00:00,1a8941f18f9b5d6a,2026-07-29T14:29:02.277751+00:00,14.923,3,2,visits-service|api-gateway,False,GET,/api/visit/owners/1/pets/1/visits,200,0,0.0,1
2026-07-29T14:29:20.524493+00:00,29d6b788bef75f3e,2026-07-29T14:29:02.122267+00:00,139.038,4,2,api-gateway|vets-service,False,GET,/api/vet/vets,200,1,124.991,1
2026-07-29T14:29:20.524493+00:00,dfc2ed5091eb1c39,2026-07-29T14:29:01.945199+00:00,19.794,3,2,visits-service|api-gateway,False,GET,/api/visit/owners/1/pets/1/visits,200,0,0.0,1
2026-07-29T14:29:20.524493+00:00,df1a824b88ffbf2d,2026-07-29T14:29:01.789016+00:00,34.266,3,2,visits-service|api-gateway,False,GET,/api/visit/owners/1/pets/1/visits,200,0,0.0,1
2026-07-29T14:29:20.524493+00:00,a61e40ef4f42d201,2026-07-29T14:29:01.622156+00:00,189.639,4,2,api-gateway|customers-service,False,GET,/api/customer/owners,200,1,185.69,1
2026-07-29T14:29:20.524493+00:00,9eb3faf5f1c97ff0,2026-07-29T14:29:01.455432+00:00,65.216,4,2,api-gateway|customers-service,False,GET,/api/customer/owners/1,200,1,61.102,1
2026-07-29T14:29:20.524493+00:00,64b9966bec0da2d1,2026-07-29T14:29:01.291362+00:00,27.651,3,2,visits-service|api-gateway,False,GET,/api/visit/owners/1/pets/1/visits,200,0,0.0,1
2026-07-29T14:29:20.524493+00:00,cf8fb782d08288bc,2026-07-29T14:29:01.121779+00:00,35.961,3,2,visits-service|api-gateway,False,GET,/api/visit/owners/1/pets/1/visits,200,0,0.0,1
2026-07-29T14:29:20.524493+00:00,165c2ee6ea704be6,2026-07-29T14:29:00.957393+00:00,169.722,4,2,api-gateway|customers-service,False,GET,/api/customer/owners,200,1,168.064,1
2026-07-29T14:29:20.524493+00:00,7699a00836b5f63f,2026-07-29T14:29:00.789640+00:00,138.686,4,2,api-gateway|vets-service,False,GET,/api/vet/vets,200,1,124.44,1
2026-07-29T14:29:20.524493+00:00,4fd0b7ea0d9abf6f,2026-07-29T14:29:00.622637+00:00,71.342,4,2,api-gateway|customers-service,False,GET,/api/customer/owners/1,200,1,66.095,1
2026-07-29T14:29:20.524493+00:00,22b37eea9e96d575,2026-07-29T14:29:00.455135+00:00,128.84,4,2,api-gateway|vets-service,False,GET,/api/vet/vets,200,1,116.864,1
2026-07-29T14:29:20.524493+00:00,2809fe28d922a853,2026-07-29T14:29:00.277574+00:00,124.108,4,2,api-gateway|vets-service,False,GET,/api/vet/vets,200,1,122.801,1
2026-07-29T14:29:20.524493+00:00,d6698df61fe411fb,2026-07-29T14:29:00.122707+00:00,27.828,3,2,visits-service|api-gateway,False,GET,/api/visit/owners/1/pets/1/visits,200,0,0.0,1
2026-07-29T14:29:20.524493+00:00,f05fd077234b4605,2026-07-29T14:28:59.945785+00:00,180.876,4,2,api-gateway|customers-service,False,GET,/api/customer/owners,200,1,179.499,1
2026-07-29T14:29:20.524493+00:00,07c5d3c76600d19f,2026-07-29T14:28:59.793005+00:00,201.709,4,2,api-gateway|customers-service,False,GET,/api/customer/owners,200,1,199.414,1
2026-07-29T14:29:20.524493+00:00,a75b2af13ef49e8f,2026-07-29T14:28:59.624988+00:00,95.744,4,2,api-gateway|customers-service,False,GET,/api/customer/owners/1,200,1,91.33,1
2026-07-29T14:29:20.524493+00:00,b8a94706e919851a,2026-07-29T14:28:59.455727+00:00,92.671,4,2,api-gateway|customers-service,False,GET,/api/customer/owners/1,200,1,86.088,1
2026-07-29T14:29:20.524493+00:00,29868b2e1651c8c1,2026-07-29T14:28:59.277800+00:00,42.39,3,2,visits-service|api-gateway,False,GET,/api/visit/owners/1/pets/1/visits,200,0,0.0,1
2026-07-29T14:29:20.524493+00:00,41e1c5aa81650437,2026-07-29T14:28:59.122199+00:00,27.706,3,2,visits-service|api-gateway,False,GET,/api/visit/owners/1/pets/1/visits,200,0,0.0,1
2026-07-29T14:29:20.524493+00:00,beed88be4df2eb57,2026-07-29T14:28:58.955945+00:00,31.592,3,2,visits-service|api-gateway,False,GET,/api/visit/owners/1/pets/1/visits,200,0,0.0,1
2026-07-29T14:29:20.524493+00:00,aa48c241b3c5666e,2026-07-29T14:28:58.792410+00:00,187.215,4,2,api-gateway|customers-service,False,GET,/api/customer/owners,200,1,184.94,1
2026-07-29T14:29:20.524493+00:00,3ecffbd09382cc62,2026-07-29T14:28:58.623108+00:00,31.084,3,2,visits-service|api-gateway,False,GET,/api/visit/owners/1/pets/1/visits,200,0,0.0,1
2026-07-29T14:29:20.524493+00:00,2216ccb0b56eabe9,2026-07-29T14:28:58.456856+00:00,131.57,4,2,api-gateway|vets-service,False,GET,/api/vet/vets,200,1,117.595,1
2026-07-29T14:29:20.524493+00:00,fb4e887c0add9379,2026-07-29T14:28:58.276496+00:00,133.114,4,2,api-gateway|vets-service,False,GET,/api/vet/vets,200,1,131.635,1
2026-07-29T14:29:20.524493+00:00,521aa0fbe467ebaa,2026-07-29T14:28:58.129290+00:00,170.492,4,2,api-gateway|customers-service,False,GET,/api/customer/owners,200,1,168.865,1
2026-07-29T14:29:20.524493+00:00,8a7019df7a1dd0ec,2026-07-29T14:28:57.958449+00:00,175.085,4,2,api-gateway|customers-service,False,GET,/api/customer/owners,200,1,173.848,1
2026-07-29T14:29:20.524493+00:00,d2e011903f1f5ce9,2026-07-29T14:28:57.776064+00:00,200.683,4,2,api-gateway|customers-service,False,GET,/api/customer/owners,200,1,199.393,1
2026-07-29T14:29:20.524493+00:00,f1528edac6b26c61,2026-07-29T14:28:57.622128+00:00,146.949,4,2,api-gateway|vets-service,False,GET,/api/vet/vets,200,1,131.535,1
2026-07-29T14:29:20.524493+00:00,3db787b3ce0219a2,2026-07-29T14:28:57.455323+00:00,174.841,4,2,api-gateway|customers-service,False,GET,/api/customer/owners,200,1,170.089,1
2026-07-29T14:29:20.524493+00:00,f6bd5e0740052e20,2026-07-29T14:28:57.276536+00:00,18.33,3,2,visits-service|api-gateway,False,GET,/api/visit/owners/1/pets/1/visits,200,0,0.0,1
2026-07-29T14:29:20.524493+00:00,a30c918873ddeefc,2026-07-29T14:28:57.125436+00:00,69.538,4,2,api-gateway|customers-service,False,GET,/api/customer/owners/1,200,1,68.194,1
2026-07-29T14:29:20.524493+00:00,e3214f1831178216,2026-07-29T14:28:56.944307+00:00,127.458,4,2,api-gateway|vets-service,False,GET,/api/vet/vets,200,1,126.017,1
2026-07-29T14:29:20.524493+00:00,e4e0343094b82a30,2026-07-29T14:28:56.789183+00:00,68.439,4,2,api-gateway|customers-service,False,GET,/api/customer/owners/1,200,1,64.35,1
2026-07-29T14:29:20.524493+00:00,824153bb354e637c,2026-07-29T14:28:56.622982+00:00,186.327,4,2,api-gateway|customers-service,False,GET,/api/customer/owners,200,1,181.037,1
2026-07-29T14:29:20.524493+00:00,3d672cfc3694b8f6,2026-07-29T14:28:56.455462+00:00,91.724,4,2,api-gateway|customers-service,False,GET,/api/customer/owners/1,200,1,85.07,1
2026-07-29T14:29:20.524493+00:00,4f8076b1ba5ebbba,2026-07-29T14:28:56.276084+00:00,147.164,4,2,api-gateway|vets-service,False,GET,/api/vet/vets,200,1,145.592,1
2026-07-29T14:29:20.524493+00:00,a22d3be729a763c0,2026-07-29T14:28:56.124592+00:00,61.65,4,2,api-gateway|customers-service,False,GET,/api/customer/owners/1,200,1,59.833,1
2026-07-29T14:29:20.524493+00:00,eef64a6047d40267,2026-07-29T14:28:55.943708+00:00,66.58,4,2,api-gateway|customers-service,False,GET,/api/customer/owners/1,200,1,65.198,1
2026-07-29T14:29:20.524493+00:00,64a5f16177b21560,2026-07-29T14:28:55.793836+00:00,189.501,4,2,api-gateway|customers-service,False,GET,/api/customer/owners,200,1,187.866,1
2026-07-29T14:29:20.524493+00:00,4a189c3751469c0a,2026-07-29T14:28:55.621605+00:00,20.711,3,2,visits-service|api-gateway,False,GET,/api/visit/owners/1/pets/1/visits,200,0,0.0,1
2026-07-29T14:29:20.524493+00:00,4a42fccdcc34abd4,2026-07-29T14:28:55.456086+00:00,139.177,4,2,api-gateway|vets-service,False,GET,/api/vet/vets,200,1,126.12,1
2026-07-29T14:29:20.524493+00:00,a1b79a66e29048b0,2026-07-29T14:28:55.288331+00:00,206.911,3,2,visits-service|api-gateway,False,GET,/api/visit/owners/1/pets/1/visits,200,0,0.0,1
2026-07-29T14:29:20.524493+00:00,0d0c458c6f329326,2026-07-29T14:28:55.122012+00:00,137.133,3,2,visits-service|api-gateway,False,GET,/api/visit/owners/1/pets/1/visits,200,0,0.0,1
2026-07-29T14:29:20.524493+00:00,cef63bc192f8193c,2026-07-29T14:28:54.960585+00:00,307.058,4,2,api-gateway|customers-service,False,GET,/api/customer/owners/1,200,1,305.385,1
2026-07-29T14:29:20.524493+00:00,8b9292e4875b90e3,2026-07-29T14:28:54.789283+00:00,775.077,4,2,api-gateway|vets-service,False,GET,/api/vet/vets,200,1,762.027,1
2026-07-29T14:29:20.524493+00:00,65ca62bb878b900b,2026-07-29T14:28:54.622771+00:00,923.188,4,2,api-gateway|customers-service,False,GET,/api/customer/owners,200,1,918.501,1
2026-07-29T14:29:20.524493+00:00,5b6fdbfe05273d89,2026-07-29T14:28:54.455850+00:00,1020.156,4,2,api-gateway|customers-service,False,GET,/api/customer/owners,200,1,1015.09,1
2026-07-29T14:29:20.524493+00:00,1232ea9375e8e6e8,2026-07-29T14:28:54.288933+00:00,266.567,4,2,api-gateway|customers-service,False,GET,/api/customer/owners/1,200,1,262.465,1
2026-07-29T14:29:20.524493+00:00,f9de0bd7bfdf0d6f,2026-07-29T14:28:54.126747+00:00,1125.765,4,2,api-gateway|customers-service,False,GET,/api/customer/owners,200,1,1122.924,1
2026-07-29T14:29:20.524493+00:00,f253fd7c6e8cb1a0,2026-07-29T14:28:53.955765+00:00,102.84,3,2,visits-service|api-gateway,False,GET,/api/visit/owners/1/pets/1/visits,200,0,0.0,1
2026-07-29T14:29:20.524493+00:00,61a9f6dd55c39d19,2026-07-29T14:28:53.789361+00:00,21.539,3,2,visits-service|api-gateway,False,GET,/api/visit/owners/1/pets/1/visits,200,0,0.0,1
2026-07-29T14:29:20.524493+00:00,943302df6a867af1,2026-07-29T14:28:53.624915+00:00,677.136,4,2,api-gateway|customers-service,False,GET,/api/customer/owners/1,200,1,675.656,1
2026-07-29T14:29:20.524493+00:00,1f089b01bb4f330f,2026-07-29T14:28:53.455396+00:00,127.419,3,2,visits-service|api-gateway,False,GET,/api/visit/owners/1/pets/1/visits,200,0,0.0,1
2026-07-29T14:29:20.524493+00:00,2ae9a1ebc846c8ba,2026-07-29T14:28:53.289528+00:00,45.056,3,2,visits-service|api-gateway,False,GET,/api/visit/owners/1/pets/1/visits,200,0,0.0,1
2026-07-29T14:29:20.524493+00:00,09a8b472a7ce0bbb,2026-07-29T14:28:53.109314+00:00,1180.755,4,2,api-gateway|customers-service,False,GET,/api/customer/owners,200,1,1179.315,1
2026-07-29T14:29:20.524493+00:00,7ec4f0db5a7daea4,2026-07-29T14:28:52.957849+00:00,361.781,4,2,api-gateway|customers-service,False,GET,/api/customer/owners/1,200,1,359.868,1
2026-07-29T14:29:20.524493+00:00,0c5a3e178669d21d,2026-07-29T14:28:52.788695+00:00,794.779,4,2,api-gateway|vets-service,False,GET,/api/vet/vets,200,1,782.733,1
2026-07-29T14:29:20.524493+00:00,84c558f15c09afa5,2026-07-29T14:28:52.622688+00:00,967.711,4,2,api-gateway|customers-service,False,GET,/api/customer/owners,200,1,962.091,1
2026-07-29T14:29:20.524493+00:00,82842b5b8c916a5b,2026-07-29T14:28:52.455972+00:00,1102.042,4,2,api-gateway|customers-service,False,GET,/api/customer/owners,200,1,1094.977,1
2026-07-29T14:29:20.524493+00:00,c3cb391bb9c0733f,2026-07-29T14:28:52.292796+00:00,674.712,4,2,api-gateway|customers-service,False,GET,/api/customer/owners/1,200,1,672.989,1
2026-07-29T14:29:20.524493+00:00,4cba896ea46ecc6b,2026-07-29T14:28:52.110482+00:00,135.39,3,2,visits-service|api-gateway,False,GET,/api/visit/owners/1/pets/1/visits,200,0,0.0,1
2026-07-29T14:29:20.524493+00:00,c84befe6ae2885da,2026-07-29T14:28:51.957574+00:00,1160.279,4,2,api-gateway|customers-service,False,GET,/api/customer/owners,200,1,1158.219,1
2026-07-29T14:29:20.524493+00:00,43197d05d7821874,2026-07-29T14:28:51.788037+00:00,695.119,4,2,api-gateway|customers-service,False,GET,/api/customer/owners/1,200,1,690.113,1
2026-07-29T14:29:20.524493+00:00,e40b4131d3e08ddf,2026-07-29T14:28:51.610810+00:00,401.236,4,2,api-gateway|customers-service,False,GET,/api/customer/owners/1,200,1,400.149,1
2026-07-29T14:29:20.524493+00:00,74d32a1a0dc39561,2026-07-29T14:28:51.455986+00:00,331.395,4,2,api-gateway|customers-service,False,GET,/api/customer/owners/1,200,1,326.656,1
2026-07-29T14:29:20.524493+00:00,0241d776108da969,2026-07-29T14:28:51.288779+00:00,55.961,3,2,visits-service|api-gateway,False,GET,/api/visit/owners/1/pets/1/visits,200,0,0.0,1
2026-07-29T14:29:20.524493+00:00,4db10469e361a856,2026-07-29T14:28:51.124082+00:00,222.462,4,2,api-gateway|customers-service,False,GET,/api/customer/owners/1,200,1,220.902,1
2026-07-29T14:29:20.524493+00:00,fc88612c8755ed91,2026-07-29T14:28:50.956197+00:00,183.525,3,2,visits-service|api-gateway,False,GET,/api/visit/owners/1/pets/1/visits,200,0,0.0,1
2026-07-29T14:29:20.524493+00:00,2c42d6d02020a5e8,2026-07-29T14:28:50.778557+00:00,548.863,4,2,api-gateway|vets-service,False,GET,/api/vet/vets,200,1,547.705,1
2026-07-29T14:29:20.524493+00:00,9e5e60c9b038907c,2026-07-29T14:28:50.622237+00:00,137.215,4,2,api-gateway|vets-service,False,GET,/api/vet/vets,200,1,122.891,1
2026-07-29T14:29:20.524493+00:00,b47dc43f483d7a4d,2026-07-29T14:28:50.455997+00:00,25.715,3,2,visits-service|api-gateway,False,GET,/api/visit/owners/1/pets/1/visits,200,0,0.0,1
2026-07-29T14:29:20.524493+00:00,15eb8ed8202bc8bf,2026-07-29T14:28:50.279615+00:00,18.193,3,2,visits-service|api-gateway,False,GET,/api/visit/owners/1/pets/1/visits,200,0,0.0,1
2026-07-29T14:29:20.524493+00:00,4532cdb2e22528ee,2026-07-29T14:28:50.124838+00:00,72.379,4,2,api-gateway|customers-service,False,GET,/api/customer/owners/1,200,1,70.662,1
2026-07-29T14:29:20.524493+00:00,98b8f8fbc487eaea,2026-07-29T14:28:49.954944+00:00,32.123,3,2,visits-service|api-gateway,False,GET,/api/visit/owners/1/pets/1/visits,200,0,0.0,1
2026-07-29T14:29:20.524493+00:00,43aba6d15ceb486a,2026-07-29T14:28:49.791225+00:00,174.637,4,2,api-gateway|customers-service,False,GET,/api/customer/owners,200,1,173.224,1
2026-07-29T14:29:20.524493+00:00,064a97d8186e01f2,2026-07-29T14:28:49.622629+00:00,134.236,4,2,api-gateway|vets-service,False,GET,/api/vet/vets,200,1,122.207,1
2026-07-29T14:29:20.524493+00:00,772b75a8df7df5cb,2026-07-29T14:28:49.455692+00:00,179.025,4,2,api-gateway|customers-service,False,GET,/api/customer/owners,200,1,172.614,1
2026-07-29T14:29:20.524493+00:00,41c34b46c044541b,2026-07-29T14:28:49.288719+00:00,188.849,4,2,api-gateway|customers-service,False,GET,/api/customer/owners,200,1,183.521,1
2026-07-29T14:29:20.524493+00:00,3e225ee5a3373d98,2026-07-29T14:28:49.111481+00:00,60.809,4,2,api-gateway|customers-service,False,GET,/api/customer/owners/1,200,1,59.576,1
2026-07-29T14:29:20.524493+00:00,aeb116d401e3aa0d,2026-07-29T14:28:48.943268+00:00,339.44,4,2,api-gateway|vets-service,False,GET,/api/vet/vets,200,1,338.099,1
2026-07-29T14:29:20.524493+00:00,4d1d80cde63f485b,2026-07-29T14:28:48.791254+00:00,176.526,4,2,api-gateway|customers-service,False,GET,/api/customer/owners,200,1,175.172,1
2026-07-29T14:29:20.524493+00:00,a7e6933723c85b35,2026-07-29T14:28:48.622351+00:00,150.781,4,2,api-gateway|vets-service,False,GET,/api/vet/vets,200,1,132.58,1
2026-07-29T14:29:20.524493+00:00,7f313edf98c12af5,2026-07-29T14:28:48.455698+00:00,68.31,4,2,api-gateway|customers-service,False,GET,/api/customer/owners/1,200,1,63.143,1
2026-07-29T14:29:20.524493+00:00,632779f246da9e62,2026-07-29T14:28:48.278100+00:00,126.272,4,2,api-gateway|vets-service,False,GET,/api/vet/vets,200,1,124.928,1
2026-07-29T14:29:20.524493+00:00,82892f8e23daa888,2026-07-29T14:28:48.109325+00:00,118.994,4,2,api-gateway|vets-service,False,GET,/api/vet/vets,200,1,117.725,1
2026-07-29T14:29:20.524493+00:00,620ddc083fbddba7,2026-07-29T14:28:47.943153+00:00,107.894,4,2,api-gateway|vets-service,False,GET,/api/vet/vets,200,1,106.536,1
2026-07-29T14:29:20.524493+00:00,5d36013731c9ff06,2026-07-29T14:28:47.791470+00:00,155.432,4,2,api-gateway|customers-service,False,GET,/api/customer/owners,200,1,155.432,1
2026-07-29T14:29:20.524493+00:00,e278169b94788dfa,2026-07-29T14:28:47.622820+00:00,151.206,4,2,api-gateway|vets-service,False,GET,/api/vet/vets,200,1,138.855,1
2026-07-29T14:29:20.524493+00:00,333a9f83849dc20a,2026-07-29T14:28:47.457642+00:00,139.779,4,2,api-gateway|vets-service,False,GET,/api/vet/vets,200,1,126.682,1
2026-07-29T14:29:20.524493+00:00,60f8b376b247fadb,2026-07-29T14:28:47.289173+00:00,187.707,4,2,api-gateway|customers-service,False,GET,/api/customer/owners,200,1,181.168,1
2026-07-29T14:29:20.524493+00:00,f747aab6eebd23a1,2026-07-29T14:28:47.124847+00:00,58.754,4,2,api-gateway|customers-service,False,GET,/api/customer/owners/1,200,1,57.278,1
2026-07-29T14:29:20.524493+00:00,4431297eb439d948,2026-07-29T14:28:46.958226+00:00,68.397,4,2,api-gateway|customers-service,False,GET,/api/customer/owners/1,200,1,66.589,1
2026-07-29T14:29:20.524493+00:00,3ae3eb15a3647216,2026-07-29T14:28:46.775831+00:00,141.488,4,2,api-gateway|vets-service,False,GET,/api/vet/vets,200,1,140.339,1
2026-07-29T14:29:20.524493+00:00,286216ca0122f763,2026-07-29T14:28:46.609915+00:00,188.115,4,2,api-gateway|customers-service,False,GET,/api/customer/owners,200,1,186.887,1
2026-07-29T14:29:20.524493+00:00,63775b13ad468c13,2026-07-29T14:28:46.456005+00:00,29.977,3,2,visits-service|api-gateway,False,GET,/api/visit/owners/1/pets/1/visits,200,0,0.0,1
2026-07-29T14:29:20.524493+00:00,b2bed91b85ac303a,2026-07-29T14:28:46.275764+00:00,129.626,4,2,api-gateway|vets-service,False,GET,/api/vet/vets,200,1,128.287,1
2026-07-29T14:29:20.524493+00:00,eacd794eaaf0f8a1,2026-07-29T14:28:46.124406+00:00,153.981,4,2,api-gateway|customers-service,False,GET,/api/customer/owners,200,1,152.361,1
2026-07-29T14:29:20.524493+00:00,13ef0b0706feffba,2026-07-29T14:28:45.960879+00:00,59.639,4,2,api-gateway|customers-service,False,GET,/api/customer/owners/1,200,1,59.639,1
2026-07-29T14:29:20.524493+00:00,530e40068d2ef565,2026-07-29T14:28:45.792232+00:00,213.763,4,2,api-gateway|customers-service,False,GET,/api/customer/owners/1,200,1,211.819,1
2026-07-29T14:29:20.524493+00:00,3412e36ced07ced0,2026-07-29T14:28:45.624370+00:00,381.638,4,2,api-gateway|customers-service,False,GET,/api/customer/owners/1,200,1,380.213,1
2026-07-29T14:29:20.524493+00:00,23aeab91414a463b,2026-07-29T14:28:45.456045+00:00,507.016,4,2,api-gateway|vets-service,False,GET,/api/vet/vets,200,1,493.103,1
2026-07-29T14:29:20.524493+00:00,b3e6be12c79ec80a,2026-07-29T14:28:45.277697+00:00,113.67,4,2,api-gateway|vets-service,False,GET,/api/vet/vets,200,1,112.255,1
2026-07-29T14:29:20.524493+00:00,6758685f2546e5ab,2026-07-29T14:28:45.112287+00:00,124.235,4,2,api-gateway|vets-service,False,GET,/api/vet/vets,200,1,122.884,1
2026-07-29T14:29:20.524493+00:00,22cba6bc6abe4a02,2026-07-29T14:28:44.956381+00:00,34.812,3,2,visits-service|api-gateway,False,GET,/api/visit/owners/1/pets/1/visits,200,0,0.0,1
2026-07-29T14:29:20.524493+00:00,4e83d02cafd94918,2026-07-29T14:28:44.793137+00:00,196.099,4,2,api-gateway|customers-service,False,GET,/api/customer/owners,200,1,191.459,1
2026-07-29T14:29:20.524493+00:00,4064452eb82bc43f,2026-07-29T14:28:44.609939+00:00,116.635,4,2,api-gateway|vets-service,False,GET,/api/vet/vets,200,1,115.348,1
2026-07-29T14:29:20.524493+00:00,4a0cfba4486a846c,2026-07-29T14:28:44.455334+00:00,191.855,4,2,api-gateway|customers-service,False,GET,/api/customer/owners,200,1,187.921,1
2026-07-29T14:29:20.524493+00:00,1c762db24b360214,2026-07-29T14:28:44.279005+00:00,119.851,4,2,api-gateway|vets-service,False,GET,/api/vet/vets,200,1,118.404,1
2026-07-29T14:29:20.524493+00:00,b7ae7446d4f8e19d,2026-07-29T14:28:44.109893+00:00,67.678,4,2,api-gateway|customers-service,False,GET,/api/customer/owners/1,200,1,66.326,1
2026-07-29T14:29:20.524493+00:00,f7dbbafb426d7cba,2026-07-29T14:28:43.956133+00:00,140.363,4,2,api-gateway|vets-service,False,GET,/api/vet/vets,200,1,121.767,1
2026-07-29T14:29:20.524493+00:00,c256b014c8ff5715,2026-07-29T14:28:43.793592+00:00,69.334,4,2,api-gateway|customers-service,False,GET,/api/customer/owners/1,200,1,67.001,1
2026-07-29T14:29:20.524493+00:00,13c98c5fa653ab61,2026-07-29T14:28:43.611262+00:00,135.163,4,2,api-gateway|vets-service,False,GET,/api/vet/vets,200,1,133.861,1
2026-07-29T14:29:20.524493+00:00,c5c7891345bdc9e4,2026-07-29T14:28:43.455412+00:00,82.653,4,2,api-gateway|customers-service,False,GET,/api/customer/owners/1,200,1,78.087,1
2026-07-29T14:29:20.524493+00:00,ec93f7fa76021bbb,2026-07-29T14:28:43.284901+00:00,37.005,3,2,visits-service|api-gateway,False,GET,/api/visit/owners/1/pets/1/visits,200,0,0.0,1
2026-07-29T14:29:20.524493+00:00,97ea5e0e05d9ca21,2026-07-29T14:28:43.121993+00:00,29.953,3,2,visits-service|api-gateway,False,GET,/api/visit/owners/1/pets/1/visits,200,0,0.0,1
2026-07-29T14:29:20.524493+00:00,28e3cf9c08de4515,2026-07-29T14:28:42.957240+00:00,180.974,4,2,api-gateway|customers-service,False,GET,/api/customer/owners,200,1,179.478,1
2026-07-29T14:29:20.524493+00:00,ec80419281f9fc3c,2026-07-29T14:28:42.790534+00:00,69.205,4,2,api-gateway|customers-service,False,GET,/api/customer/owners/1,200,1,61.717,1
2026-07-29T14:29:20.524493+00:00,cf32cd2d18ce18d2,2026-07-29T14:28:42.624362+00:00,393.557,4,2,api-gateway|customers-service,False,GET,/api/customer/owners,200,1,392.266,1
2026-07-29T14:29:20.524493+00:00,d71b0571082ac511,2026-07-29T14:28:42.455807+00:00,133.888,4,2,api-gateway|vets-service,False,GET,/api/vet/vets,200,1,120.213,1
2026-07-29T14:29:20.524493+00:00,3a26f9c2f929701c,2026-07-29T14:28:42.277764+00:00,20.914,3,2,visits-service|api-gateway,False,GET,/api/visit/owners/1/pets/1/visits,200,0,0.0,1
2026-07-29T14:29:20.524493+00:00,78e2c547dfa552ff,2026-07-29T14:28:42.109680+00:00,115.307,4,2,api-gateway|vets-service,False,GET,/api/vet/vets,200,1,113.799,1
2026-07-29T14:29:20.524493+00:00,3a5c1acebf3f81d9,2026-07-29T14:28:41.955831+00:00,30.134,3,2,visits-service|api-gateway,False,GET,/api/visit/owners/1/pets/1/visits,200,0,0.0,1
2026-07-29T14:29:20.524493+00:00,fcbc33a5065af0ed,2026-07-29T14:28:41.789291+00:00,131.468,4,2,api-gateway|vets-service,False,GET,/api/vet/vets,200,1,116.653,1
2026-07-29T14:29:20.524493+00:00,6a5eb6c783a0727e,2026-07-29T14:28:41.622273+00:00,77.888,4,2,api-gateway|customers-service,False,GET,/api/customer/owners/1,200,1,72.303,1
2026-07-29T14:29:20.524493+00:00,779d39ec9e64c7f7,2026-07-29T14:28:41.443739+00:00,189.102,4,2,api-gateway|customers-service,False,GET,/api/customer/owners,200,1,187.769,1
2026-07-29T14:29:20.524493+00:00,2cf4e4343c48968a,2026-07-29T14:28:41.291418+00:00,72.594,4,2,api-gateway|customers-service,False,GET,/api/customer/owners/1,200,1,72.594,1
2026-07-29T14:29:20.524493+00:00,07af4d13c8ecf257,2026-07-29T14:28:41.125398+00:00,177.18,4,2,api-gateway|customers-service,False,GET,/api/customer/owners,200,1,175.802,1
2026-07-29T14:29:20.524493+00:00,00a49bf4a943f223,2026-07-29T14:28:40.946077+00:00,144.638,4,2,api-gateway|vets-service,False,GET,/api/vet/vets,200,1,143.348,1
2026-07-29T14:29:20.524493+00:00,22633666cca34578,2026-07-29T14:28:40.789360+00:00,32.62,3,2,visits-service|api-gateway,False,GET,/api/visit/owners/1/pets/1/visits,200,0,0.0,1
2026-07-29T14:29:20.524493+00:00,6490be4b75f3eaa2,2026-07-29T14:28:40.623230+00:00,28.104,3,2,visits-service|api-gateway,False,GET,/api/visit/owners/1/pets/1/visits,200,0,0.0,1
2026-07-29T14:29:20.524493+00:00,15f0080d289cf290,2026-07-29T14:28:40.457563+00:00,441.54,4,2,api-gateway|customers-service,False,GET,/api/customer/owners,200,1,439.652,1
2026-07-29T14:29:20.524493+00:00,bff2d3a7ff75f1c1,2026-07-29T14:28:40.289219+00:00,353.495,4,2,api-gateway|vets-service,False,GET,/api/vet/vets,200,1,340.817,1
2026-07-29T14:29:20.524493+00:00,922460f1f79fde52,2026-07-29T14:28:40.111621+00:00,19.405,3,2,visits-service|api-gateway,False,GET,/api/visit/owners/1/pets/1/visits,200,0,0.0,1
2026-07-29T14:29:20.524493+00:00,3b312ae33c16140e,2026-07-29T14:28:39.956867+00:00,130.388,4,2,api-gateway|vets-service,False,GET,/api/vet/vets,200,1,116.795,1
2026-07-29T14:29:20.524493+00:00,b454dffeed377eeb,2026-07-29T14:28:39.793035+00:00,70.807,4,2,api-gateway|customers-service,False,GET,/api/customer/owners/1,200,1,68.469,1
2026-07-29T14:29:20.524493+00:00,7a3f8ce7ecf24b85,2026-07-29T14:28:39.622767+00:00,80.203,4,2,api-gateway|customers-service,False,GET,/api/customer/owners/1,200,1,73.426,1
2026-07-29T14:29:20.524493+00:00,5486eab47154f022,2026-07-29T14:28:39.455362+00:00,184.914,4,2,api-gateway|customers-service,False,GET,/api/customer/owners,200,1,177.751,1
2026-07-29T14:29:20.524493+00:00,10cc9fff3f78ae7e,2026-07-29T14:28:39.288818+00:00,135.592,4,2,api-gateway|vets-service,False,GET,/api/vet/vets,200,1,121.209,1
2026-07-29T14:29:20.524493+00:00,d5d0a1d0a96d7790,2026-07-29T14:28:39.110944+00:00,166.87,4,2,api-gateway|customers-service,False,GET,/api/customer/owners,200,1,165.467,1
2026-07-29T14:29:20.524493+00:00,0aea3601d6f04754,2026-07-29T14:28:38.956389+00:00,30.943,3,2,visits-service|api-gateway,False,GET,/api/visit/owners/1/pets/1/visits,200,0,0.0,1
2026-07-29T14:29:20.524493+00:00,556d9571b04f4a5c,2026-07-29T14:28:38.793288+00:00,66.697,4,2,api-gateway|customers-service,False,GET,/api/customer/owners/1,200,1,64.462,1
2026-07-29T14:29:20.524493+00:00,cd3c83bb3a444642,2026-07-29T14:28:38.623224+00:00,29.997,3,2,visits-service|api-gateway,False,GET,/api/visit/owners/1/pets/1/visits,200,0,0.0,1
2026-07-29T14:29:20.524493+00:00,508438957209475c,2026-07-29T14:28:38.455707+00:00,133.994,4,2,api-gateway|vets-service,False,GET,/api/vet/vets,200,1,117.241,1
2026-07-29T14:29:20.524493+00:00,db5c42850f25af43,2026-07-29T14:28:38.277406+00:00,11.679,3,2,visits-service|api-gateway,False,GET,/api/visit/owners/1/pets/1/visits,200,0,0.0,1
2026-07-29T14:29:20.524493+00:00,76b2e3369a61ff47,2026-07-29T14:28:38.109311+00:00,19.322,3,2,visits-service|api-gateway,False,GET,/api/visit/owners/1/pets/1/visits,200,0,0.0,1
2026-07-29T14:29:20.524493+00:00,599b257b42231ecf,2026-07-29T14:28:37.957095+00:00,29.594,3,2,visits-service|api-gateway,False,GET,/api/visit/owners/1/pets/1/visits,200,0,0.0,1
2026-07-29T14:29:20.524493+00:00,30d322c3e9e5ec0c,2026-07-29T14:28:37.776747+00:00,127.92,4,2,api-gateway|vets-service,False,GET,/api/vet/vets,200,1,126.498,1
2026-07-29T14:29:20.524493+00:00,34e9238ad566526f,2026-07-29T14:28:37.622149+00:00,83.065,4,2,api-gateway|customers-service,False,GET,/api/customer/owners/1,200,1,77.785,1
2026-07-29T14:29:20.524493+00:00,388e93a5e88b508d,2026-07-29T14:28:37.455139+00:00,32.037,3,2,visits-service|api-gateway,False,GET,/api/visit/owners/1/pets/1/visits,200,0,0.0,1
2026-07-29T14:29:20.524493+00:00,62083eba01f31928,2026-07-29T14:28:37.288992+00:00,131.039,4,2,api-gateway|vets-service,False,GET,/api/vet/vets,200,1,118.35,1
2026-07-29T14:29:20.524493+00:00,2ad41812e6c4485a,2026-07-29T14:28:37.124897+00:00,188.499,4,2,api-gateway|customers-service,False,GET,/api/customer/owners,200,1,187.1,1
2026-07-29T14:29:20.524493+00:00,1ca09e97929e61c9,2026-07-29T14:28:36.957849+00:00,176.698,4,2,api-gateway|customers-service,False,GET,/api/customer/owners,200,1,175.156,1
2026-07-29T14:29:20.524493+00:00,a9933598da104e03,2026-07-29T14:28:36.793285+00:00,194.183,4,2,api-gateway|customers-service,False,GET,/api/customer/owners,200,1,192.388,1
2026-07-29T14:29:20.524493+00:00,39a6cda15269cf72,2026-07-29T14:28:36.622423+00:00,33.799,3,2,visits-service|api-gateway,False,GET,/api/visit/owners/1/pets/1/visits,200,0,0.0,1
2026-07-29T14:29:20.524493+00:00,c824b0ae0a3df3d7,2026-07-29T14:28:36.456060+00:00,145.104,4,2,api-gateway|vets-service,False,GET,/api/vet/vets,200,1,130.453,1
2026-07-29T14:29:20.524493+00:00,f2fbd238525753c9,2026-07-29T14:28:36.291124+00:00,57.35,4,2,api-gateway|customers-service,False,GET,/api/customer/owners/1,200,1,55.916,1
2026-07-29T14:29:20.524493+00:00,6802bf1536383f2e,2026-07-29T14:28:36.110628+00:00,118.486,4,2,api-gateway|vets-service,False,GET,/api/vet/vets,200,1,116.941,1
2026-07-29T14:29:20.524493+00:00,0ef7d47442b657b2,2026-07-29T14:28:35.955992+00:00,26.019,3,2,visits-service|api-gateway,False,GET,/api/visit/owners/1/pets/1/visits,200,0,0.0,1
2026-07-29T14:29:20.524493+00:00,8c4097f500daf1db,2026-07-29T14:28:35.816356+00:00,169.43,4,2,api-gateway|customers-service,False,GET,/api/customer/owners,200,1,168.62,1
2026-07-29T14:29:20.524493+00:00,d1939ff83720c820,2026-07-29T14:28:35.622200+00:00,321.154,4,2,api-gateway|vets-service,False,GET,/api/vet/vets,200,1,307.121,1
2026-07-29T14:29:20.524493+00:00,d0dd45ed0949046f,2026-07-29T14:28:35.460240+00:00,528.042,4,2,api-gateway|customers-service,False,GET,/api/customer/owners,200,1,525.664,1
2026-07-29T14:29:20.524493+00:00,8e1f41d31172798b,2026-07-29T14:28:35.293015+00:00,580.626,4,2,api-gateway|customers-service,False,GET,/api/customer/owners/1,200,1,578.717,1
2026-07-29T14:29:20.524493+00:00,755d133a61e4e1c0,2026-07-29T14:28:35.123795+00:00,748.977,4,2,api-gateway|customers-service,False,GET,/api/customer/owners/1,200,1,747.431,1
2026-07-29T14:29:20.524493+00:00,27316696dd1667f7,2026-07-29T14:28:34.962164+00:00,910.695,4,2,api-gateway|customers-service,False,GET,/api/customer/owners/1,200,1,908.778,1
2026-07-29T14:29:20.524493+00:00,9798ee49818a5d88,2026-07-29T14:28:34.777248+00:00,1146.393,4,2,api-gateway|vets-service,False,GET,/api/vet/vets,200,1,1145.347,1
2026-07-29T14:29:20.524493+00:00,d9b5a7b6d04da74c,2026-07-29T14:28:34.622879+00:00,155.819,3,2,visits-service|api-gateway,False,GET,/api/visit/owners/1/pets/1/visits,200,0,0.0,1
2026-07-29T14:29:20.524493+00:00,0c653d2df29aac71,2026-07-29T14:28:34.456033+00:00,1354.174,4,2,api-gateway|customers-service,False,GET,/api/customer/owners/1,200,1,1348.633,1
2026-07-29T14:29:20.524493+00:00,ae319c0a7f45b43f,2026-07-29T14:28:34.289039+00:00,1598.304,4,2,api-gateway|vets-service,False,GET,/api/vet/vets,200,1,1585.321,1
2026-07-29T14:29:20.524493+00:00,6e8f7d882c98820d,2026-07-29T14:28:34.110906+00:00,143.479,3,2,visits-service|api-gateway,False,GET,/api/visit/owners/1/pets/1/visits,200,0,0.0,1
2026-07-29T14:29:20.524493+00:00,981932e3ec6fcfa8,2026-07-29T14:28:33.960036+00:00,1878.737,4,2,api-gateway|customers-service,False,GET,/api/customer/owners,200,1,1876.457,1
2026-07-29T14:29:20.524493+00:00,5eef91edc3ecc033,2026-07-29T14:28:33.789046+00:00,40.51,3,2,visits-service|api-gateway,False,GET,/api/visit/owners/1/pets/1/visits,200,0,0.0,1
2026-07-29T14:29:20.524493+00:00,077825712f713509,2026-07-29T14:28:33.622383+00:00,886.748,4,2,api-gateway|vets-service,False,GET,/api/vet/vets,200,1,874.807,1
2026-07-29T14:29:20.524493+00:00,97d466fdcf226243,2026-07-29T14:28:33.455953+00:00,1083.493,4,2,api-gateway|customers-service,False,GET,/api/customer/owners,200,1,1077.115,1
2026-07-29T14:29:20.524493+00:00,a6d2315378aec44d,2026-07-29T14:28:33.277888+00:00,749.307,4,2,api-gateway|vets-service,False,GET,/api/vet/vets,200,1,748.019,1
2026-07-29T14:29:20.524493+00:00,7e33301910928d3c,2026-07-29T14:28:33.123035+00:00,933.954,4,2,api-gateway|vets-service,False,GET,/api/vet/vets,200,1,912.068,1
2026-07-29T14:29:20.524493+00:00,3b45d36f704a6857,2026-07-29T14:28:32.959335+00:00,1082.66,4,2,api-gateway|customers-service,False,GET,/api/customer/owners,200,1,1080.318,1
2026-07-29T14:29:20.524493+00:00,ca85143dd01f7a71,2026-07-29T14:28:32.789595+00:00,799.224,4,2,api-gateway|customers-service,False,GET,/api/customer/owners,200,1,793.299,1
2026-07-29T14:29:20.524493+00:00,3e16a92308bc3ef2,2026-07-29T14:28:32.622105+00:00,1188.244,4,2,api-gateway|customers-service,False,GET,/api/customer/owners,200,1,1184.247,1
2026-07-29T14:29:20.524493+00:00,5865402013f61ea7,2026-07-29T14:28:32.455862+00:00,69.001,3,2,visits-service|api-gateway,False,GET,/api/visit/owners/1/pets/1/visits,200,0,0.0,1
2026-07-29T14:29:20.524493+00:00,03284205ddb0575f,2026-07-29T14:28:32.288893+00:00,330.843,4,2,api-gateway|customers-service,False,GET,/api/customer/owners/1,200,1,324.404,1
2026-07-29T14:29:20.524493+00:00,8f3a64134193969b,2026-07-29T14:28:32.122981+00:00,516.973,4,2,api-gateway|vets-service,False,GET,/api/vet/vets,200,1,503.972,1
2026-07-29T14:29:20.524493+00:00,4e7f8f47b11ff32f,2026-07-29T14:28:31.959999+00:00,338.029,4,2,api-gateway|customers-service,False,GET,/api/customer/owners/1,200,1,335.772,1
2026-07-29T14:29:20.524493+00:00,0ec4de8ff5864448,2026-07-29T14:28:31.789715+00:00,24.986,3,2,visits-service|api-gateway,False,GET,/api/visit/owners/1/pets/1/visits,200,0,0.0,1
2026-07-29T14:29:20.524493+00:00,0f52b42f2ffe037d,2026-07-29T14:28:31.623104+00:00,179.449,3,2,visits-service|api-gateway,False,GET,/api/visit/owners/1/pets/1/visits,200,0,0.0,1
2026-07-29T14:29:20.524493+00:00,829bb25f0cddfff6,2026-07-29T14:28:31.456103+00:00,109.324,3,2,visits-service|api-gateway,False,GET,/api/visit/owners/1/pets/1/visits,200,0,0.0,1
2026-07-29T14:29:20.524493+00:00,54845bcf41fd8eda,2026-07-29T14:28:31.278160+00:00,728.714,4,2,api-gateway|vets-service,False,GET,/api/vet/vets,200,1,727.422,1
2026-07-29T14:29:20.524493+00:00,261fd5a071fff0d9,2026-07-29T14:28:31.108339+00:00,690.23,4,2,api-gateway|vets-service,False,GET,/api/vet/vets,200,1,689.072,1
2026-07-29T14:29:20.524493+00:00,9177da7dba78db34,2026-07-29T14:28:30.955806+00:00,833.96,4,2,api-gateway|vets-service,False,GET,/api/vet/vets,200,1,818.462,1
2026-07-29T14:29:20.524493+00:00,4d450aa61640e990,2026-07-29T14:28:30.789376+00:00,765.845,4,2,api-gateway|vets-service,False,GET,/api/vet/vets,200,1,751.637,1
2026-07-29T14:29:20.524493+00:00,e930006f0a0095ed,2026-07-29T14:28:30.611108+00:00,464.258,4,2,api-gateway|vets-service,False,GET,/api/vet/vets,200,1,462.752,1
2026-07-29T14:29:20.524493+00:00,2da38cb0e79195a4,2026-07-29T14:28:30.459777+00:00,851.031,4,2,api-gateway|customers-service,False,GET,/api/customer/owners,200,1,849.219,1
2026-07-29T14:29:20.524493+00:00,7d384753721d4e55,2026-07-29T14:28:30.279307+00:00,10.319,3,2,visits-service|api-gateway,False,GET,/api/visit/owners/1/pets/1/visits,200,0,0.0,1
2026-07-29T14:29:20.524493+00:00,b6d19c1749cb9d8c,2026-07-29T14:28:30.110871+00:00,130.974,4,2,api-gateway|vets-service,False,GET,/api/vet/vets,200,1,129.648,1
2026-07-29T14:29:20.524493+00:00,fd3d530c13295daf,2026-07-29T14:28:29.956339+00:00,27.089,3,2,visits-service|api-gateway,False,GET,/api/visit/owners/1/pets/1/visits,200,0,0.0,1
2026-07-29T14:29:20.524493+00:00,f5a175cecb02f6cc,2026-07-29T14:28:29.789370+00:00,41.572,3,2,visits-service|api-gateway,False,GET,/api/visit/owners/1/pets/1/visits,200,0,0.0,1
2026-07-29T14:29:20.524493+00:00,456fa393f36e5064,2026-07-29T14:28:29.622321+00:00,29.772,3,2,visits-service|api-gateway,False,GET,/api/visit/owners/1/pets/1/visits,200,0,0.0,1
2026-07-29T14:29:20.524493+00:00,44d52d054c4fab8f,2026-07-29T14:28:29.455395+00:00,175.717,4,2,api-gateway|customers-service,False,GET,/api/customer/owners,200,1,171.827,1
2026-07-29T14:29:20.524493+00:00,e709ee10fa611ba2,2026-07-29T14:28:29.288301+00:00,157.916,4,2,api-gateway|vets-service,False,GET,/api/vet/vets,200,1,144.832,1
2026-07-29T14:29:20.524493+00:00,bf3a22f3f5d83d91,2026-07-29T14:28:29.125378+00:00,71.756,4,2,api-gateway|customers-service,False,GET,/api/customer/owners/1,200,1,69.947,1
2026-07-29T14:29:20.524493+00:00,a328c2ae8d2be288,2026-07-29T14:28:28.956550+00:00,165.487,4,2,api-gateway|vets-service,False,GET,/api/vet/vets,200,1,145.697,1
2026-07-29T14:29:20.524493+00:00,c65fadd2bed32e3e,2026-07-29T14:28:28.792170+00:00,179.953,4,2,api-gateway|customers-service,False,GET,/api/customer/owners,200,1,177.83,1
2026-07-29T14:29:20.524493+00:00,f2ae9b6a72ccf9a6,2026-07-29T14:28:28.609893+00:00,132.515,4,2,api-gateway|vets-service,False,GET,/api/vet/vets,200,1,131.097,1
2026-07-29T14:29:20.524493+00:00,a4f22c93e608cfe9,2026-07-29T14:28:28.455799+00:00,40.589,3,2,visits-service|api-gateway,False,GET,/api/visit/owners/1/pets/1/visits,200,0,0.0,1
2026-07-29T14:29:20.524493+00:00,57ffe0c121d2a4e0,2026-07-29T14:28:28.288742+00:00,136.617,4,2,api-gateway|vets-service,False,GET,/api/vet/vets,200,1,122.532,1
2026-07-29T14:29:20.524493+00:00,212cda313f4045e4,2026-07-29T14:28:28.108730+00:00,120.439,4,2,api-gateway|vets-service,False,GET,/api/vet/vets,200,1,118.989,1
2026-07-29T14:29:20.524493+00:00,c492bc9015714142,2026-07-29T14:28:27.958628+00:00,159.702,4,2,api-gateway|customers-service,False,GET,/api/customer/owners,200,1,158.038,1
2026-07-29T14:29:20.524493+00:00,d13b22c754f5e8f8,2026-07-29T14:28:27.789212+00:00,128.871,4,2,api-gateway|vets-service,False,GET,/api/vet/vets,200,1,114.556,1
2026-07-29T14:29:20.524493+00:00,a74d77091a255d45,2026-07-29T14:28:27.623528+00:00,172.584,4,2,api-gateway|customers-service,False,GET,/api/customer/owners,200,1,167.695,1
2026-07-29T14:29:20.524493+00:00,a1358d46aec82696,2026-07-29T14:28:27.455992+00:00,91.472,4,2,api-gateway|customers-service,False,GET,/api/customer/owners/1,200,1,87.681,1
2026-07-29T14:29:20.524493+00:00,0e261a9426ae1cc4,2026-07-29T14:28:27.291768+00:00,198.452,4,2,api-gateway|customers-service,False,GET,/api/customer/owners,200,1,195.372,1
2026-07-29T14:29:20.524493+00:00,688c29078fc55843,2026-07-29T14:28:27.111552+00:00,128.343,4,2,api-gateway|vets-service,False,GET,/api/vet/vets,200,1,126.913,1
2026-07-29T14:29:20.524493+00:00,163fcd565ffd6d11,2026-07-29T14:28:26.942954+00:00,125.216,4,2,api-gateway|vets-service,False,GET,/api/vet/vets,200,1,123.803,1
2026-07-29T14:29:20.524493+00:00,4aedf882da347755,2026-07-29T14:28:26.789549+00:00,131.275,4,2,api-gateway|vets-service,False,GET,/api/vet/vets,200,1,118.787,1
2026-07-29T14:29:20.524493+00:00,0a15096e30faeb32,2026-07-29T14:28:26.622617+00:00,65.775,4,2,api-gateway|customers-service,False,GET,/api/customer/owners/1,200,1,61.488,1
2026-07-29T14:29:20.524493+00:00,c7ac3018d648dcdd,2026-07-29T14:28:26.456203+00:00,28.555,3,2,visits-service|api-gateway,False,GET,/api/visit/owners/1/pets/1/visits,200,0,0.0,1
2026-07-29T14:29:20.524493+00:00,6047f12b18054e33,2026-07-29T14:28:26.289463+00:00,290.349,4,2,api-gateway|customers-service,False,GET,/api/customer/owners/1,200,1,286.624,1
2026-07-29T14:29:20.524493+00:00,5f7e7842943739ff,2026-07-29T14:28:26.108492+00:00,117.221,4,2,api-gateway|vets-service,False,GET,/api/vet/vets,200,1,115.693,1
2026-07-29T14:29:20.524493+00:00,ec89e43979f92ebb,2026-07-29T14:28:25.943172+00:00,108.621,4,2,api-gateway|vets-service,False,GET,/api/vet/vets,200,1,107.216,1
2026-07-29T14:29:20.524493+00:00,23cc38acc0691255,2026-07-29T14:28:25.790688+00:00,65.697,4,2,api-gateway|customers-service,False,GET,/api/customer/owners/1,200,1,64.224,1
2026-07-29T14:29:20.524493+00:00,6ef36cf32384637a,2026-07-29T14:28:25.622879+00:00,169.872,4,2,api-gateway|customers-service,False,GET,/api/customer/owners,200,1,165.872,1
2026-07-29T14:29:20.524493+00:00,ecfde02cdf6aa58c,2026-07-29T14:28:25.455702+00:00,79.775,4,2,api-gateway|customers-service,False,GET,/api/customer/owners/1,200,1,73.123,1
2026-07-29T14:29:20.524493+00:00,2da103e89f96ee11,2026-07-29T14:28:25.290381+00:00,234.16,4,2,api-gateway|customers-service,False,GET,/api/customer/owners/1,200,1,228.656,1
2026-07-29T14:29:20.524493+00:00,06e46748cc7ebd11,2026-07-29T14:28:25.123133+00:00,356.606,3,2,visits-service|api-gateway,False,GET,/api/visit/owners/1/pets/1/visits,200,0,0.0,1
2026-07-29T14:29:20.524493+00:00,55cd9726f852f1c6,2026-07-29T14:28:24.956472+00:00,678.151,4,2,api-gateway|customers-service,False,GET,/api/customer/owners,200,1,672.458,1
2026-07-29T14:29:20.524493+00:00,e0ae827bb1f4107d,2026-07-29T14:28:24.779238+00:00,776.596,4,2,api-gateway|vets-service,False,GET,/api/vet/vets,200,1,775.342,1
2026-07-29T14:29:20.524493+00:00,6b0c410f2250e5e1,2026-07-29T14:28:24.622476+00:00,850.2,3,2,visits-service|api-gateway,False,GET,/api/visit/owners/1/pets/1/visits,200,0,0.0,1
2026-07-29T14:29:20.524493+00:00,0a4354e790ff55e8,2026-07-29T14:28:24.455464+00:00,1083.782,4,2,api-gateway|vets-service,False,GET,/api/vet/vets,200,1,1072.16,1
2026-07-29T14:29:20.524493+00:00,2e97ca588df2c150,2026-07-29T14:28:24.289476+00:00,1240.142,4,2,api-gateway|vets-service,False,GET,/api/vet/vets,200,1,1229.389,1
2026-07-29T14:29:20.524493+00:00,2a86e35c490eb7b3,2026-07-29T14:28:24.122963+00:00,1424.484,4,2,api-gateway|customers-service,False,GET,/api/customer/owners,200,1,1418.895,1
2026-07-29T14:29:20.524493+00:00,be94f1a12cefdfcd,2026-07-29T14:28:23.955435+00:00,1505.031,4,2,api-gateway|vets-service,False,GET,/api/vet/vets,200,1,1486.749,1
2026-07-29T14:29:20.524493+00:00,ae561c7bde3d9c6d,2026-07-29T14:28:23.793434+00:00,486.255,4,2,api-gateway|customers-service,False,GET,/api/customer/owners/1,200,1,484.324,1
2026-07-29T14:29:20.524493+00:00,4c388bd0ef57c213,2026-07-29T14:28:23.626556+00:00,430.327,4,2,api-gateway|customers-service,False,GET,/api/customer/owners/1,200,1,427.701,1
2026-07-29T14:29:20.524493+00:00,03c6179fec7b0177,2026-07-29T14:28:23.456406+00:00,126.385,3,2,visits-service|api-gateway,False,GET,/api/visit/owners/1/pets/1/visits,200,0,0.0,1
2026-07-29T14:29:20.524493+00:00,b3cf7e9458f099d1,2026-07-29T14:28:23.278344+00:00,756.021,4,2,api-gateway|vets-service,False,GET,/api/vet/vets,200,1,754.641,1
2026-07-29T14:29:20.524493+00:00,22ea65aabeaddefa,2026-07-29T14:28:23.121860+00:00,461.257,4,2,api-gateway|customers-service,False,GET,/api/customer/owners/1,200,1,456.794,1
2026-07-29T14:29:20.524493+00:00,05769e7c8a6ce2ba,2026-07-29T14:28:22.958442+00:00,161.224,4,2,api-gateway|customers-service,False,GET,/api/customer/owners/1,200,1,155.627,1
2026-07-29T14:29:20.524493+00:00,6a4c46f83b359465,2026-07-29T14:28:22.792518+00:00,1028.277,4,2,api-gateway|customers-service,False,GET,/api/customer/owners,200,1,1028.277,1
2026-07-29T14:29:20.524493+00:00,db6fbdd93fe2afb0,2026-07-29T14:28:22.622942+00:00,122.34,3,2,visits-service|api-gateway,False,GET,/api/visit/owners/1/pets/1/visits,200,0,0.0,1
2026-07-29T14:29:20.524493+00:00,4610ba007e231f13,2026-07-29T14:28:22.442605+00:00,642.876,4,2,api-gateway|vets-service,False,GET,/api/vet/vets,200,1,641.418,1
2026-07-29T14:29:20.524493+00:00,72e003bf0327839d,2026-07-29T14:28:22.291680+00:00,1055.017,4,2,api-gateway|customers-service,False,GET,/api/customer/owners,200,1,1053.158,1
2026-07-29T14:29:20.524493+00:00,ec66f8cd08f466bc,2026-07-29T14:28:22.122561+00:00,879.718,4,2,api-gateway|vets-service,False,GET,/api/vet/vets,200,1,863.947,1
2026-07-29T14:29:20.524493+00:00,654a07ef60e55f55,2026-07-29T14:28:21.960323+00:00,1121.375,4,2,api-gateway|customers-service,False,GET,/api/customer/owners,200,1,1117.941,1
2026-07-29T14:29:20.524493+00:00,3da4ba7e99f7f3f1,2026-07-29T14:28:21.775773+00:00,954.756,4,2,api-gateway|vets-service,False,GET,/api/vet/vets,200,1,953.6,1
2026-07-29T14:29:20.524493+00:00,2b88c64e8591040a,2026-07-29T14:28:21.622344+00:00,860.118,4,2,api-gateway|vets-service,False,GET,/api/vet/vets,200,1,848.892,1
2026-07-29T14:29:20.524493+00:00,672085e390cecb03,2026-07-29T14:28:21.456088+00:00,326.766,4,2,api-gateway|customers-service,False,GET,/api/customer/owners/1,200,1,322.19,1
2026-07-29T14:29:20.524493+00:00,1265a484e6780831,2026-07-29T14:28:21.293624+00:00,956.79,4,2,api-gateway|customers-service,False,GET,/api/customer/owners,200,1,955.065,1
2026-07-29T14:29:20.524493+00:00,7ee65748bf7f3fb1,2026-07-29T14:28:21.124213+00:00,886.856,4,2,api-gateway|customers-service,False,GET,/api/customer/owners,200,1,885.319,1
2026-07-29T14:29:20.524493+00:00,1cc20935e6fb0717,2026-07-29T14:28:20.958629+00:00,214.684,4,2,api-gateway|customers-service,False,GET,/api/customer/owners/1,200,1,212.648,1
2026-07-29T14:29:20.524493+00:00,10844e83179ab8d5,2026-07-29T14:28:20.788688+00:00,576.357,4,2,api-gateway|vets-service,False,GET,/api/vet/vets,200,1,564.868,1
2026-07-29T14:29:20.524493+00:00,67f8e060e45afa90,2026-07-29T14:28:20.624488+00:00,706.88,4,2,api-gateway|customers-service,False,GET,/api/customer/owners/1,200,1,706.88,1
2026-07-29T14:29:20.524493+00:00,3c29718e10d8fd0a,2026-07-29T14:28:20.444687+00:00,690.173,4,2,api-gateway|vets-service,False,GET,/api/vet/vets,200,1,688.583,1
2026-07-29T14:29:20.524493+00:00,a6c1233ccba76f71,2026-07-29T14:28:20.111372+00:00,1000.408,4,2,api-gateway|vets-service,False,GET,/api/vet/vets,200,1,999.079,1
2026-07-29T14:29:20.524493+00:00,a3c3d2560c860bf1,2026-07-29T14:28:19.958157+00:00,1193.757,4,2,api-gateway|customers-service,False,GET,/api/customer/owners,200,1,1191.159,1
2026-07-29T14:29:20.524493+00:00,0c3af03f350f95cb,2026-07-29T14:28:19.443469+00:00,1052.725,4,2,api-gateway|vets-service,False,GET,/api/vet/vets,200,1,1051.247,1
2026-07-29T14:29:20.524493+00:00,1071d4420e99a0e8,2026-07-29T14:29:20.609687+00:00,132.95,2,1,vets-service,False,,,200,1,131.573,0
2026-07-29T14:30:20.524485+00:00,c551d502fcdd085f,2026-07-29T14:30:20.621811+00:00,72.562,2,1,api-gateway,False,GET,/api/customer/owners/1,200,0,0.0,1
2026-07-29T14:30:20.524485+00:00,92e5fa9204dcfd70,2026-07-29T14:30:20.457139+00:00,130.454,2,1,api-gateway,False,GET,/api/vet/vets,200,0,0.0,1
2026-07-29T14:30:20.524485+00:00,83a552270628e3fa,2026-07-29T14:30:20.288698+00:00,32.042,2,1,api-gateway,False,GET,/api/visit/owners/1/pets/1/visits,200,0,0.0,1
2026-07-29T14:30:20.524485+00:00,d42b92038a02445a,2026-07-29T14:30:20.121661+00:00,132.504,4,2,api-gateway|vets-service,False,GET,/api/vet/vets,200,1,120.715,1
2026-07-29T14:30:20.524485+00:00,86cb0c7bbb830e4e,2026-07-29T14:30:19.955499+00:00,232.951,4,2,api-gateway|customers-service,False,GET,/api/customer/owners,200,1,220.699,1
2026-07-29T14:30:20.524485+00:00,d63c18f1dcc269af,2026-07-29T14:30:19.788792+00:00,136.964,4,2,api-gateway|vets-service,False,GET,/api/vet/vets,200,1,124.236,1
2026-07-29T14:30:20.524485+00:00,0d17d11f820c9852,2026-07-29T14:30:19.623129+00:00,169.361,4,2,api-gateway|customers-service,False,GET,/api/customer/owners,200,1,166.456,1
2026-07-29T14:30:20.524485+00:00,c7dbe1d30baf6cc4,2026-07-29T14:30:19.444123+00:00,136.577,4,2,api-gateway|vets-service,False,GET,/api/vet/vets,200,1,135.063,1
2026-07-29T14:30:20.524485+00:00,c75cd28ec53e804e,2026-07-29T14:30:19.292566+00:00,71.312,4,2,api-gateway|customers-service,False,GET,/api/customer/owners/1,200,1,69.1,1
2026-07-29T14:30:20.524485+00:00,babde88b9cb5e12d,2026-07-29T14:30:19.112443+00:00,11.577,3,2,visits-service|api-gateway,False,GET,/api/visit/owners/1/pets/1/visits,200,0,0.0,1
2026-07-29T14:30:20.524485+00:00,cadf88bc3519b2b2,2026-07-29T14:30:18.943514+00:00,12.013,3,2,visits-service|api-gateway,False,GET,/api/visit/owners/1/pets/1/visits,200,0,0.0,1
2026-07-29T14:30:20.524485+00:00,907fbd99e5f25cb1,2026-07-29T14:30:18.789283+00:00,30.333,3,2,visits-service|api-gateway,False,GET,/api/visit/owners/1/pets/1/visits,200,0,0.0,1
2026-07-29T14:30:20.524485+00:00,44e791f6019af6e2,2026-07-29T14:30:18.621806+00:00,179.406,4,2,api-gateway|customers-service,False,GET,/api/customer/owners,200,1,175.069,1
2026-07-29T14:30:20.524485+00:00,11c171435b3a9aa9,2026-07-29T14:30:18.443292+00:00,121.883,4,2,api-gateway|vets-service,False,GET,/api/vet/vets,200,1,120.483,1
2026-07-29T14:30:20.524485+00:00,5dfc11ad4d5aa21e,2026-07-29T14:30:18.291869+00:00,62.476,4,2,api-gateway|customers-service,False,GET,/api/customer/owners/1,200,1,60.701,1
2026-07-29T14:30:20.524485+00:00,6dc2266a041e8f74,2026-07-29T14:30:18.116255+00:00,25.891,3,2,visits-service|api-gateway,False,GET,/api/visit/owners/1/pets/1/visits,200,0,0.0,1
2026-07-29T14:30:20.524485+00:00,2eef9aeca4414427,2026-07-29T14:30:17.956225+00:00,68.654,4,2,api-gateway|customers-service,False,GET,/api/customer/owners/1,200,1,61.825,1
2026-07-29T14:30:20.524485+00:00,c126907f341430ae,2026-07-29T14:30:17.791354+00:00,180.851,4,2,api-gateway|customers-service,False,GET,/api/customer/owners,200,1,176.105,1
2026-07-29T14:30:20.524485+00:00,89494c1d8b188c4a,2026-07-29T14:30:17.622232+00:00,185.36,4,2,api-gateway|customers-service,False,GET,/api/customer/owners,200,1,178.187,1
2026-07-29T14:30:20.524485+00:00,ec7cd1f8d1a9ab61,2026-07-29T14:30:17.445200+00:00,159.612,4,2,api-gateway|customers-service,False,GET,/api/customer/owners,200,1,158.382,1
2026-07-29T14:30:20.524485+00:00,7aed874d4201d05c,2026-07-29T14:30:17.278346+00:00,122.275,4,2,api-gateway|vets-service,False,GET,/api/vet/vets,200,1,120.929,1
2026-07-29T14:30:20.524485+00:00,b0615e2d360eb64f,2026-07-29T14:30:17.111868+00:00,10.059,3,2,visits-service|api-gateway,False,GET,/api/visit/owners/1/pets/1/visits,200,0,0.0,1
2026-07-29T14:30:20.524485+00:00,cdcb557a969fbb1b,2026-07-29T14:30:16.955820+00:00,137.194,4,2,api-gateway|vets-service,False,GET,/api/vet/vets,200,1,121.6,1
2026-07-29T14:30:20.524485+00:00,5393774232e61ef2,2026-07-29T14:30:16.789555+00:00,82.473,4,2,api-gateway|customers-service,False,GET,/api/customer/owners/1,200,1,64.482,1
2026-07-29T14:30:20.524485+00:00,e6d9743f68cfcb0b,2026-07-29T14:30:16.611823+00:00,10.323,3,2,visits-service|api-gateway,False,GET,/api/visit/owners/1/pets/1/visits,200,0,0.0,1
2026-07-29T14:30:20.524485+00:00,922870ebcdc9fb3c,2026-07-29T14:30:16.459767+00:00,94.653,4,2,api-gateway|customers-service,False,GET,/api/customer/owners/1,200,1,92.205,1
2026-07-29T14:30:20.524485+00:00,c874000652b36ae1,2026-07-29T14:30:16.277861+00:00,160.849,4,2,api-gateway|vets-service,False,GET,/api/vet/vets,200,1,159.283,1
2026-07-29T14:30:20.524485+00:00,fe9670067ff0f7e1,2026-07-29T14:30:16.110727+00:00,13.847,3,2,visits-service|api-gateway,False,GET,/api/visit/owners/1/pets/1/visits,200,0,0.0,1
2026-07-29T14:30:20.524485+00:00,e8c87da08af379e5,2026-07-29T14:30:15.956383+00:00,179.384,4,2,api-gateway|customers-service,False,GET,/api/customer/owners,200,1,175.229,1
2026-07-29T14:30:20.524485+00:00,443c53d66f4a4f79,2026-07-29T14:30:15.788954+00:00,21.225,3,2,visits-service|api-gateway,False,GET,/api/visit/owners/1/pets/1/visits,200,0,0.0,1
2026-07-29T14:30:20.524485+00:00,56080b984c7c7144,2026-07-29T14:30:15.625430+00:00,83.428,4,2,api-gateway|customers-service,False,GET,/api/customer/owners/1,200,1,83.428,1
2026-07-29T14:30:20.524485+00:00,94c968b5881ea098,2026-07-29T14:30:15.445149+00:00,19.664,3,2,visits-service|api-gateway,False,GET,/api/visit/owners/1/pets/1/visits,200,0,0.0,1
2026-07-29T14:30:20.524485+00:00,954ad040bda64a01,2026-07-29T14:30:15.275735+00:00,145.751,4,2,api-gateway|vets-service,False,GET,/api/vet/vets,200,1,144.699,1
2026-07-29T14:30:20.524485+00:00,356c129b8db66c63,2026-07-29T14:30:15.126068+00:00,174.644,4,2,api-gateway|customers-service,False,GET,/api/customer/owners,200,1,172.826,1
2026-07-29T14:30:20.524485+00:00,001264885153ef3a,2026-07-29T14:30:14.955863+00:00,162.068,4,2,api-gateway|customers-service,False,GET,/api/customer/owners/1,200,1,156.15,1
2026-07-29T14:30:20.524485+00:00,809e334ec3e63c05,2026-07-29T14:30:14.789134+00:00,203.561,4,2,api-gateway|vets-service,False,GET,/api/vet/vets,200,1,188.287,1
2026-07-29T14:30:20.524485+00:00,9889959522772eab,2026-07-29T14:30:14.611824+00:00,19.159,3,2,visits-service|api-gateway,False,GET,/api/visit/owners/1/pets/1/visits,200,0,0.0,1
2026-07-29T14:30:20.524485+00:00,b2a33009c2daa73f,2026-07-29T14:30:14.458385+00:00,65.435,4,2,api-gateway|customers-service,False,GET,/api/customer/owners/1,200,1,63.727,1
2026-07-29T14:30:20.524485+00:00,5f80d98d49d49c08,2026-07-29T14:30:14.278487+00:00,133.003,4,2,api-gateway|vets-service,False,GET,/api/vet/vets,200,1,131.832,1
2026-07-29T14:30:20.524485+00:00,835a6d36ae4730f0,2026-07-29T14:30:14.124186+00:00,65.679,4,2,api-gateway|customers-service,False,GET,/api/customer/owners/1,200,1,64.303,1
2026-07-29T14:30:20.524485+00:00,185b617b9f9e1962,2026-07-29T14:30:13.956111+00:00,163.917,4,2,api-gateway|customers-service,False,GET,/api/customer/owners,200,1,152.022,1
2026-07-29T14:30:20.524485+00:00,22d9be0c74ae46d3,2026-07-29T14:30:13.790416+00:00,175.333,4,2,api-gateway|customers-service,False,GET,/api/customer/owners,200,1,164.268,1
2026-07-29T14:30:20.524485+00:00,bbf11007983968b3,2026-07-29T14:30:13.622038+00:00,114.079,4,2,api-gateway|customers-service,False,GET,/api/customer/owners/1,200,1,107.845,1
2026-07-29T14:30:20.524485+00:00,a061ac5f736ae226,2026-07-29T14:30:13.455594+00:00,281.368,4,2,api-gateway|customers-service,False,GET,/api/customer/owners,200,1,273.552,1
2026-07-29T14:30:20.524485+00:00,e2f2f431b0e9b1c8,2026-07-29T14:30:13.283999+00:00,153.207,4,2,api-gateway|vets-service,False,GET,/api/vet/vets,200,1,151.839,1
2026-07-29T14:30:20.524485+00:00,88f0699e44edfe3b,2026-07-29T14:30:13.111922+00:00,13.558,3,2,visits-service|api-gateway,False,GET,/api/visit/owners/1/pets/1/visits,200,0,0.0,1
2026-07-29T14:30:20.524485+00:00,833e8dc3223bab8e,2026-07-29T14:30:12.955660+00:00,127.837,4,2,api-gateway|vets-service,False,GET,/api/vet/vets,200,1,113.977,1
2026-07-29T14:30:20.524485+00:00,d444053cda5f4d51,2026-07-29T14:30:12.788572+00:00,30.654,3,2,visits-service|api-gateway,False,GET,/api/visit/owners/1/pets/1/visits,200,0,0.0,1
2026-07-29T14:30:20.524485+00:00,5105d89706649977,2026-07-29T14:30:12.625536+00:00,65.647,4,2,api-gateway|customers-service,False,GET,/api/customer/owners/1,200,1,64.279,1
2026-07-29T14:30:20.524485+00:00,3ac10dfe72d8bba3,2026-07-29T14:30:12.458112+00:00,73.95,4,2,api-gateway|customers-service,False,GET,/api/customer/owners/1,200,1,73.95,1
2026-07-29T14:30:20.524485+00:00,022d8db4ee43e930,2026-07-29T14:30:12.276805+00:00,128.94,4,2,api-gateway|vets-service,False,GET,/api/vet/vets,200,1,127.816,1
2026-07-29T14:30:20.524485+00:00,d01bec56e1cb5c20,2026-07-29T14:30:12.125477+00:00,81.061,4,2,api-gateway|customers-service,False,GET,/api/customer/owners/1,200,1,79.142,1
2026-07-29T14:30:20.524485+00:00,827506959fb3fa9b,2026-07-29T14:30:11.946061+00:00,11.038,3,2,visits-service|api-gateway,False,GET,/api/visit/owners/1/pets/1/visits,200,0,0.0,1
2026-07-29T14:30:20.524485+00:00,d5f6ce55c219fdb8,2026-07-29T14:30:11.789802+00:00,33.152,3,2,visits-service|api-gateway,False,GET,/api/visit/owners/1/pets/1/visits,200,0,0.0,1
2026-07-29T14:30:20.524485+00:00,af27d9028c1250ad,2026-07-29T14:30:11.622094+00:00,151.891,4,2,api-gateway|vets-service,False,GET,/api/vet/vets,200,1,137.074,1
2026-07-29T14:30:20.524485+00:00,e61a0e1183ce3749,2026-07-29T14:30:11.444531+00:00,10.883,3,2,visits-service|api-gateway,False,GET,/api/visit/owners/1/pets/1/visits,200,0,0.0,1
2026-07-29T14:30:20.524485+00:00,5480ad834e22cf4a,2026-07-29T14:30:11.278197+00:00,10.265,3,2,visits-service|api-gateway,False,GET,/api/visit/owners/1/pets/1/visits,200,0,0.0,1
2026-07-29T14:30:20.524485+00:00,a7b3b19524bb51d3,2026-07-29T14:30:11.110406+00:00,148.838,4,2,api-gateway|vets-service,False,GET,/api/vet/vets,200,1,147.47,1
2026-07-29T14:30:20.524485+00:00,1aaa50b080664eca,2026-07-29T14:30:10.945665+00:00,17.313,3,2,visits-service|api-gateway,False,GET,/api/visit/owners/1/pets/1/visits,200,0,0.0,1
2026-07-29T14:30:20.524485+00:00,dba17397f28a96d0,2026-07-29T14:30:10.780001+00:00,28.676,3,2,visits-service|api-gateway,False,GET,/api/visit/owners/1/pets/1/visits,200,0,0.0,1
2026-07-29T14:30:20.524485+00:00,d205d159de28eceb,2026-07-29T14:30:10.622405+00:00,282.054,4,2,api-gateway|vets-service,False,GET,/api/vet/vets,200,1,267.921,1
2026-07-29T14:30:20.524485+00:00,f07e5ad324642428,2026-07-29T14:30:10.445504+00:00,131.338,4,2,api-gateway|vets-service,False,GET,/api/vet/vets,200,1,130.02,1
2026-07-29T14:30:20.524485+00:00,ccdff235df3baaee,2026-07-29T14:30:10.293180+00:00,275.322,4,2,api-gateway|customers-service,False,GET,/api/customer/owners,200,1,273.448,1
2026-07-29T14:30:20.524485+00:00,00f00e8d8a095c1b,2026-07-29T14:30:10.126407+00:00,73.578,4,2,api-gateway|customers-service,False,GET,/api/customer/owners/1,200,1,71.537,1
2026-07-29T14:30:20.524485+00:00,778a0437582ebb15,2026-07-29T14:30:09.955859+00:00,195.142,4,2,api-gateway|customers-service,False,GET,/api/customer/owners,200,1,180.769,1
2026-07-29T14:30:20.524485+00:00,f179b9156985d262,2026-07-29T14:30:09.790070+00:00,199.481,4,2,api-gateway|customers-service,False,GET,/api/customer/owners,200,1,185.03,1
2026-07-29T14:30:20.524485+00:00,ef54133ac6dd6321,2026-07-29T14:30:09.625204+00:00,78.641,4,2,api-gateway|customers-service,False,GET,/api/customer/owners/1,200,1,76.406,1
2026-07-29T14:30:20.524485+00:00,14d1820533cfd490,2026-07-29T14:30:09.445820+00:00,10.409,3,2,visits-service|api-gateway,False,GET,/api/visit/owners/1/pets/1/visits,200,0,0.0,1
2026-07-29T14:30:20.524485+00:00,37f695abffa530de,2026-07-29T14:30:09.291306+00:00,70.239,4,2,api-gateway|customers-service,False,GET,/api/customer/owners/1,200,1,68.385,1
2026-07-29T14:30:20.524485+00:00,a3ee3fc7ce813cc2,2026-07-29T14:30:09.112752+00:00,20.582,3,2,visits-service|api-gateway,False,GET,/api/visit/owners/1/pets/1/visits,200,0,0.0,1
2026-07-29T14:30:20.524485+00:00,db15b78c0dcc466f,2026-07-29T14:30:08.960453+00:00,194.853,4,2,api-gateway|customers-service,False,GET,/api/customer/owners,200,1,192.144,1
2026-07-29T14:30:20.524485+00:00,2b0c2150a8d80017,2026-07-29T14:30:08.788837+00:00,170.949,4,2,api-gateway|vets-service,False,GET,/api/vet/vets,200,1,155.35,1
2026-07-29T14:30:20.524485+00:00,f219e58c6bfa68c2,2026-07-29T14:30:08.622156+00:00,119.451,4,2,api-gateway|customers-service,False,GET,/api/customer/owners/1,200,1,112.649,1
2026-07-29T14:30:20.524485+00:00,94dd9eb673498580,2026-07-29T14:30:08.455385+00:00,353.703,4,2,api-gateway|customers-service,False,GET,/api/customer/owners,200,1,348.233,1
2026-07-29T14:30:20.524485+00:00,9e118043cceb1f98,2026-07-29T14:30:08.278723+00:00,61.122,3,2,visits-service|api-gateway,False,GET,/api/visit/owners/1/pets/1/visits,200,0,0.0,1
2026-07-29T14:30:20.524485+00:00,c09c5eaca89a3fa0,2026-07-29T14:30:08.110992+00:00,10.137,3,2,visits-service|api-gateway,False,GET,/api/visit/owners/1/pets/1/visits,200,0,0.0,1
2026-07-29T14:30:20.524485+00:00,3a2787d0671ee312,2026-07-29T14:30:07.955875+00:00,77.271,4,2,api-gateway|customers-service,False,GET,/api/customer/owners/1,200,1,70.229,1
2026-07-29T14:30:20.524485+00:00,5d242d8cdd0e8382,2026-07-29T14:30:07.789733+00:00,201.258,4,2,api-gateway|vets-service,False,GET,/api/vet/vets,200,1,190.551,1
2026-07-29T14:30:20.524485+00:00,9cda64eb997cb174,2026-07-29T14:30:07.611518+00:00,14.475,3,2,visits-service|api-gateway,False,GET,/api/visit/owners/1/pets/1/visits,200,0,0.0,1
2026-07-29T14:30:20.524485+00:00,4f52c0beced04b73,2026-07-29T14:30:07.458578+00:00,59.636,4,2,api-gateway|customers-service,False,GET,/api/customer/owners/1,200,1,59.636,1
2026-07-29T14:30:20.524485+00:00,898017a661cae2c8,2026-07-29T14:30:07.276085+00:00,12.695,3,2,visits-service|api-gateway,False,GET,/api/visit/owners/1/pets/1/visits,200,0,0.0,1
2026-07-29T14:30:20.524485+00:00,e1aa7e1a68825278,2026-07-29T14:30:07.109146+00:00,11.086,3,2,visits-service|api-gateway,False,GET,/api/visit/owners/1/pets/1/visits,200,0,0.0,1
2026-07-29T14:30:20.524485+00:00,68444c238b3c29c0,2026-07-29T14:30:06.945798+00:00,20.344,3,2,visits-service|api-gateway,False,GET,/api/visit/owners/1/pets/1/visits,200,0,0.0,1
2026-07-29T14:30:20.524485+00:00,6121c82ce2ed1acb,2026-07-29T14:30:06.789383+00:00,107.778,4,2,api-gateway|customers-service,False,GET,/api/customer/owners/1,200,1,95.394,1
2026-07-29T14:30:20.524485+00:00,567d3d40dd3c5033,2026-07-29T14:30:06.622146+00:00,182.689,4,2,api-gateway|customers-service,False,GET,/api/customer/owners/1,200,1,167.234,1
2026-07-29T14:30:20.524485+00:00,96d06f28c4045e62,2026-07-29T14:30:06.444776+00:00,178.306,4,2,api-gateway|vets-service,False,GET,/api/vet/vets,200,1,176.881,1
2026-07-29T14:30:20.524485+00:00,dfbb5ae346982824,2026-07-29T14:30:06.279090+00:00,22.14,3,2,visits-service|api-gateway,False,GET,/api/visit/owners/1/pets/1/visits,200,0,0.0,1
2026-07-29T14:30:20.524485+00:00,4713917a52d91f6e,2026-07-29T14:30:06.122308+00:00,141.13,4,2,api-gateway|vets-service,False,GET,/api/vet/vets,200,1,127.801,1
2026-07-29T14:30:20.524485+00:00,4262954743131918,2026-07-29T14:30:05.956241+00:00,125.986,4,2,api-gateway|vets-service,False,GET,/api/vet/vets,200,1,113.063,1
2026-07-29T14:30:20.524485+00:00,7fb6d80663949e50,2026-07-29T14:30:05.788354+00:00,143.029,4,2,api-gateway|vets-service,False,GET,/api/vet/vets,200,1,130.024,1
2026-07-29T14:30:20.524485+00:00,67262fcad507deb1,2026-07-29T14:30:05.622716+00:00,259.89,4,2,api-gateway|customers-service,False,GET,/api/customer/owners,200,1,255.78,1
2026-07-29T14:30:20.524485+00:00,a348b1432ad97ceb,2026-07-29T14:30:05.458822+00:00,172.444,4,2,api-gateway|customers-service,False,GET,/api/customer/owners,200,1,170.914,1
2026-07-29T14:30:20.524485+00:00,7ccf941752a95003,2026-07-29T14:30:05.277126+00:00,19.33,3,2,visits-service|api-gateway,False,GET,/api/visit/owners/1/pets/1/visits,200,0,0.0,1
2026-07-29T14:30:20.524485+00:00,9192a4dd1eaa9684,2026-07-29T14:30:05.110086+00:00,114.771,4,2,api-gateway|vets-service,False,GET,/api/vet/vets,200,1,113.421,1
2026-07-29T14:30:20.524485+00:00,a3a908669b571431,2026-07-29T14:30:04.956144+00:00,144.417,4,2,api-gateway|vets-service,False,GET,/api/vet/vets,200,1,131.127,1
2026-07-29T14:30:20.524485+00:00,07a4c6280c27a19e,2026-07-29T14:30:04.790849+00:00,315.219,4,2,api-gateway|customers-service,False,GET,/api/customer/owners,200,1,312.633,1
2026-07-29T14:30:20.524485+00:00,d0d8c312d966bd02,2026-07-29T14:30:04.446686+00:00,463.878,3,2,visits-service|api-gateway,False,GET,/api/visit/owners/1/pets/1/visits,200,0,0.0,1
2026-07-29T14:30:20.524485+00:00,4637a52b6786866f,2026-07-29T14:30:04.121897+00:00,875.381,4,2,api-gateway|vets-service,False,GET,/api/vet/vets,200,1,863.426,1
2026-07-29T14:30:20.524485+00:00,19e9cab6619b16d2,2026-07-29T14:30:03.955380+00:00,1037.404,4,2,api-gateway|vets-service,False,GET,/api/vet/vets,200,1,1022.847,1
2026-07-29T14:30:20.524485+00:00,51d2d0ee4937d2dd,2026-07-29T14:30:03.623302+00:00,1081.417,4,2,api-gateway|customers-service,False,GET,/api/customer/owners/1,200,1,789.088,1
2026-07-29T14:30:20.524485+00:00,27240392b799488d,2026-07-29T14:30:03.789491+00:00,1249.487,4,2,api-gateway|customers-service,False,GET,/api/customer/owners,200,1,1136.854,1
2026-07-29T14:30:20.524485+00:00,4679cec478a9fd9b,2026-07-29T14:30:03.289300+00:00,1739.431,4,2,api-gateway|customers-service,False,GET,/api/customer/owners,200,1,1143.395,1
2026-07-29T14:30:20.524485+00:00,e42ec7f33212044f,2026-07-29T14:30:03.861876+00:00,104.41,3,2,visits-service|api-gateway,False,GET,/api/visit/owners/1/pets/1/visits,200,0,0.0,1
2026-07-29T14:30:20.524485+00:00,8fb4dc2402cec12d,2026-07-29T14:30:03.122995+00:00,1577.885,4,2,api-gateway|customers-service,False,GET,/api/customer/owners/1,200,1,1571.422,1
2026-07-29T14:30:20.524485+00:00,fd29dfba65ef2def,2026-07-29T14:30:02.956810+00:00,2095.93,4,2,api-gateway|customers-service,False,GET,/api/customer/owners,200,1,2090.455,1
2026-07-29T14:30:20.524485+00:00,56d356aad1861e4c,2026-07-29T14:30:02.789049+00:00,2262.469,4,2,api-gateway|customers-service,False,GET,/api/customer/owners,200,1,2256.986,1
2026-07-29T14:30:20.524485+00:00,69cd2d81826b347d,2026-07-29T14:30:02.622128+00:00,2428.31,4,2,api-gateway|customers-service,False,GET,/api/customer/owners,200,1,2424.172,1
2026-07-29T14:30:20.524485+00:00,61efee9bf204315f,2026-07-29T14:30:02.443736+00:00,59.083,3,2,visits-service|api-gateway,False,GET,/api/visit/owners/1/pets/1/visits,200,0,0.0,1
2026-07-29T14:30:20.524485+00:00,062a3bf9db2e1bac,2026-07-29T14:30:02.289257+00:00,2411.275,4,2,api-gateway|customers-service,False,GET,/api/customer/owners,200,1,2406.279,1
2026-07-29T14:30:20.524485+00:00,f54a24e10bfe2953,2026-07-29T14:30:02.146434+00:00,194.051,3,2,visits-service|api-gateway,False,GET,/api/visit/owners/1/pets/1/visits,200,0,0.0,1
2026-07-29T14:30:20.524485+00:00,e7fe30a5094086dd,2026-07-29T14:30:01.955911+00:00,192.099,3,2,visits-service|api-gateway,False,GET,/api/visit/owners/1/pets/1/visits,200,0,0.0,1
2026-07-29T14:30:20.524485+00:00,b5e50b85a3ee7782,2026-07-29T14:30:01.793054+00:00,360.563,4,2,api-gateway|customers-service,False,GET,/api/customer/owners/1,200,1,357.961,1
2026-07-29T14:30:20.524485+00:00,09e6b958c859c23e,2026-07-29T14:30:01.625209+00:00,516.539,4,2,api-gateway|customers-service,False,GET,/api/customer/owners/1,200,1,513.971,1
2026-07-29T14:30:20.524485+00:00,694822c3bd083b94,2026-07-29T14:30:01.456922+00:00,2424.952,4,2,api-gateway|customers-service,False,GET,/api/customer/owners,200,1,2419.716,1
2026-07-29T14:30:20.524485+00:00,1380b5d515333a74,2026-07-29T14:30:01.277995+00:00,1095.17,4,2,api-gateway|customers-service,False,GET,/api/customer/owners,200,1,1093.952,1
2026-07-29T14:30:20.524485+00:00,2244ad415d020ff1,2026-07-29T14:30:01.124552+00:00,1240.102,4,2,api-gateway|customers-service,False,GET,/api/customer/owners,200,1,1237.927,1
2026-07-29T14:30:20.524485+00:00,4acd88d3f9b9c62e,2026-07-29T14:30:00.945734+00:00,217.189,3,2,visits-service|api-gateway,False,GET,/api/visit/owners/1/pets/1/visits,200,0,0.0,1
2026-07-29T14:30:20.524485+00:00,1538023084a1041c,2026-07-29T14:30:00.792842+00:00,402.353,4,2,api-gateway|customers-service,False,GET,/api/customer/owners/1,200,1,400.498,1
2026-07-29T14:30:20.524485+00:00,15844c98b27d14a7,2026-07-29T14:30:00.622052+00:00,337.671,4,2,api-gateway|customers-service,False,GET,/api/customer/owners/1,200,1,331.571,1
2026-07-29T14:30:20.524485+00:00,3b749ac6ae5963a7,2026-07-29T14:30:00.458006+00:00,1206.149,4,2,api-gateway|customers-service,False,GET,/api/customer/owners,200,1,1204.175,1
2026-07-29T14:30:20.524485+00:00,9a2beba1ee6b285c,2026-07-29T14:30:00.277733+00:00,866.16,4,2,api-gateway|vets-service,False,GET,/api/vet/vets,200,1,864.661,1
2026-07-29T14:30:20.524485+00:00,02cf3bbdbb772e6c,2026-07-29T14:30:00.122411+00:00,21.11,3,2,visits-service|api-gateway,False,GET,/api/visit/owners/1/pets/1/visits,200,0,0.0,1
2026-07-29T14:30:20.524485+00:00,bbf72bf7c1773bb8,2026-07-29T14:29:59.956049+00:00,30.196,3,2,visits-service|api-gateway,False,GET,/api/visit/owners/1/pets/1/visits,200,0,0.0,1
2026-07-29T14:30:20.524485+00:00,dc3e62a705fbba5a,2026-07-29T14:29:59.788519+00:00,147.45,4,2,api-gateway|vets-service,False,GET,/api/vet/vets,200,1,132.752,1
2026-07-29T14:30:20.524485+00:00,0e2fafddc6560cfc,2026-07-29T14:29:59.622414+00:00,151.94,4,2,api-gateway|vets-service,False,GET,/api/vet/vets,200,1,136.807,1
2026-07-29T14:30:20.524485+00:00,6e0674aff36c5a00,2026-07-29T14:29:59.459522+00:00,195.237,4,2,api-gateway|customers-service,False,GET,/api/customer/owners,200,1,192.815,1
2026-07-29T14:30:20.524485+00:00,81be1ded6599fc93,2026-07-29T14:29:59.278971+00:00,11.427,3,2,visits-service|api-gateway,False,GET,/api/visit/owners/1/pets/1/visits,200,0,0.0,1
2026-07-29T14:30:20.524485+00:00,157ca59cfca2cf4a,2026-07-29T14:29:59.110908+00:00,19.196,3,2,visits-service|api-gateway,False,GET,/api/visit/owners/1/pets/1/visits,200,0,0.0,1
2026-07-29T14:30:20.524485+00:00,0695cc17ee02f3b2,2026-07-29T14:29:58.944260+00:00,133.635,4,2,api-gateway|vets-service,False,GET,/api/vet/vets,200,1,132.182,1
2026-07-29T14:30:20.524485+00:00,eb404d3ff45fc1ec,2026-07-29T14:29:58.788883+00:00,188.784,4,2,api-gateway|customers-service,False,GET,/api/customer/owners,200,1,184.472,1
2026-07-29T14:30:20.524485+00:00,6f6611cb00c80200,2026-07-29T14:29:58.622094+00:00,81.814,4,2,api-gateway|customers-service,False,GET,/api/customer/owners/1,200,1,69.668,1
2026-07-29T14:30:20.524485+00:00,834d269d5582abee,2026-07-29T14:29:58.447015+00:00,21.773,3,2,visits-service|api-gateway,False,GET,/api/visit/owners/1/pets/1/visits,200,0,0.0,1
2026-07-29T14:30:20.524485+00:00,9c6bc4d0e334a87d,2026-07-29T14:29:58.278906+00:00,130.059,4,2,api-gateway|vets-service,False,GET,/api/vet/vets,200,1,128.64,1
2026-07-29T14:30:20.524485+00:00,526d278cf742d8cf,2026-07-29T14:29:58.125262+00:00,76.323,4,2,api-gateway|customers-service,False,GET,/api/customer/owners/1,200,1,73.881,1
2026-07-29T14:30:20.524485+00:00,a4f0d193f76a11a7,2026-07-29T14:29:57.959460+00:00,199.309,4,2,api-gateway|customers-service,False,GET,/api/customer/owners,200,1,197.083,1
2026-07-29T14:30:20.524485+00:00,e2b3936f3cde969a,2026-07-29T14:29:57.788850+00:00,146.967,4,2,api-gateway|vets-service,False,GET,/api/vet/vets,200,1,131.088,1
2026-07-29T14:30:20.524485+00:00,a96b1ec1cb288ffb,2026-07-29T14:29:57.624784+00:00,75.096,4,2,api-gateway|customers-service,False,GET,/api/customer/owners/1,200,1,71.083,1
2026-07-29T14:30:20.524485+00:00,4a837347325dc072,2026-07-29T14:29:57.442528+00:00,127.641,4,2,api-gateway|vets-service,False,GET,/api/vet/vets,200,1,126.537,1
2026-07-29T14:30:20.524485+00:00,27c28e1050f5b188,2026-07-29T14:29:57.278473+00:00,18.365,3,2,visits-service|api-gateway,False,GET,/api/visit/owners/1/pets/1/visits,200,0,0.0,1
2026-07-29T14:30:20.524485+00:00,051de9155fed9363,2026-07-29T14:29:57.111941+00:00,111.921,4,2,api-gateway|vets-service,False,GET,/api/vet/vets,200,1,110.53,1
2026-07-29T14:30:20.524485+00:00,999b9bcc1421aaba,2026-07-29T14:29:56.943105+00:00,140.694,4,2,api-gateway|vets-service,False,GET,/api/vet/vets,200,1,139.305,1
2026-07-29T14:30:20.524485+00:00,874c01fb758e46bb,2026-07-29T14:29:56.789675+00:00,141.934,4,2,api-gateway|vets-service,False,GET,/api/vet/vets,200,1,128.805,1
2026-07-29T14:30:20.524485+00:00,d05a004aaf170e6d,2026-07-29T14:29:56.622608+00:00,161.885,4,2,api-gateway|vets-service,False,GET,/api/vet/vets,200,1,148.042,1
2026-07-29T14:30:20.524485+00:00,2b0cd74f7a55f940,2026-07-29T14:29:56.458335+00:00,62.807,4,2,api-gateway|customers-service,False,GET,/api/customer/owners/1,200,1,61.183,1
2026-07-29T14:30:20.524485+00:00,d6accd2543aed684,2026-07-29T14:29:56.277834+00:00,11.79,3,2,visits-service|api-gateway,False,GET,/api/visit/owners/1/pets/1/visits,200,0,0.0,1
2026-07-29T14:30:20.524485+00:00,ad177a1a0c43cc88,2026-07-29T14:29:56.123397+00:00,62.49,4,2,api-gateway|customers-service,False,GET,/api/customer/owners/1,200,1,61.014,1
2026-07-29T14:30:20.524485+00:00,70bdfc70783ec5ce,2026-07-29T14:29:55.955758+00:00,28.646,3,2,visits-service|api-gateway,False,GET,/api/visit/owners/1/pets/1/visits,200,0,0.0,1
2026-07-29T14:30:20.524485+00:00,98f42d4989fa85db,2026-07-29T14:29:55.788492+00:00,22.332,3,2,visits-service|api-gateway,False,GET,/api/visit/owners/1/pets/1/visits,200,0,0.0,1
2026-07-29T14:30:20.524485+00:00,180cf677d7a57e00,2026-07-29T14:29:55.622191+00:00,406.572,4,2,api-gateway|customers-service,False,GET,/api/customer/owners,200,1,400.685,1
2026-07-29T14:30:20.524485+00:00,44bab3bb7fab2798,2026-07-29T14:29:55.442674+00:00,10.354,3,2,visits-service|api-gateway,False,GET,/api/visit/owners/1/pets/1/visits,200,0,0.0,1
2026-07-29T14:30:20.524485+00:00,1c7190120c43ba8a,2026-07-29T14:29:55.276939+00:00,63.494,4,2,api-gateway|customers-service,False,GET,/api/customer/owners/1,200,1,62.248,1
2026-07-29T14:30:20.524485+00:00,5c1d9455703431a6,2026-07-29T14:29:55.112339+00:00,10.272,3,2,visits-service|api-gateway,False,GET,/api/visit/owners/1/pets/1/visits,200,0,0.0,1
2026-07-29T14:30:20.524485+00:00,33eafc932c58b1e8,2026-07-29T14:29:54.955888+00:00,28.307,3,2,visits-service|api-gateway,False,GET,/api/visit/owners/1/pets/1/visits,200,0,0.0,1
2026-07-29T14:30:20.524485+00:00,d83b6639ef777552,2026-07-29T14:29:54.791865+00:00,26.855,3,2,visits-service|api-gateway,False,GET,/api/visit/owners/1/pets/1/visits,200,0,0.0,1
2026-07-29T14:30:20.524485+00:00,430e6c28aeb62856,2026-07-29T14:29:54.611323+00:00,22.687,3,2,visits-service|api-gateway,False,GET,/api/visit/owners/1/pets/1/visits,200,0,0.0,1
2026-07-29T14:30:20.524485+00:00,9ea10dc144506a28,2026-07-29T14:29:54.445491+00:00,18.116,3,2,visits-service|api-gateway,False,GET,/api/visit/owners/1/pets/1/visits,200,0,0.0,1
2026-07-29T14:30:20.524485+00:00,dc3ce21e64d4d843,2026-07-29T14:29:54.278475+00:00,133.022,4,2,api-gateway|vets-service,False,GET,/api/vet/vets,200,1,131.55,1
2026-07-29T14:30:20.524485+00:00,ca56b99c506161e9,2026-07-29T14:29:54.125473+00:00,75.351,4,2,api-gateway|customers-service,False,GET,/api/customer/owners/1,200,1,72.958,1
2026-07-29T14:30:20.524485+00:00,a97984986dd8aed5,2026-07-29T14:29:53.948664+00:00,131.467,4,2,api-gateway|vets-service,False,GET,/api/vet/vets,200,1,129.91,1
2026-07-29T14:30:20.524485+00:00,e5950541c4bb7774,2026-07-29T14:29:53.788905+00:00,22.442,3,2,visits-service|api-gateway,False,GET,/api/visit/owners/1/pets/1/visits,200,0,0.0,1
2026-07-29T14:30:20.524485+00:00,b20a1c1dc20212cb,2026-07-29T14:29:53.622194+00:00,135.112,4,2,api-gateway|vets-service,False,GET,/api/vet/vets,200,1,120.813,1
2026-07-29T14:30:20.524485+00:00,ca5469defd98c8dd,2026-07-29T14:29:53.444940+00:00,12.256,3,2,visits-service|api-gateway,False,GET,/api/visit/owners/1/pets/1/visits,200,0,0.0,1
2026-07-29T14:30:20.524485+00:00,4e6ca508d5c728cb,2026-07-29T14:29:53.292968+00:00,72.765,4,2,api-gateway|customers-service,False,GET,/api/customer/owners/1,200,1,70.695,1
2026-07-29T14:30:20.524485+00:00,ae08414688a9d75b,2026-07-29T14:29:53.107848+00:00,128.957,4,2,api-gateway|vets-service,False,GET,/api/vet/vets,200,1,127.603,1
2026-07-29T14:30:20.524485+00:00,68f97d9fe2f520b5,2026-07-29T14:29:52.956291+00:00,23.331,3,2,visits-service|api-gateway,False,GET,/api/visit/owners/1/pets/1/visits,200,0,0.0,1
2026-07-29T14:30:20.524485+00:00,34ce70a8f6cd0cd4,2026-07-29T14:29:52.788486+00:00,21.967,3,2,visits-service|api-gateway,False,GET,/api/visit/owners/1/pets/1/visits,200,0,0.0,1
2026-07-29T14:30:20.524485+00:00,5cd35f3b232dcca1,2026-07-29T14:29:52.621916+00:00,34.028,3,2,visits-service|api-gateway,False,GET,/api/visit/owners/1/pets/1/visits,200,0,0.0,1
2026-07-29T14:30:20.524485+00:00,d2e8c8d152c662ba,2026-07-29T14:29:52.456491+00:00,202.375,4,2,api-gateway|customers-service,False,GET,/api/customer/owners,200,1,195.837,1
2026-07-29T14:30:20.524485+00:00,25d2b7d6078a0be5,2026-07-29T14:29:52.293045+00:00,195.445,4,2,api-gateway|customers-service,False,GET,/api/customer/owners,200,1,193.22,1
2026-07-29T14:30:20.524485+00:00,ebb35808fe9fc42c,2026-07-29T14:29:52.126413+00:00,72.454,4,2,api-gateway|customers-service,False,GET,/api/customer/owners/1,200,1,69.825,1
2026-07-29T14:30:20.524485+00:00,8dbb3e37f9baaf39,2026-07-29T14:29:51.944046+00:00,124.544,4,2,api-gateway|vets-service,False,GET,/api/vet/vets,200,1,123.192,1
2026-07-29T14:30:20.524485+00:00,e948bf2fc4017f75,2026-07-29T14:29:51.789631+00:00,178.001,4,2,api-gateway|customers-service,False,GET,/api/customer/owners,200,1,172.98,1
2026-07-29T14:30:20.524485+00:00,9978811cf40c8e6f,2026-07-29T14:29:51.622736+00:00,73.232,4,2,api-gateway|customers-service,False,GET,/api/customer/owners/1,200,1,61.05,1
2026-07-29T14:30:20.524485+00:00,5a5f80d6121cbe1f,2026-07-29T14:29:51.444690+00:00,125.008,4,2,api-gateway|vets-service,False,GET,/api/vet/vets,200,1,123.63,1
2026-07-29T14:30:20.524485+00:00,fdd2adb9bdc4ec96,2026-07-29T14:29:51.278408+00:00,118.597,4,2,api-gateway|vets-service,False,GET,/api/vet/vets,200,1,117.24,1
2026-07-29T14:30:20.524485+00:00,1c20829b2b9862d5,2026-07-29T14:29:51.124635+00:00,60.91,4,2,api-gateway|customers-service,False,GET,/api/customer/owners/1,200,1,60.91,1
2026-07-29T14:30:20.524485+00:00,62f057c99e6aae16,2026-07-29T14:29:50.955298+00:00,71.003,4,2,api-gateway|customers-service,False,GET,/api/customer/owners/1,200,1,64.327,1
2026-07-29T14:30:20.524485+00:00,92c38ceca1e47212,2026-07-29T14:29:50.789574+00:00,24.529,3,2,visits-service|api-gateway,False,GET,/api/visit/owners/1/pets/1/visits,200,0,0.0,1
2026-07-29T14:30:20.524485+00:00,6af963e7b1515b7a,2026-07-29T14:29:50.622549+00:00,186.637,4,2,api-gateway|customers-service,False,GET,/api/customer/owners,200,1,180.557,1
2026-07-29T14:30:20.524485+00:00,17a58e1c08993b37,2026-07-29T14:29:50.445310+00:00,26.657,3,2,visits-service|api-gateway,False,GET,/api/visit/owners/1/pets/1/visits,200,0,0.0,1
2026-07-29T14:30:20.524485+00:00,d63e924beb20c9fa,2026-07-29T14:29:50.292800+00:00,193.727,4,2,api-gateway|customers-service,False,GET,/api/customer/owners,200,1,191.414,1
2026-07-29T14:30:20.524485+00:00,46eea5b334b9f4d9,2026-07-29T14:29:50.126017+00:00,94.365,4,2,api-gateway|customers-service,False,GET,/api/customer/owners/1,200,1,92.283,1
2026-07-29T14:30:20.524485+00:00,0869987e2fc8a843,2026-07-29T14:29:49.959991+00:00,178.853,4,2,api-gateway|customers-service,False,GET,/api/customer/owners,200,1,176.512,1
2026-07-29T14:30:20.524485+00:00,d95037a87f5ef2de,2026-07-29T14:29:49.778445+00:00,166.6,4,2,api-gateway|customers-service,False,GET,/api/customer/owners,200,1,165.049,1
2026-07-29T14:30:20.524485+00:00,ae91c3b3cafd84a4,2026-07-29T14:29:49.622404+00:00,28.194,3,2,visits-service|api-gateway,False,GET,/api/visit/owners/1/pets/1/visits,200,0,0.0,1
2026-07-29T14:30:20.524485+00:00,6f72b55b99037cfd,2026-07-29T14:29:49.443602+00:00,141.856,4,2,api-gateway|vets-service,False,GET,/api/vet/vets,200,1,140.506,1
2026-07-29T14:30:20.524485+00:00,2dabf7bbbb2cc349,2026-07-29T14:29:49.292587+00:00,185.11,4,2,api-gateway|customers-service,False,GET,/api/customer/owners,200,1,183.023,1
2026-07-29T14:30:20.524485+00:00,2e79854eee61eb58,2026-07-29T14:29:49.109975+00:00,119.222,4,2,api-gateway|vets-service,False,GET,/api/vet/vets,200,1,117.783,1
2026-07-29T14:30:20.524485+00:00,486d46d8f4441d90,2026-07-29T14:29:48.944505+00:00,130.223,4,2,api-gateway|vets-service,False,GET,/api/vet/vets,200,1,128.728,1
2026-07-29T14:30:20.524485+00:00,5077e70d5862e25f,2026-07-29T14:29:48.789677+00:00,133.867,4,2,api-gateway|vets-service,False,GET,/api/vet/vets,200,1,119.229,1
2026-07-29T14:30:20.524485+00:00,23604dbd8419c4fc,2026-07-29T14:29:48.622456+00:00,78.832,4,2,api-gateway|customers-service,False,GET,/api/customer/owners/1,200,1,73.367,1
2026-07-29T14:30:20.524485+00:00,c7e2603cb65b67b6,2026-07-29T14:29:48.444203+00:00,21.415,3,2,visits-service|api-gateway,False,GET,/api/visit/owners/1/pets/1/visits,200,0,0.0,1
2026-07-29T14:30:20.524485+00:00,a3235301fb65b899,2026-07-29T14:29:48.291030+00:00,176.467,4,2,api-gateway|customers-service,False,GET,/api/customer/owners,200,1,176.467,1
2026-07-29T14:30:20.524485+00:00,691963f2c1e21005,2026-07-29T14:29:48.126019+00:00,176.793,4,2,api-gateway|customers-service,False,GET,/api/customer/owners,200,1,175.271,1
2026-07-29T14:30:20.524485+00:00,8c619e8de6b46fdd,2026-07-29T14:29:47.955212+00:00,153.644,4,2,api-gateway|vets-service,False,GET,/api/vet/vets,200,1,139.827,1
2026-07-29T14:30:20.524485+00:00,d78c8c2ca26f4150,2026-07-29T14:29:47.789493+00:00,112.693,4,2,api-gateway|customers-service,False,GET,/api/customer/owners/1,200,1,106.98,1
2026-07-29T14:30:20.524485+00:00,57b47e883381eed8,2026-07-29T14:29:47.622142+00:00,183.662,4,2,api-gateway|vets-service,False,GET,/api/vet/vets,200,1,169.495,1
2026-07-29T14:30:20.524485+00:00,178e098bfae8084f,2026-07-29T14:29:47.444911+00:00,112.751,4,2,api-gateway|vets-service,False,GET,/api/vet/vets,200,1,111.473,1
2026-07-29T14:30:20.524485+00:00,16ae4307c57944de,2026-07-29T14:29:47.276707+00:00,11.638,3,2,visits-service|api-gateway,False,GET,/api/visit/owners/1/pets/1/visits,200,0,0.0,1
2026-07-29T14:30:20.524485+00:00,ad06a5d2ac5532af,2026-07-29T14:29:47.110026+00:00,122.012,4,2,api-gateway|vets-service,False,GET,/api/vet/vets,200,1,120.578,1
2026-07-29T14:30:20.524485+00:00,9e6d57fb7bcf364b,2026-07-29T14:29:46.956335+00:00,84.92,4,2,api-gateway|customers-service,False,GET,/api/customer/owners/1,200,1,71.683,1
2026-07-29T14:30:20.524485+00:00,f8f7b536dde17223,2026-07-29T14:29:46.789410+00:00,22.991,3,2,visits-service|api-gateway,False,GET,/api/visit/owners/1/pets/1/visits,200,0,0.0,1
2026-07-29T14:30:20.524485+00:00,76fc9cb055e772e0,2026-07-29T14:29:46.621799+00:00,33.242,3,2,visits-service|api-gateway,False,GET,/api/visit/owners/1/pets/1/visits,200,0,0.0,1
2026-07-29T14:30:20.524485+00:00,6da14c984432c7e2,2026-07-29T14:29:46.455719+00:00,188.949,4,2,api-gateway|customers-service,False,GET,/api/customer/owners,200,1,174.856,1
2026-07-29T14:30:20.524485+00:00,b9092755eceb3196,2026-07-29T14:29:46.292566+00:00,68.728,4,2,api-gateway|customers-service,False,GET,/api/customer/owners/1,200,1,66.842,1
2026-07-29T14:30:20.524485+00:00,f228b54a0bcc649e,2026-07-29T14:29:46.124536+00:00,82.804,4,2,api-gateway|customers-service,False,GET,/api/customer/owners/1,200,1,81.22,1
2026-07-29T14:30:20.524485+00:00,fcae32899f035e50,2026-07-29T14:29:45.943447+00:00,160.161,4,2,api-gateway|vets-service,False,GET,/api/vet/vets,200,1,158.783,1
2026-07-29T14:30:20.524485+00:00,0455bffe566d6903,2026-07-29T14:29:45.788776+00:00,212.946,4,2,api-gateway|customers-service,False,GET,/api/customer/owners,200,1,208.347,1
2026-07-29T14:30:20.524485+00:00,c25e1bf437cef5b4,2026-07-29T14:29:45.622769+00:00,246.182,4,2,api-gateway|customers-service,False,GET,/api/customer/owners,200,1,239.727,1
2026-07-29T14:30:20.524485+00:00,bf1b17869b2eaf1b,2026-07-29T14:29:45.457628+00:00,74.3,4,2,api-gateway|customers-service,False,GET,/api/customer/owners/1,200,1,73.114,1
2026-07-29T14:30:20.524485+00:00,4147b30b431dc383,2026-07-29T14:29:45.291408+00:00,66.954,4,2,api-gateway|customers-service,False,GET,/api/customer/owners/1,200,1,66.954,1
2026-07-29T14:30:20.524485+00:00,c568f5da37911998,2026-07-29T14:29:45.109688+00:00,182.476,4,2,api-gateway|customers-service,False,GET,/api/customer/owners,200,1,181.198,1
2026-07-29T14:30:20.524485+00:00,96e71464b15ef4d4,2026-07-29T14:29:44.959887+00:00,190.292,4,2,api-gateway|customers-service,False,GET,/api/customer/owners,200,1,188.538,1
2026-07-29T14:30:20.524485+00:00,afceeff69b58d7d9,2026-07-29T14:29:44.790919+00:00,76.608,4,2,api-gateway|customers-service,False,GET,/api/customer/owners/1,200,1,72.408,1
2026-07-29T14:30:20.524485+00:00,89f829ea5c581d6c,2026-07-29T14:29:44.622020+00:00,161.668,4,2,api-gateway|vets-service,False,GET,/api/vet/vets,200,1,145.17,1
2026-07-29T14:30:20.524485+00:00,96b5d8c4af14b538,2026-07-29T14:29:44.456288+00:00,196.876,4,2,api-gateway|customers-service,False,GET,/api/customer/owners,200,1,190.465,1
2026-07-29T14:30:20.524485+00:00,99cf32d93cec7a07,2026-07-29T14:29:44.278865+00:00,12.541,3,2,visits-service|api-gateway,False,GET,/api/visit/owners/1/pets/1/visits,200,0,0.0,1
2026-07-29T14:30:20.524485+00:00,58093b5f940868a6,2026-07-29T14:29:44.126421+00:00,187.969,4,2,api-gateway|customers-service,False,GET,/api/customer/owners,200,1,185.442,1
2026-07-29T14:30:20.524485+00:00,a5d31ecd47df299a,2026-07-29T14:29:43.955936+00:00,35.972,3,2,visits-service|api-gateway,False,GET,/api/visit/owners/1/pets/1/visits,200,0,0.0,1
2026-07-29T14:30:20.524485+00:00,2c37b55e030de628,2026-07-29T14:29:43.789710+00:00,185.751,4,2,api-gateway|customers-service,False,GET,/api/customer/owners,200,1,179.746,1
2026-07-29T14:30:20.524485+00:00,1897474bd3c7575d,2026-07-29T14:29:43.623421+00:00,23.654,3,2,visits-service|api-gateway,False,GET,/api/visit/owners/1/pets/1/visits,200,0,0.0,1
2026-07-29T14:30:20.524485+00:00,697ac32c2641364f,2026-07-29T14:29:43.456034+00:00,175.455,4,2,api-gateway|customers-service,False,GET,/api/customer/owners,200,1,170.248,1
2026-07-29T14:30:20.524485+00:00,0834a092f9a5cbfc,2026-07-29T14:29:43.278968+00:00,78.738,4,2,api-gateway|customers-service,False,GET,/api/customer/owners/1,200,1,77.413,1
2026-07-29T14:30:20.524485+00:00,d0a44eeae7dba095,2026-07-29T14:29:43.112005+00:00,19.802,3,2,visits-service|api-gateway,False,GET,/api/visit/owners/1/pets/1/visits,200,0,0.0,1
2026-07-29T14:30:20.524485+00:00,82b3df257c070938,2026-07-29T14:29:42.955080+00:00,71.48,4,2,api-gateway|customers-service,False,GET,/api/customer/owners/1,200,1,67.812,1
2026-07-29T14:30:20.524485+00:00,abd953612e475fe1,2026-07-29T14:29:42.789121+00:00,188.076,4,2,api-gateway|customers-service,False,GET,/api/customer/owners,200,1,182.925,1
2026-07-29T14:30:20.524485+00:00,033565790583061d,2026-07-29T14:29:42.622538+00:00,149.139,4,2,api-gateway|vets-service,False,GET,/api/vet/vets,200,1,136.66,1
2026-07-29T14:30:20.524485+00:00,069d44ef3386d5ab,2026-07-29T14:29:42.455275+00:00,290.896,4,2,api-gateway|customers-service,False,GET,/api/customer/owners/1,200,1,287.406,1
2026-07-29T14:30:20.524485+00:00,eb64a06610a34be1,2026-07-29T14:29:42.292087+00:00,179.756,4,2,api-gateway|customers-service,False,GET,/api/customer/owners,200,1,177.853,1
2026-07-29T14:30:20.524485+00:00,8903e30328f96663,2026-07-29T14:29:42.125499+00:00,203.174,4,2,api-gateway|customers-service,False,GET,/api/customer/owners,200,1,200.956,1
2026-07-29T14:30:20.524485+00:00,2578c120a57faea2,2026-07-29T14:29:41.956036+00:00,33.519,3,2,visits-service|api-gateway,False,GET,/api/visit/owners/1/pets/1/visits,200,0,0.0,1
2026-07-29T14:30:20.524485+00:00,d1ac9beb986a533e,2026-07-29T14:29:41.789771+00:00,204.13,4,2,api-gateway|customers-service,False,GET,/api/customer/owners,200,1,197.812,1
2026-07-29T14:30:20.524485+00:00,ed59b3cea379b0da,2026-07-29T14:29:41.622183+00:00,87.533,4,2,api-gateway|customers-service,False,GET,/api/customer/owners/1,200,1,74.62,1
2026-07-29T14:30:20.524485+00:00,fa0119298d7ce316,2026-07-29T14:29:41.443132+00:00,135.744,4,2,api-gateway|vets-service,False,GET,/api/vet/vets,200,1,134.504,1
2026-07-29T14:30:20.524485+00:00,8247d99e15ab7bb0,2026-07-29T14:29:41.278769+00:00,142.678,4,2,api-gateway|vets-service,False,GET,/api/vet/vets,200,1,141.302,1
2026-07-29T14:30:20.524485+00:00,84a190595014f6b2,2026-07-29T14:29:41.123532+00:00,216.125,4,2,api-gateway|customers-service,False,GET,/api/customer/owners,200,1,214.24,1
2026-07-29T14:30:20.524485+00:00,31eb07065ea57d05,2026-07-29T14:29:40.973604+00:00,25.755,3,2,visits-service|api-gateway,False,GET,/api/visit/owners/1/pets/1/visits,200,0,0.0,1
2026-07-29T14:30:20.524485+00:00,f7f2f7641542112d,2026-07-29T14:29:40.789517+00:00,77.707,4,2,api-gateway|customers-service,False,GET,/api/customer/owners/1,200,1,71.349,1
2026-07-29T14:30:20.524485+00:00,991bb30d58df705a,2026-07-29T14:29:40.622190+00:00,180.992,4,2,api-gateway|customers-service,False,GET,/api/customer/owners,200,1,173.949,1
2026-07-29T14:30:20.524485+00:00,7bc6e38a7cc84cf0,2026-07-29T14:29:40.444858+00:00,20.239,3,2,visits-service|api-gateway,False,GET,/api/visit/owners/1/pets/1/visits,200,0,0.0,1
2026-07-29T14:30:20.524485+00:00,207a97923ccd947f,2026-07-29T14:29:40.277751+00:00,135.639,4,2,api-gateway|vets-service,False,GET,/api/vet/vets,200,1,134.368,1
2026-07-29T14:30:20.524485+00:00,9aa86e61d1a7a801,2026-07-29T14:29:40.125093+00:00,185.296,4,2,api-gateway|customers-service,False,GET,/api/customer/owners,200,1,183.009,1
2026-07-29T14:30:20.524485+00:00,314833b9842e6dbf,2026-07-29T14:29:39.945746+00:00,131.756,4,2,api-gateway|vets-service,False,GET,/api/vet/vets,200,1,130.495,1
2026-07-29T14:30:20.524485+00:00,21ee3bb07d85cd66,2026-07-29T14:29:39.789312+00:00,71.331,4,2,api-gateway|customers-service,False,GET,/api/customer/owners/1,200,1,67.255,1
2026-07-29T14:30:20.524485+00:00,e7fb8023f631d27d,2026-07-29T14:29:39.622785+00:00,174.106,4,2,api-gateway|customers-service,False,GET,/api/customer/owners,200,1,170.442,1
2026-07-29T14:30:20.524485+00:00,b758295569d0700f,2026-07-29T14:29:39.443395+00:00,129.312,4,2,api-gateway|vets-service,False,GET,/api/vet/vets,200,1,127.968,1
2026-07-29T14:30:20.524485+00:00,71f95268b177be42,2026-07-29T14:29:39.278318+00:00,19.819,3,2,visits-service|api-gateway,False,GET,/api/visit/owners/1/pets/1/visits,200,0,0.0,1
2026-07-29T14:30:20.524485+00:00,ffe68819f715f89a,2026-07-29T14:29:39.109391+00:00,165.42,4,2,api-gateway|customers-service,False,GET,/api/customer/owners,200,1,164.149,1
2026-07-29T14:30:20.524485+00:00,d85aa8acab2fa200,2026-07-29T14:29:38.946467+00:00,120.312,4,2,api-gateway|vets-service,False,GET,/api/vet/vets,200,1,119.013,1
2026-07-29T14:30:20.524485+00:00,95211ed3700dcbf0,2026-07-29T14:29:38.778302+00:00,122.982,4,2,api-gateway|vets-service,False,GET,/api/vet/vets,200,1,121.608,1
2026-07-29T14:30:20.524485+00:00,136539819e13f095,2026-07-29T14:29:38.622867+00:00,135.06,4,2,api-gateway|vets-service,False,GET,/api/vet/vets,200,1,119.655,1
2026-07-29T14:30:20.524485+00:00,67cad6c6f9222537,2026-07-29T14:29:38.443124+00:00,18.247,3,2,visits-service|api-gateway,False,GET,/api/visit/owners/1/pets/1/visits,200,0,0.0,1
2026-07-29T14:30:20.524485+00:00,14699c061890441a,2026-07-29T14:29:38.275613+00:00,124.452,4,2,api-gateway|vets-service,False,GET,/api/vet/vets,200,1,123.127,1
2026-07-29T14:30:20.524485+00:00,2c672bd56b2602d6,2026-07-29T14:29:38.125629+00:00,170.95,4,2,api-gateway|customers-service,False,GET,/api/customer/owners,200,1,169.47,1
2026-07-29T14:30:20.524485+00:00,32927e34ddf599b0,2026-07-29T14:29:37.945636+00:00,144.959,4,2,api-gateway|vets-service,False,GET,/api/vet/vets,200,1,143.596,1
2026-07-29T14:30:20.524485+00:00,b1a90c69e1a9942b,2026-07-29T14:29:37.789658+00:00,87.459,3,2,visits-service|api-gateway,False,GET,/api/visit/owners/1/pets/1/visits,200,0,0.0,1
2026-07-29T14:30:20.524485+00:00,6bd104755eb48866,2026-07-29T14:29:37.623115+00:00,141.132,3,2,visits-service|api-gateway,False,GET,/api/visit/owners/1/pets/1/visits,200,0,0.0,1
2026-07-29T14:30:20.524485+00:00,bf8b238466ad0556,2026-07-29T14:29:37.456090+00:00,147.925,4,2,api-gateway|vets-service,False,GET,/api/vet/vets,200,1,133.081,1
2026-07-29T14:30:20.524485+00:00,429a20686caf0662,2026-07-29T14:29:37.291606+00:00,67.865,4,2,api-gateway|customers-service,False,GET,/api/customer/owners/1,200,1,66.477,1
2026-07-29T14:30:20.524485+00:00,48d305d54202fab1,2026-07-29T14:29:37.126132+00:00,74.775,4,2,api-gateway|customers-service,False,GET,/api/customer/owners/1,200,1,72.973,1
2026-07-29T14:30:20.524485+00:00,f7c28c461e02c7e9,2026-07-29T14:29:36.943743+00:00,10.841,3,2,visits-service|api-gateway,False,GET,/api/visit/owners/1/pets/1/visits,200,0,0.0,1
2026-07-29T14:30:20.524485+00:00,cf3a8ba11c83eb15,2026-07-29T14:29:36.777405+00:00,136.853,4,2,api-gateway|vets-service,False,GET,/api/vet/vets,200,1,135.386,1
2026-07-29T14:30:20.524485+00:00,874d456bccd206fd,2026-07-29T14:29:36.622074+00:00,28.691,3,2,visits-service|api-gateway,False,GET,/api/visit/owners/1/pets/1/visits,200,0,0.0,1
2026-07-29T14:30:20.524485+00:00,70e5c259f2cf8437,2026-07-29T14:29:36.458733+00:00,92.691,4,2,api-gateway|customers-service,False,GET,/api/customer/owners/1,200,1,91.471,1
2026-07-29T14:30:20.524485+00:00,c9ebdd3d907a7455,2026-07-29T14:29:36.292022+00:00,236.543,4,2,api-gateway|customers-service,False,GET,/api/customer/owners,200,1,234.606,1
2026-07-29T14:30:20.524485+00:00,eabc6e5ba7b80249,2026-07-29T14:29:36.123399+00:00,435.562,4,2,api-gateway|customers-service,False,GET,/api/customer/owners,200,1,434.08,1
2026-07-29T14:30:20.524485+00:00,653258609df73d1f,2026-07-29T14:29:35.945733+00:00,60.91,4,2,api-gateway|customers-service,False,GET,/api/customer/owners/1,200,1,59.613,1
2026-07-29T14:30:20.524485+00:00,3cb4d11e6161c213,2026-07-29T14:29:35.788837+00:00,201.075,4,2,api-gateway|customers-service,False,GET,/api/customer/owners/1,200,1,194.697,1
2026-07-29T14:30:20.524485+00:00,8cbb0beaee4fffa8,2026-07-29T14:29:35.622760+00:00,300.18,4,2,api-gateway|vets-service,False,GET,/api/vet/vets,200,1,118.769,1
2026-07-29T14:30:20.524485+00:00,5b925067975ac188,2026-07-29T14:29:35.445568+00:00,125.689,4,2,api-gateway|vets-service,False,GET,/api/vet/vets,200,1,124.597,1
2026-07-29T14:30:20.524485+00:00,a3010d691188c13a,2026-07-29T14:29:35.292161+00:00,75.35,4,2,api-gateway|customers-service,False,GET,/api/customer/owners/1,200,1,73.051,1
2026-07-29T14:30:20.524485+00:00,c6c655b6d99e1eae,2026-07-29T14:29:35.111526+00:00,162.318,3,2,visits-service|api-gateway,False,GET,/api/visit/owners/1/pets/1/visits,200,0,0.0,1
2026-07-29T14:30:20.524485+00:00,53f98265849cf77b,2026-07-29T14:29:34.959622+00:00,95.938,4,2,api-gateway|customers-service,False,GET,/api/customer/owners/1,200,1,93.862,1
2026-07-29T14:30:20.524485+00:00,9db5f59e0e52b23d,2026-07-29T14:29:34.778411+00:00,507.522,4,2,api-gateway|vets-service,False,GET,/api/vet/vets,200,1,506.12,1
2026-07-29T14:30:20.524485+00:00,d29932a1f5fd223f,2026-07-29T14:29:34.625683+00:00,672.18,4,2,api-gateway|customers-service,False,GET,/api/customer/owners,200,1,669.844,1
2026-07-29T14:30:20.524485+00:00,b181990387e4caaf,2026-07-29T14:29:34.457360+00:00,828.294,4,2,api-gateway|customers-service,False,GET,/api/customer/owners,200,1,825.909,1
2026-07-29T14:30:20.524485+00:00,f243a30b48c29598,2026-07-29T14:29:34.280223+00:00,677.677,4,2,api-gateway|vets-service,False,GET,/api/vet/vets,200,1,676.217,1
2026-07-29T14:30:20.524485+00:00,6ef8d1b6640c463d,2026-07-29T14:29:34.112406+00:00,68.148,3,2,visits-service|api-gateway,False,GET,/api/visit/owners/1/pets/1/visits,200,0,0.0,1
2026-07-29T14:30:20.524485+00:00,8616b99f75c63d96,2026-07-29T14:29:33.959710+00:00,476.299,4,2,api-gateway|customers-service,False,GET,/api/customer/owners/1,200,1,473.465,1
2026-07-29T14:30:20.524485+00:00,aa7be50a6fc25ea0,2026-07-29T14:29:33.778491+00:00,157.616,3,2,visits-service|api-gateway,False,GET,/api/visit/owners/1/pets/1/visits,200,0,0.0,1
2026-07-29T14:30:20.524485+00:00,caba267d5486a1bd,2026-07-29T14:29:33.623026+00:00,111.266,3,2,visits-service|api-gateway,False,GET,/api/visit/owners/1/pets/1/visits,200,0,0.0,1
2026-07-29T14:30:20.524485+00:00,1d6385176d5ea872,2026-07-29T14:29:33.445229+00:00,1004.705,4,2,api-gateway|customers-service,False,GET,/api/customer/owners,200,1,1003.361,1
2026-07-29T14:30:20.524485+00:00,0ad94ad27caddbd8,2026-07-29T14:29:33.293182+00:00,1175.511,4,2,api-gateway|customers-service,False,GET,/api/customer/owners,200,1,1173.497,1
2026-07-29T14:30:20.524485+00:00,27804af58e849ac2,2026-07-29T14:29:33.111650+00:00,116.426,3,2,visits-service|api-gateway,False,GET,/api/visit/owners/1/pets/1/visits,200,0,0.0,1
2026-07-29T14:30:20.524485+00:00,75dc81282eeb66a5,2026-07-29T14:29:32.956522+00:00,1725.879,4,2,api-gateway|customers-service,False,GET,/api/customer/owners,200,1,1719.942,1
2026-07-29T14:30:20.524485+00:00,f3d0a82834e02845,2026-07-29T14:29:32.793001+00:00,1644.878,4,2,api-gateway|customers-service,False,GET,/api/customer/owners,200,1,1642.977,1
2026-07-29T14:30:20.524485+00:00,0c98e18e4a0d2133,2026-07-29T14:29:32.611880+00:00,133.722,3,2,visits-service|api-gateway,False,GET,/api/visit/owners/1/pets/1/visits,200,0,0.0,1
2026-07-29T14:30:20.524485+00:00,4ae52b353ea1e887,2026-07-29T14:29:32.455699+00:00,1517.587,4,2,api-gateway|customers-service,False,GET,/api/customer/owners,200,1,1510.567,1
2026-07-29T14:30:20.524485+00:00,bbf99c034a4da307,2026-07-29T14:29:32.278711+00:00,56.92,3,2,visits-service|api-gateway,False,GET,/api/visit/owners/1/pets/1/visits,200,0,0.0,1
2026-07-29T14:30:20.524485+00:00,ecd27dad38ffc76b,2026-07-29T14:29:32.111076+00:00,20.339,3,2,visits-service|api-gateway,False,GET,/api/visit/owners/1/pets/1/visits,200,0,0.0,1
2026-07-29T14:30:20.524485+00:00,195971953a54b1e5,2026-07-29T14:29:31.959862+00:00,1392.857,4,2,api-gateway|customers-service,False,GET,/api/customer/owners,200,1,1389.992,1
2026-07-29T14:30:20.524485+00:00,895be8fdb0e02f2d,2026-07-29T14:29:31.791434+00:00,332.526,4,2,api-gateway|customers-service,False,GET,/api/customer/owners/1,200,1,330.702,1
2026-07-29T14:30:20.524485+00:00,590ffc7ddd0be708,2026-07-29T14:29:31.609297+00:00,731.063,4,2,api-gateway|vets-service,False,GET,/api/vet/vets,200,1,729.755,1
2026-07-29T14:30:20.524485+00:00,0c468dd8d2f78c10,2026-07-29T14:29:31.443328+00:00,903.471,4,2,api-gateway|vets-service,False,GET,/api/vet/vets,200,1,902.264,1
2026-07-29T14:30:20.524485+00:00,29e62c12f54cee11,2026-07-29T14:29:31.275728+00:00,839.695,4,2,api-gateway|vets-service,False,GET,/api/vet/vets,200,1,838.274,1
2026-07-29T14:30:20.524485+00:00,3558e3ff0933a8f1,2026-07-29T14:29:31.124549+00:00,303.835,4,2,api-gateway|customers-service,False,GET,/api/customer/owners/1,200,1,303.835,1
2026-07-29T14:30:20.524485+00:00,2e0a9088c9a31016,2026-07-29T14:29:30.944377+00:00,216.988,3,2,visits-service|api-gateway,False,GET,/api/visit/owners/1/pets/1/visits,200,0,0.0,1
2026-07-29T14:30:20.524485+00:00,d010f3af4d5f0160,2026-07-29T14:29:30.791168+00:00,606.712,4,2,api-gateway|customers-service,False,GET,/api/customer/owners/1,200,1,606.712,1
2026-07-29T14:30:20.524485+00:00,f757209347739f7c,2026-07-29T14:29:30.622024+00:00,1049.866,4,2,api-gateway|customers-service,False,GET,/api/customer/owners,200,1,1040.053,1
2026-07-29T14:30:20.524485+00:00,194df676c81fca2f,2026-07-29T14:29:30.459490+00:00,970.575,4,2,api-gateway|customers-service,False,GET,/api/customer/owners,200,1,969.02,1
2026-07-29T14:30:20.524485+00:00,430b0f14cd988638,2026-07-29T14:29:30.292566+00:00,1114.779,4,2,api-gateway|customers-service,False,GET,/api/customer/owners,200,1,1112.371,1
2026-07-29T14:30:20.524485+00:00,153f7c550f43edee,2026-07-29T14:29:30.126654+00:00,1073.44,4,2,api-gateway|customers-service,False,GET,/api/customer/owners,200,1,1071.739,1
2026-07-29T14:30:20.524485+00:00,4035d28258543c72,2026-07-29T14:29:29.960201+00:00,1446.33,4,2,api-gateway|customers-service,False,GET,/api/customer/owners,200,1,1444.345,1
2026-07-29T14:30:20.524485+00:00,0c33d2f9c826f10e,2026-07-29T14:29:29.792895+00:00,580.752,4,2,api-gateway|customers-service,False,GET,/api/customer/owners/1,200,1,577.913,1
2026-07-29T14:30:20.524485+00:00,fbb6a7fb36668793,2026-07-29T14:29:29.610930+00:00,903.681,4,2,api-gateway|vets-service,False,GET,/api/vet/vets,200,1,890.473,1
2026-07-29T14:30:20.524485+00:00,fc9de4201297835b,2026-07-29T14:29:29.445169+00:00,877.516,4,2,api-gateway|vets-service,False,GET,/api/vet/vets,200,1,876.018,1
2026-07-29T14:30:20.524485+00:00,2f97ed196951881a,2026-07-29T14:29:29.278360+00:00,881.787,4,2,api-gateway|vets-service,False,GET,/api/vet/vets,200,1,880.395,1
2026-07-29T14:30:20.524485+00:00,221987b1525b10ae,2026-07-29T14:29:29.125578+00:00,351.671,4,2,api-gateway|customers-service,False,GET,/api/customer/owners/1,200,1,349.545,1
2026-07-29T14:30:20.524485+00:00,bc164334733bd8f3,2026-07-29T14:29:28.945732+00:00,34.748,3,2,visits-service|api-gateway,False,GET,/api/visit/owners/1/pets/1/visits,200,0,0.0,1
2026-07-29T14:30:20.524485+00:00,c04bfeeca7b9464a,2026-07-29T14:29:28.792189+00:00,454.24,4,2,api-gateway|customers-service,False,GET,/api/customer/owners/1,200,1,451.766,1
2026-07-29T14:30:20.524485+00:00,202b552ce696e7d5,2026-07-29T14:29:28.624356+00:00,391.186,4,2,api-gateway|customers-service,False,GET,/api/customer/owners/1,200,1,389.721,1
2026-07-29T14:30:20.524485+00:00,e4253f81712a1ad9,2026-07-29T14:29:28.443511+00:00,788.206,4,2,api-gateway|customers-service,False,GET,/api/customer/owners,200,1,786.879,1
2026-07-29T14:30:20.524485+00:00,147f6379bf692324,2026-07-29T14:29:28.276211+00:00,720.882,4,2,api-gateway|vets-service,False,GET,/api/vet/vets,200,1,719.696,1
2026-07-29T14:30:20.524485+00:00,87fd847ab5a7ace5,2026-07-29T14:29:28.112094+00:00,143.828,3,2,visits-service|api-gateway,False,GET,/api/visit/owners/1/pets/1/visits,200,0,0.0,1
2026-07-29T14:30:20.524485+00:00,0f88cc5736ec153e,2026-07-29T14:29:27.944177+00:00,77.375,3,2,visits-service|api-gateway,False,GET,/api/visit/owners/1/pets/1/visits,200,0,0.0,1
2026-07-29T14:30:20.524485+00:00,ff46ec21af02a867,2026-07-29T14:29:27.793085+00:00,256.934,4,2,api-gateway|customers-service,False,GET,/api/customer/owners/1,200,1,254.581,1
2026-07-29T14:30:20.524485+00:00,0d9eee70e7e0527d,2026-07-29T14:29:27.622141+00:00,201.321,4,2,api-gateway|customers-service,False,GET,/api/customer/owners/1,200,1,195.031,1
2026-07-29T14:30:20.524485+00:00,ac903ba211785746,2026-07-29T14:29:27.457447+00:00,842.678,4,2,api-gateway|customers-service,False,GET,/api/customer/owners,200,1,841.453,1
2026-07-29T14:30:20.524485+00:00,3d0ce182368702c3,2026-07-29T14:29:27.289714+00:00,420.389,4,2,api-gateway|customers-service,False,GET,/api/customer/owners/1,200,1,414.422,1
2026-07-29T14:30:20.524485+00:00,5f40efe16635c08a,2026-07-29T14:29:27.125954+00:00,919.13,4,2,api-gateway|customers-service,False,GET,/api/customer/owners,200,1,916.914,1
2026-07-29T14:30:20.524485+00:00,b2cb3389b8ff332b,2026-07-29T14:29:26.955609+00:00,750.174,4,2,api-gateway|vets-service,False,GET,/api/vet/vets,200,1,736.896,1
2026-07-29T14:30:20.524485+00:00,a743066a7467ab61,2026-07-29T14:29:26.779819+00:00,191.738,3,2,visits-service|api-gateway,False,GET,/api/visit/owners/1/pets/1/visits,200,0,0.0,1
2026-07-29T14:30:20.524485+00:00,2eb28e49e20d341c,2026-07-29T14:29:26.622585+00:00,1079.46,4,2,api-gateway|customers-service,False,GET,/api/customer/owners,200,1,1072.149,1
2026-07-29T14:30:20.524485+00:00,5d69fec93375a1a1,2026-07-29T14:29:26.456171+00:00,302.432,4,2,api-gateway|customers-service,False,GET,/api/customer/owners/1,200,1,296.245,1
2026-07-29T14:30:20.524485+00:00,5694c3a25f61f752,2026-07-29T14:29:26.277402+00:00,918.771,4,2,api-gateway|vets-service,False,GET,/api/vet/vets,200,1,917.298,1
2026-07-29T14:30:20.524485+00:00,a1052b905b03d79e,2026-07-29T14:29:26.109308+00:00,882.507,4,2,api-gateway|customers-service,False,GET,/api/customer/owners,200,1,881.386,1
2026-07-29T14:30:20.524485+00:00,ee7f022b9e15b838,2026-07-29T14:29:25.956081+00:00,1018.406,4,2,api-gateway|customers-service,False,GET,/api/customer/owners,200,1,1012.503,1
2026-07-29T14:30:20.524485+00:00,1a3b5f19ce2ff44f,2026-07-29T14:29:25.776199+00:00,494.082,4,2,api-gateway|vets-service,False,GET,/api/vet/vets,200,1,492.72,1
2026-07-29T14:30:20.524485+00:00,d6b7c475ef3edb5c,2026-07-29T14:29:25.622367+00:00,466.469,4,2,api-gateway|vets-service,False,GET,/api/vet/vets,200,1,452.279,1
2026-07-29T14:30:20.524485+00:00,45df73829caa74d8,2026-07-29T14:29:25.455981+00:00,615.689,4,2,api-gateway|vets-service,False,GET,/api/vet/vets,200,1,598.627,1
2026-07-29T14:30:20.524485+00:00,502a90e6a91492e6,2026-07-29T14:29:25.292960+00:00,183.516,4,2,api-gateway|customers-service,False,GET,/api/customer/owners,200,1,181.539,1
2026-07-29T14:30:20.524485+00:00,7a0c5c7d16ca44a5,2026-07-29T14:29:25.111911+00:00,129.062,4,2,api-gateway|vets-service,False,GET,/api/vet/vets,200,1,127.65,1
2026-07-29T14:30:20.524485+00:00,18a919365c7cd760,2026-07-29T14:29:24.943236+00:00,19.306,3,2,visits-service|api-gateway,False,GET,/api/visit/owners/1/pets/1/visits,200,0,0.0,1
2026-07-29T14:30:20.524485+00:00,3e2a6726fe52dae9,2026-07-29T14:29:24.788915+00:00,57.519,4,2,api-gateway|customers-service,False,GET,/api/customer/owners/1,200,1,54.071,1
2026-07-29T14:30:20.524485+00:00,9497e055c14f8b38,2026-07-29T14:29:24.622298+00:00,169.322,4,2,api-gateway|customers-service,False,GET,/api/customer/owners,200,1,165.127,1
2026-07-29T14:30:20.524485+00:00,636700845a1dfa9a,2026-07-29T14:29:24.459456+00:00,73.048,4,2,api-gateway|customers-service,False,GET,/api/customer/owners/1,200,1,71.293,1
2026-07-29T14:30:20.524485+00:00,f7b400babc45b7a9,2026-07-29T14:29:24.291563+00:00,61.74,4,2,api-gateway|customers-service,False,GET,/api/customer/owners/1,200,1,60.065,1
2026-07-29T14:30:20.524485+00:00,a5428d78f1106cd9,2026-07-29T14:29:24.111101+00:00,182.779,4,2,api-gateway|customers-service,False,GET,/api/customer/owners,200,1,181.428,1
2026-07-29T14:30:20.524485+00:00,0cbffc1e0ca1df0c,2026-07-29T14:29:23.947624+00:00,24.364,3,2,visits-service|api-gateway,False,GET,/api/visit/owners/1/pets/1/visits,200,0,0.0,1
2026-07-29T14:30:20.524485+00:00,57d3ad6d5e6caf94,2026-07-29T14:29:23.788726+00:00,73.666,4,2,api-gateway|customers-service,False,GET,/api/customer/owners/1,200,1,67.1,1
2026-07-29T14:30:20.524485+00:00,e036f246439006e9,2026-07-29T14:29:23.622089+00:00,86.225,4,2,api-gateway|customers-service,False,GET,/api/customer/owners/1,200,1,80.114,1
2026-07-29T14:30:20.524485+00:00,f7fd08e2afafb16e,2026-07-29T14:29:23.455984+00:00,202.289,4,2,api-gateway|customers-service,False,GET,/api/customer/owners,200,1,195.551,1
2026-07-29T14:30:20.524485+00:00,a6f24424269174e7,2026-07-29T14:29:23.276188+00:00,118.212,4,2,api-gateway|vets-service,False,GET,/api/vet/vets,200,1,116.871,1
2026-07-29T14:30:20.524485+00:00,06adc903d57c1efc,2026-07-29T14:29:23.125394+00:00,192.206,4,2,api-gateway|customers-service,False,GET,/api/customer/owners,200,1,190.719,1
2026-07-29T14:30:20.524485+00:00,dc29119244828fa3,2026-07-29T14:29:22.942577+00:00,11.151,3,2,visits-service|api-gateway,False,GET,/api/visit/owners/1/pets/1/visits,200,0,0.0,1
2026-07-29T14:30:20.524485+00:00,4afcdaa1a19a9581,2026-07-29T14:29:22.789926+00:00,125.648,4,2,api-gateway|vets-service,False,GET,/api/vet/vets,200,1,113.272,1
2026-07-29T14:30:20.524485+00:00,dd2e48f3ba6e4a3e,2026-07-29T14:29:22.622285+00:00,144.887,4,2,api-gateway|vets-service,False,GET,/api/vet/vets,200,1,127.798,1
2026-07-29T14:30:20.524485+00:00,238880360d0991f3,2026-07-29T14:29:22.443789+00:00,11.573,3,2,visits-service|api-gateway,False,GET,/api/visit/owners/1/pets/1/visits,200,0,0.0,1
2026-07-29T14:30:20.524485+00:00,bbb692a093b3ed4a,2026-07-29T14:29:22.276353+00:00,178.806,4,2,api-gateway|vets-service,False,GET,/api/vet/vets,200,1,177.38,1
2026-07-29T14:30:20.524485+00:00,eff8d0b6416c10b9,2026-07-29T14:29:22.124444+00:00,182.675,4,2,api-gateway|customers-service,False,GET,/api/customer/owners,200,1,180.944,1
2026-07-29T14:30:20.524485+00:00,e10e397a36e34c81,2026-07-29T14:29:21.942845+00:00,18.324,3,2,visits-service|api-gateway,False,GET,/api/visit/owners/1/pets/1/visits,200,0,0.0,1
2026-07-29T14:30:20.524485+00:00,3b850a7d0692dbd6,2026-07-29T14:29:21.788411+00:00,172.025,4,2,api-gateway|customers-service,False,GET,/api/customer/owners,200,1,168.126,1
2026-07-29T14:30:20.524485+00:00,28dedc9c2bbcebe9,2026-07-29T14:29:21.622618+00:00,147.284,4,2,api-gateway|vets-service,False,GET,/api/vet/vets,200,1,128.938,1
2026-07-29T14:30:20.524485+00:00,b209a3d7eb2b5080,2026-07-29T14:29:21.454964+00:00,146.416,4,2,api-gateway|vets-service,False,GET,/api/vet/vets,200,1,126.134,1
2026-07-29T14:30:20.524485+00:00,df16712712d3f1ce,2026-07-29T14:29:21.289555+00:00,149.595,4,2,api-gateway|vets-service,False,GET,/api/vet/vets,200,1,134.858,1
2026-07-29T14:30:20.524485+00:00,7306c6b2ad02ea10,2026-07-29T14:29:21.109120+00:00,139.359,4,2,api-gateway|vets-service,False,GET,/api/vet/vets,200,1,138.273,1
2026-07-29T14:30:20.524485+00:00,da0dc9b9263f5546,2026-07-29T14:29:20.943690+00:00,22.444,3,2,visits-service|api-gateway,False,GET,/api/visit/owners/1/pets/1/visits,200,0,0.0,1
2026-07-29T14:30:20.524485+00:00,c48de49f643771a6,2026-07-29T14:29:20.775768+00:00,72.455,4,2,api-gateway|customers-service,False,GET,/api/customer/owners/1,200,1,71.107,1
2026-07-29T14:30:20.524485+00:00,1830ad4ff4058040,2026-07-29T14:29:20.289776+00:00,423.307,4,2,api-gateway|customers-service,False,GET,/api/customer/owners,200,1,417.874,1
2026-07-29T14:31:20.539436+00:00,ce020f297a8643d4,2026-07-29T14:31:20.789189+00:00,163.282,2,1,api-gateway,False,GET,/api/customer/owners,200,0,0.0,1
2026-07-29T14:31:20.539436+00:00,282c0e323e33d817,2026-07-29T14:31:20.622092+00:00,25.613,2,1,api-gateway,False,GET,/api/visit/owners/1/pets/1/visits,200,0,0.0,1
2026-07-29T14:31:20.539436+00:00,e5ea67750fad7938,2026-07-29T14:31:20.456337+00:00,126.664,4,2,api-gateway|vets-service,False,GET,/api/vet/vets,200,1,113.786,1
2026-07-29T14:31:20.539436+00:00,61f1415c55d65436,2026-07-29T14:31:20.290241+00:00,179.586,2,1,api-gateway,False,GET,/api/customer/owners,200,0,0.0,1
2026-07-29T14:31:20.539436+00:00,a0bc66e0feab70d3,2026-07-29T14:31:20.122673+00:00,139.817,4,2,api-gateway|vets-service,False,GET,/api/vet/vets,200,1,125.536,1
2026-07-29T14:31:20.539436+00:00,4ca44930e48ab70a,2026-07-29T14:31:19.955082+00:00,69.416,4,2,api-gateway|customers-service,False,GET,/api/customer/owners/1,200,1,65.706,1
2026-07-29T14:31:20.539436+00:00,da971d9cff10a809,2026-07-29T14:31:19.777680+00:00,58.848,4,2,api-gateway|customers-service,False,GET,/api/customer/owners/1,200,1,57.485,1
2026-07-29T14:31:20.539436+00:00,bf454ccd8fdb5533,2026-07-29T14:31:19.626431+00:00,74.755,4,2,api-gateway|customers-service,False,GET,/api/customer/owners/1,200,1,72.595,1
2026-07-29T14:31:20.539436+00:00,3fb4cdffd5f4da02,2026-07-29T14:31:19.446171+00:00,117.286,4,2,api-gateway|vets-service,False,GET,/api/vet/vets,200,1,115.805,1
2026-07-29T14:31:20.539436+00:00,aa3dc5356ec5ccdc,2026-07-29T14:31:19.288670+00:00,30.801,3,2,visits-service|api-gateway,False,GET,/api/visit/owners/1/pets/1/visits,200,0,0.0,1
2026-07-29T14:31:20.539436+00:00,7da09ec76f70b7ef,2026-07-29T14:31:19.122862+00:00,191.071,4,2,api-gateway|customers-service,False,GET,/api/customer/owners,200,1,184.928,1
2026-07-29T14:31:20.539436+00:00,64c30852931db63e,2026-07-29T14:31:18.955532+00:00,143.736,4,2,api-gateway|vets-service,False,GET,/api/vet/vets,200,1,130.578,1
2026-07-29T14:31:20.539436+00:00,59ae80dd39162c49,2026-07-29T14:31:18.792777+00:00,78.767,4,2,api-gateway|customers-service,False,GET,/api/customer/owners/1,200,1,76.616,1
2026-07-29T14:31:20.539436+00:00,a148f5ea234c370b,2026-07-29T14:31:18.624889+00:00,67.269,4,2,api-gateway|customers-service,False,GET,/api/customer/owners/1,200,1,65.722,1
2026-07-29T14:31:20.539436+00:00,9c90e14dffd0602e,2026-07-29T14:31:18.455333+00:00,127.196,4,2,api-gateway|vets-service,False,GET,/api/vet/vets,200,1,113.982,1
2026-07-29T14:31:20.539436+00:00,0758aef1eb8fd679,2026-07-29T14:31:18.288720+00:00,128.26,4,2,api-gateway|vets-service,False,GET,/api/vet/vets,200,1,114.836,1
2026-07-29T14:31:20.539436+00:00,6d498e58984a7e05,2026-07-29T14:31:18.123133+00:00,34.244,3,2,visits-service|api-gateway,False,GET,/api/visit/owners/1/pets/1/visits,200,0,0.0,1
2026-07-29T14:31:20.539436+00:00,1917d5e88520ead2,2026-07-29T14:31:17.956780+00:00,141.69,4,2,api-gateway|vets-service,False,GET,/api/vet/vets,200,1,123.853,1
2026-07-29T14:31:20.539436+00:00,807a5d2b514ed80e,2026-07-29T14:31:17.783226+00:00,219.013,4,2,api-gateway|customers-service,False,GET,/api/customer/owners,200,1,217.977,1
2026-07-29T14:31:20.539436+00:00,bb30d58676001c75,2026-07-29T14:31:17.625837+00:00,77.292,4,2,api-gateway|customers-service,False,GET,/api/customer/owners/1,200,1,75.281,1
2026-07-29T14:31:20.539436+00:00,457692426c740b2a,2026-07-29T14:31:17.444692+00:00,62.573,4,2,api-gateway|customers-service,False,GET,/api/customer/owners/1,200,1,61.22,1
2026-07-29T14:31:20.539436+00:00,b11704eaa47e2591,2026-07-29T14:31:17.292725+00:00,68.664,4,2,api-gateway|customers-service,False,GET,/api/customer/owners/1,200,1,68.664,1
2026-07-29T14:31:20.539436+00:00,26c264c4445208e1,2026-07-29T14:31:17.122328+00:00,141.506,4,2,api-gateway|vets-service,False,GET,/api/vet/vets,200,1,128.951,1
2026-07-29T14:31:20.539436+00:00,2067fe5b43cd5353,2026-07-29T14:31:16.955881+00:00,159.742,4,2,api-gateway|customers-service,False,GET,/api/customer/owners,200,1,156.17,1
2026-07-29T14:31:20.539436+00:00,7a4d0f118a4ea626,2026-07-29T14:31:16.776405+00:00,18.88,3,2,visits-service|api-gateway,False,GET,/api/visit/owners/1/pets/1/visits,200,0,0.0,1
2026-07-29T14:31:20.539436+00:00,e449c7b2783045fb,2026-07-29T14:31:16.625430+00:00,175.565,4,2,api-gateway|customers-service,False,GET,/api/customer/owners,200,1,175.565,1
2026-07-29T14:31:20.539436+00:00,72ed4a7d2598e744,2026-07-29T14:31:16.444831+00:00,17.286,3,2,visits-service|api-gateway,False,GET,/api/visit/owners/1/pets/1/visits,200,0,0.0,1
2026-07-29T14:31:20.539436+00:00,e695bc51eb652f50,2026-07-29T14:31:16.291365+00:00,250.182,4,2,api-gateway|customers-service,False,GET,/api/customer/owners,200,1,248.548,1
2026-07-29T14:31:20.539436+00:00,7df1b7cecf376e48,2026-07-29T14:31:16.122420+00:00,128.934,4,2,api-gateway|vets-service,False,GET,/api/vet/vets,200,1,114.969,1
2026-07-29T14:31:20.539436+00:00,df6697ca407c1cc9,2026-07-29T14:31:15.956153+00:00,129.417,4,2,api-gateway|vets-service,False,GET,/api/vet/vets,200,1,114.572,1
2026-07-29T14:31:20.539436+00:00,46e6294d71e421b8,2026-07-29T14:31:15.778427+00:00,133.572,4,2,api-gateway|vets-service,False,GET,/api/vet/vets,200,1,132.249,1
2026-07-29T14:31:20.539436+00:00,0763449f2d5c5996,2026-07-29T14:31:15.610465+00:00,16.332,3,2,visits-service|api-gateway,False,GET,/api/visit/owners/1/pets/1/visits,200,0,0.0,1
2026-07-29T14:31:20.539436+00:00,f889bcc6dd2cc567,2026-07-29T14:31:15.444033+00:00,126.443,4,2,api-gateway|vets-service,False,GET,/api/vet/vets,200,1,125.201,1
2026-07-29T14:31:20.539436+00:00,e77fb861b3a7cfba,2026-07-29T14:31:15.276858+00:00,57.675,4,2,api-gateway|customers-service,False,GET,/api/customer/owners/1,200,1,56.229,1
2026-07-29T14:31:20.539436+00:00,1b3365f95216ba66,2026-07-29T14:31:15.124643+00:00,69.747,4,2,api-gateway|customers-service,False,GET,/api/customer/owners/1,200,1,66.337,1
2026-07-29T14:31:20.539436+00:00,9653c057ba64190c,2026-07-29T14:31:14.955527+00:00,21.93,3,2,visits-service|api-gateway,False,GET,/api/visit/owners/1/pets/1/visits,200,0,0.0,1
2026-07-29T14:31:20.539436+00:00,c469a4ed6c4e7c31,2026-07-29T14:31:14.778118+00:00,11.855,3,2,visits-service|api-gateway,False,GET,/api/visit/owners/1/pets/1/visits,200,0,0.0,1
2026-07-29T14:31:20.539436+00:00,f48d55664572ea90,2026-07-29T14:31:14.611739+00:00,12.585,3,2,visits-service|api-gateway,False,GET,/api/visit/owners/1/pets/1/visits,200,0,0.0,1
2026-07-29T14:31:20.539436+00:00,5f43ee50da01eb2c,2026-07-29T14:31:14.444182+00:00,155.54,4,2,api-gateway|customers-service,False,GET,/api/customer/owners,200,1,154.294,1
2026-07-29T14:31:20.539436+00:00,6afafe896abe1b77,2026-07-29T14:31:14.289357+00:00,255.5,4,2,api-gateway|vets-service,False,GET,/api/vet/vets,200,1,242.256,1
2026-07-29T14:31:20.539436+00:00,e6ecffda5c46bbd4,2026-07-29T14:31:14.122659+00:00,78.584,3,2,visits-service|api-gateway,False,GET,/api/visit/owners/1/pets/1/visits,200,0,0.0,1
2026-07-29T14:31:20.539436+00:00,0ebc73d40ea21447,2026-07-29T14:31:13.960506+00:00,469.288,4,2,api-gateway|customers-service,False,GET,/api/customer/owners/1,200,1,467.058,1
2026-07-29T14:31:20.539436+00:00,48f48142d3bcd96c,2026-07-29T14:31:13.789020+00:00,187.736,3,2,visits-service|api-gateway,False,GET,/api/visit/owners/1/pets/1/visits,200,0,0.0,1
2026-07-29T14:31:20.539436+00:00,45e84156ae7b800a,2026-07-29T14:31:13.622640+00:00,354.691,4,2,api-gateway|customers-service,False,GET,/api/customer/owners/1,200,1,340.69,1
2026-07-29T14:31:20.539436+00:00,0f64a796309235ca,2026-07-29T14:31:13.445823+00:00,33.769,3,2,visits-service|api-gateway,False,GET,/api/visit/owners/1/pets/1/visits,200,0,0.0,1
2026-07-29T14:31:20.539436+00:00,1a5adb72b9714b62,2026-07-29T14:31:13.293213+00:00,1220.94,4,2,api-gateway|customers-service,False,GET,/api/customer/owners,200,1,1219.458,1
2026-07-29T14:31:20.539436+00:00,32fdf0602d63148d,2026-07-29T14:31:13.123011+00:00,1077.112,4,2,api-gateway|vets-service,False,GET,/api/vet/vets,200,1,1061.324,1
2026-07-29T14:31:20.539436+00:00,a34a034c7359c51f,2026-07-29T14:31:12.960123+00:00,1478.387,4,2,api-gateway|customers-service,False,GET,/api/customer/owners,200,1,1476.578,1
2026-07-29T14:31:20.539436+00:00,6aaa3d204f7c9741,2026-07-29T14:31:12.788483+00:00,1175.429,4,2,api-gateway|vets-service,False,GET,/api/vet/vets,200,1,1161.958,1
2026-07-29T14:31:20.539436+00:00,4c3a79d2c9cc0382,2026-07-29T14:31:12.622236+00:00,1585.837,4,2,api-gateway|customers-service,False,GET,/api/customer/owners,200,1,1580.613,1
2026-07-29T14:31:20.539436+00:00,24929e2e19f837bc,2026-07-29T14:31:12.446143+00:00,73.276,3,2,visits-service|api-gateway,False,GET,/api/visit/owners/1/pets/1/visits,200,0,0.0,1
2026-07-29T14:31:20.539436+00:00,8defc5464b851dae,2026-07-29T14:31:12.289116+00:00,728.081,4,2,api-gateway|vets-service,False,GET,/api/vet/vets,200,1,714.944,1
2026-07-29T14:31:20.539436+00:00,e1a75fa7120dadf5,2026-07-29T14:31:12.122344+00:00,178.128,3,2,visits-service|api-gateway,False,GET,/api/visit/owners/1/pets/1/visits,200,0,0.0,1
2026-07-29T14:31:20.539436+00:00,51b930d47340a7ac,2026-07-29T14:31:11.946195+00:00,793.14,4,2,api-gateway|vets-service,False,GET,/api/vet/vets,200,1,791.869,1
2026-07-29T14:31:20.539436+00:00,759bf3c6c50baaf1,2026-07-29T14:31:11.791281+00:00,997.891,4,2,api-gateway|customers-service,False,GET,/api/customer/owners,200,1,996.226,1
2026-07-29T14:31:20.539436+00:00,4c4d33a6946eaf97,2026-07-29T14:31:11.622501+00:00,446.663,4,2,api-gateway|vets-service,False,GET,/api/vet/vets,200,1,434.965,1
2026-07-29T14:31:20.539436+00:00,5bc097a770417cf6,2026-07-29T14:31:11.455347+00:00,620.828,4,2,api-gateway|vets-service,False,GET,/api/vet/vets,200,1,609.331,1
2026-07-29T14:31:20.539436+00:00,6cc0d5bcfadcfae1,2026-07-29T14:31:11.289106+00:00,51.415,3,2,visits-service|api-gateway,False,GET,/api/visit/owners/1/pets/1/visits,200,0,0.0,1
2026-07-29T14:31:20.539436+00:00,3b6d94fcce5fc755,2026-07-29T14:31:11.110925+00:00,1145.167,4,2,api-gateway|customers-service,False,GET,/api/customer/owners,200,1,1143.728,1
2026-07-29T14:31:20.539436+00:00,960ee5df592c14ed,2026-07-29T14:31:10.956120+00:00,144.242,3,2,visits-service|api-gateway,False,GET,/api/visit/owners/1/pets/1/visits,200,0,0.0,1
2026-07-29T14:31:20.539436+00:00,f9d22416a062eab4,2026-07-29T14:31:10.778181+00:00,57.352,3,2,visits-service|api-gateway,False,GET,/api/visit/owners/1/pets/1/visits,200,0,0.0,1
2026-07-29T14:31:20.539436+00:00,0d6f0ccdadd4af9f,2026-07-29T14:31:10.610274+00:00,16.539,3,2,visits-service|api-gateway,False,GET,/api/visit/owners/1/pets/1/visits,200,0,0.0,1
2026-07-29T14:31:20.539436+00:00,b8421cd06c4331fc,2026-07-29T14:31:10.455442+00:00,677.866,4,2,api-gateway|vets-service,False,GET,/api/vet/vets,200,1,665.77,1
2026-07-29T14:31:20.539436+00:00,1ddba9998731d790,2026-07-29T14:31:10.292002+00:00,1046.545,4,2,api-gateway|customers-service,False,GET,/api/customer/owners,200,1,1044.822,1
2026-07-29T14:31:20.539436+00:00,988a7c59cca1153a,2026-07-29T14:31:10.122152+00:00,522.531,4,2,api-gateway|vets-service,False,GET,/api/vet/vets,200,1,511.578,1
2026-07-29T14:31:20.539436+00:00,399370042708ebc4,2026-07-29T14:31:09.957415+00:00,447.234,4,2,api-gateway|vets-service,False,GET,/api/vet/vets,200,1,436.849,1
2026-07-29T14:31:20.539436+00:00,308712eaa4b81561,2026-07-29T14:31:09.789383+00:00,213.847,4,2,api-gateway|customers-service,False,GET,/api/customer/owners/1,200,1,208.628,1
2026-07-29T14:31:20.539436+00:00,142f2d87fa501e93,2026-07-29T14:31:09.611036+00:00,764.902,4,2,api-gateway|customers-service,False,GET,/api/customer/owners,200,1,763.821,1
2026-07-29T14:31:20.539436+00:00,e7a5ecb83cce2916,2026-07-29T14:31:09.455507+00:00,152.309,4,2,api-gateway|vets-service,False,GET,/api/vet/vets,200,1,134.945,1
2026-07-29T14:31:20.539436+00:00,8ff3b7c3c5de944a,2026-07-29T14:31:09.290639+00:00,66.939,4,2,api-gateway|customers-service,False,GET,/api/customer/owners/1,200,1,65.275,1
2026-07-29T14:31:20.539436+00:00,4d745b60772e6bb7,2026-07-29T14:31:09.122809+00:00,24.978,3,2,visits-service|api-gateway,False,GET,/api/visit/owners/1/pets/1/visits,200,0,0.0,1
2026-07-29T14:31:20.539436+00:00,8fd21259762f869f,2026-07-29T14:31:08.955527+00:00,38.349,3,2,visits-service|api-gateway,False,GET,/api/visit/owners/1/pets/1/visits,200,0,0.0,1
2026-07-29T14:31:20.539436+00:00,d35aab33206e3944,2026-07-29T14:31:08.789527+00:00,183.615,4,2,api-gateway|customers-service,False,GET,/api/customer/owners,200,1,178.463,1
2026-07-29T14:31:20.539436+00:00,7cc9e326a081c0f2,2026-07-29T14:31:08.623294+00:00,62.274,4,2,api-gateway|customers-service,False,GET,/api/customer/owners/1,200,1,60.905,1
2026-07-29T14:31:20.539436+00:00,8ca36db59cfad59c,2026-07-29T14:31:08.444615+00:00,63.074,4,2,api-gateway|customers-service,False,GET,/api/customer/owners/1,200,1,61.803,1
2026-07-29T14:31:20.539436+00:00,c93c0f183136da33,2026-07-29T14:31:08.288912+00:00,28.555,3,2,visits-service|api-gateway,False,GET,/api/visit/owners/1/pets/1/visits,200,0,0.0,1
2026-07-29T14:31:20.539436+00:00,f27548f5520f9f65,2026-07-29T14:31:08.122007+00:00,21.212,3,2,visits-service|api-gateway,False,GET,/api/visit/owners/1/pets/1/visits,200,0,0.0,1
2026-07-29T14:31:20.539436+00:00,21ac219ea5a37599,2026-07-29T14:31:07.956287+00:00,176.853,4,2,api-gateway|customers-service,False,GET,/api/customer/owners,200,1,171.246,1
2026-07-29T14:31:20.539436+00:00,50ae2db2c6e53f63,2026-07-29T14:31:07.778926+00:00,25.208,3,2,visits-service|api-gateway,False,GET,/api/visit/owners/1/pets/1/visits,200,0,0.0,1
2026-07-29T14:31:20.539436+00:00,7e17400496234259,2026-07-29T14:31:07.610802+00:00,19.518,3,2,visits-service|api-gateway,False,GET,/api/visit/owners/1/pets/1/visits,200,0,0.0,1
2026-07-29T14:31:20.539436+00:00,ca962ed5c4746275,2026-07-29T14:31:07.458380+00:00,166.839,4,2,api-gateway|customers-service,False,GET,/api/customer/owners,200,1,166.839,1
2026-07-29T14:31:20.539436+00:00,83e8d1c52954ad02,2026-07-29T14:31:07.277592+00:00,164.599,4,2,api-gateway|customers-service,False,GET,/api/customer/owners,200,1,163.425,1
2026-07-29T14:31:20.539436+00:00,605aa804f1f1a092,2026-07-29T14:31:07.122999+00:00,22.072,3,2,visits-service|api-gateway,False,GET,/api/visit/owners/1/pets/1/visits,200,0,0.0,1
2026-07-29T14:31:20.539436+00:00,3eeddcf6849dcfa8,2026-07-29T14:31:06.955437+00:00,178.992,4,2,api-gateway|customers-service,False,GET,/api/customer/owners,200,1,174.709,1
2026-07-29T14:31:20.539436+00:00,790c48151e350fcd,2026-07-29T14:31:06.793088+00:00,68.987,4,2,api-gateway|customers-service,False,GET,/api/customer/owners/1,200,1,66.74,1
2026-07-29T14:31:20.539436+00:00,5ae5634e1a8613b9,2026-07-29T14:31:06.612330+00:00,20.846,3,2,visits-service|api-gateway,False,GET,/api/visit/owners/1/pets/1/visits,200,0,0.0,1
2026-07-29T14:31:20.539436+00:00,3af847efdf54d65e,2026-07-29T14:31:06.455855+00:00,138.9,4,2,api-gateway|vets-service,False,GET,/api/vet/vets,200,1,124.681,1
2026-07-29T14:31:20.539436+00:00,225956ff9838ee42,2026-07-29T14:31:06.276573+00:00,192.427,4,2,api-gateway|vets-service,False,GET,/api/vet/vets,200,1,191.005,1
2026-07-29T14:31:20.539436+00:00,ab004cef76b31f60,2026-07-29T14:31:06.122376+00:00,141.907,4,2,api-gateway|vets-service,False,GET,/api/vet/vets,200,1,127.486,1
2026-07-29T14:31:20.539436+00:00,46c8460ce5cc2fff,2026-07-29T14:31:05.955753+00:00,34.358,3,2,visits-service|api-gateway,False,GET,/api/visit/owners/1/pets/1/visits,200,0,0.0,1
2026-07-29T14:31:20.539436+00:00,a2bc3f8a25ebdca6,2026-07-29T14:31:05.789191+00:00,178.67,4,2,api-gateway|vets-service,False,GET,/api/vet/vets,200,1,163.063,1
2026-07-29T14:31:20.539436+00:00,583e1f92e1541f21,2026-07-29T14:31:05.626235+00:00,71.23,4,2,api-gateway|customers-service,False,GET,/api/customer/owners/1,200,1,68.993,1
2026-07-29T14:31:20.539436+00:00,7c5aab5a67a9a545,2026-07-29T14:31:05.447513+00:00,51.913,4,2,api-gateway|customers-service,False,GET,/api/customer/owners/1,200,1,50.814,1
2026-07-29T14:31:20.539436+00:00,5a41fc63b17898db,2026-07-29T14:31:05.292867+00:00,71.394,4,2,api-gateway|customers-service,False,GET,/api/customer/owners/1,200,1,70.047,1
2026-07-29T14:31:20.539436+00:00,16d760fe68da35e5,2026-07-29T14:31:05.122641+00:00,151.979,4,2,api-gateway|vets-service,False,GET,/api/vet/vets,200,1,139.039,1
2026-07-29T14:31:20.539436+00:00,e24cd88c2afbf53b,2026-07-29T14:31:04.955857+00:00,124.486,4,2,api-gateway|vets-service,False,GET,/api/vet/vets,200,1,112.325,1
2026-07-29T14:31:20.539436+00:00,70cb4afa21e6a72e,2026-07-29T14:31:04.778186+00:00,10.548,3,2,visits-service|api-gateway,False,GET,/api/visit/owners/1/pets/1/visits,200,0,0.0,1
2026-07-29T14:31:20.539436+00:00,72af5c93f881790e,2026-07-29T14:31:04.612453+00:00,131.237,4,2,api-gateway|vets-service,False,GET,/api/vet/vets,200,1,129.85,1
2026-07-29T14:31:20.539436+00:00,3aff62a9f22aa83e,2026-07-29T14:31:04.443919+00:00,18.808,3,2,visits-service|api-gateway,False,GET,/api/visit/owners/1/pets/1/visits,200,0,0.0,1
2026-07-29T14:31:20.539436+00:00,99bca9c5172cda5d,2026-07-29T14:31:04.293247+00:00,69.97,4,2,api-gateway|customers-service,False,GET,/api/customer/owners/1,200,1,67.713,1
2026-07-29T14:31:20.539436+00:00,398fa47cac0ca7a5,2026-07-29T14:31:04.122886+00:00,184.334,4,2,api-gateway|customers-service,False,GET,/api/customer/owners,200,1,168.865,1
2026-07-29T14:31:20.539436+00:00,2d62e67b2bb86d56,2026-07-29T14:31:03.955864+00:00,298.828,4,2,api-gateway|vets-service,False,GET,/api/vet/vets,200,1,284.856,1
2026-07-29T14:31:20.539436+00:00,60147246b29b26eb,2026-07-29T14:31:03.779017+00:00,19.991,3,2,visits-service|api-gateway,False,GET,/api/visit/owners/1/pets/1/visits,200,0,0.0,1
2026-07-29T14:31:20.539436+00:00,8475ff684d2bd421,2026-07-29T14:31:03.625654+00:00,191.102,4,2,api-gateway|customers-service,False,GET,/api/customer/owners,200,1,188.872,1
2026-07-29T14:31:20.539436+00:00,7cac8888ffeea44f,2026-07-29T14:31:03.446506+00:00,10.243,3,2,visits-service|api-gateway,False,GET,/api/visit/owners/1/pets/1/visits,200,0,0.0,1
2026-07-29T14:31:20.539436+00:00,d62b0aff6d5dfdf4,2026-07-29T14:31:03.293613+00:00,73.663,4,2,api-gateway|customers-service,False,GET,/api/customer/owners/1,200,1,71.646,1
2026-07-29T14:31:20.539436+00:00,42acc10996fc8b06,2026-07-29T14:31:03.125564+00:00,77.099,4,2,api-gateway|customers-service,False,GET,/api/customer/owners/1,200,1,72.662,1
2026-07-29T14:31:20.539436+00:00,234c73255f9242b6,2026-07-29T14:31:02.956285+00:00,34.413,3,2,visits-service|api-gateway,False,GET,/api/visit/owners/1/pets/1/visits,200,0,0.0,1
2026-07-29T14:31:20.539436+00:00,e5bc51127be09a41,2026-07-29T14:31:02.791652+00:00,74.316,4,2,api-gateway|customers-service,False,GET,/api/customer/owners/1,200,1,61.239,1
2026-07-29T14:31:20.539436+00:00,b1697d7f1e3e5719,2026-07-29T14:31:02.613157+00:00,18.959,3,2,visits-service|api-gateway,False,GET,/api/visit/owners/1/pets/1/visits,200,0,0.0,1
2026-07-29T14:31:20.539436+00:00,0669cdc9b39a37de,2026-07-29T14:31:02.459468+00:00,69.445,4,2,api-gateway|customers-service,False,GET,/api/customer/owners/1,200,1,67.297,1
2026-07-29T14:31:20.539436+00:00,6fb36e64a10d4307,2026-07-29T14:31:02.289785+00:00,231.1,4,2,api-gateway|vets-service,False,GET,/api/vet/vets,200,1,217.356,1
2026-07-29T14:31:20.539436+00:00,400840b84f37e347,2026-07-29T14:31:02.124134+00:00,312.336,4,2,api-gateway|customers-service,False,GET,/api/customer/owners,200,1,310.018,1
2026-07-29T14:31:20.539436+00:00,40879c04e25092f9,2026-07-29T14:31:01.955209+00:00,39.8,3,2,visits-service|api-gateway,False,GET,/api/visit/owners/1/pets/1/visits,200,0,0.0,1
2026-07-29T14:31:20.539436+00:00,c14797417ef7dd36,2026-07-29T14:31:01.789630+00:00,276.838,4,2,api-gateway|customers-service,False,GET,/api/customer/owners,200,1,272.281,1
2026-07-29T14:31:20.539436+00:00,b2e761109b443846,2026-07-29T14:31:01.610403+00:00,161.413,4,2,api-gateway|vets-service,False,GET,/api/vet/vets,200,1,160.112,1
2026-07-29T14:31:20.539436+00:00,9a89496b42f4abaf,2026-07-29T14:31:01.443825+00:00,144.229,4,2,api-gateway|vets-service,False,GET,/api/vet/vets,200,1,142.958,1
2026-07-29T14:31:20.539436+00:00,a76dc707bab626d9,2026-07-29T14:31:01.288414+00:00,75.145,4,2,api-gateway|customers-service,False,GET,/api/customer/owners/1,200,1,61.348,1
2026-07-29T14:31:20.539436+00:00,86f8c50fb41ddd83,2026-07-29T14:31:01.121980+00:00,169.891,4,2,api-gateway|customers-service,False,GET,/api/customer/owners,200,1,166.244,1
2026-07-29T14:31:20.539436+00:00,e639061bfb627165,2026-07-29T14:31:00.956062+00:00,175.809,4,2,api-gateway|customers-service,False,GET,/api/customer/owners,200,1,170.713,1
2026-07-29T14:31:20.539436+00:00,a47abb6ba0a4f938,2026-07-29T14:31:00.778353+00:00,17.788,3,2,visits-service|api-gateway,False,GET,/api/visit/owners/1/pets/1/visits,200,0,0.0,1
2026-07-29T14:31:20.539436+00:00,9b12b5483d51f0e8,2026-07-29T14:31:00.622816+00:00,407.668,4,2,api-gateway|customers-service,False,GET,/api/customer/owners,200,1,404.381,1
2026-07-29T14:31:20.539436+00:00,c153e532a872244e,2026-07-29T14:31:00.467868+00:00,159.025,4,2,api-gateway|customers-service,False,GET,/api/customer/owners,200,1,157.225,1
2026-07-29T14:31:20.539436+00:00,3e86e38c8daac83b,2026-07-29T14:31:00.289626+00:00,71.091,4,2,api-gateway|customers-service,False,GET,/api/customer/owners/1,200,1,55.109,1
2026-07-29T14:31:20.539436+00:00,815fd7485fed1734,2026-07-29T14:31:00.122075+00:00,24.818,3,2,visits-service|api-gateway,False,GET,/api/visit/owners/1/pets/1/visits,200,0,0.0,1
2026-07-29T14:31:20.539436+00:00,141e92339285ff6a,2026-07-29T14:30:59.955741+00:00,27.626,3,2,visits-service|api-gateway,False,GET,/api/visit/owners/1/pets/1/visits,200,0,0.0,1
2026-07-29T14:31:20.539436+00:00,09fd0fa2ff5a5939,2026-07-29T14:30:59.779116+00:00,38.448,3,2,visits-service|api-gateway,False,GET,/api/visit/owners/1/pets/1/visits,200,0,0.0,1
2026-07-29T14:31:20.539436+00:00,27c6f2fe5141c226,2026-07-29T14:30:59.625686+00:00,67.933,4,2,api-gateway|customers-service,False,GET,/api/customer/owners/1,200,1,65.415,1
2026-07-29T14:31:20.539436+00:00,096abdd06db75fec,2026-07-29T14:30:59.445202+00:00,18.91,3,2,visits-service|api-gateway,False,GET,/api/visit/owners/1/pets/1/visits,200,0,0.0,1
2026-07-29T14:31:20.539436+00:00,9d3706255fda8c7a,2026-07-29T14:30:59.292231+00:00,289.899,4,2,api-gateway|customers-service,False,GET,/api/customer/owners,200,1,287.486,1
2026-07-29T14:31:20.539436+00:00,e40c7cebc270db73,2026-07-29T14:30:59.122745+00:00,39.969,3,2,visits-service|api-gateway,False,GET,/api/visit/owners/1/pets/1/visits,200,0,0.0,1
2026-07-29T14:31:20.539436+00:00,1e6100a7a5f7f725,2026-07-29T14:30:58.955310+00:00,383.529,4,2,api-gateway|vets-service,False,GET,/api/vet/vets,200,1,369.033,1
2026-07-29T14:31:20.539436+00:00,803703891151d29b,2026-07-29T14:30:58.790424+00:00,168.602,4,2,api-gateway|customers-service,False,GET,/api/customer/owners,200,1,165.493,1
2026-07-29T14:31:20.539436+00:00,fdc239586410bef9,2026-07-29T14:30:58.622340+00:00,79.015,4,2,api-gateway|customers-service,False,GET,/api/customer/owners/1,200,1,65.706,1
2026-07-29T14:31:20.539436+00:00,777b6f3c137724f8,2026-07-29T14:30:58.459770+00:00,150.348,4,2,api-gateway|customers-service,False,GET,/api/customer/owners/1,200,1,148.563,1
2026-07-29T14:31:20.539436+00:00,06bdb3d050edf96d,2026-07-29T14:30:58.293235+00:00,364.471,4,2,api-gateway|customers-service,False,GET,/api/customer/owners,200,1,361.979,1
2026-07-29T14:31:20.539436+00:00,ea7501c0c65ebe02,2026-07-29T14:30:58.124984+00:00,499.869,4,2,api-gateway|customers-service,False,GET,/api/customer/owners,200,1,498.299,1
2026-07-29T14:31:20.539436+00:00,ddee2dc659934e43,2026-07-29T14:30:57.955242+00:00,92.219,4,2,api-gateway|customers-service,False,GET,/api/customer/owners/1,200,1,87.924,1
2026-07-29T14:31:20.539436+00:00,12b4b9f6f270dab4,2026-07-29T14:30:57.789200+00:00,151.207,4,2,api-gateway|vets-service,False,GET,/api/vet/vets,200,1,138.061,1
2026-07-29T14:31:20.539436+00:00,cc33da2f8f59f336,2026-07-29T14:30:57.610369+00:00,21.844,3,2,visits-service|api-gateway,False,GET,/api/visit/owners/1/pets/1/visits,200,0,0.0,1
2026-07-29T14:31:20.539436+00:00,0ba3616e4e89dbf4,2026-07-29T14:30:57.444112+00:00,119.876,4,2,api-gateway|vets-service,False,GET,/api/vet/vets,200,1,118.68,1
2026-07-29T14:31:20.539436+00:00,5aea66210522840f,2026-07-29T14:30:57.276715+00:00,29.877,3,2,visits-service|api-gateway,False,GET,/api/visit/owners/1/pets/1/visits,200,0,0.0,1
2026-07-29T14:31:20.539436+00:00,1f7375ab71e4741f,2026-07-29T14:30:57.122626+00:00,216.432,4,2,api-gateway|customers-service,False,GET,/api/customer/owners,200,1,202.821,1
2026-07-29T14:31:20.539436+00:00,b2a096406527477e,2026-07-29T14:30:56.955454+00:00,28.253,3,2,visits-service|api-gateway,False,GET,/api/visit/owners/1/pets/1/visits,200,0,0.0,1
2026-07-29T14:31:20.539436+00:00,1e530e7625ab14d9,2026-07-29T14:30:56.789681+00:00,193.296,4,2,api-gateway|customers-service,False,GET,/api/customer/owners,200,1,190.724,1
2026-07-29T14:31:20.539436+00:00,e6bb0db80b46c628,2026-07-29T14:30:56.624423+00:00,59.957,4,2,api-gateway|customers-service,False,GET,/api/customer/owners/1,200,1,59.957,1
2026-07-29T14:31:20.539436+00:00,9232c95396ba051a,2026-07-29T14:30:56.457924+00:00,64.128,4,2,api-gateway|customers-service,False,GET,/api/customer/owners/1,200,1,62.753,1
2026-07-29T14:31:20.539436+00:00,69e79f2ab298ee0e,2026-07-29T14:30:56.289122+00:00,178.074,4,2,api-gateway|customers-service,False,GET,/api/customer/owners,200,1,165.419,1
2026-07-29T14:31:20.539436+00:00,f0e61a518dbdbae2,2026-07-29T14:30:56.122226+00:00,20.24,3,2,visits-service|api-gateway,False,GET,/api/visit/owners/1/pets/1/visits,200,0,0.0,1
2026-07-29T14:31:20.539436+00:00,bd418726cf34ace8,2026-07-29T14:30:55.955991+00:00,169.375,4,2,api-gateway|customers-service,False,GET,/api/customer/owners,200,1,163.634,1
2026-07-29T14:31:20.539436+00:00,aaacad1972b71120,2026-07-29T14:30:55.789842+00:00,126.162,4,2,api-gateway|vets-service,False,GET,/api/vet/vets,200,1,111.968,1
2026-07-29T14:31:20.539436+00:00,80a42181f086cd23,2026-07-29T14:30:55.611667+00:00,16.927,3,2,visits-service|api-gateway,False,GET,/api/visit/owners/1/pets/1/visits,200,0,0.0,1
2026-07-29T14:31:20.539436+00:00,8ce0281cdffc2af7,2026-07-29T14:30:55.458212+00:00,64.989,4,2,api-gateway|customers-service,False,GET,/api/customer/owners/1,200,1,63.182,1
2026-07-29T14:31:20.539436+00:00,a1670ce5f9d0c90f,2026-07-29T14:30:55.292740+00:00,68.052,4,2,api-gateway|customers-service,False,GET,/api/customer/owners/1,200,1,64.785,1
2026-07-29T14:31:20.539436+00:00,61530f1ece31a121,2026-07-29T14:30:55.121877+00:00,138.924,4,2,api-gateway|vets-service,False,GET,/api/vet/vets,200,1,125.85,1
2026-07-29T14:31:20.539436+00:00,96a4978ccb6869cf,2026-07-29T14:30:54.955593+00:00,57.159,4,2,api-gateway|customers-service,False,GET,/api/customer/owners/1,200,1,52.818,1
2026-07-29T14:31:20.539436+00:00,a16d2866b68fe191,2026-07-29T14:30:54.788692+00:00,187.717,4,2,api-gateway|customers-service,False,GET,/api/customer/owners,200,1,172.987,1
2026-07-29T14:31:20.539436+00:00,8d67e8599ac1e866,2026-07-29T14:30:54.625304+00:00,152.369,4,2,api-gateway|customers-service,False,GET,/api/customer/owners,200,1,152.369,1
2026-07-29T14:31:20.539436+00:00,635cd45ab7d3396a,2026-07-29T14:30:54.459009+00:00,101.528,4,2,api-gateway|customers-service,False,GET,/api/customer/owners/1,200,1,99.888,1
2026-07-29T14:31:20.539436+00:00,c584d386faab6c82,2026-07-29T14:30:54.277875+00:00,65.71,3,2,visits-service|api-gateway,False,GET,/api/visit/owners/1/pets/1/visits,200,0,0.0,1
2026-07-29T14:31:20.539436+00:00,8511ac503c7a9613,2026-07-29T14:30:54.112190+00:00,396.433,4,2,api-gateway|vets-service,False,GET,/api/vet/vets,200,1,395.164,1
2026-07-29T14:31:20.539436+00:00,1d68f16673e77a3d,2026-07-29T14:30:53.948418+00:00,532.906,4,2,api-gateway|vets-service,False,GET,/api/vet/vets,200,1,531.575,1
2026-07-29T14:31:20.539436+00:00,ac160f1b353c9a6b,2026-07-29T14:30:53.790945+00:00,105.365,3,2,visits-service|api-gateway,False,GET,/api/visit/owners/1/pets/1/visits,200,0,0.0,1
2026-07-29T14:31:20.539436+00:00,81b9aa89c60705e4,2026-07-29T14:30:53.615968+00:00,34.279,3,2,visits-service|api-gateway,False,GET,/api/visit/owners/1/pets/1/visits,200,0,0.0,1
2026-07-29T14:31:20.539436+00:00,f0289011f01804d0,2026-07-29T14:30:53.445992+00:00,186.672,3,2,visits-service|api-gateway,False,GET,/api/visit/owners/1/pets/1/visits,200,0,0.0,1
2026-07-29T14:31:20.539436+00:00,b0bbdb7eb79c1813,2026-07-29T14:30:53.292961+00:00,1083.486,4,2,api-gateway|customers-service,False,GET,/api/customer/owners,200,1,1081.842,1
2026-07-29T14:31:20.539436+00:00,2ccd662cc9e502a5,2026-07-29T14:30:53.122458+00:00,1025.417,4,2,api-gateway|customers-service,False,GET,/api/customer/owners,200,1,1013.285,1
2026-07-29T14:31:20.539436+00:00,7d54c3753a17f5f7,2026-07-29T14:30:52.955794+00:00,239.598,3,2,visits-service|api-gateway,False,GET,/api/visit/owners/1/pets/1/visits,200,0,0.0,1
2026-07-29T14:31:20.539436+00:00,d893054da6d394c4,2026-07-29T14:30:52.777031+00:00,869.542,4,2,api-gateway|vets-service,False,GET,/api/vet/vets,200,1,868.098,1
2026-07-29T14:31:20.539436+00:00,8805631a687a8c22,2026-07-29T14:30:52.625698+00:00,1054.457,4,2,api-gateway|customers-service,False,GET,/api/customer/owners,200,1,1053.272,1
2026-07-29T14:31:20.539436+00:00,124cdfbc1dfcbf16,2026-07-29T14:30:52.460141+00:00,1209.045,4,2,api-gateway|customers-service,False,GET,/api/customer/owners,200,1,1206.14,1
2026-07-29T14:31:20.539436+00:00,2f7d4b6af9bbcba5,2026-07-29T14:30:52.289833+00:00,912.175,4,2,api-gateway|vets-service,False,GET,/api/vet/vets,200,1,899.056,1
2026-07-29T14:31:20.539436+00:00,2dddabb48133e97c,2026-07-29T14:30:52.122644+00:00,815.931,4,2,api-gateway|vets-service,False,GET,/api/vet/vets,200,1,802.942,1
2026-07-29T14:31:20.539436+00:00,f149bf31d742a461,2026-07-29T14:30:51.955798+00:00,30.045,3,2,visits-service|api-gateway,False,GET,/api/visit/owners/1/pets/1/visits,200,0,0.0,1
2026-07-29T14:31:20.539436+00:00,68408685bc955b61,2026-07-29T14:30:51.791186+00:00,895.034,4,2,api-gateway|customers-service,False,GET,/api/customer/owners,200,1,893.351,1
2026-07-29T14:31:20.539436+00:00,41b160ee29b22e17,2026-07-29T14:30:51.624834+00:00,1077.856,4,2,api-gateway|customers-service,False,GET,/api/customer/owners,200,1,1076.626,1
2026-07-29T14:31:20.539436+00:00,9fa1faec1aca2976,2026-07-29T14:30:51.444346+00:00,115.698,3,2,visits-service|api-gateway,False,GET,/api/visit/owners/1/pets/1/visits,200,0,0.0,1
2026-07-29T14:31:20.539436+00:00,fb9d5c04c232ab61,2026-07-29T14:30:51.277279+00:00,40.841,3,2,visits-service|api-gateway,False,GET,/api/visit/owners/1/pets/1/visits,200,0,0.0,1
2026-07-29T14:31:20.539436+00:00,236c107cf29f7f48,2026-07-29T14:30:51.121682+00:00,1090.78,4,2,api-gateway|customers-service,False,GET,/api/customer/owners,200,1,1077.497,1
2026-07-29T14:31:20.539436+00:00,5e7bdb7e060a9790,2026-07-29T14:30:50.955588+00:00,151.096,3,2,visits-service|api-gateway,False,GET,/api/visit/owners/1/pets/1/visits,200,0,0.0,1
2026-07-29T14:31:20.539436+00:00,6775e883d8cdfc4d,2026-07-29T14:30:50.789768+00:00,328.824,4,2,api-gateway|customers-service,False,GET,/api/customer/owners/1,200,1,323.504,1
2026-07-29T14:31:20.539436+00:00,3b85c29ed53951e8,2026-07-29T14:30:50.622783+00:00,265.149,4,2,api-gateway|customers-service,False,GET,/api/customer/owners/1,200,1,250.238,1
2026-07-29T14:31:20.539436+00:00,a40f160eef74a86e,2026-07-29T14:30:50.459420+00:00,1112.744,4,2,api-gateway|customers-service,False,GET,/api/customer/owners,200,1,1110.658,1
2026-07-29T14:31:20.539436+00:00,dc41acfb77a0fcec,2026-07-29T14:30:50.293017+00:00,1039.397,4,2,api-gateway|customers-service,False,GET,/api/customer/owners,200,1,1036.999,1
2026-07-29T14:31:20.539436+00:00,b74e4fd02229dfc4,2026-07-29T14:30:50.125647+00:00,499.66,4,2,api-gateway|customers-service,False,GET,/api/customer/owners/1,200,1,497.105,1
2026-07-29T14:31:20.539436+00:00,2d62c4cf3d376364,2026-07-29T14:30:49.959631+00:00,457.563,4,2,api-gateway|customers-service,False,GET,/api/customer/owners/1,200,1,455.088,1
2026-07-29T14:31:20.539436+00:00,bdc62470654b57e1,2026-07-29T14:30:49.789212+00:00,1085.619,4,2,api-gateway|vets-service,False,GET,/api/vet/vets,200,1,1071.904,1
2026-07-29T14:31:20.539436+00:00,e51cde0db91c5356,2026-07-29T14:30:49.622875+00:00,559.07,4,2,api-gateway|customers-service,False,GET,/api/customer/owners/1,200,1,552.421,1
2026-07-29T14:31:20.539436+00:00,7b003eb5bf4b0c52,2026-07-29T14:30:49.446216+00:00,355.651,4,2,api-gateway|vets-service,False,GET,/api/vet/vets,200,1,354.344,1
2026-07-29T14:31:20.539436+00:00,2a36c86d69afe539,2026-07-29T14:30:49.289565+00:00,134.285,4,2,api-gateway|vets-service,False,GET,/api/vet/vets,200,1,119.323,1
2026-07-29T14:31:20.539436+00:00,d4dd9c856e8ab2cf,2026-07-29T14:30:49.122495+00:00,23.137,3,2,visits-service|api-gateway,False,GET,/api/visit/owners/1/pets/1/visits,200,0,0.0,1
2026-07-29T14:31:20.539436+00:00,9dca838246234000,2026-07-29T14:30:48.956554+00:00,35.347,3,2,visits-service|api-gateway,False,GET,/api/visit/owners/1/pets/1/visits,200,0,0.0,1
2026-07-29T14:31:20.539436+00:00,11b45f5174fc7fef,2026-07-29T14:30:48.788997+00:00,120.273,4,2,api-gateway|vets-service,False,GET,/api/vet/vets,200,1,105.847,1
2026-07-29T14:31:20.539436+00:00,c61c9bb95e2c0cb5,2026-07-29T14:30:48.610061+00:00,126.157,4,2,api-gateway|vets-service,False,GET,/api/vet/vets,200,1,124.735,1
2026-07-29T14:31:20.539436+00:00,fca2b207aacf58d3,2026-07-29T14:30:48.444637+00:00,10.465,3,2,visits-service|api-gateway,False,GET,/api/visit/owners/1/pets/1/visits,200,0,0.0,1
2026-07-29T14:31:20.539436+00:00,55bff2e8d7a891aa,2026-07-29T14:30:48.276928+00:00,17.615,3,2,visits-service|api-gateway,False,GET,/api/visit/owners/1/pets/1/visits,200,0,0.0,1
2026-07-29T14:31:20.539436+00:00,76abd17e36548e76,2026-07-29T14:30:48.122612+00:00,136.6,4,2,api-gateway|vets-service,False,GET,/api/vet/vets,200,1,123.145,1
2026-07-29T14:31:20.539436+00:00,d80c4fe32be185a8,2026-07-29T14:30:47.955937+00:00,181.146,4,2,api-gateway|customers-service,False,GET,/api/customer/owners,200,1,176.824,1
2026-07-29T14:31:20.539436+00:00,a5d8a214fe23118f,2026-07-29T14:30:47.789176+00:00,112.116,4,2,api-gateway|vets-service,False,GET,/api/vet/vets,200,1,98.053,1
2026-07-29T14:31:20.539436+00:00,8d4776b32cdb1c29,2026-07-29T14:30:47.610500+00:00,102.129,4,2,api-gateway|vets-service,False,GET,/api/vet/vets,200,1,100.786,1
2026-07-29T14:31:20.539436+00:00,cc5ac2c021882130,2026-07-29T14:30:47.442661+00:00,11.305,3,2,visits-service|api-gateway,False,GET,/api/visit/owners/1/pets/1/visits,200,0,0.0,1
2026-07-29T14:31:20.539436+00:00,8d802985713e23c3,2026-07-29T14:30:47.289782+00:00,186.02,4,2,api-gateway|customers-service,False,GET,/api/customer/owners,200,1,168.142,1
2026-07-29T14:31:20.539436+00:00,318243dcf68cd069,2026-07-29T14:30:47.111669+00:00,18.614,3,2,visits-service|api-gateway,False,GET,/api/visit/owners/1/pets/1/visits,200,0,0.0,1
2026-07-29T14:31:20.539436+00:00,cf4b2499ab874e66,2026-07-29T14:30:46.955392+00:00,22.081,3,2,visits-service|api-gateway,False,GET,/api/visit/owners/1/pets/1/visits,200,0,0.0,1
2026-07-29T14:31:20.539436+00:00,2269f25b5ae389e6,2026-07-29T14:30:46.789752+00:00,134.482,4,2,api-gateway|vets-service,False,GET,/api/vet/vets,200,1,123.598,1
2026-07-29T14:31:20.539436+00:00,307c7673aee565d4,2026-07-29T14:30:46.624715+00:00,60.337,4,2,api-gateway|customers-service,False,GET,/api/customer/owners/1,200,1,58.545,1
2026-07-29T14:31:20.539436+00:00,747441f881ba96c1,2026-07-29T14:30:46.447971+00:00,9.605,3,2,visits-service|api-gateway,False,GET,/api/visit/owners/1/pets/1/visits,200,0,0.0,1
2026-07-29T14:31:20.539436+00:00,bcd103f6cd9f3761,2026-07-29T14:30:46.288693+00:00,125.561,4,2,api-gateway|vets-service,False,GET,/api/vet/vets,200,1,113.93,1
2026-07-29T14:31:20.539436+00:00,8fe90ffcd4e7b61c,2026-07-29T14:30:46.110301+00:00,21.172,3,2,visits-service|api-gateway,False,GET,/api/visit/owners/1/pets/1/visits,200,0,0.0,1
2026-07-29T14:31:20.539436+00:00,61dc31d430c6a75e,2026-07-29T14:30:45.955665+00:00,136.067,4,2,api-gateway|vets-service,False,GET,/api/vet/vets,200,1,122.987,1
2026-07-29T14:31:20.539436+00:00,b6ee813d498d5324,2026-07-29T14:30:45.789314+00:00,143.005,4,2,api-gateway|vets-service,False,GET,/api/vet/vets,200,1,128.377,1
2026-07-29T14:31:20.539436+00:00,3c455b7ba0084a91,2026-07-29T14:30:45.610399+00:00,173.811,4,2,api-gateway|customers-service,False,GET,/api/customer/owners,200,1,172.601,1
2026-07-29T14:31:20.539436+00:00,38e5bbf6e5478b21,2026-07-29T14:30:45.458376+00:00,65.185,4,2,api-gateway|customers-service,False,GET,/api/customer/owners/1,200,1,63.503,1
2026-07-29T14:31:20.539436+00:00,57afe3402d842e73,2026-07-29T14:30:45.278258+00:00,11.27,3,2,visits-service|api-gateway,False,GET,/api/visit/owners/1/pets/1/visits,200,0,0.0,1
2026-07-29T14:31:20.539436+00:00,d4c22814f4c687e1,2026-07-29T14:30:45.126557+00:00,185.004,4,2,api-gateway|customers-service,False,GET,/api/customer/owners,200,1,182.644,1
2026-07-29T14:31:20.539436+00:00,1fd377e8a29f6aea,2026-07-29T14:30:44.955661+00:00,192.509,4,2,api-gateway|customers-service,False,GET,/api/customer/owners,200,1,186.05,1
2026-07-29T14:31:20.539436+00:00,9a6b16ff714a13fd,2026-07-29T14:30:44.777266+00:00,18.277,3,2,visits-service|api-gateway,False,GET,/api/visit/owners/1/pets/1/visits,200,0,0.0,1
2026-07-29T14:31:20.539436+00:00,50c51dffee9f40bb,2026-07-29T14:30:44.625689+00:00,202.148,4,2,api-gateway|customers-service,False,GET,/api/customer/owners,200,1,200.65,1
2026-07-29T14:31:20.539436+00:00,6c8d4a3f146c735c,2026-07-29T14:30:44.458481+00:00,238.753,4,2,api-gateway|customers-service,False,GET,/api/customer/owners,200,1,238.753,1
2026-07-29T14:31:20.539436+00:00,fc232a35fdd875a9,2026-07-29T14:30:44.277648+00:00,113.336,4,2,api-gateway|vets-service,False,GET,/api/vet/vets,200,1,112.138,1
2026-07-29T14:31:20.539436+00:00,c08875928be7c9eb,2026-07-29T14:30:44.126492+00:00,177.93,4,2,api-gateway|customers-service,False,GET,/api/customer/owners,200,1,175.945,1
2026-07-29T14:31:20.539436+00:00,9f8469d5530b60b1,2026-07-29T14:30:43.955866+00:00,71.457,4,2,api-gateway|customers-service,False,GET,/api/customer/owners/1,200,1,57.038,1
2026-07-29T14:31:20.539436+00:00,a1f5d2545b5320e2,2026-07-29T14:30:43.789212+00:00,125.924,4,2,api-gateway|vets-service,False,GET,/api/vet/vets,200,1,113.139,1
2026-07-29T14:31:20.539436+00:00,31cf7b76b33a5530,2026-07-29T14:30:43.625031+00:00,63.867,4,2,api-gateway|customers-service,False,GET,/api/customer/owners/1,200,1,62.389,1
2026-07-29T14:31:20.539436+00:00,8ef7bef4c46d1439,2026-07-29T14:30:43.443730+00:00,119.378,4,2,api-gateway|vets-service,False,GET,/api/vet/vets,200,1,117.998,1
2026-07-29T14:31:20.539436+00:00,5e422a58ac71ac80,2026-07-29T14:30:43.279027+00:00,120.961,4,2,api-gateway|vets-service,False,GET,/api/vet/vets,200,1,119.614,1
2026-07-29T14:31:20.539436+00:00,d160986242edaf3e,2026-07-29T14:30:43.122996+00:00,217.659,4,2,api-gateway|customers-service,False,GET,/api/customer/owners,200,1,204.836,1
2026-07-29T14:31:20.539436+00:00,fde57e055f2df4b4,2026-07-29T14:30:42.955898+00:00,27.73,3,2,visits-service|api-gateway,False,GET,/api/visit/owners/1/pets/1/visits,200,0,0.0,1
2026-07-29T14:31:20.539436+00:00,5f82dfb38cc1e2d1,2026-07-29T14:30:42.788914+00:00,127.666,4,2,api-gateway|vets-service,False,GET,/api/vet/vets,200,1,113.545,1
2026-07-29T14:31:20.539436+00:00,60b492751a9d3762,2026-07-29T14:30:42.612514+00:00,108.194,4,2,api-gateway|vets-service,False,GET,/api/vet/vets,200,1,106.805,1
2026-07-29T14:31:20.539436+00:00,fb93dd81ce2190fc,2026-07-29T14:30:42.457553+00:00,173.717,4,2,api-gateway|customers-service,False,GET,/api/customer/owners,200,1,171.995,1
2026-07-29T14:31:20.539436+00:00,c70a8ec3add7f4b7,2026-07-29T14:30:42.291371+00:00,69.055,4,2,api-gateway|customers-service,False,GET,/api/customer/owners/1,200,1,67.394,1
2026-07-29T14:31:20.539436+00:00,0a933d7f68d3458f,2026-07-29T14:30:42.122342+00:00,135.985,4,2,api-gateway|vets-service,False,GET,/api/vet/vets,200,1,123.683,1
2026-07-29T14:31:20.539436+00:00,9ae86c8b53cbeee7,2026-07-29T14:30:41.955690+00:00,189.253,4,2,api-gateway|customers-service,False,GET,/api/customer/owners,200,1,183.979,1
2026-07-29T14:31:20.539436+00:00,728ceb32ccabdb55,2026-07-29T14:30:41.790047+00:00,35.387,3,2,visits-service|api-gateway,False,GET,/api/visit/owners/1/pets/1/visits,200,0,0.0,1
2026-07-29T14:31:20.539436+00:00,80a716af7ebcc31c,2026-07-29T14:30:41.626682+00:00,73.786,4,2,api-gateway|customers-service,False,GET,/api/customer/owners/1,200,1,71.357,1
2026-07-29T14:31:20.539436+00:00,2702a2c7320ace95,2026-07-29T14:30:41.458491+00:00,74.919,4,2,api-gateway|customers-service,False,GET,/api/customer/owners/1,200,1,74.919,1
2026-07-29T14:31:20.539436+00:00,906afc912d0be8e5,2026-07-29T14:30:41.291016+00:00,71.704,4,2,api-gateway|customers-service,False,GET,/api/customer/owners/1,200,1,70.138,1
2026-07-29T14:31:20.539436+00:00,e10f29ad02befc75,2026-07-29T14:30:41.110428+00:00,17.357,3,2,visits-service|api-gateway,False,GET,/api/visit/owners/1/pets/1/visits,200,0,0.0,1
2026-07-29T14:31:20.539436+00:00,a0865be508985e3a,2026-07-29T14:30:40.955745+00:00,123.097,4,2,api-gateway|vets-service,False,GET,/api/vet/vets,200,1,107.722,1
2026-07-29T14:31:20.539436+00:00,ce30e794a652ed71,2026-07-29T14:30:40.789385+00:00,135.025,4,2,api-gateway|vets-service,False,GET,/api/vet/vets,200,1,120.702,1
2026-07-29T14:31:20.539436+00:00,837342fb52e6b096,2026-07-29T14:30:40.612515+00:00,116.236,4,2,api-gateway|vets-service,False,GET,/api/vet/vets,200,1,114.832,1
2026-07-29T14:31:20.539436+00:00,2cc7828a07205391,2026-07-29T14:30:40.455990+00:00,77.108,4,2,api-gateway|customers-service,False,GET,/api/customer/owners/1,200,1,62.584,1
2026-07-29T14:31:20.539436+00:00,cf0a4e55df8daf37,2026-07-29T14:30:40.289037+00:00,135.018,4,2,api-gateway|vets-service,False,GET,/api/vet/vets,200,1,120.677,1
2026-07-29T14:31:20.539436+00:00,4d231713d5d46556,2026-07-29T14:30:40.122635+00:00,131.88,4,2,api-gateway|vets-service,False,GET,/api/vet/vets,200,1,118.153,1
2026-07-29T14:31:20.539436+00:00,f84bc389c71dc8ec,2026-07-29T14:30:39.955985+00:00,66.482,4,2,api-gateway|customers-service,False,GET,/api/customer/owners/1,200,1,60.013,1
2026-07-29T14:31:20.539436+00:00,87c9cc97f7f04e4e,2026-07-29T14:30:39.789800+00:00,209.43,4,2,api-gateway|customers-service,False,GET,/api/customer/owners,200,1,194.938,1
2026-07-29T14:31:20.539436+00:00,c49be9c4d6109e0d,2026-07-29T14:30:39.623427+00:00,186.898,4,2,api-gateway|customers-service,False,GET,/api/customer/owners/1,200,1,184.961,1
2026-07-29T14:31:20.539436+00:00,6d8287b1b61aeffd,2026-07-29T14:30:39.457117+00:00,332.846,4,2,api-gateway|customers-service,False,GET,/api/customer/owners/1,200,1,330.659,1
2026-07-29T14:31:20.539436+00:00,f4077574fa6ecdf9,2026-07-29T14:30:39.289519+00:00,578.236,4,2,api-gateway|customers-service,False,GET,/api/customer/owners,200,1,572.089,1
2026-07-29T14:31:20.539436+00:00,0e9ef3f140ea601f,2026-07-29T14:30:39.111213+00:00,26.311,3,2,visits-service|api-gateway,False,GET,/api/visit/owners/1/pets/1/visits,200,0,0.0,1
2026-07-29T14:31:20.539436+00:00,6f3dc2a931544bd0,2026-07-29T14:30:38.943993+00:00,175.209,3,2,visits-service|api-gateway,False,GET,/api/visit/owners/1/pets/1/visits,200,0,0.0,1
2026-07-29T14:31:20.539436+00:00,420ace6fb7887ff0,2026-07-29T14:30:38.789994+00:00,134.346,3,2,visits-service|api-gateway,False,GET,/api/visit/owners/1/pets/1/visits,200,0,0.0,1
2026-07-29T14:31:20.539436+00:00,bbf7a2f53acdb356,2026-07-29T14:30:38.612356+00:00,761.331,4,2,api-gateway|vets-service,False,GET,/api/vet/vets,200,1,760.025,1
2026-07-29T14:31:20.539436+00:00,3bc2127ef953c482,2026-07-29T14:30:38.455178+00:00,937.951,4,2,api-gateway|vets-service,False,GET,/api/vet/vets,200,1,926.521,1
2026-07-29T14:31:20.539436+00:00,7a31fa6575edf92b,2026-07-29T14:30:38.292102+00:00,1090.215,4,2,api-gateway|customers-service,False,GET,/api/customer/owners,200,1,1088.809,1
2026-07-29T14:31:20.539436+00:00,df4d179b51195c79,2026-07-29T14:30:38.122522+00:00,1032.87,4,2,api-gateway|customers-service,False,GET,/api/customer/owners,200,1,1028.903,1
2026-07-29T14:31:20.539436+00:00,9a8456a0f2514227,2026-07-29T14:30:37.955423+00:00,1179.315,4,2,api-gateway|customers-service,False,GET,/api/customer/owners,200,1,1174.962,1
2026-07-29T14:31:20.539436+00:00,4ac20926704f2dd7,2026-07-29T14:30:37.789264+00:00,399.051,4,2,api-gateway|customers-service,False,GET,/api/customer/owners/1,200,1,385.021,1
2026-07-29T14:31:20.539436+00:00,c11ae654bd2a86d3,2026-07-29T14:30:37.611165+00:00,75.926,3,2,visits-service|api-gateway,False,GET,/api/visit/owners/1/pets/1/visits,200,0,0.0,1
2026-07-29T14:31:20.539436+00:00,50bbf7144a2ef2a1,2026-07-29T14:30:37.455550+00:00,732.326,4,2,api-gateway|vets-service,False,GET,/api/vet/vets,200,1,716.605,1
2026-07-29T14:31:20.539436+00:00,16a3af64fdb45985,2026-07-29T14:30:37.277530+00:00,439.058,4,2,api-gateway|customers-service,False,GET,/api/customer/owners/1,200,1,437.734,1
2026-07-29T14:31:20.539436+00:00,4d5e456f84767e87,2026-07-29T14:30:37.108192+00:00,108.873,3,2,visits-service|api-gateway,False,GET,/api/visit/owners/1/pets/1/visits,200,0,0.0,1
2026-07-29T14:31:20.539436+00:00,1fd3ada09ee32380,2026-07-29T14:30:36.955124+00:00,995.274,4,2,api-gateway|customers-service,False,GET,/api/customer/owners,200,1,991.076,1
2026-07-29T14:31:20.539436+00:00,718f7c0789ce6f22,2026-07-29T14:30:36.792751+00:00,925.205,4,2,api-gateway|customers-service,False,GET,/api/customer/owners,200,1,923.11,1
2026-07-29T14:31:20.539436+00:00,fb5c15bc5defa14a,2026-07-29T14:30:36.624403+00:00,1081.203,4,2,api-gateway|customers-service,False,GET,/api/customer/owners,200,1,1079.344,1
2026-07-29T14:31:20.539436+00:00,9c07f4c7d3216c54,2026-07-29T14:30:36.455756+00:00,785.839,4,2,api-gateway|vets-service,False,GET,/api/vet/vets,200,1,771.314,1
2026-07-29T14:31:20.539436+00:00,93e8c5b46e91e40d,2026-07-29T14:30:36.296506+00:00,351.857,4,2,api-gateway|customers-service,False,GET,/api/customer/owners/1,200,1,351.857,1
2026-07-29T14:31:20.539436+00:00,7ac690dca0514992,2026-07-29T14:30:36.122767+00:00,1098.409,4,2,api-gateway|customers-service,False,GET,/api/customer/owners,200,1,1092.903,1
2026-07-29T14:31:20.539436+00:00,800883a8ed96756f,2026-07-29T14:30:35.960979+00:00,1288.788,4,2,api-gateway|customers-service,False,GET,/api/customer/owners,200,1,1286.237,1
2026-07-29T14:31:20.539436+00:00,2cc666028f5dfacd,2026-07-29T14:30:35.788917+00:00,137.312,3,2,visits-service|api-gateway,False,GET,/api/visit/owners/1/pets/1/visits,200,0,0.0,1
2026-07-29T14:31:20.539436+00:00,cf90f55d3d46e79a,2026-07-29T14:30:35.622323+00:00,1249.142,4,2,api-gateway|customers-service,False,GET,/api/customer/owners,200,1,1242.545,1
2026-07-29T14:31:20.539436+00:00,3c1c24ea01749180,2026-07-29T14:30:35.455521+00:00,948.017,4,2,api-gateway|customers-service,False,GET,/api/customer/owners,200,1,934.526,1
2026-07-29T14:31:20.539436+00:00,810744672f8ff05e,2026-07-29T14:30:35.288315+00:00,1107.227,4,2,api-gateway|customers-service,False,GET,/api/customer/owners,200,1,1094.889,1
2026-07-29T14:31:20.539436+00:00,a79d236c922eb038,2026-07-29T14:30:35.122279+00:00,1018.617,4,2,api-gateway|customers-service,False,GET,/api/customer/owners,200,1,1014.81,1
2026-07-29T14:31:20.539436+00:00,54295662e5c0e874,2026-07-29T14:30:34.958097+00:00,336.266,4,2,api-gateway|customers-service,False,GET,/api/customer/owners/1,200,1,336.266,1
2026-07-29T14:31:20.539436+00:00,bab23d9b3eb07c7a,2026-07-29T14:30:34.788533+00:00,70.558,4,2,api-gateway|customers-service,False,GET,/api/customer/owners/1,200,1,66.482,1
2026-07-29T14:31:20.539436+00:00,2d90a9d65f69b7cf,2026-07-29T14:30:34.621710+00:00,237.571,4,2,api-gateway|customers-service,False,GET,/api/customer/owners,200,1,233.616,1
2026-07-29T14:31:20.539436+00:00,d303a595fe537fed,2026-07-29T14:30:34.442759+00:00,117.286,4,2,api-gateway|vets-service,False,GET,/api/vet/vets,200,1,115.828,1
2026-07-29T14:31:20.539436+00:00,8a0b26003bd7fd2e,2026-07-29T14:30:34.292828+00:00,182.499,4,2,api-gateway|customers-service,False,GET,/api/customer/owners,200,1,180.347,1
2026-07-29T14:31:20.539436+00:00,4344b129c1c8a542,2026-07-29T14:30:34.121996+00:00,69.832,4,2,api-gateway|customers-service,False,GET,/api/customer/owners/1,200,1,63.934,1
2026-07-29T14:31:20.539436+00:00,22e17ddc84557225,2026-07-29T14:30:33.955766+00:00,177.218,4,2,api-gateway|customers-service,False,GET,/api/customer/owners,200,1,170.892,1
2026-07-29T14:31:20.539436+00:00,9bbbc2f5e5f961ed,2026-07-29T14:30:33.789214+00:00,175.002,4,2,api-gateway|customers-service,False,GET,/api/customer/owners,200,1,159.619,1
2026-07-29T14:31:20.539436+00:00,607957e863a09da1,2026-07-29T14:30:33.611601+00:00,117.781,4,2,api-gateway|vets-service,False,GET,/api/vet/vets,200,1,116.284,1
2026-07-29T14:31:20.539436+00:00,350ec72dba56ac71,2026-07-29T14:30:33.445574+00:00,19.202,3,2,visits-service|api-gateway,False,GET,/api/visit/owners/1/pets/1/visits,200,0,0.0,1
2026-07-29T14:31:20.539436+00:00,eef405833f2fce85,2026-07-29T14:30:33.289188+00:00,74.549,4,2,api-gateway|customers-service,False,GET,/api/customer/owners/1,200,1,61.915,1
2026-07-29T14:31:20.539436+00:00,ed94ecd5b9329da1,2026-07-29T14:30:33.124198+00:00,178.319,4,2,api-gateway|customers-service,False,GET,/api/customer/owners,200,1,176.82,1
2026-07-29T14:31:20.539436+00:00,c464a7857ad1ad27,2026-07-29T14:30:32.956967+00:00,157.134,4,2,api-gateway|customers-service,False,GET,/api/customer/owners,200,1,154.529,1
2026-07-29T14:31:20.539436+00:00,b89a065814514280,2026-07-29T14:30:32.789068+00:00,72.127,4,2,api-gateway|customers-service,False,GET,/api/customer/owners/1,200,1,66.649,1
2026-07-29T14:31:20.539436+00:00,09e1e7b1a6964002,2026-07-29T14:30:32.622877+00:00,400.74,4,2,api-gateway|customers-service,False,GET,/api/customer/owners,200,1,396.296,1
2026-07-29T14:31:20.539436+00:00,c7aed0f847d268a8,2026-07-29T14:30:32.443830+00:00,121.791,4,2,api-gateway|vets-service,False,GET,/api/vet/vets,200,1,120.155,1
2026-07-29T14:31:20.539436+00:00,8119a96c22aeae33,2026-07-29T14:30:32.276686+00:00,23.357,3,2,visits-service|api-gateway,False,GET,/api/visit/owners/1/pets/1/visits,200,0,0.0,1
2026-07-29T14:31:20.539436+00:00,459f95a753c1c720,2026-07-29T14:30:32.123667+00:00,164.601,4,2,api-gateway|customers-service,False,GET,/api/customer/owners,200,1,162.829,1
2026-07-29T14:31:20.539436+00:00,5c56f2a779a9cd1a,2026-07-29T14:30:31.955369+00:00,190.945,4,2,api-gateway|customers-service,False,GET,/api/customer/owners,200,1,185.511,1
2026-07-29T14:31:20.539436+00:00,457be14bdae60de3,2026-07-29T14:30:31.788849+00:00,121.089,4,2,api-gateway|vets-service,False,GET,/api/vet/vets,200,1,108.078,1
2026-07-29T14:31:20.539436+00:00,434280d29ed1e257,2026-07-29T14:30:31.611212+00:00,13.637,3,2,visits-service|api-gateway,False,GET,/api/visit/owners/1/pets/1/visits,200,0,0.0,1
2026-07-29T14:31:20.539436+00:00,62440cb3e4bba00b,2026-07-29T14:30:31.443462+00:00,18.164,3,2,visits-service|api-gateway,False,GET,/api/visit/owners/1/pets/1/visits,200,0,0.0,1
2026-07-29T14:31:20.539436+00:00,a4962e7795fb442b,2026-07-29T14:30:31.276312+00:00,118.315,4,2,api-gateway|vets-service,False,GET,/api/vet/vets,200,1,116.825,1
2026-07-29T14:31:20.539436+00:00,53b6fa0db31b0cb3,2026-07-29T14:30:31.125523+00:00,155.924,4,2,api-gateway|customers-service,False,GET,/api/customer/owners,200,1,155.924,1
2026-07-29T14:31:20.539436+00:00,7336b39ac4f39be9,2026-07-29T14:30:30.955957+00:00,60.429,4,2,api-gateway|customers-service,False,GET,/api/customer/owners/1,200,1,47.135,1
2026-07-29T14:31:20.539436+00:00,f2ed57abc20359ad,2026-07-29T14:30:30.789458+00:00,75.754,4,2,api-gateway|customers-service,False,GET,/api/customer/owners/1,200,1,60.923,1
2026-07-29T14:31:20.539436+00:00,833bb4f77493de9a,2026-07-29T14:30:30.610807+00:00,116.08,4,2,api-gateway|vets-service,False,GET,/api/vet/vets,200,1,114.464,1
2026-07-29T14:31:20.539436+00:00,218f384cc8699943,2026-07-29T14:30:30.444019+00:00,119.471,4,2,api-gateway|vets-service,False,GET,/api/vet/vets,200,1,118.109,1
2026-07-29T14:31:20.539436+00:00,7d7ab630280429bf,2026-07-29T14:30:30.290554+00:00,165.605,4,2,api-gateway|customers-service,False,GET,/api/customer/owners,200,1,163.946,1
2026-07-29T14:31:20.539436+00:00,32ff9ddc4463317f,2026-07-29T14:30:30.111325+00:00,125.859,4,2,api-gateway|vets-service,False,GET,/api/vet/vets,200,1,124.72,1
2026-07-29T14:31:20.539436+00:00,a409be6f7131cac1,2026-07-29T14:30:29.955691+00:00,59.231,4,2,api-gateway|customers-service,False,GET,/api/customer/owners/1,200,1,55.461,1
2026-07-29T14:31:20.539436+00:00,22c0dd8f1e5dfeb9,2026-07-29T14:30:29.789658+00:00,247.352,4,2,api-gateway|customers-service,False,GET,/api/customer/owners,200,1,241.324,1
2026-07-29T14:31:20.539436+00:00,ac32e2220383f9a1,2026-07-29T14:30:29.626340+00:00,79.092,4,2,api-gateway|customers-service,False,GET,/api/customer/owners/1,200,1,76.897,1
2026-07-29T14:31:20.539436+00:00,5c4bfe50c4fb036e,2026-07-29T14:30:29.460229+00:00,72.402,4,2,api-gateway|customers-service,False,GET,/api/customer/owners/1,200,1,70.465,1
2026-07-29T14:31:20.539436+00:00,cec55deaa6875035,2026-07-29T14:30:29.276935+00:00,11.839,3,2,visits-service|api-gateway,False,GET,/api/visit/owners/1/pets/1/visits,200,0,0.0,1
2026-07-29T14:31:20.539436+00:00,23d5461394ded992,2026-07-29T14:30:29.110812+00:00,124.072,4,2,api-gateway|vets-service,False,GET,/api/vet/vets,200,1,122.688,1
2026-07-29T14:31:20.539436+00:00,e45d391ea4a64ca2,2026-07-29T14:30:28.955763+00:00,137.336,4,2,api-gateway|vets-service,False,GET,/api/vet/vets,200,1,124.417,1
2026-07-29T14:31:20.539436+00:00,283997a920fecbd1,2026-07-29T14:30:28.789053+00:00,22.718,3,2,visits-service|api-gateway,False,GET,/api/visit/owners/1/pets/1/visits,200,0,0.0,1
2026-07-29T14:31:20.539436+00:00,df2d6789cdf87b94,2026-07-29T14:30:28.625338+00:00,70.363,4,2,api-gateway|customers-service,False,GET,/api/customer/owners/1,200,1,68.726,1
2026-07-29T14:31:20.539436+00:00,665e3ad5d63365de,2026-07-29T14:30:28.444968+00:00,11.462,3,2,visits-service|api-gateway,False,GET,/api/visit/owners/1/pets/1/visits,200,0,0.0,1
2026-07-29T14:31:20.539436+00:00,03e0a36c110dfd22,2026-07-29T14:30:28.277844+00:00,133.089,4,2,api-gateway|vets-service,False,GET,/api/vet/vets,200,1,131.748,1
2026-07-29T14:31:20.539436+00:00,b72cb3f2cea11edd,2026-07-29T14:30:28.122250+00:00,71.867,4,2,api-gateway|customers-service,False,GET,/api/customer/owners/1,200,1,67.247,1
2026-07-29T14:31:20.539436+00:00,6e24362e84dd48dc,2026-07-29T14:30:27.955372+00:00,25.869,3,2,visits-service|api-gateway,False,GET,/api/visit/owners/1/pets/1/visits,200,0,0.0,1
2026-07-29T14:31:20.539436+00:00,61f3a19361c959da,2026-07-29T14:30:27.789619+00:00,22.085,3,2,visits-service|api-gateway,False,GET,/api/visit/owners/1/pets/1/visits,200,0,0.0,1
2026-07-29T14:31:20.539436+00:00,17417c592d037090,2026-07-29T14:30:27.611477+00:00,11.185,3,2,visits-service|api-gateway,False,GET,/api/visit/owners/1/pets/1/visits,200,0,0.0,1
2026-07-29T14:31:20.539436+00:00,104b94254763a990,2026-07-29T14:30:27.442336+00:00,11.633,3,2,visits-service|api-gateway,False,GET,/api/visit/owners/1/pets/1/visits,200,0,0.0,1
2026-07-29T14:31:20.539436+00:00,68ebfcbcd5caaf83,2026-07-29T14:30:27.278292+00:00,11.107,3,2,visits-service|api-gateway,False,GET,/api/visit/owners/1/pets/1/visits,200,0,0.0,1
2026-07-29T14:31:20.539436+00:00,1fac24f012089c3b,2026-07-29T14:30:27.112113+00:00,10.046,3,2,visits-service|api-gateway,False,GET,/api/visit/owners/1/pets/1/visits,200,0,0.0,1
2026-07-29T14:31:20.539436+00:00,efa85fa2198b1679,2026-07-29T14:30:26.956064+00:00,133.877,4,2,api-gateway|vets-service,False,GET,/api/vet/vets,200,1,120.61,1
2026-07-29T14:31:20.539436+00:00,897c064f6e55f0b0,2026-07-29T14:30:26.788811+00:00,180.347,4,2,api-gateway|customers-service,False,GET,/api/customer/owners,200,1,167.005,1
2026-07-29T14:31:20.539436+00:00,a069bede96c76905,2026-07-29T14:30:26.612049+00:00,14.485,3,2,visits-service|api-gateway,False,GET,/api/visit/owners/1/pets/1/visits,200,0,0.0,1
2026-07-29T14:31:20.539436+00:00,f4e638601b544063,2026-07-29T14:30:26.455973+00:00,182.805,4,2,api-gateway|customers-service,False,GET,/api/customer/owners,200,1,168.192,1
2026-07-29T14:31:20.539436+00:00,6dc088e4673e23cb,2026-07-29T14:30:26.278459+00:00,21.506,3,2,visits-service|api-gateway,False,GET,/api/visit/owners/1/pets/1/visits,200,0,0.0,1
2026-07-29T14:31:20.539436+00:00,2c29d3cab1e28050,2026-07-29T14:30:26.109934+00:00,118.918,4,2,api-gateway|vets-service,False,GET,/api/vet/vets,200,1,117.327,1
2026-07-29T14:31:20.539436+00:00,06069bed2af6a0c2,2026-07-29T14:30:25.955296+00:00,138.56,4,2,api-gateway|vets-service,False,GET,/api/vet/vets,200,1,125.813,1
2026-07-29T14:31:20.539436+00:00,c7601e1bbbc288d0,2026-07-29T14:30:25.788969+00:00,187.455,4,2,api-gateway|customers-service,False,GET,/api/customer/owners,200,1,181.948,1
2026-07-29T14:31:20.539436+00:00,3c0be70a634e2df2,2026-07-29T14:30:25.622954+00:00,175.613,4,2,api-gateway|customers-service,False,GET,/api/customer/owners,200,1,169.758,1
2026-07-29T14:31:20.539436+00:00,c78fa1ff7fe8730d,2026-07-29T14:30:25.457351+00:00,74.0,4,2,api-gateway|customers-service,False,GET,/api/customer/owners/1,200,1,72.275,1
2026-07-29T14:31:20.539436+00:00,ccaba041a60b0290,2026-07-29T14:30:25.289905+00:00,118.863,4,2,api-gateway|vets-service,False,GET,/api/vet/vets,200,1,110.34,1
2026-07-29T14:31:20.539436+00:00,f02fd975ff85ea7a,2026-07-29T14:30:25.124842+00:00,177.056,4,2,api-gateway|customers-service,False,GET,/api/customer/owners,200,1,175.648,1
2026-07-29T14:31:20.539436+00:00,e0708b26d13a72d2,2026-07-29T14:30:24.943512+00:00,13.729,3,2,visits-service|api-gateway,False,GET,/api/visit/owners/1/pets/1/visits,200,0,0.0,1
2026-07-29T14:31:20.539436+00:00,e9daa23ab7dcc9b8,2026-07-29T14:30:24.789323+00:00,30.012,3,2,visits-service|api-gateway,False,GET,/api/visit/owners/1/pets/1/visits,200,0,0.0,1
2026-07-29T14:31:20.539436+00:00,631e6a3143bb8e6d,2026-07-29T14:30:24.609218+00:00,107.437,4,2,api-gateway|vets-service,False,GET,/api/vet/vets,200,1,106.018,1
2026-07-29T14:31:20.539436+00:00,beb71bc390c226ac,2026-07-29T14:30:24.458519+00:00,162.845,4,2,api-gateway|customers-service,False,GET,/api/customer/owners,200,1,161.399,1
2026-07-29T14:31:20.539436+00:00,bd249395d672b973,2026-07-29T14:30:24.277690+00:00,118.719,4,2,api-gateway|vets-service,False,GET,/api/vet/vets,200,1,117.338,1
2026-07-29T14:31:20.539436+00:00,a3000b225cae2dcb,2026-07-29T14:30:24.111095+00:00,17.132,3,2,visits-service|api-gateway,False,GET,/api/visit/owners/1/pets/1/visits,200,0,0.0,1
2026-07-29T14:31:20.539436+00:00,c0e17b77c7943459,2026-07-29T14:30:23.955690+00:00,130.857,4,2,api-gateway|vets-service,False,GET,/api/vet/vets,200,1,115.612,1
2026-07-29T14:31:20.539436+00:00,25118ec2e00f69a1,2026-07-29T14:30:23.789131+00:00,60.747,4,2,api-gateway|customers-service,False,GET,/api/customer/owners/1,200,1,56.344,1
2026-07-29T14:31:20.539436+00:00,c3fe281a9f498185,2026-07-29T14:30:23.622398+00:00,178.962,4,2,api-gateway|customers-service,False,GET,/api/customer/owners,200,1,172.352,1
2026-07-29T14:31:20.539436+00:00,efced5879fe7a1ca,2026-07-29T14:30:23.445646+00:00,117.208,4,2,api-gateway|vets-service,False,GET,/api/vet/vets,200,1,115.796,1
2026-07-29T14:31:20.539436+00:00,7c708a1a0aa56784,2026-07-29T14:30:23.289581+00:00,167.956,4,2,api-gateway|customers-service,False,GET,/api/customer/owners,200,1,154.006,1
2026-07-29T14:31:20.539436+00:00,62c318dddb0620fb,2026-07-29T14:30:23.121799+00:00,180.418,4,2,api-gateway|customers-service,False,GET,/api/customer/owners,200,1,165.827,1
2026-07-29T14:31:20.539436+00:00,065a23c699c1896d,2026-07-29T14:30:22.956548+00:00,130.092,4,2,api-gateway|vets-service,False,GET,/api/vet/vets,200,1,115.29,1
2026-07-29T14:31:20.539436+00:00,9939658be49fb726,2026-07-29T14:30:22.789738+00:00,69.705,4,2,api-gateway|customers-service,False,GET,/api/customer/owners/1,200,1,65.019,1
2026-07-29T14:31:20.539436+00:00,6d2b3fefe827cabd,2026-07-29T14:30:22.622540+00:00,149.995,4,2,api-gateway|vets-service,False,GET,/api/vet/vets,200,1,134.171,1
2026-07-29T14:31:20.539436+00:00,9f8b13f73e620b0f,2026-07-29T14:30:22.459304+00:00,179.549,4,2,api-gateway|customers-service,False,GET,/api/customer/owners,200,1,177.865,1
2026-07-29T14:31:20.539436+00:00,a2440aab1d0963b6,2026-07-29T14:30:22.276640+00:00,378.599,4,2,api-gateway|vets-service,False,GET,/api/vet/vets,200,1,377.241,1
2026-07-29T14:31:20.539436+00:00,f3e427442774cf4f,2026-07-29T14:30:22.109735+00:00,11.368,3,2,visits-service|api-gateway,False,GET,/api/visit/owners/1/pets/1/visits,200,0,0.0,1
2026-07-29T14:31:20.539436+00:00,9a7c881424fa1500,2026-07-29T14:30:21.956038+00:00,161.51,4,2,api-gateway|customers-service,False,GET,/api/customer/owners,200,1,157.952,1
2026-07-29T14:31:20.539436+00:00,16fd7294c41795e5,2026-07-29T14:30:21.788707+00:00,179.843,4,2,api-gateway|customers-service,False,GET,/api/customer/owners,200,1,176.061,1
2026-07-29T14:31:20.539436+00:00,4379174fe713d7eb,2026-07-29T14:30:21.610232+00:00,20.705,3,2,visits-service|api-gateway,False,GET,/api/visit/owners/1/pets/1/visits,200,0,0.0,1
2026-07-29T14:31:20.539436+00:00,9cbcd6c016cb2513,2026-07-29T14:30:21.458187+00:00,180.293,4,2,api-gateway|customers-service,False,GET,/api/customer/owners,200,1,178.894,1
2026-07-29T14:31:20.539436+00:00,bfced0a519f11350,2026-07-29T14:30:21.275945+00:00,124.04,4,2,api-gateway|vets-service,False,GET,/api/vet/vets,200,1,122.702,1
2026-07-29T14:31:20.539436+00:00,414102f0bdb61ece,2026-07-29T14:30:21.123500+00:00,159.934,4,2,api-gateway|customers-service,False,GET,/api/customer/owners,200,1,158.629,1
2026-07-29T14:31:20.539436+00:00,e115b0044d3c73b0,2026-07-29T14:30:20.955065+00:00,123.093,4,2,api-gateway|vets-service,False,GET,/api/vet/vets,200,1,110.898,1
2026-07-29T14:31:20.539436+00:00,5d6764b8d4c64158,2026-07-29T14:30:20.789063+00:00,164.12,4,2,api-gateway|customers-service,False,GET,/api/customer/owners,200,1,160.633,1
2026-07-29T14:32:20.524987+00:00,fb984b735156ef03,2026-07-29T14:32:19.456853+00:00,37.423,3,2,visits-service|api-gateway,False,GET,/api/visit/owners/1/pets/1/visits,200,0,0.0,1
2026-07-29T14:32:20.524987+00:00,29a7d6b6be2370de,2026-07-29T14:32:19.289650+00:00,436.24,4,2,api-gateway|vets-service,False,GET,/api/vet/vets,200,1,422.382,1
2026-07-29T14:32:20.524987+00:00,c8a09388d274c8a4,2026-07-29T14:32:19.113615+00:00,23.065,3,2,visits-service|api-gateway,False,GET,/api/visit/owners/1/pets/1/visits,200,0,0.0,1
2026-07-29T14:32:20.524987+00:00,422fc9c196f09425,2026-07-29T14:32:18.959448+00:00,64.918,4,2,api-gateway|customers-service,False,GET,/api/customer/owners/1,200,1,63.505,1
2026-07-29T14:32:20.524987+00:00,2b20097a166145b6,2026-07-29T14:32:18.780160+00:00,121.199,4,2,api-gateway|vets-service,False,GET,/api/vet/vets,200,1,119.866,1
2026-07-29T14:32:20.524987+00:00,8fa2965e1d14640f,2026-07-29T14:32:18.612458+00:00,166.658,4,2,api-gateway|customers-service,False,GET,/api/customer/owners,200,1,165.305,1
2026-07-29T14:32:20.524987+00:00,11b0934929d8bbe5,2026-07-29T14:32:18.455782+00:00,139.477,4,2,api-gateway|vets-service,False,GET,/api/vet/vets,200,1,124.944,1
2026-07-29T14:32:20.524987+00:00,021025797250d387,2026-07-29T14:32:18.289601+00:00,88.207,4,2,api-gateway|customers-service,False,GET,/api/customer/owners/1,200,1,82.129,1
2026-07-29T14:32:20.524987+00:00,8fd2967b162da2c4,2026-07-29T14:32:18.123126+00:00,191.999,4,2,api-gateway|customers-service,False,GET,/api/customer/owners,200,1,185.014,1
2026-07-29T14:32:20.524987+00:00,ec770090b3511f52,2026-07-29T14:32:17.945792+00:00,16.723,3,2,visits-service|api-gateway,False,GET,/api/visit/owners/1/pets/1/visits,200,0,0.0,1
2026-07-29T14:32:20.524987+00:00,69199e0eeba0625a,2026-07-29T14:32:17.789030+00:00,136.314,4,2,api-gateway|vets-service,False,GET,/api/vet/vets,200,1,114.659,1
2026-07-29T14:32:20.524987+00:00,e4533856f4a04e8d,2026-07-29T14:32:17.614011+00:00,174.693,4,2,api-gateway|customers-service,False,GET,/api/customer/owners,200,1,173.569,1
2026-07-29T14:32:20.524987+00:00,a1cb04d750b511ae,2026-07-29T14:32:17.456854+00:00,68.548,4,2,api-gateway|customers-service,False,GET,/api/customer/owners/1,200,1,62.182,1
2026-07-29T14:32:20.524987+00:00,b28d7ccea4fea6f3,2026-07-29T14:32:17.289686+00:00,178.115,4,2,api-gateway|customers-service,False,GET,/api/customer/owners,200,1,171.629,1
2026-07-29T14:32:20.524987+00:00,de5f78de921cf07f,2026-07-29T14:32:17.122933+00:00,175.293,4,2,api-gateway|customers-service,False,GET,/api/customer/owners,200,1,162.068,1
2026-07-29T14:32:20.524987+00:00,a4fdde30066a1718,2026-07-29T14:32:16.944577+00:00,10.5,3,2,visits-service|api-gateway,False,GET,/api/visit/owners/1/pets/1/visits,200,0,0.0,1
2026-07-29T14:32:20.524987+00:00,42f7b21b0a3fecf6,2026-07-29T14:32:16.788282+00:00,21.912,3,2,visits-service|api-gateway,False,GET,/api/visit/owners/1/pets/1/visits,200,0,0.0,1
2026-07-29T14:32:20.524987+00:00,c848cee3ae19fdf9,2026-07-29T14:32:16.622807+00:00,22.429,3,2,visits-service|api-gateway,False,GET,/api/visit/owners/1/pets/1/visits,200,0,0.0,1
2026-07-29T14:32:20.524987+00:00,c78536e7f2383ce7,2026-07-29T14:32:16.456375+00:00,134.77,4,2,api-gateway|vets-service,False,GET,/api/vet/vets,200,1,120.333,1
2026-07-29T14:32:20.524987+00:00,2741ea30af97639d,2026-07-29T14:32:16.288850+00:00,26.311,3,2,visits-service|api-gateway,False,GET,/api/visit/owners/1/pets/1/visits,200,0,0.0,1
2026-07-29T14:32:20.524987+00:00,e232bb12ee508469,2026-07-29T14:32:16.122757+00:00,62.342,4,2,api-gateway|customers-service,False,GET,/api/customer/owners/1,200,1,58.583,1
2026-07-29T14:32:20.524987+00:00,96e70d84738d2a53,2026-07-29T14:32:15.958532+00:00,180.38,4,2,api-gateway|customers-service,False,GET,/api/customer/owners,200,1,178.705,1
2026-07-29T14:32:20.524987+00:00,37f67c5324f5bbdb,2026-07-29T14:32:15.788919+00:00,31.308,3,2,visits-service|api-gateway,False,GET,/api/visit/owners/1/pets/1/visits,200,0,0.0,1
2026-07-29T14:32:20.524987+00:00,b269c72e16711f1b,2026-07-29T14:32:15.613654+00:00,124.774,4,2,api-gateway|vets-service,False,GET,/api/vet/vets,200,1,123.447,1
2026-07-29T14:32:20.524987+00:00,fcff4fd3aa2650f0,2026-07-29T14:32:15.457118+00:00,75.39,4,2,api-gateway|customers-service,False,GET,/api/customer/owners/1,200,1,61.419,1
2026-07-29T14:32:20.524987+00:00,5dab102773a88504,2026-07-29T14:32:15.289761+00:00,127.54,4,2,api-gateway|customers-service,False,GET,/api/customer/owners/1,200,1,121.275,1
2026-07-29T14:32:20.524987+00:00,49845c5f80717fbb,2026-07-29T14:32:15.122824+00:00,30.283,3,2,visits-service|api-gateway,False,GET,/api/visit/owners/1/pets/1/visits,200,0,0.0,1
2026-07-29T14:32:20.524987+00:00,dadb8c405afd9d90,2026-07-29T14:32:14.959433+00:00,64.635,4,2,api-gateway|customers-service,False,GET,/api/customer/owners/1,200,1,62.807,1
2026-07-29T14:32:20.524987+00:00,2044dcfce81c4f80,2026-07-29T14:32:14.778194+00:00,66.717,4,2,api-gateway|customers-service,False,GET,/api/customer/owners/1,200,1,65.472,1
2026-07-29T14:32:20.524987+00:00,3bfb0e9ec7432174,2026-07-29T14:32:14.616049+00:00,60.852,4,2,api-gateway|customers-service,False,GET,/api/customer/owners/1,200,1,59.636,1
2026-07-29T14:32:20.524987+00:00,d572c009e677548b,2026-07-29T14:32:14.459085+00:00,191.354,4,2,api-gateway|customers-service,False,GET,/api/customer/owners,200,1,189.323,1
2026-07-29T14:32:20.524987+00:00,d81a5f0db075f8e9,2026-07-29T14:32:14.288379+00:00,137.766,4,2,api-gateway|vets-service,False,GET,/api/vet/vets,200,1,122.789,1
2026-07-29T14:32:20.524987+00:00,7ecf055d32a14834,2026-07-29T14:32:14.123068+00:00,269.321,4,2,api-gateway|customers-service,False,GET,/api/customer/owners,200,1,240.604,1
2026-07-29T14:32:20.524987+00:00,7f7f1eecb1c82bab,2026-07-29T14:32:13.955246+00:00,282.424,4,2,api-gateway|customers-service,False,GET,/api/customer/owners/1,200,1,278.086,1
2026-07-29T14:32:20.524987+00:00,a3c5d69e905ca190,2026-07-29T14:32:13.789058+00:00,453.413,4,2,api-gateway|customers-service,False,GET,/api/customer/owners/1,200,1,434.836,1
2026-07-29T14:32:20.524987+00:00,5a2ed8aadb034187,2026-07-29T14:32:13.622802+00:00,116.284,3,2,visits-service|api-gateway,False,GET,/api/visit/owners/1/pets/1/visits,200,0,0.0,1
2026-07-29T14:32:20.524987+00:00,a831523b803ddea6,2026-07-29T14:32:13.456127+00:00,50.132,3,2,visits-service|api-gateway,False,GET,/api/visit/owners/1/pets/1/visits,200,0,0.0,1
2026-07-29T14:32:20.524987+00:00,44ca55049110a4af,2026-07-29T14:32:13.289266+00:00,974.931,4,2,api-gateway|customers-service,False,GET,/api/customer/owners,200,1,953.203,1
2026-07-29T14:32:20.524987+00:00,c538348f93201920,2026-07-29T14:32:13.123091+00:00,142.405,3,2,visits-service|api-gateway,False,GET,/api/visit/owners/1/pets/1/visits,200,0,0.0,1
2026-07-29T14:32:20.524987+00:00,f389c927196927bd,2026-07-29T14:32:12.945571+00:00,74.978,3,2,visits-service|api-gateway,False,GET,/api/visit/owners/1/pets/1/visits,200,0,0.0,1
2026-07-29T14:32:20.524987+00:00,eabdcac15424bc4f,2026-07-29T14:32:12.788372+00:00,484.164,4,2,api-gateway|customers-service,False,GET,/api/customer/owners/1,200,1,473.198,1
2026-07-29T14:32:20.524987+00:00,e54b528c5e922d30,2026-07-29T14:32:12.624774+00:00,1117.818,4,2,api-gateway|customers-service,False,GET,/api/customer/owners,200,1,1116.497,1
2026-07-29T14:32:20.524987+00:00,221df83df6cd6c84,2026-07-29T14:32:12.455685+00:00,94.177,3,2,visits-service|api-gateway,False,GET,/api/visit/owners/1/pets/1/visits,200,0,0.0,1
2026-07-29T14:32:20.524987+00:00,239f5d8d10740a77,2026-07-29T14:32:12.289082+00:00,274.649,4,2,api-gateway|customers-service,False,GET,/api/customer/owners/1,200,1,262.947,1
2026-07-29T14:32:20.524987+00:00,0a9233571d39deb2,2026-07-29T14:32:12.122932+00:00,205.97,3,2,visits-service|api-gateway,False,GET,/api/visit/owners/1/pets/1/visits,200,0,0.0,1
2026-07-29T14:32:20.524987+00:00,d1eb7de2d9c9ddcb,2026-07-29T14:32:11.944322+00:00,840.347,4,2,api-gateway|customers-service,False,GET,/api/customer/owners,200,1,839.121,1
2026-07-29T14:32:20.524987+00:00,1b72426dd06d438b,2026-07-29T14:32:11.790087+00:00,556.588,4,2,api-gateway|vets-service,False,GET,/api/vet/vets,200,1,502.7,1
2026-07-29T14:32:20.524987+00:00,7ca7415c3eb03373,2026-07-29T14:32:11.613247+00:00,469.999,4,2,api-gateway|vets-service,False,GET,/api/vet/vets,200,1,468.792,1
2026-07-29T14:32:20.524987+00:00,9339890663d6938a,2026-07-29T14:32:11.445016+00:00,635.114,4,2,api-gateway|vets-service,False,GET,/api/vet/vets,200,1,634.111,1
2026-07-29T14:32:20.524987+00:00,23884beb4e7d0b6c,2026-07-29T14:32:11.289293+00:00,581.869,4,2,api-gateway|vets-service,False,GET,/api/vet/vets,200,1,570.146,1
2026-07-29T14:32:20.524987+00:00,5fc3394ad74c66f1,2026-07-29T14:32:11.122049+00:00,317.364,4,2,api-gateway|customers-service,False,GET,/api/customer/owners/1,200,1,311.554,1
2026-07-29T14:32:20.524987+00:00,48762530c54e4c98,2026-07-29T14:32:10.956100+00:00,474.844,4,2,api-gateway|customers-service,False,GET,/api/customer/owners/1,200,1,462.254,1
2026-07-29T14:32:20.524987+00:00,17f417927ef7ff72,2026-07-29T14:32:10.789073+00:00,668.876,4,2,api-gateway|vets-service,False,GET,/api/vet/vets,200,1,654.643,1
2026-07-29T14:32:20.524987+00:00,e35ceec13135cc6f,2026-07-29T14:32:10.622209+00:00,98.176,3,2,visits-service|api-gateway,False,GET,/api/visit/owners/1/pets/1/visits,200,0,0.0,1
2026-07-29T14:32:20.524987+00:00,07da7b30cac111b3,2026-07-29T14:32:10.455706+00:00,968.207,4,2,api-gateway|customers-service,False,GET,/api/customer/owners,200,1,953.755,1
2026-07-29T14:32:20.524987+00:00,d21e985d76c662d9,2026-07-29T14:32:10.292550+00:00,454.191,4,2,api-gateway|customers-service,False,GET,/api/customer/owners/1,200,1,452.032,1
2026-07-29T14:32:20.524987+00:00,e3a426207dd971d1,2026-07-29T14:32:10.122664+00:00,126.794,3,2,visits-service|api-gateway,False,GET,/api/visit/owners/1/pets/1/visits,200,0,0.0,1
2026-07-29T14:32:20.524987+00:00,e038e102700cf08c,2026-07-29T14:32:09.946095+00:00,107.335,3,2,visits-service|api-gateway,False,GET,/api/visit/owners/1/pets/1/visits,200,0,0.0,1
2026-07-29T14:32:20.524987+00:00,49f37f3fec1cbea5,2026-07-29T14:32:09.779552+00:00,271.038,4,2,api-gateway|customers-service,False,GET,/api/customer/owners/1,200,1,269.829,1
2026-07-29T14:32:20.524987+00:00,4e497577ed4d8512,2026-07-29T14:32:09.625083+00:00,261.552,4,2,api-gateway|customers-service,False,GET,/api/customer/owners/1,200,1,259.743,1
2026-07-29T14:32:20.524987+00:00,afbcd43db4f87823,2026-07-29T14:32:09.455890+00:00,1034.704,4,2,api-gateway|customers-service,False,GET,/api/customer/owners,200,1,1020.116,1
2026-07-29T14:32:20.524987+00:00,12c2c4bba578d579,2026-07-29T14:32:09.289161+00:00,81.036,4,2,api-gateway|customers-service,False,GET,/api/customer/owners/1,200,1,68.361,1
2026-07-29T14:32:20.524987+00:00,512d4582e5f6b701,2026-07-29T14:32:09.122778+00:00,73.61,4,2,api-gateway|customers-service,False,GET,/api/customer/owners/1,200,1,68.2,1
2026-07-29T14:32:20.524987+00:00,9ae3bfbca35fc88f,2026-07-29T14:32:08.944117+00:00,62.031,4,2,api-gateway|customers-service,False,GET,/api/customer/owners/1,200,1,60.806,1
2026-07-29T14:32:20.524987+00:00,3eac1864009833f0,2026-07-29T14:32:08.780832+00:00,128.195,4,2,api-gateway|vets-service,False,GET,/api/vet/vets,200,1,126.874,1
2026-07-29T14:32:20.524987+00:00,7555bac9f902df45,2026-07-29T14:32:08.622845+00:00,146.952,4,2,api-gateway|vets-service,False,GET,/api/vet/vets,200,1,132.252,1
2026-07-29T14:32:20.524987+00:00,16dc23d36d184c7c,2026-07-29T14:32:08.455769+00:00,22.642,3,2,visits-service|api-gateway,False,GET,/api/visit/owners/1/pets/1/visits,200,0,0.0,1
2026-07-29T14:32:20.524987+00:00,2b046220c940f221,2026-07-29T14:32:08.289894+00:00,23.031,3,2,visits-service|api-gateway,False,GET,/api/visit/owners/1/pets/1/visits,200,0,0.0,1
2026-07-29T14:32:20.524987+00:00,f7cb871ccb688509,2026-07-29T14:32:08.122734+00:00,172.658,4,2,api-gateway|customers-service,False,GET,/api/customer/owners,200,1,160.373,1
2026-07-29T14:32:20.524987+00:00,4ca0c76f5fd8fb82,2026-07-29T14:32:07.946968+00:00,126.173,4,2,api-gateway|vets-service,False,GET,/api/vet/vets,200,1,124.766,1
2026-07-29T14:32:20.524987+00:00,decb27546960827f,2026-07-29T14:32:07.789691+00:00,22.167,3,2,visits-service|api-gateway,False,GET,/api/visit/owners/1/pets/1/visits,200,0,0.0,1
2026-07-29T14:32:20.524987+00:00,c8e7525d0d1808a6,2026-07-29T14:32:07.623050+00:00,23.258,3,2,visits-service|api-gateway,False,GET,/api/visit/owners/1/pets/1/visits,200,0,0.0,1
2026-07-29T14:32:20.524987+00:00,82e0a335669410c5,2026-07-29T14:32:07.447867+00:00,122.767,4,2,api-gateway|vets-service,False,GET,/api/vet/vets,200,1,121.444,1
2026-07-29T14:32:20.524987+00:00,19b7246cbaa9ac65,2026-07-29T14:32:07.289673+00:00,34.517,3,2,visits-service|api-gateway,False,GET,/api/visit/owners/1/pets/1/visits,200,0,0.0,1
2026-07-29T14:32:20.524987+00:00,28e69db987343684,2026-07-29T14:32:07.122773+00:00,198.172,4,2,api-gateway|customers-service,False,GET,/api/customer/owners,200,1,193.444,1
2026-07-29T14:32:20.524987+00:00,a09dc3cb2cbec1ed,2026-07-29T14:32:06.944276+00:00,66.441,4,2,api-gateway|customers-service,False,GET,/api/customer/owners/1,200,1,65.162,1
2026-07-29T14:32:20.524987+00:00,06e496a2248c4c50,2026-07-29T14:32:06.791698+00:00,193.768,4,2,api-gateway|customers-service,False,GET,/api/customer/owners,200,1,192.547,1
2026-07-29T14:32:20.524987+00:00,3aa94088aeee9571,2026-07-29T14:32:06.612484+00:00,398.246,4,2,api-gateway|customers-service,False,GET,/api/customer/owners,200,1,397.098,1
2026-07-29T14:32:20.524987+00:00,8acc84512d96a587,2026-07-29T14:32:06.459793+00:00,302.065,4,2,api-gateway|customers-service,False,GET,/api/customer/owners/1,200,1,302.065,1
2026-07-29T14:32:20.524987+00:00,93e8f2984154a4c7,2026-07-29T14:32:06.277928+00:00,557.616,4,2,api-gateway|customers-service,False,GET,/api/customer/owners,200,1,556.413,1
2026-07-29T14:32:20.524987+00:00,2c89100541910a9c,2026-07-29T14:32:06.122786+00:00,82.952,4,2,api-gateway|customers-service,False,GET,/api/customer/owners/1,200,1,64.188,1
2026-07-29T14:32:20.524987+00:00,e3de4312e06ac687,2026-07-29T14:32:05.945667+00:00,11.565,3,2,visits-service|api-gateway,False,GET,/api/visit/owners/1/pets/1/visits,200,0,0.0,1
2026-07-29T14:32:20.524987+00:00,79a885bcc6f3d94b,2026-07-29T14:32:05.793032+00:00,302.605,4,2,api-gateway|customers-service,False,GET,/api/customer/owners/1,200,1,300.456,1
2026-07-29T14:32:20.524987+00:00,4eebae2dbaad432d,2026-07-29T14:32:05.622546+00:00,25.419,3,2,visits-service|api-gateway,False,GET,/api/visit/owners/1/pets/1/visits,200,0,0.0,1
2026-07-29T14:32:20.524987+00:00,b1afcd4142e88af2,2026-07-29T14:32:05.445710+00:00,103.95,4,2,api-gateway|customers-service,False,GET,/api/customer/owners/1,200,1,102.701,1
2026-07-29T14:32:20.524987+00:00,14c6fe7ad011d87b,2026-07-29T14:32:05.288877+00:00,30.535,3,2,visits-service|api-gateway,False,GET,/api/visit/owners/1/pets/1/visits,200,0,0.0,1
2026-07-29T14:32:20.524987+00:00,aa1c8f1d2bcbc258,2026-07-29T14:32:05.121647+00:00,138.726,4,2,api-gateway|vets-service,False,GET,/api/vet/vets,200,1,125.087,1
2026-07-29T14:32:20.524987+00:00,3533f1fa7de39fb6,2026-07-29T14:32:04.944560+00:00,79.551,4,2,api-gateway|customers-service,False,GET,/api/customer/owners/1,200,1,78.547,1
2026-07-29T14:32:20.524987+00:00,c368aa313681694a,2026-07-29T14:32:04.791803+00:00,185.146,4,2,api-gateway|customers-service,False,GET,/api/customer/owners,200,1,183.4,1
2026-07-29T14:32:20.524987+00:00,b9e7e0b235275b5c,2026-07-29T14:32:04.622393+00:00,33.989,3,2,visits-service|api-gateway,False,GET,/api/visit/owners/1/pets/1/visits,200,0,0.0,1
2026-07-29T14:32:20.524987+00:00,ae4d053f73887106,2026-07-29T14:32:04.455677+00:00,32.086,3,2,visits-service|api-gateway,False,GET,/api/visit/owners/1/pets/1/visits,200,0,0.0,1
2026-07-29T14:32:20.524987+00:00,cc0ab9e93c702be3,2026-07-29T14:32:04.289491+00:00,68.387,4,2,api-gateway|customers-service,False,GET,/api/customer/owners/1,200,1,56.27,1
2026-07-29T14:32:20.524987+00:00,f3e2c4cd71604cb8,2026-07-29T14:32:04.122721+00:00,171.346,4,2,api-gateway|customers-service,False,GET,/api/customer/owners,200,1,153.948,1
2026-07-29T14:32:20.524987+00:00,44c2468ee6acdcb7,2026-07-29T14:32:03.956456+00:00,158.653,4,2,api-gateway|vets-service,False,GET,/api/vet/vets,200,1,115.742,1
2026-07-29T14:32:20.524987+00:00,fb9cfac9cb697590,2026-07-29T14:32:03.792746+00:00,247.767,4,2,api-gateway|customers-service,False,GET,/api/customer/owners,200,1,245.49,1
2026-07-29T14:32:20.524987+00:00,92e36c99c88b9552,2026-07-29T14:32:03.612155+00:00,120.282,4,2,api-gateway|vets-service,False,GET,/api/vet/vets,200,1,118.939,1
2026-07-29T14:32:20.524987+00:00,19132f51420531bb,2026-07-29T14:32:03.447511+00:00,181.654,4,2,api-gateway|customers-service,False,GET,/api/customer/owners,200,1,180.44,1
2026-07-29T14:32:20.524987+00:00,958857aee1f4ab54,2026-07-29T14:32:03.288466+00:00,130.788,4,2,api-gateway|vets-service,False,GET,/api/vet/vets,200,1,117.447,1
2026-07-29T14:32:20.524987+00:00,12aa710285224180,2026-07-29T14:32:03.121731+00:00,135.229,4,2,api-gateway|vets-service,False,GET,/api/vet/vets,200,1,123.695,1
2026-07-29T14:32:20.524987+00:00,b8ef1132462aeb94,2026-07-29T14:32:02.944918+00:00,12.396,3,2,visits-service|api-gateway,False,GET,/api/visit/owners/1/pets/1/visits,200,0,0.0,1
2026-07-29T14:32:20.524987+00:00,5767ecab69d9a496,2026-07-29T14:32:02.779352+00:00,135.371,4,2,api-gateway|vets-service,False,GET,/api/vet/vets,200,1,133.941,1
2026-07-29T14:32:20.524987+00:00,5b8cdb336eebe824,2026-07-29T14:32:02.611949+00:00,69.06,4,2,api-gateway|customers-service,False,GET,/api/customer/owners/1,200,1,67.801,1
2026-07-29T14:32:20.524987+00:00,559ccf15d0e4943f,2026-07-29T14:32:02.455555+00:00,21.386,3,2,visits-service|api-gateway,False,GET,/api/visit/owners/1/pets/1/visits,200,0,0.0,1
2026-07-29T14:32:20.524987+00:00,f79cfb64b8db8e13,2026-07-29T14:32:02.289449+00:00,135.663,4,2,api-gateway|vets-service,False,GET,/api/vet/vets,200,1,121.22,1
2026-07-29T14:32:20.524987+00:00,2ab23b28708310e3,2026-07-29T14:32:02.122156+00:00,32.624,3,2,visits-service|api-gateway,False,GET,/api/visit/owners/1/pets/1/visits,200,0,0.0,1
2026-07-29T14:32:20.524987+00:00,a8fe4729ad4a5ac5,2026-07-29T14:32:01.944430+00:00,134.431,4,2,api-gateway|vets-service,False,GET,/api/vet/vets,200,1,133.118,1
2026-07-29T14:32:20.524987+00:00,e38321a211118854,2026-07-29T14:32:01.777962+00:00,116.197,4,2,api-gateway|vets-service,False,GET,/api/vet/vets,200,1,115.146,1
2026-07-29T14:32:20.524987+00:00,b7f76331736ec107,2026-07-29T14:32:01.622218+00:00,19.988,3,2,visits-service|api-gateway,False,GET,/api/visit/owners/1/pets/1/visits,200,0,0.0,1
2026-07-29T14:32:20.524987+00:00,6b0d76db961c3e19,2026-07-29T14:32:01.459013+00:00,167.317,4,2,api-gateway|customers-service,False,GET,/api/customer/owners,200,1,165.837,1
2026-07-29T14:32:20.524987+00:00,d0f551574b004518,2026-07-29T14:32:01.276571+00:00,175.401,4,2,api-gateway|customers-service,False,GET,/api/customer/owners,200,1,174.334,1
2026-07-29T14:32:20.524987+00:00,b70792cdc5f75707,2026-07-29T14:32:01.122923+00:00,24.009,3,2,visits-service|api-gateway,False,GET,/api/visit/owners/1/pets/1/visits,200,0,0.0,1
2026-07-29T14:32:20.524987+00:00,11b60292284b8d4b,2026-07-29T14:32:00.955271+00:00,176.906,4,2,api-gateway|customers-service,False,GET,/api/customer/owners,200,1,160.861,1
2026-07-29T14:32:20.524987+00:00,575c345b6ab7d9a3,2026-07-29T14:32:00.779784+00:00,17.944,3,2,visits-service|api-gateway,False,GET,/api/visit/owners/1/pets/1/visits,200,0,0.0,1
2026-07-29T14:32:20.524987+00:00,64b40cec50e06976,2026-07-29T14:32:00.622709+00:00,123.741,4,2,api-gateway|vets-service,False,GET,/api/vet/vets,200,1,106.406,1
2026-07-29T14:32:20.524987+00:00,9aa8196713129811,2026-07-29T14:32:00.459094+00:00,240.953,4,2,api-gateway|customers-service,False,GET,/api/customer/owners,200,1,238.352,1
2026-07-29T14:32:20.524987+00:00,9218bc8c3706e6cf,2026-07-29T14:32:00.289480+00:00,392.844,4,2,api-gateway|vets-service,False,GET,/api/vet/vets,200,1,379.266,1
2026-07-29T14:32:20.524987+00:00,73859305d853cdad,2026-07-29T14:32:00.122808+00:00,32.234,3,2,visits-service|api-gateway,False,GET,/api/visit/owners/1/pets/1/visits,200,0,0.0,1
2026-07-29T14:32:20.524987+00:00,a67259c178c427e6,2026-07-29T14:31:59.955458+00:00,168.915,4,2,api-gateway|customers-service,False,GET,/api/customer/owners,200,1,153.373,1
2026-07-29T14:32:20.524987+00:00,afd84c765e02e91e,2026-07-29T14:31:59.779547+00:00,161.818,4,2,api-gateway|customers-service,False,GET,/api/customer/owners,200,1,160.63,1
2026-07-29T14:32:20.524987+00:00,23c3ef6e072e47ff,2026-07-29T14:31:59.625638+00:00,188.938,4,2,api-gateway|customers-service,False,GET,/api/customer/owners,200,1,186.687,1
2026-07-29T14:32:20.524987+00:00,3161bb752a994592,2026-07-29T14:31:59.446591+00:00,169.329,4,2,api-gateway|customers-service,False,GET,/api/customer/owners,200,1,168.032,1
2026-07-29T14:32:20.524987+00:00,b43f0050d15f4849,2026-07-29T14:31:59.288857+00:00,24.526,3,2,visits-service|api-gateway,False,GET,/api/visit/owners/1/pets/1/visits,200,0,0.0,1
2026-07-29T14:32:20.524987+00:00,5585bb18434ec46b,2026-07-29T14:31:59.123342+00:00,24.034,3,2,visits-service|api-gateway,False,GET,/api/visit/owners/1/pets/1/visits,200,0,0.0,1
2026-07-29T14:32:20.524987+00:00,cac92511ad92d050,2026-07-29T14:31:58.948276+00:00,28.463,3,2,visits-service|api-gateway,False,GET,/api/visit/owners/1/pets/1/visits,200,0,0.0,1
2026-07-29T14:32:20.524987+00:00,4dd808eb1e6848b4,2026-07-29T14:31:58.779934+00:00,121.971,4,2,api-gateway|vets-service,False,GET,/api/vet/vets,200,1,120.612,1
2026-07-29T14:32:20.524987+00:00,018369b995cd48a2,2026-07-29T14:31:58.622968+00:00,128.123,4,2,api-gateway|vets-service,False,GET,/api/vet/vets,200,1,114.491,1
2026-07-29T14:32:20.524987+00:00,de704df26b90088d,2026-07-29T14:31:58.447781+00:00,68.889,4,2,api-gateway|customers-service,False,GET,/api/customer/owners/1,200,1,66.976,1
2026-07-29T14:32:20.524987+00:00,2a569d882703b292,2026-07-29T14:31:58.288984+00:00,131.968,4,2,api-gateway|vets-service,False,GET,/api/vet/vets,200,1,119.462,1
2026-07-29T14:32:20.524987+00:00,9156fb4b4f165f57,2026-07-29T14:31:58.122907+00:00,181.493,4,2,api-gateway|customers-service,False,GET,/api/customer/owners,200,1,177.99,1
2026-07-29T14:32:20.524987+00:00,df8746c47e268fe1,2026-07-29T14:31:57.948126+00:00,117.759,4,2,api-gateway|vets-service,False,GET,/api/vet/vets,200,1,116.443,1
2026-07-29T14:32:20.524987+00:00,a3a09c35e2e27d24,2026-07-29T14:31:57.780246+00:00,156.148,4,2,api-gateway|customers-service,False,GET,/api/customer/owners,200,1,154.916,1
2026-07-29T14:32:20.524987+00:00,924a382d7a4c61b1,2026-07-29T14:31:57.622435+00:00,147.399,4,2,api-gateway|vets-service,False,GET,/api/vet/vets,200,1,133.815,1
2026-07-29T14:32:20.524987+00:00,6f1cec5d96365cd6,2026-07-29T14:31:57.455714+00:00,178.186,4,2,api-gateway|vets-service,False,GET,/api/vet/vets,200,1,165.378,1
2026-07-29T14:32:20.524987+00:00,00efcb1e2e765cf0,2026-07-29T14:31:57.278590+00:00,196.24,4,2,api-gateway|customers-service,False,GET,/api/customer/owners,200,1,195.001,1
2026-07-29T14:32:20.524987+00:00,72063898b512a8c9,2026-07-29T14:31:57.122389+00:00,79.896,4,2,api-gateway|customers-service,False,GET,/api/customer/owners/1,200,1,73.572,1
2026-07-29T14:32:20.524987+00:00,a259db5edf6eb510,2026-07-29T14:31:56.955905+00:00,136.628,4,2,api-gateway|vets-service,False,GET,/api/vet/vets,200,1,121.397,1
2026-07-29T14:32:20.524987+00:00,924d1599ee89da3d,2026-07-29T14:31:56.778699+00:00,18.557,3,2,visits-service|api-gateway,False,GET,/api/visit/owners/1/pets/1/visits,200,0,0.0,1
2026-07-29T14:32:20.524987+00:00,4f472e4beca1d5ef,2026-07-29T14:31:56.623067+00:00,150.576,4,2,api-gateway|vets-service,False,GET,/api/vet/vets,200,1,136.092,1
2026-07-29T14:32:20.524987+00:00,2b89bdbdd66d3a46,2026-07-29T14:31:56.445661+00:00,177.289,4,2,api-gateway|customers-service,False,GET,/api/customer/owners,200,1,176.061,1
2026-07-29T14:32:20.524987+00:00,cdfa25e3716b3fd5,2026-07-29T14:31:56.289869+00:00,20.747,3,2,visits-service|api-gateway,False,GET,/api/visit/owners/1/pets/1/visits,200,0,0.0,1
2026-07-29T14:32:20.524987+00:00,55f35d6403b9042a,2026-07-29T14:31:56.122754+00:00,190.004,4,2,api-gateway|customers-service,False,GET,/api/customer/owners,200,1,176.525,1
2026-07-29T14:32:20.524987+00:00,d0e61c0c16042fbe,2026-07-29T14:31:55.955921+00:00,142.388,4,2,api-gateway|vets-service,False,GET,/api/vet/vets,200,1,125.638,1
2026-07-29T14:32:20.524987+00:00,3d8e72bb8ffb7a60,2026-07-29T14:31:55.786358+00:00,26.988,3,2,visits-service|api-gateway,False,GET,/api/visit/owners/1/pets/1/visits,200,0,0.0,1
2026-07-29T14:32:20.524987+00:00,59455f8d84304a45,2026-07-29T14:31:55.625623+00:00,205.227,4,2,api-gateway|customers-service,False,GET,/api/customer/owners,200,1,205.227,1
2026-07-29T14:32:20.524987+00:00,a92805d952f4a3d3,2026-07-29T14:31:55.445557+00:00,114.454,4,2,api-gateway|vets-service,False,GET,/api/vet/vets,200,1,113.109,1
2026-07-29T14:32:20.524987+00:00,07cfa808d5ebef9d,2026-07-29T14:31:55.288969+00:00,74.241,4,2,api-gateway|customers-service,False,GET,/api/customer/owners/1,200,1,60.369,1
2026-07-29T14:32:20.524987+00:00,6f22f5de008082c7,2026-07-29T14:31:55.122067+00:00,184.897,4,2,api-gateway|customers-service,False,GET,/api/customer/owners,200,1,170.601,1
2026-07-29T14:32:20.524987+00:00,b799f0aa8e81cab2,2026-07-29T14:31:54.956584+00:00,132.842,4,2,api-gateway|vets-service,False,GET,/api/vet/vets,200,1,117.657,1
2026-07-29T14:32:20.524987+00:00,1b70ad9c573b0e99,2026-07-29T14:31:54.779417+00:00,146.171,4,2,api-gateway|vets-service,False,GET,/api/vet/vets,200,1,144.688,1
2026-07-29T14:32:20.524987+00:00,3e0fdc230189d7c4,2026-07-29T14:31:54.622743+00:00,23.181,3,2,visits-service|api-gateway,False,GET,/api/visit/owners/1/pets/1/visits,200,0,0.0,1
2026-07-29T14:32:20.524987+00:00,3d8e50943963db40,2026-07-29T14:31:54.455745+00:00,34.464,3,2,visits-service|api-gateway,False,GET,/api/visit/owners/1/pets/1/visits,200,0,0.0,1
2026-07-29T14:32:20.524987+00:00,8d6be20115f26dad,2026-07-29T14:31:54.289353+00:00,76.428,4,2,api-gateway|customers-service,False,GET,/api/customer/owners/1,200,1,72.882,1
2026-07-29T14:32:20.524987+00:00,b618bf571db34082,2026-07-29T14:31:54.121995+00:00,78.482,4,2,api-gateway|customers-service,False,GET,/api/customer/owners/1,200,1,64.547,1
2026-07-29T14:32:20.524987+00:00,cef68fdabbb7b566,2026-07-29T14:31:53.955956+00:00,159.168,4,2,api-gateway|vets-service,False,GET,/api/vet/vets,200,1,145.237,1
2026-07-29T14:32:20.524987+00:00,c7f48dc964db889d,2026-07-29T14:31:53.779721+00:00,11.53,3,2,visits-service|api-gateway,False,GET,/api/visit/owners/1/pets/1/visits,200,0,0.0,1
2026-07-29T14:32:20.524987+00:00,604eb928f577e815,2026-07-29T14:31:53.622223+00:00,38.722,3,2,visits-service|api-gateway,False,GET,/api/visit/owners/1/pets/1/visits,200,0,0.0,1
2026-07-29T14:32:20.524987+00:00,5dd99aae591ea56d,2026-07-29T14:31:53.455614+00:00,25.516,3,2,visits-service|api-gateway,False,GET,/api/visit/owners/1/pets/1/visits,200,0,0.0,1
2026-07-29T14:32:20.524987+00:00,963783f5814a99f3,2026-07-29T14:31:53.278619+00:00,154.148,4,2,api-gateway|customers-service,False,GET,/api/customer/owners,200,1,152.757,1
2026-07-29T14:32:20.524987+00:00,fd90971add34043b,2026-07-29T14:31:53.122439+00:00,137.432,4,2,api-gateway|vets-service,False,GET,/api/vet/vets,200,1,123.436,1
2026-07-29T14:32:20.524987+00:00,70561e0845d97866,2026-07-29T14:31:52.944352+00:00,27.889,3,2,visits-service|api-gateway,False,GET,/api/visit/owners/1/pets/1/visits,200,0,0.0,1
2026-07-29T14:32:20.524987+00:00,e45f4eca9c5fae3d,2026-07-29T14:31:52.791215+00:00,68.593,4,2,api-gateway|customers-service,False,GET,/api/customer/owners/1,200,1,68.593,1
2026-07-29T14:32:20.524987+00:00,0103321edffa24ed,2026-07-29T14:31:52.622113+00:00,126.248,4,2,api-gateway|vets-service,False,GET,/api/vet/vets,200,1,113.902,1
2026-07-29T14:32:20.524987+00:00,f001f9702f63aae2,2026-07-29T14:31:52.444802+00:00,140.115,4,2,api-gateway|vets-service,False,GET,/api/vet/vets,200,1,138.846,1
2026-07-29T14:32:20.524987+00:00,7bc1be777e9f3c97,2026-07-29T14:31:52.290398+00:00,21.529,3,2,visits-service|api-gateway,False,GET,/api/visit/owners/1/pets/1/visits,200,0,0.0,1
2026-07-29T14:32:20.524987+00:00,eaccf2191bb5726d,2026-07-29T14:31:52.122580+00:00,33.058,3,2,visits-service|api-gateway,False,GET,/api/visit/owners/1/pets/1/visits,200,0,0.0,1
2026-07-29T14:32:20.524987+00:00,fec4f4ee9f72cc4e,2026-07-29T14:31:51.955423+00:00,160.13,4,2,api-gateway|customers-service,False,GET,/api/customer/owners,200,1,146.354,1
2026-07-29T14:32:20.524987+00:00,7a5d4900919f0c24,2026-07-29T14:31:51.780336+00:00,74.384,4,2,api-gateway|customers-service,False,GET,/api/customer/owners/1,200,1,73.087,1
2026-07-29T14:32:20.524987+00:00,e32594f36f1e1a9f,2026-07-29T14:31:51.612207+00:00,341.858,4,2,api-gateway|vets-service,False,GET,/api/vet/vets,200,1,340.572,1
2026-07-29T14:32:20.524987+00:00,d6d794f5a1ccf4dc,2026-07-29T14:31:51.444616+00:00,71.07,4,2,api-gateway|customers-service,False,GET,/api/customer/owners/1,200,1,69.918,1
2026-07-29T14:32:20.524987+00:00,d87ca5452b8de457,2026-07-29T14:31:51.290347+00:00,311.191,4,2,api-gateway|customers-service,False,GET,/api/customer/owners,200,1,309.652,1
2026-07-29T14:32:20.524987+00:00,238506ee3f51a38e,2026-07-29T14:31:51.122329+00:00,90.532,4,2,api-gateway|customers-service,False,GET,/api/customer/owners/1,200,1,65.51,1
2026-07-29T14:32:20.524987+00:00,124b245e413006d2,2026-07-29T14:31:50.955586+00:00,205.867,4,2,api-gateway|customers-service,False,GET,/api/customer/owners,200,1,191.765,1
2026-07-29T14:32:20.524987+00:00,c8221059c5cf0cc8,2026-07-29T14:31:50.783066+00:00,131.43,4,2,api-gateway|vets-service,False,GET,/api/vet/vets,200,1,130.074,1
2026-07-29T14:32:20.524987+00:00,31a497fe3b508077,2026-07-29T14:31:50.626950+00:00,239.685,4,2,api-gateway|customers-service,False,GET,/api/customer/owners,200,1,237.483,1
2026-07-29T14:32:20.524987+00:00,e82fcd2eade24dc1,2026-07-29T14:31:50.444647+00:00,127.287,4,2,api-gateway|vets-service,False,GET,/api/vet/vets,200,1,125.854,1
2026-07-29T14:32:20.524987+00:00,b0a459845515b3d9,2026-07-29T14:31:50.289099+00:00,127.435,4,2,api-gateway|vets-service,False,GET,/api/vet/vets,200,1,114.846,1
2026-07-29T14:32:20.524987+00:00,6bb7e9de90822094,2026-07-29T14:31:50.122623+00:00,138.893,4,2,api-gateway|vets-service,False,GET,/api/vet/vets,200,1,123.72,1
2026-07-29T14:32:20.524987+00:00,099000dee830ed29,2026-07-29T14:31:49.955740+00:00,181.4,4,2,api-gateway|customers-service,False,GET,/api/customer/owners,200,1,169.117,1
2026-07-29T14:32:20.524987+00:00,4230ef9f89300b16,2026-07-29T14:31:49.779591+00:00,173.209,4,2,api-gateway|customers-service,False,GET,/api/customer/owners,200,1,171.914,1
2026-07-29T14:32:20.524987+00:00,7869c9d46010da63,2026-07-29T14:31:49.626651+00:00,188.79,4,2,api-gateway|customers-service,False,GET,/api/customer/owners,200,1,186.549,1
2026-07-29T14:32:20.524987+00:00,fbeba0fe4b6edf16,2026-07-29T14:31:49.445873+00:00,133.193,4,2,api-gateway|vets-service,False,GET,/api/vet/vets,200,1,131.724,1
2026-07-29T14:32:20.524987+00:00,6882c8a4978b6488,2026-07-29T14:31:49.289362+00:00,136.103,4,2,api-gateway|vets-service,False,GET,/api/vet/vets,200,1,123.312,1
2026-07-29T14:32:20.524987+00:00,6f989de0d079576a,2026-07-29T14:31:49.122601+00:00,63.751,3,2,visits-service|api-gateway,False,GET,/api/visit/owners/1/pets/1/visits,200,0,0.0,1
2026-07-29T14:32:20.524987+00:00,104100072f1a2138,2026-07-29T14:31:48.955369+00:00,214.254,3,2,visits-service|api-gateway,False,GET,/api/visit/owners/1/pets/1/visits,200,0,0.0,1
2026-07-29T14:32:20.524987+00:00,407374edbfe015b3,2026-07-29T14:31:48.789161+00:00,476.36,4,2,api-gateway|vets-service,False,GET,/api/vet/vets,200,1,463.772,1
2026-07-29T14:32:20.524987+00:00,bf990420fd863008,2026-07-29T14:31:48.621992+00:00,584.438,4,2,api-gateway|customers-service,False,GET,/api/customer/owners/1,200,1,572.253,1
2026-07-29T14:32:20.524987+00:00,af9d04854ba4e427,2026-07-29T14:31:48.443516+00:00,792.576,4,2,api-gateway|vets-service,False,GET,/api/vet/vets,200,1,791.549,1
2026-07-29T14:32:20.524987+00:00,aee10fd20411987f,2026-07-29T14:31:48.289052+00:00,839.745,4,2,api-gateway|customers-service,False,GET,/api/customer/owners/1,200,1,823.833,1
2026-07-29T14:32:20.524987+00:00,59a8478eb326da53,2026-07-29T14:31:48.122326+00:00,312.792,4,2,api-gateway|customers-service,False,GET,/api/customer/owners/1,200,1,307.747,1
2026-07-29T14:32:20.524987+00:00,c99e25694f5483a2,2026-07-29T14:31:47.956258+00:00,1230.056,4,2,api-gateway|vets-service,False,GET,/api/vet/vets,200,1,1219.314,1
2026-07-29T14:32:20.524987+00:00,c2f0a9b589736a28,2026-07-29T14:31:47.789639+00:00,1405.194,4,2,api-gateway|customers-service,False,GET,/api/customer/owners,200,1,1400.056,1
2026-07-29T14:32:20.524987+00:00,eab54b8827001569,2026-07-29T14:31:47.612447+00:00,300.387,4,2,api-gateway|customers-service,False,GET,/api/customer/owners/1,200,1,299.299,1
2026-07-29T14:32:20.524987+00:00,cc5e2ec2a78df9e6,2026-07-29T14:31:47.445826+00:00,475.285,4,2,api-gateway|vets-service,False,GET,/api/vet/vets,200,1,474.03,1
2026-07-29T14:32:20.524987+00:00,54af3e71f9880dfa,2026-07-29T14:31:47.279215+00:00,630.264,4,2,api-gateway|vets-service,False,GET,/api/vet/vets,200,1,628.92,1
2026-07-29T14:32:20.524987+00:00,6de25b5ec05308ae,2026-07-29T14:31:47.122728+00:00,104.509,3,2,visits-service|api-gateway,False,GET,/api/visit/owners/1/pets/1/visits,200,0,0.0,1
2026-07-29T14:32:20.524987+00:00,6d38af1699ffc2be,2026-07-29T14:31:46.982731+00:00,10.436,3,2,visits-service|api-gateway,False,GET,/api/visit/owners/1/pets/1/visits,200,0,0.0,1
2026-07-29T14:32:20.524987+00:00,634908c8b8e14928,2026-07-29T14:31:46.779259+00:00,183.631,3,2,visits-service|api-gateway,False,GET,/api/visit/owners/1/pets/1/visits,200,0,0.0,1
2026-07-29T14:32:20.524987+00:00,fb4661f094dfed24,2026-07-29T14:31:46.623015+00:00,23.764,3,2,visits-service|api-gateway,False,GET,/api/visit/owners/1/pets/1/visits,200,0,0.0,1
2026-07-29T14:32:20.524987+00:00,a468bd00b030a60b,2026-07-29T14:31:46.456183+00:00,1006.012,4,2,api-gateway|vets-service,False,GET,/api/vet/vets,200,1,991.875,1
2026-07-29T14:32:20.524987+00:00,457da9f86a7c7463,2026-07-29T14:31:46.288417+00:00,98.189,3,2,visits-service|api-gateway,False,GET,/api/visit/owners/1/pets/1/visits,200,0,0.0,1
2026-07-29T14:32:20.524987+00:00,28aaa9f739d5e2b3,2026-07-29T14:31:46.112478+00:00,856.895,4,2,api-gateway|customers-service,False,GET,/api/customer/owners,200,1,855.668,1
2026-07-29T14:32:20.524987+00:00,3ae123aab777be16,2026-07-29T14:31:45.959006+00:00,773.337,4,2,api-gateway|vets-service,False,GET,/api/vet/vets,200,1,772.11,1
2026-07-29T14:32:20.524987+00:00,123098de7773c261,2026-07-29T14:31:45.788450+00:00,349.713,4,2,api-gateway|customers-service,False,GET,/api/customer/owners/1,200,1,345.76,1
2026-07-29T14:32:20.524987+00:00,b1477f122a9161c5,2026-07-29T14:31:45.610693+00:00,520.036,4,2,api-gateway|vets-service,False,GET,/api/vet/vets,200,1,518.772,1
2026-07-29T14:32:20.524987+00:00,ceecd2fa6409b978,2026-07-29T14:31:45.455187+00:00,686.696,4,2,api-gateway|vets-service,False,GET,/api/vet/vets,200,1,672.769,1
2026-07-29T14:32:20.524987+00:00,39f5a9944a7fba7f,2026-07-29T14:31:45.290424+00:00,131.372,3,2,visits-service|api-gateway,False,GET,/api/visit/owners/1/pets/1/visits,200,0,0.0,1
2026-07-29T14:32:20.524987+00:00,1dbae569a0aad90a,2026-07-29T14:31:45.121917+00:00,69.952,3,2,visits-service|api-gateway,False,GET,/api/visit/owners/1/pets/1/visits,200,0,0.0,1
2026-07-29T14:32:20.524987+00:00,00841ede50341b9c,2026-07-29T14:31:44.944161+00:00,447.046,4,2,api-gateway|customers-service,False,GET,/api/customer/owners/1,200,1,445.698,1
2026-07-29T14:32:20.524987+00:00,858a71d2524d03b2,2026-07-29T14:31:44.776938+00:00,638.552,4,2,api-gateway|vets-service,False,GET,/api/vet/vets,200,1,637.311,1
2026-07-29T14:32:20.524987+00:00,5fe3ed9d5fc77e54,2026-07-29T14:31:44.623134+00:00,806.257,4,2,api-gateway|vets-service,False,GET,/api/vet/vets,200,1,791.81,1
2026-07-29T14:32:20.524987+00:00,3625ab68e1722da3,2026-07-29T14:31:44.455512+00:00,962.953,4,2,api-gateway|customers-service,False,GET,/api/customer/owners,200,1,957.492,1
2026-07-29T14:32:20.524987+00:00,7c7313354a2963a6,2026-07-29T14:31:44.279021+00:00,118.484,4,2,api-gateway|vets-service,False,GET,/api/vet/vets,200,1,117.257,1
2026-07-29T14:32:20.524987+00:00,b03ccd8dc1caeca6,2026-07-29T14:31:44.122992+00:00,68.035,4,2,api-gateway|customers-service,False,GET,/api/customer/owners/1,200,1,63.466,1
2026-07-29T14:32:20.524987+00:00,ce481233fe5c3c47,2026-07-29T14:31:43.955361+00:00,128.015,4,2,api-gateway|vets-service,False,GET,/api/vet/vets,200,1,114.037,1
2026-07-29T14:32:20.524987+00:00,b45c1df1283b3fd7,2026-07-29T14:31:43.779954+00:00,163.041,4,2,api-gateway|customers-service,False,GET,/api/customer/owners,200,1,161.68,1
2026-07-29T14:32:20.524987+00:00,f0048725cb2a2f5e,2026-07-29T14:31:43.624184+00:00,73.282,4,2,api-gateway|customers-service,False,GET,/api/customer/owners/1,200,1,71.189,1
2026-07-29T14:32:20.524987+00:00,367eec0687ba8887,2026-07-29T14:31:43.444049+00:00,64.642,4,2,api-gateway|customers-service,False,GET,/api/customer/owners/1,200,1,63.331,1
2026-07-29T14:32:20.524987+00:00,70c2fea99c9edbc9,2026-07-29T14:31:43.292459+00:00,163.905,4,2,api-gateway|customers-service,False,GET,/api/customer/owners,200,1,162.083,1
2026-07-29T14:32:20.524987+00:00,d136e0554523a715,2026-07-29T14:31:43.122213+00:00,193.211,4,2,api-gateway|customers-service,False,GET,/api/customer/owners,200,1,187.223,1
2026-07-29T14:32:20.524987+00:00,7fc85ba5aed7c4aa,2026-07-29T14:31:42.955046+00:00,138.27,4,2,api-gateway|vets-service,False,GET,/api/vet/vets,200,1,123.329,1
2026-07-29T14:32:20.524987+00:00,d7ccf6054f2733c2,2026-07-29T14:31:42.776782+00:00,180.193,4,2,api-gateway|customers-service,False,GET,/api/customer/owners,200,1,179.065,1
2026-07-29T14:32:20.524987+00:00,7ce5f19d9c58ff6b,2026-07-29T14:31:42.624351+00:00,177.233,4,2,api-gateway|customers-service,False,GET,/api/customer/owners,200,1,175.897,1
2026-07-29T14:32:20.524987+00:00,225a28375d769721,2026-07-29T14:31:42.445038+00:00,72.101,4,2,api-gateway|customers-service,False,GET,/api/customer/owners/1,200,1,71.081,1
2026-07-29T14:32:20.524987+00:00,5607469f9019165c,2026-07-29T14:31:42.292597+00:00,232.712,4,2,api-gateway|customers-service,False,GET,/api/customer/owners,200,1,230.922,1
2026-07-29T14:32:20.524987+00:00,bb3e7ef6cafc1734,2026-07-29T14:31:42.122711+00:00,343.542,4,2,api-gateway|vets-service,False,GET,/api/vet/vets,200,1,329.62,1
2026-07-29T14:32:20.524987+00:00,c643f3c1287ba0d0,2026-07-29T14:31:41.955294+00:00,154.659,4,2,api-gateway|vets-service,False,GET,/api/vet/vets,200,1,139.1,1
2026-07-29T14:32:20.524987+00:00,fb00d90b4ba313da,2026-07-29T14:31:41.792755+00:00,179.898,4,2,api-gateway|customers-service,False,GET,/api/customer/owners,200,1,177.725,1
2026-07-29T14:32:20.524987+00:00,28488c78872ff0ad,2026-07-29T14:31:41.612264+00:00,101.114,4,2,api-gateway|vets-service,False,GET,/api/vet/vets,200,1,100.287,1
2026-07-29T14:32:20.524987+00:00,14600209ffb1e4e5,2026-07-29T14:31:41.456364+00:00,119.028,4,2,api-gateway|vets-service,False,GET,/api/vet/vets,200,1,107.22,1
2026-07-29T14:32:20.524987+00:00,805e56027ab78019,2026-07-29T14:31:41.277348+00:00,167.073,4,2,api-gateway|customers-service,False,GET,/api/customer/owners,200,1,166.037,1
2026-07-29T14:32:20.524987+00:00,01dcc8a468c429bd,2026-07-29T14:31:41.122320+00:00,126.773,4,2,api-gateway|vets-service,False,GET,/api/vet/vets,200,1,112.607,1
2026-07-29T14:32:20.524987+00:00,043adaf444df8e97,2026-07-29T14:31:40.943372+00:00,18.971,3,2,visits-service|api-gateway,False,GET,/api/visit/owners/1/pets/1/visits,200,0,0.0,1
2026-07-29T14:32:20.524987+00:00,5db5aa5dcae12399,2026-07-29T14:31:40.794053+00:00,208.828,4,2,api-gateway|customers-service,False,GET,/api/customer/owners,200,1,207.123,1
2026-07-29T14:32:20.524987+00:00,77c930d8530b6b87,2026-07-29T14:31:40.611980+00:00,156.167,4,2,api-gateway|customers-service,False,GET,/api/customer/owners,200,1,154.847,1
2026-07-29T14:32:20.524987+00:00,1ec49c3687b65c76,2026-07-29T14:31:40.455427+00:00,135.674,4,2,api-gateway|vets-service,False,GET,/api/vet/vets,200,1,122.25,1
2026-07-29T14:32:20.524987+00:00,ca69ccaed500f05a,2026-07-29T14:31:40.291303+00:00,165.53,4,2,api-gateway|customers-service,False,GET,/api/customer/owners,200,1,163.686,1
2026-07-29T14:32:20.524987+00:00,1d197a8227cd2a03,2026-07-29T14:31:40.122179+00:00,178.403,4,2,api-gateway|customers-service,False,GET,/api/customer/owners,200,1,173.02,1
2026-07-29T14:32:20.524987+00:00,1909fc368f4237ca,2026-07-29T14:31:39.946479+00:00,19.103,3,2,visits-service|api-gateway,False,GET,/api/visit/owners/1/pets/1/visits,200,0,0.0,1
2026-07-29T14:32:20.524987+00:00,8ff99924f3aa8442,2026-07-29T14:31:39.778972+00:00,105.855,4,2,api-gateway|vets-service,False,GET,/api/vet/vets,200,1,104.515,1
2026-07-29T14:32:20.524987+00:00,c30f57c744708320,2026-07-29T14:31:39.623238+00:00,131.628,4,2,api-gateway|vets-service,False,GET,/api/vet/vets,200,1,117.152,1
2026-07-29T14:32:20.524987+00:00,32233c9b113a8b01,2026-07-29T14:31:39.455833+00:00,126.62,4,2,api-gateway|vets-service,False,GET,/api/vet/vets,200,1,112.485,1
2026-07-29T14:32:20.524987+00:00,2aaf5341ae993448,2026-07-29T14:31:39.277382+00:00,61.739,4,2,api-gateway|customers-service,False,GET,/api/customer/owners/1,200,1,60.433,1
2026-07-29T14:32:20.524987+00:00,ba07f0af3bbf8267,2026-07-29T14:31:39.122712+00:00,70.174,4,2,api-gateway|customers-service,False,GET,/api/customer/owners/1,200,1,66.292,1
2026-07-29T14:32:20.524987+00:00,330e6497978d03b1,2026-07-29T14:31:38.956254+00:00,180.447,4,2,api-gateway|customers-service,False,GET,/api/customer/owners,200,1,166.542,1
2026-07-29T14:32:20.524987+00:00,32127ba963aeb13b,2026-07-29T14:31:38.792161+00:00,65.47,4,2,api-gateway|customers-service,False,GET,/api/customer/owners/1,200,1,63.679,1
2026-07-29T14:32:20.524987+00:00,3b1803e58d221a43,2026-07-29T14:31:38.622032+00:00,150.1,4,2,api-gateway|vets-service,False,GET,/api/vet/vets,200,1,135.362,1
2026-07-29T14:32:20.524987+00:00,6bd61db075822f98,2026-07-29T14:31:38.456219+00:00,164.226,4,2,api-gateway|vets-service,False,GET,/api/vet/vets,200,1,149.455,1
2026-07-29T14:32:20.524987+00:00,cf83c9807f39e3a6,2026-07-29T14:31:38.292557+00:00,186.075,4,2,api-gateway|customers-service,False,GET,/api/customer/owners,200,1,183.818,1
2026-07-29T14:32:20.524987+00:00,51e35534ca2d1d91,2026-07-29T14:31:38.113408+00:00,156.689,4,2,api-gateway|customers-service,False,GET,/api/customer/owners,200,1,155.467,1
2026-07-29T14:32:20.524987+00:00,194c42dfd7972aeb,2026-07-29T14:31:37.956278+00:00,134.725,4,2,api-gateway|vets-service,False,GET,/api/vet/vets,200,1,119.336,1
2026-07-29T14:32:20.524987+00:00,d3f82de485ad3f93,2026-07-29T14:31:37.793108+00:00,72.019,4,2,api-gateway|customers-service,False,GET,/api/customer/owners/1,200,1,69.861,1
2026-07-29T14:32:20.524987+00:00,cb9f60e3f17c44fc,2026-07-29T14:31:37.613511+00:00,126.74,4,2,api-gateway|vets-service,False,GET,/api/vet/vets,200,1,125.383,1
2026-07-29T14:32:20.524987+00:00,0518770c325f6480,2026-07-29T14:31:37.444604+00:00,164.688,4,2,api-gateway|customers-service,False,GET,/api/customer/owners,200,1,163.396,1
2026-07-29T14:32:20.524987+00:00,f1c157f7133ce557,2026-07-29T14:31:37.291825+00:00,142.935,4,2,api-gateway|vets-service,False,GET,/api/vet/vets,200,1,131.85,1
2026-07-29T14:32:20.524987+00:00,c17af113f9d41dcd,2026-07-29T14:31:37.122996+00:00,132.632,4,2,api-gateway|vets-service,False,GET,/api/vet/vets,200,1,116.921,1
2026-07-29T14:32:20.524987+00:00,35a68062eff6824a,2026-07-29T14:31:36.956879+00:00,78.293,4,2,api-gateway|customers-service,False,GET,/api/customer/owners/1,200,1,72.023,1
2026-07-29T14:32:20.524987+00:00,47e87bf65efec294,2026-07-29T14:31:36.791878+00:00,198.788,4,2,api-gateway|customers-service,False,GET,/api/customer/owners,200,1,196.757,1
2026-07-29T14:32:20.524987+00:00,05c25b1b4ec2a718,2026-07-29T14:31:36.610429+00:00,70.32,4,2,api-gateway|customers-service,False,GET,/api/customer/owners/1,200,1,69.054,1
2026-07-29T14:32:20.524987+00:00,ea3e5c934674cf78,2026-07-29T14:31:36.456162+00:00,22.791,3,2,visits-service|api-gateway,False,GET,/api/visit/owners/1/pets/1/visits,200,0,0.0,1
2026-07-29T14:32:20.524987+00:00,53ed2eb75b7b8b33,2026-07-29T14:31:36.290343+00:00,19.225,3,2,visits-service|api-gateway,False,GET,/api/visit/owners/1/pets/1/visits,200,0,0.0,1
2026-07-29T14:32:20.524987+00:00,a7d003ed7dd83b23,2026-07-29T14:31:36.122766+00:00,22.642,3,2,visits-service|api-gateway,False,GET,/api/visit/owners/1/pets/1/visits,200,0,0.0,1
2026-07-29T14:32:20.524987+00:00,eab12aaf5bedb4c4,2026-07-29T14:31:35.955570+00:00,130.01,4,2,api-gateway|vets-service,False,GET,/api/vet/vets,200,1,115.608,1
2026-07-29T14:32:20.524987+00:00,876a6ac08d9e68f5,2026-07-29T14:31:35.779442+00:00,9.607,3,2,visits-service|api-gateway,False,GET,/api/visit/owners/1/pets/1/visits,200,0,0.0,1
2026-07-29T14:32:20.524987+00:00,ca2e874d630c87f4,2026-07-29T14:31:35.613231+00:00,12.739,3,2,visits-service|api-gateway,False,GET,/api/visit/owners/1/pets/1/visits,200,0,0.0,1
2026-07-29T14:32:20.524987+00:00,ab3b0542df361e92,2026-07-29T14:31:35.456406+00:00,127.927,4,2,api-gateway|vets-service,False,GET,/api/vet/vets,200,1,113.767,1
2026-07-29T14:32:20.524987+00:00,9bedec09d6762533,2026-07-29T14:31:35.292980+00:00,182.562,4,2,api-gateway|customers-service,False,GET,/api/customer/owners,200,1,180.237,1
2026-07-29T14:32:20.524987+00:00,1295e9135e0d4a86,2026-07-29T14:31:35.123038+00:00,32.883,3,2,visits-service|api-gateway,False,GET,/api/visit/owners/1/pets/1/visits,200,0,0.0,1
2026-07-29T14:32:20.524987+00:00,50506010175e7769,2026-07-29T14:31:34.955945+00:00,125.243,4,2,api-gateway|vets-service,False,GET,/api/vet/vets,200,1,112.808,1
2026-07-29T14:32:20.524987+00:00,27c8ff07fd567d23,2026-07-29T14:31:34.776887+00:00,64.021,4,2,api-gateway|customers-service,False,GET,/api/customer/owners/1,200,1,62.811,1
2026-07-29T14:32:20.524987+00:00,887915a5e834b44b,2026-07-29T14:31:34.610219+00:00,124.453,4,2,api-gateway|vets-service,False,GET,/api/vet/vets,200,1,123.086,1
2026-07-29T14:32:20.524987+00:00,ccbac047ba374bf0,2026-07-29T14:31:34.457481+00:00,188.014,4,2,api-gateway|customers-service,False,GET,/api/customer/owners,200,1,188.014,1
2026-07-29T14:32:20.524987+00:00,4abf2753860fc642,2026-07-29T14:31:34.289725+00:00,31.971,3,2,visits-service|api-gateway,False,GET,/api/visit/owners/1/pets/1/visits,200,0,0.0,1
2026-07-29T14:32:20.524987+00:00,b3a697be2a296e0a,2026-07-29T14:31:34.122889+00:00,141.333,4,2,api-gateway|vets-service,False,GET,/api/vet/vets,200,1,127.728,1
2026-07-29T14:32:20.524987+00:00,015f4ecfd90032e9,2026-07-29T14:31:33.956193+00:00,91.468,4,2,api-gateway|customers-service,False,GET,/api/customer/owners/1,200,1,85.022,1
2026-07-29T14:32:20.524987+00:00,7579563f856a1252,2026-07-29T14:31:33.777111+00:00,52.726,4,2,api-gateway|customers-service,False,GET,/api/customer/owners/1,200,1,51.481,1
2026-07-29T14:32:20.524987+00:00,8b23e496207d997c,2026-07-29T14:31:33.624494+00:00,70.35,4,2,api-gateway|customers-service,False,GET,/api/customer/owners/1,200,1,68.842,1
2026-07-29T14:32:20.524987+00:00,2b91e3208b4d7e0c,2026-07-29T14:31:33.444551+00:00,61.348,4,2,api-gateway|customers-service,False,GET,/api/customer/owners/1,200,1,60.079,1
2026-07-29T14:32:20.524987+00:00,20388d8686d670f8,2026-07-29T14:31:33.291639+00:00,165.95,4,2,api-gateway|customers-service,False,GET,/api/customer/owners,200,1,164.5,1
2026-07-29T14:32:20.524987+00:00,64bf8e08bb96e3d7,2026-07-29T14:31:33.122600+00:00,164.207,4,2,api-gateway|customers-service,False,GET,/api/customer/owners,200,1,158.989,1
2026-07-29T14:32:20.524987+00:00,172bdd9723266057,2026-07-29T14:31:32.956460+00:00,73.354,4,2,api-gateway|customers-service,False,GET,/api/customer/owners/1,200,1,67.179,1
2026-07-29T14:32:20.524987+00:00,44b97cae0a726691,2026-07-29T14:31:32.779074+00:00,132.158,4,2,api-gateway|vets-service,False,GET,/api/vet/vets,200,1,130.736,1
2026-07-29T14:32:20.524987+00:00,ae9d7799e9e89ac1,2026-07-29T14:31:32.623084+00:00,134.329,4,2,api-gateway|vets-service,False,GET,/api/vet/vets,200,1,119.351,1
2026-07-29T14:32:20.524987+00:00,5b3bc5e6b7355b39,2026-07-29T14:31:32.455851+00:00,149.149,4,2,api-gateway|vets-service,False,GET,/api/vet/vets,200,1,126.424,1
2026-07-29T14:32:20.524987+00:00,0188c93ccc0e05e2,2026-07-29T14:31:32.278856+00:00,78.564,4,2,api-gateway|customers-service,False,GET,/api/customer/owners/1,200,1,77.331,1
2026-07-29T14:32:20.524987+00:00,68665ffecb83219b,2026-07-29T14:31:32.122771+00:00,207.415,4,2,api-gateway|customers-service,False,GET,/api/customer/owners,200,1,200.699,1
2026-07-29T14:32:20.524987+00:00,21233b54f3b5ae39,2026-07-29T14:31:31.955152+00:00,143.054,4,2,api-gateway|vets-service,False,GET,/api/vet/vets,200,1,130.158,1
2026-07-29T14:32:20.524987+00:00,e0e2221b54a7f552,2026-07-29T14:31:31.779501+00:00,72.299,4,2,api-gateway|customers-service,False,GET,/api/customer/owners/1,200,1,71.264,1
2026-07-29T14:32:20.524987+00:00,2aaa4840a537f31a,2026-07-29T14:31:31.624275+00:00,102.218,4,2,api-gateway|customers-service,False,GET,/api/customer/owners/1,200,1,100.349,1
2026-07-29T14:32:20.524987+00:00,343f39bba88b96d1,2026-07-29T14:31:31.455885+00:00,27.544,3,2,visits-service|api-gateway,False,GET,/api/visit/owners/1/pets/1/visits,200,0,0.0,1
2026-07-29T14:32:20.524987+00:00,5d1e9efb16566882,2026-07-29T14:31:31.288539+00:00,61.069,4,2,api-gateway|customers-service,False,GET,/api/customer/owners/1,200,1,57.25,1
2026-07-29T14:32:20.524987+00:00,b22ef53f9fe5fbc9,2026-07-29T14:31:31.122226+00:00,105.507,4,2,api-gateway|customers-service,False,GET,/api/customer/owners/1,200,1,99.377,1
2026-07-29T14:32:20.524987+00:00,db7df0aa3aef6180,2026-07-29T14:31:30.947531+00:00,17.465,3,2,visits-service|api-gateway,False,GET,/api/visit/owners/1/pets/1/visits,200,0,0.0,1
2026-07-29T14:32:20.524987+00:00,29ddeda8fd05b5bb,2026-07-29T14:31:30.778914+00:00,156.692,4,2,api-gateway|customers-service,False,GET,/api/customer/owners,200,1,155.364,1
2026-07-29T14:32:20.524987+00:00,704c5d40a711b745,2026-07-29T14:31:30.625860+00:00,184.506,4,2,api-gateway|customers-service,False,GET,/api/customer/owners,200,1,182.426,1
2026-07-29T14:32:20.524987+00:00,3c08b3162814cb01,2026-07-29T14:31:30.456547+00:00,134.949,4,2,api-gateway|vets-service,False,GET,/api/vet/vets,200,1,121.052,1
2026-07-29T14:32:20.524987+00:00,c4eec308367d4116,2026-07-29T14:31:30.289336+00:00,168.152,4,2,api-gateway|vets-service,False,GET,/api/vet/vets,200,1,153.183,1
2026-07-29T14:32:20.524987+00:00,0858c7140b37bc0b,2026-07-29T14:31:30.112810+00:00,159.781,4,2,api-gateway|customers-service,False,GET,/api/customer/owners,200,1,158.629,1
2026-07-29T14:32:20.524987+00:00,1cd0810e28a3c5d3,2026-07-29T14:31:29.945632+00:00,9.828,3,2,visits-service|api-gateway,False,GET,/api/visit/owners/1/pets/1/visits,200,0,0.0,1
2026-07-29T14:32:20.524987+00:00,75978b595506926d,2026-07-29T14:31:29.791865+00:00,179.732,4,2,api-gateway|customers-service,False,GET,/api/customer/owners,200,1,177.138,1
2026-07-29T14:32:20.524987+00:00,ccca0ba629c9c1bb,2026-07-29T14:31:29.612270+00:00,10.016,3,2,visits-service|api-gateway,False,GET,/api/visit/owners/1/pets/1/visits,200,0,0.0,1
2026-07-29T14:32:20.524987+00:00,13cc2cb08bd266b0,2026-07-29T14:31:29.456904+00:00,125.733,4,2,api-gateway|vets-service,False,GET,/api/vet/vets,200,1,110.101,1
2026-07-29T14:32:20.524987+00:00,add20a90b2f79bb7,2026-07-29T14:31:29.289666+00:00,31.388,3,2,visits-service|api-gateway,False,GET,/api/visit/owners/1/pets/1/visits,200,0,0.0,1
2026-07-29T14:32:20.524987+00:00,44ace1e7a0045623,2026-07-29T14:31:29.122121+00:00,136.671,4,2,api-gateway|vets-service,False,GET,/api/vet/vets,200,1,106.18,1
2026-07-29T14:32:20.524987+00:00,a68d65aee3806a0f,2026-07-29T14:31:28.955551+00:00,186.651,4,2,api-gateway|vets-service,False,GET,/api/vet/vets,200,1,132.355,1
2026-07-29T14:32:20.524987+00:00,edd1e74905675e1f,2026-07-29T14:31:28.776484+00:00,118.373,4,2,api-gateway|vets-service,False,GET,/api/vet/vets,200,1,117.074,1
2026-07-29T14:32:20.524987+00:00,75723ab48912ac60,2026-07-29T14:31:28.622498+00:00,159.437,4,2,api-gateway|vets-service,False,GET,/api/vet/vets,200,1,146.221,1
2026-07-29T14:32:20.524987+00:00,c0882e52a5b736e3,2026-07-29T14:31:28.455822+00:00,31.379,3,2,visits-service|api-gateway,False,GET,/api/visit/owners/1/pets/1/visits,200,0,0.0,1
2026-07-29T14:32:20.524987+00:00,057f372b79d1ec00,2026-07-29T14:31:28.292545+00:00,184.877,4,2,api-gateway|customers-service,False,GET,/api/customer/owners,200,1,182.748,1
2026-07-29T14:32:20.524987+00:00,7ed4f901462ed914,2026-07-29T14:31:28.122149+00:00,28.088,3,2,visits-service|api-gateway,False,GET,/api/visit/owners/1/pets/1/visits,200,0,0.0,1
2026-07-29T14:32:20.524987+00:00,6a58b54c3b7aff9e,2026-07-29T14:31:27.956178+00:00,69.962,4,2,api-gateway|customers-service,False,GET,/api/customer/owners/1,200,1,63.837,1
2026-07-29T14:32:20.524987+00:00,c885f93ef71f5807,2026-07-29T14:31:27.778088+00:00,60.509,4,2,api-gateway|customers-service,False,GET,/api/customer/owners/1,200,1,59.318,1
2026-07-29T14:32:20.524987+00:00,1d1d3006c09d0035,2026-07-29T14:31:27.625357+00:00,69.257,4,2,api-gateway|customers-service,False,GET,/api/customer/owners/1,200,1,69.257,1
2026-07-29T14:32:20.524987+00:00,9bab2aa5ded4c145,2026-07-29T14:31:27.444223+00:00,123.115,4,2,api-gateway|vets-service,False,GET,/api/vet/vets,200,1,121.925,1
2026-07-29T14:32:20.524987+00:00,1dda720b02b8df61,2026-07-29T14:31:27.280475+00:00,163.772,4,2,api-gateway|customers-service,False,GET,/api/customer/owners,200,1,162.716,1
2026-07-29T14:32:20.524987+00:00,7c349f6343db89b8,2026-07-29T14:31:27.123232+00:00,98.554,4,2,api-gateway|customers-service,False,GET,/api/customer/owners/1,200,1,92.064,1
2026-07-29T14:32:20.524987+00:00,14f77162ecc6b7c9,2026-07-29T14:31:26.955587+00:00,187.833,4,2,api-gateway|customers-service,False,GET,/api/customer/owners,200,1,178.384,1
2026-07-29T14:32:20.524987+00:00,c94889de58931557,2026-07-29T14:31:26.791498+00:00,67.277,4,2,api-gateway|customers-service,False,GET,/api/customer/owners/1,200,1,67.277,1
2026-07-29T14:32:20.524987+00:00,a051655f16c8ad49,2026-07-29T14:31:26.624395+00:00,177.07,4,2,api-gateway|customers-service,False,GET,/api/customer/owners,200,1,175.58,1
2026-07-29T14:32:20.524987+00:00,727fcd28b570e976,2026-07-29T14:31:26.456708+00:00,35.497,3,2,visits-service|api-gateway,False,GET,/api/visit/owners/1/pets/1/visits,200,0,0.0,1
2026-07-29T14:32:20.524987+00:00,f1d62ddbebb4e0c3,2026-07-29T14:31:26.278033+00:00,209.619,4,2,api-gateway|customers-service,False,GET,/api/customer/owners,200,1,208.264,1
2026-07-29T14:32:20.524987+00:00,3deb8c9caf7e1d29,2026-07-29T14:31:26.123620+00:00,134.975,4,2,api-gateway|vets-service,False,GET,/api/vet/vets,200,1,120.909,1
2026-07-29T14:32:20.524987+00:00,b2bd2dd2780897a8,2026-07-29T14:31:25.955770+00:00,176.337,4,2,api-gateway|customers-service,False,GET,/api/customer/owners,200,1,170.076,1
2026-07-29T14:32:20.524987+00:00,9fcec818f2139378,2026-07-29T14:31:25.778860+00:00,77.285,4,2,api-gateway|customers-service,False,GET,/api/customer/owners/1,200,1,76.184,1
2026-07-29T14:32:20.524987+00:00,be7afe21109c83f6,2026-07-29T14:31:25.611852+00:00,19.65,3,2,visits-service|api-gateway,False,GET,/api/visit/owners/1/pets/1/visits,200,0,0.0,1
2026-07-29T14:32:20.524987+00:00,c13ea946694fe367,2026-07-29T14:31:25.444250+00:00,119.647,4,2,api-gateway|vets-service,False,GET,/api/vet/vets,200,1,118.419,1
2026-07-29T14:32:20.524987+00:00,85fa8e4eb34b109a,2026-07-29T14:31:25.289682+00:00,128.891,4,2,api-gateway|vets-service,False,GET,/api/vet/vets,200,1,110.943,1
2026-07-29T14:32:20.524987+00:00,a1ab26492286225d,2026-07-29T14:31:25.122011+00:00,130.226,4,2,api-gateway|vets-service,False,GET,/api/vet/vets,200,1,115.785,1
2026-07-29T14:32:20.524987+00:00,6e3aa1a446d5b6f1,2026-07-29T14:31:24.955870+00:00,42.109,3,2,visits-service|api-gateway,False,GET,/api/visit/owners/1/pets/1/visits,200,0,0.0,1
2026-07-29T14:32:20.524987+00:00,16158f2cca12bce7,2026-07-29T14:31:24.777804+00:00,162.573,4,2,api-gateway|vets-service,False,GET,/api/vet/vets,200,1,161.037,1
2026-07-29T14:32:20.524987+00:00,81ab0a3058766f3e,2026-07-29T14:31:24.624729+00:00,58.924,4,2,api-gateway|customers-service,False,GET,/api/customer/owners/1,200,1,57.581,1
2026-07-29T14:32:20.524987+00:00,c4f649e75578a4f7,2026-07-29T14:31:24.458479+00:00,62.756,4,2,api-gateway|customers-service,False,GET,/api/customer/owners/1,200,1,61.269,1
2026-07-29T14:32:20.524987+00:00,440130e0496ace7d,2026-07-29T14:31:24.289564+00:00,74.285,4,2,api-gateway|customers-service,False,GET,/api/customer/owners/1,200,1,69.912,1
2026-07-29T14:32:20.524987+00:00,6b0a0dbe18467afd,2026-07-29T14:31:24.122237+00:00,70.665,4,2,api-gateway|customers-service,False,GET,/api/customer/owners/1,200,1,66.498,1
2026-07-29T14:32:20.524987+00:00,8b0910b6313b8ef2,2026-07-29T14:31:23.955504+00:00,81.279,4,2,api-gateway|customers-service,False,GET,/api/customer/owners/1,200,1,66.387,1
2026-07-29T14:32:20.524987+00:00,29d095317f991edf,2026-07-29T14:31:23.776797+00:00,18.33,3,2,visits-service|api-gateway,False,GET,/api/visit/owners/1/pets/1/visits,200,0,0.0,1
2026-07-29T14:32:20.524987+00:00,b0b4e724267aab42,2026-07-29T14:31:23.625330+00:00,161.334,4,2,api-gateway|customers-service,False,GET,/api/customer/owners,200,1,161.334,1
2026-07-29T14:32:20.524987+00:00,57856be958f386a6,2026-07-29T14:31:23.445134+00:00,63.868,4,2,api-gateway|customers-service,False,GET,/api/customer/owners/1,200,1,62.632,1
2026-07-29T14:32:20.524987+00:00,bd4adf3cd1e67d22,2026-07-29T14:31:23.290022+00:00,175.342,4,2,api-gateway|customers-service,False,GET,/api/customer/owners,200,1,173.145,1
2026-07-29T14:32:20.524987+00:00,d83d0d9d17323b66,2026-07-29T14:31:23.122821+00:00,177.047,4,2,api-gateway|customers-service,False,GET,/api/customer/owners,200,1,159.798,1
2026-07-29T14:32:20.524987+00:00,f373295dcc7a55ee,2026-07-29T14:31:22.955345+00:00,66.674,4,2,api-gateway|customers-service,False,GET,/api/customer/owners/1,200,1,61.859,1
2026-07-29T14:32:20.524987+00:00,c77aa7886e1ee34c,2026-07-29T14:31:22.791291+00:00,71.101,4,2,api-gateway|customers-service,False,GET,/api/customer/owners/1,200,1,68.673,1
2026-07-29T14:32:20.524987+00:00,7c7312bdd8cd6382,2026-07-29T14:31:22.613195+00:00,181.098,4,2,api-gateway|customers-service,False,GET,/api/customer/owners,200,1,179.88,1
2026-07-29T14:32:20.524987+00:00,4a6f6b674826a5c5,2026-07-29T14:31:22.458650+00:00,58.357,4,2,api-gateway|customers-service,False,GET,/api/customer/owners/1,200,1,58.357,1
2026-07-29T14:32:20.524987+00:00,e739dc887240d5e3,2026-07-29T14:31:22.288513+00:00,132.148,4,2,api-gateway|vets-service,False,GET,/api/vet/vets,200,1,119.119,1
2026-07-29T14:32:20.524987+00:00,821d19849df682ee,2026-07-29T14:31:22.122314+00:00,31.81,3,2,visits-service|api-gateway,False,GET,/api/visit/owners/1/pets/1/visits,200,0,0.0,1
2026-07-29T14:32:20.524987+00:00,42e2187867a0e46b,2026-07-29T14:31:21.955974+00:00,72.577,4,2,api-gateway|customers-service,False,GET,/api/customer/owners/1,200,1,56.78,1
2026-07-29T14:32:20.524987+00:00,222ef9a8eb2b928c,2026-07-29T14:31:21.792832+00:00,66.906,4,2,api-gateway|customers-service,False,GET,/api/customer/owners/1,200,1,64.95,1
2026-07-29T14:32:20.524987+00:00,acd2099437fa46ee,2026-07-29T14:31:21.622593+00:00,343.607,4,2,api-gateway|vets-service,False,GET,/api/vet/vets,200,1,331.154,1
2026-07-29T14:32:20.524987+00:00,4c896cdeed0f8814,2026-07-29T14:31:21.459079+00:00,194.008,4,2,api-gateway|customers-service,False,GET,/api/customer/owners,200,1,192.411,1
2026-07-29T14:32:20.524987+00:00,619dd18fa397d78d,2026-07-29T14:31:21.289518+00:00,198.217,4,2,api-gateway|vets-service,False,GET,/api/vet/vets,200,1,183.538,1
2026-07-29T14:32:20.524987+00:00,569f346e74328b9a,2026-07-29T14:31:21.123944+00:00,68.768,4,2,api-gateway|customers-service,False,GET,/api/customer/owners/1,200,1,65.975,1
2026-07-29T14:32:20.524987+00:00,9dbbd5a03e5f53ae,2026-07-29T14:31:20.956106+00:00,19.886,3,2,visits-service|api-gateway,False,GET,/api/visit/owners/1/pets/1/visits,200,0,0.0,1
2026-07-29T14:32:20.524987+00:00,94f9b86ae38bd617,2026-07-29T14:32:20.776978+00:00,41.478,1,1,visits-service,False,,,200,0,0.0,0
2026-07-29T14:32:20.524987+00:00,bc74c1595764abd7,2026-07-29T14:32:20.446176+00:00,141.237,1,1,visits-service,False,,,200,0,0.0,0
