collected_at,trace_id,start_timestamp,total_duration_ms,spans_count,unique_services_count,services_list,has_error,root_http_method,root_http_path,root_http_status,db_query_count,db_total_duration_ms,internal_calls_count
2026-07-22T21:35:18.560759+00:00,cd02aa86b29b3c6c,2026-07-22T21:34:16.201895+00:00,52.025,4,2,api-gateway|vets-service,False,GET,/api/vet/vets,200,1,50.196,1
2026-07-22T21:35:18.560759+00:00,f00af7b0123e2ec8,2026-07-22T21:34:16.030909+00:00,7.282,3,2,visits-service|api-gateway,False,GET,/api/visit/owners/1/pets/1/visits,200,0,0.0,1
2026-07-22T21:35:18.560759+00:00,b3ece37a8b13ea4e,2026-07-22T21:34:15.227438+00:00,22.105,3,2,visits-service|api-gateway,False,GET,/api/visit/owners/1/pets/1/visits,200,0,0.0,1
2026-07-22T21:35:18.560759+00:00,b8d501c1b7f0f50f,2026-07-22T21:34:15.060209+00:00,24.619,3,2,visits-service|api-gateway,False,GET,/api/visit/owners/1/pets/1/visits,200,0,0.0,1
2026-07-22T21:35:18.560759+00:00,1311595768cf7e13,2026-07-22T21:34:15.186400+00:00,12.235,3,2,visits-service|api-gateway,False,GET,/api/visit/owners/1/pets/1/visits,200,0,0.0,1
2026-07-22T21:35:18.560759+00:00,4a8cece6cb3f6239,2026-07-22T21:34:14.895801+00:00,35.996,4,2,api-gateway|customers-service,False,GET,/api/customer/owners/1,200,1,34.121,1
2026-07-22T21:35:18.560759+00:00,cdb8a43edb667b91,2026-07-22T21:34:14.227037+00:00,71.833,4,2,api-gateway|vets-service,False,GET,/api/vet/vets,200,1,58.136,1
2026-07-22T21:35:18.560759+00:00,2228d5158f014d17,2026-07-22T21:34:14.728409+00:00,88.486,4,2,api-gateway|customers-service,False,GET,/api/customer/owners,200,1,86.537,1
2026-07-22T21:35:18.560759+00:00,3d8741a51f30723d,2026-07-22T21:34:14.505611+00:00,16.221,3,2,visits-service|api-gateway,False,GET,/api/visit/owners/1/pets/1/visits,200,0,0.0,1
2026-07-22T21:35:18.560759+00:00,83cebbe0563aa6a3,2026-07-22T21:34:14.393796+00:00,41.11,4,2,api-gateway|customers-service,False,GET,/api/customer/owners/1,200,1,32.487,1
2026-07-22T21:35:18.560759+00:00,2fc818182eb00dc4,2026-07-22T21:34:14.337138+00:00,159.251,4,2,api-gateway|vets-service,False,GET,/api/vet/vets,200,1,156.851,1
2026-07-22T21:35:18.560759+00:00,53efc7581739ee34,2026-07-22T21:34:13.560331+00:00,21.436,3,2,visits-service|api-gateway,False,GET,/api/visit/owners/1/pets/1/visits,200,0,0.0,1
2026-07-22T21:35:18.560759+00:00,8163938e632842fc,2026-07-22T21:34:14.062572+00:00,37.043,4,2,api-gateway|customers-service,False,GET,/api/customer/owners/1,200,1,32.737,1
2026-07-22T21:35:18.560759+00:00,8e576db88d5bdccc,2026-07-22T21:34:13.995707+00:00,11.188,3,2,visits-service|api-gateway,False,GET,/api/visit/owners/1/pets/1/visits,200,0,0.0,1
2026-07-22T21:35:18.560759+00:00,9a7cec4f576e6ed1,2026-07-22T21:34:13.060693+00:00,21.365,3,2,visits-service|api-gateway,False,GET,/api/visit/owners/1/pets/1/visits,200,0,0.0,1
2026-07-22T21:35:18.560759+00:00,7e3e688b585cfdcb,2026-07-22T21:34:13.227299+00:00,46.185,4,2,api-gateway|customers-service,False,GET,/api/customer/owners/1,200,1,38.154,1
2026-07-22T21:35:18.560759+00:00,4bbfd5100a1119eb,2026-07-22T21:34:12.974997+00:00,53.861,4,2,api-gateway|vets-service,False,GET,/api/vet/vets,200,1,51.824,1
2026-07-22T21:35:18.560759+00:00,599bc574b4a4ba72,2026-07-22T21:34:12.896727+00:00,32.004,4,2,api-gateway|customers-service,False,GET,/api/customer/owners/1,200,1,32.004,1
2026-07-22T21:35:18.560759+00:00,90b29127a0e73baa,2026-07-22T21:34:12.730862+00:00,45.78,4,2,api-gateway|customers-service,False,GET,/api/customer/owners/1,200,1,42.487,1
2026-07-22T21:35:18.560759+00:00,3d608f4940137991,2026-07-22T21:34:12.060049+00:00,75.248,4,2,api-gateway|vets-service,False,GET,/api/vet/vets,200,1,63.511,1
2026-07-22T21:35:18.560759+00:00,32cf47a8e9fba853,2026-07-22T21:34:12.563293+00:00,31.746,4,2,api-gateway|customers-service,False,GET,/api/customer/owners/1,200,1,29.341,1
2026-07-22T21:35:18.560759+00:00,5c128ed7b6b5230a,2026-07-22T21:34:12.295596+00:00,12.521,3,2,visits-service|api-gateway,False,GET,/api/visit/owners/1/pets/1/visits,200,0,0.0,1
2026-07-22T21:35:18.560759+00:00,ad523b7e2e06a102,2026-07-22T21:34:12.227371+00:00,46.687,4,2,api-gateway|customers-service,False,GET,/api/customer/owners/1,200,1,38.075,1
2026-07-22T21:35:18.560759+00:00,755af206e9fa3987,2026-07-22T21:34:11.560249+00:00,24.858,3,2,visits-service|api-gateway,False,GET,/api/visit/owners/1/pets/1/visits,200,0,0.0,1
2026-07-22T21:35:18.560759+00:00,afbf40a8975345b4,2026-07-22T21:34:11.897302+00:00,36.752,4,2,api-gateway|customers-service,False,GET,/api/customer/owners/1,200,1,36.752,1
2026-07-22T21:35:18.560759+00:00,ac55b93d98d634a7,2026-07-22T21:34:11.227486+00:00,25.348,3,2,visits-service|api-gateway,False,GET,/api/visit/owners/1/pets/1/visits,200,0,0.0,1
2026-07-22T21:35:18.560759+00:00,2082cacbd8e0e20e,2026-07-22T21:34:11.393370+00:00,43.623,4,2,api-gateway|customers-service,False,GET,/api/customer/owners/1,200,1,36.012,1
2026-07-22T21:35:18.560759+00:00,337b101d71d3b1a9,2026-07-22T21:34:11.272570+00:00,11.1,3,2,visits-service|api-gateway,False,GET,/api/visit/owners/1/pets/1/visits,200,0,0.0,1
2026-07-22T21:35:18.560759+00:00,2040ff546dec50d1,2026-07-22T21:34:11.059543+00:00,88.001,4,2,api-gateway|customers-service,False,GET,/api/customer/owners,200,1,82.972,1
2026-07-22T21:35:18.560759+00:00,eafa0c91925a72cc,2026-07-22T21:34:10.933080+00:00,65.656,4,2,api-gateway|vets-service,False,GET,/api/vet/vets,200,1,63.387,1
2026-07-22T21:35:18.560759+00:00,85bf2d0d53b8ee77,2026-07-22T21:34:10.894396+00:00,92.23,4,2,api-gateway|customers-service,False,GET,/api/customer/owners,200,1,86.772,1
2026-07-22T21:35:18.560759+00:00,6e363e6a93d6b6b0,2026-07-22T21:34:10.059733+00:00,72.104,4,2,api-gateway|vets-service,False,GET,/api/vet/vets,200,1,60.803,1
2026-07-22T21:35:18.560759+00:00,d546207db3f0c467,2026-07-22T21:34:10.563101+00:00,37.819,4,2,api-gateway|customers-service,False,GET,/api/customer/owners/1,200,1,35.111,1
2026-07-22T21:35:18.560759+00:00,ff7dcd5974c8d57f,2026-07-22T21:34:09.893706+00:00,69.88,4,2,api-gateway|vets-service,False,GET,/api/vet/vets,200,1,58.141,1
2026-07-22T21:35:18.560759+00:00,ca2915bd088f6b75,2026-07-22T21:34:10.227093+00:00,100.902,4,2,api-gateway|customers-service,False,GET,/api/customer/owners,200,1,94.555,1
2026-07-22T21:35:18.560759+00:00,e566a85e877e3601,2026-07-22T21:34:09.227347+00:00,23.144,3,2,visits-service|api-gateway,False,GET,/api/visit/owners/1/pets/1/visits,200,0,0.0,1
2026-07-22T21:35:18.560759+00:00,e1219fbd92d60a51,2026-07-22T21:34:09.730480+00:00,84.291,4,2,api-gateway|customers-service,False,GET,/api/customer/owners,200,1,81.84,1
2026-07-22T21:35:18.560759+00:00,86b5904b5a62bef7,2026-07-22T21:34:09.562561+00:00,84.06,4,2,api-gateway|customers-service,False,GET,/api/customer/owners,200,1,82.355,1
2026-07-22T21:35:18.560759+00:00,4a272d8c77eac787,2026-07-22T21:34:09.396832+00:00,80.426,4,2,api-gateway|customers-service,False,GET,/api/customer/owners,200,1,78.064,1
2026-07-22T21:35:18.560759+00:00,edbb95f471b66350,2026-07-22T21:34:09.232164+00:00,13.172,3,2,visits-service|api-gateway,False,GET,/api/visit/owners/1/pets/1/visits,200,0,0.0,1
2026-07-22T21:35:18.560759+00:00,fa2be2eada0686b8,2026-07-22T21:34:09.060391+00:00,90.712,4,2,api-gateway|customers-service,False,GET,/api/customer/owners,200,1,85.696,1
2026-07-22T21:35:18.560759+00:00,509cc59d56d0725a,2026-07-22T21:34:08.894289+00:00,88.011,4,2,api-gateway|customers-service,False,GET,/api/customer/owners,200,1,82.634,1
2026-07-22T21:35:18.560759+00:00,88469cd47d82368f,2026-07-22T21:34:08.227267+00:00,79.907,4,2,api-gateway|vets-service,False,GET,/api/vet/vets,200,1,67.119,1
2026-07-22T21:35:18.560759+00:00,ba76487fa653a225,2026-07-22T21:34:08.564271+00:00,88.012,4,2,api-gateway|customers-service,False,GET,/api/customer/owners,200,1,85.879,1
2026-07-22T21:35:18.560759+00:00,f2eecd9f91946e4e,2026-07-22T21:34:08.060985+00:00,24.845,3,2,visits-service|api-gateway,False,GET,/api/visit/owners/1/pets/1/visits,200,0,0.0,1
2026-07-22T21:35:18.560759+00:00,a8142b9e2d928df5,2026-07-22T21:34:08.399679+00:00,98.377,4,2,api-gateway|customers-service,False,GET,/api/customer/owners,200,1,95.197,1
2026-07-22T21:35:18.560759+00:00,58f7264d6d0cb31f,2026-07-22T21:34:07.560105+00:00,23.972,3,2,visits-service|api-gateway,False,GET,/api/visit/owners/1/pets/1/visits,200,0,0.0,1
2026-07-22T21:35:18.560759+00:00,6abb34274de428c6,2026-07-22T21:34:07.893231+00:00,96.014,4,2,api-gateway|customers-service,False,GET,/api/customer/owners,200,1,91.104,1
2026-07-22T21:35:18.560759+00:00,50d8da5744299d73,2026-07-22T21:34:07.732012+00:00,95.947,4,2,api-gateway|customers-service,False,GET,/api/customer/owners,200,1,93.31,1
2026-07-22T21:35:18.560759+00:00,5dee1d6ee09c63b0,2026-07-22T21:34:07.061140+00:00,77.286,4,2,api-gateway|vets-service,False,GET,/api/vet/vets,200,1,61.559,1
2026-07-22T21:35:18.560759+00:00,fd570a89fdcc9780,2026-07-22T21:34:07.398222+00:00,43.698,4,2,api-gateway|customers-service,False,GET,/api/customer/owners/1,200,1,40.457,1
2026-07-22T21:35:18.560759+00:00,8d1b10ee96180335,2026-07-22T21:34:06.894357+00:00,93.751,4,2,api-gateway|vets-service,False,GET,/api/vet/vets,200,1,78.188,1
2026-07-22T21:35:18.560759+00:00,04417e6e237e29b8,2026-07-22T21:34:07.227336+00:00,48.61,4,2,api-gateway|customers-service,False,GET,/api/customer/owners/1,200,1,40.057,1
2026-07-22T21:35:18.560759+00:00,49c0a3b83e3b44fb,2026-07-22T21:34:07.219949+00:00,14.393,3,2,visits-service|api-gateway,False,GET,/api/visit/owners/1/pets/1/visits,200,0,0.0,1
2026-07-22T21:35:18.560759+00:00,d1b08836735f9fb1,2026-07-22T21:34:07.051694+00:00,63.366,4,2,api-gateway|vets-service,False,GET,/api/vet/vets,200,1,61.047,1
2026-07-22T21:35:18.560759+00:00,80a5c05f9a2c6433,2026-07-22T21:34:06.227363+00:00,63.453,4,2,api-gateway|vets-service,False,GET,/api/vet/vets,200,1,49.869,1
2026-07-22T21:35:18.560759+00:00,39874a6581054552,2026-07-22T21:34:06.060635+00:00,84.371,4,2,api-gateway|vets-service,False,GET,/api/vet/vets,200,1,68.545,1
2026-07-22T21:35:18.560759+00:00,396752a287c9c63f,2026-07-22T21:34:06.395569+00:00,90.538,4,2,api-gateway|customers-service,False,GET,/api/customer/owners,200,1,88.703,1
2026-07-22T21:35:18.560759+00:00,3747706efd7b8120,2026-07-22T21:34:06.208902+00:00,15.329,3,2,visits-service|api-gateway,False,GET,/api/visit/owners/1/pets/1/visits,200,0,0.0,1
2026-07-22T21:35:18.560759+00:00,1b7831d0423ea06c,2026-07-22T21:34:05.893426+00:00,104.081,4,2,api-gateway|customers-service,False,GET,/api/customer/owners,200,1,97.349,1
2026-07-22T21:35:18.560759+00:00,125b379dd04c756e,2026-07-22T21:34:05.227053+00:00,19.725,3,2,visits-service|api-gateway,False,GET,/api/visit/owners/1/pets/1/visits,200,0,0.0,1
2026-07-22T21:35:18.560759+00:00,8bb9a8336e25ea16,2026-07-22T21:34:05.563386+00:00,39.383,4,2,api-gateway|customers-service,False,GET,/api/customer/owners/1,200,1,37.223,1
2026-07-22T21:35:18.560759+00:00,6fa575153d0e306d,2026-07-22T21:34:05.060931+00:00,18.806,3,2,visits-service|api-gateway,False,GET,/api/visit/owners/1/pets/1/visits,200,0,0.0,1
2026-07-22T21:35:18.560759+00:00,5466496c0160a475,2026-07-22T21:34:05.393495+00:00,43.603,4,2,api-gateway|customers-service,False,GET,/api/customer/owners/1,200,1,35.453,1
2026-07-22T21:35:18.560759+00:00,be05e8d5cf1be88d,2026-07-22T21:34:05.350587+00:00,11.391,3,2,visits-service|api-gateway,False,GET,/api/visit/owners/1/pets/1/visits,200,0,0.0,1
2026-07-22T21:35:18.560759+00:00,60b3fbf053044c43,2026-07-22T21:34:05.181111+00:00,10.628,3,2,visits-service|api-gateway,False,GET,/api/visit/owners/1/pets/1/visits,200,0,0.0,1
2026-07-22T21:35:18.560759+00:00,e5f416af080fd5b3,2026-07-22T21:34:04.562761+00:00,91.778,4,2,api-gateway|customers-service,False,GET,/api/customer/owners,200,1,89.533,1
2026-07-22T21:35:18.560759+00:00,3415e4dca2e4d474,2026-07-22T21:34:04.396718+00:00,85.697,4,2,api-gateway|customers-service,False,GET,/api/customer/owners,200,1,85.697,1
2026-07-22T21:35:18.560759+00:00,d2bbfb1207cba6c9,2026-07-22T21:34:04.226984+00:00,90.616,4,2,api-gateway|customers-service,False,GET,/api/customer/owners,200,1,86.555,1
2026-07-22T21:35:18.560759+00:00,67fcd7015c45465d,2026-07-22T21:34:04.150555+00:00,64.539,4,2,api-gateway|vets-service,False,GET,/api/vet/vets,200,1,62.293,1
2026-07-22T21:35:18.560759+00:00,840bda7a475248a8,2026-07-22T21:34:04.062918+00:00,46.961,4,2,api-gateway|customers-service,False,GET,/api/customer/owners/1,200,1,41.47,1
2026-07-22T21:35:18.560759+00:00,fefedc60cedbc9e2,2026-07-22T21:34:03.895091+00:00,26.207,4,2,api-gateway|customers-service,False,GET,/api/customer/owners/1,200,1,24.348,1
2026-07-22T21:35:18.560759+00:00,b646b6f43a845a18,2026-07-22T21:34:03.565067+00:00,37.91,4,2,api-gateway|customers-service,False,GET,/api/customer/owners/1,200,1,34.741,1
2026-07-22T21:35:18.560759+00:00,de903733f5308e1e,2026-07-22T21:34:03.398049+00:00,107.918,4,2,api-gateway|customers-service,False,GET,/api/customer/owners,200,1,104.651,1
2026-07-22T21:35:18.560759+00:00,7a78231223fad980,2026-07-22T21:34:03.226458+00:00,34.577,4,2,api-gateway|customers-service,False,GET,/api/customer/owners/1,200,1,28.874,1
2026-07-22T21:35:18.560759+00:00,a39ccf12b5344ac8,2026-07-22T21:34:03.122068+00:00,12.994,3,2,visits-service|api-gateway,False,GET,/api/visit/owners/1/pets/1/visits,200,0,0.0,1
2026-07-22T21:35:18.560759+00:00,9d7dc0e2b31f00bb,2026-07-22T21:34:03.059778+00:00,99.932,4,2,api-gateway|customers-service,False,GET,/api/customer/owners,200,1,93.587,1
2026-07-22T21:35:18.560759+00:00,7cc726f6f0167a15,2026-07-22T21:34:02.560187+00:00,18.965,3,2,visits-service|api-gateway,False,GET,/api/visit/owners/1/pets/1/visits,200,0,0.0,1
2026-07-22T21:35:18.560759+00:00,2099f5064c93da45,2026-07-22T21:34:02.893431+00:00,97.093,4,2,api-gateway|customers-service,False,GET,/api/customer/owners,200,1,91.656,1
2026-07-22T21:35:18.560759+00:00,dadb48d7383671fe,2026-07-22T21:34:02.396269+00:00,36.62,4,2,api-gateway|customers-service,False,GET,/api/customer/owners/1,200,1,34.779,1
2026-07-22T21:35:18.560759+00:00,9d011dbf2d422084,2026-07-22T21:34:01.894067+00:00,70.463,4,2,api-gateway|vets-service,False,GET,/api/vet/vets,200,1,60.528,1
2026-07-22T21:35:18.560759+00:00,c8d562cedd53574c,2026-07-22T21:34:02.227329+00:00,97.628,4,2,api-gateway|customers-service,False,GET,/api/customer/owners,200,1,92.204,1
2026-07-22T21:35:18.560759+00:00,679b93ab0bcc9d54,2026-07-22T21:34:02.094538+00:00,65.238,4,2,api-gateway|vets-service,False,GET,/api/vet/vets,200,1,63.471,1
2026-07-22T21:35:18.560759+00:00,3d5bfe069c6797da,2026-07-22T21:34:02.059854+00:00,94.394,4,2,api-gateway|customers-service,False,GET,/api/customer/owners,200,1,89.118,1
2026-07-22T21:35:18.560759+00:00,1fc2c2735f317f16,2026-07-22T21:34:01.924932+00:00,14.627,3,2,visits-service|api-gateway,False,GET,/api/visit/owners/1/pets/1/visits,200,0,0.0,1
2026-07-22T21:35:18.560759+00:00,bd589f7bc4b610d5,2026-07-22T21:34:01.060284+00:00,24.402,3,2,visits-service|api-gateway,False,GET,/api/visit/owners/1/pets/1/visits,200,0,0.0,1
2026-07-22T21:35:18.560759+00:00,6b87560046d49b4d,2026-07-22T21:34:01.398473+00:00,106.65,4,2,api-gateway|customers-service,False,GET,/api/customer/owners,200,1,103.738,1
2026-07-22T21:35:18.560759+00:00,6b158d259f8b5290,2026-07-22T21:34:00.893593+00:00,72.387,4,2,api-gateway|vets-service,False,GET,/api/vet/vets,200,1,60.876,1
2026-07-22T21:35:18.560759+00:00,1c6239953c7f0dc1,2026-07-22T21:34:01.227514+00:00,48.446,4,2,api-gateway|customers-service,False,GET,/api/customer/owners/1,200,1,40.618,1
2026-07-22T21:35:18.560759+00:00,00c0cdfca9467c2c,2026-07-22T21:34:00.893274+00:00,60.707,4,2,api-gateway|vets-service,False,GET,/api/vet/vets,200,1,58.66,1
2026-07-22T21:35:18.560759+00:00,83c0ccce5300750b,2026-07-22T21:34:00.729043+00:00,86.188,4,2,api-gateway|customers-service,False,GET,/api/customer/owners,200,1,84.089,1
2026-07-22T21:35:18.560759+00:00,8554083d0e60101f,2026-07-22T21:34:00.396751+00:00,90.438,4,2,api-gateway|customers-service,False,GET,/api/customer/owners,200,1,90.438,1
2026-07-22T21:35:18.560759+00:00,b5899f503aeafc77,2026-07-22T21:34:00.227252+00:00,93.741,4,2,api-gateway|customers-service,False,GET,/api/customer/owners,200,1,88.495,1
2026-07-22T21:35:18.560759+00:00,00ccdde1f6dd5e53,2026-07-22T21:34:00.059600+00:00,85.261,4,2,api-gateway|customers-service,False,GET,/api/customer/owners,200,1,79.985,1
2026-07-22T21:35:18.560759+00:00,348a28a037466636,2026-07-22T21:33:59.893312+00:00,111.629,4,2,api-gateway|customers-service,False,GET,/api/customer/owners,200,1,104.282,1
2026-07-22T21:35:18.560759+00:00,ec86b7621ccdf5e5,2026-07-22T21:33:59.729276+00:00,74.234,4,2,api-gateway|customers-service,False,GET,/api/customer/owners,200,1,72.23,1
2026-07-22T21:35:18.560759+00:00,c9002e1bc1a23a0a,2026-07-22T21:33:59.393979+00:00,23.637,3,2,visits-service|api-gateway,False,GET,/api/visit/owners/1/pets/1/visits,200,0,0.0,1
2026-07-22T21:35:18.560759+00:00,d870c46bbf19879e,2026-07-22T21:33:59.563473+00:00,36.296,4,2,api-gateway|customers-service,False,GET,/api/customer/owners/1,200,1,34.04,1
2026-07-22T21:35:18.560759+00:00,33db36a83c2ca43b,2026-07-22T21:33:59.060881+00:00,77.168,4,2,api-gateway|vets-service,False,GET,/api/vet/vets,200,1,62.705,1
2026-07-22T21:35:18.560759+00:00,3974bc735d0ceef5,2026-07-22T21:33:59.227552+00:00,37.991,4,2,api-gateway|customers-service,False,GET,/api/customer/owners/1,200,1,31.541,1
2026-07-22T21:35:18.560759+00:00,9588dc2e9aafec27,2026-07-22T21:33:59.047753+00:00,71.066,4,2,api-gateway|vets-service,False,GET,/api/vet/vets,200,1,68.659,1
2026-07-22T21:35:18.560759+00:00,2f0155370a30a1bd,2026-07-22T21:33:58.892803+00:00,41.614,4,2,api-gateway|customers-service,False,GET,/api/customer/owners/1,200,1,36.248,1
2026-07-22T21:35:18.560759+00:00,2ddc5470c16aec35,2026-07-22T21:33:58.394288+00:00,28.865,3,2,visits-service|api-gateway,False,GET,/api/visit/owners/1/pets/1/visits,200,0,0.0,1
2026-07-22T21:35:18.560759+00:00,4b7ea973e8d5ff16,2026-07-22T21:33:58.564692+00:00,44.882,4,2,api-gateway|customers-service,False,GET,/api/customer/owners/1,200,1,41.503,1
2026-07-22T21:35:18.560759+00:00,c96aca447e8b5521,2026-07-22T21:33:58.227459+00:00,49.782,4,2,api-gateway|customers-service,False,GET,/api/customer/owners/1,200,1,41.882,1
2026-07-22T21:35:18.560759+00:00,e8077d3d6d81c14f,2026-07-22T21:33:58.059809+00:00,95.988,4,2,api-gateway|customers-service,False,GET,/api/customer/owners,200,1,91.217,1
2026-07-22T21:35:18.560759+00:00,4c9c693344382819,2026-07-22T21:33:58.047786+00:00,69.992,4,2,api-gateway|vets-service,False,GET,/api/vet/vets,200,1,67.671,1
2026-07-22T21:35:18.560759+00:00,d89e9a3b2a5fce2b,2026-07-22T21:33:57.893789+00:00,102.539,4,2,api-gateway|customers-service,False,GET,/api/customer/owners,200,1,95.007,1
2026-07-22T21:35:18.560759+00:00,7c0efe4ae9b559f6,2026-07-22T21:33:57.881937+00:00,11.963,3,2,visits-service|api-gateway,False,GET,/api/visit/owners/1/pets/1/visits,200,0,0.0,1
2026-07-22T21:35:18.560759+00:00,dff89503d3190345,2026-07-22T21:33:57.396253+00:00,27.699,4,2,api-gateway|customers-service,False,GET,/api/customer/owners/1,200,1,25.649,1
2026-07-22T21:35:18.560759+00:00,f5ae195e808a909d,2026-07-22T21:33:57.060140+00:00,79.466,4,2,api-gateway|vets-service,False,GET,/api/vet/vets,200,1,68.436,1
2026-07-22T21:35:18.560759+00:00,ebfd2f05dcc96a96,2026-07-22T21:33:57.227383+00:00,96.528,4,2,api-gateway|customers-service,False,GET,/api/customer/owners,200,1,90.144,1
2026-07-22T21:35:18.560759+00:00,c1aad5e62f45c150,2026-07-22T21:33:56.726819+00:00,27.24,3,2,visits-service|api-gateway,False,GET,/api/visit/owners/1/pets/1/visits,200,0,0.0,1
2026-07-22T21:35:18.560759+00:00,612fe9fa90a38887,2026-07-22T21:33:56.893802+00:00,100.314,4,2,api-gateway|customers-service,False,GET,/api/customer/owners,200,1,94.957,1
2026-07-22T21:35:18.560759+00:00,53c6c789040c5df9,2026-07-22T21:33:56.564718+00:00,38.567,4,2,api-gateway|customers-service,False,GET,/api/customer/owners/1,200,1,35.877,1
2026-07-22T21:35:18.560759+00:00,aec53d757bebea0a,2026-07-22T21:33:56.227681+00:00,77.35,4,2,api-gateway|vets-service,False,GET,/api/vet/vets,200,1,65.327,1
2026-07-22T21:35:18.560759+00:00,ccf971213ca7c7d5,2026-07-22T21:33:56.398629+00:00,38.927,4,2,api-gateway|customers-service,False,GET,/api/customer/owners/1,200,1,36.031,1
2026-07-22T21:35:18.560759+00:00,943e897613b5df5d,2026-07-22T21:33:56.060896+00:00,24.432,3,2,visits-service|api-gateway,False,GET,/api/visit/owners/1/pets/1/visits,200,0,0.0,1
2026-07-22T21:35:18.560759+00:00,69909cd376780ca4,2026-07-22T21:33:55.726904+00:00,24.006,3,2,visits-service|api-gateway,False,GET,/api/visit/owners/1/pets/1/visits,200,0,0.0,1
2026-07-22T21:35:18.560759+00:00,088135bc8ba55be6,2026-07-22T21:33:55.894542+00:00,47.564,4,2,api-gateway|customers-service,False,GET,/api/customer/owners/1,200,1,39.769,1
2026-07-22T21:35:18.560759+00:00,f8c84c4ef74661fe,2026-07-22T21:33:55.562245+00:00,29.576,4,2,api-gateway|customers-service,False,GET,/api/customer/owners/1,200,1,27.63,1
2026-07-22T21:35:18.560759+00:00,0e3863dffcfee9e9,2026-07-22T21:33:55.397557+00:00,34.75,4,2,api-gateway|customers-service,False,GET,/api/customer/owners/1,200,1,32.58,1
2026-07-22T21:35:18.560759+00:00,45a08deb364066b2,2026-07-22T21:33:55.231386+00:00,93.706,4,2,api-gateway|customers-service,False,GET,/api/customer/owners,200,1,90.859,1
2026-07-22T21:35:18.560759+00:00,a7a5e64a9d47127e,2026-07-22T21:33:54.894012+00:00,26.992,3,2,visits-service|api-gateway,False,GET,/api/visit/owners/1/pets/1/visits,200,0,0.0,1
2026-07-22T21:35:18.560759+00:00,83d9dcde6809b22e,2026-07-22T21:33:55.060015+00:00,87.713,4,2,api-gateway|customers-service,False,GET,/api/customer/owners,200,1,83.398,1
2026-07-22T21:35:18.560759+00:00,457f40c6095f5226,2026-07-22T21:33:54.942124+00:00,11.595,3,2,visits-service|api-gateway,False,GET,/api/visit/owners/1/pets/1/visits,200,0,0.0,1
2026-07-22T21:35:18.560759+00:00,826e861c3636cbe5,2026-07-22T21:33:54.766530+00:00,59.435,4,2,api-gateway|vets-service,False,GET,/api/vet/vets,200,1,57.385,1
2026-07-22T21:35:18.560759+00:00,28f1df262b2dc9a1,2026-07-22T21:33:54.394121+00:00,24.675,3,2,visits-service|api-gateway,False,GET,/api/visit/owners/1/pets/1/visits,200,0,0.0,1
2026-07-22T21:35:18.560759+00:00,6ca9b4d638dd7af7,2026-07-22T21:33:54.247128+00:00,10.88,3,2,visits-service|api-gateway,False,GET,/api/visit/owners/1/pets/1/visits,200,0,0.0,1
2026-07-22T21:35:18.560759+00:00,af8f4178f59d8a4b,2026-07-22T21:33:54.227246+00:00,38.544,4,2,api-gateway|customers-service,False,GET,/api/customer/owners/1,200,1,32.993,1
2026-07-22T21:35:18.560759+00:00,6fbbe68fa0c9503a,2026-07-22T21:33:53.893096+00:00,33.673,4,2,api-gateway|customers-service,False,GET,/api/customer/owners/1,200,1,27.968,1
2026-07-22T21:35:18.560759+00:00,49185587453b316b,2026-07-22T21:33:53.731479+00:00,91.721,4,2,api-gateway|customers-service,False,GET,/api/customer/owners,200,1,89.525,1
2026-07-22T21:35:18.560759+00:00,564876bd95de3475,2026-07-22T21:33:53.562614+00:00,36.582,4,2,api-gateway|customers-service,False,GET,/api/customer/owners/1,200,1,33.972,1
2026-07-22T21:35:18.560759+00:00,d2f4c292e71dc852,2026-07-22T21:33:53.398320+00:00,41.313,4,2,api-gateway|customers-service,False,GET,/api/customer/owners/1,200,1,38.676,1
2026-07-22T21:35:18.560759+00:00,4efe414d9c8210aa,2026-07-22T21:33:53.227524+00:00,71.102,4,2,api-gateway|vets-service,False,GET,/api/vet/vets,200,1,57.105,1
2026-07-22T21:35:18.560759+00:00,54bb2835ce3d08ab,2026-07-22T21:33:53.060946+00:00,34.378,3,2,visits-service|api-gateway,False,GET,/api/visit/owners/1/pets/1/visits,200,0,0.0,1
2026-07-22T21:35:18.560759+00:00,ca4e9a382002eea6,2026-07-22T21:33:52.894111+00:00,78.675,4,2,api-gateway|vets-service,False,GET,/api/vet/vets,200,1,66.501,1
2026-07-22T21:35:18.560759+00:00,0ed24d89d7f3526e,2026-07-22T21:33:52.731006+00:00,41.649,4,2,api-gateway|customers-service,False,GET,/api/customer/owners/1,200,1,38.449,1
2026-07-22T21:35:18.560759+00:00,c9618ace895bf335,2026-07-22T21:33:52.564643+00:00,41.061,4,2,api-gateway|customers-service,False,GET,/api/customer/owners/1,200,1,37.549,1
2026-07-22T21:35:18.560759+00:00,2e91dede7be81141,2026-07-22T21:33:52.397169+00:00,43.885,4,2,api-gateway|customers-service,False,GET,/api/customer/owners/1,200,1,40.642,1
2026-07-22T21:35:18.560759+00:00,db93eceed7ea45d2,2026-07-22T21:33:52.226885+00:00,94.413,4,2,api-gateway|customers-service,False,GET,/api/customer/owners,200,1,87.536,1
2026-07-22T21:35:18.560759+00:00,21a1e6d4cab1a344,2026-07-22T21:33:52.060328+00:00,33.523,4,2,api-gateway|customers-service,False,GET,/api/customer/owners/1,200,1,28.348,1
2026-07-22T21:35:18.560759+00:00,a7d0bf765d336aff,2026-07-22T21:33:51.895435+00:00,98.515,4,2,api-gateway|customers-service,False,GET,/api/customer/owners,200,1,95.189,1
2026-07-22T21:35:18.560759+00:00,35f035b6554e0b97,2026-07-22T21:33:51.730510+00:00,36.759,4,2,api-gateway|customers-service,False,GET,/api/customer/owners/1,200,1,34.784,1
2026-07-22T21:35:18.560759+00:00,30b7852612e2ca44,2026-07-22T21:33:51.560648+00:00,80.383,4,2,api-gateway|vets-service,False,GET,/api/vet/vets,200,1,67.354,1
2026-07-22T21:35:18.560759+00:00,9558a365a5fb0ce6,2026-07-22T21:33:51.490760+00:00,13.313,3,2,visits-service|api-gateway,False,GET,/api/visit/owners/1/pets/1/visits,200,0,0.0,1
2026-07-22T21:35:18.560759+00:00,a1850e9b77171a9d,2026-07-22T21:33:51.227497+00:00,24.983,3,2,visits-service|api-gateway,False,GET,/api/visit/owners/1/pets/1/visits,200,0,0.0,1
2026-07-22T21:35:18.560759+00:00,eed9fdf7fbfe27f2,2026-07-22T21:33:51.060118+00:00,48.956,4,2,api-gateway|customers-service,False,GET,/api/customer/owners/1,200,1,40.781,1
2026-07-22T21:35:18.560759+00:00,25998173d6944022,2026-07-22T21:33:50.894282+00:00,82.447,4,2,api-gateway|vets-service,False,GET,/api/vet/vets,200,1,67.918,1
2026-07-22T21:35:18.560759+00:00,b5a29519a7b1dcb0,2026-07-22T21:33:50.815470+00:00,15.787,3,2,visits-service|api-gateway,False,GET,/api/visit/owners/1/pets/1/visits,200,0,0.0,1
2026-07-22T21:35:18.560759+00:00,b2b4458f8dfb47dc,2026-07-22T21:33:50.560849+00:00,34.193,3,2,visits-service|api-gateway,False,GET,/api/visit/owners/1/pets/1/visits,200,0,0.0,1
2026-07-22T21:35:18.560759+00:00,62bf522faee6a135,2026-07-22T21:33:50.397607+00:00,41.429,4,2,api-gateway|customers-service,False,GET,/api/customer/owners/1,200,1,38.026,1
2026-07-22T21:35:18.560759+00:00,30852def86282cf2,2026-07-22T21:33:50.227207+00:00,74.917,4,2,api-gateway|vets-service,False,GET,/api/vet/vets,200,1,61.646,1
2026-07-22T21:35:18.560759+00:00,cc47faee69ad5e31,2026-07-22T21:33:50.060522+00:00,46.268,4,2,api-gateway|customers-service,False,GET,/api/customer/owners/1,200,1,35.161,1
2026-07-22T21:35:18.560759+00:00,d869b701179f1c97,2026-07-22T21:33:49.893410+00:00,110.678,4,2,api-gateway|customers-service,False,GET,/api/customer/owners,200,1,104.91,1
2026-07-22T21:35:18.560759+00:00,8538d2e50516fef4,2026-07-22T21:33:49.729624+00:00,36.271,4,2,api-gateway|customers-service,False,GET,/api/customer/owners/1,200,1,36.271,1
2026-07-22T21:35:18.560759+00:00,12f85c01c9630117,2026-07-22T21:33:49.564724+00:00,35.322,4,2,api-gateway|customers-service,False,GET,/api/customer/owners/1,200,1,35.322,1
2026-07-22T21:35:18.560759+00:00,d7832622fecc19fb,2026-07-22T21:33:49.396541+00:00,96.174,4,2,api-gateway|customers-service,False,GET,/api/customer/owners,200,1,93.163,1
2026-07-22T21:35:18.560759+00:00,94c9df7147511d4a,2026-07-22T21:33:49.229340+00:00,88.008,4,2,api-gateway|customers-service,False,GET,/api/customer/owners,200,1,85.374,1
2026-07-22T21:35:18.560759+00:00,0d7af05627d19b99,2026-07-22T21:33:49.118178+00:00,12.338,3,2,visits-service|api-gateway,False,GET,/api/visit/owners/1/pets/1/visits,200,0,0.0,1
2026-07-22T21:35:18.560759+00:00,69d7a09399b9b1f8,2026-07-22T21:33:48.893989+00:00,113.087,4,2,api-gateway|customers-service,False,GET,/api/customer/owners,200,1,106.023,1
2026-07-22T21:35:18.560759+00:00,69c07e4c8501eb90,2026-07-22T21:33:48.779603+00:00,70.123,4,2,api-gateway|vets-service,False,GET,/api/vet/vets,200,1,67.738,1
2026-07-22T21:35:18.560759+00:00,73f78cc303b31448,2026-07-22T21:33:48.564586+00:00,106.844,4,2,api-gateway|customers-service,False,GET,/api/customer/owners,200,1,104.173,1
2026-07-22T21:35:18.560759+00:00,ecb8040c878e8320,2026-07-22T21:33:48.394322+00:00,28.024,3,2,visits-service|api-gateway,False,GET,/api/visit/owners/1/pets/1/visits,200,0,0.0,1
2026-07-22T21:35:18.560759+00:00,2ab355036316a1d8,2026-07-22T21:33:48.227499+00:00,74.967,4,2,api-gateway|vets-service,False,GET,/api/vet/vets,200,1,60.762,1
2026-07-22T21:35:18.560759+00:00,1a5035bf0b4a51a4,2026-07-22T21:33:48.103681+00:00,13.759,3,2,visits-service|api-gateway,False,GET,/api/visit/owners/1/pets/1/visits,200,0,0.0,1
2026-07-22T21:35:18.560759+00:00,6c39f1ddf2960b95,2026-07-22T21:33:47.894384+00:00,65.299,4,2,api-gateway|vets-service,False,GET,/api/vet/vets,200,1,50.789,1
2026-07-22T21:35:18.560759+00:00,01253dc10af5d70f,2026-07-22T21:33:47.763239+00:00,60.83,4,2,api-gateway|vets-service,False,GET,/api/vet/vets,200,1,58.74,1
2026-07-22T21:35:18.560759+00:00,3fea94f635ed8f16,2026-07-22T21:33:47.560347+00:00,79.157,4,2,api-gateway|vets-service,False,GET,/api/vet/vets,200,1,64.9,1
2026-07-22T21:35:18.560759+00:00,451ed27d817b9ae5,2026-07-22T21:33:47.394342+00:00,80.018,4,2,api-gateway|vets-service,False,GET,/api/vet/vets,200,1,66.22,1
2026-07-22T21:35:18.560759+00:00,b275124dde59d222,2026-07-22T21:33:47.231768+00:00,44.823,4,2,api-gateway|customers-service,False,GET,/api/customer/owners/1,200,1,41.336,1
2026-07-22T21:35:18.560759+00:00,74e10400f8930cba,2026-07-22T21:33:47.061049+00:00,47.607,4,2,api-gateway|customers-service,False,GET,/api/customer/owners/1,200,1,39.755,1
2026-07-22T21:35:18.560759+00:00,4d1988fa7428b299,2026-07-22T21:33:46.279430+00:00,21.754,3,2,visits-service|api-gateway,False,GET,/api/visit/owners/1/pets/1/visits,200,0,0.0,1
2026-07-22T21:35:18.560759+00:00,65ee6be6510577e2,2026-07-22T21:33:46.746266+00:00,65.424,4,2,api-gateway|vets-service,False,GET,/api/vet/vets,200,1,62.917,1
2026-07-22T21:35:18.560759+00:00,52c1e27a1698f081,2026-07-22T21:33:45.947281+00:00,82.392,4,2,api-gateway|vets-service,False,GET,/api/vet/vets,200,1,69.024,1
2026-07-22T21:35:18.560759+00:00,4be2c40cf722b38b,2026-07-22T21:33:46.238941+00:00,12.398,3,2,visits-service|api-gateway,False,GET,/api/visit/owners/1/pets/1/visits,200,0,0.0,1
2026-07-22T21:35:18.560759+00:00,eccec26dce1b8958,2026-07-22T21:33:45.280115+00:00,23.312,3,2,visits-service|api-gateway,False,GET,/api/visit/owners/1/pets/1/visits,200,0,0.0,1
2026-07-22T21:35:18.560759+00:00,2e32cdc5f1a4ab82,2026-07-22T21:33:45.783764+00:00,114.513,4,2,api-gateway|customers-service,False,GET,/api/customer/owners,200,1,111.487,1
2026-07-22T21:35:18.560759+00:00,d68e96b10e7b8d9b,2026-07-22T21:33:45.446903+00:00,117.328,4,2,api-gateway|customers-service,False,GET,/api/customer/owners/1,200,1,108.37,1
2026-07-22T21:35:18.560759+00:00,49bfe2eb552dc8b7,2026-07-22T21:33:45.114428+00:00,32.675,4,2,api-gateway|customers-service,False,GET,/api/customer/owners/1,200,1,30.062,1
2026-07-22T21:35:18.560759+00:00,50ce8e2e7b307c7f,2026-07-22T21:33:44.949399+00:00,82.027,4,2,api-gateway|customers-service,False,GET,/api/customer/owners,200,1,79.765,1
2026-07-22T21:35:18.560759+00:00,062aa97575a5f56d,2026-07-22T21:33:44.783745+00:00,86.082,4,2,api-gateway|customers-service,False,GET,/api/customer/owners,200,1,82.881,1
2026-07-22T21:35:18.560759+00:00,766ae06d6434abef,2026-07-22T21:33:44.711973+00:00,11.419,3,2,visits-service|api-gateway,False,GET,/api/visit/owners/1/pets/1/visits,200,0,0.0,1
2026-07-22T21:35:18.560759+00:00,6141450ffedebaf9,2026-07-22T21:33:44.613913+00:00,46.109,4,2,api-gateway|customers-service,False,GET,/api/customer/owners/1,200,1,38.46,1
2026-07-22T21:35:18.560759+00:00,3c5cee41071ba5af,2026-07-22T21:33:44.446007+00:00,29.013,4,2,api-gateway|customers-service,False,GET,/api/customer/owners/1,200,1,23.861,1
2026-07-22T21:35:18.560759+00:00,b73cea898192393c,2026-07-22T21:33:44.279327+00:00,111.684,4,2,api-gateway|customers-service,False,GET,/api/customer/owners,200,1,103.329,1
2026-07-22T21:35:18.560759+00:00,77565f618a8ad4a6,2026-07-22T21:33:43.446511+00:00,74.7,4,2,api-gateway|vets-service,False,GET,/api/vet/vets,200,1,60.047,1
2026-07-22T21:35:18.560759+00:00,4cf1b8a0dedcdf98,2026-07-22T21:33:43.948481+00:00,81.23,4,2,api-gateway|customers-service,False,GET,/api/customer/owners,200,1,79.124,1
2026-07-22T21:35:18.560759+00:00,7cb5ff420f6c34f5,2026-07-22T21:33:43.783876+00:00,41.569,4,2,api-gateway|customers-service,False,GET,/api/customer/owners/1,200,1,38.884,1
2026-07-22T21:35:18.560759+00:00,cf8ae2e168302764,2026-07-22T21:33:43.701140+00:00,65.361,4,2,api-gateway|vets-service,False,GET,/api/vet/vets,200,1,63.126,1
2026-07-22T21:35:18.560759+00:00,257a012ac2e6b648,2026-07-22T21:33:43.615574+00:00,38.43,4,2,api-gateway|customers-service,False,GET,/api/customer/owners/1,200,1,35.798,1
2026-07-22T21:35:18.560759+00:00,3cf47fdbe72cb454,2026-07-22T21:33:42.946408+00:00,28.716,3,2,visits-service|api-gateway,False,GET,/api/visit/owners/1/pets/1/visits,200,0,0.0,1
2026-07-22T21:35:18.560759+00:00,a7ad8988312b0837,2026-07-22T21:33:42.779520+00:00,86.001,4,2,api-gateway|vets-service,False,GET,/api/vet/vets,200,1,68.294,1
2026-07-22T21:35:18.560759+00:00,043822bff89f4875,2026-07-22T21:33:43.279662+00:00,49.425,4,2,api-gateway|customers-service,False,GET,/api/customer/owners/1,200,1,41.031,1
2026-07-22T21:35:18.560759+00:00,a3981c719f49dddf,2026-07-22T21:33:42.698018+00:00,14.763,3,2,visits-service|api-gateway,False,GET,/api/visit/owners/1/pets/1/visits,200,0,0.0,1
2026-07-22T21:35:18.560759+00:00,e3af47759c5b6d8b,2026-07-22T21:33:42.612942+00:00,41.272,4,2,api-gateway|customers-service,False,GET,/api/customer/owners/1,200,1,33.694,1
2026-07-22T21:35:18.560759+00:00,a4c133b9ed477885,2026-07-22T21:33:41.946842+00:00,24.771,3,2,visits-service|api-gateway,False,GET,/api/visit/owners/1/pets/1/visits,200,0,0.0,1
2026-07-22T21:35:18.560759+00:00,1247568462ef60a3,2026-07-22T21:33:42.446469+00:00,114.122,4,2,api-gateway|customers-service,False,GET,/api/customer/owners,200,1,104.793,1
2026-07-22T21:35:18.560759+00:00,ddfabdb049f4da52,2026-07-22T21:33:42.282692+00:00,106.548,4,2,api-gateway|customers-service,False,GET,/api/customer/owners,200,1,100.781,1
2026-07-22T21:35:18.560759+00:00,2b56280d19b3117e,2026-07-22T21:33:41.783936+00:00,83.859,4,2,api-gateway|customers-service,False,GET,/api/customer/owners,200,1,81.499,1
2026-07-22T21:35:18.560759+00:00,d17c9f9643a631bc,2026-07-22T21:33:41.673346+00:00,68.561,4,2,api-gateway|vets-service,False,GET,/api/vet/vets,200,1,66.396,1
2026-07-22T21:35:18.560759+00:00,68b9d6ea0b17dd34,2026-07-22T21:33:41.616098+00:00,34.029,4,2,api-gateway|customers-service,False,GET,/api/customer/owners/1,200,1,31.939,1
2026-07-22T21:35:18.560759+00:00,d9fe61326ac02712,2026-07-22T21:33:41.506751+00:00,12.787,3,2,visits-service|api-gateway,False,GET,/api/visit/owners/1/pets/1/visits,200,0,0.0,1
2026-07-22T21:35:18.560759+00:00,3cb14d2390dc53b8,2026-07-22T21:33:41.446756+00:00,35.324,4,2,api-gateway|customers-service,False,GET,/api/customer/owners/1,200,1,30.568,1
2026-07-22T21:35:18.560759+00:00,e65d980cd18c64c2,2026-07-22T21:33:40.779485+00:00,73.624,4,2,api-gateway|vets-service,False,GET,/api/vet/vets,200,1,61.664,1
2026-07-22T21:35:18.560759+00:00,571efcbd0966d078,2026-07-22T21:33:41.279779+00:00,39.619,4,2,api-gateway|customers-service,False,GET,/api/customer/owners/1,200,1,34.411,1
2026-07-22T21:35:18.560759+00:00,43802b8f2990e837,2026-07-22T21:33:40.279725+00:00,65.589,4,2,api-gateway|vets-service,False,GET,/api/vet/vets,200,1,53.374,1
2026-07-22T21:35:18.560759+00:00,e08857c6f7c521db,2026-07-22T21:33:40.651179+00:00,14.17,3,2,visits-service|api-gateway,False,GET,/api/visit/owners/1/pets/1/visits,200,0,0.0,1
2026-07-22T21:35:18.560759+00:00,f6c5b56b703bc249,2026-07-22T21:33:40.616136+00:00,89.074,4,2,api-gateway|customers-service,False,GET,/api/customer/owners,200,1,86.481,1
2026-07-22T21:35:18.560759+00:00,e3dd54fec9b6573b,2026-07-22T21:33:40.480546+00:00,15.804,3,2,visits-service|api-gateway,False,GET,/api/visit/owners/1/pets/1/visits,200,0,0.0,1
2026-07-22T21:35:18.560759+00:00,95cf45135b578e91,2026-07-22T21:33:40.446897+00:00,101.493,4,2,api-gateway|customers-service,False,GET,/api/customer/owners,200,1,94.178,1
2026-07-22T21:35:18.560759+00:00,76dce43597ad26d5,2026-07-22T21:33:39.613490+00:00,26.249,3,2,visits-service|api-gateway,False,GET,/api/visit/owners/1/pets/1/visits,200,0,0.0,1
2026-07-22T21:35:18.560759+00:00,1d8b370618e1dd48,2026-07-22T21:33:39.448478+00:00,22.196,3,2,visits-service|api-gateway,False,GET,/api/visit/owners/1/pets/1/visits,200,0,0.0,1
2026-07-22T21:35:18.560759+00:00,59ed0d09959bea32,2026-07-22T21:33:39.784498+00:00,105.898,4,2,api-gateway|customers-service,False,GET,/api/customer/owners,200,1,102.847,1
2026-07-22T21:35:18.560759+00:00,338a9d7d530d7251,2026-07-22T21:33:39.113609+00:00,23.454,3,2,visits-service|api-gateway,False,GET,/api/visit/owners/1/pets/1/visits,200,0,0.0,1
2026-07-22T21:35:18.560759+00:00,c7c3c5f72ed174b1,2026-07-22T21:33:38.947089+00:00,76.293,4,2,api-gateway|vets-service,False,GET,/api/vet/vets,200,1,64.178,1
2026-07-22T21:35:18.560759+00:00,43e4abf449b057b6,2026-07-22T21:33:39.285531+00:00,11.005,3,2,visits-service|api-gateway,False,GET,/api/visit/owners/1/pets/1/visits,200,0,0.0,1
2026-07-22T21:35:18.560759+00:00,10db010ac1d99b92,2026-07-22T21:33:39.279991+00:00,95.885,4,2,api-gateway|customers-service,False,GET,/api/customer/owners,200,1,90.941,1
2026-07-22T21:35:18.560759+00:00,88de3c569aae0599,2026-07-22T21:33:38.612916+00:00,25.776,3,2,visits-service|api-gateway,False,GET,/api/visit/owners/1/pets/1/visits,200,0,0.0,1
2026-07-22T21:35:18.560759+00:00,4146ecab20200df1,2026-07-22T21:33:38.446172+00:00,85.494,4,2,api-gateway|customers-service,False,GET,/api/customer/owners,200,1,79.999,1
2026-07-22T21:35:18.560759+00:00,12b097b1ea10b379,2026-07-22T21:33:38.279635+00:00,49.566,4,2,api-gateway|customers-service,False,GET,/api/customer/owners/1,200,1,40.803,1
2026-07-22T21:35:18.560759+00:00,fbad29a65099eb34,2026-07-22T21:33:38.117425+00:00,37.595,4,2,api-gateway|customers-service,False,GET,/api/customer/owners/1,200,1,34.736,1
2026-07-22T21:35:18.560759+00:00,69deca11dd19c52b,2026-07-22T21:33:37.949477+00:00,80.183,4,2,api-gateway|customers-service,False,GET,/api/customer/owners,200,1,78.282,1
2026-07-22T21:35:18.560759+00:00,83ac04042ebce73d,2026-07-22T21:33:37.446361+00:00,71.065,4,2,api-gateway|vets-service,False,GET,/api/vet/vets,200,1,57.575,1
2026-07-22T21:35:18.560759+00:00,7ecddfeb96651ae0,2026-07-22T21:33:37.782266+00:00,84.849,4,2,api-gateway|customers-service,False,GET,/api/customer/owners,200,1,82.892,1
2026-07-22T21:35:18.560759+00:00,44e403d76ce8e208,2026-07-22T21:33:37.280277+00:00,28.356,3,2,visits-service|api-gateway,False,GET,/api/visit/owners/1/pets/1/visits,200,0,0.0,1
2026-07-22T21:35:18.560759+00:00,86fc38e9494b0bd1,2026-07-22T21:33:37.617604+00:00,92.901,4,2,api-gateway|customers-service,False,GET,/api/customer/owners,200,1,90.368,1
2026-07-22T21:35:18.560759+00:00,65f617a56758dd76,2026-07-22T21:33:37.115480+00:00,32.543,4,2,api-gateway|customers-service,False,GET,/api/customer/owners/1,200,1,29.919,1
2026-07-22T21:35:18.560759+00:00,e3186dec6f4ca685,2026-07-22T21:33:36.950602+00:00,94.401,4,2,api-gateway|customers-service,False,GET,/api/customer/owners,200,1,91.689,1
2026-07-22T21:35:18.560759+00:00,9880dd947e9d076e,2026-07-22T21:33:36.446374+00:00,23.111,3,2,visits-service|api-gateway,False,GET,/api/visit/owners/1/pets/1/visits,200,0,0.0,1
2026-07-22T21:35:18.560759+00:00,c96fdb6a24a9cb3f,2026-07-22T21:33:36.784322+00:00,107.659,4,2,api-gateway|customers-service,False,GET,/api/customer/owners,200,1,104.409,1
2026-07-22T21:35:18.560759+00:00,4bf9418300b37884,2026-07-22T21:33:36.280257+00:00,22.651,3,2,visits-service|api-gateway,False,GET,/api/visit/owners/1/pets/1/visits,200,0,0.0,1
2026-07-22T21:35:18.560759+00:00,4c1bc45bc15ff634,2026-07-22T21:33:36.613632+00:00,43.832,4,2,api-gateway|customers-service,False,GET,/api/customer/owners/1,200,1,36.774,1
2026-07-22T21:35:18.560759+00:00,308968387a99da32,2026-07-22T21:33:36.557746+00:00,59.658,4,2,api-gateway|vets-service,False,GET,/api/vet/vets,200,1,57.323,1
2026-07-22T21:35:18.560759+00:00,39a1dc6d38e4f05f,2026-07-22T21:33:35.947077+00:00,24.844,3,2,visits-service|api-gateway,False,GET,/api/visit/owners/1/pets/1/visits,200,0,0.0,1
2026-07-22T21:35:18.560759+00:00,562e575293b922c9,2026-07-22T21:33:35.613585+00:00,76.557,4,2,api-gateway|vets-service,False,GET,/api/vet/vets,200,1,62.72,1
2026-07-22T21:35:18.560759+00:00,380cb47e2cf96549,2026-07-22T21:33:35.446930+00:00,25.13,3,2,visits-service|api-gateway,False,GET,/api/visit/owners/1/pets/1/visits,200,0,0.0,1
2026-07-22T21:35:18.560759+00:00,69460e89333c1af1,2026-07-22T21:33:35.784381+00:00,44.536,4,2,api-gateway|customers-service,False,GET,/api/customer/owners/1,200,1,41.17,1
2026-07-22T21:35:18.560759+00:00,9a7c460ec177f109,2026-07-22T21:33:35.539169+00:00,63.758,4,2,api-gateway|vets-service,False,GET,/api/vet/vets,200,1,61.405,1
2026-07-22T21:35:18.560759+00:00,e5726ab6a14ca556,2026-07-22T21:33:34.945823+00:00,81.522,4,2,api-gateway|vets-service,False,GET,/api/vet/vets,200,1,67.631,1
2026-07-22T21:35:18.560759+00:00,9bffbfab4d539647,2026-07-22T21:33:35.279624+00:00,100.597,4,2,api-gateway|customers-service,False,GET,/api/customer/owners,200,1,95.555,1
2026-07-22T21:35:18.560759+00:00,86e4381acffaa5b4,2026-07-22T21:33:34.781001+00:00,25.1,3,2,visits-service|api-gateway,False,GET,/api/visit/owners/1/pets/1/visits,200,0,0.0,1
2026-07-22T21:35:18.560759+00:00,427b0fecd37714ae,2026-07-22T21:33:35.035597+00:00,15.573,3,2,visits-service|api-gateway,False,GET,/api/visit/owners/1/pets/1/visits,200,0,0.0,1
2026-07-22T21:35:18.560759+00:00,92e23343fe74f62d,2026-07-22T21:33:34.447193+00:00,40.25,4,2,api-gateway|customers-service,False,GET,/api/customer/owners/1,200,1,32.085,1
2026-07-22T21:35:18.560759+00:00,6e4d2d0eae802be9,2026-07-22T21:33:33.946462+00:00,77.801,4,2,api-gateway|vets-service,False,GET,/api/vet/vets,200,1,63.129,1
2026-07-22T21:35:18.560759+00:00,b67b59a5ecbd5d74,2026-07-22T21:33:34.279403+00:00,48.857,4,2,api-gateway|customers-service,False,GET,/api/customer/owners/1,200,1,40.579,1
2026-07-22T21:35:18.560759+00:00,0dfb3e2de4a9cf4f,2026-07-22T21:33:34.117105+00:00,47.067,4,2,api-gateway|customers-service,False,GET,/api/customer/owners/1,200,1,43.42,1
2026-07-22T21:35:18.560759+00:00,0016b2f4e8d80b42,2026-07-22T21:33:33.446559+00:00,27.047,3,2,visits-service|api-gateway,False,GET,/api/visit/owners/1/pets/1/visits,200,0,0.0,1
2026-07-22T21:35:18.560759+00:00,426afdd4cb87ab85,2026-07-22T21:33:33.782486+00:00,84.419,4,2,api-gateway|customers-service,False,GET,/api/customer/owners,200,1,82.451,1
2026-07-22T21:35:18.560759+00:00,921fe9a0d16dea63,2026-07-22T21:33:33.613335+00:00,93.831,4,2,api-gateway|customers-service,False,GET,/api/customer/owners,200,1,88.01,1
2026-07-22T21:35:18.560759+00:00,6d1e3c378f7f54e9,2026-07-22T21:33:33.503058+00:00,14.19,3,2,visits-service|api-gateway,False,GET,/api/visit/owners/1/pets/1/visits,200,0,0.0,1
2026-07-22T21:35:18.560759+00:00,712252231fff73c1,2026-07-22T21:33:32.946977+00:00,78.198,4,2,api-gateway|vets-service,False,GET,/api/vet/vets,200,1,66.808,1
2026-07-22T21:35:18.560759+00:00,37551ba40ca3bb6a,2026-07-22T21:33:33.279990+00:00,117.109,4,2,api-gateway|customers-service,False,GET,/api/customer/owners,200,1,109.083,1
2026-07-22T21:35:18.560759+00:00,902133dc36816979,2026-07-22T21:33:32.784239+00:00,96.809,4,2,api-gateway|customers-service,False,GET,/api/customer/owners,200,1,94.266,1
2026-07-22T21:35:18.560759+00:00,dd755a7205b2ec25,2026-07-22T21:33:32.613055+00:00,32.915,4,2,api-gateway|customers-service,False,GET,/api/customer/owners/1,200,1,27.425,1
2026-07-22T21:35:18.560759+00:00,edb82fcbf7ef09e9,2026-07-22T21:33:32.478560+00:00,67.546,4,2,api-gateway|vets-service,False,GET,/api/vet/vets,200,1,65.759,1
2026-07-22T21:35:18.560759+00:00,a56233571f7913a1,2026-07-22T21:33:32.450586+00:00,103.379,4,2,api-gateway|customers-service,False,GET,/api/customer/owners,200,1,99.991,1
2026-07-22T21:35:18.560759+00:00,d6501fa2280b3a09,2026-07-22T21:33:32.280338+00:00,119.773,4,2,api-gateway|customers-service,False,GET,/api/customer/owners,200,1,111.429,1
2026-07-22T21:35:18.560759+00:00,99efbdb34b43544d,2026-07-22T21:33:32.141686+00:00,8.013,3,2,visits-service|api-gateway,False,GET,/api/visit/owners/1/pets/1/visits,200,0,0.0,1
2026-07-22T21:35:18.560759+00:00,24be592a971a4c19,2026-07-22T21:33:31.970245+00:00,11.84,3,2,visits-service|api-gateway,False,GET,/api/visit/owners/1/pets/1/visits,200,0,0.0,1
2026-07-22T21:35:18.560759+00:00,69d481998356e2b8,2026-07-22T21:33:31.949536+00:00,86.141,4,2,api-gateway|customers-service,False,GET,/api/customer/owners,200,1,84.126,1
2026-07-22T21:35:18.560759+00:00,8c81ef7f3178aa29,2026-07-22T21:33:31.802710+00:00,12.633,3,2,visits-service|api-gateway,False,GET,/api/visit/owners/1/pets/1/visits,200,0,0.0,1
2026-07-22T21:35:18.560759+00:00,01664f8e55914a8e,2026-07-22T21:33:31.459941+00:00,16.406,3,2,visits-service|api-gateway,False,GET,/api/visit/owners/1/pets/1/visits,200,0,0.0,1
2026-07-22T21:35:18.560759+00:00,515360476da238f2,2026-07-22T21:33:31.290093+00:00,70.02,4,2,api-gateway|vets-service,False,GET,/api/vet/vets,200,1,67.673,1
2026-07-22T21:35:18.560759+00:00,6c3fc6a321076be7,2026-07-22T21:33:31.280234+00:00,57.821,4,2,api-gateway|customers-service,False,GET,/api/customer/owners/1,200,1,49.74,1
2026-07-22T21:35:18.560759+00:00,0cfce67c83ff5ae1,2026-07-22T21:33:31.120723+00:00,13.35,3,2,visits-service|api-gateway,False,GET,/api/visit/owners/1/pets/1/visits,200,0,0.0,1
2026-07-22T21:35:18.560759+00:00,9d802e6446f37128,2026-07-22T21:33:30.775926+00:00,66.375,4,2,api-gateway|vets-service,False,GET,/api/vet/vets,200,1,64.17,1
2026-07-22T21:35:18.560759+00:00,5211db7cc9f4b3f3,2026-07-22T21:33:30.616382+00:00,39.927,4,2,api-gateway|customers-service,False,GET,/api/customer/owners/1,200,1,34.586,1
2026-07-22T21:35:18.560759+00:00,0ce2adb98a8ae37e,2026-07-22T21:33:30.113190+00:00,80.359,4,2,api-gateway|vets-service,False,GET,/api/vet/vets,200,1,67.844,1
2026-07-22T21:35:18.560759+00:00,594b4e1274854265,2026-07-22T21:33:30.279394+00:00,93.659,4,2,api-gateway|customers-service,False,GET,/api/customer/owners,200,1,88.585,1
2026-07-22T21:35:18.560759+00:00,36540dfc70d400bd,2026-07-22T21:33:30.100137+00:00,8.692,3,2,visits-service|api-gateway,False,GET,/api/visit/owners/1/pets/1/visits,200,0,0.0,1
2026-07-22T21:35:18.560759+00:00,0da9861485e4cde5,2026-07-22T21:33:29.952291+00:00,105.076,4,2,api-gateway|customers-service,False,GET,/api/customer/owners,200,1,102.281,1
2026-07-22T21:35:18.560759+00:00,f1e6bbc8a95e24a2,2026-07-22T21:33:29.928101+00:00,14.716,3,2,visits-service|api-gateway,False,GET,/api/visit/owners/1/pets/1/visits,200,0,0.0,1
2026-07-22T21:35:18.560759+00:00,11b4244b96638170,2026-07-22T21:33:29.445882+00:00,23.122,3,2,visits-service|api-gateway,False,GET,/api/visit/owners/1/pets/1/visits,200,0,0.0,1
2026-07-22T21:35:18.560759+00:00,00cefb21c0acb414,2026-07-22T21:33:29.588984+00:00,61.246,4,2,api-gateway|vets-service,False,GET,/api/vet/vets,200,1,58.927,1
2026-07-22T21:35:18.560759+00:00,d174a5a25221687c,2026-07-22T21:33:29.117528+00:00,43.569,4,2,api-gateway|customers-service,False,GET,/api/customer/owners/1,200,1,40.905,1
2026-07-22T21:35:18.560759+00:00,c3804864036eb20d,2026-07-22T21:33:29.076101+00:00,66.57,4,2,api-gateway|vets-service,False,GET,/api/vet/vets,200,1,64.279,1
2026-07-22T21:35:18.560759+00:00,8aeb28b0ac9a36e8,2026-07-22T21:33:28.950205+00:00,31.344,4,2,api-gateway|customers-service,False,GET,/api/customer/owners/1,200,1,29.053,1
2026-07-22T21:35:18.560759+00:00,37125686c024bb24,2026-07-22T21:33:28.906458+00:00,69.223,4,2,api-gateway|vets-service,False,GET,/api/vet/vets,200,1,66.807,1
2026-07-22T21:35:18.560759+00:00,a896d163fca57e49,2026-07-22T21:33:28.448595+00:00,36.845,4,2,api-gateway|customers-service,False,GET,/api/customer/owners/1,200,1,33.36,1
2026-07-22T21:35:18.560759+00:00,e6630a400a3d5052,2026-07-22T21:33:28.279757+00:00,32.347,4,2,api-gateway|customers-service,False,GET,/api/customer/owners/1,200,1,26.983,1
2026-07-22T21:35:18.560759+00:00,2e07a682282c4fd6,2026-07-22T21:33:28.223691+00:00,66.425,4,2,api-gateway|vets-service,False,GET,/api/vet/vets,200,1,64.071,1
2026-07-22T21:35:18.560759+00:00,6f5688669eb5751a,2026-07-22T21:33:28.117803+00:00,47.237,4,2,api-gateway|customers-service,False,GET,/api/customer/owners/1,200,1,43.664,1
2026-07-22T21:35:18.560759+00:00,eeb34024e54bcb6c,2026-07-22T21:33:28.056160+00:00,12.235,3,2,visits-service|api-gateway,False,GET,/api/visit/owners/1/pets/1/visits,200,0,0.0,1
2026-07-22T21:35:18.560759+00:00,2dad196c4fbadbe3,2026-07-22T21:33:27.613554+00:00,25.275,3,2,visits-service|api-gateway,False,GET,/api/visit/owners/1/pets/1/visits,200,0,0.0,1
2026-07-22T21:35:18.560759+00:00,ed126abaca949bd2,2026-07-22T21:33:27.544330+00:00,69.831,4,2,api-gateway|vets-service,False,GET,/api/vet/vets,200,1,67.344,1
2026-07-22T21:35:18.560759+00:00,b54be8b3a80bde28,2026-07-22T21:33:27.449951+00:00,90.33,4,2,api-gateway|customers-service,False,GET,/api/customer/owners,200,1,90.33,1
2026-07-22T21:35:18.560759+00:00,b1fb176a47c5bdc7,2026-07-22T21:33:27.117288+00:00,31.892,4,2,api-gateway|customers-service,False,GET,/api/customer/owners/1,200,1,29.558,1
2026-07-22T21:35:18.560759+00:00,c13db61502a6c1fe,2026-07-22T21:33:26.950817+00:00,88.096,4,2,api-gateway|customers-service,False,GET,/api/customer/owners,200,1,85.56,1
2026-07-22T21:35:18.560759+00:00,8933a2b362b28e32,2026-07-22T21:33:26.784534+00:00,43.52,4,2,api-gateway|customers-service,False,GET,/api/customer/owners/1,200,1,40.196,1
2026-07-22T21:35:18.560759+00:00,031f2adb6b0c218c,2026-07-22T21:33:26.714158+00:00,13.525,3,2,visits-service|api-gateway,False,GET,/api/visit/owners/1/pets/1/visits,200,0,0.0,1
2026-07-22T21:35:18.560759+00:00,81baaffee440cd52,2026-07-22T21:33:26.616822+00:00,114.112,4,2,api-gateway|customers-service,False,GET,/api/customer/owners,200,1,110.787,1
2026-07-22T21:35:18.560759+00:00,f0318d458a40a3f3,2026-07-22T21:33:26.545363+00:00,70.861,4,2,api-gateway|vets-service,False,GET,/api/vet/vets,200,1,68.737,1
2026-07-22T21:35:18.560759+00:00,244b1ba48b469534,2026-07-22T21:33:26.213193+00:00,12.109,3,2,visits-service|api-gateway,False,GET,/api/visit/owners/1/pets/1/visits,200,0,0.0,1
2026-07-22T21:35:18.560759+00:00,2298f93413840ff2,2026-07-22T21:33:26.113171+00:00,96.81,4,2,api-gateway|customers-service,False,GET,/api/customer/owners,200,1,89.333,1
2026-07-22T21:35:18.560759+00:00,b7cdbb82db729f2f,2026-07-22T21:33:25.791797+00:00,109.976,4,2,api-gateway|customers-service,False,GET,/api/customer/owners,200,1,106.87,1
2026-07-22T21:35:18.560759+00:00,42b397806deb1653,2026-07-22T21:33:25.705150+00:00,13.147,3,2,visits-service|api-gateway,False,GET,/api/visit/owners/1/pets/1/visits,200,0,0.0,1
2026-07-22T21:35:18.560759+00:00,0000cccf6d4d1061,2026-07-22T21:33:25.616646+00:00,95.236,4,2,api-gateway|customers-service,False,GET,/api/customer/owners,200,1,92.874,1
2026-07-22T21:35:18.560759+00:00,5bbeb37a7cc6b349,2026-07-22T21:33:25.280129+00:00,43.382,4,2,api-gateway|customers-service,False,GET,/api/customer/owners/1,200,1,35.853,1
2026-07-22T21:35:18.560759+00:00,173e5534e6455865,2026-07-22T21:33:25.192471+00:00,10.479,3,2,visits-service|api-gateway,False,GET,/api/visit/owners/1/pets/1/visits,200,0,0.0,1
2026-07-22T21:35:18.560759+00:00,0af55d2a5997b473,2026-07-22T21:33:25.117302+00:00,44.683,4,2,api-gateway|customers-service,False,GET,/api/customer/owners/1,200,1,41.445,1
2026-07-22T21:35:18.560759+00:00,19ec03627307f605,2026-07-22T21:33:25.019374+00:00,72.716,4,2,api-gateway|vets-service,False,GET,/api/vet/vets,200,1,70.479,1
2026-07-22T21:35:18.560759+00:00,239ed0c99bd28805,2026-07-22T21:33:24.848277+00:00,59.534,4,2,api-gateway|vets-service,False,GET,/api/vet/vets,200,1,57.268,1
2026-07-22T21:35:18.560759+00:00,c49d6d08c72f5677,2026-07-22T21:33:24.676557+00:00,12.796,3,2,visits-service|api-gateway,False,GET,/api/visit/owners/1/pets/1/visits,200,0,0.0,1
2026-07-22T21:35:18.560759+00:00,56783b5933eeb64f,2026-07-22T21:33:24.279593+00:00,92.351,4,2,api-gateway|customers-service,False,GET,/api/customer/owners,200,1,87.294,1
2026-07-22T21:35:18.560759+00:00,3ce6cc21bce5e7f9,2026-07-22T21:33:24.116775+00:00,37.453,4,2,api-gateway|customers-service,False,GET,/api/customer/owners/1,200,1,34.635,1
2026-07-22T21:35:18.560759+00:00,fe40337bead2363a,2026-07-22T21:33:23.989180+00:00,66.153,4,2,api-gateway|vets-service,False,GET,/api/vet/vets,200,1,63.783,1
2026-07-22T21:35:18.560759+00:00,8213ef49064a0cf3,2026-07-22T21:33:23.949139+00:00,32.15,4,2,api-gateway|customers-service,False,GET,/api/customer/owners/1,200,1,29.634,1
2026-07-22T21:35:18.560759+00:00,505109e4498ed7ca,2026-07-22T21:33:23.613104+00:00,23.004,3,2,visits-service|api-gateway,False,GET,/api/visit/owners/1/pets/1/visits,200,0,0.0,1
2026-07-22T21:35:18.560759+00:00,97cc63dc3a105cc3,2026-07-22T21:33:23.642431+00:00,69.475,4,2,api-gateway|vets-service,False,GET,/api/vet/vets,200,1,67.158,1
2026-07-22T21:35:18.560759+00:00,b01b97f9164fcdc2,2026-07-22T21:33:23.280751+00:00,37.87,4,2,api-gateway|customers-service,False,GET,/api/customer/owners/1,200,1,30.903,1
2026-07-22T21:35:18.560759+00:00,361d2cc276a04c85,2026-07-22T21:33:23.113865+00:00,50.268,4,2,api-gateway|customers-service,False,GET,/api/customer/owners/1,200,1,42.607,1
2026-07-22T21:35:18.560759+00:00,be060549b9127c20,2026-07-22T21:33:22.958436+00:00,16.242,3,2,visits-service|api-gateway,False,GET,/api/visit/owners/1/pets/1/visits,200,0,0.0,1
2026-07-22T21:35:18.560759+00:00,2bf21ae5f259f42f,2026-07-22T21:33:22.950585+00:00,109.426,4,2,api-gateway|customers-service,False,GET,/api/customer/owners,200,1,106.184,1
2026-07-22T21:35:18.560759+00:00,ab19953bd1e58f46,2026-07-22T21:33:22.784649+00:00,54.078,4,2,api-gateway|vets-service,False,GET,/api/vet/vets,200,1,51.996,1
2026-07-22T21:35:18.560759+00:00,0aa45d63b578ce62,2026-07-22T21:33:22.446962+00:00,44.958,4,2,api-gateway|customers-service,False,GET,/api/customer/owners/1,200,1,36.423,1
2026-07-22T21:35:18.560759+00:00,8650d0599c46f4b6,2026-07-22T21:33:22.283270+00:00,35.436,4,2,api-gateway|customers-service,False,GET,/api/customer/owners/1,200,1,31.005,1
2026-07-22T21:35:18.560759+00:00,06b0851400097ca8,2026-07-22T21:33:22.113388+00:00,78.293,4,2,api-gateway|vets-service,False,GET,/api/vet/vets,200,1,65.614,1
2026-07-22T21:35:18.560759+00:00,e63edd3b280cbf26,2026-07-22T21:33:21.949535+00:00,87.094,4,2,api-gateway|customers-service,False,GET,/api/customer/owners,200,1,85.211,1
2026-07-22T21:35:18.560759+00:00,0282c138c2d506c8,2026-07-22T21:33:21.781736+00:00,32.05,4,2,api-gateway|customers-service,False,GET,/api/customer/owners/1,200,1,29.383,1
2026-07-22T21:35:18.560759+00:00,3538168f14b18b0d,2026-07-22T21:33:21.617170+00:00,236.96,4,2,api-gateway|customers-service,False,GET,/api/customer/owners,200,1,234.548,1
2026-07-22T21:35:18.560759+00:00,a3ab5426f92d7d3f,2026-07-22T21:33:21.450969+00:00,365.189,4,2,api-gateway|customers-service,False,GET,/api/customer/owners,200,1,362.759,1
2026-07-22T21:35:18.560759+00:00,aed19207c369a233,2026-07-22T21:33:21.408952+00:00,285.595,4,2,api-gateway|vets-service,False,GET,/api/vet/vets,200,1,283.735,1
2026-07-22T21:35:18.560759+00:00,32c5962f542b5554,2026-07-22T21:33:21.238119+00:00,454.81,4,2,api-gateway|vets-service,False,GET,/api/vet/vets,200,1,452.709,1
2026-07-22T21:35:18.560759+00:00,bf59a831e1d754e4,2026-07-22T21:33:21.065299+00:00,134.252,3,2,visits-service|api-gateway,False,GET,/api/visit/owners/1/pets/1/visits,200,0,0.0,1
2026-07-22T21:35:18.560759+00:00,5c8bfb81ee9b9a52,2026-07-22T21:33:20.892664+00:00,73.428,3,2,visits-service|api-gateway,False,GET,/api/visit/owners/1/pets/1/visits,200,0,0.0,1
2026-07-22T21:35:18.560759+00:00,da3afa9a10fe94e8,2026-07-22T21:33:20.774098+00:00,196.989,3,2,visits-service|api-gateway,False,GET,/api/visit/owners/1/pets/1/visits,200,0,0.0,1
2026-07-22T21:35:18.560759+00:00,90895f5d5d032812,2026-07-22T21:33:20.446935+00:00,195.263,3,2,visits-service|api-gateway,False,GET,/api/visit/owners/1/pets/1/visits,200,0,0.0,1
2026-07-22T21:35:18.560759+00:00,0cc9b39bad53708c,2026-07-22T21:33:20.379581+00:00,358.379,4,2,api-gateway|vets-service,False,GET,/api/vet/vets,200,1,355.91,1
2026-07-22T21:35:18.560759+00:00,bcdbf36a170136af,2026-07-22T21:33:20.246834+00:00,253.869,4,2,api-gateway|vets-service,False,GET,/api/vet/vets,200,1,251.472,1
2026-07-22T21:35:18.560759+00:00,8337a288f78eb35d,2026-07-22T21:33:20.035587+00:00,7.155,3,2,visits-service|api-gateway,False,GET,/api/visit/owners/1/pets/1/visits,200,0,0.0,1
2026-07-22T21:35:18.560759+00:00,85b0cfdc6bcb6932,2026-07-22T21:33:19.780057+00:00,404.205,4,2,api-gateway|vets-service,False,GET,/api/vet/vets,200,1,401.414,1
2026-07-22T21:35:18.560759+00:00,2495c4a189b7fbca,2026-07-22T21:33:19.613127+00:00,105.332,3,2,visits-service|api-gateway,False,GET,/api/visit/owners/1/pets/1/visits,200,0,0.0,1
2026-07-22T21:35:18.560759+00:00,9f84d095d9be40ac,2026-07-22T21:33:19.451064+00:00,293.088,4,2,api-gateway|customers-service,False,GET,/api/customer/owners,200,1,289.428,1
2026-07-22T21:35:18.560759+00:00,5150968a1902108c,2026-07-22T21:33:19.348718+00:00,440.714,4,2,api-gateway|vets-service,False,GET,/api/vet/vets,200,1,438.399,1
2026-07-22T21:35:18.560759+00:00,99eb6873b89dc477,2026-07-22T21:33:19.113033+00:00,153.612,4,2,api-gateway|customers-service,False,GET,/api/customer/owners/1,200,1,147.616,1
2026-07-22T21:35:18.560759+00:00,b52ce7a85f467ed4,2026-07-22T21:35:18.238704+00:00,135.874,2,1,customers-service,False,,,200,1,134.161,0
2026-07-22T21:36:19.939817+00:00,26a4e40c19f13d81,2026-07-22T21:36:18.779593+00:00,76.179,4,2,api-gateway|vets-service,False,GET,/api/vet/vets,200,1,60.792,1
2026-07-22T21:36:19.939817+00:00,81911b5a3cb9502d,2026-07-22T21:36:19.281585+00:00,80.005,4,2,api-gateway|customers-service,False,GET,/api/customer/owners,200,1,78.334,1
2026-07-22T21:36:19.939817+00:00,f638a15419b9de87,2026-07-22T21:36:18.612227+00:00,80.666,4,2,api-gateway|vets-service,False,GET,/api/vet/vets,200,1,63.598,1
2026-07-22T21:36:19.939817+00:00,667e1815eec1ab9e,2026-07-22T21:36:19.114457+00:00,68.075,4,2,api-gateway|customers-service,False,GET,/api/customer/owners,200,1,68.075,1
2026-07-22T21:36:19.939817+00:00,98a6a63577e06621,2026-07-22T21:36:18.947924+00:00,48.176,4,2,api-gateway|vets-service,False,GET,/api/vet/vets,200,1,46.126,1
2026-07-22T21:36:19.939817+00:00,2ab75403fc9a10bf,2026-07-22T21:36:18.947411+00:00,86.11,4,2,api-gateway|customers-service,False,GET,/api/customer/owners,200,1,83.995,1
2026-07-22T21:36:19.939817+00:00,899bed43f445f83c,2026-07-22T21:36:18.614508+00:00,70.266,4,2,api-gateway|vets-service,False,GET,/api/vet/vets,200,1,68.271,1
2026-07-22T21:36:19.939817+00:00,9628710df9726929,2026-07-22T21:36:17.778869+00:00,76.837,4,2,api-gateway|vets-service,False,GET,/api/vet/vets,200,1,63.489,1
2026-07-22T21:36:19.939817+00:00,7edc7d4a0115e37d,2026-07-22T21:36:18.282785+00:00,86.12,4,2,api-gateway|customers-service,False,GET,/api/customer/owners,200,1,86.12,1
2026-07-22T21:36:19.939817+00:00,971a71598d46253b,2026-07-22T21:36:17.948692+00:00,87.519,4,2,api-gateway|customers-service,False,GET,/api/customer/owners,200,1,85.533,1
2026-07-22T21:36:19.939817+00:00,8935a27bab042536,2026-07-22T21:36:17.616991+00:00,98.834,4,2,api-gateway|customers-service,False,GET,/api/customer/owners,200,1,96.028,1
2026-07-22T21:36:19.939817+00:00,4a8c5d86fd49ec7e,2026-07-22T21:36:16.946537+00:00,21.289,3,2,visits-service|api-gateway,False,GET,/api/visit/owners/1/pets/1/visits,200,0,0.0,1
2026-07-22T21:36:19.939817+00:00,4bc73564f9067a55,2026-07-22T21:36:17.449655+00:00,37.393,4,2,api-gateway|customers-service,False,GET,/api/customer/owners/1,200,1,34.616,1
2026-07-22T21:36:19.939817+00:00,6dece0d20de0a081,2026-07-22T21:36:17.283930+00:00,39.772,4,2,api-gateway|customers-service,False,GET,/api/customer/owners/1,200,1,36.654,1
2026-07-22T21:36:19.939817+00:00,c2e7848b679134da,2026-07-22T21:36:16.779528+00:00,22.097,3,2,visits-service|api-gateway,False,GET,/api/visit/owners/1/pets/1/visits,200,0,0.0,1
2026-07-22T21:36:19.939817+00:00,a38a1962a809a1cf,2026-07-22T21:36:17.117345+00:00,47.052,4,2,api-gateway|customers-service,False,GET,/api/customer/owners/1,200,1,44.264,1
2026-07-22T21:36:19.939817+00:00,470a40d2770ebbc7,2026-07-22T21:36:16.612711+00:00,79.49,4,2,api-gateway|vets-service,False,GET,/api/vet/vets,200,1,63.496,1
2026-07-22T21:36:19.939817+00:00,d58fc35df28ea559,2026-07-22T21:36:16.278602+00:00,22.056,3,2,visits-service|api-gateway,False,GET,/api/visit/owners/1/pets/1/visits,200,0,0.0,1
2026-07-22T21:36:19.939817+00:00,e3ddd25321965af7,2026-07-22T21:36:16.450444+00:00,43.493,4,2,api-gateway|customers-service,False,GET,/api/customer/owners/1,200,1,39.89,1
2026-07-22T21:36:19.939817+00:00,8dcd8c8d6d737bb3,2026-07-22T21:36:15.946658+00:00,84.965,4,2,api-gateway|vets-service,False,GET,/api/vet/vets,200,1,70.174,1
2026-07-22T21:36:19.939817+00:00,63b1d8bc230a90d3,2026-07-22T21:36:15.779437+00:00,27.394,3,2,visits-service|api-gateway,False,GET,/api/visit/owners/1/pets/1/visits,200,0,0.0,1
2026-07-22T21:36:19.939817+00:00,01ca42174af044a7,2026-07-22T21:36:16.117870+00:00,37.518,4,2,api-gateway|customers-service,False,GET,/api/customer/owners/1,200,1,34.905,1
2026-07-22T21:36:19.939817+00:00,95dbe2b6ee767209,2026-07-22T21:36:15.617141+00:00,102.377,4,2,api-gateway|customers-service,False,GET,/api/customer/owners,200,1,99.256,1
2026-07-22T21:36:19.939817+00:00,5ea56a8697eecea5,2026-07-22T21:36:15.616132+00:00,65.312,4,2,api-gateway|vets-service,False,GET,/api/vet/vets,200,1,63.913,1
2026-07-22T21:36:19.939817+00:00,cbefb011ba9345a3,2026-07-22T21:36:14.946561+00:00,23.422,3,2,visits-service|api-gateway,False,GET,/api/visit/owners/1/pets/1/visits,200,0,0.0,1
2026-07-22T21:36:19.939817+00:00,3e1cad3e21e5991c,2026-07-22T21:36:15.450014+00:00,87.286,4,2,api-gateway|customers-service,False,GET,/api/customer/owners,200,1,85.117,1
2026-07-22T21:36:19.939817+00:00,77aa0c80a41e5e2d,2026-07-22T21:36:15.284149+00:00,101.491,4,2,api-gateway|customers-service,False,GET,/api/customer/owners,200,1,99.087,1
2026-07-22T21:36:19.939817+00:00,5b110c0d2ad073e3,2026-07-22T21:36:14.779196+00:00,21.367,3,2,visits-service|api-gateway,False,GET,/api/visit/owners/1/pets/1/visits,200,0,0.0,1
2026-07-22T21:36:19.939817+00:00,189cea4788fb6d94,2026-07-22T21:36:14.612919+00:00,24.843,3,2,visits-service|api-gateway,False,GET,/api/visit/owners/1/pets/1/visits,200,0,0.0,1
2026-07-22T21:36:19.939817+00:00,1d54627b8791b3d1,2026-07-22T21:36:14.781066+00:00,65.061,4,2,api-gateway|vets-service,False,GET,/api/vet/vets,200,1,63.108,1
2026-07-22T21:36:19.939817+00:00,3f6bcc02644e3297,2026-07-22T21:36:14.450037+00:00,34.917,4,2,api-gateway|customers-service,False,GET,/api/customer/owners/1,200,1,33.202,1
2026-07-22T21:36:19.939817+00:00,99c2e60bf373bd10,2026-07-22T21:36:13.945970+00:00,25.006,3,2,visits-service|api-gateway,False,GET,/api/visit/owners/1/pets/1/visits,200,0,0.0,1
2026-07-22T21:36:19.939817+00:00,a8cba142f30d790a,2026-07-22T21:36:14.115508+00:00,83.001,4,2,api-gateway|customers-service,False,GET,/api/customer/owners,200,1,81.12,1
2026-07-22T21:36:19.939817+00:00,64d13feb57a88a3f,2026-07-22T21:36:13.782299+00:00,29.536,4,2,api-gateway|customers-service,False,GET,/api/customer/owners/1,200,1,27.419,1
2026-07-22T21:36:19.939817+00:00,9b7dfa07f6825b38,2026-07-22T21:36:13.615662+00:00,87.555,4,2,api-gateway|customers-service,False,GET,/api/customer/owners,200,1,85.61,1
2026-07-22T21:36:19.939817+00:00,eab3e6b13a0b16d7,2026-07-22T21:36:13.582436+00:00,64.28,4,2,api-gateway|vets-service,False,GET,/api/vet/vets,200,1,62.511,1
2026-07-22T21:36:19.939817+00:00,83a2b43ef029cbf9,2026-07-22T21:36:13.448135+00:00,26.388,4,2,api-gateway|customers-service,False,GET,/api/customer/owners/1,200,1,24.547,1
2026-07-22T21:36:19.939817+00:00,99817bb429220a8e,2026-07-22T21:36:12.945860+00:00,20.278,3,2,visits-service|api-gateway,False,GET,/api/visit/owners/1/pets/1/visits,200,0,0.0,1
2026-07-22T21:36:19.939817+00:00,bf85a783f156d0ee,2026-07-22T21:36:13.281829+00:00,85.015,4,2,api-gateway|customers-service,False,GET,/api/customer/owners,200,1,82.971,1
2026-07-22T21:36:19.939817+00:00,e0b47507326a84ce,2026-07-22T21:36:12.778522+00:00,19.359,3,2,visits-service|api-gateway,False,GET,/api/visit/owners/1/pets/1/visits,200,0,0.0,1
2026-07-22T21:36:19.939817+00:00,95342d65556cbb05,2026-07-22T21:36:12.680618+00:00,52.376,4,2,api-gateway|vets-service,False,GET,/api/vet/vets,200,1,50.427,1
2026-07-22T21:36:19.939817+00:00,1a02d40fa560df16,2026-07-22T21:36:12.616490+00:00,42.296,4,2,api-gateway|customers-service,False,GET,/api/customer/owners/1,200,1,39.618,1
2026-07-22T21:36:19.939817+00:00,131570eec13c152c,2026-07-22T21:36:12.112049+00:00,24.461,3,2,visits-service|api-gateway,False,GET,/api/visit/owners/1/pets/1/visits,200,0,0.0,1
2026-07-22T21:36:19.939817+00:00,529ae540e7f6a3f5,2026-07-22T21:36:12.449514+00:00,34.522,4,2,api-gateway|customers-service,False,GET,/api/customer/owners/1,200,1,31.834,1
2026-07-22T21:36:19.939817+00:00,659cf9f20a7630fb,2026-07-22T21:36:11.949836+00:00,93.251,4,2,api-gateway|customers-service,False,GET,/api/customer/owners,200,1,90.741,1
2026-07-22T21:36:19.939817+00:00,8c7772f63f52c2f5,2026-07-22T21:36:11.781531+00:00,28.007,4,2,api-gateway|customers-service,False,GET,/api/customer/owners/1,200,1,26.376,1
2026-07-22T21:36:19.939817+00:00,9dfe5e4ae599ac1f,2026-07-22T21:36:11.615388+00:00,94.868,4,2,api-gateway|customers-service,False,GET,/api/customer/owners,200,1,92.292,1
2026-07-22T21:36:19.939817+00:00,626d91e7fda0f26b,2026-07-22T21:36:11.449153+00:00,34.963,4,2,api-gateway|customers-service,False,GET,/api/customer/owners/1,200,1,32.429,1
2026-07-22T21:36:19.939817+00:00,ce561edea3d01431,2026-07-22T21:36:11.283798+00:00,38.671,4,2,api-gateway|customers-service,False,GET,/api/customer/owners/1,200,1,35.402,1
2026-07-22T21:36:19.939817+00:00,b6d0a19c2a26b46c,2026-07-22T21:36:11.115246+00:00,28.976,4,2,api-gateway|customers-service,False,GET,/api/customer/owners/1,200,1,28.976,1
2026-07-22T21:36:19.939817+00:00,a2ba853021e7cba0,2026-07-22T21:36:10.949605+00:00,99.106,4,2,api-gateway|customers-service,False,GET,/api/customer/owners,200,1,96.3,1
2026-07-22T21:36:19.939817+00:00,c9b966155147619d,2026-07-22T21:36:10.783920+00:00,110.478,4,2,api-gateway|customers-service,False,GET,/api/customer/owners,200,1,107.491,1
2026-07-22T21:36:19.939817+00:00,3aa5dd1fb9de82e5,2026-07-22T21:36:10.615047+00:00,33.011,4,2,api-gateway|customers-service,False,GET,/api/customer/owners/1,200,1,31.207,1
2026-07-22T21:36:19.939817+00:00,174c75aeaacb0a71,2026-07-22T21:36:10.450244+00:00,101.175,4,2,api-gateway|customers-service,False,GET,/api/customer/owners,200,1,99.073,1
2026-07-22T21:36:19.939817+00:00,322d9be8bd0b8456,2026-07-22T21:36:10.112207+00:00,81.301,4,2,api-gateway|vets-service,False,GET,/api/vet/vets,200,1,66.865,1
2026-07-22T21:36:19.939817+00:00,6433e20238873afc,2026-07-22T21:36:10.281147+00:00,38.478,4,2,api-gateway|customers-service,False,GET,/api/customer/owners/1,200,1,36.338,1
2026-07-22T21:36:19.939817+00:00,7ac953f32e41fd90,2026-07-22T21:36:10.238715+00:00,8.519,3,2,visits-service|api-gateway,False,GET,/api/visit/owners/1/pets/1/visits,200,0,0.0,1
2026-07-22T21:36:19.939817+00:00,480e8c8881fe844c,2026-07-22T21:36:09.782155+00:00,100.783,4,2,api-gateway|customers-service,False,GET,/api/customer/owners,200,1,98.045,1
2026-07-22T21:36:19.939817+00:00,6f8762d29cee937d,2026-07-22T21:36:09.446599+00:00,26.435,3,2,visits-service|api-gateway,False,GET,/api/visit/owners/1/pets/1/visits,200,0,0.0,1
2026-07-22T21:36:19.939817+00:00,bed3944b4c9730ff,2026-07-22T21:36:09.614707+00:00,32.721,4,2,api-gateway|customers-service,False,GET,/api/customer/owners/1,200,1,30.618,1
2026-07-22T21:36:19.939817+00:00,8d1b97825e44583d,2026-07-22T21:36:09.282862+00:00,35.269,4,2,api-gateway|customers-service,False,GET,/api/customer/owners/1,200,1,32.342,1
2026-07-22T21:36:19.939817+00:00,a3f5d291a94c888a,2026-07-22T21:36:09.237571+00:00,7.948,3,2,visits-service|api-gateway,False,GET,/api/visit/owners/1/pets/1/visits,200,0,0.0,1
2026-07-22T21:36:19.939817+00:00,000f3b934bacda3a,2026-07-22T21:36:09.114684+00:00,80.913,4,2,api-gateway|customers-service,False,GET,/api/customer/owners,200,1,80.913,1
2026-07-22T21:36:19.939817+00:00,94e54ae152efc2aa,2026-07-22T21:36:08.783238+00:00,94.086,4,2,api-gateway|customers-service,False,GET,/api/customer/owners,200,1,91.637,1
2026-07-22T21:36:19.939817+00:00,57d1db7e35330739,2026-07-22T21:36:08.445688+00:00,25.257,3,2,visits-service|api-gateway,False,GET,/api/visit/owners/1/pets/1/visits,200,0,0.0,1
2026-07-22T21:36:19.939817+00:00,d3e34e72a6b372a8,2026-07-22T21:36:08.615388+00:00,103.865,4,2,api-gateway|customers-service,False,GET,/api/customer/owners,200,1,101.119,1
2026-07-22T21:36:19.939817+00:00,0f6eaea70e50d803,2026-07-22T21:36:08.571721+00:00,68.242,4,2,api-gateway|vets-service,False,GET,/api/vet/vets,200,1,66.129,1
2026-07-22T21:36:19.939817+00:00,5cf7c317711669e9,2026-07-22T21:36:08.115618+00:00,36.102,4,2,api-gateway|customers-service,False,GET,/api/customer/owners/1,200,1,36.102,1
2026-07-22T21:36:19.939817+00:00,49df4bfb9d36bd96,2026-07-22T21:36:07.779843+00:00,74.222,4,2,api-gateway|vets-service,False,GET,/api/vet/vets,200,1,57.966,1
2026-07-22T21:36:19.939817+00:00,7cebb5c9e71625ef,2026-07-22T21:36:07.948000+00:00,91.549,4,2,api-gateway|customers-service,False,GET,/api/customer/owners,200,1,89.771,1
2026-07-22T21:36:19.939817+00:00,8fc3dab723c57abd,2026-07-22T21:36:07.906654+00:00,8.679,3,2,visits-service|api-gateway,False,GET,/api/visit/owners/1/pets/1/visits,200,0,0.0,1
2026-07-22T21:36:19.939817+00:00,6fe345ae59a4101e,2026-07-22T21:36:07.445555+00:00,22.072,3,2,visits-service|api-gateway,False,GET,/api/visit/owners/1/pets/1/visits,200,0,0.0,1
2026-07-22T21:36:19.939817+00:00,f01e056a16de38e9,2026-07-22T21:36:07.574789+00:00,65.25,4,2,api-gateway|vets-service,False,GET,/api/vet/vets,200,1,63.121,1
2026-07-22T21:36:19.939817+00:00,4c857fd2e45d9388,2026-07-22T21:36:07.403820+00:00,7.66,3,2,visits-service|api-gateway,False,GET,/api/visit/owners/1/pets/1/visits,200,0,0.0,1
2026-07-22T21:36:19.939817+00:00,2df2ef995a221495,2026-07-22T21:36:07.242013+00:00,12.318,3,2,visits-service|api-gateway,False,GET,/api/visit/owners/1/pets/1/visits,200,0,0.0,1
2026-07-22T21:36:19.939817+00:00,9bdeeda325cbb162,2026-07-22T21:36:06.781623+00:00,93.91,4,2,api-gateway|customers-service,False,GET,/api/customer/owners,200,1,91.672,1
2026-07-22T21:36:19.939817+00:00,5d73b2f07f85c162,2026-07-22T21:36:06.614427+00:00,93.752,4,2,api-gateway|customers-service,False,GET,/api/customer/owners,200,1,91.476,1
2026-07-22T21:36:19.939817+00:00,75ad44e2da854fcd,2026-07-22T21:36:06.449340+00:00,84.624,4,2,api-gateway|customers-service,False,GET,/api/customer/owners,200,1,82.132,1
2026-07-22T21:36:19.939817+00:00,497d7a266453f650,2026-07-22T21:36:06.406526+00:00,8.123,3,2,visits-service|api-gateway,False,GET,/api/visit/owners/1/pets/1/visits,200,0,0.0,1
2026-07-22T21:36:19.939817+00:00,d439ff28e6c44b10,2026-07-22T21:36:06.283128+00:00,103.17,4,2,api-gateway|customers-service,False,GET,/api/customer/owners,200,1,100.471,1
2026-07-22T21:36:19.939817+00:00,2b83c9444eab117c,2026-07-22T21:36:05.945542+00:00,61.614,4,2,api-gateway|vets-service,False,GET,/api/vet/vets,200,1,48.094,1
2026-07-22T21:36:19.939817+00:00,aec7e9c974e435d3,2026-07-22T21:36:06.068148+00:00,14.691,3,2,visits-service|api-gateway,False,GET,/api/visit/owners/1/pets/1/visits,200,0,0.0,1
2026-07-22T21:36:19.939817+00:00,630cb29d2e651c4a,2026-07-22T21:36:05.612724+00:00,73.911,4,2,api-gateway|vets-service,False,GET,/api/vet/vets,200,1,64.924,1
2026-07-22T21:36:19.939817+00:00,8da3b4b615eee6ba,2026-07-22T21:36:05.449550+00:00,29.051,4,2,api-gateway|customers-service,False,GET,/api/customer/owners/1,200,1,26.667,1
2026-07-22T21:36:19.939817+00:00,52e290a789a9d764,2026-07-22T21:36:05.111807+00:00,66.929,4,2,api-gateway|vets-service,False,GET,/api/vet/vets,200,1,57.857,1
2026-07-22T21:36:19.939817+00:00,b3aff9a9404d6105,2026-07-22T21:36:05.282073+00:00,69.611,4,2,api-gateway|customers-service,False,GET,/api/customer/owners,200,1,67.967,1
2026-07-22T21:36:19.939817+00:00,60a194858e3e87b7,2026-07-22T21:36:04.779076+00:00,65.215,4,2,api-gateway|vets-service,False,GET,/api/vet/vets,200,1,56.091,1
2026-07-22T21:36:19.939817+00:00,8229c5ad734ef584,2026-07-22T21:36:04.949672+00:00,30.977,4,2,api-gateway|customers-service,False,GET,/api/customer/owners/1,200,1,28.916,1
2026-07-22T21:36:19.939817+00:00,55ee7c1faea7dbfe,2026-07-22T21:36:04.614137+00:00,32.156,4,2,api-gateway|customers-service,False,GET,/api/customer/owners/1,200,1,30.586,1
2026-07-22T21:36:19.939817+00:00,f3fa93cc05b50239,2026-07-22T21:36:04.449581+00:00,79.485,4,2,api-gateway|customers-service,False,GET,/api/customer/owners,200,1,77.767,1
2026-07-22T21:36:19.939817+00:00,831cd79b3422d789,2026-07-22T21:36:04.429565+00:00,11.768,3,2,visits-service|api-gateway,False,GET,/api/visit/owners/1/pets/1/visits,200,0,0.0,1
2026-07-22T21:36:19.939817+00:00,8284e1703c6df0f6,2026-07-22T21:36:04.116614+00:00,90.411,4,2,api-gateway|customers-service,False,GET,/api/customer/owners,200,1,87.767,1
2026-07-22T21:36:19.939817+00:00,dab0d7083780bb09,2026-07-22T21:36:03.948285+00:00,39.468,4,2,api-gateway|customers-service,False,GET,/api/customer/owners/1,200,1,37.001,1
2026-07-22T21:36:19.939817+00:00,86ee4fe6892ca0c9,2026-07-22T21:36:03.783685+00:00,82.343,4,2,api-gateway|customers-service,False,GET,/api/customer/owners,200,1,79.916,1
2026-07-22T21:36:19.939817+00:00,4ada1b69ca94baa6,2026-07-22T21:36:03.616469+00:00,40.078,4,2,api-gateway|customers-service,False,GET,/api/customer/owners/1,200,1,35.672,1
2026-07-22T21:36:19.939817+00:00,99a5ba2f056ca413,2026-07-22T21:36:03.447344+00:00,23.278,4,2,api-gateway|customers-service,False,GET,/api/customer/owners/1,200,1,23.278,1
2026-07-22T21:36:19.939817+00:00,cb8b3c1289385d14,2026-07-22T21:36:03.278370+00:00,72.873,4,2,api-gateway|vets-service,False,GET,/api/vet/vets,200,1,66.613,1
2026-07-22T21:36:19.939817+00:00,b2939c263ce2a110,2026-07-22T21:36:03.112433+00:00,75.274,4,2,api-gateway|customers-service,False,GET,/api/customer/owners,200,1,71.287,1
2026-07-22T21:36:19.939817+00:00,90c67d0d08b5e96b,2026-07-22T21:36:02.980660+00:00,11.972,3,2,visits-service|api-gateway,False,GET,/api/visit/owners/1/pets/1/visits,200,0,0.0,1
2026-07-22T21:36:19.939817+00:00,15f1a3e194f2eeaf,2026-07-22T21:36:02.779166+00:00,114.079,4,2,api-gateway|customers-service,False,GET,/api/customer/owners,200,1,102.158,1
2026-07-22T21:36:19.939817+00:00,bfe2fb1e84ed872e,2026-07-22T21:36:02.612302+00:00,75.043,4,2,api-gateway|vets-service,False,GET,/api/vet/vets,200,1,58.645,1
2026-07-22T21:36:19.939817+00:00,6c02755e6c6fd3d4,2026-07-22T21:36:02.445683+00:00,18.439,3,2,visits-service|api-gateway,False,GET,/api/visit/owners/1/pets/1/visits,200,0,0.0,1
2026-07-22T21:36:19.939817+00:00,aae0c9fbbeecd5eb,2026-07-22T21:36:02.279510+00:00,89.832,4,2,api-gateway|customers-service,False,GET,/api/customer/owners,200,1,84.786,1
2026-07-22T21:36:19.939817+00:00,b40e033544c13622,2026-07-22T21:36:02.113035+00:00,98.901,4,2,api-gateway|customers-service,False,GET,/api/customer/owners,200,1,91.739,1
2026-07-22T21:36:19.939817+00:00,4c978c397f154919,2026-07-22T21:36:01.978106+00:00,7.081,3,2,visits-service|api-gateway,False,GET,/api/visit/owners/1/pets/1/visits,200,0,0.0,1
2026-07-22T21:36:19.939817+00:00,c127517c077ab0bd,2026-07-22T21:36:01.778977+00:00,91.447,4,2,api-gateway|customers-service,False,GET,/api/customer/owners,200,1,86.176,1
2026-07-22T21:36:19.939817+00:00,8a5b38614292321e,2026-07-22T21:36:01.612049+00:00,25.65,3,2,visits-service|api-gateway,False,GET,/api/visit/owners/1/pets/1/visits,200,0,0.0,1
2026-07-22T21:36:19.939817+00:00,c94c3e50ed04b22e,2026-07-22T21:36:01.445843+00:00,88.649,4,2,api-gateway|customers-service,False,GET,/api/customer/owners,200,1,84.3,1
2026-07-22T21:36:19.939817+00:00,84aea00449dc457e,2026-07-22T21:36:01.281970+00:00,39.509,4,2,api-gateway|customers-service,False,GET,/api/customer/owners/1,200,1,37.279,1
2026-07-22T21:36:19.939817+00:00,8357b0e40247f1f4,2026-07-22T21:36:01.116595+00:00,88.248,4,2,api-gateway|customers-service,False,GET,/api/customer/owners,200,1,86.062,1
2026-07-22T21:36:19.939817+00:00,8be75250cc2a2c88,2026-07-22T21:36:00.948468+00:00,92.3,4,2,api-gateway|customers-service,False,GET,/api/customer/owners,200,1,90.731,1
2026-07-22T21:36:19.939817+00:00,89e9a75895acd253,2026-07-22T21:36:00.811920+00:00,61.046,4,2,api-gateway|vets-service,False,GET,/api/vet/vets,200,1,58.9,1
2026-07-22T21:36:19.939817+00:00,0ea7431f090fdaa0,2026-07-22T21:36:00.614223+00:00,85.445,4,2,api-gateway|customers-service,False,GET,/api/customer/owners,200,1,83.721,1
2026-07-22T21:36:19.939817+00:00,e92d5b2b2671e750,2026-07-22T21:36:00.449075+00:00,94.673,4,2,api-gateway|customers-service,False,GET,/api/customer/owners,200,1,92.547,1
2026-07-22T21:36:19.939817+00:00,45c663261d1543cc,2026-07-22T21:36:00.311792+00:00,12.226,3,2,visits-service|api-gateway,False,GET,/api/visit/owners/1/pets/1/visits,200,0,0.0,1
2026-07-22T21:36:19.939817+00:00,24d35fbe86a7d7a7,2026-07-22T21:36:00.146609+00:00,64.923,4,2,api-gateway|vets-service,False,GET,/api/vet/vets,200,1,62.731,1
2026-07-22T21:36:19.939817+00:00,85068139e5f90a00,2026-07-22T21:35:59.980797+00:00,64.933,4,2,api-gateway|vets-service,False,GET,/api/vet/vets,200,1,63.257,1
2026-07-22T21:36:19.939817+00:00,6107cf4db3f0b166,2026-07-22T21:35:59.813469+00:00,50.148,4,2,api-gateway|vets-service,False,GET,/api/vet/vets,200,1,48.288,1
2026-07-22T21:36:19.939817+00:00,8b620e4607ffff99,2026-07-22T21:35:59.615529+00:00,95.165,4,2,api-gateway|customers-service,False,GET,/api/customer/owners,200,1,93.209,1
2026-07-22T21:36:19.939817+00:00,e1586710ad3179a4,2026-07-22T21:35:59.477461+00:00,58.74,4,2,api-gateway|vets-service,False,GET,/api/vet/vets,200,1,56.877,1
2026-07-22T21:36:19.939817+00:00,9419c29af813df0d,2026-07-22T21:35:59.312137+00:00,73.238,4,2,api-gateway|vets-service,False,GET,/api/vet/vets,200,1,71.249,1
2026-07-22T21:36:19.939817+00:00,ade3f81ceff8244a,2026-07-22T21:35:59.117192+00:00,97.555,4,2,api-gateway|customers-service,False,GET,/api/customer/owners,200,1,94.169,1
2026-07-22T21:36:19.939817+00:00,726ddf16f4db82d9,2026-07-22T21:35:58.948944+00:00,29.903,4,2,api-gateway|customers-service,False,GET,/api/customer/owners/1,200,1,29.903,1
2026-07-22T21:36:19.939817+00:00,5b422fdbe04cbe4c,2026-07-22T21:35:58.781732+00:00,28.107,4,2,api-gateway|customers-service,False,GET,/api/customer/owners/1,200,1,25.231,1
2026-07-22T21:36:19.939817+00:00,d982e73f1f4610b3,2026-07-22T21:35:58.633419+00:00,65.501,4,2,api-gateway|vets-service,False,GET,/api/vet/vets,200,1,63.953,1
2026-07-22T21:36:19.939817+00:00,12d560023464b236,2026-07-22T21:35:57.732823+00:00,22.815,3,2,visits-service|api-gateway,False,GET,/api/visit/owners/1/pets/1/visits,200,0,0.0,1
2026-07-22T21:36:19.939817+00:00,6c0fca007f6cc58d,2026-07-22T21:35:57.954806+00:00,64.363,4,2,api-gateway|vets-service,False,GET,/api/vet/vets,200,1,62.486,1
2026-07-22T21:36:19.939817+00:00,74edccac6b1b5c8b,2026-07-22T21:35:56.899469+00:00,23.753,3,2,visits-service|api-gateway,False,GET,/api/visit/owners/1/pets/1/visits,200,0,0.0,1
2026-07-22T21:36:19.939817+00:00,251cc6f34cf89837,2026-07-22T21:35:57.570805+00:00,36.974,4,2,api-gateway|customers-service,False,GET,/api/customer/owners/1,200,1,33.701,1
2026-07-22T21:36:19.939817+00:00,61a1870446098c27,2026-07-22T21:35:57.404138+00:00,110.417,4,2,api-gateway|customers-service,False,GET,/api/customer/owners,200,1,107.392,1
2026-07-22T21:36:19.939817+00:00,bff406a5efc054bf,2026-07-22T21:35:57.269672+00:00,68.62,4,2,api-gateway|vets-service,False,GET,/api/vet/vets,200,1,66.298,1
2026-07-22T21:36:19.939817+00:00,93e788bad2c7ddc8,2026-07-22T21:35:57.071414+00:00,120.193,4,2,api-gateway|customers-service,False,GET,/api/customer/owners/1,200,1,116.836,1
2026-07-22T21:36:19.939817+00:00,808ffffd1f0155f1,2026-07-22T21:35:56.738210+00:00,93.022,4,2,api-gateway|customers-service,False,GET,/api/customer/owners,200,1,90.577,1
2026-07-22T21:36:19.939817+00:00,5f18b5e220576378,2026-07-22T21:35:56.419281+00:00,57.021,4,2,api-gateway|vets-service,False,GET,/api/vet/vets,200,1,54.677,1
2026-07-22T21:36:19.939817+00:00,19e6a5c4f6de3f5a,2026-07-22T21:35:56.403916+00:00,86.98,4,2,api-gateway|customers-service,False,GET,/api/customer/owners,200,1,84.484,1
2026-07-22T21:36:19.939817+00:00,c7d506c3d69118ab,2026-07-22T21:35:56.236491+00:00,33.943,4,2,api-gateway|customers-service,False,GET,/api/customer/owners/1,200,1,31.953,1
2026-07-22T21:36:19.939817+00:00,e9e3ea11dba1b2c7,2026-07-22T21:35:56.107793+00:00,84.798,4,2,api-gateway|customers-service,False,GET,/api/customer/owners,200,1,81.839,1
2026-07-22T21:36:19.939817+00:00,41d3b6f10a05f1fb,2026-07-22T21:35:55.903757+00:00,108.38,4,2,api-gateway|customers-service,False,GET,/api/customer/owners,200,1,105.202,1
2026-07-22T21:36:19.939817+00:00,c15021707aa13007,2026-07-22T21:35:55.565697+00:00,92.492,4,2,api-gateway|customers-service,False,GET,/api/customer/owners,200,1,86.832,1
2026-07-22T21:36:19.939817+00:00,ae400da922a653bb,2026-07-22T21:35:55.399103+00:00,33.908,4,2,api-gateway|customers-service,False,GET,/api/customer/owners/1,200,1,29.453,1
2026-07-22T21:36:19.939817+00:00,493ac0f8513ee48a,2026-07-22T21:35:55.232970+00:00,103.223,4,2,api-gateway|customers-service,False,GET,/api/customer/owners,200,1,98.998,1
2026-07-22T21:36:19.939817+00:00,916eb1b05451b37d,2026-07-22T21:35:55.066517+00:00,33.118,4,2,api-gateway|customers-service,False,GET,/api/customer/owners/1,200,1,27.996,1
2026-07-22T21:36:19.939817+00:00,58a600f0e57bf0d4,2026-07-22T21:35:54.900162+00:00,108.097,4,2,api-gateway|customers-service,False,GET,/api/customer/owners,200,1,100.128,1
2026-07-22T21:36:19.939817+00:00,896004a78ccdd618,2026-07-22T21:35:54.733771+00:00,42.181,4,2,api-gateway|customers-service,False,GET,/api/customer/owners/1,200,1,34.96,1
2026-07-22T21:36:19.939817+00:00,8f659934a5a1ddc9,2026-07-22T21:35:54.566659+00:00,43.518,4,2,api-gateway|customers-service,False,GET,/api/customer/owners/1,200,1,35.276,1
2026-07-22T21:36:19.939817+00:00,47ac581ad39b3387,2026-07-22T21:35:53.899542+00:00,29.383,3,2,visits-service|api-gateway,False,GET,/api/visit/owners/1/pets/1/visits,200,0,0.0,1
2026-07-22T21:36:19.939817+00:00,7db03927e565966b,2026-07-22T21:35:54.400128+00:00,43.206,4,2,api-gateway|customers-service,False,GET,/api/customer/owners/1,200,1,35.223,1
2026-07-22T21:36:19.939817+00:00,c8d668b8a849e29c,2026-07-22T21:35:54.233691+00:00,116.822,4,2,api-gateway|customers-service,False,GET,/api/customer/owners,200,1,108.182,1
2026-07-22T21:36:19.939817+00:00,5afb109c8d6a88fd,2026-07-22T21:35:54.218911+00:00,10.391,3,2,visits-service|api-gateway,False,GET,/api/visit/owners/1/pets/1/visits,200,0,0.0,1
2026-07-22T21:36:19.939817+00:00,4e393b8779d64cec,2026-07-22T21:35:54.068617+00:00,36.016,4,2,api-gateway|customers-service,False,GET,/api/customer/owners/1,200,1,32.551,1
2026-07-22T21:36:19.939817+00:00,162c5b790664c3e0,2026-07-22T21:35:54.051121+00:00,63.873,4,2,api-gateway|vets-service,False,GET,/api/vet/vets,200,1,61.818,1
2026-07-22T21:36:19.939817+00:00,fa48445f35b74231,2026-07-22T21:35:53.732901+00:00,32.776,4,2,api-gateway|customers-service,False,GET,/api/customer/owners/1,200,1,26.762,1
2026-07-22T21:36:19.939817+00:00,f825a759d7f51490,2026-07-22T21:35:53.719732+00:00,57.926,4,2,api-gateway|vets-service,False,GET,/api/vet/vets,200,1,56.282,1
2026-07-22T21:36:19.939817+00:00,03b912f03ef42df1,2026-07-22T21:35:52.733832+00:00,25.14,3,2,visits-service|api-gateway,False,GET,/api/visit/owners/1/pets/1/visits,200,0,0.0,1
2026-07-22T21:36:19.939817+00:00,9e6567dcec385b80,2026-07-22T21:35:53.234144+00:00,106.123,4,2,api-gateway|customers-service,False,GET,/api/customer/owners,200,1,98.891,1
2026-07-22T21:36:19.939817+00:00,e4419f24d044e047,2026-07-22T21:35:53.219158+00:00,60.199,4,2,api-gateway|vets-service,False,GET,/api/vet/vets,200,1,58.16,1
2026-07-22T21:36:19.939817+00:00,4f03579572dfe71e,2026-07-22T21:35:52.900356+00:00,52.444,4,2,api-gateway|customers-service,False,GET,/api/customer/owners/1,200,1,43.885,1
2026-07-22T21:36:19.939817+00:00,8b8d29c61739bcb7,2026-07-22T21:35:52.886367+00:00,67.63,4,2,api-gateway|vets-service,False,GET,/api/vet/vets,200,1,65.619,1
2026-07-22T21:36:19.939817+00:00,9de47e12e92cea4e,2026-07-22T21:35:52.403197+00:00,88.854,4,2,api-gateway|customers-service,False,GET,/api/customer/owners,200,1,86.987,1
2026-07-22T21:36:19.939817+00:00,1859b846d25bab36,2026-07-22T21:35:52.072162+00:00,59.727,4,2,api-gateway|customers-service,False,GET,/api/customer/owners/1,200,1,35.2,1
2026-07-22T21:36:19.939817+00:00,77f77e205a2f83e2,2026-07-22T21:35:51.901673+00:00,33.697,4,2,api-gateway|customers-service,False,GET,/api/customer/owners/1,200,1,31.498,1
2026-07-22T21:36:19.939817+00:00,f03a0437690fdcfb,2026-07-22T21:35:51.884282+00:00,69.171,4,2,api-gateway|vets-service,False,GET,/api/vet/vets,200,1,67.041,1
2026-07-22T21:36:19.939817+00:00,4bba50136d45be59,2026-07-22T21:35:51.736227+00:00,36.946,4,2,api-gateway|customers-service,False,GET,/api/customer/owners/1,200,1,34.88,1
2026-07-22T21:36:19.939817+00:00,3a0e159b9dc2c624,2026-07-22T21:35:51.569095+00:00,91.789,4,2,api-gateway|customers-service,False,GET,/api/customer/owners,200,1,89.561,1
2026-07-22T21:36:19.939817+00:00,9d96102aac5bfc09,2026-07-22T21:35:51.402700+00:00,33.302,4,2,api-gateway|customers-service,False,GET,/api/customer/owners/1,200,1,31.603,1
2026-07-22T21:36:19.939817+00:00,46430c104e819c81,2026-07-22T21:35:51.069232+00:00,93.251,4,2,api-gateway|customers-service,False,GET,/api/customer/owners,200,1,91.37,1
2026-07-22T21:36:19.939817+00:00,c7e769573ead094b,2026-07-22T21:35:51.052217+00:00,8.189,3,2,visits-service|api-gateway,False,GET,/api/visit/owners/1/pets/1/visits,200,0,0.0,1
2026-07-22T21:36:19.939817+00:00,c85362adf71cb660,2026-07-22T21:35:50.902154+00:00,87.555,4,2,api-gateway|customers-service,False,GET,/api/customer/owners,200,1,85.746,1
2026-07-22T21:36:19.939817+00:00,01619481aef35121,2026-07-22T21:35:50.885157+00:00,12.389,3,2,visits-service|api-gateway,False,GET,/api/visit/owners/1/pets/1/visits,200,0,0.0,1
2026-07-22T21:36:19.939817+00:00,60dea5f9e342e8fe,2026-07-22T21:35:50.738328+00:00,39.983,4,2,api-gateway|customers-service,False,GET,/api/customer/owners/1,200,1,37.696,1
2026-07-22T21:36:19.939817+00:00,fb399d1ac2f2e155,2026-07-22T21:35:50.571781+00:00,107.626,4,2,api-gateway|customers-service,False,GET,/api/customer/owners,200,1,104.674,1
2026-07-22T21:36:19.939817+00:00,8cc4452acde70b68,2026-07-22T21:35:50.374886+00:00,59.574,4,2,api-gateway|vets-service,False,GET,/api/vet/vets,200,1,57.747,1
2026-07-22T21:36:19.939817+00:00,4cf1b617e582feeb,2026-07-22T21:35:50.204197+00:00,53.499,4,2,api-gateway|vets-service,False,GET,/api/vet/vets,200,1,51.749,1
2026-07-22T21:36:19.939817+00:00,c2758efb024ce6d9,2026-07-22T21:35:50.069328+00:00,96.876,4,2,api-gateway|customers-service,False,GET,/api/customer/owners,200,1,93.914,1
2026-07-22T21:36:19.939817+00:00,4ea03271c6e74ba7,2026-07-22T21:35:49.902450+00:00,87.512,4,2,api-gateway|customers-service,False,GET,/api/customer/owners,200,1,87.512,1
2026-07-22T21:36:19.939817+00:00,384ee86a415d1383,2026-07-22T21:35:49.857259+00:00,59.511,4,2,api-gateway|vets-service,False,GET,/api/vet/vets,200,1,57.385,1
2026-07-22T21:36:19.939817+00:00,9028542158d1eb9f,2026-07-22T21:35:49.403789+00:00,93.485,4,2,api-gateway|customers-service,False,GET,/api/customer/owners,200,1,90.864,1
2026-07-22T21:36:19.939817+00:00,e1b0545f75cf9fdd,2026-07-22T21:35:49.162698+00:00,11.643,3,2,visits-service|api-gateway,False,GET,/api/visit/owners/1/pets/1/visits,200,0,0.0,1
2026-07-22T21:36:19.939817+00:00,198ba42ae52dc63f,2026-07-22T21:35:49.069365+00:00,93.449,4,2,api-gateway|customers-service,False,GET,/api/customer/owners,200,1,93.449,1
2026-07-22T21:36:19.939817+00:00,ebe770a5a73b8390,2026-07-22T21:35:48.904562+00:00,93.922,4,2,api-gateway|customers-service,False,GET,/api/customer/owners,200,1,91.674,1
2026-07-22T21:36:19.939817+00:00,876d68bbd0c74f5e,2026-07-22T21:35:48.735541+00:00,31.48,4,2,api-gateway|customers-service,False,GET,/api/customer/owners/1,200,1,29.263,1
2026-07-22T21:36:19.939817+00:00,27f914397b2b634a,2026-07-22T21:35:48.641214+00:00,11.926,3,2,visits-service|api-gateway,False,GET,/api/visit/owners/1/pets/1/visits,200,0,0.0,1
2026-07-22T21:36:19.939817+00:00,89e32931372013d7,2026-07-22T21:35:48.399714+00:00,33.029,4,2,api-gateway|customers-service,False,GET,/api/customer/owners/1,200,1,27.866,1
2026-07-22T21:36:19.939817+00:00,2f800581354b2cc6,2026-07-22T21:35:48.292694+00:00,71.537,4,2,api-gateway|vets-service,False,GET,/api/vet/vets,200,1,69.377,1
2026-07-22T21:36:19.939817+00:00,bbbdae7fb1f95119,2026-07-22T21:35:48.233435+00:00,93.899,4,2,api-gateway|customers-service,False,GET,/api/customer/owners,200,1,87.763,1
2026-07-22T21:36:19.939817+00:00,3a0b465bf9f17348,2026-07-22T21:35:48.121631+00:00,64.036,4,2,api-gateway|vets-service,False,GET,/api/vet/vets,200,1,62.052,1
2026-07-22T21:36:19.939817+00:00,acc2eb76172b19a8,2026-07-22T21:35:47.947952+00:00,55.197,4,2,api-gateway|vets-service,False,GET,/api/vet/vets,200,1,53.292,1
2026-07-22T21:36:19.939817+00:00,b66794569e5d46d0,2026-07-22T21:35:47.901616+00:00,98.625,4,2,api-gateway|customers-service,False,GET,/api/customer/owners,200,1,95.393,1
2026-07-22T21:36:19.939817+00:00,a817b08b1789902e,2026-07-22T21:35:47.601663+00:00,43.967,4,2,api-gateway|vets-service,False,GET,/api/vet/vets,200,1,42.193,1
2026-07-22T21:36:19.939817+00:00,00783e2ea16c1385,2026-07-22T21:35:47.426391+00:00,63.021,4,2,api-gateway|vets-service,False,GET,/api/vet/vets,200,1,61.122,1
2026-07-22T21:36:19.939817+00:00,6a2762f51d6a0187,2026-07-22T21:35:47.233118+00:00,36.239,4,2,api-gateway|customers-service,False,GET,/api/customer/owners/1,200,1,28.68,1
2026-07-22T21:36:19.939817+00:00,be3e9c0b31a3959d,2026-07-22T21:35:47.079505+00:00,10.077,3,2,visits-service|api-gateway,False,GET,/api/visit/owners/1/pets/1/visits,200,0,0.0,1
2026-07-22T21:36:19.939817+00:00,5e53e1dd1bc8850f,2026-07-22T21:35:46.907722+00:00,58.034,4,2,api-gateway|vets-service,False,GET,/api/vet/vets,200,1,56.447,1
2026-07-22T21:36:19.939817+00:00,6637ab349d8a8e4e,2026-07-22T21:35:46.733581+00:00,46.391,4,2,api-gateway|customers-service,False,GET,/api/customer/owners/1,200,1,38.614,1
2026-07-22T21:36:19.939817+00:00,b7bfa6722feda8a1,2026-07-22T21:35:46.732967+00:00,58.622,4,2,api-gateway|vets-service,False,GET,/api/vet/vets,200,1,56.802,1
2026-07-22T21:36:19.939817+00:00,693ed1ed440fd269,2026-07-22T21:35:45.899941+00:00,22.201,3,2,visits-service|api-gateway,False,GET,/api/visit/owners/1/pets/1/visits,200,0,0.0,1
2026-07-22T21:36:19.939817+00:00,ab270a7a984a5a91,2026-07-22T21:35:45.733078+00:00,82.87,4,2,api-gateway|vets-service,False,GET,/api/vet/vets,200,1,69.479,1
2026-07-22T21:36:19.939817+00:00,adcb959c22329ead,2026-07-22T21:35:46.071469+00:00,106.028,4,2,api-gateway|customers-service,False,GET,/api/customer/owners,200,1,102.918,1
2026-07-22T21:36:19.939817+00:00,6946d5305d44a13a,2026-07-22T21:35:45.899525+00:00,12.907,3,2,visits-service|api-gateway,False,GET,/api/visit/owners/1/pets/1/visits,200,0,0.0,1
2026-07-22T21:36:19.939817+00:00,7e2b3936a145a57c,2026-07-22T21:35:45.571066+00:00,36.224,4,2,api-gateway|customers-service,False,GET,/api/customer/owners/1,200,1,33.936,1
2026-07-22T21:36:19.939817+00:00,0227e20b47465ea4,2026-07-22T21:35:45.400195+00:00,69.024,4,2,api-gateway|vets-service,False,GET,/api/vet/vets,200,1,66.813,1
2026-07-22T21:36:19.939817+00:00,d9a65f432bf3a986,2026-07-22T21:35:45.235128+00:00,88.134,4,2,api-gateway|customers-service,False,GET,/api/customer/owners,200,1,86.393,1
2026-07-22T21:36:19.939817+00:00,482680f140130cec,2026-07-22T21:35:45.071475+00:00,50.215,4,2,api-gateway|customers-service,False,GET,/api/customer/owners/1,200,1,46.308,1
2026-07-22T21:36:19.939817+00:00,a79f1c46194969a6,2026-07-22T21:35:44.737714+00:00,35.229,4,2,api-gateway|customers-service,False,GET,/api/customer/owners/1,200,1,32.891,1
2026-07-22T21:36:19.939817+00:00,3f57e13435e5679c,2026-07-22T21:35:44.572587+00:00,97.366,4,2,api-gateway|customers-service,False,GET,/api/customer/owners,200,1,94.79,1
2026-07-22T21:36:19.939817+00:00,8173cf31aa3ef3e1,2026-07-22T21:35:44.402468+00:00,33.457,4,2,api-gateway|customers-service,False,GET,/api/customer/owners/1,200,1,31.76,1
2026-07-22T21:36:19.939817+00:00,f6a842d277ca7951,2026-07-22T21:35:44.237301+00:00,38.079,4,2,api-gateway|customers-service,False,GET,/api/customer/owners/1,200,1,35.666,1
2026-07-22T21:36:19.939817+00:00,17d128221418a3e5,2026-07-22T21:35:43.732607+00:00,18.349,3,2,visits-service|api-gateway,False,GET,/api/visit/owners/1/pets/1/visits,200,0,0.0,1
2026-07-22T21:36:19.939817+00:00,fef543f768403104,2026-07-22T21:35:44.071100+00:00,42.285,4,2,api-gateway|customers-service,False,GET,/api/customer/owners/1,200,1,38.956,1
2026-07-22T21:36:19.939817+00:00,ab97224322dd736f,2026-07-22T21:35:44.068321+00:00,12.623,3,2,visits-service|api-gateway,False,GET,/api/visit/owners/1/pets/1/visits,200,0,0.0,1
2026-07-22T21:36:19.939817+00:00,fa07f5e060dcf96c,2026-07-22T21:35:43.902635+00:00,86.875,4,2,api-gateway|customers-service,False,GET,/api/customer/owners,200,1,84.473,1
2026-07-22T21:36:19.939817+00:00,5fcedfeda48fd6ff,2026-07-22T21:35:43.566764+00:00,64.04,4,2,api-gateway|vets-service,False,GET,/api/vet/vets,200,1,62.121,1
2026-07-22T21:36:19.939817+00:00,a84e5de168de7a21,2026-07-22T21:35:43.404278+00:00,38.881,4,2,api-gateway|customers-service,False,GET,/api/customer/owners/1,200,1,35.747,1
2026-07-22T21:36:19.939817+00:00,8a550f230a2abcf7,2026-07-22T21:35:43.237711+00:00,108.642,4,2,api-gateway|customers-service,False,GET,/api/customer/owners,200,1,105.442,1
2026-07-22T21:36:19.939817+00:00,2c8b447e2dd723d8,2026-07-22T21:35:43.232576+00:00,62.66,4,2,api-gateway|vets-service,False,GET,/api/vet/vets,200,1,60.881,1
2026-07-22T21:36:19.939817+00:00,126a25ccbcdf0f07,2026-07-22T21:35:42.566126+00:00,76.457,4,2,api-gateway|vets-service,False,GET,/api/vet/vets,200,1,63.915,1
2026-07-22T21:36:19.939817+00:00,23c834f82504488e,2026-07-22T21:35:42.904194+00:00,46.612,4,2,api-gateway|customers-service,False,GET,/api/customer/owners/1,200,1,43.632,1
2026-07-22T21:36:19.939817+00:00,f586052c3b421f22,2026-07-22T21:35:42.731172+00:00,11.928,3,2,visits-service|api-gateway,False,GET,/api/visit/owners/1/pets/1/visits,200,0,0.0,1
2026-07-22T21:36:19.939817+00:00,55083e698266b36e,2026-07-22T21:35:42.567678+00:00,48.294,4,2,api-gateway|vets-service,False,GET,/api/vet/vets,200,1,46.8,1
2026-07-22T21:36:19.939817+00:00,cb2f719e77d15b2c,2026-07-22T21:35:42.402222+00:00,65.448,4,2,api-gateway|vets-service,False,GET,/api/vet/vets,200,1,63.413,1
2026-07-22T21:36:19.939817+00:00,2ce571bdd086d9e6,2026-07-22T21:35:42.402514+00:00,88.559,4,2,api-gateway|customers-service,False,GET,/api/customer/owners,200,1,88.559,1
2026-07-22T21:36:19.939817+00:00,8e526bbb12be1070,2026-07-22T21:35:42.232057+00:00,67.907,4,2,api-gateway|vets-service,False,GET,/api/vet/vets,200,1,66.002,1
2026-07-22T21:36:19.939817+00:00,77469c8b1ec92eb3,2026-07-22T21:35:41.897175+00:00,62.784,4,2,api-gateway|vets-service,False,GET,/api/vet/vets,200,1,60.713,1
2026-07-22T21:36:19.939817+00:00,11f2201b17f63a87,2026-07-22T21:35:41.731571+00:00,68.814,4,2,api-gateway|vets-service,False,GET,/api/vet/vets,200,1,66.649,1
2026-07-22T21:36:19.939817+00:00,137ce56390182ec6,2026-07-22T21:35:41.569064+00:00,92.431,4,2,api-gateway|customers-service,False,GET,/api/customer/owners,200,1,90.065,1
2026-07-22T21:36:19.939817+00:00,b8bdb7628ec19a6d,2026-07-22T21:35:41.380891+00:00,64.748,4,2,api-gateway|vets-service,False,GET,/api/vet/vets,200,1,62.95,1
2026-07-22T21:36:19.939817+00:00,a941f82badd3bab9,2026-07-22T21:35:41.201855+00:00,71.394,4,2,api-gateway|vets-service,False,GET,/api/vet/vets,200,1,69.479,1
2026-07-22T21:36:19.939817+00:00,dd604957732f4316,2026-07-22T21:35:41.069479+00:00,86.812,4,2,api-gateway|customers-service,False,GET,/api/customer/owners,200,1,84.771,1
2026-07-22T21:36:19.939817+00:00,0cb5d33e7f4ff48f,2026-07-22T21:35:40.565867+00:00,68.131,4,2,api-gateway|vets-service,False,GET,/api/vet/vets,200,1,60.34,1
2026-07-22T21:36:19.939817+00:00,fbd863a13242136e,2026-07-22T21:35:40.843452+00:00,55.747,4,2,api-gateway|vets-service,False,GET,/api/vet/vets,200,1,53.58,1
2026-07-22T21:36:19.939817+00:00,f9a2348a8cdcd229,2026-07-22T21:35:40.664706+00:00,50.564,4,2,api-gateway|vets-service,False,GET,/api/vet/vets,200,1,48.66,1
2026-07-22T21:36:19.939817+00:00,796c42f1531d3372,2026-07-22T21:35:40.065829+00:00,19.944,3,2,visits-service|api-gateway,False,GET,/api/visit/owners/1/pets/1/visits,200,0,0.0,1
2026-07-22T21:36:19.939817+00:00,9670ca19f7372731,2026-07-22T21:35:39.899437+00:00,20.895,3,2,visits-service|api-gateway,False,GET,/api/visit/owners/1/pets/1/visits,200,0,0.0,1
2026-07-22T21:36:19.939817+00:00,7614ce4e0b5e2672,2026-07-22T21:35:39.732496+00:00,55.526,4,2,api-gateway|vets-service,False,GET,/api/vet/vets,200,1,44.994,1
2026-07-22T21:36:19.939817+00:00,f649c54213c4b1eb,2026-07-22T21:35:39.568866+00:00,76.449,4,2,api-gateway|customers-service,False,GET,/api/customer/owners,200,1,74.502,1
2026-07-22T21:36:19.939817+00:00,b75e19b1339e33ff,2026-07-22T21:35:39.402627+00:00,25.685,4,2,api-gateway|customers-service,False,GET,/api/customer/owners/1,200,1,25.685,1
2026-07-22T21:36:19.939817+00:00,bf7812a70a352436,2026-07-22T21:35:39.235680+00:00,28.359,4,2,api-gateway|customers-service,False,GET,/api/customer/owners/1,200,1,26.176,1
2026-07-22T21:36:19.939817+00:00,df1142d05055f349,2026-07-22T21:35:39.233942+00:00,54.012,4,2,api-gateway|vets-service,False,GET,/api/vet/vets,200,1,52.24,1
2026-07-22T21:36:19.939817+00:00,9e92a3f54a909b56,2026-07-22T21:35:39.069135+00:00,33.286,4,2,api-gateway|customers-service,False,GET,/api/customer/owners/1,200,1,31.262,1
2026-07-22T21:36:19.939817+00:00,d7faf6a8f6864158,2026-07-22T21:35:38.733017+00:00,70.263,4,2,api-gateway|vets-service,False,GET,/api/vet/vets,200,1,59.467,1
2026-07-22T21:36:19.939817+00:00,3d4dece54f1eee24,2026-07-22T21:35:38.566457+00:00,78.307,4,2,api-gateway|vets-service,False,GET,/api/vet/vets,200,1,67.599,1
2026-07-22T21:36:19.939817+00:00,67d6c5fc1c367be3,2026-07-22T21:35:38.399593+00:00,105.565,4,2,api-gateway|customers-service,False,GET,/api/customer/owners,200,1,97.573,1
2026-07-22T21:36:19.939817+00:00,04362d6d11652f58,2026-07-22T21:35:38.233204+00:00,84.176,4,2,api-gateway|customers-service,False,GET,/api/customer/owners,200,1,80.156,1
2026-07-22T21:36:19.939817+00:00,ec6ebe489c43e21a,2026-07-22T21:35:37.900052+00:00,27.133,3,2,visits-service|api-gateway,False,GET,/api/visit/owners/1/pets/1/visits,200,0,0.0,1
2026-07-22T21:36:19.939817+00:00,8f054a7d2e03e1c4,2026-07-22T21:35:38.066497+00:00,111.783,4,2,api-gateway|customers-service,False,GET,/api/customer/owners,200,1,103.55,1
2026-07-22T21:36:19.939817+00:00,6dacbb9ae5f71ba4,2026-07-22T21:35:37.732565+00:00,35.976,4,2,api-gateway|customers-service,False,GET,/api/customer/owners/1,200,1,30.905,1
2026-07-22T21:36:19.939817+00:00,9bd5e73e82a97c4d,2026-07-22T21:35:37.568900+00:00,92.741,4,2,api-gateway|customers-service,False,GET,/api/customer/owners,200,1,88.61,1
2026-07-22T21:36:19.939817+00:00,8bff523e942e5c77,2026-07-22T21:35:37.518309+00:00,8.85,3,2,visits-service|api-gateway,False,GET,/api/visit/owners/1/pets/1/visits,200,0,0.0,1
2026-07-22T21:36:19.939817+00:00,b26a620ddd507a25,2026-07-22T21:35:37.400337+00:00,102.672,4,2,api-gateway|customers-service,False,GET,/api/customer/owners,200,1,95.625,1
2026-07-22T21:36:19.939817+00:00,4655dbfd97d94192,2026-07-22T21:35:37.066373+00:00,22.436,3,2,visits-service|api-gateway,False,GET,/api/visit/owners/1/pets/1/visits,200,0,0.0,1
2026-07-22T21:36:19.939817+00:00,5ec05dd316e6dfb3,2026-07-22T21:35:37.186193+00:00,56.295,4,2,api-gateway|vets-service,False,GET,/api/vet/vets,200,1,54.518,1
2026-07-22T21:36:19.939817+00:00,99b1a52a2fd226cc,2026-07-22T21:35:36.732872+00:00,74.935,4,2,api-gateway|vets-service,False,GET,/api/vet/vets,200,1,60.218,1
2026-07-22T21:36:19.939817+00:00,2e92f6246f287710,2026-07-22T21:35:36.566840+00:00,85.166,4,2,api-gateway|vets-service,False,GET,/api/vet/vets,200,1,68.596,1
2026-07-22T21:36:19.939817+00:00,27c3eec72000dc36,2026-07-22T21:35:36.684229+00:00,14.718,3,2,visits-service|api-gateway,False,GET,/api/visit/owners/1/pets/1/visits,200,0,0.0,1
2026-07-22T21:36:19.939817+00:00,30cb3434f625373a,2026-07-22T21:35:36.522645+00:00,61.253,4,2,api-gateway|vets-service,False,GET,/api/vet/vets,200,1,59.435,1
2026-07-22T21:36:19.939817+00:00,95a01089dc5ad2c8,2026-07-22T21:35:36.350868+00:00,69.684,4,2,api-gateway|vets-service,False,GET,/api/vet/vets,200,1,67.446,1
2026-07-22T21:36:19.939817+00:00,5b74a9f3aa8914de,2026-07-22T21:35:35.733138+00:00,22.488,3,2,visits-service|api-gateway,False,GET,/api/visit/owners/1/pets/1/visits,200,0,0.0,1
2026-07-22T21:36:19.939817+00:00,db256c09bb1a22a0,2026-07-22T21:35:35.899538+00:00,39.822,4,2,api-gateway|customers-service,False,GET,/api/customer/owners/1,200,1,34.047,1
2026-07-22T21:36:19.939817+00:00,51b85a3222534f57,2026-07-22T21:35:35.682594+00:00,64.106,4,2,api-gateway|vets-service,False,GET,/api/vet/vets,200,1,61.871,1
2026-07-22T21:36:19.939817+00:00,8d51d51f123293e6,2026-07-22T21:35:35.566805+00:00,91.854,4,2,api-gateway|customers-service,False,GET,/api/customer/owners,200,1,86.515,1
2026-07-22T21:36:19.939817+00:00,28f32a5d90e3c4cb,2026-07-22T21:35:35.517683+00:00,67.017,4,2,api-gateway|vets-service,False,GET,/api/vet/vets,200,1,65.441,1
2026-07-22T21:36:19.939817+00:00,bfa66ec26d31b2d5,2026-07-22T21:35:35.066637+00:00,91.609,4,2,api-gateway|customers-service,False,GET,/api/customer/owners,200,1,86.364,1
2026-07-22T21:36:19.939817+00:00,0b4385c99595201e,2026-07-22T21:35:34.899383+00:00,36.848,4,2,api-gateway|customers-service,False,GET,/api/customer/owners/1,200,1,31.586,1
2026-07-22T21:36:19.939817+00:00,f6b2d2c3b805e3bf,2026-07-22T21:35:34.733083+00:00,100.113,4,2,api-gateway|customers-service,False,GET,/api/customer/owners,200,1,95.053,1
2026-07-22T21:36:19.939817+00:00,3f0ff19915a363a9,2026-07-22T21:35:34.566843+00:00,90.583,4,2,api-gateway|customers-service,False,GET,/api/customer/owners,200,1,84.874,1
2026-07-22T21:36:19.939817+00:00,338a64171ab0f32a,2026-07-22T21:35:34.518329+00:00,66.709,4,2,api-gateway|vets-service,False,GET,/api/vet/vets,200,1,65.145,1
2026-07-22T21:36:19.939817+00:00,9819653418da4757,2026-07-22T21:35:34.399541+00:00,49.792,4,2,api-gateway|customers-service,False,GET,/api/customer/owners/1,200,1,40.905,1
2026-07-22T21:36:19.939817+00:00,745365b1d1a50301,2026-07-22T21:35:34.350675+00:00,57.516,4,2,api-gateway|vets-service,False,GET,/api/vet/vets,200,1,55.552,1
2026-07-22T21:36:19.939817+00:00,73e4e07ab3c015fe,2026-07-22T21:35:33.900422+00:00,23.721,3,2,visits-service|api-gateway,False,GET,/api/visit/owners/1/pets/1/visits,200,0,0.0,1
2026-07-22T21:36:19.939817+00:00,b42ba85262946fad,2026-07-22T21:35:33.732991+00:00,26.062,3,2,visits-service|api-gateway,False,GET,/api/visit/owners/1/pets/1/visits,200,0,0.0,1
2026-07-22T21:36:19.939817+00:00,725379028f7b7faa,2026-07-22T21:35:33.566514+00:00,76.604,4,2,api-gateway|vets-service,False,GET,/api/vet/vets,200,1,65.52,1
2026-07-22T21:36:19.939817+00:00,2887f2971ce84eba,2026-07-22T21:35:33.487405+00:00,51.494,4,2,api-gateway|vets-service,False,GET,/api/vet/vets,200,1,49.686,1
2026-07-22T21:36:19.939817+00:00,85cb23a0a6b6e227,2026-07-22T21:35:33.399554+00:00,110.019,4,2,api-gateway|customers-service,False,GET,/api/customer/owners,200,1,101.993,1
2026-07-22T21:36:19.939817+00:00,6726ea70afc8bbc3,2026-07-22T21:35:33.067099+00:00,25.835,3,2,visits-service|api-gateway,False,GET,/api/visit/owners/1/pets/1/visits,200,0,0.0,1
2026-07-22T21:36:19.939817+00:00,46ad07c6da6761ec,2026-07-22T21:35:33.134108+00:00,66.723,4,2,api-gateway|vets-service,False,GET,/api/vet/vets,200,1,64.844,1
2026-07-22T21:36:19.939817+00:00,67f28e7e2bd07ede,2026-07-22T21:35:32.566091+00:00,21.563,3,2,visits-service|api-gateway,False,GET,/api/visit/owners/1/pets/1/visits,200,0,0.0,1
2026-07-22T21:36:19.939817+00:00,37be49337fe225b9,2026-07-22T21:35:32.733674+00:00,88.599,4,2,api-gateway|customers-service,False,GET,/api/customer/owners,200,1,81.679,1
2026-07-22T21:36:19.939817+00:00,f926d2349b60faff,2026-07-22T21:35:32.422054+00:00,61.55,4,2,api-gateway|vets-service,False,GET,/api/vet/vets,200,1,59.478,1
2026-07-22T21:36:19.939817+00:00,f27e105da72293b0,2026-07-22T21:35:32.399600+00:00,104.663,4,2,api-gateway|customers-service,False,GET,/api/customer/owners,200,1,97.043,1
2026-07-22T21:36:19.939817+00:00,e93df3ca738efa3c,2026-07-22T21:35:32.247298+00:00,56.332,4,2,api-gateway|vets-service,False,GET,/api/vet/vets,200,1,54.488,1
2026-07-22T21:36:19.939817+00:00,45d13f30b767f8d1,2026-07-22T21:35:31.899829+00:00,18.048,3,2,visits-service|api-gateway,False,GET,/api/visit/owners/1/pets/1/visits,200,0,0.0,1
2026-07-22T21:36:19.939817+00:00,4c7b800fe1ed1ae8,2026-07-22T21:35:31.733654+00:00,75.838,4,2,api-gateway|vets-service,False,GET,/api/vet/vets,200,1,64.669,1
2026-07-22T21:36:19.939817+00:00,7adc91a1b0490434,2026-07-22T21:35:31.566704+00:00,24.072,3,2,visits-service|api-gateway,False,GET,/api/visit/owners/1/pets/1/visits,200,0,0.0,1
2026-07-22T21:36:19.939817+00:00,92172c5aca6e5e82,2026-07-22T21:35:31.399962+00:00,40.465,4,2,api-gateway|customers-service,False,GET,/api/customer/owners/1,200,1,32.631,1
2026-07-22T21:36:19.939817+00:00,41b2ed293737838f,2026-07-22T21:35:31.360115+00:00,63.797,4,2,api-gateway|vets-service,False,GET,/api/vet/vets,200,1,61.973,1
2026-07-22T21:36:19.939817+00:00,db2278a21c4be808,2026-07-22T21:35:31.179088+00:00,64.309,4,2,api-gateway|vets-service,False,GET,/api/vet/vets,200,1,62.392,1
2026-07-22T21:36:19.939817+00:00,b50a35ab579ec17d,2026-07-22T21:35:30.899417+00:00,84.088,4,2,api-gateway|customers-service,False,GET,/api/customer/owners,200,1,78.481,1
2026-07-22T21:36:19.939817+00:00,42aa102f93517c25,2026-07-22T21:35:30.735244+00:00,75.469,4,2,api-gateway|customers-service,False,GET,/api/customer/owners,200,1,72.028,1
2026-07-22T21:36:19.939817+00:00,956e1c96e2e27e5e,2026-07-22T21:35:30.566318+00:00,31.759,4,2,api-gateway|customers-service,False,GET,/api/customer/owners/1,200,1,26.813,1
2026-07-22T21:36:19.939817+00:00,542832589e9cafe0,2026-07-22T21:35:30.400083+00:00,89.776,4,2,api-gateway|customers-service,False,GET,/api/customer/owners,200,1,82.831,1
2026-07-22T21:36:19.939817+00:00,d4c788b2c67da6b7,2026-07-22T21:35:30.293529+00:00,56.852,4,2,api-gateway|vets-service,False,GET,/api/vet/vets,200,1,55.029,1
2026-07-22T21:36:19.939817+00:00,5cd3123985034bc2,2026-07-22T21:35:30.066423+00:00,26.1,3,2,visits-service|api-gateway,False,GET,/api/visit/owners/1/pets/1/visits,200,0,0.0,1
2026-07-22T21:36:19.939817+00:00,b29495426da1a591,2026-07-22T21:35:29.900154+00:00,21.392,3,2,visits-service|api-gateway,False,GET,/api/visit/owners/1/pets/1/visits,200,0,0.0,1
2026-07-22T21:36:19.939817+00:00,05f0b312cc542ca9,2026-07-22T21:35:29.732978+00:00,22.356,3,2,visits-service|api-gateway,False,GET,/api/visit/owners/1/pets/1/visits,200,0,0.0,1
2026-07-22T21:36:19.939817+00:00,6408004354905372,2026-07-22T21:35:29.566692+00:00,19.845,3,2,visits-service|api-gateway,False,GET,/api/visit/owners/1/pets/1/visits,200,0,0.0,1
2026-07-22T21:36:19.939817+00:00,65d48ed7eb52bbb6,2026-07-22T21:35:29.460028+00:00,10.893,3,2,visits-service|api-gateway,False,GET,/api/visit/owners/1/pets/1/visits,200,0,0.0,1
2026-07-22T21:36:19.939817+00:00,47cb7c03207fefa8,2026-07-22T21:35:29.233002+00:00,37.433,4,2,api-gateway|customers-service,False,GET,/api/customer/owners/1,200,1,32.241,1
2026-07-22T21:36:19.939817+00:00,253ef78a223e73f7,2026-07-22T21:35:29.066459+00:00,41.023,4,2,api-gateway|customers-service,False,GET,/api/customer/owners/1,200,1,34.844,1
2026-07-22T21:36:19.939817+00:00,b7835e23f342841b,2026-07-22T21:35:28.899657+00:00,82.057,4,2,api-gateway|vets-service,False,GET,/api/vet/vets,200,1,68.136,1
2026-07-22T21:36:19.939817+00:00,c92964418c7de9f2,2026-07-22T21:35:28.732384+00:00,92.347,4,2,api-gateway|customers-service,False,GET,/api/customer/owners,200,1,87.505,1
2026-07-22T21:36:19.939817+00:00,89356c9b38106dc6,2026-07-22T21:35:28.567411+00:00,75.183,4,2,api-gateway|vets-service,False,GET,/api/vet/vets,200,1,60.335,1
2026-07-22T21:36:19.939817+00:00,905ec3fda5b1e3e2,2026-07-22T21:35:28.400004+00:00,50.214,4,2,api-gateway|customers-service,False,GET,/api/customer/owners/1,200,1,42.956,1
2026-07-22T21:36:19.939817+00:00,fbdab86205edff35,2026-07-22T21:35:28.233938+00:00,28.723,3,2,visits-service|api-gateway,False,GET,/api/visit/owners/1/pets/1/visits,200,0,0.0,1
2026-07-22T21:36:19.939817+00:00,b879d7b927e58f15,2026-07-22T21:35:28.126539+00:00,69.036,4,2,api-gateway|vets-service,False,GET,/api/vet/vets,200,1,66.935,1
2026-07-22T21:36:19.939817+00:00,0f6a4a14c27f676b,2026-07-22T21:35:27.899716+00:00,82.659,4,2,api-gateway|vets-service,False,GET,/api/vet/vets,200,1,63.869,1
2026-07-22T21:36:19.939817+00:00,f78e7f12f37442bd,2026-07-22T21:35:27.733600+00:00,34.584,4,2,api-gateway|customers-service,False,GET,/api/customer/owners/1,200,1,28.365,1
2026-07-22T21:36:19.939817+00:00,5549f12f45edf394,2026-07-22T21:35:27.566297+00:00,34.076,4,2,api-gateway|customers-service,False,GET,/api/customer/owners/1,200,1,28.755,1
2026-07-22T21:36:19.939817+00:00,79b89417136047a7,2026-07-22T21:35:27.401622+00:00,32.23,4,2,api-gateway|customers-service,False,GET,/api/customer/owners/1,200,1,29.231,1
2026-07-22T21:36:19.939817+00:00,9dd42c71c04279f0,2026-07-22T21:35:27.233789+00:00,21.818,3,2,visits-service|api-gateway,False,GET,/api/visit/owners/1/pets/1/visits,200,0,0.0,1
2026-07-22T21:36:19.939817+00:00,7f5270edc1305d3d,2026-07-22T21:35:27.066452+00:00,86.67,4,2,api-gateway|customers-service,False,GET,/api/customer/owners,200,1,81.896,1
2026-07-22T21:36:19.939817+00:00,4fc2b7561349f249,2026-07-22T21:35:26.899972+00:00,23.811,3,2,visits-service|api-gateway,False,GET,/api/visit/owners/1/pets/1/visits,200,0,0.0,1
2026-07-22T21:36:19.939817+00:00,cac60cd39d0182b0,2026-07-22T21:35:26.734243+00:00,103.687,4,2,api-gateway|customers-service,False,GET,/api/customer/owners,200,1,96.643,1
2026-07-22T21:36:19.939817+00:00,db7766050c897bea,2026-07-22T21:35:26.566307+00:00,77.327,4,2,api-gateway|vets-service,False,GET,/api/vet/vets,200,1,62.061,1
2026-07-22T21:36:19.939817+00:00,586292c050748a59,2026-07-22T21:35:26.434097+00:00,52.407,4,2,api-gateway|vets-service,False,GET,/api/vet/vets,200,1,50.385,1
2026-07-22T21:36:19.939817+00:00,6ffa9c0a52245910,2026-07-22T21:35:26.265324+00:00,61.208,4,2,api-gateway|vets-service,False,GET,/api/vet/vets,200,1,59.332,1
2026-07-22T21:36:19.939817+00:00,f7a8894cd64cba80,2026-07-22T21:35:26.094557+00:00,70.506,4,2,api-gateway|vets-service,False,GET,/api/vet/vets,200,1,68.397,1
2026-07-22T21:36:19.939817+00:00,98ff6e3d3b8bd160,2026-07-22T21:35:25.900015+00:00,20.884,3,2,visits-service|api-gateway,False,GET,/api/visit/owners/1/pets/1/visits,200,0,0.0,1
2026-07-22T21:36:19.939817+00:00,79f94080d12a098a,2026-07-22T21:35:24.885430+00:00,22.819,3,2,visits-service|api-gateway,False,GET,/api/visit/owners/1/pets/1/visits,200,0,0.0,1
2026-07-22T21:36:19.939817+00:00,00bf146b3dcfefff,2026-07-22T21:35:24.385861+00:00,26.094,3,2,visits-service|api-gateway,False,GET,/api/visit/owners/1/pets/1/visits,200,0,0.0,1
2026-07-22T21:36:19.939817+00:00,c7eb4f6eb9cdb070,2026-07-22T21:35:25.054347+00:00,46.795,4,2,api-gateway|customers-service,False,GET,/api/customer/owners/1,200,1,42.2,1
2026-07-22T21:36:19.939817+00:00,fa995d00800b60dc,2026-07-22T21:35:24.219260+00:00,66.191,4,2,api-gateway|vets-service,False,GET,/api/vet/vets,200,1,54.961,1
2026-07-22T21:36:19.939817+00:00,f8b6c49e66a2b7c9,2026-07-22T21:35:24.719202+00:00,89.428,4,2,api-gateway|customers-service,False,GET,/api/customer/owners,200,1,84.568,1
2026-07-22T21:36:19.939817+00:00,7683fa500ebbf26a,2026-07-22T21:35:23.885961+00:00,52.34,4,2,api-gateway|vets-service,False,GET,/api/vet/vets,200,1,40.644,1
2026-07-22T21:36:19.939817+00:00,b9cdb8fcb7d52da2,2026-07-22T21:35:24.552454+00:00,112.867,4,2,api-gateway|customers-service,False,GET,/api/customer/owners,200,1,104.311,1
2026-07-22T21:36:19.939817+00:00,57905ea3f01bbe73,2026-07-22T21:35:24.052735+00:00,79.633,4,2,api-gateway|customers-service,False,GET,/api/customer/owners,200,1,72.671,1
2026-07-22T21:36:19.939817+00:00,17793b3e772e8480,2026-07-22T21:35:23.219025+00:00,87.876,4,2,api-gateway|vets-service,False,GET,/api/vet/vets,200,1,73.807,1
2026-07-22T21:36:19.939817+00:00,399bcbb406bf0ea9,2026-07-22T21:35:23.719349+00:00,75.159,4,2,api-gateway|customers-service,False,GET,/api/customer/owners,200,1,69.847,1
2026-07-22T21:36:19.939817+00:00,a762cc25573ecdb2,2026-07-22T21:35:23.552423+00:00,35.913,4,2,api-gateway|customers-service,False,GET,/api/customer/owners/1,200,1,29.977,1
2026-07-22T21:36:19.939817+00:00,511eeb77c93a092b,2026-07-22T21:35:23.388802+00:00,33.672,4,2,api-gateway|customers-service,False,GET,/api/customer/owners/1,200,1,30.191,1
2026-07-22T21:36:19.939817+00:00,46e10dffd0e13395,2026-07-22T21:35:23.379798+00:00,72.642,4,2,api-gateway|vets-service,False,GET,/api/vet/vets,200,1,70.449,1
2026-07-22T21:36:19.939817+00:00,54d1d5e2b735853e,2026-07-22T21:35:23.210192+00:00,74.617,4,2,api-gateway|vets-service,False,GET,/api/vet/vets,200,1,72.458,1
2026-07-22T21:36:19.939817+00:00,c81346592a112944,2026-07-22T21:35:23.052718+00:00,104.128,4,2,api-gateway|customers-service,False,GET,/api/customer/owners,200,1,96.554,1
2026-07-22T21:36:19.939817+00:00,4d3b4635f4dd2394,2026-07-22T21:35:22.885757+00:00,47.067,4,2,api-gateway|customers-service,False,GET,/api/customer/owners/1,200,1,39.194,1
2026-07-22T21:36:19.939817+00:00,4634a7200f759b0a,2026-07-22T21:35:22.386418+00:00,37.609,4,2,api-gateway|customers-service,False,GET,/api/customer/owners/1,200,1,32.331,1
2026-07-22T21:36:19.939817+00:00,8fca7f9fb02c2863,2026-07-22T21:35:21.724113+00:00,72.183,4,2,api-gateway|vets-service,False,GET,/api/vet/vets,200,1,61.497,1
2026-07-22T21:36:19.939817+00:00,b69689e817d20ae0,2026-07-22T21:35:22.220528+00:00,91.854,4,2,api-gateway|customers-service,False,GET,/api/customer/owners,200,1,85.005,1
2026-07-22T21:36:19.939817+00:00,1ebc96b3e8c998ac,2026-07-22T21:35:21.553880+00:00,74.015,4,2,api-gateway|vets-service,False,GET,/api/vet/vets,200,1,61.158,1
2026-07-22T21:36:19.939817+00:00,089510e54c9aac50,2026-07-22T21:35:22.054557+00:00,47.416,4,2,api-gateway|customers-service,False,GET,/api/customer/owners/1,200,1,40.388,1
2026-07-22T21:36:19.939817+00:00,c7063c5cfd0699d1,2026-07-22T21:35:21.386818+00:00,17.17,3,2,visits-service|api-gateway,False,GET,/api/visit/owners/1/pets/1/visits,200,0,0.0,1
2026-07-22T21:36:19.939817+00:00,47f73d84844ea00d,2026-07-22T21:35:21.221147+00:00,69.64,3,2,visits-service|api-gateway,False,GET,/api/visit/owners/1/pets/1/visits,200,0,0.0,1
2026-07-22T21:36:19.939817+00:00,cd4e9884269471b3,2026-07-22T21:35:21.887150+00:00,108.337,4,2,api-gateway|customers-service,False,GET,/api/customer/owners,200,1,99.842,1
2026-07-22T21:36:19.939817+00:00,981e4bf5c645995a,2026-07-22T21:35:20.885981+00:00,115.875,4,2,api-gateway|vets-service,False,GET,/api/vet/vets,200,1,70.164,1
2026-07-22T21:36:19.939817+00:00,42c484720119445a,2026-07-22T21:35:21.053867+00:00,51.894,4,2,api-gateway|customers-service,False,GET,/api/customer/owners/1,200,1,43.542,1
2026-07-22T21:36:19.939817+00:00,1d635671d16e93d2,2026-07-22T21:36:20.324900+00:00,60.912,2,1,vets-service,False,,,200,1,58.831,0
2026-07-22T21:37:20.118896+00:00,26cd742289be97e7,2026-07-22T21:37:19.851332+00:00,78.68,4,2,api-gateway|vets-service,False,GET,/api/vet/vets,200,1,65.983,1
2026-07-22T21:37:20.118896+00:00,44f67c67e2cdf2b8,2026-07-22T21:37:20.186367+00:00,84.242,4,2,api-gateway|customers-service,False,GET,/api/customer/owners,200,1,82.171,1
2026-07-22T21:37:20.118896+00:00,eef3084d9ece9de5,2026-07-22T21:37:20.017878+00:00,75.572,4,2,api-gateway|vets-service,False,GET,/api/vet/vets,200,1,64.943,1
2026-07-22T21:37:20.118896+00:00,856d31a68c1f170c,2026-07-22T21:37:19.518171+00:00,79.512,4,2,api-gateway|vets-service,False,GET,/api/vet/vets,200,1,66.183,1
2026-07-22T21:37:20.118896+00:00,92adc339e0ac15ed,2026-07-22T21:37:19.350752+00:00,20.629,3,2,visits-service|api-gateway,False,GET,/api/visit/owners/1/pets/1/visits,200,0,0.0,1
2026-07-22T21:37:20.118896+00:00,81094bf1ad9d13ec,2026-07-22T21:37:19.688945+00:00,44.568,4,2,api-gateway|customers-service,False,GET,/api/customer/owners/1,200,1,41.585,1
2026-07-22T21:37:20.118896+00:00,9d76c1c643199edb,2026-07-22T21:37:19.629297+00:00,12.155,3,2,visits-service|api-gateway,False,GET,/api/visit/owners/1/pets/1/visits,200,0,0.0,1
2026-07-22T21:37:20.118896+00:00,5fc13416f30a1820,2026-07-22T21:37:19.456252+00:00,12.174,3,2,visits-service|api-gateway,False,GET,/api/visit/owners/1/pets/1/visits,200,0,0.0,1
2026-07-22T21:37:20.118896+00:00,dc24442389a25aa1,2026-07-22T21:37:18.685112+00:00,64.633,4,2,api-gateway|vets-service,False,GET,/api/vet/vets,200,1,52.98,1
2026-07-22T21:37:20.118896+00:00,d3b693c4e2e75ad7,2026-07-22T21:37:18.853988+00:00,92.686,4,2,api-gateway|customers-service,False,GET,/api/customer/owners,200,1,91.112,1
2026-07-22T21:37:20.118896+00:00,8c2b43bc7a156897,2026-07-22T21:37:18.602235+00:00,62.035,4,2,api-gateway|vets-service,False,GET,/api/vet/vets,200,1,60.171,1
2026-07-22T21:37:20.118896+00:00,9161a07ebe01a5e3,2026-07-22T21:37:18.519475+00:00,34.191,4,2,api-gateway|customers-service,False,GET,/api/customer/owners/1,200,1,32.284,1
2026-07-22T21:37:20.118896+00:00,7964ff455dca2f6b,2026-07-22T21:37:18.350614+00:00,33.232,4,2,api-gateway|customers-service,False,GET,/api/customer/owners/1,200,1,27.472,1
2026-07-22T21:37:20.118896+00:00,481caeaf831e6b8c,2026-07-22T21:37:17.851650+00:00,17.363,3,2,visits-service|api-gateway,False,GET,/api/visit/owners/1/pets/1/visits,200,0,0.0,1
2026-07-22T21:37:20.118896+00:00,c3f7b402b10e824e,2026-07-22T21:37:17.684981+00:00,19.974,3,2,visits-service|api-gateway,False,GET,/api/visit/owners/1/pets/1/visits,200,0,0.0,1
2026-07-22T21:37:20.118896+00:00,85f86986615ec775,2026-07-22T21:37:18.022082+00:00,92.762,4,2,api-gateway|customers-service,False,GET,/api/customer/owners,200,1,90.745,1
2026-07-22T21:37:20.118896+00:00,43307689d9e3153e,2026-07-22T21:37:17.518376+00:00,24.801,3,2,visits-service|api-gateway,False,GET,/api/visit/owners/1/pets/1/visits,200,0,0.0,1
2026-07-22T21:37:20.118896+00:00,f39c27dcc7cf63e9,2026-07-22T21:37:17.351840+00:00,73.786,4,2,api-gateway|vets-service,False,GET,/api/vet/vets,200,1,59.167,1
2026-07-22T21:37:20.118896+00:00,b7434024f68475a8,2026-07-22T21:37:17.188562+00:00,110.111,4,2,api-gateway|customers-service,False,GET,/api/customer/owners,200,1,107.399,1
2026-07-22T21:37:20.118896+00:00,2f736383b53e3dd2,2026-07-22T21:37:17.020247+00:00,33.651,4,2,api-gateway|customers-service,False,GET,/api/customer/owners/1,200,1,31.019,1
2026-07-22T21:37:20.118896+00:00,bf49771749b8f4cc,2026-07-22T21:37:16.518436+00:00,69.543,4,2,api-gateway|vets-service,False,GET,/api/vet/vets,200,1,55.328,1
2026-07-22T21:37:20.118896+00:00,bde4d2d2d7ac077f,2026-07-22T21:37:16.855914+00:00,81.07,4,2,api-gateway|customers-service,False,GET,/api/customer/owners,200,1,78.392,1
2026-07-22T21:37:20.118896+00:00,c69743160d8c7fcd,2026-07-22T21:37:16.687420+00:00,32.253,4,2,api-gateway|customers-service,False,GET,/api/customer/owners/1,200,1,32.253,1
2026-07-22T21:37:20.118896+00:00,2830408307d0d21d,2026-07-22T21:37:16.557556+00:00,61.314,4,2,api-gateway|vets-service,False,GET,/api/vet/vets,200,1,59.336,1
2026-07-22T21:37:20.118896+00:00,3ba04cfa4ab99473,2026-07-22T21:37:16.356565+00:00,41.255,4,2,api-gateway|customers-service,False,GET,/api/customer/owners/1,200,1,38.011,1
2026-07-22T21:37:20.118896+00:00,405415a7f9d9837f,2026-07-22T21:37:16.020554+00:00,34.389,4,2,api-gateway|customers-service,False,GET,/api/customer/owners/1,200,1,34.389,1
2026-07-22T21:37:20.118896+00:00,5085cce45b41e891,2026-07-22T21:37:15.854803+00:00,111.405,4,2,api-gateway|customers-service,False,GET,/api/customer/owners,200,1,109.088,1
2026-07-22T21:37:20.118896+00:00,63ce75fde6903a40,2026-07-22T21:37:15.351567+00:00,21.51,3,2,visits-service|api-gateway,False,GET,/api/visit/owners/1/pets/1/visits,200,0,0.0,1
2026-07-22T21:37:20.118896+00:00,eadfa849018a6ee5,2026-07-22T21:37:15.687782+00:00,27.628,4,2,api-gateway|customers-service,False,GET,/api/customer/owners/1,200,1,26.022,1
2026-07-22T21:37:20.118896+00:00,af7e4d2f57cc8d3c,2026-07-22T21:37:15.521840+00:00,101.17,4,2,api-gateway|customers-service,False,GET,/api/customer/owners,200,1,98.337,1
2026-07-22T21:37:20.118896+00:00,e67b261fd9341773,2026-07-22T21:37:14.851977+00:00,26.811,3,2,visits-service|api-gateway,False,GET,/api/visit/owners/1/pets/1/visits,200,0,0.0,1
2026-07-22T21:37:20.118896+00:00,9b17c2347dcc7907,2026-07-22T21:37:15.187342+00:00,37.448,4,2,api-gateway|customers-service,False,GET,/api/customer/owners/1,200,1,35.692,1
2026-07-22T21:37:20.118896+00:00,c4f9f3cfc254e717,2026-07-22T21:37:14.684860+00:00,75.718,4,2,api-gateway|vets-service,False,GET,/api/vet/vets,200,1,62.967,1
2026-07-22T21:37:20.118896+00:00,a811bdca681fbdd7,2026-07-22T21:37:15.020448+00:00,34.382,4,2,api-gateway|customers-service,False,GET,/api/customer/owners/1,200,1,34.382,1
2026-07-22T21:37:20.118896+00:00,d33e5e9745ed4e8a,2026-07-22T21:37:14.350910+00:00,22.497,3,2,visits-service|api-gateway,False,GET,/api/visit/owners/1/pets/1/visits,200,0,0.0,1
2026-07-22T21:37:20.118896+00:00,cefdca74a3b0960b,2026-07-22T21:37:14.520820+00:00,31.104,4,2,api-gateway|customers-service,False,GET,/api/customer/owners/1,200,1,29.224,1
2026-07-22T21:37:20.118896+00:00,5a804b68e2b63f62,2026-07-22T21:37:14.017808+00:00,72.4,4,2,api-gateway|vets-service,False,GET,/api/vet/vets,200,1,61.284,1
2026-07-22T21:37:20.118896+00:00,319685bbd0398897,2026-07-22T21:37:14.186579+00:00,76.86,4,2,api-gateway|customers-service,False,GET,/api/customer/owners,200,1,74.923,1
2026-07-22T21:37:20.118896+00:00,64e86c2e21ec5361,2026-07-22T21:37:13.851663+00:00,73.808,4,2,api-gateway|vets-service,False,GET,/api/vet/vets,200,1,60.484,1
2026-07-22T21:37:20.118896+00:00,1106486f13c1039d,2026-07-22T21:37:13.518491+00:00,80.554,4,2,api-gateway|vets-service,False,GET,/api/vet/vets,200,1,66.789,1
2026-07-22T21:37:20.118896+00:00,c807b466cfaab468,2026-07-22T21:37:13.688807+00:00,102.22,4,2,api-gateway|customers-service,False,GET,/api/customer/owners,200,1,99.119,1
2026-07-22T21:37:20.118896+00:00,855431c452945cc2,2026-07-22T21:37:13.351676+00:00,73.33,4,2,api-gateway|vets-service,False,GET,/api/vet/vets,200,1,60.617,1
2026-07-22T21:37:20.118896+00:00,cf44245f92ae5b57,2026-07-22T21:37:13.491211+00:00,7.941,3,2,visits-service|api-gateway,False,GET,/api/visit/owners/1/pets/1/visits,200,0,0.0,1
2026-07-22T21:37:20.118896+00:00,cdba96b9ab7c7828,2026-07-22T21:37:13.017921+00:00,22.136,3,2,visits-service|api-gateway,False,GET,/api/visit/owners/1/pets/1/visits,200,0,0.0,1
2026-07-22T21:37:20.118896+00:00,0937a96592ff0e90,2026-07-22T21:37:12.851533+00:00,73.404,4,2,api-gateway|vets-service,False,GET,/api/vet/vets,200,1,63.741,1
2026-07-22T21:37:20.118896+00:00,9bdd08b963a8fc1f,2026-07-22T21:37:12.517681+00:00,25.377,3,2,visits-service|api-gateway,False,GET,/api/visit/owners/1/pets/1/visits,200,0,0.0,1
2026-07-22T21:37:20.118896+00:00,1099fd952254d958,2026-07-22T21:37:12.688517+00:00,88.438,4,2,api-gateway|customers-service,False,GET,/api/customer/owners,200,1,86.215,1
2026-07-22T21:37:20.118896+00:00,ae9694a896b52c66,2026-07-22T21:37:12.444373+00:00,60.646,4,2,api-gateway|vets-service,False,GET,/api/vet/vets,200,1,58.67,1
2026-07-22T21:37:20.118896+00:00,150c45670de369f8,2026-07-22T21:37:12.355568+00:00,104.761,4,2,api-gateway|customers-service,False,GET,/api/customer/owners,200,1,102.885,1
2026-07-22T21:37:20.118896+00:00,b4f84b60962cef22,2026-07-22T21:37:11.851975+00:00,75.358,4,2,api-gateway|vets-service,False,GET,/api/vet/vets,200,1,60.793,1
2026-07-22T21:37:20.118896+00:00,fc7bdadee3a4fd4f,2026-07-22T21:37:12.021491+00:00,43.602,4,2,api-gateway|customers-service,False,GET,/api/customer/owners/1,200,1,29.488,1
2026-07-22T21:37:20.118896+00:00,8c95da8f924b2dbf,2026-07-22T21:37:11.688639+00:00,34.393,4,2,api-gateway|customers-service,False,GET,/api/customer/owners/1,200,1,31.496,1
2026-07-22T21:37:20.118896+00:00,9fe226d6abd04b72,2026-07-22T21:37:11.351770+00:00,23.13,3,2,visits-service|api-gateway,False,GET,/api/visit/owners/1/pets/1/visits,200,0,0.0,1
2026-07-22T21:37:20.118896+00:00,e25949847982d943,2026-07-22T21:37:11.521747+00:00,35.176,4,2,api-gateway|customers-service,False,GET,/api/customer/owners/1,200,1,32.54,1
2026-07-22T21:37:20.118896+00:00,60438bd717d4081d,2026-07-22T21:37:11.188808+00:00,38.49,4,2,api-gateway|customers-service,False,GET,/api/customer/owners/1,200,1,35.719,1
2026-07-22T21:37:20.118896+00:00,cdaf5a362d656253,2026-07-22T21:37:11.021936+00:00,99.575,4,2,api-gateway|customers-service,False,GET,/api/customer/owners,200,1,97.075,1
2026-07-22T21:37:20.118896+00:00,c22f70b48d4d899a,2026-07-22T21:37:10.854770+00:00,92.252,4,2,api-gateway|customers-service,False,GET,/api/customer/owners,200,1,89.439,1
2026-07-22T21:37:20.118896+00:00,c30c1096fb57673c,2026-07-22T21:37:10.688272+00:00,94.243,4,2,api-gateway|customers-service,False,GET,/api/customer/owners,200,1,91.309,1
2026-07-22T21:37:20.118896+00:00,1b85fd68c19b27f3,2026-07-22T21:37:10.351432+00:00,78.215,4,2,api-gateway|vets-service,False,GET,/api/vet/vets,200,1,66.492,1
2026-07-22T21:37:20.118896+00:00,20d84a14e7ae49f2,2026-07-22T21:37:10.522533+00:00,37.571,4,2,api-gateway|customers-service,False,GET,/api/customer/owners/1,200,1,35.003,1
2026-07-22T21:37:20.118896+00:00,c72a44996f507cce,2026-07-22T21:37:10.188602+00:00,83.665,4,2,api-gateway|customers-service,False,GET,/api/customer/owners,200,1,83.665,1
2026-07-22T21:37:20.118896+00:00,2965af764a6e9869,2026-07-22T21:37:10.018646+00:00,23.649,3,2,visits-service|api-gateway,False,GET,/api/visit/owners/1/pets/1/visits,200,0,0.0,1
2026-07-22T21:37:20.118896+00:00,790389587a8ebbda,2026-07-22T21:37:10.005273+00:00,69.368,4,2,api-gateway|vets-service,False,GET,/api/vet/vets,200,1,67.401,1
2026-07-22T21:37:20.118896+00:00,de4b5687cdfed2c1,2026-07-22T21:37:09.684889+00:00,24.607,3,2,visits-service|api-gateway,False,GET,/api/visit/owners/1/pets/1/visits,200,0,0.0,1
2026-07-22T21:37:20.118896+00:00,5874bc12606c6b83,2026-07-22T21:37:09.522010+00:00,91.917,4,2,api-gateway|customers-service,False,GET,/api/customer/owners,200,1,89.772,1
2026-07-22T21:37:20.118896+00:00,e9bdc1c65abcf196,2026-07-22T21:37:09.483183+00:00,62.976,4,2,api-gateway|vets-service,False,GET,/api/vet/vets,200,1,60.95,1
2026-07-22T21:37:20.118896+00:00,06381d646ee6d642,2026-07-22T21:37:09.186705+00:00,141.343,4,2,api-gateway|customers-service,False,GET,/api/customer/owners/1,200,1,137.773,1
2026-07-22T21:37:20.118896+00:00,f39603c7c4d59e51,2026-07-22T21:37:09.018601+00:00,24.769,3,2,visits-service|api-gateway,False,GET,/api/visit/owners/1/pets/1/visits,200,0,0.0,1
2026-07-22T21:37:20.118896+00:00,d5c41d1f8cd7841f,2026-07-22T21:37:08.853647+00:00,28.664,4,2,api-gateway|customers-service,False,GET,/api/customer/owners/1,200,1,26.649,1
2026-07-22T21:37:20.118896+00:00,e04539b09608fc57,2026-07-22T21:37:08.689495+00:00,85.708,4,2,api-gateway|customers-service,False,GET,/api/customer/owners,200,1,83.271,1
2026-07-22T21:37:20.118896+00:00,c81df7eaafcb3280,2026-07-22T21:37:08.522525+00:00,43.643,4,2,api-gateway|customers-service,False,GET,/api/customer/owners/1,200,1,40.933,1
2026-07-22T21:37:20.118896+00:00,f1fa1762c08df9a9,2026-07-22T21:37:08.444430+00:00,62.294,4,2,api-gateway|vets-service,False,GET,/api/vet/vets,200,1,60.516,1
2026-07-22T21:37:20.118896+00:00,36654a5584a98d8b,2026-07-22T21:37:08.189072+00:00,39.508,4,2,api-gateway|customers-service,False,GET,/api/customer/owners/1,200,1,36.67,1
2026-07-22T21:37:20.118896+00:00,770083ad67e6b4a4,2026-07-22T21:37:08.018608+00:00,23.932,3,2,visits-service|api-gateway,False,GET,/api/visit/owners/1/pets/1/visits,200,0,0.0,1
2026-07-22T21:37:20.118896+00:00,102d48f17b2f8a55,2026-07-22T21:37:07.855273+00:00,35.507,4,2,api-gateway|customers-service,False,GET,/api/customer/owners/1,200,1,32.862,1
2026-07-22T21:37:20.118896+00:00,fd7cb7da53c0858e,2026-07-22T21:37:07.688880+00:00,104.764,4,2,api-gateway|customers-service,False,GET,/api/customer/owners,200,1,101.794,1
2026-07-22T21:37:20.118896+00:00,fd8c5450160efcb0,2026-07-22T21:37:07.517800+00:00,20.549,3,2,visits-service|api-gateway,False,GET,/api/visit/owners/1/pets/1/visits,200,0,0.0,1
2026-07-22T21:37:20.118896+00:00,bf56a46eb2e841df,2026-07-22T21:37:07.424317+00:00,65.08,4,2,api-gateway|vets-service,False,GET,/api/vet/vets,200,1,62.511,1
2026-07-22T21:37:20.118896+00:00,9203e8d356a7cbf6,2026-07-22T21:37:07.184900+00:00,26.563,3,2,visits-service|api-gateway,False,GET,/api/visit/owners/1/pets/1/visits,200,0,0.0,1
2026-07-22T21:37:20.118896+00:00,12244f24c60483f2,2026-07-22T21:37:07.021386+00:00,95.335,4,2,api-gateway|customers-service,False,GET,/api/customer/owners,200,1,92.886,1
2026-07-22T21:37:20.118896+00:00,ad5873d48bda3160,2026-07-22T21:37:06.916366+00:00,64.743,4,2,api-gateway|vets-service,False,GET,/api/vet/vets,200,1,62.235,1
2026-07-22T21:37:20.118896+00:00,d4993c7a3900bc89,2026-07-22T21:37:06.745915+00:00,62.318,4,2,api-gateway|vets-service,False,GET,/api/vet/vets,200,1,60.205,1
2026-07-22T21:37:20.118896+00:00,2b5914bdb132d599,2026-07-22T21:37:06.521740+00:00,93.56,4,2,api-gateway|customers-service,False,GET,/api/customer/owners,200,1,91.373,1
2026-07-22T21:37:20.118896+00:00,917599301e9729ef,2026-07-22T21:37:06.403874+00:00,53.934,4,2,api-gateway|vets-service,False,GET,/api/vet/vets,200,1,52.105,1
2026-07-22T21:37:20.118896+00:00,de2caf28ae76c444,2026-07-22T21:37:06.184871+00:00,86.553,4,2,api-gateway|customers-service,False,GET,/api/customer/owners,200,1,81.538,1
2026-07-22T21:37:20.118896+00:00,6a7efc4c80cb55b5,2026-07-22T21:37:06.066345+00:00,71.342,4,2,api-gateway|vets-service,False,GET,/api/vet/vets,200,1,68.988,1
2026-07-22T21:37:20.118896+00:00,fdcbde19c3488aad,2026-07-22T21:37:05.854304+00:00,88.933,4,2,api-gateway|customers-service,False,GET,/api/customer/owners,200,1,87.278,1
2026-07-22T21:37:20.118896+00:00,a275ad669a3acadb,2026-07-22T21:37:05.683792+00:00,23.318,3,2,visits-service|api-gateway,False,GET,/api/visit/owners/1/pets/1/visits,200,0,0.0,1
2026-07-22T21:37:20.118896+00:00,ccdee5d60090d22c,2026-07-22T21:37:05.517876+00:00,23.832,3,2,visits-service|api-gateway,False,GET,/api/visit/owners/1/pets/1/visits,200,0,0.0,1
2026-07-22T21:37:20.118896+00:00,095abd5bc41c96ba,2026-07-22T21:37:05.385375+00:00,70.453,4,2,api-gateway|vets-service,False,GET,/api/vet/vets,200,1,67.65,1
2026-07-22T21:37:20.118896+00:00,724b606e9b45e31f,2026-07-22T21:37:05.189331+00:00,98.574,4,2,api-gateway|customers-service,False,GET,/api/customer/owners,200,1,96.312,1
2026-07-22T21:37:20.118896+00:00,ce5d88152658eaee,2026-07-22T21:37:05.020584+00:00,24.911,4,2,api-gateway|customers-service,False,GET,/api/customer/owners/1,200,1,24.911,1
2026-07-22T21:37:20.118896+00:00,dd190513acde3e24,2026-07-22T21:37:04.857186+00:00,41.783,4,2,api-gateway|customers-service,False,GET,/api/customer/owners/1,200,1,38.252,1
2026-07-22T21:37:20.118896+00:00,75923ad80b9cc9b8,2026-07-22T21:37:04.705577+00:00,12.389,3,2,visits-service|api-gateway,False,GET,/api/visit/owners/1/pets/1/visits,200,0,0.0,1
2026-07-22T21:37:20.118896+00:00,4b549fdd873b09ae,2026-07-22T21:37:04.197314+00:00,8.3,3,2,visits-service|api-gateway,False,GET,/api/visit/owners/1/pets/1/visits,200,0,0.0,1
2026-07-22T21:37:20.118896+00:00,6f299d2d46bfdaf6,2026-07-22T21:37:03.844604+00:00,8.53,3,2,visits-service|api-gateway,False,GET,/api/visit/owners/1/pets/1/visits,200,0,0.0,1
2026-07-22T21:37:20.118896+00:00,fd871a8a2a5297de,2026-07-22T21:37:03.690371+00:00,77.605,4,2,api-gateway|customers-service,False,GET,/api/customer/owners,200,1,75.735,1
2026-07-22T21:37:20.118896+00:00,e0317865b4767bcd,2026-07-22T21:37:03.668033+00:00,62.508,4,2,api-gateway|vets-service,False,GET,/api/vet/vets,200,1,60.539,1
2026-07-22T21:37:20.118896+00:00,47b1ef5bc531f7ec,2026-07-22T21:37:03.543280+00:00,29.942,4,2,api-gateway|customers-service,False,GET,/api/customer/owners/1,200,1,27.611,1
2026-07-22T21:37:20.118896+00:00,ea3d9943cc93bc8a,2026-07-22T21:37:03.491781+00:00,7.522,3,2,visits-service|api-gateway,False,GET,/api/visit/owners/1/pets/1/visits,200,0,0.0,1
2026-07-22T21:37:20.118896+00:00,40333ad49d9a5ee9,2026-07-22T21:37:03.318689+00:00,12.095,3,2,visits-service|api-gateway,False,GET,/api/visit/owners/1/pets/1/visits,200,0,0.0,1
2026-07-22T21:37:20.118896+00:00,682546c1edab590e,2026-07-22T21:37:03.192116+00:00,40.255,4,2,api-gateway|customers-service,False,GET,/api/customer/owners/1,200,1,37.556,1
2026-07-22T21:37:20.118896+00:00,6cfc1ff42fd6b378,2026-07-22T21:37:02.789795+00:00,61.906,4,2,api-gateway|vets-service,False,GET,/api/vet/vets,200,1,59.872,1
2026-07-22T21:37:20.118896+00:00,eb3deec4506efa5b,2026-07-22T21:37:02.440558+00:00,54.626,4,2,api-gateway|vets-service,False,GET,/api/vet/vets,200,1,52.862,1
2026-07-22T21:37:20.118896+00:00,7ddc0fb6f17e6754,2026-07-22T21:37:02.358920+00:00,40.955,4,2,api-gateway|customers-service,False,GET,/api/customer/owners/1,200,1,38.446,1
2026-07-22T21:37:20.118896+00:00,8d6884d8fabb26a5,2026-07-22T21:37:02.264498+00:00,11.917,3,2,visits-service|api-gateway,False,GET,/api/visit/owners/1/pets/1/visits,200,0,0.0,1
2026-07-22T21:37:20.118896+00:00,1918df64a0743dc4,2026-07-22T21:37:02.191408+00:00,73.82,4,2,api-gateway|customers-service,False,GET,/api/customer/owners,200,1,72.196,1
2026-07-22T21:37:20.118896+00:00,429ddecc604a1780,2026-07-22T21:37:01.355367+00:00,76.846,4,2,api-gateway|vets-service,False,GET,/api/vet/vets,200,1,67.583,1
2026-07-22T21:37:20.118896+00:00,2c8e765c2ec303b5,2026-07-22T21:37:01.858734+00:00,31.926,4,2,api-gateway|customers-service,False,GET,/api/customer/owners/1,200,1,29.976,1
2026-07-22T21:37:20.118896+00:00,f6c32a8e2f84c507,2026-07-22T21:37:01.390044+00:00,63.357,4,2,api-gateway|vets-service,False,GET,/api/vet/vets,200,1,61.236,1
2026-07-22T21:37:20.118896+00:00,6e9a6985d113b1a5,2026-07-22T21:37:01.191434+00:00,29.785,4,2,api-gateway|customers-service,False,GET,/api/customer/owners/1,200,1,27.743,1
2026-07-22T21:37:20.118896+00:00,446df43ed62b5f6d,2026-07-22T21:37:01.024244+00:00,32.768,4,2,api-gateway|customers-service,False,GET,/api/customer/owners/1,200,1,30.621,1
2026-07-22T21:37:20.118896+00:00,c618268226c12aa2,2026-07-22T21:37:00.862287+00:00,61.611,4,2,api-gateway|vets-service,False,GET,/api/vet/vets,200,1,59.614,1
2026-07-22T21:37:20.118896+00:00,7fa1d55cf5f53c17,2026-07-22T21:37:00.859695+00:00,81.197,4,2,api-gateway|customers-service,False,GET,/api/customer/owners,200,1,79.041,1
2026-07-22T21:37:20.118896+00:00,f6aa6844c9510e57,2026-07-22T21:37:00.686571+00:00,8.19,3,2,visits-service|api-gateway,False,GET,/api/visit/owners/1/pets/1/visits,200,0,0.0,1
2026-07-22T21:37:20.118896+00:00,83cf708d6a6cdc8b,2026-07-22T21:37:00.524914+00:00,29.223,4,2,api-gateway|customers-service,False,GET,/api/customer/owners/1,200,1,27.628,1
2026-07-22T21:37:20.118896+00:00,daa09ef7ec6c2afa,2026-07-22T21:37:00.510540+00:00,12.699,3,2,visits-service|api-gateway,False,GET,/api/visit/owners/1/pets/1/visits,200,0,0.0,1
2026-07-22T21:37:20.118896+00:00,c3bbe2bb4216a6e0,2026-07-22T21:37:00.356357+00:00,88.913,4,2,api-gateway|customers-service,False,GET,/api/customer/owners,200,1,87.352,1
2026-07-22T21:37:20.118896+00:00,3cb464d705a3a0b9,2026-07-22T21:37:00.341997+00:00,70.774,4,2,api-gateway|vets-service,False,GET,/api/vet/vets,200,1,68.362,1
2026-07-22T21:37:20.118896+00:00,1380a514f840c2af,2026-07-22T21:36:59.521980+00:00,26.605,3,2,visits-service|api-gateway,False,GET,/api/visit/owners/1/pets/1/visits,200,0,0.0,1
2026-07-22T21:37:20.118896+00:00,d1a7faae1fcc766d,2026-07-22T21:36:59.843713+00:00,10.133,3,2,visits-service|api-gateway,False,GET,/api/visit/owners/1/pets/1/visits,200,0,0.0,1
2026-07-22T21:37:20.118896+00:00,94fdb4b80b272118,2026-07-22T21:36:59.510241+00:00,67.209,4,2,api-gateway|vets-service,False,GET,/api/vet/vets,200,1,65.186,1
2026-07-22T21:37:20.118896+00:00,a8127fd5728af396,2026-07-22T21:36:59.359535+00:00,92.572,4,2,api-gateway|customers-service,False,GET,/api/customer/owners,200,1,90.152,1
2026-07-22T21:37:20.118896+00:00,9347f6789ff0a407,2026-07-22T21:36:59.026776+00:00,37.784,4,2,api-gateway|customers-service,False,GET,/api/customer/owners/1,200,1,34.88,1
2026-07-22T21:37:20.118896+00:00,abda85dd47c9f8b7,2026-07-22T21:36:58.844639+00:00,15.515,3,2,visits-service|api-gateway,False,GET,/api/visit/owners/1/pets/1/visits,200,0,0.0,1
2026-07-22T21:37:20.118896+00:00,391291189317b094,2026-07-22T21:36:58.691392+00:00,88.682,4,2,api-gateway|customers-service,False,GET,/api/customer/owners,200,1,86.747,1
2026-07-22T21:37:20.118896+00:00,071b05f1c031dd8d,2026-07-22T21:36:58.527613+00:00,90.462,4,2,api-gateway|customers-service,False,GET,/api/customer/owners,200,1,87.644,1
2026-07-22T21:37:20.118896+00:00,a53a8eaa891c5519,2026-07-22T21:36:58.360341+00:00,105.316,4,2,api-gateway|customers-service,False,GET,/api/customer/owners,200,1,102.128,1
2026-07-22T21:37:20.118896+00:00,92ec7e83f2a9dda1,2026-07-22T21:36:58.343184+00:00,61.185,4,2,api-gateway|vets-service,False,GET,/api/vet/vets,200,1,59.032,1
2026-07-22T21:37:20.118896+00:00,9c8b0eb29f5cb6c2,2026-07-22T21:36:58.024688+00:00,38.215,4,2,api-gateway|customers-service,False,GET,/api/customer/owners/1,200,1,36.342,1
2026-07-22T21:37:20.118896+00:00,ccf5bcf65c562bb5,2026-07-22T21:36:58.011191+00:00,11.592,3,2,visits-service|api-gateway,False,GET,/api/visit/owners/1/pets/1/visits,200,0,0.0,1
2026-07-22T21:37:20.118896+00:00,da4bd85b8dcb8c11,2026-07-22T21:36:57.860456+00:00,37.77,4,2,api-gateway|customers-service,False,GET,/api/customer/owners/1,200,1,35.595,1
2026-07-22T21:37:20.118896+00:00,3b16ac48cfe29c29,2026-07-22T21:36:57.677539+00:00,8.17,3,2,visits-service|api-gateway,False,GET,/api/visit/owners/1/pets/1/visits,200,0,0.0,1
2026-07-22T21:37:20.118896+00:00,5079a7cf72696c31,2026-07-22T21:36:57.526903+00:00,37.045,4,2,api-gateway|customers-service,False,GET,/api/customer/owners/1,200,1,34.317,1
2026-07-22T21:37:20.118896+00:00,76c347363174fea8,2026-07-22T21:36:57.511692+00:00,9.023,3,2,visits-service|api-gateway,False,GET,/api/visit/owners/1/pets/1/visits,200,0,0.0,1
2026-07-22T21:37:20.118896+00:00,b7c30b96624d9e3b,2026-07-22T21:36:57.192876+00:00,39.43,4,2,api-gateway|customers-service,False,GET,/api/customer/owners/1,200,1,36.786,1
2026-07-22T21:37:20.118896+00:00,220b5dc383309466,2026-07-22T21:36:56.521098+00:00,19.378,3,2,visits-service|api-gateway,False,GET,/api/visit/owners/1/pets/1/visits,200,0,0.0,1
2026-07-22T21:37:20.118896+00:00,cd18f4829369cc62,2026-07-22T21:36:56.355070+00:00,75.582,4,2,api-gateway|vets-service,False,GET,/api/vet/vets,200,1,60.808,1
2026-07-22T21:37:20.118896+00:00,a22b21ab73d306c1,2026-07-22T21:36:56.693694+00:00,39.432,4,2,api-gateway|customers-service,False,GET,/api/customer/owners/1,200,1,35.62,1
2026-07-22T21:37:20.118896+00:00,d2f767de778b2135,2026-07-22T21:36:56.674422+00:00,11.898,3,2,visits-service|api-gateway,False,GET,/api/visit/owners/1/pets/1/visits,200,0,0.0,1
2026-07-22T21:37:20.118896+00:00,6610a76d7ae4e8a4,2026-07-22T21:36:56.508810+00:00,67.1,4,2,api-gateway|vets-service,False,GET,/api/vet/vets,200,1,64.94,1
2026-07-22T21:37:20.118896+00:00,1c4b8eaed5ec6318,2026-07-22T21:36:56.192036+00:00,89.478,4,2,api-gateway|customers-service,False,GET,/api/customer/owners,200,1,87.609,1
2026-07-22T21:37:20.118896+00:00,0fd9939a7cbbb3a6,2026-07-22T21:36:55.521582+00:00,67.941,4,2,api-gateway|vets-service,False,GET,/api/vet/vets,200,1,55.521,1
2026-07-22T21:37:20.118896+00:00,13b929e44997f04c,2026-07-22T21:36:55.355080+00:00,71.028,4,2,api-gateway|vets-service,False,GET,/api/vet/vets,200,1,59.127,1
2026-07-22T21:37:20.118896+00:00,b8e31f48e42814a3,2026-07-22T21:36:55.693813+00:00,32.989,4,2,api-gateway|customers-service,False,GET,/api/customer/owners/1,200,1,30.931,1
2026-07-22T21:37:20.118896+00:00,8f7ccceac4da3494,2026-07-22T21:36:55.507761+00:00,68.464,4,2,api-gateway|vets-service,False,GET,/api/vet/vets,200,1,66.209,1
2026-07-22T21:37:20.118896+00:00,00614fc82a54d659,2026-07-22T21:36:55.341006+00:00,8.179,3,2,visits-service|api-gateway,False,GET,/api/visit/owners/1/pets/1/visits,200,0,0.0,1
2026-07-22T21:37:20.118896+00:00,cd93ba126b9b5c09,2026-07-22T21:36:55.190734+00:00,90.219,4,2,api-gateway|customers-service,False,GET,/api/customer/owners,200,1,88.111,1
2026-07-22T21:37:20.118896+00:00,1d03ac67b634668c,2026-07-22T21:36:55.024783+00:00,28.29,4,2,api-gateway|customers-service,False,GET,/api/customer/owners/1,200,1,26.263,1
2026-07-22T21:37:20.118896+00:00,b56b4639eb42b4f4,2026-07-22T21:36:55.004865+00:00,15.604,3,2,visits-service|api-gateway,False,GET,/api/visit/owners/1/pets/1/visits,200,0,0.0,1
2026-07-22T21:37:20.118896+00:00,5f0d031a8112735f,2026-07-22T21:36:54.524876+00:00,29.834,4,2,api-gateway|customers-service,False,GET,/api/customer/owners/1,200,1,29.834,1
2026-07-22T21:37:20.118896+00:00,e1f9a652707966be,2026-07-22T21:36:54.192808+00:00,83.181,4,2,api-gateway|customers-service,False,GET,/api/customer/owners,200,1,80.53,1
2026-07-22T21:37:20.118896+00:00,4a203b2ecab6ce2d,2026-07-22T21:36:53.522112+00:00,74.312,4,2,api-gateway|vets-service,False,GET,/api/vet/vets,200,1,63.203,1
2026-07-22T21:37:20.118896+00:00,d8282a9ecd2d4a6a,2026-07-22T21:36:54.034246+00:00,37.987,4,2,api-gateway|customers-service,False,GET,/api/customer/owners/1,200,1,35.978,1
2026-07-22T21:37:20.118896+00:00,7bb07c1e65c6d7df,2026-07-22T21:36:53.941455+00:00,10.509,3,2,visits-service|api-gateway,False,GET,/api/visit/owners/1/pets/1/visits,200,0,0.0,1
2026-07-22T21:37:20.118896+00:00,7e6c95d5e4341878,2026-07-22T21:36:53.857037+00:00,31.497,4,2,api-gateway|customers-service,False,GET,/api/customer/owners/1,200,1,29.426,1
2026-07-22T21:37:20.118896+00:00,a3d38b50842c81a7,2026-07-22T21:36:53.692620+00:00,37.794,4,2,api-gateway|customers-service,False,GET,/api/customer/owners/1,200,1,33.721,1
2026-07-22T21:37:20.118896+00:00,abb95343f79faf63,2026-07-22T21:36:53.587823+00:00,69.05,4,2,api-gateway|vets-service,False,GET,/api/vet/vets,200,1,66.709,1
2026-07-22T21:37:20.118896+00:00,91c83176b12f540a,2026-07-22T21:36:53.193275+00:00,40.158,4,2,api-gateway|customers-service,False,GET,/api/customer/owners/1,200,1,37.142,1
2026-07-22T21:37:20.118896+00:00,594a653a60834aac,2026-07-22T21:36:52.522155+00:00,74.368,4,2,api-gateway|vets-service,False,GET,/api/vet/vets,200,1,59.527,1
2026-07-22T21:37:20.118896+00:00,14af5f644f4c2479,2026-07-22T21:36:52.858769+00:00,80.476,4,2,api-gateway|customers-service,False,GET,/api/customer/owners,200,1,78.194,1
2026-07-22T21:37:20.118896+00:00,84e4fff1102f7f7e,2026-07-22T21:36:52.702768+00:00,64.576,4,2,api-gateway|vets-service,False,GET,/api/vet/vets,200,1,62.423,1
2026-07-22T21:37:20.118896+00:00,807eba5ffc10b288,2026-07-22T21:36:52.690462+00:00,84.86,4,2,api-gateway|customers-service,False,GET,/api/customer/owners,200,1,82.306,1
2026-07-22T21:37:20.118896+00:00,964e2125c99bf656,2026-07-22T21:36:52.527151+00:00,7.045,3,2,visits-service|api-gateway,False,GET,/api/visit/owners/1/pets/1/visits,200,0,0.0,1
2026-07-22T21:37:20.118896+00:00,00cd75f47f2e7787,2026-07-22T21:36:52.355368+00:00,45.618,4,2,api-gateway|customers-service,False,GET,/api/customer/owners/1,200,1,37.833,1
2026-07-22T21:37:20.118896+00:00,58f9ec466fb92a74,2026-07-22T21:36:52.352175+00:00,11.991,3,2,visits-service|api-gateway,False,GET,/api/visit/owners/1/pets/1/visits,200,0,0.0,1
2026-07-22T21:37:20.118896+00:00,cc080214311ec5ca,2026-07-22T21:36:51.522369+00:00,79.411,4,2,api-gateway|vets-service,False,GET,/api/vet/vets,200,1,65.105,1
2026-07-22T21:37:20.118896+00:00,34d82ab030ffb3b3,2026-07-22T21:36:51.693107+00:00,45.558,4,2,api-gateway|customers-service,False,GET,/api/customer/owners/1,200,1,42.747,1
2026-07-22T21:37:20.118896+00:00,79df748eb2bd11f3,2026-07-22T21:36:51.682381+00:00,70.674,4,2,api-gateway|vets-service,False,GET,/api/vet/vets,200,1,68.057,1
2026-07-22T21:37:20.118896+00:00,d7c1b2e4b20c2bbe,2026-07-22T21:36:51.358547+00:00,91.606,4,2,api-gateway|customers-service,False,GET,/api/customer/owners,200,1,89.726,1
2026-07-22T21:37:20.118896+00:00,fbaed2cfced353a3,2026-07-22T21:36:51.025955+00:00,38.48,4,2,api-gateway|customers-service,False,GET,/api/customer/owners/1,200,1,36.202,1
2026-07-22T21:37:20.118896+00:00,81e799dca1ccd3dd,2026-07-22T21:36:50.859216+00:00,85.814,4,2,api-gateway|customers-service,False,GET,/api/customer/owners,200,1,83.497,1
2026-07-22T21:37:20.118896+00:00,f95facb3cdadc419,2026-07-22T21:36:50.355177+00:00,84.454,4,2,api-gateway|vets-service,False,GET,/api/vet/vets,200,1,70.351,1
2026-07-22T21:37:20.118896+00:00,db3168f2017124eb,2026-07-22T21:36:50.693511+00:00,38.412,4,2,api-gateway|customers-service,False,GET,/api/customer/owners/1,200,1,35.373,1
2026-07-22T21:37:20.118896+00:00,52ca8d35c148a7d0,2026-07-22T21:36:50.681955+00:00,69.122,4,2,api-gateway|vets-service,False,GET,/api/vet/vets,200,1,66.235,1
2026-07-22T21:37:20.118896+00:00,7cb5e058c53840da,2026-07-22T21:36:50.527286+00:00,107.665,4,2,api-gateway|customers-service,False,GET,/api/customer/owners,200,1,104.442,1
2026-07-22T21:37:20.118896+00:00,967e6c80e406a007,2026-07-22T21:36:50.348837+00:00,8.398,3,2,visits-service|api-gateway,False,GET,/api/visit/owners/1/pets/1/visits,200,0,0.0,1
2026-07-22T21:37:20.118896+00:00,277ee0292a286f00,2026-07-22T21:36:50.026814+00:00,43.76,4,2,api-gateway|customers-service,False,GET,/api/customer/owners/1,200,1,38.937,1
2026-07-22T21:37:20.118896+00:00,3072ba5ee59902a3,2026-07-22T21:36:49.522311+00:00,26.992,3,2,visits-service|api-gateway,False,GET,/api/visit/owners/1/pets/1/visits,200,0,0.0,1
2026-07-22T21:37:20.118896+00:00,7eec3a11766d00aa,2026-07-22T21:36:49.354826+00:00,69.54,4,2,api-gateway|vets-service,False,GET,/api/vet/vets,200,1,54.011,1
2026-07-22T21:37:20.118896+00:00,cfaf721367c53aac,2026-07-22T21:36:49.692862+00:00,108.425,4,2,api-gateway|customers-service,False,GET,/api/customer/owners,200,1,105.093,1
2026-07-22T21:37:20.118896+00:00,e4c316b2c68a3fe1,2026-07-22T21:36:49.348624+00:00,69.071,4,2,api-gateway|vets-service,False,GET,/api/vet/vets,200,1,66.773,1
2026-07-22T21:37:20.118896+00:00,99bd898ae936cbc2,2026-07-22T21:36:49.190264+00:00,74.854,4,2,api-gateway|customers-service,False,GET,/api/customer/owners,200,1,73.007,1
2026-07-22T21:37:20.118896+00:00,3cb79114e0282bb4,2026-07-22T21:36:49.024624+00:00,26.875,4,2,api-gateway|customers-service,False,GET,/api/customer/owners/1,200,1,26.875,1
2026-07-22T21:37:20.118896+00:00,709c773e8318ffd1,2026-07-22T21:36:48.692646+00:00,36.046,4,2,api-gateway|customers-service,False,GET,/api/customer/owners/1,200,1,33.101,1
2026-07-22T21:37:20.118896+00:00,65e691dc37a73675,2026-07-22T21:36:48.682582+00:00,69.401,4,2,api-gateway|vets-service,False,GET,/api/vet/vets,200,1,66.743,1
2026-07-22T21:37:20.118896+00:00,bbee9d0f1c2500c8,2026-07-22T21:36:48.527230+00:00,113.618,4,2,api-gateway|customers-service,False,GET,/api/customer/owners,200,1,110.201,1
2026-07-22T21:37:20.118896+00:00,3194802e0521750c,2026-07-22T21:36:48.515041+00:00,13.449,3,2,visits-service|api-gateway,False,GET,/api/visit/owners/1/pets/1/visits,200,0,0.0,1
2026-07-22T21:37:20.118896+00:00,99312e94b33b8e13,2026-07-22T21:36:48.360072+00:00,36.307,4,2,api-gateway|customers-service,False,GET,/api/customer/owners/1,200,1,33.148,1
2026-07-22T21:37:20.118896+00:00,f0755d169d0f730d,2026-07-22T21:36:47.522432+00:00,83.091,4,2,api-gateway|vets-service,False,GET,/api/vet/vets,200,1,67.147,1
2026-07-22T21:37:20.118896+00:00,27e15f50722b909f,2026-07-22T21:36:47.860163+00:00,37.988,4,2,api-gateway|customers-service,False,GET,/api/customer/owners/1,200,1,34.874,1
2026-07-22T21:37:20.118896+00:00,e62c23d9ce944863,2026-07-22T21:36:47.355932+00:00,25.42,3,2,visits-service|api-gateway,False,GET,/api/visit/owners/1/pets/1/visits,200,0,0.0,1
2026-07-22T21:37:20.118896+00:00,514ec8ded6b122a0,2026-07-22T21:36:47.693676+00:00,40.877,4,2,api-gateway|customers-service,False,GET,/api/customer/owners/1,200,1,38.134,1
2026-07-22T21:37:20.118896+00:00,8634830e1500da20,2026-07-22T21:36:47.348334+00:00,63.858,4,2,api-gateway|vets-service,False,GET,/api/vet/vets,200,1,62.032,1
2026-07-22T21:37:20.118896+00:00,ca740c1090da38be,2026-07-22T21:36:47.193024+00:00,79.105,4,2,api-gateway|customers-service,False,GET,/api/customer/owners,200,1,77.023,1
2026-07-22T21:37:20.118896+00:00,d0c4e8e34189cf31,2026-07-22T21:36:47.026583+00:00,85.967,4,2,api-gateway|customers-service,False,GET,/api/customer/owners,200,1,83.002,1
2026-07-22T21:37:20.118896+00:00,8046623739730f3a,2026-07-22T21:36:46.693318+00:00,38.03,4,2,api-gateway|customers-service,False,GET,/api/customer/owners/1,200,1,35.906,1
2026-07-22T21:37:20.118896+00:00,a1672124167da1fe,2026-07-22T21:36:46.524639+00:00,38.065,4,2,api-gateway|customers-service,False,GET,/api/customer/owners/1,200,1,36.231,1
2026-07-22T21:37:20.118896+00:00,f54987a8eed1efaa,2026-07-22T21:36:46.498670+00:00,15.512,3,2,visits-service|api-gateway,False,GET,/api/visit/owners/1/pets/1/visits,200,0,0.0,1
2026-07-22T21:37:20.118896+00:00,9e3324bf0bdd5488,2026-07-22T21:36:46.358487+00:00,86.741,4,2,api-gateway|customers-service,False,GET,/api/customer/owners,200,1,86.741,1
2026-07-22T21:37:20.118896+00:00,e3c64bb9805f0b4d,2026-07-22T21:36:46.314864+00:00,8.213,3,2,visits-service|api-gateway,False,GET,/api/visit/owners/1/pets/1/visits,200,0,0.0,1
2026-07-22T21:37:20.118896+00:00,6d9d400335976231,2026-07-22T21:36:46.192553+00:00,109.002,4,2,api-gateway|customers-service,False,GET,/api/customer/owners,200,1,105.221,1
2026-07-22T21:37:20.118896+00:00,3220d8ee3774cf03,2026-07-22T21:36:45.688592+00:00,62.292,4,2,api-gateway|vets-service,False,GET,/api/vet/vets,200,1,55.992,1
2026-07-22T21:37:20.118896+00:00,f791c606a9fc454d,2026-07-22T21:36:45.522109+00:00,25.63,3,2,visits-service|api-gateway,False,GET,/api/visit/owners/1/pets/1/visits,200,0,0.0,1
2026-07-22T21:37:20.118896+00:00,a79b3c9bb2a601d0,2026-07-22T21:36:45.355011+00:00,67.562,4,2,api-gateway|vets-service,False,GET,/api/vet/vets,200,1,57.572,1
2026-07-22T21:37:20.118896+00:00,b44afbbc621fb4dc,2026-07-22T21:36:45.190749+00:00,34.239,4,2,api-gateway|customers-service,False,GET,/api/customer/owners/1,200,1,32.127,1
2026-07-22T21:37:20.118896+00:00,e6a54e13d8447b80,2026-07-22T21:36:44.689018+00:00,55.304,4,2,api-gateway|vets-service,False,GET,/api/vet/vets,200,1,42.744,1
2026-07-22T21:37:20.118896+00:00,85c376191e1b1799,2026-07-22T21:36:45.025183+00:00,32.555,4,2,api-gateway|customers-service,False,GET,/api/customer/owners/1,200,1,30.199,1
2026-07-22T21:37:20.118896+00:00,1a2bb4c67a99ca0e,2026-07-22T21:36:44.858973+00:00,91.763,4,2,api-gateway|customers-service,False,GET,/api/customer/owners,200,1,88.971,1
2026-07-22T21:37:20.118896+00:00,12d9a72bb57182e9,2026-07-22T21:36:44.355707+00:00,17.898,3,2,visits-service|api-gateway,False,GET,/api/visit/owners/1/pets/1/visits,200,0,0.0,1
2026-07-22T21:37:20.118896+00:00,51e05baa8bea8e18,2026-07-22T21:36:44.526334+00:00,36.539,4,2,api-gateway|customers-service,False,GET,/api/customer/owners/1,200,1,33.766,1
2026-07-22T21:37:20.118896+00:00,d9033e690c1ec931,2026-07-22T21:36:44.495849+00:00,14.649,3,2,visits-service|api-gateway,False,GET,/api/visit/owners/1/pets/1/visits,200,0,0.0,1
2026-07-22T21:37:20.118896+00:00,b2e3c6bbe5af66f9,2026-07-22T21:36:44.133033+00:00,58.456,4,2,api-gateway|vets-service,False,GET,/api/vet/vets,200,1,56.588,1
2026-07-22T21:37:20.118896+00:00,f398e27ec693a900,2026-07-22T21:36:44.024282+00:00,77.831,4,2,api-gateway|customers-service,False,GET,/api/customer/owners,200,1,75.68,1
2026-07-22T21:37:20.118896+00:00,47f580885ff03ce5,2026-07-22T21:36:43.688784+00:00,72.984,4,2,api-gateway|vets-service,False,GET,/api/vet/vets,200,1,57.75,1
2026-07-22T21:37:20.118896+00:00,0f48910984de99d7,2026-07-22T21:36:43.521403+00:00,76.359,4,2,api-gateway|vets-service,False,GET,/api/vet/vets,200,1,60.918,1
2026-07-22T21:37:20.118896+00:00,5cce276bc34a5dc2,2026-07-22T21:36:43.463007+00:00,8.805,3,2,visits-service|api-gateway,False,GET,/api/visit/owners/1/pets/1/visits,200,0,0.0,1
2026-07-22T21:37:20.118896+00:00,27cafda85229b3e9,2026-07-22T21:36:43.360010+00:00,41.708,4,2,api-gateway|customers-service,False,GET,/api/customer/owners/1,200,1,38.571,1
2026-07-22T21:37:20.118896+00:00,2f13a570c9a4a4f4,2026-07-22T21:36:43.295849+00:00,66.919,4,2,api-gateway|vets-service,False,GET,/api/vet/vets,200,1,64.516,1
2026-07-22T21:37:20.118896+00:00,b60ee54499ab5463,2026-07-22T21:36:43.129651+00:00,66.655,4,2,api-gateway|vets-service,False,GET,/api/vet/vets,200,1,64.386,1
2026-07-22T21:37:20.118896+00:00,68ffe6a476bd6490,2026-07-22T21:36:42.688410+00:00,27.933,3,2,visits-service|api-gateway,False,GET,/api/visit/owners/1/pets/1/visits,200,0,0.0,1
2026-07-22T21:37:20.118896+00:00,1af3b7cd6e3e4ec6,2026-07-22T21:36:42.526840+00:00,36.33,4,2,api-gateway|customers-service,False,GET,/api/customer/owners/1,200,1,33.956,1
2026-07-22T21:37:20.118896+00:00,5e33162adf456252,2026-07-22T21:36:42.359241+00:00,103.547,4,2,api-gateway|customers-service,False,GET,/api/customer/owners,200,1,100.583,1
2026-07-22T21:37:20.118896+00:00,a935d0daaaac4c87,2026-07-22T21:36:42.297803+00:00,17.017,3,2,visits-service|api-gateway,False,GET,/api/visit/owners/1/pets/1/visits,200,0,0.0,1
2026-07-22T21:37:20.118896+00:00,102fcd1012669ee0,2026-07-22T21:36:42.192558+00:00,46.717,4,2,api-gateway|customers-service,False,GET,/api/customer/owners/1,200,1,43.933,1
2026-07-22T21:37:20.118896+00:00,43c9efb19148e356,2026-07-22T21:36:42.130218+00:00,62.484,4,2,api-gateway|vets-service,False,GET,/api/vet/vets,200,1,60.128,1
2026-07-22T21:37:20.118896+00:00,36604f9e504edeef,2026-07-22T21:36:41.689139+00:00,76.935,4,2,api-gateway|vets-service,False,GET,/api/vet/vets,200,1,61.186,1
2026-07-22T21:37:20.118896+00:00,af0191ab4c590df6,2026-07-22T21:36:41.523481+00:00,77.252,4,2,api-gateway|vets-service,False,GET,/api/vet/vets,200,1,61.822,1
2026-07-22T21:37:20.118896+00:00,0a04e39a231c8c4b,2026-07-22T21:36:41.460443+00:00,65.609,4,2,api-gateway|vets-service,False,GET,/api/vet/vets,200,1,63.141,1
2026-07-22T21:37:20.118896+00:00,8f9392746b9a1d5c,2026-07-22T21:36:41.360938+00:00,37.972,4,2,api-gateway|customers-service,False,GET,/api/customer/owners/1,200,1,35.324,1
2026-07-22T21:37:20.118896+00:00,d81f3eeed5306a03,2026-07-22T21:36:41.129548+00:00,59.762,4,2,api-gateway|vets-service,False,GET,/api/vet/vets,200,1,57.984,1
2026-07-22T21:37:20.118896+00:00,99a9a8d8ba12da25,2026-07-22T21:36:41.026534+00:00,87.931,4,2,api-gateway|customers-service,False,GET,/api/customer/owners,200,1,85.848,1
2026-07-22T21:37:20.118896+00:00,d9837ab39f869e05,2026-07-22T21:36:40.689116+00:00,20.627,3,2,visits-service|api-gateway,False,GET,/api/visit/owners/1/pets/1/visits,200,0,0.0,1
2026-07-22T21:37:20.118896+00:00,321678c2826192af,2026-07-22T21:36:40.521823+00:00,77.923,4,2,api-gateway|vets-service,False,GET,/api/vet/vets,200,1,62.496,1
2026-07-22T21:37:20.118896+00:00,ec86e61838003f21,2026-07-22T21:36:40.355510+00:00,69.698,3,2,visits-service|api-gateway,False,GET,/api/visit/owners/1/pets/1/visits,200,0,0.0,1
2026-07-22T21:37:20.118896+00:00,e3667e3ada749f17,2026-07-22T21:36:40.463751+00:00,12.113,3,2,visits-service|api-gateway,False,GET,/api/visit/owners/1/pets/1/visits,200,0,0.0,1
2026-07-22T21:37:20.118896+00:00,30bddd3eda505607,2026-07-22T21:36:40.025123+00:00,85.827,4,2,api-gateway|customers-service,False,GET,/api/customer/owners,200,1,83.856,1
2026-07-22T21:37:20.118896+00:00,b035885f4904f754,2026-07-22T21:36:39.688735+00:00,17.476,3,2,visits-service|api-gateway,False,GET,/api/visit/owners/1/pets/1/visits,200,0,0.0,1
2026-07-22T21:37:20.118896+00:00,a79a9d7850a050d0,2026-07-22T21:36:39.858509+00:00,89.299,4,2,api-gateway|customers-service,False,GET,/api/customer/owners,200,1,87.43,1
2026-07-22T21:37:20.118896+00:00,85538c30b63a2688,2026-07-22T21:36:39.355471+00:00,81.688,4,2,api-gateway|vets-service,False,GET,/api/vet/vets,200,1,66.347,1
2026-07-22T21:37:20.118896+00:00,0ddcbfd1e336c872,2026-07-22T21:36:39.526905+00:00,103.864,4,2,api-gateway|customers-service,False,GET,/api/customer/owners,200,1,101.578,1
2026-07-22T21:37:20.118896+00:00,6e14f0d1934930b8,2026-07-22T21:36:39.459394+00:00,14.421,3,2,visits-service|api-gateway,False,GET,/api/visit/owners/1/pets/1/visits,200,0,0.0,1
2026-07-22T21:37:20.118896+00:00,032acfdc751294a5,2026-07-22T21:36:39.027140+00:00,94.424,4,2,api-gateway|customers-service,False,GET,/api/customer/owners,200,1,91.295,1
2026-07-22T21:37:20.118896+00:00,782390ddedf1f88b,2026-07-22T21:36:38.689089+00:00,84.173,4,2,api-gateway|vets-service,False,GET,/api/vet/vets,200,1,68.349,1
2026-07-22T21:37:20.118896+00:00,57e18f7ee919e723,2026-07-22T21:36:38.860071+00:00,100.696,4,2,api-gateway|customers-service,False,GET,/api/customer/owners,200,1,97.489,1
2026-07-22T21:37:20.118896+00:00,f214133ee62a2d51,2026-07-22T21:36:38.524624+00:00,32.27,4,2,api-gateway|customers-service,False,GET,/api/customer/owners/1,200,1,29.25,1
2026-07-22T21:37:20.118896+00:00,48a2556161091b95,2026-07-22T21:36:38.359156+00:00,79.694,4,2,api-gateway|customers-service,False,GET,/api/customer/owners,200,1,77.651,1
2026-07-22T21:37:20.118896+00:00,2767753faba0c9fe,2026-07-22T21:36:38.249799+00:00,66.046,4,2,api-gateway|vets-service,False,GET,/api/vet/vets,200,1,63.899,1
2026-07-22T21:37:20.118896+00:00,aafad1bc5aad52c2,2026-07-22T21:36:38.193609+00:00,37.57,4,2,api-gateway|customers-service,False,GET,/api/customer/owners/1,200,1,35.207,1
2026-07-22T21:37:20.118896+00:00,c9c884269db3f3ba,2026-07-22T21:36:37.688699+00:00,20.794,3,2,visits-service|api-gateway,False,GET,/api/visit/owners/1/pets/1/visits,200,0,0.0,1
2026-07-22T21:37:20.118896+00:00,c7d4718d5092e058,2026-07-22T21:36:37.858573+00:00,25.088,4,2,api-gateway|customers-service,False,GET,/api/customer/owners/1,200,1,25.088,1
2026-07-22T21:37:20.118896+00:00,6709d6bf39f0f47a,2026-07-22T21:36:37.524669+00:00,89.736,4,2,api-gateway|customers-service,False,GET,/api/customer/owners,200,1,87.494,1
2026-07-22T21:37:20.118896+00:00,cb244abe483d2331,2026-07-22T21:36:37.360508+00:00,31.187,4,2,api-gateway|customers-service,False,GET,/api/customer/owners/1,200,1,28.962,1
2026-07-22T21:37:20.118896+00:00,9d747b2c11259029,2026-07-22T21:36:37.338775+00:00,67.185,4,2,api-gateway|vets-service,False,GET,/api/vet/vets,200,1,64.938,1
2026-07-22T21:37:20.118896+00:00,24ee86f7ccdf66a6,2026-07-22T21:36:37.023527+00:00,33.788,4,2,api-gateway|customers-service,False,GET,/api/customer/owners/1,200,1,31.873,1
2026-07-22T21:37:20.118896+00:00,8c3b5e48c203e103,2026-07-22T21:36:36.855223+00:00,73.886,4,2,api-gateway|vets-service,False,GET,/api/vet/vets,200,1,65.25,1
2026-07-22T21:37:20.118896+00:00,c065118115086698,2026-07-22T21:36:36.688505+00:00,16.761,3,2,visits-service|api-gateway,False,GET,/api/visit/owners/1/pets/1/visits,200,0,0.0,1
2026-07-22T21:37:20.118896+00:00,8a7a4e72935ec160,2026-07-22T21:36:36.522108+00:00,22.96,3,2,visits-service|api-gateway,False,GET,/api/visit/owners/1/pets/1/visits,200,0,0.0,1
2026-07-22T21:37:20.118896+00:00,3edc75fe6dd00bec,2026-07-22T21:36:36.357522+00:00,81.453,4,2,api-gateway|customers-service,False,GET,/api/customer/owners,200,1,79.829,1
2026-07-22T21:37:20.118896+00:00,8966b94be528b8b1,2026-07-22T21:36:36.193009+00:00,38.753,4,2,api-gateway|customers-service,False,GET,/api/customer/owners/1,200,1,36.622,1
2026-07-22T21:37:20.118896+00:00,4e85d17fe097c775,2026-07-22T21:36:36.067872+00:00,61.426,4,2,api-gateway|vets-service,False,GET,/api/vet/vets,200,1,58.912,1
2026-07-22T21:37:20.118896+00:00,8aa8ca32ccca165f,2026-07-22T21:36:35.855772+00:00,22.514,3,2,visits-service|api-gateway,False,GET,/api/visit/owners/1/pets/1/visits,200,0,0.0,1
2026-07-22T21:37:20.118896+00:00,14f7ebd21eb4272f,2026-07-22T21:36:35.688571+00:00,79.976,4,2,api-gateway|vets-service,False,GET,/api/vet/vets,200,1,63.825,1
2026-07-22T21:37:20.118896+00:00,6080d402126ff300,2026-07-22T21:36:35.526004+00:00,100.791,4,2,api-gateway|customers-service,False,GET,/api/customer/owners,200,1,98.161,1
2026-07-22T21:37:20.118896+00:00,aeb2d3a8dcc0da52,2026-07-22T21:36:35.355600+00:00,22.425,3,2,visits-service|api-gateway,False,GET,/api/visit/owners/1/pets/1/visits,200,0,0.0,1
2026-07-22T21:37:20.118896+00:00,9f420522459bd687,2026-07-22T21:36:35.191458+00:00,108.022,4,2,api-gateway|customers-service,False,GET,/api/customer/owners,200,1,105.632,1
2026-07-22T21:37:20.118896+00:00,b106476339883d4f,2026-07-22T21:36:35.027724+00:00,40.163,4,2,api-gateway|customers-service,False,GET,/api/customer/owners/1,200,1,37.108,1
2026-07-22T21:37:20.118896+00:00,5908dca006af449a,2026-07-22T21:36:34.855161+00:00,81.916,4,2,api-gateway|vets-service,False,GET,/api/vet/vets,200,1,67.498,1
2026-07-22T21:37:20.118896+00:00,9fceaff6fcfdc586,2026-07-22T21:36:34.688575+00:00,25.49,3,2,visits-service|api-gateway,False,GET,/api/visit/owners/1/pets/1/visits,200,0,0.0,1
2026-07-22T21:37:20.118896+00:00,6956cdc6c1e34468,2026-07-22T21:36:34.526966+00:00,33.426,4,2,api-gateway|customers-service,False,GET,/api/customer/owners/1,200,1,30.536,1
2026-07-22T21:37:20.118896+00:00,adf8352fe1a37921,2026-07-22T21:36:34.357724+00:00,85.927,4,2,api-gateway|customers-service,False,GET,/api/customer/owners,200,1,83.847,1
2026-07-22T21:37:20.118896+00:00,eb49ddc6f2be81a1,2026-07-22T21:36:34.210371+00:00,58.839,4,2,api-gateway|vets-service,False,GET,/api/vet/vets,200,1,56.657,1
2026-07-22T21:37:20.118896+00:00,b833e02bc1e4433d,2026-07-22T21:36:34.043654+00:00,7.819,3,2,visits-service|api-gateway,False,GET,/api/visit/owners/1/pets/1/visits,200,0,0.0,1
2026-07-22T21:37:20.118896+00:00,c0ff5cf7c014363e,2026-07-22T21:36:33.854945+00:00,77.072,4,2,api-gateway|vets-service,False,GET,/api/vet/vets,200,1,62.834,1
2026-07-22T21:37:20.118896+00:00,27f3da9c39279d91,2026-07-22T21:36:33.689084+00:00,73.217,4,2,api-gateway|vets-service,False,GET,/api/vet/vets,200,1,60.007,1
2026-07-22T21:37:20.118896+00:00,2123be79119ed502,2026-07-22T21:36:33.521920+00:00,24.588,3,2,visits-service|api-gateway,False,GET,/api/visit/owners/1/pets/1/visits,200,0,0.0,1
2026-07-22T21:37:20.118896+00:00,4eb53c8f3ba7e81c,2026-07-22T21:36:33.360426+00:00,102.271,4,2,api-gateway|customers-service,False,GET,/api/customer/owners,200,1,99.19,1
2026-07-22T21:37:20.118896+00:00,630cd1f8c0f4c99d,2026-07-22T21:36:33.213531+00:00,70.068,4,2,api-gateway|vets-service,False,GET,/api/vet/vets,200,1,67.469,1
2026-07-22T21:37:20.118896+00:00,64961fa2be21293c,2026-07-22T21:36:33.025736+00:00,32.25,4,2,api-gateway|customers-service,False,GET,/api/customer/owners/1,200,1,32.25,1
2026-07-22T21:37:20.118896+00:00,9030d456e9a0fb07,2026-07-22T21:36:32.858583+00:00,89.368,4,2,api-gateway|customers-service,False,GET,/api/customer/owners,200,1,87.633,1
2026-07-22T21:37:20.118896+00:00,b1938e2d3ebd951a,2026-07-22T21:36:32.692635+00:00,38.436,4,2,api-gateway|customers-service,False,GET,/api/customer/owners/1,200,1,38.436,1
2026-07-22T21:37:20.118896+00:00,c8bc20d561283100,2026-07-22T21:36:32.525918+00:00,39.615,4,2,api-gateway|customers-service,False,GET,/api/customer/owners/1,200,1,39.615,1
2026-07-22T21:37:20.118896+00:00,0bd27c3fdb995023,2026-07-22T21:36:32.354737+00:00,73.852,4,2,api-gateway|vets-service,False,GET,/api/vet/vets,200,1,58.547,1
2026-07-22T21:37:20.118896+00:00,c6ca122e86899f0a,2026-07-22T21:36:32.212330+00:00,10.832,3,2,visits-service|api-gateway,False,GET,/api/visit/owners/1/pets/1/visits,200,0,0.0,1
2026-07-22T21:37:20.118896+00:00,19ebeb6ee0c44ed0,2026-07-22T21:36:32.024760+00:00,84.038,4,2,api-gateway|customers-service,False,GET,/api/customer/owners,200,1,81.471,1
2026-07-22T21:37:20.118896+00:00,aa3a448d898d6861,2026-07-22T21:36:31.859590+00:00,44.733,4,2,api-gateway|customers-service,False,GET,/api/customer/owners/1,200,1,41.38,1
2026-07-22T21:37:20.118896+00:00,7a93b1725b15c52b,2026-07-22T21:36:30.945301+00:00,78.144,4,2,api-gateway|vets-service,False,GET,/api/vet/vets,200,1,65.77,1
2026-07-22T21:37:20.118896+00:00,93024d4eb9ca9ab1,2026-07-22T21:36:30.612414+00:00,18.549,3,2,visits-service|api-gateway,False,GET,/api/visit/owners/1/pets/1/visits,200,0,0.0,1
2026-07-22T21:37:20.118896+00:00,2f49648f5aab201d,2026-07-22T21:36:31.026829+00:00,11.665,3,2,visits-service|api-gateway,False,GET,/api/visit/owners/1/pets/1/visits,200,0,0.0,1
2026-07-22T21:37:20.118896+00:00,fbca0fc7b13d3965,2026-07-22T21:36:30.112514+00:00,67.48,4,2,api-gateway|vets-service,False,GET,/api/vet/vets,200,1,54.01,1
2026-07-22T21:37:20.118896+00:00,aa9b43eb899620a0,2026-07-22T21:36:30.791985+00:00,93.783,4,2,api-gateway|customers-service,False,GET,/api/customer/owners,200,1,91.713,1
2026-07-22T21:37:20.118896+00:00,50b90d556eaf3c40,2026-07-22T21:36:30.446378+00:00,111.869,4,2,api-gateway|customers-service,False,GET,/api/customer/owners,200,1,104.386,1
2026-07-22T21:37:20.118896+00:00,afd15f7dd5c3d754,2026-07-22T21:36:29.949089+00:00,28.849,4,2,api-gateway|customers-service,False,GET,/api/customer/owners/1,200,1,26.668,1
2026-07-22T21:37:20.118896+00:00,1ad55f78c7cecb8d,2026-07-22T21:36:29.782414+00:00,31.228,4,2,api-gateway|customers-service,False,GET,/api/customer/owners/1,200,1,29.386,1
2026-07-22T21:37:20.118896+00:00,c9563ad0423858ec,2026-07-22T21:36:28.945553+00:00,74.559,4,2,api-gateway|vets-service,False,GET,/api/vet/vets,200,1,60.985,1
2026-07-22T21:37:20.118896+00:00,0e2cc55ee4ca6155,2026-07-22T21:36:29.614129+00:00,29.749,4,2,api-gateway|customers-service,False,GET,/api/customer/owners/1,200,1,28.122,1
2026-07-22T21:37:20.118896+00:00,8f739e8384115b2b,2026-07-22T21:36:28.778898+00:00,72.642,4,2,api-gateway|vets-service,False,GET,/api/vet/vets,200,1,61.668,1
2026-07-22T21:37:20.118896+00:00,a4cc6cce6ba24617,2026-07-22T21:36:29.448349+00:00,33.939,4,2,api-gateway|customers-service,False,GET,/api/customer/owners/1,200,1,31.994,1
2026-07-22T21:37:20.118896+00:00,8f834aeb12425f80,2026-07-22T21:36:28.612121+00:00,22.588,3,2,visits-service|api-gateway,False,GET,/api/visit/owners/1/pets/1/visits,200,0,0.0,1
2026-07-22T21:37:20.118896+00:00,82fbc0dfd4c15b97,2026-07-22T21:36:29.281532+00:00,30.68,4,2,api-gateway|customers-service,False,GET,/api/customer/owners/1,200,1,29.034,1
2026-07-22T21:37:20.118896+00:00,fc7768bd05410434,2026-07-22T21:36:29.116889+00:00,89.965,4,2,api-gateway|customers-service,False,GET,/api/customer/owners,200,1,87.645,1
2026-07-22T21:37:20.118896+00:00,eaf0ba63b0d6b2f5,2026-07-22T21:36:28.449170+00:00,86.604,4,2,api-gateway|customers-service,False,GET,/api/customer/owners,200,1,84.896,1
2026-07-22T21:37:20.118896+00:00,0e839fe4105ae8c8,2026-07-22T21:36:28.304599+00:00,35.405,4,2,api-gateway|customers-service,False,GET,/api/customer/owners/1,200,1,32.527,1
2026-07-22T21:37:20.118896+00:00,38ef5c5e2298bb5e,2026-07-22T21:36:27.612708+00:00,24.554,3,2,visits-service|api-gateway,False,GET,/api/visit/owners/1/pets/1/visits,200,0,0.0,1
2026-07-22T21:37:20.118896+00:00,7ab99c9d4d76fb51,2026-07-22T21:36:28.122218+00:00,68.408,4,2,api-gateway|vets-service,False,GET,/api/vet/vets,200,1,66.191,1
2026-07-22T21:37:20.118896+00:00,d9ac70585b539d34,2026-07-22T21:36:28.116327+00:00,43.214,4,2,api-gateway|customers-service,False,GET,/api/customer/owners/1,200,1,40.56,1
2026-07-22T21:37:20.118896+00:00,65a2333bc44da748,2026-07-22T21:36:27.950291+00:00,104.11,4,2,api-gateway|customers-service,False,GET,/api/customer/owners,200,1,101.163,1
2026-07-22T21:37:20.118896+00:00,3da43d988394b2d4,2026-07-22T21:36:27.785231+00:00,104.068,4,2,api-gateway|customers-service,False,GET,/api/customer/owners,200,1,100.748,1
2026-07-22T21:37:20.118896+00:00,2e295355956da80b,2026-07-22T21:36:27.112705+00:00,20.974,3,2,visits-service|api-gateway,False,GET,/api/visit/owners/1/pets/1/visits,200,0,0.0,1
2026-07-22T21:37:20.118896+00:00,66cd0c7bf1b24f26,2026-07-22T21:36:26.946336+00:00,21.864,3,2,visits-service|api-gateway,False,GET,/api/visit/owners/1/pets/1/visits,200,0,0.0,1
2026-07-22T21:37:20.118896+00:00,42ba18c75587d4dc,2026-07-22T21:36:26.779359+00:00,23.7,3,2,visits-service|api-gateway,False,GET,/api/visit/owners/1/pets/1/visits,200,0,0.0,1
2026-07-22T21:37:20.118896+00:00,efc03101e9b061b3,2026-07-22T21:36:27.283254+00:00,46.331,4,2,api-gateway|customers-service,False,GET,/api/customer/owners/1,200,1,43.572,1
2026-07-22T21:37:20.118896+00:00,5e9ea5d66d497133,2026-07-22T21:36:26.612542+00:00,77.287,4,2,api-gateway|vets-service,False,GET,/api/vet/vets,200,1,64.075,1
2026-07-22T21:37:20.118896+00:00,2e9a3761cf2b8ce5,2026-07-22T21:36:26.946748+00:00,8.355,3,2,visits-service|api-gateway,False,GET,/api/visit/owners/1/pets/1/visits,200,0,0.0,1
2026-07-22T21:37:20.118896+00:00,74373549c33609cf,2026-07-22T21:36:26.112674+00:00,27.527,3,2,visits-service|api-gateway,False,GET,/api/visit/owners/1/pets/1/visits,200,0,0.0,1
2026-07-22T21:37:20.118896+00:00,a0763e17b1b7233b,2026-07-22T21:36:26.448376+00:00,88.58,4,2,api-gateway|customers-service,False,GET,/api/customer/owners,200,1,86.755,1
2026-07-22T21:37:20.118896+00:00,13431566f2eae2e5,2026-07-22T21:36:25.612362+00:00,18.677,3,2,visits-service|api-gateway,False,GET,/api/visit/owners/1/pets/1/visits,200,0,0.0,1
2026-07-22T21:37:20.118896+00:00,f627aa38dc010ec1,2026-07-22T21:36:25.948460+00:00,93.257,4,2,api-gateway|customers-service,False,GET,/api/customer/owners,200,1,93.257,1
2026-07-22T21:37:20.118896+00:00,5779d64a0b95cdb3,2026-07-22T21:36:25.783371+00:00,105.575,4,2,api-gateway|customers-service,False,GET,/api/customer/owners,200,1,102.356,1
2026-07-22T21:37:20.118896+00:00,8b7b3c12b9dfb68a,2026-07-22T21:36:25.112508+00:00,25.033,3,2,visits-service|api-gateway,False,GET,/api/visit/owners/1/pets/1/visits,200,0,0.0,1
2026-07-22T21:37:20.118896+00:00,987e27378e9ecca4,2026-07-22T21:36:24.945522+00:00,81.047,4,2,api-gateway|vets-service,False,GET,/api/vet/vets,200,1,68.37,1
2026-07-22T21:37:20.118896+00:00,2b3bb3194cb426ae,2026-07-22T21:36:25.445555+00:00,91.759,4,2,api-gateway|customers-service,False,GET,/api/customer/owners,200,1,86.561,1
2026-07-22T21:37:20.118896+00:00,663ec47499482831,2026-07-22T21:36:25.281314+00:00,36.183,4,2,api-gateway|customers-service,False,GET,/api/customer/owners/1,200,1,34.077,1
2026-07-22T21:37:20.118896+00:00,f73bf9b18bc8e379,2026-07-22T21:36:25.113350+00:00,11.583,3,2,visits-service|api-gateway,False,GET,/api/visit/owners/1/pets/1/visits,200,0,0.0,1
2026-07-22T21:37:20.118896+00:00,dea773c4b9c49628,2026-07-22T21:36:24.943088+00:00,57.739,4,2,api-gateway|vets-service,False,GET,/api/vet/vets,200,1,55.876,1
2026-07-22T21:37:20.118896+00:00,3e9cee0a2d6a4136,2026-07-22T21:36:24.784633+00:00,103.501,4,2,api-gateway|customers-service,False,GET,/api/customer/owners,200,1,101.041,1
2026-07-22T21:37:20.118896+00:00,7c7c50c1b549478f,2026-07-22T21:36:24.617204+00:00,38.288,4,2,api-gateway|customers-service,False,GET,/api/customer/owners/1,200,1,35.233,1
2026-07-22T21:37:20.118896+00:00,69b5709162154601,2026-07-22T21:36:23.945320+00:00,66.019,4,2,api-gateway|vets-service,False,GET,/api/vet/vets,200,1,51.577,1
2026-07-22T21:37:20.118896+00:00,8338e5ca5e2eba2f,2026-07-22T21:36:23.779504+00:00,19.86,3,2,visits-service|api-gateway,False,GET,/api/visit/owners/1/pets/1/visits,200,0,0.0,1
2026-07-22T21:37:20.118896+00:00,b2b4a0af53fc212e,2026-07-22T21:36:24.115411+00:00,83.236,4,2,api-gateway|customers-service,False,GET,/api/customer/owners,200,1,81.267,1
2026-07-22T21:37:20.118896+00:00,cd5a7222d9521b62,2026-07-22T21:36:24.110497+00:00,8.53,3,2,visits-service|api-gateway,False,GET,/api/visit/owners/1/pets/1/visits,200,0,0.0,1
2026-07-22T21:37:20.118896+00:00,6dc7245d62b1bdf4,2026-07-22T21:36:23.942140+00:00,56.199,4,2,api-gateway|vets-service,False,GET,/api/vet/vets,200,1,54.255,1
2026-07-22T21:37:20.118896+00:00,16240d296e2d6f98,2026-07-22T21:36:23.614199+00:00,89.546,4,2,api-gateway|customers-service,False,GET,/api/customer/owners,200,1,87.089,1
2026-07-22T21:37:20.118896+00:00,82e2064720a13374,2026-07-22T21:36:22.946218+00:00,22.381,3,2,visits-service|api-gateway,False,GET,/api/visit/owners/1/pets/1/visits,200,0,0.0,1
2026-07-22T21:37:20.118896+00:00,cca850c43d01e14f,2026-07-22T21:36:22.779497+00:00,79.74,4,2,api-gateway|vets-service,False,GET,/api/vet/vets,200,1,62.549,1
2026-07-22T21:37:20.118896+00:00,727f4f15bf4276e5,2026-07-22T21:36:22.612428+00:00,25.433,3,2,visits-service|api-gateway,False,GET,/api/visit/owners/1/pets/1/visits,200,0,0.0,1
2026-07-22T21:37:20.118896+00:00,9559af6ab95b7ea6,2026-07-22T21:36:23.116550+00:00,45.52,4,2,api-gateway|customers-service,False,GET,/api/customer/owners/1,200,1,41.708,1
2026-07-22T21:37:20.118896+00:00,f629f320f9e8df77,2026-07-22T21:36:22.446493+00:00,76.279,4,2,api-gateway|vets-service,False,GET,/api/vet/vets,200,1,60.994,1
2026-07-22T21:37:20.118896+00:00,5322379404cfcd43,2026-07-22T21:36:22.943763+00:00,65.227,4,2,api-gateway|vets-service,False,GET,/api/vet/vets,200,1,63.096,1
2026-07-22T21:37:20.118896+00:00,12942117fbac036a,2026-07-22T21:36:22.112317+00:00,19.2,3,2,visits-service|api-gateway,False,GET,/api/visit/owners/1/pets/1/visits,200,0,0.0,1
2026-07-22T21:37:20.118896+00:00,48b1de54284b02e1,2026-07-22T21:36:21.946127+00:00,22.163,3,2,visits-service|api-gateway,False,GET,/api/visit/owners/1/pets/1/visits,200,0,0.0,1
2026-07-22T21:37:20.118896+00:00,c408a974b6ee5f14,2026-07-22T21:36:21.779406+00:00,69.403,4,2,api-gateway|vets-service,False,GET,/api/vet/vets,200,1,59.43,1
2026-07-22T21:37:20.118896+00:00,1ac0123fa3631ca1,2026-07-22T21:36:21.112913+00:00,73.451,4,2,api-gateway|vets-service,False,GET,/api/vet/vets,200,1,62.393,1
2026-07-22T21:37:20.118896+00:00,8fdcf5474c66bbb9,2026-07-22T21:36:21.616478+00:00,81.873,4,2,api-gateway|customers-service,False,GET,/api/customer/owners,200,1,79.727,1
2026-07-22T21:37:20.118896+00:00,e10d7bf407bd210d,2026-07-22T21:36:21.447668+00:00,80.35,4,2,api-gateway|customers-service,False,GET,/api/customer/owners,200,1,77.838,1
2026-07-22T21:37:20.118896+00:00,acd7af563a2bf088,2026-07-22T21:36:20.779902+00:00,122.821,4,2,api-gateway|vets-service,False,GET,/api/vet/vets,200,1,67.701,1
2026-07-22T21:37:20.118896+00:00,21c1f48e5995667b,2026-07-22T21:36:21.284679+00:00,99.655,4,2,api-gateway|customers-service,False,GET,/api/customer/owners,200,1,96.41,1
2026-07-22T21:37:20.118896+00:00,88f2ec22a5e7a3b6,2026-07-22T21:36:20.611935+00:00,20.071,3,2,visits-service|api-gateway,False,GET,/api/visit/owners/1/pets/1/visits,200,0,0.0,1
2026-07-22T21:37:20.118896+00:00,ade54159fc162153,2026-07-22T21:36:21.028832+00:00,12.462,3,2,visits-service|api-gateway,False,GET,/api/visit/owners/1/pets/1/visits,200,0,0.0,1
2026-07-22T21:37:20.118896+00:00,bd02e3b9ca8781ec,2026-07-22T21:36:20.949651+00:00,38.202,4,2,api-gateway|customers-service,False,GET,/api/customer/owners/1,200,1,35.151,1
2026-07-22T21:37:20.118896+00:00,366e4b52d0ffce74,2026-07-22T21:36:20.281488+00:00,28.735,4,2,api-gateway|customers-service,False,GET,/api/customer/owners/1,200,1,26.717,1
2026-07-22T21:37:20.118896+00:00,666a57e822dc8572,2026-07-22T21:36:20.114543+00:00,70.654,4,2,api-gateway|customers-service,False,GET,/api/customer/owners,200,1,70.654,1
2026-07-22T21:37:20.118896+00:00,02a70c1678ab31e4,2026-07-22T21:36:19.947042+00:00,26.222,4,2,api-gateway|customers-service,False,GET,/api/customer/owners/1,200,1,24.608,1
2026-07-22T21:37:20.118896+00:00,0d57dff4046280cc,2026-07-22T21:36:19.614768+00:00,30.009,4,2,api-gateway|customers-service,False,GET,/api/customer/owners/1,200,1,28.184,1
2026-07-22T21:37:20.118896+00:00,b5d99710a4209257,2026-07-22T21:36:19.449269+00:00,87.904,4,2,api-gateway|customers-service,False,GET,/api/customer/owners,200,1,86.267,1
2026-07-22T21:38:20.054792+00:00,10c8717bb2fa6f4b,2026-07-22T21:38:19.858811+00:00,38.574,4,2,api-gateway|customers-service,False,GET,/api/customer/owners/1,200,1,33.361,1
2026-07-22T21:38:20.054792+00:00,b78a1c4083a6fc91,2026-07-22T21:38:19.694299+00:00,30.409,4,2,api-gateway|customers-service,False,GET,/api/customer/owners/1,200,1,27.307,1
2026-07-22T21:38:20.054792+00:00,722dd279eaacfea4,2026-07-22T21:38:19.526207+00:00,37.867,4,2,api-gateway|customers-service,False,GET,/api/customer/owners/1,200,1,31.247,1
2026-07-22T21:38:20.054792+00:00,c33583b32fc1175c,2026-07-22T21:38:19.395076+00:00,9.149,3,2,visits-service|api-gateway,False,GET,/api/visit/owners/1/pets/1/visits,200,0,0.0,1
2026-07-22T21:38:20.054792+00:00,46c2b66983b9492c,2026-07-22T21:38:19.358891+00:00,41.185,4,2,api-gateway|customers-service,False,GET,/api/customer/owners/1,200,1,35.458,1
2026-07-22T21:38:20.054792+00:00,e488afb045a3d549,2026-07-22T21:38:19.026202+00:00,19.632,3,2,visits-service|api-gateway,False,GET,/api/visit/owners/1/pets/1/visits,200,0,0.0,1
2026-07-22T21:38:20.054792+00:00,05c478d270abbe28,2026-07-22T21:38:18.884495+00:00,7.975,3,2,visits-service|api-gateway,False,GET,/api/visit/owners/1/pets/1/visits,200,0,0.0,1
2026-07-22T21:38:20.054792+00:00,9a135a4b88c8c9d3,2026-07-22T21:38:18.859373+00:00,43.141,4,2,api-gateway|customers-service,False,GET,/api/customer/owners/1,200,1,33.906,1
2026-07-22T21:38:20.054792+00:00,a05e42259af7d1b4,2026-07-22T21:38:18.712722+00:00,14.911,3,2,visits-service|api-gateway,False,GET,/api/visit/owners/1/pets/1/visits,200,0,0.0,1
2026-07-22T21:38:20.054792+00:00,07136e573d6e046c,2026-07-22T21:38:18.359633+00:00,44.319,4,2,api-gateway|customers-service,False,GET,/api/customer/owners/1,200,1,36.172,1
2026-07-22T21:38:20.054792+00:00,26d45edca1f178e6,2026-07-22T21:38:18.025660+00:00,68.302,4,2,api-gateway|vets-service,False,GET,/api/vet/vets,200,1,56.481,1
2026-07-22T21:38:20.054792+00:00,4da44f3728b9235f,2026-07-22T21:38:18.192927+00:00,42.448,4,2,api-gateway|customers-service,False,GET,/api/customer/owners/1,200,1,35.006,1
2026-07-22T21:38:20.054792+00:00,64cfa09d579b0cf3,2026-07-22T21:38:17.859027+00:00,96.98,4,2,api-gateway|customers-service,False,GET,/api/customer/owners,200,1,91.068,1
2026-07-22T21:38:20.054792+00:00,ceead9c6f0fc130f,2026-07-22T21:38:17.692629+00:00,83.348,4,2,api-gateway|customers-service,False,GET,/api/customer/owners,200,1,78.062,1
2026-07-22T21:38:20.054792+00:00,5b53f859912cdc28,2026-07-22T21:38:17.525758+00:00,35.972,4,2,api-gateway|customers-service,False,GET,/api/customer/owners/1,200,1,30.199,1
2026-07-22T21:38:20.054792+00:00,0f9541fbdd6ad35f,2026-07-22T21:38:17.358684+00:00,93.829,4,2,api-gateway|customers-service,False,GET,/api/customer/owners,200,1,88.881,1
2026-07-22T21:38:20.054792+00:00,7d5ac912c10e14ed,2026-07-22T21:38:17.193057+00:00,76.608,4,2,api-gateway|vets-service,False,GET,/api/vet/vets,200,1,62.889,1
2026-07-22T21:38:20.054792+00:00,7011ce489078ac8d,2026-07-22T21:38:17.027877+00:00,28.141,4,2,api-gateway|customers-service,False,GET,/api/customer/owners/1,200,1,25.038,1
2026-07-22T21:38:20.054792+00:00,95962350e8fefe18,2026-07-22T21:38:16.858996+00:00,88.934,4,2,api-gateway|customers-service,False,GET,/api/customer/owners,200,1,84.031,1
2026-07-22T21:38:20.054792+00:00,ba248e730292d3a3,2026-07-22T21:38:16.839072+00:00,12.292,3,2,visits-service|api-gateway,False,GET,/api/visit/owners/1/pets/1/visits,200,0,0.0,1
2026-07-22T21:38:20.054792+00:00,ee3e33c6404e7319,2026-07-22T21:38:16.526535+00:00,49.801,4,2,api-gateway|customers-service,False,GET,/api/customer/owners/1,200,1,41.89,1
2026-07-22T21:38:20.054792+00:00,81912b7afcdb1598,2026-07-22T21:38:16.361718+00:00,29.528,4,2,api-gateway|customers-service,False,GET,/api/customer/owners/1,200,1,26.605,1
2026-07-22T21:38:20.054792+00:00,224b8e6a3ca2d874,2026-07-22T21:38:16.191931+00:00,33.891,4,2,api-gateway|customers-service,False,GET,/api/customer/owners/1,200,1,28.825,1
2026-07-22T21:38:20.054792+00:00,3d4b0e02d44525e9,2026-07-22T21:38:16.026314+00:00,20.63,3,2,visits-service|api-gateway,False,GET,/api/visit/owners/1/pets/1/visits,200,0,0.0,1
2026-07-22T21:38:20.054792+00:00,65b1c41c4250c071,2026-07-22T21:38:15.988307+00:00,66.381,4,2,api-gateway|vets-service,False,GET,/api/vet/vets,200,1,64.747,1
2026-07-22T21:38:20.054792+00:00,ba0aea399b298eea,2026-07-22T21:38:15.693083+00:00,32.008,4,2,api-gateway|customers-service,False,GET,/api/customer/owners/1,200,1,27.19,1
2026-07-22T21:38:20.054792+00:00,5c055bb4cebad7fa,2026-07-22T21:38:15.648524+00:00,12.486,3,2,visits-service|api-gateway,False,GET,/api/visit/owners/1/pets/1/visits,200,0,0.0,1
2026-07-22T21:38:20.054792+00:00,123ecabbdb010d98,2026-07-22T21:38:15.359262+00:00,36.488,4,2,api-gateway|customers-service,False,GET,/api/customer/owners/1,200,1,31.821,1
2026-07-22T21:38:20.054792+00:00,437ba260dbcbc1bc,2026-07-22T21:38:15.192997+00:00,92.066,4,2,api-gateway|customers-service,False,GET,/api/customer/owners,200,1,85.021,1
2026-07-22T21:38:20.054792+00:00,c34617a4f1b859e5,2026-07-22T21:38:15.025994+00:00,43.163,4,2,api-gateway|customers-service,False,GET,/api/customer/owners/1,200,1,34.549,1
2026-07-22T21:38:20.054792+00:00,1ac07930e705adbe,2026-07-22T21:38:14.970777+00:00,11.211,3,2,visits-service|api-gateway,False,GET,/api/visit/owners/1/pets/1/visits,200,0,0.0,1
2026-07-22T21:38:20.054792+00:00,0431a4473eb023a1,2026-07-22T21:38:14.693603+00:00,79.463,4,2,api-gateway|customers-service,False,GET,/api/customer/owners,200,1,76.431,1
2026-07-22T21:38:20.054792+00:00,4be187567ddfa936,2026-07-22T21:38:14.525337+00:00,37.017,4,2,api-gateway|customers-service,False,GET,/api/customer/owners/1,200,1,31.64,1
2026-07-22T21:38:20.054792+00:00,2c9793082c54302c,2026-07-22T21:38:14.359160+00:00,69.399,4,2,api-gateway|vets-service,False,GET,/api/vet/vets,200,1,56.06,1
2026-07-22T21:38:20.054792+00:00,e5b01847c1ec14ae,2026-07-22T21:38:14.193017+00:00,77.537,4,2,api-gateway|vets-service,False,GET,/api/vet/vets,200,1,62.49,1
2026-07-22T21:38:20.054792+00:00,6c86cf543daa6eee,2026-07-22T21:38:14.026803+00:00,29.033,3,2,visits-service|api-gateway,False,GET,/api/visit/owners/1/pets/1/visits,200,0,0.0,1
2026-07-22T21:38:20.054792+00:00,66fca733a4382d97,2026-07-22T21:38:13.945811+00:00,69.355,4,2,api-gateway|vets-service,False,GET,/api/vet/vets,200,1,67.466,1
2026-07-22T21:38:20.054792+00:00,e346a46c7611f494,2026-07-22T21:38:13.693303+00:00,107.981,4,2,api-gateway|customers-service,False,GET,/api/customer/owners,200,1,101.124,1
2026-07-22T21:38:20.054792+00:00,a7f9ec6b77f88fd8,2026-07-22T21:38:13.606761+00:00,9.014,3,2,visits-service|api-gateway,False,GET,/api/visit/owners/1/pets/1/visits,200,0,0.0,1
2026-07-22T21:38:20.054792+00:00,bf514b0942102136,2026-07-22T21:38:13.437639+00:00,8.389,3,2,visits-service|api-gateway,False,GET,/api/visit/owners/1/pets/1/visits,200,0,0.0,1
2026-07-22T21:38:20.054792+00:00,3ae9ed15602e4b9f,2026-07-22T21:38:13.192767+00:00,64.657,4,2,api-gateway|vets-service,False,GET,/api/vet/vets,200,1,54.671,1
2026-07-22T21:38:20.054792+00:00,015694fbe9d41375,2026-07-22T21:38:13.025982+00:00,20.599,3,2,visits-service|api-gateway,False,GET,/api/visit/owners/1/pets/1/visits,200,0,0.0,1
2026-07-22T21:38:20.054792+00:00,f42a64a72dfbf884,2026-07-22T21:38:12.926121+00:00,69.265,4,2,api-gateway|vets-service,False,GET,/api/vet/vets,200,1,67.73,1
2026-07-22T21:38:20.054792+00:00,2207ac700a6a67e7,2026-07-22T21:38:12.756240+00:00,65.44,4,2,api-gateway|vets-service,False,GET,/api/vet/vets,200,1,63.378,1
2026-07-22T21:38:20.054792+00:00,5d3e6b13277d30c7,2026-07-22T21:38:12.526569+00:00,67.117,4,2,api-gateway|vets-service,False,GET,/api/vet/vets,200,1,55.485,1
2026-07-22T21:38:20.054792+00:00,0fa296f54dbcc69f,2026-07-22T21:38:12.362807+00:00,33.978,4,2,api-gateway|customers-service,False,GET,/api/customer/owners/1,200,1,31.946,1
2026-07-22T21:38:20.054792+00:00,5b572633d6613704,2026-07-22T21:38:12.194156+00:00,77.875,4,2,api-gateway|customers-service,False,GET,/api/customer/owners,200,1,76.276,1
2026-07-22T21:38:20.054792+00:00,7e2d93bfc3027211,2026-07-22T21:38:12.030118+00:00,43.496,4,2,api-gateway|customers-service,False,GET,/api/customer/owners/1,200,1,40.124,1
2026-07-22T21:38:20.054792+00:00,ab6dce1ce64a5342,2026-07-22T21:38:11.904446+00:00,11.96,3,2,visits-service|api-gateway,False,GET,/api/visit/owners/1/pets/1/visits,200,0,0.0,1
2026-07-22T21:38:20.054792+00:00,1ef4f1348e54ac48,2026-07-22T21:38:11.697160+00:00,106.31,4,2,api-gateway|customers-service,False,GET,/api/customer/owners,200,1,104.167,1
2026-07-22T21:38:20.054792+00:00,e788128782d991c0,2026-07-22T21:38:11.528429+00:00,29.381,4,2,api-gateway|customers-service,False,GET,/api/customer/owners/1,200,1,27.66,1
2026-07-22T21:38:20.054792+00:00,681e357c9aeac203,2026-07-22T21:38:11.359227+00:00,77.048,4,2,api-gateway|vets-service,False,GET,/api/vet/vets,200,1,60.091,1
2026-07-22T21:38:20.054792+00:00,41bde6348414b291,2026-07-22T21:38:11.195064+00:00,84.593,4,2,api-gateway|customers-service,False,GET,/api/customer/owners,200,1,82.94,1
2026-07-22T21:38:20.054792+00:00,1506c45b80950de7,2026-07-22T21:38:11.027398+00:00,29.708,4,2,api-gateway|customers-service,False,GET,/api/customer/owners/1,200,1,28.131,1
2026-07-22T21:38:20.054792+00:00,99be0bdaae761bf1,2026-07-22T21:38:10.883534+00:00,59.177,4,2,api-gateway|vets-service,False,GET,/api/vet/vets,200,1,57.358,1
2026-07-22T21:38:20.054792+00:00,2763ce1e9996ca26,2026-07-22T21:38:09.850131+00:00,77.677,4,2,api-gateway|vets-service,False,GET,/api/vet/vets,200,1,64.639,1
2026-07-22T21:38:20.054792+00:00,904f8adc17ba82dc,2026-07-22T21:38:09.516842+00:00,17.982,3,2,visits-service|api-gateway,False,GET,/api/visit/owners/1/pets/1/visits,200,0,0.0,1
2026-07-22T21:38:20.054792+00:00,41ca66a46e970508,2026-07-22T21:38:10.022018+00:00,40.546,4,2,api-gateway|customers-service,False,GET,/api/customer/owners/1,200,1,37.582,1
2026-07-22T21:38:20.054792+00:00,852b83bb6e422c82,2026-07-22T21:38:09.862294+00:00,12.226,3,2,visits-service|api-gateway,False,GET,/api/visit/owners/1/pets/1/visits,200,0,0.0,1
2026-07-22T21:38:20.054792+00:00,6943690ca938d09c,2026-07-22T21:38:09.692378+00:00,47.994,4,2,api-gateway|vets-service,False,GET,/api/vet/vets,200,1,46.13,1
2026-07-22T21:38:20.054792+00:00,42798ae1949e6fb7,2026-07-22T21:38:09.688595+00:00,43.361,4,2,api-gateway|customers-service,False,GET,/api/customer/owners/1,200,1,40.449,1
2026-07-22T21:38:20.054792+00:00,dc3592bb02f6117d,2026-07-22T21:38:09.356580+00:00,33.231,4,2,api-gateway|customers-service,False,GET,/api/customer/owners/1,200,1,33.231,1
2026-07-22T21:38:20.054792+00:00,6ba32b37e128cc11,2026-07-22T21:38:09.350625+00:00,12.42,3,2,visits-service|api-gateway,False,GET,/api/visit/owners/1/pets/1/visits,200,0,0.0,1
2026-07-22T21:38:20.054792+00:00,16849024e839f019,2026-07-22T21:38:08.516928+00:00,67.613,4,2,api-gateway|vets-service,False,GET,/api/vet/vets,200,1,53.451,1
2026-07-22T21:38:20.054792+00:00,92f8ed14a4db30b4,2026-07-22T21:38:08.852633+00:00,83.631,4,2,api-gateway|customers-service,False,GET,/api/customer/owners,200,1,81.85,1
2026-07-22T21:38:20.054792+00:00,3409c103a8a6fad1,2026-07-22T21:38:08.842164+00:00,67.456,4,2,api-gateway|vets-service,False,GET,/api/vet/vets,200,1,65.508,1
2026-07-22T21:38:20.054792+00:00,f120564fe256c647,2026-07-22T21:38:07.850516+00:00,81.921,4,2,api-gateway|vets-service,False,GET,/api/vet/vets,200,1,67.629,1
2026-07-22T21:38:20.054792+00:00,3b5dff02a8e117c9,2026-07-22T21:38:08.354394+00:00,105.591,4,2,api-gateway|customers-service,False,GET,/api/customer/owners,200,1,103.035,1
2026-07-22T21:38:20.054792+00:00,16e11d139162733a,2026-07-22T21:38:07.517235+00:00,20.38,3,2,visits-service|api-gateway,False,GET,/api/visit/owners/1/pets/1/visits,200,0,0.0,1
2026-07-22T21:38:20.054792+00:00,4f2986f53af83e7d,2026-07-22T21:38:08.020044+00:00,85.579,4,2,api-gateway|customers-service,False,GET,/api/customer/owners,200,1,83.958,1
2026-07-22T21:38:20.054792+00:00,67b5c420023531cc,2026-07-22T21:38:07.351331+00:00,24.72,3,2,visits-service|api-gateway,False,GET,/api/visit/owners/1/pets/1/visits,200,0,0.0,1
2026-07-22T21:38:20.054792+00:00,ca3cf90bd0e51af2,2026-07-22T21:38:07.688863+00:00,88.674,4,2,api-gateway|customers-service,False,GET,/api/customer/owners,200,1,86.502,1
2026-07-22T21:38:20.054792+00:00,133308cb1e4b85f6,2026-07-22T21:38:06.683970+00:00,83.093,4,2,api-gateway|vets-service,False,GET,/api/vet/vets,200,1,68.521,1
2026-07-22T21:38:20.054792+00:00,91ce8123fd0f1840,2026-07-22T21:38:07.232512+00:00,42.986,4,2,api-gateway|customers-service,False,GET,/api/customer/owners/1,200,1,40.135,1
2026-07-22T21:38:20.054792+00:00,6f2ffd8ea22c0087,2026-07-22T21:38:07.022097+00:00,41.848,4,2,api-gateway|customers-service,False,GET,/api/customer/owners/1,200,1,37.769,1
2026-07-22T21:38:20.054792+00:00,5c6073a4ad2af233,2026-07-22T21:38:06.350778+00:00,47.228,3,2,visits-service|api-gateway,False,GET,/api/visit/owners/1/pets/1/visits,200,0,0.0,1
2026-07-22T21:38:20.054792+00:00,ed68ab5bde05b967,2026-07-22T21:38:06.855207+00:00,36.541,4,2,api-gateway|customers-service,False,GET,/api/customer/owners/1,200,1,33.304,1
2026-07-22T21:38:20.054792+00:00,b7442f9679a69fc0,2026-07-22T21:38:06.796883+00:00,64.551,4,2,api-gateway|vets-service,False,GET,/api/vet/vets,200,1,62.694,1
2026-07-22T21:38:20.054792+00:00,261d55236495d312,2026-07-22T21:38:06.017421+00:00,23.954,3,2,visits-service|api-gateway,False,GET,/api/visit/owners/1/pets/1/visits,200,0,0.0,1
2026-07-22T21:38:20.054792+00:00,d54ef9f13dfbc474,2026-07-22T21:38:06.517758+00:00,109.289,4,2,api-gateway|customers-service,False,GET,/api/customer/owners,200,1,100.884,1
2026-07-22T21:38:20.054792+00:00,1a9dcd2059f39121,2026-07-22T21:38:05.684210+00:00,59.673,4,2,api-gateway|vets-service,False,GET,/api/vet/vets,200,1,45.975,1
2026-07-22T21:38:20.054792+00:00,e0fbf9ddb69878f0,2026-07-22T21:38:05.516568+00:00,59.152,4,2,api-gateway|vets-service,False,GET,/api/vet/vets,200,1,45.448,1
2026-07-22T21:38:20.054792+00:00,d38dcfd0ff177697,2026-07-22T21:38:05.853438+00:00,27.588,4,2,api-gateway|customers-service,False,GET,/api/customer/owners/1,200,1,27.588,1
2026-07-22T21:38:20.054792+00:00,9a146f4f46183bef,2026-07-22T21:38:05.772855+00:00,43.417,4,2,api-gateway|vets-service,False,GET,/api/vet/vets,200,1,42.176,1
2026-07-22T21:38:20.054792+00:00,649791f23e621a8f,2026-07-22T21:38:05.602293+00:00,48.949,4,2,api-gateway|vets-service,False,GET,/api/vet/vets,200,1,47.62,1
2026-07-22T21:38:20.054792+00:00,e304f209c692f9dc,2026-07-22T21:38:04.851356+00:00,18.306,3,2,visits-service|api-gateway,False,GET,/api/visit/owners/1/pets/1/visits,200,0,0.0,1
2026-07-22T21:38:20.054792+00:00,0105be20083dfbb7,2026-07-22T21:38:05.350995+00:00,38.622,4,2,api-gateway|customers-service,False,GET,/api/customer/owners/1,200,1,33.888,1
2026-07-22T21:38:20.054792+00:00,271656f0a9057f70,2026-07-22T21:38:04.516721+00:00,57.611,4,2,api-gateway|vets-service,False,GET,/api/vet/vets,200,1,47.353,1
2026-07-22T21:38:20.054792+00:00,3d772a869c757daa,2026-07-22T21:38:04.350144+00:00,17.683,3,2,visits-service|api-gateway,False,GET,/api/visit/owners/1/pets/1/visits,200,0,0.0,1
2026-07-22T21:38:20.054792+00:00,fea508dc0ff0bb31,2026-07-22T21:38:04.686694+00:00,30.562,4,2,api-gateway|customers-service,False,GET,/api/customer/owners/1,200,1,28.446,1
2026-07-22T21:38:20.054792+00:00,38b1487d4c32bc8b,2026-07-22T21:38:04.583068+00:00,55.831,4,2,api-gateway|vets-service,False,GET,/api/vet/vets,200,1,54.262,1
2026-07-22T21:38:20.054792+00:00,79b2ee45610ad1eb,2026-07-22T21:38:03.853724+00:00,114.172,4,2,api-gateway|vets-service,False,GET,/api/vet/vets,200,1,105.035,1
2026-07-22T21:38:20.054792+00:00,aae0ce117e56d874,2026-07-22T21:38:04.188533+00:00,39.041,4,2,api-gateway|customers-service,False,GET,/api/customer/owners/1,200,1,36.272,1
2026-07-22T21:38:20.054792+00:00,2e0649ba081a8a22,2026-07-22T21:38:03.517392+00:00,24.86,3,2,visits-service|api-gateway,False,GET,/api/visit/owners/1/pets/1/visits,200,0,0.0,1
2026-07-22T21:38:20.054792+00:00,2f6656f4396762db,2026-07-22T21:38:03.729903+00:00,64.02,4,2,api-gateway|vets-service,False,GET,/api/vet/vets,200,1,61.849,1
2026-07-22T21:38:20.054792+00:00,eb1fc605061b7565,2026-07-22T21:38:03.688825+00:00,103.488,4,2,api-gateway|customers-service,False,GET,/api/customer/owners,200,1,100.685,1
2026-07-22T21:38:20.054792+00:00,b75851a6ae7da49f,2026-07-22T21:38:03.350443+00:00,38.127,4,2,api-gateway|customers-service,False,GET,/api/customer/owners/1,200,1,32.649,1
2026-07-22T21:38:20.054792+00:00,e5c99966533f15c2,2026-07-22T21:38:02.683458+00:00,78.399,4,2,api-gateway|vets-service,False,GET,/api/vet/vets,200,1,66.835,1
2026-07-22T21:38:20.054792+00:00,91a2ea49f6e2ddf1,2026-07-22T21:38:03.019673+00:00,35.232,4,2,api-gateway|customers-service,False,GET,/api/customer/owners/1,200,1,33.167,1
2026-07-22T21:38:20.054792+00:00,dbc29b546fed4896,2026-07-22T21:38:02.351335+00:00,24.657,3,2,visits-service|api-gateway,False,GET,/api/visit/owners/1/pets/1/visits,200,0,0.0,1
2026-07-22T21:38:20.054792+00:00,71af9cd45d10d050,2026-07-22T21:38:02.855374+00:00,103.979,4,2,api-gateway|customers-service,False,GET,/api/customer/owners,200,1,101.261,1
2026-07-22T21:38:20.054792+00:00,be38f588bc2dc561,2026-07-22T21:38:02.707524+00:00,64.524,4,2,api-gateway|vets-service,False,GET,/api/vet/vets,200,1,62.823,1
2026-07-22T21:38:20.054792+00:00,7085db7376c87fff,2026-07-22T21:38:02.519870+00:00,37.632,4,2,api-gateway|customers-service,False,GET,/api/customer/owners/1,200,1,33.336,1
2026-07-22T21:38:20.054792+00:00,4d9fb56a568c6d70,2026-07-22T21:38:01.517299+00:00,71.095,4,2,api-gateway|vets-service,False,GET,/api/vet/vets,200,1,60.26,1
2026-07-22T21:38:20.054792+00:00,339271c4dc2c48bb,2026-07-22T21:38:02.020496+00:00,96.009,4,2,api-gateway|customers-service,False,GET,/api/customer/owners,200,1,92.806,1
2026-07-22T21:38:20.054792+00:00,499863304a30630c,2026-07-22T21:38:01.852396+00:00,34.817,4,2,api-gateway|customers-service,False,GET,/api/customer/owners/1,200,1,32.578,1
2026-07-22T21:38:20.054792+00:00,a707d2f5cb63475c,2026-07-22T21:38:01.686443+00:00,31.042,4,2,api-gateway|customers-service,False,GET,/api/customer/owners/1,200,1,29.163,1
2026-07-22T21:38:20.054792+00:00,3f2af2a308e31b89,2026-07-22T21:38:01.350730+00:00,35.372,4,2,api-gateway|customers-service,False,GET,/api/customer/owners/1,200,1,29.677,1
2026-07-22T21:38:20.054792+00:00,3448d9ad7c685502,2026-07-22T21:38:01.186512+00:00,29.634,4,2,api-gateway|customers-service,False,GET,/api/customer/owners/1,200,1,27.656,1
2026-07-22T21:38:20.054792+00:00,a403044c17cbfdfa,2026-07-22T21:38:01.020658+00:00,87.6,4,2,api-gateway|customers-service,False,GET,/api/customer/owners,200,1,87.6,1
2026-07-22T21:38:20.054792+00:00,22170c28adba9e16,2026-07-22T21:38:00.852368+00:00,96.041,4,2,api-gateway|customers-service,False,GET,/api/customer/owners,200,1,94.065,1
2026-07-22T21:38:20.054792+00:00,551b3edc5528eac6,2026-07-22T21:38:00.350525+00:00,26.573,3,2,visits-service|api-gateway,False,GET,/api/visit/owners/1/pets/1/visits,200,0,0.0,1
2026-07-22T21:38:20.054792+00:00,e5aa1c99707d4ba2,2026-07-22T21:38:00.689490+00:00,35.659,4,2,api-gateway|customers-service,False,GET,/api/customer/owners/1,200,1,32.625,1
2026-07-22T21:38:20.054792+00:00,b00b4cb00dc6b3f3,2026-07-22T21:38:00.663149+00:00,62.35,4,2,api-gateway|vets-service,False,GET,/api/vet/vets,200,1,60.682,1
2026-07-22T21:38:20.054792+00:00,aa65cf4ec1ae1b93,2026-07-22T21:38:00.518114+00:00,44.664,4,2,api-gateway|customers-service,False,GET,/api/customer/owners/1,200,1,36.191,1
2026-07-22T21:38:20.054792+00:00,3aaeb38536f9679b,2026-07-22T21:37:59.850728+00:00,72.347,4,2,api-gateway|vets-service,False,GET,/api/vet/vets,200,1,62.331,1
2026-07-22T21:38:20.054792+00:00,3fbd580001b595cd,2026-07-22T21:37:59.683438+00:00,71.341,4,2,api-gateway|vets-service,False,GET,/api/vet/vets,200,1,60.636,1
2026-07-22T21:38:20.054792+00:00,d4f52d04dec85136,2026-07-22T21:38:00.019737+00:00,30.068,4,2,api-gateway|customers-service,False,GET,/api/customer/owners/1,200,1,28.154,1
2026-07-22T21:38:20.054792+00:00,17f34a0036ae7b7e,2026-07-22T21:37:59.349970+00:00,26.642,3,2,visits-service|api-gateway,False,GET,/api/visit/owners/1/pets/1/visits,200,0,0.0,1
2026-07-22T21:38:20.054792+00:00,7aa63ff232cf9968,2026-07-22T21:37:59.184417+00:00,25.285,3,2,visits-service|api-gateway,False,GET,/api/visit/owners/1/pets/1/visits,200,0,0.0,1
2026-07-22T21:38:20.054792+00:00,3d0ccf19fda0073f,2026-07-22T21:37:59.518262+00:00,40.681,4,2,api-gateway|customers-service,False,GET,/api/customer/owners/1,200,1,33.504,1
2026-07-22T21:38:20.054792+00:00,d852ab3735ca1f9f,2026-07-22T21:37:59.017265+00:00,77.438,4,2,api-gateway|vets-service,False,GET,/api/vet/vets,200,1,65.404,1
2026-07-22T21:38:20.054792+00:00,228eb3a023901b6f,2026-07-22T21:37:58.852141+00:00,83.012,4,2,api-gateway|customers-service,False,GET,/api/customer/owners,200,1,80.697,1
2026-07-22T21:38:20.054792+00:00,ae656ab64a9bc169,2026-07-22T21:37:58.350605+00:00,81.67,4,2,api-gateway|vets-service,False,GET,/api/vet/vets,200,1,70.221,1
2026-07-22T21:38:20.054792+00:00,da8ca8df9ed15fc1,2026-07-22T21:37:58.687515+00:00,29.729,4,2,api-gateway|customers-service,False,GET,/api/customer/owners/1,200,1,27.75,1
2026-07-22T21:38:20.054792+00:00,943a1060f7327b72,2026-07-22T21:37:58.517588+00:00,44.39,4,2,api-gateway|customers-service,False,GET,/api/customer/owners/1,200,1,36.934,1
2026-07-22T21:38:20.054792+00:00,f62a4f95cb69040a,2026-07-22T21:37:58.186688+00:00,90.013,4,2,api-gateway|customers-service,False,GET,/api/customer/owners,200,1,88.066,1
2026-07-22T21:38:20.054792+00:00,f714631893d54b43,2026-07-22T21:37:58.020258+00:00,89.564,4,2,api-gateway|customers-service,False,GET,/api/customer/owners,200,1,87.832,1
2026-07-22T21:38:20.054792+00:00,1ab434cb8b799fc8,2026-07-22T21:37:57.517048+00:00,70.172,4,2,api-gateway|vets-service,False,GET,/api/vet/vets,200,1,56.906,1
2026-07-22T21:38:20.054792+00:00,32afc57e411dfb06,2026-07-22T21:37:57.853688+00:00,77.917,4,2,api-gateway|customers-service,False,GET,/api/customer/owners,200,1,77.917,1
2026-07-22T21:38:20.054792+00:00,a95bbc97ee05a1d4,2026-07-22T21:37:57.688867+00:00,101.561,4,2,api-gateway|customers-service,False,GET,/api/customer/owners,200,1,99.2,1
2026-07-22T21:38:20.054792+00:00,53b1a423b9ac92ba,2026-07-22T21:37:57.594932+00:00,14.92,3,2,visits-service|api-gateway,False,GET,/api/visit/owners/1/pets/1/visits,200,0,0.0,1
2026-07-22T21:38:20.054792+00:00,532f7f867cfb5da0,2026-07-22T21:37:57.351371+00:00,95.275,4,2,api-gateway|customers-service,False,GET,/api/customer/owners,200,1,88.001,1
2026-07-22T21:38:20.054792+00:00,91808c2ca4428c69,2026-07-22T21:37:56.850926+00:00,73.009,4,2,api-gateway|vets-service,False,GET,/api/vet/vets,200,1,60.868,1
2026-07-22T21:38:20.054792+00:00,e1e63f4df52aef9f,2026-07-22T21:37:57.019432+00:00,29.278,4,2,api-gateway|customers-service,False,GET,/api/customer/owners/1,200,1,27.538,1
2026-07-22T21:38:20.054792+00:00,222aabaee609aff4,2026-07-22T21:37:56.351027+00:00,78.075,4,2,api-gateway|vets-service,False,GET,/api/vet/vets,200,1,64.89,1
2026-07-22T21:38:20.054792+00:00,73218855e28dc1c7,2026-07-22T21:37:56.688293+00:00,107.213,4,2,api-gateway|customers-service,False,GET,/api/customer/owners,200,1,103.991,1
2026-07-22T21:38:20.054792+00:00,7e4150c30aa01e7d,2026-07-22T21:37:56.577203+00:00,7.192,3,2,visits-service|api-gateway,False,GET,/api/visit/owners/1/pets/1/visits,200,0,0.0,1
2026-07-22T21:38:20.054792+00:00,3e51c2ce6df1d301,2026-07-22T21:37:56.517470+00:00,48.434,4,2,api-gateway|customers-service,False,GET,/api/customer/owners/1,200,1,39.683,1
2026-07-22T21:38:20.054792+00:00,2496983743b8b583,2026-07-22T21:37:56.401822+00:00,11.81,3,2,visits-service|api-gateway,False,GET,/api/visit/owners/1/pets/1/visits,200,0,0.0,1
2026-07-22T21:38:20.054792+00:00,ffa1f117099a3260,2026-07-22T21:37:55.853901+00:00,91.662,4,2,api-gateway|customers-service,False,GET,/api/customer/owners,200,1,91.662,1
2026-07-22T21:38:20.054792+00:00,592774b1503f57d8,2026-07-22T21:37:55.686395+00:00,29.949,4,2,api-gateway|customers-service,False,GET,/api/customer/owners/1,200,1,27.746,1
2026-07-22T21:38:20.054792+00:00,69a07c0c53963a38,2026-07-22T21:37:55.548366+00:00,11.599,3,2,visits-service|api-gateway,False,GET,/api/visit/owners/1/pets/1/visits,200,0,0.0,1
2026-07-22T21:38:20.054792+00:00,a1ce81195f889fc2,2026-07-22T21:37:55.521670+00:00,86.866,4,2,api-gateway|customers-service,False,GET,/api/customer/owners,200,1,84.436,1
2026-07-22T21:38:20.054792+00:00,5a2b484b804e2b1d,2026-07-22T21:37:55.017960+00:00,75.261,4,2,api-gateway|vets-service,False,GET,/api/vet/vets,200,1,63.76,1
2026-07-22T21:38:20.054792+00:00,9f37885158fc83cb,2026-07-22T21:37:55.350712+00:00,120.668,4,2,api-gateway|customers-service,False,GET,/api/customer/owners,200,1,112.773,1
2026-07-22T21:38:20.054792+00:00,41dbc41547c5ccd1,2026-07-22T21:37:54.851346+00:00,73.783,4,2,api-gateway|vets-service,False,GET,/api/vet/vets,200,1,61.028,1
2026-07-22T21:38:20.054792+00:00,e05857b3352c45d5,2026-07-22T21:37:54.684029+00:00,73.264,4,2,api-gateway|vets-service,False,GET,/api/vet/vets,200,1,55.189,1
2026-07-22T21:38:20.054792+00:00,a899cb34147451dc,2026-07-22T21:37:54.516744+00:00,80.295,4,2,api-gateway|vets-service,False,GET,/api/vet/vets,200,1,66.906,1
2026-07-22T21:38:20.054792+00:00,14644cebedc7a0e1,2026-07-22T21:37:54.527592+00:00,12.653,3,2,visits-service|api-gateway,False,GET,/api/visit/owners/1/pets/1/visits,200,0,0.0,1
2026-07-22T21:38:20.054792+00:00,d12656f833b98bc2,2026-07-22T21:37:54.350614+00:00,89.515,4,2,api-gateway|customers-service,False,GET,/api/customer/owners,200,1,84.733,1
2026-07-22T21:38:20.054792+00:00,13b0103a09edc78b,2026-07-22T21:37:54.188878+00:00,12.831,3,2,visits-service|api-gateway,False,GET,/api/visit/owners/1/pets/1/visits,200,0,0.0,1
2026-07-22T21:38:20.054792+00:00,e5215a996ecac27d,2026-07-22T21:37:54.022604+00:00,99.714,4,2,api-gateway|customers-service,False,GET,/api/customer/owners,200,1,97.128,1
2026-07-22T21:38:20.054792+00:00,0a2cc06485b43eda,2026-07-22T21:37:53.684364+00:00,79.599,4,2,api-gateway|vets-service,False,GET,/api/vet/vets,200,1,65.724,1
2026-07-22T21:38:20.054792+00:00,f594d8c6c62049da,2026-07-22T21:37:53.520253+00:00,93.864,4,2,api-gateway|customers-service,False,GET,/api/customer/owners,200,1,90.856,1
2026-07-22T21:38:20.054792+00:00,634ec82983e941f2,2026-07-22T21:37:53.507060+00:00,62.036,4,2,api-gateway|vets-service,False,GET,/api/vet/vets,200,1,60.241,1
2026-07-22T21:38:20.054792+00:00,a97345f09577279e,2026-07-22T21:37:53.350396+00:00,91.233,4,2,api-gateway|customers-service,False,GET,/api/customer/owners,200,1,86.328,1
2026-07-22T21:38:20.054792+00:00,f82aa9d8b32523ee,2026-07-22T21:37:53.019488+00:00,87.933,4,2,api-gateway|customers-service,False,GET,/api/customer/owners,200,1,86.173,1
2026-07-22T21:38:20.054792+00:00,717536cc838ada93,2026-07-22T21:37:52.854156+00:00,87.629,4,2,api-gateway|customers-service,False,GET,/api/customer/owners,200,1,85.48,1
2026-07-22T21:38:20.054792+00:00,3d8e41825f923a39,2026-07-22T21:37:52.686179+00:00,32.697,4,2,api-gateway|customers-service,False,GET,/api/customer/owners/1,200,1,30.596,1
2026-07-22T21:38:20.054792+00:00,958005e605bfee67,2026-07-22T21:37:52.350688+00:00,26.87,3,2,visits-service|api-gateway,False,GET,/api/visit/owners/1/pets/1/visits,200,0,0.0,1
2026-07-22T21:38:20.054792+00:00,1ca2d8e0fde8ae44,2026-07-22T21:37:52.521246+00:00,94.592,4,2,api-gateway|customers-service,False,GET,/api/customer/owners,200,1,92.171,1
2026-07-22T21:38:20.054792+00:00,29727d82fc013e21,2026-07-22T21:37:52.483780+00:00,67.046,4,2,api-gateway|vets-service,False,GET,/api/vet/vets,200,1,64.969,1
2026-07-22T21:38:20.054792+00:00,50834ce9167cbca5,2026-07-22T21:37:52.020177+00:00,25.549,4,2,api-gateway|customers-service,False,GET,/api/customer/owners/1,200,1,23.586,1
2026-07-22T21:38:20.054792+00:00,6cf2a93640583f04,2026-07-22T21:37:51.975946+00:00,11.519,3,2,visits-service|api-gateway,False,GET,/api/visit/owners/1/pets/1/visits,200,0,0.0,1
2026-07-22T21:38:20.054792+00:00,d4fad08ee2d911ca,2026-07-22T21:37:51.852820+00:00,81.512,4,2,api-gateway|customers-service,False,GET,/api/customer/owners,200,1,79.225,1
2026-07-22T21:38:20.054792+00:00,8d76617bad18ee4e,2026-07-22T21:37:51.517510+00:00,36.92,4,2,api-gateway|customers-service,False,GET,/api/customer/owners/1,200,1,32.041,1
2026-07-22T21:38:20.054792+00:00,d10289c1e8287b9e,2026-07-22T21:37:51.183717+00:00,83.186,4,2,api-gateway|vets-service,False,GET,/api/vet/vets,200,1,70.849,1
2026-07-22T21:38:20.054792+00:00,738b77d02240d702,2026-07-22T21:37:51.350687+00:00,94.168,4,2,api-gateway|customers-service,False,GET,/api/customer/owners,200,1,87.706,1
2026-07-22T21:38:20.054792+00:00,5c6b22801d099a7b,2026-07-22T21:37:51.293857+00:00,12.584,3,2,visits-service|api-gateway,False,GET,/api/visit/owners/1/pets/1/visits,200,0,0.0,1
2026-07-22T21:38:20.054792+00:00,e3b182e16bd5c1bd,2026-07-22T21:37:50.852187+00:00,26.469,4,2,api-gateway|customers-service,False,GET,/api/customer/owners/1,200,1,24.442,1
2026-07-22T21:38:20.054792+00:00,3d0e843b5a1cbc36,2026-07-22T21:37:50.518054+00:00,74.491,4,2,api-gateway|vets-service,False,GET,/api/vet/vets,200,1,59.778,1
2026-07-22T21:38:20.054792+00:00,f538c2e82cf0560e,2026-07-22T21:37:50.688238+00:00,41.214,4,2,api-gateway|customers-service,False,GET,/api/customer/owners/1,200,1,37.686,1
2026-07-22T21:38:20.054792+00:00,33a56e4edbc65edb,2026-07-22T21:37:50.350646+00:00,79.367,4,2,api-gateway|vets-service,False,GET,/api/vet/vets,200,1,67.153,1
2026-07-22T21:38:20.054792+00:00,f6e7b66e95e567eb,2026-07-22T21:37:50.183628+00:00,86.915,4,2,api-gateway|customers-service,False,GET,/api/customer/owners,200,1,81.248,1
2026-07-22T21:38:20.054792+00:00,13350b4ef1a4f2b3,2026-07-22T21:37:50.019800+00:00,80.035,4,2,api-gateway|customers-service,False,GET,/api/customer/owners,200,1,80.035,1
2026-07-22T21:38:20.054792+00:00,52ee0f4ae4afb994,2026-07-22T21:37:49.855282+00:00,105.436,4,2,api-gateway|customers-service,False,GET,/api/customer/owners,200,1,103.13,1
2026-07-22T21:38:20.054792+00:00,c8f9de57bc17a729,2026-07-22T21:37:49.759573+00:00,11.639,3,2,visits-service|api-gateway,False,GET,/api/visit/owners/1/pets/1/visits,200,0,0.0,1
2026-07-22T21:38:20.054792+00:00,3e2efef177a660e1,2026-07-22T21:37:49.687966+00:00,39.199,4,2,api-gateway|customers-service,False,GET,/api/customer/owners/1,200,1,36.135,1
2026-07-22T21:38:20.054792+00:00,578f9509d16c9970,2026-07-22T21:37:49.350737+00:00,33.224,4,2,api-gateway|customers-service,False,GET,/api/customer/owners/1,200,1,27.505,1
2026-07-22T21:38:20.054792+00:00,2ff8c6f73caed9c0,2026-07-22T21:37:49.183378+00:00,91.448,4,2,api-gateway|customers-service,False,GET,/api/customer/owners,200,1,85.583,1
2026-07-22T21:38:20.054792+00:00,247aa78de67d7b6f,2026-07-22T21:37:49.078638+00:00,69.321,4,2,api-gateway|vets-service,False,GET,/api/vet/vets,200,1,67.363,1
2026-07-22T21:38:20.054792+00:00,ba1e5eda6650d201,2026-07-22T21:37:49.021760+00:00,38.921,4,2,api-gateway|customers-service,False,GET,/api/customer/owners/1,200,1,35.247,1
2026-07-22T21:38:20.054792+00:00,68812879c274caeb,2026-07-22T21:37:48.686571+00:00,31.081,4,2,api-gateway|customers-service,False,GET,/api/customer/owners/1,200,1,29.317,1
2026-07-22T21:38:20.054792+00:00,727537374d543b0f,2026-07-22T21:37:48.520008+00:00,83.603,4,2,api-gateway|customers-service,False,GET,/api/customer/owners,200,1,81.568,1
2026-07-22T21:38:20.054792+00:00,7de503e93ee292a3,2026-07-22T21:37:48.350982+00:00,94.675,4,2,api-gateway|customers-service,False,GET,/api/customer/owners,200,1,87.315,1
2026-07-22T21:38:20.054792+00:00,63008c810963b2b5,2026-07-22T21:37:48.228297+00:00,71.317,4,2,api-gateway|vets-service,False,GET,/api/vet/vets,200,1,69.306,1
2026-07-22T21:38:20.054792+00:00,67e359f83c905dd7,2026-07-22T21:37:48.189004+00:00,39.162,4,2,api-gateway|customers-service,False,GET,/api/customer/owners/1,200,1,35.586,1
2026-07-22T21:38:20.054792+00:00,1bed651d6b20a8bf,2026-07-22T21:37:47.854491+00:00,67.448,4,2,api-gateway|customers-service,False,GET,/api/customer/owners,200,1,65.224,1
2026-07-22T21:38:20.054792+00:00,c6d6900d85521c04,2026-07-22T21:37:47.722588+00:00,12.372,3,2,visits-service|api-gateway,False,GET,/api/visit/owners/1/pets/1/visits,200,0,0.0,1
2026-07-22T21:38:20.054792+00:00,da89de7e9958cb3d,2026-07-22T21:37:47.688155+00:00,73.945,4,2,api-gateway|customers-service,False,GET,/api/customer/owners,200,1,71.389,1
2026-07-22T21:38:20.054792+00:00,cc332cd374d994ff,2026-07-22T21:37:47.350341+00:00,96.234,4,2,api-gateway|customers-service,False,GET,/api/customer/owners,200,1,91.016,1
2026-07-22T21:38:20.054792+00:00,7fdfc863fd336291,2026-07-22T21:37:47.209835+00:00,64.016,4,2,api-gateway|vets-service,False,GET,/api/vet/vets,200,1,62.396,1
2026-07-22T21:38:20.054792+00:00,ab91d9d933d74ee9,2026-07-22T21:37:47.183206+00:00,93.705,4,2,api-gateway|customers-service,False,GET,/api/customer/owners,200,1,88.702,1
2026-07-22T21:38:20.054792+00:00,f4b3c4532142159d,2026-07-22T21:37:46.869407+00:00,69.528,4,2,api-gateway|vets-service,False,GET,/api/vet/vets,200,1,67.556,1
2026-07-22T21:38:20.054792+00:00,50da79a9fcc873c8,2026-07-22T21:37:46.854472+00:00,82.79,4,2,api-gateway|customers-service,False,GET,/api/customer/owners,200,1,80.305,1
2026-07-22T21:38:20.054792+00:00,ec0aae50f9a41b2d,2026-07-22T21:37:46.701048+00:00,63.389,4,2,api-gateway|vets-service,False,GET,/api/vet/vets,200,1,61.885,1
2026-07-22T21:38:20.054792+00:00,ff91d09ee9cd0d52,2026-07-22T21:37:46.351185+00:00,34.14,4,2,api-gateway|customers-service,False,GET,/api/customer/owners/1,200,1,27.033,1
2026-07-22T21:38:20.054792+00:00,a004b3c9642bbf27,2026-07-22T21:37:46.186582+00:00,28.157,4,2,api-gateway|customers-service,False,GET,/api/customer/owners/1,200,1,25.804,1
2026-07-22T21:38:20.054792+00:00,dc2c725a293425d0,2026-07-22T21:37:46.019699+00:00,87.295,4,2,api-gateway|customers-service,False,GET,/api/customer/owners,200,1,87.295,1
2026-07-22T21:38:20.054792+00:00,6def7236412fd4fe,2026-07-22T21:37:45.854068+00:00,46.072,4,2,api-gateway|customers-service,False,GET,/api/customer/owners/1,200,1,42.723,1
2026-07-22T21:38:20.054792+00:00,2d722e8952a12aca,2026-07-22T21:37:45.854272+00:00,57.399,4,2,api-gateway|vets-service,False,GET,/api/vet/vets,200,1,55.616,1
2026-07-22T21:38:20.054792+00:00,49725baba1b198e6,2026-07-22T21:37:45.682722+00:00,10.016,3,2,visits-service|api-gateway,False,GET,/api/visit/owners/1/pets/1/visits,200,0,0.0,1
2026-07-22T21:38:20.054792+00:00,e1f33adb6d8b43b5,2026-07-22T21:37:45.351148+00:00,22.354,3,2,visits-service|api-gateway,False,GET,/api/visit/owners/1/pets/1/visits,200,0,0.0,1
2026-07-22T21:38:20.054792+00:00,1a893ac1145fc9bc,2026-07-22T21:37:45.350797+00:00,13.091,3,2,visits-service|api-gateway,False,GET,/api/visit/owners/1/pets/1/visits,200,0,0.0,1
2026-07-22T21:38:20.054792+00:00,ca604387f9e4c685,2026-07-22T21:37:45.170194+00:00,11.802,3,2,visits-service|api-gateway,False,GET,/api/visit/owners/1/pets/1/visits,200,0,0.0,1
2026-07-22T21:38:20.054792+00:00,3b7ceade2fa2676b,2026-07-22T21:37:44.855052+00:00,98.141,4,2,api-gateway|customers-service,False,GET,/api/customer/owners,200,1,95.758,1
2026-07-22T21:38:20.054792+00:00,b6d94eaba8b65cb2,2026-07-22T21:37:44.830214+00:00,69.316,4,2,api-gateway|vets-service,False,GET,/api/vet/vets,200,1,67.296,1
2026-07-22T21:38:20.054792+00:00,17b5b50d4b1033bb,2026-07-22T21:37:44.521583+00:00,87.815,4,2,api-gateway|customers-service,False,GET,/api/customer/owners,200,1,85.479,1
2026-07-22T21:38:20.054792+00:00,82701e89b8304bbf,2026-07-22T21:37:44.349766+00:00,90.202,4,2,api-gateway|customers-service,False,GET,/api/customer/owners,200,1,85.389,1
2026-07-22T21:38:20.054792+00:00,2de5513597705bd5,2026-07-22T21:37:44.185623+00:00,95.937,4,2,api-gateway|customers-service,False,GET,/api/customer/owners,200,1,91.675,1
2026-07-22T21:38:20.054792+00:00,0af59573085bdd45,2026-07-22T21:37:44.019078+00:00,91.672,4,2,api-gateway|customers-service,False,GET,/api/customer/owners,200,1,89.577,1
2026-07-22T21:38:20.054792+00:00,a0dc0dd5e96d49e6,2026-07-22T21:37:43.853697+00:00,83.653,4,2,api-gateway|customers-service,False,GET,/api/customer/owners,200,1,81.801,1
2026-07-22T21:38:20.054792+00:00,3bb49f73091b4d1f,2026-07-22T21:37:43.686255+00:00,32.613,4,2,api-gateway|customers-service,False,GET,/api/customer/owners/1,200,1,30.49,1
2026-07-22T21:38:20.054792+00:00,cb7fbf9bc8f2b66f,2026-07-22T21:37:43.641165+00:00,61.002,4,2,api-gateway|vets-service,False,GET,/api/vet/vets,200,1,59.257,1
2026-07-22T21:38:20.054792+00:00,20b57190cd502173,2026-07-22T21:37:43.350594+00:00,25.062,3,2,visits-service|api-gateway,False,GET,/api/visit/owners/1/pets/1/visits,200,0,0.0,1
2026-07-22T21:38:20.054792+00:00,c99fcf2ed949e5ca,2026-07-22T21:37:43.188924+00:00,37.696,4,2,api-gateway|customers-service,False,GET,/api/customer/owners/1,200,1,34.705,1
2026-07-22T21:38:20.054792+00:00,1baf7e5a4cd062cc,2026-07-22T21:37:43.133647+00:00,58.214,4,2,api-gateway|vets-service,False,GET,/api/vet/vets,200,1,56.611,1
2026-07-22T21:38:20.054792+00:00,04d553a7d1ac7070,2026-07-22T21:37:42.854502+00:00,101.378,4,2,api-gateway|customers-service,False,GET,/api/customer/owners,200,1,98.255,1
2026-07-22T21:38:20.054792+00:00,b306a6a8d434384b,2026-07-22T21:37:42.688967+00:00,41.609,4,2,api-gateway|customers-service,False,GET,/api/customer/owners/1,200,1,38.302,1
2026-07-22T21:38:20.054792+00:00,3a6ea79a65243df3,2026-07-22T21:37:42.624976+00:00,66.57,4,2,api-gateway|vets-service,False,GET,/api/vet/vets,200,1,64.51,1
2026-07-22T21:38:20.054792+00:00,a78b5c09374455e3,2026-07-22T21:37:42.351452+00:00,45.729,4,2,api-gateway|customers-service,False,GET,/api/customer/owners/1,200,1,37.147,1
2026-07-22T21:38:20.054792+00:00,85efd64134140fc6,2026-07-22T21:37:42.187537+00:00,34.953,4,2,api-gateway|customers-service,False,GET,/api/customer/owners/1,200,1,32.315,1
2026-07-22T21:38:20.054792+00:00,170d1c9a23679744,2026-07-22T21:37:42.021854+00:00,36.572,4,2,api-gateway|customers-service,False,GET,/api/customer/owners/1,200,1,33.716,1
2026-07-22T21:38:20.054792+00:00,bf13c040d0d9ad77,2026-07-22T21:37:41.855278+00:00,37.204,4,2,api-gateway|customers-service,False,GET,/api/customer/owners/1,200,1,34.391,1
2026-07-22T21:38:20.054792+00:00,85b5bd9589f0c85f,2026-07-22T21:37:41.685569+00:00,29.408,4,2,api-gateway|customers-service,False,GET,/api/customer/owners/1,200,1,27.373,1
2026-07-22T21:38:20.054792+00:00,0e6c934b81e8f49d,2026-07-22T21:37:41.520643+00:00,84.289,4,2,api-gateway|customers-service,False,GET,/api/customer/owners,200,1,84.289,1
2026-07-22T21:38:20.054792+00:00,f1a047f711ed867c,2026-07-22T21:37:41.350670+00:00,90.723,4,2,api-gateway|customers-service,False,GET,/api/customer/owners,200,1,86.292,1
2026-07-22T21:38:20.054792+00:00,f5e94a003836804b,2026-07-22T21:37:41.265359+00:00,11.732,3,2,visits-service|api-gateway,False,GET,/api/visit/owners/1/pets/1/visits,200,0,0.0,1
2026-07-22T21:38:20.054792+00:00,fbe22796c645a19c,2026-07-22T21:37:41.020433+00:00,30.679,4,2,api-gateway|customers-service,False,GET,/api/customer/owners/1,200,1,28.563,1
2026-07-22T21:38:20.054792+00:00,e3b998abb37bc6cf,2026-07-22T21:37:40.852161+00:00,86.776,4,2,api-gateway|customers-service,False,GET,/api/customer/owners,200,1,84.577,1
2026-07-22T21:38:20.054792+00:00,73619bacfb3e4f63,2026-07-22T21:37:40.757793+00:00,65.309,4,2,api-gateway|vets-service,False,GET,/api/vet/vets,200,1,63.451,1
2026-07-22T21:38:20.054792+00:00,f858086742c5c8fb,2026-07-22T21:37:40.521345+00:00,39.597,4,2,api-gateway|customers-service,False,GET,/api/customer/owners/1,200,1,36.277,1
2026-07-22T21:38:20.054792+00:00,f35aac2daf25c70a,2026-07-22T21:37:40.417118+00:00,59.243,4,2,api-gateway|vets-service,False,GET,/api/vet/vets,200,1,57.241,1
2026-07-22T21:38:20.054792+00:00,afcdf0ab79d2947e,2026-07-22T21:37:40.248421+00:00,11.994,3,2,visits-service|api-gateway,False,GET,/api/visit/owners/1/pets/1/visits,200,0,0.0,1
2026-07-22T21:38:20.054792+00:00,39cf9cf465c27ba0,2026-07-22T21:37:40.077409+00:00,68.572,4,2,api-gateway|vets-service,False,GET,/api/vet/vets,200,1,66.594,1
2026-07-22T21:38:20.054792+00:00,ddbac4997a6dae3b,2026-07-22T21:37:39.853546+00:00,33.322,4,2,api-gateway|customers-service,False,GET,/api/customer/owners/1,200,1,31.25,1
2026-07-22T21:38:20.054792+00:00,aa4581bcddf8beb7,2026-07-22T21:37:39.737766+00:00,12.964,3,2,visits-service|api-gateway,False,GET,/api/visit/owners/1/pets/1/visits,200,0,0.0,1
2026-07-22T21:38:20.054792+00:00,36dc9d78f5d42b04,2026-07-22T21:37:39.566124+00:00,59.644,4,2,api-gateway|vets-service,False,GET,/api/vet/vets,200,1,57.886,1
2026-07-22T21:38:20.054792+00:00,40e1480e2ae1216d,2026-07-22T21:37:39.350766+00:00,37.047,4,2,api-gateway|customers-service,False,GET,/api/customer/owners/1,200,1,30.719,1
2026-07-22T21:38:20.054792+00:00,32cf78ebaa39bc81,2026-07-22T21:37:39.228240+00:00,10.918,3,2,visits-service|api-gateway,False,GET,/api/visit/owners/1/pets/1/visits,200,0,0.0,1
2026-07-22T21:38:20.054792+00:00,55f4ea0e77ce33be,2026-07-22T21:37:39.021029+00:00,32.408,4,2,api-gateway|customers-service,False,GET,/api/customer/owners/1,200,1,29.818,1
2026-07-22T21:38:20.054792+00:00,a82232ef4d1574e8,2026-07-22T21:37:38.891871+00:00,67.076,4,2,api-gateway|vets-service,False,GET,/api/vet/vets,200,1,65.102,1
2026-07-22T21:38:20.054792+00:00,1dd83e499ec20068,2026-07-22T21:37:38.721324+00:00,12.321,3,2,visits-service|api-gateway,False,GET,/api/visit/owners/1/pets/1/visits,200,0,0.0,1
2026-07-22T21:38:20.054792+00:00,cb62231e44f26a24,2026-07-22T21:37:38.522004+00:00,40.637,4,2,api-gateway|customers-service,False,GET,/api/customer/owners/1,200,1,37.453,1
2026-07-22T21:38:20.054792+00:00,1387e39b5656f73d,2026-07-22T21:37:38.381407+00:00,70.588,4,2,api-gateway|vets-service,False,GET,/api/vet/vets,200,1,68.774,1
2026-07-22T21:38:20.054792+00:00,f0afecbfa359bca9,2026-07-22T21:37:38.183978+00:00,38.118,4,2,api-gateway|customers-service,False,GET,/api/customer/owners/1,200,1,32.147,1
2026-07-22T21:38:20.054792+00:00,34d2379cff656cb9,2026-07-22T21:37:38.020042+00:00,88.814,4,2,api-gateway|customers-service,False,GET,/api/customer/owners,200,1,86.76,1
2026-07-22T21:38:20.054792+00:00,2abd4291a8f397ff,2026-07-22T21:37:37.704939+00:00,64.502,4,2,api-gateway|vets-service,False,GET,/api/vet/vets,200,1,62.525,1
2026-07-22T21:38:20.054792+00:00,5bfb05db6b9f0eb8,2026-07-22T21:37:36.685398+00:00,28.688,3,2,visits-service|api-gateway,False,GET,/api/visit/owners/1/pets/1/visits,200,0,0.0,1
2026-07-22T21:38:20.054792+00:00,4bab66dd1bd96d34,2026-07-22T21:37:37.366608+00:00,82.815,4,2,api-gateway|vets-service,False,GET,/api/vet/vets,200,1,80.808,1
2026-07-22T21:38:20.054792+00:00,64db6e75635cf943,2026-07-22T21:37:36.351272+00:00,66.889,4,2,api-gateway|vets-service,False,GET,/api/vet/vets,200,1,54.082,1
2026-07-22T21:38:20.054792+00:00,27ae51d78b37dab1,2026-07-22T21:37:37.025067+00:00,45.564,4,2,api-gateway|vets-service,False,GET,/api/vet/vets,200,1,43.981,1
2026-07-22T21:38:20.054792+00:00,b42314b095dca3fd,2026-07-22T21:37:37.022849+00:00,95.834,4,2,api-gateway|customers-service,False,GET,/api/customer/owners,200,1,92.812,1
2026-07-22T21:38:20.054792+00:00,66a7fb519c09f9a3,2026-07-22T21:37:36.856026+00:00,12.374,3,2,visits-service|api-gateway,False,GET,/api/visit/owners/1/pets/1/visits,200,0,0.0,1
2026-07-22T21:38:20.054792+00:00,05e14cf6a9dd6fd0,2026-07-22T21:37:36.685657+00:00,77.931,4,2,api-gateway|vets-service,False,GET,/api/vet/vets,200,1,75.885,1
2026-07-22T21:38:20.054792+00:00,73925b8c2e85081b,2026-07-22T21:37:36.512998+00:00,65.398,4,2,api-gateway|vets-service,False,GET,/api/vet/vets,200,1,63.736,1
2026-07-22T21:38:20.054792+00:00,1fa52d686bb510dd,2026-07-22T21:37:35.351611+00:00,74.943,4,2,api-gateway|vets-service,False,GET,/api/vet/vets,200,1,62.373,1
2026-07-22T21:38:20.054792+00:00,a480d00fb3adfdda,2026-07-22T21:37:36.005991+00:00,68.148,4,2,api-gateway|vets-service,False,GET,/api/vet/vets,200,1,66.361,1
2026-07-22T21:38:20.054792+00:00,7fd0bbeac3c92dde,2026-07-22T21:37:35.666562+00:00,11.499,3,2,visits-service|api-gateway,False,GET,/api/visit/owners/1/pets/1/visits,200,0,0.0,1
2026-07-22T21:38:20.054792+00:00,d293b0e09b6c1810,2026-07-22T21:37:35.518046+00:00,64.074,4,2,api-gateway|customers-service,False,GET,/api/customer/owners/1,200,1,35.404,1
2026-07-22T21:38:20.054792+00:00,e69d0053c452dac2,2026-07-22T21:37:34.351433+00:00,25.39,3,2,visits-service|api-gateway,False,GET,/api/visit/owners/1/pets/1/visits,200,0,0.0,1
2026-07-22T21:38:20.054792+00:00,dd4ad731043c5ab9,2026-07-22T21:37:35.019326+00:00,79.652,4,2,api-gateway|customers-service,False,GET,/api/customer/owners,200,1,77.681,1
2026-07-22T21:38:20.054792+00:00,1f42b61c4b2d1210,2026-07-22T21:37:34.686272+00:00,35.454,4,2,api-gateway|customers-service,False,GET,/api/customer/owners/1,200,1,34.002,1
2026-07-22T21:38:20.054792+00:00,c867d3ca0c4fda8b,2026-07-22T21:37:34.649449+00:00,52.709,4,2,api-gateway|vets-service,False,GET,/api/vet/vets,200,1,51.151,1
2026-07-22T21:38:20.054792+00:00,7a4482e657425b1f,2026-07-22T21:37:34.522770+00:00,38.918,4,2,api-gateway|customers-service,False,GET,/api/customer/owners/1,200,1,30.964,1
2026-07-22T21:38:20.054792+00:00,04d9eea38f5e523a,2026-07-22T21:37:34.310798+00:00,59.458,4,2,api-gateway|vets-service,False,GET,/api/vet/vets,200,1,57.503,1
2026-07-22T21:38:20.054792+00:00,2a5ecbc527aed126,2026-07-22T21:37:34.188637+00:00,103.974,4,2,api-gateway|customers-service,False,GET,/api/customer/owners,200,1,101.132,1
2026-07-22T21:38:20.054792+00:00,6196046b6e2c9353,2026-07-22T21:37:34.022317+00:00,99.496,4,2,api-gateway|customers-service,False,GET,/api/customer/owners,200,1,96.729,1
2026-07-22T21:38:20.054792+00:00,012c34741cb856ba,2026-07-22T21:37:33.802553+00:00,7.994,3,2,visits-service|api-gateway,False,GET,/api/visit/owners/1/pets/1/visits,200,0,0.0,1
2026-07-22T21:38:20.054792+00:00,ccf8ef1bc3bb7dd6,2026-07-22T21:37:33.686163+00:00,29.464,4,2,api-gateway|customers-service,False,GET,/api/customer/owners/1,200,1,27.609,1
2026-07-22T21:38:20.054792+00:00,4d0b5593242f33ba,2026-07-22T21:37:33.631805+00:00,7.676,3,2,visits-service|api-gateway,False,GET,/api/visit/owners/1/pets/1/visits,200,0,0.0,1
2026-07-22T21:38:20.054792+00:00,e616ba22a7b925cd,2026-07-22T21:37:32.684356+00:00,24.996,3,2,visits-service|api-gateway,False,GET,/api/visit/owners/1/pets/1/visits,200,0,0.0,1
2026-07-22T21:38:20.054792+00:00,55859102ed221a9b,2026-07-22T21:37:33.351194+00:00,49.1,4,2,api-gateway|customers-service,False,GET,/api/customer/owners/1,200,1,39.504,1
2026-07-22T21:38:20.054792+00:00,17b8927dec0f8ee5,2026-07-22T21:37:33.187818+00:00,33.902,4,2,api-gateway|customers-service,False,GET,/api/customer/owners/1,200,1,32.125,1
2026-07-22T21:38:20.054792+00:00,c41bff6299fa404f,2026-07-22T21:37:32.947829+00:00,66.051,4,2,api-gateway|vets-service,False,GET,/api/vet/vets,200,1,64.038,1
2026-07-22T21:38:20.054792+00:00,0bc37e2d5e6d1bc2,2026-07-22T21:37:32.522251+00:00,39.828,4,2,api-gateway|customers-service,False,GET,/api/customer/owners/1,200,1,36.912,1
2026-07-22T21:38:20.054792+00:00,c8c3aede3fe056ff,2026-07-22T21:37:31.684399+00:00,23.592,3,2,visits-service|api-gateway,False,GET,/api/visit/owners/1/pets/1/visits,200,0,0.0,1
2026-07-22T21:38:20.054792+00:00,be9a9ea9d517cf85,2026-07-22T21:37:32.351903+00:00,36.979,4,2,api-gateway|customers-service,False,GET,/api/customer/owners/1,200,1,31.009,1
2026-07-22T21:38:20.054792+00:00,fc24df5aba8f1d04,2026-07-22T21:37:32.020208+00:00,83.642,4,2,api-gateway|customers-service,False,GET,/api/customer/owners,200,1,81.998,1
2026-07-22T21:38:20.054792+00:00,b16f67479170d744,2026-07-22T21:37:31.855527+00:00,90.118,4,2,api-gateway|customers-service,False,GET,/api/customer/owners,200,1,90.118,1
2026-07-22T21:38:20.054792+00:00,1ea438ecbd1109f7,2026-07-22T21:37:31.584765+00:00,12.021,3,2,visits-service|api-gateway,False,GET,/api/visit/owners/1/pets/1/visits,200,0,0.0,1
2026-07-22T21:38:20.054792+00:00,cd952e03609d6743,2026-07-22T21:37:31.520586+00:00,32.632,4,2,api-gateway|customers-service,False,GET,/api/customer/owners/1,200,1,30.156,1
2026-07-22T21:38:20.054792+00:00,5c9b008ce1a83928,2026-07-22T21:37:31.413439+00:00,57.231,4,2,api-gateway|vets-service,False,GET,/api/vet/vets,200,1,55.297,1
2026-07-22T21:38:20.054792+00:00,33ff40034f634b52,2026-07-22T21:37:31.354247+00:00,100.992,4,2,api-gateway|customers-service,False,GET,/api/customer/owners,200,1,99.139,1
2026-07-22T21:38:20.054792+00:00,873f043c0e7f8548,2026-07-22T21:37:31.241426+00:00,66.256,4,2,api-gateway|vets-service,False,GET,/api/vet/vets,200,1,64.354,1
2026-07-22T21:38:20.054792+00:00,08a9bb7e5049e290,2026-07-22T21:37:31.186524+00:00,29.427,4,2,api-gateway|customers-service,False,GET,/api/customer/owners/1,200,1,27.747,1
2026-07-22T21:38:20.054792+00:00,93cd8ed13a2f8544,2026-07-22T21:37:31.020731+00:00,29.384,4,2,api-gateway|customers-service,False,GET,/api/customer/owners/1,200,1,29.384,1
2026-07-22T21:38:20.054792+00:00,3847ec7121189d7e,2026-07-22T21:37:30.560176+00:00,157.531,4,2,api-gateway|vets-service,False,GET,/api/vet/vets,200,1,155.416,1
2026-07-22T21:38:20.054792+00:00,99be2d02dcf85ca8,2026-07-22T21:37:30.386054+00:00,67.975,4,2,api-gateway|vets-service,False,GET,/api/vet/vets,200,1,65.942,1
2026-07-22T21:38:20.054792+00:00,0b3ff0003665b07a,2026-07-22T21:37:30.356845+00:00,101.105,4,2,api-gateway|customers-service,False,GET,/api/customer/owners,200,1,98.092,1
2026-07-22T21:38:20.054792+00:00,ffe50e5bbb8b2bbc,2026-07-22T21:37:29.517820+00:00,77.14,4,2,api-gateway|vets-service,False,GET,/api/vet/vets,200,1,66.156,1
2026-07-22T21:38:20.054792+00:00,a82608d42c88f186,2026-07-22T21:37:30.189129+00:00,36.073,4,2,api-gateway|customers-service,False,GET,/api/customer/owners/1,200,1,33.888,1
2026-07-22T21:38:20.054792+00:00,7edb8ca7d6b433bb,2026-07-22T21:37:29.351038+00:00,164.651,3,2,visits-service|api-gateway,False,GET,/api/visit/owners/1/pets/1/visits,200,0,0.0,1
2026-07-22T21:38:20.054792+00:00,de6a92995e315317,2026-07-22T21:37:30.023438+00:00,41.839,4,2,api-gateway|customers-service,False,GET,/api/customer/owners/1,200,1,39.373,1
2026-07-22T21:38:20.054792+00:00,c389019f0d5b61bd,2026-07-22T21:37:29.874272+00:00,59.518,4,2,api-gateway|vets-service,False,GET,/api/vet/vets,200,1,57.493,1
2026-07-22T21:38:20.054792+00:00,ffbbe024409f63a6,2026-07-22T21:37:29.361171+00:00,62.748,4,2,api-gateway|vets-service,False,GET,/api/vet/vets,200,1,60.954,1
2026-07-22T21:38:20.054792+00:00,6df86020952e28e9,2026-07-22T21:37:29.022092+00:00,35.529,4,2,api-gateway|customers-service,False,GET,/api/customer/owners/1,200,1,33.396,1
2026-07-22T21:38:20.054792+00:00,d0137ab4fd385d7c,2026-07-22T21:37:28.853502+00:00,26.986,4,2,api-gateway|customers-service,False,GET,/api/customer/owners/1,200,1,26.986,1
2026-07-22T21:38:20.054792+00:00,51c1ebad5a793fbc,2026-07-22T21:37:28.850015+00:00,12.352,3,2,visits-service|api-gateway,False,GET,/api/visit/owners/1/pets/1/visits,200,0,0.0,1
2026-07-22T21:38:20.054792+00:00,a04777e3ac06de18,2026-07-22T21:37:28.679161+00:00,63.954,4,2,api-gateway|vets-service,False,GET,/api/vet/vets,200,1,62.139,1
2026-07-22T21:38:20.054792+00:00,30c67d7d7f3d6312,2026-07-22T21:37:28.521942+00:00,85.821,4,2,api-gateway|customers-service,False,GET,/api/customer/owners,200,1,83.886,1
2026-07-22T21:38:20.054792+00:00,7db560d951749326,2026-07-22T21:37:28.509148+00:00,61.335,4,2,api-gateway|vets-service,False,GET,/api/vet/vets,200,1,59.385,1
2026-07-22T21:38:20.054792+00:00,9747c4a794f74795,2026-07-22T21:37:28.354421+00:00,39.112,4,2,api-gateway|customers-service,False,GET,/api/customer/owners/1,200,1,34.299,1
2026-07-22T21:38:20.054792+00:00,6d24978625d07775,2026-07-22T21:37:27.517807+00:00,76.15,4,2,api-gateway|vets-service,False,GET,/api/vet/vets,200,1,63.088,1
2026-07-22T21:38:20.054792+00:00,a05a03333a735a4a,2026-07-22T21:37:27.688944+00:00,35.504,4,2,api-gateway|customers-service,False,GET,/api/customer/owners/1,200,1,32.362,1
2026-07-22T21:38:20.054792+00:00,15cfc23569574577,2026-07-22T21:37:27.482286+00:00,71.466,4,2,api-gateway|vets-service,False,GET,/api/vet/vets,200,1,69.486,1
2026-07-22T21:38:20.054792+00:00,e51b17f33043543c,2026-07-22T21:37:27.356244+00:00,103.419,4,2,api-gateway|customers-service,False,GET,/api/customer/owners,200,1,100.699,1
2026-07-22T21:38:20.054792+00:00,482aa150ff39fb38,2026-07-22T21:37:27.187029+00:00,28.185,4,2,api-gateway|customers-service,False,GET,/api/customer/owners/1,200,1,26.377,1
2026-07-22T21:38:20.054792+00:00,4ede40e483115a21,2026-07-22T21:37:26.517965+00:00,73.576,4,2,api-gateway|vets-service,False,GET,/api/vet/vets,200,1,62.85,1
2026-07-22T21:38:20.054792+00:00,41cc70591958f540,2026-07-22T21:37:27.021553+00:00,96.538,4,2,api-gateway|customers-service,False,GET,/api/customer/owners,200,1,94.424,1
2026-07-22T21:38:20.054792+00:00,f8ca5b476400824e,2026-07-22T21:37:26.351190+00:00,81.557,4,2,api-gateway|vets-service,False,GET,/api/vet/vets,200,1,66.978,1
2026-07-22T21:38:20.054792+00:00,969a1c7f31591e18,2026-07-22T21:37:26.800911+00:00,12.565,3,2,visits-service|api-gateway,False,GET,/api/visit/owners/1/pets/1/visits,200,0,0.0,1
2026-07-22T21:38:20.054792+00:00,086a62b6fff918a6,2026-07-22T21:37:26.689023+00:00,99.678,4,2,api-gateway|customers-service,False,GET,/api/customer/owners,200,1,97.194,1
2026-07-22T21:38:20.054792+00:00,c4d0646056bd837b,2026-07-22T21:37:26.116652+00:00,55.337,4,2,api-gateway|vets-service,False,GET,/api/vet/vets,200,1,53.434,1
2026-07-22T21:38:20.054792+00:00,368a48f781cd2e59,2026-07-22T21:37:26.021768+00:00,99.33,4,2,api-gateway|customers-service,False,GET,/api/customer/owners,200,1,96.712,1
2026-07-22T21:38:20.054792+00:00,068ca8557ca94cb5,2026-07-22T21:37:25.947320+00:00,69.947,4,2,api-gateway|vets-service,False,GET,/api/vet/vets,200,1,67.771,1
2026-07-22T21:38:20.054792+00:00,5e6123d02cbd67e3,2026-07-22T21:37:25.855537+00:00,47.662,4,2,api-gateway|customers-service,False,GET,/api/customer/owners/1,200,1,44.77,1
2026-07-22T21:38:20.054792+00:00,a3835535d9e34be4,2026-07-22T21:37:25.689331+00:00,105.854,4,2,api-gateway|customers-service,False,GET,/api/customer/owners,200,1,102.81,1
2026-07-22T21:38:20.054792+00:00,d0f883778fe6c8ae,2026-07-22T21:37:25.604186+00:00,12.058,3,2,visits-service|api-gateway,False,GET,/api/visit/owners/1/pets/1/visits,200,0,0.0,1
2026-07-22T21:38:20.054792+00:00,18650ad582e7d3d8,2026-07-22T21:37:25.188451+00:00,28.814,4,2,api-gateway|customers-service,False,GET,/api/customer/owners/1,200,1,26.925,1
2026-07-22T21:38:20.054792+00:00,c65ec89614b40f8e,2026-07-22T21:37:25.090319+00:00,47.926,4,2,api-gateway|vets-service,False,GET,/api/vet/vets,200,1,46.314,1
2026-07-22T21:38:20.054792+00:00,554055778d137bf6,2026-07-22T21:37:24.856033+00:00,100.252,4,2,api-gateway|customers-service,False,GET,/api/customer/owners,200,1,97.763,1
2026-07-22T21:38:20.054792+00:00,36eaed7f4dc968b9,2026-07-22T21:37:24.689060+00:00,40.142,4,2,api-gateway|customers-service,False,GET,/api/customer/owners/1,200,1,37.33,1
2026-07-22T21:38:20.054792+00:00,c814bb457dabfc5b,2026-07-22T21:37:23.850653+00:00,22.441,3,2,visits-service|api-gateway,False,GET,/api/visit/owners/1/pets/1/visits,200,0,0.0,1
2026-07-22T21:38:20.054792+00:00,588786a6e0d1be01,2026-07-22T21:37:24.350705+00:00,42.729,4,2,api-gateway|customers-service,False,GET,/api/customer/owners/1,200,1,28.328,1
2026-07-22T21:38:20.054792+00:00,d279b91f57132e5d,2026-07-22T21:37:24.188580+00:00,32.059,4,2,api-gateway|customers-service,False,GET,/api/customer/owners/1,200,1,32.059,1
2026-07-22T21:38:20.054792+00:00,c3c71c1db87e991e,2026-07-22T21:37:24.021813+00:00,31.237,4,2,api-gateway|customers-service,False,GET,/api/customer/owners/1,200,1,28.974,1
2026-07-22T21:38:20.054792+00:00,b318e0b407e18fe4,2026-07-22T21:37:23.688571+00:00,94.846,4,2,api-gateway|customers-service,False,GET,/api/customer/owners,200,1,92.442,1
2026-07-22T21:38:20.054792+00:00,007a06f4b6c03d08,2026-07-22T21:37:23.519729+00:00,80.592,4,2,api-gateway|customers-service,False,GET,/api/customer/owners,200,1,78.877,1
2026-07-22T21:38:20.054792+00:00,4fca4b4a33037e3e,2026-07-22T21:37:23.355318+00:00,102.011,4,2,api-gateway|customers-service,False,GET,/api/customer/owners,200,1,99.281,1
2026-07-22T21:38:20.054792+00:00,5bf20d75df26ab9a,2026-07-22T21:37:23.234013+00:00,61.215,4,2,api-gateway|vets-service,False,GET,/api/vet/vets,200,1,59.295,1
2026-07-22T21:38:20.054792+00:00,fbcda3e5ddf2d951,2026-07-22T21:37:23.187257+00:00,29.913,4,2,api-gateway|customers-service,False,GET,/api/customer/owners/1,200,1,28.332,1
2026-07-22T21:38:20.054792+00:00,11494667debd5c4f,2026-07-22T21:37:23.022437+00:00,102.395,4,2,api-gateway|customers-service,False,GET,/api/customer/owners,200,1,99.162,1
2026-07-22T21:38:20.054792+00:00,b41daf04091261b1,2026-07-22T21:37:22.855333+00:00,36.345,4,2,api-gateway|customers-service,False,GET,/api/customer/owners/1,200,1,33.153,1
2026-07-22T21:38:20.054792+00:00,a20d62e68ced281b,2026-07-22T21:37:22.520314+00:00,29.392,4,2,api-gateway|customers-service,False,GET,/api/customer/owners/1,200,1,29.392,1
2026-07-22T21:38:20.054792+00:00,2debe12f826e5f7f,2026-07-22T21:37:21.851272+00:00,79.362,4,2,api-gateway|vets-service,False,GET,/api/vet/vets,200,1,67.558,1
2026-07-22T21:38:20.054792+00:00,e02ecf6fd016d94a,2026-07-22T21:37:22.354382+00:00,91.438,4,2,api-gateway|customers-service,False,GET,/api/customer/owners,200,1,89.322,1
2026-07-22T21:38:20.054792+00:00,07d7965e702a3c4f,2026-07-22T21:37:22.190929+00:00,34.524,4,2,api-gateway|customers-service,False,GET,/api/customer/owners/1,200,1,32.236,1
2026-07-22T21:38:20.054792+00:00,24508bba1012d74f,2026-07-22T21:37:22.020319+00:00,34.526,4,2,api-gateway|customers-service,False,GET,/api/customer/owners/1,200,1,32.865,1
2026-07-22T21:38:20.054792+00:00,24c42f3f371be8cc,2026-07-22T21:37:21.351490+00:00,24.656,3,2,visits-service|api-gateway,False,GET,/api/visit/owners/1/pets/1/visits,200,0,0.0,1
2026-07-22T21:38:20.054792+00:00,e29798b80d316ea1,2026-07-22T21:37:21.688029+00:00,33.462,4,2,api-gateway|customers-service,False,GET,/api/customer/owners/1,200,1,31.219,1
2026-07-22T21:38:20.054792+00:00,a5abf86f4ab86eb9,2026-07-22T21:37:21.520681+00:00,90.015,4,2,api-gateway|customers-service,False,GET,/api/customer/owners,200,1,88.163,1
2026-07-22T21:38:20.054792+00:00,dde3ee87428fcada,2026-07-22T21:37:21.018008+00:00,78.377,4,2,api-gateway|vets-service,False,GET,/api/vet/vets,200,1,64.967,1
2026-07-22T21:38:20.054792+00:00,8e77e946152aa4c9,2026-07-22T21:37:21.188492+00:00,41.29,4,2,api-gateway|customers-service,False,GET,/api/customer/owners/1,200,1,38.057,1
2026-07-22T21:38:20.054792+00:00,c41853eb86b83758,2026-07-22T21:37:20.685218+00:00,70.371,4,2,api-gateway|vets-service,False,GET,/api/vet/vets,200,1,57.255,1
2026-07-22T21:38:20.054792+00:00,91277aa85019f961,2026-07-22T21:37:20.855859+00:00,33.539,4,2,api-gateway|customers-service,False,GET,/api/customer/owners/1,200,1,30.582,1
2026-07-22T21:38:20.054792+00:00,77debc80bc7513ba,2026-07-22T21:37:20.350895+00:00,81.121,4,2,api-gateway|vets-service,False,GET,/api/vet/vets,200,1,65.017,1
2026-07-22T21:38:20.054792+00:00,62fd670c7d39f98f,2026-07-22T21:37:20.519634+00:00,31.29,4,2,api-gateway|customers-service,False,GET,/api/customer/owners/1,200,1,28.418,1
2026-07-22T21:39:20.186665+00:00,10e1c4a1d66f7e18,2026-07-22T21:39:19.660513+00:00,27.361,4,2,api-gateway|customers-service,False,GET,/api/customer/owners/1,200,1,24.887,1
2026-07-22T21:39:20.186665+00:00,7d16e1bf09626cfe,2026-07-22T21:39:19.568160+00:00,63.72,4,2,api-gateway|vets-service,False,GET,/api/vet/vets,200,1,61.988,1
2026-07-22T21:39:20.186665+00:00,203dc4fde78103cb,2026-07-22T21:39:19.397395+00:00,68.312,4,2,api-gateway|vets-service,False,GET,/api/vet/vets,200,1,66.196,1
2026-07-22T21:39:20.186665+00:00,67868c62d09d37e2,2026-07-22T21:39:19.159444+00:00,85.297,4,2,api-gateway|customers-service,False,GET,/api/customer/owners,200,1,83.141,1
2026-07-22T21:39:20.186665+00:00,af97fb20c1391be1,2026-07-22T21:39:18.993927+00:00,86.785,4,2,api-gateway|customers-service,False,GET,/api/customer/owners,200,1,84.321,1
2026-07-22T21:39:20.186665+00:00,2c92d63befa0d22f,2026-07-22T21:39:18.822961+00:00,97.029,4,2,api-gateway|customers-service,False,GET,/api/customer/owners,200,1,92.449,1
2026-07-22T21:39:20.186665+00:00,dc66b564a2de9620,2026-07-22T21:39:18.655807+00:00,21.398,3,2,visits-service|api-gateway,False,GET,/api/visit/owners/1/pets/1/visits,200,0,0.0,1
2026-07-22T21:39:20.186665+00:00,d7cc768d8bd1bd07,2026-07-22T21:39:18.545716+00:00,62.351,4,2,api-gateway|vets-service,False,GET,/api/vet/vets,200,1,60.537,1
2026-07-22T21:39:20.186665+00:00,02c4d195b286a2a9,2026-07-22T21:39:18.375285+00:00,67.841,4,2,api-gateway|vets-service,False,GET,/api/vet/vets,200,1,65.09,1
2026-07-22T21:39:20.186665+00:00,b4b56eb0fd0849e0,2026-07-22T21:39:18.159685+00:00,89.133,4,2,api-gateway|customers-service,False,GET,/api/customer/owners,200,1,86.819,1
2026-07-22T21:39:20.186665+00:00,aac02bfc069f534d,2026-07-22T21:39:17.989838+00:00,18.265,3,2,visits-service|api-gateway,False,GET,/api/visit/owners/1/pets/1/visits,200,0,0.0,1
2026-07-22T21:39:20.186665+00:00,d61369561196cb36,2026-07-22T21:39:17.865381+00:00,7.294,3,2,visits-service|api-gateway,False,GET,/api/visit/owners/1/pets/1/visits,200,0,0.0,1
2026-07-22T21:39:20.186665+00:00,3ec50152e53c63b7,2026-07-22T21:39:17.660291+00:00,98.704,4,2,api-gateway|customers-service,False,GET,/api/customer/owners,200,1,95.375,1
2026-07-22T21:39:20.186665+00:00,d0b3aba5707d4e2f,2026-07-22T21:39:17.490168+00:00,21.945,3,2,visits-service|api-gateway,False,GET,/api/visit/owners/1/pets/1/visits,200,0,0.0,1
2026-07-22T21:39:20.186665+00:00,177bb33cdd3596b3,2026-07-22T21:39:17.325256+00:00,87.065,4,2,api-gateway|customers-service,False,GET,/api/customer/owners,200,1,85.221,1
2026-07-22T21:39:20.186665+00:00,b8287888251c407c,2026-07-22T21:39:17.156680+00:00,24.788,3,2,visits-service|api-gateway,False,GET,/api/visit/owners/1/pets/1/visits,200,0,0.0,1
2026-07-22T21:39:20.186665+00:00,3dd35aac2233ba44,2026-07-22T21:39:16.989552+00:00,21.996,3,2,visits-service|api-gateway,False,GET,/api/visit/owners/1/pets/1/visits,200,0,0.0,1
2026-07-22T21:39:20.186665+00:00,8afdd90bda7d297b,2026-07-22T21:39:16.670543+00:00,64.507,4,2,api-gateway|vets-service,False,GET,/api/vet/vets,200,1,62.277,1
2026-07-22T21:39:20.186665+00:00,d157318760f10189,2026-07-22T21:39:15.571527+00:00,22.107,3,2,visits-service|api-gateway,False,GET,/api/visit/owners/1/pets/1/visits,200,0,0.0,1
2026-07-22T21:39:20.186665+00:00,3dcc3c4658025f4c,2026-07-22T21:39:16.076352+00:00,36.735,4,2,api-gateway|customers-service,False,GET,/api/customer/owners/1,200,1,33.293,1
2026-07-22T21:39:20.186665+00:00,f528825633041ef9,2026-07-22T21:39:15.751655+00:00,89.367,4,2,api-gateway|customers-service,False,GET,/api/customer/owners,200,1,86.255,1
2026-07-22T21:39:20.186665+00:00,7aea8782c3758d09,2026-07-22T21:39:15.404933+00:00,85.761,4,2,api-gateway|customers-service,False,GET,/api/customer/owners,200,1,80.795,1
2026-07-22T21:39:20.186665+00:00,0d39cf86a155a978,2026-07-22T21:39:15.307777+00:00,62.13,4,2,api-gateway|vets-service,False,GET,/api/vet/vets,200,1,60.164,1
2026-07-22T21:39:20.186665+00:00,2f4716a90e5e0a5b,2026-07-22T21:39:15.238014+00:00,43.003,4,2,api-gateway|customers-service,False,GET,/api/customer/owners/1,200,1,34.705,1
2026-07-22T21:39:20.186665+00:00,913626295d37d7d9,2026-07-22T21:39:15.071680+00:00,32.272,4,2,api-gateway|customers-service,False,GET,/api/customer/owners/1,200,1,27.648,1
2026-07-22T21:39:20.186665+00:00,ea06cba77c6726be,2026-07-22T21:39:14.238206+00:00,20.696,3,2,visits-service|api-gateway,False,GET,/api/visit/owners/1/pets/1/visits,200,0,0.0,1
2026-07-22T21:39:20.186665+00:00,9265750d37a7daaf,2026-07-22T21:39:14.907281+00:00,31.607,4,2,api-gateway|customers-service,False,GET,/api/customer/owners/1,200,1,27.127,1
2026-07-22T21:39:20.186665+00:00,ac9f114c8e67ea31,2026-07-22T21:39:14.738033+00:00,38.038,4,2,api-gateway|customers-service,False,GET,/api/customer/owners/1,200,1,32.499,1
2026-07-22T21:39:20.186665+00:00,8ea891fa50ecef21,2026-07-22T21:39:14.405792+00:00,41.455,4,2,api-gateway|customers-service,False,GET,/api/customer/owners/1,200,1,33.787,1
2026-07-22T21:39:20.186665+00:00,6d26e4a6f353cd4e,2026-07-22T21:39:13.404859+00:00,22.607,3,2,visits-service|api-gateway,False,GET,/api/visit/owners/1/pets/1/visits,200,0,0.0,1
2026-07-22T21:39:20.186665+00:00,2fd2d9db6b98475f,2026-07-22T21:39:14.072081+00:00,35.986,4,2,api-gateway|customers-service,False,GET,/api/customer/owners/1,200,1,30.678,1
2026-07-22T21:39:20.186665+00:00,464717559f153dfa,2026-07-22T21:39:13.904507+00:00,85.138,4,2,api-gateway|customers-service,False,GET,/api/customer/owners,200,1,80.458,1
2026-07-22T21:39:20.186665+00:00,b17c449a8dd27979,2026-07-22T21:39:13.739044+00:00,47.678,4,2,api-gateway|customers-service,False,GET,/api/customer/owners/1,200,1,39.49,1
2026-07-22T21:39:20.186665+00:00,cabcd727bd3a9081,2026-07-22T21:39:13.572397+00:00,34.178,4,2,api-gateway|customers-service,False,GET,/api/customer/owners/1,200,1,27.368,1
2026-07-22T21:39:20.186665+00:00,3fbfbd1ebf9f72fb,2026-07-22T21:39:12.738807+00:00,24.913,3,2,visits-service|api-gateway,False,GET,/api/visit/owners/1/pets/1/visits,200,0,0.0,1
2026-07-22T21:39:20.186665+00:00,78d0733d2767ba19,2026-07-22T21:39:13.238613+00:00,89.628,4,2,api-gateway|customers-service,False,GET,/api/customer/owners,200,1,82.923,1
2026-07-22T21:39:20.186665+00:00,ad05232b3664b5ea,2026-07-22T21:39:12.404278+00:00,78.885,4,2,api-gateway|vets-service,False,GET,/api/vet/vets,200,1,63.566,1
2026-07-22T21:39:20.186665+00:00,36ab87afa0973d7e,2026-07-22T21:39:13.072085+00:00,47.04,4,2,api-gateway|customers-service,False,GET,/api/customer/owners/1,200,1,39.571,1
2026-07-22T21:39:20.186665+00:00,11fe0c94310170db,2026-07-22T21:39:12.905126+00:00,41.431,4,2,api-gateway|customers-service,False,GET,/api/customer/owners/1,200,1,33.888,1
2026-07-22T21:39:20.186665+00:00,e90b8332490a406d,2026-07-22T21:39:12.072095+00:00,67.166,4,2,api-gateway|vets-service,False,GET,/api/vet/vets,200,1,56.388,1
2026-07-22T21:39:20.186665+00:00,c568838463e95744,2026-07-22T21:39:12.572664+00:00,30.857,4,2,api-gateway|customers-service,False,GET,/api/customer/owners/1,200,1,27.845,1
2026-07-22T21:39:20.186665+00:00,a4c95ead335ecac6,2026-07-22T21:39:12.238754+00:00,45.475,4,2,api-gateway|customers-service,False,GET,/api/customer/owners/1,200,1,38.033,1
2026-07-22T21:39:20.186665+00:00,8f75de6075f580f9,2026-07-22T21:39:12.241027+00:00,63.626,4,2,api-gateway|vets-service,False,GET,/api/vet/vets,200,1,61.558,1
2026-07-22T21:39:20.186665+00:00,fb2dcf4e51b3ce10,2026-07-22T21:39:11.405258+00:00,24.143,3,2,visits-service|api-gateway,False,GET,/api/visit/owners/1/pets/1/visits,200,0,0.0,1
2026-07-22T21:39:20.186665+00:00,d7acad6555fbc372,2026-07-22T21:39:11.905629+00:00,47.49,4,2,api-gateway|customers-service,False,GET,/api/customer/owners/1,200,1,40.041,1
2026-07-22T21:39:20.186665+00:00,e2ac9eb8785fb3e9,2026-07-22T21:39:11.739294+00:00,47.566,4,2,api-gateway|customers-service,False,GET,/api/customer/owners/1,200,1,39.29,1
2026-07-22T21:39:20.186665+00:00,5ea8b7330cc80962,2026-07-22T21:39:11.071803+00:00,71.801,4,2,api-gateway|vets-service,False,GET,/api/vet/vets,200,1,59.576,1
2026-07-22T21:39:20.186665+00:00,6dbaa5fc44013968,2026-07-22T21:39:11.559458+00:00,69.402,4,2,api-gateway|vets-service,False,GET,/api/vet/vets,200,1,67.091,1
2026-07-22T21:39:20.186665+00:00,581292d3b38e252f,2026-07-22T21:39:11.388414+00:00,12.808,3,2,visits-service|api-gateway,False,GET,/api/visit/owners/1/pets/1/visits,200,0,0.0,1
2026-07-22T21:39:20.186665+00:00,bcc03e91185d1658,2026-07-22T21:39:11.238355+00:00,119.529,4,2,api-gateway|customers-service,False,GET,/api/customer/owners,200,1,112.308,1
2026-07-22T21:39:20.186665+00:00,3e37defe6a5f1a1e,2026-07-22T21:39:10.875128+00:00,8.388,3,2,visits-service|api-gateway,False,GET,/api/visit/owners/1/pets/1/visits,200,0,0.0,1
2026-07-22T21:39:20.186665+00:00,49cb0b77721ce222,2026-07-22T21:39:10.571128+00:00,31.234,4,2,api-gateway|customers-service,False,GET,/api/customer/owners/1,200,1,27.014,1
2026-07-22T21:39:20.186665+00:00,f35f82f897d6acfc,2026-07-22T21:39:10.405199+00:00,100.425,4,2,api-gateway|customers-service,False,GET,/api/customer/owners,200,1,93.774,1
2026-07-22T21:39:20.186665+00:00,0cb4be99ac98e85d,2026-07-22T21:39:10.071617+00:00,108.79,4,2,api-gateway|customers-service,False,GET,/api/customer/owners,200,1,102.673,1
2026-07-22T21:39:20.186665+00:00,5feca15912722fac,2026-07-22T21:39:09.905422+00:00,89.873,4,2,api-gateway|customers-service,False,GET,/api/customer/owners,200,1,85.128,1
2026-07-22T21:39:20.186665+00:00,9eb8d989a24ec0b4,2026-07-22T21:39:09.739224+00:00,107.634,4,2,api-gateway|customers-service,False,GET,/api/customer/owners,200,1,99.488,1
2026-07-22T21:39:20.186665+00:00,b4475476e5a6d6bc,2026-07-22T21:39:09.571835+00:00,107.268,4,2,api-gateway|customers-service,False,GET,/api/customer/owners,200,1,99.818,1
2026-07-22T21:39:20.186665+00:00,2fdefcdeba1a0ea4,2026-07-22T21:39:09.504231+00:00,44.93,4,2,api-gateway|vets-service,False,GET,/api/vet/vets,200,1,43.592,1
2026-07-22T21:39:20.186665+00:00,7bec0e74cddd20b6,2026-07-22T21:39:09.404665+00:00,36.585,4,2,api-gateway|customers-service,False,GET,/api/customer/owners/1,200,1,31.415,1
2026-07-22T21:39:20.186665+00:00,00bc0a984192f5a0,2026-07-22T21:39:09.336936+00:00,11.92,3,2,visits-service|api-gateway,False,GET,/api/visit/owners/1/pets/1/visits,200,0,0.0,1
2026-07-22T21:39:20.186665+00:00,c50e6fa69241100c,2026-07-22T21:39:09.238236+00:00,93.182,4,2,api-gateway|customers-service,False,GET,/api/customer/owners,200,1,88.516,1
2026-07-22T21:39:20.186665+00:00,5f8c6a32a5d34baa,2026-07-22T21:39:09.165619+00:00,50.285,4,2,api-gateway|vets-service,False,GET,/api/vet/vets,200,1,48.513,1
2026-07-22T21:39:20.186665+00:00,6aab3d345f25c976,2026-07-22T21:39:09.074002+00:00,31.961,4,2,api-gateway|customers-service,False,GET,/api/customer/owners/1,200,1,30.307,1
2026-07-22T21:39:20.186665+00:00,e0274825b65294dd,2026-07-22T21:39:08.238250+00:00,73.24,4,2,api-gateway|vets-service,False,GET,/api/vet/vets,200,1,61.07,1
2026-07-22T21:39:20.186665+00:00,7de22148d6d86971,2026-07-22T21:39:08.071865+00:00,70.608,4,2,api-gateway|vets-service,False,GET,/api/vet/vets,200,1,53.964,1
2026-07-22T21:39:20.186665+00:00,c53d2e2f4152a37f,2026-07-22T21:39:08.480183+00:00,71.027,4,2,api-gateway|vets-service,False,GET,/api/vet/vets,200,1,68.701,1
2026-07-22T21:39:20.186665+00:00,55348c9aae8c46b8,2026-07-22T21:39:08.405048+00:00,48.756,4,2,api-gateway|customers-service,False,GET,/api/customer/owners/1,200,1,40.92,1
2026-07-22T21:39:20.186665+00:00,23a88100e69f953f,2026-07-22T21:39:08.308435+00:00,54.335,4,2,api-gateway|vets-service,False,GET,/api/vet/vets,200,1,52.49,1
2026-07-22T21:39:20.186665+00:00,e4a57fd99470a0ac,2026-07-22T21:39:07.966689+00:00,12.352,3,2,visits-service|api-gateway,False,GET,/api/visit/owners/1/pets/1/visits,200,0,0.0,1
2026-07-22T21:39:20.186665+00:00,65e02a8296e995dd,2026-07-22T21:39:07.575285+00:00,93.048,4,2,api-gateway|customers-service,False,GET,/api/customer/owners,200,1,88.534,1
2026-07-22T21:39:20.186665+00:00,c10d1582ad5c67c6,2026-07-22T21:39:07.451281+00:00,52.054,4,2,api-gateway|vets-service,False,GET,/api/vet/vets,200,1,50.335,1
2026-07-22T21:39:20.186665+00:00,9c4276b00999d018,2026-07-22T21:39:07.284400+00:00,11.992,3,2,visits-service|api-gateway,False,GET,/api/visit/owners/1/pets/1/visits,200,0,0.0,1
2026-07-22T21:39:20.186665+00:00,da3c15eff3d11110,2026-07-22T21:39:07.237736+00:00,87.588,4,2,api-gateway|customers-service,False,GET,/api/customer/owners,200,1,82.45,1
2026-07-22T21:39:20.186665+00:00,ab249ad23cd977ec,2026-07-22T21:39:07.113572+00:00,66.816,4,2,api-gateway|vets-service,False,GET,/api/vet/vets,200,1,64.608,1
2026-07-22T21:39:20.186665+00:00,e05e387d1565a038,2026-07-22T21:39:07.071513+00:00,32.731,4,2,api-gateway|customers-service,False,GET,/api/customer/owners/1,200,1,28.152,1
2026-07-22T21:39:20.186665+00:00,a6f0a0fe181e1b71,2026-07-22T21:39:06.238951+00:00,70.871,4,2,api-gateway|vets-service,False,GET,/api/vet/vets,200,1,57.32,1
2026-07-22T21:39:20.186665+00:00,434975b4306af0b9,2026-07-22T21:39:06.601539+00:00,12.698,3,2,visits-service|api-gateway,False,GET,/api/visit/owners/1/pets/1/visits,200,0,0.0,1
2026-07-22T21:39:20.186665+00:00,6099b0a097709443,2026-07-22T21:39:06.428238+00:00,64.608,4,2,api-gateway|vets-service,False,GET,/api/vet/vets,200,1,62.48,1
2026-07-22T21:39:20.186665+00:00,14c36ff04ee64fde,2026-07-22T21:39:06.404875+00:00,42.833,4,2,api-gateway|customers-service,False,GET,/api/customer/owners/1,200,1,35.686,1
2026-07-22T21:39:20.186665+00:00,33f823c3c037d0dc,2026-07-22T21:39:06.086310+00:00,60.162,4,2,api-gateway|vets-service,False,GET,/api/vet/vets,200,1,58.046,1
2026-07-22T21:39:20.186665+00:00,523cf0f0af898518,2026-07-22T21:39:05.405504+00:00,82.664,4,2,api-gateway|vets-service,False,GET,/api/vet/vets,200,1,70.899,1
2026-07-22T21:39:20.186665+00:00,3040ee496d71a00a,2026-07-22T21:39:05.738054+00:00,43.912,4,2,api-gateway|customers-service,False,GET,/api/customer/owners/1,200,1,38.521,1
2026-07-22T21:39:20.186665+00:00,174f326d8a5281f6,2026-07-22T21:39:05.405043+00:00,11.421,3,2,visits-service|api-gateway,False,GET,/api/visit/owners/1/pets/1/visits,200,0,0.0,1
2026-07-22T21:39:20.186665+00:00,66cff6b788f99f4b,2026-07-22T21:39:05.238185+00:00,37.149,4,2,api-gateway|customers-service,False,GET,/api/customer/owners/1,200,1,32.818,1
2026-07-22T21:39:20.186665+00:00,dfa70e0f1026a058,2026-07-22T21:39:05.234216+00:00,46.727,4,2,api-gateway|vets-service,False,GET,/api/vet/vets,200,1,44.93,1
2026-07-22T21:39:20.186665+00:00,b4a2a7beec012e6d,2026-07-22T21:39:05.071432+00:00,42.896,4,2,api-gateway|customers-service,False,GET,/api/customer/owners/1,200,1,36.788,1
2026-07-22T21:39:20.186665+00:00,9495211279ba1862,2026-07-22T21:39:05.063080+00:00,59.289,4,2,api-gateway|vets-service,False,GET,/api/vet/vets,200,1,57.339,1
2026-07-22T21:39:20.186665+00:00,92cdef41ec6f545a,2026-07-22T21:39:04.405965+00:00,70.364,4,2,api-gateway|vets-service,False,GET,/api/vet/vets,200,1,58.453,1
2026-07-22T21:39:20.186665+00:00,790824ea01286775,2026-07-22T21:39:04.720591+00:00,11.752,3,2,visits-service|api-gateway,False,GET,/api/visit/owners/1/pets/1/visits,200,0,0.0,1
2026-07-22T21:39:20.186665+00:00,b51faffbd2acbc2a,2026-07-22T21:39:04.071108+00:00,69.025,4,2,api-gateway|vets-service,False,GET,/api/vet/vets,200,1,54.14,1
2026-07-22T21:39:20.186665+00:00,039c6997103e8245,2026-07-22T21:39:04.376639+00:00,69.247,4,2,api-gateway|vets-service,False,GET,/api/vet/vets,200,1,67.169,1
2026-07-22T21:39:20.186665+00:00,3305862eb17e5cf3,2026-07-22T21:39:04.038056+00:00,7.984,3,2,visits-service|api-gateway,False,GET,/api/visit/owners/1/pets/1/visits,200,0,0.0,1
2026-07-22T21:39:20.186665+00:00,8f1dc77246556867,2026-07-22T21:39:03.738185+00:00,100.644,4,2,api-gateway|customers-service,False,GET,/api/customer/owners,200,1,92.598,1
2026-07-22T21:39:20.186665+00:00,76b3c5aa94b4340a,2026-07-22T21:39:03.694154+00:00,7.783,3,2,visits-service|api-gateway,False,GET,/api/visit/owners/1/pets/1/visits,200,0,0.0,1
2026-07-22T21:39:20.186665+00:00,e29ddc9b6d1a1444,2026-07-22T21:39:03.071631+00:00,17.87,3,2,visits-service|api-gateway,False,GET,/api/visit/owners/1/pets/1/visits,200,0,0.0,1
2026-07-22T21:39:20.186665+00:00,5247b1e36eb39a4b,2026-07-22T21:39:03.405300+00:00,35.128,4,2,api-gateway|customers-service,False,GET,/api/customer/owners/1,200,1,30.413,1
2026-07-22T21:39:20.186665+00:00,013b5d62779b6a5c,2026-07-22T21:39:03.350660+00:00,7.902,3,2,visits-service|api-gateway,False,GET,/api/visit/owners/1/pets/1/visits,200,0,0.0,1
2026-07-22T21:39:20.186665+00:00,e67b8c60bda4081e,2026-07-22T21:39:03.012492+00:00,7.807,3,2,visits-service|api-gateway,False,GET,/api/visit/owners/1/pets/1/visits,200,0,0.0,1
2026-07-22T21:39:20.186665+00:00,36ca3fa5fc9c1632,2026-07-22T21:39:02.837873+00:00,8.159,3,2,visits-service|api-gateway,False,GET,/api/visit/owners/1/pets/1/visits,200,0,0.0,1
2026-07-22T21:39:20.186665+00:00,63f07c41af3bddda,2026-07-22T21:39:02.738521+00:00,45.258,4,2,api-gateway|customers-service,False,GET,/api/customer/owners/1,200,1,37.96,1
2026-07-22T21:39:20.186665+00:00,554a7c8b2cdfdef1,2026-07-22T21:39:02.239148+00:00,71.436,4,2,api-gateway|vets-service,False,GET,/api/vet/vets,200,1,58.407,1
2026-07-22T21:39:20.186665+00:00,50821f34951d9106,2026-07-22T21:39:02.071238+00:00,25.519,3,2,visits-service|api-gateway,False,GET,/api/visit/owners/1/pets/1/visits,200,0,0.0,1
2026-07-22T21:39:20.186665+00:00,3c8f9fda6cbb48c2,2026-07-22T21:39:02.325595+00:00,63.279,4,2,api-gateway|vets-service,False,GET,/api/vet/vets,200,1,61.347,1
2026-07-22T21:39:20.186665+00:00,bb1f9c3991fb718c,2026-07-22T21:39:01.738376+00:00,100.548,4,2,api-gateway|customers-service,False,GET,/api/customer/owners,200,1,91.806,1
2026-07-22T21:39:20.186665+00:00,34b2a13ed323ee87,2026-07-22T21:39:01.574310+00:00,44.79,4,2,api-gateway|customers-service,False,GET,/api/customer/owners/1,200,1,40.366,1
2026-07-22T21:39:20.186665+00:00,07e26054bbb20958,2026-07-22T21:39:01.071626+00:00,75.915,4,2,api-gateway|vets-service,False,GET,/api/vet/vets,200,1,63.346,1
2026-07-22T21:39:20.186665+00:00,3414fdb13a1ece4d,2026-07-22T21:39:01.405145+00:00,40.789,4,2,api-gateway|customers-service,False,GET,/api/customer/owners/1,200,1,33.702,1
2026-07-22T21:39:20.186665+00:00,5dbcccdf69e8e6e5,2026-07-22T21:39:01.238799+00:00,39.651,4,2,api-gateway|customers-service,False,GET,/api/customer/owners/1,200,1,32.059,1
2026-07-22T21:39:20.186665+00:00,8369f5cbc31a3f7f,2026-07-22T21:39:00.906706+00:00,35.915,4,2,api-gateway|customers-service,False,GET,/api/customer/owners/1,200,1,32.607,1
2026-07-22T21:39:20.186665+00:00,e491ddeb165b5d02,2026-07-22T21:39:00.739277+00:00,89.138,4,2,api-gateway|customers-service,False,GET,/api/customer/owners,200,1,83.102,1
2026-07-22T21:39:20.186665+00:00,35fdefeccf90964d,2026-07-22T21:39:00.572116+00:00,44.48,4,2,api-gateway|customers-service,False,GET,/api/customer/owners/1,200,1,36.772,1
2026-07-22T21:39:20.186665+00:00,fd497d2d3d3dd61e,2026-07-22T21:39:00.071650+00:00,74.352,4,2,api-gateway|vets-service,False,GET,/api/vet/vets,200,1,61.085,1
2026-07-22T21:39:20.186665+00:00,674730fcd2a33ee3,2026-07-22T21:39:00.405500+00:00,109.561,4,2,api-gateway|customers-service,False,GET,/api/customer/owners,200,1,102.026,1
2026-07-22T21:39:20.186665+00:00,a50413468c1b961e,2026-07-22T21:39:00.277648+00:00,55.901,4,2,api-gateway|vets-service,False,GET,/api/vet/vets,200,1,53.991,1
2026-07-22T21:39:20.186665+00:00,06f5fbb07da2b843,2026-07-22T21:39:00.237920+00:00,40.143,4,2,api-gateway|customers-service,False,GET,/api/customer/owners/1,200,1,35.498,1
2026-07-22T21:39:20.186665+00:00,f579340535f63d1b,2026-07-22T21:38:59.571432+00:00,65.903,4,2,api-gateway|vets-service,False,GET,/api/vet/vets,200,1,52.888,1
2026-07-22T21:39:20.186665+00:00,adf72bf76d6ab3a8,2026-07-22T21:38:59.738521+00:00,81.073,4,2,api-gateway|customers-service,False,GET,/api/customer/owners,200,1,75.597,1
2026-07-22T21:39:20.186665+00:00,88a5d6ed9ec0a1d0,2026-07-22T21:38:59.404987+00:00,43.227,4,2,api-gateway|customers-service,False,GET,/api/customer/owners/1,200,1,36.056,1
2026-07-22T21:39:20.186665+00:00,66305541a91d25cf,2026-07-22T21:38:59.240319+00:00,33.879,4,2,api-gateway|customers-service,False,GET,/api/customer/owners/1,200,1,30.47,1
2026-07-22T21:39:20.186665+00:00,5bb1d7839332909c,2026-07-22T21:38:59.070950+00:00,86.499,4,2,api-gateway|customers-service,False,GET,/api/customer/owners,200,1,82.469,1
2026-07-22T21:39:20.186665+00:00,8116900dd0759d21,2026-07-22T21:38:58.572229+00:00,77.81,4,2,api-gateway|vets-service,False,GET,/api/vet/vets,200,1,63.455,1
2026-07-22T21:39:20.186665+00:00,ecaf977f427b5547,2026-07-22T21:38:58.904193+00:00,92.246,4,2,api-gateway|customers-service,False,GET,/api/customer/owners,200,1,84.51,1
2026-07-22T21:39:20.186665+00:00,34bcd163e6fa7b01,2026-07-22T21:38:58.738862+00:00,109.479,4,2,api-gateway|customers-service,False,GET,/api/customer/owners,200,1,101.493,1
2026-07-22T21:39:20.186665+00:00,6cabcd5d16f1c00c,2026-07-22T21:38:58.739316+00:00,12.938,3,2,visits-service|api-gateway,False,GET,/api/visit/owners/1/pets/1/visits,200,0,0.0,1
2026-07-22T21:39:20.186665+00:00,712f6a2dd26d9184,2026-07-22T21:38:58.238301+00:00,80.023,4,2,api-gateway|vets-service,False,GET,/api/vet/vets,200,1,63.447,1
2026-07-22T21:39:20.186665+00:00,ec27b5f40bb1099b,2026-07-22T21:38:58.071609+00:00,34.889,4,2,api-gateway|customers-service,False,GET,/api/customer/owners/1,200,1,30.008,1
2026-07-22T21:39:20.186665+00:00,b8e4257e512f8333,2026-07-22T21:38:57.907599+00:00,79.399,4,2,api-gateway|customers-service,False,GET,/api/customer/owners,200,1,76.499,1
2026-07-22T21:39:20.186665+00:00,9b008ba0594f79b9,2026-07-22T21:38:57.572018+00:00,68.774,4,2,api-gateway|vets-service,False,GET,/api/vet/vets,200,1,56.938,1
2026-07-22T21:39:20.186665+00:00,35c1b21d3c3d6495,2026-07-22T21:38:57.738082+00:00,89.16,4,2,api-gateway|customers-service,False,GET,/api/customer/owners,200,1,84.7,1
2026-07-22T21:39:20.186665+00:00,90af4e23877522da,2026-07-22T21:38:57.404500+00:00,78.291,4,2,api-gateway|customers-service,False,GET,/api/customer/owners,200,1,74.267,1
2026-07-22T21:39:20.186665+00:00,89a49617087e7f42,2026-07-22T21:38:57.238310+00:00,87.169,4,2,api-gateway|customers-service,False,GET,/api/customer/owners,200,1,82.206,1
2026-07-22T21:39:20.186665+00:00,b8fc78f3acc27f8d,2026-07-22T21:38:57.071224+00:00,39.811,4,2,api-gateway|customers-service,False,GET,/api/customer/owners/1,200,1,35.409,1
2026-07-22T21:39:20.186665+00:00,1e2654af54cad6c1,2026-07-22T21:38:57.030941+00:00,51.948,4,2,api-gateway|vets-service,False,GET,/api/vet/vets,200,1,50.378,1
2026-07-22T21:39:20.186665+00:00,4169b8d91342b495,2026-07-22T21:38:56.904868+00:00,41.993,4,2,api-gateway|customers-service,False,GET,/api/customer/owners/1,200,1,30.456,1
2026-07-22T21:39:20.186665+00:00,f464960f00a43d0a,2026-07-22T21:38:56.862020+00:00,15.771,3,2,visits-service|api-gateway,False,GET,/api/visit/owners/1/pets/1/visits,200,0,0.0,1
2026-07-22T21:39:20.186665+00:00,43f58d53257a3535,2026-07-22T21:38:56.238440+00:00,75.213,4,2,api-gateway|vets-service,False,GET,/api/vet/vets,200,1,62.057,1
2026-07-22T21:39:20.186665+00:00,9ea2a9489da04683,2026-07-22T21:38:56.405259+00:00,40.683,4,2,api-gateway|customers-service,False,GET,/api/customer/owners/1,200,1,33.412,1
2026-07-22T21:39:20.186665+00:00,b868fa0ed320e5e0,2026-07-22T21:38:56.071581+00:00,20.157,3,2,visits-service|api-gateway,False,GET,/api/visit/owners/1/pets/1/visits,200,0,0.0,1
2026-07-22T21:39:20.186665+00:00,bc0f18488022da65,2026-07-22T21:38:56.008168+00:00,12.788,3,2,visits-service|api-gateway,False,GET,/api/visit/owners/1/pets/1/visits,200,0,0.0,1
2026-07-22T21:39:20.186665+00:00,a54dcf897a2d7c50,2026-07-22T21:38:55.904748+00:00,37.414,4,2,api-gateway|customers-service,False,GET,/api/customer/owners/1,200,1,33.364,1
2026-07-22T21:39:20.186665+00:00,30c2172fcceca5d8,2026-07-22T21:38:55.571388+00:00,77.4,4,2,api-gateway|vets-service,False,GET,/api/vet/vets,200,1,62.049,1
2026-07-22T21:39:20.186665+00:00,bedc550d94e5da80,2026-07-22T21:38:55.405567+00:00,72.78,4,2,api-gateway|vets-service,False,GET,/api/vet/vets,200,1,59.362,1
2026-07-22T21:39:20.186665+00:00,d6c329879ac0be0a,2026-07-22T21:38:55.238769+00:00,27.167,3,2,visits-service|api-gateway,False,GET,/api/visit/owners/1/pets/1/visits,200,0,0.0,1
2026-07-22T21:39:20.186665+00:00,41d70dfd0594ca31,2026-07-22T21:38:55.071875+00:00,73.658,4,2,api-gateway|vets-service,False,GET,/api/vet/vets,200,1,60.155,1
2026-07-22T21:39:20.186665+00:00,22d0514fa5a0c374,2026-07-22T21:38:54.984033+00:00,66.577,4,2,api-gateway|vets-service,False,GET,/api/vet/vets,200,1,63.985,1
2026-07-22T21:39:20.186665+00:00,d5c635013e8380f0,2026-07-22T21:38:54.904793+00:00,106.795,4,2,api-gateway|customers-service,False,GET,/api/customer/owners,200,1,100.191,1
2026-07-22T21:39:20.186665+00:00,271355b977da2557,2026-07-22T21:38:54.571528+00:00,35.031,4,2,api-gateway|customers-service,False,GET,/api/customer/owners/1,200,1,29.812,1
2026-07-22T21:39:20.186665+00:00,5b97fd4964da32ee,2026-07-22T21:38:54.238159+00:00,76.172,4,2,api-gateway|vets-service,False,GET,/api/vet/vets,200,1,65.004,1
2026-07-22T21:39:20.186665+00:00,8ec24ebc0befd749,2026-07-22T21:38:54.405536+00:00,35.891,4,2,api-gateway|customers-service,False,GET,/api/customer/owners/1,200,1,31.721,1
2026-07-22T21:39:20.186665+00:00,117f700f69e4185f,2026-07-22T21:38:54.072510+00:00,23.527,3,2,visits-service|api-gateway,False,GET,/api/visit/owners/1/pets/1/visits,200,0,0.0,1
2026-07-22T21:39:20.186665+00:00,0ea6a5f7bec0b1f7,2026-07-22T21:38:54.136928+00:00,8.581,3,2,visits-service|api-gateway,False,GET,/api/visit/owners/1/pets/1/visits,200,0,0.0,1
2026-07-22T21:39:20.186665+00:00,6a6e5c4c3b09f03d,2026-07-22T21:38:53.964290+00:00,11.538,3,2,visits-service|api-gateway,False,GET,/api/visit/owners/1/pets/1/visits,200,0,0.0,1
2026-07-22T21:39:20.186665+00:00,4f6afd8f4192b9ab,2026-07-22T21:38:53.572263+00:00,98.143,4,2,api-gateway|customers-service,False,GET,/api/customer/owners,200,1,91.613,1
2026-07-22T21:39:20.186665+00:00,3290e07813312e62,2026-07-22T21:38:53.238885+00:00,62.195,4,2,api-gateway|vets-service,False,GET,/api/vet/vets,200,1,47.262,1
2026-07-22T21:39:20.186665+00:00,b408b8b145ddf82f,2026-07-22T21:38:53.405305+00:00,110.074,4,2,api-gateway|customers-service,False,GET,/api/customer/owners,200,1,102.427,1
2026-07-22T21:39:20.186665+00:00,9eac9198e651f236,2026-07-22T21:38:53.071732+00:00,24.08,3,2,visits-service|api-gateway,False,GET,/api/visit/owners/1/pets/1/visits,200,0,0.0,1
2026-07-22T21:39:20.186665+00:00,e5f71d8f60d5726d,2026-07-22T21:38:52.904555+00:00,95.009,4,2,api-gateway|customers-service,False,GET,/api/customer/owners,200,1,89.61,1
2026-07-22T21:39:20.186665+00:00,24c09fde476a344f,2026-07-22T21:38:52.571775+00:00,65.14,4,2,api-gateway|vets-service,False,GET,/api/vet/vets,200,1,52.615,1
2026-07-22T21:39:20.186665+00:00,407da77c13333b8d,2026-07-22T21:38:52.738199+00:00,102.572,4,2,api-gateway|customers-service,False,GET,/api/customer/owners,200,1,95.171,1
2026-07-22T21:39:20.186665+00:00,8a0b9183af1321c3,2026-07-22T21:38:52.405139+00:00,55.986,4,2,api-gateway|vets-service,False,GET,/api/vet/vets,200,1,45.209,1
2026-07-22T21:39:20.186665+00:00,25a5fa3a1e13913c,2026-07-22T21:38:52.237694+00:00,29.639,4,2,api-gateway|customers-service,False,GET,/api/customer/owners/1,200,1,25.42,1
2026-07-22T21:39:20.186665+00:00,5e07bbb9b0ae63d2,2026-07-22T21:38:52.092202+00:00,62.065,4,2,api-gateway|vets-service,False,GET,/api/vet/vets,200,1,59.798,1
2026-07-22T21:39:20.186665+00:00,800cce3226ea7421,2026-07-22T21:38:52.072325+00:00,113.322,4,2,api-gateway|customers-service,False,GET,/api/customer/owners,200,1,105.615,1
2026-07-22T21:39:20.186665+00:00,015537d728dc62ad,2026-07-22T21:38:51.920771+00:00,65.348,4,2,api-gateway|vets-service,False,GET,/api/vet/vets,200,1,63.499,1
2026-07-22T21:39:20.186665+00:00,f419520bbf897a36,2026-07-22T21:38:51.581346+00:00,10.388,3,2,visits-service|api-gateway,False,GET,/api/visit/owners/1/pets/1/visits,200,0,0.0,1
2026-07-22T21:39:20.186665+00:00,b8e7dab49e8cd088,2026-07-22T21:38:51.572161+00:00,92.043,4,2,api-gateway|customers-service,False,GET,/api/customer/owners,200,1,87.09,1
2026-07-22T21:39:20.186665+00:00,eda3c5892d671b36,2026-07-22T21:38:51.238886+00:00,26.384,3,2,visits-service|api-gateway,False,GET,/api/visit/owners/1/pets/1/visits,200,0,0.0,1
2026-07-22T21:39:20.186665+00:00,904c252f95c14b47,2026-07-22T21:38:51.072380+00:00,45.516,4,2,api-gateway|customers-service,False,GET,/api/customer/owners/1,200,1,37.757,1
2026-07-22T21:39:20.186665+00:00,f8a7ea8fa8be9b72,2026-07-22T21:38:51.070168+00:00,70.291,4,2,api-gateway|vets-service,False,GET,/api/vet/vets,200,1,68.024,1
2026-07-22T21:39:20.186665+00:00,292e93f380aff292,2026-07-22T21:38:50.738486+00:00,106.897,4,2,api-gateway|customers-service,False,GET,/api/customer/owners,200,1,99.193,1
2026-07-22T21:39:20.186665+00:00,d7a20d301a0134d3,2026-07-22T21:38:50.728490+00:00,11.179,3,2,visits-service|api-gateway,False,GET,/api/visit/owners/1/pets/1/visits,200,0,0.0,1
2026-07-22T21:39:20.186665+00:00,e68ff6bccddacecf,2026-07-22T21:38:50.405780+00:00,80.931,4,2,api-gateway|customers-service,False,GET,/api/customer/owners,200,1,76.042,1
2026-07-22T21:39:20.186665+00:00,5c3c1e9164eeb2f8,2026-07-22T21:38:50.238471+00:00,37.872,4,2,api-gateway|customers-service,False,GET,/api/customer/owners/1,200,1,32.986,1
2026-07-22T21:39:20.186665+00:00,7a56bf32943672b8,2026-07-22T21:38:50.071878+00:00,36.278,4,2,api-gateway|customers-service,False,GET,/api/customer/owners/1,200,1,31.661,1
2026-07-22T21:39:20.186665+00:00,f27985b708173d6a,2026-07-22T21:38:49.907462+00:00,44.501,4,2,api-gateway|customers-service,False,GET,/api/customer/owners/1,200,1,39.782,1
2026-07-22T21:39:20.186665+00:00,89c88ad2e9e36b24,2026-07-22T21:38:49.738336+00:00,72.31,4,2,api-gateway|vets-service,False,GET,/api/vet/vets,200,1,58.562,1
2026-07-22T21:39:20.186665+00:00,18fcda9ff1e51c4c,2026-07-22T21:38:49.572218+00:00,78.29,4,2,api-gateway|vets-service,False,GET,/api/vet/vets,200,1,65.001,1
2026-07-22T21:39:20.186665+00:00,6a77a2d4073bb721,2026-07-22T21:38:49.405217+00:00,22.441,3,2,visits-service|api-gateway,False,GET,/api/visit/owners/1/pets/1/visits,200,0,0.0,1
2026-07-22T21:39:20.186665+00:00,e23455c5030e9c3d,2026-07-22T21:38:49.238891+00:00,43.993,4,2,api-gateway|customers-service,False,GET,/api/customer/owners/1,200,1,36.225,1
2026-07-22T21:39:20.186665+00:00,201b9335054da721,2026-07-22T21:38:49.071990+00:00,42.965,4,2,api-gateway|customers-service,False,GET,/api/customer/owners/1,200,1,34.63,1
2026-07-22T21:39:20.186665+00:00,ec49cd1f4bf62fd6,2026-07-22T21:38:49.028025+00:00,12.58,3,2,visits-service|api-gateway,False,GET,/api/visit/owners/1/pets/1/visits,200,0,0.0,1
2026-07-22T21:39:20.186665+00:00,51ed08614ba1a4a9,2026-07-22T21:38:48.738936+00:00,78.139,4,2,api-gateway|vets-service,False,GET,/api/vet/vets,200,1,65.069,1
2026-07-22T21:39:20.186665+00:00,7231192594b00e0b,2026-07-22T21:38:48.571605+00:00,32.259,4,2,api-gateway|customers-service,False,GET,/api/customer/owners/1,200,1,26.708,1
2026-07-22T21:39:20.186665+00:00,cdc3180667668387,2026-07-22T21:38:48.405443+00:00,88.807,4,2,api-gateway|customers-service,False,GET,/api/customer/owners,200,1,82.827,1
2026-07-22T21:39:20.186665+00:00,229c6459f9d5ec76,2026-07-22T21:38:48.238025+00:00,41.803,4,2,api-gateway|customers-service,False,GET,/api/customer/owners/1,200,1,36.465,1
2026-07-22T21:39:20.186665+00:00,2394996629021ed2,2026-07-22T21:38:48.072412+00:00,21.735,3,2,visits-service|api-gateway,False,GET,/api/visit/owners/1/pets/1/visits,200,0,0.0,1
2026-07-22T21:39:20.186665+00:00,95a7dcca031cfd4a,2026-07-22T21:38:48.007000+00:00,13.816,3,2,visits-service|api-gateway,False,GET,/api/visit/owners/1/pets/1/visits,200,0,0.0,1
2026-07-22T21:39:20.186665+00:00,e7c97ce38a3ff83d,2026-07-22T21:38:47.738747+00:00,75.04,4,2,api-gateway|vets-service,False,GET,/api/vet/vets,200,1,59.812,1
2026-07-22T21:39:20.186665+00:00,66201172e0c99e16,2026-07-22T21:38:47.575456+00:00,42.274,4,2,api-gateway|customers-service,False,GET,/api/customer/owners/1,200,1,37.546,1
2026-07-22T21:39:20.186665+00:00,794f82f6a277cfe6,2026-07-22T21:38:47.405563+00:00,80.08,4,2,api-gateway|vets-service,False,GET,/api/vet/vets,200,1,68.269,1
2026-07-22T21:39:20.186665+00:00,34e47505a1eb1b0d,2026-07-22T21:38:47.238403+00:00,92.772,4,2,api-gateway|customers-service,False,GET,/api/customer/owners,200,1,88.313,1
2026-07-22T21:39:20.186665+00:00,892f3d1eff3b9d26,2026-07-22T21:38:47.070940+00:00,89.305,4,2,api-gateway|customers-service,False,GET,/api/customer/owners,200,1,84.255,1
2026-07-22T21:39:20.186665+00:00,5b97269da2d3944b,2026-07-22T21:38:46.905139+00:00,101.468,4,2,api-gateway|customers-service,False,GET,/api/customer/owners,200,1,94.953,1
2026-07-22T21:39:20.186665+00:00,bdc403fc4bf9899c,2026-07-22T21:38:46.738459+00:00,44.687,4,2,api-gateway|customers-service,False,GET,/api/customer/owners/1,200,1,35.847,1
2026-07-22T21:39:20.186665+00:00,c33e3b1296e6581b,2026-07-22T21:38:46.571311+00:00,46.661,4,2,api-gateway|customers-service,False,GET,/api/customer/owners/1,200,1,39.142,1
2026-07-22T21:39:20.186665+00:00,9421db0fff44f47b,2026-07-22T21:38:46.405636+00:00,82.035,4,2,api-gateway|vets-service,False,GET,/api/vet/vets,200,1,66.398,1
2026-07-22T21:39:20.186665+00:00,669c3e97c6f07ceb,2026-07-22T21:38:46.238302+00:00,21.341,3,2,visits-service|api-gateway,False,GET,/api/visit/owners/1/pets/1/visits,200,0,0.0,1
2026-07-22T21:39:20.186665+00:00,fa8965e45287cd7a,2026-07-22T21:38:46.072368+00:00,24.844,3,2,visits-service|api-gateway,False,GET,/api/visit/owners/1/pets/1/visits,200,0,0.0,1
2026-07-22T21:39:20.186665+00:00,0b3544ddaff98e41,2026-07-22T21:38:45.907728+00:00,32.532,4,2,api-gateway|customers-service,False,GET,/api/customer/owners/1,200,1,29.359,1
2026-07-22T21:39:20.186665+00:00,2a7a876207ad8976,2026-07-22T21:38:45.741949+00:00,113.746,4,2,api-gateway|customers-service,False,GET,/api/customer/owners,200,1,107.997,1
2026-07-22T21:39:20.186665+00:00,0d3eecf47a805add,2026-07-22T21:38:45.571751+00:00,74.374,4,2,api-gateway|vets-service,False,GET,/api/vet/vets,200,1,60.325,1
2026-07-22T21:39:20.186665+00:00,7e0b383a4ef6caea,2026-07-22T21:38:45.405763+00:00,48.266,4,2,api-gateway|customers-service,False,GET,/api/customer/owners/1,200,1,40.282,1
2026-07-22T21:39:20.186665+00:00,a435f7a92f9874b3,2026-07-22T21:38:45.238222+00:00,74.554,4,2,api-gateway|vets-service,False,GET,/api/vet/vets,200,1,55.112,1
2026-07-22T21:39:20.186665+00:00,72d2f62eac3447b3,2026-07-22T21:38:45.071739+00:00,80.114,4,2,api-gateway|vets-service,False,GET,/api/vet/vets,200,1,64.151,1
2026-07-22T21:39:20.186665+00:00,8342c906f38821aa,2026-07-22T21:38:44.948271+00:00,12.477,3,2,visits-service|api-gateway,False,GET,/api/visit/owners/1/pets/1/visits,200,0,0.0,1
2026-07-22T21:39:20.186665+00:00,2ba8f35dec2114ad,2026-07-22T21:38:44.739282+00:00,96.639,4,2,api-gateway|customers-service,False,GET,/api/customer/owners,200,1,88.364,1
2026-07-22T21:39:20.186665+00:00,121698e2f87edb98,2026-07-22T21:38:44.571469+00:00,36.323,4,2,api-gateway|customers-service,False,GET,/api/customer/owners/1,200,1,30.944,1
2026-07-22T21:39:20.186665+00:00,d55f2096bb5de619,2026-07-22T21:38:44.405274+00:00,26.847,3,2,visits-service|api-gateway,False,GET,/api/visit/owners/1/pets/1/visits,200,0,0.0,1
2026-07-22T21:39:20.186665+00:00,18decaa3e66efec8,2026-07-22T21:38:44.237893+00:00,89.925,4,2,api-gateway|customers-service,False,GET,/api/customer/owners,200,1,85.625,1
2026-07-22T21:39:20.186665+00:00,f7d8a6526c2d0aa7,2026-07-22T21:38:44.071716+00:00,45.663,4,2,api-gateway|customers-service,False,GET,/api/customer/owners/1,200,1,37.899,1
2026-07-22T21:39:20.186665+00:00,c1837c143e4c6fb8,2026-07-22T21:38:43.928347+00:00,59.681,4,2,api-gateway|vets-service,False,GET,/api/vet/vets,200,1,57.868,1
2026-07-22T21:39:20.186665+00:00,600970562fecbabe,2026-07-22T21:38:42.859950+00:00,81.121,4,2,api-gateway|vets-service,False,GET,/api/vet/vets,200,1,67.032,1
2026-07-22T21:39:20.186665+00:00,d3d9956f04e3a497,2026-07-22T21:38:43.585823+00:00,7.824,3,2,visits-service|api-gateway,False,GET,/api/visit/owners/1/pets/1/visits,200,0,0.0,1
2026-07-22T21:39:20.186665+00:00,3418721777c24092,2026-07-22T21:38:42.525600+00:00,65.305,4,2,api-gateway|vets-service,False,GET,/api/vet/vets,200,1,55.135,1
2026-07-22T21:39:20.186665+00:00,037ed565ba5bffc8,2026-07-22T21:38:42.359099+00:00,25.15,3,2,visits-service|api-gateway,False,GET,/api/visit/owners/1/pets/1/visits,200,0,0.0,1
2026-07-22T21:39:20.186665+00:00,57a62c7658607d56,2026-07-22T21:38:42.737828+00:00,7.906,3,2,visits-service|api-gateway,False,GET,/api/visit/owners/1/pets/1/visits,200,0,0.0,1
2026-07-22T21:39:20.186665+00:00,5cfd2166443f72e8,2026-07-22T21:38:41.692881+00:00,66.714,4,2,api-gateway|vets-service,False,GET,/api/vet/vets,200,1,55.914,1
2026-07-22T21:39:20.186665+00:00,a3527d982e5516b0,2026-07-22T21:38:41.525356+00:00,19.754,3,2,visits-service|api-gateway,False,GET,/api/visit/owners/1/pets/1/visits,200,0,0.0,1
2026-07-22T21:39:20.186665+00:00,85f0de5d8bbb9b4e,2026-07-22T21:38:41.359244+00:00,71.925,4,2,api-gateway|vets-service,False,GET,/api/vet/vets,200,1,60.922,1
2026-07-22T21:39:20.186665+00:00,5d17b77ee1838acc,2026-07-22T21:38:42.192450+00:00,97.583,4,2,api-gateway|customers-service,False,GET,/api/customer/owners,200,1,91.477,1
2026-07-22T21:39:20.186665+00:00,1abfdc3823336d0c,2026-07-22T21:38:42.025756+00:00,94.666,4,2,api-gateway|customers-service,False,GET,/api/customer/owners,200,1,90.039,1
2026-07-22T21:39:20.186665+00:00,71879130362c7e88,2026-07-22T21:38:41.889322+00:00,11.336,3,2,visits-service|api-gateway,False,GET,/api/visit/owners/1/pets/1/visits,200,0,0.0,1
2026-07-22T21:39:20.186665+00:00,9555a02ddc703581,2026-07-22T21:38:41.192773+00:00,35.891,4,2,api-gateway|customers-service,False,GET,/api/customer/owners/1,200,1,30.618,1
2026-07-22T21:39:20.186665+00:00,2b6405a3e3da4c6d,2026-07-22T21:38:40.192505+00:00,82.105,4,2,api-gateway|vets-service,False,GET,/api/vet/vets,200,1,67.672,1
2026-07-22T21:39:20.186665+00:00,b79c2d6130d85b2f,2026-07-22T21:38:40.868593+00:00,12.042,3,2,visits-service|api-gateway,False,GET,/api/visit/owners/1/pets/1/visits,200,0,0.0,1
2026-07-22T21:39:20.186665+00:00,092fe6e8122f1c38,2026-07-22T21:38:40.859129+00:00,32.265,4,2,api-gateway|customers-service,False,GET,/api/customer/owners/1,200,1,26.71,1
2026-07-22T21:39:20.186665+00:00,0110bda026a3e6d0,2026-07-22T21:38:40.692581+00:00,39.048,4,2,api-gateway|customers-service,False,GET,/api/customer/owners/1,200,1,33.435,1
2026-07-22T21:39:20.186665+00:00,3babf2dbd3f86fba,2026-07-22T21:38:40.525691+00:00,86.72,4,2,api-gateway|customers-service,False,GET,/api/customer/owners,200,1,80.998,1
2026-07-22T21:39:20.186665+00:00,4bca415713ba4409,2026-07-22T21:38:40.362522+00:00,92.035,4,2,api-gateway|customers-service,False,GET,/api/customer/owners,200,1,88.198,1
2026-07-22T21:39:20.186665+00:00,926d398d629806cf,2026-07-22T21:38:39.526811+00:00,19.933,3,2,visits-service|api-gateway,False,GET,/api/visit/owners/1/pets/1/visits,200,0,0.0,1
2026-07-22T21:39:20.186665+00:00,5ba6f35b8482fe0e,2026-07-22T21:38:39.359665+00:00,23.705,3,2,visits-service|api-gateway,False,GET,/api/visit/owners/1/pets/1/visits,200,0,0.0,1
2026-07-22T21:39:20.186665+00:00,a22cee7ed1adc937,2026-07-22T21:38:39.192157+00:00,74.105,4,2,api-gateway|vets-service,False,GET,/api/vet/vets,200,1,60.943,1
2026-07-22T21:39:20.186665+00:00,c9e62ba110b02787,2026-07-22T21:38:39.858916+00:00,94.453,4,2,api-gateway|customers-service,False,GET,/api/customer/owners,200,1,88.56,1
2026-07-22T21:39:20.186665+00:00,d8e42c83cd11b284,2026-07-22T21:38:39.849799+00:00,56.904,4,2,api-gateway|vets-service,False,GET,/api/vet/vets,200,1,54.344,1
2026-07-22T21:39:20.186665+00:00,4c60b5d5862e0394,2026-07-22T21:38:39.692593+00:00,40.145,4,2,api-gateway|customers-service,False,GET,/api/customer/owners/1,200,1,34.775,1
2026-07-22T21:39:20.186665+00:00,c3509da6e7fb5be0,2026-07-22T21:38:38.526351+00:00,19.227,3,2,visits-service|api-gateway,False,GET,/api/visit/owners/1/pets/1/visits,200,0,0.0,1
2026-07-22T21:39:20.186665+00:00,0673774cb7b99aeb,2026-07-22T21:38:38.359747+00:00,18.16,3,2,visits-service|api-gateway,False,GET,/api/visit/owners/1/pets/1/visits,200,0,0.0,1
2026-07-22T21:39:20.186665+00:00,373a7001e0a93fa9,2026-07-22T21:38:38.193102+00:00,21.388,3,2,visits-service|api-gateway,False,GET,/api/visit/owners/1/pets/1/visits,200,0,0.0,1
2026-07-22T21:39:20.186665+00:00,289130b410134b71,2026-07-22T21:38:38.859519+00:00,85.483,4,2,api-gateway|customers-service,False,GET,/api/customer/owners/1,200,1,78.191,1
2026-07-22T21:39:20.186665+00:00,8d1f7230e32f624a,2026-07-22T21:38:38.830366+00:00,47.247,4,2,api-gateway|vets-service,False,GET,/api/vet/vets,200,1,45.957,1
2026-07-22T21:39:20.186665+00:00,0794d4048daffe45,2026-07-22T21:38:38.693554+00:00,87.768,4,2,api-gateway|customers-service,False,GET,/api/customer/owners,200,1,83.529,1
2026-07-22T21:39:20.186665+00:00,6ac4c4daf8a94f0d,2026-07-22T21:38:37.859259+00:00,57.873,4,2,api-gateway|vets-service,False,GET,/api/vet/vets,200,1,47.699,1
2026-07-22T21:39:20.186665+00:00,ac1240ad74b52d1e,2026-07-22T21:38:37.525734+00:00,62.602,4,2,api-gateway|vets-service,False,GET,/api/vet/vets,200,1,51.856,1
2026-07-22T21:39:20.186665+00:00,e8316da35bd37095,2026-07-22T21:38:37.359540+00:00,62.822,4,2,api-gateway|vets-service,False,GET,/api/vet/vets,200,1,49.423,1
2026-07-22T21:39:20.186665+00:00,25f9ff543e7edfe9,2026-07-22T21:38:37.192827+00:00,63.126,4,2,api-gateway|vets-service,False,GET,/api/vet/vets,200,1,51.003,1
2026-07-22T21:39:20.186665+00:00,fc0f090e0eab173c,2026-07-22T21:38:37.807874+00:00,6.901,3,2,visits-service|api-gateway,False,GET,/api/visit/owners/1/pets/1/visits,200,0,0.0,1
2026-07-22T21:39:20.186665+00:00,a2c048c9bb4f7d0c,2026-07-22T21:38:37.693217+00:00,110.839,4,2,api-gateway|customers-service,False,GET,/api/customer/owners,200,1,104.113,1
2026-07-22T21:39:20.186665+00:00,228db533ed848fe0,2026-07-22T21:38:37.638421+00:00,6.223,3,2,visits-service|api-gateway,False,GET,/api/visit/owners/1/pets/1/visits,200,0,0.0,1
2026-07-22T21:39:20.186665+00:00,113730f14b9f1e77,2026-07-22T21:38:36.692685+00:00,60.719,4,2,api-gateway|vets-service,False,GET,/api/vet/vets,200,1,50.022,1
2026-07-22T21:39:20.186665+00:00,c7b72563c6c0314c,2026-07-22T21:38:36.525772+00:00,18.157,3,2,visits-service|api-gateway,False,GET,/api/visit/owners/1/pets/1/visits,200,0,0.0,1
2026-07-22T21:39:20.186665+00:00,b82ccb5fb8c7469b,2026-07-22T21:38:36.359921+00:00,43.355,4,2,api-gateway|customers-service,False,GET,/api/customer/owners/1,200,1,34.403,1
2026-07-22T21:39:20.186665+00:00,bf8ea18c4601248f,2026-07-22T21:38:35.528270+00:00,58.932,4,2,api-gateway|vets-service,False,GET,/api/vet/vets,200,1,48.605,1
2026-07-22T21:39:20.186665+00:00,8b62495f074b35a2,2026-07-22T21:38:36.192285+00:00,39.251,4,2,api-gateway|customers-service,False,GET,/api/customer/owners/1,200,1,31.164,1
2026-07-22T21:39:20.186665+00:00,9b39d9ffba1bdd41,2026-07-22T21:38:36.025727+00:00,102.291,4,2,api-gateway|customers-service,False,GET,/api/customer/owners,200,1,94.772,1
2026-07-22T21:39:20.186665+00:00,3c7be18f616207f9,2026-07-22T21:38:35.859115+00:00,41.226,4,2,api-gateway|customers-service,False,GET,/api/customer/owners/1,200,1,33.828,1
2026-07-22T21:39:20.186665+00:00,06ac2ea2cf601fa9,2026-07-22T21:38:35.692201+00:00,85.946,4,2,api-gateway|customers-service,False,GET,/api/customer/owners,200,1,81.592,1
2026-07-22T21:39:20.186665+00:00,c1df76e7fc594044,2026-07-22T21:38:35.554481+00:00,9.141,3,2,visits-service|api-gateway,False,GET,/api/visit/owners/1/pets/1/visits,200,0,0.0,1
2026-07-22T21:39:20.186665+00:00,79dafdf343a42ff8,2026-07-22T21:38:35.359414+00:00,34.004,4,2,api-gateway|customers-service,False,GET,/api/customer/owners/1,200,1,28.76,1
2026-07-22T21:39:20.186665+00:00,7c25efbe5d70ebec,2026-07-22T21:38:35.192395+00:00,89.625,4,2,api-gateway|customers-service,False,GET,/api/customer/owners,200,1,85.115,1
2026-07-22T21:39:20.186665+00:00,df8e5107fe74b001,2026-07-22T21:38:34.358709+00:00,56.435,4,2,api-gateway|vets-service,False,GET,/api/vet/vets,200,1,47.627,1
2026-07-22T21:39:20.186665+00:00,c8631f8b80f4029f,2026-07-22T21:38:35.028058+00:00,78.84,4,2,api-gateway|customers-service,False,GET,/api/customer/owners,200,1,77.328,1
2026-07-22T21:39:20.186665+00:00,996dfd09b92c757f,2026-07-22T21:38:34.192243+00:00,24.281,3,2,visits-service|api-gateway,False,GET,/api/visit/owners/1/pets/1/visits,200,0,0.0,1
2026-07-22T21:39:20.186665+00:00,c7cc8beffbb2d584,2026-07-22T21:38:34.692770+00:00,87.353,4,2,api-gateway|customers-service,False,GET,/api/customer/owners,200,1,81.362,1
2026-07-22T21:39:20.186665+00:00,18920dd3a11a6866,2026-07-22T21:38:34.680504+00:00,58.935,4,2,api-gateway|vets-service,False,GET,/api/vet/vets,200,1,57.234,1
2026-07-22T21:39:20.186665+00:00,0edfb1c85969d8b8,2026-07-22T21:38:34.526202+00:00,83.354,4,2,api-gateway|customers-service,False,GET,/api/customer/owners,200,1,77.849,1
2026-07-22T21:39:20.186665+00:00,6eaead62fc524bf2,2026-07-22T21:38:33.692744+00:00,31.746,3,2,visits-service|api-gateway,False,GET,/api/visit/owners/1/pets/1/visits,200,0,0.0,1
2026-07-22T21:39:20.186665+00:00,400f6cefe3055bb8,2026-07-22T21:38:33.525376+00:00,21.71,3,2,visits-service|api-gateway,False,GET,/api/visit/owners/1/pets/1/visits,200,0,0.0,1
2026-07-22T21:39:20.186665+00:00,adb857b67320507f,2026-07-22T21:38:33.858666+00:00,91.477,4,2,api-gateway|customers-service,False,GET,/api/customer/owners,200,1,86.246,1
2026-07-22T21:39:20.186665+00:00,50a4798e73920256,2026-07-22T21:38:33.361422+00:00,30.03,4,2,api-gateway|customers-service,False,GET,/api/customer/owners/1,200,1,26.755,1
2026-07-22T21:39:20.186665+00:00,5d31c88790a9e5b8,2026-07-22T21:38:33.193566+00:00,32.329,4,2,api-gateway|customers-service,False,GET,/api/customer/owners/1,200,1,29.305,1
2026-07-22T21:39:20.186665+00:00,1d838bacb1e8e152,2026-07-22T21:38:33.100251+00:00,43.113,4,2,api-gateway|vets-service,False,GET,/api/vet/vets,200,1,41.647,1
2026-07-22T21:39:20.186665+00:00,535d4505e0716ef8,2026-07-22T21:38:33.025854+00:00,89.87,4,2,api-gateway|customers-service,False,GET,/api/customer/owners,200,1,85.145,1
2026-07-22T21:39:20.186665+00:00,20c7d1d76a51662b,2026-07-22T21:38:32.859676+00:00,43.429,4,2,api-gateway|customers-service,False,GET,/api/customer/owners/1,200,1,34.655,1
2026-07-22T21:39:20.186665+00:00,9cfbe1d195c7967e,2026-07-22T21:38:32.748164+00:00,51.401,4,2,api-gateway|vets-service,False,GET,/api/vet/vets,200,1,49.561,1
2026-07-22T21:39:20.186665+00:00,93182aa912484453,2026-07-22T21:38:32.692423+00:00,35.766,4,2,api-gateway|customers-service,False,GET,/api/customer/owners/1,200,1,31.324,1
2026-07-22T21:39:20.186665+00:00,a03fc98b95dc004f,2026-07-22T21:38:32.359022+00:00,37.25,4,2,api-gateway|customers-service,False,GET,/api/customer/owners/1,200,1,32.953,1
2026-07-22T21:39:20.186665+00:00,b98546a4d0081b7b,2026-07-22T21:38:32.056286+00:00,113.857,4,2,api-gateway|vets-service,False,GET,/api/vet/vets,200,1,108.063,1
2026-07-22T21:39:20.186665+00:00,0900e3c7bcf9caf6,2026-07-22T21:38:32.026130+00:00,36.135,4,2,api-gateway|customers-service,False,GET,/api/customer/owners/1,200,1,29.877,1
2026-07-22T21:39:20.186665+00:00,b5c119e999944886,2026-07-22T21:38:31.859066+00:00,39.843,4,2,api-gateway|customers-service,False,GET,/api/customer/owners/1,200,1,32.302,1
2026-07-22T21:39:20.186665+00:00,54566240b8410f75,2026-07-22T21:38:31.693374+00:00,102.27,4,2,api-gateway|customers-service,False,GET,/api/customer/owners,200,1,94.27,1
2026-07-22T21:39:20.186665+00:00,14fa2ba01b302527,2026-07-22T21:38:31.026342+00:00,79.733,4,2,api-gateway|vets-service,False,GET,/api/vet/vets,200,1,66.477,1
2026-07-22T21:39:20.186665+00:00,770176cd31f6e841,2026-07-22T21:38:31.358756+00:00,39.484,4,2,api-gateway|customers-service,False,GET,/api/customer/owners/1,200,1,34.772,1
2026-07-22T21:39:20.186665+00:00,2e6d56394a368212,2026-07-22T21:38:31.349105+00:00,58.524,4,2,api-gateway|vets-service,False,GET,/api/vet/vets,200,1,56.439,1
2026-07-22T21:39:20.186665+00:00,70be4d22c717484f,2026-07-22T21:38:31.192735+00:00,42.395,4,2,api-gateway|customers-service,False,GET,/api/customer/owners/1,200,1,35.517,1
2026-07-22T21:39:20.186665+00:00,f509ed1746876df7,2026-07-22T21:38:30.359064+00:00,19.779,3,2,visits-service|api-gateway,False,GET,/api/visit/owners/1/pets/1/visits,200,0,0.0,1
2026-07-22T21:39:20.186665+00:00,b15b41f9da97101d,2026-07-22T21:38:30.692856+00:00,39.588,4,2,api-gateway|customers-service,False,GET,/api/customer/owners/1,200,1,32.039,1
2026-07-22T21:39:20.186665+00:00,fcba8a1b4dab703d,2026-07-22T21:38:30.192934+00:00,21.499,3,2,visits-service|api-gateway,False,GET,/api/visit/owners/1/pets/1/visits,200,0,0.0,1
2026-07-22T21:39:20.186665+00:00,4edf7cad0f484ad9,2026-07-22T21:38:30.525711+00:00,38.505,4,2,api-gateway|customers-service,False,GET,/api/customer/owners/1,200,1,33.796,1
2026-07-22T21:39:20.186665+00:00,c6c8eeb210b90b40,2026-07-22T21:38:30.479277+00:00,54.644,4,2,api-gateway|vets-service,False,GET,/api/vet/vets,200,1,52.692,1
2026-07-22T21:39:20.186665+00:00,f7d2298f9f0c48fc,2026-07-22T21:38:30.138483+00:00,59.142,4,2,api-gateway|vets-service,False,GET,/api/vet/vets,200,1,56.667,1
2026-07-22T21:39:20.186665+00:00,bbd769d8dd0a7493,2026-07-22T21:38:29.966834+00:00,71.243,4,2,api-gateway|vets-service,False,GET,/api/vet/vets,200,1,68.623,1
2026-07-22T21:39:20.186665+00:00,682702677111d942,2026-07-22T21:38:29.862092+00:00,41.332,4,2,api-gateway|customers-service,False,GET,/api/customer/owners/1,200,1,36.346,1
2026-07-22T21:39:20.186665+00:00,8e212a66bd835089,2026-07-22T21:38:29.359107+00:00,35.439,4,2,api-gateway|customers-service,False,GET,/api/customer/owners/1,200,1,28.723,1
2026-07-22T21:39:20.186665+00:00,ba8c3c4c5c5ab693,2026-07-22T21:38:28.859421+00:00,24.027,3,2,visits-service|api-gateway,False,GET,/api/visit/owners/1/pets/1/visits,200,0,0.0,1
2026-07-22T21:39:20.186665+00:00,4fc9c8bfc558d1ab,2026-07-22T21:38:29.192721+00:00,31.283,4,2,api-gateway|customers-service,False,GET,/api/customer/owners/1,200,1,26.416,1
2026-07-22T21:39:20.186665+00:00,60607ff381a82481,2026-07-22T21:38:28.693061+00:00,25.007,3,2,visits-service|api-gateway,False,GET,/api/visit/owners/1/pets/1/visits,200,0,0.0,1
2026-07-22T21:39:20.186665+00:00,7bd6f293eba0dd69,2026-07-22T21:38:29.025207+00:00,92.785,4,2,api-gateway|customers-service,False,GET,/api/customer/owners,200,1,87.741,1
2026-07-22T21:39:20.186665+00:00,a8e086d9e1dab5e8,2026-07-22T21:38:28.943326+00:00,55.161,4,2,api-gateway|vets-service,False,GET,/api/vet/vets,200,1,53.167,1
2026-07-22T21:39:20.186665+00:00,e80aa264772e6826,2026-07-22T21:38:28.192140+00:00,25.8,3,2,visits-service|api-gateway,False,GET,/api/visit/owners/1/pets/1/visits,200,0,0.0,1
2026-07-22T21:39:20.186665+00:00,f73b09f0b2fbd088,2026-07-22T21:38:28.359475+00:00,105.146,4,2,api-gateway|customers-service,False,GET,/api/customer/owners,200,1,98.555,1
2026-07-22T21:39:20.186665+00:00,f5975a63c24f5cdd,2026-07-22T21:38:28.261090+00:00,64.511,4,2,api-gateway|vets-service,False,GET,/api/vet/vets,200,1,62.253,1
2026-07-22T21:39:20.186665+00:00,57650e643580d023,2026-07-22T21:38:28.025845+00:00,99.88,4,2,api-gateway|customers-service,False,GET,/api/customer/owners,200,1,93.42,1
2026-07-22T21:39:20.186665+00:00,91e2d61dbc2e119d,2026-07-22T21:38:27.747749+00:00,70.524,4,2,api-gateway|vets-service,False,GET,/api/vet/vets,200,1,68.166,1
2026-07-22T21:39:20.186665+00:00,b8689a8c91e5e5e7,2026-07-22T21:38:27.693024+00:00,38.969,4,2,api-gateway|customers-service,False,GET,/api/customer/owners/1,200,1,33.728,1
2026-07-22T21:39:20.186665+00:00,63d7699bf83f0a56,2026-07-22T21:38:27.526971+00:00,94.589,4,2,api-gateway|customers-service,False,GET,/api/customer/owners,200,1,87.605,1
2026-07-22T21:39:20.186665+00:00,fe3f8d530d96eb7c,2026-07-22T21:38:27.026033+00:00,81.354,4,2,api-gateway|vets-service,False,GET,/api/vet/vets,200,1,66.856,1
2026-07-22T21:39:20.186665+00:00,be1858663dd346f6,2026-07-22T21:38:26.858708+00:00,18.737,3,2,visits-service|api-gateway,False,GET,/api/visit/owners/1/pets/1/visits,200,0,0.0,1
2026-07-22T21:39:20.186665+00:00,c997df1cafdcbbcb,2026-07-22T21:38:27.192915+00:00,98.517,4,2,api-gateway|customers-service,False,GET,/api/customer/owners,200,1,92.141,1
2026-07-22T21:39:20.186665+00:00,b0199d8560c47601,2026-07-22T21:38:26.693212+00:00,26.484,3,2,visits-service|api-gateway,False,GET,/api/visit/owners/1/pets/1/visits,200,0,0.0,1
2026-07-22T21:39:20.186665+00:00,f9ce087f765536a8,2026-07-22T21:38:26.192640+00:00,276.363,4,2,api-gateway|vets-service,False,GET,/api/vet/vets,200,1,265.857,1
2026-07-22T21:39:20.186665+00:00,df2e45329f72a14f,2026-07-22T21:38:26.525721+00:00,35.151,4,2,api-gateway|customers-service,False,GET,/api/customer/owners/1,200,1,30.862,1
2026-07-22T21:39:20.186665+00:00,fc5f4555df4b0f46,2026-07-22T21:38:26.359372+00:00,139.962,4,2,api-gateway|customers-service,False,GET,/api/customer/owners,200,1,131.347,1
2026-07-22T21:39:20.186665+00:00,6f83ef3b2fbb8204,2026-07-22T21:38:25.859349+00:00,328.835,4,2,api-gateway|vets-service,False,GET,/api/vet/vets,200,1,323.212,1
2026-07-22T21:39:20.186665+00:00,617bfcc655376ffb,2026-07-22T21:38:26.073166+00:00,252.412,4,2,api-gateway|vets-service,False,GET,/api/vet/vets,200,1,250.976,1
2026-07-22T21:39:20.186665+00:00,990c7f42981ad249,2026-07-22T21:38:26.025634+00:00,440.503,4,2,api-gateway|customers-service,False,GET,/api/customer/owners,200,1,433.541,1
2026-07-22T21:39:20.186665+00:00,9c2b63c3876236a9,2026-07-22T21:38:25.870532+00:00,422.694,4,2,api-gateway|vets-service,False,GET,/api/vet/vets,200,1,420.617,1
2026-07-22T21:39:20.186665+00:00,43ab20d61d9e94bb,2026-07-22T21:38:25.733450+00:00,317.435,4,2,api-gateway|vets-service,False,GET,/api/vet/vets,200,1,315.079,1
2026-07-22T21:39:20.186665+00:00,e6d5ab51c21d899a,2026-07-22T21:38:25.193292+00:00,296.41,4,2,api-gateway|vets-service,False,GET,/api/vet/vets,200,1,289.29,1
2026-07-22T21:39:20.186665+00:00,6a463a524caf56d2,2026-07-22T21:38:25.026553+00:00,217.139,3,2,visits-service|api-gateway,False,GET,/api/visit/owners/1/pets/1/visits,200,0,0.0,1
2026-07-22T21:39:20.186665+00:00,019b73cd40c07584,2026-07-22T21:38:24.859948+00:00,178.393,4,2,api-gateway|customers-service,False,GET,/api/customer/owners/1,200,1,172.974,1
2026-07-22T21:39:20.186665+00:00,e9a2d16d277a2928,2026-07-22T21:38:24.692694+00:00,111.954,4,2,api-gateway|customers-service,False,GET,/api/customer/owners/1,200,1,106.414,1
2026-07-22T21:39:20.186665+00:00,8d45ab35614b5526,2026-07-22T21:38:24.527028+00:00,42.951,4,2,api-gateway|customers-service,False,GET,/api/customer/owners/1,200,1,31.229,1
2026-07-22T21:39:20.186665+00:00,e616b796d7bd6905,2026-07-22T21:38:24.192029+00:00,124.059,3,2,visits-service|api-gateway,False,GET,/api/visit/owners/1/pets/1/visits,200,0,0.0,1
2026-07-22T21:39:20.186665+00:00,651f147de320611c,2026-07-22T21:38:24.360292+00:00,444.299,4,2,api-gateway|customers-service,False,GET,/api/customer/owners,200,1,436.316,1
2026-07-22T21:39:20.186665+00:00,37bd5eb597f4b533,2026-07-22T21:38:23.859817+00:00,23.158,3,2,visits-service|api-gateway,False,GET,/api/visit/owners/1/pets/1/visits,200,0,0.0,1
2026-07-22T21:39:20.186665+00:00,9a90a51d37d92b85,2026-07-22T21:38:24.025783+00:00,78.688,4,2,api-gateway|customers-service,False,GET,/api/customer/owners/1,200,1,71.588,1
2026-07-22T21:39:20.186665+00:00,9cc6a10be32a938a,2026-07-22T21:38:23.822688+00:00,324.505,4,2,api-gateway|vets-service,False,GET,/api/vet/vets,200,1,322.967,1
2026-07-22T21:39:20.186665+00:00,b6899d2db860735f,2026-07-22T21:38:23.694463+00:00,423.992,4,2,api-gateway|customers-service,False,GET,/api/customer/owners,200,1,420.588,1
2026-07-22T21:39:20.186665+00:00,560f32534e960a14,2026-07-22T21:38:23.192085+00:00,191.326,3,2,visits-service|api-gateway,False,GET,/api/visit/owners/1/pets/1/visits,200,0,0.0,1
2026-07-22T21:39:20.186665+00:00,5093e405f446844a,2026-07-22T21:38:23.359060+00:00,484.57,4,2,api-gateway|customers-service,False,GET,/api/customer/owners,200,1,478.268,1
2026-07-22T21:39:20.186665+00:00,7e4f0beeb24e5dc9,2026-07-22T21:38:23.026574+00:00,582.009,4,2,api-gateway|customers-service,False,GET,/api/customer/owners,200,1,544.719,1
2026-07-22T21:39:20.186665+00:00,2ea069700255006d,2026-07-22T21:38:22.967993+00:00,9.112,3,2,visits-service|api-gateway,False,GET,/api/visit/owners/1/pets/1/visits,200,0,0.0,1
2026-07-22T21:39:20.186665+00:00,af8909d3c47e2f35,2026-07-22T21:38:22.859020+00:00,315.366,4,2,api-gateway|customers-service,False,GET,/api/customer/owners,200,1,310.669,1
2026-07-22T21:39:20.186665+00:00,a3c6b04815267df4,2026-07-22T21:38:22.798449+00:00,156.608,3,2,visits-service|api-gateway,False,GET,/api/visit/owners/1/pets/1/visits,200,0,0.0,1
2026-07-22T21:39:20.186665+00:00,b4c88b2f3a78a6ae,2026-07-22T21:38:22.455841+00:00,5.595,3,2,visits-service|api-gateway,False,GET,/api/visit/owners/1/pets/1/visits,200,0,0.0,1
2026-07-22T21:39:20.186665+00:00,14a32bf28064b2df,2026-07-22T21:38:22.358816+00:00,35.571,4,2,api-gateway|customers-service,False,GET,/api/customer/owners/1,200,1,30.636,1
2026-07-22T21:39:20.186665+00:00,9ff1806f637dd023,2026-07-22T21:38:21.859068+00:00,336.993,4,2,api-gateway|vets-service,False,GET,/api/vet/vets,200,1,329.624,1
2026-07-22T21:39:20.186665+00:00,25c952849583a7f9,2026-07-22T21:38:22.025858+00:00,180.989,4,2,api-gateway|customers-service,False,GET,/api/customer/owners/1,200,1,176.852,1
2026-07-22T21:39:20.186665+00:00,52bc18aa04e4e9d4,2026-07-22T21:38:21.946115+00:00,110.292,3,2,visits-service|api-gateway,False,GET,/api/visit/owners/1/pets/1/visits,200,0,0.0,1
2026-07-22T21:39:20.186665+00:00,c4ef9f9aee1e1f8c,2026-07-22T21:38:21.525734+00:00,31.637,4,2,api-gateway|customers-service,False,GET,/api/customer/owners/1,200,1,27.691,1
2026-07-22T21:39:20.186665+00:00,57dd9eb2429729b6,2026-07-22T21:38:21.359018+00:00,91.085,4,2,api-gateway|customers-service,False,GET,/api/customer/owners,200,1,84.645,1
2026-07-22T21:39:20.186665+00:00,5a5d2d6722951609,2026-07-22T21:38:21.192385+00:00,40.03,4,2,api-gateway|customers-service,False,GET,/api/customer/owners/1,200,1,31.904,1
2026-07-22T21:39:20.186665+00:00,223dbf436c36c20d,2026-07-22T21:38:21.025954+00:00,98.773,4,2,api-gateway|customers-service,False,GET,/api/customer/owners,200,1,91.506,1
2026-07-22T21:39:20.186665+00:00,a1718c7ea3dbd596,2026-07-22T21:38:20.859708+00:00,111.313,4,2,api-gateway|customers-service,False,GET,/api/customer/owners,200,1,102.773,1
2026-07-22T21:39:20.186665+00:00,4fca679c628f0379,2026-07-22T21:38:20.692449+00:00,40.18,4,2,api-gateway|customers-service,False,GET,/api/customer/owners/1,200,1,33.347,1
2026-07-22T21:39:20.186665+00:00,aa08d388e8d93cdb,2026-07-22T21:38:20.359792+00:00,71.079,4,2,api-gateway|vets-service,False,GET,/api/vet/vets,200,1,60.336,1
2026-07-22T21:39:20.186665+00:00,a53d587466ec0900,2026-07-22T21:38:20.525574+00:00,35.678,4,2,api-gateway|customers-service,False,GET,/api/customer/owners/1,200,1,30.978,1
2026-07-22T21:39:20.186665+00:00,4291e6264008518a,2026-07-22T21:38:20.192051+00:00,75.76,4,2,api-gateway|vets-service,False,GET,/api/vet/vets,200,1,66.006,1
2026-07-22T21:39:20.186665+00:00,e6c3e6e499a5478e,2026-07-22T21:38:20.026547+00:00,81.219,4,2,api-gateway|vets-service,False,GET,/api/vet/vets,200,1,69.401,1
2026-07-22T21:39:20.186665+00:00,fa046e5de11c1454,2026-07-22T21:39:19.827941+00:00,95.695,2,1,customers-service,False,,,200,1,93.152,0
2026-07-22T21:40:19.364681+00:00,b736eb3b8f6961cc,2026-07-22T21:40:19.559196+00:00,12.213,3,2,visits-service|api-gateway,False,GET,/api/visit/owners/1/pets/1/visits,200,0,0.0,1
2026-07-22T21:40:19.364681+00:00,08f7e5a61af017a0,2026-07-22T21:40:19.049046+00:00,8.511,3,2,visits-service|api-gateway,False,GET,/api/visit/owners/1/pets/1/visits,200,0,0.0,1
2026-07-22T21:40:19.364681+00:00,e87ef234d823c7f1,2026-07-22T21:40:18.876528+00:00,63.48,4,2,api-gateway|vets-service,False,GET,/api/vet/vets,200,1,61.267,1
2026-07-22T21:40:19.364681+00:00,b04074bc9f2cc540,2026-07-22T21:40:17.974833+00:00,24.287,3,2,visits-service|api-gateway,False,GET,/api/visit/owners/1/pets/1/visits,200,0,0.0,1
2026-07-22T21:40:19.364681+00:00,8dbe69a1373a17c8,2026-07-22T21:40:18.640921+00:00,90.684,4,2,api-gateway|customers-service,False,GET,/api/customer/owners,200,1,86.352,1
2026-07-22T21:40:19.364681+00:00,ea577605a53d278e,2026-07-22T21:40:18.475510+00:00,95.281,4,2,api-gateway|customers-service,False,GET,/api/customer/owners,200,1,88.705,1
2026-07-22T21:40:19.364681+00:00,b5b8d049e508903d,2026-07-22T21:40:17.838046+00:00,79.517,4,2,api-gateway|customers-service,False,GET,/api/customer/owners,200,1,77.702,1
2026-07-22T21:40:19.364681+00:00,113c8c276f167417,2026-07-22T21:40:17.642135+00:00,43.737,4,2,api-gateway|customers-service,False,GET,/api/customer/owners/1,200,1,36.315,1
2026-07-22T21:40:19.364681+00:00,0a5e9edacaa87cec,2026-07-22T21:40:17.513730+00:00,14.943,3,2,visits-service|api-gateway,False,GET,/api/visit/owners/1/pets/1/visits,200,0,0.0,1
2026-07-22T21:40:19.364681+00:00,b44905da539994e3,2026-07-22T21:40:17.474693+00:00,30.208,4,2,api-gateway|customers-service,False,GET,/api/customer/owners/1,200,1,26.199,1
2026-07-22T21:40:19.364681+00:00,d52a689a37c71066,2026-07-22T21:40:17.343411+00:00,13.368,3,2,visits-service|api-gateway,False,GET,/api/visit/owners/1/pets/1/visits,200,0,0.0,1
2026-07-22T21:40:19.364681+00:00,c7057265d53008c6,2026-07-22T21:40:17.307699+00:00,35.508,4,2,api-gateway|customers-service,False,GET,/api/customer/owners/1,200,1,30.899,1
2026-07-22T21:40:19.364681+00:00,a63d152fa94f394d,2026-07-22T21:40:17.141443+00:00,85.145,4,2,api-gateway|customers-service,False,GET,/api/customer/owners,200,1,80.442,1
2026-07-22T21:40:19.364681+00:00,bfde781c7734f632,2026-07-22T21:40:16.976954+00:00,38.172,4,2,api-gateway|customers-service,False,GET,/api/customer/owners/1,200,1,34.869,1
2026-07-22T21:40:19.364681+00:00,128484bce314e48e,2026-07-22T21:40:16.141942+00:00,20.508,3,2,visits-service|api-gateway,False,GET,/api/visit/owners/1/pets/1/visits,200,0,0.0,1
2026-07-22T21:40:19.364681+00:00,bc2ae4f0f8967a70,2026-07-22T21:40:15.975285+00:00,23.897,3,2,visits-service|api-gateway,False,GET,/api/visit/owners/1/pets/1/visits,200,0,0.0,1
2026-07-22T21:40:19.364681+00:00,f4ab633f82651708,2026-07-22T21:40:16.475374+00:00,87.668,4,2,api-gateway|customers-service,False,GET,/api/customer/owners,200,1,81.555,1
2026-07-22T21:40:19.364681+00:00,6f26e27be9e5cfde,2026-07-22T21:40:16.307584+00:00,111.365,4,2,api-gateway|customers-service,False,GET,/api/customer/owners,200,1,103.702,1
2026-07-22T21:40:19.364681+00:00,fd89adbdabb6dc72,2026-07-22T21:40:16.147587+00:00,66.968,4,2,api-gateway|vets-service,False,GET,/api/vet/vets,200,1,64.699,1
2026-07-22T21:40:19.364681+00:00,0f4cfc12940c21d7,2026-07-22T21:40:15.812643+00:00,44.55,4,2,api-gateway|customers-service,False,GET,/api/customer/owners/1,200,1,42.105,1
2026-07-22T21:40:19.364681+00:00,57c822afa3f131be,2026-07-22T21:40:15.641449+00:00,41.812,4,2,api-gateway|customers-service,False,GET,/api/customer/owners/1,200,1,33.852,1
2026-07-22T21:40:19.364681+00:00,355e30497f887d95,2026-07-22T21:40:14.975078+00:00,76.973,4,2,api-gateway|vets-service,False,GET,/api/vet/vets,200,1,65.344,1
2026-07-22T21:40:19.364681+00:00,a0e7893c4f52d0e2,2026-07-22T21:40:15.312274+00:00,46.909,4,2,api-gateway|customers-service,False,GET,/api/customer/owners/1,200,1,41.934,1
2026-07-22T21:40:19.364681+00:00,f0d2a6be473fdb9e,2026-07-22T21:40:15.141748+00:00,41.338,4,2,api-gateway|customers-service,False,GET,/api/customer/owners/1,200,1,33.291,1
2026-07-22T21:40:19.364681+00:00,44d83835689689aa,2026-07-22T21:40:14.951588+00:00,64.362,4,2,api-gateway|vets-service,False,GET,/api/vet/vets,200,1,62.175,1
2026-07-22T21:40:19.364681+00:00,806a82084776dfdd,2026-07-22T21:40:14.810594+00:00,31.368,4,2,api-gateway|customers-service,False,GET,/api/customer/owners/1,200,1,29.783,1
2026-07-22T21:40:19.364681+00:00,0df3a762ac5d09ee,2026-07-22T21:40:14.641330+00:00,41.169,4,2,api-gateway|customers-service,False,GET,/api/customer/owners/1,200,1,33.84,1
2026-07-22T21:40:19.364681+00:00,f9a00d1fb30d9351,2026-07-22T21:40:13.974902+00:00,17.287,3,2,visits-service|api-gateway,False,GET,/api/visit/owners/1/pets/1/visits,200,0,0.0,1
2026-07-22T21:40:19.364681+00:00,c85652a58234bc12,2026-07-22T21:40:14.475391+00:00,49.727,4,2,api-gateway|customers-service,False,GET,/api/customer/owners/1,200,1,42.31,1
2026-07-22T21:40:19.364681+00:00,4304dea0add90de7,2026-07-22T21:40:14.266008+00:00,13.828,3,2,visits-service|api-gateway,False,GET,/api/visit/owners/1/pets/1/visits,200,0,0.0,1
2026-07-22T21:40:19.364681+00:00,ac6a1d3e9ca60f9f,2026-07-22T21:40:14.141321+00:00,79.674,4,2,api-gateway|customers-service,False,GET,/api/customer/owners,200,1,75.502,1
2026-07-22T21:40:19.364681+00:00,e3e23a01bef51876,2026-07-22T21:40:13.810320+00:00,89.022,4,2,api-gateway|customers-service,False,GET,/api/customer/owners,200,1,86.769,1
2026-07-22T21:40:19.364681+00:00,77d297cdf439df78,2026-07-22T21:40:12.975293+00:00,23.722,3,2,visits-service|api-gateway,False,GET,/api/visit/owners/1/pets/1/visits,200,0,0.0,1
2026-07-22T21:40:19.364681+00:00,48d8cddffd5d3132,2026-07-22T21:40:13.475019+00:00,80.407,4,2,api-gateway|customers-service,False,GET,/api/customer/owners,200,1,76.329,1
2026-07-22T21:40:19.364681+00:00,0ea8c6e5da271823,2026-07-22T21:40:13.412348+00:00,63.767,4,2,api-gateway|vets-service,False,GET,/api/vet/vets,200,1,61.718,1
2026-07-22T21:40:19.364681+00:00,98c9fe88bc2d1c6b,2026-07-22T21:40:13.308440+00:00,86.503,4,2,api-gateway|customers-service,False,GET,/api/customer/owners,200,1,82.4,1
2026-07-22T21:40:19.364681+00:00,e26849c5bf366e2b,2026-07-22T21:40:13.141567+00:00,88.524,4,2,api-gateway|customers-service,False,GET,/api/customer/owners,200,1,82.965,1
2026-07-22T21:40:19.364681+00:00,a4fd0972742d2be5,2026-07-22T21:40:13.070858+00:00,63.371,4,2,api-gateway|vets-service,False,GET,/api/vet/vets,200,1,61.154,1
2026-07-22T21:40:19.364681+00:00,51aadf0e83d92f19,2026-07-22T21:40:12.641911+00:00,101.219,4,2,api-gateway|customers-service,False,GET,/api/customer/owners,200,1,94.593,1
2026-07-22T21:40:19.364681+00:00,aff3f6e3734263a2,2026-07-22T21:40:11.974270+00:00,75.139,4,2,api-gateway|vets-service,False,GET,/api/vet/vets,200,1,62.632,1
2026-07-22T21:40:19.364681+00:00,5a87f015fb0c7115,2026-07-22T21:40:12.386482+00:00,61.516,4,2,api-gateway|vets-service,False,GET,/api/vet/vets,200,1,59.315,1
2026-07-22T21:40:19.364681+00:00,d924297063a228b1,2026-07-22T21:40:12.307493+00:00,97.558,4,2,api-gateway|customers-service,False,GET,/api/customer/owners,200,1,88.521,1
2026-07-22T21:40:19.364681+00:00,326cbe1c79f5ebe8,2026-07-22T21:40:12.216763+00:00,64.167,4,2,api-gateway|vets-service,False,GET,/api/vet/vets,200,1,61.835,1
2026-07-22T21:40:19.364681+00:00,3b96e0d2e4600773,2026-07-22T21:40:12.141770+00:00,51.998,4,2,api-gateway|customers-service,False,GET,/api/customer/owners/1,200,1,44.356,1
2026-07-22T21:40:19.364681+00:00,47166a9bc51d60b5,2026-07-22T21:40:12.047302+00:00,12.238,3,2,visits-service|api-gateway,False,GET,/api/visit/owners/1/pets/1/visits,200,0,0.0,1
2026-07-22T21:40:19.364681+00:00,3071c97faa860a14,2026-07-22T21:40:11.308309+00:00,40.175,4,2,api-gateway|customers-service,False,GET,/api/customer/owners/1,200,1,31.84,1
2026-07-22T21:40:19.364681+00:00,97b2b820cde4483e,2026-07-22T21:40:11.141520+00:00,31.652,4,2,api-gateway|customers-service,False,GET,/api/customer/owners/1,200,1,27.221,1
2026-07-22T21:40:19.364681+00:00,ae364d82d73e0974,2026-07-22T21:40:11.020940+00:00,12.643,3,2,visits-service|api-gateway,False,GET,/api/visit/owners/1/pets/1/visits,200,0,0.0,1
2026-07-22T21:40:19.364681+00:00,e76146de32fa52d5,2026-07-22T21:40:10.974654+00:00,39.138,4,2,api-gateway|customers-service,False,GET,/api/customer/owners/1,200,1,31.291,1
2026-07-22T21:40:19.364681+00:00,aae5b2cd4968e430,2026-07-22T21:40:10.850816+00:00,9.254,3,2,visits-service|api-gateway,False,GET,/api/visit/owners/1/pets/1/visits,200,0,0.0,1
2026-07-22T21:40:19.364681+00:00,5f4b5e6365dc2e58,2026-07-22T21:40:10.810134+00:00,38.243,4,2,api-gateway|customers-service,False,GET,/api/customer/owners/1,200,1,36.68,1
2026-07-22T21:40:19.364681+00:00,15497c699cac02c0,2026-07-22T21:40:10.641736+00:00,87.687,4,2,api-gateway|customers-service,False,GET,/api/customer/owners,200,1,83.764,1
2026-07-22T21:40:19.364681+00:00,2020fde2d983de52,2026-07-22T21:40:09.974865+00:00,76.079,4,2,api-gateway|vets-service,False,GET,/api/vet/vets,200,1,63.131,1
2026-07-22T21:40:19.364681+00:00,5be2f897e42652a7,2026-07-22T21:40:10.336186+00:00,63.207,4,2,api-gateway|vets-service,False,GET,/api/vet/vets,200,1,61.137,1
2026-07-22T21:40:19.364681+00:00,937d671607b51402,2026-07-22T21:40:10.166035+00:00,8.088,3,2,visits-service|api-gateway,False,GET,/api/visit/owners/1/pets/1/visits,200,0,0.0,1
2026-07-22T21:40:19.364681+00:00,e8d2fab1ec38b094,2026-07-22T21:40:10.142055+00:00,49.483,4,2,api-gateway|customers-service,False,GET,/api/customer/owners/1,200,1,42.047,1
2026-07-22T21:40:19.364681+00:00,d8131ad49b8ec084,2026-07-22T21:40:09.994384+00:00,69.291,4,2,api-gateway|vets-service,False,GET,/api/vet/vets,200,1,66.983,1
2026-07-22T21:40:19.364681+00:00,324b833592fdda5b,2026-07-22T21:40:09.308834+00:00,20.726,3,2,visits-service|api-gateway,False,GET,/api/visit/owners/1/pets/1/visits,200,0,0.0,1
2026-07-22T21:40:19.364681+00:00,183b99a001093219,2026-07-22T21:40:09.140594+00:00,67.614,4,2,api-gateway|vets-service,False,GET,/api/vet/vets,200,1,54.278,1
2026-07-22T21:40:19.364681+00:00,723d30e2df9ffee7,2026-07-22T21:40:08.974083+00:00,20.561,3,2,visits-service|api-gateway,False,GET,/api/visit/owners/1/pets/1/visits,200,0,0.0,1
2026-07-22T21:40:19.364681+00:00,08ae66bf6581940e,2026-07-22T21:40:08.812914+00:00,37.474,4,2,api-gateway|customers-service,False,GET,/api/customer/owners/1,200,1,35.074,1
2026-07-22T21:40:19.364681+00:00,ec1d4190e292cb69,2026-07-22T21:40:08.797782+00:00,69.052,4,2,api-gateway|vets-service,False,GET,/api/vet/vets,200,1,66.97,1
2026-07-22T21:40:19.364681+00:00,419c121a2c6b9bee,2026-07-22T21:40:08.644850+00:00,41.719,4,2,api-gateway|customers-service,False,GET,/api/customer/owners/1,200,1,36.959,1
2026-07-22T21:40:19.364681+00:00,539eae1a1730b42e,2026-07-22T21:40:08.474345+00:00,47.775,4,2,api-gateway|customers-service,False,GET,/api/customer/owners/1,200,1,40.399,1
2026-07-22T21:40:19.364681+00:00,07f0abfd825c2b9a,2026-07-22T21:40:08.141243+00:00,102.059,4,2,api-gateway|customers-service,False,GET,/api/customer/owners,200,1,94.751,1
2026-07-22T21:40:19.364681+00:00,28a491edd0abec65,2026-07-22T21:40:07.974974+00:00,30.694,4,2,api-gateway|customers-service,False,GET,/api/customer/owners/1,200,1,25.597,1
2026-07-22T21:40:19.364681+00:00,864492d9737ca13e,2026-07-22T21:40:07.936988+00:00,8.193,3,2,visits-service|api-gateway,False,GET,/api/visit/owners/1/pets/1/visits,200,0,0.0,1
2026-07-22T21:40:19.364681+00:00,513730b785cb46e5,2026-07-22T21:40:07.808769+00:00,105.682,4,2,api-gateway|customers-service,False,GET,/api/customer/owners,200,1,99.052,1
2026-07-22T21:40:19.364681+00:00,10fe17fd4afa326d,2026-07-22T21:40:07.641867+00:00,44.87,4,2,api-gateway|customers-service,False,GET,/api/customer/owners/1,200,1,38.135,1
2026-07-22T21:40:19.364681+00:00,b6776a2161fb1b82,2026-07-22T21:40:07.141569+00:00,19.916,3,2,visits-service|api-gateway,False,GET,/api/visit/owners/1/pets/1/visits,200,0,0.0,1
2026-07-22T21:40:19.364681+00:00,5d228e714c0ff968,2026-07-22T21:40:07.307669+00:00,35.257,4,2,api-gateway|customers-service,False,GET,/api/customer/owners/1,200,1,30.312,1
2026-07-22T21:40:19.364681+00:00,35859c3402a4b207,2026-07-22T21:40:07.252139+00:00,11.646,3,2,visits-service|api-gateway,False,GET,/api/visit/owners/1/pets/1/visits,200,0,0.0,1
2026-07-22T21:40:19.364681+00:00,89868f84adf57e0b,2026-07-22T21:40:07.078701+00:00,65.914,4,2,api-gateway|vets-service,False,GET,/api/vet/vets,200,1,63.892,1
2026-07-22T21:40:19.364681+00:00,c1d7802fc2ca6fd1,2026-07-22T21:40:06.977360+00:00,82.456,4,2,api-gateway|customers-service,False,GET,/api/customer/owners,200,1,78.345,1
2026-07-22T21:40:19.364681+00:00,add1d7363a1d45a7,2026-07-22T21:40:06.475488+00:00,44.284,4,2,api-gateway|customers-service,False,GET,/api/customer/owners/1,200,1,38.076,1
2026-07-22T21:40:19.364681+00:00,a066bb55cd7f1ff9,2026-07-22T21:40:05.975421+00:00,24.673,3,2,visits-service|api-gateway,False,GET,/api/visit/owners/1/pets/1/visits,200,0,0.0,1
2026-07-22T21:40:19.364681+00:00,653f9c06d1948e6d,2026-07-22T21:40:06.307549+00:00,90.224,4,2,api-gateway|customers-service,False,GET,/api/customer/owners,200,1,85.324,1
2026-07-22T21:40:19.364681+00:00,0d5334f6db235dab,2026-07-22T21:40:06.222110+00:00,10.31,3,2,visits-service|api-gateway,False,GET,/api/visit/owners/1/pets/1/visits,200,0,0.0,1
2026-07-22T21:40:19.364681+00:00,7d8a474a7184cc21,2026-07-22T21:40:06.141857+00:00,92.351,4,2,api-gateway|customers-service,False,GET,/api/customer/owners,200,1,85.795,1
2026-07-22T21:40:19.364681+00:00,28fffc2da228fc50,2026-07-22T21:40:06.050079+00:00,65.421,4,2,api-gateway|vets-service,False,GET,/api/vet/vets,200,1,62.926,1
2026-07-22T21:40:19.364681+00:00,6a61125b6ab41f61,2026-07-22T21:40:05.880278+00:00,69.375,4,2,api-gateway|vets-service,False,GET,/api/vet/vets,200,1,67.159,1
2026-07-22T21:40:19.364681+00:00,ea0c84f5794e0f02,2026-07-22T21:40:05.140661+00:00,68.031,4,2,api-gateway|vets-service,False,GET,/api/vet/vets,200,1,53.722,1
2026-07-22T21:40:19.364681+00:00,c5fc56efcadf7046,2026-07-22T21:40:05.311219+00:00,45.938,4,2,api-gateway|customers-service,False,GET,/api/customer/owners/1,200,1,40.661,1
2026-07-22T21:40:19.364681+00:00,ab614991ee5f0722,2026-07-22T21:40:04.807627+00:00,74.138,4,2,api-gateway|vets-service,False,GET,/api/vet/vets,200,1,64.135,1
2026-07-22T21:40:19.364681+00:00,b13f83036176edd0,2026-07-22T21:40:05.018827+00:00,8.17,3,2,visits-service|api-gateway,False,GET,/api/visit/owners/1/pets/1/visits,200,0,0.0,1
2026-07-22T21:40:19.364681+00:00,b22bde575ff151db,2026-07-22T21:40:04.975075+00:00,31.115,4,2,api-gateway|customers-service,False,GET,/api/customer/owners/1,200,1,26.015,1
2026-07-22T21:40:19.364681+00:00,20a7627b4a5f55af,2026-07-22T21:40:04.307298+00:00,22.058,3,2,visits-service|api-gateway,False,GET,/api/visit/owners/1/pets/1/visits,200,0,0.0,1
2026-07-22T21:40:19.364681+00:00,92de088d886969d2,2026-07-22T21:40:04.474376+00:00,36.75,4,2,api-gateway|customers-service,False,GET,/api/customer/owners/1,200,1,31.372,1
2026-07-22T21:40:19.364681+00:00,aaef65995de36c37,2026-07-22T21:40:03.973989+00:00,77.561,4,2,api-gateway|vets-service,False,GET,/api/vet/vets,200,1,67.065,1
2026-07-22T21:40:19.364681+00:00,14bf202ae9b2e8af,2026-07-22T21:40:04.142016+00:00,41.021,4,2,api-gateway|customers-service,False,GET,/api/customer/owners/1,200,1,33.868,1
2026-07-22T21:40:19.364681+00:00,8f6a040933f8bf19,2026-07-22T21:40:03.810325+00:00,31.707,4,2,api-gateway|customers-service,False,GET,/api/customer/owners/1,200,1,29.896,1
2026-07-22T21:40:19.364681+00:00,2098348e62dae2a1,2026-07-22T21:40:03.641779+00:00,84.194,4,2,api-gateway|customers-service,False,GET,/api/customer/owners,200,1,80.155,1
2026-07-22T21:40:19.364681+00:00,75f09e03fb24fdd4,2026-07-22T21:40:03.474870+00:00,31.64,4,2,api-gateway|customers-service,False,GET,/api/customer/owners/1,200,1,26.807,1
2026-07-22T21:40:19.364681+00:00,5f41211c95f25727,2026-07-22T21:40:03.308790+00:00,99.74,4,2,api-gateway|customers-service,False,GET,/api/customer/owners,200,1,91.748,1
2026-07-22T21:40:19.364681+00:00,6c6dcc43e213e159,2026-07-22T21:40:02.974695+00:00,76.285,4,2,api-gateway|vets-service,False,GET,/api/vet/vets,200,1,63.373,1
2026-07-22T21:40:19.364681+00:00,4fd8a663fde08390,2026-07-22T21:40:03.141773+00:00,104.92,4,2,api-gateway|customers-service,False,GET,/api/customer/owners,200,1,97.421,1
2026-07-22T21:40:19.364681+00:00,ce42185de922e5b5,2026-07-22T21:40:03.132398+00:00,12.229,3,2,visits-service|api-gateway,False,GET,/api/visit/owners/1/pets/1/visits,200,0,0.0,1
2026-07-22T21:40:19.364681+00:00,d855f00a9a958c27,2026-07-22T21:40:02.786377+00:00,70.038,4,2,api-gateway|vets-service,False,GET,/api/vet/vets,200,1,67.771,1
2026-07-22T21:40:19.364681+00:00,94515c25b86e1e24,2026-07-22T21:40:02.641493+00:00,48.238,4,2,api-gateway|customers-service,False,GET,/api/customer/owners/1,200,1,40.44,1
2026-07-22T21:40:19.364681+00:00,c659aa9393de61e2,2026-07-22T21:40:02.141478+00:00,25.383,3,2,visits-service|api-gateway,False,GET,/api/visit/owners/1/pets/1/visits,200,0,0.0,1
2026-07-22T21:40:19.364681+00:00,5c748d0e506dd977,2026-07-22T21:40:02.307619+00:00,39.982,4,2,api-gateway|customers-service,False,GET,/api/customer/owners/1,200,1,34.304,1
2026-07-22T21:40:19.364681+00:00,a8d6022d0002a7ad,2026-07-22T21:40:01.974892+00:00,85.593,4,2,api-gateway|customers-service,False,GET,/api/customer/owners,200,1,81.039,1
2026-07-22T21:40:19.364681+00:00,1333aaf54bc43e21,2026-07-22T21:40:01.810210+00:00,31.53,4,2,api-gateway|customers-service,False,GET,/api/customer/owners/1,200,1,29.844,1
2026-07-22T21:40:19.364681+00:00,3b23bd0d806922a9,2026-07-22T21:40:01.760222+00:00,13.176,3,2,visits-service|api-gateway,False,GET,/api/visit/owners/1/pets/1/visits,200,0,0.0,1
2026-07-22T21:40:19.364681+00:00,d610eb33bbedd8fb,2026-07-22T21:40:01.641030+00:00,89.589,4,2,api-gateway|customers-service,False,GET,/api/customer/owners,200,1,84.865,1
2026-07-22T21:40:19.364681+00:00,9babc8f4cb239b96,2026-07-22T21:40:01.141808+00:00,74.772,4,2,api-gateway|vets-service,False,GET,/api/vet/vets,200,1,62.107,1
2026-07-22T21:40:19.364681+00:00,d2d9499d5623a3a3,2026-07-22T21:40:01.308280+00:00,111.344,4,2,api-gateway|customers-service,False,GET,/api/customer/owners,200,1,103.22,1
2026-07-22T21:40:19.364681+00:00,fff2154b81744ccf,2026-07-22T21:40:00.975276+00:00,36.933,4,2,api-gateway|customers-service,False,GET,/api/customer/owners/1,200,1,32.067,1
2026-07-22T21:40:19.364681+00:00,ad2642376587e926,2026-07-22T21:40:00.808102+00:00,93.281,4,2,api-gateway|customers-service,False,GET,/api/customer/owners,200,1,87.54,1
2026-07-22T21:40:19.364681+00:00,ad50ff6859b44549,2026-07-22T21:40:00.729665+00:00,63.384,4,2,api-gateway|vets-service,False,GET,/api/vet/vets,200,1,61.17,1
2026-07-22T21:40:19.364681+00:00,4722d2542bb7454d,2026-07-22T21:40:00.640983+00:00,40.371,4,2,api-gateway|customers-service,False,GET,/api/customer/owners/1,200,1,33.132,1
2026-07-22T21:40:19.364681+00:00,cf119d522015d9da,2026-07-22T21:40:00.308346+00:00,38.691,4,2,api-gateway|customers-service,False,GET,/api/customer/owners/1,200,1,32.613,1
2026-07-22T21:40:19.364681+00:00,06160bbb29b4bfdd,2026-07-22T21:40:00.141440+00:00,37.11,4,2,api-gateway|customers-service,False,GET,/api/customer/owners/1,200,1,33.105,1
2026-07-22T21:40:19.364681+00:00,33616428ba7dff76,2026-07-22T21:39:59.807998+00:00,71.223,4,2,api-gateway|vets-service,False,GET,/api/vet/vets,200,1,59.28,1
2026-07-22T21:40:19.364681+00:00,53d4e5940b25a130,2026-07-22T21:39:59.975576+00:00,42.71,4,2,api-gateway|customers-service,False,GET,/api/customer/owners/1,200,1,35.633,1
2026-07-22T21:40:19.364681+00:00,42522703323de111,2026-07-22T21:39:59.876988+00:00,7.291,3,2,visits-service|api-gateway,False,GET,/api/visit/owners/1/pets/1/visits,200,0,0.0,1
2026-07-22T21:40:19.364681+00:00,7930833dd359d9ff,2026-07-22T21:39:59.308721+00:00,22.341,3,2,visits-service|api-gateway,False,GET,/api/visit/owners/1/pets/1/visits,200,0,0.0,1
2026-07-22T21:40:19.364681+00:00,b3a2a0fa03803fbb,2026-07-22T21:39:59.474100+00:00,37.037,4,2,api-gateway|customers-service,False,GET,/api/customer/owners/1,200,1,32.854,1
2026-07-22T21:40:19.364681+00:00,ee2a42d4ac7b3b4d,2026-07-22T21:39:59.141621+00:00,82.225,4,2,api-gateway|vets-service,False,GET,/api/vet/vets,200,1,67.141,1
2026-07-22T21:40:19.364681+00:00,d96bd029d3a64167,2026-07-22T21:39:58.974516+00:00,41.349,4,2,api-gateway|customers-service,False,GET,/api/customer/owners/1,200,1,35.029,1
2026-07-22T21:40:19.364681+00:00,13bc19e904e6dce4,2026-07-22T21:39:58.857101+00:00,12.223,3,2,visits-service|api-gateway,False,GET,/api/visit/owners/1/pets/1/visits,200,0,0.0,1
2026-07-22T21:40:19.364681+00:00,cb139b43fed2e4a8,2026-07-22T21:39:58.807817+00:00,109.842,4,2,api-gateway|customers-service,False,GET,/api/customer/owners,200,1,102.306,1
2026-07-22T21:40:19.364681+00:00,080d35c0a2fe94aa,2026-07-22T21:39:58.474729+00:00,37.154,4,2,api-gateway|customers-service,False,GET,/api/customer/owners/1,200,1,31.837,1
2026-07-22T21:40:19.364681+00:00,8ad5eb5c54b8a0de,2026-07-22T21:39:58.308114+00:00,34.941,4,2,api-gateway|customers-service,False,GET,/api/customer/owners/1,200,1,30.303,1
2026-07-22T21:40:19.364681+00:00,12037ba1c7f25485,2026-07-22T21:39:58.141483+00:00,99.183,4,2,api-gateway|customers-service,False,GET,/api/customer/owners,200,1,92.841,1
2026-07-22T21:40:19.364681+00:00,62254bf785904100,2026-07-22T21:39:57.808313+00:00,77.058,4,2,api-gateway|vets-service,False,GET,/api/vet/vets,200,1,62.593,1
2026-07-22T21:40:19.364681+00:00,f08b2b7bf10f354f,2026-07-22T21:39:57.975282+00:00,47.527,4,2,api-gateway|customers-service,False,GET,/api/customer/owners/1,200,1,40.09,1
2026-07-22T21:40:19.364681+00:00,e40e4743ea4b10e2,2026-07-22T21:39:57.830856+00:00,63.614,4,2,api-gateway|vets-service,False,GET,/api/vet/vets,200,1,61.377,1
2026-07-22T21:40:19.364681+00:00,f48a792e2e0f74e3,2026-07-22T21:39:57.660961+00:00,68.371,4,2,api-gateway|vets-service,False,GET,/api/vet/vets,200,1,65.988,1
2026-07-22T21:40:19.364681+00:00,82cee9c89805d32e,2026-07-22T21:39:57.141453+00:00,26.612,3,2,visits-service|api-gateway,False,GET,/api/visit/owners/1/pets/1/visits,200,0,0.0,1
2026-07-22T21:40:19.364681+00:00,4da863cd493b5023,2026-07-22T21:39:57.307760+00:00,102.246,4,2,api-gateway|customers-service,False,GET,/api/customer/owners,200,1,95.797,1
2026-07-22T21:40:19.364681+00:00,e12fe1ba17476187,2026-07-22T21:39:56.975386+00:00,35.132,4,2,api-gateway|customers-service,False,GET,/api/customer/owners/1,200,1,30.168,1
2026-07-22T21:40:19.364681+00:00,25215cec35a3d3e1,2026-07-22T21:39:56.810629+00:00,26.859,4,2,api-gateway|customers-service,False,GET,/api/customer/owners/1,200,1,25.226,1
2026-07-22T21:40:19.364681+00:00,78e686d470b99a28,2026-07-22T21:39:56.641282+00:00,97.797,4,2,api-gateway|customers-service,False,GET,/api/customer/owners,200,1,91.816,1
2026-07-22T21:40:19.364681+00:00,c9aa860a963d2059,2026-07-22T21:39:56.474647+00:00,105.996,4,2,api-gateway|customers-service,False,GET,/api/customer/owners,200,1,98.559,1
2026-07-22T21:40:19.364681+00:00,f0a432b21c3551ae,2026-07-22T21:39:56.308130+00:00,47.576,4,2,api-gateway|customers-service,False,GET,/api/customer/owners/1,200,1,40.021,1
2026-07-22T21:40:19.364681+00:00,baa1edfc4ff82c3e,2026-07-22T21:39:56.142018+00:00,28.602,3,2,visits-service|api-gateway,False,GET,/api/visit/owners/1/pets/1/visits,200,0,0.0,1
2026-07-22T21:40:19.364681+00:00,2e42e428566b1ec8,2026-07-22T21:39:55.974890+00:00,109.978,4,2,api-gateway|customers-service,False,GET,/api/customer/owners,200,1,102.625,1
2026-07-22T21:40:19.364681+00:00,160559383aac85b6,2026-07-22T21:39:55.811753+00:00,32.24,4,2,api-gateway|customers-service,False,GET,/api/customer/owners/1,200,1,30.782,1
2026-07-22T21:40:19.364681+00:00,f0820ba785a6b0c3,2026-07-22T21:39:55.641726+00:00,35.407,4,2,api-gateway|customers-service,False,GET,/api/customer/owners/1,200,1,30.408,1
2026-07-22T21:40:19.364681+00:00,640a3d9261fa2c78,2026-07-22T21:39:55.474692+00:00,99.843,4,2,api-gateway|customers-service,False,GET,/api/customer/owners,200,1,95.103,1
2026-07-22T21:40:19.364681+00:00,949fdda5138537dd,2026-07-22T21:39:55.308552+00:00,93.487,4,2,api-gateway|customers-service,False,GET,/api/customer/owners,200,1,88.98,1
2026-07-22T21:40:19.364681+00:00,8cd28c61147d357f,2026-07-22T21:39:55.141871+00:00,60.595,4,2,api-gateway|vets-service,False,GET,/api/vet/vets,200,1,49.641,1
2026-07-22T21:40:19.364681+00:00,aae7f4a3fe811378,2026-07-22T21:39:54.975016+00:00,82.384,4,2,api-gateway|vets-service,False,GET,/api/vet/vets,200,1,68.825,1
2026-07-22T21:40:19.364681+00:00,334c9c7ee4b440ce,2026-07-22T21:39:54.809917+00:00,35.523,4,2,api-gateway|customers-service,False,GET,/api/customer/owners/1,200,1,32.448,1
2026-07-22T21:40:19.364681+00:00,b4a332c02ccc426f,2026-07-22T21:39:54.641839+00:00,91.807,4,2,api-gateway|customers-service,False,GET,/api/customer/owners,200,1,84.827,1
2026-07-22T21:40:19.364681+00:00,ffd0b59cf9e4ce20,2026-07-22T21:39:54.475005+00:00,25.69,3,2,visits-service|api-gateway,False,GET,/api/visit/owners/1/pets/1/visits,200,0,0.0,1
2026-07-22T21:40:19.364681+00:00,3cb61557742a0e74,2026-07-22T21:39:54.308517+00:00,89.556,4,2,api-gateway|customers-service,False,GET,/api/customer/owners,200,1,84.462,1
2026-07-22T21:40:19.364681+00:00,61129fc95d1ad31b,2026-07-22T21:39:54.141380+00:00,67.771,4,2,api-gateway|vets-service,False,GET,/api/vet/vets,200,1,53.191,1
2026-07-22T21:40:19.364681+00:00,0f3179911c680328,2026-07-22T21:39:53.975085+00:00,85.714,4,2,api-gateway|customers-service,False,GET,/api/customer/owners,200,1,81.37,1
2026-07-22T21:40:19.364681+00:00,f651c07ecd281716,2026-07-22T21:39:53.807971+00:00,40.094,4,2,api-gateway|customers-service,False,GET,/api/customer/owners/1,200,1,31.781,1
2026-07-22T21:40:19.364681+00:00,386b057008202f28,2026-07-22T21:39:53.641469+00:00,103.225,4,2,api-gateway|customers-service,False,GET,/api/customer/owners,200,1,96.111,1
2026-07-22T21:40:19.364681+00:00,9e114d2d33028e2e,2026-07-22T21:39:53.475053+00:00,45.728,4,2,api-gateway|customers-service,False,GET,/api/customer/owners/1,200,1,39.468,1
2026-07-22T21:40:19.364681+00:00,9cb33bb5cf994409,2026-07-22T21:39:53.308007+00:00,36.532,4,2,api-gateway|customers-service,False,GET,/api/customer/owners/1,200,1,31.927,1
2026-07-22T21:40:19.364681+00:00,4ab81ace7d530626,2026-07-22T21:39:53.144623+00:00,39.912,4,2,api-gateway|customers-service,False,GET,/api/customer/owners/1,200,1,35.669,1
2026-07-22T21:40:19.364681+00:00,1841f2230aecc6ad,2026-07-22T21:39:52.975088+00:00,75.851,4,2,api-gateway|vets-service,False,GET,/api/vet/vets,200,1,64.545,1
2026-07-22T21:40:19.364681+00:00,6e0c760bca088d97,2026-07-22T21:39:52.808141+00:00,89.209,4,2,api-gateway|customers-service,False,GET,/api/customer/owners,200,1,84.483,1
2026-07-22T21:40:19.364681+00:00,6665d5fba44055e5,2026-07-22T21:39:52.641450+00:00,35.873,4,2,api-gateway|customers-service,False,GET,/api/customer/owners/1,200,1,30.997,1
2026-07-22T21:40:19.364681+00:00,da18306805d9049c,2026-07-22T21:39:52.474864+00:00,99.497,4,2,api-gateway|customers-service,False,GET,/api/customer/owners,200,1,93.093,1
2026-07-22T21:40:19.364681+00:00,d6f6746c1103717a,2026-07-22T21:39:52.307895+00:00,75.706,4,2,api-gateway|vets-service,False,GET,/api/vet/vets,200,1,62.025,1
2026-07-22T21:40:19.364681+00:00,eecd6da9e8deeb23,2026-07-22T21:39:52.141967+00:00,23.396,3,2,visits-service|api-gateway,False,GET,/api/visit/owners/1/pets/1/visits,200,0,0.0,1
2026-07-22T21:40:19.364681+00:00,7c3da40c17cd9012,2026-07-22T21:39:51.977659+00:00,43.457,4,2,api-gateway|customers-service,False,GET,/api/customer/owners/1,200,1,40.035,1
2026-07-22T21:40:19.364681+00:00,259eff31cf61bc52,2026-07-22T21:39:51.808116+00:00,97.574,4,2,api-gateway|customers-service,False,GET,/api/customer/owners,200,1,91.193,1
2026-07-22T21:40:19.364681+00:00,dd0b5115a9ab1b21,2026-07-22T21:39:51.698097+00:00,8.682,3,2,visits-service|api-gateway,False,GET,/api/visit/owners/1/pets/1/visits,200,0,0.0,1
2026-07-22T21:40:19.364681+00:00,4e3156cdb0f22b1e,2026-07-22T21:39:51.474594+00:00,20.996,3,2,visits-service|api-gateway,False,GET,/api/visit/owners/1/pets/1/visits,200,0,0.0,1
2026-07-22T21:40:19.364681+00:00,3a081afdc8e86fed,2026-07-22T21:39:51.308357+00:00,45.567,4,2,api-gateway|customers-service,False,GET,/api/customer/owners/1,200,1,37.759,1
2026-07-22T21:40:19.364681+00:00,e52c1459d27ef095,2026-07-22T21:39:51.141784+00:00,23.558,3,2,visits-service|api-gateway,False,GET,/api/visit/owners/1/pets/1/visits,200,0,0.0,1
2026-07-22T21:40:19.364681+00:00,b0585644517ff56c,2026-07-22T21:39:50.974951+00:00,45.656,4,2,api-gateway|customers-service,False,GET,/api/customer/owners/1,200,1,38.924,1
2026-07-22T21:40:19.364681+00:00,5a24a6083a22474c,2026-07-22T21:39:50.808916+00:00,48.346,4,2,api-gateway|customers-service,False,GET,/api/customer/owners/1,200,1,40.505,1
2026-07-22T21:40:19.364681+00:00,0bf6cd675b94bbd8,2026-07-22T21:39:50.676164+00:00,62.607,4,2,api-gateway|vets-service,False,GET,/api/vet/vets,200,1,60.488,1
2026-07-22T21:40:19.364681+00:00,7a95f62ee1ea8f5f,2026-07-22T21:39:50.474812+00:00,36.933,4,2,api-gateway|customers-service,False,GET,/api/customer/owners/1,200,1,30.351,1
2026-07-22T21:40:19.364681+00:00,861715091418c8a7,2026-07-22T21:39:50.308392+00:00,56.396,3,2,visits-service|api-gateway,False,GET,/api/visit/owners/1/pets/1/visits,200,0,0.0,1
2026-07-22T21:40:19.364681+00:00,cb1ce65f3c793187,2026-07-22T21:39:50.141750+00:00,88.37,4,2,api-gateway|customers-service,False,GET,/api/customer/owners,200,1,83.841,1
2026-07-22T21:40:19.364681+00:00,01b8e531b8fd4c7e,2026-07-22T21:39:49.686870+00:00,12.436,3,2,visits-service|api-gateway,False,GET,/api/visit/owners/1/pets/1/visits,200,0,0.0,1
2026-07-22T21:40:19.364681+00:00,25561124ba0dedec,2026-07-22T21:39:49.157040+00:00,39.636,4,2,api-gateway|customers-service,False,GET,/api/customer/owners/1,200,1,33.568,1
2026-07-22T21:40:19.364681+00:00,6e0f4fe85bb777d2,2026-07-22T21:39:48.323779+00:00,159.273,4,2,api-gateway|vets-service,False,GET,/api/vet/vets,200,1,147.137,1
2026-07-22T21:40:19.364681+00:00,b5a690e2caa9d64b,2026-07-22T21:39:48.989603+00:00,119.379,4,2,api-gateway|customers-service,False,GET,/api/customer/owners,200,1,83.342,1
2026-07-22T21:40:19.364681+00:00,1e96ba810f89e37c,2026-07-22T21:39:48.156596+00:00,183.219,4,2,api-gateway|vets-service,False,GET,/api/vet/vets,200,1,144.506,1
2026-07-22T21:40:19.364681+00:00,d14105d5f4602ab7,2026-07-22T21:39:47.989754+00:00,157.466,4,2,api-gateway|vets-service,False,GET,/api/vet/vets,200,1,145.931,1
2026-07-22T21:40:19.364681+00:00,1c2a0e8303fc9793,2026-07-22T21:39:48.661120+00:00,45.751,4,2,api-gateway|customers-service,False,GET,/api/customer/owners/1,200,1,43.155,1
2026-07-22T21:40:19.364681+00:00,d7bcb9ff19c44a2f,2026-07-22T21:39:48.658006+00:00,141.17,4,2,api-gateway|vets-service,False,GET,/api/vet/vets,200,1,138.712,1
2026-07-22T21:40:19.364681+00:00,a2cf40f69380bbe4,2026-07-22T21:39:48.494292+00:00,106.942,4,2,api-gateway|customers-service,False,GET,/api/customer/owners,200,1,103.839,1
2026-07-22T21:40:19.364681+00:00,4251d502f78c4e09,2026-07-22T21:39:48.465060+00:00,194.178,4,2,api-gateway|vets-service,False,GET,/api/vet/vets,200,1,191.741,1
2026-07-22T21:40:19.364681+00:00,a2e056333f7bc272,2026-07-22T21:39:47.157287+00:00,44.948,3,2,visits-service|api-gateway,False,GET,/api/visit/owners/1/pets/1/visits,200,0,0.0,1
2026-07-22T21:40:19.364681+00:00,2ad4212deb2279ca,2026-07-22T21:39:47.502455+00:00,38.995,4,2,api-gateway|customers-service,False,GET,/api/customer/owners/1,200,1,32.532,1
2026-07-22T21:40:19.364681+00:00,16d6c91be3fe0ad1,2026-07-22T21:39:47.440289+00:00,175.511,4,2,api-gateway|vets-service,False,GET,/api/vet/vets,200,1,173.748,1
2026-07-22T21:40:19.364681+00:00,8023f787516473e8,2026-07-22T21:39:47.327804+00:00,104.874,4,2,api-gateway|customers-service,False,GET,/api/customer/owners,200,1,101.959,1
2026-07-22T21:40:19.364681+00:00,2b103d338c6dd39b,2026-07-22T21:39:46.990401+00:00,27.71,4,2,api-gateway|customers-service,False,GET,/api/customer/owners/1,200,1,22.856,1
2026-07-22T21:40:19.364681+00:00,b32b131b662bffae,2026-07-22T21:39:46.826633+00:00,100.194,4,2,api-gateway|customers-service,False,GET,/api/customer/owners,200,1,97.147,1
2026-07-22T21:40:19.364681+00:00,c8459022924a4c4c,2026-07-22T21:39:45.990947+00:00,21.353,3,2,visits-service|api-gateway,False,GET,/api/visit/owners/1/pets/1/visits,200,0,0.0,1
2026-07-22T21:40:19.364681+00:00,b415ea16ec47b755,2026-07-22T21:39:46.493794+00:00,89.361,4,2,api-gateway|customers-service,False,GET,/api/customer/owners,200,1,87.564,1
2026-07-22T21:40:19.364681+00:00,6844759945ec5aa7,2026-07-22T21:39:45.657060+00:00,20.015,3,2,visits-service|api-gateway,False,GET,/api/visit/owners/1/pets/1/visits,200,0,0.0,1
2026-07-22T21:40:19.364681+00:00,910e34e14f23dbd5,2026-07-22T21:39:46.326326+00:00,80.903,4,2,api-gateway|customers-service,False,GET,/api/customer/owners,200,1,79.184,1
2026-07-22T21:40:19.364681+00:00,552e2a655a2437fe,2026-07-22T21:39:45.491433+00:00,20.625,3,2,visits-service|api-gateway,False,GET,/api/visit/owners/1/pets/1/visits,200,0,0.0,1
2026-07-22T21:40:19.364681+00:00,c856aff5ff3ad9be,2026-07-22T21:39:46.160883+00:00,38.877,4,2,api-gateway|customers-service,False,GET,/api/customer/owners/1,200,1,35.787,1
2026-07-22T21:40:19.364681+00:00,1561b6250f8a63cc,2026-07-22T21:39:45.156960+00:00,28.288,3,2,visits-service|api-gateway,False,GET,/api/visit/owners/1/pets/1/visits,200,0,0.0,1
2026-07-22T21:40:19.364681+00:00,132c09f2927fbbda,2026-07-22T21:39:45.828499+00:00,38.47,4,2,api-gateway|customers-service,False,GET,/api/customer/owners/1,200,1,35.423,1
2026-07-22T21:40:19.364681+00:00,0de3200b177a2a8e,2026-07-22T21:39:44.990370+00:00,76.616,4,2,api-gateway|vets-service,False,GET,/api/vet/vets,200,1,64.634,1
2026-07-22T21:40:19.364681+00:00,5614cb4116684779,2026-07-22T21:39:45.327984+00:00,37.398,4,2,api-gateway|customers-service,False,GET,/api/customer/owners/1,200,1,34.081,1
2026-07-22T21:40:19.364681+00:00,c7bbc31f9d442835,2026-07-22T21:39:44.323488+00:00,21.458,3,2,visits-service|api-gateway,False,GET,/api/visit/owners/1/pets/1/visits,200,0,0.0,1
2026-07-22T21:40:19.364681+00:00,5a76c736a6e0c42b,2026-07-22T21:39:44.825444+00:00,78.508,4,2,api-gateway|customers-service,False,GET,/api/customer/owners,200,1,78.508,1
2026-07-22T21:40:19.364681+00:00,924709a9cda18ed5,2026-07-22T21:39:43.990088+00:00,76.236,4,2,api-gateway|vets-service,False,GET,/api/vet/vets,200,1,64.254,1
2026-07-22T21:40:19.364681+00:00,92229512222add8c,2026-07-22T21:39:44.660699+00:00,33.704,4,2,api-gateway|customers-service,False,GET,/api/customer/owners/1,200,1,31.836,1
2026-07-22T21:40:19.364681+00:00,d1a356e316ca9223,2026-07-22T21:39:44.545780+00:00,70.154,4,2,api-gateway|vets-service,False,GET,/api/vet/vets,200,1,68.15,1
2026-07-22T21:40:19.364681+00:00,1136ede9663109ee,2026-07-22T21:39:44.494037+00:00,40.328,4,2,api-gateway|customers-service,False,GET,/api/customer/owners/1,200,1,37.314,1
2026-07-22T21:40:19.364681+00:00,ead7a3e20d4aafd7,2026-07-22T21:39:44.161141+00:00,37.086,4,2,api-gateway|customers-service,False,GET,/api/customer/owners/1,200,1,34.5,1
2026-07-22T21:40:19.364681+00:00,794a19c92aba1a6c,2026-07-22T21:39:43.659551+00:00,26.612,4,2,api-gateway|customers-service,False,GET,/api/customer/owners/1,200,1,26.612,1
2026-07-22T21:40:19.364681+00:00,ac5c60ec9d5f846b,2026-07-22T21:39:42.823226+00:00,24.055,3,2,visits-service|api-gateway,False,GET,/api/visit/owners/1/pets/1/visits,200,0,0.0,1
2026-07-22T21:40:19.364681+00:00,9627f0b8aebaef34,2026-07-22T21:39:43.495525+00:00,37.668,4,2,api-gateway|customers-service,False,GET,/api/customer/owners/1,200,1,35.053,1
2026-07-22T21:40:19.364681+00:00,9ca66d7cbd168acd,2026-07-22T21:39:43.326272+00:00,30.944,4,2,api-gateway|customers-service,False,GET,/api/customer/owners/1,200,1,28.928,1
2026-07-22T21:40:19.364681+00:00,1d9ddea1a294d402,2026-07-22T21:39:43.158358+00:00,82.997,4,2,api-gateway|customers-service,False,GET,/api/customer/owners,200,1,81.293,1
2026-07-22T21:40:19.364681+00:00,f7c8edc1716e6cf5,2026-07-22T21:39:42.990536+00:00,38.291,4,2,api-gateway|customers-service,False,GET,/api/customer/owners/1,200,1,31.562,1
2026-07-22T21:40:19.364681+00:00,2820f84c1eff2faf,2026-07-22T21:39:41.990970+00:00,73.81,4,2,api-gateway|vets-service,False,GET,/api/vet/vets,200,1,60.102,1
2026-07-22T21:40:19.364681+00:00,7cb4bc43bd1dcabb,2026-07-22T21:39:42.661357+00:00,86.465,4,2,api-gateway|customers-service,False,GET,/api/customer/owners,200,1,84.067,1
2026-07-22T21:40:19.364681+00:00,ab79daccb150127a,2026-07-22T21:39:42.494460+00:00,63.755,4,2,api-gateway|vets-service,False,GET,/api/vet/vets,200,1,61.392,1
2026-07-22T21:40:19.364681+00:00,f43c50c5e7ce94c9,2026-07-22T21:39:42.493559+00:00,30.557,4,2,api-gateway|customers-service,False,GET,/api/customer/owners/1,200,1,28.534,1
2026-07-22T21:40:19.364681+00:00,ba2ae0138ecbaff2,2026-07-22T21:39:42.325232+00:00,88.02,4,2,api-gateway|customers-service,False,GET,/api/customer/owners,200,1,86.274,1
2026-07-22T21:40:19.364681+00:00,364d2dfe6f1bdb00,2026-07-22T21:39:41.656798+00:00,25.754,3,2,visits-service|api-gateway,False,GET,/api/visit/owners/1/pets/1/visits,200,0,0.0,1
2026-07-22T21:40:19.364681+00:00,93b8fececac369d1,2026-07-22T21:39:42.160227+00:00,95.637,4,2,api-gateway|customers-service,False,GET,/api/customer/owners,200,1,93.124,1
2026-07-22T21:40:19.364681+00:00,1dc0c6b863cdbc62,2026-07-22T21:39:41.490438+00:00,69.41,4,2,api-gateway|vets-service,False,GET,/api/vet/vets,200,1,56.553,1
2026-07-22T21:40:19.364681+00:00,14cce7400b32d134,2026-07-22T21:39:41.323325+00:00,27.678,3,2,visits-service|api-gateway,False,GET,/api/visit/owners/1/pets/1/visits,200,0,0.0,1
2026-07-22T21:40:19.364681+00:00,c779d2c45ba4d9a8,2026-07-22T21:39:41.157089+00:00,22.62,3,2,visits-service|api-gateway,False,GET,/api/visit/owners/1/pets/1/visits,200,0,0.0,1
2026-07-22T21:40:19.364681+00:00,4826d49040b2f6df,2026-07-22T21:39:41.468766+00:00,62.999,4,2,api-gateway|vets-service,False,GET,/api/vet/vets,200,1,60.667,1
2026-07-22T21:40:19.364681+00:00,5e0c766543d2e40e,2026-07-22T21:39:40.489676+00:00,72.934,4,2,api-gateway|vets-service,False,GET,/api/vet/vets,200,1,59.605,1
2026-07-22T21:40:19.364681+00:00,dc347f5090769ffa,2026-07-22T21:39:40.990343+00:00,90.159,4,2,api-gateway|customers-service,False,GET,/api/customer/owners,200,1,85.09,1
2026-07-22T21:40:19.364681+00:00,f991f7c871512bec,2026-07-22T21:39:40.157698+00:00,25.117,3,2,visits-service|api-gateway,False,GET,/api/visit/owners/1/pets/1/visits,200,0,0.0,1
2026-07-22T21:40:19.364681+00:00,a0c1ab1fbf9d2064,2026-07-22T21:39:40.660478+00:00,85.087,4,2,api-gateway|customers-service,False,GET,/api/customer/owners,200,1,82.776,1
2026-07-22T21:40:19.364681+00:00,48e6df15847329c9,2026-07-22T21:39:40.446388+00:00,60.021,4,2,api-gateway|vets-service,False,GET,/api/vet/vets,200,1,57.912,1
2026-07-22T21:40:19.364681+00:00,80a8e1df8cac44fb,2026-07-22T21:39:40.327063+00:00,96.964,4,2,api-gateway|customers-service,False,GET,/api/customer/owners,200,1,94.92,1
2026-07-22T21:40:19.364681+00:00,658cae6e5ba005a0,2026-07-22T21:39:39.657213+00:00,77.645,4,2,api-gateway|vets-service,False,GET,/api/vet/vets,200,1,65.521,1
2026-07-22T21:40:19.364681+00:00,7651caf9f06a2451,2026-07-22T21:39:39.489499+00:00,25.977,3,2,visits-service|api-gateway,False,GET,/api/visit/owners/1/pets/1/visits,200,0,0.0,1
2026-07-22T21:40:19.364681+00:00,e7018967d92842db,2026-07-22T21:39:39.994501+00:00,109.105,4,2,api-gateway|customers-service,False,GET,/api/customer/owners,200,1,105.913,1
2026-07-22T21:40:19.364681+00:00,a6d3d00ce80a82af,2026-07-22T21:39:39.326122+00:00,34.006,4,2,api-gateway|customers-service,False,GET,/api/customer/owners/1,200,1,31.351,1
2026-07-22T21:40:19.364681+00:00,744fc723b2080ab2,2026-07-22T21:39:38.656859+00:00,82.767,4,2,api-gateway|vets-service,False,GET,/api/vet/vets,200,1,71.537,1
2026-07-22T21:40:19.364681+00:00,47dab79553d5e514,2026-07-22T21:39:39.161000+00:00,34.093,4,2,api-gateway|customers-service,False,GET,/api/customer/owners/1,200,1,31.935,1
2026-07-22T21:40:19.364681+00:00,d57ded02b2585912,2026-07-22T21:39:38.489939+00:00,25.113,3,2,visits-service|api-gateway,False,GET,/api/visit/owners/1/pets/1/visits,200,0,0.0,1
2026-07-22T21:40:19.364681+00:00,cbebad04ac8cb717,2026-07-22T21:39:38.990398+00:00,33.367,4,2,api-gateway|customers-service,False,GET,/api/customer/owners/1,200,1,27.283,1
2026-07-22T21:40:19.364681+00:00,7e2e3d696bf453eb,2026-07-22T21:39:38.826230+00:00,82.735,4,2,api-gateway|customers-service,False,GET,/api/customer/owners,200,1,80.657,1
2026-07-22T21:40:19.364681+00:00,e27b87f87cb0ee45,2026-07-22T21:39:38.396839+00:00,60.706,4,2,api-gateway|vets-service,False,GET,/api/vet/vets,200,1,58.203,1
2026-07-22T21:40:19.364681+00:00,101a9c6d8aa59c6d,2026-07-22T21:39:38.328231+00:00,36.771,4,2,api-gateway|customers-service,False,GET,/api/customer/owners/1,200,1,33.505,1
2026-07-22T21:40:19.364681+00:00,6b95021435366e34,2026-07-22T21:39:37.656177+00:00,21.308,3,2,visits-service|api-gateway,False,GET,/api/visit/owners/1/pets/1/visits,200,0,0.0,1
2026-07-22T21:40:19.364681+00:00,a1daddf75d5ca6c1,2026-07-22T21:39:38.161005+00:00,34.377,4,2,api-gateway|customers-service,False,GET,/api/customer/owners/1,200,1,31.677,1
2026-07-22T21:40:19.364681+00:00,732f7cf857952c07,2026-07-22T21:39:37.990365+00:00,46.308,4,2,api-gateway|customers-service,False,GET,/api/customer/owners/1,200,1,37.258,1
2026-07-22T21:40:19.364681+00:00,6beeab5466484af7,2026-07-22T21:39:37.494721+00:00,100.412,4,2,api-gateway|customers-service,False,GET,/api/customer/owners,200,1,97.995,1
2026-07-22T21:40:19.364681+00:00,064ae93561017462,2026-07-22T21:39:37.368690+00:00,63.078,4,2,api-gateway|vets-service,False,GET,/api/vet/vets,200,1,61.008,1
2026-07-22T21:40:19.364681+00:00,e6269e4033d42453,2026-07-22T21:39:37.325859+00:00,93.216,4,2,api-gateway|customers-service,False,GET,/api/customer/owners,200,1,91.349,1
2026-07-22T21:40:19.364681+00:00,8b10697ed7e18418,2026-07-22T21:39:37.159206+00:00,88.036,4,2,api-gateway|customers-service,False,GET,/api/customer/owners,200,1,86.109,1
2026-07-22T21:40:19.364681+00:00,4b813d3742d5e3e2,2026-07-22T21:39:37.029533+00:00,8.05,3,2,visits-service|api-gateway,False,GET,/api/visit/owners/1/pets/1/visits,200,0,0.0,1
2026-07-22T21:40:19.364681+00:00,0df6d2beb2369254,2026-07-22T21:39:36.995256+00:00,100.098,4,2,api-gateway|customers-service,False,GET,/api/customer/owners,200,1,97.031,1
2026-07-22T21:40:19.364681+00:00,38b25807612b2229,2026-07-22T21:39:36.686736+00:00,8.116,3,2,visits-service|api-gateway,False,GET,/api/visit/owners/1/pets/1/visits,200,0,0.0,1
2026-07-22T21:40:19.364681+00:00,27229cff19a0772e,2026-07-22T21:39:36.659025+00:00,88.495,4,2,api-gateway|customers-service,False,GET,/api/customer/owners,200,1,86.18,1
2026-07-22T21:40:19.364681+00:00,75b68b6c478cf818,2026-07-22T21:39:36.516530+00:00,13.847,3,2,visits-service|api-gateway,False,GET,/api/visit/owners/1/pets/1/visits,200,0,0.0,1
2026-07-22T21:40:19.364681+00:00,b3c121565ff078e6,2026-07-22T21:39:36.342212+00:00,62.471,4,2,api-gateway|vets-service,False,GET,/api/vet/vets,200,1,60.217,1
2026-07-22T21:40:19.364681+00:00,4639b9557fd16fac,2026-07-22T21:39:36.327110+00:00,44.605,4,2,api-gateway|customers-service,False,GET,/api/customer/owners/1,200,1,41.316,1
2026-07-22T21:40:19.364681+00:00,fa4cd88affcd2a79,2026-07-22T21:39:35.490832+00:00,73.301,4,2,api-gateway|vets-service,False,GET,/api/vet/vets,200,1,61.479,1
2026-07-22T21:40:19.364681+00:00,2b0fa3d34da1d9e5,2026-07-22T21:39:35.323880+00:00,71.254,4,2,api-gateway|vets-service,False,GET,/api/vet/vets,200,1,58.544,1
2026-07-22T21:40:19.364681+00:00,48187e73b3375e40,2026-07-22T21:39:35.660816+00:00,38.691,4,2,api-gateway|customers-service,False,GET,/api/customer/owners/1,200,1,36.614,1
2026-07-22T21:40:19.364681+00:00,96c61ffbba548f2c,2026-07-22T21:39:35.156784+00:00,75.088,4,2,api-gateway|vets-service,False,GET,/api/vet/vets,200,1,62.494,1
2026-07-22T21:40:19.364681+00:00,396bba8cdc1d5f4f,2026-07-22T21:39:35.483471+00:00,12.356,3,2,visits-service|api-gateway,False,GET,/api/visit/owners/1/pets/1/visits,200,0,0.0,1
2026-07-22T21:40:19.364681+00:00,84b832fc3e611723,2026-07-22T21:39:34.826008+00:00,30.202,4,2,api-gateway|customers-service,False,GET,/api/customer/owners/1,200,1,28.588,1
2026-07-22T21:40:19.364681+00:00,53d38665ce14596c,2026-07-22T21:39:34.794418+00:00,12.102,3,2,visits-service|api-gateway,False,GET,/api/visit/owners/1/pets/1/visits,200,0,0.0,1
2026-07-22T21:40:19.364681+00:00,a41185d2be1f4329,2026-07-22T21:39:34.660140+00:00,89.359,4,2,api-gateway|customers-service,False,GET,/api/customer/owners,200,1,87.046,1
2026-07-22T21:40:19.364681+00:00,65076af6a8c476fb,2026-07-22T21:39:34.494729+00:00,35.967,4,2,api-gateway|customers-service,False,GET,/api/customer/owners/1,200,1,32.355,1
2026-07-22T21:40:19.364681+00:00,ff85b20b2fefd079,2026-07-22T21:39:34.158492+00:00,34.376,4,2,api-gateway|customers-service,False,GET,/api/customer/owners/1,200,1,31.482,1
2026-07-22T21:40:19.364681+00:00,1c73276caee44177,2026-07-22T21:39:33.995588+00:00,96.924,4,2,api-gateway|customers-service,False,GET,/api/customer/owners,200,1,93.097,1
2026-07-22T21:40:19.364681+00:00,fc899fb0ee450cf2,2026-07-22T21:39:33.826725+00:00,36.47,4,2,api-gateway|customers-service,False,GET,/api/customer/owners/1,200,1,36.47,1
2026-07-22T21:40:19.364681+00:00,ad3e12f02f3100dd,2026-07-22T21:39:33.323862+00:00,73.025,4,2,api-gateway|vets-service,False,GET,/api/vet/vets,200,1,60.194,1
2026-07-22T21:40:19.364681+00:00,06708b4f45c58cd8,2026-07-22T21:39:33.661296+00:00,83.804,4,2,api-gateway|customers-service,False,GET,/api/customer/owners,200,1,81.461,1
2026-07-22T21:40:19.364681+00:00,d49ae8d7c6522f0c,2026-07-22T21:39:33.156168+00:00,62.005,4,2,api-gateway|vets-service,False,GET,/api/vet/vets,200,1,51.206,1
2026-07-22T21:40:19.364681+00:00,7246396e45a7c0e9,2026-07-22T21:39:33.494137+00:00,40.182,4,2,api-gateway|customers-service,False,GET,/api/customer/owners/1,200,1,37.18,1
2026-07-22T21:40:19.364681+00:00,1c99891057de455a,2026-07-22T21:39:33.075141+00:00,70.974,4,2,api-gateway|vets-service,False,GET,/api/vet/vets,200,1,68.538,1
2026-07-22T21:40:19.364681+00:00,434c6331e46d197e,2026-07-22T21:39:32.989814+00:00,32.189,4,2,api-gateway|customers-service,False,GET,/api/customer/owners/1,200,1,26.624,1
2026-07-22T21:40:19.364681+00:00,264e18a942436e15,2026-07-22T21:39:32.906712+00:00,9.743,3,2,visits-service|api-gateway,False,GET,/api/visit/owners/1/pets/1/visits,200,0,0.0,1
2026-07-22T21:40:19.364681+00:00,90c6b7eb838ec4e5,2026-07-22T21:39:32.827047+00:00,91.411,4,2,api-gateway|customers-service,False,GET,/api/customer/owners,200,1,89.501,1
2026-07-22T21:40:19.364681+00:00,5db1f43bfd090f0e,2026-07-22T21:39:32.562336+00:00,63.999,4,2,api-gateway|vets-service,False,GET,/api/vet/vets,200,1,61.974,1
2026-07-22T21:40:19.364681+00:00,2fef83309682c4db,2026-07-22T21:39:32.325545+00:00,29.573,4,2,api-gateway|customers-service,False,GET,/api/customer/owners/1,200,1,27.484,1
2026-07-22T21:40:19.364681+00:00,19d54cc388adcefa,2026-07-22T21:39:32.215751+00:00,63.058,4,2,api-gateway|vets-service,False,GET,/api/vet/vets,200,1,60.371,1
2026-07-22T21:40:19.364681+00:00,9701c653d6c40ce1,2026-07-22T21:39:32.044623+00:00,11.038,3,2,visits-service|api-gateway,False,GET,/api/visit/owners/1/pets/1/visits,200,0,0.0,1
2026-07-22T21:40:19.364681+00:00,1c31fd64f4245a9d,2026-07-22T21:39:31.993116+00:00,77.285,4,2,api-gateway|customers-service,False,GET,/api/customer/owners,200,1,75.407,1
2026-07-22T21:40:19.364681+00:00,7992cd01204c3bfc,2026-07-22T21:39:31.531000+00:00,11.78,3,2,visits-service|api-gateway,False,GET,/api/visit/owners/1/pets/1/visits,200,0,0.0,1
2026-07-22T21:40:19.364681+00:00,6a290f587e4e9e8b,2026-07-22T21:39:31.495070+00:00,104.791,4,2,api-gateway|customers-service,False,GET,/api/customer/owners,200,1,102.031,1
2026-07-22T21:40:19.364681+00:00,886db0c27d6d76e9,2026-07-22T21:39:31.327210+00:00,38.645,4,2,api-gateway|customers-service,False,GET,/api/customer/owners/1,200,1,35.367,1
2026-07-22T21:40:19.364681+00:00,b144bc4879abd31d,2026-07-22T21:39:31.187806+00:00,65.309,4,2,api-gateway|vets-service,False,GET,/api/vet/vets,200,1,63.024,1
2026-07-22T21:40:19.364681+00:00,b41b07ca7761b32f,2026-07-22T21:39:31.014185+00:00,11.98,3,2,visits-service|api-gateway,False,GET,/api/visit/owners/1/pets/1/visits,200,0,0.0,1
2026-07-22T21:40:19.364681+00:00,78970a3bab833820,2026-07-22T21:39:30.990092+00:00,56.262,4,2,api-gateway|customers-service,False,GET,/api/customer/owners/1,200,1,47.306,1
2026-07-22T21:40:19.364681+00:00,a845304cadd6f0f6,2026-07-22T21:39:30.844387+00:00,63.665,4,2,api-gateway|vets-service,False,GET,/api/vet/vets,200,1,61.427,1
2026-07-22T21:40:19.364681+00:00,b7eaf5623dfb86af,2026-07-22T21:39:30.327510+00:00,101.548,4,2,api-gateway|customers-service,False,GET,/api/customer/owners,200,1,98.345,1
2026-07-22T21:40:19.364681+00:00,1caab1137d71105c,2026-07-22T21:39:30.159537+00:00,29.199,4,2,api-gateway|customers-service,False,GET,/api/customer/owners/1,200,1,29.199,1
2026-07-22T21:40:19.364681+00:00,ae5d1b0c7543286b,2026-07-22T21:39:30.154184+00:00,8.256,3,2,visits-service|api-gateway,False,GET,/api/visit/owners/1/pets/1/visits,200,0,0.0,1
2026-07-22T21:40:19.364681+00:00,217a8e8659b1fcae,2026-07-22T21:39:29.989991+00:00,34.934,4,2,api-gateway|customers-service,False,GET,/api/customer/owners/1,200,1,29.601,1
2026-07-22T21:40:19.364681+00:00,bfbe50cac1ab7031,2026-07-22T21:39:29.810438+00:00,13.448,3,2,visits-service|api-gateway,False,GET,/api/visit/owners/1/pets/1/visits,200,0,0.0,1
2026-07-22T21:40:19.364681+00:00,2958b03baac3b15b,2026-07-22T21:39:29.659666+00:00,102.844,4,2,api-gateway|customers-service,False,GET,/api/customer/owners,200,1,100.543,1
2026-07-22T21:40:19.364681+00:00,33cd62ead098679a,2026-07-22T21:39:29.638399+00:00,66.274,4,2,api-gateway|vets-service,False,GET,/api/vet/vets,200,1,64.046,1
2026-07-22T21:40:19.364681+00:00,7806234aa0f46ec4,2026-07-22T21:39:29.469261+00:00,58.55,4,2,api-gateway|vets-service,False,GET,/api/vet/vets,200,1,56.198,1
2026-07-22T21:40:19.364681+00:00,c1659b2f9b7495e1,2026-07-22T21:39:29.299767+00:00,61.144,4,2,api-gateway|vets-service,False,GET,/api/vet/vets,200,1,59.133,1
2026-07-22T21:40:19.364681+00:00,a54e2ff1ff003468,2026-07-22T21:39:29.123993+00:00,73.054,4,2,api-gateway|vets-service,False,GET,/api/vet/vets,200,1,70.611,1
2026-07-22T21:40:19.364681+00:00,c66ff414a0d2f15c,2026-07-22T21:39:28.954008+00:00,8.101,3,2,visits-service|api-gateway,False,GET,/api/visit/owners/1/pets/1/visits,200,0,0.0,1
2026-07-22T21:40:19.364681+00:00,04d13346378b671e,2026-07-22T21:39:28.779050+00:00,12.303,3,2,visits-service|api-gateway,False,GET,/api/visit/owners/1/pets/1/visits,200,0,0.0,1
2026-07-22T21:40:19.364681+00:00,fb60dc6f427f1f6a,2026-07-22T21:39:28.326565+00:00,91.768,4,2,api-gateway|customers-service,False,GET,/api/customer/owners,200,1,90.042,1
2026-07-22T21:40:19.364681+00:00,59dbef2f648c2a46,2026-07-22T21:39:28.158238+00:00,85.372,4,2,api-gateway|customers-service,False,GET,/api/customer/owners,200,1,83.743,1
2026-07-22T21:40:19.364681+00:00,3badb9fb22e9d373,2026-07-22T21:39:27.994958+00:00,107.224,4,2,api-gateway|customers-service,False,GET,/api/customer/owners,200,1,104.563,1
2026-07-22T21:40:19.364681+00:00,464264b8284a8506,2026-07-22T21:39:27.826239+00:00,31.923,4,2,api-gateway|customers-service,False,GET,/api/customer/owners/1,200,1,30.082,1
2026-07-22T21:40:19.364681+00:00,af6630789ed4e875,2026-07-22T21:39:27.659643+00:00,91.223,4,2,api-gateway|customers-service,False,GET,/api/customer/owners,200,1,89.321,1
2026-07-22T21:40:19.364681+00:00,c9db6d88cc743430,2026-07-22T21:39:27.492779+00:00,88.278,4,2,api-gateway|customers-service,False,GET,/api/customer/owners,200,1,86.318,1
2026-07-22T21:40:19.364681+00:00,a5ef6a53eae9da46,2026-07-22T21:39:27.327328+00:00,90.015,4,2,api-gateway|customers-service,False,GET,/api/customer/owners,200,1,87.483,1
2026-07-22T21:40:19.364681+00:00,be134e6c70c744f6,2026-07-22T21:39:26.990162+00:00,78.078,4,2,api-gateway|vets-service,False,GET,/api/vet/vets,200,1,65.519,1
2026-07-22T21:40:19.364681+00:00,75dc80a9d81b9a60,2026-07-22T21:39:27.161164+00:00,44.679,4,2,api-gateway|customers-service,False,GET,/api/customer/owners/1,200,1,41.324,1
2026-07-22T21:40:19.364681+00:00,e599c3cea5a9af97,2026-07-22T21:39:27.072242+00:00,8.218,3,2,visits-service|api-gateway,False,GET,/api/visit/owners/1/pets/1/visits,200,0,0.0,1
2026-07-22T21:40:19.364681+00:00,91f2a7feeb5407af,2026-07-22T21:39:26.899800+00:00,11.816,3,2,visits-service|api-gateway,False,GET,/api/visit/owners/1/pets/1/visits,200,0,0.0,1
2026-07-22T21:40:19.364681+00:00,3aae5864feca5876,2026-07-22T21:39:26.730418+00:00,54.799,4,2,api-gateway|vets-service,False,GET,/api/vet/vets,200,1,52.937,1
2026-07-22T21:40:19.364681+00:00,954aa83aacf8d365,2026-07-22T21:39:26.559398+00:00,65.196,4,2,api-gateway|vets-service,False,GET,/api/vet/vets,200,1,62.954,1
2026-07-22T21:40:19.364681+00:00,6921820a443c921d,2026-07-22T21:39:26.160797+00:00,93.17,4,2,api-gateway|customers-service,False,GET,/api/customer/owners,200,1,90.895,1
2026-07-22T21:40:19.364681+00:00,50c6cbf1bc46b2f2,2026-07-22T21:39:26.048921+00:00,12.919,3,2,visits-service|api-gateway,False,GET,/api/visit/owners/1/pets/1/visits,200,0,0.0,1
2026-07-22T21:40:19.364681+00:00,fc2529f8b994e73c,2026-07-22T21:39:25.995422+00:00,41.052,4,2,api-gateway|customers-service,False,GET,/api/customer/owners/1,200,1,37.961,1
2026-07-22T21:40:19.364681+00:00,dbb30e007c066fbc,2026-07-22T21:39:25.708252+00:00,63.425,4,2,api-gateway|vets-service,False,GET,/api/vet/vets,200,1,61.13,1
2026-07-22T21:40:19.364681+00:00,ae8d327e02acfdc1,2026-07-22T21:39:25.660150+00:00,98.282,4,2,api-gateway|customers-service,False,GET,/api/customer/owners,200,1,95.7,1
2026-07-22T21:40:19.364681+00:00,f3260c9d2b9a2672,2026-07-22T21:39:25.538172+00:00,55.798,4,2,api-gateway|vets-service,False,GET,/api/vet/vets,200,1,53.507,1
2026-07-22T21:40:19.364681+00:00,e1a9c34754d587cb,2026-07-22T21:39:25.367188+00:00,11.706,3,2,visits-service|api-gateway,False,GET,/api/visit/owners/1/pets/1/visits,200,0,0.0,1
2026-07-22T21:40:19.364681+00:00,76efb6874711fccf,2026-07-22T21:39:24.990161+00:00,79.205,4,2,api-gateway|vets-service,False,GET,/api/vet/vets,200,1,65.751,1
2026-07-22T21:40:19.364681+00:00,b302e705b6b1c0ce,2026-07-22T21:39:24.827043+00:00,29.163,4,2,api-gateway|customers-service,False,GET,/api/customer/owners/1,200,1,27.192,1
2026-07-22T21:40:19.364681+00:00,bf44d5132224a18e,2026-07-22T21:39:24.659504+00:00,72.944,4,2,api-gateway|customers-service,False,GET,/api/customer/owners,200,1,70.634,1
2026-07-22T21:40:19.364681+00:00,c1ee4cb4a099ecab,2026-07-22T21:39:24.492242+00:00,68.836,4,2,api-gateway|customers-service,False,GET,/api/customer/owners,200,1,66.841,1
2026-07-22T21:40:19.364681+00:00,3f3b10670198e51d,2026-07-22T21:39:24.344195+00:00,7.857,3,2,visits-service|api-gateway,False,GET,/api/visit/owners/1/pets/1/visits,200,0,0.0,1
2026-07-22T21:40:19.364681+00:00,8acdff150eabb30d,2026-07-22T21:39:24.326015+00:00,84.059,4,2,api-gateway|customers-service,False,GET,/api/customer/owners,200,1,81.84,1
2026-07-22T21:40:19.364681+00:00,deaed8c0fe8df4e9,2026-07-22T21:39:24.002731+00:00,12.079,3,2,visits-service|api-gateway,False,GET,/api/visit/owners/1/pets/1/visits,200,0,0.0,1
2026-07-22T21:40:19.364681+00:00,1bd57c11633c9e7e,2026-07-22T21:39:23.995635+00:00,44.553,4,2,api-gateway|customers-service,False,GET,/api/customer/owners/1,200,1,41.492,1
2026-07-22T21:40:19.364681+00:00,78a7b1a9074d25a6,2026-07-22T21:39:23.660247+00:00,32.975,4,2,api-gateway|customers-service,False,GET,/api/customer/owners/1,200,1,30.482,1
2026-07-22T21:40:19.364681+00:00,daaea7faf626aec8,2026-07-22T21:39:23.501648+00:00,86.792,4,2,api-gateway|customers-service,False,GET,/api/customer/owners,200,1,84.586,1
2026-07-22T21:40:19.364681+00:00,e9e79ce0d2e707d2,2026-07-22T21:39:23.491951+00:00,62.128,4,2,api-gateway|vets-service,False,GET,/api/vet/vets,200,1,60.036,1
2026-07-22T21:40:19.364681+00:00,6b646ff2ad2350bb,2026-07-22T21:39:23.318128+00:00,60.447,4,2,api-gateway|vets-service,False,GET,/api/vet/vets,200,1,58.778,1
2026-07-22T21:40:19.364681+00:00,7b10eb110497d0d5,2026-07-22T21:39:22.993634+00:00,33.191,4,2,api-gateway|customers-service,False,GET,/api/customer/owners/1,200,1,30.8,1
2026-07-22T21:40:19.364681+00:00,16b3c0bc785c8af7,2026-07-22T21:39:22.824013+00:00,111.302,4,2,api-gateway|customers-service,False,GET,/api/customer/owners,200,1,103.675,1
2026-07-22T21:40:19.364681+00:00,ab36553d86934ab0,2026-07-22T21:39:22.807965+00:00,15.618,3,2,visits-service|api-gateway,False,GET,/api/visit/owners/1/pets/1/visits,200,0,0.0,1
2026-07-22T21:40:19.364681+00:00,d42d4cc34ce3ea0f,2026-07-22T21:39:22.638833+00:00,48.559,4,2,api-gateway|vets-service,False,GET,/api/vet/vets,200,1,46.852,1
2026-07-22T21:40:19.364681+00:00,c7988758c8700868,2026-07-22T21:39:22.326720+00:00,29.24,4,2,api-gateway|customers-service,False,GET,/api/customer/owners/1,200,1,29.24,1
2026-07-22T21:40:19.364681+00:00,10dd6bc71163bf00,2026-07-22T21:39:22.295653+00:00,8.293,3,2,visits-service|api-gateway,False,GET,/api/visit/owners/1/pets/1/visits,200,0,0.0,1
2026-07-22T21:40:19.364681+00:00,4e3123b0243e55f3,2026-07-22T21:39:21.990004+00:00,79.268,4,2,api-gateway|vets-service,False,GET,/api/vet/vets,200,1,64.398,1
2026-07-22T21:40:19.364681+00:00,6b2600b1f214e9fa,2026-07-22T21:39:21.823111+00:00,88.138,4,2,api-gateway|customers-service,False,GET,/api/customer/owners,200,1,82.568,1
2026-07-22T21:40:19.364681+00:00,108c93b78b356573,2026-07-22T21:39:21.819029+00:00,11.175,3,2,visits-service|api-gateway,False,GET,/api/visit/owners/1/pets/1/visits,200,0,0.0,1
2026-07-22T21:40:19.364681+00:00,40a6afe07b80ea63,2026-07-22T21:39:21.493259+00:00,33.921,4,2,api-gateway|customers-service,False,GET,/api/customer/owners/1,200,1,32.079,1
2026-07-22T21:40:19.364681+00:00,5acbbb471eed88eb,2026-07-22T21:39:21.326024+00:00,85.081,4,2,api-gateway|customers-service,False,GET,/api/customer/owners,200,1,83.262,1
2026-07-22T21:40:19.364681+00:00,f6b56d1c48589c9e,2026-07-22T21:39:21.160025+00:00,76.824,4,2,api-gateway|customers-service,False,GET,/api/customer/owners,200,1,74.484,1
2026-07-22T21:40:19.364681+00:00,050340fd4a7c948a,2026-07-22T21:39:20.994895+00:00,35.712,4,2,api-gateway|customers-service,False,GET,/api/customer/owners/1,200,1,32.36,1
2026-07-22T21:40:19.364681+00:00,628c9587babe9b55,2026-07-22T21:39:20.932290+00:00,65.517,4,2,api-gateway|vets-service,False,GET,/api/vet/vets,200,1,63.217,1
2026-07-22T21:40:19.364681+00:00,8af035db9f470315,2026-07-22T21:39:20.659168+00:00,83.28,4,2,api-gateway|customers-service,False,GET,/api/customer/owners,200,1,81.637,1
2026-07-22T21:40:19.364681+00:00,b768be159067e95d,2026-07-22T21:39:20.494543+00:00,79.852,4,2,api-gateway|customers-service,False,GET,/api/customer/owners,200,1,76.466,1
2026-07-22T21:40:19.364681+00:00,1de8d2e06080151a,2026-07-22T21:39:20.323011+00:00,18.065,3,2,visits-service|api-gateway,False,GET,/api/visit/owners/1/pets/1/visits,200,0,0.0,1
2026-07-22T21:40:19.364681+00:00,222ea547d04e3131,2026-07-22T21:39:20.161207+00:00,31.549,4,2,api-gateway|customers-service,False,GET,/api/customer/owners/1,200,1,31.549,1
2026-07-22T21:40:19.364681+00:00,e9acd5571a0f05ee,2026-07-22T21:39:19.990444+00:00,27.386,3,2,visits-service|api-gateway,False,GET,/api/visit/owners/1/pets/1/visits,200,0,0.0,1
2026-07-22T21:40:19.364681+00:00,dc796ddc1be9799a,2026-07-22T21:40:19.728108+00:00,16.534,1,1,visits-service,False,,,200,0,0.0,0
