collected_at,trace_id,start_timestamp,total_duration_ms,spans_count,unique_services_count,services_list,has_error,root_http_method,root_http_path,root_http_status,db_query_count,db_total_duration_ms,internal_calls_count
2026-07-22T21:47:46.330374+00:00,d8a4901bd810b1fb,2026-07-22T21:46:42.726092+00:00,69.16,4,2,api-gateway|vets-service,False,GET,/api/vet/vets,200,1,57.29,1
2026-07-22T21:47:46.330374+00:00,f9fc4c69c3c769d2,2026-07-22T21:46:42.557871+00:00,22.677,3,2,visits-service|api-gateway,False,GET,/api/visit/owners/1/pets/1/visits,200,0,0.0,1
2026-07-22T21:47:46.330374+00:00,484051b86e156021,2026-07-22T21:46:42.525599+00:00,67.774,4,2,api-gateway|vets-service,False,GET,/api/vet/vets,200,1,65.976,1
2026-07-22T21:47:46.330374+00:00,55927a8c183fc6d3,2026-07-22T21:46:42.391109+00:00,111.026,4,2,customers-service|api-gateway,False,GET,/api/customer/owners,200,1,104.187,1
2026-07-22T21:47:46.330374+00:00,022b9745362bdab9,2026-07-22T21:46:42.060424+00:00,80.153,4,2,customers-service|api-gateway,False,GET,/api/customer/owners,200,1,78.781,1
2026-07-22T21:47:46.330374+00:00,f717d0d58c91e3a9,2026-07-22T21:46:42.009845+00:00,16.297,3,2,visits-service|api-gateway,False,GET,/api/visit/owners/1/pets/1/visits,200,0,0.0,1
2026-07-22T21:47:46.330374+00:00,8d035f7b0d8782c9,2026-07-22T21:46:41.894520+00:00,27.124,4,2,customers-service|api-gateway,False,GET,/api/customer/owners/1,200,1,27.124,1
2026-07-22T21:47:46.330374+00:00,f281a07d540374e3,2026-07-22T21:46:41.557897+00:00,74.864,4,2,api-gateway|vets-service,False,GET,/api/vet/vets,200,1,63.601,1
2026-07-22T21:47:46.330374+00:00,43eedc247a7b15a1,2026-07-22T21:46:41.393980+00:00,39.295,4,2,customers-service|api-gateway,False,GET,/api/customer/owners/1,200,1,34.775,1
2026-07-22T21:47:46.330374+00:00,d99ab53e74901752,2026-07-22T21:46:41.320748+00:00,12.59,3,2,visits-service|api-gateway,False,GET,/api/visit/owners/1/pets/1/visits,200,0,0.0,1
2026-07-22T21:47:46.330374+00:00,93f2f02ee5c75b35,2026-07-22T21:46:41.227129+00:00,86.439,4,2,customers-service|api-gateway,False,GET,/api/customer/owners,200,1,84.788,1
2026-07-22T21:47:46.330374+00:00,027872a1cfadc239,2026-07-22T21:46:40.893983+00:00,73.779,4,2,customers-service|api-gateway,False,GET,/api/customer/owners,200,1,72.467,1
2026-07-22T21:47:46.330374+00:00,899487adc95970ab,2026-07-22T21:46:40.557961+00:00,19.91,3,2,visits-service|api-gateway,False,GET,/api/visit/owners/1/pets/1/visits,200,0,0.0,1
2026-07-22T21:47:46.330374+00:00,85d99f3c72157a00,2026-07-22T21:46:40.724829+00:00,45.547,4,2,customers-service|api-gateway,False,GET,/api/customer/owners/1,200,1,37.942,1
2026-07-22T21:47:46.330374+00:00,00d72670205ed62e,2026-07-22T21:46:40.391934+00:00,26.013,3,2,visits-service|api-gateway,False,GET,/api/visit/owners/1/pets/1/visits,200,0,0.0,1
2026-07-22T21:47:46.330374+00:00,f2c7315be512b60a,2026-07-22T21:46:40.227454+00:00,25.818,4,2,customers-service|api-gateway,False,GET,/api/customer/owners/1,200,1,25.818,1
2026-07-22T21:47:46.330374+00:00,6679d61e26cf5220,2026-07-22T21:46:40.115829+00:00,61.19,4,2,api-gateway|vets-service,False,GET,/api/vet/vets,200,1,59.303,1
2026-07-22T21:47:46.330374+00:00,906e06fdd32ce752,2026-07-22T21:46:40.062294+00:00,77.973,4,2,customers-service|api-gateway,False,GET,/api/customer/owners,200,1,75.607,1
2026-07-22T21:47:46.330374+00:00,d984a25297c71dcc,2026-07-22T21:46:39.724566+00:00,93.336,4,2,customers-service|api-gateway,False,GET,/api/customer/owners,200,1,88.995,1
2026-07-22T21:47:46.330374+00:00,8795f90265724aac,2026-07-22T21:46:39.557453+00:00,84.001,4,2,customers-service|api-gateway,False,GET,/api/customer/owners,200,1,79.386,1
2026-07-22T21:47:46.330374+00:00,aefb6741ae2cfb4c,2026-07-22T21:46:39.391691+00:00,94.93,4,2,customers-service|api-gateway,False,GET,/api/customer/owners,200,1,88.784,1
2026-07-22T21:47:46.330374+00:00,456171b0eb27a8b5,2026-07-22T21:46:39.226006+00:00,109.527,4,2,customers-service|api-gateway,False,GET,/api/customer/owners,200,1,102.743,1
2026-07-22T21:47:46.330374+00:00,356d2798836dec59,2026-07-22T21:46:39.085452+00:00,58.383,4,2,api-gateway|vets-service,False,GET,/api/vet/vets,200,1,56.887,1
2026-07-22T21:47:46.330374+00:00,54fff628a5c65e68,2026-07-22T21:46:39.061279+00:00,36.112,4,2,customers-service|api-gateway,False,GET,/api/customer/owners/1,200,1,34.56,1
2026-07-22T21:47:46.330374+00:00,5272aa03719314ec,2026-07-22T21:46:38.559048+00:00,66.724,4,2,api-gateway|vets-service,False,GET,/api/vet/vets,200,1,51.73,1
2026-07-22T21:47:46.330374+00:00,a0fc8fc43ccd4d3f,2026-07-22T21:46:38.724138+00:00,97.187,4,2,customers-service|api-gateway,False,GET,/api/customer/owners,200,1,92.488,1
2026-07-22T21:47:46.330374+00:00,8cca8fa160f172d4,2026-07-22T21:46:38.391874+00:00,74.359,4,2,api-gateway|vets-service,False,GET,/api/vet/vets,200,1,62.116,1
2026-07-22T21:47:46.330374+00:00,1057b3b3fce6f0b5,2026-07-22T21:46:38.396645+00:00,67.925,4,2,api-gateway|vets-service,False,GET,/api/vet/vets,200,1,65.907,1
2026-07-22T21:47:46.330374+00:00,b6cd37d6436d9e38,2026-07-22T21:46:38.225036+00:00,70.268,4,2,api-gateway|vets-service,False,GET,/api/vet/vets,200,1,68.542,1
2026-07-22T21:47:46.330374+00:00,3d0cf5884cadcda9,2026-07-22T21:46:38.052631+00:00,60.892,4,2,api-gateway|vets-service,False,GET,/api/vet/vets,200,1,59.183,1
2026-07-22T21:47:46.330374+00:00,f5a09bb55d9b1a45,2026-07-22T21:46:37.724319+00:00,45.526,4,2,customers-service|api-gateway,False,GET,/api/customer/owners/1,200,1,39.453,1
2026-07-22T21:47:46.330374+00:00,4c412816b4b2b75c,2026-07-22T21:46:37.557973+00:00,70.637,4,2,api-gateway|vets-service,False,GET,/api/vet/vets,200,1,59.535,1
2026-07-22T21:47:46.330374+00:00,e0d2ef371fd8a101,2026-07-22T21:46:37.390971+00:00,19.262,3,2,visits-service|api-gateway,False,GET,/api/visit/owners/1/pets/1/visits,200,0,0.0,1
2026-07-22T21:47:46.330374+00:00,4bc821ab38d1499a,2026-07-22T21:46:37.224968+00:00,82.359,4,2,api-gateway|vets-service,False,GET,/api/vet/vets,200,1,70.129,1
2026-07-22T21:47:46.330374+00:00,c1d21ba6b3c44912,2026-07-22T21:46:37.198411+00:00,15.193,3,2,visits-service|api-gateway,False,GET,/api/visit/owners/1/pets/1/visits,200,0,0.0,1
2026-07-22T21:47:46.330374+00:00,f56ae1bc9c41ab44,2026-07-22T21:46:36.894995+00:00,99.696,4,2,customers-service|api-gateway,False,GET,/api/customer/owners,200,1,97.571,1
2026-07-22T21:47:46.330374+00:00,9d29090cb18ef94a,2026-07-22T21:46:36.725058+00:00,49.932,4,2,customers-service|api-gateway,False,GET,/api/customer/owners/1,200,1,43.245,1
2026-07-22T21:47:46.330374+00:00,68da1da0a61f1928,2026-07-22T21:46:36.557094+00:00,77.5,4,2,api-gateway|vets-service,False,GET,/api/vet/vets,200,1,67.645,1
2026-07-22T21:47:46.330374+00:00,74f131de2a60a220,2026-07-22T21:46:36.391858+00:00,96.626,4,2,customers-service|api-gateway,False,GET,/api/customer/owners,200,1,91.074,1
2026-07-22T21:47:46.330374+00:00,0a5a15182fca67f6,2026-07-22T21:46:36.329434+00:00,6.108,3,2,visits-service|api-gateway,False,GET,/api/visit/owners/1/pets/1/visits,200,0,0.0,1
2026-07-22T21:47:46.330374+00:00,10fa45d5cdcb4691,2026-07-22T21:46:36.060427+00:00,31.215,4,2,customers-service|api-gateway,False,GET,/api/customer/owners/1,200,1,28.934,1
2026-07-22T21:47:46.330374+00:00,fa029c58a5cb9839,2026-07-22T21:46:35.986667+00:00,7.89,3,2,visits-service|api-gateway,False,GET,/api/visit/owners/1/pets/1/visits,200,0,0.0,1
2026-07-22T21:47:46.330374+00:00,502e680377031c44,2026-07-22T21:46:35.725057+00:00,72.29,4,2,api-gateway|vets-service,False,GET,/api/vet/vets,200,1,61.001,1
2026-07-22T21:47:46.330374+00:00,816b367077910c49,2026-07-22T21:46:35.557744+00:00,20.005,3,2,visits-service|api-gateway,False,GET,/api/visit/owners/1/pets/1/visits,200,0,0.0,1
2026-07-22T21:47:46.330374+00:00,27ffdeeaa0338928,2026-07-22T21:46:35.391348+00:00,84.891,4,2,customers-service|api-gateway,False,GET,/api/customer/owners,200,1,80.422,1
2026-07-22T21:47:46.330374+00:00,60dd493a26591d77,2026-07-22T21:46:35.300379+00:00,7.882,3,2,visits-service|api-gateway,False,GET,/api/visit/owners/1/pets/1/visits,200,0,0.0,1
2026-07-22T21:47:46.330374+00:00,0d6294dd590bace5,2026-07-22T21:46:35.060629+00:00,78.816,4,2,customers-service|api-gateway,False,GET,/api/customer/owners,200,1,76.999,1
2026-07-22T21:47:46.330374+00:00,1b4f6571536f4273,2026-07-22T21:46:34.958766+00:00,10.756,3,2,visits-service|api-gateway,False,GET,/api/visit/owners/1/pets/1/visits,200,0,0.0,1
2026-07-22T21:47:46.330374+00:00,d3ccf2cd9736425b,2026-07-22T21:46:34.724452+00:00,20.388,3,2,visits-service|api-gateway,False,GET,/api/visit/owners/1/pets/1/visits,200,0,0.0,1
2026-07-22T21:47:46.330374+00:00,c6a4f64a3c5066a9,2026-07-22T21:46:34.557454+00:00,34.682,4,2,customers-service|api-gateway,False,GET,/api/customer/owners/1,200,1,30.85,1
2026-07-22T21:47:46.330374+00:00,b6e8b8d667991319,2026-07-22T21:46:34.391946+00:00,19.568,3,2,visits-service|api-gateway,False,GET,/api/visit/owners/1/pets/1/visits,200,0,0.0,1
2026-07-22T21:47:46.330374+00:00,980456682586747f,2026-07-22T21:46:34.273346+00:00,11.412,3,2,visits-service|api-gateway,False,GET,/api/visit/owners/1/pets/1/visits,200,0,0.0,1
2026-07-22T21:47:46.330374+00:00,1ba9fad53303a395,2026-07-22T21:46:34.088820+00:00,92.933,4,2,customers-service|api-gateway,False,GET,/api/customer/owners,200,1,90.57,1
2026-07-22T21:47:46.330374+00:00,5b8a13348ee60299,2026-07-22T21:46:33.893603+00:00,40.051,4,2,customers-service|api-gateway,False,GET,/api/customer/owners/1,200,1,34.887,1
2026-07-22T21:47:46.330374+00:00,40d0aba6f6a278f5,2026-07-22T21:46:33.725324+00:00,83.601,4,2,api-gateway|vets-service,False,GET,/api/vet/vets,200,1,68.726,1
2026-07-22T21:47:46.330374+00:00,1dc9b6b94369b1a8,2026-07-22T21:46:33.558378+00:00,105.258,4,2,customers-service|api-gateway,False,GET,/api/customer/owners,200,1,97.886,1
2026-07-22T21:47:46.330374+00:00,270eeeee68b48653,2026-07-22T21:46:33.391868+00:00,109.455,4,2,customers-service|api-gateway,False,GET,/api/customer/owners,200,1,101.84,1
2026-07-22T21:47:46.330374+00:00,9df55e9f1d681021,2026-07-22T21:46:33.228665+00:00,43.042,4,2,customers-service|api-gateway,False,GET,/api/customer/owners/1,200,1,40.8,1
2026-07-22T21:47:46.330374+00:00,fb237518c57a986b,2026-07-22T21:46:33.060895+00:00,109.661,4,2,customers-service|api-gateway,False,GET,/api/customer/owners,200,1,107.266,1
2026-07-22T21:47:46.330374+00:00,43088fb7f666e224,2026-07-22T21:46:32.892118+00:00,104.493,4,2,customers-service|api-gateway,False,GET,/api/customer/owners,200,1,97.507,1
2026-07-22T21:47:46.330374+00:00,edff784a00a8a81f,2026-07-22T21:46:32.725322+00:00,21.715,3,2,visits-service|api-gateway,False,GET,/api/visit/owners/1/pets/1/visits,200,0,0.0,1
2026-07-22T21:47:46.330374+00:00,6faae25e3d168128,2026-07-22T21:46:32.558228+00:00,18.734,3,2,visits-service|api-gateway,False,GET,/api/visit/owners/1/pets/1/visits,200,0,0.0,1
2026-07-22T21:47:46.330374+00:00,808f628ef4556477,2026-07-22T21:46:32.391738+00:00,70.696,4,2,api-gateway|vets-service,False,GET,/api/vet/vets,200,1,57.384,1
2026-07-22T21:47:46.330374+00:00,78a11c89d46dbe7f,2026-07-22T21:46:32.263233+00:00,8.337,3,2,visits-service|api-gateway,False,GET,/api/visit/owners/1/pets/1/visits,200,0,0.0,1
2026-07-22T21:47:46.330374+00:00,36fff6bfa6e07e5e,2026-07-22T21:46:32.060360+00:00,31.21,4,2,customers-service|api-gateway,False,GET,/api/customer/owners/1,200,1,29.735,1
2026-07-22T21:47:46.330374+00:00,3acccbdb77039ff2,2026-07-22T21:46:31.891844+00:00,46.758,4,2,customers-service|api-gateway,False,GET,/api/customer/owners/1,200,1,38.215,1
2026-07-22T21:47:46.330374+00:00,424982c3f58f5387,2026-07-22T21:46:31.725081+00:00,17.787,3,2,visits-service|api-gateway,False,GET,/api/visit/owners/1/pets/1/visits,200,0,0.0,1
2026-07-22T21:47:46.330374+00:00,26a36f91d42449f7,2026-07-22T21:46:31.557707+00:00,15.006,3,2,visits-service|api-gateway,False,GET,/api/visit/owners/1/pets/1/visits,200,0,0.0,1
2026-07-22T21:47:46.330374+00:00,78785bbbc1f7864f,2026-07-22T21:46:31.392106+00:00,95.056,4,2,customers-service|api-gateway,False,GET,/api/customer/owners,200,1,88.281,1
2026-07-22T21:47:46.330374+00:00,fd2e1e7208920e44,2026-07-22T21:46:31.265457+00:00,7.773,3,2,visits-service|api-gateway,False,GET,/api/visit/owners/1/pets/1/visits,200,0,0.0,1
2026-07-22T21:47:46.330374+00:00,0cb6374b654c08db,2026-07-22T21:46:31.093913+00:00,11.606,3,2,visits-service|api-gateway,False,GET,/api/visit/owners/1/pets/1/visits,200,0,0.0,1
2026-07-22T21:47:46.330374+00:00,1531aed58d8fe854,2026-07-22T21:46:30.891309+00:00,80.102,4,2,api-gateway|vets-service,False,GET,/api/vet/vets,200,1,64.333,1
2026-07-22T21:47:46.330374+00:00,b002d873995d342f,2026-07-22T21:46:30.724390+00:00,81.229,4,2,api-gateway|vets-service,False,GET,/api/vet/vets,200,1,69.156,1
2026-07-22T21:47:46.330374+00:00,9c40fbc6971a524e,2026-07-22T21:46:30.558199+00:00,85.807,4,2,customers-service|api-gateway,False,GET,/api/customer/owners,200,1,81.019,1
2026-07-22T21:47:46.330374+00:00,b836d53d8b530a65,2026-07-22T21:46:30.393595+00:00,96.836,4,2,customers-service|api-gateway,False,GET,/api/customer/owners,200,1,93.222,1
2026-07-22T21:47:46.330374+00:00,c514dc29e134477c,2026-07-22T21:46:30.224965+00:00,78.193,4,2,customers-service|api-gateway,False,GET,/api/customer/owners,200,1,73.998,1
2026-07-22T21:47:46.330374+00:00,bc67401b6d43796b,2026-07-22T21:46:30.060247+00:00,88.089,4,2,customers-service|api-gateway,False,GET,/api/customer/owners,200,1,86.009,1
2026-07-22T21:47:46.330374+00:00,3c709ef91027c4e0,2026-07-22T21:46:29.948476+00:00,11.433,3,2,visits-service|api-gateway,False,GET,/api/visit/owners/1/pets/1/visits,200,0,0.0,1
2026-07-22T21:47:46.330374+00:00,89a10caa03740429,2026-07-22T21:46:29.724699+00:00,112.869,4,2,customers-service|api-gateway,False,GET,/api/customer/owners,200,1,105.291,1
2026-07-22T21:47:46.330374+00:00,3196168370f9d27c,2026-07-22T21:46:29.557704+00:00,25.677,3,2,visits-service|api-gateway,False,GET,/api/visit/owners/1/pets/1/visits,200,0,0.0,1
2026-07-22T21:47:46.330374+00:00,141d49e27ca380f7,2026-07-22T21:46:29.391792+00:00,77.834,4,2,api-gateway|vets-service,False,GET,/api/vet/vets,200,1,63.557,1
2026-07-22T21:47:46.330374+00:00,5eb3acf227bb932c,2026-07-22T21:46:29.224331+00:00,86.074,4,2,api-gateway|vets-service,False,GET,/api/vet/vets,200,1,71.572,1
2026-07-22T21:47:46.330374+00:00,9d6e9b8856150096,2026-07-22T21:46:29.062453+00:00,37.996,4,2,customers-service|api-gateway,False,GET,/api/customer/owners/1,200,1,35.528,1
2026-07-22T21:47:46.330374+00:00,62d5fcaa77267e41,2026-07-22T21:46:28.893649+00:00,51.699,4,2,customers-service|api-gateway,False,GET,/api/customer/owners/1,200,1,47.132,1
2026-07-22T21:47:46.330374+00:00,5b1d054ab1fc01ce,2026-07-22T21:46:28.724556+00:00,20.568,3,2,visits-service|api-gateway,False,GET,/api/visit/owners/1/pets/1/visits,200,0,0.0,1
2026-07-22T21:47:46.330374+00:00,df7be8adbf860ec7,2026-07-22T21:46:28.558685+00:00,72.788,4,2,api-gateway|vets-service,False,GET,/api/vet/vets,200,1,58.987,1
2026-07-22T21:47:46.330374+00:00,2ffce19c71b55773,2026-07-22T21:46:28.391858+00:00,84.059,4,2,api-gateway|vets-service,False,GET,/api/vet/vets,200,1,69.593,1
2026-07-22T21:47:46.330374+00:00,96f1ddf0cb360f59,2026-07-22T21:46:28.257533+00:00,7.809,3,2,visits-service|api-gateway,False,GET,/api/visit/owners/1/pets/1/visits,200,0,0.0,1
2026-07-22T21:47:46.330374+00:00,c51506c853b0f2f2,2026-07-22T21:46:28.058546+00:00,24.002,3,2,visits-service|api-gateway,False,GET,/api/visit/owners/1/pets/1/visits,200,0,0.0,1
2026-07-22T21:47:46.330374+00:00,f7facb5db8aa5056,2026-07-22T21:46:27.895837+00:00,101.046,4,2,customers-service|api-gateway,False,GET,/api/customer/owners,200,1,99.148,1
2026-07-22T21:47:46.330374+00:00,ddfdab3e1c9a3093,2026-07-22T21:46:27.728551+00:00,45.896,4,2,customers-service|api-gateway,False,GET,/api/customer/owners/1,200,1,41.29,1
2026-07-22T21:47:46.330374+00:00,2021c91e28a49392,2026-07-22T21:46:27.558292+00:00,35.385,4,2,customers-service|api-gateway,False,GET,/api/customer/owners/1,200,1,29.519,1
2026-07-22T21:47:46.330374+00:00,f45366f69b93ddcc,2026-07-22T21:46:27.391002+00:00,23.491,3,2,visits-service|api-gateway,False,GET,/api/visit/owners/1/pets/1/visits,200,0,0.0,1
2026-07-22T21:47:46.330374+00:00,39405f009f99cd00,2026-07-22T21:46:27.225449+00:00,99.279,4,2,customers-service|api-gateway,False,GET,/api/customer/owners,200,1,92.813,1
2026-07-22T21:47:46.330374+00:00,15e2b09cd036da82,2026-07-22T21:46:27.074611+00:00,65.275,4,2,api-gateway|vets-service,False,GET,/api/vet/vets,200,1,63.336,1
2026-07-22T21:47:46.330374+00:00,07c9d79fdf2f24c5,2026-07-22T21:46:25.785331+00:00,76.931,4,2,api-gateway|vets-service,False,GET,/api/vet/vets,200,1,63.745,1
2026-07-22T21:47:46.330374+00:00,40ccc1b60699ae0e,2026-07-22T21:46:25.618738+00:00,22.515,3,2,visits-service|api-gateway,False,GET,/api/visit/owners/1/pets/1/visits,200,0,0.0,1
2026-07-22T21:47:46.330374+00:00,ff4dc82da49e9b90,2026-07-22T21:46:25.952083+00:00,40.856,4,2,customers-service|api-gateway,False,GET,/api/customer/owners/1,200,1,34.596,1
2026-07-22T21:47:46.330374+00:00,5490b72f2999c44a,2026-07-22T21:46:24.618457+00:00,24.074,3,2,visits-service|api-gateway,False,GET,/api/visit/owners/1/pets/1/visits,200,0,0.0,1
2026-07-22T21:47:46.330374+00:00,eb7f21ad2515b0ef,2026-07-22T21:46:25.452289+00:00,90.838,4,2,customers-service|api-gateway,False,GET,/api/customer/owners,200,1,85.667,1
2026-07-22T21:47:46.330374+00:00,c8e6ab694d08f680,2026-07-22T21:46:24.451796+00:00,65.279,4,2,api-gateway|vets-service,False,GET,/api/vet/vets,200,1,53.173,1
2026-07-22T21:47:46.330374+00:00,d9d926f8f1a9b601,2026-07-22T21:46:25.284933+00:00,40.204,4,2,customers-service|api-gateway,False,GET,/api/customer/owners/1,200,1,34.981,1
2026-07-22T21:47:46.330374+00:00,02bc254430860407,2026-07-22T21:46:25.120597+00:00,31.116,4,2,customers-service|api-gateway,False,GET,/api/customer/owners/1,200,1,29.476,1
2026-07-22T21:47:46.330374+00:00,03435275685f66ef,2026-07-22T21:46:24.953776+00:00,93.565,4,2,customers-service|api-gateway,False,GET,/api/customer/owners,200,1,92.038,1
2026-07-22T21:47:46.330374+00:00,29d5f32423548022,2026-07-22T21:46:24.784663+00:00,42.649,4,2,customers-service|api-gateway,False,GET,/api/customer/owners/1,200,1,37.928,1
2026-07-22T21:47:46.330374+00:00,6c5443880b8826de,2026-07-22T21:46:23.785426+00:00,53.499,4,2,api-gateway|vets-service,False,GET,/api/vet/vets,200,1,43.076,1
2026-07-22T21:47:46.330374+00:00,7bec927d469f693b,2026-07-22T21:46:24.285243+00:00,85.954,4,2,customers-service|api-gateway,False,GET,/api/customer/owners,200,1,81.339,1
2026-07-22T21:47:46.330374+00:00,e583535f21c86fea,2026-07-22T21:46:24.172388+00:00,13.428,3,2,visits-service|api-gateway,False,GET,/api/visit/owners/1/pets/1/visits,200,0,0.0,1
2026-07-22T21:47:46.330374+00:00,2d7f6909f93f1739,2026-07-22T21:46:24.120817+00:00,85.026,4,2,customers-service|api-gateway,False,GET,/api/customer/owners,200,1,83.197,1
2026-07-22T21:47:46.330374+00:00,642d173faa33f280,2026-07-22T21:46:23.952038+00:00,43.415,4,2,customers-service|api-gateway,False,GET,/api/customer/owners/1,200,1,36.315,1
2026-07-22T21:47:46.330374+00:00,84559a2c015ac4f1,2026-07-22T21:46:22.951960+00:00,69.017,4,2,api-gateway|vets-service,False,GET,/api/vet/vets,200,1,56.371,1
2026-07-22T21:47:46.330374+00:00,b7264dc79e282a88,2026-07-22T21:46:23.618554+00:00,39.513,4,2,customers-service|api-gateway,False,GET,/api/customer/owners/1,200,1,32.178,1
2026-07-22T21:47:46.330374+00:00,a4622be49c91c5e6,2026-07-22T21:46:23.452268+00:00,51.115,4,2,customers-service|api-gateway,False,GET,/api/customer/owners/1,200,1,43.724,1
2026-07-22T21:47:46.330374+00:00,05d8187a8a8d3e42,2026-07-22T21:46:22.452093+00:00,71.724,4,2,api-gateway|vets-service,False,GET,/api/vet/vets,200,1,61.808,1
2026-07-22T21:47:46.330374+00:00,0c441ca60882abc9,2026-07-22T21:46:22.285220+00:00,80.562,4,2,api-gateway|vets-service,False,GET,/api/vet/vets,200,1,67.191,1
2026-07-22T21:47:46.330374+00:00,4be7e2811f2c8ce5,2026-07-22T21:46:23.122906+00:00,42.088,4,2,customers-service|api-gateway,False,GET,/api/customer/owners/1,200,1,39.628,1
2026-07-22T21:47:46.330374+00:00,b8c3535cd7c512b7,2026-07-22T21:46:22.785501+00:00,102.568,4,2,customers-service|api-gateway,False,GET,/api/customer/owners,200,1,95.493,1
2026-07-22T21:47:46.330374+00:00,c8fdb5c7b395708f,2026-07-22T21:46:21.784791+00:00,25.828,3,2,visits-service|api-gateway,False,GET,/api/visit/owners/1/pets/1/visits,200,0,0.0,1
2026-07-22T21:47:46.330374+00:00,a29440008241f6a3,2026-07-22T21:46:22.618197+00:00,32.001,4,2,customers-service|api-gateway,False,GET,/api/customer/owners/1,200,1,26.317,1
2026-07-22T21:47:46.330374+00:00,6534afc6e8f8bac1,2026-07-22T21:46:22.121908+00:00,36.526,4,2,customers-service|api-gateway,False,GET,/api/customer/owners/1,200,1,33.859,1
2026-07-22T21:47:46.330374+00:00,d1a2f6b0eefa5402,2026-07-22T21:46:21.956148+00:00,102.013,4,2,customers-service|api-gateway,False,GET,/api/customer/owners,200,1,99.425,1
2026-07-22T21:47:46.330374+00:00,f7794123482a8cce,2026-07-22T21:46:21.952985+00:00,65.649,4,2,api-gateway|vets-service,False,GET,/api/vet/vets,200,1,63.919,1
2026-07-22T21:47:46.330374+00:00,57ff1854d4b51311,2026-07-22T21:46:21.618238+00:00,35.176,4,2,customers-service|api-gateway,False,GET,/api/customer/owners/1,200,1,30.433,1
2026-07-22T21:47:46.330374+00:00,0e07bdebb6c81210,2026-07-22T21:46:21.452025+00:00,32.135,4,2,customers-service|api-gateway,False,GET,/api/customer/owners/1,200,1,27.86,1
2026-07-22T21:47:46.330374+00:00,46e02e3c52f2ec75,2026-07-22T21:46:21.288574+00:00,34.823,4,2,customers-service|api-gateway,False,GET,/api/customer/owners/1,200,1,31.106,1
2026-07-22T21:47:46.330374+00:00,61778197a2f84f6d,2026-07-22T21:46:20.285366+00:00,74.795,4,2,api-gateway|vets-service,False,GET,/api/vet/vets,200,1,63.072,1
2026-07-22T21:47:46.330374+00:00,3cacc9a08be7254e,2026-07-22T21:46:20.952683+00:00,29.136,4,2,customers-service|api-gateway,False,GET,/api/customer/owners/1,200,1,26.483,1
2026-07-22T21:47:46.330374+00:00,f258b66fae7c4ba7,2026-07-22T21:46:20.926341+00:00,65.124,4,2,api-gateway|vets-service,False,GET,/api/vet/vets,200,1,63.407,1
2026-07-22T21:47:46.330374+00:00,b7973def32f1374a,2026-07-22T21:46:20.785497+00:00,87.002,4,2,customers-service|api-gateway,False,GET,/api/customer/owners,200,1,82.662,1
2026-07-22T21:47:46.330374+00:00,6bee41625542e4bc,2026-07-22T21:46:20.617862+00:00,87.456,4,2,customers-service|api-gateway,False,GET,/api/customer/owners,200,1,83.734,1
2026-07-22T21:47:46.330374+00:00,4d90d98e723ef653,2026-07-22T21:46:20.451733+00:00,78.373,4,2,customers-service|api-gateway,False,GET,/api/customer/owners,200,1,74.374,1
2026-07-22T21:47:46.330374+00:00,1b1edcedd31414df,2026-07-22T21:46:19.617628+00:00,69.445,4,2,api-gateway|vets-service,False,GET,/api/vet/vets,200,1,60.581,1
2026-07-22T21:47:46.330374+00:00,8d53048a6c457717,2026-07-22T21:46:19.284714+00:00,67.901,4,2,api-gateway|vets-service,False,GET,/api/vet/vets,200,1,57.406,1
2026-07-22T21:47:46.330374+00:00,cd36d70a76484894,2026-07-22T21:46:19.954790+00:00,87.088,4,2,customers-service|api-gateway,False,GET,/api/customer/owners,200,1,85.447,1
2026-07-22T21:47:46.330374+00:00,bce2b70e40cec0aa,2026-07-22T21:46:19.785249+00:00,82.207,4,2,customers-service|api-gateway,False,GET,/api/customer/owners,200,1,78.221,1
2026-07-22T21:47:46.330374+00:00,d668c22992ffae59,2026-07-22T21:46:19.451471+00:00,83.842,4,2,customers-service|api-gateway,False,GET,/api/customer/owners,200,1,79.155,1
2026-07-22T21:47:46.330374+00:00,04f75c9878da19e0,2026-07-22T21:46:18.451195+00:00,75.488,4,2,api-gateway|vets-service,False,GET,/api/vet/vets,200,1,61.465,1
2026-07-22T21:47:46.330374+00:00,b65500c1dd2a569a,2026-07-22T21:46:19.121727+00:00,85.178,4,2,customers-service|api-gateway,False,GET,/api/customer/owners,200,1,83.631,1
2026-07-22T21:47:46.330374+00:00,b813a74048dbede9,2026-07-22T21:46:18.951979+00:00,32.645,4,2,customers-service|api-gateway,False,GET,/api/customer/owners/1,200,1,27.911,1
2026-07-22T21:47:46.330374+00:00,84096bbd8027de71,2026-07-22T21:46:18.785390+00:00,88.065,4,2,customers-service|api-gateway,False,GET,/api/customer/owners,200,1,83.348,1
2026-07-22T21:47:46.330374+00:00,a50e8c63e1429aa7,2026-07-22T21:46:17.952235+00:00,81.377,4,2,api-gateway|vets-service,False,GET,/api/vet/vets,200,1,64.556,1
2026-07-22T21:47:46.330374+00:00,73f3e6f3265260a9,2026-07-22T21:46:18.618805+00:00,44.3,4,2,customers-service|api-gateway,False,GET,/api/customer/owners/1,200,1,37.393,1
2026-07-22T21:47:46.330374+00:00,300117f12d3524c9,2026-07-22T21:46:18.537567+00:00,8.55,3,2,visits-service|api-gateway,False,GET,/api/visit/owners/1/pets/1/visits,200,0,0.0,1
2026-07-22T21:47:46.330374+00:00,c8d574579438f60a,2026-07-22T21:46:18.366332+00:00,7.809,3,2,visits-service|api-gateway,False,GET,/api/visit/owners/1/pets/1/visits,200,0,0.0,1
2026-07-22T21:47:46.330374+00:00,e7795a41f6c18152,2026-07-22T21:46:18.284817+00:00,89.632,4,2,customers-service|api-gateway,False,GET,/api/customer/owners,200,1,85.7,1
2026-07-22T21:47:46.330374+00:00,ed4a0e67133efdda,2026-07-22T21:46:18.121350+00:00,30.73,4,2,customers-service|api-gateway,False,GET,/api/customer/owners/1,200,1,30.73,1
2026-07-22T21:47:46.330374+00:00,1ac7b1573a8f22fc,2026-07-22T21:46:17.285306+00:00,23.799,3,2,visits-service|api-gateway,False,GET,/api/visit/owners/1/pets/1/visits,200,0,0.0,1
2026-07-22T21:47:46.330374+00:00,124ef23cec78d05c,2026-07-22T21:46:16.951846+00:00,78.987,4,2,api-gateway|vets-service,False,GET,/api/vet/vets,200,1,65.994,1
2026-07-22T21:47:46.330374+00:00,672d1deeeb6accc4,2026-07-22T21:46:16.785680+00:00,76.889,4,2,api-gateway|vets-service,False,GET,/api/vet/vets,200,1,64.793,1
2026-07-22T21:47:46.330374+00:00,5e1ea20435888fd9,2026-07-22T21:46:17.451589+00:00,36.032,4,2,customers-service|api-gateway,False,GET,/api/customer/owners/1,200,1,31.773,1
2026-07-22T21:47:46.330374+00:00,c814f253d051ab5a,2026-07-22T21:46:16.618396+00:00,72.57,4,2,api-gateway|vets-service,False,GET,/api/vet/vets,200,1,61.977,1
2026-07-22T21:47:46.330374+00:00,a7bec955aa6feee0,2026-07-22T21:46:16.452051+00:00,74.799,4,2,api-gateway|vets-service,False,GET,/api/vet/vets,200,1,63.712,1
2026-07-22T21:47:46.330374+00:00,7e69af01fca5f8b2,2026-07-22T21:46:17.121822+00:00,89.51,4,2,customers-service|api-gateway,False,GET,/api/customer/owners,200,1,87.451,1
2026-07-22T21:47:46.330374+00:00,6f94cd6b7dc49c27,2026-07-22T21:46:16.828404+00:00,69.332,4,2,api-gateway|vets-service,False,GET,/api/vet/vets,200,1,67.394,1
2026-07-22T21:47:46.330374+00:00,2ad52b684309c1fa,2026-07-22T21:46:16.658617+00:00,10.426,3,2,visits-service|api-gateway,False,GET,/api/visit/owners/1/pets/1/visits,200,0,0.0,1
2026-07-22T21:47:46.330374+00:00,1e92f901ca9a3980,2026-07-22T21:46:16.488821+00:00,8.001,3,2,visits-service|api-gateway,False,GET,/api/visit/owners/1/pets/1/visits,200,0,0.0,1
2026-07-22T21:47:46.330374+00:00,0bedce86d0568dc7,2026-07-22T21:46:16.315404+00:00,8.333,3,2,visits-service|api-gateway,False,GET,/api/visit/owners/1/pets/1/visits,200,0,0.0,1
2026-07-22T21:47:46.330374+00:00,00e629b64fafc4bf,2026-07-22T21:46:16.284679+00:00,99.76,4,2,customers-service|api-gateway,False,GET,/api/customer/owners,200,1,94.001,1
2026-07-22T21:47:46.330374+00:00,1c2aa22759ca87b5,2026-07-22T21:46:15.286205+00:00,19.775,3,2,visits-service|api-gateway,False,GET,/api/visit/owners/1/pets/1/visits,200,0,0.0,1
2026-07-22T21:47:46.330374+00:00,d3beb36655055d62,2026-07-22T21:46:15.606245+00:00,14.666,3,2,visits-service|api-gateway,False,GET,/api/visit/owners/1/pets/1/visits,200,0,0.0,1
2026-07-22T21:47:46.330374+00:00,e1513447a7cb06b9,2026-07-22T21:46:15.451959+00:00,42.888,4,2,customers-service|api-gateway,False,GET,/api/customer/owners/1,200,1,35.936,1
2026-07-22T21:47:46.330374+00:00,6d3cfb6ad7d30ca0,2026-07-22T21:46:15.122345+00:00,34.202,4,2,customers-service|api-gateway,False,GET,/api/customer/owners/1,200,1,31.696,1
2026-07-22T21:47:46.330374+00:00,ea5c49d5cea23352,2026-07-22T21:46:14.451481+00:00,79.641,4,2,api-gateway|vets-service,False,GET,/api/vet/vets,200,1,71.28,1
2026-07-22T21:47:46.330374+00:00,dc070b773603229c,2026-07-22T21:46:14.284700+00:00,25.953,3,2,visits-service|api-gateway,False,GET,/api/visit/owners/1/pets/1/visits,200,0,0.0,1
2026-07-22T21:47:46.330374+00:00,e5be27009e213671,2026-07-22T21:46:14.786554+00:00,29.035,4,2,customers-service|api-gateway,False,GET,/api/customer/owners/1,200,1,25.81,1
2026-07-22T21:47:46.330374+00:00,1226dfcd0364ea3c,2026-07-22T21:46:14.619848+00:00,30.243,4,2,customers-service|api-gateway,False,GET,/api/customer/owners/1,200,1,27.291,1
2026-07-22T21:47:46.330374+00:00,b3a8721211bf7d7d,2026-07-22T21:46:14.120734+00:00,70.746,4,2,customers-service|api-gateway,False,GET,/api/customer/owners,200,1,69.112,1
2026-07-22T21:47:46.330374+00:00,e600c0ed459e2cc8,2026-07-22T21:46:13.451451+00:00,69.149,4,2,api-gateway|vets-service,False,GET,/api/vet/vets,200,1,61.374,1
2026-07-22T21:47:46.330374+00:00,8d8b55b9e62c1dd4,2026-07-22T21:46:13.953775+00:00,83.419,4,2,customers-service|api-gateway,False,GET,/api/customer/owners,200,1,81.891,1
2026-07-22T21:47:46.330374+00:00,11369b971afc4c39,2026-07-22T21:46:13.784360+00:00,34.861,4,2,customers-service|api-gateway,False,GET,/api/customer/owners/1,200,1,30.037,1
2026-07-22T21:47:46.330374+00:00,d69270c8ec291e8e,2026-07-22T21:46:13.618173+00:00,77.901,4,2,customers-service|api-gateway,False,GET,/api/customer/owners,200,1,73.649,1
2026-07-22T21:47:46.330374+00:00,d6dc69b70c78d1bc,2026-07-22T21:46:13.302883+00:00,12.156,3,2,visits-service|api-gateway,False,GET,/api/visit/owners/1/pets/1/visits,200,0,0.0,1
2026-07-22T21:47:46.330374+00:00,1c8e314d746c7870,2026-07-22T21:46:13.284326+00:00,79.53,4,2,customers-service|api-gateway,False,GET,/api/customer/owners,200,1,75.25,1
2026-07-22T21:47:46.330374+00:00,40dc80091b3e7571,2026-07-22T21:46:13.119765+00:00,78.513,4,2,customers-service|api-gateway,False,GET,/api/customer/owners,200,1,76.51,1
2026-07-22T21:47:46.330374+00:00,662a48c1c62559e0,2026-07-22T21:46:12.955122+00:00,92.758,4,2,customers-service|api-gateway,False,GET,/api/customer/owners,200,1,91.078,1
2026-07-22T21:47:46.330374+00:00,cdc6abf38a05758d,2026-07-22T21:46:12.618418+00:00,29.769,4,2,customers-service|api-gateway,False,GET,/api/customer/owners/1,200,1,25.306,1
2026-07-22T21:47:46.330374+00:00,9fdd1d7a28e657c5,2026-07-22T21:46:12.596718+00:00,12.702,3,2,visits-service|api-gateway,False,GET,/api/visit/owners/1/pets/1/visits,200,0,0.0,1
2026-07-22T21:47:46.330374+00:00,b2a08402e52aa4a2,2026-07-22T21:46:12.452170+00:00,91.363,4,2,customers-service|api-gateway,False,GET,/api/customer/owners,200,1,85.761,1
2026-07-22T21:47:46.330374+00:00,080f5c4b2f85211d,2026-07-22T21:46:12.285857+00:00,42.733,4,2,customers-service|api-gateway,False,GET,/api/customer/owners/1,200,1,36.351,1
2026-07-22T21:47:46.330374+00:00,d6274dad1c7dc019,2026-07-22T21:46:12.240406+00:00,63.737,4,2,api-gateway|vets-service,False,GET,/api/vet/vets,200,1,61.828,1
2026-07-22T21:47:46.330374+00:00,1298c81f4c1f4fb5,2026-07-22T21:46:12.065876+00:00,12.79,3,2,visits-service|api-gateway,False,GET,/api/visit/owners/1/pets/1/visits,200,0,0.0,1
2026-07-22T21:47:46.330374+00:00,5f1e30820faadf16,2026-07-22T21:46:11.955315+00:00,41.19,4,2,customers-service|api-gateway,False,GET,/api/customer/owners/1,200,1,38.951,1
2026-07-22T21:47:46.330374+00:00,295e669a74da414f,2026-07-22T21:46:11.284577+00:00,70.245,4,2,api-gateway|vets-service,False,GET,/api/vet/vets,200,1,62.457,1
2026-07-22T21:47:46.330374+00:00,6d62409b1a9242f6,2026-07-22T21:46:11.451984+00:00,91.939,4,2,customers-service|api-gateway,False,GET,/api/customer/owners,200,1,85.587,1
2026-07-22T21:47:46.330374+00:00,d22a9b5c7734aa79,2026-07-22T21:46:11.356854+00:00,63.768,4,2,api-gateway|vets-service,False,GET,/api/vet/vets,200,1,61.942,1
2026-07-22T21:47:46.330374+00:00,a4dfad3501175377,2026-07-22T21:46:11.120323+00:00,30.318,4,2,customers-service|api-gateway,False,GET,/api/customer/owners/1,200,1,28.566,1
2026-07-22T21:47:46.330374+00:00,aa27023d5c052bb5,2026-07-22T21:46:10.784960+00:00,84.784,4,2,customers-service|api-gateway,False,GET,/api/customer/owners,200,1,80.368,1
2026-07-22T21:47:46.330374+00:00,39d8882145f6a5b4,2026-07-22T21:46:10.619071+00:00,90.308,4,2,customers-service|api-gateway,False,GET,/api/customer/owners,200,1,84.859,1
2026-07-22T21:47:46.330374+00:00,08a9d59bb49e43bf,2026-07-22T21:46:10.490132+00:00,60.663,4,2,api-gateway|vets-service,False,GET,/api/vet/vets,200,1,59.155,1
2026-07-22T21:47:46.330374+00:00,64951142d84026b7,2026-07-22T21:46:10.451086+00:00,36.846,4,2,customers-service|api-gateway,False,GET,/api/customer/owners/1,200,1,32.669,1
2026-07-22T21:47:46.330374+00:00,f84060fe4eb0a12a,2026-07-22T21:46:10.320500+00:00,73.517,4,2,api-gateway|vets-service,False,GET,/api/vet/vets,200,1,70.788,1
2026-07-22T21:47:46.330374+00:00,ab7e50d102337ad4,2026-07-22T21:46:10.285065+00:00,44.751,4,2,customers-service|api-gateway,False,GET,/api/customer/owners/1,200,1,38.376,1
2026-07-22T21:47:46.330374+00:00,ec85e41d59f855c7,2026-07-22T21:46:09.451920+00:00,24.386,3,2,visits-service|api-gateway,False,GET,/api/visit/owners/1/pets/1/visits,200,0,0.0,1
2026-07-22T21:47:46.330374+00:00,dadd714d1712c33f,2026-07-22T21:46:09.786355+00:00,30.219,4,2,customers-service|api-gateway,False,GET,/api/customer/owners/1,200,1,27.142,1
2026-07-22T21:47:46.330374+00:00,878c92a4312b171f,2026-07-22T21:46:09.621505+00:00,40.692,4,2,customers-service|api-gateway,False,GET,/api/customer/owners/1,200,1,36.333,1
2026-07-22T21:47:46.330374+00:00,7565069f05d8fc16,2026-07-22T21:46:09.285184+00:00,45.016,4,2,customers-service|api-gateway,False,GET,/api/customer/owners/1,200,1,38.102,1
2026-07-22T21:47:46.330374+00:00,d672c8816eba1039,2026-07-22T21:46:09.126219+00:00,12.388,3,2,visits-service|api-gateway,False,GET,/api/visit/owners/1/pets/1/visits,200,0,0.0,1
2026-07-22T21:47:46.330374+00:00,2d328d8532cfb2be,2026-07-22T21:46:09.122477+00:00,93.319,4,2,customers-service|api-gateway,False,GET,/api/customer/owners,200,1,90.964,1
2026-07-22T21:47:46.330374+00:00,2aac032886a1c99e,2026-07-22T21:46:08.955614+00:00,98.226,4,2,customers-service|api-gateway,False,GET,/api/customer/owners,200,1,95.716,1
2026-07-22T21:47:46.330374+00:00,1597695ef592fab5,2026-07-22T21:46:08.780807+00:00,63.562,4,2,api-gateway|vets-service,False,GET,/api/vet/vets,200,1,61.45,1
2026-07-22T21:47:46.330374+00:00,adcce4a322fe0cbb,2026-07-22T21:46:08.619045+00:00,108.544,4,2,customers-service|api-gateway,False,GET,/api/customer/owners,200,1,100.998,1
2026-07-22T21:47:46.330374+00:00,b29e97a9f2629836,2026-07-22T21:46:08.285919+00:00,22.828,3,2,visits-service|api-gateway,False,GET,/api/visit/owners/1/pets/1/visits,200,0,0.0,1
2026-07-22T21:47:46.330374+00:00,88aef4ffa4c95c01,2026-07-22T21:46:08.120056+00:00,30.114,4,2,customers-service|api-gateway,False,GET,/api/customer/owners/1,200,1,28.281,1
2026-07-22T21:47:46.330374+00:00,1ecaa7bbd0dc3be6,2026-07-22T21:46:07.955510+00:00,100.9,4,2,customers-service|api-gateway,False,GET,/api/customer/owners,200,1,98.911,1
2026-07-22T21:47:46.330374+00:00,4aa81240a9886f09,2026-07-22T21:46:07.785370+00:00,39.243,4,2,customers-service|api-gateway,False,GET,/api/customer/owners/1,200,1,33.346,1
2026-07-22T21:47:46.330374+00:00,bf876e8e22d058e7,2026-07-22T21:46:07.451894+00:00,24.361,3,2,visits-service|api-gateway,False,GET,/api/visit/owners/1/pets/1/visits,200,0,0.0,1
2026-07-22T21:47:46.330374+00:00,b6ed5d3cd2fc6a3d,2026-07-22T21:46:07.618220+00:00,106.702,4,2,customers-service|api-gateway,False,GET,/api/customer/owners,200,1,99.816,1
2026-07-22T21:47:46.330374+00:00,08d39b0c58fbc28e,2026-07-22T21:46:07.285042+00:00,80.676,4,2,api-gateway|vets-service,False,GET,/api/vet/vets,200,1,68.961,1
2026-07-22T21:47:46.330374+00:00,1990ab1d49a9def6,2026-07-22T21:46:07.241877+00:00,8.794,3,2,visits-service|api-gateway,False,GET,/api/visit/owners/1/pets/1/visits,200,0,0.0,1
2026-07-22T21:47:46.330374+00:00,d7a24a8bd3c6d752,2026-07-22T21:46:07.122917+00:00,99.404,4,2,customers-service|api-gateway,False,GET,/api/customer/owners,200,1,97.504,1
2026-07-22T21:47:46.330374+00:00,9d30cab075fe91dd,2026-07-22T21:46:07.070494+00:00,64.727,4,2,api-gateway|vets-service,False,GET,/api/vet/vets,200,1,62.938,1
2026-07-22T21:47:46.330374+00:00,bee4e08016178961,2026-07-22T21:46:06.900823+00:00,70.32,4,2,api-gateway|vets-service,False,GET,/api/vet/vets,200,1,68.214,1
2026-07-22T21:47:46.330374+00:00,402f3c6c9ee116a8,2026-07-22T21:46:06.452185+00:00,50.261,4,2,customers-service|api-gateway,False,GET,/api/customer/owners/1,200,1,43.121,1
2026-07-22T21:47:46.330374+00:00,313c864491e9bcaa,2026-07-22T21:46:06.387575+00:00,7.707,3,2,visits-service|api-gateway,False,GET,/api/visit/owners/1/pets/1/visits,200,0,0.0,1
2026-07-22T21:47:46.330374+00:00,5dea7855214691b1,2026-07-22T21:46:06.288127+00:00,94.499,4,2,customers-service|api-gateway,False,GET,/api/customer/owners,200,1,89.657,1
2026-07-22T21:47:46.330374+00:00,e95007a98b0869d9,2026-07-22T21:46:06.217048+00:00,6.375,3,2,visits-service|api-gateway,False,GET,/api/visit/owners/1/pets/1/visits,200,0,0.0,1
2026-07-22T21:47:46.330374+00:00,acaef3126c2fc5b5,2026-07-22T21:46:06.045534+00:00,8.016,3,2,visits-service|api-gateway,False,GET,/api/visit/owners/1/pets/1/visits,200,0,0.0,1
2026-07-22T21:47:46.330374+00:00,9d2f4a20b31458c7,2026-07-22T21:46:05.618375+00:00,18.324,3,2,visits-service|api-gateway,False,GET,/api/visit/owners/1/pets/1/visits,200,0,0.0,1
2026-07-22T21:47:46.330374+00:00,97cdf36de56bfb80,2026-07-22T21:46:05.452235+00:00,24.984,3,2,visits-service|api-gateway,False,GET,/api/visit/owners/1/pets/1/visits,200,0,0.0,1
2026-07-22T21:47:46.330374+00:00,492a32b7acf65490,2026-07-22T21:46:05.284453+00:00,90.106,4,2,customers-service|api-gateway,False,GET,/api/customer/owners,200,1,85.637,1
2026-07-22T21:47:46.330374+00:00,c917b9c4587a9d51,2026-07-22T21:46:05.121854+00:00,75.789,4,2,customers-service|api-gateway,False,GET,/api/customer/owners,200,1,75.789,1
2026-07-22T21:47:46.330374+00:00,8ff0c5f450a47570,2026-07-22T21:46:05.020629+00:00,12.142,3,2,visits-service|api-gateway,False,GET,/api/visit/owners/1/pets/1/visits,200,0,0.0,1
2026-07-22T21:47:46.330374+00:00,df0409a6f7c23fbd,2026-07-22T21:46:04.954022+00:00,30.188,4,2,customers-service|api-gateway,False,GET,/api/customer/owners/1,200,1,28.204,1
2026-07-22T21:47:46.330374+00:00,cdb91140dd7202a3,2026-07-22T21:46:04.621022+00:00,41.592,4,2,customers-service|api-gateway,False,GET,/api/customer/owners/1,200,1,36.947,1
2026-07-22T21:47:46.330374+00:00,b923e01190fb6063,2026-07-22T21:46:04.284791+00:00,81.335,4,2,api-gateway|vets-service,False,GET,/api/vet/vets,200,1,70.021,1
2026-07-22T21:47:46.330374+00:00,28ba3f06e672aa01,2026-07-22T21:46:04.451816+00:00,35.308,4,2,customers-service|api-gateway,False,GET,/api/customer/owners/1,200,1,30.668,1
2026-07-22T21:47:46.330374+00:00,943b5283a7054f17,2026-07-22T21:46:04.120134+00:00,89.553,4,2,customers-service|api-gateway,False,GET,/api/customer/owners,200,1,88.018,1
2026-07-22T21:47:46.330374+00:00,0a25a859c6333d7a,2026-07-22T21:46:03.954482+00:00,80.846,4,2,customers-service|api-gateway,False,GET,/api/customer/owners,200,1,79.095,1
2026-07-22T21:47:46.330374+00:00,a1ca14ce96c2dc30,2026-07-22T21:46:03.618733+00:00,17.003,3,2,visits-service|api-gateway,False,GET,/api/visit/owners/1/pets/1/visits,200,0,0.0,1
2026-07-22T21:47:46.330374+00:00,b78be2e2a5309ca4,2026-07-22T21:46:03.784557+00:00,40.258,4,2,customers-service|api-gateway,False,GET,/api/customer/owners/1,200,1,35.369,1
2026-07-22T21:47:46.330374+00:00,482a386203606939,2026-07-22T21:46:03.451634+00:00,66.59,4,2,api-gateway|vets-service,False,GET,/api/vet/vets,200,1,56.263,1
2026-07-22T21:47:46.330374+00:00,33b5d11d5c782c4a,2026-07-22T21:46:03.284718+00:00,16.962,3,2,visits-service|api-gateway,False,GET,/api/visit/owners/1/pets/1/visits,200,0,0.0,1
2026-07-22T21:47:46.330374+00:00,2a2fafa2e49c7912,2026-07-22T21:46:03.138226+00:00,10.861,3,2,visits-service|api-gateway,False,GET,/api/visit/owners/1/pets/1/visits,200,0,0.0,1
2026-07-22T21:47:46.330374+00:00,8d0eaf20739e08e4,2026-07-22T21:46:03.123467+00:00,96.504,4,2,customers-service|api-gateway,False,GET,/api/customer/owners,200,1,94.661,1
2026-07-22T21:47:46.330374+00:00,37ac715696006ec0,2026-07-22T21:46:02.832683+00:00,66.871,4,2,api-gateway|vets-service,False,GET,/api/vet/vets,200,1,64.856,1
2026-07-22T21:47:46.330374+00:00,0fb1cfba9c6e7865,2026-07-22T21:46:02.785696+00:00,49.282,4,2,customers-service|api-gateway,False,GET,/api/customer/owners/1,200,1,42.464,1
2026-07-22T21:47:46.330374+00:00,4cdeceaf8d2812aa,2026-07-22T21:46:02.452261+00:00,21.897,3,2,visits-service|api-gateway,False,GET,/api/visit/owners/1/pets/1/visits,200,0,0.0,1
2026-07-22T21:47:46.330374+00:00,6e0e154929590c1c,2026-07-22T21:46:02.285182+00:00,21.816,3,2,visits-service|api-gateway,False,GET,/api/visit/owners/1/pets/1/visits,200,0,0.0,1
2026-07-22T21:47:46.330374+00:00,56f0ff850bfa5875,2026-07-22T21:46:02.282698+00:00,70.06,4,2,api-gateway|vets-service,False,GET,/api/vet/vets,200,1,68.278,1
2026-07-22T21:47:46.330374+00:00,6044a86341a95d96,2026-07-22T21:46:01.967529+00:00,81.564,4,2,customers-service|api-gateway,False,GET,/api/customer/owners,200,1,80.083,1
2026-07-22T21:47:46.330374+00:00,f06f82dbb9df4165,2026-07-22T21:46:01.784978+00:00,90.191,4,2,customers-service|api-gateway,False,GET,/api/customer/owners,200,1,85.864,1
2026-07-22T21:47:46.330374+00:00,b4737418653c9341,2026-07-22T21:46:01.618597+00:00,20.013,3,2,visits-service|api-gateway,False,GET,/api/visit/owners/1/pets/1/visits,200,0,0.0,1
2026-07-22T21:47:46.330374+00:00,a72d90bdbf7844a3,2026-07-22T21:46:01.451972+00:00,42.829,4,2,customers-service|api-gateway,False,GET,/api/customer/owners/1,200,1,35.256,1
2026-07-22T21:47:46.330374+00:00,88a2bd9dfe996dc8,2026-07-22T21:46:01.284685+00:00,23.476,3,2,visits-service|api-gateway,False,GET,/api/visit/owners/1/pets/1/visits,200,0,0.0,1
2026-07-22T21:47:46.330374+00:00,357159ba37be06ac,2026-07-22T21:46:01.120715+00:00,31.575,4,2,customers-service|api-gateway,False,GET,/api/customer/owners/1,200,1,29.575,1
2026-07-22T21:47:46.330374+00:00,030aea99db3a8222,2026-07-22T21:46:00.954710+00:00,94.975,4,2,customers-service|api-gateway,False,GET,/api/customer/owners,200,1,93.109,1
2026-07-22T21:47:46.330374+00:00,9e3681b7ebb6d681,2026-07-22T21:46:00.924631+00:00,62.892,4,2,api-gateway|vets-service,False,GET,/api/vet/vets,200,1,61.587,1
2026-07-22T21:47:46.330374+00:00,ed8a82d2fb10d79f,2026-07-22T21:46:00.618780+00:00,64.96,4,2,api-gateway|vets-service,False,GET,/api/vet/vets,200,1,54.573,1
2026-07-22T21:47:46.330374+00:00,d7d693c29c00515f,2026-07-22T21:46:00.451753+00:00,87.121,4,2,customers-service|api-gateway,False,GET,/api/customer/owners,200,1,82.699,1
2026-07-22T21:47:46.330374+00:00,3feec55e4e333fad,2026-07-22T21:46:00.285131+00:00,86.831,4,2,customers-service|api-gateway,False,GET,/api/customer/owners,200,1,82.659,1
2026-07-22T21:47:46.330374+00:00,b816fad91c573d6f,2026-07-22T21:46:00.122107+00:00,34.34,4,2,customers-service|api-gateway,False,GET,/api/customer/owners/1,200,1,31.711,1
2026-07-22T21:47:46.330374+00:00,a3c8456f38fb98d7,2026-07-22T21:46:00.074072+00:00,51.873,4,2,api-gateway|vets-service,False,GET,/api/vet/vets,200,1,50.585,1
2026-07-22T21:47:46.330374+00:00,243f048e5c6ebe05,2026-07-22T21:45:59.784834+00:00,103.874,4,2,customers-service|api-gateway,False,GET,/api/customer/owners,200,1,96.536,1
2026-07-22T21:47:46.330374+00:00,dd5588fc423497a1,2026-07-22T21:45:59.618327+00:00,23.578,3,2,visits-service|api-gateway,False,GET,/api/visit/owners/1/pets/1/visits,200,0,0.0,1
2026-07-22T21:47:46.330374+00:00,6235022dbcd0ad9c,2026-07-22T21:45:59.451911+00:00,117.188,4,2,customers-service|api-gateway,False,GET,/api/customer/owners,200,1,109.803,1
2026-07-22T21:47:46.330374+00:00,08122e3625dc8247,2026-07-22T21:45:59.285506+00:00,43.625,4,2,customers-service|api-gateway,False,GET,/api/customer/owners/1,200,1,35.246,1
2026-07-22T21:47:46.330374+00:00,679eee6d62a73440,2026-07-22T21:45:59.227316+00:00,50.982,4,2,api-gateway|vets-service,False,GET,/api/vet/vets,200,1,49.682,1
2026-07-22T21:47:46.330374+00:00,6838fa002346fe7e,2026-07-22T21:45:58.954856+00:00,92.585,4,2,customers-service|api-gateway,False,GET,/api/customer/owners,200,1,90.71,1
2026-07-22T21:47:46.330374+00:00,d10c5c887c087733,2026-07-22T21:45:58.890259+00:00,15.901,3,2,visits-service|api-gateway,False,GET,/api/visit/owners/1/pets/1/visits,200,0,0.0,1
2026-07-22T21:47:46.330374+00:00,ca889507d29cd9ba,2026-07-22T21:45:58.618436+00:00,33.826,4,2,customers-service|api-gateway,False,GET,/api/customer/owners/1,200,1,29.017,1
2026-07-22T21:47:46.330374+00:00,b73c7520746c2996,2026-07-22T21:45:58.451320+00:00,83.784,4,2,customers-service|api-gateway,False,GET,/api/customer/owners,200,1,78.222,1
2026-07-22T21:47:46.330374+00:00,4417c54915aa6771,2026-07-22T21:45:58.288270+00:00,37.162,4,2,customers-service|api-gateway,False,GET,/api/customer/owners/1,200,1,32.093,1
2026-07-22T21:47:46.330374+00:00,a33a6a9f957f254c,2026-07-22T21:45:58.210096+00:00,68.57,4,2,api-gateway|vets-service,False,GET,/api/vet/vets,200,1,67.036,1
2026-07-22T21:47:46.330374+00:00,38aa3e90f1911802,2026-07-22T21:45:57.956193+00:00,95.19,4,2,customers-service|api-gateway,False,GET,/api/customer/owners,200,1,93.03,1
2026-07-22T21:47:46.330374+00:00,551d3314ca24e008,2026-07-22T21:45:57.785866+00:00,41.373,4,2,customers-service|api-gateway,False,GET,/api/customer/owners/1,200,1,34.715,1
2026-07-22T21:47:46.330374+00:00,de83c9c3abc02891,2026-07-22T21:45:57.617914+00:00,71.983,4,2,api-gateway|vets-service,False,GET,/api/vet/vets,200,1,61.582,1
2026-07-22T21:47:46.330374+00:00,22c26c378c627ba7,2026-07-22T21:45:57.451610+00:00,46.372,4,2,customers-service|api-gateway,False,GET,/api/customer/owners/1,200,1,38.943,1
2026-07-22T21:47:46.330374+00:00,9268ebc497537cc1,2026-07-22T21:45:57.284900+00:00,25.111,3,2,visits-service|api-gateway,False,GET,/api/visit/owners/1/pets/1/visits,200,0,0.0,1
2026-07-22T21:47:46.330374+00:00,3cfc321527a87aa2,2026-07-22T21:45:57.195908+00:00,61.094,4,2,api-gateway|vets-service,False,GET,/api/vet/vets,200,1,59.631,1
2026-07-22T21:47:46.330374+00:00,a917b0801472fc37,2026-07-22T21:45:57.023906+00:00,68.759,4,2,api-gateway|vets-service,False,GET,/api/vet/vets,200,1,67.014,1
2026-07-22T21:47:46.330374+00:00,4e005bbcf023a04f,2026-07-22T21:45:56.854319+00:00,54.663,4,2,api-gateway|vets-service,False,GET,/api/vet/vets,200,1,53.232,1
2026-07-22T21:47:46.330374+00:00,ca805ede1baf627a,2026-07-22T21:45:56.620516+00:00,37.363,4,2,customers-service|api-gateway,False,GET,/api/customer/owners/1,200,1,32.734,1
2026-07-22T21:47:46.330374+00:00,03fc7256104835f8,2026-07-22T21:45:56.453797+00:00,25.072,3,2,visits-service|api-gateway,False,GET,/api/visit/owners/1/pets/1/visits,200,0,0.0,1
2026-07-22T21:47:46.330374+00:00,2c5cbef95f9ad08a,2026-07-22T21:45:56.285718+00:00,77.036,4,2,api-gateway|vets-service,False,GET,/api/vet/vets,200,1,64.179,1
2026-07-22T21:47:46.330374+00:00,5505e29a55287bc7,2026-07-22T21:45:56.123194+00:00,37.063,4,2,customers-service|api-gateway,False,GET,/api/customer/owners/1,200,1,34.629,1
2026-07-22T21:47:46.330374+00:00,cde46714703161b2,2026-07-22T21:45:56.005758+00:00,11.939,3,2,visits-service|api-gateway,False,GET,/api/visit/owners/1/pets/1/visits,200,0,0.0,1
2026-07-22T21:47:46.330374+00:00,38ff42c2173c8c81,2026-07-22T21:45:55.786410+00:00,85.162,4,2,customers-service|api-gateway,False,GET,/api/customer/owners,200,1,82.357,1
2026-07-22T21:47:46.330374+00:00,0be30561ee5e8189,2026-07-22T21:45:55.620778+00:00,37.462,4,2,customers-service|api-gateway,False,GET,/api/customer/owners/1,200,1,34.383,1
2026-07-22T21:47:46.330374+00:00,7dacaf5c39642b24,2026-07-22T21:45:55.451854+00:00,82.964,4,2,customers-service|api-gateway,False,GET,/api/customer/owners,200,1,78.04,1
2026-07-22T21:47:46.330374+00:00,aa2c3efea73a686c,2026-07-22T21:45:55.285108+00:00,91.604,4,2,customers-service|api-gateway,False,GET,/api/customer/owners,200,1,87.029,1
2026-07-22T21:47:46.330374+00:00,24cbe6c4088855f7,2026-07-22T21:45:55.158334+00:00,12.584,3,2,visits-service|api-gateway,False,GET,/api/visit/owners/1/pets/1/visits,200,0,0.0,1
2026-07-22T21:47:46.330374+00:00,15946466f7d927aa,2026-07-22T21:45:54.989473+00:00,63.812,4,2,api-gateway|vets-service,False,GET,/api/vet/vets,200,1,62.39,1
2026-07-22T21:47:46.330374+00:00,a831a6bcd499d316,2026-07-22T21:45:54.784720+00:00,31.062,4,2,customers-service|api-gateway,False,GET,/api/customer/owners/1,200,1,26.52,1
2026-07-22T21:47:46.330374+00:00,9976f37875b32da4,2026-07-22T21:45:54.617845+00:00,67.065,4,2,api-gateway|vets-service,False,GET,/api/vet/vets,200,1,56.04,1
2026-07-22T21:47:46.330374+00:00,363693b149feaf56,2026-07-22T21:45:54.454107+00:00,97.691,4,2,customers-service|api-gateway,False,GET,/api/customer/owners,200,1,94.276,1
2026-07-22T21:47:46.330374+00:00,7a4d3db793e37de1,2026-07-22T21:45:54.285443+00:00,88.59,4,2,customers-service|api-gateway,False,GET,/api/customer/owners,200,1,84.196,1
2026-07-22T21:47:46.330374+00:00,fb2a2a89aaca72e9,2026-07-22T21:45:54.118307+00:00,110.894,4,2,customers-service|api-gateway,False,GET,/api/customer/owners,200,1,103.841,1
2026-07-22T21:47:46.330374+00:00,3c323d22102a14cc,2026-07-22T21:45:53.971867+00:00,11.529,3,2,visits-service|api-gateway,False,GET,/api/visit/owners/1/pets/1/visits,200,0,0.0,1
2026-07-22T21:47:46.330374+00:00,f83e6d0651ab1c06,2026-07-22T21:45:53.798867+00:00,68.23,4,2,api-gateway|vets-service,False,GET,/api/vet/vets,200,1,66.893,1
2026-07-22T21:47:46.330374+00:00,e9b93bd9e44da5c0,2026-07-22T21:45:52.770043+00:00,68.763,4,2,api-gateway|vets-service,False,GET,/api/vet/vets,200,1,56.709,1
2026-07-22T21:47:46.330374+00:00,18e2b4e75582411f,2026-07-22T21:45:52.603615+00:00,23.931,3,2,visits-service|api-gateway,False,GET,/api/visit/owners/1/pets/1/visits,200,0,0.0,1
2026-07-22T21:47:46.330374+00:00,56bf8871133f6b5e,2026-07-22T21:45:52.436287+00:00,74.204,4,2,api-gateway|vets-service,False,GET,/api/vet/vets,200,1,62.527,1
2026-07-22T21:47:46.330374+00:00,729a420f345bfb81,2026-07-22T21:45:51.769795+00:00,70.751,4,2,api-gateway|vets-service,False,GET,/api/vet/vets,200,1,59.235,1
2026-07-22T21:47:46.330374+00:00,064968ba190e70a3,2026-07-22T21:45:52.270163+00:00,101.37,4,2,customers-service|api-gateway,False,GET,/api/customer/owners,200,1,95.451,1
2026-07-22T21:47:46.330374+00:00,ead33250c54f3c7f,2026-07-22T21:45:51.436586+00:00,83.077,4,2,api-gateway|vets-service,False,GET,/api/vet/vets,200,1,68.176,1
2026-07-22T21:47:46.330374+00:00,5054e6cffbff9f60,2026-07-22T21:45:52.107270+00:00,36.862,4,2,customers-service|api-gateway,False,GET,/api/customer/owners/1,200,1,34.428,1
2026-07-22T21:47:46.330374+00:00,bb77b6749133555e,2026-07-22T21:45:52.087987+00:00,69.637,4,2,api-gateway|vets-service,False,GET,/api/vet/vets,200,1,67.838,1
2026-07-22T21:47:46.330374+00:00,953be2bcf1b34276,2026-07-22T21:45:51.936278+00:00,40.578,4,2,customers-service|api-gateway,False,GET,/api/customer/owners/1,200,1,33.022,1
2026-07-22T21:47:46.330374+00:00,886110c10b3fdbdc,2026-07-22T21:45:50.936631+00:00,19.538,3,2,visits-service|api-gateway,False,GET,/api/visit/owners/1/pets/1/visits,200,0,0.0,1
2026-07-22T21:47:46.330374+00:00,a83209977e39eba5,2026-07-22T21:45:51.602948+00:00,102.028,4,2,customers-service|api-gateway,False,GET,/api/customer/owners,200,1,94.484,1
2026-07-22T21:47:46.330374+00:00,17110103a9a78edf,2026-07-22T21:45:50.769198+00:00,21.853,3,2,visits-service|api-gateway,False,GET,/api/visit/owners/1/pets/1/visits,200,0,0.0,1
2026-07-22T21:47:46.330374+00:00,f389efca51738b20,2026-07-22T21:45:50.436331+00:00,21.86,3,2,visits-service|api-gateway,False,GET,/api/visit/owners/1/pets/1/visits,200,0,0.0,1
2026-07-22T21:47:46.330374+00:00,3a818eeed1dfd151,2026-07-22T21:45:51.105392+00:00,90.404,4,2,customers-service|api-gateway,False,GET,/api/customer/owners,200,1,88.501,1
2026-07-22T21:47:46.330374+00:00,0396755c44013f36,2026-07-22T21:45:49.936376+00:00,79.238,4,2,api-gateway|vets-service,False,GET,/api/vet/vets,200,1,67.619,1
2026-07-22T21:47:46.330374+00:00,f19c7659e60ba1aa,2026-07-22T21:45:50.603239+00:00,88.923,4,2,customers-service|api-gateway,False,GET,/api/customer/owners,200,1,84.228,1
2026-07-22T21:47:46.330374+00:00,d43ee03c4acb6c55,2026-07-22T21:45:49.769968+00:00,68.574,4,2,api-gateway|vets-service,False,GET,/api/vet/vets,200,1,58.788,1
2026-07-22T21:47:46.330374+00:00,beb83507420f959d,2026-07-22T21:45:50.274152+00:00,37.822,4,2,customers-service|api-gateway,False,GET,/api/customer/owners/1,200,1,35.097,1
2026-07-22T21:47:46.330374+00:00,f831a6acb4bebae5,2026-07-22T21:45:50.107483+00:00,40.173,4,2,customers-service|api-gateway,False,GET,/api/customer/owners/1,200,1,37.468,1
2026-07-22T21:47:46.330374+00:00,e8f384a3d632e29e,2026-07-22T21:45:50.036521+00:00,53.699,4,2,api-gateway|vets-service,False,GET,/api/vet/vets,200,1,52.505,1
2026-07-22T21:47:46.330374+00:00,c39d301a6d769b5b,2026-07-22T21:45:48.936957+00:00,69.242,4,2,api-gateway|vets-service,False,GET,/api/vet/vets,200,1,56.859,1
2026-07-22T21:47:46.330374+00:00,f3177f00c81d1fd9,2026-07-22T21:45:49.606481+00:00,91.177,4,2,customers-service|api-gateway,False,GET,/api/customer/owners,200,1,86.832,1
2026-07-22T21:47:46.330374+00:00,4a0eb73e952b9955,2026-07-22T21:45:48.769372+00:00,74.53,4,2,api-gateway|vets-service,False,GET,/api/vet/vets,200,1,61.582,1
2026-07-22T21:47:46.330374+00:00,7f66d88822f587dd,2026-07-22T21:45:49.436304+00:00,35.12,4,2,customers-service|api-gateway,False,GET,/api/customer/owners/1,200,1,29.025,1
2026-07-22T21:47:46.330374+00:00,9ab8528c4461c4b9,2026-07-22T21:45:48.603441+00:00,24.443,3,2,visits-service|api-gateway,False,GET,/api/visit/owners/1/pets/1/visits,200,0,0.0,1
2026-07-22T21:47:46.330374+00:00,289b203caeec27ab,2026-07-22T21:45:49.106886+00:00,102.401,4,2,customers-service|api-gateway,False,GET,/api/customer/owners,200,1,100.197,1
2026-07-22T21:47:46.330374+00:00,e7ebdd25a7018773,2026-07-22T21:45:48.841670+00:00,11.789,3,2,visits-service|api-gateway,False,GET,/api/visit/owners/1/pets/1/visits,200,0,0.0,1
2026-07-22T21:47:46.330374+00:00,f2d98e59d6e2b8ea,2026-07-22T21:45:48.436559+00:00,38.48,4,2,customers-service|api-gateway,False,GET,/api/customer/owners/1,200,1,31.188,1
2026-07-22T21:47:46.330374+00:00,1b62c3d229aa365e,2026-07-22T21:45:47.603585+00:00,20.019,3,2,visits-service|api-gateway,False,GET,/api/visit/owners/1/pets/1/visits,200,0,0.0,1
2026-07-22T21:47:46.330374+00:00,6dd6bdc30774ebc0,2026-07-22T21:45:48.271911+00:00,104.076,4,2,customers-service|api-gateway,False,GET,/api/customer/owners,200,1,98.912,1
2026-07-22T21:47:46.330374+00:00,7bd13ea3b4e6ef14,2026-07-22T21:45:47.995534+00:00,12.375,3,2,visits-service|api-gateway,False,GET,/api/visit/owners/1/pets/1/visits,200,0,0.0,1
2026-07-22T21:47:46.330374+00:00,f1054c8514107c65,2026-07-22T21:45:47.936720+00:00,31.908,4,2,customers-service|api-gateway,False,GET,/api/customer/owners/1,200,1,27.408,1
2026-07-22T21:47:46.330374+00:00,fa50013776f2c7c6,2026-07-22T21:45:47.769631+00:00,96.253,4,2,customers-service|api-gateway,False,GET,/api/customer/owners,200,1,90.083,1
2026-07-22T21:47:46.330374+00:00,e86a0ca5962fb697,2026-07-22T21:45:46.936236+00:00,56.621,4,2,api-gateway|vets-service,False,GET,/api/vet/vets,200,1,43.718,1
2026-07-22T21:47:46.330374+00:00,c683bb3cfad06f85,2026-07-22T21:45:46.769657+00:00,70.541,4,2,api-gateway|vets-service,False,GET,/api/vet/vets,200,1,59.047,1
2026-07-22T21:47:46.330374+00:00,20975c915d60afa2,2026-07-22T21:45:47.437752+00:00,107.364,4,2,customers-service|api-gateway,False,GET,/api/customer/owners,200,1,102.922,1
2026-07-22T21:47:46.330374+00:00,0a8cbe1fd836693f,2026-07-22T21:45:47.107186+00:00,30.214,4,2,customers-service|api-gateway,False,GET,/api/customer/owners/1,200,1,27.659,1
2026-07-22T21:47:46.330374+00:00,80f7e974f6885758,2026-07-22T21:45:46.603315+00:00,101.12,4,2,customers-service|api-gateway,False,GET,/api/customer/owners,200,1,94.978,1
2026-07-22T21:48:48.325773+00:00,596f0760397a04a8,2026-07-22T21:48:48.356194+00:00,76.719,4,2,api-gateway|vets-service,False,GET,/api/vet/vets,200,1,67.412,1
2026-07-22T21:48:48.325773+00:00,b229a9e5086048e0,2026-07-22T21:48:48.189522+00:00,40.979,2,1,api-gateway,False,GET,/api/customer/owners/1,200,0,0.0,1
2026-07-22T21:48:48.325773+00:00,858fcdd1a9b664c7,2026-07-22T21:48:48.022397+00:00,91.686,2,1,api-gateway,False,GET,/api/customer/owners,200,0,0.0,1
2026-07-22T21:48:48.325773+00:00,36ebf81adf0c7167,2026-07-22T21:48:47.858969+00:00,89.409,4,2,customers-service|api-gateway,False,GET,/api/customer/owners,200,1,85.953,1
2026-07-22T21:48:48.325773+00:00,1074c237aa0fd303,2026-07-22T21:48:47.689438+00:00,67.18,4,2,api-gateway|vets-service,False,GET,/api/vet/vets,200,1,55.629,1
2026-07-22T21:48:48.325773+00:00,125d915131cf95b6,2026-07-22T21:48:47.607393+00:00,11.924,3,2,visits-service|api-gateway,False,GET,/api/visit/owners/1/pets/1/visits,200,0,0.0,1
2026-07-22T21:48:48.325773+00:00,2682c59bdc77360f,2026-07-22T21:48:47.358163+00:00,92.396,4,2,customers-service|api-gateway,False,GET,/api/customer/owners,200,1,90.955,1
2026-07-22T21:48:48.325773+00:00,9eaedf47e4afbb18,2026-07-22T21:48:47.192859+00:00,90.979,4,2,customers-service|api-gateway,False,GET,/api/customer/owners,200,1,89.282,1
2026-07-22T21:48:48.325773+00:00,9762fa2810996bde,2026-07-22T21:48:47.026237+00:00,86.343,4,2,customers-service|api-gateway,False,GET,/api/customer/owners,200,1,84.385,1
2026-07-22T21:48:48.325773+00:00,b98503b78e8ac41f,2026-07-22T21:48:46.856902+00:00,111.313,4,2,customers-service|api-gateway,False,GET,/api/customer/owners,200,1,104.391,1
2026-07-22T21:48:48.325773+00:00,b39518c6f884cd9a,2026-07-22T21:48:46.689971+00:00,66.866,4,2,api-gateway|vets-service,False,GET,/api/vet/vets,200,1,53.802,1
2026-07-22T21:48:48.325773+00:00,ea58b02ff50614e1,2026-07-22T21:48:46.528163+00:00,36.887,4,2,customers-service|api-gateway,False,GET,/api/customer/owners/1,200,1,34.724,1
2026-07-22T21:48:48.325773+00:00,0f368bc355bd40c9,2026-07-22T21:48:46.356520+00:00,80.872,4,2,api-gateway|vets-service,False,GET,/api/vet/vets,200,1,67.669,1
2026-07-22T21:48:48.325773+00:00,e774aa02025163d3,2026-07-22T21:48:46.189332+00:00,82.525,4,2,api-gateway|vets-service,False,GET,/api/vet/vets,200,1,67.945,1
2026-07-22T21:48:48.325773+00:00,0d1178cf724402d4,2026-07-22T21:48:46.022205+00:00,33.38,4,2,customers-service|api-gateway,False,GET,/api/customer/owners/1,200,1,29.832,1
2026-07-22T21:48:48.325773+00:00,2b1351001acbc3bd,2026-07-22T21:48:45.859296+00:00,111.506,4,2,customers-service|api-gateway,False,GET,/api/customer/owners,200,1,107.817,1
2026-07-22T21:48:48.325773+00:00,3251804eecaf0987,2026-07-22T21:48:45.689755+00:00,75.663,4,2,api-gateway|vets-service,False,GET,/api/vet/vets,200,1,62.68,1
2026-07-22T21:48:48.325773+00:00,764ef2844718ef9e,2026-07-22T21:48:45.523525+00:00,106.127,4,2,customers-service|api-gateway,False,GET,/api/customer/owners,200,1,99.659,1
2026-07-22T21:48:48.325773+00:00,d6eb175ab6be5409,2026-07-22T21:48:45.358710+00:00,27.765,4,2,customers-service|api-gateway,False,GET,/api/customer/owners/1,200,1,27.765,1
2026-07-22T21:48:48.325773+00:00,131408010bdcfa1d,2026-07-22T21:48:45.192955+00:00,37.076,4,2,customers-service|api-gateway,False,GET,/api/customer/owners/1,200,1,35.383,1
2026-07-22T21:48:48.325773+00:00,a57a9696ad05af2c,2026-07-22T21:48:45.023131+00:00,71.285,4,2,api-gateway|vets-service,False,GET,/api/vet/vets,200,1,58.996,1
2026-07-22T21:48:48.325773+00:00,2b5f554b7b272e5e,2026-07-22T21:48:44.907305+00:00,12.481,3,2,visits-service|api-gateway,False,GET,/api/visit/owners/1/pets/1/visits,200,0,0.0,1
2026-07-22T21:48:48.325773+00:00,f0a4096b6fbe71c5,2026-07-22T21:48:44.689015+00:00,70.885,4,2,api-gateway|vets-service,False,GET,/api/vet/vets,200,1,60.083,1
2026-07-22T21:48:48.325773+00:00,27e5b95cfa22975b,2026-07-22T21:48:44.525569+00:00,32.153,4,2,customers-service|api-gateway,False,GET,/api/customer/owners/1,200,1,30.601,1
2026-07-22T21:48:48.325773+00:00,702b229de6fc0716,2026-07-22T21:48:44.359482+00:00,94.204,4,2,customers-service|api-gateway,False,GET,/api/customer/owners,200,1,92.471,1
2026-07-22T21:48:48.325773+00:00,d9c771e91b7fef23,2026-07-22T21:48:44.237805+00:00,15.416,3,2,visits-service|api-gateway,False,GET,/api/visit/owners/1/pets/1/visits,200,0,0.0,1
2026-07-22T21:48:48.325773+00:00,cffef8c62127a76c,2026-07-22T21:48:44.022880+00:00,40.78,4,2,customers-service|api-gateway,False,GET,/api/customer/owners/1,200,1,33.703,1
2026-07-22T21:48:48.325773+00:00,7ed2cb922e725493,2026-07-22T21:48:43.856601+00:00,73.289,4,2,api-gateway|vets-service,False,GET,/api/vet/vets,200,1,59.043,1
2026-07-22T21:48:48.325773+00:00,f5f784bb7dfe960d,2026-07-22T21:48:43.689288+00:00,46.697,4,2,customers-service|api-gateway,False,GET,/api/customer/owners/1,200,1,40.676,1
2026-07-22T21:48:48.325773+00:00,2a68801c35aaf19c,2026-07-22T21:48:43.523760+00:00,72.904,4,2,api-gateway|vets-service,False,GET,/api/vet/vets,200,1,60.05,1
2026-07-22T21:48:48.325773+00:00,014d7ff21ebcb75f,2026-07-22T21:48:43.356744+00:00,77.853,4,2,api-gateway|vets-service,False,GET,/api/vet/vets,200,1,64.113,1
2026-07-22T21:48:48.325773+00:00,da11a0893089a5b3,2026-07-22T21:48:43.229708+00:00,7.779,3,2,visits-service|api-gateway,False,GET,/api/visit/owners/1/pets/1/visits,200,0,0.0,1
2026-07-22T21:48:48.325773+00:00,61f320135b5e30ab,2026-07-22T21:48:43.060218+00:00,11.074,3,2,visits-service|api-gateway,False,GET,/api/visit/owners/1/pets/1/visits,200,0,0.0,1
2026-07-22T21:48:48.325773+00:00,a1a956cd4a9663aa,2026-07-22T21:48:42.856647+00:00,101.945,4,2,customers-service|api-gateway,False,GET,/api/customer/owners,200,1,95.366,1
2026-07-22T21:48:48.325773+00:00,e1a2e97dca1fcf87,2026-07-22T21:48:42.725310+00:00,11.895,3,2,visits-service|api-gateway,False,GET,/api/visit/owners/1/pets/1/visits,200,0,0.0,1
2026-07-22T21:48:48.325773+00:00,253511652652c409,2026-07-22T21:48:42.523017+00:00,42.369,4,2,customers-service|api-gateway,False,GET,/api/customer/owners/1,200,1,28.383,1
2026-07-22T21:48:48.325773+00:00,bbbcfa55e3ecddac,2026-07-22T21:48:42.359080+00:00,93.24,4,2,customers-service|api-gateway,False,GET,/api/customer/owners,200,1,91.784,1
2026-07-22T21:48:48.325773+00:00,f4bf46041b7f3c40,2026-07-22T21:48:42.194132+00:00,109.045,4,2,customers-service|api-gateway,False,GET,/api/customer/owners,200,1,106.495,1
2026-07-22T21:48:48.325773+00:00,e33633f098d88562,2026-07-22T21:48:42.023628+00:00,40.871,4,2,customers-service|api-gateway,False,GET,/api/customer/owners/1,200,1,33.476,1
2026-07-22T21:48:48.325773+00:00,2b427c0578cf5a16,2026-07-22T21:48:41.856423+00:00,45.707,4,2,customers-service|api-gateway,False,GET,/api/customer/owners/1,200,1,38.195,1
2026-07-22T21:48:48.325773+00:00,5dacc97170fb61f2,2026-07-22T21:48:41.717691+00:00,11.431,3,2,visits-service|api-gateway,False,GET,/api/visit/owners/1/pets/1/visits,200,0,0.0,1
2026-07-22T21:48:48.325773+00:00,acd07b6a81a348fa,2026-07-22T21:48:41.523720+00:00,45.331,4,2,customers-service|api-gateway,False,GET,/api/customer/owners/1,200,1,38.559,1
2026-07-22T21:48:48.325773+00:00,e39b77886ce714b1,2026-07-22T21:48:41.360884+00:00,102.338,4,2,customers-service|api-gateway,False,GET,/api/customer/owners,200,1,100.025,1
2026-07-22T21:48:48.325773+00:00,acc310a9dbcfb89f,2026-07-22T21:48:41.194193+00:00,106.248,4,2,customers-service|api-gateway,False,GET,/api/customer/owners,200,1,103.544,1
2026-07-22T21:48:48.325773+00:00,36019e86f328a982,2026-07-22T21:48:41.027012+00:00,107.659,4,2,customers-service|api-gateway,False,GET,/api/customer/owners,200,1,104.795,1
2026-07-22T21:48:48.325773+00:00,cbc58508b7aaa0d1,2026-07-22T21:48:40.875894+00:00,19.689,3,2,visits-service|api-gateway,False,GET,/api/visit/owners/1/pets/1/visits,200,0,0.0,1
2026-07-22T21:48:48.325773+00:00,ea00cbcf1add9b05,2026-07-22T21:48:40.690130+00:00,40.567,4,2,customers-service|api-gateway,False,GET,/api/customer/owners/1,200,1,32.647,1
2026-07-22T21:48:48.325773+00:00,aafcddb0b8a60923,2026-07-22T21:48:40.523601+00:00,48.65,4,2,customers-service|api-gateway,False,GET,/api/customer/owners/1,200,1,41.566,1
2026-07-22T21:48:48.325773+00:00,99366b7cf362c1b1,2026-07-22T21:48:40.372599+00:00,9.352,3,2,visits-service|api-gateway,False,GET,/api/visit/owners/1/pets/1/visits,200,0,0.0,1
2026-07-22T21:48:48.325773+00:00,a6635bc806af5ac8,2026-07-22T21:48:40.207677+00:00,11.592,3,2,visits-service|api-gateway,False,GET,/api/visit/owners/1/pets/1/visits,200,0,0.0,1
2026-07-22T21:48:48.325773+00:00,f312cb4a2081d0d3,2026-07-22T21:48:40.038649+00:00,58.952,4,2,api-gateway|vets-service,False,GET,/api/vet/vets,200,1,57.697,1
2026-07-22T21:48:48.325773+00:00,3325f1af6cb8292c,2026-07-22T21:48:39.699679+00:00,51.732,4,2,api-gateway|vets-service,False,GET,/api/vet/vets,200,1,50.463,1
2026-07-22T21:48:48.325773+00:00,067de0f3e311c504,2026-07-22T21:48:39.526610+00:00,67.758,4,2,api-gateway|vets-service,False,GET,/api/vet/vets,200,1,66.2,1
2026-07-22T21:48:48.325773+00:00,b8d64ab739677792,2026-07-22T21:48:38.879251+00:00,101.923,4,2,customers-service|api-gateway,False,GET,/api/customer/owners,200,1,95.547,1
2026-07-22T21:48:48.325773+00:00,6648f9a8b80e5a65,2026-07-22T21:48:38.384749+00:00,87.373,4,2,customers-service|api-gateway,False,GET,/api/customer/owners,200,1,85.345,1
2026-07-22T21:48:48.325773+00:00,090cf4ae968e6209,2026-07-22T21:48:38.217018+00:00,103.034,4,2,customers-service|api-gateway,False,GET,/api/customer/owners,200,1,100.794,1
2026-07-22T21:48:48.325773+00:00,18d702d10faa5e6b,2026-07-22T21:48:38.162056+00:00,65.085,4,2,api-gateway|vets-service,False,GET,/api/vet/vets,200,1,63.523,1
2026-07-22T21:48:48.325773+00:00,737794fcfabc13dc,2026-07-22T21:48:38.046575+00:00,40.91,4,2,customers-service|api-gateway,False,GET,/api/customer/owners/1,200,1,34.377,1
2026-07-22T21:48:48.325773+00:00,de21a64ea3f68ac8,2026-07-22T21:48:37.991514+00:00,13.172,3,2,visits-service|api-gateway,False,GET,/api/visit/owners/1/pets/1/visits,200,0,0.0,1
2026-07-22T21:48:48.325773+00:00,a7642aae3d519ce5,2026-07-22T21:48:37.880502+00:00,45.393,4,2,customers-service|api-gateway,False,GET,/api/customer/owners/1,200,1,37.144,1
2026-07-22T21:48:48.325773+00:00,2e56f52a5d37db3d,2026-07-22T21:48:37.712282+00:00,39.175,4,2,customers-service|api-gateway,False,GET,/api/customer/owners/1,200,1,34.262,1
2026-07-22T21:48:48.325773+00:00,e534d4b7941b053b,2026-07-22T21:48:37.649727+00:00,55.672,4,2,api-gateway|vets-service,False,GET,/api/vet/vets,200,1,54.403,1
2026-07-22T21:48:48.325773+00:00,372199cc52ba12a1,2026-07-22T21:48:37.545822+00:00,89.95,4,2,customers-service|api-gateway,False,GET,/api/customer/owners,200,1,85.658,1
2026-07-22T21:48:48.325773+00:00,f9bd5a2ddf3bd701,2026-07-22T21:48:36.546150+00:00,66.411,4,2,api-gateway|vets-service,False,GET,/api/vet/vets,200,1,56.949,1
2026-07-22T21:48:48.325773+00:00,0fed38f94e2e57f2,2026-07-22T21:48:37.382920+00:00,93.719,4,2,customers-service|api-gateway,False,GET,/api/customer/owners,200,1,92.177,1
2026-07-22T21:48:48.325773+00:00,b4eb366b9f84265f,2026-07-22T21:48:36.965689+00:00,61.361,4,2,api-gateway|vets-service,False,GET,/api/vet/vets,200,1,59.789,1
2026-07-22T21:48:48.325773+00:00,7e01bcb583af78d7,2026-07-22T21:48:36.879249+00:00,43.712,4,2,customers-service|api-gateway,False,GET,/api/customer/owners/1,200,1,36.5,1
2026-07-22T21:48:48.325773+00:00,8155f4a047484fc7,2026-07-22T21:48:36.450785+00:00,120.397,4,2,api-gateway|vets-service,False,GET,/api/vet/vets,200,1,118.815,1
2026-07-22T21:48:48.325773+00:00,49fc4f8042561f52,2026-07-22T21:48:36.383163+00:00,105.783,4,2,customers-service|api-gateway,False,GET,/api/customer/owners,200,1,103.887,1
2026-07-22T21:48:48.325773+00:00,93458d8851eafb7c,2026-07-22T21:48:36.282863+00:00,10.608,3,2,visits-service|api-gateway,False,GET,/api/visit/owners/1/pets/1/visits,200,0,0.0,1
2026-07-22T21:48:48.325773+00:00,71933db2c689ddc8,2026-07-22T21:48:36.217764+00:00,98.15,4,2,customers-service|api-gateway,False,GET,/api/customer/owners,200,1,95.603,1
2026-07-22T21:48:48.325773+00:00,5c0e2ab7354e549e,2026-07-22T21:48:36.111317+00:00,425.905,4,2,api-gateway|vets-service,False,GET,/api/vet/vets,200,1,424.578,1
2026-07-22T21:48:48.325773+00:00,692b151d9404f7be,2026-07-22T21:48:35.939797+00:00,114.655,3,2,visits-service|api-gateway,False,GET,/api/visit/owners/1/pets/1/visits,200,0,0.0,1
2026-07-22T21:48:48.325773+00:00,0ea77ce12f8763ee,2026-07-22T21:48:35.879645+00:00,44.801,4,2,customers-service|api-gateway,False,GET,/api/customer/owners/1,200,1,37.789,1
2026-07-22T21:48:48.325773+00:00,01340d58436edcaf,2026-07-22T21:48:35.769194+00:00,303.631,4,2,api-gateway|vets-service,False,GET,/api/vet/vets,200,1,302.328,1
2026-07-22T21:48:48.325773+00:00,bc1af8bb258424c9,2026-07-22T21:48:35.712707+00:00,108.36,4,2,customers-service|api-gateway,False,GET,/api/customer/owners,200,1,100.745,1
2026-07-22T21:48:48.325773+00:00,125add2857b00a52,2026-07-22T21:48:35.598178+00:00,456.053,4,2,api-gateway|vets-service,False,GET,/api/vet/vets,200,1,454.437,1
2026-07-22T21:48:48.325773+00:00,76192cb9fe37de7d,2026-07-22T21:48:34.545234+00:00,162.141,3,2,visits-service|api-gateway,False,GET,/api/visit/owners/1/pets/1/visits,200,0,0.0,1
2026-07-22T21:48:48.325773+00:00,69c96da926f8288a,2026-07-22T21:48:34.743331+00:00,369.893,4,2,api-gateway|vets-service,False,GET,/api/vet/vets,200,1,368.182,1
2026-07-22T21:48:48.325773+00:00,d8a7ad525f3e6481,2026-07-22T21:48:33.545757+00:00,18.461,3,2,visits-service|api-gateway,False,GET,/api/visit/owners/1/pets/1/visits,200,0,0.0,1
2026-07-22T21:48:48.325773+00:00,8afc1eff4971c9f4,2026-07-22T21:48:34.381772+00:00,111.877,4,2,customers-service|api-gateway,False,GET,/api/customer/owners/1,200,1,109.644,1
2026-07-22T21:48:48.325773+00:00,ff8cbe5ca8e336b1,2026-07-22T21:48:34.217848+00:00,282.47,4,2,customers-service|api-gateway,False,GET,/api/customer/owners,200,1,280.2,1
2026-07-22T21:48:48.325773+00:00,66fd840d4edd312a,2026-07-22T21:48:34.046212+00:00,652.51,4,2,customers-service|api-gateway,False,GET,/api/customer/owners,200,1,645.168,1
2026-07-22T21:48:48.325773+00:00,95b08960a5e1d375,2026-07-22T21:48:33.046284+00:00,510.132,4,2,api-gateway|vets-service,False,GET,/api/vet/vets,200,1,487.548,1
2026-07-22T21:48:48.325773+00:00,43c238a5f4cce7c1,2026-07-22T21:48:32.879320+00:00,676.294,4,2,api-gateway|vets-service,False,GET,/api/vet/vets,200,1,682.17,1
2026-07-22T21:48:48.325773+00:00,11b694e695adf656,2026-07-22T21:48:33.712817+00:00,80.853,4,2,customers-service|api-gateway,False,GET,/api/customer/owners/1,200,1,74.483,1
2026-07-22T21:48:48.325773+00:00,2e226f95eb74dea0,2026-07-22T21:48:33.379754+00:00,427.053,4,2,customers-service|api-gateway,False,GET,/api/customer/owners,200,1,421.232,1
2026-07-22T21:48:48.325773+00:00,831d28588978b8f2,2026-07-22T21:48:32.546134+00:00,69.081,3,2,visits-service|api-gateway,False,GET,/api/visit/owners/1/pets/1/visits,200,0,0.0,1
2026-07-22T21:48:48.325773+00:00,e88627d4b5d85792,2026-07-22T21:48:33.216647+00:00,123.519,4,2,customers-service|api-gateway,False,GET,/api/customer/owners/1,200,1,123.519,1
2026-07-22T21:48:48.325773+00:00,25102d1b50ef3ecc,2026-07-22T21:48:32.212844+00:00,412.697,4,2,api-gateway|vets-service,False,GET,/api/vet/vets,200,1,410.545,1
2026-07-22T21:48:48.325773+00:00,fde356760e8aec28,2026-07-22T21:48:32.715897+00:00,615.85,4,2,customers-service|api-gateway,False,GET,/api/customer/owners/1,200,1,613.281,1
2026-07-22T21:48:48.325773+00:00,f580846d39f09b79,2026-07-22T21:48:32.691580+00:00,33.589,3,2,visits-service|api-gateway,False,GET,/api/visit/owners/1/pets/1/visits,200,0,0.0,1
2026-07-22T21:48:48.325773+00:00,142075e459bf11b4,2026-07-22T21:48:32.380267+00:00,234.952,4,2,customers-service|api-gateway,False,GET,/api/customer/owners/1,200,1,226.395,1
2026-07-22T21:48:48.325773+00:00,004c59a3b5f76552,2026-07-22T21:48:32.046295+00:00,559.242,4,2,customers-service|api-gateway,False,GET,/api/customer/owners,200,1,555.229,1
2026-07-22T21:48:48.325773+00:00,a114454c7892c0ab,2026-07-22T21:48:31.712915+00:00,225.911,4,2,customers-service|api-gateway,False,GET,/api/customer/owners/1,200,1,221.296,1
2026-07-22T21:48:48.325773+00:00,137faf9fe411afc0,2026-07-22T21:48:31.669196+00:00,131.03,3,2,visits-service|api-gateway,False,GET,/api/visit/owners/1/pets/1/visits,200,0,0.0,1
2026-07-22T21:48:48.325773+00:00,ec462394b86d14bc,2026-07-22T21:48:31.546434+00:00,172.103,4,2,customers-service|api-gateway,False,GET,/api/customer/owners,200,1,125.909,1
2026-07-22T21:48:48.325773+00:00,72e420f6468def7b,2026-07-22T21:48:31.500631+00:00,63.187,4,2,api-gateway|vets-service,False,GET,/api/vet/vets,200,1,61.623,1
2026-07-22T21:48:48.325773+00:00,86cda1868d5d514d,2026-07-22T21:48:31.378868+00:00,315.28,4,2,customers-service|api-gateway,False,GET,/api/customer/owners,200,1,282.168,1
2026-07-22T21:48:48.325773+00:00,516c193a141390a7,2026-07-22T21:48:30.545813+00:00,76.422,4,2,api-gateway|vets-service,False,GET,/api/vet/vets,200,1,62.419,1
2026-07-22T21:48:48.325773+00:00,33fffafa4cb60963,2026-07-22T21:48:31.245100+00:00,431.173,4,2,customers-service|api-gateway,False,GET,/api/customer/owners,200,1,427.135,1
2026-07-22T21:48:48.325773+00:00,a3f10a44fa1c09fc,2026-07-22T21:48:31.155023+00:00,64.512,4,2,api-gateway|vets-service,False,GET,/api/vet/vets,200,1,62.988,1
2026-07-22T21:48:48.325773+00:00,fa42d3ecf2b427c9,2026-07-22T21:48:31.046682+00:00,546.59,4,2,customers-service|api-gateway,False,GET,/api/customer/owners,200,1,539.858,1
2026-07-22T21:48:48.325773+00:00,dfd2d10f92bccd28,2026-07-22T21:48:30.643184+00:00,53.97,4,2,api-gateway|vets-service,False,GET,/api/vet/vets,200,1,52.774,1
2026-07-22T21:48:48.325773+00:00,42c78693de72b8b6,2026-07-22T21:48:30.472374+00:00,52.907,4,2,api-gateway|vets-service,False,GET,/api/vet/vets,200,1,51.669,1
2026-07-22T21:48:48.325773+00:00,9e20ca283dc69819,2026-07-22T21:48:30.216281+00:00,103.749,4,2,customers-service|api-gateway,False,GET,/api/customer/owners,200,1,101.197,1
2026-07-22T21:48:48.325773+00:00,b847736db137d0f0,2026-07-22T21:48:30.059128+00:00,101.979,4,2,customers-service|api-gateway,False,GET,/api/customer/owners,200,1,99.54,1
2026-07-22T21:48:48.325773+00:00,8e4efae104380fa2,2026-07-22T21:48:29.616536+00:00,12.192,3,2,visits-service|api-gateway,False,GET,/api/visit/owners/1/pets/1/visits,200,0,0.0,1
2026-07-22T21:48:48.325773+00:00,e728b504762b8c94,2026-07-22T21:48:29.546294+00:00,34.373,4,2,customers-service|api-gateway,False,GET,/api/customer/owners/1,200,1,30.092,1
2026-07-22T21:48:48.325773+00:00,d82b881e8c8d5ec5,2026-07-22T21:48:29.445386+00:00,69.505,4,2,api-gateway|vets-service,False,GET,/api/vet/vets,200,1,67.89,1
2026-07-22T21:48:48.325773+00:00,deb59ae9188a3b3e,2026-07-22T21:48:29.381626+00:00,83.595,4,2,customers-service|api-gateway,False,GET,/api/customer/owners,200,1,82.108,1
2026-07-22T21:48:48.325773+00:00,d746e9c54613e7f4,2026-07-22T21:48:29.216373+00:00,94.751,4,2,customers-service|api-gateway,False,GET,/api/customer/owners,200,1,93.024,1
2026-07-22T21:48:48.325773+00:00,8f3e16a9b1d1a317,2026-07-22T21:48:29.047547+00:00,80.567,4,2,customers-service|api-gateway,False,GET,/api/customer/owners,200,1,79.188,1
2026-07-22T21:48:48.325773+00:00,726d21b855e8a223,2026-07-22T21:48:28.761862+00:00,59.63,4,2,api-gateway|vets-service,False,GET,/api/vet/vets,200,1,58.227,1
2026-07-22T21:48:48.325773+00:00,842bbc7403e9bc95,2026-07-22T21:48:28.591445+00:00,15.106,3,2,visits-service|api-gateway,False,GET,/api/visit/owners/1/pets/1/visits,200,0,0.0,1
2026-07-22T21:48:48.325773+00:00,4ee00c95e422d864,2026-07-22T21:48:28.545324+00:00,32.494,4,2,customers-service|api-gateway,False,GET,/api/customer/owners/1,200,1,27.912,1
2026-07-22T21:48:48.325773+00:00,4feb99a7d19d44f6,2026-07-22T21:48:28.423424+00:00,63.703,4,2,api-gateway|vets-service,False,GET,/api/vet/vets,200,1,62.457,1
2026-07-22T21:48:48.325773+00:00,1fbf1eeb91cbc7b7,2026-07-22T21:48:28.381194+00:00,35.052,4,2,customers-service|api-gateway,False,GET,/api/customer/owners/1,200,1,33.503,1
2026-07-22T21:48:48.325773+00:00,a852a9975f2da36f,2026-07-22T21:48:28.215554+00:00,87.307,4,2,customers-service|api-gateway,False,GET,/api/customer/owners,200,1,87.307,1
2026-07-22T21:48:48.325773+00:00,0cbada9011f06c69,2026-07-22T21:48:27.725037+00:00,59.665,4,2,api-gateway|vets-service,False,GET,/api/vet/vets,200,1,58.304,1
2026-07-22T21:48:48.325773+00:00,db1d34b9e4dc322e,2026-07-22T21:48:27.545682+00:00,35.586,4,2,customers-service|api-gateway,False,GET,/api/customer/owners/1,200,1,30.477,1
2026-07-22T21:48:48.325773+00:00,7bf1210864f7173e,2026-07-22T21:48:27.381550+00:00,84.625,4,2,customers-service|api-gateway,False,GET,/api/customer/owners,200,1,83.258,1
2026-07-22T21:48:48.325773+00:00,3eea0def42d7e531,2026-07-22T21:48:27.364611+00:00,68.687,4,2,api-gateway|vets-service,False,GET,/api/vet/vets,200,1,67.288,1
2026-07-22T21:48:48.325773+00:00,63832f3a90ed9d19,2026-07-22T21:48:27.216715+00:00,90.929,4,2,customers-service|api-gateway,False,GET,/api/customer/owners,200,1,89.214,1
2026-07-22T21:48:48.325773+00:00,f2052504fc296d87,2026-07-22T21:48:26.878534+00:00,79.195,4,2,customers-service|api-gateway,False,GET,/api/customer/owners,200,1,75.43,1
2026-07-22T21:48:48.325773+00:00,e4b722b6de728f61,2026-07-22T21:48:26.639996+00:00,55.421,4,2,api-gateway|vets-service,False,GET,/api/vet/vets,200,1,54.272,1
2026-07-22T21:48:48.325773+00:00,962cecac77e12c9a,2026-07-22T21:48:26.546362+00:00,82.516,4,2,customers-service|api-gateway,False,GET,/api/customer/owners,200,1,76.845,1
2026-07-22T21:48:48.325773+00:00,13164cca2f6762af,2026-07-22T21:48:26.382537+00:00,42.458,4,2,customers-service|api-gateway,False,GET,/api/customer/owners/1,200,1,40.425,1
2026-07-22T21:48:48.325773+00:00,45e8d7009d0f0990,2026-07-22T21:48:26.215658+00:00,26.998,4,2,customers-service|api-gateway,False,GET,/api/customer/owners/1,200,1,25.468,1
2026-07-22T21:48:48.325773+00:00,4d3e131ea627fcff,2026-07-22T21:48:25.916372+00:00,67.87,4,2,api-gateway|vets-service,False,GET,/api/vet/vets,200,1,66.333,1
2026-07-22T21:48:48.325773+00:00,996ee4c258827ec0,2026-07-22T21:48:25.878855+00:00,97.47,4,2,customers-service|api-gateway,False,GET,/api/customer/owners,200,1,91.101,1
2026-07-22T21:48:48.325773+00:00,df361d9ab9c01310,2026-07-22T21:48:25.712821+00:00,84.302,4,2,customers-service|api-gateway,False,GET,/api/customer/owners,200,1,80.1,1
2026-07-22T21:48:48.325773+00:00,ce74bb4b72bb302d,2026-07-22T21:48:25.550917+00:00,7.926,3,2,visits-service|api-gateway,False,GET,/api/visit/owners/1/pets/1/visits,200,0,0.0,1
2026-07-22T21:48:48.325773+00:00,d4383d7dddbf66af,2026-07-22T21:48:25.545957+00:00,80.498,4,2,customers-service|api-gateway,False,GET,/api/customer/owners,200,1,76.894,1
2026-07-22T21:48:48.325773+00:00,dc968fdcd50280cf,2026-07-22T21:48:25.216906+00:00,79.758,4,2,customers-service|api-gateway,False,GET,/api/customer/owners,200,1,77.997,1
2026-07-22T21:48:48.325773+00:00,b50f2589fbcaae7d,2026-07-22T21:48:24.712378+00:00,15.852,3,2,visits-service|api-gateway,False,GET,/api/visit/owners/1/pets/1/visits,200,0,0.0,1
2026-07-22T21:48:48.325773+00:00,e8db08718a3f56bc,2026-07-22T21:48:24.879401+00:00,75.952,4,2,customers-service|api-gateway,False,GET,/api/customer/owners,200,1,70.79,1
2026-07-22T21:48:48.325773+00:00,f50d7f9438acfa31,2026-07-22T21:48:24.825730+00:00,12.786,3,2,visits-service|api-gateway,False,GET,/api/visit/owners/1/pets/1/visits,200,0,0.0,1
2026-07-22T21:48:48.325773+00:00,c738a5b12f143db9,2026-07-22T21:48:24.545897+00:00,24.353,4,2,customers-service|api-gateway,False,GET,/api/customer/owners/1,200,1,20.536,1
2026-07-22T21:48:48.325773+00:00,0292d3c8d1a0059d,2026-07-22T21:48:23.879275+00:00,70.397,4,2,api-gateway|vets-service,False,GET,/api/vet/vets,200,1,61.247,1
2026-07-22T21:48:48.325773+00:00,a36433c2a299377f,2026-07-22T21:48:24.215230+00:00,25.599,4,2,customers-service|api-gateway,False,GET,/api/customer/owners/1,200,1,24.061,1
2026-07-22T21:48:48.325773+00:00,46aaed7250568b72,2026-07-22T21:48:24.049523+00:00,39.691,4,2,customers-service|api-gateway,False,GET,/api/customer/owners/1,200,1,37.737,1
2026-07-22T21:48:48.325773+00:00,4506624b70598b26,2026-07-22T21:48:23.740312+00:00,5.621,3,2,visits-service|api-gateway,False,GET,/api/visit/owners/1/pets/1/visits,200,0,0.0,1
2026-07-22T21:48:48.325773+00:00,9a788e874a209eab,2026-07-22T21:48:23.713053+00:00,38.122,4,2,customers-service|api-gateway,False,GET,/api/customer/owners/1,200,1,31.957,1
2026-07-22T21:48:48.325773+00:00,f71e6da22b3253b3,2026-07-22T21:48:23.559369+00:00,11.775,3,2,visits-service|api-gateway,False,GET,/api/visit/owners/1/pets/1/visits,200,0,0.0,1
2026-07-22T21:48:48.325773+00:00,017465da980d534f,2026-07-22T21:48:23.546057+00:00,43.893,4,2,customers-service|api-gateway,False,GET,/api/customer/owners/1,200,1,37.614,1
2026-07-22T21:48:48.325773+00:00,0326f0161b4751e0,2026-07-22T21:48:23.377319+00:00,59.043,4,2,api-gateway|vets-service,False,GET,/api/vet/vets,200,1,57.498,1
2026-07-22T21:48:48.325773+00:00,52098c0f253cfa84,2026-07-22T21:48:22.712101+00:00,72.939,4,2,api-gateway|vets-service,False,GET,/api/vet/vets,200,1,60.239,1
2026-07-22T21:48:48.325773+00:00,28af1e23ca99a1e9,2026-07-22T21:48:22.878956+00:00,78.566,4,2,customers-service|api-gateway,False,GET,/api/customer/owners,200,1,74.905,1
2026-07-22T21:48:48.325773+00:00,bc24b06d7c7fb00b,2026-07-22T21:48:22.546213+00:00,24.215,3,2,visits-service|api-gateway,False,GET,/api/visit/owners/1/pets/1/visits,200,0,0.0,1
2026-07-22T21:48:48.325773+00:00,f8d6710ee1cb83a9,2026-07-22T21:48:22.505306+00:00,68.936,4,2,api-gateway|vets-service,False,GET,/api/vet/vets,200,1,67.443,1
2026-07-22T21:48:48.325773+00:00,40d9c16d8891e8ed,2026-07-22T21:48:22.382069+00:00,35.597,4,2,customers-service|api-gateway,False,GET,/api/customer/owners/1,200,1,33.89,1
2026-07-22T21:48:48.325773+00:00,0639c6e18e91532f,2026-07-22T21:48:22.050529+00:00,101.447,4,2,customers-service|api-gateway,False,GET,/api/customer/owners,200,1,99.143,1
2026-07-22T21:48:48.325773+00:00,e41cc02867a97bd1,2026-07-22T21:48:21.879649+00:00,42.036,4,2,customers-service|api-gateway,False,GET,/api/customer/owners/1,200,1,35.049,1
2026-07-22T21:48:48.325773+00:00,84c1628699c1465d,2026-07-22T21:48:21.713062+00:00,41.288,4,2,customers-service|api-gateway,False,GET,/api/customer/owners/1,200,1,34.587,1
2026-07-22T21:48:48.325773+00:00,303d2c4012656065,2026-07-22T21:48:21.546206+00:00,42.235,4,2,customers-service|api-gateway,False,GET,/api/customer/owners/1,200,1,27.335,1
2026-07-22T21:48:48.325773+00:00,d03434867a057fc0,2026-07-22T21:48:21.383477+00:00,93.703,4,2,customers-service|api-gateway,False,GET,/api/customer/owners,200,1,90.756,1
2026-07-22T21:48:48.325773+00:00,7f418261ad739ea4,2026-07-22T21:48:21.046503+00:00,25.217,3,2,visits-service|api-gateway,False,GET,/api/visit/owners/1/pets/1/visits,200,0,0.0,1
2026-07-22T21:48:48.325773+00:00,91a90f6ab16a65c0,2026-07-22T21:48:21.216613+00:00,38.934,4,2,customers-service|api-gateway,False,GET,/api/customer/owners/1,200,1,36.496,1
2026-07-22T21:48:48.325773+00:00,7611f1cc8e1c56a3,2026-07-22T21:48:20.879300+00:00,41.738,4,2,customers-service|api-gateway,False,GET,/api/customer/owners/1,200,1,34.813,1
2026-07-22T21:48:48.325773+00:00,6e94af3038c8677c,2026-07-22T21:48:20.545916+00:00,71.105,4,2,api-gateway|vets-service,False,GET,/api/vet/vets,200,1,60.792,1
2026-07-22T21:48:48.325773+00:00,dad2277d6475d156,2026-07-22T21:48:20.714705+00:00,46.597,4,2,customers-service|api-gateway,False,GET,/api/customer/owners/1,200,1,42.222,1
2026-07-22T21:48:48.325773+00:00,c337bdc0a5d191cf,2026-07-22T21:48:20.445426+00:00,64.059,4,2,api-gateway|vets-service,False,GET,/api/vet/vets,200,1,62.567,1
2026-07-22T21:48:48.325773+00:00,d6fc295390709fb4,2026-07-22T21:48:20.383078+00:00,81.31,4,2,customers-service|api-gateway,False,GET,/api/customer/owners,200,1,79.757,1
2026-07-22T21:48:48.325773+00:00,876eec5fffc457ff,2026-07-22T21:48:20.047666+00:00,36.354,4,2,customers-service|api-gateway,False,GET,/api/customer/owners/1,200,1,34.671,1
2026-07-22T21:48:48.325773+00:00,44da9085ea79d1a1,2026-07-22T21:48:19.712433+00:00,72.532,4,2,api-gateway|vets-service,False,GET,/api/vet/vets,200,1,60.771,1
2026-07-22T21:48:48.325773+00:00,b98b17489c5fdea2,2026-07-22T21:48:19.879641+00:00,38.399,4,2,customers-service|api-gateway,False,GET,/api/customer/owners/1,200,1,31.508,1
2026-07-22T21:48:48.325773+00:00,7968100af19188dd,2026-07-22T21:48:19.545697+00:00,18.925,3,2,visits-service|api-gateway,False,GET,/api/visit/owners/1/pets/1/visits,200,0,0.0,1
2026-07-22T21:48:48.325773+00:00,d985aa3942842238,2026-07-22T21:48:19.213032+00:00,16.893,3,2,visits-service|api-gateway,False,GET,/api/visit/owners/1/pets/1/visits,200,0,0.0,1
2026-07-22T21:48:48.325773+00:00,ac8de22a6792b8c3,2026-07-22T21:48:19.399994+00:00,37.222,4,2,customers-service|api-gateway,False,GET,/api/customer/owners/1,200,1,34.495,1
2026-07-22T21:48:48.325773+00:00,bb10fe3f7749fd95,2026-07-22T21:48:19.046323+00:00,23.529,3,2,visits-service|api-gateway,False,GET,/api/visit/owners/1/pets/1/visits,200,0,0.0,1
2026-07-22T21:48:48.325773+00:00,33cc8f38bae4020c,2026-07-22T21:48:18.879336+00:00,76.828,4,2,api-gateway|vets-service,False,GET,/api/vet/vets,200,1,66.782,1
2026-07-22T21:48:48.325773+00:00,5301d7a87e800bd4,2026-07-22T21:48:18.713301+00:00,79.154,4,2,api-gateway|vets-service,False,GET,/api/vet/vets,200,1,68.148,1
2026-07-22T21:48:48.325773+00:00,4963d82c2fec1812,2026-07-22T21:48:18.554840+00:00,7.675,3,2,visits-service|api-gateway,False,GET,/api/visit/owners/1/pets/1/visits,200,0,0.0,1
2026-07-22T21:48:48.325773+00:00,0fe51f6b6786b8fe,2026-07-22T21:48:18.545852+00:00,42.343,4,2,customers-service|api-gateway,False,GET,/api/customer/owners/1,200,1,35.01,1
2026-07-22T21:48:48.325773+00:00,65c7b75d64bf6b05,2026-07-22T21:48:18.214770+00:00,87.057,4,2,customers-service|api-gateway,False,GET,/api/customer/owners,200,1,85.458,1
2026-07-22T21:48:48.325773+00:00,9a3f0980c11bd21e,2026-07-22T21:48:18.045542+00:00,16.466,3,2,visits-service|api-gateway,False,GET,/api/visit/owners/1/pets/1/visits,200,0,0.0,1
2026-07-22T21:48:48.325773+00:00,cb280a3b18121f1f,2026-07-22T21:48:17.879655+00:00,17.349,3,2,visits-service|api-gateway,False,GET,/api/visit/owners/1/pets/1/visits,200,0,0.0,1
2026-07-22T21:48:48.325773+00:00,922b9ecf5753e82f,2026-07-22T21:48:17.713392+00:00,23.313,3,2,visits-service|api-gateway,False,GET,/api/visit/owners/1/pets/1/visits,200,0,0.0,1
2026-07-22T21:48:48.325773+00:00,e2bfd964a16579e7,2026-07-22T21:48:17.546338+00:00,82.521,4,2,customers-service|api-gateway,False,GET,/api/customer/owners,200,1,77.786,1
2026-07-22T21:48:48.325773+00:00,812b94d7082ca890,2026-07-22T21:48:17.381388+00:00,90.623,4,2,customers-service|api-gateway,False,GET,/api/customer/owners,200,1,89.01,1
2026-07-22T21:48:48.325773+00:00,29b49b06803d850b,2026-07-22T21:48:17.350741+00:00,63.245,4,2,api-gateway|vets-service,False,GET,/api/vet/vets,200,1,61.748,1
2026-07-22T21:48:48.325773+00:00,c206e2c6400eae86,2026-07-22T21:48:17.045912+00:00,75.327,4,2,api-gateway|vets-service,False,GET,/api/vet/vets,200,1,65.99,1
2026-07-22T21:48:48.325773+00:00,47f165788f8fc06e,2026-07-22T21:48:16.879240+00:00,19.126,3,2,visits-service|api-gateway,False,GET,/api/visit/owners/1/pets/1/visits,200,0,0.0,1
2026-07-22T21:48:48.325773+00:00,c1333127e049c729,2026-07-22T21:48:16.712935+00:00,25.435,3,2,visits-service|api-gateway,False,GET,/api/visit/owners/1/pets/1/visits,200,0,0.0,1
2026-07-22T21:48:48.325773+00:00,90035f9870e2681d,2026-07-22T21:48:16.546438+00:00,31.877,4,2,customers-service|api-gateway,False,GET,/api/customer/owners/1,200,1,27.139,1
2026-07-22T21:48:48.325773+00:00,b59b5c12e9e62d79,2026-07-22T21:48:16.382938+00:00,81.518,4,2,customers-service|api-gateway,False,GET,/api/customer/owners,200,1,79.843,1
2026-07-22T21:48:48.325773+00:00,b0ea17f6ef81d9c7,2026-07-22T21:48:16.216789+00:00,95.569,4,2,customers-service|api-gateway,False,GET,/api/customer/owners,200,1,93.207,1
2026-07-22T21:48:48.325773+00:00,cc753fa35a97f0fd,2026-07-22T21:48:16.049938+00:00,41.555,4,2,customers-service|api-gateway,False,GET,/api/customer/owners/1,200,1,39.265,1
2026-07-22T21:48:48.325773+00:00,e77a17fe11d4edd5,2026-07-22T21:48:15.879758+00:00,95.296,4,2,customers-service|api-gateway,False,GET,/api/customer/owners,200,1,89.908,1
2026-07-22T21:48:48.325773+00:00,701b2b5abb8addff,2026-07-22T21:48:15.715823+00:00,37.391,4,2,customers-service|api-gateway,False,GET,/api/customer/owners/1,200,1,33.801,1
2026-07-22T21:48:48.325773+00:00,69fc4af3ea11b063,2026-07-22T21:48:15.546420+00:00,65.428,4,2,api-gateway|vets-service,False,GET,/api/vet/vets,200,1,52.098,1
2026-07-22T21:48:48.325773+00:00,90d0aa530cc07e3d,2026-07-22T21:48:15.381077+00:00,76.655,4,2,customers-service|api-gateway,False,GET,/api/customer/owners,200,1,74.819,1
2026-07-22T21:48:48.325773+00:00,0ea7739b45aa9eda,2026-07-22T21:48:15.215358+00:00,82.932,4,2,customers-service|api-gateway,False,GET,/api/customer/owners,200,1,81.295,1
2026-07-22T21:48:48.325773+00:00,ea29f50d5e8924fe,2026-07-22T21:48:15.048006+00:00,30.823,4,2,customers-service|api-gateway,False,GET,/api/customer/owners/1,200,1,29.387,1
2026-07-22T21:48:48.325773+00:00,21c72e75d915c83f,2026-07-22T21:48:14.878991+00:00,83.174,4,2,customers-service|api-gateway,False,GET,/api/customer/owners,200,1,78.621,1
2026-07-22T21:48:48.325773+00:00,53207319f3000442,2026-07-22T21:48:14.712550+00:00,20.544,3,2,visits-service|api-gateway,False,GET,/api/visit/owners/1/pets/1/visits,200,0,0.0,1
2026-07-22T21:48:48.325773+00:00,329919c07c02400d,2026-07-22T21:48:14.546484+00:00,23.28,3,2,visits-service|api-gateway,False,GET,/api/visit/owners/1/pets/1/visits,200,0,0.0,1
2026-07-22T21:48:48.325773+00:00,24b2fab38ce96417,2026-07-22T21:48:14.383991+00:00,43.256,4,2,customers-service|api-gateway,False,GET,/api/customer/owners/1,200,1,40.745,1
2026-07-22T21:48:48.325773+00:00,9cb3333bb74d0acf,2026-07-22T21:48:14.261841+00:00,70.462,4,2,api-gateway|vets-service,False,GET,/api/vet/vets,200,1,68.972,1
2026-07-22T21:48:48.325773+00:00,76dc8a3ab6fd7ac8,2026-07-22T21:48:14.046059+00:00,20.251,3,2,visits-service|api-gateway,False,GET,/api/visit/owners/1/pets/1/visits,200,0,0.0,1
2026-07-22T21:48:48.325773+00:00,5a810afa83bf7c7a,2026-07-22T21:48:13.879010+00:00,104.412,4,2,customers-service|api-gateway,False,GET,/api/customer/owners,200,1,98.379,1
2026-07-22T21:48:48.325773+00:00,d14a970731d9a14e,2026-07-22T21:48:13.712140+00:00,18.197,3,2,visits-service|api-gateway,False,GET,/api/visit/owners/1/pets/1/visits,200,0,0.0,1
2026-07-22T21:48:48.325773+00:00,b80519575ac9dea6,2026-07-22T21:48:13.546524+00:00,106.095,4,2,customers-service|api-gateway,False,GET,/api/customer/owners,200,1,98.932,1
2026-07-22T21:48:48.325773+00:00,aad5c082cc4c04b4,2026-07-22T21:48:13.411679+00:00,8.534,3,2,visits-service|api-gateway,False,GET,/api/visit/owners/1/pets/1/visits,200,0,0.0,1
2026-07-22T21:48:48.325773+00:00,e16f1a984e48fbf6,2026-07-22T21:48:13.216949+00:00,101.783,4,2,customers-service|api-gateway,False,GET,/api/customer/owners,200,1,99.325,1
2026-07-22T21:48:48.325773+00:00,645ee0a8e639f4e5,2026-07-22T21:48:13.046450+00:00,19.635,3,2,visits-service|api-gateway,False,GET,/api/visit/owners/1/pets/1/visits,200,0,0.0,1
2026-07-22T21:48:48.325773+00:00,72efb0e4196a926f,2026-07-22T21:48:12.879836+00:00,78.259,4,2,api-gateway|vets-service,False,GET,/api/vet/vets,200,1,64.804,1
2026-07-22T21:48:48.325773+00:00,fd9e4a204fbe3843,2026-07-22T21:48:12.713006+00:00,44.276,4,2,customers-service|api-gateway,False,GET,/api/customer/owners/1,200,1,28.973,1
2026-07-22T21:48:48.325773+00:00,0c9e943ba1fa3192,2026-07-22T21:48:12.546195+00:00,22.001,3,2,visits-service|api-gateway,False,GET,/api/visit/owners/1/pets/1/visits,200,0,0.0,1
2026-07-22T21:48:48.325773+00:00,52e2da3365688e6b,2026-07-22T21:48:12.380890+00:00,89.865,4,2,customers-service|api-gateway,False,GET,/api/customer/owners,200,1,86.772,1
2026-07-22T21:48:48.325773+00:00,c8332f1c5529f11d,2026-07-22T21:48:12.216908+00:00,86.199,4,2,customers-service|api-gateway,False,GET,/api/customer/owners,200,1,84.418,1
2026-07-22T21:48:48.325773+00:00,d7e5b744d74e738a,2026-07-22T21:48:12.049902+00:00,94.812,4,2,customers-service|api-gateway,False,GET,/api/customer/owners,200,1,92.767,1
2026-07-22T21:48:48.325773+00:00,b15048d2c6b6bf37,2026-07-22T21:48:11.879858+00:00,24.538,3,2,visits-service|api-gateway,False,GET,/api/visit/owners/1/pets/1/visits,200,0,0.0,1
2026-07-22T21:48:48.325773+00:00,110893d26f8e07ff,2026-07-22T21:48:11.712112+00:00,104.813,4,2,customers-service|api-gateway,False,GET,/api/customer/owners,200,1,97.575,1
2026-07-22T21:48:48.325773+00:00,69873eb191d7a6c4,2026-07-22T21:48:11.545969+00:00,39.216,4,2,customers-service|api-gateway,False,GET,/api/customer/owners/1,200,1,33.646,1
2026-07-22T21:48:48.325773+00:00,2b07b1e5e3b90688,2026-07-22T21:48:11.379921+00:00,103.295,4,2,customers-service|api-gateway,False,GET,/api/customer/owners,200,1,98.594,1
2026-07-22T21:48:48.325773+00:00,3b65cfacab09c287,2026-07-22T21:48:11.239259+00:00,63.242,4,2,api-gateway|vets-service,False,GET,/api/vet/vets,200,1,61.72,1
2026-07-22T21:48:48.325773+00:00,aa97a52217ea8c5d,2026-07-22T21:48:11.049955+00:00,44.277,4,2,customers-service|api-gateway,False,GET,/api/customer/owners/1,200,1,41.661,1
2026-07-22T21:48:48.325773+00:00,a75279a85dfccfd4,2026-07-22T21:48:10.879699+00:00,19.824,3,2,visits-service|api-gateway,False,GET,/api/visit/owners/1/pets/1/visits,200,0,0.0,1
2026-07-22T21:48:48.325773+00:00,3336724566b1413a,2026-07-22T21:48:10.717835+00:00,45.697,4,2,customers-service|api-gateway,False,GET,/api/customer/owners/1,200,1,40.787,1
2026-07-22T21:48:48.325773+00:00,4d575d299dca8328,2026-07-22T21:48:10.546113+00:00,22.658,3,2,visits-service|api-gateway,False,GET,/api/visit/owners/1/pets/1/visits,200,0,0.0,1
2026-07-22T21:48:48.325773+00:00,e289b189e9932ad7,2026-07-22T21:48:10.379284+00:00,81.804,4,2,customers-service|api-gateway,False,GET,/api/customer/owners,200,1,76.878,1
2026-07-22T21:48:48.325773+00:00,6b999eb3bd07ab14,2026-07-22T21:48:10.216515+00:00,86.602,4,2,customers-service|api-gateway,False,GET,/api/customer/owners,200,1,86.602,1
2026-07-22T21:48:48.325773+00:00,2eaac9715a960f69,2026-07-22T21:48:10.046581+00:00,88.698,4,2,api-gateway|vets-service,False,GET,/api/vet/vets,200,1,76.9,1
2026-07-22T21:48:48.325773+00:00,d1d701a19feec0a2,2026-07-22T21:48:09.883499+00:00,103.275,4,2,customers-service|api-gateway,False,GET,/api/customer/owners,200,1,101.086,1
2026-07-22T21:48:48.325773+00:00,0f89201edb1e1298,2026-07-22T21:48:09.712436+00:00,18.971,3,2,visits-service|api-gateway,False,GET,/api/visit/owners/1/pets/1/visits,200,0,0.0,1
2026-07-22T21:48:48.325773+00:00,ab020e1a511959c7,2026-07-22T21:48:09.546562+00:00,48.143,4,2,customers-service|api-gateway,False,GET,/api/customer/owners/1,200,1,40.664,1
2026-07-22T21:48:48.325773+00:00,91cb99a05fd9b1e6,2026-07-22T21:48:09.379985+00:00,75.627,4,2,api-gateway|vets-service,False,GET,/api/vet/vets,200,1,61.769,1
2026-07-22T21:48:48.325773+00:00,3246f45a408cd817,2026-07-22T21:48:09.212311+00:00,22.172,3,2,visits-service|api-gateway,False,GET,/api/visit/owners/1/pets/1/visits,200,0,0.0,1
2026-07-22T21:48:48.325773+00:00,84ddae06ff2ed527,2026-07-22T21:48:09.046463+00:00,24.982,3,2,visits-service|api-gateway,False,GET,/api/visit/owners/1/pets/1/visits,200,0,0.0,1
2026-07-22T21:48:48.325773+00:00,b1804bb2a755ffea,2026-07-22T21:48:08.879171+00:00,41.11,4,2,customers-service|api-gateway,False,GET,/api/customer/owners/1,200,1,34.211,1
2026-07-22T21:48:48.325773+00:00,27ba1faec21cab93,2026-07-22T21:48:08.712384+00:00,77.91,4,2,api-gateway|vets-service,False,GET,/api/vet/vets,200,1,62.612,1
2026-07-22T21:48:48.325773+00:00,5696291ef93e7a2a,2026-07-22T21:48:08.545854+00:00,106.333,4,2,customers-service|api-gateway,False,GET,/api/customer/owners,200,1,99.099,1
2026-07-22T21:48:48.325773+00:00,1b5229a7cb13394b,2026-07-22T21:48:08.398139+00:00,56.463,4,2,api-gateway|vets-service,False,GET,/api/vet/vets,200,1,55.125,1
2026-07-22T21:48:48.325773+00:00,62aa935e29707896,2026-07-22T21:48:08.215917+00:00,92.478,4,2,customers-service|api-gateway,False,GET,/api/customer/owners,200,1,90.944,1
2026-07-22T21:48:48.325773+00:00,0d585ac726d7a62f,2026-07-22T21:48:08.048556+00:00,35.944,4,2,customers-service|api-gateway,False,GET,/api/customer/owners/1,200,1,34.406,1
2026-07-22T21:48:48.325773+00:00,c8b3bb388e7a05fa,2026-07-22T21:48:07.879212+00:00,82.161,4,2,api-gateway|vets-service,False,GET,/api/vet/vets,200,1,70.38,1
2026-07-22T21:48:48.325773+00:00,453d91b4c08db223,2026-07-22T21:48:07.712957+00:00,79.444,4,2,api-gateway|vets-service,False,GET,/api/vet/vets,200,1,65.999,1
2026-07-22T21:48:48.325773+00:00,0700ff84b4a1f151,2026-07-22T21:48:07.546298+00:00,36.796,4,2,customers-service|api-gateway,False,GET,/api/customer/owners/1,200,1,32.137,1
2026-07-22T21:48:48.325773+00:00,52845b1dd8c8ec90,2026-07-22T21:48:07.379251+00:00,74.942,4,2,api-gateway|vets-service,False,GET,/api/vet/vets,200,1,62.676,1
2026-07-22T21:48:48.325773+00:00,2a71f4f3caabfae4,2026-07-22T21:48:07.215254+00:00,85.324,4,2,customers-service|api-gateway,False,GET,/api/customer/owners,200,1,83.542,1
2026-07-22T21:48:48.325773+00:00,cd60359be12f334c,2026-07-22T21:48:07.046554+00:00,18.371,3,2,visits-service|api-gateway,False,GET,/api/visit/owners/1/pets/1/visits,200,0,0.0,1
2026-07-22T21:48:48.325773+00:00,e8a5e39fb9522d21,2026-07-22T21:48:05.855156+00:00,24.369,3,2,visits-service|api-gateway,False,GET,/api/visit/owners/1/pets/1/visits,200,0,0.0,1
2026-07-22T21:48:48.325773+00:00,b176a29cfbd2cc12,2026-07-22T21:48:05.687561+00:00,93.375,4,2,customers-service|api-gateway,False,GET,/api/customer/owners,200,1,87.976,1
2026-07-22T21:48:48.325773+00:00,645899aa9a51d2d2,2026-07-22T21:48:04.521482+00:00,73.889,4,2,api-gateway|vets-service,False,GET,/api/vet/vets,200,1,62.601,1
2026-07-22T21:48:48.325773+00:00,0a7ec4b6e94a59a9,2026-07-22T21:48:05.521732+00:00,87.061,4,2,customers-service|api-gateway,False,GET,/api/customer/owners,200,1,81.22,1
2026-07-22T21:48:48.325773+00:00,5c56d14bff2608b1,2026-07-22T21:48:05.354875+00:00,83.902,4,2,customers-service|api-gateway,False,GET,/api/customer/owners,200,1,80.448,1
2026-07-22T21:48:48.325773+00:00,f5765993091db8e3,2026-07-22T21:48:05.190675+00:00,34.908,4,2,customers-service|api-gateway,False,GET,/api/customer/owners/1,200,1,33.274,1
2026-07-22T21:48:48.325773+00:00,a436e3d1fa33d3c9,2026-07-22T21:48:05.188791+00:00,75.207,4,2,api-gateway|vets-service,False,GET,/api/vet/vets,200,1,73.392,1
2026-07-22T21:48:48.325773+00:00,cb755ac41e3c820c,2026-07-22T21:48:05.033136+00:00,91.909,4,2,customers-service|api-gateway,False,GET,/api/customer/owners,200,1,90.004,1
2026-07-22T21:48:48.325773+00:00,9b2f1e989d00569c,2026-07-22T21:48:04.020944+00:00,22.073,3,2,visits-service|api-gateway,False,GET,/api/visit/owners/1/pets/1/visits,200,0,0.0,1
2026-07-22T21:48:48.325773+00:00,b149f4babbe04fe9,2026-07-22T21:48:04.854770+00:00,43.149,4,2,customers-service|api-gateway,False,GET,/api/customer/owners/1,200,1,36.049,1
2026-07-22T21:48:48.325773+00:00,8be4c8da32059a50,2026-07-22T21:48:04.687559+00:00,115.194,4,2,customers-service|api-gateway,False,GET,/api/customer/owners,200,1,108.033,1
2026-07-22T21:48:48.325773+00:00,78d63141eb0252c7,2026-07-22T21:48:04.356742+00:00,32.182,4,2,customers-service|api-gateway,False,GET,/api/customer/owners/1,200,1,29.941,1
2026-07-22T21:48:48.325773+00:00,ff6fd0493ea6512e,2026-07-22T21:48:03.853871+00:00,31.436,4,2,customers-service|api-gateway,False,GET,/api/customer/owners/1,200,1,27.971,1
2026-07-22T21:48:48.325773+00:00,5ae9a6f1902d5c1b,2026-07-22T21:48:02.854596+00:00,75.108,4,2,api-gateway|vets-service,False,GET,/api/vet/vets,200,1,60.757,1
2026-07-22T21:48:48.325773+00:00,b3b4e1e18f462d66,2026-07-22T21:48:03.688300+00:00,39.509,4,2,customers-service|api-gateway,False,GET,/api/customer/owners/1,200,1,32.177,1
2026-07-22T21:48:48.325773+00:00,ba72cfd28b67666c,2026-07-22T21:48:03.521953+00:00,105.932,4,2,customers-service|api-gateway,False,GET,/api/customer/owners,200,1,98.948,1
2026-07-22T21:48:48.325773+00:00,206663f027e0d633,2026-07-22T21:48:03.354678+00:00,101.063,4,2,customers-service|api-gateway,False,GET,/api/customer/owners,200,1,94.818,1
2026-07-22T21:48:48.325773+00:00,adc22c170173554a,2026-07-22T21:48:03.310446+00:00,11.999,3,2,visits-service|api-gateway,False,GET,/api/visit/owners/1/pets/1/visits,200,0,0.0,1
2026-07-22T21:48:48.325773+00:00,94fbbfe169d0033f,2026-07-22T21:48:03.191100+00:00,99.84,4,2,customers-service|api-gateway,False,GET,/api/customer/owners,200,1,97.78,1
2026-07-22T21:48:48.325773+00:00,7cd7c57901ae2dc5,2026-07-22T21:48:03.023429+00:00,83.767,4,2,customers-service|api-gateway,False,GET,/api/customer/owners,200,1,83.767,1
2026-07-22T21:48:48.325773+00:00,0cbba93ea6f068b9,2026-07-22T21:48:02.687816+00:00,92.113,4,2,customers-service|api-gateway,False,GET,/api/customer/owners,200,1,86.939,1
2026-07-22T21:48:48.325773+00:00,f76c7024d01ec205,2026-07-22T21:48:02.521779+00:00,86.033,4,2,customers-service|api-gateway,False,GET,/api/customer/owners,200,1,81.178,1
2026-07-22T21:48:48.325773+00:00,425f91713c1e718d,2026-07-22T21:48:01.521272+00:00,17.407,3,2,visits-service|api-gateway,False,GET,/api/visit/owners/1/pets/1/visits,200,0,0.0,1
2026-07-22T21:48:48.325773+00:00,11d7514d24b67c51,2026-07-22T21:48:02.191763+00:00,96.151,4,2,customers-service|api-gateway,False,GET,/api/customer/owners,200,1,93.553,1
2026-07-22T21:48:48.325773+00:00,bc19153993d9aa9a,2026-07-22T21:48:01.188302+00:00,21.587,3,2,visits-service|api-gateway,False,GET,/api/visit/owners/1/pets/1/visits,200,0,0.0,1
2026-07-22T21:48:48.325773+00:00,4f62915ddef0d039,2026-07-22T21:48:02.024616+00:00,89.458,4,2,customers-service|api-gateway,False,GET,/api/customer/owners,200,1,87.737,1
2026-07-22T21:48:48.325773+00:00,51d21d56c4c697e7,2026-07-22T21:48:01.858736+00:00,96.356,4,2,customers-service|api-gateway,False,GET,/api/customer/owners,200,1,94.746,1
2026-07-22T21:48:48.325773+00:00,e3845daa27eb3080,2026-07-22T21:48:01.688441+00:00,33.189,4,2,customers-service|api-gateway,False,GET,/api/customer/owners/1,200,1,28.111,1
2026-07-22T21:48:48.325773+00:00,5e76035d09bc345e,2026-07-22T21:48:00.688333+00:00,80.983,4,2,api-gateway|vets-service,False,GET,/api/vet/vets,200,1,67.976,1
2026-07-22T21:48:48.325773+00:00,0f05e80ce80e13c7,2026-07-22T21:48:01.355868+00:00,80.652,4,2,customers-service|api-gateway,False,GET,/api/customer/owners,200,1,78.219,1
2026-07-22T21:48:48.325773+00:00,37c842b8974d51f1,2026-07-22T21:48:01.024490+00:00,84.397,4,2,customers-service|api-gateway,False,GET,/api/customer/owners,200,1,82.294,1
2026-07-22T21:48:48.325773+00:00,fd200df97a82de68,2026-07-22T21:48:00.919509+00:00,7.658,3,2,visits-service|api-gateway,False,GET,/api/visit/owners/1/pets/1/visits,200,0,0.0,1
2026-07-22T21:48:48.325773+00:00,910dd1c2695997ac,2026-07-22T21:48:00.854994+00:00,41.406,4,2,customers-service|api-gateway,False,GET,/api/customer/owners/1,200,1,35.659,1
2026-07-22T21:48:48.325773+00:00,caf174a119e57714,2026-07-22T21:48:00.747272+00:00,15.057,3,2,visits-service|api-gateway,False,GET,/api/visit/owners/1/pets/1/visits,200,0,0.0,1
2026-07-22T21:48:48.325773+00:00,dde80df2abb04f49,2026-07-22T21:48:00.523561+00:00,78.517,4,2,customers-service|api-gateway,False,GET,/api/customer/owners,200,1,74.777,1
2026-07-22T21:48:48.325773+00:00,b0ec94edbed4b187,2026-07-22T21:48:00.357449+00:00,30.774,4,2,customers-service|api-gateway,False,GET,/api/customer/owners/1,200,1,30.774,1
2026-07-22T21:48:48.325773+00:00,547ab365b2188af7,2026-07-22T21:48:00.192910+00:00,91.372,4,2,customers-service|api-gateway,False,GET,/api/customer/owners,200,1,89.389,1
2026-07-22T21:48:48.325773+00:00,3a7ee1e1ac6fe841,2026-07-22T21:47:59.894446+00:00,9.381,3,2,visits-service|api-gateway,False,GET,/api/visit/owners/1/pets/1/visits,200,0,0.0,1
2026-07-22T21:48:48.325773+00:00,22c514b27e84e084,2026-07-22T21:47:59.688063+00:00,88.872,4,2,customers-service|api-gateway,False,GET,/api/customer/owners,200,1,84.445,1
2026-07-22T21:48:48.325773+00:00,b4072d17481eafc4,2026-07-22T21:47:59.521142+00:00,36.898,4,2,customers-service|api-gateway,False,GET,/api/customer/owners/1,200,1,31.907,1
2026-07-22T21:48:48.325773+00:00,b2db3aeeed2407e1,2026-07-22T21:47:58.522139+00:00,74.427,4,2,api-gateway|vets-service,False,GET,/api/vet/vets,200,1,62.489,1
2026-07-22T21:48:48.325773+00:00,e8e2c4991be5385e,2026-07-22T21:47:59.356149+00:00,31.47,4,2,customers-service|api-gateway,False,GET,/api/customer/owners/1,200,1,29.122,1
2026-07-22T21:48:48.325773+00:00,371cba77605a4bd3,2026-07-22T21:47:58.355016+00:00,74.619,4,2,api-gateway|vets-service,False,GET,/api/vet/vets,200,1,63.525,1
2026-07-22T21:48:48.325773+00:00,2dd2159e6fd85d4d,2026-07-22T21:47:59.192251+00:00,38.237,4,2,customers-service|api-gateway,False,GET,/api/customer/owners/1,200,1,35.723,1
2026-07-22T21:48:48.325773+00:00,b55c6be37ce8a022,2026-07-22T21:47:58.854941+00:00,38.559,4,2,customers-service|api-gateway,False,GET,/api/customer/owners/1,200,1,31.653,1
2026-07-22T21:48:48.325773+00:00,9546c22be6decebb,2026-07-22T21:47:58.688500+00:00,111.703,4,2,customers-service|api-gateway,False,GET,/api/customer/owners,200,1,104.241,1
2026-07-22T21:48:48.325773+00:00,8838ab2e3f12cd6a,2026-07-22T21:47:57.521528+00:00,68.142,4,2,api-gateway|vets-service,False,GET,/api/vet/vets,200,1,56.969,1
2026-07-22T21:48:48.325773+00:00,7731d5280c8703c8,2026-07-22T21:47:58.192479+00:00,45.104,4,2,customers-service|api-gateway,False,GET,/api/customer/owners/1,200,1,42.544,1
2026-07-22T21:48:48.325773+00:00,da3a6916b1b036e2,2026-07-22T21:47:58.023414+00:00,28.467,4,2,customers-service|api-gateway,False,GET,/api/customer/owners/1,200,1,28.467,1
2026-07-22T21:48:48.325773+00:00,6d8ea2267533647b,2026-07-22T21:47:57.858676+00:00,88.786,4,2,customers-service|api-gateway,False,GET,/api/customer/owners,200,1,87.223,1
2026-07-22T21:48:48.325773+00:00,08713f48269ac69e,2026-07-22T21:47:57.021387+00:00,68.645,4,2,api-gateway|vets-service,False,GET,/api/vet/vets,200,1,57.674,1
2026-07-22T21:48:48.325773+00:00,7e2343dd502bff8a,2026-07-22T21:47:57.690565+00:00,105.488,4,2,customers-service|api-gateway,False,GET,/api/customer/owners,200,1,100.698,1
2026-07-22T21:48:48.325773+00:00,219a9781b92f1652,2026-07-22T21:47:57.357599+00:00,37.478,4,2,customers-service|api-gateway,False,GET,/api/customer/owners/1,200,1,33.882,1
2026-07-22T21:48:48.325773+00:00,683baf6440da11b8,2026-07-22T21:47:57.331022+00:00,13.512,3,2,visits-service|api-gateway,False,GET,/api/visit/owners/1/pets/1/visits,200,0,0.0,1
2026-07-22T21:48:48.325773+00:00,7417c286011e2232,2026-07-22T21:47:57.191811+00:00,102.161,4,2,customers-service|api-gateway,False,GET,/api/customer/owners,200,1,99.568,1
2026-07-22T21:48:48.325773+00:00,54a0df868009a002,2026-07-22T21:47:56.355301+00:00,79.287,4,2,api-gateway|vets-service,False,GET,/api/vet/vets,200,1,68.169,1
2026-07-22T21:48:48.325773+00:00,539972fe53283e4d,2026-07-22T21:47:56.858640+00:00,94.977,4,2,customers-service|api-gateway,False,GET,/api/customer/owners,200,1,93.18,1
2026-07-22T21:48:48.325773+00:00,c9b99ac34570f31f,2026-07-22T21:47:56.687723+00:00,41.242,4,2,customers-service|api-gateway,False,GET,/api/customer/owners/1,200,1,33.989,1
2026-07-22T21:48:48.325773+00:00,d8452e48a420f33b,2026-07-22T21:47:56.645477+00:00,11.785,3,2,visits-service|api-gateway,False,GET,/api/visit/owners/1/pets/1/visits,200,0,0.0,1
2026-07-22T21:48:48.325773+00:00,4131176e89e1473b,2026-07-22T21:47:55.687467+00:00,75.358,4,2,api-gateway|vets-service,False,GET,/api/vet/vets,200,1,62.211,1
2026-07-22T21:48:48.325773+00:00,be094fada6dc1c8d,2026-07-22T21:47:55.521494+00:00,66.491,4,2,api-gateway|vets-service,False,GET,/api/vet/vets,200,1,56.023,1
2026-07-22T21:48:48.325773+00:00,b662efa136aeceee,2026-07-22T21:47:56.191774+00:00,37.462,4,2,customers-service|api-gateway,False,GET,/api/customer/owners/1,200,1,34.897,1
2026-07-22T21:48:48.325773+00:00,25cf80eaf08a7fe4,2026-07-22T21:47:56.132469+00:00,8.3,3,2,visits-service|api-gateway,False,GET,/api/visit/owners/1/pets/1/visits,200,0,0.0,1
2026-07-22T21:48:48.325773+00:00,c9244a542d516952,2026-07-22T21:47:56.025643+00:00,92.166,4,2,customers-service|api-gateway,False,GET,/api/customer/owners,200,1,90.229,1
2026-07-22T21:48:48.325773+00:00,d7b234d6116621f2,2026-07-22T21:47:55.960499+00:00,7.162,3,2,visits-service|api-gateway,False,GET,/api/visit/owners/1/pets/1/visits,200,0,0.0,1
2026-07-22T21:48:48.325773+00:00,5d7d90f37e8e6e7f,2026-07-22T21:47:55.789620+00:00,14.883,3,2,visits-service|api-gateway,False,GET,/api/visit/owners/1/pets/1/visits,200,0,0.0,1
2026-07-22T21:48:48.325773+00:00,d8204a3c4b48dadd,2026-07-22T21:47:54.855099+00:00,74.403,4,2,api-gateway|vets-service,False,GET,/api/vet/vets,200,1,63.2,1
2026-07-22T21:48:48.325773+00:00,652597e8ef618285,2026-07-22T21:47:54.520462+00:00,76.625,4,2,api-gateway|vets-service,False,GET,/api/vet/vets,200,1,67.097,1
2026-07-22T21:48:48.325773+00:00,884ebe0b3fee800e,2026-07-22T21:47:55.104607+00:00,8.035,3,2,visits-service|api-gateway,False,GET,/api/visit/owners/1/pets/1/visits,200,0,0.0,1
2026-07-22T21:48:48.325773+00:00,37ab8b29645d4372,2026-07-22T21:47:54.932300+00:00,12.127,3,2,visits-service|api-gateway,False,GET,/api/visit/owners/1/pets/1/visits,200,0,0.0,1
2026-07-22T21:48:48.325773+00:00,e4ec73dfbe3158a2,2026-07-22T21:47:54.690340+00:00,39.838,4,2,customers-service|api-gateway,False,GET,/api/customer/owners/1,200,1,36.069,1
2026-07-22T21:48:48.325773+00:00,61e393dac59c5cb3,2026-07-22T21:47:54.247844+00:00,10.753,3,2,visits-service|api-gateway,False,GET,/api/visit/owners/1/pets/1/visits,200,0,0.0,1
2026-07-22T21:48:48.325773+00:00,de17c2d2958b4d4e,2026-07-22T21:47:54.025536+00:00,96.388,4,2,customers-service|api-gateway,False,GET,/api/customer/owners,200,1,93.922,1
2026-07-22T21:48:48.325773+00:00,9165fedd012d4a36,2026-07-22T21:47:53.854610+00:00,28.358,4,2,customers-service|api-gateway,False,GET,/api/customer/owners/1,200,1,24.754,1
2026-07-22T21:48:48.325773+00:00,19c102b1c6476e9a,2026-07-22T21:47:53.687738+00:00,94.444,4,2,customers-service|api-gateway,False,GET,/api/customer/owners,200,1,89.812,1
2026-07-22T21:48:48.325773+00:00,77886865b489bda8,2026-07-22T21:47:53.563928+00:00,8.415,3,2,visits-service|api-gateway,False,GET,/api/visit/owners/1/pets/1/visits,200,0,0.0,1
2026-07-22T21:48:48.325773+00:00,fd3022b08bb23234,2026-07-22T21:47:53.393149+00:00,13.412,3,2,visits-service|api-gateway,False,GET,/api/visit/owners/1/pets/1/visits,200,0,0.0,1
2026-07-22T21:48:48.325773+00:00,9887e2e23b73e76b,2026-07-22T21:47:53.355118+00:00,94.181,4,2,customers-service|api-gateway,False,GET,/api/customer/owners,200,1,87.072,1
2026-07-22T21:48:48.325773+00:00,10120826c3a2b5e2,2026-07-22T21:47:53.220177+00:00,57.772,4,2,api-gateway|vets-service,False,GET,/api/vet/vets,200,1,56.394,1
2026-07-22T21:48:48.325773+00:00,bd90543bb1e0596d,2026-07-22T21:47:53.191105+00:00,30.462,4,2,customers-service|api-gateway,False,GET,/api/customer/owners/1,200,1,28.449,1
2026-07-22T21:48:48.325773+00:00,42c70f3abd74a61d,2026-07-22T21:47:53.025334+00:00,94.133,4,2,customers-service|api-gateway,False,GET,/api/customer/owners,200,1,92.271,1
2026-07-22T21:48:48.325773+00:00,cf0f9d4263484131,2026-07-22T21:47:52.386809+00:00,10.036,3,2,visits-service|api-gateway,False,GET,/api/visit/owners/1/pets/1/visits,200,0,0.0,1
2026-07-22T21:48:48.325773+00:00,0b3ee26c7bfca8c8,2026-07-22T21:47:52.354507+00:00,78.622,4,2,customers-service|api-gateway,False,GET,/api/customer/owners,200,1,74.248,1
2026-07-22T21:48:48.325773+00:00,a105ca9cee8a1cb4,2026-07-22T21:47:52.193935+00:00,55.387,4,2,api-gateway|vets-service,False,GET,/api/vet/vets,200,1,53.971,1
2026-07-22T21:48:48.325773+00:00,8d9fa9296cc6d636,2026-07-22T21:47:52.191169+00:00,31.823,4,2,customers-service|api-gateway,False,GET,/api/customer/owners/1,200,1,31.823,1
2026-07-22T21:48:48.325773+00:00,d6ec2babbc6d58d6,2026-07-22T21:47:51.354823+00:00,72.829,4,2,api-gateway|vets-service,False,GET,/api/vet/vets,200,1,60.025,1
2026-07-22T21:48:48.325773+00:00,eb7c7772f8b0dab0,2026-07-22T21:47:52.024112+00:00,84.242,4,2,customers-service|api-gateway,False,GET,/api/customer/owners,200,1,82.426,1
2026-07-22T21:48:48.325773+00:00,6cb8e88b569c18eb,2026-07-22T21:47:51.857484+00:00,91.742,4,2,customers-service|api-gateway,False,GET,/api/customer/owners,200,1,90.195,1
2026-07-22T21:48:48.325773+00:00,470baf9068e1d301,2026-07-22T21:47:51.188053+00:00,69.263,4,2,api-gateway|vets-service,False,GET,/api/vet/vets,200,1,60.353,1
2026-07-22T21:48:48.325773+00:00,431bdbcdbf16730d,2026-07-22T21:47:50.688155+00:00,60.342,4,2,api-gateway|vets-service,False,GET,/api/vet/vets,200,1,49.875,1
2026-07-22T21:48:48.325773+00:00,29b2e63e4f88d5a2,2026-07-22T21:47:50.521839+00:00,66.783,4,2,api-gateway|vets-service,False,GET,/api/vet/vets,200,1,52.555,1
2026-07-22T21:48:48.325773+00:00,257c577539ed9a28,2026-07-22T21:47:51.022185+00:00,107.541,4,2,customers-service|api-gateway,False,GET,/api/customer/owners,200,1,101.109,1
2026-07-22T21:48:48.325773+00:00,6823803c023d2d76,2026-07-22T21:47:50.355268+00:00,78.042,4,2,api-gateway|vets-service,False,GET,/api/vet/vets,200,1,66.34,1
2026-07-22T21:48:48.325773+00:00,3931e2cb82c75a35,2026-07-22T21:47:50.855137+00:00,46.607,4,2,customers-service|api-gateway,False,GET,/api/customer/owners/1,200,1,39.469,1
2026-07-22T21:48:48.325773+00:00,d5db16d046c91d30,2026-07-22T21:47:50.188833+00:00,74.686,4,2,api-gateway|vets-service,False,GET,/api/vet/vets,200,1,62.294,1
2026-07-22T21:48:48.325773+00:00,e7cca4ef96c3daf9,2026-07-22T21:47:50.022999+00:00,48.906,4,2,customers-service|api-gateway,False,GET,/api/customer/owners/1,200,1,41.859,1
2026-07-22T21:48:48.325773+00:00,1a4299007487a2da,2026-07-22T21:47:49.854722+00:00,30.839,4,2,customers-service|api-gateway,False,GET,/api/customer/owners/1,200,1,26.953,1
2026-07-22T21:48:48.325773+00:00,704dc012a50bcf18,2026-07-22T21:47:49.188423+00:00,68.152,4,2,api-gateway|vets-service,False,GET,/api/vet/vets,200,1,57.053,1
2026-07-22T21:48:48.325773+00:00,d5bc136ade9ecb56,2026-07-22T21:47:49.688388+00:00,81.43,4,2,customers-service|api-gateway,False,GET,/api/customer/owners,200,1,76.561,1
2026-07-22T21:48:48.325773+00:00,67de7c618b12d61b,2026-07-22T21:47:49.022857+00:00,115.921,4,2,api-gateway|vets-service,False,GET,/api/vet/vets,200,1,66.457,1
2026-07-22T21:48:48.325773+00:00,559e54a941946965,2026-07-22T21:47:49.521802+00:00,33.998,4,2,customers-service|api-gateway,False,GET,/api/customer/owners/1,200,1,29.363,1
2026-07-22T21:48:48.325773+00:00,6469ec78df4240b9,2026-07-22T21:47:49.355869+00:00,31.657,4,2,customers-service|api-gateway,False,GET,/api/customer/owners/1,200,1,26.366,1
2026-07-22T21:48:48.325773+00:00,6e5f06016fc98a7f,2026-07-22T21:47:48.856861+00:00,32.933,4,2,customers-service|api-gateway,False,GET,/api/customer/owners/1,200,1,29.405,1
2026-07-22T21:48:48.325773+00:00,18be52a8ad57a947,2026-07-22T21:47:48.688472+00:00,54.223,4,2,customers-service|api-gateway,False,GET,/api/customer/owners/1,200,1,49.035,1
2026-07-22T21:48:48.325773+00:00,e28c903afe56f344,2026-07-22T21:47:45.994506+00:00,179.515,4,2,customers-service|api-gateway,False,GET,/api/customer/owners,200,1,157.343,1
2026-07-22T21:49:48.191901+00:00,d46a51a04825fd30,2026-07-22T21:49:48.556876+00:00,19.595,2,1,api-gateway,False,GET,/api/visit/owners/1/pets/1/visits,200,0,0.0,1
2026-07-22T21:49:48.191901+00:00,934c53eaa05bdbd2,2026-07-22T21:49:48.390043+00:00,73.862,2,1,api-gateway,False,GET,/api/vet/vets,200,0,0.0,1
2026-07-22T21:49:48.191901+00:00,0bcd388778aabff5,2026-07-22T21:49:48.224127+00:00,23.67,3,2,visits-service|api-gateway,False,GET,/api/visit/owners/1/pets/1/visits,200,0,0.0,1
2026-07-22T21:49:48.191901+00:00,90cdda5e2edd8a3f,2026-07-22T21:49:48.057858+00:00,83.246,4,2,customers-service|api-gateway,False,GET,/api/customer/owners,200,1,80.043,1
2026-07-22T21:49:48.191901+00:00,c67d6e8febc61ce6,2026-07-22T21:49:47.891190+00:00,54.514,4,2,api-gateway|vets-service,False,GET,/api/vet/vets,200,1,41.221,1
2026-07-22T21:49:48.191901+00:00,4beab38d7ec32423,2026-07-22T21:49:47.723601+00:00,61.911,4,2,api-gateway|vets-service,False,GET,/api/vet/vets,200,1,49.579,1
2026-07-22T21:49:48.191901+00:00,649e4a37b49727d4,2026-07-22T21:49:47.562783+00:00,33.91,4,2,customers-service|api-gateway,False,GET,/api/customer/owners/1,200,1,31.633,1
2026-07-22T21:49:48.191901+00:00,dd72692f5aed156c,2026-07-22T21:49:47.416536+00:00,8.261,3,2,visits-service|api-gateway,False,GET,/api/visit/owners/1/pets/1/visits,200,0,0.0,1
2026-07-22T21:49:48.191901+00:00,d93b63fe4871f88a,2026-07-22T21:49:47.224399+00:00,25.609,3,2,visits-service|api-gateway,False,GET,/api/visit/owners/1/pets/1/visits,200,0,0.0,1
2026-07-22T21:49:48.191901+00:00,502030db87dce7c1,2026-07-22T21:49:47.057576+00:00,50.963,4,2,customers-service|api-gateway,False,GET,/api/customer/owners/1,200,1,42.916,1
2026-07-22T21:49:48.191901+00:00,1b3034ea495dba6e,2026-07-22T21:49:46.891596+00:00,124.791,3,2,visits-service|api-gateway,False,GET,/api/visit/owners/1/pets/1/visits,200,0,0.0,1
2026-07-22T21:49:48.191901+00:00,038bdd0d7aff4e3d,2026-07-22T21:49:46.724479+00:00,78.761,4,2,api-gateway|vets-service,False,GET,/api/vet/vets,200,1,65.09,1
2026-07-22T21:49:48.191901+00:00,840f769d7bdcd6f6,2026-07-22T21:49:46.407407+00:00,7.575,3,2,visits-service|api-gateway,False,GET,/api/visit/owners/1/pets/1/visits,200,0,0.0,1
2026-07-22T21:49:48.191901+00:00,23ecd416a00cb763,2026-07-22T21:49:45.039446+00:00,22.585,3,2,visits-service|api-gateway,False,GET,/api/visit/owners/1/pets/1/visits,200,0,0.0,1
2026-07-22T21:49:48.191901+00:00,2ae08e2a3d549f3a,2026-07-22T21:49:44.872396+00:00,72.331,4,2,api-gateway|vets-service,False,GET,/api/vet/vets,200,1,60.617,1
2026-07-22T21:49:48.191901+00:00,8de7f69e54246e22,2026-07-22T21:49:45.562158+00:00,64.401,4,2,api-gateway|vets-service,False,GET,/api/vet/vets,200,1,62.981,1
2026-07-22T21:49:48.191901+00:00,9c9f21fbd848d678,2026-07-22T21:49:45.543786+00:00,85.264,4,2,customers-service|api-gateway,False,GET,/api/customer/owners,200,1,83.168,1
2026-07-22T21:49:48.191901+00:00,031dde198832fa53,2026-07-22T21:49:44.206461+00:00,29.415,3,2,visits-service|api-gateway,False,GET,/api/visit/owners/1/pets/1/visits,200,0,0.0,1
2026-07-22T21:49:48.191901+00:00,639f31ed6011dd65,2026-07-22T21:49:45.210776+00:00,102.658,4,2,customers-service|api-gateway,False,GET,/api/customer/owners,200,1,100.617,1
2026-07-22T21:49:48.191901+00:00,d0319565bee01145,2026-07-22T21:49:43.872344+00:00,75.703,4,2,api-gateway|vets-service,False,GET,/api/vet/vets,200,1,65.5,1
2026-07-22T21:49:48.191901+00:00,3be3d408bfcac3ec,2026-07-22T21:49:44.706431+00:00,35.31,4,2,customers-service|api-gateway,False,GET,/api/customer/owners/1,200,1,30.157,1
2026-07-22T21:49:48.191901+00:00,14e7b90999acd251,2026-07-22T21:49:43.706488+00:00,24.256,3,2,visits-service|api-gateway,False,GET,/api/visit/owners/1/pets/1/visits,200,0,0.0,1
2026-07-22T21:49:48.191901+00:00,a86bf53c4eb0c1be,2026-07-22T21:49:44.380384+00:00,35.755,4,2,customers-service|api-gateway,False,GET,/api/customer/owners/1,200,1,33.905,1
2026-07-22T21:49:48.191901+00:00,2b67bf465e4acbc6,2026-07-22T21:49:44.369487+00:00,61.534,4,2,api-gateway|vets-service,False,GET,/api/vet/vets,200,1,59.819,1
2026-07-22T21:49:48.191901+00:00,828aec0003ac8f93,2026-07-22T21:49:44.195773+00:00,54.749,4,2,api-gateway|vets-service,False,GET,/api/vet/vets,200,1,53.614,1
2026-07-22T21:49:48.191901+00:00,5625543037577e11,2026-07-22T21:49:44.039748+00:00,34.818,4,2,customers-service|api-gateway,False,GET,/api/customer/owners/1,200,1,29.815,1
2026-07-22T21:49:48.191901+00:00,1b80c0743268789e,2026-07-22T21:49:42.705370+00:00,64.986,4,2,api-gateway|vets-service,False,GET,/api/vet/vets,200,1,55.002,1
2026-07-22T21:49:48.191901+00:00,aa9646ffc4d97b69,2026-07-22T21:49:43.542738+00:00,86.906,4,2,customers-service|api-gateway,False,GET,/api/customer/owners,200,1,85.266,1
2026-07-22T21:49:48.191901+00:00,84e85a9a3cde65fb,2026-07-22T21:49:43.339998+00:00,69.749,4,2,api-gateway|vets-service,False,GET,/api/vet/vets,200,1,68.264,1
2026-07-22T21:49:48.191901+00:00,af62eae342306156,2026-07-22T21:49:42.205638+00:00,19.03,3,2,visits-service|api-gateway,False,GET,/api/visit/owners/1/pets/1/visits,200,0,0.0,1
2026-07-22T21:49:48.191901+00:00,7b242952714f247f,2026-07-22T21:49:43.040127+00:00,46.589,4,2,customers-service|api-gateway,False,GET,/api/customer/owners/1,200,1,39.288,1
2026-07-22T21:49:48.191901+00:00,5242e6c799e65618,2026-07-22T21:49:42.039072+00:00,26.217,3,2,visits-service|api-gateway,False,GET,/api/visit/owners/1/pets/1/visits,200,0,0.0,1
2026-07-22T21:49:48.191901+00:00,037767a26bfed1d5,2026-07-22T21:49:42.873213+00:00,48.124,4,2,customers-service|api-gateway,False,GET,/api/customer/owners/1,200,1,40.718,1
2026-07-22T21:49:48.191901+00:00,894f615d500cfa1f,2026-07-22T21:49:41.705884+00:00,57.691,4,2,api-gateway|vets-service,False,GET,/api/vet/vets,200,1,46.234,1
2026-07-22T21:49:48.191901+00:00,c0b96cdcb28db5cb,2026-07-22T21:49:42.542244+00:00,90.185,4,2,customers-service|api-gateway,False,GET,/api/customer/owners,200,1,88.21,1
2026-07-22T21:49:48.191901+00:00,dad618f140486e65,2026-07-22T21:49:41.206209+00:00,24.599,3,2,visits-service|api-gateway,False,GET,/api/visit/owners/1/pets/1/visits,200,0,0.0,1
2026-07-22T21:49:48.191901+00:00,966c006bbf527fa2,2026-07-22T21:49:41.873414+00:00,36.492,4,2,customers-service|api-gateway,False,GET,/api/customer/owners/1,200,1,31.264,1
2026-07-22T21:49:48.191901+00:00,b9c20c579b1296b3,2026-07-22T21:49:40.706322+00:00,63.45,4,2,api-gateway|vets-service,False,GET,/api/vet/vets,200,1,52.172,1
2026-07-22T21:49:48.191901+00:00,d05c05048e9369b3,2026-07-22T21:49:41.542283+00:00,33.317,4,2,customers-service|api-gateway,False,GET,/api/customer/owners/1,200,1,31.875,1
2026-07-22T21:49:48.191901+00:00,4e5a3e0eed86c8c3,2026-07-22T21:49:41.377274+00:00,98.692,4,2,customers-service|api-gateway,False,GET,/api/customer/owners,200,1,96.882,1
2026-07-22T21:49:48.191901+00:00,168134772fec7de9,2026-07-22T21:49:41.117099+00:00,55.307,4,2,api-gateway|vets-service,False,GET,/api/vet/vets,200,1,54.061,1
2026-07-22T21:49:48.191901+00:00,403ecc67d1b87427,2026-07-22T21:49:41.039985+00:00,39.413,4,2,customers-service|api-gateway,False,GET,/api/customer/owners/1,200,1,34.145,1
2026-07-22T21:49:48.191901+00:00,66d46391d7483c85,2026-07-22T21:49:40.873581+00:00,37.19,4,2,customers-service|api-gateway,False,GET,/api/customer/owners/1,200,1,31.603,1
2026-07-22T21:49:48.191901+00:00,f97db83560c305bc,2026-07-22T21:49:39.873711+00:00,58.08,4,2,api-gateway|vets-service,False,GET,/api/vet/vets,200,1,48.168,1
2026-07-22T21:49:48.191901+00:00,cb6e622b89ba1e90,2026-07-22T21:49:40.542779+00:00,91.079,4,2,customers-service|api-gateway,False,GET,/api/customer/owners,200,1,89.579,1
2026-07-22T21:49:48.191901+00:00,9c53170063c51abf,2026-07-22T21:49:40.441647+00:00,59.35,4,2,api-gateway|vets-service,False,GET,/api/vet/vets,200,1,58.09,1
2026-07-22T21:49:48.191901+00:00,995734dd9db3e2fa,2026-07-22T21:49:40.377936+00:00,42.384,4,2,customers-service|api-gateway,False,GET,/api/customer/owners/1,200,1,34.926,1
2026-07-22T21:49:48.191901+00:00,95ee08647092601c,2026-07-22T21:49:40.265933+00:00,66.066,4,2,api-gateway|vets-service,False,GET,/api/vet/vets,200,1,64.455,1
2026-07-22T21:49:48.191901+00:00,69d07f78d8be31a7,2026-07-22T21:49:40.042432+00:00,91.499,4,2,customers-service|api-gateway,False,GET,/api/customer/owners,200,1,89.739,1
2026-07-22T21:49:48.191901+00:00,e3e2fef37ccfe968,2026-07-22T21:49:38.873033+00:00,24.087,3,2,visits-service|api-gateway,False,GET,/api/visit/owners/1/pets/1/visits,200,0,0.0,1
2026-07-22T21:49:48.191901+00:00,41d552f6ea00b955,2026-07-22T21:49:39.708465+00:00,99.568,4,2,customers-service|api-gateway,False,GET,/api/customer/owners,200,1,82.517,1
2026-07-22T21:49:48.191901+00:00,fcaba75a47f752e8,2026-07-22T21:49:39.410777+00:00,68.17,4,2,api-gateway|vets-service,False,GET,/api/vet/vets,200,1,66.604,1
2026-07-22T21:49:48.191901+00:00,3ba7ff09f6eb922f,2026-07-22T21:49:39.240700+00:00,63.105,4,2,api-gateway|vets-service,False,GET,/api/vet/vets,200,1,62.041,1
2026-07-22T21:49:48.191901+00:00,9e1da3b33607d9e7,2026-07-22T21:49:39.209161+00:00,96.144,4,2,customers-service|api-gateway,False,GET,/api/customer/owners,200,1,93.562,1
2026-07-22T21:49:48.191901+00:00,6106a018e959bb31,2026-07-22T21:49:39.039809+00:00,87.033,4,2,customers-service|api-gateway,False,GET,/api/customer/owners,200,1,82.711,1
2026-07-22T21:49:48.191901+00:00,1cfe6aa1007237d7,2026-07-22T21:49:38.039997+00:00,72.712,4,2,api-gateway|vets-service,False,GET,/api/vet/vets,200,1,61.269,1
2026-07-22T21:49:48.191901+00:00,8a8d6bc4d79e6c77,2026-07-22T21:49:38.705635+00:00,39.525,4,2,customers-service|api-gateway,False,GET,/api/customer/owners/1,200,1,33.546,1
2026-07-22T21:49:48.191901+00:00,be37776d0dbc77fd,2026-07-22T21:49:38.385780+00:00,12.213,3,2,visits-service|api-gateway,False,GET,/api/visit/owners/1/pets/1/visits,200,0,0.0,1
2026-07-22T21:49:48.191901+00:00,9dbe2e010e40b6ab,2026-07-22T21:49:38.210693+00:00,106.82,4,2,customers-service|api-gateway,False,GET,/api/customer/owners,200,1,104.12,1
2026-07-22T21:49:48.191901+00:00,de01b72f64f09b79,2026-07-22T21:49:37.875632+00:00,31.392,4,2,customers-service|api-gateway,False,GET,/api/customer/owners/1,200,1,28.156,1
2026-07-22T21:49:48.191901+00:00,12b3c8ebbfbb9785,2026-07-22T21:49:37.038933+00:00,80.744,4,2,api-gateway|vets-service,False,GET,/api/vet/vets,200,1,68.892,1
2026-07-22T21:49:48.191901+00:00,81e3a4708b8e3ef5,2026-07-22T21:49:37.706466+00:00,50.243,4,2,customers-service|api-gateway,False,GET,/api/customer/owners/1,200,1,43.124,1
2026-07-22T21:49:48.191901+00:00,755fa7ca9dee6703,2026-07-22T21:49:36.872875+00:00,21.778,3,2,visits-service|api-gateway,False,GET,/api/visit/owners/1/pets/1/visits,200,0,0.0,1
2026-07-22T21:49:48.191901+00:00,4063a3c8c5a958bf,2026-07-22T21:49:37.374599+00:00,83.709,4,2,customers-service|api-gateway,False,GET,/api/customer/owners,200,1,82.153,1
2026-07-22T21:49:48.191901+00:00,871fdd69abb96f7d,2026-07-22T21:49:37.208670+00:00,37.666,4,2,customers-service|api-gateway,False,GET,/api/customer/owners/1,200,1,37.666,1
2026-07-22T21:49:48.191901+00:00,54a0bab7fe864b1a,2026-07-22T21:49:36.706350+00:00,36.632,4,2,customers-service|api-gateway,False,GET,/api/customer/owners/1,200,1,32.343,1
2026-07-22T21:49:48.191901+00:00,a85796be0203bc42,2026-07-22T21:49:35.873341+00:00,20.821,3,2,visits-service|api-gateway,False,GET,/api/visit/owners/1/pets/1/visits,200,0,0.0,1
2026-07-22T21:49:48.191901+00:00,efa0681f4203279e,2026-07-22T21:49:36.539394+00:00,95.673,4,2,customers-service|api-gateway,False,GET,/api/customer/owners,200,1,91.598,1
2026-07-22T21:49:48.191901+00:00,c3c7e3907d6b1d71,2026-07-22T21:49:35.706024+00:00,21.398,3,2,visits-service|api-gateway,False,GET,/api/visit/owners/1/pets/1/visits,200,0,0.0,1
2026-07-22T21:49:48.191901+00:00,3b765625fb3994d0,2026-07-22T21:49:36.377023+00:00,91.034,4,2,customers-service|api-gateway,False,GET,/api/customer/owners,200,1,88.872,1
2026-07-22T21:49:48.191901+00:00,77cff7b6aed9673c,2026-07-22T21:49:36.209796+00:00,49.083,4,2,customers-service|api-gateway,False,GET,/api/customer/owners/1,200,1,46.732,1
2026-07-22T21:49:48.191901+00:00,be963759cfcd3d01,2026-07-22T21:49:36.039252+00:00,44.223,4,2,customers-service|api-gateway,False,GET,/api/customer/owners/1,200,1,37.435,1
2026-07-22T21:49:48.191901+00:00,2839a5126fecf771,2026-07-22T21:49:35.540118+00:00,83.74,4,2,customers-service|api-gateway,False,GET,/api/customer/owners,200,1,78.725,1
2026-07-22T21:49:48.191901+00:00,bfffdacfce405155,2026-07-22T21:49:34.706028+00:00,72.247,4,2,api-gateway|vets-service,False,GET,/api/vet/vets,200,1,62.289,1
2026-07-22T21:49:48.191901+00:00,4f2758531d22e1b1,2026-07-22T21:49:35.375398+00:00,90.32,4,2,customers-service|api-gateway,False,GET,/api/customer/owners,200,1,88.547,1
2026-07-22T21:49:48.191901+00:00,e7cd9ebd921e3e98,2026-07-22T21:49:35.208123+00:00,99.689,4,2,customers-service|api-gateway,False,GET,/api/customer/owners,200,1,97.78,1
2026-07-22T21:49:48.191901+00:00,45563bed60d6b582,2026-07-22T21:49:35.042119+00:00,94.343,4,2,customers-service|api-gateway,False,GET,/api/customer/owners,200,1,92.906,1
2026-07-22T21:49:48.191901+00:00,5929758496d4128f,2026-07-22T21:49:34.873236+00:00,105.869,4,2,customers-service|api-gateway,False,GET,/api/customer/owners,200,1,101.153,1
2026-07-22T21:49:48.191901+00:00,04efc2a5172df1e3,2026-07-22T21:49:34.039626+00:00,23.223,3,2,visits-service|api-gateway,False,GET,/api/visit/owners/1/pets/1/visits,200,0,0.0,1
2026-07-22T21:49:48.191901+00:00,a9f27780cdbe2bd1,2026-07-22T21:49:34.539962+00:00,86.605,4,2,customers-service|api-gateway,False,GET,/api/customer/owners,200,1,81.817,1
2026-07-22T21:49:48.191901+00:00,3efe67c1f4cb8e3d,2026-07-22T21:49:34.375386+00:00,101.657,4,2,customers-service|api-gateway,False,GET,/api/customer/owners,200,1,101.657,1
2026-07-22T21:49:48.191901+00:00,16ad619f07bf258b,2026-07-22T21:49:34.209505+00:00,86.563,4,2,customers-service|api-gateway,False,GET,/api/customer/owners,200,1,86.563,1
2026-07-22T21:49:48.191901+00:00,64a2e31a86966b7a,2026-07-22T21:49:33.206624+00:00,23.742,3,2,visits-service|api-gateway,False,GET,/api/visit/owners/1/pets/1/visits,200,0,0.0,1
2026-07-22T21:49:48.191901+00:00,ce3bb8909e743616,2026-07-22T21:49:33.873486+00:00,109.888,4,2,customers-service|api-gateway,False,GET,/api/customer/owners,200,1,102.58,1
2026-07-22T21:49:48.191901+00:00,83cdd169896152d0,2026-07-22T21:49:33.039701+00:00,73.135,4,2,api-gateway|vets-service,False,GET,/api/vet/vets,200,1,60.436,1
2026-07-22T21:49:48.191901+00:00,0b345f14cfecaf5c,2026-07-22T21:49:33.706374+00:00,30.283,4,2,customers-service|api-gateway,False,GET,/api/customer/owners/1,200,1,25.384,1
2026-07-22T21:49:48.191901+00:00,4b9eb4a2dbf37443,2026-07-22T21:49:33.538722+00:00,88.556,4,2,customers-service|api-gateway,False,GET,/api/customer/owners,200,1,83.63,1
2026-07-22T21:49:48.191901+00:00,38a2b79e36657736,2026-07-22T21:49:33.377048+00:00,99.401,4,2,customers-service|api-gateway,False,GET,/api/customer/owners,200,1,96.835,1
2026-07-22T21:49:48.191901+00:00,9106fc4f5ead0957,2026-07-22T21:49:32.539953+00:00,73.075,4,2,api-gateway|vets-service,False,GET,/api/vet/vets,200,1,59.307,1
2026-07-22T21:49:48.191901+00:00,8a9f8e8799a0a4d8,2026-07-22T21:49:32.205798+00:00,70.799,4,2,api-gateway|vets-service,False,GET,/api/vet/vets,200,1,60.03,1
2026-07-22T21:49:48.191901+00:00,c9b1953e874e2a75,2026-07-22T21:49:32.873026+00:00,112.707,4,2,customers-service|api-gateway,False,GET,/api/customer/owners,200,1,105.99,1
2026-07-22T21:49:48.191901+00:00,3c4846403189d5a4,2026-07-22T21:49:32.039555+00:00,58.679,4,2,api-gateway|vets-service,False,GET,/api/vet/vets,200,1,49.113,1
2026-07-22T21:49:48.191901+00:00,34e8a8528172177a,2026-07-22T21:49:32.706030+00:00,46.769,4,2,customers-service|api-gateway,False,GET,/api/customer/owners/1,200,1,39.776,1
2026-07-22T21:49:48.191901+00:00,51d8eb7f4811e7f4,2026-07-22T21:49:32.375458+00:00,83.648,4,2,customers-service|api-gateway,False,GET,/api/customer/owners,200,1,82.079,1
2026-07-22T21:49:48.191901+00:00,3247c6ded2541654,2026-07-22T21:49:31.206052+00:00,80.219,4,2,api-gateway|vets-service,False,GET,/api/vet/vets,200,1,69.991,1
2026-07-22T21:49:48.191901+00:00,924d354fa4c03c01,2026-07-22T21:49:31.872457+00:00,79.697,4,2,customers-service|api-gateway,False,GET,/api/customer/owners,200,1,74.629,1
2026-07-22T21:49:48.191901+00:00,9031ea7f9f33c910,2026-07-22T21:49:31.039374+00:00,74.68,4,2,api-gateway|vets-service,False,GET,/api/vet/vets,200,1,63.848,1
2026-07-22T21:49:48.191901+00:00,7d0697e3ce3b5ce9,2026-07-22T21:49:31.706260+00:00,86.513,4,2,customers-service|api-gateway,False,GET,/api/customer/owners,200,1,82.37,1
2026-07-22T21:49:48.191901+00:00,d8a9fe9006eae7c3,2026-07-22T21:49:31.539460+00:00,86.221,4,2,customers-service|api-gateway,False,GET,/api/customer/owners,200,1,81.683,1
2026-07-22T21:49:48.191901+00:00,321123410fa17238,2026-07-22T21:49:31.374942+00:00,82.05,4,2,customers-service|api-gateway,False,GET,/api/customer/owners,200,1,80.649,1
2026-07-22T21:49:48.191901+00:00,722daf42cd5ba721,2026-07-22T21:49:30.706165+00:00,73.25,4,2,api-gateway|vets-service,False,GET,/api/vet/vets,200,1,64.016,1
2026-07-22T21:49:48.191901+00:00,90e888e3e1c8f4d7,2026-07-22T21:49:31.197968+00:00,7.421,3,2,visits-service|api-gateway,False,GET,/api/visit/owners/1/pets/1/visits,200,0,0.0,1
2026-07-22T21:49:48.191901+00:00,2cd1dc434e679840,2026-07-22T21:49:31.026553+00:00,66.856,4,2,api-gateway|vets-service,False,GET,/api/vet/vets,200,1,65.425,1
2026-07-22T21:49:48.191901+00:00,5a6d975caf2b7387,2026-07-22T21:49:30.872431+00:00,38.868,4,2,customers-service|api-gateway,False,GET,/api/customer/owners/1,200,1,34.084,1
2026-07-22T21:49:48.191901+00:00,5d380b587923e228,2026-07-22T21:49:30.205914+00:00,15.479,3,2,visits-service|api-gateway,False,GET,/api/visit/owners/1/pets/1/visits,200,0,0.0,1
2026-07-22T21:49:48.191901+00:00,8a9a00eecc9e3de4,2026-07-22T21:49:30.038901+00:00,24.125,3,2,visits-service|api-gateway,False,GET,/api/visit/owners/1/pets/1/visits,200,0,0.0,1
2026-07-22T21:49:48.191901+00:00,5aacf1d1333e24df,2026-07-22T21:49:29.706050+00:00,73.177,4,2,api-gateway|vets-service,False,GET,/api/vet/vets,200,1,61.631,1
2026-07-22T21:49:48.191901+00:00,a7a2167ece5afe50,2026-07-22T21:49:30.000263+00:00,59.693,4,2,api-gateway|vets-service,False,GET,/api/vet/vets,200,1,58.34,1
2026-07-22T21:49:48.191901+00:00,1a3e6fde55dc16fa,2026-07-22T21:49:29.872957+00:00,32.944,4,2,customers-service|api-gateway,False,GET,/api/customer/owners/1,200,1,29.056,1
2026-07-22T21:49:48.191901+00:00,d052f4de34050e06,2026-07-22T21:49:29.206399+00:00,53.969,4,2,api-gateway|vets-service,False,GET,/api/vet/vets,200,1,44.669,1
2026-07-22T21:49:48.191901+00:00,94e252ac32bc3b35,2026-07-22T21:49:29.039076+00:00,25.617,3,2,visits-service|api-gateway,False,GET,/api/visit/owners/1/pets/1/visits,200,0,0.0,1
2026-07-22T21:49:48.191901+00:00,07f1d732fdd618b9,2026-07-22T21:49:29.544076+00:00,42.796,4,2,customers-service|api-gateway,False,GET,/api/customer/owners/1,200,1,39.939,1
2026-07-22T21:49:48.191901+00:00,bb761d916e75726d,2026-07-22T21:49:29.149925+00:00,7.825,3,2,visits-service|api-gateway,False,GET,/api/visit/owners/1/pets/1/visits,200,0,0.0,1
2026-07-22T21:49:48.191901+00:00,7f64b5c75ea67161,2026-07-22T21:49:28.874528+00:00,94.574,4,2,customers-service|api-gateway,False,GET,/api/customer/owners,200,1,91.416,1
2026-07-22T21:49:48.191901+00:00,6ed6397a4129d65b,2026-07-22T21:49:28.206643+00:00,23.807,3,2,visits-service|api-gateway,False,GET,/api/visit/owners/1/pets/1/visits,200,0,0.0,1
2026-07-22T21:49:48.191901+00:00,1611286d62e69029,2026-07-22T21:49:28.707689+00:00,89.308,4,2,customers-service|api-gateway,False,GET,/api/customer/owners,200,1,86.101,1
2026-07-22T21:49:48.191901+00:00,704fdad9b505a0cd,2026-07-22T21:49:28.039138+00:00,75.672,4,2,api-gateway|vets-service,False,GET,/api/vet/vets,200,1,61.312,1
2026-07-22T21:49:48.191901+00:00,925966c308987b6e,2026-07-22T21:49:28.376039+00:00,37.904,4,2,customers-service|api-gateway,False,GET,/api/customer/owners/1,200,1,35.55,1
2026-07-22T21:49:48.191901+00:00,f09075d6773c1d47,2026-07-22T21:49:27.540355+00:00,76.46,4,2,api-gateway|vets-service,False,GET,/api/vet/vets,200,1,62.97,1
2026-07-22T21:49:48.191901+00:00,ad4c2f69ad3374aa,2026-07-22T21:49:27.953216+00:00,61.035,4,2,api-gateway|vets-service,False,GET,/api/vet/vets,200,1,59.614,1
2026-07-22T21:49:48.191901+00:00,d5c13ff0a3cf4d94,2026-07-22T21:49:27.873273+00:00,34.832,4,2,customers-service|api-gateway,False,GET,/api/customer/owners/1,200,1,28.556,1
2026-07-22T21:49:48.191901+00:00,fb5730a01a193119,2026-07-22T21:49:27.706809+00:00,45.668,4,2,customers-service|api-gateway,False,GET,/api/customer/owners/1,200,1,38.263,1
2026-07-22T21:49:48.191901+00:00,0a56c2b32b3f414a,2026-07-22T21:49:27.038763+00:00,72.098,4,2,api-gateway|vets-service,False,GET,/api/vet/vets,200,1,62.308,1
2026-07-22T21:49:48.191901+00:00,afe4702112d2f82e,2026-07-22T21:49:26.706487+00:00,19.295,3,2,visits-service|api-gateway,False,GET,/api/visit/owners/1/pets/1/visits,200,0,0.0,1
2026-07-22T21:49:48.191901+00:00,0d264eb2a14dd2aa,2026-07-22T21:49:27.210990+00:00,35.392,4,2,customers-service|api-gateway,False,GET,/api/customer/owners/1,200,1,33.159,1
2026-07-22T21:49:48.191901+00:00,b42cf6f0967a5b2b,2026-07-22T21:49:26.917226+00:00,12.136,3,2,visits-service|api-gateway,False,GET,/api/visit/owners/1/pets/1/visits,200,0,0.0,1
2026-07-22T21:49:48.191901+00:00,180618efd10b1dac,2026-07-22T21:49:26.872709+00:00,110.871,4,2,customers-service|api-gateway,False,GET,/api/customer/owners,200,1,103.073,1
2026-07-22T21:49:48.191901+00:00,6a521c80b86e2faa,2026-07-22T21:49:26.206432+00:00,59.737,4,2,api-gateway|vets-service,False,GET,/api/vet/vets,200,1,51.742,1
2026-07-22T21:49:48.191901+00:00,1a6b0c575963a8a6,2026-07-22T21:49:26.541825+00:00,42.741,4,2,customers-service|api-gateway,False,GET,/api/customer/owners/1,200,1,37.798,1
2026-07-22T21:49:48.191901+00:00,7fcc78d92c3c8a64,2026-07-22T21:49:25.873015+00:00,70.602,4,2,api-gateway|vets-service,False,GET,/api/vet/vets,200,1,62.253,1
2026-07-22T21:49:48.191901+00:00,1ed799f590182468,2026-07-22T21:49:26.042106+00:00,35.363,4,2,customers-service|api-gateway,False,GET,/api/customer/owners/1,200,1,33.174,1
2026-07-22T21:49:48.191901+00:00,a8bb3e309ed0786a,2026-07-22T21:49:25.706286+00:00,90.477,4,2,customers-service|api-gateway,False,GET,/api/customer/owners,200,1,86.119,1
2026-07-22T21:49:48.191901+00:00,57bd1065ce438fd0,2026-07-22T21:49:25.206181+00:00,58.928,4,2,api-gateway|vets-service,False,GET,/api/vet/vets,200,1,51.363,1
2026-07-22T21:49:48.191901+00:00,7ba7775988e90952,2026-07-22T21:49:25.539860+00:00,39.281,4,2,customers-service|api-gateway,False,GET,/api/customer/owners/1,200,1,34.253,1
2026-07-22T21:49:48.191901+00:00,2cbd8ceb4409379c,2026-07-22T21:49:25.039765+00:00,73.931,4,2,api-gateway|vets-service,False,GET,/api/vet/vets,200,1,64.567,1
2026-07-22T21:49:48.191901+00:00,730d2c3df0c7d1fd,2026-07-22T21:49:25.374904+00:00,36.257,4,2,customers-service|api-gateway,False,GET,/api/customer/owners/1,200,1,34.215,1
2026-07-22T21:49:48.191901+00:00,e39d980b77ad1367,2026-07-22T21:49:25.149404+00:00,11.305,3,2,visits-service|api-gateway,False,GET,/api/visit/owners/1/pets/1/visits,200,0,0.0,1
2026-07-22T21:49:48.191901+00:00,297ff8127731048c,2026-07-22T21:49:24.872475+00:00,33.091,4,2,customers-service|api-gateway,False,GET,/api/customer/owners/1,200,1,28.709,1
2026-07-22T21:49:48.191901+00:00,f8716dce44bdb8fb,2026-07-22T21:49:24.373139+00:00,52.749,4,2,api-gateway|vets-service,False,GET,/api/vet/vets,200,1,41.559,1
2026-07-22T21:49:48.191901+00:00,7e5527980a950b31,2026-07-22T21:49:24.206376+00:00,58.377,4,2,api-gateway|vets-service,False,GET,/api/vet/vets,200,1,48.061,1
2026-07-22T21:49:48.191901+00:00,bf9331260c2101df,2026-07-22T21:49:24.542482+00:00,98.345,4,2,customers-service|api-gateway,False,GET,/api/customer/owners,200,1,93.623,1
2026-07-22T21:49:48.191901+00:00,4e1a99ee361c6711,2026-07-22T21:49:24.441522+00:00,7.547,3,2,visits-service|api-gateway,False,GET,/api/visit/owners/1/pets/1/visits,200,0,0.0,1
2026-07-22T21:49:48.191901+00:00,3499513272eb0bbb,2026-07-22T21:49:24.265958+00:00,11.568,3,2,visits-service|api-gateway,False,GET,/api/visit/owners/1/pets/1/visits,200,0,0.0,1
2026-07-22T21:49:48.191901+00:00,860b7b4977e2f4ce,2026-07-22T21:49:23.539941+00:00,68.801,4,2,api-gateway|vets-service,False,GET,/api/vet/vets,200,1,58.611,1
2026-07-22T21:49:48.191901+00:00,08418ae3edf8a25e,2026-07-22T21:49:23.735885+00:00,12.968,3,2,visits-service|api-gateway,False,GET,/api/visit/owners/1/pets/1/visits,200,0,0.0,1
2026-07-22T21:49:48.191901+00:00,23872cc52c0899d6,2026-07-22T21:49:23.706407+00:00,48.707,4,2,customers-service|api-gateway,False,GET,/api/customer/owners/1,200,1,41.58,1
2026-07-22T21:49:48.191901+00:00,55933fed6c41b674,2026-07-22T21:49:23.382688+00:00,63.706,4,2,api-gateway|vets-service,False,GET,/api/vet/vets,200,1,62.238,1
2026-07-22T21:49:48.191901+00:00,5db24a30c7852850,2026-07-22T21:49:23.210245+00:00,38.517,4,2,customers-service|api-gateway,False,GET,/api/customer/owners/1,200,1,36.546,1
2026-07-22T21:49:48.191901+00:00,9f584ca5cb56cdfe,2026-07-22T21:49:23.206022+00:00,58.576,4,2,api-gateway|vets-service,False,GET,/api/vet/vets,200,1,57.148,1
2026-07-22T21:49:48.191901+00:00,fe630c45ec8d52ae,2026-07-22T21:49:22.539890+00:00,73.707,4,2,api-gateway|vets-service,False,GET,/api/vet/vets,200,1,64.551,1
2026-07-22T21:49:48.191901+00:00,0816f3d5c4fb0e40,2026-07-22T21:49:22.705603+00:00,35.29,4,2,customers-service|api-gateway,False,GET,/api/customer/owners/1,200,1,31.069,1
2026-07-22T21:49:48.191901+00:00,aeeca92dd518cead,2026-07-22T21:49:22.501266+00:00,63.629,4,2,api-gateway|vets-service,False,GET,/api/vet/vets,200,1,62.744,1
2026-07-22T21:49:48.191901+00:00,dff684d6e33d0635,2026-07-22T21:49:22.376527+00:00,40.979,4,2,customers-service|api-gateway,False,GET,/api/customer/owners/1,200,1,38.952,1
2026-07-22T21:49:48.191901+00:00,148772956592aa6e,2026-07-22T21:49:22.327872+00:00,10.085,3,2,visits-service|api-gateway,False,GET,/api/visit/owners/1/pets/1/visits,200,0,0.0,1
2026-07-22T21:49:48.191901+00:00,45e2813486f0a234,2026-07-22T21:49:22.146316+00:00,66.661,4,2,api-gateway|vets-service,False,GET,/api/vet/vets,200,1,65.092,1
2026-07-22T21:49:48.191901+00:00,d59a25a76a79464d,2026-07-22T21:49:21.539225+00:00,13.416,3,2,visits-service|api-gateway,False,GET,/api/visit/owners/1/pets/1/visits,200,0,0.0,1
2026-07-22T21:49:48.191901+00:00,750eec9c6502541b,2026-07-22T21:49:21.706488+00:00,35.694,4,2,customers-service|api-gateway,False,GET,/api/customer/owners/1,200,1,31.104,1
2026-07-22T21:49:48.191901+00:00,8aa4352ea64b0c49,2026-07-22T21:49:21.439191+00:00,11.772,3,2,visits-service|api-gateway,False,GET,/api/visit/owners/1/pets/1/visits,200,0,0.0,1
2026-07-22T21:49:48.191901+00:00,f3115da869447af1,2026-07-22T21:49:21.374645+00:00,74.72,4,2,customers-service|api-gateway,False,GET,/api/customer/owners,200,1,73.04,1
2026-07-22T21:49:48.191901+00:00,5a3050949777cee4,2026-07-22T21:49:21.088411+00:00,57.271,4,2,api-gateway|vets-service,False,GET,/api/vet/vets,200,1,56.081,1
2026-07-22T21:49:48.191901+00:00,2355c85823a8cc48,2026-07-22T21:49:21.043432+00:00,103.2,4,2,customers-service|api-gateway,False,GET,/api/customer/owners,200,1,100.099,1
2026-07-22T21:49:48.191901+00:00,4456635d919978b4,2026-07-22T21:49:20.540063+00:00,76.282,4,2,api-gateway|vets-service,False,GET,/api/vet/vets,200,1,61.6,1
2026-07-22T21:49:48.191901+00:00,dc7651735f661107,2026-07-22T21:49:20.706626+00:00,46.449,4,2,customers-service|api-gateway,False,GET,/api/customer/owners/1,200,1,39.672,1
2026-07-22T21:49:48.191901+00:00,7c738dc0249aef12,2026-07-22T21:49:20.375955+00:00,84.833,4,2,customers-service|api-gateway,False,GET,/api/customer/owners,200,1,83.115,1
2026-07-22T21:49:48.191901+00:00,8247b2cbca63d873,2026-07-22T21:49:20.228159+00:00,6.884,3,2,visits-service|api-gateway,False,GET,/api/visit/owners/1/pets/1/visits,200,0,0.0,1
2026-07-22T21:49:48.191901+00:00,619155def7efcf33,2026-07-22T21:49:20.209532+00:00,76.97,4,2,customers-service|api-gateway,False,GET,/api/customer/owners,200,1,75.163,1
2026-07-22T21:49:48.191901+00:00,91925a85c4550e41,2026-07-22T21:49:19.706395+00:00,24.053,3,2,visits-service|api-gateway,False,GET,/api/visit/owners/1/pets/1/visits,200,0,0.0,1
2026-07-22T21:49:48.191901+00:00,61d2e1732619877b,2026-07-22T21:49:19.873154+00:00,100.929,4,2,customers-service|api-gateway,False,GET,/api/customer/owners,200,1,87.433,1
2026-07-22T21:49:48.191901+00:00,d581e29f0ebaeaaa,2026-07-22T21:49:19.539016+00:00,63.045,4,2,api-gateway|vets-service,False,GET,/api/vet/vets,200,1,51.74,1
2026-07-22T21:49:48.191901+00:00,189d975a20fd712c,2026-07-22T21:49:19.377028+00:00,105.761,4,2,customers-service|api-gateway,False,GET,/api/customer/owners,200,1,103.559,1
2026-07-22T21:49:48.191901+00:00,86da5495bc6a6090,2026-07-22T21:49:19.208543+00:00,85.221,4,2,customers-service|api-gateway,False,GET,/api/customer/owners,200,1,83.708,1
2026-07-22T21:49:48.191901+00:00,eb9dfe87c17090ab,2026-07-22T21:49:19.043496+00:00,44.539,4,2,customers-service|api-gateway,False,GET,/api/customer/owners/1,200,1,41.593,1
2026-07-22T21:49:48.191901+00:00,e8d7f6fb770d6408,2026-07-22T21:49:19.031926+00:00,55.841,4,2,api-gateway|vets-service,False,GET,/api/vet/vets,200,1,54.654,1
2026-07-22T21:49:48.191901+00:00,4b27c5cc1001bd2f,2026-07-22T21:49:18.861781+00:00,66.607,4,2,api-gateway|vets-service,False,GET,/api/vet/vets,200,1,65.148,1
2026-07-22T21:49:48.191901+00:00,029147bb613ee8fd,2026-07-22T21:49:18.539147+00:00,19.641,3,2,visits-service|api-gateway,False,GET,/api/visit/owners/1/pets/1/visits,200,0,0.0,1
2026-07-22T21:49:48.191901+00:00,5f5211d7ebac639f,2026-07-22T21:49:18.377448+00:00,104.501,4,2,customers-service|api-gateway,False,GET,/api/customer/owners,200,1,101.729,1
2026-07-22T21:49:48.191901+00:00,aa13768e1d4c583d,2026-07-22T21:49:18.346972+00:00,11.939,3,2,visits-service|api-gateway,False,GET,/api/visit/owners/1/pets/1/visits,200,0,0.0,1
2026-07-22T21:49:48.191901+00:00,c8e8f087ba6209bb,2026-07-22T21:49:18.044083+00:00,35.013,4,2,customers-service|api-gateway,False,GET,/api/customer/owners/1,200,1,32.411,1
2026-07-22T21:49:48.191901+00:00,e9a9cd63868572dc,2026-07-22T21:49:17.873148+00:00,47.263,4,2,customers-service|api-gateway,False,GET,/api/customer/owners/1,200,1,39.546,1
2026-07-22T21:49:48.191901+00:00,dbf127df4ad7e41a,2026-07-22T21:49:17.706763+00:00,70.614,4,2,api-gateway|vets-service,False,GET,/api/vet/vets,200,1,59.937,1
2026-07-22T21:49:48.191901+00:00,7702a14d6b6680c8,2026-07-22T21:49:17.539395+00:00,86.006,4,2,api-gateway|vets-service,False,GET,/api/vet/vets,200,1,75.127,1
2026-07-22T21:49:48.191901+00:00,bf1673b5ecd9dcc0,2026-07-22T21:49:17.495204+00:00,66.225,4,2,api-gateway|vets-service,False,GET,/api/vet/vets,200,1,64.601,1
2026-07-22T21:49:48.191901+00:00,3886e0da16abbb4f,2026-07-22T21:49:17.208274+00:00,28.94,4,2,customers-service|api-gateway,False,GET,/api/customer/owners/1,200,1,27.389,1
2026-07-22T21:49:48.191901+00:00,f75089be3dd0afd2,2026-07-22T21:49:17.041466+00:00,90.551,4,2,customers-service|api-gateway,False,GET,/api/customer/owners,200,1,88.615,1
2026-07-22T21:49:48.191901+00:00,4b25846ecf13391a,2026-07-22T21:49:16.873162+00:00,24.785,3,2,visits-service|api-gateway,False,GET,/api/visit/owners/1/pets/1/visits,200,0,0.0,1
2026-07-22T21:49:48.191901+00:00,e7e2a407336e6435,2026-07-22T21:49:16.706461+00:00,76.42,4,2,api-gateway|vets-service,False,GET,/api/vet/vets,200,1,64.691,1
2026-07-22T21:49:48.191901+00:00,6fb888eed3bf8e4b,2026-07-22T21:49:16.539791+00:00,69.996,4,2,api-gateway|vets-service,False,GET,/api/vet/vets,200,1,59.959,1
2026-07-22T21:49:48.191901+00:00,829d5f3ac3c8f832,2026-07-22T21:49:16.377344+00:00,105.623,4,2,customers-service|api-gateway,False,GET,/api/customer/owners,200,1,103.681,1
2026-07-22T21:49:48.191901+00:00,6bbfa9a9373a12fc,2026-07-22T21:49:16.299262+00:00,65.431,4,2,api-gateway|vets-service,False,GET,/api/vet/vets,200,1,63.877,1
2026-07-22T21:49:48.191901+00:00,067a04548de524f5,2026-07-22T21:49:16.127809+00:00,59.314,4,2,api-gateway|vets-service,False,GET,/api/vet/vets,200,1,57.858,1
2026-07-22T21:49:48.191901+00:00,536cca9473a63de1,2026-07-22T21:49:15.956231+00:00,68.215,4,2,api-gateway|vets-service,False,GET,/api/vet/vets,200,1,66.59,1
2026-07-22T21:49:48.191901+00:00,97f6941062d03610,2026-07-22T21:49:15.706746+00:00,77.109,4,2,api-gateway|vets-service,False,GET,/api/vet/vets,200,1,63.812,1
2026-07-22T21:49:48.191901+00:00,feaa529f2d54501c,2026-07-22T21:49:15.539309+00:00,68.112,4,2,api-gateway|vets-service,False,GET,/api/vet/vets,200,1,53.876,1
2026-07-22T21:49:48.191901+00:00,2fe6386d2fa1f5fa,2026-07-22T21:49:15.442419+00:00,67.55,4,2,api-gateway|vets-service,False,GET,/api/vet/vets,200,1,66.189,1
2026-07-22T21:49:48.191901+00:00,670604de07bbb25d,2026-07-22T21:49:15.273008+00:00,7.916,3,2,visits-service|api-gateway,False,GET,/api/visit/owners/1/pets/1/visits,200,0,0.0,1
2026-07-22T21:49:48.191901+00:00,ac0bb1b36c56bcb3,2026-07-22T21:49:15.103151+00:00,7.322,3,2,visits-service|api-gateway,False,GET,/api/visit/owners/1/pets/1/visits,200,0,0.0,1
2026-07-22T21:49:48.191901+00:00,b8b9f944181104c2,2026-07-22T21:49:14.932598+00:00,44.056,4,2,api-gateway|vets-service,False,GET,/api/vet/vets,200,1,42.911,1
2026-07-22T21:49:48.191901+00:00,8ae871cb4cc0e3e0,2026-07-22T21:49:14.706021+00:00,23.076,3,2,visits-service|api-gateway,False,GET,/api/visit/owners/1/pets/1/visits,200,0,0.0,1
2026-07-22T21:49:48.191901+00:00,4066382a6b68c41a,2026-07-22T21:49:14.539436+00:00,49.827,4,2,customers-service|api-gateway,False,GET,/api/customer/owners/1,200,1,42.306,1
2026-07-22T21:49:48.191901+00:00,3913bc1bbad21915,2026-07-22T21:49:14.419341+00:00,64.139,4,2,api-gateway|vets-service,False,GET,/api/vet/vets,200,1,62.788,1
2026-07-22T21:49:48.191901+00:00,5da4b2eec3bfa7b5,2026-07-22T21:49:14.247623+00:00,67.33,4,2,api-gateway|vets-service,False,GET,/api/vet/vets,200,1,66.156,1
2026-07-22T21:49:48.191901+00:00,84386d1b338f692d,2026-07-22T21:49:14.077432+00:00,11.574,3,2,visits-service|api-gateway,False,GET,/api/visit/owners/1/pets/1/visits,200,0,0.0,1
2026-07-22T21:49:48.191901+00:00,002150f4a8cc786e,2026-07-22T21:49:13.872381+00:00,29.72,4,2,customers-service|api-gateway,False,GET,/api/customer/owners/1,200,1,25.711,1
2026-07-22T21:49:48.191901+00:00,87b12fb26e004906,2026-07-22T21:49:13.707820+00:00,39.213,4,2,customers-service|api-gateway,False,GET,/api/customer/owners/1,200,1,36.021,1
2026-07-22T21:49:48.191901+00:00,9a2592a1060d565c,2026-07-22T21:49:13.539065+00:00,92.826,4,2,customers-service|api-gateway,False,GET,/api/customer/owners,200,1,88.478,1
2026-07-22T21:49:48.191901+00:00,86d94003e3a454e1,2026-07-22T21:49:13.375484+00:00,83.651,4,2,customers-service|api-gateway,False,GET,/api/customer/owners,200,1,83.651,1
2026-07-22T21:49:48.191901+00:00,d0e389d7719715d8,2026-07-22T21:49:13.220969+00:00,62.423,4,2,api-gateway|vets-service,False,GET,/api/vet/vets,200,1,60.909,1
2026-07-22T21:49:48.191901+00:00,0b43ee6546874d02,2026-07-22T21:49:12.023348+00:00,26.912,3,2,visits-service|api-gateway,False,GET,/api/visit/owners/1/pets/1/visits,200,0,0.0,1
2026-07-22T21:49:48.191901+00:00,7682b5faaf10454f,2026-07-22T21:49:11.856762+00:00,71.12,4,2,api-gateway|vets-service,False,GET,/api/vet/vets,200,1,59.137,1
2026-07-22T21:49:48.191901+00:00,71bbc55f9db1feea,2026-07-22T21:49:12.193834+00:00,103.0,4,2,customers-service|api-gateway,False,GET,/api/customer/owners,200,1,100.484,1
2026-07-22T21:49:48.191901+00:00,5bf6feb8d269534b,2026-07-22T21:49:11.853623+00:00,55.803,4,2,api-gateway|vets-service,False,GET,/api/vet/vets,200,1,54.314,1
2026-07-22T21:49:48.191901+00:00,7886763de59706fd,2026-07-22T21:49:11.689404+00:00,47.792,4,2,customers-service|api-gateway,False,GET,/api/customer/owners/1,200,1,40.091,1
2026-07-22T21:49:48.191901+00:00,d66cb0c6d178a4b5,2026-07-22T21:49:10.855988+00:00,17.955,3,2,visits-service|api-gateway,False,GET,/api/visit/owners/1/pets/1/visits,200,0,0.0,1
2026-07-22T21:49:48.191901+00:00,5c94d3411a63d2a8,2026-07-22T21:49:10.689293+00:00,64.517,3,2,visits-service|api-gateway,False,GET,/api/visit/owners/1/pets/1/visits,200,0,0.0,1
2026-07-22T21:49:48.191901+00:00,6f1c25a9d19562e3,2026-07-22T21:49:11.527635+00:00,104.724,4,2,customers-service|api-gateway,False,GET,/api/customer/owners,200,1,101.789,1
2026-07-22T21:49:48.191901+00:00,42572617ef4d0c3d,2026-07-22T21:49:11.358922+00:00,34.571,4,2,customers-service|api-gateway,False,GET,/api/customer/owners/1,200,1,32.454,1
2026-07-22T21:49:48.191901+00:00,241f7ac7c50e7ea7,2026-07-22T21:49:11.193838+00:00,42.748,4,2,customers-service|api-gateway,False,GET,/api/customer/owners/1,200,1,40.379,1
2026-07-22T21:49:48.191901+00:00,39aa078ab000d5fb,2026-07-22T21:49:09.857054+00:00,71.302,4,2,api-gateway|vets-service,False,GET,/api/vet/vets,200,1,59.561,1
2026-07-22T21:49:48.191901+00:00,1f85b88aa73f5fdc,2026-07-22T21:49:10.526929+00:00,96.313,4,2,customers-service|api-gateway,False,GET,/api/customer/owners,200,1,94.291,1
2026-07-22T21:49:48.191901+00:00,55ac6e8436ef274a,2026-07-22T21:49:10.359773+00:00,35.945,4,2,customers-service|api-gateway,False,GET,/api/customer/owners/1,200,1,33.717,1
2026-07-22T21:49:48.191901+00:00,4c79d63af8674b29,2026-07-22T21:49:10.193628+00:00,106.066,4,2,customers-service|api-gateway,False,GET,/api/customer/owners,200,1,103.546,1
2026-07-22T21:49:48.191901+00:00,fa71857ba39dd70e,2026-07-22T21:49:10.137222+00:00,8.866,3,2,visits-service|api-gateway,False,GET,/api/visit/owners/1/pets/1/visits,200,0,0.0,1
2026-07-22T21:49:48.191901+00:00,d4392b7124d7f25d,2026-07-22T21:49:10.023476+00:00,41.074,4,2,customers-service|api-gateway,False,GET,/api/customer/owners/1,200,1,25.36,1
2026-07-22T21:49:48.191901+00:00,05e828176ff06440,2026-07-22T21:49:09.966241+00:00,55.974,4,2,api-gateway|vets-service,False,GET,/api/vet/vets,200,1,54.515,1
2026-07-22T21:49:48.191901+00:00,02945b071114663e,2026-07-22T21:49:09.690182+00:00,45.834,4,2,customers-service|api-gateway,False,GET,/api/customer/owners/1,200,1,38.386,1
2026-07-22T21:49:48.191901+00:00,a7f090557ee9eb84,2026-07-22T21:49:08.856483+00:00,25.374,3,2,visits-service|api-gateway,False,GET,/api/visit/owners/1/pets/1/visits,200,0,0.0,1
2026-07-22T21:49:48.191901+00:00,ad434035544fbc8a,2026-07-22T21:49:09.525003+00:00,27.855,4,2,customers-service|api-gateway,False,GET,/api/customer/owners/1,200,1,26.208,1
2026-07-22T21:49:48.191901+00:00,d7a8b802c64c4e1e,2026-07-22T21:49:09.282845+00:00,68.202,4,2,api-gateway|vets-service,False,GET,/api/vet/vets,200,1,66.603,1
2026-07-22T21:49:48.191901+00:00,636693adb6807b9d,2026-07-22T21:49:09.023135+00:00,46.955,4,2,customers-service|api-gateway,False,GET,/api/customer/owners/1,200,1,39.718,1
2026-07-22T21:49:48.191901+00:00,77ab62f12f40a587,2026-07-22T21:49:08.937947+00:00,8.22,3,2,visits-service|api-gateway,False,GET,/api/visit/owners/1/pets/1/visits,200,0,0.0,1
2026-07-22T21:49:48.191901+00:00,c657129e382d4488,2026-07-22T21:49:08.689484+00:00,49.245,4,2,customers-service|api-gateway,False,GET,/api/customer/owners/1,200,1,41.035,1
2026-07-22T21:49:48.191901+00:00,c043c49afc3991db,2026-07-22T21:49:07.857076+00:00,20.69,3,2,visits-service|api-gateway,False,GET,/api/visit/owners/1/pets/1/visits,200,0,0.0,1
2026-07-22T21:49:48.191901+00:00,74df5d0b4e26200a,2026-07-22T21:49:07.690097+00:00,19.722,3,2,visits-service|api-gateway,False,GET,/api/visit/owners/1/pets/1/visits,200,0,0.0,1
2026-07-22T21:49:48.191901+00:00,c95c3f991fd3f0e8,2026-07-22T21:49:08.358230+00:00,35.297,4,2,customers-service|api-gateway,False,GET,/api/customer/owners/1,200,1,33.585,1
2026-07-22T21:49:48.191901+00:00,a382d9345d4332a6,2026-07-22T21:49:08.082000+00:00,70.019,4,2,api-gateway|vets-service,False,GET,/api/vet/vets,200,1,68.49,1
2026-07-22T21:49:48.191901+00:00,f66fb4da239edbc2,2026-07-22T21:49:08.023525+00:00,94.821,4,2,customers-service|api-gateway,False,GET,/api/customer/owners,200,1,88.53,1
2026-07-22T21:49:48.191901+00:00,b1c51b4f3f6f8a5f,2026-07-22T21:49:07.911534+00:00,60.733,4,2,api-gateway|vets-service,False,GET,/api/vet/vets,200,1,59.269,1
2026-07-22T21:49:48.191901+00:00,165e629057552f67,2026-07-22T21:49:07.023383+00:00,24.716,3,2,visits-service|api-gateway,False,GET,/api/visit/owners/1/pets/1/visits,200,0,0.0,1
2026-07-22T21:49:48.191901+00:00,108053cdef9ad65b,2026-07-22T21:49:06.856615+00:00,82.108,4,2,api-gateway|vets-service,False,GET,/api/vet/vets,200,1,69.827,1
2026-07-22T21:49:48.191901+00:00,e79c9ced710fd7aa,2026-07-22T21:49:07.525414+00:00,35.297,4,2,customers-service|api-gateway,False,GET,/api/customer/owners/1,200,1,33.766,1
2026-07-22T21:49:48.191901+00:00,47577961ed3b1266,2026-07-22T21:49:06.689721+00:00,75.223,4,2,api-gateway|vets-service,False,GET,/api/vet/vets,200,1,62.748,1
2026-07-22T21:49:48.191901+00:00,a870fc61e59a9e34,2026-07-22T21:49:07.052490+00:00,52.001,4,2,api-gateway|vets-service,False,GET,/api/vet/vets,200,1,50.802,1
2026-07-22T21:49:48.191901+00:00,a4f922cab7800204,2026-07-22T21:49:05.856161+00:00,75.313,4,2,api-gateway|vets-service,False,GET,/api/vet/vets,200,1,65.528,1
2026-07-22T21:49:48.191901+00:00,1c50939631f5bc48,2026-07-22T21:49:06.527093+00:00,97.361,4,2,customers-service|api-gateway,False,GET,/api/customer/owners,200,1,94.744,1
2026-07-22T21:49:48.191901+00:00,c6a0607370df6601,2026-07-22T21:49:06.191194+00:00,90.071,4,2,customers-service|api-gateway,False,GET,/api/customer/owners,200,1,88.181,1
2026-07-22T21:49:48.191901+00:00,0c2fcc02c4be5e8e,2026-07-22T21:49:06.022682+00:00,34.045,4,2,customers-service|api-gateway,False,GET,/api/customer/owners/1,200,1,30.175,1
2026-07-22T21:49:48.191901+00:00,7c5183413132b543,2026-07-22T21:49:06.024186+00:00,7.948,3,2,visits-service|api-gateway,False,GET,/api/visit/owners/1/pets/1/visits,200,0,0.0,1
2026-07-22T21:49:48.191901+00:00,e946d827d54e9cdf,2026-07-22T21:49:05.189735+00:00,25.486,3,2,visits-service|api-gateway,False,GET,/api/visit/owners/1/pets/1/visits,200,0,0.0,1
2026-07-22T21:49:48.191901+00:00,e19427cc23c1039e,2026-07-22T21:49:05.689486+00:00,97.608,4,2,customers-service|api-gateway,False,GET,/api/customer/owners,200,1,92.206,1
2026-07-22T21:49:48.191901+00:00,e58a8a9558143a59,2026-07-22T21:49:05.527616+00:00,97.439,4,2,customers-service|api-gateway,False,GET,/api/customer/owners,200,1,94.778,1
2026-07-22T21:49:48.191901+00:00,eb1ba3ada2ee074c,2026-07-22T21:49:05.022330+00:00,35.292,4,2,customers-service|api-gateway,False,GET,/api/customer/owners/1,200,1,30.925,1
2026-07-22T21:49:48.191901+00:00,b8112d3505a9be8f,2026-07-22T21:49:04.856827+00:00,38.555,4,2,customers-service|api-gateway,False,GET,/api/customer/owners/1,200,1,33.058,1
2026-07-22T21:49:48.191901+00:00,d7a80e4e4cbff0c2,2026-07-22T21:49:04.190212+00:00,21.046,3,2,visits-service|api-gateway,False,GET,/api/visit/owners/1/pets/1/visits,200,0,0.0,1
2026-07-22T21:49:48.191901+00:00,1a8c70e4170a8702,2026-07-22T21:49:04.691009+00:00,90.352,4,2,customers-service|api-gateway,False,GET,/api/customer/owners,200,1,87.568,1
2026-07-22T21:49:48.191901+00:00,989d96a00cd98ccf,2026-07-22T21:49:04.023630+00:00,67.745,4,2,api-gateway|vets-service,False,GET,/api/vet/vets,200,1,57.066,1
2026-07-22T21:49:48.191901+00:00,babc171f1564205d,2026-07-22T21:49:04.525046+00:00,89.707,4,2,customers-service|api-gateway,False,GET,/api/customer/owners,200,1,88.015,1
2026-07-22T21:49:48.191901+00:00,3ca57c39c9ecbe1c,2026-07-22T21:49:03.856193+00:00,74.622,4,2,api-gateway|vets-service,False,GET,/api/vet/vets,200,1,62.815,1
2026-07-22T21:49:48.191901+00:00,4697c29d96cfbf5a,2026-07-22T21:49:04.360873+00:00,85.825,4,2,customers-service|api-gateway,False,GET,/api/customer/owners,200,1,83.617,1
2026-07-22T21:49:48.191901+00:00,614aa49e4b1139d8,2026-07-22T21:49:04.136145+00:00,8.013,3,2,visits-service|api-gateway,False,GET,/api/visit/owners/1/pets/1/visits,200,0,0.0,1
2026-07-22T21:49:48.191901+00:00,0dbe1a9a6f200820,2026-07-22T21:49:03.189755+00:00,23.007,3,2,visits-service|api-gateway,False,GET,/api/visit/owners/1/pets/1/visits,200,0,0.0,1
2026-07-22T21:49:48.191901+00:00,2b9c3b3c83c2c11f,2026-07-22T21:49:03.689164+00:00,83.343,4,2,customers-service|api-gateway,False,GET,/api/customer/owners,200,1,78.975,1
2026-07-22T21:49:48.191901+00:00,3b8cebcdc6eaca05,2026-07-22T21:49:02.855857+00:00,67.648,4,2,api-gateway|vets-service,False,GET,/api/vet/vets,200,1,56.927,1
2026-07-22T21:49:48.191901+00:00,2eaff2d3ab55c152,2026-07-22T21:49:03.361555+00:00,96.228,4,2,customers-service|api-gateway,False,GET,/api/customer/owners,200,1,94.465,1
2026-07-22T21:49:48.191901+00:00,324a6d9ec645d7f0,2026-07-22T21:49:02.689321+00:00,24.13,3,2,visits-service|api-gateway,False,GET,/api/visit/owners/1/pets/1/visits,200,0,0.0,1
2026-07-22T21:49:48.191901+00:00,77c785fd8b3055d4,2026-07-22T21:49:03.096259+00:00,60.048,4,2,api-gateway|vets-service,False,GET,/api/vet/vets,200,1,58.744,1
2026-07-22T21:49:48.191901+00:00,9ef6c5f1b2980dc9,2026-07-22T21:49:03.022690+00:00,106.273,4,2,customers-service|api-gateway,False,GET,/api/customer/owners,200,1,98.808,1
2026-07-22T21:49:48.191901+00:00,ed4b1146eff0d317,2026-07-22T21:49:01.856966+00:00,72.263,4,2,api-gateway|vets-service,False,GET,/api/vet/vets,200,1,60.308,1
2026-07-22T21:49:48.191901+00:00,0fbad63df3c0bb11,2026-07-22T21:49:02.360687+00:00,106.779,4,2,customers-service|api-gateway,False,GET,/api/customer/owners,200,1,104.218,1
2026-07-22T21:49:48.191901+00:00,285f95f65c3ca28d,2026-07-22T21:49:02.192351+00:00,82.039,4,2,customers-service|api-gateway,False,GET,/api/customer/owners,200,1,80.695,1
2026-07-22T21:49:48.191901+00:00,15e6cd6cd6455e1a,2026-07-22T21:49:02.052877+00:00,10.787,3,2,visits-service|api-gateway,False,GET,/api/visit/owners/1/pets/1/visits,200,0,0.0,1
2026-07-22T21:49:48.191901+00:00,d5dcd733b5914de2,2026-07-22T21:49:02.022228+00:00,35.152,4,2,customers-service|api-gateway,False,GET,/api/customer/owners/1,200,1,31.059,1
2026-07-22T21:49:48.191901+00:00,df758f6e181e75b5,2026-07-22T21:49:01.689484+00:00,32.59,4,2,customers-service|api-gateway,False,GET,/api/customer/owners/1,200,1,27.995,1
2026-07-22T21:49:48.191901+00:00,759cd166d65af2c3,2026-07-22T21:49:01.360003+00:00,93.112,4,2,customers-service|api-gateway,False,GET,/api/customer/owners,200,1,90.693,1
2026-07-22T21:49:48.191901+00:00,d6b00e8af71115df,2026-07-22T21:49:00.856209+00:00,65.672,4,2,api-gateway|vets-service,False,GET,/api/vet/vets,200,1,54.935,1
2026-07-22T21:49:48.191901+00:00,125c8d7f07d83c32,2026-07-22T21:49:01.193692+00:00,97.685,4,2,customers-service|api-gateway,False,GET,/api/customer/owners,200,1,95.038,1
2026-07-22T21:49:48.191901+00:00,e61242cfad358bfa,2026-07-22T21:49:00.690115+00:00,64.083,4,2,api-gateway|vets-service,False,GET,/api/vet/vets,200,1,52.137,1
2026-07-22T21:49:48.191901+00:00,a95fa7169225102b,2026-07-22T21:49:01.023182+00:00,107.351,4,2,customers-service|api-gateway,False,GET,/api/customer/owners,200,1,99.588,1
2026-07-22T21:49:48.191901+00:00,80b9c8edb6a42958,2026-07-22T21:49:01.016367+00:00,66.251,4,2,api-gateway|vets-service,False,GET,/api/vet/vets,200,1,64.763,1
2026-07-22T21:49:48.191901+00:00,e4922e3a7798d9d9,2026-07-22T21:49:00.190121+00:00,16.877,3,2,visits-service|api-gateway,False,GET,/api/visit/owners/1/pets/1/visits,200,0,0.0,1
2026-07-22T21:49:48.191901+00:00,106a13d66e466447,2026-07-22T21:49:00.023533+00:00,23.333,3,2,visits-service|api-gateway,False,GET,/api/visit/owners/1/pets/1/visits,200,0,0.0,1
2026-07-22T21:49:48.191901+00:00,c4573cfe350bd357,2026-07-22T21:49:00.358156+00:00,91.374,4,2,customers-service|api-gateway,False,GET,/api/customer/owners,200,1,89.772,1
2026-07-22T21:49:48.191901+00:00,c5782862f2af470e,2026-07-22T21:48:59.689265+00:00,70.847,4,2,api-gateway|vets-service,False,GET,/api/vet/vets,200,1,59.684,1
2026-07-22T21:49:48.191901+00:00,ab54282b194961b8,2026-07-22T21:48:59.856098+00:00,99.566,4,2,customers-service|api-gateway,False,GET,/api/customer/owners,200,1,94.464,1
2026-07-22T21:49:48.191901+00:00,44ccf7e14e36df31,2026-07-22T21:48:59.355990+00:00,28.707,3,2,visits-service|api-gateway,False,GET,/api/visit/owners/1/pets/1/visits,200,0,0.0,1
2026-07-22T21:49:48.191901+00:00,ecb8cc8df03eb248,2026-07-22T21:48:59.527163+00:00,84.059,4,2,customers-service|api-gateway,False,GET,/api/customer/owners,200,1,82.044,1
2026-07-22T21:49:48.191901+00:00,80953d956f902c6e,2026-07-22T21:48:58.856936+00:00,75.063,4,2,api-gateway|vets-service,False,GET,/api/vet/vets,200,1,63.04,1
2026-07-22T21:49:48.191901+00:00,7e26a3223a0a367c,2026-07-22T21:48:59.193979+00:00,42.385,4,2,customers-service|api-gateway,False,GET,/api/customer/owners/1,200,1,40.018,1
2026-07-22T21:49:48.191901+00:00,1b46c7ced3a52173,2026-07-22T21:48:58.690249+00:00,76.058,4,2,api-gateway|vets-service,False,GET,/api/vet/vets,200,1,64.142,1
2026-07-22T21:49:48.191901+00:00,50432fca96e68bf5,2026-07-22T21:48:59.025969+00:00,36.657,4,2,customers-service|api-gateway,False,GET,/api/customer/owners/1,200,1,31.777,1
2026-07-22T21:49:48.191901+00:00,1b5e976a4eeee9f4,2026-07-22T21:48:58.522890+00:00,101.483,4,2,customers-service|api-gateway,False,GET,/api/customer/owners,200,1,95.355,1
2026-07-22T21:49:48.191901+00:00,297441bf48843227,2026-07-22T21:48:58.023670+00:00,22.085,3,2,visits-service|api-gateway,False,GET,/api/visit/owners/1/pets/1/visits,200,0,0.0,1
2026-07-22T21:49:48.191901+00:00,f02790b845e0bf3c,2026-07-22T21:48:58.360584+00:00,36.045,4,2,customers-service|api-gateway,False,GET,/api/customer/owners/1,200,1,33.71,1
2026-07-22T21:49:48.191901+00:00,d8a1e784a78cdc8e,2026-07-22T21:48:58.192558+00:00,32.897,4,2,customers-service|api-gateway,False,GET,/api/customer/owners/1,200,1,32.897,1
2026-07-22T21:49:48.191901+00:00,c76e31ef10c01dc2,2026-07-22T21:48:57.689833+00:00,18.054,3,2,visits-service|api-gateway,False,GET,/api/visit/owners/1/pets/1/visits,200,0,0.0,1
2026-07-22T21:49:48.191901+00:00,e54a00d7d7c4a205,2026-07-22T21:48:57.856531+00:00,38.27,4,2,customers-service|api-gateway,False,GET,/api/customer/owners/1,200,1,33.144,1
2026-07-22T21:49:48.191901+00:00,18f1cd0a4da995d5,2026-07-22T21:48:57.356141+00:00,19.088,3,2,visits-service|api-gateway,False,GET,/api/visit/owners/1/pets/1/visits,200,0,0.0,1
2026-07-22T21:49:48.191901+00:00,0715790e91e809a9,2026-07-22T21:48:57.523830+00:00,94.5,4,2,customers-service|api-gateway,False,GET,/api/customer/owners,200,1,88.542,1
2026-07-22T21:49:48.191901+00:00,5b9bb2f9f869d591,2026-07-22T21:48:57.022894+00:00,17.888,3,2,visits-service|api-gateway,False,GET,/api/visit/owners/1/pets/1/visits,200,0,0.0,1
2026-07-22T21:49:48.191901+00:00,fd0e52c7ccccb75a,2026-07-22T21:48:57.193621+00:00,33.107,4,2,customers-service|api-gateway,False,GET,/api/customer/owners/1,200,1,31.138,1
2026-07-22T21:49:48.191901+00:00,b297a22f3ac2ade0,2026-07-22T21:48:56.689915+00:00,22.263,3,2,visits-service|api-gateway,False,GET,/api/visit/owners/1/pets/1/visits,200,0,0.0,1
2026-07-22T21:49:48.191901+00:00,c4a48b422289c2aa,2026-07-22T21:48:56.856066+00:00,48.375,4,2,customers-service|api-gateway,False,GET,/api/customer/owners/1,200,1,41.954,1
2026-07-22T21:49:48.191901+00:00,a8d73a275b90e973,2026-07-22T21:48:56.526299+00:00,33.201,4,2,customers-service|api-gateway,False,GET,/api/customer/owners/1,200,1,31.581,1
2026-07-22T21:49:48.191901+00:00,f085b6fec717caac,2026-07-22T21:48:56.358621+00:00,82.238,4,2,customers-service|api-gateway,False,GET,/api/customer/owners,200,1,80.639,1
2026-07-22T21:49:48.191901+00:00,e67878e04f327e6c,2026-07-22T21:48:56.192012+00:00,89.664,4,2,customers-service|api-gateway,False,GET,/api/customer/owners,200,1,88.294,1
2026-07-22T21:49:48.191901+00:00,9bf2d998a5136f0b,2026-07-22T21:48:55.856649+00:00,80.297,4,2,api-gateway|vets-service,False,GET,/api/vet/vets,200,1,73.068,1
2026-07-22T21:49:48.191901+00:00,039de0c53d357118,2026-07-22T21:48:56.023064+00:00,81.406,4,2,customers-service|api-gateway,False,GET,/api/customer/owners,200,1,77.479,1
2026-07-22T21:49:48.191901+00:00,5dc722f423e3a083,2026-07-22T21:48:55.816516+00:00,63.544,4,2,api-gateway|vets-service,False,GET,/api/vet/vets,200,1,62.023,1
2026-07-22T21:49:48.191901+00:00,79fe6c84317430ce,2026-07-22T21:48:55.693092+00:00,101.471,4,2,customers-service|api-gateway,False,GET,/api/customer/owners,200,1,97.526,1
2026-07-22T21:49:48.191901+00:00,eebade244de0e7ba,2026-07-22T21:48:55.355944+00:00,21.358,3,2,visits-service|api-gateway,False,GET,/api/visit/owners/1/pets/1/visits,200,0,0.0,1
2026-07-22T21:49:48.191901+00:00,7ff354eed611357d,2026-07-22T21:48:55.191035+00:00,73.77,4,2,api-gateway|vets-service,False,GET,/api/vet/vets,200,1,61.67,1
2026-07-22T21:49:48.191901+00:00,2e5fb0c1e810dc97,2026-07-22T21:48:55.022401+00:00,81.54,4,2,api-gateway|vets-service,False,GET,/api/vet/vets,200,1,67.791,1
2026-07-22T21:49:48.191901+00:00,ab316425634cb341,2026-07-22T21:48:54.856680+00:00,23.859,3,2,visits-service|api-gateway,False,GET,/api/visit/owners/1/pets/1/visits,200,0,0.0,1
2026-07-22T21:49:48.191901+00:00,f76b13dfe72e8ab8,2026-07-22T21:48:54.789817+00:00,60.44,4,2,api-gateway|vets-service,False,GET,/api/vet/vets,200,1,58.861,1
2026-07-22T21:49:48.191901+00:00,b79961dfc2cf63d3,2026-07-22T21:48:54.689744+00:00,39.707,4,2,customers-service|api-gateway,False,GET,/api/customer/owners/1,200,1,34.967,1
2026-07-22T21:49:48.191901+00:00,7e80338ef2b8905d,2026-07-22T21:48:54.356674+00:00,16.519,3,2,visits-service|api-gateway,False,GET,/api/visit/owners/1/pets/1/visits,200,0,0.0,1
2026-07-22T21:49:48.191901+00:00,8abe293d5c5545a0,2026-07-22T21:48:54.189521+00:00,73.734,4,2,api-gateway|vets-service,False,GET,/api/vet/vets,200,1,61.938,1
2026-07-22T21:49:48.191901+00:00,ab76c0432001a8c7,2026-07-22T21:48:54.022846+00:00,81.438,4,2,api-gateway|vets-service,False,GET,/api/vet/vets,200,1,69.201,1
2026-07-22T21:49:48.191901+00:00,0dda404ceb372043,2026-07-22T21:48:53.856712+00:00,40.662,4,2,customers-service|api-gateway,False,GET,/api/customer/owners/1,200,1,34.031,1
2026-07-22T21:49:48.191901+00:00,0bcfbc557ca7c337,2026-07-22T21:48:53.763559+00:00,58.682,4,2,api-gateway|vets-service,False,GET,/api/vet/vets,200,1,57.501,1
2026-07-22T21:49:48.191901+00:00,b0b23e78609adcb4,2026-07-22T21:48:53.690662+00:00,38.424,4,2,customers-service|api-gateway,False,GET,/api/customer/owners/1,200,1,31.665,1
2026-07-22T21:49:48.191901+00:00,d179e76e65cce483,2026-07-22T21:48:53.189054+00:00,22.917,3,2,visits-service|api-gateway,False,GET,/api/visit/owners/1/pets/1/visits,200,0,0.0,1
2026-07-22T21:49:48.191901+00:00,a83d26b92929aa3c,2026-07-22T21:48:53.358651+00:00,89.781,4,2,customers-service|api-gateway,False,GET,/api/customer/owners,200,1,88.151,1
2026-07-22T21:49:48.191901+00:00,7c43e73cce43e2bd,2026-07-22T21:48:52.856765+00:00,71.232,4,2,api-gateway|vets-service,False,GET,/api/vet/vets,200,1,57.108,1
2026-07-22T21:49:48.191901+00:00,049e488315846ccb,2026-07-22T21:48:53.026360+00:00,106.833,4,2,customers-service|api-gateway,False,GET,/api/customer/owners,200,1,103.512,1
2026-07-22T21:49:48.191901+00:00,570efca1798afaf4,2026-07-22T21:48:52.689361+00:00,107.432,4,2,customers-service|api-gateway,False,GET,/api/customer/owners,200,1,99.88,1
2026-07-22T21:49:48.191901+00:00,090d5df4accab30a,2026-07-22T21:48:52.356516+00:00,73.842,4,2,api-gateway|vets-service,False,GET,/api/vet/vets,200,1,62.118,1
2026-07-22T21:49:48.191901+00:00,7f32166ff8476ac3,2026-07-22T21:48:52.524202+00:00,114.449,4,2,customers-service|api-gateway,False,GET,/api/customer/owners,200,1,106.57,1
2026-07-22T21:49:48.191901+00:00,2277098138e14c23,2026-07-22T21:48:52.190009+00:00,20.806,3,2,visits-service|api-gateway,False,GET,/api/visit/owners/1/pets/1/visits,200,0,0.0,1
2026-07-22T21:49:48.191901+00:00,77bb95aec7a80100,2026-07-22T21:48:52.022802+00:00,76.148,4,2,api-gateway|vets-service,False,GET,/api/vet/vets,200,1,63.426,1
2026-07-22T21:49:48.191901+00:00,a2675bab3a8ada78,2026-07-22T21:48:51.856326+00:00,24.097,3,2,visits-service|api-gateway,False,GET,/api/visit/owners/1/pets/1/visits,200,0,0.0,1
2026-07-22T21:49:48.191901+00:00,8e1d95c161ba3bae,2026-07-22T21:48:51.689328+00:00,30.802,4,2,customers-service|api-gateway,False,GET,/api/customer/owners/1,200,1,25.457,1
2026-07-22T21:49:48.191901+00:00,aa6f51d294cc4b9f,2026-07-22T21:48:51.524552+00:00,34.572,4,2,customers-service|api-gateway,False,GET,/api/customer/owners/1,200,1,32.782,1
2026-07-22T21:49:48.191901+00:00,7843862e962a4dfe,2026-07-22T21:48:51.371187+00:00,7.644,3,2,visits-service|api-gateway,False,GET,/api/visit/owners/1/pets/1/visits,200,0,0.0,1
2026-07-22T21:49:48.191901+00:00,df96cdc015d70fb7,2026-07-22T21:48:51.359713+00:00,151.989,4,2,customers-service|api-gateway,False,GET,/api/customer/owners/1,200,1,151.989,1
2026-07-22T21:49:48.191901+00:00,a4a001ae6690c2d9,2026-07-22T21:48:51.200585+00:00,13.754,3,2,visits-service|api-gateway,False,GET,/api/visit/owners/1/pets/1/visits,200,0,0.0,1
2026-07-22T21:49:48.191901+00:00,65fe4a20ba324646,2026-07-22T21:48:50.856708+00:00,81.885,4,2,api-gateway|vets-service,False,GET,/api/vet/vets,200,1,69.544,1
2026-07-22T21:49:48.191901+00:00,93461d71b55454ec,2026-07-22T21:48:50.689942+00:00,71.937,4,2,api-gateway|vets-service,False,GET,/api/vet/vets,200,1,59.77,1
2026-07-22T21:49:48.191901+00:00,5c3ce1a65cc65666,2026-07-22T21:48:50.522654+00:00,65.116,4,2,api-gateway|vets-service,False,GET,/api/vet/vets,200,1,54.061,1
2026-07-22T21:49:48.191901+00:00,0d8b85b8e394bb78,2026-07-22T21:48:50.359801+00:00,32.13,4,2,customers-service|api-gateway,False,GET,/api/customer/owners/1,200,1,30.327,1
2026-07-22T21:49:48.191901+00:00,7c00487167a42ac8,2026-07-22T21:48:50.191493+00:00,80.632,4,2,customers-service|api-gateway,False,GET,/api/customer/owners,200,1,79.106,1
2026-07-22T21:49:48.191901+00:00,972f16e5bcbade42,2026-07-22T21:48:50.174299+00:00,10.495,3,2,visits-service|api-gateway,False,GET,/api/visit/owners/1/pets/1/visits,200,0,0.0,1
2026-07-22T21:49:48.191901+00:00,21ff3e7caf33b272,2026-07-22T21:48:49.856539+00:00,72.788,4,2,api-gateway|vets-service,False,GET,/api/vet/vets,200,1,60.625,1
2026-07-22T21:49:48.191901+00:00,cc0257d379894644,2026-07-22T21:48:49.690573+00:00,62.33,4,2,api-gateway|vets-service,False,GET,/api/vet/vets,200,1,49.753,1
2026-07-22T21:49:48.191901+00:00,c9b2fe852fc7578e,2026-07-22T21:48:49.523254+00:00,72.649,4,2,api-gateway|vets-service,False,GET,/api/vet/vets,200,1,60.323,1
2026-07-22T21:49:48.191901+00:00,2ad8048132ea896a,2026-07-22T21:48:49.357010+00:00,75.013,4,2,api-gateway|vets-service,False,GET,/api/vet/vets,200,1,62.879,1
2026-07-22T21:49:48.191901+00:00,37d5113222ed135c,2026-07-22T21:48:49.320402+00:00,11.597,3,2,visits-service|api-gateway,False,GET,/api/visit/owners/1/pets/1/visits,200,0,0.0,1
2026-07-22T21:49:48.191901+00:00,e80352328d88c2df,2026-07-22T21:48:49.023011+00:00,63.338,4,2,api-gateway|vets-service,False,GET,/api/vet/vets,200,1,53.827,1
2026-07-22T21:49:48.191901+00:00,57c4b202e395e54b,2026-07-22T21:48:48.856815+00:00,36.038,4,2,customers-service|api-gateway,False,GET,/api/customer/owners/1,200,1,30.637,1
2026-07-22T21:49:48.191901+00:00,9d95017d6878e667,2026-07-22T21:48:48.691579+00:00,80.348,4,2,customers-service|api-gateway,False,GET,/api/customer/owners,200,1,73.916,1
2026-07-22T21:49:48.191901+00:00,e4d39bcabefe100b,2026-07-22T21:48:48.522620+00:00,61.737,4,2,api-gateway|vets-service,False,GET,/api/vet/vets,200,1,52.564,1
2026-07-22T21:50:47.276497+00:00,f22eeb6afdd0db6a,2026-07-22T21:50:47.422893+00:00,62.69,4,2,api-gateway|vets-service,False,GET,/api/vet/vets,200,1,61.19,1
2026-07-22T21:50:47.276497+00:00,2c08a3a5cc5b1e2d,2026-07-22T21:50:47.248763+00:00,64.295,4,2,api-gateway|vets-service,False,GET,/api/vet/vets,200,1,62.927,1
2026-07-22T21:50:47.276497+00:00,c419223f655288e8,2026-07-22T21:50:47.077197+00:00,7.637,3,2,visits-service|api-gateway,False,GET,/api/visit/owners/1/pets/1/visits,200,0,0.0,1
2026-07-22T21:50:47.276497+00:00,d33fa1555fdef070,2026-07-22T21:50:45.843321+00:00,25.018,3,2,visits-service|api-gateway,False,GET,/api/visit/owners/1/pets/1/visits,200,0,0.0,1
2026-07-22T21:50:47.276497+00:00,5c1aeea359e10a7c,2026-07-22T21:50:46.679734+00:00,31.095,4,2,customers-service|api-gateway,False,GET,/api/customer/owners/1,200,1,28.951,1
2026-07-22T21:50:47.276497+00:00,b2d4caaa990efedb,2026-07-22T21:50:46.562145+00:00,59.75,4,2,api-gateway|vets-service,False,GET,/api/vet/vets,200,1,58.336,1
2026-07-22T21:50:47.276497+00:00,79c73bdbdd077d0e,2026-07-22T21:50:46.392862+00:00,61.863,4,2,api-gateway|vets-service,False,GET,/api/vet/vets,200,1,60.375,1
2026-07-22T21:50:47.276497+00:00,d6ed0ba160c35ae3,2026-07-22T21:50:46.223679+00:00,48.285,4,2,api-gateway|vets-service,False,GET,/api/vet/vets,200,1,47.092,1
2026-07-22T21:50:47.276497+00:00,068efe3744f44260,2026-07-22T21:50:46.010184+00:00,111.058,4,2,customers-service|api-gateway,False,GET,/api/customer/owners,200,1,102.246,1
2026-07-22T21:50:47.276497+00:00,91839e8495c0b329,2026-07-22T21:50:45.880525+00:00,59.272,4,2,api-gateway|vets-service,False,GET,/api/vet/vets,200,1,57.969,1
2026-07-22T21:50:47.276497+00:00,a4fd0594240220f0,2026-07-22T21:50:44.843103+00:00,73.284,4,2,api-gateway|vets-service,False,GET,/api/vet/vets,200,1,63.293,1
2026-07-22T21:50:47.276497+00:00,a57cf671f3364bff,2026-07-22T21:50:45.176935+00:00,34.867,4,2,customers-service|api-gateway,False,GET,/api/customer/owners/1,200,1,29.528,1
2026-07-22T21:50:47.276497+00:00,e42196487b2863d4,2026-07-22T21:50:45.026874+00:00,8.135,3,2,visits-service|api-gateway,False,GET,/api/visit/owners/1/pets/1/visits,200,0,0.0,1
2026-07-22T21:50:47.276497+00:00,b55f29d1f85d9c5d,2026-07-22T21:50:44.855378+00:00,10.178,3,2,visits-service|api-gateway,False,GET,/api/visit/owners/1/pets/1/visits,200,0,0.0,1
2026-07-22T21:50:47.276497+00:00,391ece9263617472,2026-07-22T21:50:43.843054+00:00,18.719,3,2,visits-service|api-gateway,False,GET,/api/visit/owners/1/pets/1/visits,200,0,0.0,1
2026-07-22T21:50:47.276497+00:00,d68955fa51d09d0e,2026-07-22T21:50:44.679206+00:00,81.04,4,2,customers-service|api-gateway,False,GET,/api/customer/owners,200,1,79.253,1
2026-07-22T21:50:47.276497+00:00,2d5e2f7ea91e9fa2,2026-07-22T21:50:44.514559+00:00,11.961,3,2,visits-service|api-gateway,False,GET,/api/visit/owners/1/pets/1/visits,200,0,0.0,1
2026-07-22T21:50:47.276497+00:00,8ce50f1bb7126b3f,2026-07-22T21:50:44.512069+00:00,86.294,4,2,customers-service|api-gateway,False,GET,/api/customer/owners,200,1,84.383,1
2026-07-22T21:50:47.276497+00:00,b935ba5959d310e6,2026-07-22T21:50:44.345532+00:00,87.978,4,2,customers-service|api-gateway,False,GET,/api/customer/owners,200,1,86.523,1
2026-07-22T21:50:47.276497+00:00,7b79a5902b75139d,2026-07-22T21:50:44.344664+00:00,63.596,4,2,api-gateway|vets-service,False,GET,/api/vet/vets,200,1,62.22,1
2026-07-22T21:50:47.276497+00:00,7f09a50c11cbca72,2026-07-22T21:50:44.001987+00:00,8.142,3,2,visits-service|api-gateway,False,GET,/api/visit/owners/1/pets/1/visits,200,0,0.0,1
2026-07-22T21:50:47.276497+00:00,61bb66b222487598,2026-07-22T21:50:43.829804+00:00,11.881,3,2,visits-service|api-gateway,False,GET,/api/visit/owners/1/pets/1/visits,200,0,0.0,1
2026-07-22T21:50:47.276497+00:00,827fb76dd0a82989,2026-07-22T21:50:43.347465+00:00,43.442,4,2,customers-service|api-gateway,False,GET,/api/customer/owners/1,200,1,40.704,1
2026-07-22T21:50:47.276497+00:00,da07e2a1bf27b14e,2026-07-22T21:50:43.317865+00:00,7.503,3,2,visits-service|api-gateway,False,GET,/api/visit/owners/1/pets/1/visits,200,0,0.0,1
2026-07-22T21:50:47.276497+00:00,d9be6fa16a070a93,2026-07-22T21:50:43.145653+00:00,54.838,4,2,api-gateway|vets-service,False,GET,/api/vet/vets,200,1,53.666,1
2026-07-22T21:50:47.276497+00:00,00b3483c7147f863,2026-07-22T21:50:42.973640+00:00,6.064,3,2,visits-service|api-gateway,False,GET,/api/visit/owners/1/pets/1/visits,200,0,0.0,1
2026-07-22T21:50:47.276497+00:00,744f2a18777b21ad,2026-07-22T21:50:42.843007+00:00,84.504,4,2,customers-service|api-gateway,False,GET,/api/customer/owners,200,1,79.146,1
2026-07-22T21:50:47.276497+00:00,142941ba36555fa4,2026-07-22T21:50:42.681429+00:00,110.18,4,2,customers-service|api-gateway,False,GET,/api/customer/owners,200,1,106.491,1
2026-07-22T21:50:47.276497+00:00,55e69e63aef8d150,2026-07-22T21:50:41.843618+00:00,19.37,3,2,visits-service|api-gateway,False,GET,/api/visit/owners/1/pets/1/visits,200,0,0.0,1
2026-07-22T21:50:47.276497+00:00,3ef03509742eb8ae,2026-07-22T21:50:42.458721+00:00,11.556,3,2,visits-service|api-gateway,False,GET,/api/visit/owners/1/pets/1/visits,200,0,0.0,1
2026-07-22T21:50:47.276497+00:00,68d32032bb576970,2026-07-22T21:50:42.116818+00:00,61.601,4,2,api-gateway|vets-service,False,GET,/api/vet/vets,200,1,60.339,1
2026-07-22T21:50:47.276497+00:00,28ac01f8b9aff498,2026-07-22T21:50:42.009593+00:00,92.979,4,2,customers-service|api-gateway,False,GET,/api/customer/owners,200,1,87.998,1
2026-07-22T21:50:47.276497+00:00,3e4acfaacbfbd693,2026-07-22T21:50:41.942742+00:00,60.718,4,2,api-gateway|vets-service,False,GET,/api/vet/vets,200,1,59.292,1
2026-07-22T21:50:47.276497+00:00,bacff970243d1222,2026-07-22T21:50:41.513913+00:00,109.698,4,2,customers-service|api-gateway,False,GET,/api/customer/owners,200,1,106.802,1
2026-07-22T21:50:47.276497+00:00,faf6057b22e242eb,2026-07-22T21:50:41.430928+00:00,65.251,4,2,api-gateway|vets-service,False,GET,/api/vet/vets,200,1,64.054,1
2026-07-22T21:50:47.276497+00:00,9dfdec76da17b72c,2026-07-22T21:50:41.259413+00:00,53.239,4,2,api-gateway|vets-service,False,GET,/api/vet/vets,200,1,52.09,1
2026-07-22T21:50:47.276497+00:00,faa1d2167b176f2c,2026-07-22T21:50:41.086543+00:00,8.026,3,2,visits-service|api-gateway,False,GET,/api/visit/owners/1/pets/1/visits,200,0,0.0,1
2026-07-22T21:50:47.276497+00:00,acc1e4ce7d29e54f,2026-07-22T21:50:41.009623+00:00,34.524,4,2,customers-service|api-gateway,False,GET,/api/customer/owners/1,200,1,29.016,1
2026-07-22T21:50:47.276497+00:00,f62e5f20354bc607,2026-07-22T21:50:40.843435+00:00,115.595,4,2,customers-service|api-gateway,False,GET,/api/customer/owners,200,1,108.207,1
2026-07-22T21:50:47.276497+00:00,5ee136430910d62e,2026-07-22T21:50:40.010199+00:00,16.824,3,2,visits-service|api-gateway,False,GET,/api/visit/owners/1/pets/1/visits,200,0,0.0,1
2026-07-22T21:50:47.276497+00:00,2053af8fe669c0c2,2026-07-22T21:50:40.400782+00:00,8.336,3,2,visits-service|api-gateway,False,GET,/api/visit/owners/1/pets/1/visits,200,0,0.0,1
2026-07-22T21:50:47.276497+00:00,f2a1333d7ca704b3,2026-07-22T21:50:40.229787+00:00,70.727,4,2,api-gateway|vets-service,False,GET,/api/vet/vets,200,1,69.347,1
2026-07-22T21:50:47.276497+00:00,4deb536151ba3146,2026-07-22T21:50:40.177119+00:00,87.79,4,2,customers-service|api-gateway,False,GET,/api/customer/owners,200,1,81.141,1
2026-07-22T21:50:47.276497+00:00,f750299c6b7de9f5,2026-07-22T21:50:40.057384+00:00,14.482,3,2,visits-service|api-gateway,False,GET,/api/visit/owners/1/pets/1/visits,200,0,0.0,1
2026-07-22T21:50:47.276497+00:00,c71a66564bb8f0ca,2026-07-22T21:50:39.843885+00:00,91.424,4,2,customers-service|api-gateway,False,GET,/api/customer/owners,200,1,85.707,1
2026-07-22T21:50:47.276497+00:00,6a5726c4ebdabba2,2026-07-22T21:50:38.843741+00:00,80.067,4,2,api-gateway|vets-service,False,GET,/api/vet/vets,200,1,68.165,1
2026-07-22T21:50:47.276497+00:00,d558eaff8bd0f071,2026-07-22T21:50:39.176400+00:00,37.309,4,2,customers-service|api-gateway,False,GET,/api/customer/owners/1,200,1,31.76,1
2026-07-22T21:50:47.276497+00:00,f03566f89b370c03,2026-07-22T21:50:39.010797+00:00,42.309,4,2,customers-service|api-gateway,False,GET,/api/customer/owners/1,200,1,36.142,1
2026-07-22T21:50:47.276497+00:00,8951802b20cb071a,2026-07-22T21:50:38.680264+00:00,101.688,4,2,customers-service|api-gateway,False,GET,/api/customer/owners,200,1,99.224,1
2026-07-22T21:50:47.276497+00:00,f54f9455df4e38a2,2026-07-22T21:50:38.513967+00:00,41.394,4,2,customers-service|api-gateway,False,GET,/api/customer/owners/1,200,1,38.608,1
2026-07-22T21:50:47.276497+00:00,6d1560c2bcd001ba,2026-07-22T21:50:38.345503+00:00,27.922,4,2,customers-service|api-gateway,False,GET,/api/customer/owners/1,200,1,27.922,1
2026-07-22T21:50:47.276497+00:00,8e1b90cd9802cc32,2026-07-22T21:50:38.179182+00:00,93.352,4,2,customers-service|api-gateway,False,GET,/api/customer/owners,200,1,89.906,1
2026-07-22T21:50:47.276497+00:00,b24361b13081eb65,2026-07-22T21:50:38.172922+00:00,58.295,4,2,api-gateway|vets-service,False,GET,/api/vet/vets,200,1,57.124,1
2026-07-22T21:50:47.276497+00:00,e149887045eb87dc,2026-07-22T21:50:38.009776+00:00,97.22,4,2,customers-service|api-gateway,False,GET,/api/customer/owners,200,1,91.088,1
2026-07-22T21:50:47.276497+00:00,41caf942d4f9e73d,2026-07-22T21:50:38.003354+00:00,12.07,3,2,visits-service|api-gateway,False,GET,/api/visit/owners/1/pets/1/visits,200,0,0.0,1
2026-07-22T21:50:47.276497+00:00,0b4c17fd860f596d,2026-07-22T21:50:37.842947+00:00,43.59,4,2,customers-service|api-gateway,False,GET,/api/customer/owners/1,200,1,36.951,1
2026-07-22T21:50:47.276497+00:00,bcdd7757c87c95cf,2026-07-22T21:50:37.679517+00:00,108.685,4,2,customers-service|api-gateway,False,GET,/api/customer/owners,200,1,106.644,1
2026-07-22T21:50:47.276497+00:00,7e0e8ffe098a4dde,2026-07-22T21:50:36.843659+00:00,71.466,4,2,api-gateway|vets-service,False,GET,/api/vet/vets,200,1,59.174,1
2026-07-22T21:50:47.276497+00:00,e9ebbd1aaa307fa0,2026-07-22T21:50:37.176424+00:00,39.162,4,2,customers-service|api-gateway,False,GET,/api/customer/owners/1,200,1,33.805,1
2026-07-22T21:50:47.276497+00:00,b1cf73b757a03a73,2026-07-22T21:50:37.011387+00:00,32.492,4,2,customers-service|api-gateway,False,GET,/api/customer/owners/1,200,1,28.87,1
2026-07-22T21:50:47.276497+00:00,7dde3b5db630d18e,2026-07-22T21:50:36.974068+00:00,10.559,3,2,visits-service|api-gateway,False,GET,/api/visit/owners/1/pets/1/visits,200,0,0.0,1
2026-07-22T21:50:47.276497+00:00,0dff35882a6c428f,2026-07-22T21:50:36.802922+00:00,63.694,4,2,api-gateway|vets-service,False,GET,/api/vet/vets,200,1,62.13,1
2026-07-22T21:50:47.276497+00:00,a845a9b455cecb6c,2026-07-22T21:50:36.680451+00:00,113.05,4,2,customers-service|api-gateway,False,GET,/api/customer/owners,200,1,110.609,1
2026-07-22T21:50:47.276497+00:00,f78a2ec56da07b88,2026-07-22T21:50:36.513739+00:00,106.109,4,2,customers-service|api-gateway,False,GET,/api/customer/owners,200,1,103.008,1
2026-07-22T21:50:47.276497+00:00,a4232f1795b967cc,2026-07-22T21:50:36.117869+00:00,7.462,3,2,visits-service|api-gateway,False,GET,/api/visit/owners/1/pets/1/visits,200,0,0.0,1
2026-07-22T21:50:47.276497+00:00,0879ae873d53b114,2026-07-22T21:50:36.010432+00:00,86.745,4,2,customers-service|api-gateway,False,GET,/api/customer/owners,200,1,82.021,1
2026-07-22T21:50:47.276497+00:00,3af60ce6814cdc6a,2026-07-22T21:50:35.944702+00:00,12.14,3,2,visits-service|api-gateway,False,GET,/api/visit/owners/1/pets/1/visits,200,0,0.0,1
2026-07-22T21:50:47.276497+00:00,53260b796ac491e5,2026-07-22T21:50:35.843544+00:00,34.584,4,2,customers-service|api-gateway,False,GET,/api/customer/owners/1,200,1,29.49,1
2026-07-22T21:50:47.276497+00:00,a33ce1b38d5a37df,2026-07-22T21:50:35.680538+00:00,38.623,4,2,customers-service|api-gateway,False,GET,/api/customer/owners/1,200,1,35.895,1
2026-07-22T21:50:47.276497+00:00,cbd62a0a266f2817,2026-07-22T21:50:35.260051+00:00,67.93,4,2,api-gateway|vets-service,False,GET,/api/vet/vets,200,1,66.435,1
2026-07-22T21:50:47.276497+00:00,f40e93c85d448f65,2026-07-22T21:50:35.176314+00:00,40.472,4,2,customers-service|api-gateway,False,GET,/api/customer/owners/1,200,1,34.518,1
2026-07-22T21:50:47.276497+00:00,aad896d7d96e397d,2026-07-22T21:50:35.089146+00:00,7.982,3,2,visits-service|api-gateway,False,GET,/api/visit/owners/1/pets/1/visits,200,0,0.0,1
2026-07-22T21:50:47.276497+00:00,36c6821b4c6d58b8,2026-07-22T21:50:35.009598+00:00,39.861,4,2,customers-service|api-gateway,False,GET,/api/customer/owners/1,200,1,33.398,1
2026-07-22T21:50:47.276497+00:00,ed830e9fc8ebf0d7,2026-07-22T21:50:34.916125+00:00,11.714,3,2,visits-service|api-gateway,False,GET,/api/visit/owners/1/pets/1/visits,200,0,0.0,1
2026-07-22T21:50:47.276497+00:00,19ec5c6366c1c70e,2026-07-22T21:50:34.843801+00:00,38.067,4,2,customers-service|api-gateway,False,GET,/api/customer/owners/1,200,1,34.786,1
2026-07-22T21:50:47.276497+00:00,1f43c440e7c1b9d3,2026-07-22T21:50:33.843545+00:00,23.169,3,2,visits-service|api-gateway,False,GET,/api/visit/owners/1/pets/1/visits,200,0,0.0,1
2026-07-22T21:50:47.276497+00:00,7ae4d8bcfae418ec,2026-07-22T21:50:34.176963+00:00,32.827,4,2,customers-service|api-gateway,False,GET,/api/customer/owners/1,200,1,27.217,1
2026-07-22T21:50:47.276497+00:00,c473b06967172d3a,2026-07-22T21:50:34.016692+00:00,93.149,4,2,customers-service|api-gateway,False,GET,/api/customer/owners,200,1,86.505,1
2026-07-22T21:50:47.276497+00:00,39217798e48351a5,2026-07-22T21:50:33.680421+00:00,37.609,4,2,customers-service|api-gateway,False,GET,/api/customer/owners/1,200,1,34.458,1
2026-07-22T21:50:47.276497+00:00,a9ff643a2e34cf40,2026-07-22T21:50:33.010974+00:00,68.632,4,2,api-gateway|vets-service,False,GET,/api/vet/vets,200,1,56.376,1
2026-07-22T21:50:47.276497+00:00,bb9befee0a899a86,2026-07-22T21:50:33.514479+00:00,85.202,4,2,customers-service|api-gateway,False,GET,/api/customer/owners,200,1,83.287,1
2026-07-22T21:50:47.276497+00:00,865813b05ab77dfa,2026-07-22T21:50:32.843771+00:00,75.001,4,2,api-gateway|vets-service,False,GET,/api/vet/vets,200,1,63.338,1
2026-07-22T21:50:47.276497+00:00,103f05d47e805acf,2026-07-22T21:50:33.355372+00:00,28.973,4,2,customers-service|api-gateway,False,GET,/api/customer/owners/1,200,1,27.366,1
2026-07-22T21:50:47.276497+00:00,02ce7a06581b8a2d,2026-07-22T21:50:33.180634+00:00,95.488,4,2,customers-service|api-gateway,False,GET,/api/customer/owners,200,1,93.309,1
2026-07-22T21:50:47.276497+00:00,6adcf94a6808710d,2026-07-22T21:50:33.040105+00:00,60.146,4,2,api-gateway|vets-service,False,GET,/api/vet/vets,200,1,58.786,1
2026-07-22T21:50:47.276497+00:00,3ad2c2ae6689cd4d,2026-07-22T21:50:32.680842+00:00,42.357,4,2,customers-service|api-gateway,False,GET,/api/customer/owners/1,200,1,39.979,1
2026-07-22T21:50:47.276497+00:00,6603e4844f9be405,2026-07-22T21:50:32.010890+00:00,24.408,3,2,visits-service|api-gateway,False,GET,/api/visit/owners/1/pets/1/visits,200,0,0.0,1
2026-07-22T21:50:47.276497+00:00,dcc219e63d99a617,2026-07-22T21:50:32.347206+00:00,36.09,4,2,customers-service|api-gateway,False,GET,/api/customer/owners/1,200,1,33.418,1
2026-07-22T21:50:47.276497+00:00,2fd964e0b3bf8db0,2026-07-22T21:50:32.184501+00:00,6.839,3,2,visits-service|api-gateway,False,GET,/api/visit/owners/1/pets/1/visits,200,0,0.0,1
2026-07-22T21:50:47.276497+00:00,84200b56de2a6991,2026-07-22T21:50:32.181123+00:00,92.823,4,2,customers-service|api-gateway,False,GET,/api/customer/owners,200,1,90.927,1
2026-07-22T21:50:47.276497+00:00,7668df8a871a5e5b,2026-07-22T21:50:32.014071+00:00,66.837,4,2,api-gateway|vets-service,False,GET,/api/vet/vets,200,1,65.48,1
2026-07-22T21:50:47.276497+00:00,3fe805126fda4fba,2026-07-22T21:50:31.846198+00:00,109.293,4,2,customers-service|api-gateway,False,GET,/api/customer/owners,200,1,104.222,1
2026-07-22T21:50:47.276497+00:00,5a355b03f29a8acf,2026-07-22T21:50:31.839870+00:00,8.113,3,2,visits-service|api-gateway,False,GET,/api/visit/owners/1/pets/1/visits,200,0,0.0,1
2026-07-22T21:50:47.276497+00:00,4573215a1126913a,2026-07-22T21:50:31.009984+00:00,24.093,3,2,visits-service|api-gateway,False,GET,/api/visit/owners/1/pets/1/visits,200,0,0.0,1
2026-07-22T21:50:47.276497+00:00,eba15ef2c7b49e28,2026-07-22T21:50:31.176947+00:00,36.419,4,2,customers-service|api-gateway,False,GET,/api/customer/owners/1,200,1,31.753,1
2026-07-22T21:50:47.276497+00:00,6394db6c012ddaf1,2026-07-22T21:50:30.986804+00:00,13.012,3,2,visits-service|api-gateway,False,GET,/api/visit/owners/1/pets/1/visits,200,0,0.0,1
2026-07-22T21:50:47.276497+00:00,71943a06958a1f58,2026-07-22T21:50:30.842937+00:00,98.512,4,2,customers-service|api-gateway,False,GET,/api/customer/owners,200,1,94.312,1
2026-07-22T21:50:47.276497+00:00,f97e0d587edbdde7,2026-07-22T21:50:30.680223+00:00,103.827,4,2,customers-service|api-gateway,False,GET,/api/customer/owners,200,1,100.743,1
2026-07-22T21:50:47.276497+00:00,7585d44098229621,2026-07-22T21:50:30.009623+00:00,15.815,3,2,visits-service|api-gateway,False,GET,/api/visit/owners/1/pets/1/visits,200,0,0.0,1
2026-07-22T21:50:47.276497+00:00,c6f990e0e5f56751,2026-07-22T21:50:30.347892+00:00,100.18,4,2,customers-service|api-gateway,False,GET,/api/customer/owners,200,1,97.216,1
2026-07-22T21:50:47.276497+00:00,31307990b3c3b8a0,2026-07-22T21:50:29.842825+00:00,16.587,3,2,visits-service|api-gateway,False,GET,/api/visit/owners/1/pets/1/visits,200,0,0.0,1
2026-07-22T21:50:47.276497+00:00,45f7ea98a3eabad6,2026-07-22T21:50:30.179745+00:00,99.335,4,2,customers-service|api-gateway,False,GET,/api/customer/owners,200,1,96.94,1
2026-07-22T21:50:47.276497+00:00,b8bae87ede5ea589,2026-07-22T21:50:29.902065+00:00,16.757,3,2,visits-service|api-gateway,False,GET,/api/visit/owners/1/pets/1/visits,200,0,0.0,1
2026-07-22T21:50:47.276497+00:00,775a5ce42289dd75,2026-07-22T21:50:29.678937+00:00,79.433,4,2,customers-service|api-gateway,False,GET,/api/customer/owners,200,1,77.802,1
2026-07-22T21:50:47.276497+00:00,864284649c6a6d9a,2026-07-22T21:50:29.176282+00:00,23.354,3,2,visits-service|api-gateway,False,GET,/api/visit/owners/1/pets/1/visits,200,0,0.0,1
2026-07-22T21:50:47.276497+00:00,a1d4174a7bdf7712,2026-07-22T21:50:29.345451+00:00,75.451,4,2,customers-service|api-gateway,False,GET,/api/customer/owners,200,1,75.451,1
2026-07-22T21:50:47.276497+00:00,3a16872b6c1f358b,2026-07-22T21:50:29.010239+00:00,37.964,4,2,customers-service|api-gateway,False,GET,/api/customer/owners/1,200,1,32.342,1
2026-07-22T21:50:47.276497+00:00,cee3ae0544a56b35,2026-07-22T21:50:28.843496+00:00,83.288,4,2,customers-service|api-gateway,False,GET,/api/customer/owners,200,1,78.903,1
2026-07-22T21:50:47.276497+00:00,8655dd02d90c5605,2026-07-22T21:50:28.679455+00:00,32.232,4,2,customers-service|api-gateway,False,GET,/api/customer/owners/1,200,1,29.895,1
2026-07-22T21:50:47.276497+00:00,29dd2d9b9350a852,2026-07-22T21:50:28.512804+00:00,31.408,4,2,customers-service|api-gateway,False,GET,/api/customer/owners/1,200,1,30.092,1
2026-07-22T21:50:47.276497+00:00,a890d9aaae15ccd5,2026-07-22T21:50:28.176456+00:00,18.809,3,2,visits-service|api-gateway,False,GET,/api/visit/owners/1/pets/1/visits,200,0,0.0,1
2026-07-22T21:50:47.276497+00:00,475389c51258672e,2026-07-22T21:50:28.345618+00:00,69.643,4,2,customers-service|api-gateway,False,GET,/api/customer/owners,200,1,68.133,1
2026-07-22T21:50:47.276497+00:00,ade7951e48567ef6,2026-07-22T21:50:28.009810+00:00,87.213,4,2,customers-service|api-gateway,False,GET,/api/customer/owners,200,1,83.075,1
2026-07-22T21:50:47.276497+00:00,1b4a7a4c01a2bf81,2026-07-22T21:50:27.887792+00:00,7.85,3,2,visits-service|api-gateway,False,GET,/api/visit/owners/1/pets/1/visits,200,0,0.0,1
2026-07-22T21:50:47.276497+00:00,9480e97aa4cd3873,2026-07-22T21:50:27.842867+00:00,86.955,4,2,customers-service|api-gateway,False,GET,/api/customer/owners,200,1,83.229,1
2026-07-22T21:50:47.276497+00:00,f060b0a2ba97d41b,2026-07-22T21:50:27.706000+00:00,8.209,3,2,visits-service|api-gateway,False,GET,/api/visit/owners/1/pets/1/visits,200,0,0.0,1
2026-07-22T21:50:47.276497+00:00,55ff74883c244e5c,2026-07-22T21:50:27.346703+00:00,99.223,4,2,customers-service|api-gateway,False,GET,/api/customer/owners,200,1,96.659,1
2026-07-22T21:50:47.276497+00:00,f432ebff54a8e0a1,2026-07-22T21:50:27.176738+00:00,20.276,3,2,visits-service|api-gateway,False,GET,/api/visit/owners/1/pets/1/visits,200,0,0.0,1
2026-07-22T21:50:47.276497+00:00,0ee0e4f9100221e0,2026-07-22T21:50:27.010375+00:00,86.96,4,2,customers-service|api-gateway,False,GET,/api/customer/owners,200,1,80.222,1
2026-07-22T21:50:47.276497+00:00,4b52a4631184e005,2026-07-22T21:50:26.843235+00:00,77.056,4,2,customers-service|api-gateway,False,GET,/api/customer/owners,200,1,73.402,1
2026-07-22T21:50:47.276497+00:00,c304dd5d84ab3a16,2026-07-22T21:50:26.798470+00:00,59.171,4,2,api-gateway|vets-service,False,GET,/api/vet/vets,200,1,57.853,1
2026-07-22T21:50:47.276497+00:00,2a77dda1192bc468,2026-07-22T21:50:26.512757+00:00,37.535,4,2,customers-service|api-gateway,False,GET,/api/customer/owners/1,200,1,35.609,1
2026-07-22T21:50:47.276497+00:00,ff104dfd26a62e41,2026-07-22T21:50:26.347778+00:00,40.815,4,2,customers-service|api-gateway,False,GET,/api/customer/owners/1,200,1,38.675,1
2026-07-22T21:50:47.276497+00:00,23d8e77ff20d7eb2,2026-07-22T21:50:26.176460+00:00,22.476,3,2,visits-service|api-gateway,False,GET,/api/visit/owners/1/pets/1/visits,200,0,0.0,1
2026-07-22T21:50:47.276497+00:00,c16a265a61edf998,2026-07-22T21:50:26.010094+00:00,33.522,4,2,customers-service|api-gateway,False,GET,/api/customer/owners/1,200,1,28.965,1
2026-07-22T21:50:47.276497+00:00,95cf95dc1c748348,2026-07-22T21:50:25.843502+00:00,78.634,4,2,api-gateway|vets-service,False,GET,/api/vet/vets,200,1,66.291,1
2026-07-22T21:50:47.276497+00:00,a82b774739e91fa4,2026-07-22T21:50:25.782941+00:00,12.528,3,2,visits-service|api-gateway,False,GET,/api/visit/owners/1/pets/1/visits,200,0,0.0,1
2026-07-22T21:50:47.276497+00:00,8a051775eb0f62a7,2026-07-22T21:50:25.513249+00:00,92.076,4,2,customers-service|api-gateway,False,GET,/api/customer/owners,200,1,90.264,1
2026-07-22T21:50:47.276497+00:00,458c5b17351c4241,2026-07-22T21:50:25.345777+00:00,81.387,4,2,customers-service|api-gateway,False,GET,/api/customer/owners,200,1,79.679,1
2026-07-22T21:50:47.276497+00:00,3d21561dd6e12e93,2026-07-22T21:50:25.176296+00:00,41.318,4,2,customers-service|api-gateway,False,GET,/api/customer/owners/1,200,1,36.173,1
2026-07-22T21:50:47.276497+00:00,e7f0b4cbfb2e7d75,2026-07-22T21:50:25.010825+00:00,97.02,4,2,customers-service|api-gateway,False,GET,/api/customer/owners,200,1,91.645,1
2026-07-22T21:50:47.276497+00:00,96c03c1aba405390,2026-07-22T21:50:24.843078+00:00,86.482,4,2,customers-service|api-gateway,False,GET,/api/customer/owners,200,1,81.791,1
2026-07-22T21:50:47.276497+00:00,5ca497f30050ba6f,2026-07-22T21:50:24.680011+00:00,69.427,4,2,customers-service|api-gateway,False,GET,/api/customer/owners,200,1,67.845,1
2026-07-22T21:50:47.276497+00:00,7e4a2bb1f18ae925,2026-07-22T21:50:24.512559+00:00,64.784,4,2,customers-service|api-gateway,False,GET,/api/customer/owners,200,1,62.646,1
2026-07-22T21:50:47.276497+00:00,759fdba8414c77cd,2026-07-22T21:50:24.345497+00:00,87.857,4,2,customers-service|api-gateway,False,GET,/api/customer/owners,200,1,87.857,1
2026-07-22T21:50:47.276497+00:00,8e7ecba556d5850c,2026-07-22T21:50:24.176325+00:00,38.994,4,2,customers-service|api-gateway,False,GET,/api/customer/owners/1,200,1,34.512,1
2026-07-22T21:50:47.276497+00:00,0f0bf633fec80ee7,2026-07-22T21:50:24.010441+00:00,77.591,4,2,api-gateway|vets-service,False,GET,/api/vet/vets,200,1,62.193,1
2026-07-22T21:50:47.276497+00:00,53677838dfc2d813,2026-07-22T21:50:23.844396+00:00,20.357,3,2,visits-service|api-gateway,False,GET,/api/visit/owners/1/pets/1/visits,200,0,0.0,1
2026-07-22T21:50:47.276497+00:00,54dc8875a01e13ff,2026-07-22T21:50:23.753560+00:00,11.319,3,2,visits-service|api-gateway,False,GET,/api/visit/owners/1/pets/1/visits,200,0,0.0,1
2026-07-22T21:50:47.276497+00:00,15ac031d74fe72bf,2026-07-22T21:50:23.514219+00:00,108.311,4,2,customers-service|api-gateway,False,GET,/api/customer/owners,200,1,105.571,1
2026-07-22T21:50:47.276497+00:00,ee9b2a419b5e0ed8,2026-07-22T21:50:23.343478+00:00,61.274,4,2,api-gateway|vets-service,False,GET,/api/vet/vets,200,1,51.43,1
2026-07-22T21:50:47.276497+00:00,d498cd8d5daf98fe,2026-07-22T21:50:23.176905+00:00,41.696,4,2,customers-service|api-gateway,False,GET,/api/customer/owners/1,200,1,37.598,1
2026-07-22T21:50:47.276497+00:00,e94fe7d30caacc15,2026-07-22T21:50:23.009416+00:00,97.09,4,2,customers-service|api-gateway,False,GET,/api/customer/owners,200,1,91.399,1
2026-07-22T21:50:47.276497+00:00,281874c235c572f3,2026-07-22T21:50:22.844122+00:00,47.01,4,2,customers-service|api-gateway,False,GET,/api/customer/owners/1,200,1,39.473,1
2026-07-22T21:50:47.276497+00:00,eb2b3e55d3950bda,2026-07-22T21:50:22.681163+00:00,41.344,4,2,customers-service|api-gateway,False,GET,/api/customer/owners/1,200,1,38.783,1
2026-07-22T21:50:47.276497+00:00,f0cbc5798b937be5,2026-07-22T21:50:22.510041+00:00,20.415,3,2,visits-service|api-gateway,False,GET,/api/visit/owners/1/pets/1/visits,200,0,0.0,1
2026-07-22T21:50:47.276497+00:00,90e68f06374bef69,2026-07-22T21:50:22.343636+00:00,59.666,4,2,api-gateway|vets-service,False,GET,/api/vet/vets,200,1,47.638,1
2026-07-22T21:50:47.276497+00:00,0b9ff61d68547f35,2026-07-22T21:50:22.176540+00:00,27.31,3,2,visits-service|api-gateway,False,GET,/api/visit/owners/1/pets/1/visits,200,0,0.0,1
2026-07-22T21:50:47.276497+00:00,35bcda9ce3774173,2026-07-22T21:50:22.009248+00:00,38.87,4,2,customers-service|api-gateway,False,GET,/api/customer/owners/1,200,1,34.093,1
2026-07-22T21:50:47.276497+00:00,e93860fd8390fbf6,2026-07-22T21:50:21.843631+00:00,33.301,4,2,customers-service|api-gateway,False,GET,/api/customer/owners/1,200,1,29.255,1
2026-07-22T21:50:47.276497+00:00,7f852d06bad18af6,2026-07-22T21:50:21.676167+00:00,105.53,4,2,customers-service|api-gateway,False,GET,/api/customer/owners,200,1,98.471,1
2026-07-22T21:50:47.276497+00:00,3ecbb7505bb873a9,2026-07-22T21:50:21.552346+00:00,66.223,4,2,api-gateway|vets-service,False,GET,/api/vet/vets,200,1,64.809,1
2026-07-22T21:50:47.276497+00:00,d8623ae9c4367145,2026-07-22T21:50:21.346957+00:00,87.443,4,2,customers-service|api-gateway,False,GET,/api/customer/owners,200,1,85.795,1
2026-07-22T21:50:47.276497+00:00,1ea186c93b85b0aa,2026-07-22T21:50:21.176296+00:00,74.645,4,2,api-gateway|vets-service,False,GET,/api/vet/vets,200,1,63.407,1
2026-07-22T21:50:47.276497+00:00,d82c4a09867bf6bc,2026-07-22T21:50:21.009497+00:00,88.404,4,2,customers-service|api-gateway,False,GET,/api/customer/owners,200,1,83.701,1
2026-07-22T21:50:47.276497+00:00,adb2e9ee9ef4b431,2026-07-22T21:50:20.843486+00:00,87.281,4,2,customers-service|api-gateway,False,GET,/api/customer/owners,200,1,81.571,1
2026-07-22T21:50:47.276497+00:00,eabc91c3675378b1,2026-07-22T21:50:20.678712+00:00,33.135,4,2,customers-service|api-gateway,False,GET,/api/customer/owners/1,200,1,31.832,1
2026-07-22T21:50:47.276497+00:00,b4109de420a3a349,2026-07-22T21:50:20.513134+00:00,85.59,4,2,customers-service|api-gateway,False,GET,/api/customer/owners/1,200,1,34.44,1
2026-07-22T21:50:47.276497+00:00,82473256388d4486,2026-07-22T21:50:20.342766+00:00,61.761,4,2,api-gateway|vets-service,False,GET,/api/vet/vets,200,1,51.427,1
2026-07-22T21:50:47.276497+00:00,b706e1fec7cb536a,2026-07-22T21:50:20.176624+00:00,63.855,4,2,api-gateway|vets-service,False,GET,/api/vet/vets,200,1,49.574,1
2026-07-22T21:50:47.276497+00:00,8f4405983b8ff188,2026-07-22T21:50:20.009301+00:00,94.576,4,2,customers-service|api-gateway,False,GET,/api/customer/owners,200,1,88.773,1
2026-07-22T21:50:47.276497+00:00,8a9df0df7d9fa39a,2026-07-22T21:50:19.843469+00:00,38.354,4,2,customers-service|api-gateway,False,GET,/api/customer/owners/1,200,1,34.14,1
2026-07-22T21:50:47.276497+00:00,fa296189e4a18ecd,2026-07-22T21:50:18.390416+00:00,74.616,4,2,api-gateway|vets-service,False,GET,/api/vet/vets,200,1,63.758,1
2026-07-22T21:50:47.276497+00:00,e552e094e3ae93f3,2026-07-22T21:50:19.182309+00:00,8.141,3,2,visits-service|api-gateway,False,GET,/api/visit/owners/1/pets/1/visits,200,0,0.0,1
2026-07-22T21:50:47.276497+00:00,a864b33e5b246134,2026-07-22T21:50:18.846672+00:00,6.394,3,2,visits-service|api-gateway,False,GET,/api/visit/owners/1/pets/1/visits,200,0,0.0,1
2026-07-22T21:50:47.276497+00:00,3e9dd0d753aa79a3,2026-07-22T21:50:18.724696+00:00,99.211,4,2,customers-service|api-gateway,False,GET,/api/customer/owners,200,1,92.927,1
2026-07-22T21:50:47.276497+00:00,729a86dce0d2a6be,2026-07-22T21:50:18.675141+00:00,11.085,3,2,visits-service|api-gateway,False,GET,/api/visit/owners/1/pets/1/visits,200,0,0.0,1
2026-07-22T21:50:47.276497+00:00,f2ba3341084f77e5,2026-07-22T21:50:18.561054+00:00,110.019,4,2,customers-service|api-gateway,False,GET,/api/customer/owners,200,1,106.754,1
2026-07-22T21:50:47.276497+00:00,f6a0ee8484f9ab26,2026-07-22T21:50:18.162038+00:00,10.681,3,2,visits-service|api-gateway,False,GET,/api/visit/owners/1/pets/1/visits,200,0,0.0,1
2026-07-22T21:50:47.276497+00:00,0da06ffd96ee80cc,2026-07-22T21:50:18.057654+00:00,46.538,4,2,customers-service|api-gateway,False,GET,/api/customer/owners/1,200,1,39.132,1
2026-07-22T21:50:47.276497+00:00,a93203ea7be9fed4,2026-07-22T21:50:17.056817+00:00,76.842,4,2,api-gateway|vets-service,False,GET,/api/vet/vets,200,1,63.844,1
2026-07-22T21:50:47.276497+00:00,b5d106dc0e0cf25e,2026-07-22T21:50:17.560239+00:00,29.786,4,2,customers-service|api-gateway,False,GET,/api/customer/owners/1,200,1,28.044,1
2026-07-22T21:50:47.276497+00:00,4ea83c3228c0a950,2026-07-22T21:50:17.476671+00:00,68.31,4,2,api-gateway|vets-service,False,GET,/api/vet/vets,200,1,66.892,1
2026-07-22T21:50:47.276497+00:00,5084ccc4deb3ad4d,2026-07-22T21:50:17.394758+00:00,97.079,4,2,customers-service|api-gateway,False,GET,/api/customer/owners,200,1,94.983,1
2026-07-22T21:50:47.276497+00:00,ad4f16ccb8e50d9f,2026-07-22T21:50:17.309970+00:00,7.786,3,2,visits-service|api-gateway,False,GET,/api/visit/owners/1/pets/1/visits,200,0,0.0,1
2026-07-22T21:50:47.276497+00:00,ee95005cd3a5de7d,2026-07-22T21:50:17.160503+00:00,14.843,3,2,visits-service|api-gateway,False,GET,/api/visit/owners/1/pets/1/visits,200,0,0.0,1
2026-07-22T21:50:47.276497+00:00,8c7ae618b7f6fc27,2026-07-22T21:50:16.890204+00:00,38.272,4,2,customers-service|api-gateway,False,GET,/api/customer/owners/1,200,1,33.69,1
2026-07-22T21:50:47.276497+00:00,3593ed7fad660e23,2026-07-22T21:50:16.724562+00:00,97.914,4,2,customers-service|api-gateway,False,GET,/api/customer/owners,200,1,91.687,1
2026-07-22T21:50:47.276497+00:00,4385e4ee37c20782,2026-07-22T21:50:15.224803+00:00,20.359,3,2,visits-service|api-gateway,False,GET,/api/visit/owners/1/pets/1/visits,200,0,0.0,1
2026-07-22T21:50:47.276497+00:00,c6d1368e54bf38f9,2026-07-22T21:50:16.057069+00:00,36.65,4,2,customers-service|api-gateway,False,GET,/api/customer/owners/1,200,1,32.291,1
2026-07-22T21:50:47.276497+00:00,91e88cbde204acd7,2026-07-22T21:50:15.057283+00:00,17.786,3,2,visits-service|api-gateway,False,GET,/api/visit/owners/1/pets/1/visits,200,0,0.0,1
2026-07-22T21:50:47.276497+00:00,5f48a61804a6fa2b,2026-07-22T21:50:15.891137+00:00,90.413,4,2,customers-service|api-gateway,False,GET,/api/customer/owners,200,1,86.291,1
2026-07-22T21:50:47.276497+00:00,138996ec78d2ca80,2026-07-22T21:50:15.727363+00:00,31.333,4,2,customers-service|api-gateway,False,GET,/api/customer/owners/1,200,1,29.363,1
2026-07-22T21:50:47.276497+00:00,3c1956d92a5fe2af,2026-07-22T21:50:15.598907+00:00,7.914,3,2,visits-service|api-gateway,False,GET,/api/visit/owners/1/pets/1/visits,200,0,0.0,1
2026-07-22T21:50:47.276497+00:00,8fe81ec02c8da4d8,2026-07-22T21:50:15.561357+00:00,43.946,4,2,customers-service|api-gateway,False,GET,/api/customer/owners/1,200,1,40.962,1
2026-07-22T21:50:47.276497+00:00,aa096ad606308e00,2026-07-22T21:50:15.426615+00:00,13.537,3,2,visits-service|api-gateway,False,GET,/api/visit/owners/1/pets/1/visits,200,0,0.0,1
2026-07-22T21:50:47.276497+00:00,9f4a553dec0f90d2,2026-07-22T21:50:15.395910+00:00,44.184,4,2,customers-service|api-gateway,False,GET,/api/customer/owners/1,200,1,41.654,1
2026-07-22T21:50:47.276497+00:00,ac2fd2b7ba5e0ec2,2026-07-22T21:50:14.224720+00:00,78.059,4,2,api-gateway|vets-service,False,GET,/api/vet/vets,200,1,63.744,1
2026-07-22T21:50:47.276497+00:00,6917335e16ba40c2,2026-07-22T21:50:14.913788+00:00,11.993,3,2,visits-service|api-gateway,False,GET,/api/visit/owners/1/pets/1/visits,200,0,0.0,1
2026-07-22T21:50:47.276497+00:00,66f2fd3fda6b6491,2026-07-22T21:50:14.891178+00:00,100.497,4,2,customers-service|api-gateway,False,GET,/api/customer/owners,200,1,94.124,1
2026-07-22T21:50:47.276497+00:00,402168a0df65181e,2026-07-22T21:50:13.891389+00:00,73.057,4,2,api-gateway|vets-service,False,GET,/api/vet/vets,200,1,59.34,1
2026-07-22T21:50:47.276497+00:00,9ae2b889034a41d7,2026-07-22T21:50:13.724392+00:00,76.634,4,2,api-gateway|vets-service,False,GET,/api/vet/vets,200,1,67.062,1
2026-07-22T21:50:47.276497+00:00,7a50667e609687d6,2026-07-22T21:50:14.394531+00:00,46.789,4,2,customers-service|api-gateway,False,GET,/api/customer/owners/1,200,1,43.849,1
2026-07-22T21:50:47.276497+00:00,b8e22e34db92216e,2026-07-22T21:50:12.890384+00:00,74.245,4,2,api-gateway|vets-service,False,GET,/api/vet/vets,200,1,63.59,1
2026-07-22T21:50:47.276497+00:00,5c30afb711f3830d,2026-07-22T21:50:13.562076+00:00,81.308,4,2,customers-service|api-gateway,False,GET,/api/customer/owners,200,1,79.708,1
2026-07-22T21:50:47.276497+00:00,2548dfa0782a6c77,2026-07-22T21:50:13.394661+00:00,98.472,4,2,customers-service|api-gateway,False,GET,/api/customer/owners,200,1,95.989,1
2026-07-22T21:50:47.276497+00:00,2e8a437201a15947,2026-07-22T21:50:13.377371+00:00,7.854,3,2,visits-service|api-gateway,False,GET,/api/visit/owners/1/pets/1/visits,200,0,0.0,1
2026-07-22T21:50:47.276497+00:00,82d0803d6fd74435,2026-07-22T21:50:13.227575+00:00,37.57,4,2,customers-service|api-gateway,False,GET,/api/customer/owners/1,200,1,35.028,1
2026-07-22T21:50:47.276497+00:00,efdee001f578344c,2026-07-22T21:50:13.206051+00:00,7.769,3,2,visits-service|api-gateway,False,GET,/api/visit/owners/1/pets/1/visits,200,0,0.0,1
2026-07-22T21:50:47.276497+00:00,c75b7b7d6289bc1e,2026-07-22T21:50:13.056810+00:00,131.366,4,2,customers-service|api-gateway,False,GET,/api/customer/owners,200,1,123.417,1
2026-07-22T21:50:47.276497+00:00,d013d9b81ad4c9a4,2026-07-22T21:50:13.035076+00:00,12.56,3,2,visits-service|api-gateway,False,GET,/api/visit/owners/1/pets/1/visits,200,0,0.0,1
2026-07-22T21:50:47.276497+00:00,910bda924a7f8432,2026-07-22T21:50:12.056826+00:00,77.377,4,2,api-gateway|vets-service,False,GET,/api/vet/vets,200,1,64.584,1
2026-07-22T21:50:47.276497+00:00,adf512a9134265c4,2026-07-22T21:50:12.727528+00:00,44.191,4,2,customers-service|api-gateway,False,GET,/api/customer/owners/1,200,1,39.23,1
2026-07-22T21:50:47.276497+00:00,1764172b836ee690,2026-07-22T21:50:11.891136+00:00,78.119,4,2,api-gateway|vets-service,False,GET,/api/vet/vets,200,1,65.857,1
2026-07-22T21:50:47.276497+00:00,4bc4d6e91b30141c,2026-07-22T21:50:11.724875+00:00,70.417,4,2,api-gateway|vets-service,False,GET,/api/vet/vets,200,1,58.744,1
2026-07-22T21:50:47.276497+00:00,a3376d1b1355f92c,2026-07-22T21:50:12.006236+00:00,7.624,3,2,visits-service|api-gateway,False,GET,/api/visit/owners/1/pets/1/visits,200,0,0.0,1
2026-07-22T21:50:47.276497+00:00,e851ff570d9914ff,2026-07-22T21:50:11.560586+00:00,101.531,4,2,customers-service|api-gateway,False,GET,/api/customer/owners,200,1,99.853,1
2026-07-22T21:50:47.276497+00:00,499d6d6a8eb7eade,2026-07-22T21:50:11.393706+00:00,31.984,4,2,customers-service|api-gateway,False,GET,/api/customer/owners/1,200,1,31.984,1
2026-07-22T21:50:47.276497+00:00,ff615a05f1cc5c27,2026-07-22T21:50:10.390717+00:00,77.26,4,2,api-gateway|vets-service,False,GET,/api/vet/vets,200,1,64.828,1
2026-07-22T21:50:47.276497+00:00,dcc683ae10ff9c32,2026-07-22T21:50:11.057494+00:00,85.148,4,2,customers-service|api-gateway,False,GET,/api/customer/owners,200,1,81.134,1
2026-07-22T21:50:47.276497+00:00,1a0c482d427d2b2c,2026-07-22T21:50:10.890274+00:00,86.768,4,2,customers-service|api-gateway,False,GET,/api/customer/owners,200,1,82.038,1
2026-07-22T21:50:47.276497+00:00,cd9434cd6fea8ad5,2026-07-22T21:50:10.727218+00:00,28.504,4,2,customers-service|api-gateway,False,GET,/api/customer/owners/1,200,1,26.878,1
2026-07-22T21:50:47.276497+00:00,f75dc60a33862e3f,2026-07-22T21:50:10.561681+00:00,33.96,4,2,customers-service|api-gateway,False,GET,/api/customer/owners/1,200,1,31.622,1
2026-07-22T21:50:47.276497+00:00,82f98e1ea494b611,2026-07-22T21:50:10.300796+00:00,7.643,3,2,visits-service|api-gateway,False,GET,/api/visit/owners/1/pets/1/visits,200,0,0.0,1
2026-07-22T21:50:47.276497+00:00,6b6730bb340099c7,2026-07-22T21:50:10.225804+00:00,80.126,4,2,customers-service|api-gateway,False,GET,/api/customer/owners,200,1,77.778,1
2026-07-22T21:50:47.276497+00:00,3f0221faf3e35bb0,2026-07-22T21:50:10.128543+00:00,11.47,3,2,visits-service|api-gateway,False,GET,/api/visit/owners/1/pets/1/visits,200,0,0.0,1
2026-07-22T21:50:47.276497+00:00,e7a6195e97943318,2026-07-22T21:50:10.057621+00:00,78.922,4,2,customers-service|api-gateway,False,GET,/api/customer/owners,200,1,74.626,1
2026-07-22T21:50:47.276497+00:00,0ff93efb6bdeb74b,2026-07-22T21:50:09.223598+00:00,55.35,4,2,api-gateway|vets-service,False,GET,/api/vet/vets,200,1,45.324,1
2026-07-22T21:50:47.276497+00:00,06842ad6425219a7,2026-07-22T21:50:09.891127+00:00,88.371,4,2,customers-service|api-gateway,False,GET,/api/customer/owners,200,1,84.355,1
2026-07-22T21:50:47.276497+00:00,d862b6e139c52f65,2026-07-22T21:50:09.725790+00:00,29.182,4,2,customers-service|api-gateway,False,GET,/api/customer/owners/1,200,1,26.673,1
2026-07-22T21:50:47.276497+00:00,cc4fb2f729b9b689,2026-07-22T21:50:09.447630+00:00,10.801,3,2,visits-service|api-gateway,False,GET,/api/visit/owners/1/pets/1/visits,200,0,0.0,1
2026-07-22T21:50:47.276497+00:00,28704800aec4b1b4,2026-07-22T21:50:09.056771+00:00,47.477,4,2,customers-service|api-gateway,False,GET,/api/customer/owners/1,200,1,38.838,1
2026-07-22T21:50:47.276497+00:00,9f0f6904626728de,2026-07-22T21:50:08.932245+00:00,12.165,3,2,visits-service|api-gateway,False,GET,/api/visit/owners/1/pets/1/visits,200,0,0.0,1
2026-07-22T21:50:47.276497+00:00,c77400579e3c8367,2026-07-22T21:50:08.891026+00:00,42.038,4,2,customers-service|api-gateway,False,GET,/api/customer/owners/1,200,1,35.537,1
2026-07-22T21:50:47.276497+00:00,971754e97b7e6d79,2026-07-22T21:50:08.058240+00:00,77.823,4,2,api-gateway|vets-service,False,GET,/api/vet/vets,200,1,62.686,1
2026-07-22T21:50:47.276497+00:00,32e5dd6bf97f4e30,2026-07-22T21:50:07.891531+00:00,76.973,4,2,api-gateway|vets-service,False,GET,/api/vet/vets,200,1,65.987,1
2026-07-22T21:50:47.276497+00:00,1ff60b96caad7c92,2026-07-22T21:50:08.561888+00:00,44.586,4,2,customers-service|api-gateway,False,GET,/api/customer/owners/1,200,1,41.959,1
2026-07-22T21:50:47.276497+00:00,cd08f07a26e3d1f2,2026-07-22T21:50:08.395250+00:00,105.385,4,2,customers-service|api-gateway,False,GET,/api/customer/owners,200,1,103.105,1
2026-07-22T21:50:47.276497+00:00,56f287b5ee852d77,2026-07-22T21:50:07.726389+00:00,105.167,4,2,customers-service|api-gateway,False,GET,/api/customer/owners,200,1,100.549,1
2026-07-22T21:50:47.276497+00:00,eb70910e5b996df6,2026-07-22T21:50:06.890605+00:00,78.105,4,2,api-gateway|vets-service,False,GET,/api/vet/vets,200,1,62.267,1
2026-07-22T21:50:47.276497+00:00,e380c800df2c5e23,2026-07-22T21:50:07.559900+00:00,36.432,4,2,customers-service|api-gateway,False,GET,/api/customer/owners/1,200,1,34.782,1
2026-07-22T21:50:47.276497+00:00,a264cb11c3102dbc,2026-07-22T21:50:07.396524+00:00,6.927,3,2,visits-service|api-gateway,False,GET,/api/visit/owners/1/pets/1/visits,200,0,0.0,1
2026-07-22T21:50:47.276497+00:00,272863eec9eeaf97,2026-07-22T21:50:07.393161+00:00,35.207,4,2,customers-service|api-gateway,False,GET,/api/customer/owners/1,200,1,33.81,1
2026-07-22T21:50:47.276497+00:00,e9e73e046d7e1e80,2026-07-22T21:50:07.228212+00:00,101.339,4,2,customers-service|api-gateway,False,GET,/api/customer/owners,200,1,99.427,1
2026-07-22T21:50:47.276497+00:00,535c99f2d9c2bafb,2026-07-22T21:50:07.223350+00:00,10.241,3,2,visits-service|api-gateway,False,GET,/api/visit/owners/1/pets/1/visits,200,0,0.0,1
2026-07-22T21:50:47.276497+00:00,fd0449335ae50d7e,2026-07-22T21:50:07.056962+00:00,37.346,4,2,customers-service|api-gateway,False,GET,/api/customer/owners/1,200,1,31.85,1
2026-07-22T21:50:47.276497+00:00,0566dd58f31ae63c,2026-07-22T21:50:05.890361+00:00,23.422,3,2,visits-service|api-gateway,False,GET,/api/visit/owners/1/pets/1/visits,200,0,0.0,1
2026-07-22T21:50:47.276497+00:00,3c64137ab54392f7,2026-07-22T21:50:06.393319+00:00,93.982,4,2,customers-service|api-gateway,False,GET,/api/customer/owners,200,1,93.982,1
2026-07-22T21:50:47.276497+00:00,afd2382b363d3ce7,2026-07-22T21:50:05.724393+00:00,68.644,4,2,api-gateway|vets-service,False,GET,/api/vet/vets,200,1,60.874,1
2026-07-22T21:50:47.276497+00:00,284b3ecca006b97a,2026-07-22T21:50:06.228477+00:00,35.289,4,2,customers-service|api-gateway,False,GET,/api/customer/owners/1,200,1,32.573,1
2026-07-22T21:50:47.276497+00:00,90988a2d50acfcdd,2026-07-22T21:50:06.171423+00:00,45.758,4,2,api-gateway|vets-service,False,GET,/api/vet/vets,200,1,44.795,1
2026-07-22T21:50:47.276497+00:00,b1b94b2d2f02ca86,2026-07-22T21:50:06.056687+00:00,35.024,4,2,customers-service|api-gateway,False,GET,/api/customer/owners/1,200,1,29.155,1
2026-07-22T21:50:47.276497+00:00,ada23036a70f94f2,2026-07-22T21:50:05.393004+00:00,36.193,4,2,customers-service|api-gateway,False,GET,/api/customer/owners/1,200,1,36.193,1
2026-07-22T21:50:47.276497+00:00,516285beff6a5145,2026-07-22T21:50:04.723608+00:00,24.934,3,2,visits-service|api-gateway,False,GET,/api/visit/owners/1/pets/1/visits,200,0,0.0,1
2026-07-22T21:50:47.276497+00:00,78ee11d4637f29b0,2026-07-22T21:50:05.225748+00:00,38.808,4,2,customers-service|api-gateway,False,GET,/api/customer/owners/1,200,1,37.119,1
2026-07-22T21:50:47.276497+00:00,76217e5615eeac2b,2026-07-22T21:50:05.104303+00:00,66.807,4,2,api-gateway|vets-service,False,GET,/api/vet/vets,200,1,65.264,1
2026-07-22T21:50:47.276497+00:00,b91f506c591c0e8c,2026-07-22T21:50:05.057051+00:00,40.419,4,2,customers-service|api-gateway,False,GET,/api/customer/owners/1,200,1,34.574,1
2026-07-22T21:50:47.276497+00:00,4b1eb72869c898f6,2026-07-22T21:50:04.926527+00:00,12.154,3,2,visits-service|api-gateway,False,GET,/api/visit/owners/1/pets/1/visits,200,0,0.0,1
2026-07-22T21:50:47.276497+00:00,f0de04851f0a29ab,2026-07-22T21:50:04.890727+00:00,82.405,4,2,customers-service|api-gateway,False,GET,/api/customer/owners,200,1,78.593,1
2026-07-22T21:50:47.276497+00:00,aae7194dab3970be,2026-07-22T21:50:04.226357+00:00,74.24,4,2,customers-service|api-gateway,False,GET,/api/customer/owners,200,1,72.789,1
2026-07-22T21:50:47.276497+00:00,68784eaea4ecc593,2026-07-22T21:50:03.724213+00:00,18.775,3,2,visits-service|api-gateway,False,GET,/api/visit/owners/1/pets/1/visits,200,0,0.0,1
2026-07-22T21:50:47.276497+00:00,edde9b5508411e75,2026-07-22T21:50:04.057492+00:00,87.599,4,2,customers-service|api-gateway,False,GET,/api/customer/owners,200,1,83.136,1
2026-07-22T21:50:47.276497+00:00,ace2ba22112cf87b,2026-07-22T21:50:04.033723+00:00,12.051,3,2,visits-service|api-gateway,False,GET,/api/visit/owners/1/pets/1/visits,200,0,0.0,1
2026-07-22T21:50:47.276497+00:00,d0d676e372560ae7,2026-07-22T21:50:03.891304+00:00,89.098,4,2,customers-service|api-gateway,False,GET,/api/customer/owners,200,1,83.26,1
2026-07-22T21:50:47.276497+00:00,13e0c76a4234ff49,2026-07-22T21:50:03.057728+00:00,18.067,3,2,visits-service|api-gateway,False,GET,/api/visit/owners/1/pets/1/visits,200,0,0.0,1
2026-07-22T21:50:47.276497+00:00,18eee266de1b5935,2026-07-22T21:50:03.395484+00:00,35.932,4,2,customers-service|api-gateway,False,GET,/api/customer/owners/1,200,1,33.339,1
2026-07-22T21:50:47.276497+00:00,bb30b55be9ae3d5c,2026-07-22T21:50:02.890771+00:00,17.907,3,2,visits-service|api-gateway,False,GET,/api/visit/owners/1/pets/1/visits,200,0,0.0,1
2026-07-22T21:50:47.276497+00:00,33d36406cd5d99dd,2026-07-22T21:50:03.228407+00:00,101.768,4,2,customers-service|api-gateway,False,GET,/api/customer/owners,200,1,99.167,1
2026-07-22T21:50:47.276497+00:00,16f32bebe37aa25a,2026-07-22T21:50:02.785548+00:00,8.046,3,2,visits-service|api-gateway,False,GET,/api/visit/owners/1/pets/1/visits,200,0,0.0,1
2026-07-22T21:50:47.276497+00:00,8176b29beef2d5b6,2026-07-22T21:50:02.723662+00:00,42.47,4,2,customers-service|api-gateway,False,GET,/api/customer/owners/1,200,1,37.436,1
2026-07-22T21:50:47.276497+00:00,fb7d7430aecdca2e,2026-07-22T21:50:02.561081+00:00,32.08,4,2,customers-service|api-gateway,False,GET,/api/customer/owners/1,200,1,29.675,1
2026-07-22T21:50:47.276497+00:00,59f861c606b9a132,2026-07-22T21:50:02.057160+00:00,20.843,3,2,visits-service|api-gateway,False,GET,/api/visit/owners/1/pets/1/visits,200,0,0.0,1
2026-07-22T21:50:47.276497+00:00,4e9a6002beade556,2026-07-22T21:50:02.227405+00:00,41.557,4,2,customers-service|api-gateway,False,GET,/api/customer/owners/1,200,1,39.144,1
2026-07-22T21:50:47.276497+00:00,dea35a198e486ab9,2026-07-22T21:50:01.724044+00:00,16.936,3,2,visits-service|api-gateway,False,GET,/api/visit/owners/1/pets/1/visits,200,0,0.0,1
2026-07-22T21:50:47.276497+00:00,298a0a0924e329d8,2026-07-22T21:50:01.891064+00:00,104.212,4,2,customers-service|api-gateway,False,GET,/api/customer/owners,200,1,96.976,1
2026-07-22T21:50:47.276497+00:00,6d8dabb0de028675,2026-07-22T21:50:01.731860+00:00,12.204,3,2,visits-service|api-gateway,False,GET,/api/visit/owners/1/pets/1/visits,200,0,0.0,1
2026-07-22T21:50:47.276497+00:00,7b744ddb5c331ed0,2026-07-22T21:50:01.561070+00:00,32.059,4,2,customers-service|api-gateway,False,GET,/api/customer/owners/1,200,1,29.55,1
2026-07-22T21:50:47.276497+00:00,a8f5783cb8b3fa66,2026-07-22T21:50:01.228450+00:00,105.178,4,2,customers-service|api-gateway,False,GET,/api/customer/owners,200,1,102.335,1
2026-07-22T21:50:47.276497+00:00,3105a6f327643976,2026-07-22T21:50:01.058000+00:00,49.187,4,2,customers-service|api-gateway,False,GET,/api/customer/owners/1,200,1,41.183,1
2026-07-22T21:50:47.276497+00:00,a89bd20ac3caff5d,2026-07-22T21:50:00.893384+00:00,41.979,4,2,customers-service|api-gateway,False,GET,/api/customer/owners/1,200,1,37.35,1
2026-07-22T21:50:47.276497+00:00,34722f459ca4671a,2026-07-22T21:50:00.873068+00:00,9.763,3,2,visits-service|api-gateway,False,GET,/api/visit/owners/1/pets/1/visits,200,0,0.0,1
2026-07-22T21:50:47.276497+00:00,2983ed165e8ef1e6,2026-07-22T21:50:00.724090+00:00,47.196,4,2,customers-service|api-gateway,False,GET,/api/customer/owners/1,200,1,39.777,1
2026-07-22T21:50:47.276497+00:00,d8c98fbf3adb18de,2026-07-22T21:50:00.699912+00:00,64.83,4,2,api-gateway|vets-service,False,GET,/api/vet/vets,200,1,63.224,1
2026-07-22T21:50:47.276497+00:00,640fe1a0afd88514,2026-07-22T21:50:00.225438+00:00,27.854,4,2,customers-service|api-gateway,False,GET,/api/customer/owners/1,200,1,27.854,1
2026-07-22T21:50:47.276497+00:00,69e4d478d588a6b5,2026-07-22T21:50:00.057165+00:00,92.386,4,2,customers-service|api-gateway,False,GET,/api/customer/owners,200,1,86.973,1
2026-07-22T21:50:47.276497+00:00,6119501327792df8,2026-07-22T21:49:59.891026+00:00,29.684,4,2,customers-service|api-gateway,False,GET,/api/customer/owners/1,200,1,25.455,1
2026-07-22T21:50:47.276497+00:00,8e71707f0eaad9ac,2026-07-22T21:49:59.840474+00:00,7.136,3,2,visits-service|api-gateway,False,GET,/api/visit/owners/1/pets/1/visits,200,0,0.0,1
2026-07-22T21:50:47.276497+00:00,8c3e7a88b542ff42,2026-07-22T21:49:59.724360+00:00,33.251,4,2,customers-service|api-gateway,False,GET,/api/customer/owners/1,200,1,28.616,1
2026-07-22T21:50:47.276497+00:00,f9fef773fec5f4b6,2026-07-22T21:49:59.499772+00:00,8.462,3,2,visits-service|api-gateway,False,GET,/api/visit/owners/1/pets/1/visits,200,0,0.0,1
2026-07-22T21:50:47.276497+00:00,5cf9ebead0e468f1,2026-07-22T21:49:59.393412+00:00,91.722,4,2,customers-service|api-gateway,False,GET,/api/customer/owners,200,1,91.722,1
2026-07-22T21:50:47.276497+00:00,4a47af98dd6808b4,2026-07-22T21:49:59.056917+00:00,20.83,3,2,visits-service|api-gateway,False,GET,/api/visit/owners/1/pets/1/visits,200,0,0.0,1
2026-07-22T21:50:47.276497+00:00,c6a055d5d17dbe3f,2026-07-22T21:49:58.890563+00:00,24.067,3,2,visits-service|api-gateway,False,GET,/api/visit/owners/1/pets/1/visits,200,0,0.0,1
2026-07-22T21:50:47.276497+00:00,62b83a2f0efa00fd,2026-07-22T21:49:58.724145+00:00,100.54,4,2,customers-service|api-gateway,False,GET,/api/customer/owners,200,1,94.599,1
2026-07-22T21:50:47.276497+00:00,d827b83073025136,2026-07-22T21:49:58.639880+00:00,8.152,3,2,visits-service|api-gateway,False,GET,/api/visit/owners/1/pets/1/visits,200,0,0.0,1
2026-07-22T21:50:47.276497+00:00,95f1d2365a3573c7,2026-07-22T21:49:58.562335+00:00,106.56,4,2,customers-service|api-gateway,False,GET,/api/customer/owners,200,1,103.93,1
2026-07-22T21:50:47.276497+00:00,68efab99e905eee1,2026-07-22T21:49:58.223544+00:00,15.889,3,2,visits-service|api-gateway,False,GET,/api/visit/owners/1/pets/1/visits,200,0,0.0,1
2026-07-22T21:50:47.276497+00:00,6984d65d9ea2fbfd,2026-07-22T21:49:57.891244+00:00,19.322,3,2,visits-service|api-gateway,False,GET,/api/visit/owners/1/pets/1/visits,200,0,0.0,1
2026-07-22T21:50:47.276497+00:00,b18e430d4d7388fc,2026-07-22T21:49:58.057114+00:00,107.027,4,2,customers-service|api-gateway,False,GET,/api/customer/owners,200,1,100.044,1
2026-07-22T21:50:47.276497+00:00,a049df660ce4108e,2026-07-22T21:49:57.723728+00:00,17.777,3,2,visits-service|api-gateway,False,GET,/api/visit/owners/1/pets/1/visits,200,0,0.0,1
2026-07-22T21:50:47.276497+00:00,468241f735e24a83,2026-07-22T21:49:57.608230+00:00,7.47,3,2,visits-service|api-gateway,False,GET,/api/visit/owners/1/pets/1/visits,200,0,0.0,1
2026-07-22T21:50:47.276497+00:00,677f2e5e56433ec8,2026-07-22T21:49:57.560450+00:00,91.088,4,2,customers-service|api-gateway,False,GET,/api/customer/owners,200,1,89.225,1
2026-07-22T21:50:47.276497+00:00,6ed198c4de08ae46,2026-07-22T21:49:57.057572+00:00,23.771,3,2,visits-service|api-gateway,False,GET,/api/visit/owners/1/pets/1/visits,200,0,0.0,1
2026-07-22T21:50:47.276497+00:00,bde48b808004bf22,2026-07-22T21:49:57.233232+00:00,44.584,4,2,customers-service|api-gateway,False,GET,/api/customer/owners/1,200,1,43.021,1
2026-07-22T21:50:47.276497+00:00,95b543451644d2bb,2026-07-22T21:49:56.724468+00:00,76.981,4,2,api-gateway|vets-service,False,GET,/api/vet/vets,200,1,65.1,1
2026-07-22T21:50:47.276497+00:00,9139329fa8697ca0,2026-07-22T21:49:56.891032+00:00,44.64,4,2,customers-service|api-gateway,False,GET,/api/customer/owners/1,200,1,36.948,1
2026-07-22T21:50:47.276497+00:00,92527e2dcafa56a7,2026-07-22T21:49:56.750814+00:00,7.93,3,2,visits-service|api-gateway,False,GET,/api/visit/owners/1/pets/1/visits,200,0,0.0,1
2026-07-22T21:50:47.276497+00:00,b31b8d166ac285bd,2026-07-22T21:49:56.224718+00:00,16.573,3,2,visits-service|api-gateway,False,GET,/api/visit/owners/1/pets/1/visits,200,0,0.0,1
2026-07-22T21:50:47.276497+00:00,29ada6d0f4bcabed,2026-07-22T21:49:56.392712+00:00,79.499,4,2,customers-service|api-gateway,False,GET,/api/customer/owners,200,1,77.666,1
2026-07-22T21:50:47.276497+00:00,847b4db5d4a1a836,2026-07-22T21:49:56.057799+00:00,77.749,4,2,api-gateway|vets-service,False,GET,/api/vet/vets,200,1,65.156,1
2026-07-22T21:50:47.276497+00:00,feff92246e0da18e,2026-07-22T21:49:55.890702+00:00,19.912,3,2,visits-service|api-gateway,False,GET,/api/visit/owners/1/pets/1/visits,200,0,0.0,1
2026-07-22T21:50:47.276497+00:00,c213ca42278dbee6,2026-07-22T21:49:55.723994+00:00,16.958,3,2,visits-service|api-gateway,False,GET,/api/visit/owners/1/pets/1/visits,200,0,0.0,1
2026-07-22T21:50:47.276497+00:00,b722084f16a8ca31,2026-07-22T21:49:55.720241+00:00,11.67,3,2,visits-service|api-gateway,False,GET,/api/visit/owners/1/pets/1/visits,200,0,0.0,1
2026-07-22T21:50:47.276497+00:00,8f85b0483595fa8b,2026-07-22T21:49:55.395053+00:00,89.667,4,2,customers-service|api-gateway,False,GET,/api/customer/owners,200,1,87.961,1
2026-07-22T21:50:47.276497+00:00,ec815cb24a97347f,2026-07-22T21:49:55.226256+00:00,27.702,4,2,customers-service|api-gateway,False,GET,/api/customer/owners/1,200,1,25.672,1
2026-07-22T21:50:47.276497+00:00,0a2270f3d0c68728,2026-07-22T21:49:55.061142+00:00,102.356,4,2,customers-service|api-gateway,False,GET,/api/customer/owners,200,1,94.292,1
2026-07-22T21:50:47.276497+00:00,7ac3019ea995701a,2026-07-22T21:49:54.724711+00:00,119.998,4,2,api-gateway|vets-service,False,GET,/api/vet/vets,200,1,65.867,1
2026-07-22T21:50:47.276497+00:00,0e2c33393e751114,2026-07-22T21:49:54.890731+00:00,86.999,4,2,customers-service|api-gateway,False,GET,/api/customer/owners,200,1,82.441,1
2026-07-22T21:50:47.276497+00:00,ab32938acba0efc4,2026-07-22T21:49:54.688782+00:00,9.263,3,2,visits-service|api-gateway,False,GET,/api/visit/owners/1/pets/1/visits,200,0,0.0,1
2026-07-22T21:50:47.276497+00:00,c12c93987582a2f6,2026-07-22T21:49:54.516970+00:00,70.006,4,2,api-gateway|vets-service,False,GET,/api/vet/vets,200,1,68.377,1
2026-07-22T21:50:47.276497+00:00,b8acb8b812acd5fc,2026-07-22T21:49:54.225508+00:00,38.614,4,2,customers-service|api-gateway,False,GET,/api/customer/owners/1,200,1,37.346,1
2026-07-22T21:50:47.276497+00:00,9cec70bc0bbee01f,2026-07-22T21:49:54.057762+00:00,22.768,3,2,visits-service|api-gateway,False,GET,/api/visit/owners/1/pets/1/visits,200,0,0.0,1
2026-07-22T21:50:47.276497+00:00,59a7b9eb55838315,2026-07-22T21:49:53.890302+00:00,37.423,4,2,customers-service|api-gateway,False,GET,/api/customer/owners/1,200,1,33.408,1
2026-07-22T21:50:47.276497+00:00,50d15375f0e04b4b,2026-07-22T21:49:53.723418+00:00,90.276,4,2,customers-service|api-gateway,False,GET,/api/customer/owners,200,1,85.969,1
2026-07-22T21:50:47.276497+00:00,29f0bdfecdf2eca9,2026-07-22T21:49:53.562308+00:00,40.842,4,2,customers-service|api-gateway,False,GET,/api/customer/owners/1,200,1,37.971,1
2026-07-22T21:50:47.276497+00:00,dbb7c640fc0b6fce,2026-07-22T21:49:53.393157+00:00,34.756,4,2,customers-service|api-gateway,False,GET,/api/customer/owners/1,200,1,33.099,1
2026-07-22T21:50:47.276497+00:00,89f1b77999dd0d95,2026-07-22T21:49:53.227528+00:00,86.045,4,2,customers-service|api-gateway,False,GET,/api/customer/owners,200,1,84.158,1
2026-07-22T21:50:47.276497+00:00,7ae6b03ce52b0d9f,2026-07-22T21:49:53.060449+00:00,108.53,4,2,customers-service|api-gateway,False,GET,/api/customer/owners,200,1,104.383,1
2026-07-22T21:50:47.276497+00:00,e97a6b8f82548f67,2026-07-22T21:49:52.890868+00:00,19.598,3,2,visits-service|api-gateway,False,GET,/api/visit/owners/1/pets/1/visits,200,0,0.0,1
2026-07-22T21:50:47.276497+00:00,4be8e38b0b8f8a55,2026-07-22T21:49:52.724641+00:00,43.857,4,2,customers-service|api-gateway,False,GET,/api/customer/owners/1,200,1,36.82,1
2026-07-22T21:50:47.276497+00:00,e5aa2e55a1e542a9,2026-07-22T21:49:52.560536+00:00,34.098,4,2,customers-service|api-gateway,False,GET,/api/customer/owners/1,200,1,34.098,1
2026-07-22T21:50:47.276497+00:00,4a666f0cdb001080,2026-07-22T21:49:52.485828+00:00,8.068,3,2,visits-service|api-gateway,False,GET,/api/visit/owners/1/pets/1/visits,200,0,0.0,1
2026-07-22T21:50:47.276497+00:00,f4f34adeeb886f08,2026-07-22T21:49:52.228527+00:00,38.178,4,2,customers-service|api-gateway,False,GET,/api/customer/owners/1,200,1,35.256,1
2026-07-22T21:50:47.276497+00:00,c0eed46229d8f5f4,2026-07-22T21:49:52.059731+00:00,89.234,4,2,customers-service|api-gateway,False,GET,/api/customer/owners,200,1,85.013,1
2026-07-22T21:50:47.276497+00:00,c34cf1bf3d03e70b,2026-07-22T21:49:51.891168+00:00,66.595,3,2,visits-service|api-gateway,False,GET,/api/visit/owners/1/pets/1/visits,200,0,0.0,1
2026-07-22T21:50:47.276497+00:00,34813e375177a2b0,2026-07-22T21:49:51.724239+00:00,166.447,4,2,api-gateway|vets-service,False,GET,/api/vet/vets,200,1,147.542,1
2026-07-22T21:50:47.276497+00:00,e4e4fd60cf44b4f0,2026-07-22T21:49:51.560923+00:00,36.266,4,2,customers-service|api-gateway,False,GET,/api/customer/owners/1,200,1,34.626,1
2026-07-22T21:50:47.276497+00:00,5fb9a9a4c3b012b2,2026-07-22T21:49:51.456582+00:00,13.405,3,2,visits-service|api-gateway,False,GET,/api/visit/owners/1/pets/1/visits,200,0,0.0,1
2026-07-22T21:50:47.276497+00:00,9d6ba4e2f58d0dc4,2026-07-22T21:49:51.228516+00:00,90.625,4,2,customers-service|api-gateway,False,GET,/api/customer/owners,200,1,88.87,1
2026-07-22T21:50:47.276497+00:00,6102736b6632caac,2026-07-22T21:49:51.138210+00:00,127.102,4,2,api-gateway|vets-service,False,GET,/api/vet/vets,200,1,125.193,1
2026-07-22T21:50:47.276497+00:00,aec0d44f2c2b4e2d,2026-07-22T21:49:50.891135+00:00,240.561,3,2,visits-service|api-gateway,False,GET,/api/visit/owners/1/pets/1/visits,200,0,0.0,1
2026-07-22T21:50:47.276497+00:00,c0438bac1d54a32d,2026-07-22T21:49:50.724486+00:00,101.7,4,2,customers-service|api-gateway,False,GET,/api/customer/owners,200,1,95.391,1
2026-07-22T21:50:47.276497+00:00,e96243251da62667,2026-07-22T21:49:50.614195+00:00,11.777,3,2,visits-service|api-gateway,False,GET,/api/visit/owners/1/pets/1/visits,200,0,0.0,1
2026-07-22T21:50:47.276497+00:00,49139e950f178a37,2026-07-22T21:49:50.447321+00:00,67.26,4,2,api-gateway|vets-service,False,GET,/api/vet/vets,200,1,65.568,1
2026-07-22T21:50:47.276497+00:00,c1cdcd5e01cb971c,2026-07-22T21:49:50.276513+00:00,61.175,4,2,api-gateway|vets-service,False,GET,/api/vet/vets,200,1,59.796,1
2026-07-22T21:50:47.276497+00:00,3cfbdad87954523e,2026-07-22T21:49:50.057147+00:00,26.14,3,2,visits-service|api-gateway,False,GET,/api/visit/owners/1/pets/1/visits,200,0,0.0,1
2026-07-22T21:50:47.276497+00:00,3510ebc6f6714afd,2026-07-22T21:49:49.890884+00:00,37.472,4,2,customers-service|api-gateway,False,GET,/api/customer/owners/1,200,1,32.519,1
2026-07-22T21:50:47.276497+00:00,ee4e054e8b6bd2db,2026-07-22T21:49:49.723987+00:00,92.166,4,2,customers-service|api-gateway,False,GET,/api/customer/owners,200,1,87.966,1
2026-07-22T21:50:47.276497+00:00,4c8c5b9d398bc65c,2026-07-22T21:49:49.604686+00:00,12.277,3,2,visits-service|api-gateway,False,GET,/api/visit/owners/1/pets/1/visits,200,0,0.0,1
2026-07-22T21:50:47.276497+00:00,e931000241688b24,2026-07-22T21:49:49.392805+00:00,88.033,4,2,customers-service|api-gateway,False,GET,/api/customer/owners,200,1,86.165,1
2026-07-22T21:50:47.276497+00:00,74e8f27d9950bada,2026-07-22T21:49:49.271762+00:00,63.085,4,2,api-gateway|vets-service,False,GET,/api/vet/vets,200,1,61.867,1
2026-07-22T21:50:47.276497+00:00,4d32c61952de0114,2026-07-22T21:49:49.057434+00:00,97.213,4,2,customers-service|api-gateway,False,GET,/api/customer/owners,200,1,90.894,1
2026-07-22T21:50:47.276497+00:00,76e17e6e5608ff75,2026-07-22T21:49:48.890139+00:00,18.279,3,2,visits-service|api-gateway,False,GET,/api/visit/owners/1/pets/1/visits,200,0,0.0,1
2026-07-22T21:50:47.276497+00:00,f2e09d47d37c47b2,2026-07-22T21:49:48.723771+00:00,16.976,3,2,visits-service|api-gateway,False,GET,/api/visit/owners/1/pets/1/visits,200,0,0.0,1
2026-07-22T21:50:47.276497+00:00,cbf83c2b8ab2fb5b,2026-07-22T21:50:47.181817+00:00,97.501,2,1,customers-service,False,,,200,1,94.741,0
2026-07-22T21:50:47.276497+00:00,fd77615bbadce8d8,2026-07-22T21:50:46.845533+00:00,24.085,2,1,customers-service,False,,,200,1,22.498,0
2026-07-22T21:51:48.257226+00:00,eac7084887aedba6,2026-07-22T21:51:47.437239+00:00,24.283,3,2,visits-service|api-gateway,False,GET,/api/visit/owners/1/pets/1/visits,200,0,0.0,1
2026-07-22T21:51:48.257226+00:00,52b11e8ccd06929a,2026-07-22T21:51:47.771270+00:00,15.112,2,1,api-gateway,False,GET,/api/visit/owners/1/pets/1/visits,200,0,0.0,1
2026-07-22T21:51:48.257226+00:00,42feb6062537e086,2026-07-22T21:51:47.604850+00:00,49.371,4,2,customers-service|api-gateway,False,GET,/api/customer/owners/1,200,1,42.301,1
2026-07-22T21:51:48.257226+00:00,d220301555b56e36,2026-07-22T21:51:46.937488+00:00,65.683,4,2,api-gateway|vets-service,False,GET,/api/vet/vets,200,1,54.017,1
2026-07-22T21:51:48.257226+00:00,8eb39782c016dfdc,2026-07-22T21:51:47.273575+00:00,84.119,4,2,customers-service|api-gateway,False,GET,/api/customer/owners,200,1,80.369,1
2026-07-22T21:51:48.257226+00:00,478413bdbb6b1f2b,2026-07-22T21:51:47.104941+00:00,27.348,4,2,customers-service|api-gateway,False,GET,/api/customer/owners/1,200,1,23.539,1
2026-07-22T21:51:48.257226+00:00,828eedcda6c994a7,2026-07-22T21:51:46.438035+00:00,75.79,4,2,api-gateway|vets-service,False,GET,/api/vet/vets,200,1,63.061,1
2026-07-22T21:51:48.257226+00:00,3d740da8a1f8d830,2026-07-22T21:51:46.771346+00:00,41.454,4,2,customers-service|api-gateway,False,GET,/api/customer/owners/1,200,1,34.415,1
2026-07-22T21:51:48.257226+00:00,022adbc93a5553f7,2026-07-22T21:51:46.104684+00:00,24.674,3,2,visits-service|api-gateway,False,GET,/api/visit/owners/1/pets/1/visits,200,0,0.0,1
2026-07-22T21:51:48.257226+00:00,06cd07c716bc9657,2026-07-22T21:51:46.604599+00:00,107.168,4,2,customers-service|api-gateway,False,GET,/api/customer/owners,200,1,100.132,1
2026-07-22T21:51:48.257226+00:00,d9745c0dd1f2d86c,2026-07-22T21:51:46.563574+00:00,14.813,3,2,visits-service|api-gateway,False,GET,/api/visit/owners/1/pets/1/visits,200,0,0.0,1
2026-07-22T21:51:48.257226+00:00,c38527b5859b48bd,2026-07-22T21:51:46.391951+00:00,61.08,4,2,api-gateway|vets-service,False,GET,/api/vet/vets,200,1,59.536,1
2026-07-22T21:51:48.257226+00:00,5384921670331c42,2026-07-22T21:51:46.271815+00:00,50.091,4,2,customers-service|api-gateway,False,GET,/api/customer/owners/1,200,1,43.31,1
2026-07-22T21:51:48.257226+00:00,a517e5add49f3c8b,2026-07-22T21:51:45.104830+00:00,19.774,3,2,visits-service|api-gateway,False,GET,/api/visit/owners/1/pets/1/visits,200,0,0.0,1
2026-07-22T21:51:48.257226+00:00,e29b28cc90213754,2026-07-22T21:51:45.604720+00:00,104.025,4,2,customers-service|api-gateway,False,GET,/api/customer/owners,200,1,97.61,1
2026-07-22T21:51:48.257226+00:00,caa94f115d126787,2026-07-22T21:51:45.530277+00:00,11.373,3,2,visits-service|api-gateway,False,GET,/api/visit/owners/1/pets/1/visits,200,0,0.0,1
2026-07-22T21:51:48.257226+00:00,f3c9d51e01dea11f,2026-07-22T21:51:45.440241+00:00,30.139,4,2,customers-service|api-gateway,False,GET,/api/customer/owners/1,200,1,27.151,1
2026-07-22T21:51:48.257226+00:00,2f659afba962a22e,2026-07-22T21:51:45.271140+00:00,36.36,4,2,customers-service|api-gateway,False,GET,/api/customer/owners/1,200,1,32.001,1
2026-07-22T21:51:48.257226+00:00,386dd42b89b458f1,2026-07-22T21:51:44.771589+00:00,34.442,4,2,customers-service|api-gateway,False,GET,/api/customer/owners/1,200,1,29.673,1
2026-07-22T21:51:48.257226+00:00,b0ce268821e81c4d,2026-07-22T21:51:44.104103+00:00,52.687,4,2,api-gateway|vets-service,False,GET,/api/vet/vets,200,1,39.855,1
2026-07-22T21:51:48.257226+00:00,d34bd79b0d36599a,2026-07-22T21:51:44.607108+00:00,39.756,4,2,customers-service|api-gateway,False,GET,/api/customer/owners/1,200,1,36.24,1
2026-07-22T21:51:48.257226+00:00,03819a0745672e7c,2026-07-22T21:51:43.938126+00:00,73.015,4,2,api-gateway|vets-service,False,GET,/api/vet/vets,200,1,62.463,1
2026-07-22T21:51:48.257226+00:00,0ed037325209d501,2026-07-22T21:51:44.437987+00:00,35.061,4,2,customers-service|api-gateway,False,GET,/api/customer/owners/1,200,1,29.864,1
2026-07-22T21:51:48.257226+00:00,76dff8d2f5d6bf5d,2026-07-22T21:51:44.325477+00:00,79.668,4,2,api-gateway|vets-service,False,GET,/api/vet/vets,200,1,78.162,1
2026-07-22T21:51:48.257226+00:00,a3609d800dd22d81,2026-07-22T21:51:44.271377+00:00,98.522,4,2,customers-service|api-gateway,False,GET,/api/customer/owners,200,1,92.399,1
2026-07-22T21:51:48.257226+00:00,817e3e37ef42319a,2026-07-22T21:51:43.270755+00:00,23.461,3,2,visits-service|api-gateway,False,GET,/api/visit/owners/1/pets/1/visits,200,0,0.0,1
2026-07-22T21:51:48.257226+00:00,32df776f3e858164,2026-07-22T21:51:43.636376+00:00,65.39,4,2,api-gateway|vets-service,False,GET,/api/vet/vets,200,1,63.779,1
2026-07-22T21:51:48.257226+00:00,2244906a16ea92f1,2026-07-22T21:51:43.604860+00:00,93.826,4,2,customers-service|api-gateway,False,GET,/api/customer/owners,200,1,88.962,1
2026-07-22T21:51:48.257226+00:00,ea5f05d8f26bf8a5,2026-07-22T21:51:43.437528+00:00,98.397,4,2,customers-service|api-gateway,False,GET,/api/customer/owners,200,1,92.36,1
2026-07-22T21:51:48.257226+00:00,4b1b51e68941c2ca,2026-07-22T21:51:43.296134+00:00,60.301,4,2,api-gateway|vets-service,False,GET,/api/vet/vets,200,1,59.162,1
2026-07-22T21:51:48.257226+00:00,320481c32dfbbed5,2026-07-22T21:51:42.604923+00:00,19.835,3,2,visits-service|api-gateway,False,GET,/api/visit/owners/1/pets/1/visits,200,0,0.0,1
2026-07-22T21:51:48.257226+00:00,f6b35a3c991bd979,2026-07-22T21:51:42.437317+00:00,23.358,3,2,visits-service|api-gateway,False,GET,/api/visit/owners/1/pets/1/visits,200,0,0.0,1
2026-07-22T21:51:48.257226+00:00,ddca2c1039a243fd,2026-07-22T21:51:42.937782+00:00,85.834,4,2,customers-service|api-gateway,False,GET,/api/customer/owners,200,1,80.62,1
2026-07-22T21:51:48.257226+00:00,748ab783adc2005b,2026-07-22T21:51:42.273874+00:00,99.435,4,2,customers-service|api-gateway,False,GET,/api/customer/owners,200,1,93.917,1
2026-07-22T21:51:48.257226+00:00,d1e652fb0bc5da80,2026-07-22T21:51:42.107345+00:00,100.738,4,2,customers-service|api-gateway,False,GET,/api/customer/owners,200,1,96.968,1
2026-07-22T21:51:48.257226+00:00,e003d98f5873ca9a,2026-07-22T21:51:41.937352+00:00,92.403,4,2,customers-service|api-gateway,False,GET,/api/customer/owners,200,1,87.513,1
2026-07-22T21:51:48.257226+00:00,5f30d99f9f1ce66d,2026-07-22T21:51:41.773445+00:00,87.837,4,2,customers-service|api-gateway,False,GET,/api/customer/owners,200,1,87.837,1
2026-07-22T21:51:48.257226+00:00,862412b015a2fa73,2026-07-22T21:51:41.271517+00:00,26.047,3,2,visits-service|api-gateway,False,GET,/api/visit/owners/1/pets/1/visits,200,0,0.0,1
2026-07-22T21:51:48.257226+00:00,eaaf63f1707f8000,2026-07-22T21:51:41.604193+00:00,92.31,4,2,customers-service|api-gateway,False,GET,/api/customer/owners,200,1,87.817,1
2026-07-22T21:51:48.257226+00:00,9774fbc0a3a1f8a1,2026-07-22T21:51:41.437848+00:00,82.485,4,2,customers-service|api-gateway,False,GET,/api/customer/owners,200,1,77.05,1
2026-07-22T21:51:48.257226+00:00,b12ef955c219a99b,2026-07-22T21:51:41.231443+00:00,66.666,4,2,api-gateway|vets-service,False,GET,/api/vet/vets,200,1,64.746,1
2026-07-22T21:51:48.257226+00:00,4a14c2a03ba3ceb6,2026-07-22T21:51:41.104723+00:00,39.666,4,2,customers-service|api-gateway,False,GET,/api/customer/owners/1,200,1,33.045,1
2026-07-22T21:51:48.257226+00:00,d493c13c6ab379fb,2026-07-22T21:51:40.605101+00:00,19.163,3,2,visits-service|api-gateway,False,GET,/api/visit/owners/1/pets/1/visits,200,0,0.0,1
2026-07-22T21:51:48.257226+00:00,24102db5cbc4d01d,2026-07-22T21:51:40.941073+00:00,98.324,4,2,customers-service|api-gateway,False,GET,/api/customer/owners,200,1,94.622,1
2026-07-22T21:51:48.257226+00:00,82214a1aa7e75249,2026-07-22T21:51:40.437624+00:00,26.344,3,2,visits-service|api-gateway,False,GET,/api/visit/owners/1/pets/1/visits,200,0,0.0,1
2026-07-22T21:51:48.257226+00:00,84b8acecf608b882,2026-07-22T21:51:40.271705+00:00,76.345,4,2,api-gateway|vets-service,False,GET,/api/vet/vets,200,1,65.717,1
2026-07-22T21:51:48.257226+00:00,2395c10d6cd5b033,2026-07-22T21:51:40.107841+00:00,33.696,4,2,customers-service|api-gateway,False,GET,/api/customer/owners/1,200,1,33.696,1
2026-07-22T21:51:48.257226+00:00,4e9159cc780e0f79,2026-07-22T21:51:39.940082+00:00,32.664,4,2,customers-service|api-gateway,False,GET,/api/customer/owners/1,200,1,30.922,1
2026-07-22T21:51:48.257226+00:00,eea61543cb829b7a,2026-07-22T21:51:39.775581+00:00,94.469,4,2,customers-service|api-gateway,False,GET,/api/customer/owners,200,1,92.347,1
2026-07-22T21:51:48.257226+00:00,709e9816c23edf37,2026-07-22T21:51:39.682497+00:00,70.436,4,2,api-gateway|vets-service,False,GET,/api/vet/vets,200,1,68.58,1
2026-07-22T21:51:48.257226+00:00,205ae9dd78c0fd64,2026-07-22T21:51:39.608246+00:00,35.634,4,2,customers-service|api-gateway,False,GET,/api/customer/owners/1,200,1,32.946,1
2026-07-22T21:51:48.257226+00:00,4bd81ff4bfc416e3,2026-07-22T21:51:39.105144+00:00,18.884,3,2,visits-service|api-gateway,False,GET,/api/visit/owners/1/pets/1/visits,200,0,0.0,1
2026-07-22T21:51:48.257226+00:00,c1275ba7e8f95a69,2026-07-22T21:51:39.442794+00:00,44.784,4,2,customers-service|api-gateway,False,GET,/api/customer/owners/1,200,1,42.456,1
2026-07-22T21:51:48.257226+00:00,42d7ef92738d4a91,2026-07-22T21:51:38.771779+00:00,21.939,3,2,visits-service|api-gateway,False,GET,/api/visit/owners/1/pets/1/visits,200,0,0.0,1
2026-07-22T21:51:48.257226+00:00,2f17013cb670de00,2026-07-22T21:51:38.604370+00:00,26.132,3,2,visits-service|api-gateway,False,GET,/api/visit/owners/1/pets/1/visits,200,0,0.0,1
2026-07-22T21:51:48.257226+00:00,f3e3dc3a920d0c6f,2026-07-22T21:51:38.940303+00:00,34.707,4,2,customers-service|api-gateway,False,GET,/api/customer/owners/1,200,1,33.257,1
2026-07-22T21:51:48.257226+00:00,c571c1cf47baf6fe,2026-07-22T21:51:38.271886+00:00,70.081,4,2,api-gateway|vets-service,False,GET,/api/vet/vets,200,1,58.568,1
2026-07-22T21:51:48.257226+00:00,4f3adf4e13b65543,2026-07-22T21:51:38.441521+00:00,38.303,4,2,customers-service|api-gateway,False,GET,/api/customer/owners/1,200,1,35.879,1
2026-07-22T21:51:48.257226+00:00,d3013bc8d49c8e82,2026-07-22T21:51:38.136130+00:00,103.644,4,2,customers-service|api-gateway,False,GET,/api/customer/owners,200,1,100.598,1
2026-07-22T21:51:48.257226+00:00,aec369fd144db107,2026-07-22T21:51:37.963676+00:00,7.372,3,2,visits-service|api-gateway,False,GET,/api/visit/owners/1/pets/1/visits,200,0,0.0,1
2026-07-22T21:51:48.257226+00:00,357a3d07fee5422a,2026-07-22T21:51:37.938579+00:00,103.574,4,2,customers-service|api-gateway,False,GET,/api/customer/owners,200,1,96.974,1
2026-07-22T21:51:48.257226+00:00,8ee3373e9ca93dba,2026-07-22T21:51:37.791757+00:00,15.263,3,2,visits-service|api-gateway,False,GET,/api/visit/owners/1/pets/1/visits,200,0,0.0,1
2026-07-22T21:51:48.257226+00:00,e808add83d653b56,2026-07-22T21:51:37.775062+00:00,41.074,4,2,customers-service|api-gateway,False,GET,/api/customer/owners/1,200,1,38.693,1
2026-07-22T21:51:48.257226+00:00,0f82f207fdbb7e40,2026-07-22T21:51:37.104988+00:00,70.713,4,2,api-gateway|vets-service,False,GET,/api/vet/vets,200,1,58.369,1
2026-07-22T21:51:48.257226+00:00,7ba8655fb6a3c65c,2026-07-22T21:51:36.938153+00:00,78.739,4,2,api-gateway|vets-service,False,GET,/api/vet/vets,200,1,63.521,1
2026-07-22T21:51:48.257226+00:00,08f0d75c66e48451,2026-07-22T21:51:37.275367+00:00,88.886,4,2,customers-service|api-gateway,False,GET,/api/customer/owners,200,1,87.058,1
2026-07-22T21:51:48.257226+00:00,2cb257dc9471b84a,2026-07-22T21:51:37.102050+00:00,66.71,4,2,api-gateway|vets-service,False,GET,/api/vet/vets,200,1,65.138,1
2026-07-22T21:51:48.257226+00:00,faa8e53435a0a986,2026-07-22T21:51:36.607237+00:00,32.335,4,2,customers-service|api-gateway,False,GET,/api/customer/owners/1,200,1,30.554,1
2026-07-22T21:51:48.257226+00:00,c38156dc672c46a3,2026-07-22T21:51:36.587184+00:00,7.265,3,2,visits-service|api-gateway,False,GET,/api/visit/owners/1/pets/1/visits,200,0,0.0,1
2026-07-22T21:51:48.257226+00:00,558847fa34cc7d80,2026-07-22T21:51:36.442324+00:00,38.978,4,2,customers-service|api-gateway,False,GET,/api/customer/owners/1,200,1,36.516,1
2026-07-22T21:51:48.257226+00:00,d051c35425874d68,2026-07-22T21:51:36.412299+00:00,11.459,3,2,visits-service|api-gateway,False,GET,/api/visit/owners/1/pets/1/visits,200,0,0.0,1
2026-07-22T21:51:48.257226+00:00,4e48e274859dfe6c,2026-07-22T21:51:35.939668+00:00,87.393,4,2,customers-service|api-gateway,False,GET,/api/customer/owners,200,1,84.147,1
2026-07-22T21:51:48.257226+00:00,703613d99aa7946e,2026-07-22T21:51:35.605102+00:00,82.671,4,2,api-gateway|vets-service,False,GET,/api/vet/vets,200,1,71.191,1
2026-07-22T21:51:48.257226+00:00,2e5da4cf08bfa5d0,2026-07-22T21:51:35.773119+00:00,92.419,4,2,customers-service|api-gateway,False,GET,/api/customer/owners,200,1,90.617,1
2026-07-22T21:51:48.257226+00:00,06ac590b3b7fc8ce,2026-07-22T21:51:35.553349+00:00,60.973,4,2,api-gateway|vets-service,False,GET,/api/vet/vets,200,1,59.573,1
2026-07-22T21:51:48.257226+00:00,f9cef6a05f7deac5,2026-07-22T21:51:35.441610+00:00,42.975,4,2,customers-service|api-gateway,False,GET,/api/customer/owners/1,200,1,41.334,1
2026-07-22T21:51:48.257226+00:00,bb95fe3a218db09c,2026-07-22T21:51:34.937649+00:00,22.604,3,2,visits-service|api-gateway,False,GET,/api/visit/owners/1/pets/1/visits,200,0,0.0,1
2026-07-22T21:51:48.257226+00:00,3b4c7da9c4f1079e,2026-07-22T21:51:35.104215+00:00,36.08,4,2,customers-service|api-gateway,False,GET,/api/customer/owners/1,200,1,30.872,1
2026-07-22T21:51:48.257226+00:00,0b5bd272d18e7ab1,2026-07-22T21:51:35.039334+00:00,12.049,3,2,visits-service|api-gateway,False,GET,/api/visit/owners/1/pets/1/visits,200,0,0.0,1
2026-07-22T21:51:48.257226+00:00,7f724020600e35ba,2026-07-22T21:51:34.604585+00:00,73.336,4,2,api-gateway|vets-service,False,GET,/api/vet/vets,200,1,63.164,1
2026-07-22T21:51:48.257226+00:00,184ab3c3e3a92288,2026-07-22T21:51:34.692533+00:00,59.606,4,2,api-gateway|vets-service,False,GET,/api/vet/vets,200,1,58.415,1
2026-07-22T21:51:48.257226+00:00,5d0cb810ab10b769,2026-07-22T21:51:34.275723+00:00,91.474,4,2,customers-service|api-gateway,False,GET,/api/customer/owners,200,1,91.474,1
2026-07-22T21:51:48.257226+00:00,c3e4d3d5e4994246,2026-07-22T21:51:33.937396+00:00,74.417,4,2,api-gateway|vets-service,False,GET,/api/vet/vets,200,1,63.594,1
2026-07-22T21:51:48.257226+00:00,1f5c107d4798a5e6,2026-07-22T21:51:34.104615+00:00,107.037,4,2,customers-service|api-gateway,False,GET,/api/customer/owners,200,1,99.615,1
2026-07-22T21:51:48.257226+00:00,634bda8c19fb9bfb,2026-07-22T21:51:33.775134+00:00,40.994,4,2,customers-service|api-gateway,False,GET,/api/customer/owners/1,200,1,38.537,1
2026-07-22T21:51:48.257226+00:00,a97b5bc82fc29e70,2026-07-22T21:51:33.665182+00:00,7.085,3,2,visits-service|api-gateway,False,GET,/api/visit/owners/1/pets/1/visits,200,0,0.0,1
2026-07-22T21:51:48.257226+00:00,5651017478c39dce,2026-07-22T21:51:33.608747+00:00,42.811,4,2,customers-service|api-gateway,False,GET,/api/customer/owners/1,200,1,40.718,1
2026-07-22T21:51:48.257226+00:00,22418e022608f7aa,2026-07-22T21:51:33.490925+00:00,11.513,3,2,visits-service|api-gateway,False,GET,/api/visit/owners/1/pets/1/visits,200,0,0.0,1
2026-07-22T21:51:48.257226+00:00,7134d449592ea9b1,2026-07-22T21:51:32.937739+00:00,76.086,4,2,api-gateway|vets-service,False,GET,/api/vet/vets,200,1,65.73,1
2026-07-22T21:51:48.257226+00:00,aa67e1b2347c2c1d,2026-07-22T21:51:33.104511+00:00,78.615,4,2,customers-service|api-gateway,False,GET,/api/customer/owners,200,1,74.942,1
2026-07-22T21:51:48.257226+00:00,cd8155b36b5b1970,2026-07-22T21:51:32.972842+00:00,11.256,3,2,visits-service|api-gateway,False,GET,/api/visit/owners/1/pets/1/visits,200,0,0.0,1
2026-07-22T21:51:48.257226+00:00,271f8e45105154e7,2026-07-22T21:51:32.801170+00:00,59.993,4,2,api-gateway|vets-service,False,GET,/api/vet/vets,200,1,58.626,1
2026-07-22T21:51:48.257226+00:00,2099dccc4542e570,2026-07-22T21:51:32.441860+00:00,37.507,4,2,customers-service|api-gateway,False,GET,/api/customer/owners/1,200,1,35.047,1
2026-07-22T21:51:48.257226+00:00,8c630c92a7cc8b34,2026-07-22T21:51:32.271219+00:00,31.649,4,2,customers-service|api-gateway,False,GET,/api/customer/owners/1,200,1,27.544,1
2026-07-22T21:51:48.257226+00:00,b60df5a087d08b6e,2026-07-22T21:51:31.937953+00:00,24.063,3,2,visits-service|api-gateway,False,GET,/api/visit/owners/1/pets/1/visits,200,0,0.0,1
2026-07-22T21:51:48.257226+00:00,10c90c5a30b6faca,2026-07-22T21:51:32.104833+00:00,90.342,4,2,customers-service|api-gateway,False,GET,/api/customer/owners,200,1,84.637,1
2026-07-22T21:51:48.257226+00:00,5be6b37caba91b2a,2026-07-22T21:51:31.772610+00:00,81.071,4,2,customers-service|api-gateway,False,GET,/api/customer/owners,200,1,79.624,1
2026-07-22T21:51:48.257226+00:00,bfc9f6875e5093b4,2026-07-22T21:51:31.607242+00:00,90.698,4,2,customers-service|api-gateway,False,GET,/api/customer/owners,200,1,89.323,1
2026-07-22T21:51:48.257226+00:00,44867d2bc10166a8,2026-07-22T21:51:31.604879+00:00,29.799,3,2,visits-service|api-gateway,False,GET,/api/visit/owners/1/pets/1/visits,200,0,0.0,1
2026-07-22T21:51:48.257226+00:00,ebfe5dc0bc8db357,2026-07-22T21:51:31.274098+00:00,37.822,4,2,customers-service|api-gateway,False,GET,/api/customer/owners/1,200,1,36.316,1
2026-07-22T21:51:48.257226+00:00,91476d7090ddc635,2026-07-22T21:51:31.258733+00:00,7.705,3,2,visits-service|api-gateway,False,GET,/api/visit/owners/1/pets/1/visits,200,0,0.0,1
2026-07-22T21:51:48.257226+00:00,e1e2c627ce630496,2026-07-22T21:51:30.938489+00:00,90.95,4,2,api-gateway|vets-service,False,GET,/api/vet/vets,200,1,80.146,1
2026-07-22T21:51:48.257226+00:00,3297f4c6e50d7bcd,2026-07-22T21:51:30.918508+00:00,7.971,3,2,visits-service|api-gateway,False,GET,/api/visit/owners/1/pets/1/visits,200,0,0.0,1
2026-07-22T21:51:48.257226+00:00,1f0f9cf0af3808e7,2026-07-22T21:51:30.774425+00:00,7.738,3,2,visits-service|api-gateway,False,GET,/api/visit/owners/1/pets/1/visits,200,0,0.0,1
2026-07-22T21:51:48.257226+00:00,2cd9986359f1f7f3,2026-07-22T21:51:30.440038+00:00,30.957,4,2,customers-service|api-gateway,False,GET,/api/customer/owners/1,200,1,29.266,1
2026-07-22T21:51:48.257226+00:00,16b8f31800a4196a,2026-07-22T21:51:30.403420+00:00,11.669,3,2,visits-service|api-gateway,False,GET,/api/visit/owners/1/pets/1/visits,200,0,0.0,1
2026-07-22T21:51:48.257226+00:00,db3b7b3178876863,2026-07-22T21:51:30.105150+00:00,48.116,4,2,customers-service|api-gateway,False,GET,/api/customer/owners/1,200,1,41.587,1
2026-07-22T21:51:48.257226+00:00,62dd4e5bb664dabe,2026-07-22T21:51:29.937627+00:00,100.037,4,2,customers-service|api-gateway,False,GET,/api/customer/owners,200,1,93.625,1
2026-07-22T21:51:48.257226+00:00,58a6a5e00d4e76e9,2026-07-22T21:51:29.886983+00:00,60.316,4,2,api-gateway|vets-service,False,GET,/api/vet/vets,200,1,58.947,1
2026-07-22T21:51:48.257226+00:00,5bee83ce66428225,2026-07-22T21:51:29.718197+00:00,51.119,4,2,api-gateway|vets-service,False,GET,/api/vet/vets,200,1,48.814,1
2026-07-22T21:51:48.257226+00:00,cdd27bc64e0f5c9c,2026-07-22T21:51:29.442098+00:00,43.655,4,2,customers-service|api-gateway,False,GET,/api/customer/owners/1,200,1,41.362,1
2026-07-22T21:51:48.257226+00:00,ee4f49ec8a28f246,2026-07-22T21:51:29.373643+00:00,73.616,4,2,api-gateway|vets-service,False,GET,/api/vet/vets,200,1,72.239,1
2026-07-22T21:51:48.257226+00:00,ae7895dccddd1bdb,2026-07-22T21:51:29.104412+00:00,68.006,4,2,api-gateway|vets-service,False,GET,/api/vet/vets,200,1,58.233,1
2026-07-22T21:51:48.257226+00:00,68469d74d99d62ff,2026-07-22T21:51:28.938433+00:00,85.403,4,2,customers-service|api-gateway,False,GET,/api/customer/owners,200,1,81.693,1
2026-07-22T21:51:48.257226+00:00,603ca7b95d6c0dc6,2026-07-22T21:51:28.773500+00:00,78.554,4,2,customers-service|api-gateway,False,GET,/api/customer/owners,200,1,77.197,1
2026-07-22T21:51:48.257226+00:00,da882a05853acf83,2026-07-22T21:51:28.609684+00:00,94.031,4,2,customers-service|api-gateway,False,GET,/api/customer/owners,200,1,92.397,1
2026-07-22T21:51:48.257226+00:00,92922765fab7252e,2026-07-22T21:51:28.519015+00:00,10.92,3,2,visits-service|api-gateway,False,GET,/api/visit/owners/1/pets/1/visits,200,0,0.0,1
2026-07-22T21:51:48.257226+00:00,66784549ab18c7a2,2026-07-22T21:51:28.273069+00:00,30.152,4,2,customers-service|api-gateway,False,GET,/api/customer/owners/1,200,1,28.724,1
2026-07-22T21:51:48.257226+00:00,860f8bbcb08d4f49,2026-07-22T21:51:28.104290+00:00,38.368,4,2,customers-service|api-gateway,False,GET,/api/customer/owners/1,200,1,34.674,1
2026-07-22T21:51:48.257226+00:00,601dc6c7c30928f8,2026-07-22T21:51:27.937531+00:00,88.335,4,2,customers-service|api-gateway,False,GET,/api/customer/owners,200,1,84.052,1
2026-07-22T21:51:48.257226+00:00,3c4fe193ff955f70,2026-07-22T21:51:27.833313+00:00,66.539,4,2,api-gateway|vets-service,False,GET,/api/vet/vets,200,1,65.181,1
2026-07-22T21:51:48.257226+00:00,0d7f040c2b07fcc9,2026-07-22T21:51:27.660781+00:00,13.264,3,2,visits-service|api-gateway,False,GET,/api/visit/owners/1/pets/1/visits,200,0,0.0,1
2026-07-22T21:51:48.257226+00:00,4a9b2cadd88a8f55,2026-07-22T21:51:27.441757+00:00,106.427,4,2,customers-service|api-gateway,False,GET,/api/customer/owners,200,1,104.015,1
2026-07-22T21:51:48.257226+00:00,7acb550da5995b01,2026-07-22T21:51:27.275846+00:00,35.295,4,2,customers-service|api-gateway,False,GET,/api/customer/owners/1,200,1,32.732,1
2026-07-22T21:51:48.257226+00:00,0a8b2cfad73ac057,2026-07-22T21:51:27.104143+00:00,69.124,4,2,api-gateway|vets-service,False,GET,/api/vet/vets,200,1,56.755,1
2026-07-22T21:51:48.257226+00:00,32bc8fea75129b80,2026-07-22T21:51:26.938491+00:00,109.904,4,2,customers-service|api-gateway,False,GET,/api/customer/owners,200,1,102.562,1
2026-07-22T21:51:48.257226+00:00,4a578af3795d01a3,2026-07-22T21:51:26.805751+00:00,11.322,3,2,visits-service|api-gateway,False,GET,/api/visit/owners/1/pets/1/visits,200,0,0.0,1
2026-07-22T21:51:48.257226+00:00,513b96566a860d34,2026-07-22T21:51:26.631053+00:00,61.912,4,2,api-gateway|vets-service,False,GET,/api/vet/vets,200,1,60.49,1
2026-07-22T21:51:48.257226+00:00,3741a6eba25ab5ad,2026-07-22T21:51:26.460270+00:00,65.786,4,2,api-gateway|vets-service,False,GET,/api/vet/vets,200,1,63.949,1
2026-07-22T21:51:48.257226+00:00,683e6c13b417922a,2026-07-22T21:51:26.289236+00:00,46.676,4,2,api-gateway|vets-service,False,GET,/api/vet/vets,200,1,45.47,1
2026-07-22T21:51:48.257226+00:00,cd0a3b531001c509,2026-07-22T21:51:25.019007+00:00,24.155,3,2,visits-service|api-gateway,False,GET,/api/visit/owners/1/pets/1/visits,200,0,0.0,1
2026-07-22T21:51:48.257226+00:00,931a17e438dfb82e,2026-07-22T21:51:25.773899+00:00,66.054,4,2,api-gateway|vets-service,False,GET,/api/vet/vets,200,1,64.082,1
2026-07-22T21:51:48.257226+00:00,fb05c357705dbe54,2026-07-22T21:51:25.430131+00:00,13.068,3,2,visits-service|api-gateway,False,GET,/api/visit/owners/1/pets/1/visits,200,0,0.0,1
2026-07-22T21:51:48.257226+00:00,b15fdde0492a98ef,2026-07-22T21:51:25.185679+00:00,46.25,4,2,customers-service|api-gateway,False,GET,/api/customer/owners/1,200,1,39.632,1
2026-07-22T21:51:48.257226+00:00,c9a2803f94387580,2026-07-22T21:51:24.019427+00:00,75.583,4,2,api-gateway|vets-service,False,GET,/api/vet/vets,200,1,63.308,1
2026-07-22T21:51:48.257226+00:00,23d3b3eae4f56d11,2026-07-22T21:51:24.747712+00:00,11.357,3,2,visits-service|api-gateway,False,GET,/api/visit/owners/1/pets/1/visits,200,0,0.0,1
2026-07-22T21:51:48.257226+00:00,535a0650a5aa286b,2026-07-22T21:51:24.687513+00:00,78.874,4,2,customers-service|api-gateway,False,GET,/api/customer/owners,200,1,77.575,1
2026-07-22T21:51:48.257226+00:00,b461385fef77aafe,2026-07-22T21:51:23.519280+00:00,69.554,4,2,api-gateway|vets-service,False,GET,/api/vet/vets,200,1,57.914,1
2026-07-22T21:51:48.257226+00:00,aecb117323b3cd1f,2026-07-22T21:51:24.356241+00:00,42.783,4,2,customers-service|api-gateway,False,GET,/api/customer/owners/1,200,1,40.503,1
2026-07-22T21:51:48.257226+00:00,1f51a25fa2e01372,2026-07-22T21:51:24.186147+00:00,46.33,4,2,customers-service|api-gateway,False,GET,/api/customer/owners/1,200,1,39.171,1
2026-07-22T21:51:48.257226+00:00,05cb34907ca5130e,2026-07-22T21:51:23.689540+00:00,33.752,4,2,customers-service|api-gateway,False,GET,/api/customer/owners/1,200,1,31.193,1
2026-07-22T21:51:48.257226+00:00,6d05e240219f6951,2026-07-22T21:51:23.545664+00:00,67.349,4,2,api-gateway|vets-service,False,GET,/api/vet/vets,200,1,65.825,1
2026-07-22T21:51:48.257226+00:00,773bd1e9e4f003f9,2026-07-22T21:51:23.354363+00:00,92.602,4,2,customers-service|api-gateway,False,GET,/api/customer/owners,200,1,91.207,1
2026-07-22T21:51:48.257226+00:00,6d76d9db40691a2a,2026-07-22T21:51:23.202743+00:00,11.172,3,2,visits-service|api-gateway,False,GET,/api/visit/owners/1/pets/1/visits,200,0,0.0,1
2026-07-22T21:51:48.257226+00:00,57bed31ea26c96c4,2026-07-22T21:51:23.185311+00:00,93.351,4,2,customers-service|api-gateway,False,GET,/api/customer/owners,200,1,85.134,1
2026-07-22T21:51:48.257226+00:00,95f1654f8cc5c0c2,2026-07-22T21:51:23.018734+00:00,103.925,4,2,customers-service|api-gateway,False,GET,/api/customer/owners,200,1,99.379,1
2026-07-22T21:51:48.257226+00:00,52c47af62fbf53be,2026-07-22T21:51:22.019403+00:00,61.482,4,2,api-gateway|vets-service,False,GET,/api/vet/vets,200,1,48.572,1
2026-07-22T21:51:48.257226+00:00,3ecd7da725e9284f,2026-07-22T21:51:22.854758+00:00,78.17,4,2,customers-service|api-gateway,False,GET,/api/customer/owners,200,1,76.674,1
2026-07-22T21:51:48.257226+00:00,836c3cc399c96024,2026-07-22T21:51:22.688410+00:00,64.084,4,2,api-gateway|vets-service,False,GET,/api/vet/vets,200,1,62.778,1
2026-07-22T21:51:48.257226+00:00,f97f7f3b9a31f5bb,2026-07-22T21:51:22.522779+00:00,77.809,4,2,customers-service|api-gateway,False,GET,/api/customer/owners,200,1,73.679,1
2026-07-22T21:51:48.257226+00:00,2386afb255068e82,2026-07-22T21:51:22.516327+00:00,11.534,3,2,visits-service|api-gateway,False,GET,/api/visit/owners/1/pets/1/visits,200,0,0.0,1
2026-07-22T21:51:48.257226+00:00,c6c461c435d365b2,2026-07-22T21:51:22.185548+00:00,81.682,4,2,customers-service|api-gateway,False,GET,/api/customer/owners,200,1,75.717,1
2026-07-22T21:51:48.257226+00:00,b87ad9f4346a9e0b,2026-07-22T21:51:21.352360+00:00,68.327,4,2,api-gateway|vets-service,False,GET,/api/vet/vets,200,1,56.725,1
2026-07-22T21:51:48.257226+00:00,2ae9b745fd203afd,2026-07-22T21:51:21.659309+00:00,62.498,4,2,api-gateway|vets-service,False,GET,/api/vet/vets,200,1,61.042,1
2026-07-22T21:51:48.257226+00:00,cfaa3412cf075cd9,2026-07-22T21:51:21.522548+00:00,35.656,4,2,customers-service|api-gateway,False,GET,/api/customer/owners/1,200,1,33.693,1
2026-07-22T21:51:48.257226+00:00,f1828c33e1f72304,2026-07-22T21:51:21.185594+00:00,38.751,4,2,customers-service|api-gateway,False,GET,/api/customer/owners/1,200,1,32.291,1
2026-07-22T21:51:48.257226+00:00,b227ce9653b3fe46,2026-07-22T21:51:21.018722+00:00,109.676,4,2,customers-service|api-gateway,False,GET,/api/customer/owners,200,1,102.284,1
2026-07-22T21:51:48.257226+00:00,e10366ad9226b024,2026-07-22T21:51:20.018925+00:00,64.847,4,2,api-gateway|vets-service,False,GET,/api/vet/vets,200,1,53.421,1
2026-07-22T21:51:48.257226+00:00,7209ae459cc8c595,2026-07-22T21:51:20.688538+00:00,24.816,4,2,customers-service|api-gateway,False,GET,/api/customer/owners/1,200,1,23.426,1
2026-07-22T21:51:48.257226+00:00,b788b067bb0ef5f8,2026-07-22T21:51:20.521335+00:00,31.883,4,2,customers-service|api-gateway,False,GET,/api/customer/owners/1,200,1,30.571,1
2026-07-22T21:51:48.257226+00:00,59d07cfdb9acddef,2026-07-22T21:51:20.355661+00:00,31.827,4,2,customers-service|api-gateway,False,GET,/api/customer/owners/1,200,1,30.273,1
2026-07-22T21:51:48.257226+00:00,ff131d19b03427ac,2026-07-22T21:51:20.284986+00:00,7.89,3,2,visits-service|api-gateway,False,GET,/api/visit/owners/1/pets/1/visits,200,0,0.0,1
2026-07-22T21:51:48.257226+00:00,cbeaa30e3fe17baa,2026-07-22T21:51:20.185833+00:00,103.978,4,2,customers-service|api-gateway,False,GET,/api/customer/owners,200,1,96.453,1
2026-07-22T21:51:48.257226+00:00,a47425b7b57c3f77,2026-07-22T21:51:20.112932+00:00,66.51,4,2,api-gateway|vets-service,False,GET,/api/vet/vets,200,1,65.049,1
2026-07-22T21:51:48.257226+00:00,2690a58749879aae,2026-07-22T21:51:19.185007+00:00,19.415,3,2,visits-service|api-gateway,False,GET,/api/visit/owners/1/pets/1/visits,200,0,0.0,1
2026-07-22T21:51:48.257226+00:00,e220018428e841d6,2026-07-22T21:51:19.854407+00:00,29.597,4,2,customers-service|api-gateway,False,GET,/api/customer/owners/1,200,1,29.597,1
2026-07-22T21:51:48.257226+00:00,656796eb37ad81fb,2026-07-22T21:51:19.687582+00:00,89.651,4,2,customers-service|api-gateway,False,GET,/api/customer/owners,200,1,87.782,1
2026-07-22T21:51:48.257226+00:00,0899025dcfadeec1,2026-07-22T21:51:19.426759+00:00,71.593,4,2,api-gateway|vets-service,False,GET,/api/vet/vets,200,1,69.546,1
2026-07-22T21:51:48.257226+00:00,8980818d89cf1752,2026-07-22T21:51:19.255232+00:00,13.636,3,2,visits-service|api-gateway,False,GET,/api/visit/owners/1/pets/1/visits,200,0,0.0,1
2026-07-22T21:51:48.257226+00:00,df6258d5f32b7fee,2026-07-22T21:51:19.018676+00:00,39.385,4,2,customers-service|api-gateway,False,GET,/api/customer/owners/1,200,1,34.529,1
2026-07-22T21:51:48.257226+00:00,0b0491db53f568c0,2026-07-22T21:51:18.186345+00:00,74.015,4,2,api-gateway|vets-service,False,GET,/api/vet/vets,200,1,61.754,1
2026-07-22T21:51:48.257226+00:00,51adf06c726dbaee,2026-07-22T21:51:18.856322+00:00,36.787,4,2,customers-service|api-gateway,False,GET,/api/customer/owners/1,200,1,34.662,1
2026-07-22T21:51:48.257226+00:00,afa23819cf65b660,2026-07-22T21:51:18.019054+00:00,23.654,3,2,visits-service|api-gateway,False,GET,/api/visit/owners/1/pets/1/visits,200,0,0.0,1
2026-07-22T21:51:48.257226+00:00,afbab2ddb390ca66,2026-07-22T21:51:18.570819+00:00,62.919,4,2,api-gateway|vets-service,False,GET,/api/vet/vets,200,1,61.019,1
2026-07-22T21:51:48.257226+00:00,9dbfc736cda090d6,2026-07-22T21:51:18.356426+00:00,94.548,4,2,customers-service|api-gateway,False,GET,/api/customer/owners,200,1,92.872,1
2026-07-22T21:51:48.257226+00:00,f8cad5ae2ebe08d0,2026-07-22T21:51:18.225689+00:00,53.359,4,2,api-gateway|vets-service,False,GET,/api/vet/vets,200,1,52.397,1
2026-07-22T21:51:48.257226+00:00,18c5e5903042e330,2026-07-22T21:51:17.352321+00:00,76.422,4,2,api-gateway|vets-service,False,GET,/api/vet/vets,200,1,67.281,1
2026-07-22T21:51:48.257226+00:00,cfeb58fabc078e1d,2026-07-22T21:51:17.185996+00:00,79.786,4,2,api-gateway|vets-service,False,GET,/api/vet/vets,200,1,68.712,1
2026-07-22T21:51:48.257226+00:00,3e47ee55cf69f823,2026-07-22T21:51:17.687699+00:00,37.289,4,2,customers-service|api-gateway,False,GET,/api/customer/owners/1,200,1,35.771,1
2026-07-22T21:51:48.257226+00:00,9934ca2997276d5a,2026-07-22T21:51:16.519531+00:00,106.387,4,2,api-gateway|vets-service,False,GET,/api/vet/vets,200,1,94.699,1
2026-07-22T21:51:48.257226+00:00,d1c2f0204e90b02d,2026-07-22T21:51:17.018441+00:00,33.887,4,2,customers-service|api-gateway,False,GET,/api/customer/owners/1,200,1,29.613,1
2026-07-22T21:51:48.257226+00:00,d2a65a4ee98f372b,2026-07-22T21:51:16.854118+00:00,27.262,4,2,customers-service|api-gateway,False,GET,/api/customer/owners/1,200,1,25.88,1
2026-07-22T21:51:48.257226+00:00,c5ff546bda8f5316,2026-07-22T21:51:16.688270+00:00,93.566,4,2,customers-service|api-gateway,False,GET,/api/customer/owners,200,1,92.123,1
2026-07-22T21:51:48.257226+00:00,b2a2d2591cf38f17,2026-07-22T21:51:16.019439+00:00,76.839,4,2,api-gateway|vets-service,False,GET,/api/vet/vets,200,1,64.052,1
2026-07-22T21:51:48.257226+00:00,8c19eb21066d98b5,2026-07-22T21:51:16.356690+00:00,34.472,4,2,customers-service|api-gateway,False,GET,/api/customer/owners/1,200,1,32.188,1
2026-07-22T21:51:48.257226+00:00,7a0d9901c540b251,2026-07-22T21:51:16.340188+00:00,71.561,4,2,api-gateway|vets-service,False,GET,/api/vet/vets,200,1,69.727,1
2026-07-22T21:51:48.257226+00:00,fcff37e3bd67402c,2026-07-22T21:51:16.186056+00:00,45.639,4,2,customers-service|api-gateway,False,GET,/api/customer/owners/1,200,1,38.686,1
2026-07-22T21:51:48.257226+00:00,840d36ac564c2f1d,2026-07-22T21:51:15.856152+00:00,41.602,4,2,customers-service|api-gateway,False,GET,/api/customer/owners/1,200,1,39.422,1
2026-07-22T21:51:48.257226+00:00,ba0a9e290970c11a,2026-07-22T21:51:15.521608+00:00,82.739,4,2,customers-service|api-gateway,False,GET,/api/customer/owners,200,1,81.214,1
2026-07-22T21:51:48.257226+00:00,db6d9be3ae149770,2026-07-22T21:51:15.486856+00:00,70.66,4,2,api-gateway|vets-service,False,GET,/api/vet/vets,200,1,69.041,1
2026-07-22T21:51:48.257226+00:00,54522b23edfe2820,2026-07-22T21:51:15.354354+00:00,32.63,4,2,customers-service|api-gateway,False,GET,/api/customer/owners/1,200,1,31.103,1
2026-07-22T21:51:48.257226+00:00,061adc920fd36ab6,2026-07-22T21:51:15.185494+00:00,88.706,4,2,customers-service|api-gateway,False,GET,/api/customer/owners,200,1,84.625,1
2026-07-22T21:51:48.257226+00:00,55b2b4b606c31633,2026-07-22T21:51:14.519115+00:00,106.764,4,2,api-gateway|vets-service,False,GET,/api/vet/vets,200,1,98.022,1
2026-07-22T21:51:48.257226+00:00,922627dbbcd19b83,2026-07-22T21:51:15.022145+00:00,94.333,4,2,customers-service|api-gateway,False,GET,/api/customer/owners,200,1,89.558,1
2026-07-22T21:51:48.257226+00:00,3d52ba7a30167689,2026-07-22T21:51:14.352715+00:00,17.227,3,2,visits-service|api-gateway,False,GET,/api/visit/owners/1/pets/1/visits,200,0,0.0,1
2026-07-22T21:51:48.257226+00:00,f9abfc6808630413,2026-07-22T21:51:14.185938+00:00,24.241,3,2,visits-service|api-gateway,False,GET,/api/visit/owners/1/pets/1/visits,200,0,0.0,1
2026-07-22T21:51:48.257226+00:00,0b0b9cab28ca9541,2026-07-22T21:51:14.688100+00:00,94.72,4,2,customers-service|api-gateway,False,GET,/api/customer/owners,200,1,93.159,1
2026-07-22T21:51:48.257226+00:00,ba632ce1784992b9,2026-07-22T21:51:14.460387+00:00,62.942,4,2,api-gateway|vets-service,False,GET,/api/vet/vets,200,1,61.588,1
2026-07-22T21:51:48.257226+00:00,c2438f8d322bedd5,2026-07-22T21:51:14.285611+00:00,11.97,3,2,visits-service|api-gateway,False,GET,/api/visit/owners/1/pets/1/visits,200,0,0.0,1
2026-07-22T21:51:48.257226+00:00,5e9f9e1ab4648e2c,2026-07-22T21:51:14.018947+00:00,90.963,4,2,customers-service|api-gateway,False,GET,/api/customer/owners,200,1,86.003,1
2026-07-22T21:51:48.257226+00:00,be64953fdebaadfb,2026-07-22T21:51:13.522656+00:00,32.119,4,2,customers-service|api-gateway,False,GET,/api/customer/owners/1,200,1,30.552,1
2026-07-22T21:51:48.257226+00:00,274c37ccbd39335a,2026-07-22T21:51:13.432893+00:00,13.752,3,2,visits-service|api-gateway,False,GET,/api/visit/owners/1/pets/1/visits,200,0,0.0,1
2026-07-22T21:51:48.257226+00:00,e8419ad82b1f472d,2026-07-22T21:51:13.354031+00:00,93.386,4,2,customers-service|api-gateway,False,GET,/api/customer/owners,200,1,91.981,1
2026-07-22T21:51:48.257226+00:00,bb06b6b8abf411b3,2026-07-22T21:51:12.686197+00:00,67.233,4,2,api-gateway|vets-service,False,GET,/api/vet/vets,200,1,53.246,1
2026-07-22T21:51:48.257226+00:00,a57c716a1cea14a1,2026-07-22T21:51:13.185673+00:00,96.735,4,2,customers-service|api-gateway,False,GET,/api/customer/owners,200,1,91.085,1
2026-07-22T21:51:48.257226+00:00,ac52b2d4f37ed7c9,2026-07-22T21:51:13.089477+00:00,64.815,4,2,api-gateway|vets-service,False,GET,/api/vet/vets,200,1,63.125,1
2026-07-22T21:51:48.257226+00:00,9373bdf9f585ee86,2026-07-22T21:51:13.018977+00:00,113.04,4,2,customers-service|api-gateway,False,GET,/api/customer/owners,200,1,106.041,1
2026-07-22T21:51:48.257226+00:00,82ca146eb1774e13,2026-07-22T21:51:12.185574+00:00,63.454,4,2,api-gateway|vets-service,False,GET,/api/vet/vets,200,1,54.571,1
2026-07-22T21:51:48.257226+00:00,ceb68351a2fe64bb,2026-07-22T21:51:12.355990+00:00,101.563,4,2,customers-service|api-gateway,False,GET,/api/customer/owners,200,1,99.215,1
2026-07-22T21:51:48.257226+00:00,e345ac966024870f,2026-07-22T21:51:11.518350+00:00,27.247,3,2,visits-service|api-gateway,False,GET,/api/visit/owners/1/pets/1/visits,200,0,0.0,1
2026-07-22T21:51:48.257226+00:00,f826b3db10ac8796,2026-07-22T21:51:12.019379+00:00,99.617,4,2,customers-service|api-gateway,False,GET,/api/customer/owners,200,1,94.909,1
2026-07-22T21:51:48.257226+00:00,4a0c1f930daf38b7,2026-07-22T21:51:11.852894+00:00,85.079,4,2,customers-service|api-gateway,False,GET,/api/customer/owners,200,1,81.478,1
2026-07-22T21:51:48.257226+00:00,77742d4af04802c9,2026-07-22T21:51:11.185315+00:00,78.104,4,2,api-gateway|vets-service,False,GET,/api/vet/vets,200,1,64.85,1
2026-07-22T21:51:48.257226+00:00,31024e69b1124e37,2026-07-22T21:51:11.688275+00:00,86.103,4,2,customers-service|api-gateway,False,GET,/api/customer/owners,200,1,86.103,1
2026-07-22T21:51:48.257226+00:00,c53284e5ddf78290,2026-07-22T21:51:10.852445+00:00,95.955,4,2,api-gateway|vets-service,False,GET,/api/vet/vets,200,1,86.932,1
2026-07-22T21:51:48.257226+00:00,50ba4e9bcd82006f,2026-07-22T21:51:11.356636+00:00,44.452,4,2,customers-service|api-gateway,False,GET,/api/customer/owners/1,200,1,42.146,1
2026-07-22T21:51:48.257226+00:00,d02db20ac07465e5,2026-07-22T21:51:11.019775+00:00,43.998,4,2,customers-service|api-gateway,False,GET,/api/customer/owners/1,200,1,36.978,1
2026-07-22T21:51:48.257226+00:00,0680dbbcd533c26a,2026-07-22T21:51:10.185936+00:00,22.412,3,2,visits-service|api-gateway,False,GET,/api/visit/owners/1/pets/1/visits,200,0,0.0,1
2026-07-22T21:51:48.257226+00:00,26ca81e5ef48d8d7,2026-07-22T21:51:10.687212+00:00,29.94,4,2,customers-service|api-gateway,False,GET,/api/customer/owners/1,200,1,27.96,1
2026-07-22T21:51:48.257226+00:00,04f3f423ec459a27,2026-07-22T21:51:10.522023+00:00,88.281,4,2,customers-service|api-gateway,False,GET,/api/customer/owners,200,1,86.812,1
2026-07-22T21:51:48.257226+00:00,5b2f36eb43f0cff0,2026-07-22T21:51:10.018519+00:00,24.333,3,2,visits-service|api-gateway,False,GET,/api/visit/owners/1/pets/1/visits,200,0,0.0,1
2026-07-22T21:51:48.257226+00:00,c16794bf6cd70095,2026-07-22T21:51:10.355157+00:00,87.071,4,2,customers-service|api-gateway,False,GET,/api/customer/owners,200,1,85.458,1
2026-07-22T21:51:48.257226+00:00,8a5f521e14b1f0f5,2026-07-22T21:51:10.180338+00:00,61.119,4,2,api-gateway|vets-service,False,GET,/api/vet/vets,200,1,59.838,1
2026-07-22T21:51:48.257226+00:00,0fbfd72d4208ebcb,2026-07-22T21:51:09.519850+00:00,72.107,4,2,api-gateway|vets-service,False,GET,/api/vet/vets,200,1,60.703,1
2026-07-22T21:51:48.257226+00:00,6f6b8ff4804bfaa6,2026-07-22T21:51:09.852071+00:00,102.159,4,2,customers-service|api-gateway,False,GET,/api/customer/owners,200,1,95.741,1
2026-07-22T21:51:48.257226+00:00,51b0da99b7ae389e,2026-07-22T21:51:09.018887+00:00,22.822,3,2,visits-service|api-gateway,False,GET,/api/visit/owners/1/pets/1/visits,200,0,0.0,1
2026-07-22T21:51:48.257226+00:00,72acdd2f57f49867,2026-07-22T21:51:09.354247+00:00,34.951,4,2,customers-service|api-gateway,False,GET,/api/customer/owners/1,200,1,33.342,1
2026-07-22T21:51:48.257226+00:00,85d011de7f4fd11f,2026-07-22T21:51:09.185660+00:00,44.406,4,2,customers-service|api-gateway,False,GET,/api/customer/owners/1,200,1,37.965,1
2026-07-22T21:51:48.257226+00:00,c4bf9f47c45b750a,2026-07-22T21:51:08.852442+00:00,90.221,4,2,customers-service|api-gateway,False,GET,/api/customer/owners,200,1,86.511,1
2026-07-22T21:51:48.257226+00:00,366a3c2c6266b02c,2026-07-22T21:51:08.689548+00:00,95.756,4,2,customers-service|api-gateway,False,GET,/api/customer/owners,200,1,93.9,1
2026-07-22T21:51:48.257226+00:00,08eaa44e60358ef7,2026-07-22T21:51:08.185119+00:00,23.934,3,2,visits-service|api-gateway,False,GET,/api/visit/owners/1/pets/1/visits,200,0,0.0,1
2026-07-22T21:51:48.257226+00:00,c55f328aaf072737,2026-07-22T21:51:08.523337+00:00,35.216,4,2,customers-service|api-gateway,False,GET,/api/customer/owners/1,200,1,33.193,1
2026-07-22T21:51:48.257226+00:00,29eb9f1d0928cdc9,2026-07-22T21:51:08.355855+00:00,43.374,4,2,customers-service|api-gateway,False,GET,/api/customer/owners/1,200,1,41.144,1
2026-07-22T21:51:48.257226+00:00,d04b386ad72cf370,2026-07-22T21:51:08.126671+00:00,68.511,4,2,api-gateway|vets-service,False,GET,/api/vet/vets,200,1,67.169,1
2026-07-22T21:51:48.257226+00:00,157782f672c3422a,2026-07-22T21:51:08.018926+00:00,88.557,4,2,customers-service|api-gateway,False,GET,/api/customer/owners,200,1,82.306,1
2026-07-22T21:51:48.257226+00:00,aa2b20b107fdc318,2026-07-22T21:51:07.519789+00:00,68.719,4,2,api-gateway|vets-service,False,GET,/api/vet/vets,200,1,55.666,1
2026-07-22T21:51:48.257226+00:00,5f4162d3ee22a516,2026-07-22T21:51:07.852817+00:00,99.475,4,2,customers-service|api-gateway,False,GET,/api/customer/owners,200,1,93.474,1
2026-07-22T21:51:48.257226+00:00,46a814e99e677529,2026-07-22T21:51:07.355941+00:00,95.116,4,2,customers-service|api-gateway,False,GET,/api/customer/owners,200,1,92.231,1
2026-07-22T21:51:48.257226+00:00,2ebdecf7d4773735,2026-07-22T21:51:07.185613+00:00,39.771,4,2,customers-service|api-gateway,False,GET,/api/customer/owners/1,200,1,32.878,1
2026-07-22T21:51:48.257226+00:00,382feffe6ac1d18f,2026-07-22T21:51:07.096093+00:00,11.688,3,2,visits-service|api-gateway,False,GET,/api/visit/owners/1/pets/1/visits,200,0,0.0,1
2026-07-22T21:51:48.257226+00:00,52ed73c452100892,2026-07-22T21:51:07.019579+00:00,37.448,4,2,customers-service|api-gateway,False,GET,/api/customer/owners/1,200,1,32.409,1
2026-07-22T21:51:48.257226+00:00,43e76c7549ff0ba7,2026-07-22T21:51:06.854820+00:00,82.574,4,2,customers-service|api-gateway,False,GET,/api/customer/owners,200,1,79.959,1
2026-07-22T21:51:48.257226+00:00,eafe1a2645d83131,2026-07-22T21:51:06.522685+00:00,89.777,4,2,customers-service|api-gateway,False,GET,/api/customer/owners,200,1,87.609,1
2026-07-22T21:51:48.257226+00:00,b844498063a2d06f,2026-07-22T21:51:06.354495+00:00,80.951,4,2,customers-service|api-gateway,False,GET,/api/customer/owners,200,1,79.438,1
2026-07-22T21:51:48.257226+00:00,e6f5b52a4ec0edd9,2026-07-22T21:51:06.227209+00:00,48.612,4,2,api-gateway|vets-service,False,GET,/api/vet/vets,200,1,47.507,1
2026-07-22T21:51:48.257226+00:00,168d855566495eee,2026-07-22T21:51:06.185435+00:00,45.385,4,2,customers-service|api-gateway,False,GET,/api/customer/owners/1,200,1,39.116,1
2026-07-22T21:51:48.257226+00:00,d66317c420283973,2026-07-22T21:51:06.018632+00:00,88.463,4,2,customers-service|api-gateway,False,GET,/api/customer/owners,200,1,83.385,1
2026-07-22T21:51:48.257226+00:00,821ae28420332245,2026-07-22T21:51:05.708195+00:00,88.631,4,2,customers-service|api-gateway,False,GET,/api/customer/owners,200,1,86.788,1
2026-07-22T21:51:48.257226+00:00,1900349aa514cf9d,2026-07-22T21:51:05.185127+00:00,19.276,3,2,visits-service|api-gateway,False,GET,/api/visit/owners/1/pets/1/visits,200,0,0.0,1
2026-07-22T21:51:48.257226+00:00,f090dcb6e9c4f15d,2026-07-22T21:51:05.522631+00:00,40.544,4,2,customers-service|api-gateway,False,GET,/api/customer/owners/1,200,1,37.766,1
2026-07-22T21:51:48.257226+00:00,01eb1c8e94402672,2026-07-22T21:51:05.352176+00:00,33.913,4,2,customers-service|api-gateway,False,GET,/api/customer/owners/1,200,1,30.222,1
2026-07-22T21:51:48.257226+00:00,ce24299da00bd9e9,2026-07-22T21:51:05.187237+00:00,6.251,3,2,visits-service|api-gateway,False,GET,/api/visit/owners/1/pets/1/visits,200,0,0.0,1
2026-07-22T21:51:48.257226+00:00,79a31611210172c1,2026-07-22T21:51:05.019341+00:00,99.649,4,2,customers-service|api-gateway,False,GET,/api/customer/owners,200,1,91.216,1
2026-07-22T21:51:48.257226+00:00,6aed40359e5f8616,2026-07-22T21:51:04.685200+00:00,19.892,3,2,visits-service|api-gateway,False,GET,/api/visit/owners/1/pets/1/visits,200,0,0.0,1
2026-07-22T21:51:48.257226+00:00,153092c77d54622c,2026-07-22T21:51:04.519043+00:00,18.194,3,2,visits-service|api-gateway,False,GET,/api/visit/owners/1/pets/1/visits,200,0,0.0,1
2026-07-22T21:51:48.257226+00:00,35710bc5bfcd25ca,2026-07-22T21:51:04.352317+00:00,21.094,3,2,visits-service|api-gateway,False,GET,/api/visit/owners/1/pets/1/visits,200,0,0.0,1
2026-07-22T21:51:48.257226+00:00,480397d135ac876b,2026-07-22T21:51:04.185427+00:00,30.764,4,2,customers-service|api-gateway,False,GET,/api/customer/owners/1,200,1,26.069,1
2026-07-22T21:51:48.257226+00:00,1ab054d074909b49,2026-07-22T21:51:04.018306+00:00,35.676,4,2,customers-service|api-gateway,False,GET,/api/customer/owners/1,200,1,31.742,1
2026-07-22T21:51:48.257226+00:00,fceb0a55c68f5b26,2026-07-22T21:51:03.969592+00:00,69.239,4,2,api-gateway|vets-service,False,GET,/api/vet/vets,200,1,67.121,1
2026-07-22T21:51:48.257226+00:00,3b9c420495d8a373,2026-07-22T21:51:03.852842+00:00,97.432,4,2,customers-service|api-gateway,False,GET,/api/customer/owners,200,1,90.652,1
2026-07-22T21:51:48.257226+00:00,9f23e2ed6b677263,2026-07-22T21:51:03.518478+00:00,21.418,3,2,visits-service|api-gateway,False,GET,/api/visit/owners/1/pets/1/visits,200,0,0.0,1
2026-07-22T21:51:48.257226+00:00,9a589f83099c54ec,2026-07-22T21:51:03.185360+00:00,73.005,4,2,api-gateway|vets-service,False,GET,/api/vet/vets,200,1,63.844,1
2026-07-22T21:51:48.257226+00:00,97a5ab76cf5c3bc8,2026-07-22T21:51:03.354123+00:00,83.355,4,2,customers-service|api-gateway,False,GET,/api/customer/owners,200,1,82.008,1
2026-07-22T21:51:48.257226+00:00,5b2c69c3e8318ee5,2026-07-22T21:51:03.019207+00:00,22.844,3,2,visits-service|api-gateway,False,GET,/api/visit/owners/1/pets/1/visits,200,0,0.0,1
2026-07-22T21:51:48.257226+00:00,cea4d8ed46a2b573,2026-07-22T21:51:02.854422+00:00,29.244,4,2,customers-service|api-gateway,False,GET,/api/customer/owners/1,200,1,29.244,1
2026-07-22T21:51:48.257226+00:00,ab266a4310abeb05,2026-07-22T21:51:02.688657+00:00,85.845,4,2,customers-service|api-gateway,False,GET,/api/customer/owners,200,1,85.845,1
2026-07-22T21:51:48.257226+00:00,9a394f03af6fe9b4,2026-07-22T21:51:02.522850+00:00,42.312,4,2,customers-service|api-gateway,False,GET,/api/customer/owners/1,200,1,39.556,1
2026-07-22T21:51:48.257226+00:00,489e794dc238776d,2026-07-22T21:51:02.401646+00:00,60.58,4,2,api-gateway|vets-service,False,GET,/api/vet/vets,200,1,59.257,1
2026-07-22T21:51:48.257226+00:00,000caf9ecbd0dc2a,2026-07-22T21:51:02.352524+00:00,33.13,4,2,customers-service|api-gateway,False,GET,/api/customer/owners/1,200,1,28.223,1
2026-07-22T21:51:48.257226+00:00,932885987c810302,2026-07-22T21:51:02.019369+00:00,19.697,3,2,visits-service|api-gateway,False,GET,/api/visit/owners/1/pets/1/visits,200,0,0.0,1
2026-07-22T21:51:48.257226+00:00,e4d77183b918c5d5,2026-07-22T21:51:02.056090+00:00,11.75,3,2,visits-service|api-gateway,False,GET,/api/visit/owners/1/pets/1/visits,200,0,0.0,1
2026-07-22T21:51:48.257226+00:00,64ea3387107f0b39,2026-07-22T21:51:01.882396+00:00,64.017,4,2,api-gateway|vets-service,False,GET,/api/vet/vets,200,1,62.555,1
2026-07-22T21:51:48.257226+00:00,bab164fcdcb84e6b,2026-07-22T21:51:01.522966+00:00,93.344,4,2,customers-service|api-gateway,False,GET,/api/customer/owners,200,1,90.819,1
2026-07-22T21:51:48.257226+00:00,65ad3a7364ef4c57,2026-07-22T21:51:01.355998+00:00,35.154,4,2,customers-service|api-gateway,False,GET,/api/customer/owners/1,200,1,32.857,1
2026-07-22T21:51:48.257226+00:00,e30d92814cdda5f5,2026-07-22T21:51:01.185198+00:00,47.072,4,2,customers-service|api-gateway,False,GET,/api/customer/owners/1,200,1,40.051,1
2026-07-22T21:51:48.257226+00:00,33742f9e1ad5bd30,2026-07-22T21:51:01.018448+00:00,18.847,3,2,visits-service|api-gateway,False,GET,/api/visit/owners/1/pets/1/visits,200,0,0.0,1
2026-07-22T21:51:48.257226+00:00,d8c10252a9edff01,2026-07-22T21:51:01.013255+00:00,6.78,3,2,visits-service|api-gateway,False,GET,/api/visit/owners/1/pets/1/visits,200,0,0.0,1
2026-07-22T21:51:48.257226+00:00,8f45f12530e00664,2026-07-22T21:51:00.690106+00:00,41.163,4,2,customers-service|api-gateway,False,GET,/api/customer/owners/1,200,1,38.274,1
2026-07-22T21:51:48.257226+00:00,790b239e6c2fd005,2026-07-22T21:51:00.519063+00:00,18.757,3,2,visits-service|api-gateway,False,GET,/api/visit/owners/1/pets/1/visits,200,0,0.0,1
2026-07-22T21:51:48.257226+00:00,fee6c39ae66195d1,2026-07-22T21:51:00.352109+00:00,19.965,3,2,visits-service|api-gateway,False,GET,/api/visit/owners/1/pets/1/visits,200,0,0.0,1
2026-07-22T21:51:48.257226+00:00,fb28ed54d37e635c,2026-07-22T21:51:00.185716+00:00,19.371,3,2,visits-service|api-gateway,False,GET,/api/visit/owners/1/pets/1/visits,200,0,0.0,1
2026-07-22T21:51:48.257226+00:00,e0be1b8601cedef2,2026-07-22T21:51:00.018917+00:00,22.423,3,2,visits-service|api-gateway,False,GET,/api/visit/owners/1/pets/1/visits,200,0,0.0,1
2026-07-22T21:51:48.257226+00:00,62c4d2da541ee166,2026-07-22T21:50:59.852297+00:00,80.41,4,2,customers-service|api-gateway,False,GET,/api/customer/owners,200,1,75.123,1
2026-07-22T21:51:48.257226+00:00,c39d604126d20534,2026-07-22T21:50:59.687504+00:00,85.953,4,2,customers-service|api-gateway,False,GET,/api/customer/owners,200,1,84.513,1
2026-07-22T21:51:48.257226+00:00,314166f83bf31fce,2026-07-22T21:50:59.521593+00:00,86.235,4,2,customers-service|api-gateway,False,GET,/api/customer/owners,200,1,84.776,1
2026-07-22T21:51:48.257226+00:00,333f9a9e7b131092,2026-07-22T21:50:59.356281+00:00,40.877,4,2,customers-service|api-gateway,False,GET,/api/customer/owners/1,200,1,38.474,1
2026-07-22T21:51:48.257226+00:00,4f212fdf7bf35e9d,2026-07-22T21:50:59.195889+00:00,43.087,4,2,customers-service|api-gateway,False,GET,/api/customer/owners/1,200,1,38.689,1
2026-07-22T21:51:48.257226+00:00,d9a8b163e8f067b3,2026-07-22T21:50:59.018573+00:00,35.615,4,2,customers-service|api-gateway,False,GET,/api/customer/owners/1,200,1,31.299,1
2026-07-22T21:51:48.257226+00:00,78067554166b5e5e,2026-07-22T21:50:58.852145+00:00,89.951,4,2,customers-service|api-gateway,False,GET,/api/customer/owners,200,1,85.961,1
2026-07-22T21:51:48.257226+00:00,50bb56707450026f,2026-07-22T21:50:58.685801+00:00,24.868,3,2,visits-service|api-gateway,False,GET,/api/visit/owners/1/pets/1/visits,200,0,0.0,1
2026-07-22T21:51:48.257226+00:00,06f6a83de0b62bdd,2026-07-22T21:50:58.601635+00:00,71.332,4,2,api-gateway|vets-service,False,GET,/api/vet/vets,200,1,69.508,1
2026-07-22T21:51:48.257226+00:00,e24e53afb8ced46d,2026-07-22T21:50:58.352373+00:00,78.06,4,2,api-gateway|vets-service,False,GET,/api/vet/vets,200,1,68.304,1
2026-07-22T21:51:48.257226+00:00,363ddcda37a4d1df,2026-07-22T21:50:58.185383+00:00,95.431,4,2,customers-service|api-gateway,False,GET,/api/customer/owners,200,1,88.584,1
2026-07-22T21:51:48.257226+00:00,cac94a0e7c91119f,2026-07-22T21:50:58.018793+00:00,39.636,4,2,customers-service|api-gateway,False,GET,/api/customer/owners/1,200,1,34.754,1
2026-07-22T21:51:48.257226+00:00,2083494b7b28b6eb,2026-07-22T21:50:57.854216+00:00,95.301,4,2,customers-service|api-gateway,False,GET,/api/customer/owners,200,1,91.761,1
2026-07-22T21:51:48.257226+00:00,239b5ef56102db1f,2026-07-22T21:50:57.774475+00:00,66.063,4,2,api-gateway|vets-service,False,GET,/api/vet/vets,200,1,64.247,1
2026-07-22T21:51:48.257226+00:00,0a791a3596f1da19,2026-07-22T21:50:57.518389+00:00,186.754,4,2,api-gateway|vets-service,False,GET,/api/vet/vets,200,1,178.375,1
2026-07-22T21:51:48.257226+00:00,d55fdea691d81866,2026-07-22T21:50:57.356162+00:00,107.189,4,2,customers-service|api-gateway,False,GET,/api/customer/owners,200,1,104.946,1
2026-07-22T21:51:48.257226+00:00,105a7a7c4ef94c3c,2026-07-22T21:50:57.238696+00:00,8.181,3,2,visits-service|api-gateway,False,GET,/api/visit/owners/1/pets/1/visits,200,0,0.0,1
2026-07-22T21:51:48.257226+00:00,0139e35e36ea2ccc,2026-07-22T21:50:57.018707+00:00,76.302,4,2,customers-service|api-gateway,False,GET,/api/customer/owners,200,1,71.938,1
2026-07-22T21:51:48.257226+00:00,c27e543f576b8919,2026-07-22T21:50:56.897775+00:00,12.124,3,2,visits-service|api-gateway,False,GET,/api/visit/owners/1/pets/1/visits,200,0,0.0,1
2026-07-22T21:51:48.257226+00:00,334e99dc50581a3d,2026-07-22T21:50:56.690228+00:00,96.879,4,2,customers-service|api-gateway,False,GET,/api/customer/owners,200,1,94.59,1
2026-07-22T21:51:48.257226+00:00,73404f1db51ce793,2026-07-22T21:50:56.523219+00:00,40.635,4,2,customers-service|api-gateway,False,GET,/api/customer/owners/1,200,1,33.504,1
2026-07-22T21:51:48.257226+00:00,971bd51294ca2a4f,2026-07-22T21:50:56.393631+00:00,7.599,3,2,visits-service|api-gateway,False,GET,/api/visit/owners/1/pets/1/visits,200,0,0.0,1
2026-07-22T21:51:48.257226+00:00,10e6a14b41e3cdd8,2026-07-22T21:50:56.186023+00:00,115.815,4,2,customers-service|api-gateway,False,GET,/api/customer/owners,200,1,108.071,1
2026-07-22T21:51:48.257226+00:00,43a5ceaa70324440,2026-07-22T21:50:56.018689+00:00,109.162,4,2,customers-service|api-gateway,False,GET,/api/customer/owners,200,1,100.885,1
2026-07-22T21:51:48.257226+00:00,d80117a4e050864d,2026-07-22T21:50:55.890408+00:00,12.171,3,2,visits-service|api-gateway,False,GET,/api/visit/owners/1/pets/1/visits,200,0,0.0,1
2026-07-22T21:51:48.257226+00:00,bc900fe1fee03af4,2026-07-22T21:50:55.688414+00:00,86.518,4,2,customers-service|api-gateway,False,GET,/api/customer/owners,200,1,84.956,1
2026-07-22T21:51:48.257226+00:00,7d52accc8daf3580,2026-07-22T21:50:55.519382+00:00,75.336,4,2,api-gateway|vets-service,False,GET,/api/vet/vets,200,1,62.109,1
2026-07-22T21:51:48.257226+00:00,d6545edffbc10c6d,2026-07-22T21:50:55.353661+00:00,82.724,4,2,customers-service|api-gateway,False,GET,/api/customer/owners,200,1,80.936,1
2026-07-22T21:51:48.257226+00:00,a9d46379a2aab4bd,2026-07-22T21:50:55.186088+00:00,36.14,4,2,customers-service|api-gateway,False,GET,/api/customer/owners/1,200,1,30.402,1
2026-07-22T21:51:48.257226+00:00,dac6caf5cac59aaa,2026-07-22T21:50:55.019316+00:00,43.883,4,2,customers-service|api-gateway,False,GET,/api/customer/owners/1,200,1,37.337,1
2026-07-22T21:51:48.257226+00:00,8c9bc449ed02e1a6,2026-07-22T21:50:54.852881+00:00,106.458,4,2,customers-service|api-gateway,False,GET,/api/customer/owners,200,1,98.637,1
2026-07-22T21:51:48.257226+00:00,ed835933e930bf91,2026-07-22T21:50:54.715319+00:00,6.925,3,2,visits-service|api-gateway,False,GET,/api/visit/owners/1/pets/1/visits,200,0,0.0,1
2026-07-22T21:51:48.257226+00:00,2db3abc79cea6b81,2026-07-22T21:50:54.546187+00:00,14.906,3,2,visits-service|api-gateway,False,GET,/api/visit/owners/1/pets/1/visits,200,0,0.0,1
2026-07-22T21:51:48.257226+00:00,d7d58194440fef9f,2026-07-22T21:50:54.354396+00:00,90.728,4,2,customers-service|api-gateway,False,GET,/api/customer/owners,200,1,89.258,1
2026-07-22T21:51:48.257226+00:00,c0d7bac999f0162d,2026-07-22T21:50:54.185163+00:00,103.065,4,2,customers-service|api-gateway,False,GET,/api/customer/owners,200,1,97.637,1
2026-07-22T21:51:48.257226+00:00,aa54d923a3704a59,2026-07-22T21:50:54.018865+00:00,38.105,4,2,customers-service|api-gateway,False,GET,/api/customer/owners/1,200,1,30.815,1
2026-07-22T21:51:48.257226+00:00,7cea1208c7c2128e,2026-07-22T21:50:53.852830+00:00,46.109,4,2,customers-service|api-gateway,False,GET,/api/customer/owners/1,200,1,38.9,1
2026-07-22T21:51:48.257226+00:00,76c09428e1684f85,2026-07-22T21:50:53.689470+00:00,40.575,4,2,customers-service|api-gateway,False,GET,/api/customer/owners/1,200,1,37.407,1
2026-07-22T21:51:48.257226+00:00,829b70a52d436d11,2026-07-22T21:50:53.522531+00:00,42.378,4,2,customers-service|api-gateway,False,GET,/api/customer/owners/1,200,1,40.376,1
2026-07-22T21:51:48.257226+00:00,c68c62172cc5089e,2026-07-22T21:50:53.354164+00:00,83.332,4,2,customers-service|api-gateway,False,GET,/api/customer/owners,200,1,81.949,1
2026-07-22T21:51:48.257226+00:00,27a5263c6e3f4ecc,2026-07-22T21:50:53.185190+00:00,95.575,4,2,customers-service|api-gateway,False,GET,/api/customer/owners,200,1,90.933,1
2026-07-22T21:51:48.257226+00:00,e6e0953f498bbc2b,2026-07-22T21:50:51.342876+00:00,68.96,4,2,api-gateway|vets-service,False,GET,/api/vet/vets,200,1,57.721,1
2026-07-22T21:51:48.257226+00:00,1b05f41031407576,2026-07-22T21:50:51.176891+00:00,70.199,4,2,api-gateway|vets-service,False,GET,/api/vet/vets,200,1,59.278,1
2026-07-22T21:51:48.257226+00:00,67ee05bba3d59fbe,2026-07-22T21:50:52.030658+00:00,6.196,3,2,visits-service|api-gateway,False,GET,/api/visit/owners/1/pets/1/visits,200,0,0.0,1
2026-07-22T21:51:48.257226+00:00,006c7ab3b0a37c01,2026-07-22T21:50:52.011838+00:00,93.146,4,2,customers-service|api-gateway,False,GET,/api/customer/owners,200,1,90.062,1
2026-07-22T21:51:48.257226+00:00,a9a45900f63aa502,2026-07-22T21:50:50.842976+00:00,21.638,3,2,visits-service|api-gateway,False,GET,/api/visit/owners/1/pets/1/visits,200,0,0.0,1
2026-07-22T21:51:48.257226+00:00,55e393f2b53820b7,2026-07-22T21:50:51.843306+00:00,41.108,4,2,customers-service|api-gateway,False,GET,/api/customer/owners/1,200,1,34.275,1
2026-07-22T21:51:48.257226+00:00,84838a385d0ab4f0,2026-07-22T21:50:51.690570+00:00,9.256,3,2,visits-service|api-gateway,False,GET,/api/visit/owners/1/pets/1/visits,200,0,0.0,1
2026-07-22T21:51:48.257226+00:00,69782a70826c8c10,2026-07-22T21:50:51.680960+00:00,108.365,4,2,customers-service|api-gateway,False,GET,/api/customer/owners,200,1,105.966,1
2026-07-22T21:51:48.257226+00:00,1eadf4d8d3b1709e,2026-07-22T21:50:51.520798+00:00,11.918,3,2,visits-service|api-gateway,False,GET,/api/visit/owners/1/pets/1/visits,200,0,0.0,1
2026-07-22T21:51:48.257226+00:00,ea854eb076de618d,2026-07-22T21:50:51.513516+00:00,45.232,4,2,customers-service|api-gateway,False,GET,/api/customer/owners/1,200,1,42.346,1
2026-07-22T21:51:48.257226+00:00,eb76fde739fe8faf,2026-07-22T21:50:50.176647+00:00,70.411,4,2,api-gateway|vets-service,False,GET,/api/vet/vets,200,1,58.984,1
2026-07-22T21:51:48.257226+00:00,20ec39c41fabab84,2026-07-22T21:50:51.007483+00:00,11.815,3,2,visits-service|api-gateway,False,GET,/api/visit/owners/1/pets/1/visits,200,0,0.0,1
2026-07-22T21:51:48.257226+00:00,3a6d2ca8c2f3ac0e,2026-07-22T21:50:49.843236+00:00,70.87,4,2,api-gateway|vets-service,False,GET,/api/vet/vets,200,1,58.721,1
2026-07-22T21:51:48.257226+00:00,d2249d6ef5252b64,2026-07-22T21:50:50.497815+00:00,11.67,3,2,visits-service|api-gateway,False,GET,/api/visit/owners/1/pets/1/visits,200,0,0.0,1
2026-07-22T21:51:48.257226+00:00,7237d91b91a2d368,2026-07-22T21:50:50.346028+00:00,31.95,4,2,customers-service|api-gateway,False,GET,/api/customer/owners/1,200,1,30.18,1
2026-07-22T21:51:48.257226+00:00,821fd960cd17eb21,2026-07-22T21:50:49.176782+00:00,71.642,4,2,api-gateway|vets-service,False,GET,/api/vet/vets,200,1,62.3,1
2026-07-22T21:51:48.257226+00:00,fbc6069fb1697429,2026-07-22T21:50:49.680088+00:00,95.882,4,2,customers-service|api-gateway,False,GET,/api/customer/owners,200,1,93.909,1
2026-07-22T21:51:48.257226+00:00,d4855731c361e6a1,2026-07-22T21:50:49.470996+00:00,60.641,4,2,api-gateway|vets-service,False,GET,/api/vet/vets,200,1,59.193,1
2026-07-22T21:51:48.257226+00:00,28b248b93cb476cb,2026-07-22T21:50:49.345504+00:00,84.25,4,2,customers-service|api-gateway,False,GET,/api/customer/owners,200,1,82.367,1
2026-07-22T21:51:48.257226+00:00,3425194052ce97f7,2026-07-22T21:50:49.298319+00:00,66.886,4,2,api-gateway|vets-service,False,GET,/api/vet/vets,200,1,65.516,1
2026-07-22T21:51:48.257226+00:00,7418b7697cae96d8,2026-07-22T21:50:49.009725+00:00,82.405,4,2,customers-service|api-gateway,False,GET,/api/customer/owners,200,1,77.075,1
2026-07-22T21:51:48.257226+00:00,7299b629799b291e,2026-07-22T21:50:48.843909+00:00,104.466,4,2,customers-service|api-gateway,False,GET,/api/customer/owners,200,1,98.051,1
2026-07-22T21:51:48.257226+00:00,eee347295a7e09ba,2026-07-22T21:50:48.785115+00:00,67.598,4,2,api-gateway|vets-service,False,GET,/api/vet/vets,200,1,66.131,1
2026-07-22T21:51:48.257226+00:00,c49747d166381467,2026-07-22T21:50:48.679408+00:00,106.618,4,2,customers-service|api-gateway,False,GET,/api/customer/owners,200,1,104.415,1
2026-07-22T21:51:48.257226+00:00,6afe0ca7d89b67e6,2026-07-22T21:50:48.177535+00:00,34.115,4,2,customers-service|api-gateway,False,GET,/api/customer/owners/1,200,1,30.834,1
2026-07-22T21:51:48.257226+00:00,8c2fc02a223b4b38,2026-07-22T21:50:48.010095+00:00,90.897,4,2,customers-service|api-gateway,False,GET,/api/customer/owners,200,1,85.579,1
2026-07-22T21:51:48.257226+00:00,bcfaea32781faebd,2026-07-22T21:50:47.930870+00:00,11.265,3,2,visits-service|api-gateway,False,GET,/api/visit/owners/1/pets/1/visits,200,0,0.0,1
2026-07-22T21:51:48.257226+00:00,028ce0e25eea33d9,2026-07-22T21:50:47.677575+00:00,77.142,4,2,customers-service|api-gateway,False,GET,/api/customer/owners,200,1,75.599,1
2026-07-22T21:51:48.257226+00:00,debb42ba6210bb45,2026-07-22T21:50:47.513317+00:00,82.593,4,2,customers-service|api-gateway,False,GET,/api/customer/owners,200,1,82.593,1
2026-07-22T21:51:48.257226+00:00,30a0b16649b1ed5c,2026-07-22T21:50:47.345180+00:00,84.786,4,2,customers-service|api-gateway,False,GET,/api/customer/owners,200,1,83.341,1
2026-07-22T21:52:48.308308+00:00,9eec5e60c64d9282,2026-07-22T21:52:48.487164+00:00,7.919,3,2,visits-service|api-gateway,False,GET,/api/visit/owners/1/pets/1/visits,200,0,0.0,1
2026-07-22T21:52:48.308308+00:00,337d919428845781,2026-07-22T21:52:48.316375+00:00,12.396,3,2,visits-service|api-gateway,False,GET,/api/visit/owners/1/pets/1/visits,200,0,0.0,1
2026-07-22T21:52:48.308308+00:00,504cef8d9829706f,2026-07-22T21:52:47.756833+00:00,66.552,4,2,customers-service|api-gateway,False,GET,/api/customer/owners,200,1,63.059,1
2026-07-22T21:52:48.308308+00:00,8c2e30c13f2fecf9,2026-07-22T21:52:47.255867+00:00,73.569,4,2,api-gateway|vets-service,False,GET,/api/vet/vets,200,1,61.545,1
2026-07-22T21:52:48.308308+00:00,81bd933f6430d57d,2026-07-22T21:52:47.588722+00:00,68.028,4,2,customers-service|api-gateway,False,GET,/api/customer/owners,200,1,63.217,1
2026-07-22T21:52:48.308308+00:00,b603116a62875b98,2026-07-22T21:52:47.462307+00:00,7.291,3,2,visits-service|api-gateway,False,GET,/api/visit/owners/1/pets/1/visits,200,0,0.0,1
2026-07-22T21:52:48.308308+00:00,2e60fb78cb1d4558,2026-07-22T21:52:47.422616+00:00,110.039,4,2,customers-service|api-gateway,False,GET,/api/customer/owners,200,1,102.848,1
2026-07-22T21:52:48.308308+00:00,f2fec6d930ac7776,2026-07-22T21:52:47.290979+00:00,12.415,3,2,visits-service|api-gateway,False,GET,/api/visit/owners/1/pets/1/visits,200,0,0.0,1
2026-07-22T21:52:48.308308+00:00,029d7da336f5af66,2026-07-22T21:52:46.756019+00:00,66.79,4,2,api-gateway|vets-service,False,GET,/api/vet/vets,200,1,54.552,1
2026-07-22T21:52:48.308308+00:00,7bf96fcc83488bd6,2026-07-22T21:52:46.589141+00:00,66.512,4,2,api-gateway|vets-service,False,GET,/api/vet/vets,200,1,54.793,1
2026-07-22T21:52:48.308308+00:00,69b9064b5100f4c2,2026-07-22T21:52:46.434644+00:00,43.604,4,2,api-gateway|vets-service,False,GET,/api/vet/vets,200,1,42.649,1
2026-07-22T21:52:48.308308+00:00,a7abbbd28ff24453,2026-07-22T21:52:46.421764+00:00,103.72,4,2,customers-service|api-gateway,False,GET,/api/customer/owners,200,1,96.001,1
2026-07-22T21:52:48.308308+00:00,bffdda03e1978798,2026-07-22T21:52:46.255692+00:00,32.762,4,2,customers-service|api-gateway,False,GET,/api/customer/owners/1,200,1,28.144,1
2026-07-22T21:52:48.308308+00:00,3e5dcc5477262be5,2026-07-22T21:52:45.921957+00:00,35.72,4,2,customers-service|api-gateway,False,GET,/api/customer/owners/1,200,1,30.803,1
2026-07-22T21:52:48.308308+00:00,c17abce03581cb4b,2026-07-22T21:52:45.588624+00:00,86.308,4,2,api-gateway|vets-service,False,GET,/api/vet/vets,200,1,72.481,1
2026-07-22T21:52:48.308308+00:00,31b7866c7e219c8a,2026-07-22T21:52:45.755628+00:00,93.492,4,2,customers-service|api-gateway,False,GET,/api/customer/owners,200,1,88.868,1
2026-07-22T21:52:48.308308+00:00,fc33749d2089178d,2026-07-22T21:52:45.421990+00:00,22.678,3,2,visits-service|api-gateway,False,GET,/api/visit/owners/1/pets/1/visits,200,0,0.0,1
2026-07-22T21:52:48.308308+00:00,5f4a355507561cee,2026-07-22T21:52:45.255436+00:00,77.246,4,2,api-gateway|vets-service,False,GET,/api/vet/vets,200,1,67.901,1
2026-07-22T21:52:48.308308+00:00,2493a1bd0569a609,2026-07-22T21:52:45.093247+00:00,35.692,4,2,customers-service|api-gateway,False,GET,/api/customer/owners/1,200,1,33.753,1
2026-07-22T21:52:48.308308+00:00,ddd16ff0e8b988da,2026-07-22T21:52:44.755779+00:00,72.567,4,2,api-gateway|vets-service,False,GET,/api/vet/vets,200,1,61.982,1
2026-07-22T21:52:48.308308+00:00,5a913b6d8397a0ea,2026-07-22T21:52:44.923568+00:00,34.725,4,2,customers-service|api-gateway,False,GET,/api/customer/owners/1,200,1,32.166,1
2026-07-22T21:52:48.308308+00:00,d0c07747bcc470d7,2026-07-22T21:52:44.421715+00:00,71.727,4,2,api-gateway|vets-service,False,GET,/api/vet/vets,200,1,59.192,1
2026-07-22T21:52:48.308308+00:00,5a17dac789f460d1,2026-07-22T21:52:44.588415+00:00,107.922,4,2,customers-service|api-gateway,False,GET,/api/customer/owners,200,1,101.229,1
2026-07-22T21:52:48.308308+00:00,1a7eda8771f05dd5,2026-07-22T21:52:44.256071+00:00,22.325,3,2,visits-service|api-gateway,False,GET,/api/visit/owners/1/pets/1/visits,200,0,0.0,1
2026-07-22T21:52:48.308308+00:00,740ec07bcb4851c7,2026-07-22T21:52:43.922268+00:00,72.412,4,2,api-gateway|vets-service,False,GET,/api/vet/vets,200,1,55.458,1
2026-07-22T21:52:48.308308+00:00,1b59037b6e6bcb80,2026-07-22T21:52:44.093491+00:00,35.48,4,2,customers-service|api-gateway,False,GET,/api/customer/owners/1,200,1,33.154,1
2026-07-22T21:52:48.308308+00:00,609324c242151840,2026-07-22T21:52:43.588797+00:00,21.206,3,2,visits-service|api-gateway,False,GET,/api/visit/owners/1/pets/1/visits,200,0,0.0,1
2026-07-22T21:52:48.308308+00:00,e7756a1a6ae92d7d,2026-07-22T21:52:43.755305+00:00,38.602,4,2,customers-service|api-gateway,False,GET,/api/customer/owners/1,200,1,34.341,1
2026-07-22T21:52:48.308308+00:00,b0e820c92090a30e,2026-07-22T21:52:43.421818+00:00,77.542,4,2,api-gateway|vets-service,False,GET,/api/vet/vets,200,1,66.652,1
2026-07-22T21:52:48.308308+00:00,782a3c60b9e7de71,2026-07-22T21:52:43.255218+00:00,18.631,3,2,visits-service|api-gateway,False,GET,/api/visit/owners/1/pets/1/visits,200,0,0.0,1
2026-07-22T21:52:48.308308+00:00,db7a7a565188fa43,2026-07-22T21:52:43.186975+00:00,12.292,3,2,visits-service|api-gateway,False,GET,/api/visit/owners/1/pets/1/visits,200,0,0.0,1
2026-07-22T21:52:48.308308+00:00,9521867ee09e9ff4,2026-07-22T21:52:43.092483+00:00,33.644,4,2,customers-service|api-gateway,False,GET,/api/customer/owners/1,200,1,31.916,1
2026-07-22T21:52:48.308308+00:00,98f20a6bcaf5ee6b,2026-07-22T21:52:42.755429+00:00,68.221,4,2,api-gateway|vets-service,False,GET,/api/vet/vets,200,1,58.103,1
2026-07-22T21:52:48.308308+00:00,849f1b005cbc9938,2026-07-22T21:52:42.589190+00:00,59.302,4,2,api-gateway|vets-service,False,GET,/api/vet/vets,200,1,46.99,1
2026-07-22T21:52:48.308308+00:00,03c6140d5c81f0f3,2026-07-22T21:52:42.422719+00:00,79.248,4,2,api-gateway|vets-service,False,GET,/api/vet/vets,200,1,66.297,1
2026-07-22T21:52:48.308308+00:00,071d6a65fc4b8ed7,2026-07-22T21:52:42.088522+00:00,77.314,4,2,api-gateway|vets-service,False,GET,/api/vet/vets,200,1,65.74,1
2026-07-22T21:52:48.308308+00:00,c65fbf278a80df80,2026-07-22T21:52:42.255968+00:00,49.227,4,2,customers-service|api-gateway,False,GET,/api/customer/owners/1,200,1,41.981,1
2026-07-22T21:52:48.308308+00:00,266af4fef4e6358f,2026-07-22T21:52:41.992266+00:00,7.453,3,2,visits-service|api-gateway,False,GET,/api/visit/owners/1/pets/1/visits,200,0,0.0,1
2026-07-22T21:52:48.308308+00:00,6b7e5dd962200a03,2026-07-22T21:52:41.922173+00:00,109.775,4,2,customers-service|api-gateway,False,GET,/api/customer/owners,200,1,101.394,1
2026-07-22T21:52:48.308308+00:00,f73a728082650ce4,2026-07-22T21:52:41.588981+00:00,24.092,3,2,visits-service|api-gateway,False,GET,/api/visit/owners/1/pets/1/visits,200,0,0.0,1
2026-07-22T21:52:48.308308+00:00,4b5afa6b25af1bbc,2026-07-22T21:52:41.648900+00:00,61.707,4,2,api-gateway|vets-service,False,GET,/api/vet/vets,200,1,60.316,1
2026-07-22T21:52:48.308308+00:00,166027aa4cc822ea,2026-07-22T21:52:41.478556+00:00,75.68,4,2,api-gateway|vets-service,False,GET,/api/vet/vets,200,1,74.071,1
2026-07-22T21:52:48.308308+00:00,f4499a77c60e7a16,2026-07-22T21:52:41.091083+00:00,105.674,4,2,customers-service|api-gateway,False,GET,/api/customer/owners,200,1,101.404,1
2026-07-22T21:52:48.308308+00:00,85d2184cbdee33b5,2026-07-22T21:52:40.967308+00:00,51.753,4,2,api-gateway|vets-service,False,GET,/api/vet/vets,200,1,50.625,1
2026-07-22T21:52:48.308308+00:00,1d21ad42026d1453,2026-07-22T21:52:40.922566+00:00,91.198,4,2,customers-service|api-gateway,False,GET,/api/customer/owners,200,1,85.128,1
2026-07-22T21:52:48.308308+00:00,80774be9160ba4f2,2026-07-22T21:52:40.422313+00:00,22.173,3,2,visits-service|api-gateway,False,GET,/api/visit/owners/1/pets/1/visits,200,0,0.0,1
2026-07-22T21:52:48.308308+00:00,9557dabe4bced44c,2026-07-22T21:52:40.588609+00:00,40.679,4,2,customers-service|api-gateway,False,GET,/api/customer/owners/1,200,1,34.138,1
2026-07-22T21:52:48.308308+00:00,f76168ad8d971f2f,2026-07-22T21:52:40.452186+00:00,65.94,4,2,api-gateway|vets-service,False,GET,/api/vet/vets,200,1,64.399,1
2026-07-22T21:52:48.308308+00:00,7002ca825e775a37,2026-07-22T21:52:40.091712+00:00,31.145,4,2,customers-service|api-gateway,False,GET,/api/customer/owners/1,200,1,28.83,1
2026-07-22T21:52:48.308308+00:00,7263920726701d42,2026-07-22T21:52:39.922804+00:00,39.141,4,2,customers-service|api-gateway,False,GET,/api/customer/owners/1,200,1,36.052,1
2026-07-22T21:52:48.308308+00:00,6b8a10f0ee597187,2026-07-22T21:52:39.588776+00:00,24.467,3,2,visits-service|api-gateway,False,GET,/api/visit/owners/1/pets/1/visits,200,0,0.0,1
2026-07-22T21:52:48.308308+00:00,7dcd1492e7cfbe21,2026-07-22T21:52:39.755373+00:00,86.742,4,2,customers-service|api-gateway,False,GET,/api/customer/owners,200,1,83.123,1
2026-07-22T21:52:48.308308+00:00,65be689c58b30ad3,2026-07-22T21:52:39.424315+00:00,36.539,4,2,customers-service|api-gateway,False,GET,/api/customer/owners/1,200,1,32.449,1
2026-07-22T21:52:48.308308+00:00,1a21164edadf9e9e,2026-07-22T21:52:39.256004+00:00,81.175,4,2,customers-service|api-gateway,False,GET,/api/customer/owners,200,1,74.747,1
2026-07-22T21:52:48.308308+00:00,3bc6e1f6210d0131,2026-07-22T21:52:39.088575+00:00,74.449,4,2,api-gateway|vets-service,False,GET,/api/vet/vets,200,1,62.514,1
2026-07-22T21:52:48.308308+00:00,e6da3c310166c08e,2026-07-22T21:52:38.922192+00:00,104.074,4,2,customers-service|api-gateway,False,GET,/api/customer/owners,200,1,96.814,1
2026-07-22T21:52:48.308308+00:00,70f87e364665f39d,2026-07-22T21:52:38.755915+00:00,112.64,4,2,customers-service|api-gateway,False,GET,/api/customer/owners,200,1,105.143,1
2026-07-22T21:52:48.308308+00:00,2dc412e65d5eb1f8,2026-07-22T21:52:38.745799+00:00,68.18,4,2,api-gateway|vets-service,False,GET,/api/vet/vets,200,1,66.641,1
2026-07-22T21:52:48.308308+00:00,808605783af749f7,2026-07-22T21:52:38.574888+00:00,70.881,4,2,api-gateway|vets-service,False,GET,/api/vet/vets,200,1,69.32,1
2026-07-22T21:52:48.308308+00:00,af0fdf071eb08bb8,2026-07-22T21:52:38.257950+00:00,46.237,4,2,customers-service|api-gateway,False,GET,/api/customer/owners/1,200,1,41.63,1
2026-07-22T21:52:48.308308+00:00,b0aacfe2929bdc54,2026-07-22T21:52:38.241186+00:00,8.015,3,2,visits-service|api-gateway,False,GET,/api/visit/owners/1/pets/1/visits,200,0,0.0,1
2026-07-22T21:52:48.308308+00:00,c53623daa75c12d6,2026-07-22T21:52:38.062768+00:00,8.112,3,2,visits-service|api-gateway,False,GET,/api/visit/owners/1/pets/1/visits,200,0,0.0,1
2026-07-22T21:52:48.308308+00:00,ea020c4dd00c012d,2026-07-22T21:52:37.892851+00:00,7.557,3,2,visits-service|api-gateway,False,GET,/api/visit/owners/1/pets/1/visits,200,0,0.0,1
2026-07-22T21:52:48.308308+00:00,858cf850054e41f7,2026-07-22T21:52:37.588591+00:00,18.667,3,2,visits-service|api-gateway,False,GET,/api/visit/owners/1/pets/1/visits,200,0,0.0,1
2026-07-22T21:52:48.308308+00:00,5f75dadb9fdeb1c3,2026-07-22T21:52:37.421969+00:00,90.309,4,2,customers-service|api-gateway,False,GET,/api/customer/owners,200,1,85.549,1
2026-07-22T21:52:48.308308+00:00,50dfb05cb834527c,2026-07-22T21:52:37.255210+00:00,23.368,3,2,visits-service|api-gateway,False,GET,/api/visit/owners/1/pets/1/visits,200,0,0.0,1
2026-07-22T21:52:48.308308+00:00,5e5195a5959e8e87,2026-07-22T21:52:37.088097+00:00,73.471,4,2,api-gateway|vets-service,False,GET,/api/vet/vets,200,1,62.594,1
2026-07-22T21:52:48.308308+00:00,625d72d86a0497ad,2026-07-22T21:52:36.922958+00:00,94.336,4,2,customers-service|api-gateway,False,GET,/api/customer/owners,200,1,89.289,1
2026-07-22T21:52:48.308308+00:00,8a22b50e1c387299,2026-07-22T21:52:36.755465+00:00,88.64,4,2,customers-service|api-gateway,False,GET,/api/customer/owners,200,1,84.359,1
2026-07-22T21:52:48.308308+00:00,59d21c2cf514c197,2026-07-22T21:52:36.695443+00:00,63.051,4,2,api-gateway|vets-service,False,GET,/api/vet/vets,200,1,61.772,1
2026-07-22T21:52:48.308308+00:00,cfaf20e9da2827d8,2026-07-22T21:52:36.421606+00:00,40.009,4,2,customers-service|api-gateway,False,GET,/api/customer/owners/1,200,1,33.247,1
2026-07-22T21:52:48.308308+00:00,fd3590672b28ab8f,2026-07-22T21:52:36.255579+00:00,26.656,3,2,visits-service|api-gateway,False,GET,/api/visit/owners/1/pets/1/visits,200,0,0.0,1
2026-07-22T21:52:48.308308+00:00,4ebe26436b98635f,2026-07-22T21:52:36.088489+00:00,64.14,4,2,api-gateway|vets-service,False,GET,/api/vet/vets,200,1,51.962,1
2026-07-22T21:52:48.308308+00:00,1e7186174f27d8b2,2026-07-22T21:52:35.922608+00:00,42.717,4,2,customers-service|api-gateway,False,GET,/api/customer/owners/1,200,1,35.457,1
2026-07-22T21:52:48.308308+00:00,f3c664da7b6e15ec,2026-07-22T21:52:35.844127+00:00,9.993,3,2,visits-service|api-gateway,False,GET,/api/visit/owners/1/pets/1/visits,200,0,0.0,1
2026-07-22T21:52:48.308308+00:00,c30f81ec9191c569,2026-07-22T21:52:35.587929+00:00,29.226,4,2,customers-service|api-gateway,False,GET,/api/customer/owners/1,200,1,25.68,1
2026-07-22T21:52:48.308308+00:00,2a919d42e08de99a,2026-07-22T21:52:35.504245+00:00,65.321,4,2,api-gateway|vets-service,False,GET,/api/vet/vets,200,1,63.925,1
2026-07-22T21:52:48.308308+00:00,15958f264ec0faba,2026-07-22T21:52:35.255436+00:00,32.622,4,2,customers-service|api-gateway,False,GET,/api/customer/owners/1,200,1,28.462,1
2026-07-22T21:52:48.308308+00:00,7da9b377c5756eb3,2026-07-22T21:52:35.160499+00:00,11.138,3,2,visits-service|api-gateway,False,GET,/api/visit/owners/1/pets/1/visits,200,0,0.0,1
2026-07-22T21:52:48.308308+00:00,587c4a21375aa955,2026-07-22T21:52:34.923659+00:00,32.402,4,2,customers-service|api-gateway,False,GET,/api/customer/owners/1,200,1,29.457,1
2026-07-22T21:52:48.308308+00:00,1e91034383ac4778,2026-07-22T21:52:34.755467+00:00,104.347,4,2,customers-service|api-gateway,False,GET,/api/customer/owners,200,1,97.332,1
2026-07-22T21:52:48.308308+00:00,0ae0bb6d37f40e62,2026-07-22T21:52:34.588442+00:00,23.542,3,2,visits-service|api-gateway,False,GET,/api/visit/owners/1/pets/1/visits,200,0,0.0,1
2026-07-22T21:52:48.308308+00:00,fba1fc84ebd8137a,2026-07-22T21:52:34.422286+00:00,88.401,4,2,customers-service|api-gateway,False,GET,/api/customer/owners,200,1,83.193,1
2026-07-22T21:52:48.308308+00:00,4ad898d87e8274f8,2026-07-22T21:52:34.255670+00:00,31.242,4,2,customers-service|api-gateway,False,GET,/api/customer/owners/1,200,1,27.283,1
2026-07-22T21:52:48.308308+00:00,a95d1b1d85362bcf,2026-07-22T21:52:34.088875+00:00,38.678,4,2,customers-service|api-gateway,False,GET,/api/customer/owners/1,200,1,33.125,1
2026-07-22T21:52:48.308308+00:00,5e71a2d228136fe5,2026-07-22T21:52:33.925484+00:00,94.498,4,2,customers-service|api-gateway,False,GET,/api/customer/owners,200,1,90.472,1
2026-07-22T21:52:48.308308+00:00,f040590671495f19,2026-07-22T21:52:33.796192+00:00,7.43,3,2,visits-service|api-gateway,False,GET,/api/visit/owners/1/pets/1/visits,200,0,0.0,1
2026-07-22T21:52:48.308308+00:00,35cf871add41ab40,2026-07-22T21:52:33.588889+00:00,48.431,4,2,customers-service|api-gateway,False,GET,/api/customer/owners/1,200,1,41.66,1
2026-07-22T21:52:48.308308+00:00,525e0360c7bf8430,2026-07-22T21:52:33.422623+00:00,25.845,3,2,visits-service|api-gateway,False,GET,/api/visit/owners/1/pets/1/visits,200,0,0.0,1
2026-07-22T21:52:48.308308+00:00,143c4facea121f5c,2026-07-22T21:52:33.285904+00:00,63.339,4,2,api-gateway|vets-service,False,GET,/api/vet/vets,200,1,61.876,1
2026-07-22T21:52:48.308308+00:00,b36f3b52c1a1cfee,2026-07-22T21:52:33.089399+00:00,75.852,4,2,api-gateway|vets-service,False,GET,/api/vet/vets,200,1,64.389,1
2026-07-22T21:52:48.308308+00:00,e30f90f6575c3668,2026-07-22T21:52:32.944231+00:00,65.344,4,2,api-gateway|vets-service,False,GET,/api/vet/vets,200,1,63.899,1
2026-07-22T21:52:48.308308+00:00,c925ae3ffeeeaa8e,2026-07-22T21:52:32.756781+00:00,30.566,4,2,customers-service|api-gateway,False,GET,/api/customer/owners/1,200,1,27.95,1
2026-07-22T21:52:48.308308+00:00,2c2ed62db2e12ca9,2026-07-22T21:52:31.411220+00:00,23.324,3,2,visits-service|api-gateway,False,GET,/api/visit/owners/1/pets/1/visits,200,0,0.0,1
2026-07-22T21:52:48.308308+00:00,bc062a6d04d8bd08,2026-07-22T21:52:32.261630+00:00,55.974,4,2,api-gateway|vets-service,False,GET,/api/vet/vets,200,1,54.848,1
2026-07-22T21:52:48.308308+00:00,90385ff7f06d5856,2026-07-22T21:52:31.077337+00:00,78.757,4,2,api-gateway|vets-service,False,GET,/api/vet/vets,200,1,52.362,1
2026-07-22T21:52:48.308308+00:00,c34813d5e29fb467,2026-07-22T21:52:30.910873+00:00,73.459,4,2,api-gateway|vets-service,False,GET,/api/vet/vets,200,1,62.346,1
2026-07-22T21:52:48.308308+00:00,0955dfeedeec1adc,2026-07-22T21:52:30.743733+00:00,72.177,4,2,api-gateway|vets-service,False,GET,/api/vet/vets,200,1,60.833,1
2026-07-22T21:52:48.308308+00:00,c862fbae751a0fc7,2026-07-22T21:52:30.578052+00:00,76.574,4,2,api-gateway|vets-service,False,GET,/api/vet/vets,200,1,63.348,1
2026-07-22T21:52:48.308308+00:00,665468047f61bedd,2026-07-22T21:52:31.577675+00:00,90.165,4,2,customers-service|api-gateway,False,GET,/api/customer/owners,200,1,83.719,1
2026-07-22T21:52:48.308308+00:00,2abfd3f04bbaaee2,2026-07-22T21:52:30.244437+00:00,68.798,4,2,api-gateway|vets-service,False,GET,/api/vet/vets,200,1,57.583,1
2026-07-22T21:52:48.308308+00:00,183c3275b199c077,2026-07-22T21:52:30.076985+00:00,66.012,4,2,api-gateway|vets-service,False,GET,/api/vet/vets,200,1,56.86,1
2026-07-22T21:52:48.308308+00:00,f59181cd6b7632a9,2026-07-22T21:52:29.744409+00:00,19.412,3,2,visits-service|api-gateway,False,GET,/api/visit/owners/1/pets/1/visits,200,0,0.0,1
2026-07-22T21:52:48.308308+00:00,976fef458d83120a,2026-07-22T21:52:29.576931+00:00,22.215,3,2,visits-service|api-gateway,False,GET,/api/visit/owners/1/pets/1/visits,200,0,0.0,1
2026-07-22T21:52:48.308308+00:00,0f4a7e103e1428ed,2026-07-22T21:52:30.410452+00:00,47.508,4,2,customers-service|api-gateway,False,GET,/api/customer/owners/1,200,1,39.6,1
2026-07-22T21:52:48.308308+00:00,19649fe3629f5328,2026-07-22T21:52:29.243835+00:00,68.267,4,2,api-gateway|vets-service,False,GET,/api/vet/vets,200,1,57.638,1
2026-07-22T21:52:48.308308+00:00,314b678c902980cd,2026-07-22T21:52:29.080145+00:00,19.962,3,2,visits-service|api-gateway,False,GET,/api/visit/owners/1/pets/1/visits,200,0,0.0,1
2026-07-22T21:52:48.308308+00:00,25137223ff99bec2,2026-07-22T21:52:29.910503+00:00,40.748,4,2,customers-service|api-gateway,False,GET,/api/customer/owners/1,200,1,35.136,1
2026-07-22T21:52:48.308308+00:00,49e5666311b3e05d,2026-07-22T21:52:29.700285+00:00,47.513,4,2,api-gateway|vets-service,False,GET,/api/vet/vets,200,1,46.161,1
2026-07-22T21:52:48.308308+00:00,30b9a8a2383c77b8,2026-07-22T21:52:29.411647+00:00,43.0,4,2,customers-service|api-gateway,False,GET,/api/customer/owners/1,200,1,36.649,1
2026-07-22T21:52:48.308308+00:00,cf2f01a6ba9fa24b,2026-07-22T21:52:29.358849+00:00,70.086,4,2,api-gateway|vets-service,False,GET,/api/vet/vets,200,1,68.43,1
2026-07-22T21:52:48.308308+00:00,65a1e51f20f4b2d1,2026-07-22T21:52:28.244372+00:00,49.715,3,2,visits-service|api-gateway,False,GET,/api/visit/owners/1/pets/1/visits,200,0,0.0,1
2026-07-22T21:52:48.308308+00:00,dd629e534fff60b5,2026-07-22T21:52:28.910858+00:00,82.867,4,2,customers-service|api-gateway,False,GET,/api/customer/owners,200,1,77.154,1
2026-07-22T21:52:48.308308+00:00,2a09ddf37225ea2a,2026-07-22T21:52:28.577051+00:00,94.286,4,2,customers-service|api-gateway,False,GET,/api/customer/owners,200,1,88.544,1
2026-07-22T21:52:48.308308+00:00,8263a70fe38c00ef,2026-07-22T21:52:27.410691+00:00,27.724,3,2,visits-service|api-gateway,False,GET,/api/visit/owners/1/pets/1/visits,200,0,0.0,1
2026-07-22T21:52:48.308308+00:00,0c0da213ad97959e,2026-07-22T21:52:28.077859+00:00,92.153,4,2,customers-service|api-gateway,False,GET,/api/customer/owners,200,1,87.495,1
2026-07-22T21:52:48.308308+00:00,a400d2b003311f41,2026-07-22T21:52:27.910474+00:00,110.566,4,2,customers-service|api-gateway,False,GET,/api/customer/owners,200,1,103.404,1
2026-07-22T21:52:48.308308+00:00,ae76b4ffce76787c,2026-07-22T21:52:27.817011+00:00,12.293,3,2,visits-service|api-gateway,False,GET,/api/visit/owners/1/pets/1/visits,200,0,0.0,1
2026-07-22T21:52:48.308308+00:00,b0c2a7900b5db321,2026-07-22T21:52:27.744501+00:00,85.871,4,2,customers-service|api-gateway,False,GET,/api/customer/owners,200,1,80.995,1
2026-07-22T21:52:48.308308+00:00,bce5e7305dc652a2,2026-07-22T21:52:27.579435+00:00,31.263,4,2,customers-service|api-gateway,False,GET,/api/customer/owners/1,200,1,27.788,1
2026-07-22T21:52:48.308308+00:00,025ff5fdbaebdca3,2026-07-22T21:52:27.303282+00:00,68.868,4,2,api-gateway|vets-service,False,GET,/api/vet/vets,200,1,67.218,1
2026-07-22T21:52:48.308308+00:00,24e368eb708b8d29,2026-07-22T21:52:27.244339+00:00,38.072,4,2,customers-service|api-gateway,False,GET,/api/customer/owners/1,200,1,33.258,1
2026-07-22T21:52:48.308308+00:00,57ce80e9ad3d5bcd,2026-07-22T21:52:27.077643+00:00,38.546,4,2,customers-service|api-gateway,False,GET,/api/customer/owners/1,200,1,34.061,1
2026-07-22T21:52:48.308308+00:00,a96742cee6e55faa,2026-07-22T21:52:26.745678+00:00,33.655,4,2,customers-service|api-gateway,False,GET,/api/customer/owners/1,200,1,30.804,1
2026-07-22T21:52:48.308308+00:00,1c650629456f2e57,2026-07-22T21:52:26.620809+00:00,66.758,4,2,api-gateway|vets-service,False,GET,/api/vet/vets,200,1,65.322,1
2026-07-22T21:52:48.308308+00:00,5b6104bc4fc0f7f7,2026-07-22T21:52:26.577465+00:00,89.87,4,2,customers-service|api-gateway,False,GET,/api/customer/owners,200,1,85.77,1
2026-07-22T21:52:48.308308+00:00,bb4d4669ee35fbb3,2026-07-22T21:52:25.410349+00:00,24.974,3,2,visits-service|api-gateway,False,GET,/api/visit/owners/1/pets/1/visits,200,0,0.0,1
2026-07-22T21:52:48.308308+00:00,ba2957b78324d4b6,2026-07-22T21:52:26.243361+00:00,90.492,4,2,customers-service|api-gateway,False,GET,/api/customer/owners,200,1,86.28,1
2026-07-22T21:52:48.308308+00:00,885e8e413df9e03e,2026-07-22T21:52:26.077286+00:00,91.245,4,2,customers-service|api-gateway,False,GET,/api/customer/owners,200,1,85.857,1
2026-07-22T21:52:48.308308+00:00,ead3fcbbe836b79f,2026-07-22T21:52:25.910227+00:00,33.037,4,2,customers-service|api-gateway,False,GET,/api/customer/owners/1,200,1,28.792,1
2026-07-22T21:52:48.308308+00:00,3838248568b638da,2026-07-22T21:52:25.764643+00:00,55.235,4,2,api-gateway|vets-service,False,GET,/api/vet/vets,200,1,53.868,1
2026-07-22T21:52:48.308308+00:00,7bdca83b7eab3359,2026-07-22T21:52:25.577967+00:00,85.171,4,2,customers-service|api-gateway,False,GET,/api/customer/owners,200,1,82.527,1
2026-07-22T21:52:48.308308+00:00,6ee9a6fc5ea2b592,2026-07-22T21:52:24.410598+00:00,23.03,3,2,visits-service|api-gateway,False,GET,/api/visit/owners/1/pets/1/visits,200,0,0.0,1
2026-07-22T21:52:48.308308+00:00,2d99bdd6aeaeae9f,2026-07-22T21:52:25.244403+00:00,40.285,4,2,customers-service|api-gateway,False,GET,/api/customer/owners/1,200,1,35.282,1
2026-07-22T21:52:48.308308+00:00,9a7e0b75ca1451cd,2026-07-22T21:52:25.080225+00:00,37.9,4,2,api-gateway|vets-service,False,GET,/api/vet/vets,200,1,36.47,1
2026-07-22T21:52:48.308308+00:00,785413e673f9b54a,2026-07-22T21:52:25.077663+00:00,85.678,4,2,customers-service|api-gateway,False,GET,/api/customer/owners,200,1,81.717,1
2026-07-22T21:52:48.308308+00:00,cc5c8c479211ba8e,2026-07-22T21:52:24.077720+00:00,53.101,4,2,api-gateway|vets-service,False,GET,/api/vet/vets,200,1,41.765,1
2026-07-22T21:52:48.308308+00:00,c972c101c5acbeb6,2026-07-22T21:52:24.744202+00:00,45.657,4,2,customers-service|api-gateway,False,GET,/api/customer/owners/1,200,1,41.633,1
2026-07-22T21:52:48.308308+00:00,41bd930208b3b972,2026-07-22T21:52:24.737055+00:00,59.782,4,2,api-gateway|vets-service,False,GET,/api/vet/vets,200,1,58.193,1
2026-07-22T21:52:48.308308+00:00,ae1bdcb3a9feb3d1,2026-07-22T21:52:24.577413+00:00,42.537,4,2,customers-service|api-gateway,False,GET,/api/customer/owners/1,200,1,35.05,1
2026-07-22T21:52:48.308308+00:00,380f7a401ae07f27,2026-07-22T21:52:24.397008+00:00,58.742,4,2,api-gateway|vets-service,False,GET,/api/vet/vets,200,1,57.004,1
2026-07-22T21:52:48.308308+00:00,2d24fa84c3b02ff0,2026-07-22T21:52:23.410608+00:00,23.361,3,2,visits-service|api-gateway,False,GET,/api/visit/owners/1/pets/1/visits,200,0,0.0,1
2026-07-22T21:52:48.308308+00:00,973b0224b494319f,2026-07-22T21:52:24.053411+00:00,57.608,4,2,api-gateway|vets-service,False,GET,/api/vet/vets,200,1,56.322,1
2026-07-22T21:52:48.308308+00:00,97e4671f1ca81d0f,2026-07-22T21:52:23.077374+00:00,72.13,4,2,api-gateway|vets-service,False,GET,/api/vet/vets,200,1,57.552,1
2026-07-22T21:52:48.308308+00:00,30dd74ce43f1c58a,2026-07-22T21:52:23.744198+00:00,34.843,4,2,customers-service|api-gateway,False,GET,/api/customer/owners/1,200,1,30.503,1
2026-07-22T21:52:48.308308+00:00,74f10947871ef492,2026-07-22T21:52:23.711350+00:00,66.227,4,2,api-gateway|vets-service,False,GET,/api/vet/vets,200,1,64.925,1
2026-07-22T21:52:48.308308+00:00,572ccc8733205d1c,2026-07-22T21:52:22.077427+00:00,69.66,4,2,api-gateway|vets-service,False,GET,/api/vet/vets,200,1,57.571,1
2026-07-22T21:52:48.308308+00:00,f7c8b4674dcea00e,2026-07-22T21:52:22.744485+00:00,94.704,4,2,customers-service|api-gateway,False,GET,/api/customer/owners,200,1,88.66,1
2026-07-22T21:52:48.308308+00:00,dbe04bea4bd2971c,2026-07-22T21:52:22.684427+00:00,67.141,4,2,api-gateway|vets-service,False,GET,/api/vet/vets,200,1,65.592,1
2026-07-22T21:52:48.308308+00:00,d4be6745bf9247f1,2026-07-22T21:52:22.577946+00:00,50.617,4,2,customers-service|api-gateway,False,GET,/api/customer/owners/1,200,1,44.198,1
2026-07-22T21:52:48.308308+00:00,2657f767229c03db,2026-07-22T21:52:22.410749+00:00,105.989,4,2,customers-service|api-gateway,False,GET,/api/customer/owners,200,1,98.463,1
2026-07-22T21:52:48.308308+00:00,fc8e360d2e63f3a0,2026-07-22T21:52:22.244535+00:00,40.186,4,2,customers-service|api-gateway,False,GET,/api/customer/owners/1,200,1,33.694,1
2026-07-22T21:52:48.308308+00:00,9605a83c664320c5,2026-07-22T21:52:21.410481+00:00,19.276,3,2,visits-service|api-gateway,False,GET,/api/visit/owners/1/pets/1/visits,200,0,0.0,1
2026-07-22T21:52:48.308308+00:00,6ab7b7b8636ca53e,2026-07-22T21:52:21.244376+00:00,23.859,3,2,visits-service|api-gateway,False,GET,/api/visit/owners/1/pets/1/visits,200,0,0.0,1
2026-07-22T21:52:48.308308+00:00,8c654fd299e8ec07,2026-07-22T21:52:21.077597+00:00,74.973,4,2,api-gateway|vets-service,False,GET,/api/vet/vets,200,1,64.377,1
2026-07-22T21:52:48.308308+00:00,6ecfa7ad5c47111d,2026-07-22T21:52:21.747651+00:00,97.644,4,2,customers-service|api-gateway,False,GET,/api/customer/owners,200,1,92.698,1
2026-07-22T21:52:48.308308+00:00,bce3e6173c46221b,2026-07-22T21:52:21.577949+00:00,47.296,4,2,customers-service|api-gateway,False,GET,/api/customer/owners/1,200,1,42.079,1
2026-07-22T21:52:48.308308+00:00,6a1a8e349451f343,2026-07-22T21:52:20.744557+00:00,21.744,3,2,visits-service|api-gateway,False,GET,/api/visit/owners/1/pets/1/visits,200,0,0.0,1
2026-07-22T21:52:48.308308+00:00,e5239da47fa3452d,2026-07-22T21:52:20.577545+00:00,25.544,3,2,visits-service|api-gateway,False,GET,/api/visit/owners/1/pets/1/visits,200,0,0.0,1
2026-07-22T21:52:48.308308+00:00,17f2d810b4d40527,2026-07-22T21:52:20.915280+00:00,91.728,4,2,customers-service|api-gateway,False,GET,/api/customer/owners,200,1,89.933,1
2026-07-22T21:52:48.308308+00:00,ff6bea412e0906ad,2026-07-22T21:52:20.077332+00:00,17.636,3,2,visits-service|api-gateway,False,GET,/api/visit/owners/1/pets/1/visits,200,0,0.0,1
2026-07-22T21:52:48.308308+00:00,4f86164fa94d92e3,2026-07-22T21:52:19.743888+00:00,18.195,3,2,visits-service|api-gateway,False,GET,/api/visit/owners/1/pets/1/visits,200,0,0.0,1
2026-07-22T21:52:48.308308+00:00,7a2974f65697c392,2026-07-22T21:52:20.410994+00:00,41.87,4,2,customers-service|api-gateway,False,GET,/api/customer/owners/1,200,1,35.153,1
2026-07-22T21:52:48.308308+00:00,ad011eeb80e9b7c4,2026-07-22T21:52:19.579272+00:00,24.555,3,2,visits-service|api-gateway,False,GET,/api/visit/owners/1/pets/1/visits,200,0,0.0,1
2026-07-22T21:52:48.308308+00:00,fdf28cf483dcfb02,2026-07-22T21:52:20.244337+00:00,40.649,4,2,customers-service|api-gateway,False,GET,/api/customer/owners/1,200,1,33.932,1
2026-07-22T21:52:48.308308+00:00,1a8769727db13b94,2026-07-22T21:52:19.910571+00:00,33.371,4,2,customers-service|api-gateway,False,GET,/api/customer/owners/1,200,1,28.938,1
2026-07-22T21:52:48.308308+00:00,7768eaf6aa4afc9b,2026-07-22T21:52:19.411020+00:00,89.999,4,2,customers-service|api-gateway,False,GET,/api/customer/owners,200,1,85.625,1
2026-07-22T21:52:48.308308+00:00,496543fd5eb8c929,2026-07-22T21:52:19.244115+00:00,93.623,4,2,customers-service|api-gateway,False,GET,/api/customer/owners,200,1,89.368,1
2026-07-22T21:52:48.308308+00:00,ec0919c61b4ae7d6,2026-07-22T21:52:18.577948+00:00,23.641,3,2,visits-service|api-gateway,False,GET,/api/visit/owners/1/pets/1/visits,200,0,0.0,1
2026-07-22T21:52:48.308308+00:00,39f0993996e39154,2026-07-22T21:52:19.077590+00:00,91.64,4,2,customers-service|api-gateway,False,GET,/api/customer/owners,200,1,86.478,1
2026-07-22T21:52:48.308308+00:00,cd49b69600ac9491,2026-07-22T21:52:18.915048+00:00,86.939,4,2,customers-service|api-gateway,False,GET,/api/customer/owners,200,1,85.007,1
2026-07-22T21:52:48.308308+00:00,ab2d6b322131c243,2026-07-22T21:52:18.744637+00:00,39.887,4,2,customers-service|api-gateway,False,GET,/api/customer/owners/1,200,1,33.196,1
2026-07-22T21:52:48.308308+00:00,7e48102ae73fac42,2026-07-22T21:52:18.560054+00:00,11.596,3,2,visits-service|api-gateway,False,GET,/api/visit/owners/1/pets/1/visits,200,0,0.0,1
2026-07-22T21:52:48.308308+00:00,4316339395223945,2026-07-22T21:52:18.412925+00:00,38.088,4,2,customers-service|api-gateway,False,GET,/api/customer/owners/1,200,1,34.086,1
2026-07-22T21:52:48.308308+00:00,e3e4cf6237affee5,2026-07-22T21:52:18.244327+00:00,42.63,4,2,customers-service|api-gateway,False,GET,/api/customer/owners/1,200,1,35.375,1
2026-07-22T21:52:48.308308+00:00,7ceaacdec230cc70,2026-07-22T21:52:18.211903+00:00,56.585,4,2,api-gateway|vets-service,False,GET,/api/vet/vets,200,1,55.22,1
2026-07-22T21:52:48.308308+00:00,91b4e505770b6f45,2026-07-22T21:52:18.077562+00:00,102.079,4,2,customers-service|api-gateway,False,GET,/api/customer/owners,200,1,94.859,1
2026-07-22T21:52:48.308308+00:00,7e97ebc8d56f780d,2026-07-22T21:52:18.040191+00:00,11.254,3,2,visits-service|api-gateway,False,GET,/api/visit/owners/1/pets/1/visits,200,0,0.0,1
2026-07-22T21:52:48.308308+00:00,edd0963de264e92c,2026-07-22T21:52:17.744139+00:00,102.604,4,2,customers-service|api-gateway,False,GET,/api/customer/owners,200,1,95.527,1
2026-07-22T21:52:48.308308+00:00,ba661f9bfda4f85d,2026-07-22T21:52:17.351557+00:00,11.811,3,2,visits-service|api-gateway,False,GET,/api/visit/owners/1/pets/1/visits,200,0,0.0,1
2026-07-22T21:52:48.308308+00:00,ac825403ec28288a,2026-07-22T21:52:17.245879+00:00,28.678,4,2,customers-service|api-gateway,False,GET,/api/customer/owners/1,200,1,25.86,1
2026-07-22T21:52:48.308308+00:00,d06868b08c77c75b,2026-07-22T21:52:17.077446+00:00,90.885,4,2,customers-service|api-gateway,False,GET,/api/customer/owners,200,1,86.946,1
2026-07-22T21:52:48.308308+00:00,53639ce96a9de388,2026-07-22T21:52:17.007812+00:00,65.496,4,2,api-gateway|vets-service,False,GET,/api/vet/vets,200,1,64.114,1
2026-07-22T21:52:48.308308+00:00,f17d0f93dab85397,2026-07-22T21:52:16.914760+00:00,89.289,4,2,customers-service|api-gateway,False,GET,/api/customer/owners,200,1,86.927,1
2026-07-22T21:52:48.308308+00:00,2f009d9e85e9046a,2026-07-22T21:52:16.836570+00:00,12.258,3,2,visits-service|api-gateway,False,GET,/api/visit/owners/1/pets/1/visits,200,0,0.0,1
2026-07-22T21:52:48.308308+00:00,cb0455cbabf0c070,2026-07-22T21:52:16.578480+00:00,106.713,4,2,customers-service|api-gateway,False,GET,/api/customer/owners,200,1,75.466,1
2026-07-22T21:52:48.308308+00:00,f7778734ac6e1cc6,2026-07-22T21:52:16.150076+00:00,62.979,4,2,api-gateway|vets-service,False,GET,/api/vet/vets,200,1,61.617,1
2026-07-22T21:52:48.308308+00:00,59da2695d69230db,2026-07-22T21:52:16.077763+00:00,94.218,4,2,customers-service|api-gateway,False,GET,/api/customer/owners,200,1,87.4,1
2026-07-22T21:52:48.308308+00:00,9ef573f1ce738147,2026-07-22T21:52:15.980408+00:00,7.032,3,2,visits-service|api-gateway,False,GET,/api/visit/owners/1/pets/1/visits,200,0,0.0,1
2026-07-22T21:52:48.308308+00:00,605f6188cb6a97dd,2026-07-22T21:52:15.910120+00:00,38.591,4,2,customers-service|api-gateway,False,GET,/api/customer/owners/1,200,1,34.337,1
2026-07-22T21:52:48.308308+00:00,c031e85150c1ecb0,2026-07-22T21:52:15.806309+00:00,12.518,3,2,visits-service|api-gateway,False,GET,/api/visit/owners/1/pets/1/visits,200,0,0.0,1
2026-07-22T21:52:48.308308+00:00,84b2f0909e624efd,2026-07-22T21:52:15.743894+00:00,48.091,4,2,customers-service|api-gateway,False,GET,/api/customer/owners/1,200,1,40.861,1
2026-07-22T21:52:48.308308+00:00,3f853670b027349d,2026-07-22T21:52:15.076930+00:00,55.381,4,2,api-gateway|vets-service,False,GET,/api/vet/vets,200,1,47.352,1
2026-07-22T21:52:48.308308+00:00,d2ad1686aec203e8,2026-07-22T21:52:15.460920+00:00,67.229,4,2,api-gateway|vets-service,False,GET,/api/vet/vets,200,1,65.454,1
2026-07-22T21:52:48.308308+00:00,981f6571ea6c2ceb,2026-07-22T21:52:15.289425+00:00,8.222,3,2,visits-service|api-gateway,False,GET,/api/visit/owners/1/pets/1/visits,200,0,0.0,1
2026-07-22T21:52:48.308308+00:00,95c32cb67c6afef7,2026-07-22T21:52:15.117490+00:00,7.513,3,2,visits-service|api-gateway,False,GET,/api/visit/owners/1/pets/1/visits,200,0,0.0,1
2026-07-22T21:52:48.308308+00:00,0e1fcc81e8d204c4,2026-07-22T21:52:14.945376+00:00,7.228,3,2,visits-service|api-gateway,False,GET,/api/visit/owners/1/pets/1/visits,200,0,0.0,1
2026-07-22T21:52:48.308308+00:00,95a9509db745ac21,2026-07-22T21:52:14.773264+00:00,7.698,3,2,visits-service|api-gateway,False,GET,/api/visit/owners/1/pets/1/visits,200,0,0.0,1
2026-07-22T21:52:48.308308+00:00,4a41cc140b04af5f,2026-07-22T21:52:14.076971+00:00,22.811,3,2,visits-service|api-gateway,False,GET,/api/visit/owners/1/pets/1/visits,200,0,0.0,1
2026-07-22T21:52:48.308308+00:00,5430a8b1c3b3a6b9,2026-07-22T21:52:14.255516+00:00,61.803,4,2,api-gateway|vets-service,False,GET,/api/vet/vets,200,1,60.267,1
2026-07-22T21:52:48.308308+00:00,705500dfbdbc834c,2026-07-22T21:52:14.083525+00:00,64.095,4,2,api-gateway|vets-service,False,GET,/api/vet/vets,200,1,62.355,1
2026-07-22T21:52:48.308308+00:00,dff284af78672fa1,2026-07-22T21:52:13.912303+00:00,84.422,4,2,customers-service|api-gateway,False,GET,/api/customer/owners,200,1,82.461,1
2026-07-22T21:52:48.308308+00:00,b52579f3f66914dd,2026-07-22T21:52:13.910311+00:00,62.768,4,2,api-gateway|vets-service,False,GET,/api/vet/vets,200,1,60.985,1
2026-07-22T21:52:48.308308+00:00,9e87368211ba3e01,2026-07-22T21:52:13.077916+00:00,74.24,4,2,api-gateway|vets-service,False,GET,/api/vet/vets,200,1,60.555,1
2026-07-22T21:52:48.308308+00:00,088138c3a3f8fffb,2026-07-22T21:52:13.244455+00:00,106.062,4,2,customers-service|api-gateway,False,GET,/api/customer/owners,200,1,92.538,1
2026-07-22T21:52:48.308308+00:00,251958dab773d1ad,2026-07-22T21:52:13.039422+00:00,65.416,4,2,api-gateway|vets-service,False,GET,/api/vet/vets,200,1,63.591,1
2026-07-22T21:52:48.308308+00:00,66006e15443949dd,2026-07-22T21:52:12.910774+00:00,34.34,4,2,customers-service|api-gateway,False,GET,/api/customer/owners/1,200,1,29.719,1
2026-07-22T21:52:48.308308+00:00,a99db1a3af3a3bae,2026-07-22T21:52:12.868277+00:00,10.329,3,2,visits-service|api-gateway,False,GET,/api/visit/owners/1/pets/1/visits,200,0,0.0,1
2026-07-22T21:52:48.308308+00:00,66d37d37962ebb98,2026-07-22T21:52:12.745192+00:00,45.134,4,2,customers-service|api-gateway,False,GET,/api/customer/owners/1,200,1,39.365,1
2026-07-22T21:52:48.308308+00:00,bb9fe7ca098fbcba,2026-07-22T21:52:12.246015+00:00,42.78,4,2,customers-service|api-gateway,False,GET,/api/customer/owners/1,200,1,38.032,1
2026-07-22T21:52:48.308308+00:00,7c821cb3122e33ab,2026-07-22T21:52:12.077526+00:00,41.895,4,2,customers-service|api-gateway,False,GET,/api/customer/owners/1,200,1,35.057,1
2026-07-22T21:52:48.308308+00:00,1ecc30df0da876bf,2026-07-22T21:52:11.911059+00:00,28.666,4,2,customers-service|api-gateway,False,GET,/api/customer/owners/1,200,1,23.841,1
2026-07-22T21:52:48.308308+00:00,9c1c4f12b3375935,2026-07-22T21:52:11.743891+00:00,86.072,4,2,customers-service|api-gateway,False,GET,/api/customer/owners,200,1,79.854,1
2026-07-22T21:52:48.308308+00:00,b663ca38774dc860,2026-07-22T21:52:11.650304+00:00,11.081,3,2,visits-service|api-gateway,False,GET,/api/visit/owners/1/pets/1/visits,200,0,0.0,1
2026-07-22T21:52:48.308308+00:00,37dacc53d8230457,2026-07-22T21:52:11.579321+00:00,83.374,4,2,customers-service|api-gateway,False,GET,/api/customer/owners,200,1,80.379,1
2026-07-22T21:52:48.308308+00:00,3dee978058866417,2026-07-22T21:52:11.412740+00:00,94.969,4,2,customers-service|api-gateway,False,GET,/api/customer/owners,200,1,91.743,1
2026-07-22T21:52:48.308308+00:00,f8666ee467914b92,2026-07-22T21:52:11.304929+00:00,66.664,4,2,api-gateway|vets-service,False,GET,/api/vet/vets,200,1,64.88,1
2026-07-22T21:52:48.308308+00:00,fb94d45914596f6e,2026-07-22T21:52:11.130087+00:00,60.203,4,2,api-gateway|vets-service,False,GET,/api/vet/vets,200,1,58.428,1
2026-07-22T21:52:48.308308+00:00,425024e21c5cb8a3,2026-07-22T21:52:11.077705+00:00,39.53,4,2,customers-service|api-gateway,False,GET,/api/customer/owners/1,200,1,34.127,1
2026-07-22T21:52:48.308308+00:00,65b2a618fe0d97cb,2026-07-22T21:52:10.243582+00:00,16.977,3,2,visits-service|api-gateway,False,GET,/api/visit/owners/1/pets/1/visits,200,0,0.0,1
2026-07-22T21:52:48.308308+00:00,4cc2792052772afb,2026-07-22T21:52:10.577514+00:00,34.13,4,2,customers-service|api-gateway,False,GET,/api/customer/owners/1,200,1,29.729,1
2026-07-22T21:52:48.308308+00:00,55f49b6d5e8d172b,2026-07-22T21:52:10.077564+00:00,17.571,3,2,visits-service|api-gateway,False,GET,/api/visit/owners/1/pets/1/visits,200,0,0.0,1
2026-07-22T21:52:48.308308+00:00,05053aaba9d98301,2026-07-22T21:52:10.411160+00:00,96.49,4,2,customers-service|api-gateway,False,GET,/api/customer/owners,200,1,91.251,1
2026-07-22T21:52:48.308308+00:00,d52b2db315b822ff,2026-07-22T21:52:10.265430+00:00,13.741,3,2,visits-service|api-gateway,False,GET,/api/visit/owners/1/pets/1/visits,200,0,0.0,1
2026-07-22T21:52:48.308308+00:00,b3b957cfba619553,2026-07-22T21:52:10.088366+00:00,56.614,4,2,api-gateway|vets-service,False,GET,/api/vet/vets,200,1,55.334,1
2026-07-22T21:52:48.308308+00:00,86ea64bd267cce07,2026-07-22T21:52:09.916272+00:00,7.494,3,2,visits-service|api-gateway,False,GET,/api/visit/owners/1/pets/1/visits,200,0,0.0,1
2026-07-22T21:52:48.308308+00:00,81fd57b9767af0ad,2026-07-22T21:52:09.741978+00:00,16.53,3,2,visits-service|api-gateway,False,GET,/api/visit/owners/1/pets/1/visits,200,0,0.0,1
2026-07-22T21:52:48.308308+00:00,72e7acb72993d551,2026-07-22T21:52:09.244039+00:00,69.416,4,2,api-gateway|vets-service,False,GET,/api/vet/vets,200,1,60.366,1
2026-07-22T21:52:48.308308+00:00,fc76c398b1e3302b,2026-07-22T21:52:09.219945+00:00,12.017,3,2,visits-service|api-gateway,False,GET,/api/visit/owners/1/pets/1/visits,200,0,0.0,1
2026-07-22T21:52:48.308308+00:00,f62166758913fd42,2026-07-22T21:52:09.077456+00:00,82.175,4,2,customers-service|api-gateway,False,GET,/api/customer/owners,200,1,76.734,1
2026-07-22T21:52:48.308308+00:00,c8b39bfb62d9a1de,2026-07-22T21:52:08.743782+00:00,81.9,4,2,customers-service|api-gateway,False,GET,/api/customer/owners,200,1,77.931,1
2026-07-22T21:52:48.308308+00:00,29928ff984d5e5cf,2026-07-22T21:52:08.700572+00:00,12.56,3,2,visits-service|api-gateway,False,GET,/api/visit/owners/1/pets/1/visits,200,0,0.0,1
2026-07-22T21:52:48.308308+00:00,2c67e342bb10bf2a,2026-07-22T21:52:08.577822+00:00,42.504,4,2,customers-service|api-gateway,False,GET,/api/customer/owners/1,200,1,37.078,1
2026-07-22T21:52:48.308308+00:00,a94df7e4ec0a819a,2026-07-22T21:52:08.244364+00:00,85.612,4,2,customers-service|api-gateway,False,GET,/api/customer/owners,200,1,80.313,1
2026-07-22T21:52:48.308308+00:00,32fab4d43941460a,2026-07-22T21:52:08.179640+00:00,7.934,3,2,visits-service|api-gateway,False,GET,/api/visit/owners/1/pets/1/visits,200,0,0.0,1
2026-07-22T21:52:48.308308+00:00,127351cbf9baf747,2026-07-22T21:52:08.077574+00:00,31.436,4,2,customers-service|api-gateway,False,GET,/api/customer/owners/1,200,1,27.057,1
2026-07-22T21:52:48.308308+00:00,d890627233acc67b,2026-07-22T21:52:07.832504+00:00,7.262,3,2,visits-service|api-gateway,False,GET,/api/visit/owners/1/pets/1/visits,200,0,0.0,1
2026-07-22T21:52:48.308308+00:00,05b9fa12df5e568d,2026-07-22T21:52:07.744875+00:00,39.022,4,2,customers-service|api-gateway,False,GET,/api/customer/owners/1,200,1,31.985,1
2026-07-22T21:52:48.308308+00:00,b4befd92f69cfd82,2026-07-22T21:52:07.244739+00:00,19.512,3,2,visits-service|api-gateway,False,GET,/api/visit/owners/1/pets/1/visits,200,0,0.0,1
2026-07-22T21:52:48.308308+00:00,70331b0350ae16d7,2026-07-22T21:52:07.410641+00:00,83.648,4,2,customers-service|api-gateway,False,GET,/api/customer/owners,200,1,79.069,1
2026-07-22T21:52:48.308308+00:00,5c08a53fc8e43305,2026-07-22T21:52:07.137407+00:00,14.222,3,2,visits-service|api-gateway,False,GET,/api/visit/owners/1/pets/1/visits,200,0,0.0,1
2026-07-22T21:52:48.308308+00:00,e7e93e687166dabc,2026-07-22T21:52:07.077903+00:00,104.607,4,2,customers-service|api-gateway,False,GET,/api/customer/owners,200,1,97.492,1
2026-07-22T21:52:48.308308+00:00,656906f41ee7327c,2026-07-22T21:52:06.789539+00:00,72.738,4,2,api-gateway|vets-service,False,GET,/api/vet/vets,200,1,70.905,1
2026-07-22T21:52:48.308308+00:00,8a1f8dbb1b36fc98,2026-07-22T21:52:06.747335+00:00,39.37,4,2,customers-service|api-gateway,False,GET,/api/customer/owners/1,200,1,35.374,1
2026-07-22T21:52:48.308308+00:00,124551ed942449cc,2026-07-22T21:52:06.618407+00:00,7.47,3,2,visits-service|api-gateway,False,GET,/api/visit/owners/1/pets/1/visits,200,0,0.0,1
2026-07-22T21:52:48.308308+00:00,27dcc3ace5229f03,2026-07-22T21:52:06.244576+00:00,22.132,3,2,visits-service|api-gateway,False,GET,/api/visit/owners/1/pets/1/visits,200,0,0.0,1
2026-07-22T21:52:48.308308+00:00,5aa5fd900acf8b22,2026-07-22T21:52:06.077724+00:00,40.684,4,2,customers-service|api-gateway,False,GET,/api/customer/owners/1,200,1,35.034,1
2026-07-22T21:52:48.308308+00:00,b764fb695261eeb7,2026-07-22T21:52:05.912571+00:00,77.757,4,2,customers-service|api-gateway,False,GET,/api/customer/owners,200,1,76.094,1
2026-07-22T21:52:48.308308+00:00,2447588f2dea7ae5,2026-07-22T21:52:05.752317+00:00,12.135,3,2,visits-service|api-gateway,False,GET,/api/visit/owners/1/pets/1/visits,200,0,0.0,1
2026-07-22T21:52:48.308308+00:00,50e8aa02d56e03d1,2026-07-22T21:52:05.744545+00:00,83.339,4,2,customers-service|api-gateway,False,GET,/api/customer/owners,200,1,78.392,1
2026-07-22T21:52:48.308308+00:00,2af23c1e1cff2a24,2026-07-22T21:52:05.411186+00:00,38.581,4,2,customers-service|api-gateway,False,GET,/api/customer/owners/1,200,1,31.788,1
2026-07-22T21:52:48.308308+00:00,528f072f9926b878,2026-07-22T21:52:05.243994+00:00,39.427,4,2,customers-service|api-gateway,False,GET,/api/customer/owners/1,200,1,34.52,1
2026-07-22T21:52:48.308308+00:00,3a280882695d9b18,2026-07-22T21:52:05.077199+00:00,20.407,3,2,visits-service|api-gateway,False,GET,/api/visit/owners/1/pets/1/visits,200,0,0.0,1
2026-07-22T21:52:48.308308+00:00,057fa7b3d0f16375,2026-07-22T21:52:04.913663+00:00,91.588,4,2,customers-service|api-gateway,False,GET,/api/customer/owners,200,1,89.758,1
2026-07-22T21:52:48.308308+00:00,247b44ac20957a4b,2026-07-22T21:52:04.898502+00:00,12.234,3,2,visits-service|api-gateway,False,GET,/api/visit/owners/1/pets/1/visits,200,0,0.0,1
2026-07-22T21:52:48.308308+00:00,56686ea6eb68ce06,2026-07-22T21:52:04.577424+00:00,81.714,4,2,customers-service|api-gateway,False,GET,/api/customer/owners,200,1,76.347,1
2026-07-22T21:52:48.308308+00:00,fc3affc795a6856d,2026-07-22T21:52:04.410091+00:00,68.015,4,2,api-gateway|vets-service,False,GET,/api/vet/vets,200,1,57.98,1
2026-07-22T21:52:48.308308+00:00,c7103a1f7937ef95,2026-07-22T21:52:04.243702+00:00,82.079,4,2,customers-service|api-gateway,False,GET,/api/customer/owners,200,1,77.968,1
2026-07-22T21:52:48.308308+00:00,9aead0eec623a30b,2026-07-22T21:52:04.077307+00:00,15.5,3,2,visits-service|api-gateway,False,GET,/api/visit/owners/1/pets/1/visits,200,0,0.0,1
2026-07-22T21:52:48.308308+00:00,6e230b43a9587538,2026-07-22T21:52:04.043626+00:00,8.013,3,2,visits-service|api-gateway,False,GET,/api/visit/owners/1/pets/1/visits,200,0,0.0,1
2026-07-22T21:52:48.308308+00:00,757b741388b064e5,2026-07-22T21:52:03.744939+00:00,41.101,4,2,customers-service|api-gateway,False,GET,/api/customer/owners/1,200,1,34.641,1
2026-07-22T21:52:48.308308+00:00,2303e31c1c635b30,2026-07-22T21:52:03.701338+00:00,12.666,3,2,visits-service|api-gateway,False,GET,/api/visit/owners/1/pets/1/visits,200,0,0.0,1
2026-07-22T21:52:48.308308+00:00,4940c19593b908a1,2026-07-22T21:52:03.410279+00:00,74.927,4,2,api-gateway|vets-service,False,GET,/api/vet/vets,200,1,53.961,1
2026-07-22T21:52:48.308308+00:00,6c9613d5f5495d6e,2026-07-22T21:52:03.247166+00:00,43.942,4,2,customers-service|api-gateway,False,GET,/api/customer/owners/1,200,1,39.51,1
2026-07-22T21:52:48.308308+00:00,ed7544b5c002a180,2026-07-22T21:52:03.077740+00:00,23.155,3,2,visits-service|api-gateway,False,GET,/api/visit/owners/1/pets/1/visits,200,0,0.0,1
2026-07-22T21:52:48.308308+00:00,da1984da734a8786,2026-07-22T21:52:02.910334+00:00,104.787,4,2,customers-service|api-gateway,False,GET,/api/customer/owners,200,1,96.732,1
2026-07-22T21:52:48.308308+00:00,b4e5d13e535efd7d,2026-07-22T21:52:02.843953+00:00,66.807,4,2,api-gateway|vets-service,False,GET,/api/vet/vets,200,1,65.038,1
2026-07-22T21:52:48.308308+00:00,eac4aac13c84af07,2026-07-22T21:52:02.577601+00:00,101.287,4,2,customers-service|api-gateway,False,GET,/api/customer/owners,200,1,97.207,1
2026-07-22T21:52:48.308308+00:00,0bd295eaa9e65116,2026-07-22T21:52:02.409873+00:00,57.918,4,2,api-gateway|vets-service,False,GET,/api/vet/vets,200,1,46.808,1
2026-07-22T21:52:48.308308+00:00,064f37706fe2162c,2026-07-22T21:52:02.244498+00:00,23.168,3,2,visits-service|api-gateway,False,GET,/api/visit/owners/1/pets/1/visits,200,0,0.0,1
2026-07-22T21:52:48.308308+00:00,546d24b2d5a7f40c,2026-07-22T21:52:02.077618+00:00,25.578,3,2,visits-service|api-gateway,False,GET,/api/visit/owners/1/pets/1/visits,200,0,0.0,1
2026-07-22T21:52:48.308308+00:00,bbcd1a46fcbb36d8,2026-07-22T21:52:01.910763+00:00,103.129,4,2,customers-service|api-gateway,False,GET,/api/customer/owners,200,1,96.253,1
2026-07-22T21:52:48.308308+00:00,4b1cd7fe06a668df,2026-07-22T21:52:01.743833+00:00,105.715,4,2,customers-service|api-gateway,False,GET,/api/customer/owners,200,1,98.454,1
2026-07-22T21:52:48.308308+00:00,8e84934f1f10a689,2026-07-22T21:52:01.647278+00:00,7.26,3,2,visits-service|api-gateway,False,GET,/api/visit/owners/1/pets/1/visits,200,0,0.0,1
2026-07-22T21:52:48.308308+00:00,9f8f997ad1d501e8,2026-07-22T21:52:01.411258+00:00,19.635,3,2,visits-service|api-gateway,False,GET,/api/visit/owners/1/pets/1/visits,200,0,0.0,1
2026-07-22T21:52:48.308308+00:00,3513b87c3ba7e3e0,2026-07-22T21:52:01.243649+00:00,79.08,4,2,api-gateway|vets-service,False,GET,/api/vet/vets,200,1,68.095,1
2026-07-22T21:52:48.308308+00:00,2d217805b9b649bf,2026-07-22T21:52:01.077714+00:00,23.642,3,2,visits-service|api-gateway,False,GET,/api/visit/owners/1/pets/1/visits,200,0,0.0,1
2026-07-22T21:52:48.308308+00:00,563f9c5b093b012c,2026-07-22T21:52:00.910937+00:00,91.051,4,2,customers-service|api-gateway,False,GET,/api/customer/owners,200,1,86.089,1
2026-07-22T21:52:48.308308+00:00,8ed0e9fb853e5d7c,2026-07-22T21:52:00.743989+00:00,36.642,4,2,customers-service|api-gateway,False,GET,/api/customer/owners/1,200,1,31.331,1
2026-07-22T21:52:48.308308+00:00,409901e10bd82560,2026-07-22T21:52:00.577575+00:00,79.448,4,2,customers-service|api-gateway,False,GET,/api/customer/owners,200,1,75.069,1
2026-07-22T21:52:48.308308+00:00,2f2aed779d219865,2026-07-22T21:52:00.410442+00:00,95.407,4,2,customers-service|api-gateway,False,GET,/api/customer/owners,200,1,90.081,1
2026-07-22T21:52:48.308308+00:00,f3a9f9fb8f302c3f,2026-07-22T21:52:00.244486+00:00,77.357,4,2,api-gateway|vets-service,False,GET,/api/vet/vets,200,1,64.964,1
2026-07-22T21:52:48.308308+00:00,e99dc20f0846e12f,2026-07-22T21:52:00.078159+00:00,15.932,3,2,visits-service|api-gateway,False,GET,/api/visit/owners/1/pets/1/visits,200,0,0.0,1
2026-07-22T21:52:48.308308+00:00,476e507746b75f52,2026-07-22T21:51:59.937814+00:00,17.115,3,2,visits-service|api-gateway,False,GET,/api/visit/owners/1/pets/1/visits,200,0,0.0,1
2026-07-22T21:52:48.308308+00:00,5f0ce30a6905ab27,2026-07-22T21:51:59.748278+00:00,113.821,4,2,customers-service|api-gateway,False,GET,/api/customer/owners,200,1,109.331,1
2026-07-22T21:52:48.308308+00:00,5d11de5b580e1d11,2026-07-22T21:51:59.597921+00:00,14.532,3,2,visits-service|api-gateway,False,GET,/api/visit/owners/1/pets/1/visits,200,0,0.0,1
2026-07-22T21:52:48.308308+00:00,5fbbc8a1d13c3547,2026-07-22T21:51:58.271839+00:00,72.794,4,2,api-gateway|vets-service,False,GET,/api/vet/vets,200,1,59.311,1
2026-07-22T21:52:48.308308+00:00,e4fcebfde80a8fe3,2026-07-22T21:51:58.104024+00:00,68.101,4,2,api-gateway|vets-service,False,GET,/api/vet/vets,200,1,57.673,1
2026-07-22T21:52:48.308308+00:00,225b2efffb3c1d02,2026-07-22T21:51:58.912175+00:00,11.754,3,2,visits-service|api-gateway,False,GET,/api/visit/owners/1/pets/1/visits,200,0,0.0,1
2026-07-22T21:52:48.308308+00:00,2756b975e1619c8b,2026-07-22T21:51:57.604403+00:00,85.921,4,2,api-gateway|vets-service,False,GET,/api/vet/vets,200,1,75.436,1
2026-07-22T21:52:48.308308+00:00,923266fa0c73a757,2026-07-22T21:51:58.437600+00:00,48.332,4,2,customers-service|api-gateway,False,GET,/api/customer/owners/1,200,1,41.185,1
2026-07-22T21:52:48.308308+00:00,554d21adc3b0bd35,2026-07-22T21:51:57.273986+00:00,131.461,4,2,api-gateway|vets-service,False,GET,/api/vet/vets,200,1,101.056,1
2026-07-22T21:52:48.308308+00:00,8e248635e37816d1,2026-07-22T21:51:56.937549+00:00,78.032,4,2,api-gateway|vets-service,False,GET,/api/vet/vets,200,1,66.867,1
2026-07-22T21:52:48.308308+00:00,b3598e0e5c14870c,2026-07-22T21:51:57.771102+00:00,32.739,4,2,customers-service|api-gateway,False,GET,/api/customer/owners/1,200,1,28.545,1
2026-07-22T21:52:48.308308+00:00,2bd405ebf73a66ab,2026-07-22T21:51:57.438267+00:00,165.87,4,2,customers-service|api-gateway,False,GET,/api/customer/owners,200,1,159.229,1
2026-07-22T21:52:48.308308+00:00,b8c869760bf26795,2026-07-22T21:51:56.437895+00:00,26.548,3,2,visits-service|api-gateway,False,GET,/api/visit/owners/1/pets/1/visits,200,0,0.0,1
2026-07-22T21:52:48.308308+00:00,062d6dd162857e36,2026-07-22T21:51:56.271222+00:00,73.798,4,2,api-gateway|vets-service,False,GET,/api/vet/vets,200,1,63.655,1
2026-07-22T21:52:48.308308+00:00,161a8a35d11b7af7,2026-07-22T21:51:57.106480+00:00,82.336,4,2,customers-service|api-gateway,False,GET,/api/customer/owners,200,1,79.268,1
2026-07-22T21:52:48.308308+00:00,3ba5455a0f252489,2026-07-22T21:51:55.937454+00:00,71.019,4,2,api-gateway|vets-service,False,GET,/api/vet/vets,200,1,59.727,1
2026-07-22T21:52:48.308308+00:00,95a436a8cd674876,2026-07-22T21:51:56.771526+00:00,88.509,4,2,customers-service|api-gateway,False,GET,/api/customer/owners,200,1,84.479,1
2026-07-22T21:52:48.308308+00:00,77450a4d4807c41d,2026-07-22T21:51:56.689602+00:00,12.154,3,2,visits-service|api-gateway,False,GET,/api/visit/owners/1/pets/1/visits,200,0,0.0,1
2026-07-22T21:52:48.308308+00:00,16ef76a67ec19921,2026-07-22T21:51:56.604554+00:00,102.095,4,2,customers-service|api-gateway,False,GET,/api/customer/owners,200,1,95.893,1
2026-07-22T21:52:48.308308+00:00,4dfca80399105cd6,2026-07-22T21:51:55.604364+00:00,74.044,4,2,api-gateway|vets-service,False,GET,/api/vet/vets,200,1,61.165,1
2026-07-22T21:52:48.308308+00:00,e700b1170b053b20,2026-07-22T21:51:55.437481+00:00,71.641,4,2,api-gateway|vets-service,False,GET,/api/vet/vets,200,1,60.974,1
2026-07-22T21:52:48.308308+00:00,00cb074fdb6ef97d,2026-07-22T21:51:56.104621+00:00,89.702,4,2,customers-service|api-gateway,False,GET,/api/customer/owners,200,1,85.855,1
2026-07-22T21:52:48.308308+00:00,4a8500004bed2e7a,2026-07-22T21:51:55.104486+00:00,73.016,4,2,api-gateway|vets-service,False,GET,/api/vet/vets,200,1,62.95,1
2026-07-22T21:52:48.308308+00:00,639a9221441acc8d,2026-07-22T21:51:55.829800+00:00,11.663,3,2,visits-service|api-gateway,False,GET,/api/visit/owners/1/pets/1/visits,200,0,0.0,1
2026-07-22T21:52:48.308308+00:00,fed7a9e82c07380b,2026-07-22T21:51:54.771796+00:00,77.274,4,2,api-gateway|vets-service,False,GET,/api/vet/vets,200,1,66.027,1
2026-07-22T21:52:48.308308+00:00,ac56bc02c3b9ac02,2026-07-22T21:51:55.271069+00:00,35.277,4,2,customers-service|api-gateway,False,GET,/api/customer/owners/1,200,1,31.118,1
2026-07-22T21:52:48.308308+00:00,a3a43358a1a3b67c,2026-07-22T21:51:54.104536+00:00,19.035,3,2,visits-service|api-gateway,False,GET,/api/visit/owners/1/pets/1/visits,200,0,0.0,1
2026-07-22T21:52:48.308308+00:00,bb73d9a50f53ba0d,2026-07-22T21:51:54.802953+00:00,7.555,3,2,visits-service|api-gateway,False,GET,/api/visit/owners/1/pets/1/visits,200,0,0.0,1
2026-07-22T21:52:48.308308+00:00,a4551f790f3728d8,2026-07-22T21:51:54.604050+00:00,35.337,4,2,customers-service|api-gateway,False,GET,/api/customer/owners/1,200,1,30.095,1
2026-07-22T21:52:48.308308+00:00,678b975d7cb68548,2026-07-22T21:51:54.459520+00:00,8.151,3,2,visits-service|api-gateway,False,GET,/api/visit/owners/1/pets/1/visits,200,0,0.0,1
2026-07-22T21:52:48.308308+00:00,dddf5ec67474fe20,2026-07-22T21:51:54.437946+00:00,49.32,4,2,customers-service|api-gateway,False,GET,/api/customer/owners/1,200,1,41.696,1
2026-07-22T21:52:48.308308+00:00,d2a75efe091ff5e2,2026-07-22T21:51:54.271361+00:00,113.467,4,2,customers-service|api-gateway,False,GET,/api/customer/owners,200,1,106.594,1
2026-07-22T21:52:48.308308+00:00,fbfae958e92a4e52,2026-07-22T21:51:53.271652+00:00,21.546,3,2,visits-service|api-gateway,False,GET,/api/visit/owners/1/pets/1/visits,200,0,0.0,1
2026-07-22T21:52:48.308308+00:00,4dc647ee0005083d,2026-07-22T21:51:53.778252+00:00,5.965,3,2,visits-service|api-gateway,False,GET,/api/visit/owners/1/pets/1/visits,200,0,0.0,1
2026-07-22T21:52:48.308308+00:00,6aa47f500346d688,2026-07-22T21:51:53.771583+00:00,35.776,4,2,customers-service|api-gateway,False,GET,/api/customer/owners/1,200,1,30.652,1
2026-07-22T21:52:48.308308+00:00,d6aa82a41ed83dca,2026-07-22T21:51:53.602637+00:00,12.328,3,2,visits-service|api-gateway,False,GET,/api/visit/owners/1/pets/1/visits,200,0,0.0,1
2026-07-22T21:52:48.308308+00:00,e51bbb4be3e4d76f,2026-07-22T21:51:53.438769+00:00,45.64,4,2,customers-service|api-gateway,False,GET,/api/customer/owners/1,200,1,38.525,1
2026-07-22T21:52:48.308308+00:00,5933960223a4d638,2026-07-22T21:51:53.105075+00:00,37.386,4,2,customers-service|api-gateway,False,GET,/api/customer/owners/1,200,1,30.513,1
2026-07-22T21:52:48.308308+00:00,356ce77ec7ab602d,2026-07-22T21:51:52.271470+00:00,62.115,4,2,api-gateway|vets-service,False,GET,/api/vet/vets,200,1,52.18,1
2026-07-22T21:52:48.308308+00:00,ecea636ea6ed64d0,2026-07-22T21:51:52.745464+00:00,15.056,3,2,visits-service|api-gateway,False,GET,/api/visit/owners/1/pets/1/visits,200,0,0.0,1
2026-07-22T21:52:48.308308+00:00,2b4d6751a5c54969,2026-07-22T21:51:52.604422+00:00,91.213,4,2,customers-service|api-gateway,False,GET,/api/customer/owners,200,1,86.108,1
2026-07-22T21:52:48.308308+00:00,af8203e4ff129160,2026-07-22T21:51:51.771090+00:00,68.755,4,2,api-gateway|vets-service,False,GET,/api/vet/vets,200,1,58.755,1
2026-07-22T21:52:48.308308+00:00,e47857097149d0be,2026-07-22T21:51:52.438350+00:00,42.209,4,2,customers-service|api-gateway,False,GET,/api/customer/owners/1,200,1,35.823,1
2026-07-22T21:52:48.308308+00:00,ba80df40d17f1d66,2026-07-22T21:51:51.438228+00:00,76.88,4,2,api-gateway|vets-service,False,GET,/api/vet/vets,200,1,64.162,1
2026-07-22T21:52:48.308308+00:00,b9e8efa9f9af4b87,2026-07-22T21:51:52.107112+00:00,85.344,4,2,customers-service|api-gateway,False,GET,/api/customer/owners,200,1,81.311,1
2026-07-22T21:52:48.308308+00:00,10672aeb60b02ca2,2026-07-22T21:51:51.105165+00:00,38.491,3,2,visits-service|api-gateway,False,GET,/api/visit/owners/1/pets/1/visits,200,0,0.0,1
2026-07-22T21:52:48.308308+00:00,f0f36ef3bb5da7b5,2026-07-22T21:51:50.938683+00:00,85.145,4,2,api-gateway|vets-service,False,GET,/api/vet/vets,200,1,73.318,1
2026-07-22T21:52:48.308308+00:00,650fba7367e5576b,2026-07-22T21:51:51.604851+00:00,87.047,4,2,customers-service|api-gateway,False,GET,/api/customer/owners,200,1,82.127,1
2026-07-22T21:52:48.308308+00:00,9b5d829a965c401c,2026-07-22T21:51:50.771023+00:00,76.574,4,2,api-gateway|vets-service,False,GET,/api/vet/vets,200,1,64.762,1
2026-07-22T21:52:48.308308+00:00,787891f5852ae5a3,2026-07-22T21:51:50.605246+00:00,74.182,4,2,api-gateway|vets-service,False,GET,/api/vet/vets,200,1,62.451,1
2026-07-22T21:52:48.308308+00:00,da4fad4fd54e2133,2026-07-22T21:51:51.271758+00:00,95.155,4,2,customers-service|api-gateway,False,GET,/api/customer/owners,200,1,89.979,1
2026-07-22T21:52:48.308308+00:00,de3b6faa101a3f98,2026-07-22T21:51:50.270688+00:00,18.893,3,2,visits-service|api-gateway,False,GET,/api/visit/owners/1/pets/1/visits,200,0,0.0,1
2026-07-22T21:52:48.308308+00:00,190de5e2f0748ea0,2026-07-22T21:51:50.105239+00:00,24.686,3,2,visits-service|api-gateway,False,GET,/api/visit/owners/1/pets/1/visits,200,0,0.0,1
2026-07-22T21:52:48.308308+00:00,4e7f66a85fb2b02f,2026-07-22T21:51:49.770387+00:00,73.537,4,2,api-gateway|vets-service,False,GET,/api/vet/vets,200,1,63.397,1
2026-07-22T21:52:48.308308+00:00,c111b70bd765fe56,2026-07-22T21:51:50.437116+00:00,96.292,4,2,customers-service|api-gateway,False,GET,/api/customer/owners,200,1,92.109,1
2026-07-22T21:52:48.308308+00:00,6b7d8d7dd9be183f,2026-07-22T21:51:49.437564+00:00,66.813,4,2,api-gateway|vets-service,False,GET,/api/vet/vets,200,1,55.28,1
2026-07-22T21:52:48.308308+00:00,2731faf6d429bb4d,2026-07-22T21:51:49.271087+00:00,69.886,4,2,api-gateway|vets-service,False,GET,/api/vet/vets,200,1,60.34,1
2026-07-22T21:52:48.308308+00:00,86be3f7c677fdc64,2026-07-22T21:51:49.941325+00:00,32.184,4,2,customers-service|api-gateway,False,GET,/api/customer/owners/1,200,1,30.62,1
2026-07-22T21:52:48.308308+00:00,5b353e8eada190d8,2026-07-22T21:51:48.938816+00:00,68.632,4,2,api-gateway|vets-service,False,GET,/api/vet/vets,200,1,57.243,1
2026-07-22T21:52:48.308308+00:00,fc431ac46957f640,2026-07-22T21:51:49.604908+00:00,106.374,4,2,customers-service|api-gateway,False,GET,/api/customer/owners,200,1,99.775,1
2026-07-22T21:52:48.308308+00:00,01652db0dfe2185c,2026-07-22T21:51:48.770808+00:00,77.975,4,2,api-gateway|vets-service,False,GET,/api/vet/vets,200,1,63.725,1
2026-07-22T21:52:48.308308+00:00,584ad0d9bec87d15,2026-07-22T21:51:49.314729+00:00,64.356,4,2,api-gateway|vets-service,False,GET,/api/vet/vets,200,1,62.873,1
2026-07-22T21:52:48.308308+00:00,6dd0f28176ab5e7b,2026-07-22T21:51:48.437702+00:00,17.464,3,2,visits-service|api-gateway,False,GET,/api/visit/owners/1/pets/1/visits,200,0,0.0,1
2026-07-22T21:52:48.308308+00:00,2ce51670fef1d275,2026-07-22T21:51:49.104248+00:00,45.698,4,2,customers-service|api-gateway,False,GET,/api/customer/owners/1,200,1,41.447,1
2026-07-22T21:52:48.308308+00:00,22eca0aa96bc041a,2026-07-22T21:51:48.270755+00:00,18.773,3,2,visits-service|api-gateway,False,GET,/api/visit/owners/1/pets/1/visits,200,0,0.0,1
2026-07-22T21:52:48.308308+00:00,cea3dcb1dcd4ae5d,2026-07-22T21:51:48.104437+00:00,18.703,3,2,visits-service|api-gateway,False,GET,/api/visit/owners/1/pets/1/visits,200,0,0.0,1
2026-07-22T21:52:48.308308+00:00,be7435f52b48e465,2026-07-22T21:51:47.937863+00:00,95.282,4,2,customers-service|api-gateway,False,GET,/api/customer/owners,200,1,90.351,1
